obs_id,source_id,label,sample,role,bkg_rate_per_pcu,n_event_files,n_events,n_seg,LC_var,LC_se,LC,LC_var_mean_of_ratios,LC_se_mean_of_ratios,HF1_var,HF1_se,HF1,HF1_var_mean_of_ratios,HF1_se_mean_of_ratios,HF2_var,HF2_se,HF2,HF2_var_mean_of_ratios,HF2_se_mean_of_ratios,HF3_var,HF3_se,HF3,HF3_var_mean_of_ratios,HF3_se_mean_of_ratios,NULL_var,NULL_se,NULL,NULL_var_mean_of_ratios,NULL_se_mean_of_ratios,NULL_z,HF1_z,HF2_z,HF3_z,mean_n_on,src_rate_per_pcu,tot_rate_per_pcu,exposure_s,status,n_burst_intervals
90428-01-01-07,GROJ1655-40,BH,S1,S1,23.54019819807933,1.0,1087713.0,168.0,0.021264290618506522,0.0006596844224772771,0.14582280555011456,0.021400290586019673,0.0006723590223419869,0.020324404032159408,0.0018154020085299216,0.14256368412803946,0.020002431359635673,0.0018968272195787719,0.005553519046408594,0.005057723599002461,0.07452193667913223,0.006693935462068438,0.0051847042180526775,0.011425334521340643,0.005698289703810901,0.10688935644553504,0.009171491162752557,0.005930138075638286,0.01885648266245963,0.010668866357185728,0.1373189086122506,0.021725032066848844,0.011359347707637015,1.7674307682895805,11.19553902477927,1.098027390722561,2.0050462709362793,5.0,54.8650845400159,78.40528273809525,2688.0,ok,0
91702-01-81-00,GROJ1655-40,BH,S1,S1,,,,,,,,,,,,,,,,,,,,,,,,,,,,,,,,,,,,,,missing (no qualifying event file),0
91702-01-86-04,GROJ1655-40,BH,S1,S1,,,,,,,,,,,,,,,,,,,,,,,,,,,,,,,,,,,,,,missing (no qualifying event file),0
50703-01-62-01,GRS1915+105,BH,S1,S1,,,,,,,,,,,,,,,,,,,,,,,,,,,,,,,,,,,,,,missing (no qualifying event file),0
70702-01-02-00,GRS1915+105,BH,S1,S1,,,,,,,,,,,,,,,,,,,,,,,,,,,,,,,,,,,,,,missing (no qualifying event file),0
70702-01-21-01,GRS1915+105,BH,S1,S1,,,,,,,,,,,,,,,,,,,,,,,,,,,,,,,,,,,,,,missing (no qualifying event file),0
90701-01-16-00,GRS1915+105,BH,S1,S1,,,,,,,,,,,,,,,,,,,,,,,,,,,,,,,,,,,,,,missing (no qualifying event file),0
92702-01-06-00,GRS1915+105,BH,S1,S1,,,,,,,,,,,,,,,,,,,,,,,,,,,,,,,,,,,,,,missing (no qualifying event file),0
80701-01-53-00,GRS1915+105,BH,S1,S1,,,,,,,,,,,,,,,,,,,,,,,,,,,,,,,,,,,,,,missing (no qualifying event file),0
50135-01-02-00,XTEJ1550-564,BH,S1,S1,,,,,,,,,,,,,,,,,,,,,,,,,,,,,,,,,,,,,,missing (no qualifying event file),0
50135-01-08-00,XTEJ1550-564,BH,S1,S1,24.17523153822514,1.0,419182.0,60.0,0.017994892815112528,0.0010265491116682023,0.13414504394539714,0.0179473491268198,0.001007801516259359,0.017777447683187626,0.0018438714643096126,0.13333209547287414,0.01773815041313004,0.0018292892985081086,0.00507193916544333,0.005884153462942263,0.07121754815663994,0.005129775158258384,0.005882329774169039,0.0010392653103045392,0.007150572327011242,0.03223763810058887,0.0004884232228946034,0.007346920001380367,0.016560906436753346,0.011892915122776205,0.12868918539159904,0.016729146727091537,0.011646119787626348,1.3925018606277142,9.641370359752221,0.8619658201278795,0.1453401577911073,3.0,115.85532401733039,140.03055555555557,960.0,ok,0
50135-01-15-00,XTEJ1550-564,BH,S1,S1,26.902893576582287,1.0,276402.0,87.0,0.018635037258238684,0.003223319084580274,0.13651020935533972,0.01837323755866659,0.0039038748527803497,0.005315121035883722,0.014228983005542333,0.07290487662621563,0.006309900844089347,0.015805674666566447,0.00047713895094846564,0.033854946648989734,0.02184351049965334,-0.01311512705876086,0.041410687397111776,-0.00032667284180472523,0.04095487512732713,-0.018074093111542976,0.01979042385055103,0.04416376717226902,0.11338293396307371,0.07608571138262733,0.3367238244660952,0.15019770951907666,0.0945665260592373,1.490200090170445,0.3735418781379828,0.014093625841312733,-0.007976409176907803,4.0,21.62512366479702,48.52801724137931,1392.0,ok,0
50135-01-19-00,XTEJ1550-564,BH,S1,S1,26.02497284747496,1.0,333425.0,144.0,0.007446059219124722,0.008731137595363545,0.08629055115784533,0.0073103497214293146,0.010017279909456354,0.0339394635928596,0.0420776838474511,0.18422666363167844,0.05859618543586967,0.05244622723370809,0.1850112654887354,0.13233204533655907,0.4301293590174186,0.20770897909666713,0.16759700009507783,0.27245879098865255,0.13327705273401272,0.5219758528788976,0.3361509311136543,0.16067933063756268,0.2494231873304215,0.21378214743306,0.49942285423318533,0.3244098625160406,0.2974183903784781,1.1667166333826893,0.8065905841182729,1.3980836237979823,2.044303842255661,4.0,9.014089652525042,35.0390625,2304.0,ok,0
50135-01-23-00,XTEJ1550-564,BH,S1,S1,28.014288523898625,1.0,223566.0,128.0,-0.010807127951954418,0.02335866283350771,-0.10395733717229591,-0.000562748668836115,0.0282347362170283,0.14254944375764453,0.09530258535030266,0.37755720594056275,0.2729867212162054,0.1208026794005955,0.47394772169509347,0.26740824627571824,0.6884386114208684,0.4962952816506573,0.3283820345251457,0.2485265174502299,0.28854307531719453,0.49852433987743255,0.22126489750367184,0.3759397989020379,0.33070024383784186,0.5201805342384649,0.5750654257020168,0.5071241695737361,0.6516830766098736,0.6357412899388502,1.4957563137839034,1.7723751166836392,0.8613151335447072,3.0,7.866408090684709,35.88069661458333,2048.0,ok,0
50137-02-09-00,XTEJ1550-564,BH,S1,S1,25.673240846952783,1.0,1008667.0,148.0,0.0341457824099539,0.0010254335359392158,0.18478577437117258,0.03281115106009136,0.0009104978469614473,0.019847922776634386,0.0017293444362688373,0.14088265605330696,0.01927955164520153,0.0020192629335426203,-0.006077234656327259,0.004531136594883682,-0.07795662034957171,-0.006130898553154965,0.004944425691979096,0.0072123395610175075,0.005317109440433194,0.08492549417588047,0.006920511835681659,0.00576120429804848,0.005616637809625333,0.008593825309167507,0.07494423132987177,0.012759261604167543,0.009799064429125098,0.6535666722982786,11.47713686202238,-1.3412163877799113,1.3564399307210622,3.0,104.45218145034454,130.1254222972973,2368.0,ok,2
60428-01-03-00,XTEJ1550-564,BH,S1,S1,25.81267217154388,1.0,3952436.0,256.0,0.03401965111501567,0.0005678264999334577,0.18444416801573224,0.03396487141188006,0.0005422570643689109,0.022159461321945573,0.0005022735732169775,0.14886054320049208,0.0220465086233402,0.0005174270571931634,-0.00036065500936701805,0.0010913615002349024,-0.01899091912907372,-0.000796810857307049,0.0011625279629469596,0.0018501980813122943,0.001306007717314175,0.04301392892206308,0.0016555041963726442,0.0014006247504853022,-0.0035360112460332024,0.0022456158929305644,-0.05946436955045603,-0.002970319113444356,0.002290914144144251,-1.5746287052763293,44.11831022687091,-0.33046337926469954,1.4166823494100442,5.0,164.99518915658112,190.80786132812497,4096.0,ok,0
60428-01-05-00,XTEJ1550-564,BH,S1,S1,25.08945928659516,1.0,1569364.0,179.0,0.03345166399330601,0.0006855592611206999,0.18289796060455682,0.033317869696309836,0.0006870340194552665,0.0213555809367848,0.0010605822402828687,0.14613548828667458,0.02107374590517509,0.0011540716354907833,0.005886639020619266,0.00264959706784127,0.07672443561616642,0.006221385881309643,0.0027428743880383564,0.005103736770911775,0.0031667840350408662,0.07144044212427422,0.005453353122827613,0.0032890602886580635,-0.0023977299372315427,0.005861027621113279,-0.0489666206433683,0.0005660770685156748,0.006142127299809568,-0.40909719118097304,20.13571425737719,2.2217110262034447,1.611646615126981,4.0,110.58433610446629,135.67379539106145,2864.0,ok,0
60428-01-09-00,XTEJ1550-564,BH,S1,S1,23.122029297714032,1.0,547702.0,136.0,0.027829472276953232,0.0012018870245343585,0.16682167807857956,0.027929678323850432,0.0013660950937557793,0.006753308494147634,0.004116944851667223,0.08217851601329652,0.006184635870032238,0.00469045938809002,0.004455208507874823,0.011788297329138902,0.06674734832092451,0.008293398786728329,0.01291536478326086,0.020356676094985704,0.013365474303242322,0.14267682395885362,0.01432711476206074,0.01474426740271371,0.031662339492341235,0.02343925546864464,0.17793914547491013,0.042247317818557145,0.02675047104334933,1.3508253081970478,1.6403689477192713,0.3779348606063928,1.523079213885241,3.0,49.57267045718793,72.69469975490198,2176.0,ok,3
60428-01-15-00,XTEJ1550-564,BH,S1,S1,24.958623561771923,2.0,271058.0,141.0,0.010574690453771298,0.007164596986383703,0.10283331392973435,0.008679670783734396,0.008878731484042137,-0.008901791016895694,0.028519925623696367,-0.09434930321362046,-0.013970692645460641,0.03660245898727133,0.01391132501890078,0.09090413231928315,0.117946280224943,0.03407513854797829,0.125691646821,-0.1144777223912329,0.0986688007700815,-0.3383455665310732,-0.23168543093694113,0.13343088934283265,0.15333316939370145,0.18040113302998362,0.391577794816945,0.13666242738617695,0.2185169053549463,0.849956798044149,-0.31212532368946494,0.1530329223102856,-1.1602220914591779,3.0,12.989071473689071,37.947695035460995,2256.0,ok,0
80135-01-01-01,XTEJ1550-564,BH,S1,S1,,,,,,,,,,,,,,,,,,,,,,,,,,,,,,,,,,,,,,missing (no qualifying event file),0
80135-01-02-01,XTEJ1550-564,BH,S1,S1,23.556456573731868,1.0,1511462.0,123.0,0.03640771666463326,0.0008474704324629112,0.19080806236800701,0.03597034799970822,0.0008658793291797776,0.025356080618116738,0.001117801437707743,0.1592359275355808,0.02390715228673846,0.0010932292376953003,0.000515577156906719,0.0018393828916304757,0.022706324161050794,0.0011984938379302516,0.001957033680448952,-0.001360375447563183,0.0023206796732551374,-0.036883267853637686,-0.002287464412000111,0.0027061951796336216,0.004690839324283895,0.004289202724616657,0.06848970232293243,0.004984180185977439,0.00481713561417411,1.093638987348898,22.683886209803088,0.28029898465006287,-0.5861969935967213,3.0,219.52569112274512,243.08214769647697,1968.0,ok,0
80135-01-03-10,XTEJ1550-564,BH,S1,S1,25.59782112217713,1.0,3204044.0,169.0,0.03764316943301956,0.0008918946421550245,0.194018477040254,0.037014427157006216,0.0007201685290800153,0.02246580585234844,0.0006968897013069706,0.14988597616971522,0.02123374638446346,0.0006494297715553635,0.0005249455547782171,0.0010431586361128856,0.022911690351831687,-5.0194038733113567e-05,0.001198580599498489,-0.000928242311648622,0.0012173146978310704,-0.03046706929864804,-0.0003830113247566524,0.001452879089394881,0.0014329310490096216,0.002142803430125826,0.03785407572520589,-0.000374860256953566,0.0024401335215157504,0.6687179182485625,32.23724760204564,0.5032269653006162,-0.7625327397282738,4.0,243.24426467663938,268.8420857988166,2704.0,ok,1
80135-01-04-02,XTEJ1550-564,BH,S1,S1,25.48351281196575,5.0,15867992.0,945.0,0.03783958410633426,0.0003590139638087872,0.19452399365202808,0.03789127415263148,0.0003125914006108011,0.023038906181895673,0.00029383187887125955,0.15178572456557196,0.022248347023616923,0.0003024271494943293,0.00261111496373312,0.0005759624716657596,0.05109907008677477,0.002524492781015865,0.0006719082099795664,0.00036927615134100817,0.0006949105739128537,0.019216559300275587,0.0006615543102734818,0.0008135451862099297,-0.0007534524477780801,0.0012543694732822057,-0.027449088286828037,-0.000946130807027261,0.001417961167101392,-0.6006622959394754,78.40846360986588,4.53348107244111,0.5314009675543054,3.4624338624338624,235.14845918979793,260.6319720017637,15120.0,ok,9
80135-01-05-10,XTEJ1550-564,BH,S1,S1,23.069901268359857,2.0,2044190.0,250.0,0.035300237093054194,0.0006165552945685628,0.1878835732389987,0.03539770154717615,0.0006455038864852178,0.021435092353749977,0.0009452721511862798,0.1464072824478003,0.019981732680942003,0.0010305567823266997,0.002276592156837304,0.0020797888580804994,0.047713647490391094,0.0031940223849504447,0.0024602040933267783,-0.0013691045527101902,0.0026249307011996332,-0.03700141284748719,-0.0030265198408423385,0.003052963441798287,-0.0005045879548728166,0.004751839233203221,-0.02246303529963875,0.0020214511487858166,0.00536396756643329,-0.10618792642373828,22.676106904080235,1.0946265761508311,-0.5215774085329142,3.0,145.6561820649735,168.72608333333332,4000.0,ok,0
70133-01-31-01,4U1543-47,BH,S1,S1,,,,,,,,,,,,,,,,,,,,,,,,,,,,,,,,,,,,,,missing (no qualifying event file),0
70128-01-01-01,4U1543-47,BH,S1,S1,25.017259274333178,1.0,1992971.0,209.0,0.0201415589235257,0.0004049926293013492,0.14192096012755023,0.020137820939445567,0.00040383503018493106,0.0283894084005094,0.0009668238325308479,0.16849156774304583,0.02837916210731796,0.0009655943881328099,0.0015834890919409566,0.002462306846877461,0.039793078442625626,0.0018663771524362832,0.002470626527750887,0.005745366453640832,0.002966772806959282,0.07579819558301393,0.0056162549121115445,0.0029781023562502015,0.006635720191450423,0.004935634977506731,0.08145992997449987,0.006621183151369819,0.004957112616892096,1.344451164174726,29.363579429144448,0.6430916983190115,1.936571091714097,4.0,112.46061153906399,137.47787081339712,3344.0,ok,0
70124-02-09-00,4U1543-47,BH,S1,S1,24.732756632056674,1.0,277727.0,94.0,0.02305833560461304,0.003338899783450306,0.15184971387728408,0.023323993435608488,0.0035821515366472206,0.011983801491012604,0.011524362215624862,0.10947055079341021,0.012036433947758088,0.011527847805344181,-0.0240605824720762,0.030031625677161868,-0.15511473969960496,-0.021432159315685158,0.031417298825007677,-0.016887230100205906,0.0337494236554915,-0.12995087571927288,-0.027672591725847368,0.03502886107269844,0.001928999866216954,0.06096977028019021,0.04392038098897771,0.009876766386907663,0.06489813757019013,0.03163862775523215,1.0398667854056887,-0.8011748258561153,-0.5003709181107191,3.0,28.091933084255384,52.824689716312065,1504.0,ok,0
70124-02-10-00,4U1543-47,BH,S1,S1,24.50730957906175,1.0,240745.0,107.0,0.01818505781815682,0.0035096191465317107,0.13485198485063846,0.017429407282334466,0.0036653395970597602,0.01577947113433671,0.016499652444493824,0.12561636491451547,0.015307620811847144,0.018627390582669143,-0.05397438843158446,0.04997935514500843,-0.23232388691562575,-0.08355650849791224,0.04951543654065062,0.07185698621924612,0.05296846123375332,0.268061534389487,0.05235846810861354,0.05688171230129436,0.12284552367562643,0.09423808886183997,0.3504932576749893,0.1526198099380367,0.09600563487168995,1.3035655238693038,0.9563517284633806,-1.0799336701120887,1.3565994658998397,3.0,21.109123442745105,45.61643302180685,1712.0,ok,0
70124-02-14-00,4U1543-47,BH,S1,S1,26.906545740815446,2.0,206865.0,85.0,0.02018338373642111,0.018394170893828738,0.14206823619803657,-0.013525799507563413,0.038154879794578885,0.14967636102151247,0.07289320477940264,0.38688029288335746,0.14133111043003244,0.13871512297435085,0.02482051245822844,0.22758289279100624,0.15754527113889658,-0.6741044431423036,0.6818416522073408,0.29818054654935705,0.26207831318225955,0.5460591053625579,0.00048533187814306736,0.5597789835774221,1.26575567850401,0.5578427506156309,1.1250580778359889,2.227273495022347,1.6189920824639958,2.2690187819186174,2.0533650766827907,0.10906141561800779,1.1377536085635236,3.2470588235294118,8.978748376831614,35.88529411764706,1360.0,ok,0
80102-04-56-00,GX339-4,BH,S1,S1,,,,,,,,,,,,,,,,,,,,,,,,,,,,,,,,,,,,,,missing (no qualifying event file),0
80132-01-22-00,GX339-4,BH,S1,S1,24.33938955504374,1.0,1344455.0,173.0,0.04220026335545687,0.0009160597150830464,0.2054270268378941,0.04255439686899162,0.0008836793710408769,0.025942173141987875,0.0011737074905567475,0.16106574167708004,0.02664272655813013,0.0012185408003242562,-0.001488350046607125,0.0030686871411747746,-0.03857914004494042,-0.0016042012457724544,0.003231318254866216,0.008300975996495943,0.004072513676489343,0.0911096921106418,0.008013839824141217,0.004243931609874496,-0.007570527050072771,0.00608310876445075,-0.08700877570723985,-0.008969056217093353,0.00690903055275209,-1.244516141863908,22.102758439142463,-0.48501198660393424,2.0382929698720353,3.0,128.51586092665187,152.85525048169558,2768.0,ok,0
92034-08-01-00,GX339-4,BH,S1,S1,24.84718038799128,1.0,350269.0,197.0,-0.0005789309838044731,0.010055024743641915,-0.024060984680691542,-0.04298727963207233,0.02903302325382322,0.06974004762332926,0.04722867910624734,0.264083410352353,0.20268440508459842,0.20862908320881124,0.2685807591245802,0.1285092286676036,0.5182477777324088,0.48667971304369295,0.2938321833917838,0.28366123307547175,0.17046567326268006,0.5325985665353145,0.2580847634744239,0.382361226937593,0.04522742935673967,0.29912042849279563,0.21266741489174987,-0.623059622871021,0.7251693434758437,0.15120140601774038,1.4766461595599474,2.0899725405657796,1.6640372671298012,3.0,8.608297615392814,33.455478003384094,3152.0,ok,1
92035-01-03-03,GX339-4,BH,S1,S1,26.20676202664033,1.0,9745227.0,200.0,0.013150498592614197,0.00014467472406482225,0.1146756233582979,0.013148771397496532,0.00014507775040617355,0.011331868804332271,0.00016081190158786417,0.10645125083498207,0.011331986163764053,0.00016139026143774038,0.0014669822254976058,0.000366938197641199,0.03830120396929587,0.0014596944341421266,0.0003673142438125246,-0.00025628411659475475,0.0004561889643904158,-0.016008876181504896,-0.00027977585806682003,0.0004582422505359019,-0.00016069488124522378,0.0007957307755383807,-0.012676548475244504,-0.00013440414332190333,0.0007983678338088457,-0.20194629413007156,70.46660534724653,3.9979000140292187,-0.5617937666186541,2.0,1412.0427692233598,1438.24953125,3200.0,ok,0
92704-03-13-00,GX339-4,BH,S1,S1,25.598929462503293,1.0,465001.0,63.0,0.016677470835984143,0.0008798480176127608,0.12914128246220935,0.016761680880528113,0.0008759268339891686,0.02051933522265104,0.0021908536511640996,0.1432457162453769,0.02049588805118445,0.0021959922972140753,0.005086945796838335,0.00541496125779981,0.07132282802047557,0.0050964295663962905,0.0054478963521090076,-0.0020590056160673413,0.0065228860046313295,-0.045376267101507384,-0.0027046417684311935,0.00651019814509607,-0.004518082868140848,0.010500915886975512,-0.0672166859354197,-0.0042893472737419265,0.010447588192829649,-0.43025607640041313,9.365908677536808,0.9394242275530603,-0.31565868460761415,3.0,123.26152027294644,148.86044973544975,1008.0,ok,0
92704-03-22-00,GX339-4,BH,S1,S1,28.45071852014651,1.0,261307.0,77.0,0.02843205833100366,0.002653128637137486,0.168618084234769,0.02834002372091546,0.002835291693395565,0.013854300790525995,0.011220091843513915,0.11770429384914552,0.013607570177837668,0.011640676569632538,0.033386375086415926,0.030547056224105036,0.18271938891758566,0.03345249946679059,0.03652076524892678,-0.040526008134412435,0.030029712136136148,-0.20131072533377956,-0.03211042065551257,0.03179736503254071,0.038271238827956536,0.05963263440477403,0.1956303627455527,0.04881127306125911,0.060158248839276555,0.6417834665525466,1.2347760592115704,1.0929490174595073,-1.3495303568243535,3.0,33.521142951714964,61.97186147186148,1232.0,ok,0
92704-03-45-01,GX339-4,BH,S1,S1,24.696723649674443,1.0,153033.0,66.0,0.047183244392929785,0.004277089159311096,0.21721704443466167,0.04668171407043669,0.0051901391436432595,0.02695476949756243,0.012856869311945514,0.1641790775268348,0.028148744931544074,0.015048271780962413,0.05479748621993483,0.03576764488735757,0.23408862898469637,0.050180505783094194,0.04110969769825444,-0.05021624431307716,0.046204000746491475,-0.22408981305065423,-0.07007199270028701,0.05098010996490732,-0.04739621038911501,0.091054096198863,-0.21770670726717403,-0.04348009584471551,0.09486247318536828,-0.5205280417654276,2.096526677184028,1.5320406583242372,-1.0868375790356284,2.0,39.492196804871014,64.18892045454545,1056.0,ok,0
93108-01-01-02,GX339-4,BH,S1,S1,,,,,,,,,,,,,,,,,,,,,,,,,,,,,,,,,,,,,,missing (no qualifying event file),0
60113-01-06-00,XTEJ1650-500,BH,S1,S1,25.492276799567364,1.0,13270479.0,132.0,0.020916975482179207,0.00033557146823117026,0.14462702196401336,0.02087166530932974,0.00033318047226354026,0.018893167452489416,0.00016156394431350555,0.13745241886736448,0.018885330578302384,0.00016207565792632033,0.003692236905591114,0.00020202689816169056,0.0607637795532101,0.0036836910614027,0.00020249758819173406,0.00023685709844980705,0.000234312110843462,0.015390162391924493,0.0002206150014173417,0.00023577144107664677,-9.306832162546114e-05,0.00034634152149182613,-0.00964719242191536,-7.864645544387643e-05,0.0003492290315252332,-0.2687183483648743,116.93925604977996,18.275966909297704,1.010861528229095,5.0,1129.488878503463,1154.9811553030304,2112.0,ok,0
60113-01-09-00,XTEJ1650-500,BH,S1,S1,25.97926501716445,1.0,8698299.0,116.0,0.017356842590935322,0.00023726391113519782,0.1317453702827364,0.017348215092111662,0.00023597149955244677,0.018592194627486302,0.00020468190139399584,0.1363531980830897,0.018594133908969728,0.00020400326015416868,0.0037431136897957728,0.00030876643464650285,0.061180991245612985,0.0037515635401260605,0.00031005357220653825,-0.0002238535866449767,0.0003127849087046687,-0.014961737420666648,-0.0002144423239139802,0.0003122929934025321,-0.0007323115806768457,0.0005256038329764142,-0.027061256080914753,-0.0007171016991895295,0.0005274361318090672,-1.3932767128616188,90.8345803945697,12.122799857054241,-0.7156789871097621,4.0,1038.4578308880086,1064.4370959051723,1856.0,ok,0
60113-01-11-01,XTEJ1650-500,BH,S1,S1,27.465779376406918,1.0,8910429.0,123.0,0.016181871609682107,0.0002312974158964806,0.12720798563644542,0.01617528131285571,0.00022925612545111385,0.018447632011611526,0.00017801747146275803,0.13582206010663925,0.018451761861203272,0.00017830860635844546,0.003836700520899708,0.00025338534368657905,0.06194110526055947,0.0038392866591759685,0.00025373363704114983,0.0004186566043292172,0.0003333493532049237,0.02046109978298374,0.00041954261956869053,0.00033329417122022857,0.00047380664443534635,0.000667385302934461,0.02176710004652311,0.00047355249940871953,0.0006709821530242857,0.7099446786616987,103.628210534778,15.141761812575291,1.2559094544630829,4.0,1001.169002127658,1028.6347815040651,1968.0,ok,0
60118-02-14-00,XTEJ1650-500,BH,S1,S1,25.376046644331403,1.0,1478209.0,114.0,0.018943436413810806,0.00042141255143736856,0.13763515689608816,0.0189347851674947,0.0004211340601284254,0.02492841443897543,0.0008057103316609726,0.15788734730489148,0.02493472998036619,0.0008022684480277903,0.0017954077374244962,0.002065300619609583,0.04237225197490094,0.0019720733853645298,0.0020575095647327453,0.005460514508491708,0.002329177826922221,0.07389529422427187,0.005434952789701704,0.0023151420799001764,0.0012519172006013762,0.00425570455066436,0.03538244198188384,0.0013872822088111928,0.004267623247186969,0.29417389898599483,30.939673303661724,0.8693202918633188,2.344395711385953,3.0,234.5546916597622,259.93073830409355,1824.0,ok,0
60118-02-20-00,XTEJ1650-500,BH,S1,S1,24.4862412377897,1.0,246933.0,118.0,0.008401362274842691,0.014481197737429292,0.0916589454163787,0.0009731884594458199,0.021802695570172448,0.06508444691987376,0.06755016165662758,0.2551165359593019,0.08214475320375089,0.10487437352107971,0.28565520882957696,0.18311045531092665,0.5344672196024532,0.2878095424819761,0.3219802858932558,0.05640238507678856,0.22150723450813894,0.23749186318016993,0.10106815289459092,0.30690113387700335,0.6212226635124345,0.37051035725537285,0.7881767971162527,0.8969729873354684,0.5201788769408342,1.676667470551327,0.9634980187125592,1.5600158294867787,0.25462999076319626,4.0,7.134521474074707,31.62076271186441,1888.0,ok,0
60118-02-28-00,XTEJ1650-500,BH,S1,S1,24.040584091998056,1.0,348734.0,116.0,0.018592623078464418,0.004248673299680542,0.13635476918122233,0.018314557909301525,0.0053588732507142516,0.01807987922691448,0.017977710270213696,0.13446144141319652,0.01757943823548576,0.022687487568396995,0.0011064245094473692,0.04665653362409158,0.03326296002233369,-0.01355840716347073,0.06203893337090597,0.059640346597814566,0.0551823355729418,0.24421373138669858,0.12254547207809967,0.07359019925584236,0.13644176349960907,0.09506483541268101,0.3693802424326578,0.17232488855610742,0.1317003124554245,1.4352495631776863,1.0056830906252874,0.023714245862364185,1.0807869217311403,4.956896551724138,13.084173451105396,37.12475754310345,1856.0,ok,0
70124-01-02-00,XTEJ1650-500,BH,S1,S1,25.336813089864506,1.0,514700.0,206.0,0.007686316169775252,0.005601852589640807,0.08767163834316805,0.0019512311649318656,0.010203486155327216,0.040827349723728874,0.024517338184797458,0.20205778807986807,0.021517258270852022,0.04029528531321933,0.21221979149131176,0.06623809116916429,0.46067319380588206,0.26008652521606185,0.09951234434188513,0.02232388777597786,0.08477335244490487,0.1494118060127039,-0.029825149808506313,0.1405928599479782,0.4898233388808307,0.152597515876451,0.6998738021106595,0.8606709470888825,0.22383205670740042,3.2099037528069005,1.665243976160708,3.203893526299352,0.26333614434425484,4.0,10.768996982951027,36.10581007281554,3296.0,ok,0
50407-01-07-01,XTEJ1118+480,BH,S1,S1,25.68487193236299,1.0,693585.0,113.0,0.018401676488399726,0.0006958033709699794,0.13565277913997828,0.018785334133437904,0.0007599832114722545,0.012227564158182137,0.0021006643687860155,0.11057831685363156,0.01152013400261308,0.0021585012587051395,0.004856913831541993,0.004707625665928627,0.06969156212585562,0.003253993949584376,0.00528494946777438,0.005114674245631802,0.0063035171471067485,0.07151695075736801,0.0015475376570805873,0.006540338755663313,0.015570746693028005,0.01139594546525336,0.12478279806539043,0.022225509350916786,0.012732235133194792,1.366340927174824,5.82080809284565,1.031711987359963,0.8114000686076323,3.0,100.34757644521811,126.03244837758113,1808.0,ok,0
50407-01-09-00,XTEJ1118+480,BH,S1,S1,25.839491331613207,1.0,484801.0,78.0,0.01609264479094804,0.000964485490400521,0.12685678850951587,0.01588692426582326,0.0008163187338522124,0.015093894443586022,0.0023785170948002277,0.12285721160593717,0.016282077497153092,0.0027479270314389836,-0.003014812848952087,0.0068095601459738945,-0.05490731143438082,-0.004143091521782221,0.007821630587961571,0.004736360010782521,0.008566284297160325,0.06882121773684713,0.007820778666626541,0.009093232598946255,-0.003274594334363129,0.014117906760325896,-0.05722407128440905,-0.0012381518323858129,0.01668802639914118,-0.2319461652463512,6.3459264079217235,-0.4427323915678422,0.5529071703063366,3.0,94.24384200172014,120.08333333333331,1248.0,ok,1
50407-01-10-01,XTEJ1118+480,BH,S1,S1,26.037034149680817,1.0,644914.0,94.0,0.016713609395959495,0.0007745246881135324,0.1292811254435832,0.016876307049136143,0.0007090045542731917,0.016520820897089207,0.0021977342474114835,0.12853334546758366,0.016171009378450445,0.002281025706911244,0.0009980958119746506,0.0061377465480841175,0.03159265439899994,0.00041031377701341036,0.006420715863360173,0.007579047967867595,0.006760193840526109,0.08705772778948229,0.006361772472929941,0.0073525291382757815,0.011336881202489673,0.011123133465649167,0.10647479139444074,0.010676262932346461,0.01286158238781686,1.0192165038296634,7.517205920846717,0.1626160031463345,1.1211287940343675,3.0,97.08796585031916,123.125,1504.0,ok,1
50133-01-05-00,XTEJ1118+480,BH,S1,S1,,,,,,,,,,,,,,,,,,,,,,,,,,,,,,,,,,,,,,missing (no qualifying event file),0
50407-01-13-02,XTEJ1118+480,BH,S1,S1,28.00216879880141,1.0,775308.0,129.0,0.012625835535079741,0.0007324226797952898,0.11236474329201193,0.012733961251420284,0.0007642462946408261,0.011390897882413554,0.002143901700075905,0.10672814943778212,0.011561171647434441,0.002139736610672987,0.007255959568392054,0.0061387798442535365,0.08518192043146276,0.008499961431982636,0.006530697645184732,-0.007656539578123989,0.007123167039720909,-0.08750165471649086,-0.007106785104007352,0.008300090883338924,-0.001884184187646788,0.012475174750076642,-0.043407190506260455,0.010012803234178495,0.013220396288084356,-0.15103469293167315,5.313162390799102,1.1819872600878985,-1.0748785667146137,3.147286821705426,85.4216038110177,113.42377260981912,2064.0,ok,0
50133-01-04-01,XTEJ1118+480,BH,S1,S1,,,,,,,,,,,,,,,,,,,,,,,,,,,,,,,,,,,,,,missing (no qualifying event file),0
50407-01-14-02,XTEJ1118+480,BH,S1,S1,29.608321045281183,1.0,995972.0,151.0,0.006382215100397992,0.0022945170083960393,0.07988876704767693,0.008379428969847863,0.0025522573121667244,0.02623759078845917,0.00887233980346123,0.16198021727500914,0.03246755577147586,0.010461675790469232,0.072701022646582,0.02591258925214236,0.26963127164070194,0.08886254508695597,0.02890696102787397,0.06752454585650447,0.03542221847597267,0.2598548553644986,0.07286375988110258,0.04051532817998532,0.19711468838398624,0.053896963588233766,0.4439759997837566,0.22166809574301646,0.061770412649901484,3.6572503395537908,2.9572346607175146,2.8056255567193595,1.906276590279268,5.0,18.269990212996962,47.878311258278146,2416.0,ok,2
50407-01-16-00,XTEJ1118+480,BH,S1,S1,25.97402554853462,1.0,583684.0,197.0,0.025748141345530426,0.006621363667220531,0.16046227390115855,0.031098209813856467,0.010042502709224375,0.025841881774355285,0.028006167634203605,0.160754103444843,0.03982109789464255,0.047088126755641384,0.2313061598580439,0.09038460090335383,0.4809429902369343,0.2803567754200561,0.12762390871692636,0.022064842112228887,0.10125848912960005,0.14854239163359692,0.05097315862540935,0.136847094327502,0.45911748126353824,0.1816960182262692,0.6775820845207894,0.6632053747067779,0.2687733750346185,2.526843932770124,0.9227210988623412,2.5591323914277635,0.21790609658404292,5.0,8.402180035221724,34.37620558375634,3152.0,ok,0
90011-01-01-08,XTEJ1118+480,BH,S1,S1,,,,,,,,,,,,,,,,,,,,,,,,,,,,,,,,,,,,,,missing (no qualifying event file),1
90011-01-01-10,XTEJ1118+480,BH,S1,S1,,,,,,,,,,,,,,,,,,,,,,,,,,,,,,,,,,,,,,missing (no qualifying event file),0
90011-01-01-05,XTEJ1118+480,BH,S1,S1,,,,,,,,,,,,,,,,,,,,,,,,,,,,,,,,,,,,,,missing (no qualifying event file),0
90111-01-02-06,XTEJ1118+480,BH,S1,S1,,,,,,,,,,,,,,,,,,,,,,,,,,,,,,,,,,,,,,missing (no qualifying event file),0
90111-01-02-15,XTEJ1118+480,BH,S1,S1,,,,,,,,,,,,,,,,,,,,,,,,,,,,,,,,,,,,,,missing (no qualifying event file),0
90111-01-02-07,XTEJ1118+480,BH,S1,S1,,,,,,,,,,,,,,,,,,,,,,,,,,,,,,,,,,,,,,missing (no qualifying event file),0
90111-01-03-02,XTEJ1118+480,BH,S1,S1,,,,,,,,,,,,,,,,,,,,,,,,,,,,,,,,,,,,,,missing (no qualifying event file),0
94087-01-16-00,4U1636-53,NS,S1,S1,26.04897686768912,2.0,434139.0,62.0,0.006376336508220224,0.0010575268279707142,0.07985196621386492,0.005979676320413387,0.0012023240274461392,0.02114277399993808,0.0044967924322587725,0.1454055501001873,0.021747690411418323,0.004641274477486993,0.019889216701025683,0.011184079762068972,0.14102913422773922,0.022227871338422665,0.011851676587471991,0.017723255252615464,0.012976240841133743,0.1331287168593443,0.01562503701933151,0.014236124202798621,-0.04384213679873887,0.02499124147390953,-0.20938513987085824,-0.03890241737853831,0.025863069959613436,-1.754300075268745,4.701745592761974,1.7783507560881635,1.3658235439368565,2.0,102.93035780973025,128.97933467741936,992.0,ok,0
70069-01-04-03,4U1608-52,NS,S1,S1,24.77138964188196,1.0,305872.0,145.0,0.002165371797087376,0.002183856190972818,0.04653355560332109,0.0018756063566014182,0.0021926924826041042,0.019893411224049695,0.009998895574627404,0.14104400456612715,0.020336116965877976,0.010086487730273966,0.023120802371284242,0.02797959804467402,0.15205526091288077,0.022394435590202974,0.028439037832067932,0.0918846581728969,0.03136821275693881,0.30312482275936575,0.09192626420350622,0.03158510088442231,-0.06164868619970052,0.05364256779040413,-0.24829153469198365,-0.059429913669223275,0.053681036292551054,-1.1492493506384414,1.9895608545537788,0.8263450509320429,2.9292283524368643,2.0,38.2113689788077,62.98275862068966,2320.0,ok,0
90408-01-03-03,4U1608-52,NS,S1,S1,24.350338735452862,1.0,534761.0,112.0,0.006541780171378152,0.00068981115879886,0.08088127206824922,0.006570971719133323,0.0006919337680603687,0.018441880454391286,0.0028802916447870173,0.1358008853225607,0.018569594723059846,0.002901100561096696,0.010160542131932753,0.00820005527458084,0.10079951454214824,0.010093854467229034,0.008190465324374417,0.0032035016478661276,0.008433847600629749,0.05659948451943823,0.003475820142414665,0.008391335315574408,0.008559152957014938,0.014894135113091598,0.09251569032880282,0.007981828744086475,0.014904682570431255,0.574665993830796,6.402782332049214,1.2390821514861223,0.3798386927962659,2.0,116.62231751454715,140.97265625,1792.0,ok,0
93408-01-14-00,4U1608-52,NS,S1,S1,25.532065612896105,1.0,643632.0,107.0,0.010842039282849405,0.0005948584610613222,0.10412511360305642,0.010804737550571323,0.0005946200869945019,0.02192892048709825,0.0019394595345605297,0.14808416690213122,0.021788529390879056,0.0019308541051808105,0.011521248428857697,0.005807903047489879,0.1073370785369981,0.01193853999751573,0.0057284924947624575,0.0014801714406406984,0.0069715427430227265,0.038472996252445664,0.0013371789169533094,0.006990662116099639,-0.04282348067227928,0.01148873176585436,-0.2069383499312761,-0.042977263926930784,0.011515049878922459,-3.7274332402428327,11.306717204629495,1.9837191383277433,0.2123161967445565,2.0,157.95274747121601,183.48481308411215,1712.0,ok,0
93408-01-27-03,4U1608-52,NS,S1,S1,25.04712402342068,1.0,465700.0,66.0,0.012103953896975541,0.0006779528763811889,0.11001797079102824,0.012026868874292461,0.000688217392440405,0.02446704371640003,0.002098930312423438,0.15641944801206795,0.024474941004238682,0.0021252799036016396,0.010357925041642617,0.00514995813273443,0.10177389174853547,0.010614847165376017,0.005157553366214923,0.010996894436279343,0.006689003109236379,0.10486607857777148,0.010667680847367283,0.0069002117621876505,0.0025591487106366414,0.011167186677642865,0.05058802932153655,0.0020110167085926486,0.011046918818865747,0.22916682460051957,11.65691093771962,2.011263931604616,1.6440259118873028,3.0,120.56019920890256,145.6073232323232,1056.0,ok,0
50030-03-05-03,4U1728-34,NS,S1,S1,25.313366933330226,1.0,2627638.0,176.0,0.010940213731616714,0.00023774025144276332,0.10459547663076407,0.010971715196305005,0.00024575524453081856,0.025641744781514517,0.0006311091424752032,0.16013039930479944,0.025821078831588188,0.0005950729032810842,0.01337437267712341,0.001532651359181344,0.11564762287709769,0.01369637425532666,0.0015911930064764722,0.0033119869588503683,0.0017424481372883536,0.057549864976821345,0.002692661843475192,0.0017895712082523264,0.0009041681950943199,0.003342649960778338,0.030069389669468184,0.002120453431175473,0.0034028491434892555,0.2704944297798337,40.62965191875984,8.726298121881578,1.9007664492124137,3.1818181818181817,221.34646379583646,246.65983072916663,2816.0,ok,2
92023-03-44-00,4U1728-34,NS,S1,S1,25.06999249508362,1.0,1361427.0,118.0,0.00961845544445315,0.0003372470842780752,0.09807372453645853,0.00962353716878285,0.00034069983064830933,0.026712353397444405,0.0011432623643970554,0.1634391427946329,0.02678833270414908,0.0011505188936989737,0.0207466689042083,0.002848509601272342,0.14403704004251233,0.021225889082974105,0.0028088565663337488,0.0007096975387959105,0.003944088667195351,0.026640149001008057,0.0006363648603876985,0.003949721973583487,0.0038851909289053343,0.005870309970773854,0.062331299753056124,0.0036514310237022642,0.005923406606611759,0.661837440995159,23.365024712881386,7.283341749994944,0.17993954971113205,2.0,262.31401174220457,287.38400423728814,1888.0,ok,2
92023-03-49-00,4U1728-34,NS,S1,S1,24.774599838629364,1.0,1959043.0,139.0,0.009306235264008358,0.00024063803755993576,0.09646883053094589,0.009298174614211896,0.00024071880861390658,0.026190440236874578,0.0006652860159792045,0.16183460766126193,0.02616641699357445,0.0006668332075767884,0.010027067592403795,0.0016589521473388187,0.10013524650393484,0.010050956417267286,0.0016655363919858448,-0.0008453470615019859,0.002107298965733509,-0.029074852733969023,-0.0008453978348264485,0.0021072420479406884,-0.0012957468511929542,0.0034711367246493484,-0.03599648387263615,-0.0014599795872214227,0.0034837946197031834,-0.37329179285608505,39.367188859856086,6.044217495054667,-0.40115193679115074,2.0,410.9724774995001,435.7470773381295,2224.0,ok,0
92023-03-70-00,4U1728-34,NS,S1,S1,25.924839154162328,1.0,1681925.0,91.0,0.007796139226440037,0.0002709223016990559,0.08829574863174351,0.00781024473321319,0.0002685749947307854,0.023629354615545488,0.0008333663896394057,0.1537184264021249,0.02373614259758537,0.0008226693002652993,0.01939203911869207,0.0020191071279219573,0.13925530194104666,0.019467928207922695,0.002046218146977446,0.008640417114095227,0.0020678802702102286,0.09295384399848791,0.008681388955804817,0.0020771882974821975,-0.005032659089801196,0.003954807020570713,-0.07094123687814581,-0.005201412265653094,0.003969651584011616,-1.27254226656929,28.354100800453224,9.604264603161567,4.178393323138002,3.0,276.0289154245922,301.9537545787545,1456.0,ok,2
80403-01-03-00,AQLX1,NS,S1,S1,24.993729319054356,2.0,443071.0,381.0,0.0017700519312638426,0.01243513881870335,0.042071985111993976,-0.4818969826833416,0.512487524434627,0.05455564384839974,0.05667106748520694,0.2335714962241749,-0.21000208535139145,0.28286397876748787,-0.026423857383822493,0.15691135134824866,-0.1625541675375396,-20.77657107557038,20.454961009862114,0.21135543167042375,0.1981355869980291,0.4597340880013399,15.980093248186266,15.816253159315277,0.16250404294936147,0.33471152441951557,0.4031179020452471,28.923055572284742,29.202109504696356,0.4855047737934612,0.9626718936014502,-0.16839990960996473,1.066721202751559,2.0,9.565407820053254,34.55913713910761,6096.0,ok,0
90017-11-06-00,AQLX1,NS,S1,S1,,,,,,,,,,,,,,,,,,,,,,,,,,,,,,,,,,,,,,missing (no qualifying event file),0
91028-01-29-00,AQLX1,NS,S1,S1,24.154165729889453,1.0,1657513.0,170.0,0.012911368266612308,0.0003297856253344493,0.1136282018981745,0.012862935406714685,0.00032582933103595546,0.028526245447903352,0.0008953250444186582,0.16889714458185298,0.02855768080833729,0.0009008379817414789,0.014886987937657583,0.002345262994396198,0.12201224503162617,0.014695270114490512,0.0023508825946048223,0.0013692972671552734,0.002900667952907266,0.03700401690567219,0.0014498074318216852,0.0029317320173835007,0.013034584686482782,0.005298326883040069,0.11416910565684038,0.012571684605279652,0.005312255635288617,2.460132221778625,31.861328604323443,6.347683809120233,0.4720627418877302,4.0,123.85070559363996,148.00487132352941,2720.0,ok,0
92438-01-02-02,AQLX1,NS,S1,S1,24.587647380960625,1.0,259879.0,73.0,0.010473007781354456,0.015290349977145117,0.10233771436452183,0.0075842031638449605,0.010143806532832957,0.04060133909090788,0.013388528265619842,0.20149773966699447,0.07285324683036618,0.03132252103904432,-0.01606042903754386,0.06606183071042179,-0.1267297480370882,0.11810360555923868,0.09502388620199158,0.12451817447043043,0.04087527024761288,0.3528713284901884,0.18641501147203546,0.09444486755083671,0.10796412407171221,0.08947674687934912,0.32857894648274744,0.0974839655830686,0.1947003467843121,1.2066165549949146,3.0325468405042932,-0.24311207946906319,3.046296054218805,2.0,49.74754097520375,74.33518835616438,1168.0,ok,0
94076-01-03-04,AQLX1,NS,S1,S1,26.741884355607365,1.0,702208.0,106.0,0.014241843707437194,0.0005938337950790027,0.11933919602308872,0.014254660656889807,0.0005952672724590026,0.024315294169741125,0.0018625928904967138,0.15593362103709746,0.024396264258757603,0.0018789100826339755,0.014702823254901519,0.0047688190445466195,0.12125519887782758,0.014743153438154957,0.004737540383245479,0.004963889949307207,0.006619472620273463,0.07045487881834164,0.004974639296632159,0.006492395024100372,-0.004766367260036149,0.010379160723342414,-0.06903888223339186,-0.00460909293004282,0.01058918197660524,-0.45922472799912767,13.054540417179814,3.0831162007950215,0.749892058485792,3.0,107.17832004690834,133.92020440251574,1696.0,ok,0
50045-06-05-00,EXO0748-676,NS,S1,S1,,,,,,,,,,,,,,,,,,,,,,,,,,,,,,,,,,,,,,missing (no qualifying event file),1
70048-03-02-00,EXO0748-676,NS,S1,S1,,,,,,,,,,,,,,,,,,,,,,,,,,,,,,,,,,,,,,missing (no qualifying event file),0
60042-03-01-00,EXO0748-676,NS,S1,S1,28.67944174822834,1.0,248088.0,74.0,0.012164827883875793,0.0027367554754440093,0.11029427856364896,0.021876540627131576,0.007094885979560602,0.011969237386314412,0.013169410744654886,0.10940400991880696,-0.023442683394589513,0.029471812713025226,0.03406653737155695,0.037925930751459336,0.18457122574105897,0.11775254387064354,0.08499762047670495,0.04515317470924549,0.043269947136230516,0.21249276389855137,0.07780418529291701,0.16520143879926075,0.08720243006904402,0.0759515885110476,0.2953005758020868,0.21173772300139232,0.1506518867081956,1.148131747848301,0.9088665862420919,0.8982386640635345,1.0435227611229996,4.0,22.39826095447437,51.0777027027027,1184.0,ok,0
70048-13-12-00,EXO0748-676,NS,S1,S1,,,,,,,,,,,,,,,,,,,,,,,,,,,,,,,,,,,,,,missing (no qualifying event file),0
92019-01-06-03,EXO0748-676,NS,S1,S1,25.168698005819497,1.0,359279.0,123.0,0.01284346615058623,0.0017060787371635277,0.11332901724883275,0.012859297992877536,0.0017316908259020496,0.01926950236194323,0.007789397784066302,0.13881463309731878,0.019711526609348832,0.007878334821826448,0.0010245656672512767,0.0213768011701449,0.03200883733051353,0.0005347715659209635,0.02155384974014302,-0.004277939757855552,0.02575183671489182,-0.06540596117981565,-0.002092269603105413,0.02592678975495384,0.04297274329042183,0.04384390170426948,0.20729868135234683,0.04735732155638724,0.04380343717402805,0.9801304541798384,2.4738115700497665,0.04792885797535496,-0.16612173357645194,3.0,34.52744020556262,59.69613821138211,1968.0,ok,0
92019-01-26-01,EXO0748-676,NS,S1,S1,26.90083406922213,1.0,445098.0,137.0,0.007401784740261193,0.003144422255465751,0.0860336256370798,0.0124386800968129,0.002663715404578522,0.0059138942179017065,0.008824034105810098,0.07690184794854872,0.0038087209733804798,0.009769907492652519,0.044696864195618684,0.018414385660066496,0.21141632906570554,0.08122242953265858,0.03186361493684719,0.004164066296883108,0.019164899345151504,0.06452957691542001,0.0013675294118371175,0.03326378480867298,0.024170580856779762,0.03447447925800131,0.15546890639861002,-0.023987670000324028,0.05397343795949679,0.7011151836664776,0.670203009982448,2.4272796834351342,0.21727566745277835,2.8613138686131387,41.585099629074705,68.48593369829685,2192.0,ok,0
90062-03-01-02,4U1323-619,NS,S1,S1,24.07393078000717,2.0,603293.0,288.0,0.008289906448910311,0.0032084975916705206,0.09104892338139046,0.012123534347625219,0.004473938371324759,0.019544205406322124,0.014112108631919822,0.13980059158073016,0.007490212741211252,0.02271081181223198,0.03362383877429574,0.039180556503050176,0.18336804185652347,0.016640620594758,0.06159600691557235,0.0368994049123438,0.041324025720824324,0.19209217816544172,-0.007258981352222181,0.06720397733977018,0.08374514181717142,0.07329080490409588,0.2893875287865243,0.14073996890642076,0.10213971739329557,1.1426418624649501,1.3849245294296828,0.8581766512601258,0.8929286115933561,3.0,16.554613780178016,40.62854456018519,4608.0,ok,2
90062-03-01-01,4U1323-619,NS,S1,S1,26.048797907292652,2.0,758972.0,384.0,0.009184256553506472,0.002654326650014325,0.09583452693839768,0.009378976347449905,0.0049183169674137705,0.02839733096295949,0.011226049883557406,0.16851507636695148,0.06842340144132349,0.02390218107588769,-0.028926833424143924,0.02988660541200272,-0.17007890352464036,-0.09044837076884,0.05195262912513915,0.045085834784836604,0.03837608192804127,0.21233425250024218,0.0870028394054629,0.07564219701994701,0.10481282436380601,0.06914060982641897,0.3237480878149028,0.2845734117956231,0.143590704132085,1.5159372274404863,2.529592444137679,-0.9678862160948749,1.1748420505609913,2.7447916666666665,18.76768972291568,44.816487630208336,6144.0,ok,0
95442-01-01-01,4U1323-619,NS,S1,S1,25.79728214711564,2.0,600087.0,403.0,0.016290535271599987,0.004783991096288912,0.12763438122857018,0.011541160600759237,0.009820587630368732,0.04549630316565127,0.022079132124035745,0.21329862438762062,0.04329959643939714,0.038461584652210196,0.1080981894719859,0.062115807175587234,0.32878289108769926,0.09464900773887686,0.11559478108764983,0.1518222186363727,0.08022710198190283,0.38964370729728554,0.18414913853501574,0.17677808409927337,0.10146739360428322,0.14035260699968222,0.318539469460667,0.47219020856525346,0.2809923821737702,0.7229462692097551,2.0606019706781487,1.7402686109578671,1.8924056196199122,2.0,14.987147133281379,40.78442928039702,6448.0,ok,2
95442-01-01-02,4U1323-619,NS,S1,S1,25.99345550268689,1.0,147417.0,71.0,0.006081587998968095,0.015552876386399997,0.07798453692218794,0.022541425365528483,0.015512943831175638,-0.005069566938382558,0.05087871663508957,-0.07120089141564562,0.001902772945582359,0.05853479624375379,0.15865305791145867,0.12805490797600932,0.3983127639323885,0.44891607074419404,0.1978052615218807,0.2615602051087342,0.0864081569756182,0.5114295700374922,0.3819652974461741,0.25570274580897634,0.15870073382565447,0.18585622485905107,0.39837260677116654,0.5936014299788043,0.4532412508362476,0.8538897954373567,-0.09964022824597397,1.2389455462431929,3.0270314084182894,2.0,24.226174779003255,50.219630281690144,1136.0,ok,0
96405-01-01-00,4U1323-619,NS,S1,S1,25.266274375811644,2.0,361393.0,207.0,0.01932447422702665,0.006054986448364341,0.1390124966577705,0.018411363440327497,0.006387724935799396,0.040914169085162606,0.024841792972633347,0.20227251193665097,0.04869582495874839,0.02663851786898339,-0.05923291887708473,0.07859721800568265,-0.2433781396861368,-0.06623855475396413,0.08641088268712928,0.013844043014872838,0.09399264948577231,0.11766071143280087,0.005264118110234852,0.10429107581088436,0.3486329786812812,0.15424985207808867,0.5904515040892699,0.35273246943716974,0.1664397608626226,2.2601835527517165,1.6469893751322697,-0.7536261509001774,0.1472885708681764,2.0,17.59272320872942,42.858997584541065,3312.0,ok,2
96405-01-01-01,4U1323-619,NS,S1,S1,26.16615420946846,2.0,463324.0,244.0,0.017799134984850803,0.006440594498337968,0.13341339882054876,0.014437738701322186,0.009812019426061636,0.03804704735985017,0.025081047060070645,0.19505652349985675,0.07211367660473991,0.050441143054855975,-0.010073209790045008,0.07549461751546706,-0.1003653814322698,0.0838228205626951,0.13769719961873764,0.16123721074920064,0.08440144329709558,0.40154353530993453,0.23481213876140028,0.1376243427528969,0.1863407002686326,0.15198394288711012,0.431671982260411,0.0639133023381331,0.21287412297891395,1.2260551787832075,1.516964075252726,-0.13342950956710584,1.9103608238266838,2.0,16.89058247085941,43.056736680327866,3904.0,ok,2
96405-01-02-00,4U1323-619,NS,S1,S1,26.33328115781885,2.0,439028.0,221.0,0.01776607585807627,0.0038017347274632665,0.13328944391089742,0.017459217817057476,0.0037551381916719456,0.0002165763992659988,0.01573469398015689,0.014716534893309593,0.00019113758796768167,0.016114925431368082,0.12140561798561653,0.04426343548034428,0.3484330896823901,0.12128160678998563,0.04380478742115886,0.06032843136235296,0.05308864027798554,0.245618467062949,0.06800152396277934,0.053762036769733235,0.19355803788838039,0.09073998772414289,0.4399523131981242,0.17924365022056743,0.09235869363831128,2.1331062825004223,0.013764258748160244,2.7427969986542995,1.136371755736407,2.0,24.799213186072556,51.1324943438914,3536.0,ok,0
96405-01-04-00,4U1323-619,NS,S1,S1,25.436264701814974,3.0,537605.0,201.0,0.01351206645727097,0.003945609570520612,0.11624141455295084,0.01230717599043195,0.004893421856858132,0.0022824924700384714,0.016429595824935448,0.04777543793664765,-0.002592929643473708,0.01934094309928486,0.07534543750512178,0.04657797319924852,0.27449123393128927,0.08693464841855345,0.048883001098374575,0.09500802549723783,0.05485181354148773,0.3082337189491731,0.0810777661450475,0.0601438866889974,-0.009663402624310596,0.09245832937460212,-0.098302607413591,-0.011735302330646935,0.0939912628703291,-0.1045163014481753,0.13892566161452966,1.617619495438616,1.732085401795832,2.0,24.444798731020846,49.88106343283582,3216.0,ok,0
96405-01-05-00,4U1323-619,NS,S1,S1,25.490958086742324,2.0,629983.0,223.0,0.011464053671103881,0.0022361797268336224,0.10707032114971861,0.01158755878846882,0.002649108937445229,0.01627652346806406,0.009396329236413458,0.1275794790241129,0.02188056127456101,0.011639626767286018,0.04467866455182612,0.026193657093078054,0.21137328249290666,0.019153571395003215,0.033806865451634,0.054102463697307694,0.031737968426027136,0.23259936306298798,0.08456412637225079,0.04011617531869758,0.047196630878026606,0.05132342186976236,0.21724785586519976,0.10181209603067316,0.06887957845959408,0.9195924425653488,1.7322214940051148,1.705705484081981,1.7046605810137572,2.5201793721973096,26.84989579965527,52.3408538863976,3568.0,ok,0
96405-01-05-01,4U1323-619,NS,S1,S1,26.6125015231546,2.0,1024448.0,381.0,0.009355834828056919,0.0027550840041797413,0.09672556450110238,0.009309517428409235,0.003239729492127257,0.010969955338371268,0.011886073973421996,0.10473755457509626,0.01828159974835593,0.014647804403024267,0.08897215099749023,0.0348990921001866,0.29828199911742953,0.12383045094139017,0.04389541590437141,0.1090102299730393,0.04267192736302777,0.33016697286833413,0.08078435301617964,0.049042234354359414,0.08730559836031343,0.07695542395942377,0.2954752076914634,0.06517009233979235,0.09146372830827382,1.1344957102224138,0.9229250434500722,2.5494116220007483,2.554612287503306,2.0,24.32885346372204,50.94135498687664,6096.0,ok,1
96405-01-05-02,4U1323-619,NS,S1,S1,25.062982074207344,2.0,683968.0,136.0,0.009676988660479764,0.0039762534741987175,0.09837168627445482,0.011213041700044262,0.005104030931902501,0.02997663218520998,0.016374763442568666,0.17313761054493612,0.023415475723173006,0.019634069137258684,0.0037847233959561345,0.04904949360810698,0.06152010562374007,0.018805951667973237,0.05594498476326397,0.0903572861853967,0.0525964434104529,0.30059488715777705,0.12506098596186158,0.07525168505654792,0.058252949566229,0.0916363519800627,0.24135647819403772,-0.07842974346470823,0.11580909340881425,0.6356969511281186,1.830660472766355,0.07716131436942275,1.7179352885187538,3.0,19.025712778733833,44.088694852941174,2176.0,ok,2
96405-01-05-03,4U1323-619,NS,S1,S1,25.845565839771865,1.0,930761.0,239.0,0.014118380663629788,0.0027034204151750317,0.1188207922193325,0.01570524801664928,0.003077336803117348,0.012610947823324217,0.012133991307526798,0.11229847649600691,0.0042742417885967025,0.01427819601852709,0.06161075288184477,0.035957226978541694,0.2482151342723581,0.055044903493492676,0.0430698238912531,0.04261765560302296,0.03832850983092169,0.20644044081289636,0.05648735615900773,0.04634876959996129,0.1380914829613114,0.06679528474368099,0.37160662394703275,0.14757379963303116,0.08279868500318509,2.0673837006791893,1.039307471359532,1.713445614663567,1.1119048403139584,3.0,20.39929120346384,46.2448570432357,3824.0,ok,3
50410-01-05-00,MXB1658-298,NS,S1,S1,27.12367358997601,1.0,814344.0,86.0,0.0009684142087414621,0.0008510963295126591,0.03111935424685837,0.03711050852441083,0.03540640708927604,0.0013146056931569467,0.003937621623080022,0.036257491545292356,0.1594472912387583,0.231056330424464,0.019922886357224404,0.010064774463080114,0.14114845502953408,1.0733500782496723,0.6670098558129439,0.01436071880127101,0.014881463472683184,0.11983621656774303,1.2335746002341021,1.0528430528256207,-0.0020755899023944735,0.02630576250432764,-0.04555864245557009,0.24358583704766015,1.1610349232555546,-0.07890248009549285,0.33385780021409406,1.9794667461557225,0.9650071599229426,4.0,34.843441235605376,61.9671148255814,1376.0,ok,2
60048-02-03-00,MXB1658-298,NS,S1,S1,,,,,,,,,,,,,,,,,,,,,,,,,,,,,,,,,,,,,,missing (no qualifying event file),2
60048-04-05-00,MXB1658-298,NS,S1,S1,,,,,,,,,,,,,,,,,,,,,,,,,,,,,,,,,,,,,,missing (no qualifying event file),0
50029-27-01-000,4U1702-429,NS,S1,S1,26.869983520924798,5.0,7864000.0,1039.0,0.01010820969861521,0.00017068710042801333,0.10053959269171131,0.010156510741969065,0.00017145086778078575,0.025900624172455866,0.0006231013497470731,0.16093670859209178,0.026080177801823482,0.0006258172333668457,0.022713763783679175,0.0017007667442775238,0.15071086153187227,0.022713760462425982,0.0017102126067922855,0.005853378326422453,0.0019343758923060024,0.07650737432707028,0.005825523975011398,0.0019449512933589785,0.007523859619386726,0.003562484301315126,0.08674018457085923,0.0077299014225319556,0.003552841006612444,2.1119699016243296,41.567273418633015,13.355014060630552,3.0259777066620392,4.0,80.10350360612047,106.97348712704523,16624.0,ok,0
50030-01-04-00,4U1702-429,NS,S1,S1,26.2562374968663,2.0,2917427.0,376.0,0.010769590212351457,0.0002563158031444893,0.10377663615839287,0.010812523752966876,0.0002569067035563865,0.025582876274066895,0.0008584336659238698,0.15994647940504003,0.025719002154050537,0.0008575604980934379,0.016542649569309797,0.0021189970066357307,0.12861823186978508,0.01687880362511646,0.0021361317170071055,0.002360368143608865,0.0027050803045607754,0.04858362011634029,0.0021638356538707312,0.0027163407126693734,-0.0037285329892337805,0.004765419924296088,-0.06106171459461141,-0.004136454445743817,0.004774346194039433,-0.7824143618958262,29.801809143323734,7.8068300792807985,0.87256860346411,3.0,127.04457145703441,153.3008089539007,6016.0,ok,0
50030-01-09-03,4U1702-429,NS,S1,S1,25.57565977899755,1.0,1525956.0,206.0,0.009280552683045397,0.0003572673773917575,0.09633562520192308,0.009312831970290151,0.0003573636281704582,0.025479112623562557,0.0012623722066132023,0.15962177991603327,0.02562353620159835,0.0012615111187743847,0.026402223384551542,0.003495622327573798,0.16248760994165537,0.026762434294087423,0.003507246544548324,0.017872839862704402,0.004247897814305968,0.13368934087168058,0.017783217393331285,0.004279877062956515,-0.012892797456976347,0.007006478419749169,-0.11354645506124948,-0.01396087588495143,0.0070425642027157,-1.8401251933689546,20.183518371273436,7.552939336806588,4.207455227033165,4.0,83.55161570643935,109.1272754854369,3296.0,ok,0
80033-01-01-01,4U1702-429,NS,S1,S1,25.62277775586177,2.0,2612139.0,351.0,0.009905123110555318,0.00027000865636124375,0.09952448498010587,0.009874544573333501,0.0002693930606235464,0.02445576218080647,0.0008396923923106097,0.15638338204811428,0.02446200989311971,0.0008470136230019631,0.019974799370193228,0.002336534672361656,0.14133223047200957,0.019734224760582383,0.0023399080469057973,0.0048088770034152,0.002894639543428266,0.06934606696428572,0.004782792615398052,0.0029109579188480645,0.0026842537342975305,0.004894965957797982,0.051809784156060044,0.0023276608759954516,0.004885582697476999,0.5483702557770292,29.12466803886448,8.54889919095601,1.6613042595693304,3.0,121.38719375410975,147.0099715099715,5616.0,ok,0
80033-01-18-02,4U1702-429,NS,S1,S1,23.96136254832151,1.0,1012309.0,152.0,0.008304424999247086,0.0004159773998810985,0.09112861789387067,0.008319256262420626,0.00041475062169403113,0.022911606059694518,0.001424221184210599,0.15136580214729653,0.022934464561414163,0.001424075129812614,0.02439376942353029,0.0038000550861397885,0.15618504865553004,0.02437314897371249,0.0038019272551557985,0.010756202683910891,0.0046765268637061356,0.10371211445106542,0.010868464272837504,0.004698862025460584,0.003767835869317352,0.008703926861817356,0.061382700081678974,0.0038105905911882602,0.008715251112571655,0.4328891923306715,16.087112250330485,6.419319949466896,2.3000408203336242,3.0,113.02465718852056,136.9860197368421,2432.0,ok,0
80033-01-21-03,4U1702-429,NS,S1,S1,27.428529489050177,1.0,609723.0,94.0,0.008364202186786199,0.000547114209269721,0.09145601230529461,0.008377761671326747,0.000553641319610519,0.025154448101900897,0.0022312465970917407,0.15860153877532493,0.025054135775319737,0.0022281285197560488,0.02722606942872124,0.006107105870887586,0.16500324066127078,0.026943659120738737,0.0061783543290012885,0.01743496627875531,0.006215087016470778,0.13204153240081437,0.01682392325999606,0.00618432565677798,-0.012775524879752531,0.010269570534411162,-0.11302886746204498,-0.013452567960716809,0.010273194117390994,-1.2440174432752027,11.273719424239255,4.458096847232861,2.8052650320985713,3.0,104.70245455350303,132.13098404255322,1504.0,ok,0
91039-01-01-61,4U1705-44,NS,S1,S1,25.07560279835425,1.0,1418200.0,90.0,0.013460179413012884,0.00034421845686484877,0.11601801331264419,0.013458898200270027,0.0003452752167999025,0.03118898247104238,0.0008350291926145845,0.17660402733528582,0.03120192115811672,0.000836160078113838,0.01530158392429011,0.0020087287542133775,0.12369957123729294,0.015326388000614317,0.002000394337699832,-0.000823679068564213,0.00250195050388435,-0.028699809556235963,-0.0007936907082960348,0.0024950925008648123,0.0070124908729038826,0.003911983980399848,0.08374061662600701,0.006946915284222316,0.003938691405794067,1.7925663571319452,37.35076898735197,7.617546118257387,-0.32921477354784906,4.0,188.96953609053458,214.04513888888889,1440.0,ok,0
93060-01-05-00,4U1705-44,NS,S1,S1,25.565964727217512,1.0,1078990.0,201.0,0.010267080657853084,0.0004295277760701541,0.10132660389973151,0.010351364039288408,0.00042766350529711914,0.02504997807864283,0.0020063202292996962,0.15827184866122854,0.025168229541656633,0.002116633361411888,0.01369487104103155,0.005272362053523902,0.11702508722932682,0.0144165496726821,0.00523187114062052,0.008323520439124918,0.0062116202398074215,0.09123332965054448,0.008828159782779368,0.006223898240457727,0.011169872550897847,0.009960681566420614,0.105687617774732,0.01074273022626474,0.01046142839641183,1.1213964101165175,12.485533322557634,2.5974830449813804,1.3399918407412124,2.9601990049751246,83.28550708041102,108.85147180762851,3216.0,ok,0
95060-01-35-00,4U1705-44,NS,S1,S1,26.710158406201906,1.0,789343.0,112.0,0.012231260093872473,0.0005628970450028028,0.11059502743736932,0.01216725676512984,0.0005648477982867744,0.028866366787830944,0.0018453880466056155,0.16990104999037217,0.02884782327962565,0.0018543815787548548,0.012016844610574525,0.005411118471220833,0.10962136931535989,0.012137778769918197,0.0053637102731248255,0.005172640861484051,0.006114983600870922,0.07192107383433628,0.005138375340170903,0.006119884330163729,0.015993216177586936,0.010738984813690865,0.1264642881511889,0.016845269768632883,0.010778583120246517,1.489267044795294,15.642437286253907,2.220769083967836,0.8458961134004254,2.0,160.9804107902266,187.69056919642858,1792.0,ok,2
60034-02-01-01,4U1724-307,NS,S1,S1,27.25101821620378,1.0,916301.0,150.0,0.018088757970763418,0.0007868598925478116,0.13449445330854137,0.018097062486222015,0.0007608252234186885,0.028304323773001225,0.002237697610151298,0.16823888900311135,0.028330562415340477,0.002217971053120853,0.017415918718151867,0.006336322650495893,0.13196938553373608,0.016314662937885794,0.0064729239219015015,0.005325613821044316,0.00736751338743472,0.07297680330793009,0.00724763977036291,0.0074697732472213335,0.010076529327850366,0.012748467200948303,0.10038191733499797,0.004930878983755907,0.013373731520540666,0.790411048561259,12.648859991000965,2.7485845779631917,0.7228509187546426,4.0,61.39721095046288,88.64822916666667,2400.0,ok,0
50060-05-01-07,4U1724-307,NS,S1,S1,,,,,,,,,,,,,,,,,,,,,,,,,,,,,,,,,,,,,,missing (no qualifying event file),0
50060-05-01-05,4U1724-307,NS,S1,S1,,,,,,,,,,,,,,,,,,,,,,,,,,,,,,,,,,,,,,missing (no qualifying event file),0
60034-02-02-02,4U1724-307,NS,S1,S1,24.337665005046397,1.0,689447.0,96.0,0.017321443574114217,0.0007399886728814654,0.13161095537269768,0.017309763294887814,0.0007372774350248376,0.026396604282323148,0.0020895890642461975,0.1624703181578812,0.026231926756598366,0.0021440210810713734,0.0076209961789016015,0.005819468073542826,0.08729831715961998,0.008492816152542,0.005688139551485325,0.0026573946237329377,0.00775069573422784,0.0515499236055005,0.0019250253786768437,0.007972922170653554,0.006724250094090442,0.012806765676159272,0.08200152494978641,0.007469042085311797,0.012767273397183424,0.5250545113516151,12.632437991747201,1.3095692050531391,0.34285884968979236,5.0,61.72548603662026,86.06315104166667,1536.0,ok,0
60034-02-03-10,4U1724-307,NS,S1,S1,23.929742550045386,1.0,331441.0,82.0,0.015501741744837675,0.000998617476003317,0.12450599079898797,0.015561620026019714,0.001001616356445782,0.030098608245211544,0.004618908578710677,0.17348950471198984,0.02996834838485763,0.004704790475283784,0.0038350417782186037,0.00930656888756663,0.061927714136875776,0.00480280782065274,0.009763834858566313,-0.0065419010489965275,0.01345682491445167,-0.08088201931824235,-0.006388700778776269,0.013348756721640478,1.892175021121236e-05,0.02458884425099521,0.004349913816526985,-0.0028992790564120983,0.025386838212013353,0.0007695258068278879,6.516389690833257,0.4120790190831913,-0.48614001375398685,3.0,57.798661921499324,81.72840447154472,1312.0,ok,0
60034-02-05-01,4U1724-307,NS,S1,S1,24.977488307191678,3.0,2808886.0,603.0,0.016988104832981493,0.00045655665102574346,0.13033842423852413,0.016895341966025414,0.00046631044525334293,0.02913456153092742,0.00159493843894954,0.1706884926728437,0.02907520298453883,0.0018062907254013457,0.019431054697414265,0.004262249253737301,0.13939531806131175,0.019982187784591304,0.004537501872144374,0.00839946227445736,0.00516935871080513,0.09164858031883177,0.008724358153361422,0.005643449556855903,0.009980774008462858,0.00919195921148436,0.09990382379300033,0.010475767530099796,0.009809921407123499,1.0858157416530916,18.266887811742787,4.558873388358595,1.624855759554968,3.2620232172470978,56.06821201066349,81.04570031785518,9648.0,ok,1
80105-10-01-00,4U1724-307,NS,S1,S1,,,,,,,,,,,,,,,,,,,,,,,,,,,,,,,,,,,,,,missing (no qualifying event file),0
93044-06-04-00,4U1724-307,NS,S1,S1,26.14140235158575,1.0,677020.0,90.0,0.019803010974562666,0.001016374698829557,0.14072317142021304,0.019558961184914604,0.0010179475482204317,0.02575171360347735,0.003212357616450305,0.16047340466095106,0.025652899603786163,0.0032351041662630484,0.0012497279880040381,0.00812655829815041,0.035351492019489617,0.00030735618934813657,0.008197010726908222,0.040863224311644415,0.011500312781273917,0.20214654167619198,0.04054439954357367,0.011389668615309007,0.001955936416700478,0.022152362459591627,0.04422596993510123,0.00186470963728333,0.022177994334692003,0.08829470988786517,8.0164529228017,0.15378318128702456,3.5532272111922416,2.0,111.058250426192,137.19965277777777,1440.0,ok,2
93044-06-07-00,4U1724-307,NS,S1,S1,24.893900580141167,1.0,807611.0,196.0,0.0184947061767994,0.0007966050237704643,0.13599524321386908,0.018454788237805473,0.00079181957406975,0.026189361054785285,0.0028276704588083915,0.16183127341396436,0.026297465110581765,0.0028393957376644566,0.009332858256341262,0.006761256360026733,0.09660671951961344,0.010096501549931008,0.006649917866413077,0.003861764369517964,0.008429011975905116,0.062143095911919,0.004495530559317494,0.008437407325581075,0.0018422055322425631,0.014902674667959864,0.042920921847539144,0.001835201073557698,0.015054114754478681,0.12361576517557812,9.261815135919955,1.3803437940200158,0.45815148685955975,2.0,95.07819763414457,119.97209821428571,3136.0,ok,0
93438-01-02-03,4U1724-307,NS,S1,S1,25.85076893544388,1.0,277596.0,74.0,0.0176341814217028,0.001195425943737021,0.13279375520596892,0.01762881989216222,0.00116979570259063,0.026748090786125577,0.004926469911576427,0.1635484355966928,0.02670718445021009,0.005037269788033711,-0.001867586195873053,0.013468000684017366,-0.0432155781619667,-0.000818931539918221,0.012995180184060559,0.03056828083197875,0.015514593237985801,0.17483787013109817,0.031041190034608764,0.016292388422722154,-0.0009623478754796929,0.029952901288445244,-0.03102173230945836,-0.005405727842056354,0.03084060252853744,-0.032128703200144826,5.429463950093713,-0.13866840666924968,1.9702921219446234,2.0,87.15852160509668,113.00929054054055,1184.0,ok,0
93438-01-04-00,4U1724-307,NS,S1,S1,26.958954725311905,1.0,604594.0,158.0,0.016112726937700037,0.0009708046868869063,0.12693591665757978,0.015987176561608744,0.0009927919575370015,0.026573631831042777,0.0034013707183446766,0.16301420745150644,0.026265732230677904,0.0034143408765981947,0.012588758589027641,0.009860004519516713,0.11219963720541899,0.010099598129731298,0.009824480589682992,0.020274024421544756,0.01047158428763347,0.14238688289847753,0.01818529574781147,0.010747805000108282,-0.0018733697315639437,0.01911153237945302,-0.04328244137712132,-0.0018284385028208923,0.019059505715591306,-0.09802299964067875,7.812624389256575,1.276749778776438,1.93609905288998,2.0,87.49832375570074,114.45727848101266,2528.0,ok,0
93438-01-07-01,4U1724-307,NS,S1,S1,25.36166130752739,1.0,477812.0,100.0,0.015596063246306857,0.0009983466735532154,0.12488419934606163,0.015293859809208743,0.0009948924717879323,0.029687405606592065,0.003479249439673964,0.17230033548020754,0.029312624283233123,0.0034313738828608267,0.004771428238309906,0.009109160900681609,0.06907552561008788,0.005496055629487947,0.008915458271745223,-0.012177101349148478,0.00984929223262911,-0.1103499041646547,-0.013971372087401917,0.009932151522039013,-0.007721441794378845,0.014852327471178641,-0.08787173490024448,-0.006317628505912407,0.015133887462299808,-0.5198809283839533,8.53270399876073,0.5238054624716175,-1.236342780936859,3.0,70.58688035913927,95.94854166666666,1600.0,ok,0
50031-02-01-09,KS1731-260,NS,S1,S1,25.507630903781195,1.0,2645861.0,201.0,0.01263761068458454,0.00024247680523404634,0.11241712807479357,0.012626151931984264,0.00024179582067097752,0.0236810629286698,0.0006128426588526678,0.15388652614400586,0.023663738235557376,0.0006135274646584224,0.013111719483921914,0.001512686863677951,0.11450641678055389,0.013149576495922747,0.001517985278358193,0.006227413259945529,0.0017498333549026564,0.07891396112187962,0.006263848634969975,0.0017650775368331804,0.0011452091090937277,0.003035438519288554,0.03384093836012423,0.0012081698582273274,0.0030430964734029157,0.37727962593099784,38.641342254150935,8.667834565603382,3.5588607580817095,4.0,167.8728106385073,193.38044154228857,3216.0,ok,0
50031-02-01-12,KS1731-260,NS,S1,S1,26.229320841943053,1.0,2254900.0,180.0,0.013296267039764522,0.0002940628026224683,0.11530944037573213,0.01327303745668936,0.0002941573126049821,0.023276051709911805,0.0005841063863687116,0.15256490982500467,0.023299150444604195,0.0005843336910432914,0.0118395184209386,0.0016659002341882436,0.10880955114758355,0.011892754732787392,0.0016738876053468787,0.0003445028599747768,0.0021053535792886465,0.018560788236892764,0.00041194365581140915,0.0021170523876252833,0.0026365212022679664,0.0033857592379551668,0.05134706615054035,0.002671030838681314,0.0033622844337011792,0.778709003496745,39.84899369893042,7.106979264402191,0.1636318304743742,4.0,164.2129534636125,190.44227430555554,2880.0,ok,0
50031-02-01-02,KS1731-260,NS,S1,S1,29.419046282227516,4.0,9146706.0,730.0,0.01349404665543958,0.00015790918624104363,0.11616387844523607,0.013269364027045765,0.00015603919761199124,0.023786943832043824,0.0003938903775806763,0.1542301651170867,0.02370516872686849,0.0003996680737788364,0.013767135666839871,0.0009958536780933435,0.11733343797417628,0.01309715909134848,0.001035774691272271,0.0024601180496102845,0.001158470750046093,0.04959957711120413,0.0021185613807319244,0.0012037985296957615,0.003852018248098667,0.0020317978422814903,0.06206462960574781,0.0032243885386250963,0.0021476437222159197,1.8958668859364793,60.389756099517314,13.824456312897654,2.1235909922735656,3.473972602739726,167.53581958535236,196.9548658675799,11680.0,ok,4
50031-02-01-05,KS1731-260,NS,S1,S1,27.944814324132896,3.0,7550566.0,551.0,0.01400064318935193,0.00016969544926304528,0.11832431360186262,0.013997329508797328,0.0001693452495367271,0.023975287928030175,0.00038538481772914656,0.1548395554373306,0.023992729814985236,0.00038426949134662714,0.013124964405788437,0.0010159500309710836,0.11456423702791564,0.013194540920269716,0.001011993637694664,0.0012025161055677965,0.0011982332684417007,0.034677313990097276,0.001234279576596535,0.001199217709837457,0.000129640046514319,0.0019711092317301507,0.01138595830461007,0.00014055741460218806,0.0019706592088134206,0.06577009758131304,62.21129329718515,12.918907432133349,1.003574293285702,4.0,162.38886875209212,190.33368307622504,8816.0,ok,2
50031-02-01-08,KS1731-260,NS,S1,S1,25.316825636344817,1.0,1914540.0,156.0,0.013344877462938866,0.00029177702154097653,0.11552003057019535,0.013338661730908762,0.00029134943738861897,0.02361899971571552,0.000727083777808499,0.15368474132364449,0.02365224801845734,0.0007273307748796527,0.011331057733830745,0.00172176356692671,0.1064474411802874,0.0112815520907625,0.001722334044211615,0.001595788634146629,0.00217764051681396,0.03994732324132155,0.0015786276773933976,0.002176199578524609,-0.0023225290860328586,0.003679206347235176,-0.04819262480953759,-0.0022525694878735227,0.003675450393357639,-0.6312581754970542,32.48456427800586,6.581076491272435,0.7328062744173125,4.0,163.42996923545005,188.74679487179486,2496.0,ok,0
50031-02-02-06,KS1731-260,NS,S1,S1,26.579929997721948,3.0,6988117.0,531.0,0.01644615976646072,0.0001855157379319804,0.1282425817209741,0.01642766161906896,0.00018553132553039212,0.02368074533042253,0.00035102865467209635,0.1538854942170396,0.023717927235860706,0.0003503090837304197,0.013052914268574672,0.0009296365345080668,0.11424935128294897,0.013054991933061961,0.0009284731814871735,0.0005344336290456923,0.0010471220168906327,0.023117820594634183,0.000568010965867955,0.0010483144938523816,-0.0009134382983096153,0.0019988441295994506,-0.030223141767685494,-0.0008897598768368492,0.002011283417285723,-0.45698325586430777,67.46100358258,14.040879186704776,0.5103833368270315,4.0,170.6702171303383,197.25014712806026,8496.0,ok,0
50031-02-02-02,KS1731-260,NS,S1,S1,32.25552081184294,1.0,2247216.0,210.0,0.01547783984534844,0.0003305825174901047,0.12440996682480243,0.015495553393149264,0.0003301814232600312,0.022727087133008052,0.0008151675931575171,0.15075505674108597,0.022711547354399834,0.000809490285834652,0.009625328383824272,0.0021079464840988143,0.09810875793640582,0.009557835761265942,0.002104024192681798,0.0003490086167808149,0.0023763950768117617,0.018681772313696977,0.00016911981637930554,0.0023845794196173066,-0.0021297374474846327,0.004245802201823364,-0.04614907851176048,-0.0016431542538499766,0.0042968321259502775,-0.5016101425002829,27.880263302636507,4.566210981366197,0.14686472808597745,3.0,177.72642363260152,209.98194444444445,3360.0,ok,0
50031-02-02-03,KS1731-260,NS,S1,S1,26.824167468034585,1.0,1484276.0,119.0,0.015280026826491704,0.000414566379960821,0.12361240563346262,0.015307319598648462,0.0004109240189885635,0.022892032394620565,0.0011026252055487283,0.15130113150475963,0.022908930709723222,0.001120379000914026,0.013275702929395441,0.0027891851076592535,0.1152202366313984,0.013052990662988704,0.00282766555557896,-0.0006424688656497896,0.002871565270367254,-0.025346969555546273,-0.0008120944353383049,0.0029110658260264257,0.005806557960701277,0.005511601948011931,0.07620077401641848,0.005398970700420993,0.005495850421218041,1.0535154779810865,20.76139043386751,4.759706658744033,-0.2237347248483828,3.0,179.58094457678337,206.4051120448179,1904.0,ok,2
50031-02-02-080,KS1731-260,NS,S1,S1,28.504023649885866,5.0,12533097.0,935.0,0.016241150883293247,0.000145650665255818,0.12744077402186965,0.01631442217360309,0.00014826787233118615,0.024361969824805863,0.000294918626000822,0.1560832144236076,0.02442975719093428,0.00030032482883249773,0.013310431218501428,0.0007447201590976309,0.11537084215043863,0.013400247818765238,0.0007849771746667335,0.0009267166615474146,0.0008711868064781305,0.030442021311788983,0.0009949504563203867,0.0009218681374139553,0.0007225647272619775,0.0015117824956393246,0.02688056411725724,0.0003915430005378331,0.0015938867418239236,0.4779554792744235,82.60573486036098,17.873064205257354,1.0637404683546228,3.8,174.16792376544393,202.67194741532975,14960.0,ok,2
50031-02-03-04,KS1731-260,NS,S1,S1,25.23208359996563,1.0,350359.0,123.0,0.006823799046418772,0.0017766367738120952,0.08260628938778676,0.007001258617612635,0.0017947893411633436,0.022149447259280242,0.00841962565889921,0.14882690368102214,0.022884575199592878,0.008423531811002527,0.03604627755573622,0.022831697734373883,0.18985857251053012,0.038396580214439945,0.02329345357954664,0.03882023766326084,0.026378885693049567,0.19702851992354012,0.03698890920436036,0.02667485987545769,0.06429576066019382,0.05204971155246616,0.2535660873622374,0.06149987055110026,0.05176776032836443,1.2352760225267267,2.630692640814637,1.5787821814699021,1.471640542932008,3.0,31.17238794474981,56.40447154471544,1968.0,ok,0
60034-01-01-00,SLX1735-269,NS,S1,S1,25.6444851848844,2.0,1386727.0,369.0,0.00777141210197526,0.000825286976736902,0.08815561299188646,0.007930151302312343,0.0008250672483031125,0.0196521851992494,0.0032496070635480464,0.14018625181967526,0.019515532504747427,0.0032584054399829076,0.03478446218357544,0.009779881695524004,0.18650593069276764,0.03433566798704203,0.009853475629155145,0.021588848258697158,0.010744528999236932,0.1469314406745444,0.02173825848088509,0.010847234869757826,-0.005545555430394303,0.020105946578530636,-0.07446848615618759,-0.005960651178563335,0.020366431503401807,-0.275816679843162,6.047557386151293,3.5567364991230295,2.009287541615866,4.0,31.709258040047857,57.35374322493225,5904.0,ok,0
60034-01-02-02,SLX1735-269,NS,S1,S1,26.6943928909271,1.0,308922.0,102.0,0.01249490118015186,0.0018352906988488564,0.1117805939336156,0.012623791554438723,0.0018672154933969788,0.018448806600358067,0.007693039922580095,0.13582638403623232,0.019399714712778432,0.008145244921665625,0.024608656223850875,0.02300248380005541,0.15687146402023178,0.021289913280457633,0.022906360714323306,0.01805020058527573,0.0280581464003812,0.1343510349244684,0.016580871833991227,0.02970712718091549,0.03381744918801869,0.051549898277545546,0.18389521252065996,0.04165575449484775,0.0508604130538722,0.656013887863463,2.3981165814840457,1.0698260430376476,0.643314078118521,3.0,35.60340122671995,62.29779411764706,1632.0,ok,0
80138-03-02-00,SLX1735-269,NS,S1,S1,24.346152199816164,1.0,771742.0,199.0,0.007996629819704537,0.001118230906640486,0.08942387723479975,0.007892844058039937,0.0011592152897445058,0.013084157618771346,0.004494004127501435,0.11438600272223584,0.01417622656360315,0.0048982138085665,0.04540427845301589,0.011755487596775402,0.21308279717756637,0.04471381341466337,0.012163096536938653,0.02479002418644356,0.014934922767219127,0.157448481054736,0.029334452916221495,0.015473063973525526,0.012397382767080434,0.025610960590209324,0.11134353491370945,0.01766243538642126,0.027458816872920202,0.48406551263132874,2.91146987131181,3.8623900607466544,1.659869593758833,4.0,31.87314742329941,56.219299623115575,3184.0,ok,0
96429-01-02-02,SLX1735-269,NS,S1,S1,24.64076709188507,1.0,167310.0,110.0,0.009126706570719133,0.006546535840203466,0.095533798054506,0.008211150762851498,0.006633543209608298,0.019425905792729382,0.0298088225711579,0.13937684812309892,0.04570295733455585,0.03413083604629501,0.06758213106027522,0.08484174829618128,0.25996563438323,0.07577199130512202,0.0948270564957582,0.04179299311486272,0.09538169297069872,0.20443334638669572,0.1191819970968816,0.09964230220718878,-0.03896693553969096,0.18207996648327263,-0.197400444628909,0.02290127122599432,0.20867213597498083,-0.2140100105042077,0.6516830963838636,0.7965669309918862,0.43816577178706123,2.0,19.49247154447856,44.133238636363636,1760.0,ok,0
96429-01-06-01,SLX1735-269,NS,S1,S1,27.162095270828434,1.0,199189.0,109.0,0.006950685438188049,0.00418659666797249,0.0833707708863727,0.006693905214848494,0.004710585382840508,0.05117951449111505,0.02061858737046738,0.22622889844384392,0.04861854674767603,0.020485797274487547,0.04455527442406061,0.05399593706007364,0.21108120338879208,0.02921149263496729,0.05897532844594744,0.14152379639474025,0.058127827904057995,0.3761964864199827,0.16224366862255407,0.06845400812773604,-0.045654635078562156,0.1181300542713918,-0.21366945284378427,-0.022593908581802782,0.1243187576603567,-0.3864777288062128,2.482202760622728,0.8251597592331856,2.43469954921299,2.0,28.65155151816238,55.81364678899082,1744.0,ok,0
96429-01-08-03,SLX1735-269,NS,S1,S1,26.65807041410215,1.0,203349.0,116.0,0.02081594199733144,0.005146838840425257,0.14427730936405572,0.02074620612779793,0.005234802642907534,0.0017444524931814818,0.022212211696759552,0.04176664330756641,-0.004593233181752614,0.023516187368991665,0.07210197930901546,0.06676711438127012,0.26851811728264346,0.09730023801372324,0.06756297837554087,0.054297141222413164,0.06957798236132444,0.233017469779442,0.06503416802694628,0.0727995472286127,-0.06394190378301388,0.12082085248536625,-0.2528673640132587,-0.0983464130077188,0.12674447205119427,-0.5292290400844382,0.07853574047450541,1.0799025834377218,0.7803782084459341,2.0,24.43487139624268,51.092941810344826,1856.0,ok,0
70080-01-02-04,SAXJ1808.4-3658,NS,S1,S1,25.233626973424276,5.0,12948295.0,1000.0,0.010910615683764892,0.00013687547795094085,0.10445389262140924,0.011061677613386046,0.00010999843476977995,0.03412422098758264,0.00041320182809269644,0.18472742348547666,0.03463166647320686,0.0003172930006689756,0.026499600373496923,0.0007561093440692495,0.1627869785133225,0.026723722428125023,0.0007601564840278584,0.0027930192126687913,0.0008273261563289272,0.052849022816593226,0.0027405823049998727,0.000840117194706737,0.0004864943342104991,0.0015404285422014996,0.022056616563074654,0.0001691266544053968,0.001563641740029944,0.3158175279686956,82.58487418871563,35.04731237796992,3.375959035384766,4.0,158.55493552657578,183.7885625,16000.0,ok,2
70080-01-02-22,SAXJ1808.4-3658,NS,S1,S1,22.99405983905548,1.0,690539.0,96.0,0.008914355060112976,0.0005299094049676996,0.09441586233315341,0.008931695421946618,0.0005295894848216506,0.040153943385972,0.0018874364542743282,0.20038448888567198,0.04021886510802189,0.0018673202323598265,0.02654791488507569,0.005811531369514128,0.16293530889612506,0.02634677165088915,0.005767167014047648,0.0010640275647227108,0.005704564319057159,0.03261943538326056,0.0014173002047633589,0.005719946148012524,0.01599813034882497,0.009337960948799696,0.1264837157456444,0.01605194636054087,0.009383971407994567,1.7132359448216985,21.274328624435828,4.56814446951789,0.18652214353480576,3.0,112.69669536927786,135.69075520833334,1536.0,ok,0
70080-01-03-010,SAXJ1808.4-3658,NS,S1,S1,25.423751124443516,5.0,7600607.0,1008.0,0.011862118512867536,0.00017405768534784616,0.10891335323488822,0.011909122141275352,0.0001742090207382668,0.037173690261555405,0.0006014766326589812,0.1928047983364403,0.03717499837517869,0.0006037162365572224,0.030290657275071086,0.0015395873575905765,0.17404211351012458,0.030455409120490204,0.001537746467864345,0.0025245715126171174,0.0018131642150358291,0.05024511431589262,0.0024224825980461257,0.0018166992146168178,0.008986714975097013,0.003169559837798072,0.09479828571813423,0.009197554188462942,0.0031710379025008594,2.8353195506604423,61.804047311396964,19.67452975352783,1.3923567935446104,4.0,84.85627429718349,110.28002542162699,16128.0,ok,0
70080-02-01-03,SAXJ1808.4-3658,NS,S1,S1,24.68500349917448,1.0,460030.0,176.0,0.32249335424961834,0.009348146947705077,0.5678849832929361,0.33485050613039474,0.009273919471018298,0.10577503748702552,0.01541274911858139,0.3252307449904229,0.10985369949349155,0.01630479612669916,0.119162333303997,0.047533308110304213,0.34519897639477004,0.11615951362804866,0.04965480404237556,0.08537164994085844,0.05089944786619445,0.29218427394515684,0.08614620881153998,0.05334460046470602,0.175689110299996,0.09100427592082092,0.41915284837395056,0.17126391368857663,0.0930075850862036,1.930558850364964,6.862827434172964,2.506922788278755,1.6772608254078758,4.0,14.869062551961882,39.55406605113637,2816.0,ok,0
70080-02-02-35,SAXJ1808.4-3658,NS,S1,S1,23.054565254129038,1.0,205448.0,111.0,0.012421770924704601,0.005556213786589871,0.11145299872459512,0.015496010780427711,0.005760267905862152,0.04324010297476476,0.030256085637478284,0.207942547293152,0.04114303380814557,0.03336365662094652,0.03469748600454046,0.08083310868449788,0.18627261206237608,0.024362331689748735,0.08335742909852523,-0.019137448214509956,0.08522563875186162,-0.13833816615276479,-0.03142499909794228,0.09143939484359354,0.14620050166183368,0.164042220263595,0.3823617418908875,0.1406759680029406,0.1708741638236482,0.8912370329230369,1.4291373805871022,0.42924844249117344,-0.2245503641249263,3.0,14.727341652777874,37.781906906906904,1776.0,ok,0
70080-03-13-00,SAXJ1808.4-3658,NS,S1,S1,25.969887225600857,2.0,892657.0,368.0,0.4267408172822239,0.009294303707664918,0.6532540220176405,0.4575030316215825,0.009691305208676296,0.08875021634173734,0.009992296204413508,0.29790974529500935,0.0926222548244507,0.01077370502918522,0.06726846790773537,0.027394933502346872,0.2593616546595417,0.06830864344362,0.030410473510952645,-0.0009028937969903675,0.03223276904261816,-0.030048191243240707,0.020038015952763787,0.035086662993989874,-0.03248052058825419,0.05737156578315818,-0.18022352950781478,-0.014775693040137873,0.06458002352147542,-0.566143178155843,8.88186404067337,2.455507617931345,-0.02801167333146468,3.0,20.49388089034117,46.463768115942024,5888.0,ok,0
70080-03-20-13,SAXJ1808.4-3658,NS,S1,S1,23.78741446686227,1.0,474850.0,197.0,0.10307137101205867,0.0034133091548130133,0.32104730338699106,0.10552297021297237,0.003513381597399102,0.061924297971992996,0.010688003158758133,0.2488459321990074,0.06250089704551577,0.011171355655652538,0.0497363555312414,0.02856159346134081,0.22301649161270876,0.053264078087202994,0.02979465940505215,0.021901066689842343,0.03312094649919713,0.14799008983659123,0.02952274536729679,0.03379634385703537,0.04035880248890655,0.06289864999605012,0.20089500364346186,0.03544105805338941,0.06452593960035574,0.6416481512948368,5.793813591947716,1.74137187403642,0.6612451938948434,3.0,22.929696362240943,46.717110829103206,3152.0,ok,0
70080-03-22-00,SAXJ1808.4-3658,NS,S1,S1,23.450891033245426,1.0,411042.0,151.0,0.01695313876617722,0.0050085074053892965,0.13020421946379931,0.01985550603875722,0.006233455511502843,0.040244740020890686,0.024672821953334947,0.20061091700326453,0.03952436464404117,0.028631794442318174,-0.01074378860170696,0.06388452411773417,-0.10365224841607132,-0.021064919714528042,0.07565140381154152,0.2343371885158535,0.08117689409367958,0.4840838651678586,0.2388450915873595,0.10028322275384736,0.4294074427387154,0.13091594138043486,0.6552918759901692,0.47651348854210074,0.15059128626716284,3.2800240995164973,1.6311364827666555,-0.1681751370943454,2.886747406785781,5.0,10.12857916543007,33.579470198675494,2416.0,ok,0
96027-01-01-00,SAXJ1808.4-3658,NS,S1,S1,26.23264178539713,4.0,6052596.0,589.0,0.01697825248025226,0.00022222442995952407,0.13030062348374338,0.01672215197185081,0.00022772320213842868,0.06799630799481039,0.0006296292264178593,0.2607610170152172,0.06842738025813032,0.000730737773185933,0.02482750118035247,0.0014009844840886156,0.15756744962190786,0.025041387641798515,0.0017645031620178418,0.01780769393222511,0.001616444198888585,0.1334454717561638,0.016473756619665627,0.0019429739342682912,-0.0073094969025499735,0.0029283088475492813,-0.08549559580791266,-0.009450004991256597,0.0035975340640412704,-2.496149580897976,107.99420538601873,17.72146762674787,11.016584392130026,2.33955857385399,197.74261642060173,223.97525820599884,9424.0,ok,0
96027-01-02-00,SAXJ1808.4-3658,NS,S1,S1,26.024935566004174,2.0,1204255.0,167.0,0.006650066369281904,0.0006254853208511337,0.0815479390866618,0.00671737706407948,0.0006277674604334964,0.03813074911146979,0.0028040735114890757,0.19527096330860302,0.03823320288833684,0.002792501232828979,0.03336212616818051,0.007515469891160499,0.18265302124022068,0.03373954501729172,0.007489077740949817,-0.0021839008129213473,0.008026894066592818,-0.046732224566366914,-0.0019375630691061943,0.007965099873166025,0.004631730796958699,0.014105541782057593,0.06805682035592538,0.004666428061272361,0.014223457508309625,0.32836248819951835,13.598341468309378,4.439127113983941,-0.27207295808356785,2.0,103.52128449387608,129.54622005988023,2672.0,ok,0
80138-04-02-00,XTEJ1814-338,NS,S1,S1,,,,,,,,,,,,,,,,,,,,,,,,,,,,,,,,,,,,,,missing (no qualifying event file),2
80145-02-01-01,XTEJ1814-338,NS,S1,S1,24.796327937034004,1.0,467451.0,128.0,0.014239030937713025,0.0014755043838751924,0.11932741067212103,0.014649173599448529,0.0015078991240131702,0.037761002899612546,0.005786220422993295,0.19432190535195085,0.03945100430259098,0.006157261161270078,0.034963548479004236,0.01665438516752051,0.18698542317251426,0.034931382646727224,0.01707701300751637,0.012724176676510482,0.019277567990381855,0.11280149235054686,0.004461179260305971,0.020135295590199512,0.01568549060430166,0.03589185409923764,0.12524172868617575,0.02601885752297545,0.0362498554760856,0.4370209062182393,6.5260221939623655,2.099359905953801,0.6600509298091413,4.0,30.965390812966003,55.76171875,2048.0,ok,0
80418-01-01-07,XTEJ1814-338,NS,S1,S1,24.28832584597755,1.0,949691.0,215.0,0.014220213937943867,0.0009247444537556414,0.11924853851491794,0.014389334786956883,0.0009237643342646814,0.0299690028081101,0.0037320703653999313,0.1731155764456512,0.029621806599953622,0.003828146676903608,0.05977811292728515,0.009543647589322066,0.24449562966909072,0.06047399879510786,0.009728932896214135,0.010550219298010904,0.011378325041163928,0.10271426044133747,0.009533926534843133,0.011258093511273203,0.010581447624319621,0.01960708530622372,0.10286616365122023,0.0077140922345423505,0.019474052126921614,0.5396746869337503,8.030128018472825,6.26365468420775,0.9272207692997744,4.0,36.58006078192942,60.86838662790698,3440.0,ok,0
80418-01-02-00,XTEJ1814-338,NS,S1,S1,24.14480510727234,4.0,3615602.0,842.0,0.012908685375822255,0.0004487631975671533,0.11361639571744148,0.012699203616566575,0.0004658547465170674,0.023681770918773125,0.0017480178476831532,0.15388882649098706,0.023217658648344325,0.0018589112117318506,0.04506086899846634,0.004906461167818237,0.21227545547817425,0.045054165891061544,0.005159413497760656,0.0057096151834198795,0.005800216113784024,0.07556199562888662,0.004328369179574482,0.0061251261336782515,0.011930866124099342,0.010437431207473652,0.1092285041740449,0.014879428407220284,0.011227441243334768,1.1430845278823325,13.547785539009952,9.183985658344387,0.9843797319639807,3.7482185273159145,39.3647393800594,63.50954448733175,13472.0,ok,2
80418-01-02-08,XTEJ1814-338,NS,S1,S1,24.083950300829603,1.0,677101.0,203.0,0.011428355682774087,0.0011370769502483586,0.10690348770163716,0.011649671474591457,0.0011751744656954112,0.027345408059387406,0.004785090111825615,0.1653644703658782,0.027331685263655144,0.004924428125169532,0.033655577293192275,0.012137673615955002,0.1834545646561902,0.03433683748384552,0.012255226655609519,0.008726921947871492,0.014370773831082755,0.09341799584593694,0.009247939953845348,0.014805809710293792,-0.0003880949466710317,0.024597394711315577,-0.019700125549626114,-0.005005254925357191,0.02548814795389249,-0.01577788831808662,5.714711200904541,2.772819434603344,0.6072687560495807,3.0,41.31701439539371,65.40096469622333,3248.0,ok,0
80418-01-02-05,XTEJ1814-338,NS,S1,S1,24.175786331792555,4.0,2559201.0,626.0,0.014976298466977149,0.0005448822134045602,0.1223776877824432,0.014702633114816602,0.0005600165030208115,0.02847757454881212,0.002198554989158933,0.1687529986365046,0.02751375497784085,0.0023202651328519844,0.048471100475208674,0.005907475602510848,0.22016153268727184,0.04725061799229715,0.00612046870931568,0.0028337805522925105,0.0069755683072895485,0.05323326546711662,0.003318758162344886,0.0071242437681172084,-0.008764035980615814,0.01316386757207706,-0.09361643007835652,-0.013610997302923944,0.01398697728052651,-0.6657645203910982,12.95285980529709,8.205044546372235,0.40624368187050475,3.6517571884984026,37.88478342326602,62.06056975505858,10016.0,ok,2
80418-01-03-02,XTEJ1814-338,NS,S1,S1,23.989980158475657,3.0,2173534.0,598.0,0.014380295979892295,0.0006355470254076305,0.11991787181188755,0.014696269193576963,0.0006375834746786326,0.025834833317034428,0.002542508388269652,0.16073217884740576,0.02558549496008723,0.0026360294568009614,0.04454199935898946,0.007044972853692708,0.2110497556477843,0.04101591388577079,0.0072813723731879046,0.02054929384046533,0.00808709083373566,0.14335024883293832,0.018444050512053695,0.008674278771293151,0.01468500445631844,0.014681478777722154,0.12118170017093521,0.017410857725007778,0.015501714652315188,1.000240144650935,10.161159521136042,6.3225224971083085,2.540999509334436,3.3411371237458196,37.91238536549313,61.90236552396879,9568.0,ok,2
80418-01-03-08,XTEJ1814-338,NS,S1,S1,23.902013410744257,1.0,322928.0,99.0,0.01178495932518541,0.0015014282569147527,0.10855855251975963,0.012068568436112766,0.0015205320132552931,0.031663554326357805,0.0062255305436751006,0.1779425590643166,0.03240863165876761,0.0063368690122029316,0.047645795771061816,0.01623250693000457,0.2182791693475624,0.049163679667024465,0.016027292311891175,-0.014513869029051885,0.021662598714677326,-0.12047352003262744,-0.014110513504912024,0.021686752862304034,0.07120648770617478,0.031664952878047985,0.26684543785902504,0.06537682262052626,0.03192174823523321,2.248747628976872,5.086081275197784,2.9352087127708004,-0.6699966712312372,3.0,42.01107581484497,65.91308922558923,1584.0,ok,0
80418-01-04-03,XTEJ1814-338,NS,S1,S1,23.724806791623227,1.0,484862.0,119.0,0.010224378100526685,0.0012267728626740673,0.1011156669390391,0.010542934274306876,0.0012595472987223068,0.030031814538680684,0.004155877394035742,0.17329689708324464,0.02956373275414521,0.004222697135668588,0.04596751147251702,0.012411524237332952,0.2144003532471834,0.04664111901927848,0.012682977468462425,0.007307929710459871,0.01485306334124538,0.0854864299784467,0.006635804162661772,0.014978214607007772,0.0146274811958128,0.028400541075839572,0.12094412427155277,0.01476370965969344,0.028261269931829303,0.5150423422128546,7.226347577476776,3.7036153330990667,0.4920149832099972,4.0,37.75654825039357,61.48135504201681,1904.0,ok,0
80418-01-05-00,XTEJ1814-338,NS,S1,S1,24.596206761393006,1.0,280588.0,134.0,0.009817241928040883,0.0022728573466234098,0.09908199598333131,0.01097738962464209,0.002445599479195828,0.012264971747823941,0.010806008275613234,0.11074733291517201,0.02016478357942665,0.011477292530222826,0.03980408625263973,0.02508301885069967,0.19950961443659734,0.039971993867058,0.02715455491821037,0.0004331907393188937,0.03439408285853361,0.020813234715413503,0.004598679531721313,0.035781243539727364,-0.009784674822083908,0.05948265655342232,-0.0989175152441867,-0.007431827592946987,0.06592254199885625,-0.16449626477755136,1.1350140991010773,1.5868937662393627,0.012594920501315637,2.0,39.37510853711445,63.97131529850746,2144.0,ok,0
80418-01-06-00,XTEJ1814-338,NS,S1,S1,24.114969964084835,1.0,500319.0,160.0,0.008216090007258979,0.002182076766098344,0.09064265004543379,0.009138792366660398,0.0022938780917195973,0.014143295387043883,0.00884743857443409,0.11892558760436664,0.018709715616879813,0.009681394718065632,0.07994675775733544,0.023107087314561424,0.2827485769324674,0.08848193810993575,0.024696838728968978,-0.006614019007124863,0.030497318414320834,-0.08132661930219934,-0.011987396303397398,0.0350340836542604,-0.036748838244509474,0.057344697911768716,-0.19169986500910602,-0.03516318440683225,0.06171194310343458,-0.6408410817867016,1.5985751433090376,3.459837091062329,-0.21687214978281738,4.0,21.23268628591517,45.34765625,2560.0,ok,0
80418-01-06-02,XTEJ1814-338,NS,S1,S1,23.618479718179714,1.0,378927.0,202.0,0.006152801988732378,0.005426803764345447,0.07843979850007507,0.007927800170013731,0.005874403938573217,0.034475953886785836,0.024327613989857517,0.18567701496627373,0.03690891136504345,0.02717781628795601,0.09836068191113025,0.07145321554573535,0.3136250658208464,0.12327424873922802,0.07656677912141405,0.11954988056610182,0.08541833595728282,0.3457598596802437,0.09946909303310571,0.0915307093009831,0.1630745244642168,0.13726101431497328,0.4038248685559333,0.18982576355342665,0.15215071421584211,1.1880614847418305,1.417153112555933,1.3765746042341807,1.3995810059550677,3.0,13.179684473239428,36.79816419141914,3232.0,ok,0
94090-01-02-01,4U1820-30,NS,S1,S1,26.550813632197304,2.0,2532323.0,199.0,0.010372031182087186,0.0003322546661893274,0.10184316954065789,0.010392714636201393,0.0003316210124338701,0.02645484800044341,0.0010608742479466728,0.1626494635725658,0.026380776000445062,0.0010603596297214905,0.017123875860841145,0.0027651760419530776,0.13085822809759096,0.0170859367023153,0.002766230326030237,0.0031335850252628026,0.003235469208016342,0.05597843357278589,0.003240144195029817,0.0032268696950576944,-0.0004196265829098554,0.005564152075670765,-0.020484789061883342,-0.0008366372114496679,0.005572620537055711,-0.07541608805853296,24.936836813266883,6.192689217987851,0.9685102295206189,2.0,222.94070646830514,249.49152010050253,3184.0,ok,0
50035-01-02-00,GS1826-238,NS,S1,S1,27.239405847569966,5.0,9031373.0,760.0,0.017442851161463595,0.00019272545273287957,0.13207138661142162,0.017519263859955853,0.00018877439687881508,0.025127716922352245,0.0004629125312912948,0.1585172448737116,0.02525591543882869,0.00046002103543752343,0.012033627241772274,0.0011100596017549686,0.10969789078087269,0.011868579276008788,0.001109509188793267,0.0010857937332099774,0.001315675944300945,0.03295138438988531,0.0007865550204261028,0.0013306020400607203,0.0017554614543537244,0.0023545963305647137,0.04189822734142489,0.001425822053835212,0.0023511930869415383,0.7455466703851967,54.28178159761297,10.840523538328478,0.8252744438425448,4.0,127.21238280374581,154.45178865131578,12160.0,ok,4
50035-01-03-02,GS1826-238,NS,S1,S1,25.28698099097142,1.0,1072317.0,146.0,0.018156059224847736,0.0004902236114186707,0.13474442186913616,0.018132769533394932,0.0004936670014834901,0.029486044104042233,0.0012569255673821628,0.1717150083831994,0.029602477242502468,0.0012473081486897536,0.010658327104462025,0.0035877425023174174,0.10323917427247287,0.01116773567811039,0.0036153152335976217,-0.0006050959598069204,0.0043473335062087,-0.024598698335621755,-0.0006902441558009182,0.004330338434413729,-0.013241110439720382,0.007487008193028935,-0.11507002407108631,-0.013086105298633634,0.007605753601529899,-1.7685449378897466,23.458862536668512,2.9707614461120135,-0.13918783984314634,3.0,125.4274881871108,150.7144691780822,2336.0,ok,0
50035-01-03-04,GS1826-238,NS,S1,S1,26.509951797136065,2.0,3274406.0,333.0,0.01816235955132451,0.00030688914175214287,0.13476779864390645,0.018085934495483864,0.00030613109783976235,0.02679520033326241,0.0006477024064815887,0.16369239546558786,0.026808661902757974,0.0006525652851488843,0.011527785527359223,0.0017812733021393126,0.10736752547842025,0.011444632451755078,0.001774438486268226,0.003366355913139804,0.0021242531562718245,0.05802030604141798,0.0034510792677687834,0.002118397141493523,-0.00042592470271159534,0.0036514552622194532,-0.020637943277167795,-0.00038864616171981086,0.0036448894012534473,-0.11664519270399243,41.36961676399773,6.471654581873725,1.5847244492497,4.0,122.82633761727833,149.3362894144144,5328.0,ok,0
50035-01-03-090,GS1826-238,NS,S1,S1,26.374904571619254,7.0,10700788.0,1032.0,0.01811475573333302,0.00018094505426276335,0.13459106854963676,0.0180711477243436,0.00017661667713003088,0.026564305186558602,0.00036827363121817486,0.16298559809553298,0.026759392829838087,0.0004100196246395681,0.010185482128401408,0.0009571033403688679,0.10092314961594,0.010022637818587494,0.0011160885852570602,0.0015411620893943624,0.0010864435547783926,0.039257637338413046,0.0012360383969176715,0.0013302276447844155,0.0014523397272240789,0.0020209835201725657,0.0381095752695314,-8.721056935284644e-05,0.0023269278631293075,0.7186301682955178,72.13197724390216,10.641987859404942,1.4185385725894624,3.8410852713178296,127.14367585473734,153.51858042635658,16512.0,ok,3
80048-01-01-09,GS1826-238,NS,S1,S1,23.473039019195614,1.0,787209.0,95.0,0.010671902367678336,0.0004503880301386564,0.1033049000177549,0.010648704885032199,0.0004452666868088964,0.026341294903995397,0.0014689063095635884,0.16230001510781014,0.026278722044836268,0.0014754362305964628,0.017683516699372043,0.0038449634234855286,0.13297938449012328,0.017517588457443382,0.0038415959231455593,0.0037366740410517455,0.004988347293735736,0.06112834073530661,0.003934721684139078,0.005029771400970386,0.0132178896468262,0.009111449622810174,0.11496908126460001,0.013358008748251913,0.009063350420309516,1.450690087089513,17.932590208439766,4.599137820494952,0.7490805713836692,3.0,132.14275045448863,155.6157894736842,1520.0,ok,0
80048-01-01-14,GS1826-238,NS,S1,S1,25.590745279097973,1.0,1016583.0,127.0,0.01040090437283718,0.0004709715499189521,0.10198482422810357,0.010396451983884421,0.0004745230393472971,0.02470050812706358,0.001386018620227235,0.15716395301424427,0.024642984912066065,0.0014024739275831399,0.009859365648297612,0.003924243505610895,0.09929433845037497,0.00998869883350675,0.0039307242411979705,0.008454495562423775,0.0042445252083888095,0.09194833093876024,0.00836366665481886,0.004248265438587656,0.008708385590952827,0.007404202936721242,0.09331873119022155,0.009286081115962585,0.007397124744469356,1.1761408574802124,17.821195016134762,2.5124245307918995,1.9918589588570355,3.0,127.62579015397289,153.21653543307087,2032.0,ok,0
80049-01-01-00,GS1826-238,NS,S1,S1,24.64780072035277,2.0,4130038.0,384.0,0.017413355125572513,0.0003044750734110836,0.13195967234565456,0.01762894010515866,0.00027702922746288797,0.02549981098202608,0.0006869088578164416,0.15968660238738278,0.026063166186994422,0.0007261142344466598,0.01149551262856212,0.001659777861876034,0.10721712842900671,0.012494764231444749,0.0017778967752223528,0.0011301807889287842,0.0018953315957872625,0.03361816159353132,0.002112738364894378,0.002085735746722905,0.005059679664856439,0.003463724436626949,0.07113142529751838,0.007437363936802257,0.003753534906674545,1.4607627591136165,37.12255373017803,6.9259344232780835,0.5962971289250005,3.4765625,137.55398150620974,162.2017822265625,6144.0,ok,2
90043-01-01-02,GS1826-238,NS,S1,S1,26.036192301741405,3.0,5651478.0,608.0,0.017808272899590062,0.0002331230270914961,0.1334476410416837,0.017850408402848277,0.00022517068897035526,0.026717278940847914,0.0005986520494386472,0.1634542105326379,0.02685925222784964,0.0005956710301233005,0.011513123190363775,0.0015553708862185167,0.10729922269226266,0.011560686717895586,0.0015646715304684783,0.0030688875081362034,0.001785208302180507,0.05539754063256061,0.0031874693246701975,0.0017999486341899094,-0.0012203002960031416,0.0032634644880083804,-0.0349327968534319,-0.001180319119999061,0.003300039681191304,-0.3739278611693623,44.629061181533686,7.40217223581635,1.7190641027087832,3.0,142.1084760096621,168.1446683114035,9728.0,ok,2
70044-01-03-00,GS1826-238,NS,S1,S1,26.26435134477864,1.0,963996.0,112.0,0.017207262021284045,0.0005287937297007599,0.13117645376089432,0.01720459924250991,0.0005230508704084645,0.027671073177223462,0.001590374900782301,0.16634624485459076,0.027692372515770596,0.0015787955227874158,0.017882620789152925,0.004053844584661311,0.13372591666970515,0.017381732838917214,0.004151393865141181,0.0001533177073750264,0.004642751686440064,0.012382152776275473,5.4977322862289684e-05,0.0046417949403666555,0.005469737852149835,0.008886505937213655,0.07395767608673108,0.005847815634374341,0.008847912199966034,0.6155105156959879,17.399088204681888,4.411274387976316,0.033023025509379814,3.0,130.45012038141184,156.7144717261905,1792.0,ok,0
92703-01-04-02,GS1826-238,NS,S1,S1,25.748166785084692,2.0,2021160.0,320.0,0.0189192642414361,0.00045897345625909805,0.13754731637307976,0.018972468728124452,0.00045689073470046187,0.023709055624989088,0.001501530237330794,0.15397745167715007,0.024023532688062312,0.0015164774011709925,0.0037606678672163336,0.0037544314539069887,0.06132428448189456,0.0037194746460425406,0.003785976311171044,0.0035031094348823635,0.004509706380980461,0.059187071518046606,0.0037887620692179788,0.00453141304530069,0.0010640598456550482,0.007929140213351952,0.032619930190836526,0.001307487292423705,0.00805467238033788,0.1341961192543005,15.789928857600405,1.0016610806152433,0.7767932408319559,2.0,135.33728243366528,161.08544921875,5120.0,ok,2
70044-01-04-00,GS1826-238,NS,S1,S1,25.84259797861703,4.0,5795861.0,709.0,0.018492079670037003,0.00025090501184438224,0.13598558625838625,0.01869149578165443,0.0002524803043778227,0.025225397200678696,0.0005981765435576396,0.15882505218220044,0.024991892786274443,0.0006989298169875398,0.014306151452406195,0.0017039982006378013,0.1196083251801738,0.014251527611835854,0.001937810034404649,-0.00027686121891790495,0.0019447857400495274,-0.016639147181208083,-0.0005081905656777557,0.0024194043928776796,0.004786383085686795,0.003368583227791658,0.06918369089378504,0.00443275214428068,0.004137615173179195,1.4208890687924622,42.170488750112625,8.39563765211222,-0.14236078207301858,2.6445698166431595,140.091126163367,165.93372414198402,11344.0,ok,2
91017-01-02-05,GS1826-238,NS,S1,S1,24.606846826409715,1.0,1526814.0,161.0,0.01658805655893788,0.0004388395067760483,0.12879462938701242,0.016594881197689714,0.00043933261431217677,0.024247743290000328,0.0009608458503622391,0.1557168689962662,0.024257456120820354,0.0009720467689984166,0.011801710977012795,0.0024863259622504726,0.108635680036592,0.011718753367749253,0.0025098588823246,-0.0006867401457674115,0.0029347132481496356,-0.02620572734665862,-0.000836463572758993,0.0029785709677404566,0.001987700265079337,0.005153500833013376,0.04458363225533937,0.0014611773305787698,0.005195464056652049,0.3856990285799723,25.235830784780852,4.746646721385878,-0.23400587645161164,3.0,159.58906414667518,184.19591097308486,2576.0,ok,0
91017-01-02-03,GS1826-238,NS,S1,S1,24.494110985987245,1.0,1110652.0,120.0,0.01970336356848925,0.00076167791331155,0.14036867018138074,0.019690090982203572,0.0007705859354373367,0.030264322459882184,0.0023262848640318817,0.17396644061393618,0.03025817127883435,0.002348586245715827,0.012206184420277388,0.006312143847563521,0.11048160218007969,0.013608562089230659,0.006270330117716044,-0.0015706947071736236,0.007042558912197403,-0.039631990956468785,-0.001832500880938813,0.007055024149759724,-0.005371079432027589,0.013386656259302741,-0.07328764856391279,-0.005643716670968496,0.013619200193065199,-0.4012263651197501,13.009723326587148,1.933762080689742,-0.2230289766484238,2.0,133.57385776401279,158.06796875,1920.0,ok,2
91017-01-02-10,GS1826-238,NS,S1,S1,25.4086057640771,1.0,1945303.0,210.0,0.01800294631699252,0.00034449932808551894,0.13417505847583044,0.017980831034000853,0.00034557557307522176,0.025828113177141322,0.0008577831858536026,0.16071127271333932,0.025774622234886437,0.0008556905860243016,0.01395201412212625,0.0023784165440153674,0.11811864426129455,0.014019549511044014,0.002414788966245216,0.003459579390424469,0.002834459977948802,0.05881818928209597,0.003247653847164407,0.00283727950852191,0.009096681257219932,0.004725729571698589,0.09537652361676814,0.0094695546569075,0.004756325527770404,1.9249263249632527,30.110304798571086,5.866093623184999,1.2205426844403864,3.0,153.2913942359229,178.7,3360.0,ok,0
96306-01-01-01,GS1826-238,NS,S1,S1,26.784609835788,4.0,2328524.0,355.0,0.01728405663306813,0.0005176275170720563,0.13146884282242743,0.017248113275722562,0.000524182924642249,0.02824262805341785,0.00187117069481301,0.16805543149038013,0.028015448622262715,0.001892497391006572,0.009651439566793867,0.0051004918687816946,0.09824174045075681,0.009827242253219456,0.005178210203453725,-7.712369899680606e-05,0.005987682412701356,-0.008782009963374334,6.201337309393216e-05,0.006046304068137967,0.007042288398646589,0.011126420089737979,0.0839183436362193,0.006951357060559297,0.011295832297860468,0.6329338944465858,15.09356048152528,1.8922566323195047,-0.012880392392423421,2.0,103.89408734731059,130.6786971830986,5680.0,ok,0
91015-01-07-00,HETEJ1900.1-245,NS,S1,S1,26.350856308180035,1.0,727384.0,189.0,0.00891936558659965,0.0008518616556681765,0.09444239295252768,0.008982875673854515,0.0008518245667844084,0.03283602217484919,0.0033641578155491794,0.18120712506645315,0.03298487114586014,0.0033743759422686106,0.04008464520181321,0.00916842274955477,0.20021150117266792,0.040379448743651104,0.00922165476085132,0.021032671250681884,0.01195626390074935,0.1450264501761037,0.0198800212633735,0.012081334836415719,0.020565883746474375,0.020285026790992047,0.14340810209494573,0.02082963218798788,0.020199205647153967,1.0138455304188727,9.760547505554195,4.372032823612956,1.7591340761024585,3.0,52.43000788935083,78.78086419753086,3024.0,ok,0
91059-03-03-00,HETEJ1900.1-245,NS,S1,S1,26.002550005894996,1.0,737211.0,156.0,0.013611332814256525,0.0009872222895923625,0.11666761681913505,0.013824888296489415,0.000995808173268393,0.028683111313417286,0.003493531606270717,0.1693608907434573,0.028821871982360678,0.003544697497696473,0.028596942744022278,0.009749913737254416,0.16910630604451826,0.028323632880119264,0.009603802759053995,0.008897370262724021,0.011509937335334567,0.09432587271117093,0.010045360930320407,0.011829302033078953,-0.011928355014520928,0.01884025238458683,-0.10921700881511509,-0.011063539432375166,0.01894155301915752,-0.633131381205885,8.210348308265628,2.933045718625527,0.7730163947469828,4.0,43.14749005820757,69.15004006410257,2496.0,ok,0
91057-01-07-04,HETEJ1900.1-245,NS,S1,S1,25.420886467290508,1.0,1210205.0,197.0,0.017070764369771237,0.0006477889890867133,0.1306551352598559,0.01714740593389918,0.0006398287259211571,0.026888599328549707,0.0019755472120757457,0.16397743542496848,0.026866712650103083,0.001997754019606284,0.006234292196800364,0.0047204191050882315,0.07895753413576417,0.0070447342377031345,0.0047690444411807665,0.008528591358553085,0.005830516740679442,0.0923503728122041,0.008448170877294792,0.0058528526037572495,0.001500449783886987,0.010688612659513855,0.038735639711859504,0.0023034418651678564,0.010903320311670692,0.1403783476568821,13.61070956147757,1.320707347803143,1.4627505138694157,4.0,64.71053802509529,90.13142449238579,3152.0,ok,0
92049-01-05-00,HETEJ1900.1-245,NS,S1,S1,25.180073364644993,1.0,641030.0,193.0,0.01774849720338641,0.0009632852411313665,0.13322348593017078,0.017707394545877116,0.000966824022567044,0.027602864387401425,0.0035180399455641276,0.1661410978277242,0.02799143670569844,0.003512972799863865,0.005198196123250556,0.01054080023780522,0.07209851678953288,0.005458402491271857,0.010770362672466232,0.0036091597677504216,0.01332851647609155,0.06007628290557283,0.006327754616414774,0.013583713952178295,0.046157546836626755,0.021058429311645702,0.21484307490963434,0.047871723048409795,0.021101309438051143,2.191879847900184,7.846091805241065,0.49315004610436597,0.2707848074633412,2.0,73.63210280115813,98.81217616580311,3088.0,ok,0
92049-01-07-00,HETEJ1900.1-245,NS,S1,S1,25.82930019507815,1.0,1830960.0,171.0,0.014002475348340985,0.0009067001457625616,0.11833205545557376,0.016125778229413662,0.0005348987748005327,0.021286764712964736,0.0019326822649098827,0.14589984480103033,0.024700499995938766,0.0016093571093351716,0.015035167367391846,0.003280369484736931,0.12261797326408493,0.01858711456014125,0.0038668359106571516,0.005409537276361604,0.004676775310214561,0.07354955660207343,0.007356176725115712,0.005223964004193267,0.011199451697071892,0.006795982965792311,0.10582746192303721,0.014385764601962196,0.008156671779708934,1.6479517022694896,11.014104645885649,4.583376182880689,1.1566810286024678,4.409356725146199,79.83380287509729,105.66310307017544,2736.0,ok,2
92049-01-40-00,HETEJ1900.1-245,NS,S1,S1,26.030567219986928,1.0,1087123.0,199.0,0.013056899505400387,0.0005731740366972195,0.11426679091232232,0.01314821822379412,0.0005712900702106519,0.030392923854013317,0.001961978153819276,0.17433566432033726,0.030648686047230905,0.0019495695460760615,0.012722015618619653,0.004973619638488469,0.11279191291320337,0.012365757939667881,0.005068512183688783,0.008188044285338526,0.0066074368620976974,0.09048781291057115,0.008025963040622794,0.006608910514804793,0.022249873644984933,0.010355280024650831,0.14916391535818888,0.022621136265908566,0.01049667519888722,2.148650117816121,15.490959364072973,2.5578987826431367,1.2392164247997104,3.0,82.35364551033133,108.38421273031827,3184.0,ok,0
93030-01-47-00,HETEJ1900.1-245,NS,S1,S1,27.119032827062206,1.0,774471.0,187.0,0.013119069006408383,0.0007086103268431027,0.11453850447080398,0.013109683441609649,0.0007173626467929542,0.02409997172531553,0.002841781006966528,0.15524165589594674,0.02415429342743537,0.0028553248160541364,0.005190203619270312,0.007671697902922653,0.07204306780857067,0.004677628477600925,0.007840270304394695,0.003232680567545422,0.009944056968165997,0.05685666686981767,0.0038471265356098566,0.009906386885182512,-0.008213955821795231,0.01519297907757602,-0.09063087675729078,-0.007499284125775378,0.015333772234186386,-0.5406415542241196,8.48058723252611,0.676539103200743,0.325086690260749,2.0,96.08567973978269,123.20471256684492,2992.0,ok,0
94030-01-05-00,HETEJ1900.1-245,NS,S1,S1,26.814444490354507,1.0,358053.0,149.0,0.01313052606242506,0.00169095543991148,0.11458850754951415,0.013048239742776737,0.0017601038670488616,0.038805733551449194,0.008468224031356983,0.19699170934699053,0.03942652971268622,0.008685471411790179,0.049920363213064874,0.022973594836183293,0.22342865351844393,0.04952200059156634,0.022800026353436524,0.011853572851175597,0.026313453319396933,0.10887411469755148,0.014069737627270817,0.026811844063355367,0.038998909588578635,0.046363635684277676,0.1974814158055857,0.03481721459429447,0.047778109993353954,0.8411529642357947,4.582511446054741,2.1729452255526227,0.4504757588179332,2.0,44.35984242239717,71.17428691275168,2384.0,ok,0
94030-01-36-00,HETEJ1900.1-245,NS,S1,S1,26.854864329366414,1.0,856529.0,198.0,0.01447169321709613,0.0007621118986729705,0.12029835084944486,0.014394404011176387,0.0007814669521285339,0.031435929928826406,0.0026509848118171043,0.17730180464063644,0.03134927871946694,0.002642922043715611,0.010895582215804188,0.007584835114975699,0.10438190559576975,0.010571732057505173,0.007657370770830398,0.005422863538335029,0.008558313857721479,0.07364009463828132,0.006559135337326225,0.008521041768484382,-0.011814910628112803,0.013415188400599827,-0.10869641497359885,-0.01176240860362076,0.013416896473168854,-0.8807114947103186,11.85820823593433,1.4364955929353906,0.6336369089154653,2.0,99.82332380194671,126.67818813131314,3168.0,ok,0
96030-01-01-01,HETEJ1900.1-245,NS,S1,S1,25.525899038314346,1.0,458977.0,137.0,0.020268892424491713,0.0011235559174323922,0.1423688604452944,0.02014983581032751,0.0011261760557753013,0.03226738706403915,0.004241235926816457,0.17963125302696953,0.03244541689137561,0.004311111429267003,0.009006514340400429,0.011080108389790129,0.09490265718303376,0.008768610012347565,0.011088820419659721,0.01646489942644771,0.014120650168304301,0.12831562424914478,0.01630684131309134,0.014232422197931322,-0.013336223628060443,0.02532459918969512,-0.11548256850304484,-0.010334591515272704,0.025302500894566527,-0.5266114392636513,7.608015121257258,0.8128543533653124,1.1660156742219554,2.0,78.6907980419776,104.21669708029196,2192.0,ok,0
96030-01-25-00,HETEJ1900.1-245,NS,S1,S1,24.63799281688019,1.0,523820.0,143.0,0.021211851873818507,0.0010162190250375407,0.14564289160071806,0.020919716803034692,0.0010216383722103047,0.03245511093740739,0.003760742291194111,0.18015302089448124,0.03286419456400311,0.00375005984819552,0.023983160380819293,0.009448414012016834,0.15486497467413118,0.023374552706290845,0.009634969182912676,0.0022601877423178035,0.012397302265084696,0.04754143184968038,0.0012209074718761896,0.012279731905124361,-0.009902503255844502,0.02201297456326709,-0.09951132224950336,-0.010839834369831896,0.02206587873188079,-0.4498484849189235,8.629974729563893,2.5383265752661393,0.18231286887981368,2.0,82.84911382647647,107.48710664335664,2288.0,ok,0
40430-01-01-00,V4641SGR,BH,X,E_v4b2,,,,,,,,,,,,,,,,,,,,,,,,,,,,,,,,,,,,,,missing (no qualifying event file),0
70119-01-01-00,V4641SGR,BH,X,E_v4b2,25.278599067128482,3.0,822605.0,486.0,0.003809749783364852,0.0034145553586226274,0.06172317055502619,0.015231360954049632,0.05347195792252086,-0.007988137879875224,0.015156493605379481,-0.08937638323335323,-0.2869386501002116,0.3310105245636928,0.057402273595164206,0.04166007223186844,0.23958771586866512,0.2823829818503001,0.6196831358739209,0.021668361497227895,0.05342078635538357,0.14720177137938217,0.6631148177625227,0.8422339092844909,0.210906643250769,0.09131077515045487,0.45924573296958243,3.1869652092025347,1.2611542067601367,2.3097673073441034,-0.5270439250566504,1.3778726372743433,0.40561667050496775,2.1810699588477367,14.958755185272064,40.23735425240055,7776.0,ok,0
80054-08-02-00,V4641SGR,BH,X,E_v4b2,,,,,,,,,,,,,,,,,,,,,,,,,,,,,,,,,,,,,,missing (no qualifying event file),0
80054-08-02-01,V4641SGR,BH,X,E_v4b2,24.50773386502572,1.0,1416465.0,83.0,0.048280639841284945,0.003906442184823092,0.2197285594575383,0.04244582425906511,0.0021893915230787775,0.03478710849014902,0.001712470860509134,0.1865130249879322,0.027137048997969922,0.0019545951321217935,0.0014158289746912327,0.0013253277926250863,0.03762750290268054,0.004269299193125129,0.004254089125632456,0.0016308892446388408,0.001606316066557215,0.04038426976730966,0.006224652640567342,0.0065547680638489295,0.0014104526061548663,0.002602425554993289,0.03755599294593163,-0.0034931565666005628,0.00785829928453819,0.541976158913988,20.31398565217424,1.0682858856275022,1.0152978474119934,3.0,319.08915368517506,343.5968875502008,1328.0,ok,0
91422-01-01-01,V4641SGR,BH,X,E_v4b2,26.30209452951218,2.0,734860.0,286.0,0.009341150742025751,0.003785778245588285,0.09664962877334683,-0.10534898475270647,0.07699378234753568,0.003242347671639718,0.015601260557394699,0.056941616342001726,-0.22592464926386963,0.14222715901778207,-0.003629955827715728,0.04287448609257534,-0.0602491147463241,1.1163882158039096,0.8157937235788293,0.07611010916933383,0.05324360192128047,0.27588060672931297,0.2155061558860941,0.611110393265551,0.006085775721805153,0.0906202712003037,0.07801138200163585,-0.3742014333193824,1.9974450551911171,0.06715689151220237,0.20782600609172616,-0.08466470758105098,1.4294695779947608,3.0,11.81809777818013,38.12019230769231,4576.0,ok,0
40124-01-09-00,XTEJ1859+226,BH,X,E_v4b2,,,,,,,,,,,,,,,,,,,,,,,,,,,,,,,,,,,,,,missing (no qualifying event file),0
20071-11-01-00,2S0918-549,NS,X,E_v4b2,,,,,,,,,,,,,,,,,,,,,,,,,,,,,,,,,,,,,,missing (no qualifying event file),0
93416-01-17-02,2S0918-549,NS,X,E_v4b2,29.870978884207897,1.0,109418.0,76.0,0.011426277285775771,0.015623123622098502,0.10689376635602177,0.013749008115254138,0.016994729565337742,0.018508122354388166,0.07237072420842242,0.13604456017933303,0.01888711214870879,0.08402754251847817,0.2801067080227784,0.21352550824908947,0.5292510822121939,0.39508094456059084,0.24991992085719247,0.4163323932062823,0.23036256079292197,0.6452382453065552,0.40072889426563796,0.26462688661795,0.7323404889348786,0.3602442451943065,0.855768945998205,0.827922437316472,0.4019321216178373,2.0328998969570575,0.25574046075711665,1.3118184816402272,1.8072919131183507,2.0,14.213313878949993,44.0842927631579,1216.0,ok,0
96408-01-05-00,4U2127+119,NS,X,E_v4b2,24.68100005755659,1.0,264976.0,195.0,0.007261890829162855,0.007831525845117197,0.08521672857580755,0.008435814321154419,0.01122794753590945,0.027873011161330917,0.03266995728683489,0.1669521223624633,0.005600533978061256,0.04509864197534923,0.1213858265966301,0.10107717550713606,0.34840468796592,0.056536971741457345,0.14861259391004622,-0.006698951797248177,0.12235055129694739,-0.08184712455088558,-0.012678605011050356,0.17646746596952526,0.04225698245099562,0.20436424241699708,0.2055650321698601,-0.14333802670076112,0.2607927765192626,0.20677287744287445,0.8531695011601068,1.2009222258892684,-0.054752117797897605,2.0,14.988871737315206,39.669871794871796,3120.0,ok,0
50054-06-01-01,EXO1745-248,NS,X,E_v4b2,27.248101984454422,1.0,2291525.0,134.0,0.023730205397714827,0.0004949034553980992,0.15404611451677327,0.023689299762189895,0.0005049913024592392,0.0313263142277851,0.0007230344339664458,0.1769924129102293,0.03133910979805185,0.000727094840613218,0.007983357801468914,0.0015604031701302425,0.08934963794816918,0.007873374696842876,0.0016240266132338818,-0.0001303232217156364,0.001904372108489752,-0.011415919661404261,0.00011016994923169505,0.0021435845419719266,-0.0017895510280768426,0.0033696897339107502,-0.04230308532574004,-0.0007943810123867681,0.0034280845929170445,-0.5310729382790828,43.326171972106756,5.11621480543555,-0.06843369588046962,3.0,278.60124503047103,305.8493470149254,2144.0,ok,1
50054-06-02-00,EXO1745-248,NS,X,E_v4b2,27.65850618841304,1.0,4786731.0,204.0,0.02100720128048264,0.00037964260726135076,0.1449386121103781,0.020864316920683742,0.0003548126513834514,0.031063581201498932,0.00044166880002470457,0.1762486346088926,0.030990718497842334,0.0004425802627544253,0.006427677651794676,0.0008291997602696241,0.08017279870251927,0.006530966499763932,0.0008682598804820242,0.001075920679162614,0.0009553360561500739,0.032801229842227164,0.0008510833333245133,0.0010168233737056383,-0.0005103346824239715,0.0016312889090131007,-0.022590588359402496,-0.00044049078072672706,0.0017668980681719176,-0.31284138548622537,70.3322969604405,7.751663663897636,1.1262222044653962,3.0,412.40481080505094,440.063316993464,3264.0,ok,1
60406-01-06-09,MXB0513-40,NS,X,E_v4b2,28.52127373007515,1.0,114937.0,78.0,0.006550556236106985,0.012209188006101296,0.08093550664638471,0.00498638027074846,0.013104097512545572,0.017931548309210007,0.05208159962978682,0.1339087312657767,0.0061248015258676064,0.05573255235728884,0.16291597662983268,0.13809771109377972,0.403628513152667,0.13990865004565467,0.1446781685962202,-0.13747785330307136,0.1909697392515493,-0.37078006055217066,-0.14137018738222354,0.21207423323779495,-0.46183108061676564,0.3360414597665642,-0.6795815481726719,-0.46017727019820015,0.344476680677337,-1.3743276824757962,0.3442971881945517,1.1797152562449011,-0.7198933917063304,2.0,16.543630116078695,45.06490384615385,1248.0,ok,0
80409-01-11-01,MXB0513-40,NS,X,E_v4b2,24.316168767458905,1.0,133267.0,93.0,0.016045117494055103,0.011097905196227612,0.12666932341358386,0.021605491633369327,0.01156389747799896,0.010394456997264242,0.05596225974210989,0.10195320984286979,-0.0044694446010779725,0.05962216228243155,0.23028753826384957,0.1348137457541618,0.47988283805930126,0.23723679583155188,0.1383277363291261,0.04787552520351407,0.1841460226256562,0.2188047650384106,0.06391926319352839,0.19177468352676869,-0.3659256789356698,0.3117924906031982,-0.6049179109066534,-0.48861245576992074,0.32477874060983225,-1.17361928193891,0.18574048019441808,1.708190340499759,0.25998674595779075,2.0,14.955000587379798,39.27116935483871,1488.0,ok,0
80409-01-15-09,MXB0513-40,NS,X,E_v4b2,26.182858142014872,1.0,90202.0,66.0,0.023204299876833662,0.017676312770147043,0.15232957650053933,0.025240079396757917,0.020100520265442994,-0.03934503824492701,0.0612357773352104,-0.19835583743597518,-0.09391691502369304,0.07090275779572396,-0.1160619123340502,0.20502197638833888,-0.3406786056300721,0.11213346405756311,0.29250869485857833,0.19785966810156005,0.23705370634095171,0.4448141950315435,0.111667486121931,0.2783153466578181,0.5841372367443355,0.355748044039251,0.7642887129510257,0.44402959126752883,0.4133473105880169,1.6419970440649436,-0.6425171681833738,-0.5660949834675942,0.8346617783608103,2.0,14.891478979197245,41.074337121212125,1056.0,ok,0
60084-02-01-01,NGC6440,NS,X,E_v4b2,26.818459260190686,3.0,1176717.0,394.0,0.015241690321809796,0.0008623349306247539,0.12345724086423525,0.015745750897854915,0.0008904922182679332,0.020494524641673884,0.0035236940655965624,0.1431590885751718,0.020860197241166403,0.003653303877194917,0.016364132009303325,0.01087130125321593,0.12792236711890273,0.013969506902294763,0.011425490895360747,0.04099495189718198,0.012110999290949704,0.20247210152804257,0.04190223384820865,0.012563970737896078,0.03870864046808745,0.021150069657456767,0.19674511548724014,0.039352166876614525,0.021639736584109816,1.8301897390886444,5.81620431857899,1.5052597318524785,3.3849355377154264,2.0,56.57740051138291,83.3958597715736,6304.0,ok,0
94315-01-12-02,NGC6440,NS,X,E_v4b2,27.151260387630526,2.0,133981.0,110.0,0.025448316147338095,0.035882675714921354,0.15952528372436167,0.018479800946677317,0.08085288822723147,0.03253210255076383,0.1567854206467019,0.18036657825318922,0.08734379602022214,0.22539768916672523,1.1401408280506211,0.43101801550211427,1.0677737719435803,1.2980845915781476,0.770976746915785,0.3484886383492615,0.5363358185472396,0.5903292626570883,0.07424185415958574,0.8620004144790147,-0.3361155697455061,0.925288019181971,-0.579754749653253,-0.7155882262581548,1.4766502235141359,-0.363255076016935,0.20749443676954646,2.645227779452361,0.6497582788582061,2.0,7.304421430551292,34.455681818181816,1760.0,ok,0
93044-08-08-01,SAXJ1750.8-2900,NS,X,E_v4b2,24.86456432112879,1.0,365614.0,81.0,0.005325709296978023,0.0007842900796848725,0.07297745745761511,0.005345779505492575,0.0007817081709928367,0.015891782684821165,0.003130455848057427,0.12606261414400846,0.01604318035398953,0.003160789543113797,0.020207671880952873,0.010252774311421317,0.1421536910563805,0.01981637384590464,0.010322531249412755,-0.012075109075827964,0.012367532056117347,-0.10988680119026108,-0.011622767271728757,0.012372970873898655,-0.0025542086975319546,0.025862996669352257,-0.05053917982646686,-0.0035291538915562764,0.025938398939608164,-0.0987591936923033,5.07650752994413,1.9709467181426266,-0.9763555914823975,2.0,100.48535851837738,125.34992283950618,1296.0,ok,0
70134-01-02-00,XTEJ1709-267,NS,X,E_v4b2,23.84169117837233,1.0,169775.0,92.0,0.011856245197763475,0.00792442689958169,0.10888638665032226,0.013187961987622366,0.008422656877767777,0.045142734118802354,0.03374158252086587,0.21246819554653903,0.04031123732044086,0.034956320050911656,0.14985309307599293,0.09711199564696606,0.38710863213830937,0.15416638360833332,0.10016556537577655,0.18973656797110847,0.11206520909510222,0.43558761227921583,0.20619492545852883,0.11457538742795843,0.3792885549323732,0.20601831061843048,0.6158640717986179,0.47167111488131785,0.2209942201904402,1.8410429334840002,1.3378961727976448,1.5430955988254844,1.6930907415707561,3.0,13.733037082497239,37.57472826086957,1472.0,ok,0
80045-01-01-02,XTEJ1710-281,NS,X,E_v4b2,,,,,,,,,,,,,,,,,,,,,,,,,,,,,,,,,,,,,,missing (no qualifying event file),0
91045-01-01-02,XTEJ1710-281,NS,X,E_v4b2,,,,,,,,,,,,,,,,,,,,,,,,,,,,,,,,,,,,,,missing (no qualifying event file),0
91045-01-01-14,XTEJ1710-281,NS,X,E_v4b2,,,,,,,,,,,,,,,,,,,,,,,,,,,,,,,,,,,,,,missing (no qualifying event file),0
96329-01-01-06,XTEJ1710-281,NS,X,E_v4b2,,,,,,,,,,,,,,,,,,,,,,,,,,,,,,,,,,,,,,missing (no qualifying event file),0
90037-02-01-05,XTEJ1759-220,NS,X,E_v4b2,24.004298159755823,1.0,660959.0,207.0,0.009441196247980305,0.0018320457479394153,0.0971658183106606,0.009552728676009958,0.0018674237277374218,0.034211210103523564,0.007722517879665692,0.18496272625457152,0.035458763066176055,0.00800812574758956,0.05105773517681881,0.0220501126665716,0.22595958748594583,0.0497627193841172,0.022492348381118275,-0.008213363663123687,0.025523295503665746,-0.09062760982793096,-0.010500909501482636,0.026812721338147636,0.11606383777792074,0.044633527521969946,0.34068143151325514,0.11245116317987743,0.045377924514962566,2.6003734013806254,4.430059034710136,2.3155317140044973,-0.32179871372582175,4.0,21.595943386137897,45.60024154589372,3312.0,ok,0
90037-02-01-07,XTEJ1759-220,NS,X,E_v4b2,23.594634655237396,1.0,490440.0,206.0,0.010594454428577732,0.0022925977411023955,0.10292936621090082,0.010794690106292009,0.0023418096131258117,0.024616523479197756,0.01040390538686031,0.15689653749907215,0.02617910479711398,0.010672476531278185,0.043437609183079394,0.030061579843491486,0.20841691194113637,0.03558343719623094,0.030765592454139783,0.010349937562628517,0.033395474238654146,0.1017346428834766,0.012461431399562996,0.032744846205750154,0.04382872776139273,0.057136389544712125,0.20935311739115023,0.045589947581999475,0.059106585198114125,0.7670895572968349,2.3660849040675993,1.4449543041060064,0.30992036491725605,3.0,22.075571655442214,45.67020631067961,3296.0,ok,0
30157-01-26-00,CYGX1,BH,X,E_new,,,,,,,,,,,,,,,,,,,,,,,,,,,,,,,,,,,,,,missing (no qualifying event file),0
40099-01-06-00,CYGX1,BH,X,E_new,,,,,,,,,,,,,,,,,,,,,,,,,,,,,,,,,,,,,,missing (no qualifying event file),0
40102-01-01-04,CYGX1,BH,X,E_new,,,,,,,,,,,,,,,,,,,,,,,,,,,,,,,,,,,,,,missing (no qualifying event file),0
50109-03-07-00,CYGX1,BH,X,E_new,,,,,,,,,,,,,,,,,,,,,,,,,,,,,,,,,,,,,,missing (no qualifying event file),0
50109-01-08-06,CYGX1,BH,X,E_new,,,,,,,,,,,,,,,,,,,,,,,,,,,,,,,,,,,,,,missing (no qualifying event file),0
50110-01-48-00,CYGX1,BH,X,E_new,,,,,,,,,,,,,,,,,,,,,,,,,,,,,,,,,,,,,,missing (no qualifying event file),0
60090-01-25-00,CYGX1,BH,X,E_new,,,,,,,,,,,,,,,,,,,,,,,,,,,,,,,,,,,,,,missing (no qualifying event file),0
60090-01-40-03,CYGX1,BH,X,E_new,,,,,,,,,,,,,,,,,,,,,,,,,,,,,,,,,,,,,,missing (no qualifying event file),0
80110-01-18-04,CYGX1,BH,X,E_new,,,,,,,,,,,,,,,,,,,,,,,,,,,,,,,,,,,,,,missing (no qualifying event file),0
80110-01-35-02,CYGX1,BH,X,E_new,,,,,,,,,,,,,,,,,,,,,,,,,,,,,,,,,,,,,,missing (no qualifying event file),0
92090-01-15-00,CYGX1,BH,X,E_new,,,,,,,,,,,,,,,,,,,,,,,,,,,,,,,,,,,,,,missing (no qualifying event file),0
94121-01-18-02,CYGX1,BH,X,E_new,,,,,,,,,,,,,,,,,,,,,,,,,,,,,,,,,,,,,,missing (no qualifying event file),0
95429-01-03-00,CYGX1,BH,X,E_new,,,,,,,,,,,,,,,,,,,,,,,,,,,,,,,,,,,,,,missing (no qualifying event file),0
96121-01-16-02,CYGX1,BH,X,E_new,,,,,,,,,,,,,,,,,,,,,,,,,,,,,,,,,,,,,,missing (no qualifying event file),0
90052-03-01-04,IGRJ00291+5934,NS,X,E_new,,,,,,,,,,,,,,,,,,,,,,,,,,,,,,,,,,,,,,missing (no qualifying event file),0
90425-01-01-09,IGRJ00291+5934,NS,X,E_new,25.84004488691387,2.0,1541063.0,361.0,0.02678095014596489,0.0007793782572449155,0.1636488623424095,0.02827256476132319,0.0008042572564627653,0.034227317355779066,0.0022712947159847993,0.18500626301771264,0.03652549515791962,0.002386120475007104,0.013853264116720316,0.005779704603430178,0.11769989004548949,0.014294222667084798,0.006682613553450217,0.008511004703254884,0.007433599997293261,0.09225510665136583,0.005668315026300178,0.008448540106808854,-0.017290884560934375,0.012950086155053199,-0.13149480811398742,-0.02211631127250188,0.014824011619556389,-1.3351945580831037,15.06951833018227,2.3968809943156244,1.1449371376390887,3.0,56.58614394041761,82.42618882733149,5776.0,ok,0
90425-01-02-07,IGRJ00291+5934,NS,X,E_new,25.039507413114922,1.0,528991.0,149.0,0.024848029826592614,0.0014564691797800875,0.1576325785698902,0.026432688475455733,0.00156692924693597,0.030043541444050203,0.004626678911692563,0.1733307285049313,0.03402897745825844,0.00541532827058236,-0.0014576529460693726,0.011372238034116012,-0.038179221391607406,0.0014888757945661156,0.013877147493091338,0.029496265655027797,0.013356739607820451,0.1717447689306076,0.0289879761979941,0.016058175159436378,0.020314677088311653,0.02759807285094169,0.14252956566380062,0.03855890152020256,0.03141302421567874,0.7360904218940231,6.493543644907805,-0.12817643648475383,2.20834324251987,3.0,45.72797021552042,70.76747762863536,2384.0,ok,0
90425-01-02-16,IGRJ00291+5934,NS,X,E_new,25.62239651115974,4.0,2396137.0,760.0,0.02988393204528321,0.0008197458154857036,0.17286969672352412,0.031747611656890495,0.0009557684693442058,0.032432794513719845,0.0029165075088736373,0.18009107283183096,0.03321959082271085,0.003508848818759566,0.022189538326201918,0.008474942069979317,0.14896153304192972,0.02335726757355277,0.00996903278934516,0.03297763634346829,0.009631484684724186,0.18159745687500223,0.03127538655265682,0.011594294527274148,0.017156341661630548,0.017261520155634476,0.1309822188758098,0.01992479661638174,0.019924578213256387,0.9939067652758499,11.120422085333658,2.6182525075662344,3.423941108038284,3.0,34.95493353269991,60.57733004385964,12160.0,ok,0
90425-01-02-09,IGRJ00291+5934,NS,X,E_new,23.717789365077145,1.0,444966.0,188.0,0.03203390692397738,0.0023695316531845896,0.17898018584183384,0.034145620029207104,0.003120781680091886,0.019749245184310028,0.008484260908404914,0.14053200768618523,0.013225058113850508,0.01359543700339484,0.029644030400578832,0.02322566834777055,0.17217441854288004,0.013693214161282502,0.03383894225487396,-0.026486671307035487,0.02573206561809729,-0.16274726205695592,-0.0006101607794302511,0.03569720183256388,0.01747348703536719,0.04935754160527415,0.13218731798235106,-0.036310106170902835,0.06475436447045135,0.3540185849430565,2.3277508079396148,1.27634778714234,-1.0293254999477184,2.7872340425531914,26.7456968937881,50.46348625886525,3008.0,ok,0
90425-01-02-120,IGRJ00291+5934,NS,X,E_new,25.26989544870213,5.0,2015701.0,918.0,0.024346546987259365,0.0014107273563264103,0.15603380078450746,0.02342831824911893,0.0017517156732703824,0.02773089575984353,0.0063496766171270164,0.16652596121879473,0.027619458155995823,0.007955358582163773,0.05033110727717215,0.016911545586872925,0.2243459544479734,0.04974893477184151,0.021202447377829923,0.04314127544253664,0.021078555899192768,0.20770477953705505,0.04976244008529707,0.02590737198188664,0.05225598730919219,0.03547452471459718,0.22859568523747817,0.10480669763889985,0.04295993179888315,1.4730567281621596,4.367292609051119,2.976138817036342,2.0466902784449665,2.8300653594771243,20.79304708942423,46.062942538126364,14688.0,ok,0
93013-07-05-00,IGRJ00291+5934,NS,X,E_new,25.839707569704128,3.0,1694597.0,609.0,0.023601322777591006,0.0072773806162787155,0.15362722017139738,0.03959456899842504,0.0017476991567412165,0.027945235389882875,0.008202652042403785,0.1671682846412048,0.03504978787278972,0.006704312676159332,0.03351740087683367,0.014537769164425328,0.1830775815790499,0.08351585350441526,0.01942955118341351,-0.004046696195330287,0.01605324647342668,-0.06361364787001518,0.013663773889035198,0.023386690914924638,0.009267655985597898,0.02699431179535448,0.09626866564774801,0.0853543354269889,0.037530122450638255,0.34331884642426014,3.406853691393879,2.3055394880565636,-0.25207961529955203,2.2298850574712645,40.57400001102931,66.41370758073344,9744.0,ok,0
93013-07-09-00,IGRJ00291+5934,NS,X,E_new,26.632142615046103,1.0,177574.0,125.0,0.0008691542998639491,0.017331113248984696,0.029481422961993357,-0.03259100304361843,0.03271251265911383,0.0038187589931101763,0.07942657933652546,0.06179610823595751,0.22026586405278056,0.22613326730995034,0.30600829985178657,0.21633058994109358,0.5531801694310693,-0.002702913403844361,0.43016373717495715,0.2662550024838463,0.2593117082212437,0.5159990334136745,0.2007810384628156,0.4311588265589473,0.006115727853936587,0.38827220675989,0.07820311920848545,-0.055475333635028566,0.6516228344953188,0.015751134764375736,0.048079106830603055,1.4145401255324643,1.0267758610293007,2.0,12.033107384953896,38.66525,2000.0,ok,0
93013-07-19-02,IGRJ00291+5934,NS,X,E_new,,,,,,,,,,,,,,,,,,,,,,,,,,,,,,,,,,,,,,missing (no qualifying event file),0
96435-01-02-00,IGRJ17498-2921,NS,X,E_new,,,,,,,,,,,,,,,,,,,,,,,,,,,,,,,,,,,,,,missing (no qualifying event file),0
96435-01-03-000,IGRJ17498-2921,NS,X,E_new,,,,,,,,,,,,,,,,,,,,,,,,,,,,,,,,,,,,,,missing (no qualifying event file),4
96435-01-03-03,IGRJ17498-2921,NS,X,E_new,,,,,,,,,,,,,,,,,,,,,,,,,,,,,,,,,,,,,,missing (no qualifying event file),0
96435-01-03-010,IGRJ17498-2921,NS,X,E_new,,,,,,,,,,,,,,,,,,,,,,,,,,,,,,,,,,,,,,missing (no qualifying event file),4
96435-01-03-06,IGRJ17498-2921,NS,X,E_new,,,,,,,,,,,,,,,,,,,,,,,,,,,,,,,,,,,,,,missing (no qualifying event file),0
96435-01-03-08,IGRJ17498-2921,NS,X,E_new,,,,,,,,,,,,,,,,,,,,,,,,,,,,,,,,,,,,,,missing (no qualifying event file),0
94041-01-01-02,IGRJ17511-3057,NS,X,E_new,28.40165163139978,2.0,1293213.0,346.0,0.007283706053533059,0.0006434729007322894,0.0853446310762022,0.007280807039578398,0.0006539984714318939,0.01843786437407247,0.0025037225972391114,0.13578609786746385,0.018076631093247527,0.0025275883225962152,0.0479792817881865,0.007210102079487926,0.21904173526564863,0.04804756830453578,0.007495380134062869,0.002739160234800645,0.008955463138427532,0.0523369872537639,0.0009041198992148897,0.00920682155195342,0.023679808227644036,0.015125567145023994,0.1538824493814809,0.024929418482890632,0.015234244970308166,1.5655484518763458,7.364180198878323,6.6544524972376085,0.3058647210602675,2.0,76.80535703912047,105.20700867052022,5536.0,ok,1
94041-01-02-01,IGRJ17511-3057,NS,X,E_new,26.70186451613707,1.0,303661.0,94.0,0.007379822439432503,0.001612781323974843,0.08590589292611132,0.0076318230288867075,0.0016171378443857489,0.026101219269614038,0.006706020096767873,0.16155871771468736,0.02568718158182671,0.006736076228649156,0.047900231252084154,0.017143758122123206,0.21886121459062624,0.0477905497484447,0.017167170221673154,-0.024783141556449603,0.017904884370369998,-0.1574266227689891,-0.024103704234714397,0.018015368250896616,-0.017602222974266946,0.03253445114575693,-0.13267336949918376,-0.017055863764949906,0.03286325574255622,-0.541033346325948,3.892207135226771,2.7940333100168497,-1.3841553535783861,2.0,71.29181899450121,97.99368351063829,1504.0,ok,0
94041-01-02-04,IGRJ17511-3057,NS,X,E_new,26.68314477052683,1.0,258666.0,77.0,0.007703945235679136,0.0014567204143222815,0.08777212106175364,0.007695990137795208,0.001442590498001292,0.007025768833681833,0.006390475946530994,0.08381985942294244,0.007017886690263578,0.006478587748623559,0.06626222411671562,0.017299794923575883,0.257414498652884,0.06527960624424307,0.017399877096379458,-0.0013635561832415835,0.022477016141031026,-0.03692636163016313,0.0011398950700885976,0.022307360270467036,0.03946663889221902,0.040099074098709754,0.1986621224396312,0.03824609034442448,0.03980221265637313,0.984228184298373,1.0994124526038942,3.8302317691878836,-0.06066446607886081,2.0,69.25881951518743,95.94196428571429,1232.0,ok,0
94041-01-02-17,IGRJ17511-3057,NS,X,E_new,27.76334259118371,4.0,563713.0,38.0,0.008025065627421488,0.0010431228876001599,0.08958273063164288,0.008128535899601263,0.0010821617121953488,0.024307481842053665,0.0036354469888971713,0.15590856885384352,0.024677396066549295,0.0036287419273181333,0.03415999600791082,0.008642037702316578,0.184824230034676,0.03373077870026034,0.0087257370002203,-0.0010436727879925708,0.01366530926318025,-0.03230592496729618,-0.0006145952824892805,0.013775699918273196,-0.008774735175236996,0.02132472579254368,-0.09367355643529819,-0.011359877056610202,0.021576473650751226,-0.41148173536210886,6.68624296167428,3.952770999686095,-0.07637388718341254,5.0,56.83205214565839,84.59539473684208,608.0,ok,0
70096-03-05-01,XTEJ0929-314,NS,X,E_new,,,,,,,,,,,,,,,,,,,,,,,,,,,,,,,,,,,,,,missing (no qualifying event file),0
70096-03-06-00,XTEJ0929-314,NS,X,E_new,,,,,,,,,,,,,,,,,,,,,,,,,,,,,,,,,,,,,,missing (no qualifying event file),0
70096-03-05-00,XTEJ0929-314,NS,X,E_new,,,,,,,,,,,,,,,,,,,,,,,,,,,,,,,,,,,,,,missing (no qualifying event file),0
70096-03-07-01,XTEJ0929-314,NS,X,E_new,,,,,,,,,,,,,,,,,,,,,,,,,,,,,,,,,,,,,,missing (no qualifying event file),0
70096-03-09-00,XTEJ0929-314,NS,X,E_new,,,,,,,,,,,,,,,,,,,,,,,,,,,,,,,,,,,,,,missing (no qualifying event file),0
70096-03-09-02,XTEJ0929-314,NS,X,E_new,,,,,,,,,,,,,,,,,,,,,,,,,,,,,,,,,,,,,,missing (no qualifying event file),0
70096-03-10-02,XTEJ0929-314,NS,X,E_new,,,,,,,,,,,,,,,,,,,,,,,,,,,,,,,,,,,,,,missing (no qualifying event file),0
70096-03-10-01,XTEJ0929-314,NS,X,E_new,,,,,,,,,,,,,,,,,,,,,,,,,,,,,,,,,,,,,,missing (no qualifying event file),0
70096-03-12-00,XTEJ0929-314,NS,X,E_new,,,,,,,,,,,,,,,,,,,,,,,,,,,,,,,,,,,,,,missing (no qualifying event file),0
70096-03-12-01,XTEJ0929-314,NS,X,E_new,,,,,,,,,,,,,,,,,,,,,,,,,,,,,,,,,,,,,,missing (no qualifying event file),0
70096-03-12-02,XTEJ0929-314,NS,X,E_new,,,,,,,,,,,,,,,,,,,,,,,,,,,,,,,,,,,,,,missing (no qualifying event file),0
70096-03-12-05,XTEJ0929-314,NS,X,E_new,,,,,,,,,,,,,,,,,,,,,,,,,,,,,,,,,,,,,,missing (no qualifying event file),0
70096-03-13-00,XTEJ0929-314,NS,X,E_new,,,,,,,,,,,,,,,,,,,,,,,,,,,,,,,,,,,,,,missing (no qualifying event file),0
70096-03-14-01,XTEJ0929-314,NS,X,E_new,,,,,,,,,,,,,,,,,,,,,,,,,,,,,,,,,,,,,,missing (no qualifying event file),0
70134-03-02-00,XTEJ1751-305,NS,X,E_new,28.05464597648686,1.0,677279.0,83.0,0.009339955070907837,0.0005316444790726704,0.09664344297937567,0.009404198892568294,0.0005341812790049462,0.02188951932491763,0.001644810242405678,0.14795107071230554,0.02197472786140784,0.0016590660546784446,0.023658123814153248,0.004978115723485944,0.15381197552256212,0.023813965852552903,0.00498243002500668,0.01873115619194576,0.005548405388532874,0.13686181422130045,0.01873486401497866,0.00559770543295743,0.006868167812141278,0.010268602790813281,0.08287440987507108,0.006701384105031166,0.010299798336034177,0.6688512499758805,13.308233837906009,4.752425441324727,3.375953067643226,3.0,127.20589619218785,155.26054216867473,1328.0,ok,0
70131-01-03-01,XTEJ1751-305,NS,X,E_new,25.233906586122302,1.0,802032.0,90.0,0.013902050335303952,0.0004955287884938004,0.11790695626341964,0.013873678510513332,0.0004981914968789461,0.017878852274781074,0.0016619988343765017,0.13371182548593477,0.01784140921115099,0.0016812441581661596,0.01378186064018356,0.0037055703154932887,0.11739616961461545,0.013928891353646475,0.0037371329280296768,0.0008478759544430727,0.0043674478898537514,0.029118309608270065,0.001224652919421226,0.004300574357629388,-0.0037918049277334445,0.00819764476301353,-0.06157763333982108,-0.004452157762766592,0.008235476178844533,-0.4625480900125687,10.757439719558118,3.719227937076376,0.19413533391269946,4.0,106.61348924721105,131.84739583333334,1440.0,ok,0
70131-01-05-01,XTEJ1751-305,NS,X,E_new,27.658430301275878,1.0,487448.0,76.0,0.013832246389630367,0.0007282151676502073,0.11761057090938028,0.013950481410404926,0.0007156289674497005,0.022278117212876074,0.002694167303815589,0.14925855825672468,0.02250294854852712,0.0027227841614037344,0.025247095975740163,0.007765478112715614,0.15889334780204037,0.02534194675507741,0.00781199740548628,0.012109040576035238,0.007747533272898452,0.11004108585448999,0.012564224855276364,0.007640458451212249,0.005323031425852534,0.01762301957631142,0.07295910790197845,0.006142621904668458,0.01756206362346612,0.3020499071003512,8.269017733726077,3.2511965920551886,1.5629543171364904,3.0,89.61158066363642,117.27001096491229,1216.0,ok,0
70131-01-07-00,XTEJ1751-305,NS,X,E_new,24.406897351261748,2.0,2261256.0,410.0,0.0124967442198655,0.00038399562875868865,0.11178883763536276,0.012415583038693927,0.0003956983276473279,0.019752213967131897,0.0014188230530331628,0.14054256994637568,0.01995111840206498,0.001454082945333212,0.019458066601448297,0.00346394924752355,0.13949217397921754,0.01968244233201797,0.0038003496631917205,0.005046902055638365,0.004272894841013578,0.07104155161339289,0.004835112195545114,0.004520424563215664,0.0037730606058215287,0.007794375870173562,0.06142524404364649,0.007709318168650861,0.008290412258683539,0.4840747570642256,13.921548515091839,5.617307070927577,1.1811435205929814,3.502439024390244,67.48318140890086,91.8900787601626,6560.0,ok,0
70131-01-07-01,XTEJ1751-305,NS,X,E_new,26.040942010165363,4.0,4985733.0,809.0,0.011826760406840196,0.0002580728231095505,0.10875090991270002,0.011874617040967114,0.00026239184864789155,0.020529183411521646,0.0008924460895823914,0.14328008728194455,0.02062755938736979,0.000897706483653143,0.012841537060451519,0.002447685869407943,0.1133205059133232,0.01315343653374438,0.0024559033646679176,0.0013274424474346935,0.0028301119929997867,0.0364340835953739,0.0011708175272964194,0.0028839551878212487,-0.006724936265148385,0.00515050284667892,-0.0820057087351142,-0.008085910382850786,0.005182154736270398,-1.3056853797265,23.003275661309708,5.246399148252503,0.46904237384177383,4.0,64.33867402815352,90.37961603831891,12944.0,ok,0
70131-02-06-00,XTEJ1751-305,NS,X,E_new,25.195643748228264,4.0,1594168.0,830.0,0.0019956882082307037,0.006198008814106918,0.04467312624196681,0.007712686307826271,0.01136022432371837,0.037701856117606944,0.028028449774422468,0.1941696580766597,0.08315848115817281,0.04902425427086292,0.26500161533899613,0.07915358721270338,0.514783076002889,0.18469071993450456,0.13045958683560754,0.1792355013573006,0.09456797944814505,0.4233621397306337,0.2467114617282064,0.15950454992182894,0.45669763672398533,0.16598798897171305,0.6757940786393333,0.7812065794878211,0.28125017238171557,2.75138966110261,1.3451281259233967,3.347941952736489,1.8953085643072425,3.255421686746988,7.889258360205471,33.08490210843374,13280.0,ok,0
70131-02-11-00,XTEJ1751-305,NS,X,E_new,25.935050174900777,3.0,1078011.0,611.0,0.0054096578337622355,0.009710248398774362,0.07355037616329528,0.014995172388758662,0.014017809338375604,0.03139150261587196,0.04477687909103646,0.177176473087913,0.08375467070413815,0.061863822241196034,0.36498002431718746,0.12239337157609974,0.6041357664608076,0.43771919168164947,0.1603296466048571,0.14259609646000493,0.15188659077495217,0.3776189831827909,0.10558912906801769,0.20678899142462537,0.3467340110059242,0.26008852765520646,0.5888412443145642,0.5252596583871927,0.3319637220735225,1.3331384284107362,0.7010649972288038,2.982024431692824,0.9388326891297941,3.0,7.432277975672053,33.36732815057283,9776.0,ok,0
70131-02-14-00,XTEJ1751-305,NS,X,E_new,24.424199849854066,4.0,988066.0,586.0,0.013076712306224971,0.0073877345948364665,0.11435345340751617,0.015145458758853772,0.008216689149314086,0.03305643761254346,0.031457603800268394,0.18181429430202528,0.016927091386074816,0.03564094658477028,0.0901733490482375,0.09006812868588607,0.3002887760943414,0.08630911909295448,0.10072778461611015,0.054343398923445675,0.10459585141077458,0.23311670665880144,0.0867517405261854,0.12053075547540659,0.5278456372545335,0.18976046741400898,0.7265298598506007,0.585816122978286,0.2098126922385085,2.7816417426023134,1.0508250349399284,1.0011682308035774,0.5195559689076509,3.0,8.613591674605546,33.037791524459614,9376.0,ok,0
91050-01-02-00,XTEJ1751-305,NS,X,E_new,,,,,,,,,,,,,,,,,,,,,,,,,,,,,,,,,,,,,,missing (no qualifying event file),0
92054-01-01-00,XTEJ1751-305,NS,X,E_new,24.48015174535029,1.0,95964.0,62.0,0.022888681739249576,0.0075012598502507645,0.15129005829614045,0.023706531604605046,0.007819784446825037,-0.01667844098657111,0.0400921787905275,-0.12914503856738402,-0.026441279973570403,0.046375537635647494,0.14276531681161939,0.08945448179152982,0.3778429790423786,0.13977902702694603,0.09018673285273765,0.21651725734855862,0.12257180463097474,0.4653141490955961,0.24504990176055938,0.13408195901941186,0.35063011060855503,0.22007660511561003,0.592140279501872,0.2688585706501368,0.22396341612664342,1.59321846329083,-0.4160023598046932,1.5959548806545925,1.7664523909101622,2.0,21.57277164174649,46.052923387096776,992.0,ok,0
94042-01-02-00,XTEJ1751-305,NS,X,E_new,26.965307607207517,1.0,309647.0,192.0,0.015159758676490333,0.004721229794523986,0.12312497178269863,0.017920758917701583,0.005085327627825395,0.027430149172047426,0.022512288970668884,0.16562049743931886,0.01268260469946464,0.02559173181527252,0.12047094494597596,0.06580677044403274,0.3470892463704054,0.14155741226807836,0.07171156166359127,-0.04269693986719415,0.07191258515685163,-0.20663237855475156,-0.031948219130293345,0.07797117832088014,-0.014756678175745042,0.1409337967004054,-0.12147706851807481,0.019848993353112094,0.15160183580449862,-0.10470645452853676,1.2184522510254727,1.8306770585016618,-0.5937339031000766,2.0,20.62242025737582,47.587727864583336,3072.0,ok,0
80145-01-05-11,XTEJ1807-294,NS,X,E_new,,,,,,,,,,,,,,,,,,,,,,,,,,,,,,,,,,,,,,missing (no qualifying event file),0
80145-01-07-03,XTEJ1807-294,NS,X,E_new,,,,,,,,,,,,,,,,,,,,,,,,,,,,,,,,,,,,,,missing (no qualifying event file),0
80145-01-08-01,XTEJ1807-294,NS,X,E_new,,,,,,,,,,,,,,,,,,,,,,,,,,,,,,,,,,,,,,missing (no qualifying event file),0
80145-01-09-01,XTEJ1807-294,NS,X,E_new,,,,,,,,,,,,,,,,,,,,,,,,,,,,,,,,,,,,,,missing (no qualifying event file),0
80145-01-12-02,XTEJ1807-294,NS,X,E_new,,,,,,,,,,,,,,,,,,,,,,,,,,,,,,,,,,,,,,missing (no qualifying event file),0
80145-01-15-00,XTEJ1807-294,NS,X,E_new,,,,,,,,,,,,,,,,,,,,,,,,,,,,,,,,,,,,,,missing (no qualifying event file),0
80145-01-17-01,XTEJ1807-294,NS,X,E_new,,,,,,,,,,,,,,,,,,,,,,,,,,,,,,,,,,,,,,missing (no qualifying event file),0
10101-01-01-002,4U1626-67,NS,X,stress_slow_pulsar,,,,,,,,,,,,,,,,,,,,,,,,,,,,,,,,,,,,,,missing (no qualifying event file),0
10101-01-03-000,4U1626-67,NS,X,stress_slow_pulsar,,,,,,,,,,,,,,,,,,,,,,,,,,,,,,,,,,,,,,missing (no qualifying event file),0
20146-08-07-00,4U1626-67,NS,X,stress_slow_pulsar,,,,,,,,,,,,,,,,,,,,,,,,,,,,,,,,,,,,,,missing (no qualifying event file),0
20146-08-09-00,4U1626-67,NS,X,stress_slow_pulsar,,,,,,,,,,,,,,,,,,,,,,,,,,,,,,,,,,,,,,missing (no qualifying event file),0
30060-01-01-01,4U1626-67,NS,X,stress_slow_pulsar,27.71532518769114,3.0,2079490.0,397.0,0.008715983404947898,0.0006783535407096963,0.09335943125869983,0.008415478310326352,0.0007743749217693528,0.007938783680819171,0.0025359212043907847,0.08909985230526014,0.006625483421050774,0.0030277012847995275,0.022306640905379888,0.0074690459902476865,0.14935407897134878,0.026451387391735293,0.008861013758200387,0.01381959644479216,0.00826156302768386,0.11755677966324256,0.01704972296524114,0.009361100567331327,-0.005407611452561065,0.015515057088075341,-0.0735364634216323,-0.010815444465410141,0.017328587423006737,-0.34853957815709746,3.1305324735932953,2.9865448592103476,1.6727580965591813,5.0,31.37494559316529,59.09027078085643,6352.0,ok,0
30060-01-01-06,4U1626-67,NS,X,stress_slow_pulsar,27.494480831255906,1.0,1059748.0,222.0,0.008870362667952112,0.0009694602700686465,0.09418260278815888,0.009146042501976176,0.0011261024681313994,-0.0016390652648489437,0.003884667533505714,-0.04048537099804007,-0.0039465173951512755,0.004699078056792219,0.0046709216163969645,0.009934568605820421,0.0683441410539116,0.007390468439245608,0.012451425178749012,0.01049391614209318,0.011845714200659213,0.1024398171713186,0.011724853796986815,0.015098583461655936,0.02605070328003354,0.021541610919229674,0.16140230258590965,0.031035586052856737,0.0253397793676574,1.2093201097035278,-0.4219319287202349,0.47016853994650415,0.885882941655742,4.806306306306307,30.15619484441978,57.65067567567568,3552.0,ok,0
93431-01-01-00,4U1626-67,NS,X,stress_slow_pulsar,,,,,,,,,,,,,,,,,,,,,,,,,,,,,,,,,,,,,,missing (no qualifying event file),0
94423-01-01-01,4U1626-67,NS,X,stress_slow_pulsar,,,,,,,,,,,,,,,,,,,,,,,,,,,,,,,,,,,,,,missing (no qualifying event file),0
95338-05-02-01,4U1626-67,NS,X,stress_slow_pulsar,,,,,,,,,,,,,,,,,,,,,,,,,,,,,,,,,,,,,,missing (no qualifying event file),0
95313-01-01-02,4U1626-67,NS,X,stress_slow_pulsar,,,,,,,,,,,,,,,,,,,,,,,,,,,,,,,,,,,,,,missing (no qualifying event file),0
95313-01-01-040,4U1626-67,NS,X,stress_slow_pulsar,,,,,,,,,,,,,,,,,,,,,,,,,,,,,,,,,,,,,,missing (no qualifying event file),0
95313-01-01-06,4U1626-67,NS,X,stress_slow_pulsar,,,,,,,,,,,,,,,,,,,,,,,,,,,,,,,,,,,,,,missing (no qualifying event file),0
95313-01-01-07,4U1626-67,NS,X,stress_slow_pulsar,,,,,,,,,,,,,,,,,,,,,,,,,,,,,,,,,,,,,,missing (no qualifying event file),0
10401-01-09-00,GROJ1744-28,NS,X,stress_slow_pulsar,,,,,,,,,,,,,,,,,,,,,,,,,,,,,,,,,,,,,,missing (no qualifying event file),0
10401-01-65-00,GROJ1744-28,NS,X,stress_slow_pulsar,30.33554084011711,2.0,4501768.0,116.0,0.015087503723024389,0.00023842507080559016,0.12283120012042702,0.015178454458066535,0.00023314529154233086,0.011316822736284041,0.00025812449017676,0.10638055619465449,0.011327219977015341,0.0002604676068214492,0.0020297628043856337,0.0005981859125896486,0.0450528889682519,0.0020445458332049634,0.0005883217446802359,0.0009519099140865515,0.0007820155256889828,0.03085303735593226,0.001113235787532488,0.0008004923196501277,0.0006753770956401145,0.0012517172069017681,0.025988018309215394,0.0007374482643639055,0.0013067581605572497,0.5395604469733207,43.84249913107602,3.3931972680507387,1.2172519378664328,5.0,389.06014881505524,419.3956896551724,1856.0,ok,0
10401-01-72-00,GROJ1744-28,NS,X,stress_slow_pulsar,27.36307907584507,5.0,23995858.0,596.0,0.01658817648595185,0.00021282824360901548,0.12879509496076258,0.01587520335594675,0.00018353967203805043,0.014642339455009808,0.00014335289766854274,0.12100553481146971,0.014107968374776748,0.00014333545170321086,0.0030219653123891143,0.000243103096563259,0.054972405008232215,0.002950199658394818,0.0002546966020485501,0.0004098581421876668,0.0002767913984586694,0.020244953499271537,0.0004497365390911151,0.0002948464798627969,0.0005654097243499564,0.0005529419488216564,0.023778345702549546,0.0007272011448457926,0.0005770928345327433,1.0225480731835763,102.14191476523543,12.430797283582747,1.4807473948612133,5.0,431.75592260200733,459.11900167785245,9536.0,ok,0
10401-01-99-01,GROJ1744-28,NS,X,stress_slow_pulsar,28.553523475806603,2.0,3749154.0,178.0,0.009081097894571255,0.0002146251384764772,0.09529479468770188,0.008905935399341031,0.0002063707094066469,0.0090495259050793,0.00040179538016497777,0.09512899613198544,0.008969364879007069,0.00041995950425671936,0.001173258715752272,0.0010132923453264459,0.0342528643437636,0.0010855121494499323,0.0010574376549512992,-0.0007717446749419388,0.0011486746938743754,-0.0277802929239765,-0.0009463452474193225,0.001190908448302567,-0.004487260560081579,0.002177562987855507,-0.06698701784735292,-0.004194751591779556,0.002320346868028168,-2.060680028595036,22.52272263897995,1.1578679353136638,-0.6718566005305768,4.938202247191011,207.9995312994743,236.55305477528088,2848.0,ok,0
20078-01-03-01,GROJ1744-28,NS,X,stress_slow_pulsar,,,,,,,,,,,,,,,,,,,,,,,,,,,,,,,,,,,,,,missing (no qualifying event file),0
20077-01-11-00,GROJ1744-28,NS,X,stress_slow_pulsar,,,,,,,,,,,,,,,,,,,,,,,,,,,,,,,,,,,,,,missing (no qualifying event file),0
20077-01-15-00,GROJ1744-28,NS,X,stress_slow_pulsar,,,,,,,,,,,,,,,,,,,,,,,,,,,,,,,,,,,,,,missing (no qualifying event file),0
20078-01-23-00,GROJ1744-28,NS,X,stress_slow_pulsar,31.607565665711736,1.0,2908718.0,217.0,0.006622895429154808,0.0002839360656157496,0.08138117367766828,0.005579828571359605,0.0002767563728628328,0.006161102071083067,0.0005806273211114636,0.07849268801030493,0.0060253428081456515,0.0006941618107716268,0.003332101622170849,0.001666861042924361,0.057724359001818715,0.0037143257608169404,0.0018722881384755203,0.0015543739984365322,0.0019633082655284542,0.039425550071451536,0.0006775754190188152,0.0021622814368379446,-0.0031226526449180886,0.003474086214836255,-0.05588070011120198,-0.0037176524512357247,0.003830946779268521,-0.8988414368021864,10.611112924016737,1.9990278351727329,0.7917116357772521,5.0,125.06098272138505,156.6685483870968,3472.0,ok,0
10050-01-01-010,HERX1,NS,X,stress_slow_pulsar,,,,,,,,,,,,,,,,,,,,,,,,,,,,,,,,,,,,,,missing (no qualifying event file),0
30034-01-05-00,HERX1,NS,X,stress_slow_pulsar,,,,,,,,,,,,,,,,,,,,,,,,,,,,,,,,,,,,,,missing (no qualifying event file),0
30034-01-18-00,HERX1,NS,X,stress_slow_pulsar,,,,,,,,,,,,,,,,,,,,,,,,,,,,,,,,,,,,,,missing (no qualifying event file),0
60018-01-01-00,HERX1,NS,X,stress_slow_pulsar,,,,,,,,,,,,,,,,,,,,,,,,,,,,,,,,,,,,,,missing (no qualifying event file),0
60018-01-03-00,HERX1,NS,X,stress_slow_pulsar,,,,,,,,,,,,,,,,,,,,,,,,,,,,,,,,,,,,,,missing (no qualifying event file),0
30033-01-03-001,HERX1,NS,X,stress_slow_pulsar,26.63146758653485,4.0,7566716.0,550.0,0.09546206525018476,0.0007679405032924639,0.3089693597271172,0.096142097220864,0.0007715062881742178,0.03668752916956676,0.00046284567165470123,0.1915398892386825,0.03669372292391108,0.0004637519438783617,0.0019233530366386496,0.001089631624301778,0.043856049031332604,0.001910894308825933,0.0010938380186202817,-0.00012905174567005086,0.0012215854080781787,-0.011360094439310391,-0.00017607988760537878,0.0012316284272319536,0.0010508678688048677,0.002117817032133145,0.032417092232414485,0.001351778197141407,0.002116661074474276,0.4962033324221565,79.26514476932803,1.765140616096848,-0.10564283497220019,2.0,381.37415741346524,408.005625,8800.0,ok,0
60017-03-02-02,HERX1,NS,X,stress_slow_pulsar,26.173584265380622,1.0,557826.0,0.0,,,,,,,,,,,,,,,,,,,,,,,,,,,,,,,,,,missing (0 valid segments),0
70010-01-02-01,HERX1,NS,X,stress_slow_pulsar,,,,,,,,,,,,,,,,,,,,,,,,,,,,,,,,,,,,,,missing (no qualifying event file),0
70011-02-02-08,HERX1,NS,X,stress_slow_pulsar,25.643417595572107,4.0,8168230.0,0.0,,,,,,,,,,,,,,,,,,,,,,,,,,,,,,,,,,missing (0 valid segments),0
80014-01-02-00,HERX1,NS,X,stress_slow_pulsar,,,,,,,,,,,,,,,,,,,,,,,,,,,,,,,,,,,,,,missing (no qualifying event file),0
96308-01-01-000,HERX1,NS,X,stress_slow_pulsar,,,,,,,,,,,,,,,,,,,,,,,,,,,,,,,,,,,,,,missing (no qualifying event file),0
80118-01-05-01,LMCX1,BH,X,v7b2_LMCX1,,,,,,,,,,,,,,,,,,,,,,,,,,,,,,,,,,,,,,missing (no qualifying event file),0
80118-01-05-02,LMCX1,BH,X,v7b2_LMCX1,,,,,,,,,,,,,,,,,,,,,,,,,,,,,,,,,,,,,,missing (no qualifying event file),0
80118-01-05-04,LMCX1,BH,X,v7b2_LMCX1,,,,,,,,,,,,,,,,,,,,,,,,,,,,,,,,,,,,,,missing (no qualifying event file),0
20431-01-03-00,GS1354-64,BH,X,v8b_new,28.124569115857458,1.0,7833954.0,537.0,0.02738175722531128,0.0003547260890608666,0.165474340081208,0.02721383830003055,0.00036164306527748067,0.0189307827807152,0.0004000343938671544,0.13758918119065613,0.017800936001761615,0.0004403793506784062,0.0018967615616298742,0.0008078987968549462,0.04355182615723334,0.0013628181290045568,0.0008692096402334175,8.579741814045419e-05,0.0010009066034325912,0.009262689573793035,4.248676005612912e-05,0.0011221223817253802,0.0016257581131264044,0.0016731128603965305,0.040320690881065074,0.0007826965486040106,0.0019088976918248523,0.9716966210761759,47.322887908987745,2.347771241910176,0.08571970436223868,4.783985102420856,159.18644694559507,187.3110160614525,8592.0,ok,0
20431-01-04-00,GS1354-64,BH,X,v8b_new,28.15328712943914,2.0,7063799.0,434.0,0.02551175923306446,0.00031077258411098507,0.1597240095698341,0.025385551939859623,0.00031085012240315385,0.01970124507078732,0.0003904122929538556,0.14036112378713458,0.01904185519885393,0.00042922107465224644,0.0018577189709820567,0.0008396244812973726,0.04310126414598598,0.001686606895384566,0.0009002769189694962,0.0007681417263856305,0.00100661609449218,0.027715369858358926,0.0006715882343515045,0.001065652889057282,0.0011536487442165328,0.0017205634416940694,0.03396540510897129,0.0014504848088876053,0.0018367384331078262,0.6705063680073595,50.462665818557845,2.212559319508577,0.7630930307876156,5.0,160.50189720235807,188.65518433179724,6944.0,ok,0
20431-01-05-00,GS1354-64,BH,X,v8b_new,28.543384359556164,2.0,5696402.0,390.0,0.026519176344746712,0.00037489617994664775,0.1628470949840577,0.026280091777100896,0.00036565803888905895,0.021084419620460943,0.0004438118082697905,0.14520475068144617,0.020613010547266095,0.0004493922806832674,0.00015492241022300053,0.001020899178356943,0.012446783127499271,-4.015794460369974e-05,0.0010844482646471321,-0.0011808555267764024,0.0012388288686796553,-0.034363578492008114,-0.0004867564971150751,0.0012757728684791197,-0.00037433646112944714,0.0022601443501299545,-0.019347776645636756,-0.0005691549299844523,0.0022787973683691507,-0.16562502351140687,47.50756790960337,0.1517509402567411,-0.9532031070885191,5.0,143.26908358916177,171.81246794871797,6240.0,ok,0
30401-01-01-00,GS1354-64,BH,X,v8b_new,28.530198018697064,2.0,5085317.0,415.0,0.026870150438071696,0.00037130558500118654,0.16392117141501794,0.0267707849454825,0.00035528066017968677,0.021521456670495095,0.0005484199273967829,0.1467019313795667,0.021204495990018942,0.0005948943987291755,-0.0004919565104845397,0.0013559698834361836,-0.02218009266176631,-0.0007665424826934081,0.0014069725977747397,0.0007479498849436097,0.0016297930318818188,0.027348672453038916,0.0005253591541773086,0.001658533786617225,0.008137911032474847,0.002847584691234469,0.09021037098069627,0.008440864672315758,0.0028771327183268877,2.857829323751191,39.242659858572715,-0.3628078444027572,0.45892323154676845,5.0,111.2111875234716,139.74138554216867,6640.0,ok,0
30401-01-02-00,GS1354-64,BH,X,v8b_new,28.118119942527727,2.0,4397927.0,467.0,0.029414057282274825,0.0004115591555367005,0.1715052689635943,0.02935158521777288,0.0004070802092179916,0.02102512730991897,0.0006768564771925307,0.14500043899905604,0.020721474982248134,0.0006826697125954809,0.0031721736596343596,0.0016853916175700824,0.05632205304882235,0.0030230045330664266,0.0017806604228004217,0.0002799670248606356,0.00214812145003904,0.016732215180920773,1.2965694797270037e-05,0.0022115426461695306,0.001288204619067529,0.0039434510468399,0.03589156752034563,0.0018619808247342469,0.004121557075773565,0.3266693573132693,31.06290331611676,1.8821582038053857,0.13033109690122383,5.0,86.53297748787912,114.65109743040685,7472.0,ok,0
30401-01-03-00,GS1354-64,BH,X,v8b_new,31.538001558175523,3.0,3705760.0,403.0,0.029130392221907567,0.00048049518736329957,0.17067627902525753,0.029237768076251322,0.00047861715227667085,0.023261345100306464,0.0008016121917439433,0.15251670433203854,0.02350773444818344,0.0008380637907382415,0.004022322143803196,0.0020705439183050225,0.06342177972749737,0.0029010991164618023,0.0022340918873993325,0.003959177830020644,0.002506325526509592,0.06292199798179206,0.004018699556360152,0.0026440602367357705,0.0019991489411084543,0.004584820186476114,0.04471184340986686,0.0006694306173099965,0.004769191682328788,0.43603649866255656,29.018202741777625,1.942640341140857,1.579674223537256,5.0,80.34645873959123,111.88446029776675,6448.0,ok,0
30401-01-04-00,GS1354-64,BH,X,v8b_new,31.3868181355278,6.0,3227799.0,415.0,0.027955361980841267,0.0005216017699542244,0.16719857051075906,0.028090834649945298,0.0005346534686702133,0.022958002942345436,0.0013362356771117355,0.1515189854188096,0.023189255569470928,0.001454538813382819,0.007082081330938539,0.0034362210899240566,0.08415510282174539,0.008728141953686484,0.0037165009325587912,-0.007440126779001253,0.004116274550621083,-0.08625616951268618,-0.008332270450011666,0.0044606743889103965,-0.0014585947185222568,0.007196166567021286,-0.038191552973429306,-0.0014603127248310282,0.008454384772721767,-0.20269051653233394,17.181103105979783,2.061008632915136,-1.8074904109296237,5.0,55.05158547893003,86.43840361445783,6640.0,ok,0
