representation,model,fold,source_id,obs_id,true_label,BH_score,predicted_label
A_intensity,LogReg,0,4U1254-690,60044-01-01-02,NS,0.24645814548859354,NS
A_intensity,LogReg,0,4U1254-690,60044-01-01-00,NS,0.3330229175354521,NS
A_intensity,LogReg,0,4U1254-690,60044-01-01-03,NS,0.06548294812932481,NS
A_intensity,LogReg,0,4U1254-690,60044-01-01-05,NS,0.0975611692069179,NS
A_intensity,LogReg,0,4U1254-690,60044-01-02-100,NS,0.1779208089491799,NS
A_intensity,LogReg,0,4U1254-690,60044-01-02-000,NS,0.20912128118027992,NS
A_intensity,LogReg,0,4U1254-690,90036-01-01-01,NS,0.25232361517140894,NS
A_intensity,LogReg,0,4U1254-690,90036-01-01-03,NS,0.14630295632330725,NS
A_intensity,LogReg,0,4U1254-690,93406-13-01-00,NS,0.1333539881701991,NS
A_intensity,LogReg,0,4U1254-690,95324-01-01-010,NS,0.07507987849046649,NS
A_intensity,LogReg,0,4U1254-690,95324-01-01-000,NS,0.10074426663911491,NS
A_intensity,LogReg,0,4U1254-690,95324-01-01-00,NS,0.12704737981476905,NS
A_intensity,LogReg,0,4U1254-690,95324-01-02-000,NS,0.08050951040546475,NS
A_intensity,LogReg,0,4U1254-690,95324-01-02-00,NS,0.24614461073954086,NS
A_intensity,LogReg,0,4U1254-690,95324-01-02-01,NS,0.07632744570646496,NS
A_intensity,LogReg,1,4U1323-619,70050-03-01-01,NS,0.2397917766878453,NS
A_intensity,LogReg,1,4U1323-619,70050-03-01-02,NS,0.3200910507410084,NS
A_intensity,LogReg,1,4U1323-619,90062-03-01-02,NS,0.17371128269113117,NS
A_intensity,LogReg,1,4U1323-619,90062-03-01-01,NS,0.20837734810219957,NS
A_intensity,LogReg,1,4U1323-619,95442-01-01-01,NS,0.23898443836174976,NS
A_intensity,LogReg,1,4U1323-619,95442-01-01-02,NS,0.19725107603091416,NS
A_intensity,LogReg,1,4U1323-619,96405-01-01-00,NS,0.16529949096058075,NS
A_intensity,LogReg,1,4U1323-619,96405-01-01-01,NS,0.22699327879201536,NS
A_intensity,LogReg,1,4U1323-619,96405-01-02-00,NS,0.14758971881946764,NS
A_intensity,LogReg,1,4U1323-619,96405-01-02-01,NS,0.20787115421899127,NS
A_intensity,LogReg,1,4U1323-619,96405-01-04-00,NS,0.16442395628484727,NS
A_intensity,LogReg,1,4U1323-619,96405-01-05-00,NS,0.1462597259985692,NS
A_intensity,LogReg,1,4U1323-619,96405-01-05-01,NS,0.2660567712736089,NS
A_intensity,LogReg,1,4U1323-619,96405-01-05-02,NS,0.19828769414348418,NS
A_intensity,LogReg,1,4U1323-619,96405-01-05-03,NS,0.22790043050754538,NS
A_intensity,LogReg,2,4U1543-47,70133-01-01-00,BH,0.9983355187085454,BH
A_intensity,LogReg,2,4U1543-47,70132-01-01-02G,BH,0.9996065673358269,BH
A_intensity,LogReg,2,4U1543-47,70133-01-14-00,BH,0.9996870030555626,BH
A_intensity,LogReg,2,4U1543-47,70132-01-02-00,BH,0.9982493890736671,BH
A_intensity,LogReg,2,4U1543-47,70133-01-10-00,BH,0.9958658542691499,BH
A_intensity,LogReg,2,4U1543-47,70133-01-19-00,BH,0.9979316056409102,BH
A_intensity,LogReg,2,4U1543-47,70133-01-22-00,BH,0.9961333004026899,BH
A_intensity,LogReg,2,4U1543-47,70133-01-24-00,BH,0.9978244186366989,BH
A_intensity,LogReg,2,4U1543-47,70133-01-27-01,BH,0.993600151457114,BH
A_intensity,LogReg,2,4U1543-47,70133-01-28-00,BH,0.9770992780803541,BH
A_intensity,LogReg,2,4U1543-47,70133-01-31-01,BH,0.8826156832592528,BH
A_intensity,LogReg,2,4U1543-47,70128-01-01-01,BH,0.771400874138843,BH
A_intensity,LogReg,2,4U1543-47,70124-02-09-00,BH,0.2995270598767202,NS
A_intensity,LogReg,2,4U1543-47,70124-02-10-00,BH,0.3706199693045845,NS
A_intensity,LogReg,2,4U1543-47,70124-02-14-00,BH,0.7242858188934873,BH
A_intensity,LogReg,3,4U1608-52,60052-02-03-00,NS,0.0571446470727966,NS
A_intensity,LogReg,3,4U1608-52,70059-01-01-00G,NS,0.11365276779897798,NS
A_intensity,LogReg,3,4U1608-52,70058-01-32-00,NS,0.06040219554845183,NS
A_intensity,LogReg,3,4U1608-52,70069-01-04-03,NS,0.3035990645570364,NS
A_intensity,LogReg,3,4U1608-52,90408-01-01-03,NS,0.25538384040634776,NS
A_intensity,LogReg,3,4U1608-52,90408-01-03-03,NS,0.5815644250095551,BH
A_intensity,LogReg,3,4U1608-52,93408-01-14-00,NS,0.6073985663750463,BH
A_intensity,LogReg,3,4U1608-52,93408-01-17-01,NS,0.08355321015035161,NS
A_intensity,LogReg,3,4U1608-52,93408-01-22-01,NS,0.024117351888315354,NS
A_intensity,LogReg,3,4U1608-52,93408-01-27-03,NS,0.575169507645119,BH
A_intensity,LogReg,3,4U1608-52,93408-01-55-01,NS,0.45506961505986965,NS
A_intensity,LogReg,3,4U1608-52,94401-01-03-02,NS,0.05681380964596105,NS
A_intensity,LogReg,3,4U1608-52,94401-01-38-02,NS,0.24939538893012947,NS
A_intensity,LogReg,3,4U1608-52,96423-01-03-00,NS,0.06297285736620928,NS
A_intensity,LogReg,3,4U1608-52,96423-01-21-03,NS,0.5916891628037857,BH
A_intensity,LogReg,4,4U1636-53,50030-02-04-00,NS,0.05963981174500309,NS
A_intensity,LogReg,4,4U1636-53,60032-01-20-000,NS,0.06766156646588345,NS
A_intensity,LogReg,4,4U1636-53,91024-01-74-00,NS,0.6193097722410763,BH
A_intensity,LogReg,4,4U1636-53,91024-01-12-10,NS,0.13036032807710765,NS
A_intensity,LogReg,4,4U1636-53,92023-01-50-00,NS,0.3647833966216695,NS
A_intensity,LogReg,4,4U1636-53,92023-01-79-10,NS,0.017504053243761523,NS
A_intensity,LogReg,4,4U1636-53,93087-01-27-00,NS,0.031890405716923635,NS
A_intensity,LogReg,4,4U1636-53,93087-01-80-00,NS,0.4678508614676395,NS
A_intensity,LogReg,4,4U1636-53,93087-01-33-20,NS,0.03597740100844245,NS
A_intensity,LogReg,4,4U1636-53,94087-01-16-00,NS,0.5076408651464538,BH
A_intensity,LogReg,4,4U1636-53,94087-01-25-10,NS,0.35643944550930057,NS
A_intensity,LogReg,4,4U1636-53,94087-01-44-10,NS,0.028712538198317726,NS
A_intensity,LogReg,4,4U1636-53,95087-01-47-10,NS,0.3451720885458521,NS
A_intensity,LogReg,4,4U1636-53,96087-01-52-00,NS,0.44827763780595176,NS
A_intensity,LogReg,4,4U1636-53,96087-01-11-10,NS,0.30061117292120787,NS
A_intensity,LogReg,5,4U1702-429,50029-27-01-000,NS,0.4965367020540806,NS
A_intensity,LogReg,5,4U1702-429,50030-01-04-00,NS,0.5948716831075762,BH
A_intensity,LogReg,5,4U1702-429,50030-01-09-03,NS,0.5186295887820567,BH
A_intensity,LogReg,5,4U1702-429,80033-01-01-01,NS,0.516492856613265,BH
A_intensity,LogReg,5,4U1702-429,80033-01-02-000,NS,0.04551533555807058,NS
A_intensity,LogReg,5,4U1702-429,80033-01-04-03,NS,0.02613505091457562,NS
A_intensity,LogReg,5,4U1702-429,80033-01-08-00G,NS,0.033032930656663496,NS
A_intensity,LogReg,5,4U1702-429,80033-01-10-04G,NS,0.03102131772121609,NS
A_intensity,LogReg,5,4U1702-429,80033-01-11-02,NS,0.029974814431247426,NS
A_intensity,LogReg,5,4U1702-429,80033-01-12-02,NS,0.02845806866321126,NS
A_intensity,LogReg,5,4U1702-429,80033-01-16-05,NS,0.028613773542994336,NS
A_intensity,LogReg,5,4U1702-429,80033-01-18-02,NS,0.5309486841325478,BH
A_intensity,LogReg,5,4U1702-429,80033-01-20-01,NS,0.427389445921652,NS
A_intensity,LogReg,5,4U1702-429,80033-01-21-03,NS,0.45411115519743067,NS
A_intensity,LogReg,5,4U1702-429,94415-01-01-00,NS,0.40441962623281164,NS
A_intensity,LogReg,6,4U1705-44,91039-01-01-61,NS,0.6057550323311593,BH
A_intensity,LogReg,6,4U1705-44,90170-01-01-00,NS,0.027574688156540104,NS
A_intensity,LogReg,6,4U1705-44,93060-01-05-00,NS,0.5433129321084815,BH
A_intensity,LogReg,6,4U1705-44,93060-01-50-00,NS,0.32190726730889907,NS
A_intensity,LogReg,6,4U1705-44,93060-01-77-00,NS,0.018962644145201088,NS
A_intensity,LogReg,6,4U1705-44,93060-01-93-00,NS,0.04099772977063589,NS
A_intensity,LogReg,6,4U1705-44,93060-01-45-00,NS,0.04649804248631243,NS
A_intensity,LogReg,6,4U1705-44,94060-01-23-00,NS,0.02292177206428753,NS
A_intensity,LogReg,6,4U1705-44,94060-01-46-00,NS,0.07964116090519245,NS
A_intensity,LogReg,6,4U1705-44,94060-01-55-00,NS,0.052431129197467556,NS
A_intensity,LogReg,6,4U1705-44,95060-01-35-00,NS,0.48548882210774524,NS
A_intensity,LogReg,6,4U1705-44,95060-01-66-00,NS,0.023690980321896808,NS
A_intensity,LogReg,6,4U1705-44,95060-01-78-00,NS,0.027830106110236067,NS
A_intensity,LogReg,6,4U1705-44,96060-01-40-00,NS,0.028605003386230714,NS
A_intensity,LogReg,6,4U1705-44,96060-01-73-00,NS,0.02334774536055017,NS
A_intensity,LogReg,7,4U1724-307,60034-02-01-01,NS,0.39221647721221614,NS
A_intensity,LogReg,7,4U1724-307,50060-05-01-07,NS,0.3774498851716438,NS
A_intensity,LogReg,7,4U1724-307,50060-05-01-05,NS,0.37583135036076637,NS
A_intensity,LogReg,7,4U1724-307,60034-02-02-02,NS,0.33469639246717153,NS
A_intensity,LogReg,7,4U1724-307,60034-02-03-10,NS,0.3031715862923462,NS
A_intensity,LogReg,7,4U1724-307,60034-02-05-01,NS,0.37719713832483887,NS
A_intensity,LogReg,7,4U1724-307,80105-10-01-00,NS,0.34254626776186614,NS
A_intensity,LogReg,7,4U1724-307,80138-06-03-00,NS,0.03363108436312562,NS
A_intensity,LogReg,7,4U1724-307,90058-06-03-00,NS,0.2317669613296549,NS
A_intensity,LogReg,7,4U1724-307,91050-07-01-00,NS,0.24851218268046338,NS
A_intensity,LogReg,7,4U1724-307,93044-06-04-00,NS,0.2578969326544057,NS
A_intensity,LogReg,7,4U1724-307,93044-06-07-00,NS,0.3483816536219987,NS
A_intensity,LogReg,7,4U1724-307,93438-01-02-03,NS,0.4037399013998985,NS
A_intensity,LogReg,7,4U1724-307,93438-01-04-00,NS,0.40572927995107033,NS
A_intensity,LogReg,7,4U1724-307,93438-01-07-01,NS,0.3561177633785605,NS
A_intensity,LogReg,8,4U1728-34,50023-01-29-00,NS,0.4766353518876367,NS
A_intensity,LogReg,8,4U1728-34,50030-03-05-03,NS,0.7096367725147691,BH
A_intensity,LogReg,8,4U1728-34,70028-01-01-08,NS,0.5972307986086146,BH
A_intensity,LogReg,8,4U1728-34,70028-01-01-05,NS,0.5115230602780312,BH
A_intensity,LogReg,8,4U1728-34,92023-03-08-00,NS,0.03980735560857457,NS
A_intensity,LogReg,8,4U1728-34,92023-03-37-00,NS,0.5697773831197511,BH
A_intensity,LogReg,8,4U1728-34,92023-03-76-00,NS,0.09793096527941349,NS
A_intensity,LogReg,8,4U1728-34,92023-03-98-00,NS,0.4989384823089084,NS
A_intensity,LogReg,8,4U1728-34,92023-03-19-10,NS,0.04603727472129503,NS
A_intensity,LogReg,8,4U1728-34,92023-03-30-10,NS,0.16567321980470082,NS
A_intensity,LogReg,8,4U1728-34,92023-03-44-00,NS,0.6826639483151271,BH
A_intensity,LogReg,8,4U1728-34,92023-03-49-00,NS,0.75059897156972,BH
A_intensity,LogReg,8,4U1728-34,92023-03-70-00,NS,0.5944176311056201,BH
A_intensity,LogReg,8,4U1728-34,95337-01-02-00,NS,0.03738910244725639,NS
A_intensity,LogReg,8,4U1728-34,96322-01-01-05,NS,0.0325170965490529,NS
A_intensity,LogReg,9,4U1735-44,50025-02-01-01,NS,0.06744318292148496,NS
A_intensity,LogReg,9,4U1735-44,50026-01-01-00,NS,0.041871089443121144,NS
A_intensity,LogReg,9,4U1735-44,91152-06-01-10,NS,0.02953185922610768,NS
A_intensity,LogReg,9,4U1735-44,91025-01-01-04,NS,0.04152527387023341,NS
A_intensity,LogReg,9,4U1735-44,91025-01-04-04,NS,0.02887530066565171,NS
A_intensity,LogReg,9,4U1735-44,91025-01-04-06,NS,0.04275148534682119,NS
A_intensity,LogReg,9,4U1735-44,91025-01-05-01,NS,0.023085584657552036,NS
A_intensity,LogReg,9,4U1735-44,91025-01-08-07,NS,0.019266792206279974,NS
A_intensity,LogReg,9,4U1735-44,91025-01-09-12,NS,0.017796417455781314,NS
A_intensity,LogReg,9,4U1735-44,91025-01-09-10,NS,0.016850447780273344,NS
A_intensity,LogReg,9,4U1735-44,91025-01-13-03,NS,0.010230354775786515,NS
A_intensity,LogReg,9,4U1735-44,91025-01-13-08,NS,0.012507479636094504,NS
A_intensity,LogReg,9,4U1735-44,93200-01-03-01,NS,0.014682503919257028,NS
A_intensity,LogReg,9,4U1735-44,96325-01-01-04,NS,0.02667832761516525,NS
A_intensity,LogReg,9,4U1735-44,96331-01-02-01,NS,0.03796267290551924,NS
A_intensity,LogReg,10,4U1746-371,60044-02-01-10,NS,0.06576949218378071,NS
A_intensity,LogReg,10,4U1746-371,60044-02-01-05,NS,0.0629939546465676,NS
A_intensity,LogReg,10,4U1746-371,60044-02-01-07,NS,0.08225789742672916,NS
A_intensity,LogReg,10,4U1746-371,60044-02-01-06,NS,0.07211964462775203,NS
A_intensity,LogReg,10,4U1746-371,60044-02-02-00,NS,0.14146380984550938,NS
A_intensity,LogReg,10,4U1746-371,60044-02-02-010,NS,0.06474782222513754,NS
A_intensity,LogReg,10,4U1746-371,60044-02-02-09,NS,0.07310955994576827,NS
A_intensity,LogReg,10,4U1746-371,60044-02-02-10,NS,0.22813175008111813,NS
A_intensity,LogReg,10,4U1746-371,70050-01-01-03,NS,0.04120601194575975,NS
A_intensity,LogReg,10,4U1746-371,70050-01-01-06,NS,0.05260877550152155,NS
A_intensity,LogReg,10,4U1746-371,70050-01-01-00,NS,0.03287305299728886,NS
A_intensity,LogReg,10,4U1746-371,70050-01-01-08,NS,0.02129890842041595,NS
A_intensity,LogReg,10,4U1746-371,90044-01-02-01,NS,0.03848653370276172,NS
A_intensity,LogReg,10,4U1746-371,90044-01-04-000,NS,0.10184481020673357,NS
A_intensity,LogReg,10,4U1746-371,90044-01-04-00,NS,0.6769092057799504,BH
A_intensity,LogReg,11,4U1820-30,40017-01-21-02,NS,0.06164522561791165,NS
A_intensity,LogReg,11,4U1820-30,60030-01-02-01,NS,0.0767205904582712,NS
A_intensity,LogReg,11,4U1820-30,70030-03-03-00,NS,0.0666670897381067,NS
A_intensity,LogReg,11,4U1820-30,70030-03-05-00,NS,0.36647046879160483,NS
A_intensity,LogReg,11,4U1820-30,90027-01-01-06,NS,0.05740457462345017,NS
A_intensity,LogReg,11,4U1820-30,90027-01-03-00,NS,0.03134058155250066,NS
A_intensity,LogReg,11,4U1820-30,90027-01-04-04,NS,0.05390199407131985,NS
A_intensity,LogReg,11,4U1820-30,92030-02-02-00,NS,0.04478592665200616,NS
A_intensity,LogReg,11,4U1820-30,91152-04-01-00,NS,0.03413755946697799,NS
A_intensity,LogReg,11,4U1820-30,92030-02-05-00,NS,0.028693836649711663,NS
A_intensity,LogReg,11,4U1820-30,94090-01-01-00,NS,0.21295795665740988,NS
A_intensity,LogReg,11,4U1820-30,94090-01-02-01,NS,0.5216570960287494,BH
A_intensity,LogReg,11,4U1820-30,92030-02-12-00,NS,0.04171864039351384,NS
A_intensity,LogReg,11,4U1820-30,96090-01-01-020,NS,0.04056757551722568,NS
A_intensity,LogReg,11,4U1820-30,96324-01-02-01,NS,0.02696102378865944,NS
A_intensity,LogReg,12,4U1915-05,50026-03-01-00,NS,0.38748733735268615,NS
A_intensity,LogReg,12,4U1915-05,50026-03-01-01,NS,0.39516585410975325,NS
A_intensity,LogReg,12,4U1915-05,70034-02-01-01,NS,0.03692715971792756,NS
A_intensity,LogReg,12,4U1915-05,70034-02-01-00,NS,0.04952489843143877,NS
A_intensity,LogReg,12,4U1915-05,70034-02-02-01,NS,0.20937502783024914,NS
A_intensity,LogReg,12,4U1915-05,70034-02-02-00,NS,0.349790551120177,NS
A_intensity,LogReg,13,AQLX1,50049-02-06-01,NS,0.04962491698581568,NS
A_intensity,LogReg,13,AQLX1,50049-02-15-06,NS,0.23603306576608699,NS
A_intensity,LogReg,13,AQLX1,60054-02-03-03,NS,0.17780126569761712,NS
A_intensity,LogReg,13,AQLX1,70069-03-01-00,NS,0.04971114729354891,NS
A_intensity,LogReg,13,AQLX1,80403-01-03-00,NS,0.7370167063991656,BH
A_intensity,LogReg,13,AQLX1,90017-11-06-00,NS,0.3372112238944268,NS
A_intensity,LogReg,13,AQLX1,91028-01-29-00,NS,0.6425268559675793,BH
A_intensity,LogReg,13,AQLX1,92034-01-02-00,NS,0.7164465994925767,BH
A_intensity,LogReg,13,AQLX1,93076-01-02-00,NS,0.6207887883080865,BH
A_intensity,LogReg,13,AQLX1,92438-01-02-02,NS,0.4998955984118815,NS
A_intensity,LogReg,13,AQLX1,94076-01-03-04,NS,0.6123013433282196,BH
A_intensity,LogReg,13,AQLX1,94441-01-01-00,NS,0.10368325865277676,NS
A_intensity,LogReg,13,AQLX1,95413-01-02-01,NS,0.5166823886915531,BH
A_intensity,LogReg,13,AQLX1,96440-01-05-02,NS,0.02103853455465817,NS
A_intensity,LogReg,13,AQLX1,96440-01-08-06,NS,0.2715802500647906,NS
A_intensity,LogReg,14,CYGX2,40019-04-05-09,NS,0.15849320365673503,NS
A_intensity,LogReg,14,CYGX2,80018-02-01-00G,NS,0.07579763448478971,NS
A_intensity,LogReg,14,CYGX2,90030-01-23-00,NS,0.023194917882625787,NS
A_intensity,LogReg,14,CYGX2,90030-01-45-00,NS,0.10027005935139174,NS
A_intensity,LogReg,14,CYGX2,90030-01-55-01,NS,0.15833443562815663,NS
A_intensity,LogReg,14,CYGX2,91010-01-01-05,NS,0.05184852494058748,NS
A_intensity,LogReg,14,CYGX2,91009-01-28-01,NS,0.10913900090239022,NS
A_intensity,LogReg,14,CYGX2,90030-01-15-00,NS,0.10708346224512398,NS
A_intensity,LogReg,14,CYGX2,90030-01-09-00,NS,0.03969488951886912,NS
A_intensity,LogReg,14,CYGX2,92039-01-04-01,NS,0.1315486613363463,NS
A_intensity,LogReg,14,CYGX2,92038-01-06-01,NS,0.02191691350727129,NS
A_intensity,LogReg,14,CYGX2,93082-02-02-01,NS,0.061486248040923425,NS
A_intensity,LogReg,14,CYGX2,93443-01-01-09,NS,0.04723246284135945,NS
A_intensity,LogReg,14,CYGX2,95345-01-06-00,NS,0.06010779042092,NS
A_intensity,LogReg,14,CYGX2,95345-01-40-00,NS,0.07362336742889497,NS
A_intensity,LogReg,15,EXO0748-676,50045-06-05-00,NS,0.18258993486933342,NS
A_intensity,LogReg,15,EXO0748-676,70048-03-02-00,NS,0.17467855176030353,NS
A_intensity,LogReg,15,EXO0748-676,60042-03-01-00,NS,0.1570360897295324,NS
A_intensity,LogReg,15,EXO0748-676,70047-02-01-03,NS,0.14011258903628895,NS
A_intensity,LogReg,15,EXO0748-676,70048-13-12-00,NS,0.20768557365699905,NS
A_intensity,LogReg,15,EXO0748-676,80040-01-09-01,NS,0.26392558263833676,NS
A_intensity,LogReg,15,EXO0748-676,90039-01-03-02,NS,0.40524918398699344,NS
A_intensity,LogReg,15,EXO0748-676,90039-01-04-01,NS,0.23323636581791998,NS
A_intensity,LogReg,15,EXO0748-676,91035-01-04-09,NS,0.12840442568636218,NS
A_intensity,LogReg,15,EXO0748-676,92019-01-05-02,NS,0.3185545487269343,NS
A_intensity,LogReg,15,EXO0748-676,92019-01-06-03,NS,0.2644201223478203,NS
A_intensity,LogReg,15,EXO0748-676,92019-01-16-00,NS,0.3705621516048852,NS
A_intensity,LogReg,15,EXO0748-676,92019-01-18-01,NS,0.16153633660705286,NS
A_intensity,LogReg,15,EXO0748-676,92019-01-26-01,NS,0.13093088843350942,NS
A_intensity,LogReg,15,EXO0748-676,92040-03-01-00,NS,0.17436245207250714,NS
A_intensity,LogReg,16,GROJ1655-40,90428-01-01-07,BH,0.5297237609019955,BH
A_intensity,LogReg,16,GROJ1655-40,91702-01-02-03,BH,0.9889881868010298,BH
A_intensity,LogReg,16,GROJ1655-40,91702-01-22-00,BH,0.057025156897638846,NS
A_intensity,LogReg,16,GROJ1655-40,91702-01-22-03,BH,0.051941820019724215,NS
A_intensity,LogReg,16,GROJ1655-40,91702-01-43-00,BH,0.06803624592631664,NS
A_intensity,LogReg,16,GROJ1655-40,91702-01-51-02,BH,0.3419469082160461,NS
A_intensity,LogReg,16,GROJ1655-40,91702-01-56-03,BH,0.9767007521533647,BH
A_intensity,LogReg,16,GROJ1655-40,91702-01-66-05,BH,0.9902076798686981,BH
A_intensity,LogReg,16,GROJ1655-40,91702-01-78-00,BH,0.9954124447010704,BH
A_intensity,LogReg,16,GROJ1655-40,91702-01-01-13,BH,0.9974039204429771,BH
A_intensity,LogReg,16,GROJ1655-40,91702-01-17-11,BH,0.9965398762815068,BH
A_intensity,LogReg,16,GROJ1655-40,91702-01-39-10,BH,0.9954591929007255,BH
A_intensity,LogReg,16,GROJ1655-40,91702-01-48-10,BH,0.999129496519705,BH
A_intensity,LogReg,16,GROJ1655-40,91702-01-81-00,BH,0.7514948522949756,BH
A_intensity,LogReg,16,GROJ1655-40,91702-01-86-04,BH,0.46293431361440374,NS
A_intensity,LogReg,17,GRS1915+105,50703-01-11-00,BH,0.8748285252641085,BH
A_intensity,LogReg,17,GRS1915+105,50703-01-62-01,BH,0.8959035161369318,BH
A_intensity,LogReg,17,GRS1915+105,60701-01-13-03,BH,0.097613789681769,NS
A_intensity,LogReg,17,GRS1915+105,70702-01-02-00,BH,0.7540328695939642,BH
A_intensity,LogReg,17,GRS1915+105,70702-01-21-01,BH,0.8472612611956808,BH
A_intensity,LogReg,17,GRS1915+105,80127-04-01-02,BH,0.33971282570629036,NS
A_intensity,LogReg,17,GRS1915+105,90701-01-16-00,BH,0.7619870347944894,BH
A_intensity,LogReg,17,GRS1915+105,90701-01-40-00,BH,0.19435448081269635,NS
A_intensity,LogReg,17,GRS1915+105,90024-02-37-00,BH,0.6634468037576374,BH
A_intensity,LogReg,17,GRS1915+105,92702-01-06-00,BH,0.8511989579955851,BH
A_intensity,LogReg,17,GRS1915+105,80701-01-53-00,BH,0.8731719690161771,BH
A_intensity,LogReg,17,GRS1915+105,93701-01-08-00,BH,0.49995078421242123,NS
A_intensity,LogReg,17,GRS1915+105,91701-01-83-00,BH,0.853826572772615,BH
A_intensity,LogReg,17,GRS1915+105,95701-01-44-00,BH,0.8142350062263127,BH
A_intensity,LogReg,17,GRS1915+105,96701-01-39-00,BH,0.031195863766449405,NS
A_intensity,LogReg,18,GS1826-238,50035-01-02-00,NS,0.5587879230007484,BH
A_intensity,LogReg,18,GS1826-238,50035-01-03-02,NS,0.5507363781056023,BH
A_intensity,LogReg,18,GS1826-238,50035-01-03-04,NS,0.5102979456549483,BH
A_intensity,LogReg,18,GS1826-238,50035-01-03-090,NS,0.5259800966941632,BH
A_intensity,LogReg,18,GS1826-238,80048-01-01-09,NS,0.48364221404421487,NS
A_intensity,LogReg,18,GS1826-238,80048-01-01-14,NS,0.39421186284959414,NS
A_intensity,LogReg,18,GS1826-238,80049-01-01-00,NS,0.5545706998426541,BH
A_intensity,LogReg,18,GS1826-238,90043-01-01-02,NS,0.509165693798582,BH
A_intensity,LogReg,18,GS1826-238,70044-01-03-00,NS,0.5111531769784411,BH
A_intensity,LogReg,18,GS1826-238,92703-01-04-02,NS,0.5354239168648292,BH
A_intensity,LogReg,18,GS1826-238,70044-01-04-00,NS,0.5246553327897481,BH
A_intensity,LogReg,18,GS1826-238,91017-01-02-05,NS,0.5528958054656434,BH
A_intensity,LogReg,18,GS1826-238,91017-01-02-03,NS,0.5518001295587726,BH
A_intensity,LogReg,18,GS1826-238,91017-01-02-10,NS,0.49756890908678253,NS
A_intensity,LogReg,18,GS1826-238,96306-01-01-01,NS,0.3988603599854632,NS
A_intensity,LogReg,19,GX17+2,70023-01-01-01,NS,0.29261448095874676,NS
A_intensity,LogReg,19,GX17+2,80022-01-01-09,NS,0.2086405751567576,NS
A_intensity,LogReg,19,GX17+2,80022-01-01-03,NS,0.13621505623828503,NS
A_intensity,LogReg,19,GX17+2,80022-01-01-02,NS,0.2070543622961187,NS
A_intensity,LogReg,19,GX17+2,80022-01-03-01,NS,0.16191354636664984,NS
A_intensity,LogReg,19,GX17+2,90022-07-03-00,NS,0.18867045154912776,NS
A_intensity,LogReg,19,GX17+2,90022-07-04-02,NS,0.3212450074822424,NS
A_intensity,LogReg,19,GX17+2,92042-01-02-00G,NS,0.11139787558452385,NS
A_intensity,LogReg,19,GX17+2,92042-01-05-01,NS,0.17917179884476714,NS
A_intensity,LogReg,19,GX17+2,93406-11-01-00,NS,0.08104247851393018,NS
A_intensity,LogReg,19,GX17+2,93439-01-05-01,NS,0.16525974580035527,NS
A_intensity,LogReg,19,GX17+2,93439-01-06-00,NS,0.10413122438670322,NS
A_intensity,LogReg,19,GX17+2,95318-01-02-01,NS,0.10814886904579535,NS
A_intensity,LogReg,19,GX17+2,96310-01-01-000,NS,0.12413831967463992,NS
A_intensity,LogReg,19,GX17+2,96310-01-01-02,NS,0.09456537973125913,NS
A_intensity,LogReg,20,GX3+1,60022-01-01-01,NS,0.027980593648850968,NS
A_intensity,LogReg,20,GX3+1,60022-01-02-01,NS,0.028251113098913264,NS
A_intensity,LogReg,20,GX3+1,60022-01-04-03,NS,0.04485285934167815,NS
A_intensity,LogReg,20,GX3+1,60022-01-04-04,NS,0.019489170408953455,NS
A_intensity,LogReg,20,GX3+1,60022-01-05-01,NS,0.0384181631200486,NS
A_intensity,LogReg,20,GX3+1,60022-01-06-05,NS,0.027502930331897504,NS
A_intensity,LogReg,20,GX3+1,60022-01-06-13,NS,0.013261512654011666,NS
A_intensity,LogReg,20,GX3+1,60022-01-07-02,NS,0.038401326553492376,NS
A_intensity,LogReg,20,GX3+1,60022-01-08-03,NS,0.029363923212006725,NS
A_intensity,LogReg,20,GX3+1,60022-01-10-03,NS,0.02864850312424704,NS
A_intensity,LogReg,20,GX3+1,60022-01-10-04,NS,0.03074854100662457,NS
A_intensity,LogReg,20,GX3+1,60022-01-13-01,NS,0.028616507351370363,NS
A_intensity,LogReg,20,GX3+1,90022-05-05-00,NS,0.03218896136169967,NS
A_intensity,LogReg,20,GX3+1,90022-05-06-00,NS,0.045152294512171176,NS
A_intensity,LogReg,20,GX3+1,94307-05-01-02,NS,0.02934936772685193,NS
A_intensity,LogReg,21,GX339-4,40031-03-03-04,BH,0.994948871048196,BH
A_intensity,LogReg,21,GX339-4,70110-01-54-00,BH,0.9899816580108992,BH
A_intensity,LogReg,21,GX339-4,80102-04-56-00,BH,0.7015640826626217,BH
A_intensity,LogReg,21,GX339-4,80132-01-22-00,BH,0.6752349309106103,BH
A_intensity,LogReg,21,GX339-4,90704-01-05-00,BH,0.980988304983889,BH
A_intensity,LogReg,21,GX339-4,92034-08-01-00,BH,0.6482216400741048,BH
A_intensity,LogReg,21,GX339-4,92035-01-03-03,BH,0.9577392398094616,BH
A_intensity,LogReg,21,GX339-4,92704-03-13-00,BH,0.661119020433307,BH
A_intensity,LogReg,21,GX339-4,92704-03-22-00,BH,0.2523653896156902,NS
A_intensity,LogReg,21,GX339-4,92704-03-45-01,BH,0.40098286610121125,NS
A_intensity,LogReg,21,GX339-4,93108-01-01-02,BH,0.3995915480736456,NS
A_intensity,LogReg,21,GX339-4,95409-01-02-02,BH,0.608868548835149,BH
A_intensity,LogReg,21,GX339-4,95409-01-20-00,BH,0.9996611384951115,BH
A_intensity,LogReg,21,GX339-4,95409-01-29-00,BH,0.9999994718396964,BH
A_intensity,LogReg,21,GX339-4,96409-01-10-02,BH,0.27615485675291107,NS
A_intensity,LogReg,22,HETEJ1900.1-245,91015-01-07-00,NS,0.4831987799111149,NS
A_intensity,LogReg,22,HETEJ1900.1-245,91059-03-03-00,NS,0.413379430885649,NS
A_intensity,LogReg,22,HETEJ1900.1-245,91057-01-07-04,NS,0.45612462279973726,NS
A_intensity,LogReg,22,HETEJ1900.1-245,92049-01-05-00,NS,0.553630979250383,BH
A_intensity,LogReg,22,HETEJ1900.1-245,92049-01-07-00,NS,0.25736339160839344,NS
A_intensity,LogReg,22,HETEJ1900.1-245,92049-01-40-00,NS,0.5164324177630355,BH
A_intensity,LogReg,22,HETEJ1900.1-245,92049-01-56-00,NS,0.05866417708268804,NS
A_intensity,LogReg,22,HETEJ1900.1-245,93030-01-14-00,NS,0.9588302591213733,BH
A_intensity,LogReg,22,HETEJ1900.1-245,93030-01-47-00,NS,0.5614746881005677,BH
A_intensity,LogReg,22,HETEJ1900.1-245,94030-01-05-00,NS,0.5172549488961302,BH
A_intensity,LogReg,22,HETEJ1900.1-245,94030-01-27-00,NS,0.4820031173021858,NS
A_intensity,LogReg,22,HETEJ1900.1-245,94030-01-36-00,NS,0.480624425803742,NS
A_intensity,LogReg,22,HETEJ1900.1-245,95030-01-16-00,NS,0.4940292423808248,NS
A_intensity,LogReg,22,HETEJ1900.1-245,96030-01-01-01,NS,0.40244608208735383,NS
A_intensity,LogReg,22,HETEJ1900.1-245,96030-01-25-00,NS,0.5204453112973484,BH
A_intensity,LogReg,23,KS1731-260,50031-02-01-09,NS,0.6509713836963607,BH
A_intensity,LogReg,23,KS1731-260,50031-02-01-12,NS,0.6641670308682974,BH
A_intensity,LogReg,23,KS1731-260,50031-02-01-02,NS,0.6131937488678775,BH
A_intensity,LogReg,23,KS1731-260,50031-02-01-05,NS,0.6313884174761307,BH
A_intensity,LogReg,23,KS1731-260,50031-02-01-08,NS,0.6329367915075905,BH
A_intensity,LogReg,23,KS1731-260,50031-02-02-06,NS,0.678583034466253,BH
A_intensity,LogReg,23,KS1731-260,50031-02-02-02,NS,0.6851056638193244,BH
A_intensity,LogReg,23,KS1731-260,50031-02-02-03,NS,0.6668903903733138,BH
A_intensity,LogReg,23,KS1731-260,50031-02-02-080,NS,0.6528048218387742,BH
A_intensity,LogReg,23,KS1731-260,50031-02-03-00,NS,0.4495478268656161,NS
A_intensity,LogReg,23,KS1731-260,50031-02-03-05,NS,0.4292645024560844,NS
A_intensity,LogReg,23,KS1731-260,50031-02-03-04,NS,0.49562123799586616,NS
A_intensity,LogReg,23,KS1731-260,50031-02-03-07,NS,0.507940532163623,BH
A_intensity,LogReg,23,KS1731-260,50031-02-03-08,NS,0.4475067327086315,NS
A_intensity,LogReg,23,KS1731-260,50031-02-03-01,NS,0.92322474770182,BH
A_intensity,LogReg,24,MXB1658-298,50410-01-01-00,NS,0.3774996774943196,NS
A_intensity,LogReg,24,MXB1658-298,50410-01-04-00,NS,0.15804362495434535,NS
A_intensity,LogReg,24,MXB1658-298,50410-01-05-00,NS,0.24462255090435991,NS
A_intensity,LogReg,24,MXB1658-298,50410-01-08-00,NS,0.4107516569933582,NS
A_intensity,LogReg,24,MXB1658-298,50410-01-09-00,NS,0.4594503940064645,NS
A_intensity,LogReg,24,MXB1658-298,60048-01-02-00,NS,0.16730988072538108,NS
A_intensity,LogReg,24,MXB1658-298,60048-01-04-00,NS,0.2172283729721071,NS
A_intensity,LogReg,24,MXB1658-298,60048-02-01-00,NS,0.13856324585790383,NS
A_intensity,LogReg,24,MXB1658-298,60048-02-03-00,NS,0.22813241467680337,NS
A_intensity,LogReg,24,MXB1658-298,60048-03-01-00,NS,0.10123946155206161,NS
A_intensity,LogReg,24,MXB1658-298,60048-03-02-00,NS,0.16633968851774547,NS
A_intensity,LogReg,24,MXB1658-298,60048-03-05-00,NS,0.1707388956325893,NS
A_intensity,LogReg,24,MXB1658-298,60048-04-01-00,NS,0.6191847246897478,BH
A_intensity,LogReg,24,MXB1658-298,60048-04-03-00,NS,0.7640141754382752,BH
A_intensity,LogReg,24,MXB1658-298,60048-04-05-00,NS,0.6834487197429028,BH
A_intensity,LogReg,25,SAXJ1808.4-3658,70080-01-02-04,NS,0.6605084341395452,BH
A_intensity,LogReg,25,SAXJ1808.4-3658,70080-01-02-22,NS,0.6487857264261104,BH
A_intensity,LogReg,25,SAXJ1808.4-3658,70080-01-03-010,NS,0.5704721045609956,BH
A_intensity,LogReg,25,SAXJ1808.4-3658,70080-02-01-03,NS,0.6594575555078566,BH
A_intensity,LogReg,25,SAXJ1808.4-3658,70080-02-02-35,NS,0.5970169140180874,BH
A_intensity,LogReg,25,SAXJ1808.4-3658,70080-02-02-12,NS,0.40679266910388573,NS
A_intensity,LogReg,25,SAXJ1808.4-3658,70080-03-13-00,NS,0.5153540255471063,BH
A_intensity,LogReg,25,SAXJ1808.4-3658,70080-03-20-13,NS,0.47651501088295184,NS
A_intensity,LogReg,25,SAXJ1808.4-3658,70080-03-22-00,NS,0.6772110067362448,BH
A_intensity,LogReg,25,SAXJ1808.4-3658,91056-01-03-05,NS,0.634975044570045,BH
A_intensity,LogReg,25,SAXJ1808.4-3658,91418-01-04-00,NS,0.8333286798188203,BH
A_intensity,LogReg,25,SAXJ1808.4-3658,93027-01-01-03,NS,0.6270022992081803,BH
A_intensity,LogReg,25,SAXJ1808.4-3658,93027-01-05-08,NS,0.8001286245711726,BH
A_intensity,LogReg,25,SAXJ1808.4-3658,96027-01-01-00,NS,0.6872764150103439,BH
A_intensity,LogReg,25,SAXJ1808.4-3658,96027-01-02-00,NS,0.5981528692296926,BH
A_intensity,LogReg,26,SLX1735-269,60034-01-01-00,NS,0.5208178884530174,BH
A_intensity,LogReg,26,SLX1735-269,60034-01-02-02,NS,0.2839557155770193,NS
A_intensity,LogReg,26,SLX1735-269,60034-01-03-01,NS,0.14669580949076894,NS
A_intensity,LogReg,26,SLX1735-269,80138-03-01-00,NS,0.13661426273275853,NS
A_intensity,LogReg,26,SLX1735-269,80138-03-02-00,NS,0.41076143421931527,NS
A_intensity,LogReg,26,SLX1735-269,80138-03-07-01,NS,0.07695723707108512,NS
A_intensity,LogReg,26,SLX1735-269,80138-03-07-03,NS,0.1130133681125762,NS
A_intensity,LogReg,26,SLX1735-269,90058-05-01-02,NS,0.17455874991219134,NS
A_intensity,LogReg,26,SLX1735-269,92052-02-02-00,NS,0.8067668194313781,BH
A_intensity,LogReg,26,SLX1735-269,96429-01-02-02,NS,0.47564241285439457,NS
A_intensity,LogReg,26,SLX1735-269,96429-01-03-01,NS,0.35326143521675063,NS
A_intensity,LogReg,26,SLX1735-269,96429-01-05-00,NS,0.42068068050223256,NS
A_intensity,LogReg,26,SLX1735-269,96429-01-06-01,NS,0.5862337291278059,BH
A_intensity,LogReg,26,SLX1735-269,96429-01-07-01,NS,0.5506569902769274,BH
A_intensity,LogReg,26,SLX1735-269,96429-01-08-03,NS,0.4315531209612334,NS
A_intensity,LogReg,27,XTEJ1118+480,50407-01-07-01,BH,0.40713961571609236,NS
A_intensity,LogReg,27,XTEJ1118+480,50407-01-09-00,BH,0.46360440768598526,NS
A_intensity,LogReg,27,XTEJ1118+480,50407-01-10-01,BH,0.49901956046689505,NS
A_intensity,LogReg,27,XTEJ1118+480,50133-01-05-00,BH,0.4366749216201435,NS
A_intensity,LogReg,27,XTEJ1118+480,50407-01-13-02,BH,0.39207427384362387,NS
A_intensity,LogReg,27,XTEJ1118+480,50133-01-04-01,BH,0.37379493917568724,NS
A_intensity,LogReg,27,XTEJ1118+480,50407-01-14-02,BH,0.14305160325716457,NS
A_intensity,LogReg,27,XTEJ1118+480,50407-01-16-00,BH,0.43214495968120603,NS
A_intensity,LogReg,27,XTEJ1118+480,90011-01-01-08,BH,0.3177793164054707,NS
A_intensity,LogReg,27,XTEJ1118+480,90011-01-01-10,BH,0.7452799288470053,BH
A_intensity,LogReg,27,XTEJ1118+480,90011-01-01-05,BH,0.21880492606743387,NS
A_intensity,LogReg,27,XTEJ1118+480,90111-01-02-06,BH,0.11720618739484619,NS
A_intensity,LogReg,27,XTEJ1118+480,90111-01-02-15,BH,0.13953262423874216,NS
A_intensity,LogReg,27,XTEJ1118+480,90111-01-02-07,BH,0.17665936006309862,NS
A_intensity,LogReg,27,XTEJ1118+480,90111-01-03-02,BH,0.28625604034818425,NS
A_intensity,LogReg,28,XTEJ1550-564,50135-01-02-00,BH,0.8311924564585662,BH
A_intensity,LogReg,28,XTEJ1550-564,50135-01-08-00,BH,0.6252231690008498,BH
A_intensity,LogReg,28,XTEJ1550-564,50135-01-15-00,BH,0.2403908885271927,NS
A_intensity,LogReg,28,XTEJ1550-564,50135-01-19-00,BH,0.6064527705259918,BH
A_intensity,LogReg,28,XTEJ1550-564,50135-01-23-00,BH,0.7156539753863881,BH
A_intensity,LogReg,28,XTEJ1550-564,50137-02-09-00,BH,0.5781451731096234,BH
A_intensity,LogReg,28,XTEJ1550-564,60428-01-03-00,BH,0.6634466369732425,BH
A_intensity,LogReg,28,XTEJ1550-564,60428-01-05-00,BH,0.580099102803268,BH
A_intensity,LogReg,28,XTEJ1550-564,60428-01-09-00,BH,0.40703055831096074,NS
A_intensity,LogReg,28,XTEJ1550-564,60428-01-15-00,BH,0.3195534791754251,NS
A_intensity,LogReg,28,XTEJ1550-564,80135-01-01-01,BH,0.6885195795376979,BH
A_intensity,LogReg,28,XTEJ1550-564,80135-01-02-01,BH,0.7504837533562919,BH
A_intensity,LogReg,28,XTEJ1550-564,80135-01-03-10,BH,0.765071110721833,BH
A_intensity,LogReg,28,XTEJ1550-564,80135-01-04-02,BH,0.7529268480194106,BH
A_intensity,LogReg,28,XTEJ1550-564,80135-01-05-10,BH,0.6499782850720461,BH
A_intensity,LogReg,29,XTEJ1650-500,60113-01-06-00,BH,0.9620697874100753,BH
A_intensity,LogReg,29,XTEJ1650-500,60113-01-09-00,BH,0.9614540805193686,BH
A_intensity,LogReg,29,XTEJ1650-500,60113-01-11-01,BH,0.9599119446575108,BH
A_intensity,LogReg,29,XTEJ1650-500,60113-01-15-00,BH,0.9824606202617162,BH
A_intensity,LogReg,29,XTEJ1650-500,60113-01-23-00,BH,0.965149177393842,BH
A_intensity,LogReg,29,XTEJ1650-500,60113-01-27-00,BH,0.9983657968744029,BH
A_intensity,LogReg,29,XTEJ1650-500,60113-01-29-02,BH,0.9999090084478405,BH
A_intensity,LogReg,29,XTEJ1650-500,60113-01-34-00,BH,0.9999951631533887,BH
A_intensity,LogReg,29,XTEJ1650-500,60113-01-36-00,BH,0.9999150036837255,BH
A_intensity,LogReg,29,XTEJ1650-500,60113-01-38-00,BH,0.9995300920595243,BH
A_intensity,LogReg,29,XTEJ1650-500,60118-02-08-00,BH,0.9987056048472487,BH
A_intensity,LogReg,29,XTEJ1650-500,60118-02-14-00,BH,0.8494541296981298,BH
A_intensity,LogReg,29,XTEJ1650-500,60118-02-20-00,BH,0.4413470602193124,NS
A_intensity,LogReg,29,XTEJ1650-500,60118-02-28-00,BH,0.4489367363363892,NS
A_intensity,LogReg,29,XTEJ1650-500,70124-01-02-00,BH,0.5028028132820167,BH
A_intensity,LogReg,30,XTEJ1814-338,80138-04-02-00,NS,0.2185869369017252,NS
A_intensity,LogReg,30,XTEJ1814-338,80145-02-01-01,NS,0.22200225533978493,NS
A_intensity,LogReg,30,XTEJ1814-338,80418-01-01-07,NS,0.2598809532843216,NS
A_intensity,LogReg,30,XTEJ1814-338,80418-01-02-00,NS,0.30063178791953693,NS
A_intensity,LogReg,30,XTEJ1814-338,80418-01-02-08,NS,0.3364661584263007,NS
A_intensity,LogReg,30,XTEJ1814-338,80418-01-02-05,NS,0.31547312803261085,NS
A_intensity,LogReg,30,XTEJ1814-338,80418-01-03-02,NS,0.2985410838984893,NS
A_intensity,LogReg,30,XTEJ1814-338,80418-01-03-08,NS,0.30061916350322554,NS
A_intensity,LogReg,30,XTEJ1814-338,80418-01-04-03,NS,0.30199075106555967,NS
A_intensity,LogReg,30,XTEJ1814-338,80418-01-05-00,NS,0.23242689389656596,NS
A_intensity,LogReg,30,XTEJ1814-338,80418-01-05-08,NS,0.3845444682125805,NS
A_intensity,LogReg,30,XTEJ1814-338,80418-01-06-00,NS,0.3653860025785913,NS
A_intensity,LogReg,30,XTEJ1814-338,80418-01-06-02,NS,0.506010124314054,BH
A_intensity,LogReg,30,XTEJ1814-338,80418-01-06-06,NS,0.6317406300693759,BH
A_intensity,LogReg,30,XTEJ1814-338,80418-01-07-06,NS,0.4202210551752158,NS
A_intensity,RandomForest,0,4U1254-690,60044-01-01-02,NS,0.045802411036342854,NS
A_intensity,RandomForest,0,4U1254-690,60044-01-01-00,NS,0.11684645664467212,NS
A_intensity,RandomForest,0,4U1254-690,60044-01-01-03,NS,0.020961523026039156,NS
A_intensity,RandomForest,0,4U1254-690,60044-01-01-05,NS,0.02395203498429305,NS
A_intensity,RandomForest,0,4U1254-690,60044-01-02-100,NS,0.03195203498429305,NS
A_intensity,RandomForest,0,4U1254-690,60044-01-02-000,NS,0.03547584450810257,NS
A_intensity,RandomForest,0,4U1254-690,90036-01-01-01,NS,0.07014510012075441,NS
A_intensity,RandomForest,0,4U1254-690,90036-01-01-03,NS,0.025460483524999654,NS
A_intensity,RandomForest,0,4U1254-690,93406-13-01-00,NS,0.1424737524736417,NS
A_intensity,RandomForest,0,4U1254-690,95324-01-01-010,NS,0.03421506227957841,NS
A_intensity,RandomForest,0,4U1254-690,95324-01-01-000,NS,0.058621290596944896,NS
A_intensity,RandomForest,0,4U1254-690,95324-01-01-00,NS,0.0292055742378323,NS
A_intensity,RandomForest,0,4U1254-690,95324-01-02-000,NS,0.03623042326268133,NS
A_intensity,RandomForest,0,4U1254-690,95324-01-02-00,NS,0.04754831258057064,NS
A_intensity,RandomForest,0,4U1254-690,95324-01-02-01,NS,0.06799104102329909,NS
A_intensity,RandomForest,1,4U1323-619,70050-03-01-01,NS,0.3077723930423265,NS
A_intensity,RandomForest,1,4U1323-619,70050-03-01-02,NS,0.3486659333732502,NS
A_intensity,RandomForest,1,4U1323-619,90062-03-01-02,NS,0.6727294890671034,BH
A_intensity,RandomForest,1,4U1323-619,90062-03-01-01,NS,0.5479867094565423,BH
A_intensity,RandomForest,1,4U1323-619,95442-01-01-01,NS,0.4926972895549714,NS
A_intensity,RandomForest,1,4U1323-619,95442-01-01-02,NS,0.6382953589988993,BH
A_intensity,RandomForest,1,4U1323-619,96405-01-01-00,NS,0.3556473393578012,NS
A_intensity,RandomForest,1,4U1323-619,96405-01-01-01,NS,0.47930188116303274,NS
A_intensity,RandomForest,1,4U1323-619,96405-01-02-00,NS,0.2348307886301124,NS
A_intensity,RandomForest,1,4U1323-619,96405-01-02-01,NS,0.20965563112247407,NS
A_intensity,RandomForest,1,4U1323-619,96405-01-04-00,NS,0.15622848697120686,NS
A_intensity,RandomForest,1,4U1323-619,96405-01-05-00,NS,0.2693966922991786,NS
A_intensity,RandomForest,1,4U1323-619,96405-01-05-01,NS,0.18959603208605633,NS
A_intensity,RandomForest,1,4U1323-619,96405-01-05-02,NS,0.15272365387106523,NS
A_intensity,RandomForest,1,4U1323-619,96405-01-05-03,NS,0.11867098292991447,NS
A_intensity,RandomForest,2,4U1543-47,70133-01-01-00,BH,0.2557471906910328,NS
A_intensity,RandomForest,2,4U1543-47,70132-01-01-02G,BH,0.6718111792752922,BH
A_intensity,RandomForest,2,4U1543-47,70133-01-14-00,BH,0.38753228230096765,NS
A_intensity,RandomForest,2,4U1543-47,70132-01-02-00,BH,0.6675498615307462,BH
A_intensity,RandomForest,2,4U1543-47,70133-01-10-00,BH,0.3291185090980017,NS
A_intensity,RandomForest,2,4U1543-47,70133-01-19-00,BH,0.44520691919728217,NS
A_intensity,RandomForest,2,4U1543-47,70133-01-22-00,BH,0.2951347715195714,NS
A_intensity,RandomForest,2,4U1543-47,70133-01-24-00,BH,0.27383507941872337,NS
A_intensity,RandomForest,2,4U1543-47,70133-01-27-01,BH,0.21004066391968476,NS
A_intensity,RandomForest,2,4U1543-47,70133-01-28-00,BH,0.16366930804043836,NS
A_intensity,RandomForest,2,4U1543-47,70133-01-31-01,BH,0.23726133922638376,NS
A_intensity,RandomForest,2,4U1543-47,70128-01-01-01,BH,0.09022458766455912,NS
A_intensity,RandomForest,2,4U1543-47,70124-02-09-00,BH,0.04218864939152243,NS
A_intensity,RandomForest,2,4U1543-47,70124-02-10-00,BH,0.2624745223054318,NS
A_intensity,RandomForest,2,4U1543-47,70124-02-14-00,BH,0.6857284371505937,BH
A_intensity,RandomForest,3,4U1608-52,60052-02-03-00,NS,0.008571428571428572,NS
A_intensity,RandomForest,3,4U1608-52,70059-01-01-00G,NS,0.19353894917043352,NS
A_intensity,RandomForest,3,4U1608-52,70058-01-32-00,NS,0.0012307692307692308,NS
A_intensity,RandomForest,3,4U1608-52,70069-01-04-03,NS,0.1592024817407176,NS
A_intensity,RandomForest,3,4U1608-52,90408-01-01-03,NS,0.24350969771813155,NS
A_intensity,RandomForest,3,4U1608-52,90408-01-03-03,NS,0.4093523395529908,NS
A_intensity,RandomForest,3,4U1608-52,93408-01-14-00,NS,0.03165352954032199,NS
A_intensity,RandomForest,3,4U1608-52,93408-01-17-01,NS,0.007047619047619047,NS
A_intensity,RandomForest,3,4U1608-52,93408-01-22-01,NS,0.026350145293541523,NS
A_intensity,RandomForest,3,4U1608-52,93408-01-27-03,NS,0.3152055307353858,NS
A_intensity,RandomForest,3,4U1608-52,93408-01-55-01,NS,0.41014615437938395,NS
A_intensity,RandomForest,3,4U1608-52,94401-01-03-02,NS,0.017007470524711906,NS
A_intensity,RandomForest,3,4U1608-52,94401-01-38-02,NS,0.027267686026306713,NS
A_intensity,RandomForest,3,4U1608-52,96423-01-03-00,NS,0.010095238095238095,NS
A_intensity,RandomForest,3,4U1608-52,96423-01-21-03,NS,0.05451075542980595,NS
A_intensity,RandomForest,4,4U1636-53,50030-02-04-00,NS,0.20460509702049606,NS
A_intensity,RandomForest,4,4U1636-53,60032-01-20-000,NS,0.10137148646039279,NS
A_intensity,RandomForest,4,4U1636-53,91024-01-74-00,NS,0.12702856038682458,NS
A_intensity,RandomForest,4,4U1636-53,91024-01-12-10,NS,0.0823182693505274,NS
A_intensity,RandomForest,4,4U1636-53,92023-01-50-00,NS,0.15420560910257725,NS
A_intensity,RandomForest,4,4U1636-53,92023-01-79-10,NS,0.1788605023325051,NS
A_intensity,RandomForest,4,4U1636-53,93087-01-27-00,NS,0.15615242462528664,NS
A_intensity,RandomForest,4,4U1636-53,93087-01-80-00,NS,0.10670719327903816,NS
A_intensity,RandomForest,4,4U1636-53,93087-01-33-20,NS,0.09446773589956833,NS
A_intensity,RandomForest,4,4U1636-53,94087-01-16-00,NS,0.15814704981172556,NS
A_intensity,RandomForest,4,4U1636-53,94087-01-25-10,NS,0.15198407053578966,NS
A_intensity,RandomForest,4,4U1636-53,94087-01-44-10,NS,0.07727286014329579,NS
A_intensity,RandomForest,4,4U1636-53,95087-01-47-10,NS,0.09131137886347071,NS
A_intensity,RandomForest,4,4U1636-53,96087-01-52-00,NS,0.3183011636385089,NS
A_intensity,RandomForest,4,4U1636-53,96087-01-11-10,NS,0.15208843595088267,NS
A_intensity,RandomForest,5,4U1702-429,50029-27-01-000,NS,0.3059602780423323,NS
A_intensity,RandomForest,5,4U1702-429,50030-01-04-00,NS,0.14282532107738544,NS
A_intensity,RandomForest,5,4U1702-429,50030-01-09-03,NS,0.25998981681137373,NS
A_intensity,RandomForest,5,4U1702-429,80033-01-01-01,NS,0.14507308425390972,NS
A_intensity,RandomForest,5,4U1702-429,80033-01-02-000,NS,0.005047619047619047,NS
A_intensity,RandomForest,5,4U1702-429,80033-01-04-03,NS,0.046660513288917495,NS
A_intensity,RandomForest,5,4U1702-429,80033-01-08-00G,NS,0.01882922395256361,NS
A_intensity,RandomForest,5,4U1702-429,80033-01-10-04G,NS,0.023359633335287625,NS
A_intensity,RandomForest,5,4U1702-429,80033-01-11-02,NS,0.014199535231793296,NS
A_intensity,RandomForest,5,4U1702-429,80033-01-12-02,NS,0.020971486030309558,NS
A_intensity,RandomForest,5,4U1702-429,80033-01-16-05,NS,0.03307915196275647,NS
A_intensity,RandomForest,5,4U1702-429,80033-01-18-02,NS,0.15015413972975072,NS
A_intensity,RandomForest,5,4U1702-429,80033-01-20-01,NS,0.04826181099608598,NS
A_intensity,RandomForest,5,4U1702-429,80033-01-21-03,NS,0.08038695835428777,NS
A_intensity,RandomForest,5,4U1702-429,94415-01-01-00,NS,0.05010633333831618,NS
A_intensity,RandomForest,6,4U1705-44,91039-01-01-61,NS,0.1009094620873657,NS
A_intensity,RandomForest,6,4U1705-44,90170-01-01-00,NS,0.05226499030516073,NS
A_intensity,RandomForest,6,4U1705-44,93060-01-05-00,NS,0.13577660375531528,NS
A_intensity,RandomForest,6,4U1705-44,93060-01-50-00,NS,0.07746097203745417,NS
A_intensity,RandomForest,6,4U1705-44,93060-01-77-00,NS,0.0032535392535392536,NS
A_intensity,RandomForest,6,4U1705-44,93060-01-93-00,NS,0.020309276309276314,NS
A_intensity,RandomForest,6,4U1705-44,93060-01-45-00,NS,0.1571216845322285,NS
A_intensity,RandomForest,6,4U1705-44,94060-01-23-00,NS,0.0,NS
A_intensity,RandomForest,6,4U1705-44,94060-01-46-00,NS,0.02781432987097818,NS
A_intensity,RandomForest,6,4U1705-44,94060-01-55-00,NS,0.0174303683737646,NS
A_intensity,RandomForest,6,4U1705-44,95060-01-35-00,NS,0.007802197802197802,NS
A_intensity,RandomForest,6,4U1705-44,95060-01-66-00,NS,0.0049604989604989606,NS
A_intensity,RandomForest,6,4U1705-44,95060-01-78-00,NS,0.0,NS
A_intensity,RandomForest,6,4U1705-44,96060-01-40-00,NS,0.06930770280793523,NS
A_intensity,RandomForest,6,4U1705-44,96060-01-73-00,NS,0.0032535392535392536,NS
A_intensity,RandomForest,7,4U1724-307,60034-02-01-01,NS,0.6005379153291485,BH
A_intensity,RandomForest,7,4U1724-307,50060-05-01-07,NS,0.456087283299932,NS
A_intensity,RandomForest,7,4U1724-307,50060-05-01-05,NS,0.42761339687009936,NS
A_intensity,RandomForest,7,4U1724-307,60034-02-02-02,NS,0.2881727013752188,NS
A_intensity,RandomForest,7,4U1724-307,60034-02-03-10,NS,0.32161732839939566,NS
A_intensity,RandomForest,7,4U1724-307,60034-02-05-01,NS,0.1433178175596881,NS
A_intensity,RandomForest,7,4U1724-307,80105-10-01-00,NS,0.07293861557961383,NS
A_intensity,RandomForest,7,4U1724-307,80138-06-03-00,NS,0.005085841694537347,NS
A_intensity,RandomForest,7,4U1724-307,90058-06-03-00,NS,0.09074433684115553,NS
A_intensity,RandomForest,7,4U1724-307,91050-07-01-00,NS,0.34377367876920567,NS
A_intensity,RandomForest,7,4U1724-307,93044-06-04-00,NS,0.073753910007612,NS
A_intensity,RandomForest,7,4U1724-307,93044-06-07-00,NS,0.11168181944270437,NS
A_intensity,RandomForest,7,4U1724-307,93438-01-02-03,NS,0.08498779967300471,NS
A_intensity,RandomForest,7,4U1724-307,93438-01-04-00,NS,0.0697878653156115,NS
A_intensity,RandomForest,7,4U1724-307,93438-01-07-01,NS,0.44321964482901594,NS
A_intensity,RandomForest,8,4U1728-34,50023-01-29-00,NS,0.0636363582891082,NS
A_intensity,RandomForest,8,4U1728-34,50030-03-05-03,NS,0.7897634282146841,BH
A_intensity,RandomForest,8,4U1728-34,70028-01-01-08,NS,0.12349148868438853,NS
A_intensity,RandomForest,8,4U1728-34,70028-01-01-05,NS,0.10516124350694575,NS
A_intensity,RandomForest,8,4U1728-34,92023-03-08-00,NS,0.005047619047619047,NS
A_intensity,RandomForest,8,4U1728-34,92023-03-37-00,NS,0.4250898280037724,NS
A_intensity,RandomForest,8,4U1728-34,92023-03-76-00,NS,0.010285797318055383,NS
A_intensity,RandomForest,8,4U1728-34,92023-03-98-00,NS,0.24263636151810422,NS
A_intensity,RandomForest,8,4U1728-34,92023-03-19-10,NS,0.016358265390523458,NS
A_intensity,RandomForest,8,4U1728-34,92023-03-30-10,NS,0.03285169682735112,NS
A_intensity,RandomForest,8,4U1728-34,92023-03-44-00,NS,0.832591831248027,BH
A_intensity,RandomForest,8,4U1728-34,92023-03-49-00,NS,0.9773691573369437,BH
A_intensity,RandomForest,8,4U1728-34,92023-03-70-00,NS,0.6019072290857097,BH
A_intensity,RandomForest,8,4U1728-34,95337-01-02-00,NS,0.1151559431686726,NS
A_intensity,RandomForest,8,4U1728-34,96322-01-01-05,NS,0.058480659399709936,NS
A_intensity,RandomForest,9,4U1735-44,50025-02-01-01,NS,0.005253539253539254,NS
A_intensity,RandomForest,9,4U1735-44,50026-01-01-00,NS,0.004,NS
A_intensity,RandomForest,9,4U1735-44,91152-06-01-10,NS,0.016882354882354882,NS
A_intensity,RandomForest,9,4U1735-44,91025-01-01-04,NS,0.013674355674355675,NS
A_intensity,RandomForest,9,4U1735-44,91025-01-04-04,NS,0.004484308484308484,NS
A_intensity,RandomForest,9,4U1735-44,91025-01-04-06,NS,0.07026661225916477,NS
A_intensity,RandomForest,9,4U1735-44,91025-01-05-01,NS,0.03781383657245725,NS
A_intensity,RandomForest,9,4U1735-44,91025-01-08-07,NS,0.002,NS
A_intensity,RandomForest,9,4U1735-44,91025-01-09-12,NS,0.002,NS
A_intensity,RandomForest,9,4U1735-44,91025-01-09-10,NS,0.03409035409035408,NS
A_intensity,RandomForest,9,4U1735-44,91025-01-13-03,NS,0.027244207035085795,NS
A_intensity,RandomForest,9,4U1735-44,91025-01-13-08,NS,0.02777224320181265,NS
A_intensity,RandomForest,9,4U1735-44,93200-01-03-01,NS,0.021548312580570644,NS
A_intensity,RandomForest,9,4U1735-44,96325-01-01-04,NS,0.0032307692307692306,NS
A_intensity,RandomForest,9,4U1735-44,96331-01-02-01,NS,0.0029604989604989605,NS
A_intensity,RandomForest,10,4U1746-371,60044-02-01-10,NS,0.0028888888888888888,NS
A_intensity,RandomForest,10,4U1746-371,60044-02-01-05,NS,0.0220515688101895,NS
A_intensity,RandomForest,10,4U1746-371,60044-02-01-07,NS,0.02126992430218237,NS
A_intensity,RandomForest,10,4U1746-371,60044-02-01-06,NS,0.013477558420954647,NS
A_intensity,RandomForest,10,4U1746-371,60044-02-02-00,NS,0.04653855848986708,NS
A_intensity,RandomForest,10,4U1746-371,60044-02-02-010,NS,0.0,NS
A_intensity,RandomForest,10,4U1746-371,60044-02-02-09,NS,0.0008888888888888889,NS
A_intensity,RandomForest,10,4U1746-371,60044-02-02-10,NS,0.088491703491748,NS
A_intensity,RandomForest,10,4U1746-371,70050-01-01-03,NS,0.033568135359014116,NS
A_intensity,RandomForest,10,4U1746-371,70050-01-01-06,NS,0.01894045769907839,NS
A_intensity,RandomForest,10,4U1746-371,70050-01-01-00,NS,0.009321410080030769,NS
A_intensity,RandomForest,10,4U1746-371,70050-01-01-08,NS,0.004412698412698413,NS
A_intensity,RandomForest,10,4U1746-371,90044-01-02-01,NS,0.012369029127649818,NS
A_intensity,RandomForest,10,4U1746-371,90044-01-04-000,NS,0.0,NS
A_intensity,RandomForest,10,4U1746-371,90044-01-04-00,NS,0.05002510785340351,NS
A_intensity,RandomForest,11,4U1820-30,40017-01-21-02,NS,0.011047619047619047,NS
A_intensity,RandomForest,11,4U1820-30,60030-01-02-01,NS,0.028596953604865968,NS
A_intensity,RandomForest,11,4U1820-30,70030-03-03-00,NS,0.13053978631365606,NS
A_intensity,RandomForest,11,4U1820-30,70030-03-05-00,NS,0.03986607258333862,NS
A_intensity,RandomForest,11,4U1820-30,90027-01-01-06,NS,0.005786836819094884,NS
A_intensity,RandomForest,11,4U1820-30,90027-01-03-00,NS,0.00372972972972973,NS
A_intensity,RandomForest,11,4U1820-30,90027-01-04-04,NS,0.008301158301158301,NS
A_intensity,RandomForest,11,4U1820-30,92030-02-02-00,NS,0.05413059504964556,NS
A_intensity,RandomForest,11,4U1820-30,91152-04-01-00,NS,0.002,NS
A_intensity,RandomForest,11,4U1820-30,92030-02-05-00,NS,0.0010322580645161293,NS
A_intensity,RandomForest,11,4U1820-30,94090-01-01-00,NS,0.015834096575708317,NS
A_intensity,RandomForest,11,4U1820-30,94090-01-02-01,NS,0.3364633493355767,NS
A_intensity,RandomForest,11,4U1820-30,92030-02-12-00,NS,0.023050374058286412,NS
A_intensity,RandomForest,11,4U1820-30,96090-01-01-020,NS,0.009047619047619047,NS
A_intensity,RandomForest,11,4U1820-30,96324-01-02-01,NS,0.0015238095238095236,NS
A_intensity,RandomForest,12,4U1915-05,50026-03-01-00,NS,0.19724329087908016,NS
A_intensity,RandomForest,12,4U1915-05,50026-03-01-01,NS,0.23634679080747018,NS
A_intensity,RandomForest,12,4U1915-05,70034-02-01-01,NS,0.007533333333333333,NS
A_intensity,RandomForest,12,4U1915-05,70034-02-01-00,NS,0.011666666666666665,NS
A_intensity,RandomForest,12,4U1915-05,70034-02-02-01,NS,0.08645335601936856,NS
A_intensity,RandomForest,12,4U1915-05,70034-02-02-00,NS,0.13758439072295806,NS
A_intensity,RandomForest,13,AQLX1,50049-02-06-01,NS,0.028155286921244367,NS
A_intensity,RandomForest,13,AQLX1,50049-02-15-06,NS,0.04887897764493509,NS
A_intensity,RandomForest,13,AQLX1,60054-02-03-03,NS,0.03332859627199249,NS
A_intensity,RandomForest,13,AQLX1,70069-03-01-00,NS,0.3977383722617443,NS
A_intensity,RandomForest,13,AQLX1,80403-01-03-00,NS,0.7846278098327313,BH
A_intensity,RandomForest,13,AQLX1,90017-11-06-00,NS,0.3391287500703825,NS
A_intensity,RandomForest,13,AQLX1,91028-01-29-00,NS,0.14962387640924552,NS
A_intensity,RandomForest,13,AQLX1,92034-01-02-00,NS,0.03620838305048832,NS
A_intensity,RandomForest,13,AQLX1,93076-01-02-00,NS,0.06187173945613395,NS
A_intensity,RandomForest,13,AQLX1,92438-01-02-02,NS,0.42921737806672033,NS
A_intensity,RandomForest,13,AQLX1,94076-01-03-04,NS,0.7831366761168195,BH
A_intensity,RandomForest,13,AQLX1,94441-01-01-00,NS,0.29199894595014364,NS
A_intensity,RandomForest,13,AQLX1,95413-01-02-01,NS,0.21094389829240429,NS
A_intensity,RandomForest,13,AQLX1,96440-01-05-02,NS,0.047870364636322084,NS
A_intensity,RandomForest,13,AQLX1,96440-01-08-06,NS,0.0688789776449351,NS
A_intensity,RandomForest,14,CYGX2,40019-04-05-09,NS,0.21659643714767937,NS
A_intensity,RandomForest,14,CYGX2,80018-02-01-00G,NS,0.16283619912990263,NS
A_intensity,RandomForest,14,CYGX2,90030-01-23-00,NS,0.06888250762411939,NS
A_intensity,RandomForest,14,CYGX2,90030-01-45-00,NS,0.011261657261657263,NS
A_intensity,RandomForest,14,CYGX2,90030-01-55-01,NS,0.020785466785466784,NS
A_intensity,RandomForest,14,CYGX2,91010-01-01-05,NS,0.18311812019795815,NS
A_intensity,RandomForest,14,CYGX2,91009-01-28-01,NS,0.018358974358974357,NS
A_intensity,RandomForest,14,CYGX2,90030-01-15-00,NS,0.01612777612777613,NS
A_intensity,RandomForest,14,CYGX2,90030-01-09-00,NS,0.004278388278388278,NS
A_intensity,RandomForest,14,CYGX2,92039-01-04-01,NS,0.02079900827726915,NS
A_intensity,RandomForest,14,CYGX2,92038-01-06-01,NS,0.20825204469097341,NS
A_intensity,RandomForest,14,CYGX2,93082-02-02-01,NS,0.03259326335922082,NS
A_intensity,RandomForest,14,CYGX2,93443-01-01-09,NS,0.36495347710397913,NS
A_intensity,RandomForest,14,CYGX2,95345-01-06-00,NS,0.09824673759704494,NS
A_intensity,RandomForest,14,CYGX2,95345-01-40-00,NS,0.006278388278388278,NS
A_intensity,RandomForest,15,EXO0748-676,50045-06-05-00,NS,0.14300130103903116,NS
A_intensity,RandomForest,15,EXO0748-676,70048-03-02-00,NS,0.34686736273392843,NS
A_intensity,RandomForest,15,EXO0748-676,60042-03-01-00,NS,0.14938436342026373,NS
A_intensity,RandomForest,15,EXO0748-676,70047-02-01-03,NS,0.23890348066114592,NS
A_intensity,RandomForest,15,EXO0748-676,70048-13-12-00,NS,0.20360628076861817,NS
A_intensity,RandomForest,15,EXO0748-676,80040-01-09-01,NS,0.19227083255965996,NS
A_intensity,RandomForest,15,EXO0748-676,90039-01-03-02,NS,0.17797471149913519,NS
A_intensity,RandomForest,15,EXO0748-676,90039-01-04-01,NS,0.09010440091419367,NS
A_intensity,RandomForest,15,EXO0748-676,91035-01-04-09,NS,0.12464648474408142,NS
A_intensity,RandomForest,15,EXO0748-676,92019-01-05-02,NS,0.10923601769605858,NS
A_intensity,RandomForest,15,EXO0748-676,92019-01-06-03,NS,0.22541997171946182,NS
A_intensity,RandomForest,15,EXO0748-676,92019-01-16-00,NS,0.23559606106547315,NS
A_intensity,RandomForest,15,EXO0748-676,92019-01-18-01,NS,0.30724058754130684,NS
A_intensity,RandomForest,15,EXO0748-676,92019-01-26-01,NS,0.15614819473265995,NS
A_intensity,RandomForest,15,EXO0748-676,92040-03-01-00,NS,0.32562610597270947,NS
A_intensity,RandomForest,16,GROJ1655-40,90428-01-01-07,BH,0.6343843791116688,BH
A_intensity,RandomForest,16,GROJ1655-40,91702-01-02-03,BH,0.803513392519015,BH
A_intensity,RandomForest,16,GROJ1655-40,91702-01-22-00,BH,0.2762643687771097,NS
A_intensity,RandomForest,16,GROJ1655-40,91702-01-22-03,BH,0.2608821475516738,NS
A_intensity,RandomForest,16,GROJ1655-40,91702-01-43-00,BH,0.3835493075772179,NS
A_intensity,RandomForest,16,GROJ1655-40,91702-01-51-02,BH,0.4109996311002781,NS
A_intensity,RandomForest,16,GROJ1655-40,91702-01-56-03,BH,0.5743996880717398,BH
A_intensity,RandomForest,16,GROJ1655-40,91702-01-66-05,BH,0.9277973508059117,BH
A_intensity,RandomForest,16,GROJ1655-40,91702-01-78-00,BH,0.7932040272055025,BH
A_intensity,RandomForest,16,GROJ1655-40,91702-01-01-13,BH,0.3872894464454585,NS
A_intensity,RandomForest,16,GROJ1655-40,91702-01-17-11,BH,0.5420374766951583,BH
A_intensity,RandomForest,16,GROJ1655-40,91702-01-39-10,BH,0.16952716532490125,NS
A_intensity,RandomForest,16,GROJ1655-40,91702-01-48-10,BH,0.5059313815959879,BH
A_intensity,RandomForest,16,GROJ1655-40,91702-01-81-00,BH,0.34307645687855565,NS
A_intensity,RandomForest,16,GROJ1655-40,91702-01-86-04,BH,0.7414186797465802,BH
A_intensity,RandomForest,17,GRS1915+105,50703-01-11-00,BH,0.8167264642877867,BH
A_intensity,RandomForest,17,GRS1915+105,50703-01-62-01,BH,0.23136567115758125,NS
A_intensity,RandomForest,17,GRS1915+105,60701-01-13-03,BH,0.20725581085099867,NS
A_intensity,RandomForest,17,GRS1915+105,70702-01-02-00,BH,0.4423841141674353,NS
A_intensity,RandomForest,17,GRS1915+105,70702-01-21-01,BH,0.2668238812029395,NS
A_intensity,RandomForest,17,GRS1915+105,80127-04-01-02,BH,0.24979541145843318,NS
A_intensity,RandomForest,17,GRS1915+105,90701-01-16-00,BH,0.39827260392342867,NS
A_intensity,RandomForest,17,GRS1915+105,90701-01-40-00,BH,0.24270928209143214,NS
A_intensity,RandomForest,17,GRS1915+105,90024-02-37-00,BH,0.46673618123930616,NS
A_intensity,RandomForest,17,GRS1915+105,92702-01-06-00,BH,0.8898036646046186,BH
A_intensity,RandomForest,17,GRS1915+105,80701-01-53-00,BH,0.42461138689470795,NS
A_intensity,RandomForest,17,GRS1915+105,93701-01-08-00,BH,0.28700349371711287,NS
A_intensity,RandomForest,17,GRS1915+105,91701-01-83-00,BH,0.7934130621935129,BH
A_intensity,RandomForest,17,GRS1915+105,95701-01-44-00,BH,0.8045750212614369,BH
A_intensity,RandomForest,17,GRS1915+105,96701-01-39-00,BH,0.22694519168807928,NS
A_intensity,RandomForest,18,GS1826-238,50035-01-02-00,NS,0.06122110499497481,NS
A_intensity,RandomForest,18,GS1826-238,50035-01-03-02,NS,0.20178926046779208,NS
A_intensity,RandomForest,18,GS1826-238,50035-01-03-04,NS,0.1727997966551915,NS
A_intensity,RandomForest,18,GS1826-238,50035-01-03-090,NS,0.1509104787658736,NS
A_intensity,RandomForest,18,GS1826-238,80048-01-01-09,NS,0.10195277801729409,NS
A_intensity,RandomForest,18,GS1826-238,80048-01-01-14,NS,0.21028189306171485,NS
A_intensity,RandomForest,18,GS1826-238,80049-01-01-00,NS,0.12700897239945014,NS
A_intensity,RandomForest,18,GS1826-238,90043-01-01-02,NS,0.14188794424616394,NS
A_intensity,RandomForest,18,GS1826-238,70044-01-03-00,NS,0.1832868431178922,NS
A_intensity,RandomForest,18,GS1826-238,92703-01-04-02,NS,0.17428657888675347,NS
A_intensity,RandomForest,18,GS1826-238,70044-01-04-00,NS,0.17135335004627028,NS
A_intensity,RandomForest,18,GS1826-238,91017-01-02-05,NS,0.24161383697626992,NS
A_intensity,RandomForest,18,GS1826-238,91017-01-02-03,NS,0.12388231887836879,NS
A_intensity,RandomForest,18,GS1826-238,91017-01-02-10,NS,0.3080317820914877,NS
A_intensity,RandomForest,18,GS1826-238,96306-01-01-01,NS,0.5415411696273237,BH
A_intensity,RandomForest,19,GX17+2,70023-01-01-01,NS,0.9825722190355733,BH
A_intensity,RandomForest,19,GX17+2,80022-01-01-09,NS,0.7926738425153758,BH
A_intensity,RandomForest,19,GX17+2,80022-01-01-03,NS,0.9184486309839112,BH
A_intensity,RandomForest,19,GX17+2,80022-01-01-02,NS,0.8821174596887886,BH
A_intensity,RandomForest,19,GX17+2,80022-01-03-01,NS,0.40123484921384284,NS
A_intensity,RandomForest,19,GX17+2,90022-07-03-00,NS,0.9936069845503808,BH
A_intensity,RandomForest,19,GX17+2,90022-07-04-02,NS,0.989757530700927,BH
A_intensity,RandomForest,19,GX17+2,92042-01-02-00G,NS,0.06665210078537459,NS
A_intensity,RandomForest,19,GX17+2,92042-01-05-01,NS,0.35520063413598596,NS
A_intensity,RandomForest,19,GX17+2,93406-11-01-00,NS,0.13507592850399616,NS
A_intensity,RandomForest,19,GX17+2,93439-01-05-01,NS,0.8237161209755242,BH
A_intensity,RandomForest,19,GX17+2,93439-01-06-00,NS,0.9239536277001755,BH
A_intensity,RandomForest,19,GX17+2,95318-01-02-01,NS,0.028553333319290764,NS
A_intensity,RandomForest,19,GX17+2,96310-01-01-000,NS,0.6042656443421996,BH
A_intensity,RandomForest,19,GX17+2,96310-01-01-02,NS,0.13219823174144185,NS
A_intensity,RandomForest,20,GX3+1,60022-01-01-01,NS,0.004571428571428571,NS
A_intensity,RandomForest,20,GX3+1,60022-01-02-01,NS,0.009238887238887238,NS
A_intensity,RandomForest,20,GX3+1,60022-01-04-03,NS,0.009603686635944702,NS
A_intensity,RandomForest,20,GX3+1,60022-01-04-04,NS,0.007326007326007326,NS
A_intensity,RandomForest,20,GX3+1,60022-01-05-01,NS,0.005802197802197802,NS
A_intensity,RandomForest,20,GX3+1,60022-01-06-05,NS,0.00172972972972973,NS
A_intensity,RandomForest,20,GX3+1,60022-01-06-13,NS,0.003985347985347986,NS
A_intensity,RandomForest,20,GX3+1,60022-01-07-02,NS,0.0030476190476190473,NS
A_intensity,RandomForest,20,GX3+1,60022-01-08-03,NS,0.008278388278388277,NS
A_intensity,RandomForest,20,GX3+1,60022-01-10-03,NS,0.008008118008118008,NS
A_intensity,RandomForest,20,GX3+1,60022-01-10-04,NS,0.009238887238887238,NS
A_intensity,RandomForest,20,GX3+1,60022-01-13-01,NS,0.007326007326007326,NS
A_intensity,RandomForest,20,GX3+1,90022-05-05-00,NS,0.11796691305595483,NS
A_intensity,RandomForest,20,GX3+1,90022-05-06-00,NS,0.25594300237929424,NS
A_intensity,RandomForest,20,GX3+1,94307-05-01-02,NS,0.17845282095362894,NS
A_intensity,RandomForest,21,GX339-4,40031-03-03-04,BH,0.4490891041388738,NS
A_intensity,RandomForest,21,GX339-4,70110-01-54-00,BH,0.337375832506294,NS
A_intensity,RandomForest,21,GX339-4,80102-04-56-00,BH,0.46986353238607836,NS
A_intensity,RandomForest,21,GX339-4,80132-01-22-00,BH,0.5940534202958423,BH
A_intensity,RandomForest,21,GX339-4,90704-01-05-00,BH,0.5946052331770683,BH
A_intensity,RandomForest,21,GX339-4,92034-08-01-00,BH,0.5546264383668936,BH
A_intensity,RandomForest,21,GX339-4,92035-01-03-03,BH,0.971680606537654,BH
A_intensity,RandomForest,21,GX339-4,92704-03-13-00,BH,0.29427745638814434,NS
A_intensity,RandomForest,21,GX339-4,92704-03-22-00,BH,0.014300572089496855,NS
A_intensity,RandomForest,21,GX339-4,92704-03-45-01,BH,0.3901117277200971,NS
A_intensity,RandomForest,21,GX339-4,93108-01-01-02,BH,0.220816212083787,NS
A_intensity,RandomForest,21,GX339-4,95409-01-02-02,BH,0.6028806903435445,BH
A_intensity,RandomForest,21,GX339-4,95409-01-20-00,BH,0.6859582146657375,BH
A_intensity,RandomForest,21,GX339-4,95409-01-29-00,BH,0.7823664040839551,BH
A_intensity,RandomForest,21,GX339-4,96409-01-10-02,BH,0.4934196726860099,NS
A_intensity,RandomForest,22,HETEJ1900.1-245,91015-01-07-00,NS,0.0377371473781011,NS
A_intensity,RandomForest,22,HETEJ1900.1-245,91059-03-03-00,NS,0.05013067698115419,NS
A_intensity,RandomForest,22,HETEJ1900.1-245,91057-01-07-04,NS,0.7152561364977402,BH
A_intensity,RandomForest,22,HETEJ1900.1-245,92049-01-05-00,NS,0.7266158751978076,BH
A_intensity,RandomForest,22,HETEJ1900.1-245,92049-01-07-00,NS,0.04678173466852712,NS
A_intensity,RandomForest,22,HETEJ1900.1-245,92049-01-40-00,NS,0.44866467550795397,NS
A_intensity,RandomForest,22,HETEJ1900.1-245,92049-01-56-00,NS,0.011010363074879206,NS
A_intensity,RandomForest,22,HETEJ1900.1-245,93030-01-14-00,NS,0.3521925478240322,NS
A_intensity,RandomForest,22,HETEJ1900.1-245,93030-01-47-00,NS,0.44345312908101003,NS
A_intensity,RandomForest,22,HETEJ1900.1-245,94030-01-05-00,NS,0.10365465283547827,NS
A_intensity,RandomForest,22,HETEJ1900.1-245,94030-01-27-00,NS,0.3964583853032998,NS
A_intensity,RandomForest,22,HETEJ1900.1-245,94030-01-36-00,NS,0.4350372229143955,NS
A_intensity,RandomForest,22,HETEJ1900.1-245,95030-01-16-00,NS,0.33788608592440916,NS
A_intensity,RandomForest,22,HETEJ1900.1-245,96030-01-01-01,NS,0.368940241553058,NS
A_intensity,RandomForest,22,HETEJ1900.1-245,96030-01-25-00,NS,0.43178038574642025,NS
A_intensity,RandomForest,23,KS1731-260,50031-02-01-09,NS,0.6615806025076097,BH
A_intensity,RandomForest,23,KS1731-260,50031-02-01-12,NS,0.4427100021970139,NS
A_intensity,RandomForest,23,KS1731-260,50031-02-01-02,NS,0.3974178499449876,NS
A_intensity,RandomForest,23,KS1731-260,50031-02-01-05,NS,0.43970168216430355,NS
A_intensity,RandomForest,23,KS1731-260,50031-02-01-08,NS,0.38648737892565466,NS
A_intensity,RandomForest,23,KS1731-260,50031-02-02-06,NS,0.7799886461596099,BH
A_intensity,RandomForest,23,KS1731-260,50031-02-02-02,NS,0.7529614779154081,BH
A_intensity,RandomForest,23,KS1731-260,50031-02-02-03,NS,0.625482696965012,BH
A_intensity,RandomForest,23,KS1731-260,50031-02-02-080,NS,0.7389315288288554,BH
A_intensity,RandomForest,23,KS1731-260,50031-02-03-00,NS,0.20260754787911048,NS
A_intensity,RandomForest,23,KS1731-260,50031-02-03-05,NS,0.1712088491162684,NS
A_intensity,RandomForest,23,KS1731-260,50031-02-03-04,NS,0.2473622773173148,NS
A_intensity,RandomForest,23,KS1731-260,50031-02-03-07,NS,0.18822154502823385,NS
A_intensity,RandomForest,23,KS1731-260,50031-02-03-08,NS,0.12464665634439376,NS
A_intensity,RandomForest,23,KS1731-260,50031-02-03-01,NS,0.6081644944024166,BH
A_intensity,RandomForest,24,MXB1658-298,50410-01-01-00,NS,0.028417869176489863,NS
A_intensity,RandomForest,24,MXB1658-298,50410-01-04-00,NS,0.013802197802197802,NS
A_intensity,RandomForest,24,MXB1658-298,50410-01-05-00,NS,0.027585146343767034,NS
A_intensity,RandomForest,24,MXB1658-298,50410-01-08-00,NS,0.017802197802197803,NS
A_intensity,RandomForest,24,MXB1658-298,50410-01-09-00,NS,0.025032967032967028,NS
A_intensity,RandomForest,24,MXB1658-298,60048-01-02-00,NS,0.018981179739800427,NS
A_intensity,RandomForest,24,MXB1658-298,60048-01-04-00,NS,0.055849560433910386,NS
A_intensity,RandomForest,24,MXB1658-298,60048-02-01-00,NS,0.0012307692307692308,NS
A_intensity,RandomForest,24,MXB1658-298,60048-02-03-00,NS,0.021752999455016374,NS
A_intensity,RandomForest,24,MXB1658-298,60048-03-01-00,NS,0.005509157509157509,NS
A_intensity,RandomForest,24,MXB1658-298,60048-03-02-00,NS,0.004754578754578754,NS
A_intensity,RandomForest,24,MXB1658-298,60048-03-05-00,NS,0.004754578754578754,NS
A_intensity,RandomForest,24,MXB1658-298,60048-04-01-00,NS,0.3542729032612453,NS
A_intensity,RandomForest,24,MXB1658-298,60048-04-03-00,NS,0.775687339777396,BH
A_intensity,RandomForest,24,MXB1658-298,60048-04-05-00,NS,0.834328453935861,BH
A_intensity,RandomForest,25,SAXJ1808.4-3658,70080-01-02-04,NS,0.037510890370149166,NS
A_intensity,RandomForest,25,SAXJ1808.4-3658,70080-01-02-22,NS,0.3535930555941637,NS
A_intensity,RandomForest,25,SAXJ1808.4-3658,70080-01-03-010,NS,0.25891538607020853,NS
A_intensity,RandomForest,25,SAXJ1808.4-3658,70080-02-01-03,NS,0.5545070522738151,BH
A_intensity,RandomForest,25,SAXJ1808.4-3658,70080-02-02-35,NS,0.5310284764847178,BH
A_intensity,RandomForest,25,SAXJ1808.4-3658,70080-02-02-12,NS,0.4014716506582829,NS
A_intensity,RandomForest,25,SAXJ1808.4-3658,70080-03-13-00,NS,0.504815037768647,BH
A_intensity,RandomForest,25,SAXJ1808.4-3658,70080-03-20-13,NS,0.34941379366448355,NS
A_intensity,RandomForest,25,SAXJ1808.4-3658,70080-03-22-00,NS,0.7562632241243806,BH
A_intensity,RandomForest,25,SAXJ1808.4-3658,91056-01-03-05,NS,0.18575859414365162,NS
A_intensity,RandomForest,25,SAXJ1808.4-3658,91418-01-04-00,NS,0.8337319469285611,BH
A_intensity,RandomForest,25,SAXJ1808.4-3658,93027-01-01-03,NS,0.13175665982199924,NS
A_intensity,RandomForest,25,SAXJ1808.4-3658,93027-01-05-08,NS,0.8599784158429429,BH
A_intensity,RandomForest,25,SAXJ1808.4-3658,96027-01-01-00,NS,0.03202953012283148,NS
A_intensity,RandomForest,25,SAXJ1808.4-3658,96027-01-02-00,NS,0.16831777983123358,NS
A_intensity,RandomForest,26,SLX1735-269,60034-01-01-00,NS,0.11407953246181297,NS
A_intensity,RandomForest,26,SLX1735-269,60034-01-02-02,NS,0.13086510248476776,NS
A_intensity,RandomForest,26,SLX1735-269,60034-01-03-01,NS,0.002,NS
A_intensity,RandomForest,26,SLX1735-269,80138-03-01-00,NS,0.05311314405392794,NS
A_intensity,RandomForest,26,SLX1735-269,80138-03-02-00,NS,0.07581658271923192,NS
A_intensity,RandomForest,26,SLX1735-269,80138-03-07-01,NS,0.0,NS
A_intensity,RandomForest,26,SLX1735-269,80138-03-07-03,NS,0.002,NS
A_intensity,RandomForest,26,SLX1735-269,90058-05-01-02,NS,0.004754578754578754,NS
A_intensity,RandomForest,26,SLX1735-269,92052-02-02-00,NS,0.18827368412791434,NS
A_intensity,RandomForest,26,SLX1735-269,96429-01-02-02,NS,0.4253722601316648,NS
A_intensity,RandomForest,26,SLX1735-269,96429-01-03-01,NS,0.24298081965341678,NS
A_intensity,RandomForest,26,SLX1735-269,96429-01-05-00,NS,0.4001973599510425,NS
A_intensity,RandomForest,26,SLX1735-269,96429-01-06-01,NS,0.2739333919727539,NS
A_intensity,RandomForest,26,SLX1735-269,96429-01-07-01,NS,0.3580868701157223,NS
A_intensity,RandomForest,26,SLX1735-269,96429-01-08-03,NS,0.2820284483846512,NS
A_intensity,RandomForest,27,XTEJ1118+480,50407-01-07-01,BH,0.15985414789043972,NS
A_intensity,RandomForest,27,XTEJ1118+480,50407-01-09-00,BH,0.14927470729185952,NS
A_intensity,RandomForest,27,XTEJ1118+480,50407-01-10-01,BH,0.17192699232683156,NS
A_intensity,RandomForest,27,XTEJ1118+480,50133-01-05-00,BH,0.08814016957710062,NS
A_intensity,RandomForest,27,XTEJ1118+480,50407-01-13-02,BH,0.01900363107737477,NS
A_intensity,RandomForest,27,XTEJ1118+480,50133-01-04-01,BH,0.022618878035141413,NS
A_intensity,RandomForest,27,XTEJ1118+480,50407-01-14-02,BH,0.1147123865346896,NS
A_intensity,RandomForest,27,XTEJ1118+480,50407-01-16-00,BH,0.6314610957171165,BH
A_intensity,RandomForest,27,XTEJ1118+480,90011-01-01-08,BH,0.6265262028142411,BH
A_intensity,RandomForest,27,XTEJ1118+480,90011-01-01-10,BH,0.8152689292884437,BH
A_intensity,RandomForest,27,XTEJ1118+480,90011-01-01-05,BH,0.17118320690055497,NS
A_intensity,RandomForest,27,XTEJ1118+480,90111-01-02-06,BH,0.033823732984304716,NS
A_intensity,RandomForest,27,XTEJ1118+480,90111-01-02-15,BH,0.08448303391472047,NS
A_intensity,RandomForest,27,XTEJ1118+480,90111-01-02-07,BH,0.12308460184968238,NS
A_intensity,RandomForest,27,XTEJ1118+480,90111-01-03-02,BH,0.3921620626061626,NS
A_intensity,RandomForest,28,XTEJ1550-564,50135-01-02-00,BH,0.35073587158733316,NS
A_intensity,RandomForest,28,XTEJ1550-564,50135-01-08-00,BH,0.3155357278675114,NS
A_intensity,RandomForest,28,XTEJ1550-564,50135-01-15-00,BH,0.14612622587897536,NS
A_intensity,RandomForest,28,XTEJ1550-564,50135-01-19-00,BH,0.6612944646932131,BH
A_intensity,RandomForest,28,XTEJ1550-564,50135-01-23-00,BH,0.4685859304440251,NS
A_intensity,RandomForest,28,XTEJ1550-564,50137-02-09-00,BH,0.837893209264854,BH
A_intensity,RandomForest,28,XTEJ1550-564,60428-01-03-00,BH,0.29065623268017243,NS
A_intensity,RandomForest,28,XTEJ1550-564,60428-01-05-00,BH,0.4892468386105583,NS
A_intensity,RandomForest,28,XTEJ1550-564,60428-01-09-00,BH,0.7777407649780389,BH
A_intensity,RandomForest,28,XTEJ1550-564,60428-01-15-00,BH,0.3156056377275121,NS
A_intensity,RandomForest,28,XTEJ1550-564,80135-01-01-01,BH,0.31715651468870854,NS
A_intensity,RandomForest,28,XTEJ1550-564,80135-01-02-01,BH,0.3904482654836501,NS
A_intensity,RandomForest,28,XTEJ1550-564,80135-01-03-10,BH,0.42678006985383937,NS
A_intensity,RandomForest,28,XTEJ1550-564,80135-01-04-02,BH,0.38036065545375164,NS
A_intensity,RandomForest,28,XTEJ1550-564,80135-01-05-10,BH,0.40149096605503903,NS
A_intensity,RandomForest,29,XTEJ1650-500,60113-01-06-00,BH,0.9907130187634458,BH
A_intensity,RandomForest,29,XTEJ1650-500,60113-01-09-00,BH,0.9860288167171629,BH
A_intensity,RandomForest,29,XTEJ1650-500,60113-01-11-01,BH,0.9813933807245842,BH
A_intensity,RandomForest,29,XTEJ1650-500,60113-01-15-00,BH,0.22372517168999045,NS
A_intensity,RandomForest,29,XTEJ1650-500,60113-01-23-00,BH,0.23851495323808147,NS
A_intensity,RandomForest,29,XTEJ1650-500,60113-01-27-00,BH,0.5103885511336004,BH
A_intensity,RandomForest,29,XTEJ1650-500,60113-01-29-02,BH,0.4321041857447904,NS
A_intensity,RandomForest,29,XTEJ1650-500,60113-01-34-00,BH,0.45104204056903335,NS
A_intensity,RandomForest,29,XTEJ1650-500,60113-01-36-00,BH,0.43666584470419967,NS
A_intensity,RandomForest,29,XTEJ1650-500,60113-01-38-00,BH,0.47441183983086643,NS
A_intensity,RandomForest,29,XTEJ1650-500,60118-02-08-00,BH,0.4641777752021249,NS
A_intensity,RandomForest,29,XTEJ1650-500,60118-02-14-00,BH,0.144742679431732,NS
A_intensity,RandomForest,29,XTEJ1650-500,60118-02-20-00,BH,0.5606457297731484,BH
A_intensity,RandomForest,29,XTEJ1650-500,60118-02-28-00,BH,0.32538349309499404,NS
A_intensity,RandomForest,29,XTEJ1650-500,70124-01-02-00,BH,0.5099135240402746,BH
A_intensity,RandomForest,30,XTEJ1814-338,80138-04-02-00,NS,0.13730068614529944,NS
A_intensity,RandomForest,30,XTEJ1814-338,80145-02-01-01,NS,0.18029767385020365,NS
A_intensity,RandomForest,30,XTEJ1814-338,80418-01-01-07,NS,0.21215805073769936,NS
A_intensity,RandomForest,30,XTEJ1814-338,80418-01-02-00,NS,0.40062762234520516,NS
A_intensity,RandomForest,30,XTEJ1814-338,80418-01-02-08,NS,0.4604367836487094,NS
A_intensity,RandomForest,30,XTEJ1814-338,80418-01-02-05,NS,0.3040543020266911,NS
A_intensity,RandomForest,30,XTEJ1814-338,80418-01-03-02,NS,0.1948909427012209,NS
A_intensity,RandomForest,30,XTEJ1814-338,80418-01-03-08,NS,0.4190138314427907,NS
A_intensity,RandomForest,30,XTEJ1814-338,80418-01-04-03,NS,0.17138646272265987,NS
A_intensity,RandomForest,30,XTEJ1814-338,80418-01-05-00,NS,0.17299497530662963,NS
A_intensity,RandomForest,30,XTEJ1814-338,80418-01-05-08,NS,0.03631331953071085,NS
A_intensity,RandomForest,30,XTEJ1814-338,80418-01-06-00,NS,0.42364957447491064,NS
A_intensity,RandomForest,30,XTEJ1814-338,80418-01-06-02,NS,0.7487842603255254,BH
A_intensity,RandomForest,30,XTEJ1814-338,80418-01-06-06,NS,0.6767769748203877,BH
A_intensity,RandomForest,30,XTEJ1814-338,80418-01-07-06,NS,0.6689858657557199,BH
B_shape,LogReg,0,4U1254-690,60044-01-01-02,NS,0.09566988322200069,NS
B_shape,LogReg,0,4U1254-690,60044-01-01-00,NS,0.1842667397581519,NS
B_shape,LogReg,0,4U1254-690,60044-01-01-03,NS,0.01652120858958531,NS
B_shape,LogReg,0,4U1254-690,60044-01-01-05,NS,0.02921952320409205,NS
B_shape,LogReg,0,4U1254-690,60044-01-02-100,NS,0.03434977275556633,NS
B_shape,LogReg,0,4U1254-690,60044-01-02-000,NS,0.051106213720975305,NS
B_shape,LogReg,0,4U1254-690,90036-01-01-01,NS,0.10626727418229347,NS
B_shape,LogReg,0,4U1254-690,90036-01-01-03,NS,0.022526640328864044,NS
B_shape,LogReg,0,4U1254-690,93406-13-01-00,NS,0.0623191934187665,NS
B_shape,LogReg,0,4U1254-690,95324-01-01-010,NS,0.021159382616316637,NS
B_shape,LogReg,0,4U1254-690,95324-01-01-000,NS,0.03931915246433418,NS
B_shape,LogReg,0,4U1254-690,95324-01-01-00,NS,0.032827520025606016,NS
B_shape,LogReg,0,4U1254-690,95324-01-02-000,NS,0.025501244458295654,NS
B_shape,LogReg,0,4U1254-690,95324-01-02-00,NS,0.10093590278742572,NS
B_shape,LogReg,0,4U1254-690,95324-01-02-01,NS,0.03813155932855887,NS
B_shape,LogReg,1,4U1323-619,70050-03-01-01,NS,0.06645169520889262,NS
B_shape,LogReg,1,4U1323-619,70050-03-01-02,NS,0.16280391345185716,NS
B_shape,LogReg,1,4U1323-619,90062-03-01-02,NS,0.4577830134056321,NS
B_shape,LogReg,1,4U1323-619,90062-03-01-01,NS,0.4043096910597359,NS
B_shape,LogReg,1,4U1323-619,95442-01-01-01,NS,0.4286899417824288,NS
B_shape,LogReg,1,4U1323-619,95442-01-01-02,NS,0.9721872555299976,BH
B_shape,LogReg,1,4U1323-619,96405-01-01-00,NS,0.06475387167910573,NS
B_shape,LogReg,1,4U1323-619,96405-01-01-01,NS,0.16465200637034227,NS
B_shape,LogReg,1,4U1323-619,96405-01-02-00,NS,0.34465710017289636,NS
B_shape,LogReg,1,4U1323-619,96405-01-02-01,NS,0.6142499954927986,BH
B_shape,LogReg,1,4U1323-619,96405-01-04-00,NS,0.37337473385928455,NS
B_shape,LogReg,1,4U1323-619,96405-01-05-00,NS,0.4265001925840005,NS
B_shape,LogReg,1,4U1323-619,96405-01-05-01,NS,0.7159276791318944,BH
B_shape,LogReg,1,4U1323-619,96405-01-05-02,NS,0.40881362360189333,NS
B_shape,LogReg,1,4U1323-619,96405-01-05-03,NS,0.4939175245011592,NS
B_shape,LogReg,2,4U1543-47,70133-01-01-00,BH,0.999998575998455,BH
B_shape,LogReg,2,4U1543-47,70132-01-01-02G,BH,0.9999998579339593,BH
B_shape,LogReg,2,4U1543-47,70133-01-14-00,BH,0.999999875896724,BH
B_shape,LogReg,2,4U1543-47,70132-01-02-00,BH,0.9999934552429769,BH
B_shape,LogReg,2,4U1543-47,70133-01-10-00,BH,0.9999803201028179,BH
B_shape,LogReg,2,4U1543-47,70133-01-19-00,BH,0.9999998727894945,BH
B_shape,LogReg,2,4U1543-47,70133-01-22-00,BH,0.9999990763609692,BH
B_shape,LogReg,2,4U1543-47,70133-01-24-00,BH,0.999999740003842,BH
B_shape,LogReg,2,4U1543-47,70133-01-27-01,BH,0.9999965583102025,BH
B_shape,LogReg,2,4U1543-47,70133-01-28-00,BH,0.9999829980548623,BH
B_shape,LogReg,2,4U1543-47,70133-01-31-01,BH,0.9955690483766778,BH
B_shape,LogReg,2,4U1543-47,70128-01-01-01,BH,0.971840719118654,BH
B_shape,LogReg,2,4U1543-47,70124-02-09-00,BH,0.5316435078819798,BH
B_shape,LogReg,2,4U1543-47,70124-02-10-00,BH,0.7888098714909735,BH
B_shape,LogReg,2,4U1543-47,70124-02-14-00,BH,0.8776338979540966,BH
B_shape,LogReg,3,4U1608-52,60052-02-03-00,NS,0.05521292088782974,NS
B_shape,LogReg,3,4U1608-52,70059-01-01-00G,NS,0.16837244625438777,NS
B_shape,LogReg,3,4U1608-52,70058-01-32-00,NS,0.07079357294661916,NS
B_shape,LogReg,3,4U1608-52,70069-01-04-03,NS,0.2401006793309622,NS
B_shape,LogReg,3,4U1608-52,90408-01-01-03,NS,0.041366974044605244,NS
B_shape,LogReg,3,4U1608-52,90408-01-03-03,NS,0.547473894589909,BH
B_shape,LogReg,3,4U1608-52,93408-01-14-00,NS,0.5849103591930369,BH
B_shape,LogReg,3,4U1608-52,93408-01-17-01,NS,0.11828219282719502,NS
B_shape,LogReg,3,4U1608-52,93408-01-22-01,NS,0.05164198166474799,NS
B_shape,LogReg,3,4U1608-52,93408-01-27-03,NS,0.46501846399141034,NS
B_shape,LogReg,3,4U1608-52,93408-01-55-01,NS,0.4342071268964642,NS
B_shape,LogReg,3,4U1608-52,94401-01-03-02,NS,0.016913479356278658,NS
B_shape,LogReg,3,4U1608-52,94401-01-38-02,NS,0.3258881173433651,NS
B_shape,LogReg,3,4U1608-52,96423-01-03-00,NS,0.055910121193043706,NS
B_shape,LogReg,3,4U1608-52,96423-01-21-03,NS,0.542036962484428,BH
B_shape,LogReg,4,4U1636-53,50030-02-04-00,NS,0.03377650508667685,NS
B_shape,LogReg,4,4U1636-53,60032-01-20-000,NS,0.023016822129754227,NS
B_shape,LogReg,4,4U1636-53,91024-01-74-00,NS,0.4664512700931233,NS
B_shape,LogReg,4,4U1636-53,91024-01-12-10,NS,0.015041932333463895,NS
B_shape,LogReg,4,4U1636-53,92023-01-50-00,NS,0.04050536389910845,NS
B_shape,LogReg,4,4U1636-53,92023-01-79-10,NS,0.006801828602592673,NS
B_shape,LogReg,4,4U1636-53,93087-01-27-00,NS,0.013563602521929216,NS
B_shape,LogReg,4,4U1636-53,93087-01-80-00,NS,0.14389678743572146,NS
B_shape,LogReg,4,4U1636-53,93087-01-33-20,NS,0.014020328741341051,NS
B_shape,LogReg,4,4U1636-53,94087-01-16-00,NS,0.29005715953500744,NS
B_shape,LogReg,4,4U1636-53,94087-01-25-10,NS,0.0710336795399708,NS
B_shape,LogReg,4,4U1636-53,94087-01-44-10,NS,0.007314969588569307,NS
B_shape,LogReg,4,4U1636-53,95087-01-47-10,NS,0.0893359736585449,NS
B_shape,LogReg,4,4U1636-53,96087-01-52-00,NS,0.1517714953746347,NS
B_shape,LogReg,4,4U1636-53,96087-01-11-10,NS,0.03277046402269485,NS
B_shape,LogReg,5,4U1702-429,50029-27-01-000,NS,0.4301130394450913,NS
B_shape,LogReg,5,4U1702-429,50030-01-04-00,NS,0.4656272132812935,NS
B_shape,LogReg,5,4U1702-429,50030-01-09-03,NS,0.3374841333402361,NS
B_shape,LogReg,5,4U1702-429,80033-01-01-01,NS,0.3180148909056692,NS
B_shape,LogReg,5,4U1702-429,80033-01-02-000,NS,0.009429369286145855,NS
B_shape,LogReg,5,4U1702-429,80033-01-04-03,NS,0.0029248609153522667,NS
B_shape,LogReg,5,4U1702-429,80033-01-08-00G,NS,0.007319247266699729,NS
B_shape,LogReg,5,4U1702-429,80033-01-10-04G,NS,0.004218397425965506,NS
B_shape,LogReg,5,4U1702-429,80033-01-11-02,NS,0.002872076950041685,NS
B_shape,LogReg,5,4U1702-429,80033-01-12-02,NS,0.007606537034746007,NS
B_shape,LogReg,5,4U1702-429,80033-01-16-05,NS,0.004460780774464782,NS
B_shape,LogReg,5,4U1702-429,80033-01-18-02,NS,0.29694062085869277,NS
B_shape,LogReg,5,4U1702-429,80033-01-20-01,NS,0.15231501177038245,NS
B_shape,LogReg,5,4U1702-429,80033-01-21-03,NS,0.3340230527241934,NS
B_shape,LogReg,5,4U1702-429,94415-01-01-00,NS,0.09521700531853856,NS
B_shape,LogReg,6,4U1705-44,91039-01-01-61,NS,0.34363375906956234,NS
B_shape,LogReg,6,4U1705-44,90170-01-01-00,NS,0.01745157606552882,NS
B_shape,LogReg,6,4U1705-44,93060-01-05-00,NS,0.5204487690139603,BH
B_shape,LogReg,6,4U1705-44,93060-01-50-00,NS,0.42282418335600486,NS
B_shape,LogReg,6,4U1705-44,93060-01-77-00,NS,0.02406539237330833,NS
B_shape,LogReg,6,4U1705-44,93060-01-93-00,NS,0.08335126395572702,NS
B_shape,LogReg,6,4U1705-44,93060-01-45-00,NS,0.03712589522586521,NS
B_shape,LogReg,6,4U1705-44,94060-01-23-00,NS,0.0330010119515894,NS
B_shape,LogReg,6,4U1705-44,94060-01-46-00,NS,0.04134122546166208,NS
B_shape,LogReg,6,4U1705-44,94060-01-55-00,NS,0.027184526278442936,NS
B_shape,LogReg,6,4U1705-44,95060-01-35-00,NS,0.16129918593159684,NS
B_shape,LogReg,6,4U1705-44,95060-01-66-00,NS,0.061673329674759365,NS
B_shape,LogReg,6,4U1705-44,95060-01-78-00,NS,0.029044194097800912,NS
B_shape,LogReg,6,4U1705-44,96060-01-40-00,NS,0.034032224078022325,NS
B_shape,LogReg,6,4U1705-44,96060-01-73-00,NS,0.02476966362287171,NS
B_shape,LogReg,7,4U1724-307,60034-02-01-01,NS,0.23443700292145273,NS
B_shape,LogReg,7,4U1724-307,50060-05-01-07,NS,0.37051639384409185,NS
B_shape,LogReg,7,4U1724-307,50060-05-01-05,NS,0.25183419154459036,NS
B_shape,LogReg,7,4U1724-307,60034-02-02-02,NS,0.20032394819621885,NS
B_shape,LogReg,7,4U1724-307,60034-02-03-10,NS,0.22052466635928936,NS
B_shape,LogReg,7,4U1724-307,60034-02-05-01,NS,0.38688977833285404,NS
B_shape,LogReg,7,4U1724-307,80105-10-01-00,NS,0.25776772500365175,NS
B_shape,LogReg,7,4U1724-307,80138-06-03-00,NS,0.0028839722365666116,NS
B_shape,LogReg,7,4U1724-307,90058-06-03-00,NS,0.05523755797100227,NS
B_shape,LogReg,7,4U1724-307,91050-07-01-00,NS,0.10034187667157472,NS
B_shape,LogReg,7,4U1724-307,93044-06-04-00,NS,0.010093020509549088,NS
B_shape,LogReg,7,4U1724-307,93044-06-07-00,NS,0.11052930879208789,NS
B_shape,LogReg,7,4U1724-307,93438-01-02-03,NS,0.16906029448590246,NS
B_shape,LogReg,7,4U1724-307,93438-01-04-00,NS,0.13465149060757745,NS
B_shape,LogReg,7,4U1724-307,93438-01-07-01,NS,0.32451138225738374,NS
B_shape,LogReg,8,4U1728-34,50023-01-29-00,NS,0.06256454669590727,NS
B_shape,LogReg,8,4U1728-34,50030-03-05-03,NS,0.2479316246826909,NS
B_shape,LogReg,8,4U1728-34,70028-01-01-08,NS,0.09532414667568677,NS
B_shape,LogReg,8,4U1728-34,70028-01-01-05,NS,0.09219973762635181,NS
B_shape,LogReg,8,4U1728-34,92023-03-08-00,NS,0.004250734946918443,NS
B_shape,LogReg,8,4U1728-34,92023-03-37-00,NS,0.04647842564113093,NS
B_shape,LogReg,8,4U1728-34,92023-03-76-00,NS,0.0034833138753877224,NS
B_shape,LogReg,8,4U1728-34,92023-03-98-00,NS,0.04373537031170823,NS
B_shape,LogReg,8,4U1728-34,92023-03-19-10,NS,0.002070053864496426,NS
B_shape,LogReg,8,4U1728-34,92023-03-30-10,NS,0.011993875739647464,NS
B_shape,LogReg,8,4U1728-34,92023-03-44-00,NS,0.19118290496574725,NS
B_shape,LogReg,8,4U1728-34,92023-03-49-00,NS,0.22035632448673087,NS
B_shape,LogReg,8,4U1728-34,92023-03-70-00,NS,0.09439820223999223,NS
B_shape,LogReg,8,4U1728-34,95337-01-02-00,NS,0.0036743039146068337,NS
B_shape,LogReg,8,4U1728-34,96322-01-01-05,NS,0.002760367191522957,NS
B_shape,LogReg,9,4U1735-44,50025-02-01-01,NS,0.004697871433433391,NS
B_shape,LogReg,9,4U1735-44,50026-01-01-00,NS,0.003956581785109292,NS
B_shape,LogReg,9,4U1735-44,91152-06-01-10,NS,0.0036169651580554535,NS
B_shape,LogReg,9,4U1735-44,91025-01-01-04,NS,0.00415847840398362,NS
B_shape,LogReg,9,4U1735-44,91025-01-04-04,NS,0.004737672452861107,NS
B_shape,LogReg,9,4U1735-44,91025-01-04-06,NS,0.0004703950571012112,NS
B_shape,LogReg,9,4U1735-44,91025-01-05-01,NS,0.001621650001858873,NS
B_shape,LogReg,9,4U1735-44,91025-01-08-07,NS,0.0006847266640390837,NS
B_shape,LogReg,9,4U1735-44,91025-01-09-12,NS,0.000403600274221114,NS
B_shape,LogReg,9,4U1735-44,91025-01-09-10,NS,0.002279176096572001,NS
B_shape,LogReg,9,4U1735-44,91025-01-13-03,NS,0.0009744468726551885,NS
B_shape,LogReg,9,4U1735-44,91025-01-13-08,NS,0.000944648119014265,NS
B_shape,LogReg,9,4U1735-44,93200-01-03-01,NS,0.0010361514466632818,NS
B_shape,LogReg,9,4U1735-44,96325-01-01-04,NS,0.0016909235264843082,NS
B_shape,LogReg,9,4U1735-44,96331-01-02-01,NS,0.0022384153135061743,NS
B_shape,LogReg,10,4U1746-371,60044-02-01-10,NS,0.010304139916106804,NS
B_shape,LogReg,10,4U1746-371,60044-02-01-05,NS,0.005313960369052261,NS
B_shape,LogReg,10,4U1746-371,60044-02-01-07,NS,0.010662635455524025,NS
B_shape,LogReg,10,4U1746-371,60044-02-01-06,NS,0.009610843040890884,NS
B_shape,LogReg,10,4U1746-371,60044-02-02-00,NS,0.009920035252539877,NS
B_shape,LogReg,10,4U1746-371,60044-02-02-010,NS,0.0035295340099395062,NS
B_shape,LogReg,10,4U1746-371,60044-02-02-09,NS,0.002580145259046849,NS
B_shape,LogReg,10,4U1746-371,60044-02-02-10,NS,0.02192009633831286,NS
B_shape,LogReg,10,4U1746-371,70050-01-01-03,NS,0.006754344484997612,NS
B_shape,LogReg,10,4U1746-371,70050-01-01-06,NS,0.007474458118223267,NS
B_shape,LogReg,10,4U1746-371,70050-01-01-00,NS,0.004311423428835084,NS
B_shape,LogReg,10,4U1746-371,70050-01-01-08,NS,0.0033869750434232255,NS
B_shape,LogReg,10,4U1746-371,90044-01-02-01,NS,0.002093851773357939,NS
B_shape,LogReg,10,4U1746-371,90044-01-04-000,NS,0.007310079967229214,NS
B_shape,LogReg,10,4U1746-371,90044-01-04-00,NS,0.0421536274753636,NS
B_shape,LogReg,11,4U1820-30,40017-01-21-02,NS,0.0025409805141728956,NS
B_shape,LogReg,11,4U1820-30,60030-01-02-01,NS,0.0037511789107741366,NS
B_shape,LogReg,11,4U1820-30,70030-03-03-00,NS,0.0020083163295120583,NS
B_shape,LogReg,11,4U1820-30,70030-03-05-00,NS,0.02134307730154737,NS
B_shape,LogReg,11,4U1820-30,90027-01-01-06,NS,0.0019624063224879377,NS
B_shape,LogReg,11,4U1820-30,90027-01-03-00,NS,0.0013066836107715957,NS
B_shape,LogReg,11,4U1820-30,90027-01-04-04,NS,0.0019874929604442025,NS
B_shape,LogReg,11,4U1820-30,92030-02-02-00,NS,0.0015781036617407904,NS
B_shape,LogReg,11,4U1820-30,91152-04-01-00,NS,0.001510707560453138,NS
B_shape,LogReg,11,4U1820-30,92030-02-05-00,NS,0.0018087916035830372,NS
B_shape,LogReg,11,4U1820-30,94090-01-01-00,NS,0.006313830100802297,NS
B_shape,LogReg,11,4U1820-30,94090-01-02-01,NS,0.08527415950651708,NS
B_shape,LogReg,11,4U1820-30,92030-02-12-00,NS,0.0008691962130349115,NS
B_shape,LogReg,11,4U1820-30,96090-01-01-020,NS,0.001099087701349777,NS
B_shape,LogReg,11,4U1820-30,96324-01-02-01,NS,0.001168226797284239,NS
B_shape,LogReg,12,4U1915-05,50026-03-01-00,NS,0.17426579647766802,NS
B_shape,LogReg,12,4U1915-05,50026-03-01-01,NS,0.3320422619382105,NS
B_shape,LogReg,12,4U1915-05,70034-02-01-01,NS,0.0031003261972058042,NS
B_shape,LogReg,12,4U1915-05,70034-02-01-00,NS,0.001503077642565147,NS
B_shape,LogReg,12,4U1915-05,70034-02-02-01,NS,0.07091839318355189,NS
B_shape,LogReg,12,4U1915-05,70034-02-02-00,NS,0.2383087423138063,NS
B_shape,LogReg,13,AQLX1,50049-02-06-01,NS,0.07064640198156853,NS
B_shape,LogReg,13,AQLX1,50049-02-15-06,NS,0.27378901557418955,NS
B_shape,LogReg,13,AQLX1,60054-02-03-03,NS,0.09614973234648166,NS
B_shape,LogReg,13,AQLX1,70069-03-01-00,NS,0.2966776234171702,NS
B_shape,LogReg,13,AQLX1,80403-01-03-00,NS,0.6048215622939624,BH
B_shape,LogReg,13,AQLX1,90017-11-06-00,NS,0.5816884342827578,BH
B_shape,LogReg,13,AQLX1,91028-01-29-00,NS,0.5001952697938687,BH
B_shape,LogReg,13,AQLX1,92034-01-02-00,NS,0.6212427684703639,BH
B_shape,LogReg,13,AQLX1,93076-01-02-00,NS,0.2211587266975644,NS
B_shape,LogReg,13,AQLX1,92438-01-02-02,NS,0.5487650018506186,BH
B_shape,LogReg,13,AQLX1,94076-01-03-04,NS,0.6222283559912455,BH
B_shape,LogReg,13,AQLX1,94441-01-01-00,NS,0.24208407651709357,NS
B_shape,LogReg,13,AQLX1,95413-01-02-01,NS,0.4045573908068538,NS
B_shape,LogReg,13,AQLX1,96440-01-05-02,NS,0.07623158357436105,NS
B_shape,LogReg,13,AQLX1,96440-01-08-06,NS,0.17759543352837642,NS
B_shape,LogReg,14,CYGX2,40019-04-05-09,NS,0.1526115983053485,NS
B_shape,LogReg,14,CYGX2,80018-02-01-00G,NS,0.9745209638104111,BH
B_shape,LogReg,14,CYGX2,90030-01-23-00,NS,0.5109706120360087,BH
B_shape,LogReg,14,CYGX2,90030-01-45-00,NS,0.06900814890095687,NS
B_shape,LogReg,14,CYGX2,90030-01-55-01,NS,0.02371775001607427,NS
B_shape,LogReg,14,CYGX2,91010-01-01-05,NS,0.9449450196510506,BH
B_shape,LogReg,14,CYGX2,91009-01-28-01,NS,0.525904649012354,BH
B_shape,LogReg,14,CYGX2,90030-01-15-00,NS,0.0033101480998053066,NS
B_shape,LogReg,14,CYGX2,90030-01-09-00,NS,0.09740796577060509,NS
B_shape,LogReg,14,CYGX2,92039-01-04-01,NS,0.156256520204214,NS
B_shape,LogReg,14,CYGX2,92038-01-06-01,NS,0.8263860181216699,BH
B_shape,LogReg,14,CYGX2,93082-02-02-01,NS,0.3225128127046034,NS
B_shape,LogReg,14,CYGX2,93443-01-01-09,NS,0.9927597329836737,BH
B_shape,LogReg,14,CYGX2,95345-01-06-00,NS,0.9058175651821132,BH
B_shape,LogReg,14,CYGX2,95345-01-40-00,NS,0.042035335719587945,NS
B_shape,LogReg,15,EXO0748-676,50045-06-05-00,NS,0.20456764280397108,NS
B_shape,LogReg,15,EXO0748-676,70048-03-02-00,NS,0.4593506993656872,NS
B_shape,LogReg,15,EXO0748-676,60042-03-01-00,NS,0.40559824674280226,NS
B_shape,LogReg,15,EXO0748-676,70047-02-01-03,NS,0.8242761271689031,BH
B_shape,LogReg,15,EXO0748-676,70048-13-12-00,NS,0.2335351904972233,NS
B_shape,LogReg,15,EXO0748-676,80040-01-09-01,NS,0.453761895218662,NS
B_shape,LogReg,15,EXO0748-676,90039-01-03-02,NS,0.465221708877807,NS
B_shape,LogReg,15,EXO0748-676,90039-01-04-01,NS,0.3493687994862559,NS
B_shape,LogReg,15,EXO0748-676,91035-01-04-09,NS,0.09886743465860291,NS
B_shape,LogReg,15,EXO0748-676,92019-01-05-02,NS,0.2561449163170177,NS
B_shape,LogReg,15,EXO0748-676,92019-01-06-03,NS,0.21665007326797664,NS
B_shape,LogReg,15,EXO0748-676,92019-01-16-00,NS,0.05660440054659779,NS
B_shape,LogReg,15,EXO0748-676,92019-01-18-01,NS,0.04664691437732722,NS
B_shape,LogReg,15,EXO0748-676,92019-01-26-01,NS,0.6591833494739798,BH
B_shape,LogReg,15,EXO0748-676,92040-03-01-00,NS,0.03642725901994861,NS
B_shape,LogReg,16,GROJ1655-40,90428-01-01-07,BH,0.7499621768394261,BH
B_shape,LogReg,16,GROJ1655-40,91702-01-02-03,BH,0.9995453119109688,BH
B_shape,LogReg,16,GROJ1655-40,91702-01-22-00,BH,0.9999919823071517,BH
B_shape,LogReg,16,GROJ1655-40,91702-01-22-03,BH,0.9999776869119333,BH
B_shape,LogReg,16,GROJ1655-40,91702-01-43-00,BH,0.9999075448577772,BH
B_shape,LogReg,16,GROJ1655-40,91702-01-51-02,BH,0.9999622415015293,BH
B_shape,LogReg,16,GROJ1655-40,91702-01-56-03,BH,0.9987483697449817,BH
B_shape,LogReg,16,GROJ1655-40,91702-01-66-05,BH,0.9971554342461925,BH
B_shape,LogReg,16,GROJ1655-40,91702-01-78-00,BH,0.999763615392584,BH
B_shape,LogReg,16,GROJ1655-40,91702-01-01-13,BH,0.9999999238905699,BH
B_shape,LogReg,16,GROJ1655-40,91702-01-17-11,BH,0.9999987334677919,BH
B_shape,LogReg,16,GROJ1655-40,91702-01-39-10,BH,0.999985863176281,BH
B_shape,LogReg,16,GROJ1655-40,91702-01-48-10,BH,0.9999999674481737,BH
B_shape,LogReg,16,GROJ1655-40,91702-01-81-00,BH,0.5945976168425398,BH
B_shape,LogReg,16,GROJ1655-40,91702-01-86-04,BH,0.4945344486217385,NS
B_shape,LogReg,17,GRS1915+105,50703-01-11-00,BH,0.34529882174010806,NS
B_shape,LogReg,17,GRS1915+105,50703-01-62-01,BH,0.21949347094335825,NS
B_shape,LogReg,17,GRS1915+105,60701-01-13-03,BH,0.04409012477104566,NS
B_shape,LogReg,17,GRS1915+105,70702-01-02-00,BH,0.049910124897214206,NS
B_shape,LogReg,17,GRS1915+105,70702-01-21-01,BH,0.10847148215160267,NS
B_shape,LogReg,17,GRS1915+105,80127-04-01-02,BH,0.00505709719695005,NS
B_shape,LogReg,17,GRS1915+105,90701-01-16-00,BH,0.10400112108337217,NS
B_shape,LogReg,17,GRS1915+105,90701-01-40-00,BH,0.003245806749046661,NS
B_shape,LogReg,17,GRS1915+105,90024-02-37-00,BH,0.10836063952208803,NS
B_shape,LogReg,17,GRS1915+105,92702-01-06-00,BH,0.18507220634916519,NS
B_shape,LogReg,17,GRS1915+105,80701-01-53-00,BH,0.15185933344829639,NS
B_shape,LogReg,17,GRS1915+105,93701-01-08-00,BH,0.9943559376841122,BH
B_shape,LogReg,17,GRS1915+105,91701-01-83-00,BH,0.21382939242347357,NS
B_shape,LogReg,17,GRS1915+105,95701-01-44-00,BH,0.10592970491081058,NS
B_shape,LogReg,17,GRS1915+105,96701-01-39-00,BH,0.015901470949047106,NS
B_shape,LogReg,18,GS1826-238,50035-01-02-00,NS,0.23078213068181566,NS
B_shape,LogReg,18,GS1826-238,50035-01-03-02,NS,0.4746330583180487,NS
B_shape,LogReg,18,GS1826-238,50035-01-03-04,NS,0.2948342355470945,NS
B_shape,LogReg,18,GS1826-238,50035-01-03-090,NS,0.3824599678797366,NS
B_shape,LogReg,18,GS1826-238,80048-01-01-09,NS,0.3581499813924553,NS
B_shape,LogReg,18,GS1826-238,80048-01-01-14,NS,0.2892290906235667,NS
B_shape,LogReg,18,GS1826-238,80049-01-01-00,NS,0.22124948013013115,NS
B_shape,LogReg,18,GS1826-238,90043-01-01-02,NS,0.24285886023772565,NS
B_shape,LogReg,18,GS1826-238,70044-01-03-00,NS,0.4458921482769437,NS
B_shape,LogReg,18,GS1826-238,92703-01-04-02,NS,0.19447882001211794,NS
B_shape,LogReg,18,GS1826-238,70044-01-04-00,NS,0.25156853590467704,NS
B_shape,LogReg,18,GS1826-238,91017-01-02-05,NS,0.29481364190578513,NS
B_shape,LogReg,18,GS1826-238,91017-01-02-03,NS,0.14410887676933354,NS
B_shape,LogReg,18,GS1826-238,91017-01-02-10,NS,0.36222863557584234,NS
B_shape,LogReg,18,GS1826-238,96306-01-01-01,NS,0.2633576066850091,NS
B_shape,LogReg,19,GX17+2,70023-01-01-01,NS,0.007859885305786022,NS
B_shape,LogReg,19,GX17+2,80022-01-01-09,NS,0.03277601614833911,NS
B_shape,LogReg,19,GX17+2,80022-01-01-03,NS,0.01440578675292209,NS
B_shape,LogReg,19,GX17+2,80022-01-01-02,NS,0.02139353379269872,NS
B_shape,LogReg,19,GX17+2,80022-01-03-01,NS,0.061614137562031664,NS
B_shape,LogReg,19,GX17+2,90022-07-03-00,NS,0.0018611630101202778,NS
B_shape,LogReg,19,GX17+2,90022-07-04-02,NS,0.008074085859228246,NS
B_shape,LogReg,19,GX17+2,92042-01-02-00G,NS,0.12493108906804767,NS
B_shape,LogReg,19,GX17+2,92042-01-05-01,NS,0.04590089214686417,NS
B_shape,LogReg,19,GX17+2,93406-11-01-00,NS,0.12158992194083539,NS
B_shape,LogReg,19,GX17+2,93439-01-05-01,NS,0.01628923737989794,NS
B_shape,LogReg,19,GX17+2,93439-01-06-00,NS,0.0064037260785205505,NS
B_shape,LogReg,19,GX17+2,95318-01-02-01,NS,0.12514409753587402,NS
B_shape,LogReg,19,GX17+2,96310-01-01-000,NS,0.02230693403611243,NS
B_shape,LogReg,19,GX17+2,96310-01-01-02,NS,0.0376051814470626,NS
B_shape,LogReg,20,GX3+1,60022-01-01-01,NS,0.07663215101362411,NS
B_shape,LogReg,20,GX3+1,60022-01-02-01,NS,0.12185099052271892,NS
B_shape,LogReg,20,GX3+1,60022-01-04-03,NS,0.13924606426836517,NS
B_shape,LogReg,20,GX3+1,60022-01-04-04,NS,0.047422259415043924,NS
B_shape,LogReg,20,GX3+1,60022-01-05-01,NS,0.05042409116339481,NS
B_shape,LogReg,20,GX3+1,60022-01-06-05,NS,0.008788128298554845,NS
B_shape,LogReg,20,GX3+1,60022-01-06-13,NS,0.061783146294780086,NS
B_shape,LogReg,20,GX3+1,60022-01-07-02,NS,0.04726623402020992,NS
B_shape,LogReg,20,GX3+1,60022-01-08-03,NS,0.08635330933860816,NS
B_shape,LogReg,20,GX3+1,60022-01-10-03,NS,0.1253756716624006,NS
B_shape,LogReg,20,GX3+1,60022-01-10-04,NS,0.10683173439686142,NS
B_shape,LogReg,20,GX3+1,60022-01-13-01,NS,0.1159757017602136,NS
B_shape,LogReg,20,GX3+1,90022-05-05-00,NS,0.03874147386381333,NS
B_shape,LogReg,20,GX3+1,90022-05-06-00,NS,0.1176588583175739,NS
B_shape,LogReg,20,GX3+1,94307-05-01-02,NS,0.07477716480242204,NS
B_shape,LogReg,21,GX339-4,40031-03-03-04,BH,0.9999915143327612,BH
B_shape,LogReg,21,GX339-4,70110-01-54-00,BH,0.9999872588450208,BH
B_shape,LogReg,21,GX339-4,80102-04-56-00,BH,0.9258202561418534,BH
B_shape,LogReg,21,GX339-4,80132-01-22-00,BH,0.7131805994021121,BH
B_shape,LogReg,21,GX339-4,90704-01-05-00,BH,0.9998728277727962,BH
B_shape,LogReg,21,GX339-4,92034-08-01-00,BH,0.7697744697233856,BH
B_shape,LogReg,21,GX339-4,92035-01-03-03,BH,0.7758654892907935,BH
B_shape,LogReg,21,GX339-4,92704-03-13-00,BH,0.7880298788216366,BH
B_shape,LogReg,21,GX339-4,92704-03-22-00,BH,0.751671982282308,BH
B_shape,LogReg,21,GX339-4,92704-03-45-01,BH,0.8804907750538252,BH
B_shape,LogReg,21,GX339-4,93108-01-01-02,BH,0.49295720175291,NS
B_shape,LogReg,21,GX339-4,95409-01-02-02,BH,0.7143082347626161,BH
B_shape,LogReg,21,GX339-4,95409-01-20-00,BH,0.9999999903680369,BH
B_shape,LogReg,21,GX339-4,95409-01-29-00,BH,0.9999999997470992,BH
B_shape,LogReg,21,GX339-4,96409-01-10-02,BH,0.791618995255467,BH
B_shape,LogReg,22,HETEJ1900.1-245,91015-01-07-00,NS,0.6269810225325597,BH
B_shape,LogReg,22,HETEJ1900.1-245,91059-03-03-00,NS,0.609786488931966,BH
B_shape,LogReg,22,HETEJ1900.1-245,91057-01-07-04,NS,0.5669521739801568,BH
B_shape,LogReg,22,HETEJ1900.1-245,92049-01-05-00,NS,0.5066291800579498,BH
B_shape,LogReg,22,HETEJ1900.1-245,92049-01-07-00,NS,0.028696979245225573,NS
B_shape,LogReg,22,HETEJ1900.1-245,92049-01-40-00,NS,0.525175196664963,BH
B_shape,LogReg,22,HETEJ1900.1-245,92049-01-56-00,NS,0.023093330383716065,NS
B_shape,LogReg,22,HETEJ1900.1-245,93030-01-14-00,NS,0.770863934158788,BH
B_shape,LogReg,22,HETEJ1900.1-245,93030-01-47-00,NS,0.521281419909723,BH
B_shape,LogReg,22,HETEJ1900.1-245,94030-01-05-00,NS,0.6572587737483581,BH
B_shape,LogReg,22,HETEJ1900.1-245,94030-01-27-00,NS,0.5344491591626316,BH
B_shape,LogReg,22,HETEJ1900.1-245,94030-01-36-00,NS,0.6916360981883936,BH
B_shape,LogReg,22,HETEJ1900.1-245,95030-01-16-00,NS,0.6563604225016739,BH
B_shape,LogReg,22,HETEJ1900.1-245,96030-01-01-01,NS,0.4119749482315676,NS
B_shape,LogReg,22,HETEJ1900.1-245,96030-01-25-00,NS,0.614462890189622,BH
B_shape,LogReg,23,KS1731-260,50031-02-01-09,NS,0.4489252386311509,NS
B_shape,LogReg,23,KS1731-260,50031-02-01-12,NS,0.4662901048914528,NS
B_shape,LogReg,23,KS1731-260,50031-02-01-02,NS,0.3114500986039611,NS
B_shape,LogReg,23,KS1731-260,50031-02-01-05,NS,0.39553720089074373,NS
B_shape,LogReg,23,KS1731-260,50031-02-01-08,NS,0.40062694689340983,NS
B_shape,LogReg,23,KS1731-260,50031-02-02-06,NS,0.4591894498629771,NS
B_shape,LogReg,23,KS1731-260,50031-02-02-02,NS,0.5283444557730318,BH
B_shape,LogReg,23,KS1731-260,50031-02-02-03,NS,0.20698547708007714,NS
B_shape,LogReg,23,KS1731-260,50031-02-02-080,NS,0.4414647803241742,NS
B_shape,LogReg,23,KS1731-260,50031-02-03-00,NS,0.6365644761491652,BH
B_shape,LogReg,23,KS1731-260,50031-02-03-05,NS,0.8083760700113749,BH
B_shape,LogReg,23,KS1731-260,50031-02-03-04,NS,0.8054622350735091,BH
B_shape,LogReg,23,KS1731-260,50031-02-03-07,NS,0.7863009178197361,BH
B_shape,LogReg,23,KS1731-260,50031-02-03-08,NS,0.6037292923067757,BH
B_shape,LogReg,23,KS1731-260,50031-02-03-01,NS,0.9984909102485562,BH
B_shape,LogReg,24,MXB1658-298,50410-01-01-00,NS,0.1456804292203363,NS
B_shape,LogReg,24,MXB1658-298,50410-01-04-00,NS,0.045923317577515194,NS
B_shape,LogReg,24,MXB1658-298,50410-01-05-00,NS,0.033855562068125906,NS
B_shape,LogReg,24,MXB1658-298,50410-01-08-00,NS,0.22767212192376196,NS
B_shape,LogReg,24,MXB1658-298,50410-01-09-00,NS,0.319533129431129,NS
B_shape,LogReg,24,MXB1658-298,60048-01-02-00,NS,0.17221541161397477,NS
B_shape,LogReg,24,MXB1658-298,60048-01-04-00,NS,0.09588840570521374,NS
B_shape,LogReg,24,MXB1658-298,60048-02-01-00,NS,0.05133460305439791,NS
B_shape,LogReg,24,MXB1658-298,60048-02-03-00,NS,0.05110096604104405,NS
B_shape,LogReg,24,MXB1658-298,60048-03-01-00,NS,0.03499369512935237,NS
B_shape,LogReg,24,MXB1658-298,60048-03-02-00,NS,0.0717426173920002,NS
B_shape,LogReg,24,MXB1658-298,60048-03-05-00,NS,0.11111798521791391,NS
B_shape,LogReg,24,MXB1658-298,60048-04-01-00,NS,0.029299022961771476,NS
B_shape,LogReg,24,MXB1658-298,60048-04-03-00,NS,0.1650456803474376,NS
B_shape,LogReg,24,MXB1658-298,60048-04-05-00,NS,0.8462253807252315,BH
B_shape,LogReg,25,SAXJ1808.4-3658,70080-01-02-04,NS,0.4935920928060146,NS
B_shape,LogReg,25,SAXJ1808.4-3658,70080-01-02-22,NS,0.7412996921036481,BH
B_shape,LogReg,25,SAXJ1808.4-3658,70080-01-03-010,NS,0.6998283711567187,BH
B_shape,LogReg,25,SAXJ1808.4-3658,70080-02-01-03,NS,0.701123484062197,BH
B_shape,LogReg,25,SAXJ1808.4-3658,70080-02-02-35,NS,0.8605742516651751,BH
B_shape,LogReg,25,SAXJ1808.4-3658,70080-02-02-12,NS,0.5595773042835246,BH
B_shape,LogReg,25,SAXJ1808.4-3658,70080-03-13-00,NS,0.6089458419500549,BH
B_shape,LogReg,25,SAXJ1808.4-3658,70080-03-20-13,NS,0.6715699032604097,BH
B_shape,LogReg,25,SAXJ1808.4-3658,70080-03-22-00,NS,0.45910222930677735,NS
B_shape,LogReg,25,SAXJ1808.4-3658,91056-01-03-05,NS,0.6189042197564483,BH
B_shape,LogReg,25,SAXJ1808.4-3658,91418-01-04-00,NS,0.36799870719189576,NS
B_shape,LogReg,25,SAXJ1808.4-3658,93027-01-01-03,NS,0.6016591215381936,BH
B_shape,LogReg,25,SAXJ1808.4-3658,93027-01-05-08,NS,0.3725819686160874,NS
B_shape,LogReg,25,SAXJ1808.4-3658,96027-01-01-00,NS,0.5192110337055934,BH
B_shape,LogReg,25,SAXJ1808.4-3658,96027-01-02-00,NS,0.5055140205227467,BH
B_shape,LogReg,26,SLX1735-269,60034-01-01-00,NS,0.49451556597833374,NS
B_shape,LogReg,26,SLX1735-269,60034-01-02-02,NS,0.20790790132002265,NS
B_shape,LogReg,26,SLX1735-269,60034-01-03-01,NS,0.007222213367234497,NS
B_shape,LogReg,26,SLX1735-269,80138-03-01-00,NS,0.006847712415035916,NS
B_shape,LogReg,26,SLX1735-269,80138-03-02-00,NS,0.3072541254461335,NS
B_shape,LogReg,26,SLX1735-269,80138-03-07-01,NS,0.002609158832533348,NS
B_shape,LogReg,26,SLX1735-269,80138-03-07-03,NS,0.0028193473301589317,NS
B_shape,LogReg,26,SLX1735-269,90058-05-01-02,NS,0.004059612799647717,NS
B_shape,LogReg,26,SLX1735-269,92052-02-02-00,NS,0.048460199644101906,NS
B_shape,LogReg,26,SLX1735-269,96429-01-02-02,NS,0.2563511075728205,NS
B_shape,LogReg,26,SLX1735-269,96429-01-03-01,NS,0.15043250720552448,NS
B_shape,LogReg,26,SLX1735-269,96429-01-05-00,NS,0.40167507517689255,NS
B_shape,LogReg,26,SLX1735-269,96429-01-06-01,NS,0.7438803435407461,BH
B_shape,LogReg,26,SLX1735-269,96429-01-07-01,NS,0.17532710760297054,NS
B_shape,LogReg,26,SLX1735-269,96429-01-08-03,NS,0.2955021400345643,NS
B_shape,LogReg,27,XTEJ1118+480,50407-01-07-01,BH,0.2338674954072775,NS
B_shape,LogReg,27,XTEJ1118+480,50407-01-09-00,BH,0.3491124677546192,NS
B_shape,LogReg,27,XTEJ1118+480,50407-01-10-01,BH,0.37595971193734407,NS
B_shape,LogReg,27,XTEJ1118+480,50133-01-05-00,BH,0.29597390060444606,NS
B_shape,LogReg,27,XTEJ1118+480,50407-01-13-02,BH,0.3295149523002818,NS
B_shape,LogReg,27,XTEJ1118+480,50133-01-04-01,BH,0.2899094343460444,NS
B_shape,LogReg,27,XTEJ1118+480,50407-01-14-02,BH,0.017524165888491372,NS
B_shape,LogReg,27,XTEJ1118+480,50407-01-16-00,BH,0.007510017526509401,NS
B_shape,LogReg,27,XTEJ1118+480,90011-01-01-08,BH,0.20310862839941257,NS
B_shape,LogReg,27,XTEJ1118+480,90011-01-01-10,BH,0.9866650247491288,BH
B_shape,LogReg,27,XTEJ1118+480,90011-01-01-05,BH,0.2368197798805643,NS
B_shape,LogReg,27,XTEJ1118+480,90111-01-02-06,BH,0.29088334183308945,NS
B_shape,LogReg,27,XTEJ1118+480,90111-01-02-15,BH,0.17584837219402177,NS
B_shape,LogReg,27,XTEJ1118+480,90111-01-02-07,BH,0.04644385294230873,NS
B_shape,LogReg,27,XTEJ1118+480,90111-01-03-02,BH,0.31188962036729984,NS
B_shape,LogReg,28,XTEJ1550-564,50135-01-02-00,BH,0.5389510952181488,BH
B_shape,LogReg,28,XTEJ1550-564,50135-01-08-00,BH,0.7969560518875668,BH
B_shape,LogReg,28,XTEJ1550-564,50135-01-15-00,BH,0.23968897489360436,NS
B_shape,LogReg,28,XTEJ1550-564,50135-01-19-00,BH,0.8130493333257794,BH
B_shape,LogReg,28,XTEJ1550-564,50135-01-23-00,BH,0.7606314742720945,BH
B_shape,LogReg,28,XTEJ1550-564,50137-02-09-00,BH,0.8479791490212721,BH
B_shape,LogReg,28,XTEJ1550-564,60428-01-03-00,BH,0.8058043493339401,BH
B_shape,LogReg,28,XTEJ1550-564,60428-01-05-00,BH,0.7491789922881383,BH
B_shape,LogReg,28,XTEJ1550-564,60428-01-09-00,BH,0.732866722977027,BH
B_shape,LogReg,28,XTEJ1550-564,60428-01-15-00,BH,0.6777571386768177,BH
B_shape,LogReg,28,XTEJ1550-564,80135-01-01-01,BH,0.8653387816234256,BH
B_shape,LogReg,28,XTEJ1550-564,80135-01-02-01,BH,0.8976988562265579,BH
B_shape,LogReg,28,XTEJ1550-564,80135-01-03-10,BH,0.8748641275092013,BH
B_shape,LogReg,28,XTEJ1550-564,80135-01-04-02,BH,0.8560525540932084,BH
B_shape,LogReg,28,XTEJ1550-564,80135-01-05-10,BH,0.8675441889034389,BH
B_shape,LogReg,29,XTEJ1650-500,60113-01-06-00,BH,0.585085562013075,BH
B_shape,LogReg,29,XTEJ1650-500,60113-01-09-00,BH,0.6420632546222722,BH
B_shape,LogReg,29,XTEJ1650-500,60113-01-11-01,BH,0.6600386564267909,BH
B_shape,LogReg,29,XTEJ1650-500,60113-01-15-00,BH,0.9957218941114206,BH
B_shape,LogReg,29,XTEJ1650-500,60113-01-23-00,BH,0.9976090301303775,BH
B_shape,LogReg,29,XTEJ1650-500,60113-01-27-00,BH,0.99999985922526,BH
B_shape,LogReg,29,XTEJ1650-500,60113-01-29-02,BH,0.9999999939483877,BH
B_shape,LogReg,29,XTEJ1650-500,60113-01-34-00,BH,0.9999999987236032,BH
B_shape,LogReg,29,XTEJ1650-500,60113-01-36-00,BH,0.9999998921133165,BH
B_shape,LogReg,29,XTEJ1650-500,60113-01-38-00,BH,0.9999998584304893,BH
B_shape,LogReg,29,XTEJ1650-500,60118-02-08-00,BH,0.9997919542397333,BH
B_shape,LogReg,29,XTEJ1650-500,60118-02-14-00,BH,0.6272759558617371,BH
B_shape,LogReg,29,XTEJ1650-500,60118-02-20-00,BH,0.43708420262945147,NS
B_shape,LogReg,29,XTEJ1650-500,60118-02-28-00,BH,0.6565327493466994,BH
B_shape,LogReg,29,XTEJ1650-500,70124-01-02-00,BH,0.6870979623285802,BH
B_shape,LogReg,30,XTEJ1814-338,80138-04-02-00,NS,0.5147841412977292,BH
B_shape,LogReg,30,XTEJ1814-338,80145-02-01-01,NS,0.3919311128587504,NS
B_shape,LogReg,30,XTEJ1814-338,80418-01-01-07,NS,0.518095437655069,BH
B_shape,LogReg,30,XTEJ1814-338,80418-01-02-00,NS,0.4153416197199086,NS
B_shape,LogReg,30,XTEJ1814-338,80418-01-02-08,NS,0.7061351986725627,BH
B_shape,LogReg,30,XTEJ1814-338,80418-01-02-05,NS,0.5892549840823479,BH
B_shape,LogReg,30,XTEJ1814-338,80418-01-03-02,NS,0.3937902813631804,NS
B_shape,LogReg,30,XTEJ1814-338,80418-01-03-08,NS,0.4025226648643758,NS
B_shape,LogReg,30,XTEJ1814-338,80418-01-04-03,NS,0.38421644067131316,NS
B_shape,LogReg,30,XTEJ1814-338,80418-01-05-00,NS,0.39256636654524146,NS
B_shape,LogReg,30,XTEJ1814-338,80418-01-05-08,NS,0.21913065336464788,NS
B_shape,LogReg,30,XTEJ1814-338,80418-01-06-00,NS,0.7048399306020352,BH
B_shape,LogReg,30,XTEJ1814-338,80418-01-06-02,NS,0.828171600937578,BH
B_shape,LogReg,30,XTEJ1814-338,80418-01-06-06,NS,0.9970775996702061,BH
B_shape,LogReg,30,XTEJ1814-338,80418-01-07-06,NS,0.2072028871820548,NS
B_shape,RandomForest,0,4U1254-690,60044-01-01-02,NS,0.03533196318654211,NS
B_shape,RandomForest,0,4U1254-690,60044-01-01-00,NS,0.1328224284514082,NS
B_shape,RandomForest,0,4U1254-690,60044-01-01-03,NS,0.0,NS
B_shape,RandomForest,0,4U1254-690,60044-01-01-05,NS,0.0,NS
B_shape,RandomForest,0,4U1254-690,60044-01-02-100,NS,0.0,NS
B_shape,RandomForest,0,4U1254-690,60044-01-02-000,NS,0.0,NS
B_shape,RandomForest,0,4U1254-690,90036-01-01-01,NS,0.05566545025430417,NS
B_shape,RandomForest,0,4U1254-690,90036-01-01-03,NS,0.0,NS
B_shape,RandomForest,0,4U1254-690,93406-13-01-00,NS,0.011746114778372844,NS
B_shape,RandomForest,0,4U1254-690,95324-01-01-010,NS,0.0,NS
B_shape,RandomForest,0,4U1254-690,95324-01-01-000,NS,0.0,NS
B_shape,RandomForest,0,4U1254-690,95324-01-01-00,NS,0.0,NS
B_shape,RandomForest,0,4U1254-690,95324-01-02-000,NS,0.0,NS
B_shape,RandomForest,0,4U1254-690,95324-01-02-00,NS,0.017458309160326077,NS
B_shape,RandomForest,0,4U1254-690,95324-01-02-01,NS,0.0027545787545787547,NS
B_shape,RandomForest,1,4U1323-619,70050-03-01-01,NS,0.03807107368768169,NS
B_shape,RandomForest,1,4U1323-619,70050-03-01-02,NS,0.09267998475723035,NS
B_shape,RandomForest,1,4U1323-619,90062-03-01-02,NS,0.39744761071743345,NS
B_shape,RandomForest,1,4U1323-619,90062-03-01-01,NS,0.6005901841707194,BH
B_shape,RandomForest,1,4U1323-619,95442-01-01-01,NS,0.2566615504354436,NS
B_shape,RandomForest,1,4U1323-619,95442-01-01-02,NS,0.4608910599885854,NS
B_shape,RandomForest,1,4U1323-619,96405-01-01-00,NS,0.14804136957902,NS
B_shape,RandomForest,1,4U1323-619,96405-01-01-01,NS,0.3198040389838156,NS
B_shape,RandomForest,1,4U1323-619,96405-01-02-00,NS,0.3296125759686055,NS
B_shape,RandomForest,1,4U1323-619,96405-01-02-01,NS,0.2637677024431339,NS
B_shape,RandomForest,1,4U1323-619,96405-01-04-00,NS,0.14926105954783037,NS
B_shape,RandomForest,1,4U1323-619,96405-01-05-00,NS,0.22354855245104072,NS
B_shape,RandomForest,1,4U1323-619,96405-01-05-01,NS,0.6091047480676139,BH
B_shape,RandomForest,1,4U1323-619,96405-01-05-02,NS,0.2190802306323805,NS
B_shape,RandomForest,1,4U1323-619,96405-01-05-03,NS,0.3570125737085512,NS
B_shape,RandomForest,2,4U1543-47,70133-01-01-00,BH,0.9942784346404201,BH
B_shape,RandomForest,2,4U1543-47,70132-01-01-02G,BH,0.9949650325461463,BH
B_shape,RandomForest,2,4U1543-47,70133-01-14-00,BH,0.9965291175907655,BH
B_shape,RandomForest,2,4U1543-47,70132-01-02-00,BH,0.9955918367346939,BH
B_shape,RandomForest,2,4U1543-47,70133-01-10-00,BH,0.9913645640074211,BH
B_shape,RandomForest,2,4U1543-47,70133-01-19-00,BH,0.996956400742115,BH
B_shape,RandomForest,2,4U1543-47,70133-01-22-00,BH,0.9995918367346939,BH
B_shape,RandomForest,2,4U1543-47,70133-01-24-00,BH,0.998,BH
B_shape,RandomForest,2,4U1543-47,70133-01-27-01,BH,0.998913870632999,BH
B_shape,RandomForest,2,4U1543-47,70133-01-28-00,BH,0.9923759787428067,BH
B_shape,RandomForest,2,4U1543-47,70133-01-31-01,BH,0.938668911781363,BH
B_shape,RandomForest,2,4U1543-47,70128-01-01-01,BH,0.836521027053202,BH
B_shape,RandomForest,2,4U1543-47,70124-02-09-00,BH,0.4704758374378503,NS
B_shape,RandomForest,2,4U1543-47,70124-02-10-00,BH,0.5105960749950506,BH
B_shape,RandomForest,2,4U1543-47,70124-02-14-00,BH,0.554493340810784,BH
B_shape,RandomForest,3,4U1608-52,60052-02-03-00,NS,0.0,NS
B_shape,RandomForest,3,4U1608-52,70059-01-01-00G,NS,0.20043278719608823,NS
B_shape,RandomForest,3,4U1608-52,70058-01-32-00,NS,0.006384629303679821,NS
B_shape,RandomForest,3,4U1608-52,70069-01-04-03,NS,0.15938195697672383,NS
B_shape,RandomForest,3,4U1608-52,90408-01-01-03,NS,0.002,NS
B_shape,RandomForest,3,4U1608-52,90408-01-03-03,NS,0.13155979345453023,NS
B_shape,RandomForest,3,4U1608-52,93408-01-14-00,NS,0.3227408278624571,NS
B_shape,RandomForest,3,4U1608-52,93408-01-17-01,NS,0.03449518531294487,NS
B_shape,RandomForest,3,4U1608-52,93408-01-22-01,NS,0.0032535392535392536,NS
B_shape,RandomForest,3,4U1608-52,93408-01-27-03,NS,0.5332616377514571,BH
B_shape,RandomForest,3,4U1608-52,93408-01-55-01,NS,0.26386754297223597,NS
B_shape,RandomForest,3,4U1608-52,94401-01-03-02,NS,0.002556067588325653,NS
B_shape,RandomForest,3,4U1608-52,94401-01-38-02,NS,0.22634695942717142,NS
B_shape,RandomForest,3,4U1608-52,96423-01-03-00,NS,0.0028435788192331104,NS
B_shape,RandomForest,3,4U1608-52,96423-01-21-03,NS,0.22826607648357486,NS
B_shape,RandomForest,4,4U1636-53,50030-02-04-00,NS,0.0,NS
B_shape,RandomForest,4,4U1636-53,60032-01-20-000,NS,0.0,NS
B_shape,RandomForest,4,4U1636-53,91024-01-74-00,NS,0.07178254418945539,NS
B_shape,RandomForest,4,4U1636-53,91024-01-12-10,NS,0.00172972972972973,NS
B_shape,RandomForest,4,4U1636-53,92023-01-50-00,NS,0.02550915750915751,NS
B_shape,RandomForest,4,4U1636-53,92023-01-79-10,NS,0.0,NS
B_shape,RandomForest,4,4U1636-53,93087-01-27-00,NS,0.0,NS
B_shape,RandomForest,4,4U1636-53,93087-01-80-00,NS,0.03145158370625182,NS
B_shape,RandomForest,4,4U1636-53,93087-01-33-20,NS,0.0,NS
B_shape,RandomForest,4,4U1636-53,94087-01-16-00,NS,0.026733679492300183,NS
B_shape,RandomForest,4,4U1636-53,94087-01-25-10,NS,0.022815571424267076,NS
B_shape,RandomForest,4,4U1636-53,94087-01-44-10,NS,0.0,NS
B_shape,RandomForest,4,4U1636-53,95087-01-47-10,NS,0.13484531999355792,NS
B_shape,RandomForest,4,4U1636-53,96087-01-52-00,NS,0.10649251975396526,NS
B_shape,RandomForest,4,4U1636-53,96087-01-11-10,NS,0.025085841694537345,NS
B_shape,RandomForest,5,4U1702-429,50029-27-01-000,NS,0.38373719431672304,NS
B_shape,RandomForest,5,4U1702-429,50030-01-04-00,NS,0.047156302075352596,NS
B_shape,RandomForest,5,4U1702-429,50030-01-09-03,NS,0.399298458349956,NS
B_shape,RandomForest,5,4U1702-429,80033-01-01-01,NS,0.05892770139884381,NS
B_shape,RandomForest,5,4U1702-429,80033-01-02-000,NS,0.0,NS
B_shape,RandomForest,5,4U1702-429,80033-01-04-03,NS,0.0,NS
B_shape,RandomForest,5,4U1702-429,80033-01-08-00G,NS,0.0,NS
B_shape,RandomForest,5,4U1702-429,80033-01-10-04G,NS,0.0,NS
B_shape,RandomForest,5,4U1702-429,80033-01-11-02,NS,0.0,NS
B_shape,RandomForest,5,4U1702-429,80033-01-12-02,NS,0.0,NS
B_shape,RandomForest,5,4U1702-429,80033-01-16-05,NS,0.0,NS
B_shape,RandomForest,5,4U1702-429,80033-01-18-02,NS,0.0281395731474855,NS
B_shape,RandomForest,5,4U1702-429,80033-01-20-01,NS,0.13029630849631813,NS
B_shape,RandomForest,5,4U1702-429,80033-01-21-03,NS,0.37719149793180323,NS
B_shape,RandomForest,5,4U1702-429,94415-01-01-00,NS,0.023752505550721063,NS
B_shape,RandomForest,6,4U1705-44,91039-01-01-61,NS,0.14795378333639328,NS
B_shape,RandomForest,6,4U1705-44,90170-01-01-00,NS,0.002,NS
B_shape,RandomForest,6,4U1705-44,93060-01-05-00,NS,0.0509421148289073,NS
B_shape,RandomForest,6,4U1705-44,93060-01-50-00,NS,0.12060351696173667,NS
B_shape,RandomForest,6,4U1705-44,93060-01-77-00,NS,0.0,NS
B_shape,RandomForest,6,4U1705-44,93060-01-93-00,NS,0.009737847737847739,NS
B_shape,RandomForest,6,4U1705-44,93060-01-45-00,NS,0.002,NS
B_shape,RandomForest,6,4U1705-44,94060-01-23-00,NS,0.0,NS
B_shape,RandomForest,6,4U1705-44,94060-01-46-00,NS,0.03142383436723059,NS
B_shape,RandomForest,6,4U1705-44,94060-01-55-00,NS,0.0030476190476190473,NS
B_shape,RandomForest,6,4U1705-44,95060-01-35-00,NS,0.02508202784064853,NS
B_shape,RandomForest,6,4U1705-44,95060-01-66-00,NS,0.002,NS
B_shape,RandomForest,6,4U1705-44,95060-01-78-00,NS,0.002,NS
B_shape,RandomForest,6,4U1705-44,96060-01-40-00,NS,0.0,NS
B_shape,RandomForest,6,4U1705-44,96060-01-73-00,NS,0.002,NS
B_shape,RandomForest,7,4U1724-307,60034-02-01-01,NS,0.01855124749464372,NS
B_shape,RandomForest,7,4U1724-307,50060-05-01-07,NS,0.0480829607379304,NS
B_shape,RandomForest,7,4U1724-307,50060-05-01-05,NS,0.022447974423628714,NS
B_shape,RandomForest,7,4U1724-307,60034-02-02-02,NS,0.1499690200703219,NS
B_shape,RandomForest,7,4U1724-307,60034-02-03-10,NS,0.06975897355718907,NS
B_shape,RandomForest,7,4U1724-307,60034-02-05-01,NS,0.09439593089392363,NS
B_shape,RandomForest,7,4U1724-307,80105-10-01-00,NS,0.11464206517236047,NS
B_shape,RandomForest,7,4U1724-307,80138-06-03-00,NS,0.0,NS
B_shape,RandomForest,7,4U1724-307,90058-06-03-00,NS,0.04936465171048552,NS
B_shape,RandomForest,7,4U1724-307,91050-07-01-00,NS,0.07474271909723976,NS
B_shape,RandomForest,7,4U1724-307,93044-06-04-00,NS,0.05290216942679212,NS
B_shape,RandomForest,7,4U1724-307,93044-06-07-00,NS,0.07671869249478207,NS
B_shape,RandomForest,7,4U1724-307,93438-01-02-03,NS,0.07688805444014633,NS
B_shape,RandomForest,7,4U1724-307,93438-01-04-00,NS,0.10376092513779797,NS
B_shape,RandomForest,7,4U1724-307,93438-01-07-01,NS,0.11674468761223633,NS
B_shape,RandomForest,8,4U1728-34,50023-01-29-00,NS,0.03950385633404501,NS
B_shape,RandomForest,8,4U1728-34,50030-03-05-03,NS,0.04169355964486824,NS
B_shape,RandomForest,8,4U1728-34,70028-01-01-08,NS,0.06135921615525376,NS
B_shape,RandomForest,8,4U1728-34,70028-01-01-05,NS,0.057333917688684524,NS
B_shape,RandomForest,8,4U1728-34,92023-03-08-00,NS,0.0,NS
B_shape,RandomForest,8,4U1728-34,92023-03-37-00,NS,0.04156039430200604,NS
B_shape,RandomForest,8,4U1728-34,92023-03-76-00,NS,0.0,NS
B_shape,RandomForest,8,4U1728-34,92023-03-98-00,NS,0.02405840382218335,NS
B_shape,RandomForest,8,4U1728-34,92023-03-19-10,NS,0.0,NS
B_shape,RandomForest,8,4U1728-34,92023-03-30-10,NS,0.0008888888888888889,NS
B_shape,RandomForest,8,4U1728-34,92023-03-44-00,NS,0.06315185018410827,NS
B_shape,RandomForest,8,4U1728-34,92023-03-49-00,NS,0.058715031432297476,NS
B_shape,RandomForest,8,4U1728-34,92023-03-70-00,NS,0.10099245439162198,NS
B_shape,RandomForest,8,4U1728-34,95337-01-02-00,NS,0.0,NS
B_shape,RandomForest,8,4U1728-34,96322-01-01-05,NS,0.0,NS
B_shape,RandomForest,9,4U1735-44,50025-02-01-01,NS,0.0,NS
B_shape,RandomForest,9,4U1735-44,50026-01-01-00,NS,0.0,NS
B_shape,RandomForest,9,4U1735-44,91152-06-01-10,NS,0.0,NS
B_shape,RandomForest,9,4U1735-44,91025-01-01-04,NS,0.0,NS
B_shape,RandomForest,9,4U1735-44,91025-01-04-04,NS,0.0,NS
B_shape,RandomForest,9,4U1735-44,91025-01-04-06,NS,0.020706464706464707,NS
B_shape,RandomForest,9,4U1735-44,91025-01-05-01,NS,0.0,NS
B_shape,RandomForest,9,4U1735-44,91025-01-08-07,NS,0.0,NS
B_shape,RandomForest,9,4U1735-44,91025-01-09-12,NS,0.008571428571428572,NS
B_shape,RandomForest,9,4U1735-44,91025-01-09-10,NS,0.0,NS
B_shape,RandomForest,9,4U1735-44,91025-01-13-03,NS,0.0,NS
B_shape,RandomForest,9,4U1735-44,91025-01-13-08,NS,0.0,NS
B_shape,RandomForest,9,4U1735-44,93200-01-03-01,NS,0.0,NS
B_shape,RandomForest,9,4U1735-44,96325-01-01-04,NS,0.0,NS
B_shape,RandomForest,9,4U1735-44,96331-01-02-01,NS,0.0,NS
B_shape,RandomForest,10,4U1746-371,60044-02-01-10,NS,0.0,NS
B_shape,RandomForest,10,4U1746-371,60044-02-01-05,NS,0.0,NS
B_shape,RandomForest,10,4U1746-371,60044-02-01-07,NS,0.0,NS
B_shape,RandomForest,10,4U1746-371,60044-02-01-06,NS,0.0,NS
B_shape,RandomForest,10,4U1746-371,60044-02-02-00,NS,0.0,NS
B_shape,RandomForest,10,4U1746-371,60044-02-02-010,NS,0.0,NS
B_shape,RandomForest,10,4U1746-371,60044-02-02-09,NS,0.0,NS
B_shape,RandomForest,10,4U1746-371,60044-02-02-10,NS,0.0012307692307692308,NS
B_shape,RandomForest,10,4U1746-371,70050-01-01-03,NS,0.003042089985486212,NS
B_shape,RandomForest,10,4U1746-371,70050-01-01-06,NS,0.0,NS
B_shape,RandomForest,10,4U1746-371,70050-01-01-00,NS,0.0,NS
B_shape,RandomForest,10,4U1746-371,70050-01-01-08,NS,0.0012307692307692308,NS
B_shape,RandomForest,10,4U1746-371,90044-01-02-01,NS,0.0,NS
B_shape,RandomForest,10,4U1746-371,90044-01-04-000,NS,0.0,NS
B_shape,RandomForest,10,4U1746-371,90044-01-04-00,NS,0.04486139883705314,NS
B_shape,RandomForest,11,4U1820-30,40017-01-21-02,NS,0.0,NS
B_shape,RandomForest,11,4U1820-30,60030-01-02-01,NS,0.0,NS
B_shape,RandomForest,11,4U1820-30,70030-03-03-00,NS,0.0,NS
B_shape,RandomForest,11,4U1820-30,70030-03-05-00,NS,0.12886100867504885,NS
B_shape,RandomForest,11,4U1820-30,90027-01-01-06,NS,0.0,NS
B_shape,RandomForest,11,4U1820-30,90027-01-03-00,NS,0.0,NS
B_shape,RandomForest,11,4U1820-30,90027-01-04-04,NS,0.0,NS
B_shape,RandomForest,11,4U1820-30,92030-02-02-00,NS,0.0,NS
B_shape,RandomForest,11,4U1820-30,91152-04-01-00,NS,0.0,NS
B_shape,RandomForest,11,4U1820-30,92030-02-05-00,NS,0.0,NS
B_shape,RandomForest,11,4U1820-30,94090-01-01-00,NS,0.07706361301742623,NS
B_shape,RandomForest,11,4U1820-30,94090-01-02-01,NS,0.04302011196350819,NS
B_shape,RandomForest,11,4U1820-30,92030-02-12-00,NS,0.0,NS
B_shape,RandomForest,11,4U1820-30,96090-01-01-020,NS,0.0015238095238095236,NS
B_shape,RandomForest,11,4U1820-30,96324-01-02-01,NS,0.0,NS
B_shape,RandomForest,12,4U1915-05,50026-03-01-00,NS,0.08950582832539138,NS
B_shape,RandomForest,12,4U1915-05,50026-03-01-01,NS,0.0782825904411433,NS
B_shape,RandomForest,12,4U1915-05,70034-02-01-01,NS,0.000793103448275862,NS
B_shape,RandomForest,12,4U1915-05,70034-02-01-00,NS,0.005044187039607131,NS
B_shape,RandomForest,12,4U1915-05,70034-02-02-01,NS,0.016500872903980564,NS
B_shape,RandomForest,12,4U1915-05,70034-02-02-00,NS,0.10875062215757667,NS
B_shape,RandomForest,13,AQLX1,50049-02-06-01,NS,0.01879358479358479,NS
B_shape,RandomForest,13,AQLX1,50049-02-15-06,NS,0.3446574112570775,NS
B_shape,RandomForest,13,AQLX1,60054-02-03-03,NS,0.01584049487275294,NS
B_shape,RandomForest,13,AQLX1,70069-03-01-00,NS,0.2736228370730294,NS
B_shape,RandomForest,13,AQLX1,80403-01-03-00,NS,0.4591939563540658,NS
B_shape,RandomForest,13,AQLX1,90017-11-06-00,NS,0.5790409814034094,BH
B_shape,RandomForest,13,AQLX1,91028-01-29-00,NS,0.16785509938506527,NS
B_shape,RandomForest,13,AQLX1,92034-01-02-00,NS,0.4725543617561802,NS
B_shape,RandomForest,13,AQLX1,93076-01-02-00,NS,0.3567235543044635,NS
B_shape,RandomForest,13,AQLX1,92438-01-02-02,NS,0.596080216913463,BH
B_shape,RandomForest,13,AQLX1,94076-01-03-04,NS,0.4823532990492766,NS
B_shape,RandomForest,13,AQLX1,94441-01-01-00,NS,0.3549243641095164,NS
B_shape,RandomForest,13,AQLX1,95413-01-02-01,NS,0.11867696008613551,NS
B_shape,RandomForest,13,AQLX1,96440-01-05-02,NS,0.21929094794551154,NS
B_shape,RandomForest,13,AQLX1,96440-01-08-06,NS,0.42202396897664074,NS
B_shape,RandomForest,14,CYGX2,40019-04-05-09,NS,0.07809137423701983,NS
B_shape,RandomForest,14,CYGX2,80018-02-01-00G,NS,0.9012429889441791,BH
B_shape,RandomForest,14,CYGX2,90030-01-23-00,NS,0.5987259142159242,BH
B_shape,RandomForest,14,CYGX2,90030-01-45-00,NS,0.0,NS
B_shape,RandomForest,14,CYGX2,90030-01-55-01,NS,0.0,NS
B_shape,RandomForest,14,CYGX2,91010-01-01-05,NS,0.8521783873136296,BH
B_shape,RandomForest,14,CYGX2,91009-01-28-01,NS,0.41565060925345143,NS
B_shape,RandomForest,14,CYGX2,90030-01-15-00,NS,0.0,NS
B_shape,RandomForest,14,CYGX2,90030-01-09-00,NS,0.05058253736431954,NS
B_shape,RandomForest,14,CYGX2,92039-01-04-01,NS,0.10274476916405209,NS
B_shape,RandomForest,14,CYGX2,92038-01-06-01,NS,0.7581752029342702,BH
B_shape,RandomForest,14,CYGX2,93082-02-02-01,NS,0.2679447519465502,NS
B_shape,RandomForest,14,CYGX2,93443-01-01-09,NS,0.927987363865993,BH
B_shape,RandomForest,14,CYGX2,95345-01-06-00,NS,0.8249699135440401,BH
B_shape,RandomForest,14,CYGX2,95345-01-40-00,NS,0.0,NS
B_shape,RandomForest,15,EXO0748-676,50045-06-05-00,NS,0.20608832206703354,NS
B_shape,RandomForest,15,EXO0748-676,70048-03-02-00,NS,0.31645465122019706,NS
B_shape,RandomForest,15,EXO0748-676,60042-03-01-00,NS,0.1977105453344569,NS
B_shape,RandomForest,15,EXO0748-676,70047-02-01-03,NS,0.3959031601258556,NS
B_shape,RandomForest,15,EXO0748-676,70048-13-12-00,NS,0.25046428500362083,NS
B_shape,RandomForest,15,EXO0748-676,80040-01-09-01,NS,0.30648982805273906,NS
B_shape,RandomForest,15,EXO0748-676,90039-01-03-02,NS,0.12341200132404444,NS
B_shape,RandomForest,15,EXO0748-676,90039-01-04-01,NS,0.1840758239659586,NS
B_shape,RandomForest,15,EXO0748-676,91035-01-04-09,NS,0.1380191416798039,NS
B_shape,RandomForest,15,EXO0748-676,92019-01-05-02,NS,0.2755087001730718,NS
B_shape,RandomForest,15,EXO0748-676,92019-01-06-03,NS,0.17723476970950414,NS
B_shape,RandomForest,15,EXO0748-676,92019-01-16-00,NS,0.06731018544062645,NS
B_shape,RandomForest,15,EXO0748-676,92019-01-18-01,NS,0.25668488400268225,NS
B_shape,RandomForest,15,EXO0748-676,92019-01-26-01,NS,0.27524336651890013,NS
B_shape,RandomForest,15,EXO0748-676,92040-03-01-00,NS,0.2945001765195051,NS
B_shape,RandomForest,16,GROJ1655-40,90428-01-01-07,BH,0.7102138382462899,BH
B_shape,RandomForest,16,GROJ1655-40,91702-01-02-03,BH,0.9722672776271672,BH
B_shape,RandomForest,16,GROJ1655-40,91702-01-22-00,BH,0.758780355233182,BH
B_shape,RandomForest,16,GROJ1655-40,91702-01-22-03,BH,0.7361023891314872,BH
B_shape,RandomForest,16,GROJ1655-40,91702-01-43-00,BH,0.7267464569280974,BH
B_shape,RandomForest,16,GROJ1655-40,91702-01-51-02,BH,0.7641023891314871,BH
B_shape,RandomForest,16,GROJ1655-40,91702-01-56-03,BH,0.8703047687629294,BH
B_shape,RandomForest,16,GROJ1655-40,91702-01-66-05,BH,0.8776278853057456,BH
B_shape,RandomForest,16,GROJ1655-40,91702-01-78-00,BH,0.9664602481070205,BH
B_shape,RandomForest,16,GROJ1655-40,91702-01-01-13,BH,0.9276091084824524,BH
B_shape,RandomForest,16,GROJ1655-40,91702-01-17-11,BH,0.9600005133490372,BH
B_shape,RandomForest,16,GROJ1655-40,91702-01-39-10,BH,0.9900975441023868,BH
B_shape,RandomForest,16,GROJ1655-40,91702-01-48-10,BH,0.9732163770007323,BH
B_shape,RandomForest,16,GROJ1655-40,91702-01-81-00,BH,0.4748345398259594,NS
B_shape,RandomForest,16,GROJ1655-40,91702-01-86-04,BH,0.5612366168463486,BH
B_shape,RandomForest,17,GRS1915+105,50703-01-11-00,BH,0.2350121939326367,NS
B_shape,RandomForest,17,GRS1915+105,50703-01-62-01,BH,0.41973620703819603,NS
B_shape,RandomForest,17,GRS1915+105,60701-01-13-03,BH,0.01543895807514087,NS
B_shape,RandomForest,17,GRS1915+105,70702-01-02-00,BH,0.07126653863143735,NS
B_shape,RandomForest,17,GRS1915+105,70702-01-21-01,BH,0.15419341065896083,NS
B_shape,RandomForest,17,GRS1915+105,80127-04-01-02,BH,0.0,NS
B_shape,RandomForest,17,GRS1915+105,90701-01-16-00,BH,0.020050309535222577,NS
B_shape,RandomForest,17,GRS1915+105,90701-01-40-00,BH,0.0,NS
B_shape,RandomForest,17,GRS1915+105,90024-02-37-00,BH,0.15333454343410988,NS
B_shape,RandomForest,17,GRS1915+105,92702-01-06-00,BH,0.03555952128606275,NS
B_shape,RandomForest,17,GRS1915+105,80701-01-53-00,BH,0.12461630635898203,NS
B_shape,RandomForest,17,GRS1915+105,93701-01-08-00,BH,0.860161477893766,BH
B_shape,RandomForest,17,GRS1915+105,91701-01-83-00,BH,0.1689485481353347,NS
B_shape,RandomForest,17,GRS1915+105,95701-01-44-00,BH,0.006760320005627346,NS
B_shape,RandomForest,17,GRS1915+105,96701-01-39-00,BH,0.00368503937007874,NS
B_shape,RandomForest,18,GS1826-238,50035-01-02-00,NS,0.11090615207168388,NS
B_shape,RandomForest,18,GS1826-238,50035-01-03-02,NS,0.1453685860949932,NS
B_shape,RandomForest,18,GS1826-238,50035-01-03-04,NS,0.20355173903898657,NS
B_shape,RandomForest,18,GS1826-238,50035-01-03-090,NS,0.30474163136659843,NS
B_shape,RandomForest,18,GS1826-238,80048-01-01-09,NS,0.0759059229911575,NS
B_shape,RandomForest,18,GS1826-238,80048-01-01-14,NS,0.12264612870277695,NS
B_shape,RandomForest,18,GS1826-238,80049-01-01-00,NS,0.16917706012045625,NS
B_shape,RandomForest,18,GS1826-238,90043-01-01-02,NS,0.13918496185030574,NS
B_shape,RandomForest,18,GS1826-238,70044-01-03-00,NS,0.23810385846305598,NS
B_shape,RandomForest,18,GS1826-238,92703-01-04-02,NS,0.11881070445165814,NS
B_shape,RandomForest,18,GS1826-238,70044-01-04-00,NS,0.1129555626531646,NS
B_shape,RandomForest,18,GS1826-238,91017-01-02-05,NS,0.1684574771873372,NS
B_shape,RandomForest,18,GS1826-238,91017-01-02-03,NS,0.10810553148018454,NS
B_shape,RandomForest,18,GS1826-238,91017-01-02-10,NS,0.05165480771145602,NS
B_shape,RandomForest,18,GS1826-238,96306-01-01-01,NS,0.05503901662341112,NS
B_shape,RandomForest,19,GX17+2,70023-01-01-01,NS,0.0,NS
B_shape,RandomForest,19,GX17+2,80022-01-01-09,NS,0.0,NS
B_shape,RandomForest,19,GX17+2,80022-01-01-03,NS,0.0,NS
B_shape,RandomForest,19,GX17+2,80022-01-01-02,NS,0.0,NS
B_shape,RandomForest,19,GX17+2,80022-01-03-01,NS,0.0,NS
B_shape,RandomForest,19,GX17+2,90022-07-03-00,NS,0.0,NS
B_shape,RandomForest,19,GX17+2,90022-07-04-02,NS,0.0,NS
B_shape,RandomForest,19,GX17+2,92042-01-02-00G,NS,0.033946360567428,NS
B_shape,RandomForest,19,GX17+2,92042-01-05-01,NS,0.002,NS
B_shape,RandomForest,19,GX17+2,93406-11-01-00,NS,0.026209008854421994,NS
B_shape,RandomForest,19,GX17+2,93439-01-05-01,NS,0.0,NS
B_shape,RandomForest,19,GX17+2,93439-01-06-00,NS,0.0,NS
B_shape,RandomForest,19,GX17+2,95318-01-02-01,NS,0.02422646275866835,NS
B_shape,RandomForest,19,GX17+2,96310-01-01-000,NS,0.00172972972972973,NS
B_shape,RandomForest,19,GX17+2,96310-01-01-02,NS,0.0,NS
B_shape,RandomForest,20,GX3+1,60022-01-01-01,NS,0.11124845567730002,NS
B_shape,RandomForest,20,GX3+1,60022-01-02-01,NS,0.2528197588238461,NS
B_shape,RandomForest,20,GX3+1,60022-01-04-03,NS,0.2534916607734663,NS
B_shape,RandomForest,20,GX3+1,60022-01-04-04,NS,0.03683050158912229,NS
B_shape,RandomForest,20,GX3+1,60022-01-05-01,NS,0.005802197802197802,NS
B_shape,RandomForest,20,GX3+1,60022-01-06-05,NS,0.0,NS
B_shape,RandomForest,20,GX3+1,60022-01-06-13,NS,0.0970151453976725,NS
B_shape,RandomForest,20,GX3+1,60022-01-07-02,NS,0.004278388278388278,NS
B_shape,RandomForest,20,GX3+1,60022-01-08-03,NS,0.2041687318250761,NS
B_shape,RandomForest,20,GX3+1,60022-01-10-03,NS,0.26458240186060844,NS
B_shape,RandomForest,20,GX3+1,60022-01-10-04,NS,0.24325433362269344,NS
B_shape,RandomForest,20,GX3+1,60022-01-13-01,NS,0.24140231308397792,NS
B_shape,RandomForest,20,GX3+1,90022-05-05-00,NS,0.0,NS
B_shape,RandomForest,20,GX3+1,90022-05-06-00,NS,0.23263904722431636,NS
B_shape,RandomForest,20,GX3+1,94307-05-01-02,NS,0.10632750565342897,NS
B_shape,RandomForest,21,GX339-4,40031-03-03-04,BH,0.9975918367346939,BH
B_shape,RandomForest,21,GX339-4,70110-01-54-00,BH,0.993870271375114,BH
B_shape,RandomForest,21,GX339-4,80102-04-56-00,BH,0.537225112482323,BH
B_shape,RandomForest,21,GX339-4,80132-01-22-00,BH,0.7744763161054165,BH
B_shape,RandomForest,21,GX339-4,90704-01-05-00,BH,0.9917581764467545,BH
B_shape,RandomForest,21,GX339-4,92034-08-01-00,BH,0.625071135540811,BH
B_shape,RandomForest,21,GX339-4,92035-01-03-03,BH,0.8616542028111206,BH
B_shape,RandomForest,21,GX339-4,92704-03-13-00,BH,0.19645788879607176,NS
B_shape,RandomForest,21,GX339-4,92704-03-22-00,BH,0.28434818145167173,NS
B_shape,RandomForest,21,GX339-4,92704-03-45-01,BH,0.5852566566464191,BH
B_shape,RandomForest,21,GX339-4,93108-01-01-02,BH,0.7374215533011784,BH
B_shape,RandomForest,21,GX339-4,95409-01-02-02,BH,0.8651960023333168,BH
B_shape,RandomForest,21,GX339-4,95409-01-20-00,BH,0.9938425196850394,BH
B_shape,RandomForest,21,GX339-4,95409-01-29-00,BH,0.9881224329919994,BH
B_shape,RandomForest,21,GX339-4,96409-01-10-02,BH,0.3394385312517706,NS
B_shape,RandomForest,22,HETEJ1900.1-245,91015-01-07-00,NS,0.627519926551952,BH
B_shape,RandomForest,22,HETEJ1900.1-245,91059-03-03-00,NS,0.30823437374877166,NS
B_shape,RandomForest,22,HETEJ1900.1-245,91057-01-07-04,NS,0.2764283435087288,NS
B_shape,RandomForest,22,HETEJ1900.1-245,92049-01-05-00,NS,0.18736806859299945,NS
B_shape,RandomForest,22,HETEJ1900.1-245,92049-01-07-00,NS,0.036170091069322306,NS
B_shape,RandomForest,22,HETEJ1900.1-245,92049-01-40-00,NS,0.18633947608166332,NS
B_shape,RandomForest,22,HETEJ1900.1-245,92049-01-56-00,NS,0.0,NS
B_shape,RandomForest,22,HETEJ1900.1-245,93030-01-14-00,NS,0.630671587770168,BH
B_shape,RandomForest,22,HETEJ1900.1-245,93030-01-47-00,NS,0.19532326167636432,NS
B_shape,RandomForest,22,HETEJ1900.1-245,94030-01-05-00,NS,0.30283212609377436,NS
B_shape,RandomForest,22,HETEJ1900.1-245,94030-01-27-00,NS,0.18651027643723922,NS
B_shape,RandomForest,22,HETEJ1900.1-245,94030-01-36-00,NS,0.21363582870825706,NS
B_shape,RandomForest,22,HETEJ1900.1-245,95030-01-16-00,NS,0.47577082593420134,NS
B_shape,RandomForest,22,HETEJ1900.1-245,96030-01-01-01,NS,0.08683517304823044,NS
B_shape,RandomForest,22,HETEJ1900.1-245,96030-01-25-00,NS,0.38055261309359156,NS
B_shape,RandomForest,23,KS1731-260,50031-02-01-09,NS,0.19951114001486986,NS
B_shape,RandomForest,23,KS1731-260,50031-02-01-12,NS,0.29914365207916843,NS
B_shape,RandomForest,23,KS1731-260,50031-02-01-02,NS,0.0576091620160732,NS
B_shape,RandomForest,23,KS1731-260,50031-02-01-05,NS,0.14229708370403937,NS
B_shape,RandomForest,23,KS1731-260,50031-02-01-08,NS,0.2785938227289482,NS
B_shape,RandomForest,23,KS1731-260,50031-02-02-06,NS,0.4619015598014556,NS
B_shape,RandomForest,23,KS1731-260,50031-02-02-02,NS,0.42662435731756254,NS
B_shape,RandomForest,23,KS1731-260,50031-02-02-03,NS,0.09783682132477102,NS
B_shape,RandomForest,23,KS1731-260,50031-02-02-080,NS,0.21052685747849545,NS
B_shape,RandomForest,23,KS1731-260,50031-02-03-00,NS,0.28933154286584045,NS
B_shape,RandomForest,23,KS1731-260,50031-02-03-05,NS,0.30608915656177776,NS
B_shape,RandomForest,23,KS1731-260,50031-02-03-04,NS,0.2632437235693918,NS
B_shape,RandomForest,23,KS1731-260,50031-02-03-07,NS,0.3757159758394555,NS
B_shape,RandomForest,23,KS1731-260,50031-02-03-08,NS,0.3367349632251598,NS
B_shape,RandomForest,23,KS1731-260,50031-02-03-01,NS,0.9029788115767646,BH
B_shape,RandomForest,24,MXB1658-298,50410-01-01-00,NS,0.20967154362138374,NS
B_shape,RandomForest,24,MXB1658-298,50410-01-04-00,NS,0.002,NS
B_shape,RandomForest,24,MXB1658-298,50410-01-05-00,NS,0.00537888198757764,NS
B_shape,RandomForest,24,MXB1658-298,50410-01-08-00,NS,0.2929581638598882,NS
B_shape,RandomForest,24,MXB1658-298,50410-01-09-00,NS,0.22554321558157536,NS
B_shape,RandomForest,24,MXB1658-298,60048-01-02-00,NS,0.11942845302007346,NS
B_shape,RandomForest,24,MXB1658-298,60048-01-04-00,NS,0.0818204583037263,NS
B_shape,RandomForest,24,MXB1658-298,60048-02-01-00,NS,0.002,NS
B_shape,RandomForest,24,MXB1658-298,60048-02-03-00,NS,0.09980165898248447,NS
B_shape,RandomForest,24,MXB1658-298,60048-03-01-00,NS,0.0015238095238095236,NS
B_shape,RandomForest,24,MXB1658-298,60048-03-02-00,NS,0.0597908723306996,NS
B_shape,RandomForest,24,MXB1658-298,60048-03-05-00,NS,0.05318502574919872,NS
B_shape,RandomForest,24,MXB1658-298,60048-04-01-00,NS,0.001855072463768116,NS
B_shape,RandomForest,24,MXB1658-298,60048-04-03-00,NS,0.40864895793899625,NS
B_shape,RandomForest,24,MXB1658-298,60048-04-05-00,NS,0.5043809940009972,BH
B_shape,RandomForest,25,SAXJ1808.4-3658,70080-01-02-04,NS,0.2909692473916047,NS
B_shape,RandomForest,25,SAXJ1808.4-3658,70080-01-02-22,NS,0.42855687542034254,NS
B_shape,RandomForest,25,SAXJ1808.4-3658,70080-01-03-010,NS,0.3493730601514761,NS
B_shape,RandomForest,25,SAXJ1808.4-3658,70080-02-01-03,NS,0.41196736501391973,NS
B_shape,RandomForest,25,SAXJ1808.4-3658,70080-02-02-35,NS,0.339642523827798,NS
B_shape,RandomForest,25,SAXJ1808.4-3658,70080-02-02-12,NS,0.3634380561362534,NS
B_shape,RandomForest,25,SAXJ1808.4-3658,70080-03-13-00,NS,0.3264909540265462,NS
B_shape,RandomForest,25,SAXJ1808.4-3658,70080-03-20-13,NS,0.3132987149499805,NS
B_shape,RandomForest,25,SAXJ1808.4-3658,70080-03-22-00,NS,0.34084927958840544,NS
B_shape,RandomForest,25,SAXJ1808.4-3658,91056-01-03-05,NS,0.403136230603817,NS
B_shape,RandomForest,25,SAXJ1808.4-3658,91418-01-04-00,NS,0.46484522751333324,NS
B_shape,RandomForest,25,SAXJ1808.4-3658,93027-01-01-03,NS,0.2886847159593738,NS
B_shape,RandomForest,25,SAXJ1808.4-3658,93027-01-05-08,NS,0.4276211703746849,NS
B_shape,RandomForest,25,SAXJ1808.4-3658,96027-01-01-00,NS,0.3566227905136978,NS
B_shape,RandomForest,25,SAXJ1808.4-3658,96027-01-02-00,NS,0.2893923183319907,NS
B_shape,RandomForest,26,SLX1735-269,60034-01-01-00,NS,0.2716958886000565,NS
B_shape,RandomForest,26,SLX1735-269,60034-01-02-02,NS,0.21778143585426654,NS
B_shape,RandomForest,26,SLX1735-269,60034-01-03-01,NS,0.0,NS
B_shape,RandomForest,26,SLX1735-269,80138-03-01-00,NS,0.0,NS
B_shape,RandomForest,26,SLX1735-269,80138-03-02-00,NS,0.07650141979253097,NS
B_shape,RandomForest,26,SLX1735-269,80138-03-07-01,NS,0.0,NS
B_shape,RandomForest,26,SLX1735-269,80138-03-07-03,NS,0.0015238095238095236,NS
B_shape,RandomForest,26,SLX1735-269,90058-05-01-02,NS,0.0,NS
B_shape,RandomForest,26,SLX1735-269,92052-02-02-00,NS,0.0621802838823008,NS
B_shape,RandomForest,26,SLX1735-269,96429-01-02-02,NS,0.4475017847479324,NS
B_shape,RandomForest,26,SLX1735-269,96429-01-03-01,NS,0.3120138306770839,NS
B_shape,RandomForest,26,SLX1735-269,96429-01-05-00,NS,0.1457057615363524,NS
B_shape,RandomForest,26,SLX1735-269,96429-01-06-01,NS,0.3821511713632808,NS
B_shape,RandomForest,26,SLX1735-269,96429-01-07-01,NS,0.20833459496969323,NS
B_shape,RandomForest,26,SLX1735-269,96429-01-08-03,NS,0.1908891048531675,NS
B_shape,RandomForest,27,XTEJ1118+480,50407-01-07-01,BH,0.09795584653415222,NS
B_shape,RandomForest,27,XTEJ1118+480,50407-01-09-00,BH,0.1303454920013749,NS
B_shape,RandomForest,27,XTEJ1118+480,50407-01-10-01,BH,0.26476704563251363,NS
B_shape,RandomForest,27,XTEJ1118+480,50133-01-05-00,BH,0.022741611898996886,NS
B_shape,RandomForest,27,XTEJ1118+480,50407-01-13-02,BH,0.036885755951878124,NS
B_shape,RandomForest,27,XTEJ1118+480,50133-01-04-01,BH,0.009094761171032358,NS
B_shape,RandomForest,27,XTEJ1118+480,50407-01-14-02,BH,0.033603957627802244,NS
B_shape,RandomForest,27,XTEJ1118+480,50407-01-16-00,BH,0.07145125703674966,NS
B_shape,RandomForest,27,XTEJ1118+480,90011-01-01-08,BH,0.20089862886300017,NS
B_shape,RandomForest,27,XTEJ1118+480,90011-01-01-10,BH,0.8900194666798515,BH
B_shape,RandomForest,27,XTEJ1118+480,90011-01-01-05,BH,0.058833496692850554,NS
B_shape,RandomForest,27,XTEJ1118+480,90111-01-02-06,BH,0.037092653879946515,NS
B_shape,RandomForest,27,XTEJ1118+480,90111-01-02-15,BH,0.16918056056631506,NS
B_shape,RandomForest,27,XTEJ1118+480,90111-01-02-07,BH,0.025395333260529212,NS
B_shape,RandomForest,27,XTEJ1118+480,90111-01-03-02,BH,0.10853167061864616,NS
B_shape,RandomForest,28,XTEJ1550-564,50135-01-02-00,BH,0.12169718605443924,NS
B_shape,RandomForest,28,XTEJ1550-564,50135-01-08-00,BH,0.8461598495859051,BH
B_shape,RandomForest,28,XTEJ1550-564,50135-01-15-00,BH,0.22185158488740075,NS
B_shape,RandomForest,28,XTEJ1550-564,50135-01-19-00,BH,0.3683485658753478,NS
B_shape,RandomForest,28,XTEJ1550-564,50135-01-23-00,BH,0.35148286639406207,NS
B_shape,RandomForest,28,XTEJ1550-564,50137-02-09-00,BH,0.6845522334660353,BH
B_shape,RandomForest,28,XTEJ1550-564,60428-01-03-00,BH,0.8855702907915906,BH
B_shape,RandomForest,28,XTEJ1550-564,60428-01-05-00,BH,0.825475235580591,BH
B_shape,RandomForest,28,XTEJ1550-564,60428-01-09-00,BH,0.8035973275411623,BH
B_shape,RandomForest,28,XTEJ1550-564,60428-01-15-00,BH,0.49221791055517705,NS
B_shape,RandomForest,28,XTEJ1550-564,80135-01-01-01,BH,0.6131433640430066,BH
B_shape,RandomForest,28,XTEJ1550-564,80135-01-02-01,BH,0.4906153469575871,NS
B_shape,RandomForest,28,XTEJ1550-564,80135-01-03-10,BH,0.5250823622325693,BH
B_shape,RandomForest,28,XTEJ1550-564,80135-01-04-02,BH,0.7527228021982915,BH
B_shape,RandomForest,28,XTEJ1550-564,80135-01-05-10,BH,0.6857593171584958,BH
B_shape,RandomForest,29,XTEJ1650-500,60113-01-06-00,BH,0.0859470469592876,NS
B_shape,RandomForest,29,XTEJ1650-500,60113-01-09-00,BH,0.2639610049081859,NS
B_shape,RandomForest,29,XTEJ1650-500,60113-01-11-01,BH,0.517730201040567,BH
B_shape,RandomForest,29,XTEJ1650-500,60113-01-15-00,BH,0.9351420101938881,BH
B_shape,RandomForest,29,XTEJ1650-500,60113-01-23-00,BH,0.9381430793426571,BH
B_shape,RandomForest,29,XTEJ1650-500,60113-01-27-00,BH,0.998,BH
B_shape,RandomForest,29,XTEJ1650-500,60113-01-29-02,BH,0.9958795180722891,BH
B_shape,RandomForest,29,XTEJ1650-500,60113-01-34-00,BH,0.9931645040183019,BH
B_shape,RandomForest,29,XTEJ1650-500,60113-01-36-00,BH,0.9918795180722891,BH
B_shape,RandomForest,29,XTEJ1650-500,60113-01-38-00,BH,0.9931836734693877,BH
B_shape,RandomForest,29,XTEJ1650-500,60118-02-08-00,BH,0.9848625662244563,BH
B_shape,RandomForest,29,XTEJ1650-500,60118-02-14-00,BH,0.1382856172409131,NS
B_shape,RandomForest,29,XTEJ1650-500,60118-02-20-00,BH,0.35136383188026965,NS
B_shape,RandomForest,29,XTEJ1650-500,60118-02-28-00,BH,0.4552298502572077,NS
B_shape,RandomForest,29,XTEJ1650-500,70124-01-02-00,BH,0.5138637147798644,BH
B_shape,RandomForest,30,XTEJ1814-338,80138-04-02-00,NS,0.23095298981407564,NS
B_shape,RandomForest,30,XTEJ1814-338,80145-02-01-01,NS,0.4147260673550272,NS
B_shape,RandomForest,30,XTEJ1814-338,80418-01-01-07,NS,0.533899974951115,BH
B_shape,RandomForest,30,XTEJ1814-338,80418-01-02-00,NS,0.42257525217995445,NS
B_shape,RandomForest,30,XTEJ1814-338,80418-01-02-08,NS,0.5466818041010669,BH
B_shape,RandomForest,30,XTEJ1814-338,80418-01-02-05,NS,0.5519505785615044,BH
B_shape,RandomForest,30,XTEJ1814-338,80418-01-03-02,NS,0.38473641812896653,NS
B_shape,RandomForest,30,XTEJ1814-338,80418-01-03-08,NS,0.4736723024466369,NS
B_shape,RandomForest,30,XTEJ1814-338,80418-01-04-03,NS,0.5235028348415259,BH
B_shape,RandomForest,30,XTEJ1814-338,80418-01-05-00,NS,0.3529615977870433,NS
B_shape,RandomForest,30,XTEJ1814-338,80418-01-05-08,NS,0.026570809155159098,NS
B_shape,RandomForest,30,XTEJ1814-338,80418-01-06-00,NS,0.5920526644562207,BH
B_shape,RandomForest,30,XTEJ1814-338,80418-01-06-02,NS,0.6263526071553066,BH
B_shape,RandomForest,30,XTEJ1814-338,80418-01-06-06,NS,0.4503251193522397,NS
B_shape,RandomForest,30,XTEJ1814-338,80418-01-07-06,NS,0.18946753665964494,NS
H_colours,LogReg,0,4U1254-690,60044-01-01-02,NS,0.16326134071983975,NS
H_colours,LogReg,0,4U1254-690,60044-01-01-00,NS,0.17826654169728265,NS
H_colours,LogReg,0,4U1254-690,60044-01-01-03,NS,0.07952699033367688,NS
H_colours,LogReg,0,4U1254-690,60044-01-01-05,NS,0.09652807130201292,NS
H_colours,LogReg,0,4U1254-690,60044-01-02-100,NS,0.12551812007943386,NS
H_colours,LogReg,0,4U1254-690,60044-01-02-000,NS,0.13068797963112544,NS
H_colours,LogReg,0,4U1254-690,90036-01-01-01,NS,0.15846118828242817,NS
H_colours,LogReg,0,4U1254-690,90036-01-01-03,NS,0.09768616357732297,NS
H_colours,LogReg,0,4U1254-690,93406-13-01-00,NS,0.09236358553029891,NS
H_colours,LogReg,0,4U1254-690,95324-01-01-010,NS,0.08111003078644721,NS
H_colours,LogReg,0,4U1254-690,95324-01-01-000,NS,0.08705889244726021,NS
H_colours,LogReg,0,4U1254-690,95324-01-01-00,NS,0.10705254331441398,NS
H_colours,LogReg,0,4U1254-690,95324-01-02-000,NS,0.08560577465516703,NS
H_colours,LogReg,0,4U1254-690,95324-01-02-00,NS,0.15284271748317493,NS
H_colours,LogReg,0,4U1254-690,95324-01-02-01,NS,0.07994323145584059,NS
H_colours,LogReg,1,4U1323-619,70050-03-01-01,NS,0.17158333307838544,NS
H_colours,LogReg,1,4U1323-619,70050-03-01-02,NS,0.26544836143662603,NS
H_colours,LogReg,1,4U1323-619,90062-03-01-02,NS,0.3137585059085552,NS
H_colours,LogReg,1,4U1323-619,90062-03-01-01,NS,0.5502168611600454,BH
H_colours,LogReg,1,4U1323-619,95442-01-01-01,NS,0.371431648927209,NS
H_colours,LogReg,1,4U1323-619,95442-01-01-02,NS,0.34409356703507704,NS
H_colours,LogReg,1,4U1323-619,96405-01-01-00,NS,0.2700581568189072,NS
H_colours,LogReg,1,4U1323-619,96405-01-01-01,NS,0.3475160105531512,NS
H_colours,LogReg,1,4U1323-619,96405-01-02-00,NS,0.2220473683573004,NS
H_colours,LogReg,1,4U1323-619,96405-01-02-01,NS,0.3086911766116109,NS
H_colours,LogReg,1,4U1323-619,96405-01-04-00,NS,0.3288721228752892,NS
H_colours,LogReg,1,4U1323-619,96405-01-05-00,NS,0.2530697142569142,NS
H_colours,LogReg,1,4U1323-619,96405-01-05-01,NS,0.449362729108518,NS
H_colours,LogReg,1,4U1323-619,96405-01-05-02,NS,0.2895899579684995,NS
H_colours,LogReg,1,4U1323-619,96405-01-05-03,NS,0.2972042078392981,NS
H_colours,LogReg,2,4U1543-47,70133-01-01-00,BH,0.9983866185437914,BH
H_colours,LogReg,2,4U1543-47,70132-01-01-02G,BH,0.990243863579681,BH
H_colours,LogReg,2,4U1543-47,70133-01-14-00,BH,0.998674965186302,BH
H_colours,LogReg,2,4U1543-47,70132-01-02-00,BH,0.997886475221824,BH
H_colours,LogReg,2,4U1543-47,70133-01-10-00,BH,0.9958090274088762,BH
H_colours,LogReg,2,4U1543-47,70133-01-19-00,BH,0.9997663969140095,BH
H_colours,LogReg,2,4U1543-47,70133-01-22-00,BH,0.9996536833617775,BH
H_colours,LogReg,2,4U1543-47,70133-01-24-00,BH,0.999849083553169,BH
H_colours,LogReg,2,4U1543-47,70133-01-27-01,BH,0.9998202573592028,BH
H_colours,LogReg,2,4U1543-47,70133-01-28-00,BH,0.9992409183557435,BH
H_colours,LogReg,2,4U1543-47,70133-01-31-01,BH,0.9887943394445258,BH
H_colours,LogReg,2,4U1543-47,70128-01-01-01,BH,0.9526833855491585,BH
H_colours,LogReg,2,4U1543-47,70124-02-09-00,BH,0.6657260670777589,BH
H_colours,LogReg,2,4U1543-47,70124-02-10-00,BH,0.729039728822251,BH
H_colours,LogReg,2,4U1543-47,70124-02-14-00,BH,0.90046880670273,BH
H_colours,LogReg,3,4U1608-52,60052-02-03-00,NS,0.10038250477309205,NS
H_colours,LogReg,3,4U1608-52,70059-01-01-00G,NS,0.1568579546521491,NS
H_colours,LogReg,3,4U1608-52,70058-01-32-00,NS,0.12468251805445481,NS
H_colours,LogReg,3,4U1608-52,70069-01-04-03,NS,0.6610861181571839,BH
H_colours,LogReg,3,4U1608-52,90408-01-01-03,NS,0.1593009026835087,NS
H_colours,LogReg,3,4U1608-52,90408-01-03-03,NS,0.6835419809559246,BH
H_colours,LogReg,3,4U1608-52,93408-01-14-00,NS,0.5810305106332995,BH
H_colours,LogReg,3,4U1608-52,93408-01-17-01,NS,0.14671417290661465,NS
H_colours,LogReg,3,4U1608-52,93408-01-22-01,NS,0.10160211435177828,NS
H_colours,LogReg,3,4U1608-52,93408-01-27-03,NS,0.6502513698933426,BH
H_colours,LogReg,3,4U1608-52,93408-01-55-01,NS,0.6509454288243176,BH
H_colours,LogReg,3,4U1608-52,94401-01-03-02,NS,0.06454584243522346,NS
H_colours,LogReg,3,4U1608-52,94401-01-38-02,NS,0.5140809430071349,BH
H_colours,LogReg,3,4U1608-52,96423-01-03-00,NS,0.10079349877571567,NS
H_colours,LogReg,3,4U1608-52,96423-01-21-03,NS,0.5488373233358422,BH
H_colours,LogReg,4,4U1636-53,50030-02-04-00,NS,0.11579313486487937,NS
H_colours,LogReg,4,4U1636-53,60032-01-20-000,NS,0.09400653745541544,NS
H_colours,LogReg,4,4U1636-53,91024-01-74-00,NS,0.521809684425061,BH
H_colours,LogReg,4,4U1636-53,91024-01-12-10,NS,0.11414557764639796,NS
H_colours,LogReg,4,4U1636-53,92023-01-50-00,NS,0.22878476740291448,NS
H_colours,LogReg,4,4U1636-53,92023-01-79-10,NS,0.04867664740379118,NS
H_colours,LogReg,4,4U1636-53,93087-01-27-00,NS,0.06850824625635303,NS
H_colours,LogReg,4,4U1636-53,93087-01-80-00,NS,0.32553500098703975,NS
H_colours,LogReg,4,4U1636-53,93087-01-33-20,NS,0.07035272833964624,NS
H_colours,LogReg,4,4U1636-53,94087-01-16-00,NS,0.5157438285001663,BH
H_colours,LogReg,4,4U1636-53,94087-01-25-10,NS,0.24509325462424003,NS
H_colours,LogReg,4,4U1636-53,94087-01-44-10,NS,0.05178730605562877,NS
H_colours,LogReg,4,4U1636-53,95087-01-47-10,NS,0.3114247886290995,NS
H_colours,LogReg,4,4U1636-53,96087-01-52-00,NS,0.38343545883177754,NS
H_colours,LogReg,4,4U1636-53,96087-01-11-10,NS,0.22583763791723346,NS
H_colours,LogReg,5,4U1702-429,50029-27-01-000,NS,0.6375005359961239,BH
H_colours,LogReg,5,4U1702-429,50030-01-04-00,NS,0.6078036587642386,BH
H_colours,LogReg,5,4U1702-429,50030-01-09-03,NS,0.5411136101132171,BH
H_colours,LogReg,5,4U1702-429,80033-01-01-01,NS,0.5288382688361526,BH
H_colours,LogReg,5,4U1702-429,80033-01-02-000,NS,0.048583747563625324,NS
H_colours,LogReg,5,4U1702-429,80033-01-04-03,NS,0.03198550042074758,NS
H_colours,LogReg,5,4U1702-429,80033-01-08-00G,NS,0.042157665612579165,NS
H_colours,LogReg,5,4U1702-429,80033-01-10-04G,NS,0.035819021475609475,NS
H_colours,LogReg,5,4U1702-429,80033-01-11-02,NS,0.03268216049606005,NS
H_colours,LogReg,5,4U1702-429,80033-01-12-02,NS,0.04398060434905276,NS
H_colours,LogReg,5,4U1702-429,80033-01-16-05,NS,0.03894046087425786,NS
H_colours,LogReg,5,4U1702-429,80033-01-18-02,NS,0.4603866721373269,NS
H_colours,LogReg,5,4U1702-429,80033-01-20-01,NS,0.3677666146632165,NS
H_colours,LogReg,5,4U1702-429,80033-01-21-03,NS,0.47994876094977157,NS
H_colours,LogReg,5,4U1702-429,94415-01-01-00,NS,0.34044351902965764,NS
H_colours,LogReg,6,4U1705-44,91039-01-01-61,NS,0.4078827741626929,NS
H_colours,LogReg,6,4U1705-44,90170-01-01-00,NS,0.063012643724929,NS
H_colours,LogReg,6,4U1705-44,93060-01-05-00,NS,0.6095523044648348,BH
H_colours,LogReg,6,4U1705-44,93060-01-50-00,NS,0.5831342217018793,BH
H_colours,LogReg,6,4U1705-44,93060-01-77-00,NS,0.062025704956197754,NS
H_colours,LogReg,6,4U1705-44,93060-01-93-00,NS,0.10070728935700993,NS
H_colours,LogReg,6,4U1705-44,93060-01-45-00,NS,0.08717874390906358,NS
H_colours,LogReg,6,4U1705-44,94060-01-23-00,NS,0.07577911658987335,NS
H_colours,LogReg,6,4U1705-44,94060-01-46-00,NS,0.08333138005615232,NS
H_colours,LogReg,6,4U1705-44,94060-01-55-00,NS,0.06817808669685524,NS
H_colours,LogReg,6,4U1705-44,95060-01-35-00,NS,0.3061233601322941,NS
H_colours,LogReg,6,4U1705-44,95060-01-66-00,NS,0.09861489117110572,NS
H_colours,LogReg,6,4U1705-44,95060-01-78-00,NS,0.07422930144865915,NS
H_colours,LogReg,6,4U1705-44,96060-01-40-00,NS,0.08711873102851807,NS
H_colours,LogReg,6,4U1705-44,96060-01-73-00,NS,0.05938777457963471,NS
H_colours,LogReg,7,4U1724-307,60034-02-01-01,NS,0.5096875924670276,BH
H_colours,LogReg,7,4U1724-307,50060-05-01-07,NS,0.5682309992951471,BH
H_colours,LogReg,7,4U1724-307,50060-05-01-05,NS,0.4984722863487773,NS
H_colours,LogReg,7,4U1724-307,60034-02-02-02,NS,0.45280637500947674,NS
H_colours,LogReg,7,4U1724-307,60034-02-03-10,NS,0.42798018558368484,NS
H_colours,LogReg,7,4U1724-307,60034-02-05-01,NS,0.47033035364146014,NS
H_colours,LogReg,7,4U1724-307,80105-10-01-00,NS,0.46366252233573974,NS
H_colours,LogReg,7,4U1724-307,80138-06-03-00,NS,0.03065113053025429,NS
H_colours,LogReg,7,4U1724-307,90058-06-03-00,NS,0.2533551097593101,NS
H_colours,LogReg,7,4U1724-307,91050-07-01-00,NS,0.30501597863206215,NS
H_colours,LogReg,7,4U1724-307,93044-06-04-00,NS,0.0604712655286141,NS
H_colours,LogReg,7,4U1724-307,93044-06-07-00,NS,0.3000299648748997,NS
H_colours,LogReg,7,4U1724-307,93438-01-02-03,NS,0.37693652746003975,NS
H_colours,LogReg,7,4U1724-307,93438-01-04-00,NS,0.3661899324013482,NS
H_colours,LogReg,7,4U1724-307,93438-01-07-01,NS,0.4958585923770151,NS
H_colours,LogReg,8,4U1728-34,50023-01-29-00,NS,0.21495918771855899,NS
H_colours,LogReg,8,4U1728-34,50030-03-05-03,NS,0.36443503536656807,NS
H_colours,LogReg,8,4U1728-34,70028-01-01-08,NS,0.2487457870501128,NS
H_colours,LogReg,8,4U1728-34,70028-01-01-05,NS,0.26597405796798645,NS
H_colours,LogReg,8,4U1728-34,92023-03-08-00,NS,0.0411806179501459,NS
H_colours,LogReg,8,4U1728-34,92023-03-37-00,NS,0.19363859444687456,NS
H_colours,LogReg,8,4U1728-34,92023-03-76-00,NS,0.04056891028724541,NS
H_colours,LogReg,8,4U1728-34,92023-03-98-00,NS,0.17239329512152063,NS
H_colours,LogReg,8,4U1728-34,92023-03-19-10,NS,0.033168878875398426,NS
H_colours,LogReg,8,4U1728-34,92023-03-30-10,NS,0.07412222411306943,NS
H_colours,LogReg,8,4U1728-34,92023-03-44-00,NS,0.2881225357587447,NS
H_colours,LogReg,8,4U1728-34,92023-03-49-00,NS,0.3140240528764905,NS
H_colours,LogReg,8,4U1728-34,92023-03-70-00,NS,0.22335104139527737,NS
H_colours,LogReg,8,4U1728-34,95337-01-02-00,NS,0.037160846803384336,NS
H_colours,LogReg,8,4U1728-34,96322-01-01-05,NS,0.029138242460204505,NS
H_colours,LogReg,9,4U1735-44,50025-02-01-01,NS,0.04722987095184343,NS
H_colours,LogReg,9,4U1735-44,50026-01-01-00,NS,0.03796849333811178,NS
H_colours,LogReg,9,4U1735-44,91152-06-01-10,NS,0.03714201096531277,NS
H_colours,LogReg,9,4U1735-44,91025-01-01-04,NS,0.03788370184448767,NS
H_colours,LogReg,9,4U1735-44,91025-01-04-04,NS,0.03973473075018311,NS
H_colours,LogReg,9,4U1735-44,91025-01-04-06,NS,0.010060124571419755,NS
H_colours,LogReg,9,4U1735-44,91025-01-05-01,NS,0.028042666676637337,NS
H_colours,LogReg,9,4U1735-44,91025-01-08-07,NS,0.013117592358515439,NS
H_colours,LogReg,9,4U1735-44,91025-01-09-12,NS,0.009901605454731151,NS
H_colours,LogReg,9,4U1735-44,91025-01-09-10,NS,0.025574309776995686,NS
H_colours,LogReg,9,4U1735-44,91025-01-13-03,NS,0.016263849003322298,NS
H_colours,LogReg,9,4U1735-44,91025-01-13-08,NS,0.017148060347209754,NS
H_colours,LogReg,9,4U1735-44,93200-01-03-01,NS,0.017856417456256487,NS
H_colours,LogReg,9,4U1735-44,96325-01-01-04,NS,0.024818002636463363,NS
H_colours,LogReg,9,4U1735-44,96331-01-02-01,NS,0.03141099433923653,NS
H_colours,LogReg,10,4U1746-371,60044-02-01-10,NS,0.06370818841452644,NS
H_colours,LogReg,10,4U1746-371,60044-02-01-05,NS,0.04891054326029447,NS
H_colours,LogReg,10,4U1746-371,60044-02-01-07,NS,0.07106479262820271,NS
H_colours,LogReg,10,4U1746-371,60044-02-01-06,NS,0.06462886229938514,NS
H_colours,LogReg,10,4U1746-371,60044-02-02-00,NS,0.0708951536190162,NS
H_colours,LogReg,10,4U1746-371,60044-02-02-010,NS,0.0399819357108752,NS
H_colours,LogReg,10,4U1746-371,60044-02-02-09,NS,0.03416151261533567,NS
H_colours,LogReg,10,4U1746-371,60044-02-02-10,NS,0.07422465850832126,NS
H_colours,LogReg,10,4U1746-371,70050-01-01-03,NS,0.05687271520935671,NS
H_colours,LogReg,10,4U1746-371,70050-01-01-06,NS,0.04878180114416274,NS
H_colours,LogReg,10,4U1746-371,70050-01-01-00,NS,0.03799132604309688,NS
H_colours,LogReg,10,4U1746-371,70050-01-01-08,NS,0.029206562834966168,NS
H_colours,LogReg,10,4U1746-371,90044-01-02-01,NS,0.03453932143137269,NS
H_colours,LogReg,10,4U1746-371,90044-01-04-000,NS,0.05970351994395515,NS
H_colours,LogReg,10,4U1746-371,90044-01-04-00,NS,0.46494724096393414,NS
H_colours,LogReg,11,4U1820-30,40017-01-21-02,NS,0.03678433393268477,NS
H_colours,LogReg,11,4U1820-30,60030-01-02-01,NS,0.03747432834465075,NS
H_colours,LogReg,11,4U1820-30,70030-03-03-00,NS,0.02795883165275843,NS
H_colours,LogReg,11,4U1820-30,70030-03-05-00,NS,0.09460443536718399,NS
H_colours,LogReg,11,4U1820-30,90027-01-01-06,NS,0.03022152139834588,NS
H_colours,LogReg,11,4U1820-30,90027-01-03-00,NS,0.021566782157574377,NS
H_colours,LogReg,11,4U1820-30,90027-01-04-04,NS,0.029144355707111425,NS
H_colours,LogReg,11,4U1820-30,92030-02-02-00,NS,0.022561117550930376,NS
H_colours,LogReg,11,4U1820-30,91152-04-01-00,NS,0.023777927237041658,NS
H_colours,LogReg,11,4U1820-30,92030-02-05-00,NS,0.028101450600120835,NS
H_colours,LogReg,11,4U1820-30,94090-01-01-00,NS,0.04632156231487889,NS
H_colours,LogReg,11,4U1820-30,94090-01-02-01,NS,0.18737368605767055,NS
H_colours,LogReg,11,4U1820-30,92030-02-12-00,NS,0.017595474985344556,NS
H_colours,LogReg,11,4U1820-30,96090-01-01-020,NS,0.02127467393310284,NS
H_colours,LogReg,11,4U1820-30,96324-01-02-01,NS,0.021338801236479073,NS
H_colours,LogReg,12,4U1915-05,50026-03-01-00,NS,0.4528915450744676,NS
H_colours,LogReg,12,4U1915-05,50026-03-01-01,NS,0.5972231038636227,BH
H_colours,LogReg,12,4U1915-05,70034-02-01-01,NS,0.02290207560894667,NS
H_colours,LogReg,12,4U1915-05,70034-02-01-00,NS,0.023375666218806556,NS
H_colours,LogReg,12,4U1915-05,70034-02-02-01,NS,0.18573929671652004,NS
H_colours,LogReg,12,4U1915-05,70034-02-02-00,NS,0.4857347832212674,NS
H_colours,LogReg,13,AQLX1,50049-02-06-01,NS,0.09537439400246542,NS
H_colours,LogReg,13,AQLX1,50049-02-15-06,NS,0.1903877546900995,NS
H_colours,LogReg,13,AQLX1,60054-02-03-03,NS,0.18246005461379194,NS
H_colours,LogReg,13,AQLX1,70069-03-01-00,NS,0.17605775538107696,NS
H_colours,LogReg,13,AQLX1,80403-01-03-00,NS,0.5255453512716308,BH
H_colours,LogReg,13,AQLX1,90017-11-06-00,NS,0.8099970305402584,BH
H_colours,LogReg,13,AQLX1,91028-01-29-00,NS,0.6816405730754402,BH
H_colours,LogReg,13,AQLX1,92034-01-02-00,NS,0.726111860670627,BH
H_colours,LogReg,13,AQLX1,93076-01-02-00,NS,0.4456914782658279,NS
H_colours,LogReg,13,AQLX1,92438-01-02-02,NS,0.7067345194226964,BH
H_colours,LogReg,13,AQLX1,94076-01-03-04,NS,0.7071169846162495,BH
H_colours,LogReg,13,AQLX1,94441-01-01-00,NS,0.16322603046067385,NS
H_colours,LogReg,13,AQLX1,95413-01-02-01,NS,0.5802500543537619,BH
H_colours,LogReg,13,AQLX1,96440-01-05-02,NS,0.08698458243591259,NS
H_colours,LogReg,13,AQLX1,96440-01-08-06,NS,0.1289271248013741,NS
H_colours,LogReg,14,CYGX2,40019-04-05-09,NS,0.1618923287014318,NS
H_colours,LogReg,14,CYGX2,80018-02-01-00G,NS,0.37444103966221487,NS
H_colours,LogReg,14,CYGX2,90030-01-23-00,NS,0.1935554709245829,NS
H_colours,LogReg,14,CYGX2,90030-01-45-00,NS,0.13488966302580474,NS
H_colours,LogReg,14,CYGX2,90030-01-55-01,NS,0.1102440679690052,NS
H_colours,LogReg,14,CYGX2,91010-01-01-05,NS,0.32014785191393813,NS
H_colours,LogReg,14,CYGX2,91009-01-28-01,NS,0.23253193434693148,NS
H_colours,LogReg,14,CYGX2,90030-01-15-00,NS,0.05370724823719024,NS
H_colours,LogReg,14,CYGX2,90030-01-09-00,NS,0.11818967870388813,NS
H_colours,LogReg,14,CYGX2,92039-01-04-01,NS,0.16938915447794697,NS
H_colours,LogReg,14,CYGX2,92038-01-06-01,NS,0.22508036356577163,NS
H_colours,LogReg,14,CYGX2,93082-02-02-01,NS,0.1742421084451703,NS
H_colours,LogReg,14,CYGX2,93443-01-01-09,NS,0.4006342638709931,NS
H_colours,LogReg,14,CYGX2,95345-01-06-00,NS,0.30173558539657697,NS
H_colours,LogReg,14,CYGX2,95345-01-40-00,NS,0.11003954093178195,NS
H_colours,LogReg,15,EXO0748-676,50045-06-05-00,NS,0.2667744686483337,NS
H_colours,LogReg,15,EXO0748-676,70048-03-02-00,NS,0.24250118746031704,NS
H_colours,LogReg,15,EXO0748-676,60042-03-01-00,NS,0.1580059092505402,NS
H_colours,LogReg,15,EXO0748-676,70047-02-01-03,NS,0.1406361320459573,NS
H_colours,LogReg,15,EXO0748-676,70048-13-12-00,NS,0.29158134620756904,NS
H_colours,LogReg,15,EXO0748-676,80040-01-09-01,NS,0.45914785217937815,NS
H_colours,LogReg,15,EXO0748-676,90039-01-03-02,NS,0.4716397236528181,NS
H_colours,LogReg,15,EXO0748-676,90039-01-04-01,NS,0.422050367273919,NS
H_colours,LogReg,15,EXO0748-676,91035-01-04-09,NS,0.29312623593247705,NS
H_colours,LogReg,15,EXO0748-676,92019-01-05-02,NS,0.29132862882224453,NS
H_colours,LogReg,15,EXO0748-676,92019-01-06-03,NS,0.38529949316355677,NS
H_colours,LogReg,15,EXO0748-676,92019-01-16-00,NS,0.1845636827162626,NS
H_colours,LogReg,15,EXO0748-676,92019-01-18-01,NS,0.3485860853447921,NS
H_colours,LogReg,15,EXO0748-676,92019-01-26-01,NS,0.12020350560899334,NS
H_colours,LogReg,15,EXO0748-676,92040-03-01-00,NS,0.17860074100786313,NS
H_colours,LogReg,16,GROJ1655-40,90428-01-01-07,BH,0.5855091380412505,BH
H_colours,LogReg,16,GROJ1655-40,91702-01-02-03,BH,0.9854753855171517,BH
H_colours,LogReg,16,GROJ1655-40,91702-01-22-00,BH,0.7153802212282587,BH
H_colours,LogReg,16,GROJ1655-40,91702-01-22-03,BH,0.6899692627806941,BH
H_colours,LogReg,16,GROJ1655-40,91702-01-43-00,BH,0.6347519264322706,BH
H_colours,LogReg,16,GROJ1655-40,91702-01-51-02,BH,0.7187092901664652,BH
H_colours,LogReg,16,GROJ1655-40,91702-01-56-03,BH,0.8725079326996563,BH
H_colours,LogReg,16,GROJ1655-40,91702-01-66-05,BH,0.9154884233471863,BH
H_colours,LogReg,16,GROJ1655-40,91702-01-78-00,BH,0.9864265140385376,BH
H_colours,LogReg,16,GROJ1655-40,91702-01-01-13,BH,0.971564676123483,BH
H_colours,LogReg,16,GROJ1655-40,91702-01-17-11,BH,0.9847625914367789,BH
H_colours,LogReg,16,GROJ1655-40,91702-01-39-10,BH,0.9965701120330935,BH
H_colours,LogReg,16,GROJ1655-40,91702-01-48-10,BH,0.9970690388791652,BH
H_colours,LogReg,16,GROJ1655-40,91702-01-81-00,BH,0.6449658611817087,BH
H_colours,LogReg,16,GROJ1655-40,91702-01-86-04,BH,0.5367539526832521,BH
H_colours,LogReg,17,GRS1915+105,50703-01-11-00,BH,0.6595641378511864,BH
H_colours,LogReg,17,GRS1915+105,50703-01-62-01,BH,0.6486941481234076,BH
H_colours,LogReg,17,GRS1915+105,60701-01-13-03,BH,0.10723230183428029,NS
H_colours,LogReg,17,GRS1915+105,70702-01-02-00,BH,0.3383755173181788,NS
H_colours,LogReg,17,GRS1915+105,70702-01-21-01,BH,0.4860750176482242,NS
H_colours,LogReg,17,GRS1915+105,80127-04-01-02,BH,0.07179529034047157,NS
H_colours,LogReg,17,GRS1915+105,90701-01-16-00,BH,0.4006867301600691,NS
H_colours,LogReg,17,GRS1915+105,90701-01-40-00,BH,0.054217110002031804,NS
H_colours,LogReg,17,GRS1915+105,90024-02-37-00,BH,0.42014429344105353,NS
H_colours,LogReg,17,GRS1915+105,92702-01-06-00,BH,0.5533842493483186,BH
H_colours,LogReg,17,GRS1915+105,80701-01-53-00,BH,0.5414621483808199,BH
H_colours,LogReg,17,GRS1915+105,93701-01-08-00,BH,0.7267660118915522,BH
H_colours,LogReg,17,GRS1915+105,91701-01-83-00,BH,0.5807386719777251,BH
H_colours,LogReg,17,GRS1915+105,95701-01-44-00,BH,0.43469492271489774,NS
H_colours,LogReg,17,GRS1915+105,96701-01-39-00,BH,0.07031252687017371,NS
H_colours,LogReg,18,GS1826-238,50035-01-02-00,NS,0.3452991606078735,NS
H_colours,LogReg,18,GS1826-238,50035-01-03-02,NS,0.3857958475019837,NS
H_colours,LogReg,18,GS1826-238,50035-01-03-04,NS,0.36003028255479064,NS
H_colours,LogReg,18,GS1826-238,50035-01-03-090,NS,0.4022814624992414,NS
H_colours,LogReg,18,GS1826-238,80048-01-01-09,NS,0.3253521506456759,NS
H_colours,LogReg,18,GS1826-238,80048-01-01-14,NS,0.28951673950874385,NS
H_colours,LogReg,18,GS1826-238,80049-01-01-00,NS,0.32811628482543037,NS
H_colours,LogReg,18,GS1826-238,90043-01-01-02,NS,0.29024482613676744,NS
H_colours,LogReg,18,GS1826-238,70044-01-03-00,NS,0.40123836339892455,NS
H_colours,LogReg,18,GS1826-238,92703-01-04-02,NS,0.2643029350389986,NS
H_colours,LogReg,18,GS1826-238,70044-01-04-00,NS,0.28706513687723384,NS
H_colours,LogReg,18,GS1826-238,91017-01-02-05,NS,0.32865818447812256,NS
H_colours,LogReg,18,GS1826-238,91017-01-02-03,NS,0.2531769424411278,NS
H_colours,LogReg,18,GS1826-238,91017-01-02-10,NS,0.27062784286230057,NS
H_colours,LogReg,18,GS1826-238,96306-01-01-01,NS,0.2637923916671669,NS
H_colours,LogReg,19,GX17+2,70023-01-01-01,NS,0.06133429881620184,NS
H_colours,LogReg,19,GX17+2,80022-01-01-09,NS,0.10940396398781534,NS
H_colours,LogReg,19,GX17+2,80022-01-01-03,NS,0.05787033277397247,NS
H_colours,LogReg,19,GX17+2,80022-01-01-02,NS,0.09040736871485647,NS
H_colours,LogReg,19,GX17+2,80022-01-03-01,NS,0.12532281274872822,NS
H_colours,LogReg,19,GX17+2,90022-07-03-00,NS,0.02361701842925102,NS
H_colours,LogReg,19,GX17+2,90022-07-04-02,NS,0.0695271202995139,NS
H_colours,LogReg,19,GX17+2,92042-01-02-00G,NS,0.13992072489391313,NS
H_colours,LogReg,19,GX17+2,92042-01-05-01,NS,0.12301555969718116,NS
H_colours,LogReg,19,GX17+2,93406-11-01-00,NS,0.11795090494042212,NS
H_colours,LogReg,19,GX17+2,93439-01-05-01,NS,0.08093213223990299,NS
H_colours,LogReg,19,GX17+2,93439-01-06-00,NS,0.041378747212276516,NS
H_colours,LogReg,19,GX17+2,95318-01-02-01,NS,0.14699989605631733,NS
H_colours,LogReg,19,GX17+2,96310-01-01-000,NS,0.08445163749853195,NS
H_colours,LogReg,19,GX17+2,96310-01-01-02,NS,0.0940849072343212,NS
H_colours,LogReg,20,GX3+1,60022-01-01-01,NS,0.09288072494468635,NS
H_colours,LogReg,20,GX3+1,60022-01-02-01,NS,0.10925307437923261,NS
H_colours,LogReg,20,GX3+1,60022-01-04-03,NS,0.11437074228321115,NS
H_colours,LogReg,20,GX3+1,60022-01-04-04,NS,0.07510343137356804,NS
H_colours,LogReg,20,GX3+1,60022-01-05-01,NS,0.0871961450712918,NS
H_colours,LogReg,20,GX3+1,60022-01-06-05,NS,0.04555538977144325,NS
H_colours,LogReg,20,GX3+1,60022-01-06-13,NS,0.0763389983674838,NS
H_colours,LogReg,20,GX3+1,60022-01-07-02,NS,0.08297033449546992,NS
H_colours,LogReg,20,GX3+1,60022-01-08-03,NS,0.09427991787306067,NS
H_colours,LogReg,20,GX3+1,60022-01-10-03,NS,0.11008002439827513,NS
H_colours,LogReg,20,GX3+1,60022-01-10-04,NS,0.10524848350781314,NS
H_colours,LogReg,20,GX3+1,60022-01-13-01,NS,0.1048629247996132,NS
H_colours,LogReg,20,GX3+1,90022-05-05-00,NS,0.08979712326299069,NS
H_colours,LogReg,20,GX3+1,90022-05-06-00,NS,0.11448282990294381,NS
H_colours,LogReg,20,GX3+1,94307-05-01-02,NS,0.09760508219939308,NS
H_colours,LogReg,21,GX339-4,40031-03-03-04,BH,0.9979366533250159,BH
H_colours,LogReg,21,GX339-4,70110-01-54-00,BH,0.9978383488091563,BH
H_colours,LogReg,21,GX339-4,80102-04-56-00,BH,0.9431173749048797,BH
H_colours,LogReg,21,GX339-4,80132-01-22-00,BH,0.6891323950133282,BH
H_colours,LogReg,21,GX339-4,90704-01-05-00,BH,0.9975141736421058,BH
H_colours,LogReg,21,GX339-4,92034-08-01-00,BH,0.8975328836421974,BH
H_colours,LogReg,21,GX339-4,92035-01-03-03,BH,0.8589381850659621,BH
H_colours,LogReg,21,GX339-4,92704-03-13-00,BH,0.7921352372935968,BH
H_colours,LogReg,21,GX339-4,92704-03-22-00,BH,0.4212794131105111,NS
H_colours,LogReg,21,GX339-4,92704-03-45-01,BH,0.6689052838920355,BH
H_colours,LogReg,21,GX339-4,93108-01-01-02,BH,0.7577769663215145,BH
H_colours,LogReg,21,GX339-4,95409-01-02-02,BH,0.5054850002932326,BH
H_colours,LogReg,21,GX339-4,95409-01-20-00,BH,0.9988946236014294,BH
H_colours,LogReg,21,GX339-4,95409-01-29-00,BH,0.9547734697016113,BH
H_colours,LogReg,21,GX339-4,96409-01-10-02,BH,0.6701750274532841,BH
H_colours,LogReg,22,HETEJ1900.1-245,91015-01-07-00,NS,0.7558234609979345,BH
H_colours,LogReg,22,HETEJ1900.1-245,91059-03-03-00,NS,0.7585984532001433,BH
H_colours,LogReg,22,HETEJ1900.1-245,91057-01-07-04,NS,0.7160737043560886,BH
H_colours,LogReg,22,HETEJ1900.1-245,92049-01-05-00,NS,0.6822627458420674,BH
H_colours,LogReg,22,HETEJ1900.1-245,92049-01-07-00,NS,0.17924238855024666,NS
H_colours,LogReg,22,HETEJ1900.1-245,92049-01-40-00,NS,0.6919659110600694,BH
H_colours,LogReg,22,HETEJ1900.1-245,92049-01-56-00,NS,0.054418293132449023,NS
H_colours,LogReg,22,HETEJ1900.1-245,93030-01-14-00,NS,0.5951219758222297,BH
H_colours,LogReg,22,HETEJ1900.1-245,93030-01-47-00,NS,0.7205181731714168,BH
H_colours,LogReg,22,HETEJ1900.1-245,94030-01-05-00,NS,0.8307552713870221,BH
H_colours,LogReg,22,HETEJ1900.1-245,94030-01-27-00,NS,0.6670480826955285,BH
H_colours,LogReg,22,HETEJ1900.1-245,94030-01-36-00,NS,0.705832955622998,BH
H_colours,LogReg,22,HETEJ1900.1-245,95030-01-16-00,NS,0.5370096532165708,BH
H_colours,LogReg,22,HETEJ1900.1-245,96030-01-01-01,NS,0.5356655562857418,BH
H_colours,LogReg,22,HETEJ1900.1-245,96030-01-25-00,NS,0.6657633035633628,BH
H_colours,LogReg,23,KS1731-260,50031-02-01-09,NS,0.47267460190476834,NS
H_colours,LogReg,23,KS1731-260,50031-02-01-12,NS,0.48395445619625277,NS
H_colours,LogReg,23,KS1731-260,50031-02-01-02,NS,0.40215617811503307,NS
H_colours,LogReg,23,KS1731-260,50031-02-01-05,NS,0.4409636472943394,NS
H_colours,LogReg,23,KS1731-260,50031-02-01-08,NS,0.4603666592429415,NS
H_colours,LogReg,23,KS1731-260,50031-02-02-06,NS,0.4890775704953095,NS
H_colours,LogReg,23,KS1731-260,50031-02-02-02,NS,0.5150603922883831,BH
H_colours,LogReg,23,KS1731-260,50031-02-02-03,NS,0.27693841121742097,NS
H_colours,LogReg,23,KS1731-260,50031-02-02-080,NS,0.451150026849436,NS
H_colours,LogReg,23,KS1731-260,50031-02-03-00,NS,0.7946611813140517,BH
H_colours,LogReg,23,KS1731-260,50031-02-03-05,NS,0.8058422280689724,BH
H_colours,LogReg,23,KS1731-260,50031-02-03-04,NS,0.8006484786730137,BH
H_colours,LogReg,23,KS1731-260,50031-02-03-07,NS,0.8173906769861238,BH
H_colours,LogReg,23,KS1731-260,50031-02-03-08,NS,0.7314580509034555,BH
H_colours,LogReg,23,KS1731-260,50031-02-03-01,NS,0.9989665255943085,BH
H_colours,LogReg,24,MXB1658-298,50410-01-01-00,NS,0.32285948082794996,NS
H_colours,LogReg,24,MXB1658-298,50410-01-04-00,NS,0.1341343519305145,NS
H_colours,LogReg,24,MXB1658-298,50410-01-05-00,NS,0.16065087801284367,NS
H_colours,LogReg,24,MXB1658-298,50410-01-08-00,NS,0.4303935904393775,NS
H_colours,LogReg,24,MXB1658-298,50410-01-09-00,NS,0.4318457795187861,NS
H_colours,LogReg,24,MXB1658-298,60048-01-02-00,NS,0.2800198877634447,NS
H_colours,LogReg,24,MXB1658-298,60048-01-04-00,NS,0.23532519074343863,NS
H_colours,LogReg,24,MXB1658-298,60048-02-01-00,NS,0.15131997677488412,NS
H_colours,LogReg,24,MXB1658-298,60048-02-03-00,NS,0.23702187128778704,NS
H_colours,LogReg,24,MXB1658-298,60048-03-01-00,NS,0.14623635057902573,NS
H_colours,LogReg,24,MXB1658-298,60048-03-02-00,NS,0.2233417191092506,NS
H_colours,LogReg,24,MXB1658-298,60048-03-05-00,NS,0.24078467698434958,NS
H_colours,LogReg,24,MXB1658-298,60048-04-01-00,NS,0.06274127552050786,NS
H_colours,LogReg,24,MXB1658-298,60048-04-03-00,NS,0.6979594728819163,BH
H_colours,LogReg,24,MXB1658-298,60048-04-05-00,NS,0.56029668453525,BH
H_colours,LogReg,25,SAXJ1808.4-3658,70080-01-02-04,NS,0.6757266365768521,BH
H_colours,LogReg,25,SAXJ1808.4-3658,70080-01-02-22,NS,0.7891493774345848,BH
H_colours,LogReg,25,SAXJ1808.4-3658,70080-01-03-010,NS,0.7719975245775567,BH
H_colours,LogReg,25,SAXJ1808.4-3658,70080-02-01-03,NS,0.7539917988923895,BH
H_colours,LogReg,25,SAXJ1808.4-3658,70080-02-02-35,NS,0.7914611700420026,BH
H_colours,LogReg,25,SAXJ1808.4-3658,70080-02-02-12,NS,0.6442514273990306,BH
H_colours,LogReg,25,SAXJ1808.4-3658,70080-03-13-00,NS,0.7604594084080313,BH
H_colours,LogReg,25,SAXJ1808.4-3658,70080-03-20-13,NS,0.6702777121146377,BH
H_colours,LogReg,25,SAXJ1808.4-3658,70080-03-22-00,NS,0.5037313932259211,BH
H_colours,LogReg,25,SAXJ1808.4-3658,91056-01-03-05,NS,0.8037072672967459,BH
H_colours,LogReg,25,SAXJ1808.4-3658,91418-01-04-00,NS,0.6266176930897619,BH
H_colours,LogReg,25,SAXJ1808.4-3658,93027-01-01-03,NS,0.7434397435381828,BH
H_colours,LogReg,25,SAXJ1808.4-3658,93027-01-05-08,NS,0.9312619416602509,BH
H_colours,LogReg,25,SAXJ1808.4-3658,96027-01-01-00,NS,0.6888339264892921,BH
H_colours,LogReg,25,SAXJ1808.4-3658,96027-01-02-00,NS,0.7032801756569033,BH
H_colours,LogReg,26,SLX1735-269,60034-01-01-00,NS,0.6852321663891909,BH
H_colours,LogReg,26,SLX1735-269,60034-01-02-02,NS,0.54446149975592,BH
H_colours,LogReg,26,SLX1735-269,60034-01-03-01,NS,0.04620357800543291,NS
H_colours,LogReg,26,SLX1735-269,80138-03-01-00,NS,0.0367556232495495,NS
H_colours,LogReg,26,SLX1735-269,80138-03-02-00,NS,0.6161940376886094,BH
H_colours,LogReg,26,SLX1735-269,80138-03-07-01,NS,0.03010804474868941,NS
H_colours,LogReg,26,SLX1735-269,80138-03-07-03,NS,0.032213766942997435,NS
H_colours,LogReg,26,SLX1735-269,90058-05-01-02,NS,0.03918481449904917,NS
H_colours,LogReg,26,SLX1735-269,92052-02-02-00,NS,0.2731851710868741,NS
H_colours,LogReg,26,SLX1735-269,96429-01-02-02,NS,0.6524461365314627,BH
H_colours,LogReg,26,SLX1735-269,96429-01-03-01,NS,0.5446719039652507,BH
H_colours,LogReg,26,SLX1735-269,96429-01-05-00,NS,0.4728535964459002,NS
H_colours,LogReg,26,SLX1735-269,96429-01-06-01,NS,0.7784056582240605,BH
H_colours,LogReg,26,SLX1735-269,96429-01-07-01,NS,0.6487609165900421,BH
H_colours,LogReg,26,SLX1735-269,96429-01-08-03,NS,0.6167092496042714,BH
H_colours,LogReg,27,XTEJ1118+480,50407-01-07-01,BH,0.47071781339338875,NS
H_colours,LogReg,27,XTEJ1118+480,50407-01-09-00,BH,0.4656163430387089,NS
H_colours,LogReg,27,XTEJ1118+480,50407-01-10-01,BH,0.5027770576536337,BH
H_colours,LogReg,27,XTEJ1118+480,50133-01-05-00,BH,0.49997847731361417,NS
H_colours,LogReg,27,XTEJ1118+480,50407-01-13-02,BH,0.4756144302884368,NS
H_colours,LogReg,27,XTEJ1118+480,50133-01-04-01,BH,0.43844819613166114,NS
H_colours,LogReg,27,XTEJ1118+480,50407-01-14-02,BH,0.2771053120840163,NS
H_colours,LogReg,27,XTEJ1118+480,50407-01-16-00,BH,0.23699262870350052,NS
H_colours,LogReg,27,XTEJ1118+480,90011-01-01-08,BH,0.4286624056099225,NS
H_colours,LogReg,27,XTEJ1118+480,90011-01-01-10,BH,0.9476733965952098,BH
H_colours,LogReg,27,XTEJ1118+480,90011-01-01-05,BH,0.4174113688078337,NS
H_colours,LogReg,27,XTEJ1118+480,90111-01-02-06,BH,0.21799507229768986,NS
H_colours,LogReg,27,XTEJ1118+480,90111-01-02-15,BH,0.38137223878120174,NS
H_colours,LogReg,27,XTEJ1118+480,90111-01-02-07,BH,0.21741812276365483,NS
H_colours,LogReg,27,XTEJ1118+480,90111-01-03-02,BH,0.19661322022811528,NS
H_colours,LogReg,28,XTEJ1550-564,50135-01-02-00,BH,0.6441260655220022,BH
H_colours,LogReg,28,XTEJ1550-564,50135-01-08-00,BH,0.5881901249958802,BH
H_colours,LogReg,28,XTEJ1550-564,50135-01-15-00,BH,0.3992875067208837,NS
H_colours,LogReg,28,XTEJ1550-564,50135-01-19-00,BH,0.5790761647554087,BH
H_colours,LogReg,28,XTEJ1550-564,50135-01-23-00,BH,0.5343976165110975,BH
H_colours,LogReg,28,XTEJ1550-564,50137-02-09-00,BH,0.5293877404630385,BH
H_colours,LogReg,28,XTEJ1550-564,60428-01-03-00,BH,0.5297235180805429,BH
H_colours,LogReg,28,XTEJ1550-564,60428-01-05-00,BH,0.5009448277851856,BH
H_colours,LogReg,28,XTEJ1550-564,60428-01-09-00,BH,0.5350572115648122,BH
H_colours,LogReg,28,XTEJ1550-564,60428-01-15-00,BH,0.5947758407265846,BH
H_colours,LogReg,28,XTEJ1550-564,80135-01-01-01,BH,0.5320709712191201,BH
H_colours,LogReg,28,XTEJ1550-564,80135-01-02-01,BH,0.5829324831515645,BH
H_colours,LogReg,28,XTEJ1550-564,80135-01-03-10,BH,0.6174203309028982,BH
H_colours,LogReg,28,XTEJ1550-564,80135-01-04-02,BH,0.5795274227551324,BH
H_colours,LogReg,28,XTEJ1550-564,80135-01-05-10,BH,0.5293631778618795,BH
H_colours,LogReg,29,XTEJ1650-500,60113-01-06-00,BH,0.729750615473683,BH
H_colours,LogReg,29,XTEJ1650-500,60113-01-09-00,BH,0.8073099006825483,BH
H_colours,LogReg,29,XTEJ1650-500,60113-01-11-01,BH,0.8375118017291175,BH
H_colours,LogReg,29,XTEJ1650-500,60113-01-15-00,BH,0.990527239002287,BH
H_colours,LogReg,29,XTEJ1650-500,60113-01-23-00,BH,0.9934535683450422,BH
H_colours,LogReg,29,XTEJ1650-500,60113-01-27-00,BH,0.9998483739688792,BH
H_colours,LogReg,29,XTEJ1650-500,60113-01-29-02,BH,0.999964174519972,BH
H_colours,LogReg,29,XTEJ1650-500,60113-01-34-00,BH,0.9489388712459226,BH
H_colours,LogReg,29,XTEJ1650-500,60113-01-36-00,BH,0.999621284736534,BH
H_colours,LogReg,29,XTEJ1650-500,60113-01-38-00,BH,0.9998481683826573,BH
H_colours,LogReg,29,XTEJ1650-500,60118-02-08-00,BH,0.9917226218256437,BH
H_colours,LogReg,29,XTEJ1650-500,60118-02-14-00,BH,0.8184118281600198,BH
H_colours,LogReg,29,XTEJ1650-500,60118-02-20-00,BH,0.2640717972665763,NS
H_colours,LogReg,29,XTEJ1650-500,60118-02-28-00,BH,0.7088463659137184,BH
H_colours,LogReg,29,XTEJ1650-500,70124-01-02-00,BH,0.6240077834318927,BH
H_colours,LogReg,30,XTEJ1814-338,80138-04-02-00,NS,0.4203666055119938,NS
H_colours,LogReg,30,XTEJ1814-338,80145-02-01-01,NS,0.3782537307979548,NS
H_colours,LogReg,30,XTEJ1814-338,80418-01-01-07,NS,0.3878110248684167,NS
H_colours,LogReg,30,XTEJ1814-338,80418-01-02-00,NS,0.4283256130431151,NS
H_colours,LogReg,30,XTEJ1814-338,80418-01-02-08,NS,0.47041517190796234,NS
H_colours,LogReg,30,XTEJ1814-338,80418-01-02-05,NS,0.44793570387879844,NS
H_colours,LogReg,30,XTEJ1814-338,80418-01-03-02,NS,0.49395263161762093,NS
H_colours,LogReg,30,XTEJ1814-338,80418-01-03-08,NS,0.49491492268602066,NS
H_colours,LogReg,30,XTEJ1814-338,80418-01-04-03,NS,0.4558170318258124,NS
H_colours,LogReg,30,XTEJ1814-338,80418-01-05-00,NS,0.5377216494199765,BH
H_colours,LogReg,30,XTEJ1814-338,80418-01-05-08,NS,0.43191894791458546,NS
H_colours,LogReg,30,XTEJ1814-338,80418-01-06-00,NS,0.6408848577142844,BH
H_colours,LogReg,30,XTEJ1814-338,80418-01-06-02,NS,0.7033460399489133,BH
H_colours,LogReg,30,XTEJ1814-338,80418-01-06-06,NS,0.41097400219592994,NS
H_colours,LogReg,30,XTEJ1814-338,80418-01-07-06,NS,0.34386496083369844,NS
H_colours,RandomForest,0,4U1254-690,60044-01-01-02,NS,0.025811955489095637,NS
H_colours,RandomForest,0,4U1254-690,60044-01-01-00,NS,0.1582306364427293,NS
H_colours,RandomForest,0,4U1254-690,60044-01-01-03,NS,0.0,NS
H_colours,RandomForest,0,4U1254-690,60044-01-01-05,NS,0.0,NS
H_colours,RandomForest,0,4U1254-690,60044-01-02-100,NS,0.0,NS
H_colours,RandomForest,0,4U1254-690,60044-01-02-000,NS,0.0,NS
H_colours,RandomForest,0,4U1254-690,90036-01-01-01,NS,0.3094212932229507,NS
H_colours,RandomForest,0,4U1254-690,90036-01-01-03,NS,0.0,NS
H_colours,RandomForest,0,4U1254-690,93406-13-01-00,NS,0.0049832689832689835,NS
H_colours,RandomForest,0,4U1254-690,95324-01-01-010,NS,0.0,NS
H_colours,RandomForest,0,4U1254-690,95324-01-01-000,NS,0.0015238095238095236,NS
H_colours,RandomForest,0,4U1254-690,95324-01-01-00,NS,0.0,NS
H_colours,RandomForest,0,4U1254-690,95324-01-02-000,NS,0.0,NS
H_colours,RandomForest,0,4U1254-690,95324-01-02-00,NS,0.014944897678641595,NS
H_colours,RandomForest,0,4U1254-690,95324-01-02-01,NS,0.0060952380952380945,NS
H_colours,RandomForest,1,4U1323-619,70050-03-01-01,NS,0.005839363888144376,NS
H_colours,RandomForest,1,4U1323-619,70050-03-01-02,NS,0.22922240709423253,NS
H_colours,RandomForest,1,4U1323-619,90062-03-01-02,NS,0.21364739815152087,NS
H_colours,RandomForest,1,4U1323-619,90062-03-01-01,NS,0.27159047612320497,NS
H_colours,RandomForest,1,4U1323-619,95442-01-01-01,NS,0.07800068418714583,NS
H_colours,RandomForest,1,4U1323-619,95442-01-01-02,NS,0.21654106613886207,NS
H_colours,RandomForest,1,4U1323-619,96405-01-01-00,NS,0.014169586145240437,NS
H_colours,RandomForest,1,4U1323-619,96405-01-01-01,NS,0.1574439807462831,NS
H_colours,RandomForest,1,4U1323-619,96405-01-02-00,NS,0.03937636204170601,NS
H_colours,RandomForest,1,4U1323-619,96405-01-02-01,NS,0.023206073940348924,NS
H_colours,RandomForest,1,4U1323-619,96405-01-04-00,NS,0.22801069039389407,NS
H_colours,RandomForest,1,4U1323-619,96405-01-05-00,NS,0.05757452746131992,NS
H_colours,RandomForest,1,4U1323-619,96405-01-05-01,NS,0.42598999183331726,NS
H_colours,RandomForest,1,4U1323-619,96405-01-05-02,NS,0.019602880602925133,NS
H_colours,RandomForest,1,4U1323-619,96405-01-05-03,NS,0.20443435571404747,NS
H_colours,RandomForest,2,4U1543-47,70133-01-01-00,BH,0.9616527005222161,BH
H_colours,RandomForest,2,4U1543-47,70132-01-01-02G,BH,0.889860815725028,BH
H_colours,RandomForest,2,4U1543-47,70133-01-14-00,BH,0.9594254277949433,BH
H_colours,RandomForest,2,4U1543-47,70132-01-02-00,BH,0.9841472269144974,BH
H_colours,RandomForest,2,4U1543-47,70133-01-10-00,BH,0.9596527005222161,BH
H_colours,RandomForest,2,4U1543-47,70133-01-19-00,BH,0.9882251959536411,BH
H_colours,RandomForest,2,4U1543-47,70133-01-22-00,BH,0.9843749666899366,BH
H_colours,RandomForest,2,4U1543-47,70133-01-24-00,BH,0.9929640204932763,BH
H_colours,RandomForest,2,4U1543-47,70133-01-27-01,BH,0.9570596914022111,BH
H_colours,RandomForest,2,4U1543-47,70133-01-28-00,BH,0.9814011598443638,BH
H_colours,RandomForest,2,4U1543-47,70133-01-31-01,BH,0.7746988506578019,BH
H_colours,RandomForest,2,4U1543-47,70128-01-01-01,BH,0.7236523699629556,BH
H_colours,RandomForest,2,4U1543-47,70124-02-09-00,BH,0.44396786974403746,NS
H_colours,RandomForest,2,4U1543-47,70124-02-10-00,BH,0.8573010394054917,BH
H_colours,RandomForest,2,4U1543-47,70124-02-14-00,BH,0.5123791728029155,BH
H_colours,RandomForest,3,4U1608-52,60052-02-03-00,NS,0.01353767634756808,NS
H_colours,RandomForest,3,4U1608-52,70059-01-01-00G,NS,0.16834112902205056,NS
H_colours,RandomForest,3,4U1608-52,70058-01-32-00,NS,0.06778312398255018,NS
H_colours,RandomForest,3,4U1608-52,70069-01-04-03,NS,0.0212629458395077,NS
H_colours,RandomForest,3,4U1608-52,90408-01-01-03,NS,0.0,NS
H_colours,RandomForest,3,4U1608-52,90408-01-03-03,NS,0.1808515371100024,NS
H_colours,RandomForest,3,4U1608-52,93408-01-14-00,NS,0.5125354077095413,BH
H_colours,RandomForest,3,4U1608-52,93408-01-17-01,NS,0.08704089999594311,NS
H_colours,RandomForest,3,4U1608-52,93408-01-22-01,NS,0.029733374289679426,NS
H_colours,RandomForest,3,4U1608-52,93408-01-27-03,NS,0.6892772334744948,BH
H_colours,RandomForest,3,4U1608-52,93408-01-55-01,NS,0.06397625750941269,NS
H_colours,RandomForest,3,4U1608-52,94401-01-03-02,NS,0.008805846773633245,NS
H_colours,RandomForest,3,4U1608-52,94401-01-38-02,NS,0.42580829326172137,NS
H_colours,RandomForest,3,4U1608-52,96423-01-03-00,NS,0.012005679715033388,NS
H_colours,RandomForest,3,4U1608-52,96423-01-21-03,NS,0.20425925368855455,NS
H_colours,RandomForest,4,4U1636-53,50030-02-04-00,NS,0.0,NS
H_colours,RandomForest,4,4U1636-53,60032-01-20-000,NS,0.0,NS
H_colours,RandomForest,4,4U1636-53,91024-01-74-00,NS,0.20137699690329325,NS
H_colours,RandomForest,4,4U1636-53,91024-01-12-10,NS,0.011464914897172964,NS
H_colours,RandomForest,4,4U1636-53,92023-01-50-00,NS,0.1146521146032949,NS
H_colours,RandomForest,4,4U1636-53,92023-01-79-10,NS,0.11464939973417912,NS
H_colours,RandomForest,4,4U1636-53,93087-01-27-00,NS,0.0,NS
H_colours,RandomForest,4,4U1636-53,93087-01-80-00,NS,0.23593668581787483,NS
H_colours,RandomForest,4,4U1636-53,93087-01-33-20,NS,0.0,NS
H_colours,RandomForest,4,4U1636-53,94087-01-16-00,NS,0.10743923155970482,NS
H_colours,RandomForest,4,4U1636-53,94087-01-25-10,NS,0.1146521146032949,NS
H_colours,RandomForest,4,4U1636-53,94087-01-44-10,NS,0.001855072463768116,NS
H_colours,RandomForest,4,4U1636-53,95087-01-47-10,NS,0.23518465679780096,NS
H_colours,RandomForest,4,4U1636-53,96087-01-52-00,NS,0.14849472631804703,NS
H_colours,RandomForest,4,4U1636-53,96087-01-11-10,NS,0.12439424439912239,NS
H_colours,RandomForest,5,4U1702-429,50029-27-01-000,NS,0.10816947805772659,NS
H_colours,RandomForest,5,4U1702-429,50030-01-04-00,NS,0.07590620601522315,NS
H_colours,RandomForest,5,4U1702-429,50030-01-09-03,NS,0.0035238095238095237,NS
H_colours,RandomForest,5,4U1702-429,80033-01-01-01,NS,0.04553437285299324,NS
H_colours,RandomForest,5,4U1702-429,80033-01-02-000,NS,0.0,NS
H_colours,RandomForest,5,4U1702-429,80033-01-04-03,NS,0.0,NS
H_colours,RandomForest,5,4U1702-429,80033-01-08-00G,NS,0.07134991970849716,NS
H_colours,RandomForest,5,4U1702-429,80033-01-10-04G,NS,0.007064860008256234,NS
H_colours,RandomForest,5,4U1702-429,80033-01-11-02,NS,0.0,NS
H_colours,RandomForest,5,4U1702-429,80033-01-12-02,NS,0.06236665072522821,NS
H_colours,RandomForest,5,4U1702-429,80033-01-16-05,NS,0.0,NS
H_colours,RandomForest,5,4U1702-429,80033-01-18-02,NS,0.03577113197625864,NS
H_colours,RandomForest,5,4U1702-429,80033-01-20-01,NS,0.22743705965477182,NS
H_colours,RandomForest,5,4U1702-429,80033-01-21-03,NS,0.14896589741393476,NS
H_colours,RandomForest,5,4U1702-429,94415-01-01-00,NS,0.12480950000498978,NS
H_colours,RandomForest,6,4U1705-44,91039-01-01-61,NS,0.14507987219924104,NS
H_colours,RandomForest,6,4U1705-44,90170-01-01-00,NS,0.0,NS
H_colours,RandomForest,6,4U1705-44,93060-01-05-00,NS,0.13021382219080174,NS
H_colours,RandomForest,6,4U1705-44,93060-01-50-00,NS,0.09814463697413825,NS
H_colours,RandomForest,6,4U1705-44,93060-01-77-00,NS,0.0,NS
H_colours,RandomForest,6,4U1705-44,93060-01-93-00,NS,0.0030476190476190473,NS
H_colours,RandomForest,6,4U1705-44,93060-01-45-00,NS,0.04183980945641748,NS
H_colours,RandomForest,6,4U1705-44,94060-01-23-00,NS,0.007863190471886125,NS
H_colours,RandomForest,6,4U1705-44,94060-01-46-00,NS,0.0,NS
H_colours,RandomForest,6,4U1705-44,94060-01-55-00,NS,0.0387703330249238,NS
H_colours,RandomForest,6,4U1705-44,95060-01-35-00,NS,0.25366488519506375,NS
H_colours,RandomForest,6,4U1705-44,95060-01-66-00,NS,0.001855072463768116,NS
H_colours,RandomForest,6,4U1705-44,95060-01-78-00,NS,0.001855072463768116,NS
H_colours,RandomForest,6,4U1705-44,96060-01-40-00,NS,0.010954622329275429,NS
H_colours,RandomForest,6,4U1705-44,96060-01-73-00,NS,0.0,NS
H_colours,RandomForest,7,4U1724-307,60034-02-01-01,NS,0.07717971180008895,NS
H_colours,RandomForest,7,4U1724-307,50060-05-01-07,NS,0.004278388278388278,NS
H_colours,RandomForest,7,4U1724-307,50060-05-01-05,NS,0.1355773355604517,NS
H_colours,RandomForest,7,4U1724-307,60034-02-02-02,NS,0.12607514386340188,NS
H_colours,RandomForest,7,4U1724-307,60034-02-03-10,NS,0.0367428983307196,NS
H_colours,RandomForest,7,4U1724-307,60034-02-05-01,NS,0.2794374471556235,NS
H_colours,RandomForest,7,4U1724-307,80105-10-01-00,NS,0.34348988825835436,NS
H_colours,RandomForest,7,4U1724-307,80138-06-03-00,NS,0.0,NS
H_colours,RandomForest,7,4U1724-307,90058-06-03-00,NS,0.08700632633756504,NS
H_colours,RandomForest,7,4U1724-307,91050-07-01-00,NS,0.22725311728853279,NS
H_colours,RandomForest,7,4U1724-307,93044-06-04-00,NS,0.04009614244702544,NS
H_colours,RandomForest,7,4U1724-307,93044-06-07-00,NS,0.4716876706035917,NS
H_colours,RandomForest,7,4U1724-307,93438-01-02-03,NS,0.21485461333865466,NS
H_colours,RandomForest,7,4U1724-307,93438-01-04-00,NS,0.21419907450567707,NS
H_colours,RandomForest,7,4U1724-307,93438-01-07-01,NS,0.289503931933109,NS
H_colours,RandomForest,8,4U1728-34,50023-01-29-00,NS,0.01696689445072556,NS
H_colours,RandomForest,8,4U1728-34,50030-03-05-03,NS,0.08371184913994945,NS
H_colours,RandomForest,8,4U1728-34,70028-01-01-08,NS,0.25991756628192764,NS
H_colours,RandomForest,8,4U1728-34,70028-01-01-05,NS,0.12265539956032087,NS
H_colours,RandomForest,8,4U1728-34,92023-03-08-00,NS,0.0015238095238095236,NS
H_colours,RandomForest,8,4U1728-34,92023-03-37-00,NS,0.25636276503165806,NS
H_colours,RandomForest,8,4U1728-34,92023-03-76-00,NS,0.010076936995987515,NS
H_colours,RandomForest,8,4U1728-34,92023-03-98-00,NS,0.37415063047452973,NS
H_colours,RandomForest,8,4U1728-34,92023-03-19-10,NS,0.00172972972972973,NS
H_colours,RandomForest,8,4U1728-34,92023-03-30-10,NS,0.016433290645826496,NS
H_colours,RandomForest,8,4U1728-34,92023-03-44-00,NS,0.820145975834741,BH
H_colours,RandomForest,8,4U1728-34,92023-03-49-00,NS,0.0773406307358974,NS
H_colours,RandomForest,8,4U1728-34,92023-03-70-00,NS,0.4555195267284683,NS
H_colours,RandomForest,8,4U1728-34,95337-01-02-00,NS,0.0,NS
H_colours,RandomForest,8,4U1728-34,96322-01-01-05,NS,0.0,NS
H_colours,RandomForest,9,4U1735-44,50025-02-01-01,NS,0.017455727342519798,NS
H_colours,RandomForest,9,4U1735-44,50026-01-01-00,NS,0.007531927531927531,NS
H_colours,RandomForest,9,4U1735-44,91152-06-01-10,NS,0.007531927531927531,NS
H_colours,RandomForest,9,4U1735-44,91025-01-01-04,NS,0.002,NS
H_colours,RandomForest,9,4U1735-44,91025-01-04-04,NS,0.0,NS
H_colours,RandomForest,9,4U1735-44,91025-01-04-06,NS,0.014436022412364653,NS
H_colours,RandomForest,9,4U1735-44,91025-01-05-01,NS,0.0,NS
H_colours,RandomForest,9,4U1735-44,91025-01-08-07,NS,0.02096283455316047,NS
H_colours,RandomForest,9,4U1735-44,91025-01-09-12,NS,0.029900064896887405,NS
H_colours,RandomForest,9,4U1735-44,91025-01-09-10,NS,0.0,NS
H_colours,RandomForest,9,4U1735-44,91025-01-13-03,NS,0.008034480591316792,NS
H_colours,RandomForest,9,4U1735-44,91025-01-13-08,NS,0.0010322580645161293,NS
H_colours,RandomForest,9,4U1735-44,93200-01-03-01,NS,0.0010322580645161293,NS
H_colours,RandomForest,9,4U1735-44,96325-01-01-04,NS,0.0,NS
H_colours,RandomForest,9,4U1735-44,96331-01-02-01,NS,0.0030476190476190473,NS
H_colours,RandomForest,10,4U1746-371,60044-02-01-10,NS,0.0,NS
H_colours,RandomForest,10,4U1746-371,60044-02-01-05,NS,0.01802952185430283,NS
H_colours,RandomForest,10,4U1746-371,60044-02-01-07,NS,0.0,NS
H_colours,RandomForest,10,4U1746-371,60044-02-01-06,NS,0.00372972972972973,NS
H_colours,RandomForest,10,4U1746-371,60044-02-02-00,NS,0.01734339947155626,NS
H_colours,RandomForest,10,4U1746-371,60044-02-02-010,NS,0.0,NS
H_colours,RandomForest,10,4U1746-371,60044-02-02-09,NS,0.00172972972972973,NS
H_colours,RandomForest,10,4U1746-371,60044-02-02-10,NS,0.0104346878042239,NS
H_colours,RandomForest,10,4U1746-371,70050-01-01-03,NS,0.00372972972972973,NS
H_colours,RandomForest,10,4U1746-371,70050-01-01-06,NS,0.01802952185430283,NS
H_colours,RandomForest,10,4U1746-371,70050-01-01-00,NS,0.0,NS
H_colours,RandomForest,10,4U1746-371,70050-01-01-08,NS,0.0,NS
H_colours,RandomForest,10,4U1746-371,90044-01-02-01,NS,0.0010322580645161293,NS
H_colours,RandomForest,10,4U1746-371,90044-01-04-000,NS,0.003085841694537347,NS
H_colours,RandomForest,10,4U1746-371,90044-01-04-00,NS,0.6108959402114719,BH
H_colours,RandomForest,11,4U1820-30,40017-01-21-02,NS,0.0,NS
H_colours,RandomForest,11,4U1820-30,60030-01-02-01,NS,0.0,NS
H_colours,RandomForest,11,4U1820-30,70030-03-03-00,NS,0.012390867334263561,NS
H_colours,RandomForest,11,4U1820-30,70030-03-05-00,NS,0.2187322720456094,NS
H_colours,RandomForest,11,4U1820-30,90027-01-01-06,NS,0.018686496573289028,NS
H_colours,RandomForest,11,4U1820-30,90027-01-03-00,NS,0.05032862117549608,NS
H_colours,RandomForest,11,4U1820-30,90027-01-04-04,NS,0.00372972972972973,NS
H_colours,RandomForest,11,4U1820-30,92030-02-02-00,NS,0.012390867334263561,NS
H_colours,RandomForest,11,4U1820-30,91152-04-01-00,NS,0.0,NS
H_colours,RandomForest,11,4U1820-30,92030-02-05-00,NS,0.0,NS
H_colours,RandomForest,11,4U1820-30,94090-01-01-00,NS,0.07902593299255463,NS
H_colours,RandomForest,11,4U1820-30,94090-01-02-01,NS,0.03144242439809879,NS
H_colours,RandomForest,11,4U1820-30,92030-02-12-00,NS,0.019526179986817594,NS
H_colours,RandomForest,11,4U1820-30,96090-01-01-020,NS,0.019111313017546813,NS
H_colours,RandomForest,11,4U1820-30,96324-01-02-01,NS,0.0015238095238095236,NS
H_colours,RandomForest,12,4U1915-05,50026-03-01-00,NS,0.11211070446112312,NS
H_colours,RandomForest,12,4U1915-05,50026-03-01-01,NS,0.011543557722207175,NS
H_colours,RandomForest,12,4U1915-05,70034-02-01-01,NS,0.06627801687327793,NS
H_colours,RandomForest,12,4U1915-05,70034-02-01-00,NS,0.24086685995713253,NS
H_colours,RandomForest,12,4U1915-05,70034-02-02-01,NS,0.041590685777944045,NS
H_colours,RandomForest,12,4U1915-05,70034-02-02-00,NS,0.17046332850526347,NS
H_colours,RandomForest,13,AQLX1,50049-02-06-01,NS,0.017445378977293872,NS
H_colours,RandomForest,13,AQLX1,50049-02-15-06,NS,0.2407905761173455,NS
H_colours,RandomForest,13,AQLX1,60054-02-03-03,NS,0.0,NS
H_colours,RandomForest,13,AQLX1,70069-03-01-00,NS,0.3425655549117289,NS
H_colours,RandomForest,13,AQLX1,80403-01-03-00,NS,0.7771992231650056,BH
H_colours,RandomForest,13,AQLX1,90017-11-06-00,NS,0.4969037149621499,NS
H_colours,RandomForest,13,AQLX1,91028-01-29-00,NS,0.5572111932354302,BH
H_colours,RandomForest,13,AQLX1,92034-01-02-00,NS,0.6912949862357362,BH
H_colours,RandomForest,13,AQLX1,93076-01-02-00,NS,0.47354334739116166,NS
H_colours,RandomForest,13,AQLX1,92438-01-02-02,NS,0.6774151352875226,BH
H_colours,RandomForest,13,AQLX1,94076-01-03-04,NS,0.6137358204886506,BH
H_colours,RandomForest,13,AQLX1,94441-01-01-00,NS,0.28632871944513044,NS
H_colours,RandomForest,13,AQLX1,95413-01-02-01,NS,0.11336972058984097,NS
H_colours,RandomForest,13,AQLX1,96440-01-05-02,NS,0.041153022567735335,NS
H_colours,RandomForest,13,AQLX1,96440-01-08-06,NS,0.1554773074686486,NS
H_colours,RandomForest,14,CYGX2,40019-04-05-09,NS,0.08929498579112977,NS
H_colours,RandomForest,14,CYGX2,80018-02-01-00G,NS,0.8976422405127737,BH
H_colours,RandomForest,14,CYGX2,90030-01-23-00,NS,0.7358122530067481,BH
H_colours,RandomForest,14,CYGX2,90030-01-45-00,NS,0.0,NS
H_colours,RandomForest,14,CYGX2,90030-01-55-01,NS,0.0,NS
H_colours,RandomForest,14,CYGX2,91010-01-01-05,NS,0.8874867823163185,BH
H_colours,RandomForest,14,CYGX2,91009-01-28-01,NS,0.5068114290630842,BH
H_colours,RandomForest,14,CYGX2,90030-01-15-00,NS,0.0068708596368170834,NS
H_colours,RandomForest,14,CYGX2,90030-01-09-00,NS,0.019275095065973823,NS
H_colours,RandomForest,14,CYGX2,92039-01-04-01,NS,0.25808054835521854,NS
H_colours,RandomForest,14,CYGX2,92038-01-06-01,NS,0.8674767574654353,BH
H_colours,RandomForest,14,CYGX2,93082-02-02-01,NS,0.01750863202470115,NS
H_colours,RandomForest,14,CYGX2,93443-01-01-09,NS,0.9570487413794473,BH
H_colours,RandomForest,14,CYGX2,95345-01-06-00,NS,0.8664372564259343,BH
H_colours,RandomForest,14,CYGX2,95345-01-40-00,NS,0.008541415573673638,NS
H_colours,RandomForest,15,EXO0748-676,50045-06-05-00,NS,0.06830403155941069,NS
H_colours,RandomForest,15,EXO0748-676,70048-03-02-00,NS,0.34392255147234135,NS
H_colours,RandomForest,15,EXO0748-676,60042-03-01-00,NS,0.32392901973560123,NS
H_colours,RandomForest,15,EXO0748-676,70047-02-01-03,NS,0.3506675849414978,NS
H_colours,RandomForest,15,EXO0748-676,70048-13-12-00,NS,0.34866034196651285,NS
H_colours,RandomForest,15,EXO0748-676,80040-01-09-01,NS,0.30036458559264756,NS
H_colours,RandomForest,15,EXO0748-676,90039-01-03-02,NS,0.06165369369600575,NS
H_colours,RandomForest,15,EXO0748-676,90039-01-04-01,NS,0.3863036741782458,NS
H_colours,RandomForest,15,EXO0748-676,91035-01-04-09,NS,0.2607495060783676,NS
H_colours,RandomForest,15,EXO0748-676,92019-01-05-02,NS,0.0693283866799644,NS
H_colours,RandomForest,15,EXO0748-676,92019-01-06-03,NS,0.14375063562926624,NS
H_colours,RandomForest,15,EXO0748-676,92019-01-16-00,NS,0.17744900059655427,NS
H_colours,RandomForest,15,EXO0748-676,92019-01-18-01,NS,0.041102098071238165,NS
H_colours,RandomForest,15,EXO0748-676,92019-01-26-01,NS,0.49490057604196486,NS
H_colours,RandomForest,15,EXO0748-676,92040-03-01-00,NS,0.417845488702744,NS
H_colours,RandomForest,16,GROJ1655-40,90428-01-01-07,BH,0.9745827087103207,BH
H_colours,RandomForest,16,GROJ1655-40,91702-01-02-03,BH,0.9933220338983051,BH
H_colours,RandomForest,16,GROJ1655-40,91702-01-22-00,BH,0.7443626186834816,BH
H_colours,RandomForest,16,GROJ1655-40,91702-01-22-03,BH,0.7277409088315993,BH
H_colours,RandomForest,16,GROJ1655-40,91702-01-43-00,BH,0.7277409088315993,BH
H_colours,RandomForest,16,GROJ1655-40,91702-01-51-02,BH,0.7277409088315993,BH
H_colours,RandomForest,16,GROJ1655-40,91702-01-56-03,BH,0.8029099588920817,BH
H_colours,RandomForest,16,GROJ1655-40,91702-01-66-05,BH,0.9642603524588582,BH
H_colours,RandomForest,16,GROJ1655-40,91702-01-78-00,BH,0.991471354806983,BH
H_colours,RandomForest,16,GROJ1655-40,91702-01-01-13,BH,0.8966736778651815,BH
H_colours,RandomForest,16,GROJ1655-40,91702-01-17-11,BH,0.9693149560281182,BH
H_colours,RandomForest,16,GROJ1655-40,91702-01-39-10,BH,0.9922359045313041,BH
H_colours,RandomForest,16,GROJ1655-40,91702-01-48-10,BH,0.9934489923433794,BH
H_colours,RandomForest,16,GROJ1655-40,91702-01-81-00,BH,0.6049307891873607,BH
H_colours,RandomForest,16,GROJ1655-40,91702-01-86-04,BH,0.9328177889032188,BH
H_colours,RandomForest,17,GRS1915+105,50703-01-11-00,BH,0.3224401038650145,NS
H_colours,RandomForest,17,GRS1915+105,50703-01-62-01,BH,0.06239260386962398,NS
H_colours,RandomForest,17,GRS1915+105,60701-01-13-03,BH,0.0017727272727272728,NS
H_colours,RandomForest,17,GRS1915+105,70702-01-02-00,BH,0.05789399019791467,NS
H_colours,RandomForest,17,GRS1915+105,70702-01-21-01,BH,0.19994405002340782,NS
H_colours,RandomForest,17,GRS1915+105,80127-04-01-02,BH,0.008140074211502783,NS
H_colours,RandomForest,17,GRS1915+105,90701-01-16-00,BH,0.11363603407227478,NS
H_colours,RandomForest,17,GRS1915+105,90701-01-40-00,BH,0.005224472922695329,NS
H_colours,RandomForest,17,GRS1915+105,90024-02-37-00,BH,0.1327653883124936,NS
H_colours,RandomForest,17,GRS1915+105,92702-01-06-00,BH,0.06731508181115552,NS
H_colours,RandomForest,17,GRS1915+105,80701-01-53-00,BH,0.12386794810607407,NS
H_colours,RandomForest,17,GRS1915+105,93701-01-08-00,BH,0.8989396123036686,BH
H_colours,RandomForest,17,GRS1915+105,91701-01-83-00,BH,0.2774463850126107,NS
H_colours,RandomForest,17,GRS1915+105,95701-01-44-00,BH,0.02963492678133051,NS
H_colours,RandomForest,17,GRS1915+105,96701-01-39-00,BH,0.0,NS
H_colours,RandomForest,18,GS1826-238,50035-01-02-00,NS,0.09167876929537729,NS
H_colours,RandomForest,18,GS1826-238,50035-01-03-02,NS,0.1870530827246667,NS
H_colours,RandomForest,18,GS1826-238,50035-01-03-04,NS,0.014279263311521377,NS
H_colours,RandomForest,18,GS1826-238,50035-01-03-090,NS,0.010651305683563747,NS
H_colours,RandomForest,18,GS1826-238,80048-01-01-09,NS,0.004079877112135176,NS
H_colours,RandomForest,18,GS1826-238,80048-01-01-14,NS,0.005373197373197374,NS
H_colours,RandomForest,18,GS1826-238,80049-01-01-00,NS,0.019635283635283638,NS
H_colours,RandomForest,18,GS1826-238,90043-01-01-02,NS,0.02708009108009108,NS
H_colours,RandomForest,18,GS1826-238,70044-01-03-00,NS,0.1408766807728889,NS
H_colours,RandomForest,18,GS1826-238,92703-01-04-02,NS,0.04600154019199336,NS
H_colours,RandomForest,18,GS1826-238,70044-01-04-00,NS,0.012162041654937327,NS
H_colours,RandomForest,18,GS1826-238,91017-01-02-05,NS,0.0056036866359447,NS
H_colours,RandomForest,18,GS1826-238,91017-01-02-03,NS,0.018832656832656832,NS
H_colours,RandomForest,18,GS1826-238,91017-01-02-10,NS,0.020977039561389504,NS
H_colours,RandomForest,18,GS1826-238,96306-01-01-01,NS,0.07327567557100721,NS
H_colours,RandomForest,19,GX17+2,70023-01-01-01,NS,0.0015238095238095236,NS
H_colours,RandomForest,19,GX17+2,80022-01-01-09,NS,0.0,NS
H_colours,RandomForest,19,GX17+2,80022-01-01-03,NS,0.016475488027579907,NS
H_colours,RandomForest,19,GX17+2,80022-01-01-02,NS,0.0,NS
H_colours,RandomForest,19,GX17+2,80022-01-03-01,NS,0.0,NS
H_colours,RandomForest,19,GX17+2,90022-07-03-00,NS,0.01590713236776997,NS
H_colours,RandomForest,19,GX17+2,90022-07-04-02,NS,0.019184746773841042,NS
H_colours,RandomForest,19,GX17+2,92042-01-02-00G,NS,0.4328571249600437,NS
H_colours,RandomForest,19,GX17+2,92042-01-05-01,NS,0.0,NS
H_colours,RandomForest,19,GX17+2,93406-11-01-00,NS,0.12664339794324395,NS
H_colours,RandomForest,19,GX17+2,93439-01-05-01,NS,0.0,NS
H_colours,RandomForest,19,GX17+2,93439-01-06-00,NS,0.012938089996913526,NS
H_colours,RandomForest,19,GX17+2,95318-01-02-01,NS,0.42051564050341206,NS
H_colours,RandomForest,19,GX17+2,96310-01-01-000,NS,0.0,NS
H_colours,RandomForest,19,GX17+2,96310-01-01-02,NS,0.006079877112135176,NS
H_colours,RandomForest,20,GX3+1,60022-01-01-01,NS,0.0,NS
H_colours,RandomForest,20,GX3+1,60022-01-02-01,NS,0.2149556813651393,NS
H_colours,RandomForest,20,GX3+1,60022-01-04-03,NS,0.08550016693962845,NS
H_colours,RandomForest,20,GX3+1,60022-01-04-04,NS,0.0018113207547169811,NS
H_colours,RandomForest,20,GX3+1,60022-01-05-01,NS,0.0,NS
H_colours,RandomForest,20,GX3+1,60022-01-06-05,NS,0.007788633155949498,NS
H_colours,RandomForest,20,GX3+1,60022-01-06-13,NS,0.022524273843017903,NS
H_colours,RandomForest,20,GX3+1,60022-01-07-02,NS,0.0,NS
H_colours,RandomForest,20,GX3+1,60022-01-08-03,NS,0.0,NS
H_colours,RandomForest,20,GX3+1,60022-01-10-03,NS,0.1388052256073662,NS
H_colours,RandomForest,20,GX3+1,60022-01-10-04,NS,0.22861397569664538,NS
H_colours,RandomForest,20,GX3+1,60022-01-13-01,NS,0.22304699262209313,NS
H_colours,RandomForest,20,GX3+1,90022-05-05-00,NS,0.010237666237666239,NS
H_colours,RandomForest,20,GX3+1,90022-05-06-00,NS,0.09151381400987928,NS
H_colours,RandomForest,20,GX3+1,94307-05-01-02,NS,0.0,NS
H_colours,RandomForest,21,GX339-4,40031-03-03-04,BH,0.9807933887052882,BH
H_colours,RandomForest,21,GX339-4,70110-01-54-00,BH,0.9807933887052882,BH
H_colours,RandomForest,21,GX339-4,80102-04-56-00,BH,0.853745702726749,BH
H_colours,RandomForest,21,GX339-4,80132-01-22-00,BH,0.8720994655799063,BH
H_colours,RandomForest,21,GX339-4,90704-01-05-00,BH,0.9855863527826004,BH
H_colours,RandomForest,21,GX339-4,92034-08-01-00,BH,0.8426849338917289,BH
H_colours,RandomForest,21,GX339-4,92035-01-03-03,BH,0.7553987418492232,BH
H_colours,RandomForest,21,GX339-4,92704-03-13-00,BH,0.20915471135025998,NS
H_colours,RandomForest,21,GX339-4,92704-03-22-00,BH,0.01381703268833493,NS
H_colours,RandomForest,21,GX339-4,92704-03-45-01,BH,0.9243563167481023,BH
H_colours,RandomForest,21,GX339-4,93108-01-01-02,BH,0.9107800695342319,BH
H_colours,RandomForest,21,GX339-4,95409-01-02-02,BH,0.961979037625,BH
H_colours,RandomForest,21,GX339-4,95409-01-20-00,BH,0.9797228790848646,BH
H_colours,RandomForest,21,GX339-4,95409-01-29-00,BH,0.9890822358022943,BH
H_colours,RandomForest,21,GX339-4,96409-01-10-02,BH,0.5588972128199234,BH
H_colours,RandomForest,22,HETEJ1900.1-245,91015-01-07-00,NS,0.7275760482499888,BH
H_colours,RandomForest,22,HETEJ1900.1-245,91059-03-03-00,NS,0.5972454674328233,BH
H_colours,RandomForest,22,HETEJ1900.1-245,91057-01-07-04,NS,0.10853080548222482,NS
H_colours,RandomForest,22,HETEJ1900.1-245,92049-01-05-00,NS,0.3387732449574066,NS
H_colours,RandomForest,22,HETEJ1900.1-245,92049-01-07-00,NS,0.1439451214132945,NS
H_colours,RandomForest,22,HETEJ1900.1-245,92049-01-40-00,NS,0.2059148506664811,NS
H_colours,RandomForest,22,HETEJ1900.1-245,92049-01-56-00,NS,0.0,NS
H_colours,RandomForest,22,HETEJ1900.1-245,93030-01-14-00,NS,0.6723494259413,BH
H_colours,RandomForest,22,HETEJ1900.1-245,93030-01-47-00,NS,0.6639192214833374,BH
H_colours,RandomForest,22,HETEJ1900.1-245,94030-01-05-00,NS,0.48277030376988794,NS
H_colours,RandomForest,22,HETEJ1900.1-245,94030-01-27-00,NS,0.02679848238023989,NS
H_colours,RandomForest,22,HETEJ1900.1-245,94030-01-36-00,NS,0.11772335033999248,NS
H_colours,RandomForest,22,HETEJ1900.1-245,95030-01-16-00,NS,0.20162327046450493,NS
H_colours,RandomForest,22,HETEJ1900.1-245,96030-01-01-01,NS,0.2231754560199786,NS
H_colours,RandomForest,22,HETEJ1900.1-245,96030-01-25-00,NS,0.7495227656226675,BH
H_colours,RandomForest,23,KS1731-260,50031-02-01-09,NS,0.30302229866486996,NS
H_colours,RandomForest,23,KS1731-260,50031-02-01-12,NS,0.32592230810870126,NS
H_colours,RandomForest,23,KS1731-260,50031-02-01-02,NS,0.2704004071590391,NS
H_colours,RandomForest,23,KS1731-260,50031-02-01-05,NS,0.4732387704083271,NS
H_colours,RandomForest,23,KS1731-260,50031-02-01-08,NS,0.29328644852944546,NS
H_colours,RandomForest,23,KS1731-260,50031-02-02-06,NS,0.32785581140952086,NS
H_colours,RandomForest,23,KS1731-260,50031-02-02-02,NS,0.6391338112123963,BH
H_colours,RandomForest,23,KS1731-260,50031-02-02-03,NS,0.004571428571428571,NS
H_colours,RandomForest,23,KS1731-260,50031-02-02-080,NS,0.29991526221708265,NS
H_colours,RandomForest,23,KS1731-260,50031-02-03-00,NS,0.09175747344300789,NS
H_colours,RandomForest,23,KS1731-260,50031-02-03-05,NS,0.48148293435788836,NS
H_colours,RandomForest,23,KS1731-260,50031-02-03-04,NS,0.609145481859639,BH
H_colours,RandomForest,23,KS1731-260,50031-02-03-07,NS,0.5664938356588826,BH
H_colours,RandomForest,23,KS1731-260,50031-02-03-08,NS,0.055776419767579695,NS
H_colours,RandomForest,23,KS1731-260,50031-02-03-01,NS,0.6491754306591391,BH
H_colours,RandomForest,24,MXB1658-298,50410-01-01-00,NS,0.18811808521820156,NS
H_colours,RandomForest,24,MXB1658-298,50410-01-04-00,NS,0.012940649482281104,NS
H_colours,RandomForest,24,MXB1658-298,50410-01-05-00,NS,0.039917869342484195,NS
H_colours,RandomForest,24,MXB1658-298,50410-01-08-00,NS,0.5040676065259106,BH
H_colours,RandomForest,24,MXB1658-298,50410-01-09-00,NS,0.5875712843428292,BH
H_colours,RandomForest,24,MXB1658-298,60048-01-02-00,NS,0.15391563445244488,NS
H_colours,RandomForest,24,MXB1658-298,60048-01-04-00,NS,0.0419178693424842,NS
H_colours,RandomForest,24,MXB1658-298,60048-02-01-00,NS,0.012940649482281104,NS
H_colours,RandomForest,24,MXB1658-298,60048-02-03-00,NS,0.07593993949136534,NS
H_colours,RandomForest,24,MXB1658-298,60048-03-01-00,NS,0.012940649482281104,NS
H_colours,RandomForest,24,MXB1658-298,60048-03-02-00,NS,0.07393993949136535,NS
H_colours,RandomForest,24,MXB1658-298,60048-03-05-00,NS,0.018449806991438614,NS
H_colours,RandomForest,24,MXB1658-298,60048-04-01-00,NS,0.017974655974655973,NS
H_colours,RandomForest,24,MXB1658-298,60048-04-03-00,NS,0.019319473319473316,NS
H_colours,RandomForest,24,MXB1658-298,60048-04-05-00,NS,0.061096089429679,NS
H_colours,RandomForest,25,SAXJ1808.4-3658,70080-01-02-04,NS,0.12630965739809483,NS
H_colours,RandomForest,25,SAXJ1808.4-3658,70080-01-02-22,NS,0.2619934517501526,NS
H_colours,RandomForest,25,SAXJ1808.4-3658,70080-01-03-010,NS,0.438712923124476,NS
H_colours,RandomForest,25,SAXJ1808.4-3658,70080-02-01-03,NS,0.43578889664047055,NS
H_colours,RandomForest,25,SAXJ1808.4-3658,70080-02-02-35,NS,0.06112879875019562,NS
H_colours,RandomForest,25,SAXJ1808.4-3658,70080-02-02-12,NS,0.2123082713379363,NS
H_colours,RandomForest,25,SAXJ1808.4-3658,70080-03-13-00,NS,0.4444385815371794,NS
H_colours,RandomForest,25,SAXJ1808.4-3658,70080-03-20-13,NS,0.026356474965170625,NS
H_colours,RandomForest,25,SAXJ1808.4-3658,70080-03-22-00,NS,0.7202836886623052,BH
H_colours,RandomForest,25,SAXJ1808.4-3658,91056-01-03-05,NS,0.40726997511565177,NS
H_colours,RandomForest,25,SAXJ1808.4-3658,91418-01-04-00,NS,0.003936507936507936,NS
H_colours,RandomForest,25,SAXJ1808.4-3658,93027-01-01-03,NS,0.2995254380350819,NS
H_colours,RandomForest,25,SAXJ1808.4-3658,93027-01-05-08,NS,0.6229063792570652,BH
H_colours,RandomForest,25,SAXJ1808.4-3658,96027-01-01-00,NS,0.08965832246017082,NS
H_colours,RandomForest,25,SAXJ1808.4-3658,96027-01-02-00,NS,0.043037501166745415,NS
H_colours,RandomForest,26,SLX1735-269,60034-01-01-00,NS,0.12255888317521972,NS
H_colours,RandomForest,26,SLX1735-269,60034-01-02-02,NS,0.004858939802336028,NS
H_colours,RandomForest,26,SLX1735-269,60034-01-03-01,NS,0.0018113207547169811,NS
H_colours,RandomForest,26,SLX1735-269,80138-03-01-00,NS,0.006426501035196687,NS
H_colours,RandomForest,26,SLX1735-269,80138-03-02-00,NS,0.001855072463768116,NS
H_colours,RandomForest,26,SLX1735-269,80138-03-07-01,NS,0.0,NS
H_colours,RandomForest,26,SLX1735-269,80138-03-07-03,NS,0.010048128991525218,NS
H_colours,RandomForest,26,SLX1735-269,90058-05-01-02,NS,0.010377220264012717,NS
H_colours,RandomForest,26,SLX1735-269,92052-02-02-00,NS,0.06389641374414944,NS
H_colours,RandomForest,26,SLX1735-269,96429-01-02-02,NS,0.20966430893109086,NS
H_colours,RandomForest,26,SLX1735-269,96429-01-03-01,NS,0.216535169345812,NS
H_colours,RandomForest,26,SLX1735-269,96429-01-05-00,NS,0.014045190355902924,NS
H_colours,RandomForest,26,SLX1735-269,96429-01-06-01,NS,0.19923794174680864,NS
H_colours,RandomForest,26,SLX1735-269,96429-01-07-01,NS,0.01965856257761309,NS
H_colours,RandomForest,26,SLX1735-269,96429-01-08-03,NS,0.08132852094981391,NS
H_colours,RandomForest,27,XTEJ1118+480,50407-01-07-01,BH,0.3843476961355514,NS
H_colours,RandomForest,27,XTEJ1118+480,50407-01-09-00,BH,0.331812349039074,NS
H_colours,RandomForest,27,XTEJ1118+480,50407-01-10-01,BH,0.23956233149290393,NS
H_colours,RandomForest,27,XTEJ1118+480,50133-01-05-00,BH,0.42575631270094516,NS
H_colours,RandomForest,27,XTEJ1118+480,50407-01-13-02,BH,0.008203027987110138,NS
H_colours,RandomForest,27,XTEJ1118+480,50133-01-04-01,BH,0.3815861066730007,NS
H_colours,RandomForest,27,XTEJ1118+480,50407-01-14-02,BH,0.04203760593671209,NS
H_colours,RandomForest,27,XTEJ1118+480,50407-01-16-00,BH,0.03567529134112241,NS
H_colours,RandomForest,27,XTEJ1118+480,90011-01-01-08,BH,0.2283935366057779,NS
H_colours,RandomForest,27,XTEJ1118+480,90011-01-01-10,BH,0.885649840708939,BH
H_colours,RandomForest,27,XTEJ1118+480,90011-01-01-05,BH,0.38807202419407305,NS
H_colours,RandomForest,27,XTEJ1118+480,90111-01-02-06,BH,0.1540272004480097,NS
H_colours,RandomForest,27,XTEJ1118+480,90111-01-02-15,BH,0.04824079118706764,NS
H_colours,RandomForest,27,XTEJ1118+480,90111-01-02-07,BH,0.16268192725724046,NS
H_colours,RandomForest,27,XTEJ1118+480,90111-01-03-02,BH,0.17949001433584125,NS
H_colours,RandomForest,28,XTEJ1550-564,50135-01-02-00,BH,0.19314945154333327,NS
H_colours,RandomForest,28,XTEJ1550-564,50135-01-08-00,BH,0.9242855002137098,BH
H_colours,RandomForest,28,XTEJ1550-564,50135-01-15-00,BH,0.17076006469758317,NS
H_colours,RandomForest,28,XTEJ1550-564,50135-01-19-00,BH,0.21020774124551506,NS
H_colours,RandomForest,28,XTEJ1550-564,50135-01-23-00,BH,0.012964153580366573,NS
H_colours,RandomForest,28,XTEJ1550-564,50137-02-09-00,BH,0.760563365927069,BH
H_colours,RandomForest,28,XTEJ1550-564,60428-01-03-00,BH,0.9691630910100641,BH
H_colours,RandomForest,28,XTEJ1550-564,60428-01-05-00,BH,0.908903374962466,BH
H_colours,RandomForest,28,XTEJ1550-564,60428-01-09-00,BH,0.8367227576829999,BH
H_colours,RandomForest,28,XTEJ1550-564,60428-01-15-00,BH,0.19822523753570173,NS
H_colours,RandomForest,28,XTEJ1550-564,80135-01-01-01,BH,0.760563365927069,BH
H_colours,RandomForest,28,XTEJ1550-564,80135-01-02-01,BH,0.7599279299344901,BH
H_colours,RandomForest,28,XTEJ1550-564,80135-01-03-10,BH,0.9441918632174976,BH
H_colours,RandomForest,28,XTEJ1550-564,80135-01-04-02,BH,0.8992123944578111,BH
H_colours,RandomForest,28,XTEJ1550-564,80135-01-05-10,BH,0.7338989359878737,BH
H_colours,RandomForest,29,XTEJ1650-500,60113-01-06-00,BH,0.019715659596278613,NS
H_colours,RandomForest,29,XTEJ1650-500,60113-01-09-00,BH,0.4130902501515786,NS
H_colours,RandomForest,29,XTEJ1650-500,60113-01-11-01,BH,0.4454377754763401,NS
H_colours,RandomForest,29,XTEJ1650-500,60113-01-15-00,BH,0.947645030252075,BH
H_colours,RandomForest,29,XTEJ1650-500,60113-01-23-00,BH,0.9582584733089006,BH
H_colours,RandomForest,29,XTEJ1650-500,60113-01-27-00,BH,0.9907938829074937,BH
H_colours,RandomForest,29,XTEJ1650-500,60113-01-29-02,BH,0.9285506442676339,BH
H_colours,RandomForest,29,XTEJ1650-500,60113-01-34-00,BH,0.9939389811429149,BH
H_colours,RandomForest,29,XTEJ1650-500,60113-01-36-00,BH,0.9969873417721519,BH
H_colours,RandomForest,29,XTEJ1650-500,60113-01-38-00,BH,0.9889513632224544,BH
H_colours,RandomForest,29,XTEJ1650-500,60118-02-08-00,BH,0.9545375961563122,BH
H_colours,RandomForest,29,XTEJ1650-500,60118-02-14-00,BH,0.2825122146958555,NS
H_colours,RandomForest,29,XTEJ1650-500,60118-02-20-00,BH,0.5830677771606129,BH
H_colours,RandomForest,29,XTEJ1650-500,60118-02-28-00,BH,0.44822544711057266,NS
H_colours,RandomForest,29,XTEJ1650-500,70124-01-02-00,BH,0.5457355939751419,BH
H_colours,RandomForest,30,XTEJ1814-338,80138-04-02-00,NS,0.015882074914332977,NS
H_colours,RandomForest,30,XTEJ1814-338,80145-02-01-01,NS,0.19351069284499336,NS
H_colours,RandomForest,30,XTEJ1814-338,80418-01-01-07,NS,0.159777787629706,NS
H_colours,RandomForest,30,XTEJ1814-338,80418-01-02-00,NS,0.4253511938235496,NS
H_colours,RandomForest,30,XTEJ1814-338,80418-01-02-08,NS,0.2029136096277287,NS
H_colours,RandomForest,30,XTEJ1814-338,80418-01-02-05,NS,0.4324228498646706,NS
H_colours,RandomForest,30,XTEJ1814-338,80418-01-03-02,NS,0.6319943409728163,BH
H_colours,RandomForest,30,XTEJ1814-338,80418-01-03-08,NS,0.6133787199955772,BH
H_colours,RandomForest,30,XTEJ1814-338,80418-01-04-03,NS,0.6155864060989971,BH
H_colours,RandomForest,30,XTEJ1814-338,80418-01-05-00,NS,0.7372953106694822,BH
H_colours,RandomForest,30,XTEJ1814-338,80418-01-05-08,NS,0.20500687883127372,NS
H_colours,RandomForest,30,XTEJ1814-338,80418-01-06-00,NS,0.8200526971325827,BH
H_colours,RandomForest,30,XTEJ1814-338,80418-01-06-02,NS,0.6837839204942283,BH
H_colours,RandomForest,30,XTEJ1814-338,80418-01-06-06,NS,0.3580643996355356,NS
H_colours,RandomForest,30,XTEJ1814-338,80418-01-07-06,NS,0.06742896911089041,NS
HI_colours_intensity,LogReg,0,4U1254-690,60044-01-01-02,NS,0.08440853241329557,NS
HI_colours_intensity,LogReg,0,4U1254-690,60044-01-01-00,NS,0.09013539874249338,NS
HI_colours_intensity,LogReg,0,4U1254-690,60044-01-01-03,NS,0.04538840900639765,NS
HI_colours_intensity,LogReg,0,4U1254-690,60044-01-01-05,NS,0.05309882666078256,NS
HI_colours_intensity,LogReg,0,4U1254-690,60044-01-02-100,NS,0.06947462153729662,NS
HI_colours_intensity,LogReg,0,4U1254-690,60044-01-02-000,NS,0.06985675989147223,NS
HI_colours_intensity,LogReg,0,4U1254-690,90036-01-01-01,NS,0.07884741237088178,NS
HI_colours_intensity,LogReg,0,4U1254-690,90036-01-01-03,NS,0.056359890720346126,NS
HI_colours_intensity,LogReg,0,4U1254-690,93406-13-01-00,NS,0.04263338999267253,NS
HI_colours_intensity,LogReg,0,4U1254-690,95324-01-01-010,NS,0.044350132947023904,NS
HI_colours_intensity,LogReg,0,4U1254-690,95324-01-01-000,NS,0.04446235104538645,NS
HI_colours_intensity,LogReg,0,4U1254-690,95324-01-01-00,NS,0.057889348900890196,NS
HI_colours_intensity,LogReg,0,4U1254-690,95324-01-02-000,NS,0.04568466049061912,NS
HI_colours_intensity,LogReg,0,4U1254-690,95324-01-02-00,NS,0.08066487847093702,NS
HI_colours_intensity,LogReg,0,4U1254-690,95324-01-02-01,NS,0.04096478759039983,NS
HI_colours_intensity,LogReg,1,4U1323-619,70050-03-01-01,NS,0.08703536599673314,NS
HI_colours_intensity,LogReg,1,4U1323-619,70050-03-01-02,NS,0.15157664484451996,NS
HI_colours_intensity,LogReg,1,4U1323-619,90062-03-01-02,NS,0.2278702969713172,NS
HI_colours_intensity,LogReg,1,4U1323-619,90062-03-01-01,NS,0.4460806072874935,NS
HI_colours_intensity,LogReg,1,4U1323-619,95442-01-01-01,NS,0.2692906711930026,NS
HI_colours_intensity,LogReg,1,4U1323-619,95442-01-01-02,NS,0.2504476104940833,NS
HI_colours_intensity,LogReg,1,4U1323-619,96405-01-01-00,NS,0.18503108956758066,NS
HI_colours_intensity,LogReg,1,4U1323-619,96405-01-01-01,NS,0.2589171064698774,NS
HI_colours_intensity,LogReg,1,4U1323-619,96405-01-02-00,NS,0.15579144243580406,NS
HI_colours_intensity,LogReg,1,4U1323-619,96405-01-02-01,NS,0.2189386556651886,NS
HI_colours_intensity,LogReg,1,4U1323-619,96405-01-04-00,NS,0.2568166239479334,NS
HI_colours_intensity,LogReg,1,4U1323-619,96405-01-05-00,NS,0.1851383899458222,NS
HI_colours_intensity,LogReg,1,4U1323-619,96405-01-05-01,NS,0.3781691941926925,NS
HI_colours_intensity,LogReg,1,4U1323-619,96405-01-05-02,NS,0.21847188331515077,NS
HI_colours_intensity,LogReg,1,4U1323-619,96405-01-05-03,NS,0.2365825139023578,NS
HI_colours_intensity,LogReg,2,4U1543-47,70133-01-01-00,BH,0.998971881903375,BH
HI_colours_intensity,LogReg,2,4U1543-47,70132-01-01-02G,BH,0.9938237025482423,BH
HI_colours_intensity,LogReg,2,4U1543-47,70133-01-14-00,BH,0.9991812665737729,BH
HI_colours_intensity,LogReg,2,4U1543-47,70132-01-02-00,BH,0.9987409011126461,BH
HI_colours_intensity,LogReg,2,4U1543-47,70133-01-10-00,BH,0.997243951576132,BH
HI_colours_intensity,LogReg,2,4U1543-47,70133-01-19-00,BH,0.999743853839924,BH
HI_colours_intensity,LogReg,2,4U1543-47,70133-01-22-00,BH,0.9995869194379301,BH
HI_colours_intensity,LogReg,2,4U1543-47,70133-01-24-00,BH,0.9997888461406549,BH
HI_colours_intensity,LogReg,2,4U1543-47,70133-01-27-01,BH,0.9997228846877101,BH
HI_colours_intensity,LogReg,2,4U1543-47,70133-01-28-00,BH,0.9986847393824986,BH
HI_colours_intensity,LogReg,2,4U1543-47,70133-01-31-01,BH,0.9862325124268074,BH
HI_colours_intensity,LogReg,2,4U1543-47,70128-01-01-01,BH,0.9463558450088896,BH
HI_colours_intensity,LogReg,2,4U1543-47,70124-02-09-00,BH,0.5817358471358466,BH
HI_colours_intensity,LogReg,2,4U1543-47,70124-02-10-00,BH,0.6429850942611652,BH
HI_colours_intensity,LogReg,2,4U1543-47,70124-02-14-00,BH,0.7694432639911991,BH
HI_colours_intensity,LogReg,3,4U1608-52,60052-02-03-00,NS,0.14176752228966286,NS
HI_colours_intensity,LogReg,3,4U1608-52,70059-01-01-00G,NS,0.2334589079097837,NS
HI_colours_intensity,LogReg,3,4U1608-52,70058-01-32-00,NS,0.15331262277806257,NS
HI_colours_intensity,LogReg,3,4U1608-52,70069-01-04-03,NS,0.5722287403440983,BH
HI_colours_intensity,LogReg,3,4U1608-52,90408-01-01-03,NS,0.1482148475318449,NS
HI_colours_intensity,LogReg,3,4U1608-52,90408-01-03-03,NS,0.718666477093017,BH
HI_colours_intensity,LogReg,3,4U1608-52,93408-01-14-00,NS,0.6583430803170766,BH
HI_colours_intensity,LogReg,3,4U1608-52,93408-01-17-01,NS,0.1986735074302059,NS
HI_colours_intensity,LogReg,3,4U1608-52,93408-01-22-01,NS,0.10990345673209581,NS
HI_colours_intensity,LogReg,3,4U1608-52,93408-01-27-03,NS,0.7113323177458526,BH
HI_colours_intensity,LogReg,3,4U1608-52,93408-01-55-01,NS,0.6189671683569543,BH
HI_colours_intensity,LogReg,3,4U1608-52,94401-01-03-02,NS,0.04394036321855589,NS
HI_colours_intensity,LogReg,3,4U1608-52,94401-01-38-02,NS,0.410862128165032,NS
HI_colours_intensity,LogReg,3,4U1608-52,96423-01-03-00,NS,0.1415814707076178,NS
HI_colours_intensity,LogReg,3,4U1608-52,96423-01-21-03,NS,0.6292117099450648,BH
HI_colours_intensity,LogReg,4,4U1636-53,50030-02-04-00,NS,0.10434250123565557,NS
HI_colours_intensity,LogReg,4,4U1636-53,60032-01-20-000,NS,0.07256663959617955,NS
HI_colours_intensity,LogReg,4,4U1636-53,91024-01-74-00,NS,0.5810181571735621,BH
HI_colours_intensity,LogReg,4,4U1636-53,91024-01-12-10,NS,0.08823798210700017,NS
HI_colours_intensity,LogReg,4,4U1636-53,92023-01-50-00,NS,0.20295842352256432,NS
HI_colours_intensity,LogReg,4,4U1636-53,92023-01-79-10,NS,0.04362870009168014,NS
HI_colours_intensity,LogReg,4,4U1636-53,93087-01-27-00,NS,0.05709720768943359,NS
HI_colours_intensity,LogReg,4,4U1636-53,93087-01-80-00,NS,0.3588974905205082,NS
HI_colours_intensity,LogReg,4,4U1636-53,93087-01-33-20,NS,0.06596766526371013,NS
HI_colours_intensity,LogReg,4,4U1636-53,94087-01-16-00,NS,0.5432377218578116,BH
HI_colours_intensity,LogReg,4,4U1636-53,94087-01-25-10,NS,0.2339096324311049,NS
HI_colours_intensity,LogReg,4,4U1636-53,94087-01-44-10,NS,0.0384418889849816,NS
HI_colours_intensity,LogReg,4,4U1636-53,95087-01-47-10,NS,0.29687511435693537,NS
HI_colours_intensity,LogReg,4,4U1636-53,96087-01-52-00,NS,0.34965817176442987,NS
HI_colours_intensity,LogReg,4,4U1636-53,96087-01-11-10,NS,0.19932031852009166,NS
HI_colours_intensity,LogReg,5,4U1702-429,50029-27-01-000,NS,0.6215903904087808,BH
HI_colours_intensity,LogReg,5,4U1702-429,50030-01-04-00,NS,0.6491743940931213,BH
HI_colours_intensity,LogReg,5,4U1702-429,50030-01-09-03,NS,0.5221581700189418,BH
HI_colours_intensity,LogReg,5,4U1702-429,80033-01-01-01,NS,0.5581664254108354,BH
HI_colours_intensity,LogReg,5,4U1702-429,80033-01-02-000,NS,0.031150275280255355,NS
HI_colours_intensity,LogReg,5,4U1702-429,80033-01-04-03,NS,0.0275240713317204,NS
HI_colours_intensity,LogReg,5,4U1702-429,80033-01-08-00G,NS,0.027953748540795048,NS
HI_colours_intensity,LogReg,5,4U1702-429,80033-01-10-04G,NS,0.025320843719719766,NS
HI_colours_intensity,LogReg,5,4U1702-429,80033-01-11-02,NS,0.021925530318040697,NS
HI_colours_intensity,LogReg,5,4U1702-429,80033-01-12-02,NS,0.03117693409643795,NS
HI_colours_intensity,LogReg,5,4U1702-429,80033-01-16-05,NS,0.029200085994473775,NS
HI_colours_intensity,LogReg,5,4U1702-429,80033-01-18-02,NS,0.48122941081302395,NS
HI_colours_intensity,LogReg,5,4U1702-429,80033-01-20-01,NS,0.3587942927077285,NS
HI_colours_intensity,LogReg,5,4U1702-429,80033-01-21-03,NS,0.4712330739581353,NS
HI_colours_intensity,LogReg,5,4U1702-429,94415-01-01-00,NS,0.25616719805923543,NS
HI_colours_intensity,LogReg,6,4U1705-44,91039-01-01-61,NS,0.49917435561711987,NS
HI_colours_intensity,LogReg,6,4U1705-44,90170-01-01-00,NS,0.04337700943747781,NS
HI_colours_intensity,LogReg,6,4U1705-44,93060-01-05-00,NS,0.6085500384071726,BH
HI_colours_intensity,LogReg,6,4U1705-44,93060-01-50-00,NS,0.5289084637007452,BH
HI_colours_intensity,LogReg,6,4U1705-44,93060-01-77-00,NS,0.07399899431504509,NS
HI_colours_intensity,LogReg,6,4U1705-44,93060-01-93-00,NS,0.11034042992406151,NS
HI_colours_intensity,LogReg,6,4U1705-44,93060-01-45-00,NS,0.06951147525646838,NS
HI_colours_intensity,LogReg,6,4U1705-44,94060-01-23-00,NS,0.09193971070024633,NS
HI_colours_intensity,LogReg,6,4U1705-44,94060-01-46-00,NS,0.055127135919688076,NS
HI_colours_intensity,LogReg,6,4U1705-44,94060-01-55-00,NS,0.03895600595268934,NS
HI_colours_intensity,LogReg,6,4U1705-44,95060-01-35-00,NS,0.3662732402495803,NS
HI_colours_intensity,LogReg,6,4U1705-44,95060-01-66-00,NS,0.11121687103854563,NS
HI_colours_intensity,LogReg,6,4U1705-44,95060-01-78-00,NS,0.09008998927943311,NS
HI_colours_intensity,LogReg,6,4U1705-44,96060-01-40-00,NS,0.08379069607811977,NS
HI_colours_intensity,LogReg,6,4U1705-44,96060-01-73-00,NS,0.07025092029851604,NS
HI_colours_intensity,LogReg,7,4U1724-307,60034-02-01-01,NS,0.46641048619707653,NS
HI_colours_intensity,LogReg,7,4U1724-307,50060-05-01-07,NS,0.523849861552926,BH
HI_colours_intensity,LogReg,7,4U1724-307,50060-05-01-05,NS,0.4556369082216148,NS
HI_colours_intensity,LogReg,7,4U1724-307,60034-02-02-02,NS,0.39887138715928544,NS
HI_colours_intensity,LogReg,7,4U1724-307,60034-02-03-10,NS,0.380158783408397,NS
HI_colours_intensity,LogReg,7,4U1724-307,60034-02-05-01,NS,0.41568313532556833,NS
HI_colours_intensity,LogReg,7,4U1724-307,80105-10-01-00,NS,0.4049633242186474,NS
HI_colours_intensity,LogReg,7,4U1724-307,80138-06-03-00,NS,0.020580221079469344,NS
HI_colours_intensity,LogReg,7,4U1724-307,90058-06-03-00,NS,0.19554290108110817,NS
HI_colours_intensity,LogReg,7,4U1724-307,91050-07-01-00,NS,0.26084177518224505,NS
HI_colours_intensity,LogReg,7,4U1724-307,93044-06-04-00,NS,0.06710168669077851,NS
HI_colours_intensity,LogReg,7,4U1724-307,93044-06-07-00,NS,0.3040400133521819,NS
HI_colours_intensity,LogReg,7,4U1724-307,93438-01-02-03,NS,0.3690776338680066,NS
HI_colours_intensity,LogReg,7,4U1724-307,93438-01-04-00,NS,0.35607369170639364,NS
HI_colours_intensity,LogReg,7,4U1724-307,93438-01-07-01,NS,0.48513876904269665,NS
HI_colours_intensity,LogReg,8,4U1728-34,50023-01-29-00,NS,0.26549437387115266,NS
HI_colours_intensity,LogReg,8,4U1728-34,50030-03-05-03,NS,0.49166038910765536,NS
HI_colours_intensity,LogReg,8,4U1728-34,70028-01-01-08,NS,0.32448140510029183,NS
HI_colours_intensity,LogReg,8,4U1728-34,70028-01-01-05,NS,0.31796948004371733,NS
HI_colours_intensity,LogReg,8,4U1728-34,92023-03-08-00,NS,0.04675961185701376,NS
HI_colours_intensity,LogReg,8,4U1728-34,92023-03-37-00,NS,0.2667342396771373,NS
HI_colours_intensity,LogReg,8,4U1728-34,92023-03-76-00,NS,0.055092757197243665,NS
HI_colours_intensity,LogReg,8,4U1728-34,92023-03-98-00,NS,0.23573939519843518,NS
HI_colours_intensity,LogReg,8,4U1728-34,92023-03-19-10,NS,0.039981379283828895,NS
HI_colours_intensity,LogReg,8,4U1728-34,92023-03-30-10,NS,0.08931576036702392,NS
HI_colours_intensity,LogReg,8,4U1728-34,92023-03-44-00,NS,0.40001477231964633,NS
HI_colours_intensity,LogReg,8,4U1728-34,92023-03-49-00,NS,0.4781723469903282,NS
HI_colours_intensity,LogReg,8,4U1728-34,92023-03-70-00,NS,0.3074363128909973,NS
HI_colours_intensity,LogReg,8,4U1728-34,95337-01-02-00,NS,0.03169852014455678,NS
HI_colours_intensity,LogReg,8,4U1728-34,96322-01-01-05,NS,0.02806230393775697,NS
HI_colours_intensity,LogReg,9,4U1735-44,50025-02-01-01,NS,0.05912824479962083,NS
HI_colours_intensity,LogReg,9,4U1735-44,50026-01-01-00,NS,0.04877835724793746,NS
HI_colours_intensity,LogReg,9,4U1735-44,91152-06-01-10,NS,0.040567481523639974,NS
HI_colours_intensity,LogReg,9,4U1735-44,91025-01-01-04,NS,0.042030280953143165,NS
HI_colours_intensity,LogReg,9,4U1735-44,91025-01-04-04,NS,0.04568227606867393,NS
HI_colours_intensity,LogReg,9,4U1735-44,91025-01-04-06,NS,0.01576563168535546,NS
HI_colours_intensity,LogReg,9,4U1735-44,91025-01-05-01,NS,0.029174798891670822,NS
HI_colours_intensity,LogReg,9,4U1735-44,91025-01-08-07,NS,0.016719164717564485,NS
HI_colours_intensity,LogReg,9,4U1735-44,91025-01-09-12,NS,0.012396358499116017,NS
HI_colours_intensity,LogReg,9,4U1735-44,91025-01-09-10,NS,0.02637381581813421,NS
HI_colours_intensity,LogReg,9,4U1735-44,91025-01-13-03,NS,0.016140281740048404,NS
HI_colours_intensity,LogReg,9,4U1735-44,91025-01-13-08,NS,0.015337559944712751,NS
HI_colours_intensity,LogReg,9,4U1735-44,93200-01-03-01,NS,0.016352796295890867,NS
HI_colours_intensity,LogReg,9,4U1735-44,96325-01-01-04,NS,0.029412900904830088,NS
HI_colours_intensity,LogReg,9,4U1735-44,96331-01-02-01,NS,0.0373700446560223,NS
HI_colours_intensity,LogReg,10,4U1746-371,60044-02-01-10,NS,0.036457655994410997,NS
HI_colours_intensity,LogReg,10,4U1746-371,60044-02-01-05,NS,0.029058072800239292,NS
HI_colours_intensity,LogReg,10,4U1746-371,60044-02-01-07,NS,0.04078215938929467,NS
HI_colours_intensity,LogReg,10,4U1746-371,60044-02-01-06,NS,0.035587379743497904,NS
HI_colours_intensity,LogReg,10,4U1746-371,60044-02-02-00,NS,0.03275905926329809,NS
HI_colours_intensity,LogReg,10,4U1746-371,60044-02-02-010,NS,0.020910196309072274,NS
HI_colours_intensity,LogReg,10,4U1746-371,60044-02-02-09,NS,0.018288072504845095,NS
HI_colours_intensity,LogReg,10,4U1746-371,60044-02-02-10,NS,0.034614578530942984,NS
HI_colours_intensity,LogReg,10,4U1746-371,70050-01-01-03,NS,0.03244971518521328,NS
HI_colours_intensity,LogReg,10,4U1746-371,70050-01-01-06,NS,0.029157481388389302,NS
HI_colours_intensity,LogReg,10,4U1746-371,70050-01-01-00,NS,0.02349697107174071,NS
HI_colours_intensity,LogReg,10,4U1746-371,70050-01-01-08,NS,0.01776374168851987,NS
HI_colours_intensity,LogReg,10,4U1746-371,90044-01-02-01,NS,0.02097509442744088,NS
HI_colours_intensity,LogReg,10,4U1746-371,90044-01-04-000,NS,0.029994629923140653,NS
HI_colours_intensity,LogReg,10,4U1746-371,90044-01-04-00,NS,0.38405736130549156,NS
HI_colours_intensity,LogReg,11,4U1820-30,40017-01-21-02,NS,0.04219223549655172,NS
HI_colours_intensity,LogReg,11,4U1820-30,60030-01-02-01,NS,0.05824443575310332,NS
HI_colours_intensity,LogReg,11,4U1820-30,70030-03-03-00,NS,0.044988348477028685,NS
HI_colours_intensity,LogReg,11,4U1820-30,70030-03-05-00,NS,0.12650889034788185,NS
HI_colours_intensity,LogReg,11,4U1820-30,90027-01-01-06,NS,0.04154097408789806,NS
HI_colours_intensity,LogReg,11,4U1820-30,90027-01-03-00,NS,0.027704211342217597,NS
HI_colours_intensity,LogReg,11,4U1820-30,90027-01-04-04,NS,0.03825873820414099,NS
HI_colours_intensity,LogReg,11,4U1820-30,92030-02-02-00,NS,0.03606984206581439,NS
HI_colours_intensity,LogReg,11,4U1820-30,91152-04-01-00,NS,0.032711605544082284,NS
HI_colours_intensity,LogReg,11,4U1820-30,92030-02-05-00,NS,0.034017039243264685,NS
HI_colours_intensity,LogReg,11,4U1820-30,94090-01-01-00,NS,0.05978107286660062,NS
HI_colours_intensity,LogReg,11,4U1820-30,94090-01-02-01,NS,0.2627634819311879,NS
HI_colours_intensity,LogReg,11,4U1820-30,92030-02-12-00,NS,0.027163526109103678,NS
HI_colours_intensity,LogReg,11,4U1820-30,96090-01-01-020,NS,0.024636535473541304,NS
HI_colours_intensity,LogReg,11,4U1820-30,96324-01-02-01,NS,0.02439052558148295,NS
HI_colours_intensity,LogReg,12,4U1915-05,50026-03-01-00,NS,0.3168937820599233,NS
HI_colours_intensity,LogReg,12,4U1915-05,50026-03-01-01,NS,0.4752128947786465,NS
HI_colours_intensity,LogReg,12,4U1915-05,70034-02-01-01,NS,0.013886412097116649,NS
HI_colours_intensity,LogReg,12,4U1915-05,70034-02-01-00,NS,0.014932432378838591,NS
HI_colours_intensity,LogReg,12,4U1915-05,70034-02-02-01,NS,0.11574027518572055,NS
HI_colours_intensity,LogReg,12,4U1915-05,70034-02-02-00,NS,0.3644737021183855,NS
HI_colours_intensity,LogReg,13,AQLX1,50049-02-06-01,NS,0.13636218627379393,NS
HI_colours_intensity,LogReg,13,AQLX1,50049-02-15-06,NS,0.12162858112958681,NS
HI_colours_intensity,LogReg,13,AQLX1,60054-02-03-03,NS,0.12193141280370491,NS
HI_colours_intensity,LogReg,13,AQLX1,70069-03-01-00,NS,0.1482538048447032,NS
HI_colours_intensity,LogReg,13,AQLX1,80403-01-03-00,NS,0.305292971285803,NS
HI_colours_intensity,LogReg,13,AQLX1,90017-11-06-00,NS,0.7366662901487532,BH
HI_colours_intensity,LogReg,13,AQLX1,91028-01-29-00,NS,0.7246693154427362,BH
HI_colours_intensity,LogReg,13,AQLX1,92034-01-02-00,NS,0.6259683928025103,BH
HI_colours_intensity,LogReg,13,AQLX1,93076-01-02-00,NS,0.48520308774559134,NS
HI_colours_intensity,LogReg,13,AQLX1,92438-01-02-02,NS,0.6003119467275801,BH
HI_colours_intensity,LogReg,13,AQLX1,94076-01-03-04,NS,0.7477238999668961,BH
HI_colours_intensity,LogReg,13,AQLX1,94441-01-01-00,NS,0.12339461444539968,NS
HI_colours_intensity,LogReg,13,AQLX1,95413-01-02-01,NS,0.6056273706691085,BH
HI_colours_intensity,LogReg,13,AQLX1,96440-01-05-02,NS,0.12042862942063362,NS
HI_colours_intensity,LogReg,13,AQLX1,96440-01-08-06,NS,0.07621796489292867,NS
HI_colours_intensity,LogReg,14,CYGX2,40019-04-05-09,NS,0.2475257203351643,NS
HI_colours_intensity,LogReg,14,CYGX2,80018-02-01-00G,NS,0.41400629813532874,NS
HI_colours_intensity,LogReg,14,CYGX2,90030-01-23-00,NS,0.2205072643869526,NS
HI_colours_intensity,LogReg,14,CYGX2,90030-01-45-00,NS,0.1927133548266408,NS
HI_colours_intensity,LogReg,14,CYGX2,90030-01-55-01,NS,0.16269632506130483,NS
HI_colours_intensity,LogReg,14,CYGX2,91010-01-01-05,NS,0.34971869415115053,NS
HI_colours_intensity,LogReg,14,CYGX2,91009-01-28-01,NS,0.2886355028193368,NS
HI_colours_intensity,LogReg,14,CYGX2,90030-01-15-00,NS,0.08017614495792069,NS
HI_colours_intensity,LogReg,14,CYGX2,90030-01-09-00,NS,0.14966427304649366,NS
HI_colours_intensity,LogReg,14,CYGX2,92039-01-04-01,NS,0.23207879151386818,NS
HI_colours_intensity,LogReg,14,CYGX2,92038-01-06-01,NS,0.2446825040548047,NS
HI_colours_intensity,LogReg,14,CYGX2,93082-02-02-01,NS,0.2335043699269946,NS
HI_colours_intensity,LogReg,14,CYGX2,93443-01-01-09,NS,0.42314862822492977,NS
HI_colours_intensity,LogReg,14,CYGX2,95345-01-06-00,NS,0.3367408766244024,NS
HI_colours_intensity,LogReg,14,CYGX2,95345-01-40-00,NS,0.1598060543298173,NS
HI_colours_intensity,LogReg,15,EXO0748-676,50045-06-05-00,NS,0.2015661258959804,NS
HI_colours_intensity,LogReg,15,EXO0748-676,70048-03-02-00,NS,0.20206765323055814,NS
HI_colours_intensity,LogReg,15,EXO0748-676,60042-03-01-00,NS,0.12025305899171516,NS
HI_colours_intensity,LogReg,15,EXO0748-676,70047-02-01-03,NS,0.10831916650148234,NS
HI_colours_intensity,LogReg,15,EXO0748-676,70048-13-12-00,NS,0.23694102945764228,NS
HI_colours_intensity,LogReg,15,EXO0748-676,80040-01-09-01,NS,0.36801022252656346,NS
HI_colours_intensity,LogReg,15,EXO0748-676,90039-01-03-02,NS,0.3664602588712323,NS
HI_colours_intensity,LogReg,15,EXO0748-676,90039-01-04-01,NS,0.3310963078477857,NS
HI_colours_intensity,LogReg,15,EXO0748-676,91035-01-04-09,NS,0.2098203958728556,NS
HI_colours_intensity,LogReg,15,EXO0748-676,92019-01-05-02,NS,0.2162699689492644,NS
HI_colours_intensity,LogReg,15,EXO0748-676,92019-01-06-03,NS,0.3299103002963052,NS
HI_colours_intensity,LogReg,15,EXO0748-676,92019-01-16-00,NS,0.08291775761378709,NS
HI_colours_intensity,LogReg,15,EXO0748-676,92019-01-18-01,NS,0.2403577167913248,NS
HI_colours_intensity,LogReg,15,EXO0748-676,92019-01-26-01,NS,0.10648945628859777,NS
HI_colours_intensity,LogReg,15,EXO0748-676,92040-03-01-00,NS,0.11095573868480806,NS
HI_colours_intensity,LogReg,16,GROJ1655-40,90428-01-01-07,BH,0.6112322187030712,BH
HI_colours_intensity,LogReg,16,GROJ1655-40,91702-01-02-03,BH,0.9923140073339182,BH
HI_colours_intensity,LogReg,16,GROJ1655-40,91702-01-22-00,BH,0.7397447563120262,BH
HI_colours_intensity,LogReg,16,GROJ1655-40,91702-01-22-03,BH,0.7262770507666492,BH
HI_colours_intensity,LogReg,16,GROJ1655-40,91702-01-43-00,BH,0.714656545840726,BH
HI_colours_intensity,LogReg,16,GROJ1655-40,91702-01-51-02,BH,0.790145161342639,BH
HI_colours_intensity,LogReg,16,GROJ1655-40,91702-01-56-03,BH,0.937138473379449,BH
HI_colours_intensity,LogReg,16,GROJ1655-40,91702-01-66-05,BH,0.9638302607778599,BH
HI_colours_intensity,LogReg,16,GROJ1655-40,91702-01-78-00,BH,0.9938264280654693,BH
HI_colours_intensity,LogReg,16,GROJ1655-40,91702-01-01-13,BH,0.9705741792415076,BH
HI_colours_intensity,LogReg,16,GROJ1655-40,91702-01-17-11,BH,0.989673165175488,BH
HI_colours_intensity,LogReg,16,GROJ1655-40,91702-01-39-10,BH,0.9980308607007138,BH
HI_colours_intensity,LogReg,16,GROJ1655-40,91702-01-48-10,BH,0.9968259294372104,BH
HI_colours_intensity,LogReg,16,GROJ1655-40,91702-01-81-00,BH,0.7273832090553588,BH
HI_colours_intensity,LogReg,16,GROJ1655-40,91702-01-86-04,BH,0.5426618691031609,BH
HI_colours_intensity,LogReg,17,GRS1915+105,50703-01-11-00,BH,0.6875216098325984,BH
HI_colours_intensity,LogReg,17,GRS1915+105,50703-01-62-01,BH,0.6828847246217411,BH
HI_colours_intensity,LogReg,17,GRS1915+105,60701-01-13-03,BH,0.12258157711634711,NS
HI_colours_intensity,LogReg,17,GRS1915+105,70702-01-02-00,BH,0.37184932625492223,NS
HI_colours_intensity,LogReg,17,GRS1915+105,70702-01-21-01,BH,0.5249987142253151,BH
HI_colours_intensity,LogReg,17,GRS1915+105,80127-04-01-02,BH,0.08577512464905027,NS
HI_colours_intensity,LogReg,17,GRS1915+105,90701-01-16-00,BH,0.43454595830580445,NS
HI_colours_intensity,LogReg,17,GRS1915+105,90701-01-40-00,BH,0.06470106742081831,NS
HI_colours_intensity,LogReg,17,GRS1915+105,90024-02-37-00,BH,0.4532407010168238,NS
HI_colours_intensity,LogReg,17,GRS1915+105,92702-01-06-00,BH,0.5871646575908929,BH
HI_colours_intensity,LogReg,17,GRS1915+105,80701-01-53-00,BH,0.5789896738044839,BH
HI_colours_intensity,LogReg,17,GRS1915+105,93701-01-08-00,BH,0.7317326472779809,BH
HI_colours_intensity,LogReg,17,GRS1915+105,91701-01-83-00,BH,0.6119391942365225,BH
HI_colours_intensity,LogReg,17,GRS1915+105,95701-01-44-00,BH,0.4703234664815142,NS
HI_colours_intensity,LogReg,17,GRS1915+105,96701-01-39-00,BH,0.08091206919512194,NS
HI_colours_intensity,LogReg,18,GS1826-238,50035-01-02-00,NS,0.41725596396463205,NS
HI_colours_intensity,LogReg,18,GS1826-238,50035-01-03-02,NS,0.47575663469278323,NS
HI_colours_intensity,LogReg,18,GS1826-238,50035-01-03-04,NS,0.4336851800536273,NS
HI_colours_intensity,LogReg,18,GS1826-238,50035-01-03-090,NS,0.4811354110392746,NS
HI_colours_intensity,LogReg,18,GS1826-238,80048-01-01-09,NS,0.40459211339868195,NS
HI_colours_intensity,LogReg,18,GS1826-238,80048-01-01-14,NS,0.3381511454296831,NS
HI_colours_intensity,LogReg,18,GS1826-238,80049-01-01-00,NS,0.4077394691860491,NS
HI_colours_intensity,LogReg,18,GS1826-238,90043-01-01-02,NS,0.36746122812723053,NS
HI_colours_intensity,LogReg,18,GS1826-238,70044-01-03-00,NS,0.48504756166768215,NS
HI_colours_intensity,LogReg,18,GS1826-238,92703-01-04-02,NS,0.34274480633267124,NS
HI_colours_intensity,LogReg,18,GS1826-238,70044-01-04-00,NS,0.36533927261802857,NS
HI_colours_intensity,LogReg,18,GS1826-238,91017-01-02-05,NS,0.41719965235564316,NS
HI_colours_intensity,LogReg,18,GS1826-238,91017-01-02-03,NS,0.32563393174024824,NS
HI_colours_intensity,LogReg,18,GS1826-238,91017-01-02-10,NS,0.3517163192333469,NS
HI_colours_intensity,LogReg,18,GS1826-238,96306-01-01-01,NS,0.3088301035188514,NS
HI_colours_intensity,LogReg,19,GX17+2,70023-01-01-01,NS,0.12850688107530972,NS
HI_colours_intensity,LogReg,19,GX17+2,80022-01-01-09,NS,0.18992678357758452,NS
HI_colours_intensity,LogReg,19,GX17+2,80022-01-01-03,NS,0.11687138641760361,NS
HI_colours_intensity,LogReg,19,GX17+2,80022-01-01-02,NS,0.1680300491769908,NS
HI_colours_intensity,LogReg,19,GX17+2,80022-01-03-01,NS,0.20421760140305442,NS
HI_colours_intensity,LogReg,19,GX17+2,90022-07-03-00,NS,0.061703424027280754,NS
HI_colours_intensity,LogReg,19,GX17+2,90022-07-04-02,NS,0.14682865531455944,NS
HI_colours_intensity,LogReg,19,GX17+2,92042-01-02-00G,NS,0.2092339191173853,NS
HI_colours_intensity,LogReg,19,GX17+2,92042-01-05-01,NS,0.20006073987585266,NS
HI_colours_intensity,LogReg,19,GX17+2,93406-11-01-00,NS,0.180006478135548,NS
HI_colours_intensity,LogReg,19,GX17+2,93439-01-05-01,NS,0.14819624657896474,NS
HI_colours_intensity,LogReg,19,GX17+2,93439-01-06-00,NS,0.08714385744172663,NS
HI_colours_intensity,LogReg,19,GX17+2,95318-01-02-01,NS,0.210889336797736,NS
HI_colours_intensity,LogReg,19,GX17+2,96310-01-01-000,NS,0.1459555259530671,NS
HI_colours_intensity,LogReg,19,GX17+2,96310-01-01-02,NS,0.15285214762998967,NS
HI_colours_intensity,LogReg,20,GX3+1,60022-01-01-01,NS,0.1170602913560836,NS
HI_colours_intensity,LogReg,20,GX3+1,60022-01-02-01,NS,0.1295324583523655,NS
HI_colours_intensity,LogReg,20,GX3+1,60022-01-04-03,NS,0.13407662043697635,NS
HI_colours_intensity,LogReg,20,GX3+1,60022-01-04-04,NS,0.09494811215189265,NS
HI_colours_intensity,LogReg,20,GX3+1,60022-01-05-01,NS,0.10801954472965723,NS
HI_colours_intensity,LogReg,20,GX3+1,60022-01-06-05,NS,0.06299793455342691,NS
HI_colours_intensity,LogReg,20,GX3+1,60022-01-06-13,NS,0.09414755502010984,NS
HI_colours_intensity,LogReg,20,GX3+1,60022-01-07-02,NS,0.10326423298737723,NS
HI_colours_intensity,LogReg,20,GX3+1,60022-01-08-03,NS,0.11394744336910057,NS
HI_colours_intensity,LogReg,20,GX3+1,60022-01-10-03,NS,0.12772926567722612,NS
HI_colours_intensity,LogReg,20,GX3+1,60022-01-10-04,NS,0.12472686265514571,NS
HI_colours_intensity,LogReg,20,GX3+1,60022-01-13-01,NS,0.13065273899869878,NS
HI_colours_intensity,LogReg,20,GX3+1,90022-05-05-00,NS,0.09076944081922717,NS
HI_colours_intensity,LogReg,20,GX3+1,90022-05-06-00,NS,0.10943375696497988,NS
HI_colours_intensity,LogReg,20,GX3+1,94307-05-01-02,NS,0.09582685649278584,NS
HI_colours_intensity,LogReg,21,GX339-4,40031-03-03-04,BH,0.9980637116373359,BH
HI_colours_intensity,LogReg,21,GX339-4,70110-01-54-00,BH,0.9976610417397794,BH
HI_colours_intensity,LogReg,21,GX339-4,80102-04-56-00,BH,0.9089364008400762,BH
HI_colours_intensity,LogReg,21,GX339-4,80132-01-22-00,BH,0.7790515198099932,BH
HI_colours_intensity,LogReg,21,GX339-4,90704-01-05-00,BH,0.9967901009001123,BH
HI_colours_intensity,LogReg,21,GX339-4,92034-08-01-00,BH,0.8158866280988524,BH
HI_colours_intensity,LogReg,21,GX339-4,92035-01-03-03,BH,0.924628739162027,BH
HI_colours_intensity,LogReg,21,GX339-4,92704-03-13-00,BH,0.8183892259943805,BH
HI_colours_intensity,LogReg,21,GX339-4,92704-03-22-00,BH,0.3651480756044339,NS
HI_colours_intensity,LogReg,21,GX339-4,92704-03-45-01,BH,0.6618921315238318,BH
HI_colours_intensity,LogReg,21,GX339-4,93108-01-01-02,BH,0.7260998583319812,BH
HI_colours_intensity,LogReg,21,GX339-4,95409-01-02-02,BH,0.6201960814365458,BH
HI_colours_intensity,LogReg,21,GX339-4,95409-01-20-00,BH,0.9980740828738192,BH
HI_colours_intensity,LogReg,21,GX339-4,95409-01-29-00,BH,0.8356808648630327,BH
HI_colours_intensity,LogReg,21,GX339-4,96409-01-10-02,BH,0.49606528183034265,NS
HI_colours_intensity,LogReg,22,HETEJ1900.1-245,91015-01-07-00,NS,0.6931706321275568,BH
HI_colours_intensity,LogReg,22,HETEJ1900.1-245,91059-03-03-00,NS,0.7190657589305953,BH
HI_colours_intensity,LogReg,22,HETEJ1900.1-245,91057-01-07-04,NS,0.7025231398283596,BH
HI_colours_intensity,LogReg,22,HETEJ1900.1-245,92049-01-05-00,NS,0.6738114313987216,BH
HI_colours_intensity,LogReg,22,HETEJ1900.1-245,92049-01-07-00,NS,0.1712053059510341,NS
HI_colours_intensity,LogReg,22,HETEJ1900.1-245,92049-01-40-00,NS,0.6926407594087087,BH
HI_colours_intensity,LogReg,22,HETEJ1900.1-245,92049-01-56-00,NS,0.032393325068405476,NS
HI_colours_intensity,LogReg,22,HETEJ1900.1-245,93030-01-14-00,NS,0.358436950034863,NS
HI_colours_intensity,LogReg,22,HETEJ1900.1-245,93030-01-47-00,NS,0.7341811425483524,BH
HI_colours_intensity,LogReg,22,HETEJ1900.1-245,94030-01-05-00,NS,0.7933937535423105,BH
HI_colours_intensity,LogReg,22,HETEJ1900.1-245,94030-01-27-00,NS,0.6810482179010533,BH
HI_colours_intensity,LogReg,22,HETEJ1900.1-245,94030-01-36-00,NS,0.7174909701617032,BH
HI_colours_intensity,LogReg,22,HETEJ1900.1-245,95030-01-16-00,NS,0.35722716323159537,NS
HI_colours_intensity,LogReg,22,HETEJ1900.1-245,96030-01-01-01,NS,0.5382350289618023,BH
HI_colours_intensity,LogReg,22,HETEJ1900.1-245,96030-01-25-00,NS,0.6900832155393012,BH
HI_colours_intensity,LogReg,23,KS1731-260,50031-02-01-09,NS,0.5807618418825599,BH
HI_colours_intensity,LogReg,23,KS1731-260,50031-02-01-12,NS,0.5897308366696622,BH
HI_colours_intensity,LogReg,23,KS1731-260,50031-02-01-02,NS,0.5042261236042612,BH
HI_colours_intensity,LogReg,23,KS1731-260,50031-02-01-05,NS,0.5455892200376542,BH
HI_colours_intensity,LogReg,23,KS1731-260,50031-02-01-08,NS,0.5634871332881002,BH
HI_colours_intensity,LogReg,23,KS1731-260,50031-02-02-06,NS,0.6013442815637068,BH
HI_colours_intensity,LogReg,23,KS1731-260,50031-02-02-02,NS,0.6285002790499773,BH
HI_colours_intensity,LogReg,23,KS1731-260,50031-02-02-03,NS,0.39413536807984767,NS
HI_colours_intensity,LogReg,23,KS1731-260,50031-02-02-080,NS,0.564893058957679,BH
HI_colours_intensity,LogReg,23,KS1731-260,50031-02-03-00,NS,0.7289471491938905,BH
HI_colours_intensity,LogReg,23,KS1731-260,50031-02-03-05,NS,0.7563560410411984,BH
HI_colours_intensity,LogReg,23,KS1731-260,50031-02-03-04,NS,0.7357260226137506,BH
HI_colours_intensity,LogReg,23,KS1731-260,50031-02-03-07,NS,0.7599184365435054,BH
HI_colours_intensity,LogReg,23,KS1731-260,50031-02-03-08,NS,0.6397329635493072,BH
HI_colours_intensity,LogReg,23,KS1731-260,50031-02-03-01,NS,0.9992919939503043,BH
HI_colours_intensity,LogReg,24,MXB1658-298,50410-01-01-00,NS,0.19146457262210279,NS
HI_colours_intensity,LogReg,24,MXB1658-298,50410-01-04-00,NS,0.07263369484303613,NS
HI_colours_intensity,LogReg,24,MXB1658-298,50410-01-05-00,NS,0.08544173239553622,NS
HI_colours_intensity,LogReg,24,MXB1658-298,50410-01-08-00,NS,0.28414043637617575,NS
HI_colours_intensity,LogReg,24,MXB1658-298,50410-01-09-00,NS,0.2850289744948959,NS
HI_colours_intensity,LogReg,24,MXB1658-298,60048-01-02-00,NS,0.1593997847174529,NS
HI_colours_intensity,LogReg,24,MXB1658-298,60048-01-04-00,NS,0.1270052885288358,NS
HI_colours_intensity,LogReg,24,MXB1658-298,60048-02-01-00,NS,0.08789662790984963,NS
HI_colours_intensity,LogReg,24,MXB1658-298,60048-02-03-00,NS,0.1314867170213129,NS
HI_colours_intensity,LogReg,24,MXB1658-298,60048-03-01-00,NS,0.08445575814979396,NS
HI_colours_intensity,LogReg,24,MXB1658-298,60048-03-02-00,NS,0.13840455187292672,NS
HI_colours_intensity,LogReg,24,MXB1658-298,60048-03-05-00,NS,0.14473014587670988,NS
HI_colours_intensity,LogReg,24,MXB1658-298,60048-04-01-00,NS,0.021493672440199656,NS
HI_colours_intensity,LogReg,24,MXB1658-298,60048-04-03-00,NS,0.5017301981753628,BH
HI_colours_intensity,LogReg,24,MXB1658-298,60048-04-05-00,NS,0.35660847219977365,NS
HI_colours_intensity,LogReg,25,SAXJ1808.4-3658,70080-01-02-04,NS,0.715657617574615,BH
HI_colours_intensity,LogReg,25,SAXJ1808.4-3658,70080-01-02-22,NS,0.8012752816192834,BH
HI_colours_intensity,LogReg,25,SAXJ1808.4-3658,70080-01-03-010,NS,0.7620901062302915,BH
HI_colours_intensity,LogReg,25,SAXJ1808.4-3658,70080-02-01-03,NS,0.5914331731958035,BH
HI_colours_intensity,LogReg,25,SAXJ1808.4-3658,70080-02-02-35,NS,0.6509863179702656,BH
HI_colours_intensity,LogReg,25,SAXJ1808.4-3658,70080-02-02-12,NS,0.4960085690823196,NS
HI_colours_intensity,LogReg,25,SAXJ1808.4-3658,70080-03-13-00,NS,0.6291079506673469,BH
HI_colours_intensity,LogReg,25,SAXJ1808.4-3658,70080-03-20-13,NS,0.5310887354282368,BH
HI_colours_intensity,LogReg,25,SAXJ1808.4-3658,70080-03-22-00,NS,0.2642500720451185,NS
HI_colours_intensity,LogReg,25,SAXJ1808.4-3658,91056-01-03-05,NS,0.8035127565329879,BH
HI_colours_intensity,LogReg,25,SAXJ1808.4-3658,91418-01-04-00,NS,0.3673142508733035,NS
HI_colours_intensity,LogReg,25,SAXJ1808.4-3658,93027-01-01-03,NS,0.7647201898845798,BH
HI_colours_intensity,LogReg,25,SAXJ1808.4-3658,93027-01-05-08,NS,0.8436406921030257,BH
HI_colours_intensity,LogReg,25,SAXJ1808.4-3658,96027-01-01-00,NS,0.735572365127286,BH
HI_colours_intensity,LogReg,25,SAXJ1808.4-3658,96027-01-02-00,NS,0.7137725477667511,BH
HI_colours_intensity,LogReg,26,SLX1735-269,60034-01-01-00,NS,0.5897717895141246,BH
HI_colours_intensity,LogReg,26,SLX1735-269,60034-01-02-02,NS,0.44457858934926964,NS
HI_colours_intensity,LogReg,26,SLX1735-269,60034-01-03-01,NS,0.024640781022076477,NS
HI_colours_intensity,LogReg,26,SLX1735-269,80138-03-01-00,NS,0.018361305034427688,NS
HI_colours_intensity,LogReg,26,SLX1735-269,80138-03-02-00,NS,0.5066374147716578,BH
HI_colours_intensity,LogReg,26,SLX1735-269,80138-03-07-01,NS,0.01678665061458381,NS
HI_colours_intensity,LogReg,26,SLX1735-269,80138-03-07-03,NS,0.01786999359971115,NS
HI_colours_intensity,LogReg,26,SLX1735-269,90058-05-01-02,NS,0.0210593566373806,NS
HI_colours_intensity,LogReg,26,SLX1735-269,92052-02-02-00,NS,0.1309486386569972,NS
HI_colours_intensity,LogReg,26,SLX1735-269,96429-01-02-02,NS,0.49820865210637116,NS
HI_colours_intensity,LogReg,26,SLX1735-269,96429-01-03-01,NS,0.391458936580365,NS
HI_colours_intensity,LogReg,26,SLX1735-269,96429-01-05-00,NS,0.336636848267598,NS
HI_colours_intensity,LogReg,26,SLX1735-269,96429-01-06-01,NS,0.6821550482496799,BH
HI_colours_intensity,LogReg,26,SLX1735-269,96429-01-07-01,NS,0.5426796799769876,BH
HI_colours_intensity,LogReg,26,SLX1735-269,96429-01-08-03,NS,0.5079804908909759,BH
HI_colours_intensity,LogReg,27,XTEJ1118+480,50407-01-07-01,BH,0.5228736428676345,BH
HI_colours_intensity,LogReg,27,XTEJ1118+480,50407-01-09-00,BH,0.5198585467496405,BH
HI_colours_intensity,LogReg,27,XTEJ1118+480,50407-01-10-01,BH,0.5678454545885518,BH
HI_colours_intensity,LogReg,27,XTEJ1118+480,50133-01-05-00,BH,0.5401275436821176,BH
HI_colours_intensity,LogReg,27,XTEJ1118+480,50407-01-13-02,BH,0.46649342097944096,NS
HI_colours_intensity,LogReg,27,XTEJ1118+480,50133-01-04-01,BH,0.4419301921949622,NS
HI_colours_intensity,LogReg,27,XTEJ1118+480,50407-01-14-02,BH,0.11119259114195214,NS
HI_colours_intensity,LogReg,27,XTEJ1118+480,50407-01-16-00,BH,0.047505435230383294,NS
HI_colours_intensity,LogReg,27,XTEJ1118+480,90011-01-01-08,BH,0.3990108785298425,NS
HI_colours_intensity,LogReg,27,XTEJ1118+480,90011-01-01-10,BH,0.970073839455584,BH
HI_colours_intensity,LogReg,27,XTEJ1118+480,90011-01-01-05,BH,0.34826706407972896,NS
HI_colours_intensity,LogReg,27,XTEJ1118+480,90111-01-02-06,BH,0.09673101879695983,NS
HI_colours_intensity,LogReg,27,XTEJ1118+480,90111-01-02-15,BH,0.210543941383831,NS
HI_colours_intensity,LogReg,27,XTEJ1118+480,90111-01-02-07,BH,0.08527156327500847,NS
HI_colours_intensity,LogReg,27,XTEJ1118+480,90111-01-03-02,BH,0.05056110127976732,NS
HI_colours_intensity,LogReg,28,XTEJ1550-564,50135-01-02-00,BH,0.778175029723288,BH
HI_colours_intensity,LogReg,28,XTEJ1550-564,50135-01-08-00,BH,0.6950800866590597,BH
HI_colours_intensity,LogReg,28,XTEJ1550-564,50135-01-15-00,BH,0.3113857100439545,NS
HI_colours_intensity,LogReg,28,XTEJ1550-564,50135-01-19-00,BH,0.3800282371736303,NS
HI_colours_intensity,LogReg,28,XTEJ1550-564,50135-01-23-00,BH,0.28610984917050697,NS
HI_colours_intensity,LogReg,28,XTEJ1550-564,50137-02-09-00,BH,0.677788781875294,BH
HI_colours_intensity,LogReg,28,XTEJ1550-564,60428-01-03-00,BH,0.6927257984188658,BH
HI_colours_intensity,LogReg,28,XTEJ1550-564,60428-01-05-00,BH,0.6348608376771082,BH
HI_colours_intensity,LogReg,28,XTEJ1550-564,60428-01-09-00,BH,0.5840224827997246,BH
HI_colours_intensity,LogReg,28,XTEJ1550-564,60428-01-15-00,BH,0.44245635400137096,NS
HI_colours_intensity,LogReg,28,XTEJ1550-564,80135-01-01-01,BH,0.7251065934085189,BH
HI_colours_intensity,LogReg,28,XTEJ1550-564,80135-01-02-01,BH,0.7815410124491019,BH
HI_colours_intensity,LogReg,28,XTEJ1550-564,80135-01-03-10,BH,0.8038327789226446,BH
HI_colours_intensity,LogReg,28,XTEJ1550-564,80135-01-04-02,BH,0.7724716790204578,BH
HI_colours_intensity,LogReg,28,XTEJ1550-564,80135-01-05-10,BH,0.7061754373561253,BH
HI_colours_intensity,LogReg,29,XTEJ1650-500,60113-01-06-00,BH,0.9078717197568755,BH
HI_colours_intensity,LogReg,29,XTEJ1650-500,60113-01-09-00,BH,0.9262330768677162,BH
HI_colours_intensity,LogReg,29,XTEJ1650-500,60113-01-11-01,BH,0.9350157060591695,BH
HI_colours_intensity,LogReg,29,XTEJ1650-500,60113-01-15-00,BH,0.9938715439478818,BH
HI_colours_intensity,LogReg,29,XTEJ1650-500,60113-01-23-00,BH,0.9943153964450533,BH
HI_colours_intensity,LogReg,29,XTEJ1650-500,60113-01-27-00,BH,0.9997613158985362,BH
HI_colours_intensity,LogReg,29,XTEJ1650-500,60113-01-29-02,BH,0.9999420319276001,BH
HI_colours_intensity,LogReg,29,XTEJ1650-500,60113-01-34-00,BH,0.6132997993757574,BH
HI_colours_intensity,LogReg,29,XTEJ1650-500,60113-01-36-00,BH,0.9984813723707137,BH
HI_colours_intensity,LogReg,29,XTEJ1650-500,60113-01-38-00,BH,0.9993853132219,BH
HI_colours_intensity,LogReg,29,XTEJ1650-500,60118-02-08-00,BH,0.949555972334828,BH
HI_colours_intensity,LogReg,29,XTEJ1650-500,60118-02-14-00,BH,0.8802791625767051,BH
HI_colours_intensity,LogReg,29,XTEJ1650-500,60118-02-20-00,BH,0.08510054908578597,NS
HI_colours_intensity,LogReg,29,XTEJ1650-500,60118-02-28-00,BH,0.530458510865002,BH
HI_colours_intensity,LogReg,29,XTEJ1650-500,70124-01-02-00,BH,0.39737105288298735,NS
HI_colours_intensity,LogReg,30,XTEJ1814-338,80138-04-02-00,NS,0.35183227317290605,NS
HI_colours_intensity,LogReg,30,XTEJ1814-338,80145-02-01-01,NS,0.3260960337124307,NS
HI_colours_intensity,LogReg,30,XTEJ1814-338,80418-01-01-07,NS,0.3427134805717092,NS
HI_colours_intensity,LogReg,30,XTEJ1814-338,80418-01-02-00,NS,0.3916113747140821,NS
HI_colours_intensity,LogReg,30,XTEJ1814-338,80418-01-02-08,NS,0.4430469400750284,NS
HI_colours_intensity,LogReg,30,XTEJ1814-338,80418-01-02-05,NS,0.40628806261702916,NS
HI_colours_intensity,LogReg,30,XTEJ1814-338,80418-01-03-02,NS,0.4531146941990857,NS
HI_colours_intensity,LogReg,30,XTEJ1814-338,80418-01-03-08,NS,0.4587924339852987,NS
HI_colours_intensity,LogReg,30,XTEJ1814-338,80418-01-04-03,NS,0.41176063207080704,NS
HI_colours_intensity,LogReg,30,XTEJ1814-338,80418-01-05-00,NS,0.48324429555122567,NS
HI_colours_intensity,LogReg,30,XTEJ1814-338,80418-01-05-08,NS,0.37617931146955136,NS
HI_colours_intensity,LogReg,30,XTEJ1814-338,80418-01-06-00,NS,0.5372545234181949,BH
HI_colours_intensity,LogReg,30,XTEJ1814-338,80418-01-06-02,NS,0.5637185120473975,BH
HI_colours_intensity,LogReg,30,XTEJ1814-338,80418-01-06-06,NS,0.25665870841112415,NS
HI_colours_intensity,LogReg,30,XTEJ1814-338,80418-01-07-06,NS,0.19029043315224575,NS
HI_colours_intensity,RandomForest,0,4U1254-690,60044-01-01-02,NS,0.0053971126912303385,NS
HI_colours_intensity,RandomForest,0,4U1254-690,60044-01-01-00,NS,0.06999302187749581,NS
HI_colours_intensity,RandomForest,0,4U1254-690,60044-01-01-03,NS,0.01805704760913949,NS
HI_colours_intensity,RandomForest,0,4U1254-690,60044-01-01-05,NS,0.010530649139344792,NS
HI_colours_intensity,RandomForest,0,4U1254-690,60044-01-02-100,NS,0.014054458663154313,NS
HI_colours_intensity,RandomForest,0,4U1254-690,60044-01-02-000,NS,0.010675576675576677,NS
HI_colours_intensity,RandomForest,0,4U1254-690,90036-01-01-01,NS,0.07916998610592267,NS
HI_colours_intensity,RandomForest,0,4U1254-690,90036-01-01-03,NS,0.016533238085329964,NS
HI_colours_intensity,RandomForest,0,4U1254-690,93406-13-01-00,NS,0.010546081631078034,NS
HI_colours_intensity,RandomForest,0,4U1254-690,95324-01-01-010,NS,0.016327317879409758,NS
HI_colours_intensity,RandomForest,0,4U1254-690,95324-01-01-000,NS,0.014054458663154313,NS
HI_colours_intensity,RandomForest,0,4U1254-690,95324-01-01-00,NS,0.01253064913934479,NS
HI_colours_intensity,RandomForest,0,4U1254-690,95324-01-02-000,NS,0.012341969894061772,NS
HI_colours_intensity,RandomForest,0,4U1254-690,95324-01-02-00,NS,0.011881421175538823,NS
HI_colours_intensity,RandomForest,0,4U1254-690,95324-01-02-01,NS,0.008800919409615061,NS
HI_colours_intensity,RandomForest,1,4U1323-619,70050-03-01-01,NS,0.0799677306248851,NS
HI_colours_intensity,RandomForest,1,4U1323-619,70050-03-01-02,NS,0.21865918937423956,NS
HI_colours_intensity,RandomForest,1,4U1323-619,90062-03-01-02,NS,0.3665131777387808,NS
HI_colours_intensity,RandomForest,1,4U1323-619,90062-03-01-01,NS,0.3340127661917092,NS
HI_colours_intensity,RandomForest,1,4U1323-619,95442-01-01-01,NS,0.34427489409602674,NS
HI_colours_intensity,RandomForest,1,4U1323-619,95442-01-01-02,NS,0.4164245351695718,NS
HI_colours_intensity,RandomForest,1,4U1323-619,96405-01-01-00,NS,0.22743820617726732,NS
HI_colours_intensity,RandomForest,1,4U1323-619,96405-01-01-01,NS,0.3941959040325325,NS
HI_colours_intensity,RandomForest,1,4U1323-619,96405-01-02-00,NS,0.222151434767249,NS
HI_colours_intensity,RandomForest,1,4U1323-619,96405-01-02-01,NS,0.15722955726314214,NS
HI_colours_intensity,RandomForest,1,4U1323-619,96405-01-04-00,NS,0.1915024832019235,NS
HI_colours_intensity,RandomForest,1,4U1323-619,96405-01-05-00,NS,0.24439363092086822,NS
HI_colours_intensity,RandomForest,1,4U1323-619,96405-01-05-01,NS,0.3489460625951444,NS
HI_colours_intensity,RandomForest,1,4U1323-619,96405-01-05-02,NS,0.09739111254981699,NS
HI_colours_intensity,RandomForest,1,4U1323-619,96405-01-05-03,NS,0.2214615728413207,NS
HI_colours_intensity,RandomForest,2,4U1543-47,70133-01-01-00,BH,0.990989898989899,BH
HI_colours_intensity,RandomForest,2,4U1543-47,70132-01-01-02G,BH,0.8328680948819207,BH
HI_colours_intensity,RandomForest,2,4U1543-47,70133-01-14-00,BH,0.9907348576993286,BH
HI_colours_intensity,RandomForest,2,4U1543-47,70132-01-02-00,BH,0.9966515281369049,BH
HI_colours_intensity,RandomForest,2,4U1543-47,70133-01-10-00,BH,0.9875151645005412,BH
HI_colours_intensity,RandomForest,2,4U1543-47,70133-01-19-00,BH,0.96219093465751,BH
HI_colours_intensity,RandomForest,2,4U1543-47,70133-01-22-00,BH,0.9490783673257193,BH
HI_colours_intensity,RandomForest,2,4U1543-47,70133-01-24-00,BH,0.9497723064006457,BH
HI_colours_intensity,RandomForest,2,4U1543-47,70133-01-27-01,BH,0.8877713412848695,BH
HI_colours_intensity,RandomForest,2,4U1543-47,70133-01-28-00,BH,0.8896002373044073,BH
HI_colours_intensity,RandomForest,2,4U1543-47,70133-01-31-01,BH,0.5153420603337335,BH
HI_colours_intensity,RandomForest,2,4U1543-47,70128-01-01-01,BH,0.25874044572950133,NS
HI_colours_intensity,RandomForest,2,4U1543-47,70124-02-09-00,BH,0.2615372160527187,NS
HI_colours_intensity,RandomForest,2,4U1543-47,70124-02-10-00,BH,0.596639676352019,BH
HI_colours_intensity,RandomForest,2,4U1543-47,70124-02-14-00,BH,0.4355095524644181,NS
HI_colours_intensity,RandomForest,3,4U1608-52,60052-02-03-00,NS,0.03021734121738575,NS
HI_colours_intensity,RandomForest,3,4U1608-52,70059-01-01-00G,NS,0.19055234513676234,NS
HI_colours_intensity,RandomForest,3,4U1608-52,70058-01-32-00,NS,0.020475121120534266,NS
HI_colours_intensity,RandomForest,3,4U1608-52,70069-01-04-03,NS,0.0223728579249498,NS
HI_colours_intensity,RandomForest,3,4U1608-52,90408-01-01-03,NS,0.00172972972972973,NS
HI_colours_intensity,RandomForest,3,4U1608-52,90408-01-03-03,NS,0.07426847070821552,NS
HI_colours_intensity,RandomForest,3,4U1608-52,93408-01-14-00,NS,0.20698414148339916,NS
HI_colours_intensity,RandomForest,3,4U1608-52,93408-01-17-01,NS,0.059976767791550256,NS
HI_colours_intensity,RandomForest,3,4U1608-52,93408-01-22-01,NS,0.011615690224385876,NS
HI_colours_intensity,RandomForest,3,4U1608-52,93408-01-27-03,NS,0.6465972887958604,BH
HI_colours_intensity,RandomForest,3,4U1608-52,93408-01-55-01,NS,0.054171817769467806,NS
HI_colours_intensity,RandomForest,3,4U1608-52,94401-01-03-02,NS,0.0,NS
HI_colours_intensity,RandomForest,3,4U1608-52,94401-01-38-02,NS,0.09612384669834884,NS
HI_colours_intensity,RandomForest,3,4U1608-52,96423-01-03-00,NS,0.02864199220204097,NS
HI_colours_intensity,RandomForest,3,4U1608-52,96423-01-21-03,NS,0.09410475108058534,NS
HI_colours_intensity,RandomForest,4,4U1636-53,50030-02-04-00,NS,0.0,NS
HI_colours_intensity,RandomForest,4,4U1636-53,60032-01-20-000,NS,0.0015238095238095236,NS
HI_colours_intensity,RandomForest,4,4U1636-53,91024-01-74-00,NS,0.08676155237380807,NS
HI_colours_intensity,RandomForest,4,4U1636-53,91024-01-12-10,NS,0.013333416365674429,NS
HI_colours_intensity,RandomForest,4,4U1636-53,92023-01-50-00,NS,0.05776367388005941,NS
HI_colours_intensity,RandomForest,4,4U1636-53,92023-01-79-10,NS,0.035720824309678205,NS
HI_colours_intensity,RandomForest,4,4U1636-53,93087-01-27-00,NS,0.0,NS
HI_colours_intensity,RandomForest,4,4U1636-53,93087-01-80-00,NS,0.060972717218093254,NS
HI_colours_intensity,RandomForest,4,4U1636-53,93087-01-33-20,NS,0.0,NS
HI_colours_intensity,RandomForest,4,4U1636-53,94087-01-16-00,NS,0.05715404694116104,NS
HI_colours_intensity,RandomForest,4,4U1636-53,94087-01-25-10,NS,0.06327283138921692,NS
HI_colours_intensity,RandomForest,4,4U1636-53,94087-01-44-10,NS,0.004565899509295736,NS
HI_colours_intensity,RandomForest,4,4U1636-53,95087-01-47-10,NS,0.06680246096406753,NS
HI_colours_intensity,RandomForest,4,4U1636-53,96087-01-52-00,NS,0.04105072679282052,NS
HI_colours_intensity,RandomForest,4,4U1636-53,96087-01-11-10,NS,0.03837288794556084,NS
HI_colours_intensity,RandomForest,5,4U1702-429,50029-27-01-000,NS,0.02460343379326809,NS
HI_colours_intensity,RandomForest,5,4U1702-429,50030-01-04-00,NS,0.04050318759591221,NS
HI_colours_intensity,RandomForest,5,4U1702-429,50030-01-09-03,NS,0.019344017741329125,NS
HI_colours_intensity,RandomForest,5,4U1702-429,80033-01-01-01,NS,0.031242861309597202,NS
HI_colours_intensity,RandomForest,5,4U1702-429,80033-01-02-000,NS,0.0,NS
HI_colours_intensity,RandomForest,5,4U1702-429,80033-01-04-03,NS,0.0024615384615384616,NS
HI_colours_intensity,RandomForest,5,4U1702-429,80033-01-08-00G,NS,0.011980906899957415,NS
HI_colours_intensity,RandomForest,5,4U1702-429,80033-01-10-04G,NS,0.009348777348777348,NS
HI_colours_intensity,RandomForest,5,4U1702-429,80033-01-11-02,NS,0.003178981937602627,NS
HI_colours_intensity,RandomForest,5,4U1702-429,80033-01-12-02,NS,0.011980906899957415,NS
HI_colours_intensity,RandomForest,5,4U1702-429,80033-01-16-05,NS,0.003178981937602627,NS
HI_colours_intensity,RandomForest,5,4U1702-429,80033-01-18-02,NS,0.026764341250514474,NS
HI_colours_intensity,RandomForest,5,4U1702-429,80033-01-20-01,NS,0.043712039126862653,NS
HI_colours_intensity,RandomForest,5,4U1702-429,80033-01-21-03,NS,0.02714662001282298,NS
HI_colours_intensity,RandomForest,5,4U1702-429,94415-01-01-00,NS,0.030994353615705947,NS
HI_colours_intensity,RandomForest,6,4U1705-44,91039-01-01-61,NS,0.04356332239351107,NS
HI_colours_intensity,RandomForest,6,4U1705-44,90170-01-01-00,NS,0.0012307692307692308,NS
HI_colours_intensity,RandomForest,6,4U1705-44,93060-01-05-00,NS,0.06117359730568687,NS
HI_colours_intensity,RandomForest,6,4U1705-44,93060-01-50-00,NS,0.02912576683512051,NS
HI_colours_intensity,RandomForest,6,4U1705-44,93060-01-77-00,NS,0.00172972972972973,NS
HI_colours_intensity,RandomForest,6,4U1705-44,93060-01-93-00,NS,0.0,NS
HI_colours_intensity,RandomForest,6,4U1705-44,93060-01-45-00,NS,0.010030888030888032,NS
HI_colours_intensity,RandomForest,6,4U1705-44,94060-01-23-00,NS,0.0049832689832689835,NS
HI_colours_intensity,RandomForest,6,4U1705-44,94060-01-46-00,NS,0.0,NS
HI_colours_intensity,RandomForest,6,4U1705-44,94060-01-55-00,NS,0.010844287787684013,NS
HI_colours_intensity,RandomForest,6,4U1705-44,95060-01-35-00,NS,0.08768804860777889,NS
HI_colours_intensity,RandomForest,6,4U1705-44,95060-01-66-00,NS,0.0,NS
HI_colours_intensity,RandomForest,6,4U1705-44,95060-01-78-00,NS,0.00172972972972973,NS
HI_colours_intensity,RandomForest,6,4U1705-44,96060-01-40-00,NS,0.0046152413811988285,NS
HI_colours_intensity,RandomForest,6,4U1705-44,96060-01-73-00,NS,0.00172972972972973,NS
HI_colours_intensity,RandomForest,7,4U1724-307,60034-02-01-01,NS,0.04411866038847686,NS
HI_colours_intensity,RandomForest,7,4U1724-307,50060-05-01-07,NS,0.025120687422717423,NS
HI_colours_intensity,RandomForest,7,4U1724-307,50060-05-01-05,NS,0.045084843963356096,NS
HI_colours_intensity,RandomForest,7,4U1724-307,60034-02-02-02,NS,0.030437849823049076,NS
HI_colours_intensity,RandomForest,7,4U1724-307,60034-02-03-10,NS,0.024164477253383623,NS
HI_colours_intensity,RandomForest,7,4U1724-307,60034-02-05-01,NS,0.04783774312098649,NS
HI_colours_intensity,RandomForest,7,4U1724-307,80105-10-01-00,NS,0.09900449736623294,NS
HI_colours_intensity,RandomForest,7,4U1724-307,80138-06-03-00,NS,0.0,NS
HI_colours_intensity,RandomForest,7,4U1724-307,90058-06-03-00,NS,0.013781660547617995,NS
HI_colours_intensity,RandomForest,7,4U1724-307,91050-07-01-00,NS,0.050552634926110375,NS
HI_colours_intensity,RandomForest,7,4U1724-307,93044-06-04-00,NS,0.025990686279620263,NS
HI_colours_intensity,RandomForest,7,4U1724-307,93044-06-07-00,NS,0.26460313958515735,NS
HI_colours_intensity,RandomForest,7,4U1724-307,93438-01-02-03,NS,0.2403685783525478,NS
HI_colours_intensity,RandomForest,7,4U1724-307,93438-01-04-00,NS,0.2403685783525478,NS
HI_colours_intensity,RandomForest,7,4U1724-307,93438-01-07-01,NS,0.2591900551367794,NS
HI_colours_intensity,RandomForest,8,4U1728-34,50023-01-29-00,NS,0.1962181457889459,NS
HI_colours_intensity,RandomForest,8,4U1728-34,50030-03-05-03,NS,0.16707227398147656,NS
HI_colours_intensity,RandomForest,8,4U1728-34,70028-01-01-08,NS,0.26566396908826256,NS
HI_colours_intensity,RandomForest,8,4U1728-34,70028-01-01-05,NS,0.24130696373792762,NS
HI_colours_intensity,RandomForest,8,4U1728-34,92023-03-08-00,NS,0.002,NS
HI_colours_intensity,RandomForest,8,4U1728-34,92023-03-37-00,NS,0.3129874424372086,NS
HI_colours_intensity,RandomForest,8,4U1728-34,92023-03-76-00,NS,0.038386600313920896,NS
HI_colours_intensity,RandomForest,8,4U1728-34,92023-03-98-00,NS,0.25967506502404214,NS
HI_colours_intensity,RandomForest,8,4U1728-34,92023-03-19-10,NS,0.006696832406186079,NS
HI_colours_intensity,RandomForest,8,4U1728-34,92023-03-30-10,NS,0.17389734502261114,NS
HI_colours_intensity,RandomForest,8,4U1728-34,92023-03-44-00,NS,0.31482980285253187,NS
HI_colours_intensity,RandomForest,8,4U1728-34,92023-03-49-00,NS,0.22637286218652375,NS
HI_colours_intensity,RandomForest,8,4U1728-34,92023-03-70-00,NS,0.291636304663281,NS
HI_colours_intensity,RandomForest,8,4U1728-34,95337-01-02-00,NS,0.004484308484308484,NS
HI_colours_intensity,RandomForest,8,4U1728-34,96322-01-01-05,NS,0.00172972972972973,NS
HI_colours_intensity,RandomForest,9,4U1735-44,50025-02-01-01,NS,0.025492958626808015,NS
HI_colours_intensity,RandomForest,9,4U1735-44,50026-01-01-00,NS,0.010506869241144221,NS
HI_colours_intensity,RandomForest,9,4U1735-44,91152-06-01-10,NS,0.006146889937768692,NS
HI_colours_intensity,RandomForest,9,4U1735-44,91025-01-01-04,NS,0.014819455942795599,NS
HI_colours_intensity,RandomForest,9,4U1735-44,91025-01-04-04,NS,0.01576867553520858,NS
HI_colours_intensity,RandomForest,9,4U1735-44,91025-01-04-06,NS,0.01238024993234181,NS
HI_colours_intensity,RandomForest,9,4U1735-44,91025-01-05-01,NS,0.0,NS
HI_colours_intensity,RandomForest,9,4U1735-44,91025-01-08-07,NS,0.013837798607761591,NS
HI_colours_intensity,RandomForest,9,4U1735-44,91025-01-09-12,NS,0.016174174174174175,NS
HI_colours_intensity,RandomForest,9,4U1735-44,91025-01-09-10,NS,0.0,NS
HI_colours_intensity,RandomForest,9,4U1735-44,91025-01-13-03,NS,0.004285797318055382,NS
HI_colours_intensity,RandomForest,9,4U1735-44,91025-01-13-08,NS,0.006384174440822748,NS
HI_colours_intensity,RandomForest,9,4U1735-44,93200-01-03-01,NS,0.006384174440822748,NS
HI_colours_intensity,RandomForest,9,4U1735-44,96325-01-01-04,NS,0.008502407445803674,NS
HI_colours_intensity,RandomForest,9,4U1735-44,96331-01-02-01,NS,0.012754939813763343,NS
HI_colours_intensity,RandomForest,10,4U1746-371,60044-02-01-10,NS,0.0012307692307692308,NS
HI_colours_intensity,RandomForest,10,4U1746-371,60044-02-01-05,NS,0.0068708596368170834,NS
HI_colours_intensity,RandomForest,10,4U1746-371,60044-02-01-07,NS,0.017737853536069045,NS
HI_colours_intensity,RandomForest,10,4U1746-371,60044-02-01-06,NS,0.0016551724137931034,NS
HI_colours_intensity,RandomForest,10,4U1746-371,60044-02-02-00,NS,0.00670279146141215,NS
HI_colours_intensity,RandomForest,10,4U1746-371,60044-02-02-010,NS,0.0,NS
HI_colours_intensity,RandomForest,10,4U1746-371,60044-02-02-09,NS,0.0,NS
HI_colours_intensity,RandomForest,10,4U1746-371,60044-02-02-10,NS,0.0016551724137931034,NS
HI_colours_intensity,RandomForest,10,4U1746-371,70050-01-01-03,NS,0.003905763430341567,NS
HI_colours_intensity,RandomForest,10,4U1746-371,70050-01-01-06,NS,0.0068708596368170834,NS
HI_colours_intensity,RandomForest,10,4U1746-371,70050-01-01-00,NS,0.005985347985347986,NS
HI_colours_intensity,RandomForest,10,4U1746-371,70050-01-01-08,NS,0.007802197802197802,NS
HI_colours_intensity,RandomForest,10,4U1746-371,90044-01-02-01,NS,0.0025924713584288056,NS
HI_colours_intensity,RandomForest,10,4U1746-371,90044-01-04-000,NS,0.0016551724137931034,NS
HI_colours_intensity,RandomForest,10,4U1746-371,90044-01-04-00,NS,0.12164510526790587,NS
HI_colours_intensity,RandomForest,11,4U1820-30,40017-01-21-02,NS,0.0010322580645161293,NS
HI_colours_intensity,RandomForest,11,4U1820-30,60030-01-02-01,NS,0.13393856950088165,NS
HI_colours_intensity,RandomForest,11,4U1820-30,70030-03-03-00,NS,0.16956081116667604,NS
HI_colours_intensity,RandomForest,11,4U1820-30,70030-03-05-00,NS,0.05718885038668485,NS
HI_colours_intensity,RandomForest,11,4U1820-30,90027-01-01-06,NS,0.012141578750274402,NS
HI_colours_intensity,RandomForest,11,4U1820-30,90027-01-03-00,NS,0.02108319622071744,NS
HI_colours_intensity,RandomForest,11,4U1820-30,90027-01-04-04,NS,0.0030476190476190473,NS
HI_colours_intensity,RandomForest,11,4U1820-30,92030-02-02-00,NS,0.1341798967938284,NS
HI_colours_intensity,RandomForest,11,4U1820-30,91152-04-01-00,NS,0.008095238095238095,NS
HI_colours_intensity,RandomForest,11,4U1820-30,92030-02-05-00,NS,0.0015238095238095236,NS
HI_colours_intensity,RandomForest,11,4U1820-30,94090-01-01-00,NS,0.044244231343225304,NS
HI_colours_intensity,RandomForest,11,4U1820-30,94090-01-02-01,NS,0.06198773612578972,NS
HI_colours_intensity,RandomForest,11,4U1820-30,92030-02-12-00,NS,0.04954831528507196,NS
HI_colours_intensity,RandomForest,11,4U1820-30,96090-01-01-020,NS,0.007327887303541594,NS
HI_colours_intensity,RandomForest,11,4U1820-30,96324-01-02-01,NS,0.018486165915735365,NS
HI_colours_intensity,RandomForest,12,4U1915-05,50026-03-01-00,NS,0.05371450725311265,NS
HI_colours_intensity,RandomForest,12,4U1915-05,50026-03-01-01,NS,0.011190054086735934,NS
HI_colours_intensity,RandomForest,12,4U1915-05,70034-02-01-01,NS,0.12777131135570455,NS
HI_colours_intensity,RandomForest,12,4U1915-05,70034-02-01-00,NS,0.22142494301380522,NS
HI_colours_intensity,RandomForest,12,4U1915-05,70034-02-02-01,NS,0.026910120438769895,NS
HI_colours_intensity,RandomForest,12,4U1915-05,70034-02-02-00,NS,0.05800042194530581,NS
HI_colours_intensity,RandomForest,13,AQLX1,50049-02-06-01,NS,0.04564400310288088,NS
HI_colours_intensity,RandomForest,13,AQLX1,50049-02-15-06,NS,0.10410975000295435,NS
HI_colours_intensity,RandomForest,13,AQLX1,60054-02-03-03,NS,0.0035238095238095237,NS
HI_colours_intensity,RandomForest,13,AQLX1,70069-03-01-00,NS,0.154525285708046,NS
HI_colours_intensity,RandomForest,13,AQLX1,80403-01-03-00,NS,0.8199021813001227,BH
HI_colours_intensity,RandomForest,13,AQLX1,90017-11-06-00,NS,0.40524693990735833,NS
HI_colours_intensity,RandomForest,13,AQLX1,91028-01-29-00,NS,0.2909666458937148,NS
HI_colours_intensity,RandomForest,13,AQLX1,92034-01-02-00,NS,0.19390894033810108,NS
HI_colours_intensity,RandomForest,13,AQLX1,93076-01-02-00,NS,0.12323322652322852,NS
HI_colours_intensity,RandomForest,13,AQLX1,92438-01-02-02,NS,0.6772783576511551,BH
HI_colours_intensity,RandomForest,13,AQLX1,94076-01-03-04,NS,0.6513307803628084,BH
HI_colours_intensity,RandomForest,13,AQLX1,94441-01-01-00,NS,0.1538076571884373,NS
HI_colours_intensity,RandomForest,13,AQLX1,95413-01-02-01,NS,0.09991701762662313,NS
HI_colours_intensity,RandomForest,13,AQLX1,96440-01-05-02,NS,0.0779362804238697,NS
HI_colours_intensity,RandomForest,13,AQLX1,96440-01-08-06,NS,0.07096685805171483,NS
HI_colours_intensity,RandomForest,14,CYGX2,40019-04-05-09,NS,0.16430785549160593,NS
HI_colours_intensity,RandomForest,14,CYGX2,80018-02-01-00G,NS,0.7750064585173987,BH
HI_colours_intensity,RandomForest,14,CYGX2,90030-01-23-00,NS,0.492961855876719,NS
HI_colours_intensity,RandomForest,14,CYGX2,90030-01-45-00,NS,0.04935112801109287,NS
HI_colours_intensity,RandomForest,14,CYGX2,90030-01-55-01,NS,0.04895256826251063,NS
HI_colours_intensity,RandomForest,14,CYGX2,91010-01-01-05,NS,0.724217529373307,BH
HI_colours_intensity,RandomForest,14,CYGX2,91009-01-28-01,NS,0.485141225443509,NS
HI_colours_intensity,RandomForest,14,CYGX2,90030-01-15-00,NS,0.006740584115237215,NS
HI_colours_intensity,RandomForest,14,CYGX2,90030-01-09-00,NS,0.05604018936615106,NS
HI_colours_intensity,RandomForest,14,CYGX2,92039-01-04-01,NS,0.16052953169624123,NS
HI_colours_intensity,RandomForest,14,CYGX2,92038-01-06-01,NS,0.5695607776599515,BH
HI_colours_intensity,RandomForest,14,CYGX2,93082-02-02-01,NS,0.1411306127359766,NS
HI_colours_intensity,RandomForest,14,CYGX2,93443-01-01-09,NS,0.8597232229033462,BH
HI_colours_intensity,RandomForest,14,CYGX2,95345-01-06-00,NS,0.6554145534893817,BH
HI_colours_intensity,RandomForest,14,CYGX2,95345-01-40-00,NS,0.04948387978479836,NS
HI_colours_intensity,RandomForest,15,EXO0748-676,50045-06-05-00,NS,0.06096602443164304,NS
HI_colours_intensity,RandomForest,15,EXO0748-676,70048-03-02-00,NS,0.3161564512385014,NS
HI_colours_intensity,RandomForest,15,EXO0748-676,60042-03-01-00,NS,0.3004555037668418,NS
HI_colours_intensity,RandomForest,15,EXO0748-676,70047-02-01-03,NS,0.3455514183667753,NS
HI_colours_intensity,RandomForest,15,EXO0748-676,70048-13-12-00,NS,0.3117020277565442,NS
HI_colours_intensity,RandomForest,15,EXO0748-676,80040-01-09-01,NS,0.27362721598509,NS
HI_colours_intensity,RandomForest,15,EXO0748-676,90039-01-03-02,NS,0.05292848137211003,NS
HI_colours_intensity,RandomForest,15,EXO0748-676,90039-01-04-01,NS,0.3468186420542086,NS
HI_colours_intensity,RandomForest,15,EXO0748-676,91035-01-04-09,NS,0.17773321584768825,NS
HI_colours_intensity,RandomForest,15,EXO0748-676,92019-01-05-02,NS,0.07695425342761102,NS
HI_colours_intensity,RandomForest,15,EXO0748-676,92019-01-06-03,NS,0.24803411457831084,NS
HI_colours_intensity,RandomForest,15,EXO0748-676,92019-01-16-00,NS,0.11400904004817557,NS
HI_colours_intensity,RandomForest,15,EXO0748-676,92019-01-18-01,NS,0.43835181402764284,NS
HI_colours_intensity,RandomForest,15,EXO0748-676,92019-01-26-01,NS,0.4215707124026444,NS
HI_colours_intensity,RandomForest,15,EXO0748-676,92040-03-01-00,NS,0.4170766627889061,NS
HI_colours_intensity,RandomForest,16,GROJ1655-40,90428-01-01-07,BH,0.9361033604515133,BH
HI_colours_intensity,RandomForest,16,GROJ1655-40,91702-01-02-03,BH,0.9462348463593039,BH
HI_colours_intensity,RandomForest,16,GROJ1655-40,91702-01-22-00,BH,0.6528945416906758,BH
HI_colours_intensity,RandomForest,16,GROJ1655-40,91702-01-22-03,BH,0.6355279009096231,BH
HI_colours_intensity,RandomForest,16,GROJ1655-40,91702-01-43-00,BH,0.7025601368433834,BH
HI_colours_intensity,RandomForest,16,GROJ1655-40,91702-01-51-02,BH,0.7025601368433834,BH
HI_colours_intensity,RandomForest,16,GROJ1655-40,91702-01-56-03,BH,0.8603976337993584,BH
HI_colours_intensity,RandomForest,16,GROJ1655-40,91702-01-66-05,BH,0.9665647032775011,BH
HI_colours_intensity,RandomForest,16,GROJ1655-40,91702-01-78-00,BH,0.986532053994284,BH
HI_colours_intensity,RandomForest,16,GROJ1655-40,91702-01-01-13,BH,0.7805627330029883,BH
HI_colours_intensity,RandomForest,16,GROJ1655-40,91702-01-17-11,BH,0.8811621921751556,BH
HI_colours_intensity,RandomForest,16,GROJ1655-40,91702-01-39-10,BH,0.959481439121149,BH
HI_colours_intensity,RandomForest,16,GROJ1655-40,91702-01-48-10,BH,0.9312272018966608,BH
HI_colours_intensity,RandomForest,16,GROJ1655-40,91702-01-81-00,BH,0.563959980625262,BH
HI_colours_intensity,RandomForest,16,GROJ1655-40,91702-01-86-04,BH,0.9088793436936297,BH
HI_colours_intensity,RandomForest,17,GRS1915+105,50703-01-11-00,BH,0.4209839868226247,NS
HI_colours_intensity,RandomForest,17,GRS1915+105,50703-01-62-01,BH,0.40832680114716713,NS
HI_colours_intensity,RandomForest,17,GRS1915+105,60701-01-13-03,BH,0.15559760267184944,NS
HI_colours_intensity,RandomForest,17,GRS1915+105,70702-01-02-00,BH,0.4046074583106243,NS
HI_colours_intensity,RandomForest,17,GRS1915+105,70702-01-21-01,BH,0.43260520433457217,NS
HI_colours_intensity,RandomForest,17,GRS1915+105,80127-04-01-02,BH,0.14537655083410123,NS
HI_colours_intensity,RandomForest,17,GRS1915+105,90701-01-16-00,BH,0.27109373789862723,NS
HI_colours_intensity,RandomForest,17,GRS1915+105,90701-01-40-00,BH,0.13117609940143504,NS
HI_colours_intensity,RandomForest,17,GRS1915+105,90024-02-37-00,BH,0.2838200959675049,NS
HI_colours_intensity,RandomForest,17,GRS1915+105,92702-01-06-00,BH,0.43318804670029,NS
HI_colours_intensity,RandomForest,17,GRS1915+105,80701-01-53-00,BH,0.456251470298359,NS
HI_colours_intensity,RandomForest,17,GRS1915+105,93701-01-08-00,BH,0.7969191900335316,BH
HI_colours_intensity,RandomForest,17,GRS1915+105,91701-01-83-00,BH,0.4113657121231408,NS
HI_colours_intensity,RandomForest,17,GRS1915+105,95701-01-44-00,BH,0.417267843782954,NS
HI_colours_intensity,RandomForest,17,GRS1915+105,96701-01-39-00,BH,0.14759760267184943,NS
HI_colours_intensity,RandomForest,18,GS1826-238,50035-01-02-00,NS,0.10329197071593535,NS
HI_colours_intensity,RandomForest,18,GS1826-238,50035-01-03-02,NS,0.6019381025395385,BH
HI_colours_intensity,RandomForest,18,GS1826-238,50035-01-03-04,NS,0.12178144551880976,NS
HI_colours_intensity,RandomForest,18,GS1826-238,50035-01-03-090,NS,0.10166243613041047,NS
HI_colours_intensity,RandomForest,18,GS1826-238,80048-01-01-09,NS,0.10936351920614662,NS
HI_colours_intensity,RandomForest,18,GS1826-238,80048-01-01-14,NS,0.09421291355588415,NS
HI_colours_intensity,RandomForest,18,GS1826-238,80049-01-01-00,NS,0.07997408139804603,NS
HI_colours_intensity,RandomForest,18,GS1826-238,90043-01-01-02,NS,0.09925950995286452,NS
HI_colours_intensity,RandomForest,18,GS1826-238,70044-01-03-00,NS,0.38042485268192416,NS
HI_colours_intensity,RandomForest,18,GS1826-238,92703-01-04-02,NS,0.0709466557452735,NS
HI_colours_intensity,RandomForest,18,GS1826-238,70044-01-04-00,NS,0.08377053790381168,NS
HI_colours_intensity,RandomForest,18,GS1826-238,91017-01-02-05,NS,0.09502407715735094,NS
HI_colours_intensity,RandomForest,18,GS1826-238,91017-01-02-03,NS,0.04904863760547381,NS
HI_colours_intensity,RandomForest,18,GS1826-238,91017-01-02-10,NS,0.13285972838430649,NS
HI_colours_intensity,RandomForest,18,GS1826-238,96306-01-01-01,NS,0.17385854291308692,NS
HI_colours_intensity,RandomForest,19,GX17+2,70023-01-01-01,NS,0.5786786083007784,BH
HI_colours_intensity,RandomForest,19,GX17+2,80022-01-01-09,NS,0.3108983040310791,NS
HI_colours_intensity,RandomForest,19,GX17+2,80022-01-01-03,NS,0.5706470629917303,BH
HI_colours_intensity,RandomForest,19,GX17+2,80022-01-01-02,NS,0.4543469151743409,NS
HI_colours_intensity,RandomForest,19,GX17+2,80022-01-03-01,NS,0.30066875371266694,NS
HI_colours_intensity,RandomForest,19,GX17+2,90022-07-03-00,NS,0.6167821048278376,BH
HI_colours_intensity,RandomForest,19,GX17+2,90022-07-04-02,NS,0.585154798776969,BH
HI_colours_intensity,RandomForest,19,GX17+2,92042-01-02-00G,NS,0.2228899513656621,NS
HI_colours_intensity,RandomForest,19,GX17+2,92042-01-05-01,NS,0.2871104553701706,NS
HI_colours_intensity,RandomForest,19,GX17+2,93406-11-01-00,NS,0.28731860543392745,NS
HI_colours_intensity,RandomForest,19,GX17+2,93439-01-05-01,NS,0.3656285437047151,NS
HI_colours_intensity,RandomForest,19,GX17+2,93439-01-06-00,NS,0.574402837222395,BH
HI_colours_intensity,RandomForest,19,GX17+2,95318-01-02-01,NS,0.17428752093588165,NS
HI_colours_intensity,RandomForest,19,GX17+2,96310-01-01-000,NS,0.32035776349053857,NS
HI_colours_intensity,RandomForest,19,GX17+2,96310-01-01-02,NS,0.28958664584636107,NS
HI_colours_intensity,RandomForest,20,GX3+1,60022-01-01-01,NS,0.056133303959452735,NS
HI_colours_intensity,RandomForest,20,GX3+1,60022-01-02-01,NS,0.05804793366045792,NS
HI_colours_intensity,RandomForest,20,GX3+1,60022-01-04-03,NS,0.02919831452110817,NS
HI_colours_intensity,RandomForest,20,GX3+1,60022-01-04-04,NS,0.0600115764390841,NS
HI_colours_intensity,RandomForest,20,GX3+1,60022-01-05-01,NS,0.0,NS
HI_colours_intensity,RandomForest,20,GX3+1,60022-01-06-05,NS,0.08186142607025099,NS
HI_colours_intensity,RandomForest,20,GX3+1,60022-01-06-13,NS,0.043587061740319906,NS
HI_colours_intensity,RandomForest,20,GX3+1,60022-01-07-02,NS,0.0,NS
HI_colours_intensity,RandomForest,20,GX3+1,60022-01-08-03,NS,0.005047619047619047,NS
HI_colours_intensity,RandomForest,20,GX3+1,60022-01-10-03,NS,0.03578698405317393,NS
HI_colours_intensity,RandomForest,20,GX3+1,60022-01-10-04,NS,0.06330147291399718,NS
HI_colours_intensity,RandomForest,20,GX3+1,60022-01-13-01,NS,0.11190415043453791,NS
HI_colours_intensity,RandomForest,20,GX3+1,90022-05-05-00,NS,0.013272228868659891,NS
HI_colours_intensity,RandomForest,20,GX3+1,90022-05-06-00,NS,0.04719078507775168,NS
HI_colours_intensity,RandomForest,20,GX3+1,94307-05-01-02,NS,0.015763780327953288,NS
HI_colours_intensity,RandomForest,21,GX339-4,40031-03-03-04,BH,0.9500334543425494,BH
HI_colours_intensity,RandomForest,21,GX339-4,70110-01-54-00,BH,0.9248399055766678,BH
HI_colours_intensity,RandomForest,21,GX339-4,80102-04-56-00,BH,0.6483697396977379,BH
HI_colours_intensity,RandomForest,21,GX339-4,80132-01-22-00,BH,0.8010171525728903,BH
HI_colours_intensity,RandomForest,21,GX339-4,90704-01-05-00,BH,0.9624369968556923,BH
HI_colours_intensity,RandomForest,21,GX339-4,92034-08-01-00,BH,0.6652400881517115,BH
HI_colours_intensity,RandomForest,21,GX339-4,92035-01-03-03,BH,0.7555108176583539,BH
HI_colours_intensity,RandomForest,21,GX339-4,92704-03-13-00,BH,0.26253482033052045,NS
HI_colours_intensity,RandomForest,21,GX339-4,92704-03-22-00,BH,0.014592542892416566,NS
HI_colours_intensity,RandomForest,21,GX339-4,92704-03-45-01,BH,0.563233387368946,BH
HI_colours_intensity,RandomForest,21,GX339-4,93108-01-01-02,BH,0.5664617686167907,BH
HI_colours_intensity,RandomForest,21,GX339-4,95409-01-02-02,BH,0.964419400409822,BH
HI_colours_intensity,RandomForest,21,GX339-4,95409-01-20-00,BH,0.9269153109940573,BH
HI_colours_intensity,RandomForest,21,GX339-4,95409-01-29-00,BH,0.8738231558994645,BH
HI_colours_intensity,RandomForest,21,GX339-4,96409-01-10-02,BH,0.5832210888266615,BH
HI_colours_intensity,RandomForest,22,HETEJ1900.1-245,91015-01-07-00,NS,0.2532387242330839,NS
HI_colours_intensity,RandomForest,22,HETEJ1900.1-245,91059-03-03-00,NS,0.32334244194375544,NS
HI_colours_intensity,RandomForest,22,HETEJ1900.1-245,91057-01-07-04,NS,0.08030530274493682,NS
HI_colours_intensity,RandomForest,22,HETEJ1900.1-245,92049-01-05-00,NS,0.20690025349865662,NS
HI_colours_intensity,RandomForest,22,HETEJ1900.1-245,92049-01-07-00,NS,0.024836083912302607,NS
HI_colours_intensity,RandomForest,22,HETEJ1900.1-245,92049-01-40-00,NS,0.14073189624832838,NS
HI_colours_intensity,RandomForest,22,HETEJ1900.1-245,92049-01-56-00,NS,0.0,NS
HI_colours_intensity,RandomForest,22,HETEJ1900.1-245,93030-01-14-00,NS,0.3258491346026492,NS
HI_colours_intensity,RandomForest,22,HETEJ1900.1-245,93030-01-47-00,NS,0.6203952745307628,BH
HI_colours_intensity,RandomForest,22,HETEJ1900.1-245,94030-01-05-00,NS,0.2364583602759615,NS
HI_colours_intensity,RandomForest,22,HETEJ1900.1-245,94030-01-27-00,NS,0.10861152383400251,NS
HI_colours_intensity,RandomForest,22,HETEJ1900.1-245,94030-01-36-00,NS,0.08277327616716895,NS
HI_colours_intensity,RandomForest,22,HETEJ1900.1-245,95030-01-16-00,NS,0.08666268170120643,NS
HI_colours_intensity,RandomForest,22,HETEJ1900.1-245,96030-01-01-01,NS,0.1605992581536605,NS
HI_colours_intensity,RandomForest,22,HETEJ1900.1-245,96030-01-25-00,NS,0.681680050835122,BH
HI_colours_intensity,RandomForest,23,KS1731-260,50031-02-01-09,NS,0.13500372490634202,NS
HI_colours_intensity,RandomForest,23,KS1731-260,50031-02-01-12,NS,0.1355730783327345,NS
HI_colours_intensity,RandomForest,23,KS1731-260,50031-02-01-02,NS,0.12157406917870321,NS
HI_colours_intensity,RandomForest,23,KS1731-260,50031-02-01-05,NS,0.15815348869281212,NS
HI_colours_intensity,RandomForest,23,KS1731-260,50031-02-01-08,NS,0.11380089352829162,NS
HI_colours_intensity,RandomForest,23,KS1731-260,50031-02-02-06,NS,0.13802786496274014,NS
HI_colours_intensity,RandomForest,23,KS1731-260,50031-02-02-02,NS,0.29656710084089705,NS
HI_colours_intensity,RandomForest,23,KS1731-260,50031-02-02-03,NS,0.0563641658327158,NS
HI_colours_intensity,RandomForest,23,KS1731-260,50031-02-02-080,NS,0.12857788951498447,NS
HI_colours_intensity,RandomForest,23,KS1731-260,50031-02-03-00,NS,0.04236502728407781,NS
HI_colours_intensity,RandomForest,23,KS1731-260,50031-02-03-05,NS,0.28457666686410904,NS
HI_colours_intensity,RandomForest,23,KS1731-260,50031-02-03-04,NS,0.33315230691350517,NS
HI_colours_intensity,RandomForest,23,KS1731-260,50031-02-03-07,NS,0.3434461020648492,NS
HI_colours_intensity,RandomForest,23,KS1731-260,50031-02-03-08,NS,0.06214562867716406,NS
HI_colours_intensity,RandomForest,23,KS1731-260,50031-02-03-01,NS,0.5710264061552612,BH
HI_colours_intensity,RandomForest,24,MXB1658-298,50410-01-01-00,NS,0.10905896839629094,NS
HI_colours_intensity,RandomForest,24,MXB1658-298,50410-01-04-00,NS,0.0030476190476190473,NS
HI_colours_intensity,RandomForest,24,MXB1658-298,50410-01-05-00,NS,0.009261657261657263,NS
HI_colours_intensity,RandomForest,24,MXB1658-298,50410-01-08-00,NS,0.2955416701105024,NS
HI_colours_intensity,RandomForest,24,MXB1658-298,50410-01-09-00,NS,0.31456583580787995,NS
HI_colours_intensity,RandomForest,24,MXB1658-298,60048-01-02-00,NS,0.08755972859454243,NS
HI_colours_intensity,RandomForest,24,MXB1658-298,60048-01-04-00,NS,0.012991386991386992,NS
HI_colours_intensity,RandomForest,24,MXB1658-298,60048-02-01-00,NS,0.0030476190476190473,NS
HI_colours_intensity,RandomForest,24,MXB1658-298,60048-02-03-00,NS,0.03435711300252614,NS
HI_colours_intensity,RandomForest,24,MXB1658-298,60048-03-01-00,NS,0.0030476190476190473,NS
HI_colours_intensity,RandomForest,24,MXB1658-298,60048-03-02-00,NS,0.03839618504159819,NS
HI_colours_intensity,RandomForest,24,MXB1658-298,60048-03-05-00,NS,0.004777348777348777,NS
HI_colours_intensity,RandomForest,24,MXB1658-298,60048-04-01-00,NS,0.15749447123554705,NS
HI_colours_intensity,RandomForest,24,MXB1658-298,60048-04-03-00,NS,0.3772395837815695,NS
HI_colours_intensity,RandomForest,24,MXB1658-298,60048-04-05-00,NS,0.5715758062829241,BH
HI_colours_intensity,RandomForest,25,SAXJ1808.4-3658,70080-01-02-04,NS,0.06887146390632062,NS
HI_colours_intensity,RandomForest,25,SAXJ1808.4-3658,70080-01-02-22,NS,0.15930017444720188,NS
HI_colours_intensity,RandomForest,25,SAXJ1808.4-3658,70080-01-03-010,NS,0.20062589731414585,NS
HI_colours_intensity,RandomForest,25,SAXJ1808.4-3658,70080-02-01-03,NS,0.46629201112450536,NS
HI_colours_intensity,RandomForest,25,SAXJ1808.4-3658,70080-02-02-35,NS,0.3280474475765211,NS
HI_colours_intensity,RandomForest,25,SAXJ1808.4-3658,70080-02-02-12,NS,0.09213550584977848,NS
HI_colours_intensity,RandomForest,25,SAXJ1808.4-3658,70080-03-13-00,NS,0.3806582212393392,NS
HI_colours_intensity,RandomForest,25,SAXJ1808.4-3658,70080-03-20-13,NS,0.07930297154223635,NS
HI_colours_intensity,RandomForest,25,SAXJ1808.4-3658,70080-03-22-00,NS,0.5823670362554381,BH
HI_colours_intensity,RandomForest,25,SAXJ1808.4-3658,91056-01-03-05,NS,0.22120852637969315,NS
HI_colours_intensity,RandomForest,25,SAXJ1808.4-3658,91418-01-04-00,NS,0.5817448401885887,BH
HI_colours_intensity,RandomForest,25,SAXJ1808.4-3658,93027-01-01-03,NS,0.13133000198213723,NS
HI_colours_intensity,RandomForest,25,SAXJ1808.4-3658,93027-01-05-08,NS,0.7758445768613365,BH
HI_colours_intensity,RandomForest,25,SAXJ1808.4-3658,96027-01-01-00,NS,0.06634739354177506,NS
HI_colours_intensity,RandomForest,25,SAXJ1808.4-3658,96027-01-02-00,NS,0.07043672869190504,NS
HI_colours_intensity,RandomForest,26,SLX1735-269,60034-01-01-00,NS,0.03099508512411738,NS
HI_colours_intensity,RandomForest,26,SLX1735-269,60034-01-02-02,NS,0.014586316360186162,NS
HI_colours_intensity,RandomForest,26,SLX1735-269,60034-01-03-01,NS,0.003655172413793103,NS
HI_colours_intensity,RandomForest,26,SLX1735-269,80138-03-01-00,NS,0.005335130278526504,NS
HI_colours_intensity,RandomForest,26,SLX1735-269,80138-03-02-00,NS,0.012633445306657089,NS
HI_colours_intensity,RandomForest,26,SLX1735-269,80138-03-07-01,NS,0.0,NS
HI_colours_intensity,RandomForest,26,SLX1735-269,80138-03-07-03,NS,0.0033351302785265048,NS
HI_colours_intensity,RandomForest,26,SLX1735-269,90058-05-01-02,NS,0.003384902143522833,NS
HI_colours_intensity,RandomForest,26,SLX1735-269,92052-02-02-00,NS,0.0882354716916022,NS
HI_colours_intensity,RandomForest,26,SLX1735-269,96429-01-02-02,NS,0.19537549727291656,NS
HI_colours_intensity,RandomForest,26,SLX1735-269,96429-01-03-01,NS,0.12505230668509712,NS
HI_colours_intensity,RandomForest,26,SLX1735-269,96429-01-05-00,NS,0.18137677156335183,NS
HI_colours_intensity,RandomForest,26,SLX1735-269,96429-01-06-01,NS,0.18319487521550676,NS
HI_colours_intensity,RandomForest,26,SLX1735-269,96429-01-07-01,NS,0.13826302720156958,NS
HI_colours_intensity,RandomForest,26,SLX1735-269,96429-01-08-03,NS,0.08412419042638196,NS
HI_colours_intensity,RandomForest,27,XTEJ1118+480,50407-01-07-01,BH,0.21398397691033197,NS
HI_colours_intensity,RandomForest,27,XTEJ1118+480,50407-01-09-00,BH,0.23057776303118682,NS
HI_colours_intensity,RandomForest,27,XTEJ1118+480,50407-01-10-01,BH,0.28478096222496646,NS
HI_colours_intensity,RandomForest,27,XTEJ1118+480,50133-01-05-00,BH,0.19593456379921045,NS
HI_colours_intensity,RandomForest,27,XTEJ1118+480,50407-01-13-02,BH,0.003152473641524736,NS
HI_colours_intensity,RandomForest,27,XTEJ1118+480,50133-01-04-01,BH,0.16219443365034908,NS
HI_colours_intensity,RandomForest,27,XTEJ1118+480,50407-01-14-02,BH,0.0913566744504682,NS
HI_colours_intensity,RandomForest,27,XTEJ1118+480,50407-01-16-00,BH,0.3018492873218616,NS
HI_colours_intensity,RandomForest,27,XTEJ1118+480,90011-01-01-08,BH,0.23216144332849975,NS
HI_colours_intensity,RandomForest,27,XTEJ1118+480,90011-01-01-10,BH,0.86431816043501,BH
HI_colours_intensity,RandomForest,27,XTEJ1118+480,90011-01-01-05,BH,0.16863169460326383,NS
HI_colours_intensity,RandomForest,27,XTEJ1118+480,90111-01-02-06,BH,0.06722971765815153,NS
HI_colours_intensity,RandomForest,27,XTEJ1118+480,90111-01-02-15,BH,0.07601906469507387,NS
HI_colours_intensity,RandomForest,27,XTEJ1118+480,90111-01-02-07,BH,0.1349373924939645,NS
HI_colours_intensity,RandomForest,27,XTEJ1118+480,90111-01-03-02,BH,0.3639446128738563,NS
HI_colours_intensity,RandomForest,28,XTEJ1550-564,50135-01-02-00,BH,0.41020409891889625,NS
HI_colours_intensity,RandomForest,28,XTEJ1550-564,50135-01-08-00,BH,0.9052235516189746,BH
HI_colours_intensity,RandomForest,28,XTEJ1550-564,50135-01-15-00,BH,0.17012165332723914,NS
HI_colours_intensity,RandomForest,28,XTEJ1550-564,50135-01-19-00,BH,0.40721865869450613,NS
HI_colours_intensity,RandomForest,28,XTEJ1550-564,50135-01-23-00,BH,0.2690451140173681,NS
HI_colours_intensity,RandomForest,28,XTEJ1550-564,50137-02-09-00,BH,0.8425887939290416,BH
HI_colours_intensity,RandomForest,28,XTEJ1550-564,60428-01-03-00,BH,0.7894076567762224,BH
HI_colours_intensity,RandomForest,28,XTEJ1550-564,60428-01-05-00,BH,0.9141030086199883,BH
HI_colours_intensity,RandomForest,28,XTEJ1550-564,60428-01-09-00,BH,0.9080778292208597,BH
HI_colours_intensity,RandomForest,28,XTEJ1550-564,60428-01-15-00,BH,0.25857204997487065,NS
HI_colours_intensity,RandomForest,28,XTEJ1550-564,80135-01-01-01,BH,0.7041121289149651,BH
HI_colours_intensity,RandomForest,28,XTEJ1550-564,80135-01-02-01,BH,0.6945666743695107,BH
HI_colours_intensity,RandomForest,28,XTEJ1550-564,80135-01-03-10,BH,0.7617815304376897,BH
HI_colours_intensity,RandomForest,28,XTEJ1550-564,80135-01-04-02,BH,0.7489308555900492,BH
HI_colours_intensity,RandomForest,28,XTEJ1550-564,80135-01-05-10,BH,0.7309286676812563,BH
HI_colours_intensity,RandomForest,29,XTEJ1650-500,60113-01-06-00,BH,0.55866848692213,BH
HI_colours_intensity,RandomForest,29,XTEJ1650-500,60113-01-09-00,BH,0.4841948104705101,NS
HI_colours_intensity,RandomForest,29,XTEJ1650-500,60113-01-11-01,BH,0.42852864973745125,NS
HI_colours_intensity,RandomForest,29,XTEJ1650-500,60113-01-15-00,BH,0.825555293775136,BH
HI_colours_intensity,RandomForest,29,XTEJ1650-500,60113-01-23-00,BH,0.8410841437651045,BH
HI_colours_intensity,RandomForest,29,XTEJ1650-500,60113-01-27-00,BH,0.9680873079224723,BH
HI_colours_intensity,RandomForest,29,XTEJ1650-500,60113-01-29-02,BH,0.8932776920084996,BH
HI_colours_intensity,RandomForest,29,XTEJ1650-500,60113-01-34-00,BH,0.8415659980181697,BH
HI_colours_intensity,RandomForest,29,XTEJ1650-500,60113-01-36-00,BH,0.8605173191730099,BH
HI_colours_intensity,RandomForest,29,XTEJ1650-500,60113-01-38-00,BH,0.8335609229039497,BH
HI_colours_intensity,RandomForest,29,XTEJ1650-500,60118-02-08-00,BH,0.7822220922065803,BH
HI_colours_intensity,RandomForest,29,XTEJ1650-500,60118-02-14-00,BH,0.365054107228338,NS
HI_colours_intensity,RandomForest,29,XTEJ1650-500,60118-02-20-00,BH,0.7685664734757727,BH
HI_colours_intensity,RandomForest,29,XTEJ1650-500,60118-02-28-00,BH,0.4920671952816729,NS
HI_colours_intensity,RandomForest,29,XTEJ1650-500,70124-01-02-00,BH,0.6279538213818141,BH
HI_colours_intensity,RandomForest,30,XTEJ1814-338,80138-04-02-00,NS,0.16150542330580006,NS
HI_colours_intensity,RandomForest,30,XTEJ1814-338,80145-02-01-01,NS,0.19555247429967135,NS
HI_colours_intensity,RandomForest,30,XTEJ1814-338,80418-01-01-07,NS,0.2737199543971447,NS
HI_colours_intensity,RandomForest,30,XTEJ1814-338,80418-01-02-00,NS,0.6243030703661238,BH
HI_colours_intensity,RandomForest,30,XTEJ1814-338,80418-01-02-08,NS,0.42167538734223076,NS
HI_colours_intensity,RandomForest,30,XTEJ1814-338,80418-01-02-05,NS,0.5904624078135781,BH
HI_colours_intensity,RandomForest,30,XTEJ1814-338,80418-01-03-02,NS,0.6718364045299942,BH
HI_colours_intensity,RandomForest,30,XTEJ1814-338,80418-01-03-08,NS,0.755656785182409,BH
HI_colours_intensity,RandomForest,30,XTEJ1814-338,80418-01-04-03,NS,0.5966197441757355,BH
HI_colours_intensity,RandomForest,30,XTEJ1814-338,80418-01-05-00,NS,0.6173869168127255,BH
HI_colours_intensity,RandomForest,30,XTEJ1814-338,80418-01-05-08,NS,0.07857760115795652,NS
HI_colours_intensity,RandomForest,30,XTEJ1814-338,80418-01-06-00,NS,0.582762801889202,BH
HI_colours_intensity,RandomForest,30,XTEJ1814-338,80418-01-06-02,NS,0.8283179100997144,BH
HI_colours_intensity,RandomForest,30,XTEJ1814-338,80418-01-06-06,NS,0.5551941249520447,BH
HI_colours_intensity,RandomForest,30,XTEJ1814-338,80418-01-07-06,NS,0.6712547144010178,BH
H_plus_B,LogReg,0,4U1254-690,60044-01-01-02,NS,0.09341857250240261,NS
H_plus_B,LogReg,0,4U1254-690,60044-01-01-00,NS,0.1776841736766185,NS
H_plus_B,LogReg,0,4U1254-690,60044-01-01-03,NS,0.01624043495620981,NS
H_plus_B,LogReg,0,4U1254-690,60044-01-01-05,NS,0.028735826230420956,NS
H_plus_B,LogReg,0,4U1254-690,60044-01-02-100,NS,0.03391932246670355,NS
H_plus_B,LogReg,0,4U1254-690,60044-01-02-000,NS,0.04994398043554843,NS
H_plus_B,LogReg,0,4U1254-690,90036-01-01-01,NS,0.10178079821470794,NS
H_plus_B,LogReg,0,4U1254-690,90036-01-01-03,NS,0.02236476813443062,NS
H_plus_B,LogReg,0,4U1254-690,93406-13-01-00,NS,0.058601475143105264,NS
H_plus_B,LogReg,0,4U1254-690,95324-01-01-010,NS,0.02054928177613002,NS
H_plus_B,LogReg,0,4U1254-690,95324-01-01-000,NS,0.038095592062700655,NS
H_plus_B,LogReg,0,4U1254-690,95324-01-01-00,NS,0.03256634529986697,NS
H_plus_B,LogReg,0,4U1254-690,95324-01-02-000,NS,0.024737050222372256,NS
H_plus_B,LogReg,0,4U1254-690,95324-01-02-00,NS,0.09782222678622952,NS
H_plus_B,LogReg,0,4U1254-690,95324-01-02-01,NS,0.036678935285497365,NS
H_plus_B,LogReg,1,4U1323-619,70050-03-01-01,NS,0.06605235938506455,NS
H_plus_B,LogReg,1,4U1323-619,70050-03-01-02,NS,0.1611588908951095,NS
H_plus_B,LogReg,1,4U1323-619,90062-03-01-02,NS,0.45677805670348165,NS
H_plus_B,LogReg,1,4U1323-619,90062-03-01-01,NS,0.4057673597550639,NS
H_plus_B,LogReg,1,4U1323-619,95442-01-01-01,NS,0.4282044110465846,NS
H_plus_B,LogReg,1,4U1323-619,95442-01-01-02,NS,0.9717871666282302,BH
H_plus_B,LogReg,1,4U1323-619,96405-01-01-00,NS,0.06479323079491288,NS
H_plus_B,LogReg,1,4U1323-619,96405-01-01-01,NS,0.16300206619791144,NS
H_plus_B,LogReg,1,4U1323-619,96405-01-02-00,NS,0.3367752613550214,NS
H_plus_B,LogReg,1,4U1323-619,96405-01-02-01,NS,0.6146525342699665,BH
H_plus_B,LogReg,1,4U1323-619,96405-01-04-00,NS,0.3702785836414653,NS
H_plus_B,LogReg,1,4U1323-619,96405-01-05-00,NS,0.42354416944989043,NS
H_plus_B,LogReg,1,4U1323-619,96405-01-05-01,NS,0.7144336355478954,BH
H_plus_B,LogReg,1,4U1323-619,96405-01-05-02,NS,0.40655261233839973,NS
H_plus_B,LogReg,1,4U1323-619,96405-01-05-03,NS,0.4885765210098477,NS
H_plus_B,LogReg,2,4U1543-47,70133-01-01-00,BH,0.999997863638164,BH
H_plus_B,LogReg,2,4U1543-47,70132-01-01-02G,BH,0.9999997087218266,BH
H_plus_B,LogReg,2,4U1543-47,70133-01-14-00,BH,0.9999997784355537,BH
H_plus_B,LogReg,2,4U1543-47,70132-01-02-00,BH,0.9999910129701075,BH
H_plus_B,LogReg,2,4U1543-47,70133-01-10-00,BH,0.9999738478051311,BH
H_plus_B,LogReg,2,4U1543-47,70133-01-19-00,BH,0.9999997905061032,BH
H_plus_B,LogReg,2,4U1543-47,70133-01-22-00,BH,0.9999986802115836,BH
H_plus_B,LogReg,2,4U1543-47,70133-01-24-00,BH,0.9999995887031494,BH
H_plus_B,LogReg,2,4U1543-47,70133-01-27-01,BH,0.9999954517958228,BH
H_plus_B,LogReg,2,4U1543-47,70133-01-28-00,BH,0.999980204208539,BH
H_plus_B,LogReg,2,4U1543-47,70133-01-31-01,BH,0.995894447868159,BH
H_plus_B,LogReg,2,4U1543-47,70128-01-01-01,BH,0.9751500547982788,BH
H_plus_B,LogReg,2,4U1543-47,70124-02-09-00,BH,0.5427842006593406,BH
H_plus_B,LogReg,2,4U1543-47,70124-02-10-00,BH,0.7962007806301524,BH
H_plus_B,LogReg,2,4U1543-47,70124-02-14-00,BH,0.8930823976636223,BH
H_plus_B,LogReg,3,4U1608-52,60052-02-03-00,NS,0.05289286022605454,NS
H_plus_B,LogReg,3,4U1608-52,70059-01-01-00G,NS,0.15903405264378553,NS
H_plus_B,LogReg,3,4U1608-52,70058-01-32-00,NS,0.06812855059781354,NS
H_plus_B,LogReg,3,4U1608-52,70069-01-04-03,NS,0.25116696592907345,NS
H_plus_B,LogReg,3,4U1608-52,90408-01-01-03,NS,0.04213864343396471,NS
H_plus_B,LogReg,3,4U1608-52,90408-01-03-03,NS,0.5630214507703722,BH
H_plus_B,LogReg,3,4U1608-52,93408-01-14-00,NS,0.5896589601100766,BH
H_plus_B,LogReg,3,4U1608-52,93408-01-17-01,NS,0.11231231268648265,NS
H_plus_B,LogReg,3,4U1608-52,93408-01-22-01,NS,0.04936202646521896,NS
H_plus_B,LogReg,3,4U1608-52,93408-01-27-03,NS,0.4653432631280019,NS
H_plus_B,LogReg,3,4U1608-52,93408-01-55-01,NS,0.45166398037987954,NS
H_plus_B,LogReg,3,4U1608-52,94401-01-03-02,NS,0.01640006594564523,NS
H_plus_B,LogReg,3,4U1608-52,94401-01-38-02,NS,0.34080034957999733,NS
H_plus_B,LogReg,3,4U1608-52,96423-01-03-00,NS,0.05301707307308235,NS
H_plus_B,LogReg,3,4U1608-52,96423-01-21-03,NS,0.5463328554873783,BH
H_plus_B,LogReg,4,4U1636-53,50030-02-04-00,NS,0.03296503998841163,NS
H_plus_B,LogReg,4,4U1636-53,60032-01-20-000,NS,0.022927446666491044,NS
H_plus_B,LogReg,4,4U1636-53,91024-01-74-00,NS,0.475700386893141,NS
H_plus_B,LogReg,4,4U1636-53,91024-01-12-10,NS,0.01540791655520269,NS
H_plus_B,LogReg,4,4U1636-53,92023-01-50-00,NS,0.04262287216967034,NS
H_plus_B,LogReg,4,4U1636-53,92023-01-79-10,NS,0.006609224921244015,NS
H_plus_B,LogReg,4,4U1636-53,93087-01-27-00,NS,0.013340338418814358,NS
H_plus_B,LogReg,4,4U1636-53,93087-01-80-00,NS,0.1485210710761846,NS
H_plus_B,LogReg,4,4U1636-53,93087-01-33-20,NS,0.013720404508204038,NS
H_plus_B,LogReg,4,4U1636-53,94087-01-16-00,NS,0.3012403705996857,NS
H_plus_B,LogReg,4,4U1636-53,94087-01-25-10,NS,0.07426970214976672,NS
H_plus_B,LogReg,4,4U1636-53,94087-01-44-10,NS,0.007128783047089739,NS
H_plus_B,LogReg,4,4U1636-53,95087-01-47-10,NS,0.09346832345333542,NS
H_plus_B,LogReg,4,4U1636-53,96087-01-52-00,NS,0.16166259170206987,NS
H_plus_B,LogReg,4,4U1636-53,96087-01-11-10,NS,0.03461859921226712,NS
H_plus_B,LogReg,5,4U1702-429,50029-27-01-000,NS,0.45560189420571334,NS
H_plus_B,LogReg,5,4U1702-429,50030-01-04-00,NS,0.4866544392152086,NS
H_plus_B,LogReg,5,4U1702-429,50030-01-09-03,NS,0.3600039401506236,NS
H_plus_B,LogReg,5,4U1702-429,80033-01-01-01,NS,0.3346069435003259,NS
H_plus_B,LogReg,5,4U1702-429,80033-01-02-000,NS,0.00926937794469549,NS
H_plus_B,LogReg,5,4U1702-429,80033-01-04-03,NS,0.002831056726977858,NS
H_plus_B,LogReg,5,4U1702-429,80033-01-08-00G,NS,0.007081844008399493,NS
H_plus_B,LogReg,5,4U1702-429,80033-01-10-04G,NS,0.00415560980147978,NS
H_plus_B,LogReg,5,4U1702-429,80033-01-11-02,NS,0.002814158462584137,NS
H_plus_B,LogReg,5,4U1702-429,80033-01-12-02,NS,0.007428001187072676,NS
H_plus_B,LogReg,5,4U1702-429,80033-01-16-05,NS,0.004356047904609156,NS
H_plus_B,LogReg,5,4U1702-429,80033-01-18-02,NS,0.3074227274334065,NS
H_plus_B,LogReg,5,4U1702-429,80033-01-20-01,NS,0.16231481719955654,NS
H_plus_B,LogReg,5,4U1702-429,80033-01-21-03,NS,0.3551640810176188,NS
H_plus_B,LogReg,5,4U1702-429,94415-01-01-00,NS,0.10233023080043571,NS
H_plus_B,LogReg,6,4U1705-44,91039-01-01-61,NS,0.3432760739835537,NS
H_plus_B,LogReg,6,4U1705-44,90170-01-01-00,NS,0.01675281392936658,NS
H_plus_B,LogReg,6,4U1705-44,93060-01-05-00,NS,0.5387311766889591,BH
H_plus_B,LogReg,6,4U1705-44,93060-01-50-00,NS,0.4272332587550782,NS
H_plus_B,LogReg,6,4U1705-44,93060-01-77-00,NS,0.022948991631974145,NS
H_plus_B,LogReg,6,4U1705-44,93060-01-93-00,NS,0.07917386256946983,NS
H_plus_B,LogReg,6,4U1705-44,93060-01-45-00,NS,0.03552766508374157,NS
H_plus_B,LogReg,6,4U1705-44,94060-01-23-00,NS,0.03153588143293948,NS
H_plus_B,LogReg,6,4U1705-44,94060-01-46-00,NS,0.03961904546039795,NS
H_plus_B,LogReg,6,4U1705-44,94060-01-55-00,NS,0.026505786159115377,NS
H_plus_B,LogReg,6,4U1705-44,95060-01-35-00,NS,0.1617891983079682,NS
H_plus_B,LogReg,6,4U1705-44,95060-01-66-00,NS,0.05841203695048803,NS
H_plus_B,LogReg,6,4U1705-44,95060-01-78-00,NS,0.027534474323920435,NS
H_plus_B,LogReg,6,4U1705-44,96060-01-40-00,NS,0.03263295519713761,NS
H_plus_B,LogReg,6,4U1705-44,96060-01-73-00,NS,0.023655595566300962,NS
H_plus_B,LogReg,7,4U1724-307,60034-02-01-01,NS,0.24672212267295865,NS
H_plus_B,LogReg,7,4U1724-307,50060-05-01-07,NS,0.38996599117587766,NS
H_plus_B,LogReg,7,4U1724-307,50060-05-01-05,NS,0.26383250778561734,NS
H_plus_B,LogReg,7,4U1724-307,60034-02-02-02,NS,0.21000349548953404,NS
H_plus_B,LogReg,7,4U1724-307,60034-02-03-10,NS,0.23029868018534777,NS
H_plus_B,LogReg,7,4U1724-307,60034-02-05-01,NS,0.4038406186959309,NS
H_plus_B,LogReg,7,4U1724-307,80105-10-01-00,NS,0.2675851360496257,NS
H_plus_B,LogReg,7,4U1724-307,80138-06-03-00,NS,0.0029243814861377834,NS
H_plus_B,LogReg,7,4U1724-307,90058-06-03-00,NS,0.05929694457583862,NS
H_plus_B,LogReg,7,4U1724-307,91050-07-01-00,NS,0.10596070936785555,NS
H_plus_B,LogReg,7,4U1724-307,93044-06-04-00,NS,0.010347548195464712,NS
H_plus_B,LogReg,7,4U1724-307,93044-06-07-00,NS,0.11265119743212765,NS
H_plus_B,LogReg,7,4U1724-307,93438-01-02-03,NS,0.17635001377043613,NS
H_plus_B,LogReg,7,4U1724-307,93438-01-04-00,NS,0.13784581746357627,NS
H_plus_B,LogReg,7,4U1724-307,93438-01-07-01,NS,0.33326786745995673,NS
H_plus_B,LogReg,8,4U1728-34,50023-01-29-00,NS,0.06375437695977146,NS
H_plus_B,LogReg,8,4U1728-34,50030-03-05-03,NS,0.24613245811812345,NS
H_plus_B,LogReg,8,4U1728-34,70028-01-01-08,NS,0.09613140692773545,NS
H_plus_B,LogReg,8,4U1728-34,70028-01-01-05,NS,0.09458332932306432,NS
H_plus_B,LogReg,8,4U1728-34,92023-03-08-00,NS,0.004133989497369552,NS
H_plus_B,LogReg,8,4U1728-34,92023-03-37-00,NS,0.0459746969799838,NS
H_plus_B,LogReg,8,4U1728-34,92023-03-76-00,NS,0.0033568526116145537,NS
H_plus_B,LogReg,8,4U1728-34,92023-03-98-00,NS,0.04356834175331224,NS
H_plus_B,LogReg,8,4U1728-34,92023-03-19-10,NS,0.0019963829187709505,NS
H_plus_B,LogReg,8,4U1728-34,92023-03-30-10,NS,0.011950609219784887,NS
H_plus_B,LogReg,8,4U1728-34,92023-03-44-00,NS,0.18884860861565847,NS
H_plus_B,LogReg,8,4U1728-34,92023-03-49-00,NS,0.21687016701289072,NS
H_plus_B,LogReg,8,4U1728-34,92023-03-70-00,NS,0.09415195880695378,NS
H_plus_B,LogReg,8,4U1728-34,95337-01-02-00,NS,0.0036086312838702807,NS
H_plus_B,LogReg,8,4U1728-34,96322-01-01-05,NS,0.002684281600885795,NS
H_plus_B,LogReg,9,4U1735-44,50025-02-01-01,NS,0.004601875685458491,NS
H_plus_B,LogReg,9,4U1735-44,50026-01-01-00,NS,0.0038435092529923447,NS
H_plus_B,LogReg,9,4U1735-44,91152-06-01-10,NS,0.0035022197166669836,NS
H_plus_B,LogReg,9,4U1735-44,91025-01-01-04,NS,0.0040446049925640035,NS
H_plus_B,LogReg,9,4U1735-44,91025-01-04-04,NS,0.004617024158548401,NS
H_plus_B,LogReg,9,4U1735-44,91025-01-04-06,NS,0.00042535629155688963,NS
H_plus_B,LogReg,9,4U1735-44,91025-01-05-01,NS,0.001564065770521324,NS
H_plus_B,LogReg,9,4U1735-44,91025-01-08-07,NS,0.0006428574069230284,NS
H_plus_B,LogReg,9,4U1735-44,91025-01-09-12,NS,0.0003736097063406229,NS
H_plus_B,LogReg,9,4U1735-44,91025-01-09-10,NS,0.00219743594733547,NS
H_plus_B,LogReg,9,4U1735-44,91025-01-13-03,NS,0.0009292677574259789,NS
H_plus_B,LogReg,9,4U1735-44,91025-01-13-08,NS,0.0009001556503507043,NS
H_plus_B,LogReg,9,4U1735-44,93200-01-03-01,NS,0.0009872426292280088,NS
H_plus_B,LogReg,9,4U1735-44,96325-01-01-04,NS,0.0016245942712498748,NS
H_plus_B,LogReg,9,4U1735-44,96331-01-02-01,NS,0.002160066854358457,NS
H_plus_B,LogReg,10,4U1746-371,60044-02-01-10,NS,0.010272116042265701,NS
H_plus_B,LogReg,10,4U1746-371,60044-02-01-05,NS,0.005243678592578022,NS
H_plus_B,LogReg,10,4U1746-371,60044-02-01-07,NS,0.01051158741577706,NS
H_plus_B,LogReg,10,4U1746-371,60044-02-01-06,NS,0.009545676204517746,NS
H_plus_B,LogReg,10,4U1746-371,60044-02-02-00,NS,0.009813837636568484,NS
H_plus_B,LogReg,10,4U1746-371,60044-02-02-010,NS,0.003469551425811077,NS
H_plus_B,LogReg,10,4U1746-371,60044-02-02-09,NS,0.0025201579135125884,NS
H_plus_B,LogReg,10,4U1746-371,60044-02-02-10,NS,0.02221521912050172,NS
H_plus_B,LogReg,10,4U1746-371,70050-01-01-03,NS,0.006698697452650126,NS
H_plus_B,LogReg,10,4U1746-371,70050-01-01-06,NS,0.007347280148182047,NS
H_plus_B,LogReg,10,4U1746-371,70050-01-01-00,NS,0.0042653670071771945,NS
H_plus_B,LogReg,10,4U1746-371,70050-01-01-08,NS,0.003282600492969602,NS
H_plus_B,LogReg,10,4U1746-371,90044-01-02-01,NS,0.002055814614820435,NS
H_plus_B,LogReg,10,4U1746-371,90044-01-04-000,NS,0.007211729842415671,NS
H_plus_B,LogReg,10,4U1746-371,90044-01-04-00,NS,0.047830274976476995,NS
H_plus_B,LogReg,11,4U1820-30,40017-01-21-02,NS,0.002499512989071551,NS
H_plus_B,LogReg,11,4U1820-30,60030-01-02-01,NS,0.0036844124739977935,NS
H_plus_B,LogReg,11,4U1820-30,70030-03-03-00,NS,0.0019551111526149418,NS
H_plus_B,LogReg,11,4U1820-30,70030-03-05-00,NS,0.020684081038543762,NS
H_plus_B,LogReg,11,4U1820-30,90027-01-01-06,NS,0.001913333726091007,NS
H_plus_B,LogReg,11,4U1820-30,90027-01-03-00,NS,0.00126547121305744,NS
H_plus_B,LogReg,11,4U1820-30,90027-01-04-04,NS,0.0019371410779340618,NS
H_plus_B,LogReg,11,4U1820-30,92030-02-02-00,NS,0.0015308025466793985,NS
H_plus_B,LogReg,11,4U1820-30,91152-04-01-00,NS,0.0014666762662637679,NS
H_plus_B,LogReg,11,4U1820-30,92030-02-05-00,NS,0.0017621761707841274,NS
H_plus_B,LogReg,11,4U1820-30,94090-01-01-00,NS,0.006008146710305567,NS
H_plus_B,LogReg,11,4U1820-30,94090-01-02-01,NS,0.08126785305245347,NS
H_plus_B,LogReg,11,4U1820-30,92030-02-12-00,NS,0.0008334010896676524,NS
H_plus_B,LogReg,11,4U1820-30,96090-01-01-020,NS,0.0010573789050995629,NS
H_plus_B,LogReg,11,4U1820-30,96324-01-02-01,NS,0.0011336774711683594,NS
H_plus_B,LogReg,12,4U1915-05,50026-03-01-00,NS,0.18350822643931086,NS
H_plus_B,LogReg,12,4U1915-05,50026-03-01-01,NS,0.35331662217164933,NS
H_plus_B,LogReg,12,4U1915-05,70034-02-01-01,NS,0.003004999360668615,NS
H_plus_B,LogReg,12,4U1915-05,70034-02-01-00,NS,0.0014511483352260513,NS
H_plus_B,LogReg,12,4U1915-05,70034-02-02-01,NS,0.07147595072858855,NS
H_plus_B,LogReg,12,4U1915-05,70034-02-02-00,NS,0.2521529438410434,NS
H_plus_B,LogReg,13,AQLX1,50049-02-06-01,NS,0.06615879697392757,NS
H_plus_B,LogReg,13,AQLX1,50049-02-15-06,NS,0.25844390214165053,NS
H_plus_B,LogReg,13,AQLX1,60054-02-03-03,NS,0.09466782891741961,NS
H_plus_B,LogReg,13,AQLX1,70069-03-01-00,NS,0.2750388279078014,NS
H_plus_B,LogReg,13,AQLX1,80403-01-03-00,NS,0.5995572312338326,BH
H_plus_B,LogReg,13,AQLX1,90017-11-06-00,NS,0.591464253723445,BH
H_plus_B,LogReg,13,AQLX1,91028-01-29-00,NS,0.5129966347647913,BH
H_plus_B,LogReg,13,AQLX1,92034-01-02-00,NS,0.6439147067721422,BH
H_plus_B,LogReg,13,AQLX1,93076-01-02-00,NS,0.23070614694201397,NS
H_plus_B,LogReg,13,AQLX1,92438-01-02-02,NS,0.5556088050646287,BH
H_plus_B,LogReg,13,AQLX1,94076-01-03-04,NS,0.631432340041067,BH
H_plus_B,LogReg,13,AQLX1,94441-01-01-00,NS,0.22574002989947187,NS
H_plus_B,LogReg,13,AQLX1,95413-01-02-01,NS,0.4126338623932658,NS
H_plus_B,LogReg,13,AQLX1,96440-01-05-02,NS,0.07055254161805526,NS
H_plus_B,LogReg,13,AQLX1,96440-01-08-06,NS,0.16342470800373923,NS
H_plus_B,LogReg,14,CYGX2,40019-04-05-09,NS,0.163995309242144,NS
H_plus_B,LogReg,14,CYGX2,80018-02-01-00G,NS,0.9803448527865709,BH
H_plus_B,LogReg,14,CYGX2,90030-01-23-00,NS,0.5536873708194263,BH
H_plus_B,LogReg,14,CYGX2,90030-01-45-00,NS,0.07289203239303771,NS
H_plus_B,LogReg,14,CYGX2,90030-01-55-01,NS,0.024389536621097007,NS
H_plus_B,LogReg,14,CYGX2,91010-01-01-05,NS,0.9565083023112185,BH
H_plus_B,LogReg,14,CYGX2,91009-01-28-01,NS,0.557802042384355,BH
H_plus_B,LogReg,14,CYGX2,90030-01-15-00,NS,0.0032820078565908638,NS
H_plus_B,LogReg,14,CYGX2,90030-01-09-00,NS,0.10507348367775599,NS
H_plus_B,LogReg,14,CYGX2,92039-01-04-01,NS,0.166156898561839,NS
H_plus_B,LogReg,14,CYGX2,92038-01-06-01,NS,0.8552055205393745,BH
H_plus_B,LogReg,14,CYGX2,93082-02-02-01,NS,0.3470986438392861,NS
H_plus_B,LogReg,14,CYGX2,93443-01-01-09,NS,0.9948024826956865,BH
H_plus_B,LogReg,14,CYGX2,95345-01-06-00,NS,0.9230933807083852,BH
H_plus_B,LogReg,14,CYGX2,95345-01-40-00,NS,0.043915511372735055,NS
H_plus_B,LogReg,15,EXO0748-676,50045-06-05-00,NS,0.2016555576941628,NS
H_plus_B,LogReg,15,EXO0748-676,70048-03-02-00,NS,0.4513772817792624,NS
H_plus_B,LogReg,15,EXO0748-676,60042-03-01-00,NS,0.3960988849860416,NS
H_plus_B,LogReg,15,EXO0748-676,70047-02-01-03,NS,0.8183090975433902,BH
H_plus_B,LogReg,15,EXO0748-676,70048-13-12-00,NS,0.23001025310574238,NS
H_plus_B,LogReg,15,EXO0748-676,80040-01-09-01,NS,0.45263115052594965,NS
H_plus_B,LogReg,15,EXO0748-676,90039-01-03-02,NS,0.46946180590215925,NS
H_plus_B,LogReg,15,EXO0748-676,90039-01-04-01,NS,0.3476038711647476,NS
H_plus_B,LogReg,15,EXO0748-676,91035-01-04-09,NS,0.09806171413149721,NS
H_plus_B,LogReg,15,EXO0748-676,92019-01-05-02,NS,0.2537091995324626,NS
H_plus_B,LogReg,15,EXO0748-676,92019-01-06-03,NS,0.21549191492362438,NS
H_plus_B,LogReg,15,EXO0748-676,92019-01-16-00,NS,0.05670585467349266,NS
H_plus_B,LogReg,15,EXO0748-676,92019-01-18-01,NS,0.04569493500807359,NS
H_plus_B,LogReg,15,EXO0748-676,92019-01-26-01,NS,0.6501423467478376,BH
H_plus_B,LogReg,15,EXO0748-676,92040-03-01-00,NS,0.03613926968602173,NS
H_plus_B,LogReg,16,GROJ1655-40,90428-01-01-07,BH,0.7330324575058361,BH
H_plus_B,LogReg,16,GROJ1655-40,91702-01-02-03,BH,0.9994924945993192,BH
H_plus_B,LogReg,16,GROJ1655-40,91702-01-22-00,BH,0.9999779752018805,BH
H_plus_B,LogReg,16,GROJ1655-40,91702-01-22-03,BH,0.999944573992367,BH
H_plus_B,LogReg,16,GROJ1655-40,91702-01-43-00,BH,0.9998020755725545,BH
H_plus_B,LogReg,16,GROJ1655-40,91702-01-51-02,BH,0.9999179844332129,BH
H_plus_B,LogReg,16,GROJ1655-40,91702-01-56-03,BH,0.9983373981687005,BH
H_plus_B,LogReg,16,GROJ1655-40,91702-01-66-05,BH,0.9966534459400945,BH
H_plus_B,LogReg,16,GROJ1655-40,91702-01-78-00,BH,0.9997179020570709,BH
H_plus_B,LogReg,16,GROJ1655-40,91702-01-01-13,BH,0.9999997544351898,BH
H_plus_B,LogReg,16,GROJ1655-40,91702-01-17-11,BH,0.9999973184710386,BH
H_plus_B,LogReg,16,GROJ1655-40,91702-01-39-10,BH,0.9999806025379796,BH
H_plus_B,LogReg,16,GROJ1655-40,91702-01-48-10,BH,0.9999999063493082,BH
H_plus_B,LogReg,16,GROJ1655-40,91702-01-81-00,BH,0.5996588849710636,BH
H_plus_B,LogReg,16,GROJ1655-40,91702-01-86-04,BH,0.4683273708184996,NS
H_plus_B,LogReg,17,GRS1915+105,50703-01-11-00,BH,0.3326290271442642,NS
H_plus_B,LogReg,17,GRS1915+105,50703-01-62-01,BH,0.23903337914750136,NS
H_plus_B,LogReg,17,GRS1915+105,60701-01-13-03,BH,0.02388016906265329,NS
H_plus_B,LogReg,17,GRS1915+105,70702-01-02-00,BH,0.0501948195076551,NS
H_plus_B,LogReg,17,GRS1915+105,70702-01-21-01,BH,0.11554017117249904,NS
H_plus_B,LogReg,17,GRS1915+105,80127-04-01-02,BH,0.003046476995948524,NS
H_plus_B,LogReg,17,GRS1915+105,90701-01-16-00,BH,0.0880773909015887,NS
H_plus_B,LogReg,17,GRS1915+105,90701-01-40-00,BH,0.0018997699711321956,NS
H_plus_B,LogReg,17,GRS1915+105,90024-02-37-00,BH,0.09693701016397067,NS
H_plus_B,LogReg,17,GRS1915+105,92702-01-06-00,BH,0.19839625193566718,NS
H_plus_B,LogReg,17,GRS1915+105,80701-01-53-00,BH,0.16280436729020634,NS
H_plus_B,LogReg,17,GRS1915+105,93701-01-08-00,BH,0.9880226880888308,BH
H_plus_B,LogReg,17,GRS1915+105,91701-01-83-00,BH,0.20287156979040963,NS
H_plus_B,LogReg,17,GRS1915+105,95701-01-44-00,BH,0.1106804421771211,NS
H_plus_B,LogReg,17,GRS1915+105,96701-01-39-00,BH,0.008352721963231472,NS
H_plus_B,LogReg,18,GS1826-238,50035-01-02-00,NS,0.22822210227203726,NS
H_plus_B,LogReg,18,GS1826-238,50035-01-03-02,NS,0.4643664102444768,NS
H_plus_B,LogReg,18,GS1826-238,50035-01-03-04,NS,0.2895258519878458,NS
H_plus_B,LogReg,18,GS1826-238,50035-01-03-090,NS,0.37753492361204305,NS
H_plus_B,LogReg,18,GS1826-238,80048-01-01-09,NS,0.3489335343338112,NS
H_plus_B,LogReg,18,GS1826-238,80048-01-01-14,NS,0.28331773977435293,NS
H_plus_B,LogReg,18,GS1826-238,80049-01-01-00,NS,0.21773880711731858,NS
H_plus_B,LogReg,18,GS1826-238,90043-01-01-02,NS,0.23671198066088406,NS
H_plus_B,LogReg,18,GS1826-238,70044-01-03-00,NS,0.43857756203987963,NS
H_plus_B,LogReg,18,GS1826-238,92703-01-04-02,NS,0.19042173009672306,NS
H_plus_B,LogReg,18,GS1826-238,70044-01-04-00,NS,0.2442317396444281,NS
H_plus_B,LogReg,18,GS1826-238,91017-01-02-05,NS,0.2871322318975583,NS
H_plus_B,LogReg,18,GS1826-238,91017-01-02-03,NS,0.1415629634102834,NS
H_plus_B,LogReg,18,GS1826-238,91017-01-02-10,NS,0.3483382809842724,NS
H_plus_B,LogReg,18,GS1826-238,96306-01-01-01,NS,0.2529266718001652,NS
H_plus_B,LogReg,19,GX17+2,70023-01-01-01,NS,0.00770824113705337,NS
H_plus_B,LogReg,19,GX17+2,80022-01-01-09,NS,0.032066467362164695,NS
H_plus_B,LogReg,19,GX17+2,80022-01-01-03,NS,0.013926249566286603,NS
H_plus_B,LogReg,19,GX17+2,80022-01-01-02,NS,0.021037192339957936,NS
H_plus_B,LogReg,19,GX17+2,80022-01-03-01,NS,0.05974839041388356,NS
H_plus_B,LogReg,19,GX17+2,90022-07-03-00,NS,0.0017809818565351163,NS
H_plus_B,LogReg,19,GX17+2,90022-07-04-02,NS,0.00794570463056751,NS
H_plus_B,LogReg,19,GX17+2,92042-01-02-00G,NS,0.11828787465944939,NS
H_plus_B,LogReg,19,GX17+2,92042-01-05-01,NS,0.04456610938107071,NS
H_plus_B,LogReg,19,GX17+2,93406-11-01-00,NS,0.11469250388635097,NS
H_plus_B,LogReg,19,GX17+2,93439-01-05-01,NS,0.016030629077059617,NS
H_plus_B,LogReg,19,GX17+2,93439-01-06-00,NS,0.0061881238337331505,NS
H_plus_B,LogReg,19,GX17+2,95318-01-02-01,NS,0.11907445090722506,NS
H_plus_B,LogReg,19,GX17+2,96310-01-01-000,NS,0.021763568787691784,NS
H_plus_B,LogReg,19,GX17+2,96310-01-01-02,NS,0.036371507057587585,NS
H_plus_B,LogReg,20,GX3+1,60022-01-01-01,NS,0.07287844130279039,NS
H_plus_B,LogReg,20,GX3+1,60022-01-02-01,NS,0.11579539590963249,NS
H_plus_B,LogReg,20,GX3+1,60022-01-04-03,NS,0.13207355496840836,NS
H_plus_B,LogReg,20,GX3+1,60022-01-04-04,NS,0.0454741118690015,NS
H_plus_B,LogReg,20,GX3+1,60022-01-05-01,NS,0.048320887875782884,NS
H_plus_B,LogReg,20,GX3+1,60022-01-06-05,NS,0.008547457823294604,NS
H_plus_B,LogReg,20,GX3+1,60022-01-06-13,NS,0.059194750331550125,NS
H_plus_B,LogReg,20,GX3+1,60022-01-07-02,NS,0.04542934476058598,NS
H_plus_B,LogReg,20,GX3+1,60022-01-08-03,NS,0.08212079810957418,NS
H_plus_B,LogReg,20,GX3+1,60022-01-10-03,NS,0.11896559747188976,NS
H_plus_B,LogReg,20,GX3+1,60022-01-10-04,NS,0.1011048770658921,NS
H_plus_B,LogReg,20,GX3+1,60022-01-13-01,NS,0.10982529654741774,NS
H_plus_B,LogReg,20,GX3+1,90022-05-05-00,NS,0.037350533175395086,NS
H_plus_B,LogReg,20,GX3+1,90022-05-06-00,NS,0.11163802678060532,NS
H_plus_B,LogReg,20,GX3+1,94307-05-01-02,NS,0.07142807080643471,NS
H_plus_B,LogReg,21,GX339-4,40031-03-03-04,BH,0.9999886581396128,BH
H_plus_B,LogReg,21,GX339-4,70110-01-54-00,BH,0.9999834434662669,BH
H_plus_B,LogReg,21,GX339-4,80102-04-56-00,BH,0.9378140694724585,BH
H_plus_B,LogReg,21,GX339-4,80132-01-22-00,BH,0.709675128912856,BH
H_plus_B,LogReg,21,GX339-4,90704-01-05-00,BH,0.9998615369916717,BH
H_plus_B,LogReg,21,GX339-4,92034-08-01-00,BH,0.7800659360988111,BH
H_plus_B,LogReg,21,GX339-4,92035-01-03-03,BH,0.7949073029655238,BH
H_plus_B,LogReg,21,GX339-4,92704-03-13-00,BH,0.8017122223970117,BH
H_plus_B,LogReg,21,GX339-4,92704-03-22-00,BH,0.7415191602942707,BH
H_plus_B,LogReg,21,GX339-4,92704-03-45-01,BH,0.8783126160888592,BH
H_plus_B,LogReg,21,GX339-4,93108-01-01-02,BH,0.4669148417278133,NS
H_plus_B,LogReg,21,GX339-4,95409-01-02-02,BH,0.6906224978177149,BH
H_plus_B,LogReg,21,GX339-4,95409-01-20-00,BH,0.999999975673035,BH
H_plus_B,LogReg,21,GX339-4,95409-01-29-00,BH,0.9999999987324162,BH
H_plus_B,LogReg,21,GX339-4,96409-01-10-02,BH,0.7921522573693972,BH
H_plus_B,LogReg,22,HETEJ1900.1-245,91015-01-07-00,NS,0.6660867568285284,BH
H_plus_B,LogReg,22,HETEJ1900.1-245,91059-03-03-00,NS,0.6450995042636052,BH
H_plus_B,LogReg,22,HETEJ1900.1-245,91057-01-07-04,NS,0.5963463831567796,BH
H_plus_B,LogReg,22,HETEJ1900.1-245,92049-01-05-00,NS,0.5293952574331463,BH
H_plus_B,LogReg,22,HETEJ1900.1-245,92049-01-07-00,NS,0.02953508848277639,NS
H_plus_B,LogReg,22,HETEJ1900.1-245,92049-01-40-00,NS,0.5489743925490271,BH
H_plus_B,LogReg,22,HETEJ1900.1-245,92049-01-56-00,NS,0.021809328244902983,NS
H_plus_B,LogReg,22,HETEJ1900.1-245,93030-01-14-00,NS,0.7698790773653905,BH
H_plus_B,LogReg,22,HETEJ1900.1-245,93030-01-47-00,NS,0.5469359431591525,BH
H_plus_B,LogReg,22,HETEJ1900.1-245,94030-01-05-00,NS,0.7102747953991838,BH
H_plus_B,LogReg,22,HETEJ1900.1-245,94030-01-27-00,NS,0.5547602102182767,BH
H_plus_B,LogReg,22,HETEJ1900.1-245,94030-01-36-00,NS,0.7123932539129623,BH
H_plus_B,LogReg,22,HETEJ1900.1-245,95030-01-16-00,NS,0.685708870238802,BH
H_plus_B,LogReg,22,HETEJ1900.1-245,96030-01-01-01,NS,0.4260646423772192,NS
H_plus_B,LogReg,22,HETEJ1900.1-245,96030-01-25-00,NS,0.6265295110142749,BH
H_plus_B,LogReg,23,KS1731-260,50031-02-01-09,NS,0.4475980763503813,NS
H_plus_B,LogReg,23,KS1731-260,50031-02-01-12,NS,0.46708579787244364,NS
H_plus_B,LogReg,23,KS1731-260,50031-02-01-02,NS,0.31285553241035785,NS
H_plus_B,LogReg,23,KS1731-260,50031-02-01-05,NS,0.39536847140869474,NS
H_plus_B,LogReg,23,KS1731-260,50031-02-01-08,NS,0.3988053745859042,NS
H_plus_B,LogReg,23,KS1731-260,50031-02-02-06,NS,0.45324980589729397,NS
H_plus_B,LogReg,23,KS1731-260,50031-02-02-02,NS,0.522768439317946,BH
H_plus_B,LogReg,23,KS1731-260,50031-02-02-03,NS,0.19907421633436953,NS
H_plus_B,LogReg,23,KS1731-260,50031-02-02-080,NS,0.4365632667210957,NS
H_plus_B,LogReg,23,KS1731-260,50031-02-03-00,NS,0.6705608175250616,BH
H_plus_B,LogReg,23,KS1731-260,50031-02-03-05,NS,0.8297373043478821,BH
H_plus_B,LogReg,23,KS1731-260,50031-02-03-04,NS,0.8349435516920893,BH
H_plus_B,LogReg,23,KS1731-260,50031-02-03-07,NS,0.8187937261506724,BH
H_plus_B,LogReg,23,KS1731-260,50031-02-03-08,NS,0.6296481454374862,BH
H_plus_B,LogReg,23,KS1731-260,50031-02-03-01,NS,0.999224653380752,BH
H_plus_B,LogReg,24,MXB1658-298,50410-01-01-00,NS,0.14502836486464957,NS
H_plus_B,LogReg,24,MXB1658-298,50410-01-04-00,NS,0.04568817287424131,NS
H_plus_B,LogReg,24,MXB1658-298,50410-01-05-00,NS,0.03399654182210948,NS
H_plus_B,LogReg,24,MXB1658-298,50410-01-08-00,NS,0.2267866599775929,NS
H_plus_B,LogReg,24,MXB1658-298,50410-01-09-00,NS,0.32030984494380055,NS
H_plus_B,LogReg,24,MXB1658-298,60048-01-02-00,NS,0.16776691275453776,NS
H_plus_B,LogReg,24,MXB1658-298,60048-01-04-00,NS,0.09383885331781748,NS
H_plus_B,LogReg,24,MXB1658-298,60048-02-01-00,NS,0.050701115504498406,NS
H_plus_B,LogReg,24,MXB1658-298,60048-02-03-00,NS,0.05094870825814274,NS
H_plus_B,LogReg,24,MXB1658-298,60048-03-01-00,NS,0.03440249039482916,NS
H_plus_B,LogReg,24,MXB1658-298,60048-03-02-00,NS,0.07170620510159806,NS
H_plus_B,LogReg,24,MXB1658-298,60048-03-05-00,NS,0.1099754004259018,NS
H_plus_B,LogReg,24,MXB1658-298,60048-04-01-00,NS,0.028663359131038124,NS
H_plus_B,LogReg,24,MXB1658-298,60048-04-03-00,NS,0.16462741890622243,NS
H_plus_B,LogReg,24,MXB1658-298,60048-04-05-00,NS,0.843803169663649,BH
H_plus_B,LogReg,25,SAXJ1808.4-3658,70080-01-02-04,NS,0.5319257610070987,BH
H_plus_B,LogReg,25,SAXJ1808.4-3658,70080-01-02-22,NS,0.7771902149541706,BH
H_plus_B,LogReg,25,SAXJ1808.4-3658,70080-01-03-010,NS,0.7365034596993311,BH
H_plus_B,LogReg,25,SAXJ1808.4-3658,70080-02-01-03,NS,0.7438970394533782,BH
H_plus_B,LogReg,25,SAXJ1808.4-3658,70080-02-02-35,NS,0.889530288958289,BH
H_plus_B,LogReg,25,SAXJ1808.4-3658,70080-02-02-12,NS,0.595402326955627,BH
H_plus_B,LogReg,25,SAXJ1808.4-3658,70080-03-13-00,NS,0.6555169808543696,BH
H_plus_B,LogReg,25,SAXJ1808.4-3658,70080-03-20-13,NS,0.7065590457660208,BH
H_plus_B,LogReg,25,SAXJ1808.4-3658,70080-03-22-00,NS,0.4837168862444643,NS
H_plus_B,LogReg,25,SAXJ1808.4-3658,91056-01-03-05,NS,0.6656770377855526,BH
H_plus_B,LogReg,25,SAXJ1808.4-3658,91418-01-04-00,NS,0.4564426238277168,NS
H_plus_B,LogReg,25,SAXJ1808.4-3658,93027-01-01-03,NS,0.6408077398004165,BH
H_plus_B,LogReg,25,SAXJ1808.4-3658,93027-01-05-08,NS,0.49071644985896845,NS
H_plus_B,LogReg,25,SAXJ1808.4-3658,96027-01-01-00,NS,0.5548460803225278,BH
H_plus_B,LogReg,25,SAXJ1808.4-3658,96027-01-02-00,NS,0.5456668702049166,BH
H_plus_B,LogReg,26,SLX1735-269,60034-01-01-00,NS,0.5272719289172817,BH
H_plus_B,LogReg,26,SLX1735-269,60034-01-02-02,NS,0.22256612816826649,NS
H_plus_B,LogReg,26,SLX1735-269,60034-01-03-01,NS,0.0071201039553107906,NS
H_plus_B,LogReg,26,SLX1735-269,80138-03-01-00,NS,0.006639879438249566,NS
H_plus_B,LogReg,26,SLX1735-269,80138-03-02-00,NS,0.32966715309762507,NS
H_plus_B,LogReg,26,SLX1735-269,80138-03-07-01,NS,0.002532063218830127,NS
H_plus_B,LogReg,26,SLX1735-269,80138-03-07-03,NS,0.002783413459981895,NS
H_plus_B,LogReg,26,SLX1735-269,90058-05-01-02,NS,0.004034649511214005,NS
H_plus_B,LogReg,26,SLX1735-269,92052-02-02-00,NS,0.0517131466233506,NS
H_plus_B,LogReg,26,SLX1735-269,96429-01-02-02,NS,0.27846905857135984,NS
H_plus_B,LogReg,26,SLX1735-269,96429-01-03-01,NS,0.1567718347307656,NS
H_plus_B,LogReg,26,SLX1735-269,96429-01-05-00,NS,0.42451592589763315,NS
H_plus_B,LogReg,26,SLX1735-269,96429-01-06-01,NS,0.7736442823478015,BH
H_plus_B,LogReg,26,SLX1735-269,96429-01-07-01,NS,0.19476072411451065,NS
H_plus_B,LogReg,26,SLX1735-269,96429-01-08-03,NS,0.3167465651837072,NS
H_plus_B,LogReg,27,XTEJ1118+480,50407-01-07-01,BH,0.22498150636036263,NS
H_plus_B,LogReg,27,XTEJ1118+480,50407-01-09-00,BH,0.3441090974625972,NS
H_plus_B,LogReg,27,XTEJ1118+480,50407-01-10-01,BH,0.3761595513384088,NS
H_plus_B,LogReg,27,XTEJ1118+480,50133-01-05-00,BH,0.29640532161495825,NS
H_plus_B,LogReg,27,XTEJ1118+480,50407-01-13-02,BH,0.3290267105250849,NS
H_plus_B,LogReg,27,XTEJ1118+480,50133-01-04-01,BH,0.28937656704547765,NS
H_plus_B,LogReg,27,XTEJ1118+480,50407-01-14-02,BH,0.016243912187902013,NS
H_plus_B,LogReg,27,XTEJ1118+480,50407-01-16-00,BH,0.006963486813291052,NS
H_plus_B,LogReg,27,XTEJ1118+480,90011-01-01-08,BH,0.19302590516355195,NS
H_plus_B,LogReg,27,XTEJ1118+480,90011-01-01-10,BH,0.9898717139250771,BH
H_plus_B,LogReg,27,XTEJ1118+480,90011-01-01-05,BH,0.22684470179193092,NS
H_plus_B,LogReg,27,XTEJ1118+480,90111-01-02-06,BH,0.2654613900932456,NS
H_plus_B,LogReg,27,XTEJ1118+480,90111-01-02-15,BH,0.16651353202160332,NS
H_plus_B,LogReg,27,XTEJ1118+480,90111-01-02-07,BH,0.04203383292579664,NS
H_plus_B,LogReg,27,XTEJ1118+480,90111-01-03-02,BH,0.2870036404994326,NS
H_plus_B,LogReg,28,XTEJ1550-564,50135-01-02-00,BH,0.5698931480375621,BH
H_plus_B,LogReg,28,XTEJ1550-564,50135-01-08-00,BH,0.7797265413091748,BH
H_plus_B,LogReg,28,XTEJ1550-564,50135-01-15-00,BH,0.22851288486903873,NS
H_plus_B,LogReg,28,XTEJ1550-564,50135-01-19-00,BH,0.8243708297475673,BH
H_plus_B,LogReg,28,XTEJ1550-564,50135-01-23-00,BH,0.7628992191685724,BH
H_plus_B,LogReg,28,XTEJ1550-564,50137-02-09-00,BH,0.8118941770855875,BH
H_plus_B,LogReg,28,XTEJ1550-564,60428-01-03-00,BH,0.7782058721824987,BH
H_plus_B,LogReg,28,XTEJ1550-564,60428-01-05-00,BH,0.7129030021741807,BH
H_plus_B,LogReg,28,XTEJ1550-564,60428-01-09-00,BH,0.6993414635569594,BH
H_plus_B,LogReg,28,XTEJ1550-564,60428-01-15-00,BH,0.6566730482058396,BH
H_plus_B,LogReg,28,XTEJ1550-564,80135-01-01-01,BH,0.8302073441528273,BH
H_plus_B,LogReg,28,XTEJ1550-564,80135-01-02-01,BH,0.8697870472370437,BH
H_plus_B,LogReg,28,XTEJ1550-564,80135-01-03-10,BH,0.8494204949634226,BH
H_plus_B,LogReg,28,XTEJ1550-564,80135-01-04-02,BH,0.8271713800937927,BH
H_plus_B,LogReg,28,XTEJ1550-564,80135-01-05-10,BH,0.832211911309351,BH
H_plus_B,LogReg,29,XTEJ1650-500,60113-01-06-00,BH,0.5885081116385699,BH
H_plus_B,LogReg,29,XTEJ1650-500,60113-01-09-00,BH,0.6464985756364549,BH
H_plus_B,LogReg,29,XTEJ1650-500,60113-01-11-01,BH,0.6643878451796014,BH
H_plus_B,LogReg,29,XTEJ1650-500,60113-01-15-00,BH,0.995577140469534,BH
H_plus_B,LogReg,29,XTEJ1650-500,60113-01-23-00,BH,0.9975259213644704,BH
H_plus_B,LogReg,29,XTEJ1650-500,60113-01-27-00,BH,0.999999804152116,BH
H_plus_B,LogReg,29,XTEJ1650-500,60113-01-29-02,BH,0.9999999902326383,BH
H_plus_B,LogReg,29,XTEJ1650-500,60113-01-34-00,BH,0.999999998105231,BH
H_plus_B,LogReg,29,XTEJ1650-500,60113-01-36-00,BH,0.9999998414597744,BH
H_plus_B,LogReg,29,XTEJ1650-500,60113-01-38-00,BH,0.9999998076352917,BH
H_plus_B,LogReg,29,XTEJ1650-500,60118-02-08-00,BH,0.9997416962860175,BH
H_plus_B,LogReg,29,XTEJ1650-500,60118-02-14-00,BH,0.631853227459831,BH
H_plus_B,LogReg,29,XTEJ1650-500,60118-02-20-00,BH,0.4331764955929017,NS
H_plus_B,LogReg,29,XTEJ1650-500,60118-02-28-00,BH,0.6626572178291198,BH
H_plus_B,LogReg,29,XTEJ1650-500,70124-01-02-00,BH,0.6896526474475261,BH
H_plus_B,LogReg,30,XTEJ1814-338,80138-04-02-00,NS,0.5073180736736977,BH
H_plus_B,LogReg,30,XTEJ1814-338,80145-02-01-01,NS,0.3761099477756471,NS
H_plus_B,LogReg,30,XTEJ1814-338,80418-01-01-07,NS,0.502160282563877,BH
H_plus_B,LogReg,30,XTEJ1814-338,80418-01-02-00,NS,0.4071174062262689,NS
H_plus_B,LogReg,30,XTEJ1814-338,80418-01-02-08,NS,0.6960237405930966,BH
H_plus_B,LogReg,30,XTEJ1814-338,80418-01-02-05,NS,0.5852592942936821,BH
H_plus_B,LogReg,30,XTEJ1814-338,80418-01-03-02,NS,0.39144695529708856,NS
H_plus_B,LogReg,30,XTEJ1814-338,80418-01-03-08,NS,0.3970142690498907,NS
H_plus_B,LogReg,30,XTEJ1814-338,80418-01-04-03,NS,0.37661407174333633,NS
H_plus_B,LogReg,30,XTEJ1814-338,80418-01-05-00,NS,0.3855536931649411,NS
H_plus_B,LogReg,30,XTEJ1814-338,80418-01-05-08,NS,0.22362392079736926,NS
H_plus_B,LogReg,30,XTEJ1814-338,80418-01-06-00,NS,0.7066271229254371,BH
H_plus_B,LogReg,30,XTEJ1814-338,80418-01-06-02,NS,0.8340022149422426,BH
H_plus_B,LogReg,30,XTEJ1814-338,80418-01-06-06,NS,0.9971028379074806,BH
H_plus_B,LogReg,30,XTEJ1814-338,80418-01-07-06,NS,0.21118560127232353,NS
H_plus_B,RandomForest,0,4U1254-690,60044-01-01-02,NS,0.018477065509323577,NS
H_plus_B,RandomForest,0,4U1254-690,60044-01-01-00,NS,0.181955035105536,NS
H_plus_B,RandomForest,0,4U1254-690,60044-01-01-03,NS,0.0,NS
H_plus_B,RandomForest,0,4U1254-690,60044-01-01-05,NS,0.0,NS
H_plus_B,RandomForest,0,4U1254-690,60044-01-02-100,NS,0.0015238095238095236,NS
H_plus_B,RandomForest,0,4U1254-690,60044-01-02-000,NS,0.002,NS
H_plus_B,RandomForest,0,4U1254-690,90036-01-01-01,NS,0.036669700044353146,NS
H_plus_B,RandomForest,0,4U1254-690,90036-01-01-03,NS,0.0,NS
H_plus_B,RandomForest,0,4U1254-690,93406-13-01-00,NS,0.016086351638443516,NS
H_plus_B,RandomForest,0,4U1254-690,95324-01-01-010,NS,0.0,NS
H_plus_B,RandomForest,0,4U1254-690,95324-01-01-000,NS,0.002,NS
H_plus_B,RandomForest,0,4U1254-690,95324-01-01-00,NS,0.0,NS
H_plus_B,RandomForest,0,4U1254-690,95324-01-02-000,NS,0.0,NS
H_plus_B,RandomForest,0,4U1254-690,95324-01-02-00,NS,0.02145694022289767,NS
H_plus_B,RandomForest,0,4U1254-690,95324-01-02-01,NS,0.003541050484446711,NS
H_plus_B,RandomForest,1,4U1323-619,70050-03-01-01,NS,0.032375867750520856,NS
H_plus_B,RandomForest,1,4U1323-619,70050-03-01-02,NS,0.09334617527349584,NS
H_plus_B,RandomForest,1,4U1323-619,90062-03-01-02,NS,0.37542154792255644,NS
H_plus_B,RandomForest,1,4U1323-619,90062-03-01-01,NS,0.5593752254771597,BH
H_plus_B,RandomForest,1,4U1323-619,95442-01-01-01,NS,0.18207035809340866,NS
H_plus_B,RandomForest,1,4U1323-619,95442-01-01-02,NS,0.47387754172308416,NS
H_plus_B,RandomForest,1,4U1323-619,96405-01-01-00,NS,0.12154986120599774,NS
H_plus_B,RandomForest,1,4U1323-619,96405-01-01-01,NS,0.28750038695273933,NS
H_plus_B,RandomForest,1,4U1323-619,96405-01-02-00,NS,0.2548430822663936,NS
H_plus_B,RandomForest,1,4U1323-619,96405-01-02-01,NS,0.2644773253874979,NS
H_plus_B,RandomForest,1,4U1323-619,96405-01-04-00,NS,0.16834588505185374,NS
H_plus_B,RandomForest,1,4U1323-619,96405-01-05-00,NS,0.23476195885837725,NS
H_plus_B,RandomForest,1,4U1323-619,96405-01-05-01,NS,0.5984598385890019,BH
H_plus_B,RandomForest,1,4U1323-619,96405-01-05-02,NS,0.22354345233701556,NS
H_plus_B,RandomForest,1,4U1323-619,96405-01-05-03,NS,0.3301136607360489,NS
H_plus_B,RandomForest,2,4U1543-47,70133-01-01-00,BH,0.996,BH
H_plus_B,RandomForest,2,4U1543-47,70132-01-01-02G,BH,0.9980562562498124,BH
H_plus_B,RandomForest,2,4U1543-47,70133-01-14-00,BH,0.998,BH
H_plus_B,RandomForest,2,4U1543-47,70132-01-02-00,BH,0.9965791785068457,BH
H_plus_B,RandomForest,2,4U1543-47,70133-01-10-00,BH,0.9965791785068457,BH
H_plus_B,RandomForest,2,4U1543-47,70133-01-19-00,BH,0.9987600690448791,BH
H_plus_B,RandomForest,2,4U1543-47,70133-01-22-00,BH,0.9997727272727273,BH
H_plus_B,RandomForest,2,4U1543-47,70133-01-24-00,BH,0.9987600690448791,BH
H_plus_B,RandomForest,2,4U1543-47,70133-01-27-01,BH,0.9950725932045015,BH
H_plus_B,RandomForest,2,4U1543-47,70133-01-28-00,BH,0.9898152405086201,BH
H_plus_B,RandomForest,2,4U1543-47,70133-01-31-01,BH,0.9432945716568091,BH
H_plus_B,RandomForest,2,4U1543-47,70128-01-01-01,BH,0.8403358687964275,BH
H_plus_B,RandomForest,2,4U1543-47,70124-02-09-00,BH,0.5054085874549705,BH
H_plus_B,RandomForest,2,4U1543-47,70124-02-10-00,BH,0.5679700121907071,BH
H_plus_B,RandomForest,2,4U1543-47,70124-02-14-00,BH,0.5184505652581803,BH
H_plus_B,RandomForest,3,4U1608-52,60052-02-03-00,NS,0.0,NS
H_plus_B,RandomForest,3,4U1608-52,70059-01-01-00G,NS,0.21849070372965199,NS
H_plus_B,RandomForest,3,4U1608-52,70058-01-32-00,NS,0.007943767943767945,NS
H_plus_B,RandomForest,3,4U1608-52,70069-01-04-03,NS,0.16423391218358216,NS
H_plus_B,RandomForest,3,4U1608-52,90408-01-01-03,NS,0.0,NS
H_plus_B,RandomForest,3,4U1608-52,90408-01-03-03,NS,0.09146699870093049,NS
H_plus_B,RandomForest,3,4U1608-52,93408-01-14-00,NS,0.30263360485879764,NS
H_plus_B,RandomForest,3,4U1608-52,93408-01-17-01,NS,0.03777615341710715,NS
H_plus_B,RandomForest,3,4U1608-52,93408-01-22-01,NS,0.008968616968616968,NS
H_plus_B,RandomForest,3,4U1608-52,93408-01-27-03,NS,0.5366884289607383,BH
H_plus_B,RandomForest,3,4U1608-52,93408-01-55-01,NS,0.2341091667138677,NS
H_plus_B,RandomForest,3,4U1608-52,94401-01-03-02,NS,0.0032535392535392536,NS
H_plus_B,RandomForest,3,4U1608-52,94401-01-38-02,NS,0.2252573168174847,NS
H_plus_B,RandomForest,3,4U1608-52,96423-01-03-00,NS,0.004484308484308484,NS
H_plus_B,RandomForest,3,4U1608-52,96423-01-21-03,NS,0.2032659618981767,NS
H_plus_B,RandomForest,4,4U1636-53,50030-02-04-00,NS,0.0,NS
H_plus_B,RandomForest,4,4U1636-53,60032-01-20-000,NS,0.0,NS
H_plus_B,RandomForest,4,4U1636-53,91024-01-74-00,NS,0.05680035457422438,NS
H_plus_B,RandomForest,4,4U1636-53,91024-01-12-10,NS,0.0,NS
H_plus_B,RandomForest,4,4U1636-53,92023-01-50-00,NS,0.02825195995397687,NS
H_plus_B,RandomForest,4,4U1636-53,92023-01-79-10,NS,0.0,NS
H_plus_B,RandomForest,4,4U1636-53,93087-01-27-00,NS,0.0,NS
H_plus_B,RandomForest,4,4U1636-53,93087-01-80-00,NS,0.040020212175809894,NS
H_plus_B,RandomForest,4,4U1636-53,93087-01-33-20,NS,0.0,NS
H_plus_B,RandomForest,4,4U1636-53,94087-01-16-00,NS,0.03154745457971265,NS
H_plus_B,RandomForest,4,4U1636-53,94087-01-25-10,NS,0.0281033561033561,NS
H_plus_B,RandomForest,4,4U1636-53,94087-01-44-10,NS,0.0,NS
H_plus_B,RandomForest,4,4U1636-53,95087-01-47-10,NS,0.12531198032294993,NS
H_plus_B,RandomForest,4,4U1636-53,96087-01-52-00,NS,0.10858627323747817,NS
H_plus_B,RandomForest,4,4U1636-53,96087-01-11-10,NS,0.019348777348777352,NS
H_plus_B,RandomForest,5,4U1702-429,50029-27-01-000,NS,0.3342285557825377,NS
H_plus_B,RandomForest,5,4U1702-429,50030-01-04-00,NS,0.028270353302611375,NS
H_plus_B,RandomForest,5,4U1702-429,50030-01-09-03,NS,0.35474023438294755,NS
H_plus_B,RandomForest,5,4U1702-429,80033-01-01-01,NS,0.05495333901785517,NS
H_plus_B,RandomForest,5,4U1702-429,80033-01-02-000,NS,0.0,NS
H_plus_B,RandomForest,5,4U1702-429,80033-01-04-03,NS,0.0,NS
H_plus_B,RandomForest,5,4U1702-429,80033-01-08-00G,NS,0.0,NS
H_plus_B,RandomForest,5,4U1702-429,80033-01-10-04G,NS,0.0,NS
H_plus_B,RandomForest,5,4U1702-429,80033-01-11-02,NS,0.0,NS
H_plus_B,RandomForest,5,4U1702-429,80033-01-12-02,NS,0.0,NS
H_plus_B,RandomForest,5,4U1702-429,80033-01-16-05,NS,0.0,NS
H_plus_B,RandomForest,5,4U1702-429,80033-01-18-02,NS,0.03304108504108505,NS
H_plus_B,RandomForest,5,4U1702-429,80033-01-20-01,NS,0.12156008793982058,NS
H_plus_B,RandomForest,5,4U1702-429,80033-01-21-03,NS,0.3389072587536743,NS
H_plus_B,RandomForest,5,4U1702-429,94415-01-01-00,NS,0.03590290915701795,NS
H_plus_B,RandomForest,6,4U1705-44,91039-01-01-61,NS,0.12202143302934533,NS
H_plus_B,RandomForest,6,4U1705-44,90170-01-01-00,NS,0.0,NS
H_plus_B,RandomForest,6,4U1705-44,93060-01-05-00,NS,0.041243233441253246,NS
H_plus_B,RandomForest,6,4U1705-44,93060-01-50-00,NS,0.1146974995846214,NS
H_plus_B,RandomForest,6,4U1705-44,93060-01-77-00,NS,0.00172972972972973,NS
H_plus_B,RandomForest,6,4U1705-44,93060-01-93-00,NS,0.014164348773044424,NS
H_plus_B,RandomForest,6,4U1705-44,93060-01-45-00,NS,0.0032535392535392536,NS
H_plus_B,RandomForest,6,4U1705-44,94060-01-23-00,NS,0.00172972972972973,NS
H_plus_B,RandomForest,6,4U1705-44,94060-01-46-00,NS,0.025703091646890112,NS
H_plus_B,RandomForest,6,4U1705-44,94060-01-55-00,NS,0.0,NS
H_plus_B,RandomForest,6,4U1705-44,95060-01-35-00,NS,0.028237666237666235,NS
H_plus_B,RandomForest,6,4U1705-44,95060-01-66-00,NS,0.00172972972972973,NS
H_plus_B,RandomForest,6,4U1705-44,95060-01-78-00,NS,0.00172972972972973,NS
H_plus_B,RandomForest,6,4U1705-44,96060-01-40-00,NS,0.0015238095238095236,NS
H_plus_B,RandomForest,6,4U1705-44,96060-01-73-00,NS,0.00172972972972973,NS
H_plus_B,RandomForest,7,4U1724-307,60034-02-01-01,NS,0.007335130278526504,NS
H_plus_B,RandomForest,7,4U1724-307,50060-05-01-07,NS,0.0639229609308733,NS
H_plus_B,RandomForest,7,4U1724-307,50060-05-01-05,NS,0.025885960494656145,NS
H_plus_B,RandomForest,7,4U1724-307,60034-02-02-02,NS,0.14362548755280813,NS
H_plus_B,RandomForest,7,4U1724-307,60034-02-03-10,NS,0.048476762258291554,NS
H_plus_B,RandomForest,7,4U1724-307,60034-02-05-01,NS,0.08768245330163875,NS
H_plus_B,RandomForest,7,4U1724-307,80105-10-01-00,NS,0.1176353194737782,NS
H_plus_B,RandomForest,7,4U1724-307,80138-06-03-00,NS,0.0,NS
H_plus_B,RandomForest,7,4U1724-307,90058-06-03-00,NS,0.061329642255015415,NS
H_plus_B,RandomForest,7,4U1724-307,91050-07-01-00,NS,0.0840699026785983,NS
H_plus_B,RandomForest,7,4U1724-307,93044-06-04-00,NS,0.04582844041279037,NS
H_plus_B,RandomForest,7,4U1724-307,93044-06-07-00,NS,0.09778548926359569,NS
H_plus_B,RandomForest,7,4U1724-307,93438-01-02-03,NS,0.06391665263642334,NS
H_plus_B,RandomForest,7,4U1724-307,93438-01-04-00,NS,0.0957140517029502,NS
H_plus_B,RandomForest,7,4U1724-307,93438-01-07-01,NS,0.08864357156512671,NS
H_plus_B,RandomForest,8,4U1728-34,50023-01-29-00,NS,0.03175329175329176,NS
H_plus_B,RandomForest,8,4U1728-34,50030-03-05-03,NS,0.03923085226311033,NS
H_plus_B,RandomForest,8,4U1728-34,70028-01-01-08,NS,0.07112962815401841,NS
H_plus_B,RandomForest,8,4U1728-34,70028-01-01-05,NS,0.04438986238986241,NS
H_plus_B,RandomForest,8,4U1728-34,92023-03-08-00,NS,0.0,NS
H_plus_B,RandomForest,8,4U1728-34,92023-03-37-00,NS,0.05327322221661845,NS
H_plus_B,RandomForest,8,4U1728-34,92023-03-76-00,NS,0.0,NS
H_plus_B,RandomForest,8,4U1728-34,92023-03-98-00,NS,0.039986223018481086,NS
H_plus_B,RandomForest,8,4U1728-34,92023-03-19-10,NS,0.0,NS
H_plus_B,RandomForest,8,4U1728-34,92023-03-30-10,NS,0.0,NS
H_plus_B,RandomForest,8,4U1728-34,92023-03-44-00,NS,0.10079625677191104,NS
H_plus_B,RandomForest,8,4U1728-34,92023-03-49-00,NS,0.05010343913569722,NS
H_plus_B,RandomForest,8,4U1728-34,92023-03-70-00,NS,0.1337559100105781,NS
H_plus_B,RandomForest,8,4U1728-34,95337-01-02-00,NS,0.0,NS
H_plus_B,RandomForest,8,4U1728-34,96322-01-01-05,NS,0.0,NS
H_plus_B,RandomForest,9,4U1735-44,50025-02-01-01,NS,0.0,NS
H_plus_B,RandomForest,9,4U1735-44,50026-01-01-00,NS,0.0,NS
H_plus_B,RandomForest,9,4U1735-44,91152-06-01-10,NS,0.0,NS
H_plus_B,RandomForest,9,4U1735-44,91025-01-01-04,NS,0.0,NS
H_plus_B,RandomForest,9,4U1735-44,91025-01-04-04,NS,0.0,NS
H_plus_B,RandomForest,9,4U1735-44,91025-01-04-06,NS,0.02403890552393337,NS
H_plus_B,RandomForest,9,4U1735-44,91025-01-05-01,NS,0.0,NS
H_plus_B,RandomForest,9,4U1735-44,91025-01-08-07,NS,0.0015238095238095236,NS
H_plus_B,RandomForest,9,4U1735-44,91025-01-09-12,NS,0.015324857026873941,NS
H_plus_B,RandomForest,9,4U1735-44,91025-01-09-10,NS,0.0,NS
H_plus_B,RandomForest,9,4U1735-44,91025-01-13-03,NS,0.0,NS
H_plus_B,RandomForest,9,4U1735-44,91025-01-13-08,NS,0.0,NS
H_plus_B,RandomForest,9,4U1735-44,93200-01-03-01,NS,0.0,NS
H_plus_B,RandomForest,9,4U1735-44,96325-01-01-04,NS,0.0,NS
H_plus_B,RandomForest,9,4U1735-44,96331-01-02-01,NS,0.0,NS
H_plus_B,RandomForest,10,4U1746-371,60044-02-01-10,NS,0.00172972972972973,NS
H_plus_B,RandomForest,10,4U1746-371,60044-02-01-05,NS,0.0015238095238095236,NS
H_plus_B,RandomForest,10,4U1746-371,60044-02-01-07,NS,0.0,NS
H_plus_B,RandomForest,10,4U1746-371,60044-02-01-06,NS,0.0015238095238095236,NS
H_plus_B,RandomForest,10,4U1746-371,60044-02-02-00,NS,0.00172972972972973,NS
H_plus_B,RandomForest,10,4U1746-371,60044-02-02-010,NS,0.0,NS
H_plus_B,RandomForest,10,4U1746-371,60044-02-02-09,NS,0.0,NS
H_plus_B,RandomForest,10,4U1746-371,60044-02-02-10,NS,0.0,NS
H_plus_B,RandomForest,10,4U1746-371,70050-01-01-03,NS,0.0016551724137931034,NS
H_plus_B,RandomForest,10,4U1746-371,70050-01-01-06,NS,0.0,NS
H_plus_B,RandomForest,10,4U1746-371,70050-01-01-00,NS,0.0016551724137931034,NS
H_plus_B,RandomForest,10,4U1746-371,70050-01-01-08,NS,0.0,NS
H_plus_B,RandomForest,10,4U1746-371,90044-01-02-01,NS,0.0,NS
H_plus_B,RandomForest,10,4U1746-371,90044-01-04-000,NS,0.0,NS
H_plus_B,RandomForest,10,4U1746-371,90044-01-04-00,NS,0.06770309213938405,NS
H_plus_B,RandomForest,11,4U1820-30,40017-01-21-02,NS,0.0,NS
H_plus_B,RandomForest,11,4U1820-30,60030-01-02-01,NS,0.0,NS
H_plus_B,RandomForest,11,4U1820-30,70030-03-03-00,NS,0.0,NS
H_plus_B,RandomForest,11,4U1820-30,70030-03-05-00,NS,0.12623971527993016,NS
H_plus_B,RandomForest,11,4U1820-30,90027-01-01-06,NS,0.0,NS
H_plus_B,RandomForest,11,4U1820-30,90027-01-03-00,NS,0.00345945945945946,NS
H_plus_B,RandomForest,11,4U1820-30,90027-01-04-04,NS,0.0,NS
H_plus_B,RandomForest,11,4U1820-30,92030-02-02-00,NS,0.0,NS
H_plus_B,RandomForest,11,4U1820-30,91152-04-01-00,NS,0.0,NS
H_plus_B,RandomForest,11,4U1820-30,92030-02-05-00,NS,0.0,NS
H_plus_B,RandomForest,11,4U1820-30,94090-01-01-00,NS,0.0747291492611087,NS
H_plus_B,RandomForest,11,4U1820-30,94090-01-02-01,NS,0.05565223370888203,NS
H_plus_B,RandomForest,11,4U1820-30,92030-02-12-00,NS,0.002885511651469098,NS
H_plus_B,RandomForest,11,4U1820-30,96090-01-01-020,NS,0.003953510687254605,NS
H_plus_B,RandomForest,11,4U1820-30,96324-01-02-01,NS,0.0030914318573893045,NS
H_plus_B,RandomForest,12,4U1915-05,50026-03-01-00,NS,0.09893280672518533,NS
H_plus_B,RandomForest,12,4U1915-05,50026-03-01-01,NS,0.08317674632665778,NS
H_plus_B,RandomForest,12,4U1915-05,70034-02-01-01,NS,0.003398499659013412,NS
H_plus_B,RandomForest,12,4U1915-05,70034-02-01-00,NS,0.013043156463315352,NS
H_plus_B,RandomForest,12,4U1915-05,70034-02-02-01,NS,0.02693916039209802,NS
H_plus_B,RandomForest,12,4U1915-05,70034-02-02-00,NS,0.10453582912750053,NS
H_plus_B,RandomForest,13,AQLX1,50049-02-06-01,NS,0.017135614167872234,NS
H_plus_B,RandomForest,13,AQLX1,50049-02-15-06,NS,0.35311267124391815,NS
H_plus_B,RandomForest,13,AQLX1,60054-02-03-03,NS,0.009950371659725333,NS
H_plus_B,RandomForest,13,AQLX1,70069-03-01-00,NS,0.32434352125049926,NS
H_plus_B,RandomForest,13,AQLX1,80403-01-03-00,NS,0.433447671917498,NS
H_plus_B,RandomForest,13,AQLX1,90017-11-06-00,NS,0.5542070035327625,BH
H_plus_B,RandomForest,13,AQLX1,91028-01-29-00,NS,0.21513759204831762,NS
H_plus_B,RandomForest,13,AQLX1,92034-01-02-00,NS,0.47495587856784927,NS
H_plus_B,RandomForest,13,AQLX1,93076-01-02-00,NS,0.32763712733778655,NS
H_plus_B,RandomForest,13,AQLX1,92438-01-02-02,NS,0.6102580310270024,BH
H_plus_B,RandomForest,13,AQLX1,94076-01-03-04,NS,0.4606850597972565,NS
H_plus_B,RandomForest,13,AQLX1,94441-01-01-00,NS,0.35373156332657507,NS
H_plus_B,RandomForest,13,AQLX1,95413-01-02-01,NS,0.08914641067415684,NS
H_plus_B,RandomForest,13,AQLX1,96440-01-05-02,NS,0.20026658341621453,NS
H_plus_B,RandomForest,13,AQLX1,96440-01-08-06,NS,0.3884553408228218,NS
H_plus_B,RandomForest,14,CYGX2,40019-04-05-09,NS,0.10970903856246186,NS
H_plus_B,RandomForest,14,CYGX2,80018-02-01-00G,NS,0.9077600712987725,BH
H_plus_B,RandomForest,14,CYGX2,90030-01-23-00,NS,0.5635011317698392,BH
H_plus_B,RandomForest,14,CYGX2,90030-01-45-00,NS,0.0,NS
H_plus_B,RandomForest,14,CYGX2,90030-01-55-01,NS,0.0,NS
H_plus_B,RandomForest,14,CYGX2,91010-01-01-05,NS,0.8809614655691421,BH
H_plus_B,RandomForest,14,CYGX2,91009-01-28-01,NS,0.37783257023766725,NS
H_plus_B,RandomForest,14,CYGX2,90030-01-15-00,NS,0.0,NS
H_plus_B,RandomForest,14,CYGX2,90030-01-09-00,NS,0.03750149011240552,NS
H_plus_B,RandomForest,14,CYGX2,92039-01-04-01,NS,0.11786252955239915,NS
H_plus_B,RandomForest,14,CYGX2,92038-01-06-01,NS,0.7942841877512499,BH
H_plus_B,RandomForest,14,CYGX2,93082-02-02-01,NS,0.24820847250358705,NS
H_plus_B,RandomForest,14,CYGX2,93443-01-01-09,NS,0.9365174247131551,BH
H_plus_B,RandomForest,14,CYGX2,95345-01-06-00,NS,0.8535627442233209,BH
H_plus_B,RandomForest,14,CYGX2,95345-01-40-00,NS,0.0,NS
H_plus_B,RandomForest,15,EXO0748-676,50045-06-05-00,NS,0.18115293870100094,NS
H_plus_B,RandomForest,15,EXO0748-676,70048-03-02-00,NS,0.30445687811823696,NS
H_plus_B,RandomForest,15,EXO0748-676,60042-03-01-00,NS,0.2125329555245555,NS
H_plus_B,RandomForest,15,EXO0748-676,70047-02-01-03,NS,0.3568287014249581,NS
H_plus_B,RandomForest,15,EXO0748-676,70048-13-12-00,NS,0.2699728611825362,NS
H_plus_B,RandomForest,15,EXO0748-676,80040-01-09-01,NS,0.30843384314366157,NS
H_plus_B,RandomForest,15,EXO0748-676,90039-01-03-02,NS,0.10848237819395157,NS
H_plus_B,RandomForest,15,EXO0748-676,90039-01-04-01,NS,0.16822343563660375,NS
H_plus_B,RandomForest,15,EXO0748-676,91035-01-04-09,NS,0.14610647676206648,NS
H_plus_B,RandomForest,15,EXO0748-676,92019-01-05-02,NS,0.23190736590825412,NS
H_plus_B,RandomForest,15,EXO0748-676,92019-01-06-03,NS,0.21337319846569303,NS
H_plus_B,RandomForest,15,EXO0748-676,92019-01-16-00,NS,0.0681568106893012,NS
H_plus_B,RandomForest,15,EXO0748-676,92019-01-18-01,NS,0.2519760542916215,NS
H_plus_B,RandomForest,15,EXO0748-676,92019-01-26-01,NS,0.2821984621227036,NS
H_plus_B,RandomForest,15,EXO0748-676,92040-03-01-00,NS,0.2648878101009412,NS
H_plus_B,RandomForest,16,GROJ1655-40,90428-01-01-07,BH,0.7340766510808172,BH
H_plus_B,RandomForest,16,GROJ1655-40,91702-01-02-03,BH,0.9749712986910433,BH
H_plus_B,RandomForest,16,GROJ1655-40,91702-01-22-00,BH,0.7064855755612076,BH
H_plus_B,RandomForest,16,GROJ1655-40,91702-01-22-03,BH,0.6877429113838658,BH
H_plus_B,RandomForest,16,GROJ1655-40,91702-01-43-00,BH,0.6881285125721195,BH
H_plus_B,RandomForest,16,GROJ1655-40,91702-01-51-02,BH,0.720249862244021,BH
H_plus_B,RandomForest,16,GROJ1655-40,91702-01-56-03,BH,0.8604550005852561,BH
H_plus_B,RandomForest,16,GROJ1655-40,91702-01-66-05,BH,0.9044087032525399,BH
H_plus_B,RandomForest,16,GROJ1655-40,91702-01-78-00,BH,0.969221979533763,BH
H_plus_B,RandomForest,16,GROJ1655-40,91702-01-01-13,BH,0.9114150515348292,BH
H_plus_B,RandomForest,16,GROJ1655-40,91702-01-17-11,BH,0.951592614479287,BH
H_plus_B,RandomForest,16,GROJ1655-40,91702-01-39-10,BH,0.9940975441023867,BH
H_plus_B,RandomForest,16,GROJ1655-40,91702-01-48-10,BH,0.9771856723206384,BH
H_plus_B,RandomForest,16,GROJ1655-40,91702-01-81-00,BH,0.5165263197990952,BH
H_plus_B,RandomForest,16,GROJ1655-40,91702-01-86-04,BH,0.5545246925491558,BH
H_plus_B,RandomForest,17,GRS1915+105,50703-01-11-00,BH,0.23481284450193712,NS
H_plus_B,RandomForest,17,GRS1915+105,50703-01-62-01,BH,0.36981335291493245,NS
H_plus_B,RandomForest,17,GRS1915+105,60701-01-13-03,BH,0.02266919180226839,NS
H_plus_B,RandomForest,17,GRS1915+105,70702-01-02-00,BH,0.0679936803721405,NS
H_plus_B,RandomForest,17,GRS1915+105,70702-01-21-01,BH,0.14392049041661878,NS
H_plus_B,RandomForest,17,GRS1915+105,80127-04-01-02,BH,0.0,NS
H_plus_B,RandomForest,17,GRS1915+105,90701-01-16-00,BH,0.030488319125069982,NS
H_plus_B,RandomForest,17,GRS1915+105,90701-01-40-00,BH,0.0,NS
H_plus_B,RandomForest,17,GRS1915+105,90024-02-37-00,BH,0.15856849807528747,NS
H_plus_B,RandomForest,17,GRS1915+105,92702-01-06-00,BH,0.027776321557097902,NS
H_plus_B,RandomForest,17,GRS1915+105,80701-01-53-00,BH,0.1023029787654819,NS
H_plus_B,RandomForest,17,GRS1915+105,93701-01-08-00,BH,0.8520468201858782,BH
H_plus_B,RandomForest,17,GRS1915+105,91701-01-83-00,BH,0.1778905319735926,NS
H_plus_B,RandomForest,17,GRS1915+105,95701-01-44-00,BH,0.007217171717171718,NS
H_plus_B,RandomForest,17,GRS1915+105,96701-01-39-00,BH,0.0017727272727272728,NS
H_plus_B,RandomForest,18,GS1826-238,50035-01-02-00,NS,0.09402788339519974,NS
H_plus_B,RandomForest,18,GS1826-238,50035-01-03-02,NS,0.15522209668902623,NS
H_plus_B,RandomForest,18,GS1826-238,50035-01-03-04,NS,0.17807659439381676,NS
H_plus_B,RandomForest,18,GS1826-238,50035-01-03-090,NS,0.19939835868477,NS
H_plus_B,RandomForest,18,GS1826-238,80048-01-01-09,NS,0.06999310427015627,NS
H_plus_B,RandomForest,18,GS1826-238,80048-01-01-14,NS,0.1368469991046053,NS
H_plus_B,RandomForest,18,GS1826-238,80049-01-01-00,NS,0.14545255884303657,NS
H_plus_B,RandomForest,18,GS1826-238,90043-01-01-02,NS,0.10188288432209802,NS
H_plus_B,RandomForest,18,GS1826-238,70044-01-03-00,NS,0.20129576234384502,NS
H_plus_B,RandomForest,18,GS1826-238,92703-01-04-02,NS,0.10706086844347835,NS
H_plus_B,RandomForest,18,GS1826-238,70044-01-04-00,NS,0.11438534638451978,NS
H_plus_B,RandomForest,18,GS1826-238,91017-01-02-05,NS,0.12592419561751808,NS
H_plus_B,RandomForest,18,GS1826-238,91017-01-02-03,NS,0.08759234933436327,NS
H_plus_B,RandomForest,18,GS1826-238,91017-01-02-10,NS,0.05728142534594149,NS
H_plus_B,RandomForest,18,GS1826-238,96306-01-01-01,NS,0.05830791825026967,NS
H_plus_B,RandomForest,19,GX17+2,70023-01-01-01,NS,0.0,NS
H_plus_B,RandomForest,19,GX17+2,80022-01-01-09,NS,0.0,NS
H_plus_B,RandomForest,19,GX17+2,80022-01-01-03,NS,0.0,NS
H_plus_B,RandomForest,19,GX17+2,80022-01-01-02,NS,0.0,NS
H_plus_B,RandomForest,19,GX17+2,80022-01-03-01,NS,0.0,NS
H_plus_B,RandomForest,19,GX17+2,90022-07-03-00,NS,0.0,NS
H_plus_B,RandomForest,19,GX17+2,90022-07-04-02,NS,0.0,NS
H_plus_B,RandomForest,19,GX17+2,92042-01-02-00G,NS,0.023457370215990907,NS
H_plus_B,RandomForest,19,GX17+2,92042-01-05-01,NS,0.0,NS
H_plus_B,RandomForest,19,GX17+2,93406-11-01-00,NS,0.027022439183226717,NS
H_plus_B,RandomForest,19,GX17+2,93439-01-05-01,NS,0.0,NS
H_plus_B,RandomForest,19,GX17+2,93439-01-06-00,NS,0.0,NS
H_plus_B,RandomForest,19,GX17+2,95318-01-02-01,NS,0.023116729725425375,NS
H_plus_B,RandomForest,19,GX17+2,96310-01-01-000,NS,0.0,NS
H_plus_B,RandomForest,19,GX17+2,96310-01-01-02,NS,0.0,NS
H_plus_B,RandomForest,20,GX3+1,60022-01-01-01,NS,0.08049095952431456,NS
H_plus_B,RandomForest,20,GX3+1,60022-01-02-01,NS,0.24912171867641214,NS
H_plus_B,RandomForest,20,GX3+1,60022-01-04-03,NS,0.2910224252283894,NS
H_plus_B,RandomForest,20,GX3+1,60022-01-04-04,NS,0.016964845162864964,NS
H_plus_B,RandomForest,20,GX3+1,60022-01-05-01,NS,0.0015238095238095236,NS
H_plus_B,RandomForest,20,GX3+1,60022-01-06-05,NS,0.0,NS
H_plus_B,RandomForest,20,GX3+1,60022-01-06-13,NS,0.07223137056716813,NS
H_plus_B,RandomForest,20,GX3+1,60022-01-07-02,NS,0.0,NS
H_plus_B,RandomForest,20,GX3+1,60022-01-08-03,NS,0.1626392137831855,NS
H_plus_B,RandomForest,20,GX3+1,60022-01-10-03,NS,0.276525154794893,NS
H_plus_B,RandomForest,20,GX3+1,60022-01-10-04,NS,0.2473625907461799,NS
H_plus_B,RandomForest,20,GX3+1,60022-01-13-01,NS,0.2451091783671961,NS
H_plus_B,RandomForest,20,GX3+1,90022-05-05-00,NS,0.0,NS
H_plus_B,RandomForest,20,GX3+1,90022-05-06-00,NS,0.22805972393332796,NS
H_plus_B,RandomForest,20,GX3+1,94307-05-01-02,NS,0.07703812362357056,NS
H_plus_B,RandomForest,21,GX339-4,40031-03-03-04,BH,0.9964949987900299,BH
H_plus_B,RandomForest,21,GX339-4,70110-01-54-00,BH,0.9962587927915857,BH
H_plus_B,RandomForest,21,GX339-4,80102-04-56-00,BH,0.5641943466386334,BH
H_plus_B,RandomForest,21,GX339-4,80132-01-22-00,BH,0.8197123583526823,BH
H_plus_B,RandomForest,21,GX339-4,90704-01-05-00,BH,0.9967597423023009,BH
H_plus_B,RandomForest,21,GX339-4,92034-08-01-00,BH,0.6379746367635284,BH
H_plus_B,RandomForest,21,GX339-4,92035-01-03-03,BH,0.8206111096318898,BH
H_plus_B,RandomForest,21,GX339-4,92704-03-13-00,BH,0.21855558760488103,NS
H_plus_B,RandomForest,21,GX339-4,92704-03-22-00,BH,0.29823343139094005,NS
H_plus_B,RandomForest,21,GX339-4,92704-03-45-01,BH,0.597468571780879,BH
H_plus_B,RandomForest,21,GX339-4,93108-01-01-02,BH,0.7271421209499878,BH
H_plus_B,RandomForest,21,GX339-4,95409-01-02-02,BH,0.8529191490490106,BH
H_plus_B,RandomForest,21,GX339-4,95409-01-20-00,BH,0.9907291280148423,BH
H_plus_B,RandomForest,21,GX339-4,95409-01-29-00,BH,0.9852791407981428,BH
H_plus_B,RandomForest,21,GX339-4,96409-01-10-02,BH,0.39486292963365116,NS
H_plus_B,RandomForest,22,HETEJ1900.1-245,91015-01-07-00,NS,0.6171919517904974,BH
H_plus_B,RandomForest,22,HETEJ1900.1-245,91059-03-03-00,NS,0.2856239224654102,NS
H_plus_B,RandomForest,22,HETEJ1900.1-245,91057-01-07-04,NS,0.20899730446585438,NS
H_plus_B,RandomForest,22,HETEJ1900.1-245,92049-01-05-00,NS,0.16681616160952198,NS
H_plus_B,RandomForest,22,HETEJ1900.1-245,92049-01-07-00,NS,0.019120043918835025,NS
H_plus_B,RandomForest,22,HETEJ1900.1-245,92049-01-40-00,NS,0.1398630744674906,NS
H_plus_B,RandomForest,22,HETEJ1900.1-245,92049-01-56-00,NS,0.0,NS
H_plus_B,RandomForest,22,HETEJ1900.1-245,93030-01-14-00,NS,0.621471158735972,BH
H_plus_B,RandomForest,22,HETEJ1900.1-245,93030-01-47-00,NS,0.2524685385209073,NS
H_plus_B,RandomForest,22,HETEJ1900.1-245,94030-01-05-00,NS,0.29478042394963305,NS
H_plus_B,RandomForest,22,HETEJ1900.1-245,94030-01-27-00,NS,0.16106346008410194,NS
H_plus_B,RandomForest,22,HETEJ1900.1-245,94030-01-36-00,NS,0.2075793939834723,NS
H_plus_B,RandomForest,22,HETEJ1900.1-245,95030-01-16-00,NS,0.4306725288320001,NS
H_plus_B,RandomForest,22,HETEJ1900.1-245,96030-01-01-01,NS,0.060858894512220006,NS
H_plus_B,RandomForest,22,HETEJ1900.1-245,96030-01-25-00,NS,0.4184604067394151,NS
H_plus_B,RandomForest,23,KS1731-260,50031-02-01-09,NS,0.21107903033313907,NS
H_plus_B,RandomForest,23,KS1731-260,50031-02-01-12,NS,0.275707625005788,NS
H_plus_B,RandomForest,23,KS1731-260,50031-02-01-02,NS,0.08490190823602294,NS
H_plus_B,RandomForest,23,KS1731-260,50031-02-01-05,NS,0.15303147551077087,NS
H_plus_B,RandomForest,23,KS1731-260,50031-02-01-08,NS,0.2639442323265129,NS
H_plus_B,RandomForest,23,KS1731-260,50031-02-02-06,NS,0.44043909153610994,NS
H_plus_B,RandomForest,23,KS1731-260,50031-02-02-02,NS,0.4433957883064031,NS
H_plus_B,RandomForest,23,KS1731-260,50031-02-02-03,NS,0.09061309767357496,NS
H_plus_B,RandomForest,23,KS1731-260,50031-02-02-080,NS,0.22819477492118198,NS
H_plus_B,RandomForest,23,KS1731-260,50031-02-03-00,NS,0.2715688155388113,NS
H_plus_B,RandomForest,23,KS1731-260,50031-02-03-05,NS,0.3592515471355526,NS
H_plus_B,RandomForest,23,KS1731-260,50031-02-03-04,NS,0.3228736575612218,NS
H_plus_B,RandomForest,23,KS1731-260,50031-02-03-07,NS,0.4179855595954129,NS
H_plus_B,RandomForest,23,KS1731-260,50031-02-03-08,NS,0.28010280947433414,NS
H_plus_B,RandomForest,23,KS1731-260,50031-02-03-01,NS,0.8965865176817117,BH
H_plus_B,RandomForest,24,MXB1658-298,50410-01-01-00,NS,0.23323792474117191,NS
H_plus_B,RandomForest,24,MXB1658-298,50410-01-04-00,NS,0.0,NS
H_plus_B,RandomForest,24,MXB1658-298,50410-01-05-00,NS,0.01154105048444671,NS
H_plus_B,RandomForest,24,MXB1658-298,50410-01-08-00,NS,0.33566694958947974,NS
H_plus_B,RandomForest,24,MXB1658-298,50410-01-09-00,NS,0.2694269941120766,NS
H_plus_B,RandomForest,24,MXB1658-298,60048-01-02-00,NS,0.133559528309207,NS
H_plus_B,RandomForest,24,MXB1658-298,60048-01-04-00,NS,0.11104248415455135,NS
H_plus_B,RandomForest,24,MXB1658-298,60048-02-01-00,NS,0.0032307692307692306,NS
H_plus_B,RandomForest,24,MXB1658-298,60048-02-03-00,NS,0.12515546077191558,NS
H_plus_B,RandomForest,24,MXB1658-298,60048-03-01-00,NS,0.008960498960498959,NS
H_plus_B,RandomForest,24,MXB1658-298,60048-03-02-00,NS,0.06818574041153273,NS
H_plus_B,RandomForest,24,MXB1658-298,60048-03-05-00,NS,0.0650280504354948,NS
H_plus_B,RandomForest,24,MXB1658-298,60048-04-01-00,NS,0.0027545787545787547,NS
H_plus_B,RandomForest,24,MXB1658-298,60048-04-03-00,NS,0.3729004913675193,NS
H_plus_B,RandomForest,24,MXB1658-298,60048-04-05-00,NS,0.43267158633993047,NS
H_plus_B,RandomForest,25,SAXJ1808.4-3658,70080-01-02-04,NS,0.2617970753817928,NS
H_plus_B,RandomForest,25,SAXJ1808.4-3658,70080-01-02-22,NS,0.39508590615838934,NS
H_plus_B,RandomForest,25,SAXJ1808.4-3658,70080-01-03-010,NS,0.34516581042295597,NS
H_plus_B,RandomForest,25,SAXJ1808.4-3658,70080-02-01-03,NS,0.3952984005059117,NS
H_plus_B,RandomForest,25,SAXJ1808.4-3658,70080-02-02-35,NS,0.31600573367021345,NS
H_plus_B,RandomForest,25,SAXJ1808.4-3658,70080-02-02-12,NS,0.37935061018553917,NS
H_plus_B,RandomForest,25,SAXJ1808.4-3658,70080-03-13-00,NS,0.36413897217373087,NS
H_plus_B,RandomForest,25,SAXJ1808.4-3658,70080-03-20-13,NS,0.2895476726998729,NS
H_plus_B,RandomForest,25,SAXJ1808.4-3658,70080-03-22-00,NS,0.37853015835960857,NS
H_plus_B,RandomForest,25,SAXJ1808.4-3658,91056-01-03-05,NS,0.41156053392160286,NS
H_plus_B,RandomForest,25,SAXJ1808.4-3658,91418-01-04-00,NS,0.4150315790847032,NS
H_plus_B,RandomForest,25,SAXJ1808.4-3658,93027-01-01-03,NS,0.28571973126798006,NS
H_plus_B,RandomForest,25,SAXJ1808.4-3658,93027-01-05-08,NS,0.4427607292890098,NS
H_plus_B,RandomForest,25,SAXJ1808.4-3658,96027-01-01-00,NS,0.3110483683340292,NS
H_plus_B,RandomForest,25,SAXJ1808.4-3658,96027-01-02-00,NS,0.23472471674891854,NS
H_plus_B,RandomForest,26,SLX1735-269,60034-01-01-00,NS,0.2555429093912093,NS
H_plus_B,RandomForest,26,SLX1735-269,60034-01-02-02,NS,0.22397864346014573,NS
H_plus_B,RandomForest,26,SLX1735-269,60034-01-03-01,NS,0.0,NS
H_plus_B,RandomForest,26,SLX1735-269,80138-03-01-00,NS,0.0,NS
H_plus_B,RandomForest,26,SLX1735-269,80138-03-02-00,NS,0.05760029269204734,NS
H_plus_B,RandomForest,26,SLX1735-269,80138-03-07-01,NS,0.0015238095238095236,NS
H_plus_B,RandomForest,26,SLX1735-269,80138-03-07-03,NS,0.0,NS
H_plus_B,RandomForest,26,SLX1735-269,90058-05-01-02,NS,0.0,NS
H_plus_B,RandomForest,26,SLX1735-269,92052-02-02-00,NS,0.07059067800011222,NS
H_plus_B,RandomForest,26,SLX1735-269,96429-01-02-02,NS,0.4712130057414352,NS
H_plus_B,RandomForest,26,SLX1735-269,96429-01-03-01,NS,0.2780025000337886,NS
H_plus_B,RandomForest,26,SLX1735-269,96429-01-05-00,NS,0.153408228763856,NS
H_plus_B,RandomForest,26,SLX1735-269,96429-01-06-01,NS,0.33637465130707106,NS
H_plus_B,RandomForest,26,SLX1735-269,96429-01-07-01,NS,0.19092580296640815,NS
H_plus_B,RandomForest,26,SLX1735-269,96429-01-08-03,NS,0.18748197666251715,NS
H_plus_B,RandomForest,27,XTEJ1118+480,50407-01-07-01,BH,0.09852655787298581,NS
H_plus_B,RandomForest,27,XTEJ1118+480,50407-01-09-00,BH,0.12248592368601248,NS
H_plus_B,RandomForest,27,XTEJ1118+480,50407-01-10-01,BH,0.2814298916825384,NS
H_plus_B,RandomForest,27,XTEJ1118+480,50133-01-05-00,BH,0.05247249711398632,NS
H_plus_B,RandomForest,27,XTEJ1118+480,50407-01-13-02,BH,0.030173529601981233,NS
H_plus_B,RandomForest,27,XTEJ1118+480,50133-01-04-01,BH,0.03827758226249531,NS
H_plus_B,RandomForest,27,XTEJ1118+480,50407-01-14-02,BH,0.046573060015327045,NS
H_plus_B,RandomForest,27,XTEJ1118+480,50407-01-16-00,BH,0.07589441813438282,NS
H_plus_B,RandomForest,27,XTEJ1118+480,90011-01-01-08,BH,0.22511740814818337,NS
H_plus_B,RandomForest,27,XTEJ1118+480,90011-01-01-10,BH,0.8709619536732733,BH
H_plus_B,RandomForest,27,XTEJ1118+480,90011-01-01-05,BH,0.044202147977415174,NS
H_plus_B,RandomForest,27,XTEJ1118+480,90111-01-02-06,BH,0.03280703026839463,NS
H_plus_B,RandomForest,27,XTEJ1118+480,90111-01-02-15,BH,0.15137028175424924,NS
H_plus_B,RandomForest,27,XTEJ1118+480,90111-01-02-07,BH,0.018472529356358847,NS
H_plus_B,RandomForest,27,XTEJ1118+480,90111-01-03-02,BH,0.10130585010831321,NS
H_plus_B,RandomForest,28,XTEJ1550-564,50135-01-02-00,BH,0.19741575799472394,NS
H_plus_B,RandomForest,28,XTEJ1550-564,50135-01-08-00,BH,0.8454283469159616,BH
H_plus_B,RandomForest,28,XTEJ1550-564,50135-01-15-00,BH,0.14738961470784395,NS
H_plus_B,RandomForest,28,XTEJ1550-564,50135-01-19-00,BH,0.3396498910734744,NS
H_plus_B,RandomForest,28,XTEJ1550-564,50135-01-23-00,BH,0.3312684623715104,NS
H_plus_B,RandomForest,28,XTEJ1550-564,50137-02-09-00,BH,0.6440056282765942,BH
H_plus_B,RandomForest,28,XTEJ1550-564,60428-01-03-00,BH,0.8863022914120576,BH
H_plus_B,RandomForest,28,XTEJ1550-564,60428-01-05-00,BH,0.8242374579970979,BH
H_plus_B,RandomForest,28,XTEJ1550-564,60428-01-09-00,BH,0.8110886943105824,BH
H_plus_B,RandomForest,28,XTEJ1550-564,60428-01-15-00,BH,0.4670817825541012,NS
H_plus_B,RandomForest,28,XTEJ1550-564,80135-01-01-01,BH,0.5914438546372859,BH
H_plus_B,RandomForest,28,XTEJ1550-564,80135-01-02-01,BH,0.4866902919040843,NS
H_plus_B,RandomForest,28,XTEJ1550-564,80135-01-03-10,BH,0.5349154878577252,BH
H_plus_B,RandomForest,28,XTEJ1550-564,80135-01-04-02,BH,0.7204589502071379,BH
H_plus_B,RandomForest,28,XTEJ1550-564,80135-01-05-10,BH,0.6474863847464017,BH
H_plus_B,RandomForest,29,XTEJ1650-500,60113-01-06-00,BH,0.0669518816802301,NS
H_plus_B,RandomForest,29,XTEJ1650-500,60113-01-09-00,BH,0.21335899321064666,NS
H_plus_B,RandomForest,29,XTEJ1650-500,60113-01-11-01,BH,0.5119553992044524,BH
H_plus_B,RandomForest,29,XTEJ1650-500,60113-01-15-00,BH,0.9514983524754462,BH
H_plus_B,RandomForest,29,XTEJ1650-500,60113-01-23-00,BH,0.947709071477186,BH
H_plus_B,RandomForest,29,XTEJ1650-500,60113-01-27-00,BH,0.9975918367346939,BH
H_plus_B,RandomForest,29,XTEJ1650-500,60113-01-29-02,BH,0.9931372912801484,BH
H_plus_B,RandomForest,29,XTEJ1650-500,60113-01-34-00,BH,0.984617195372031,BH
H_plus_B,RandomForest,29,XTEJ1650-500,60113-01-36-00,BH,0.9905482374768089,BH
H_plus_B,RandomForest,29,XTEJ1650-500,60113-01-38-00,BH,0.9926281179138322,BH
H_plus_B,RandomForest,29,XTEJ1650-500,60118-02-08-00,BH,0.9746885154737661,BH
H_plus_B,RandomForest,29,XTEJ1650-500,60118-02-14-00,BH,0.17042187710951875,NS
H_plus_B,RandomForest,29,XTEJ1650-500,60118-02-20-00,BH,0.3496698933104686,NS
H_plus_B,RandomForest,29,XTEJ1650-500,60118-02-28-00,BH,0.45948709038280316,NS
H_plus_B,RandomForest,29,XTEJ1650-500,70124-01-02-00,BH,0.4875486615480372,NS
H_plus_B,RandomForest,30,XTEJ1814-338,80138-04-02-00,NS,0.22754591721959377,NS
H_plus_B,RandomForest,30,XTEJ1814-338,80145-02-01-01,NS,0.3574640444433316,NS
H_plus_B,RandomForest,30,XTEJ1814-338,80418-01-01-07,NS,0.46116963380968645,NS
H_plus_B,RandomForest,30,XTEJ1814-338,80418-01-02-00,NS,0.4430527969602114,NS
H_plus_B,RandomForest,30,XTEJ1814-338,80418-01-02-08,NS,0.5190381347833793,BH
H_plus_B,RandomForest,30,XTEJ1814-338,80418-01-02-05,NS,0.5451106541732667,BH
H_plus_B,RandomForest,30,XTEJ1814-338,80418-01-03-02,NS,0.43151614739728106,NS
H_plus_B,RandomForest,30,XTEJ1814-338,80418-01-03-08,NS,0.4259995882092188,NS
H_plus_B,RandomForest,30,XTEJ1814-338,80418-01-04-03,NS,0.5113377551759677,BH
H_plus_B,RandomForest,30,XTEJ1814-338,80418-01-05-00,NS,0.4371735573214225,NS
H_plus_B,RandomForest,30,XTEJ1814-338,80418-01-05-08,NS,0.06496129096129098,NS
H_plus_B,RandomForest,30,XTEJ1814-338,80418-01-06-00,NS,0.6199348157523817,BH
H_plus_B,RandomForest,30,XTEJ1814-338,80418-01-06-02,NS,0.5865812674647137,BH
H_plus_B,RandomForest,30,XTEJ1814-338,80418-01-06-06,NS,0.46795931877740593,NS
H_plus_B,RandomForest,30,XTEJ1814-338,80418-01-07-06,NS,0.19253334699906874,NS
HI_plus_A,LogReg,0,4U1254-690,60044-01-01-02,NS,0.11927511837662275,NS
HI_plus_A,LogReg,0,4U1254-690,60044-01-01-00,NS,0.1709656539200542,NS
HI_plus_A,LogReg,0,4U1254-690,60044-01-01-03,NS,0.031441404560476144,NS
HI_plus_A,LogReg,0,4U1254-690,60044-01-01-05,NS,0.046463322855036245,NS
HI_plus_A,LogReg,0,4U1254-690,60044-01-02-100,NS,0.08742129020581894,NS
HI_plus_A,LogReg,0,4U1254-690,60044-01-02-000,NS,0.1020531642133875,NS
HI_plus_A,LogReg,0,4U1254-690,90036-01-01-01,NS,0.12008312560510567,NS
HI_plus_A,LogReg,0,4U1254-690,90036-01-01-03,NS,0.07139889260978645,NS
HI_plus_A,LogReg,0,4U1254-690,93406-13-01-00,NS,0.054449326197951814,NS
HI_plus_A,LogReg,0,4U1254-690,95324-01-01-010,NS,0.03674336060680789,NS
HI_plus_A,LogReg,0,4U1254-690,95324-01-01-000,NS,0.04600387278148619,NS
HI_plus_A,LogReg,0,4U1254-690,95324-01-01-00,NS,0.05876157799146554,NS
HI_plus_A,LogReg,0,4U1254-690,95324-01-02-000,NS,0.03821004005601674,NS
HI_plus_A,LogReg,0,4U1254-690,95324-01-02-00,NS,0.12556005290018726,NS
HI_plus_A,LogReg,0,4U1254-690,95324-01-02-01,NS,0.03578411249627488,NS
HI_plus_A,LogReg,1,4U1323-619,70050-03-01-01,NS,0.10907428550813794,NS
HI_plus_A,LogReg,1,4U1323-619,70050-03-01-02,NS,0.2020242021691389,NS
HI_plus_A,LogReg,1,4U1323-619,90062-03-01-02,NS,0.1723812381435057,NS
HI_plus_A,LogReg,1,4U1323-619,90062-03-01-01,NS,0.2838379069636356,NS
HI_plus_A,LogReg,1,4U1323-619,95442-01-01-01,NS,0.23369631486195563,NS
HI_plus_A,LogReg,1,4U1323-619,95442-01-01-02,NS,0.20777122771599904,NS
HI_plus_A,LogReg,1,4U1323-619,96405-01-01-00,NS,0.1412951693096342,NS
HI_plus_A,LogReg,1,4U1323-619,96405-01-01-01,NS,0.23514058380165978,NS
HI_plus_A,LogReg,1,4U1323-619,96405-01-02-00,NS,0.13778688230190642,NS
HI_plus_A,LogReg,1,4U1323-619,96405-01-02-01,NS,0.1859069428655695,NS
HI_plus_A,LogReg,1,4U1323-619,96405-01-04-00,NS,0.18364403335747587,NS
HI_plus_A,LogReg,1,4U1323-619,96405-01-05-00,NS,0.1381653180216816,NS
HI_plus_A,LogReg,1,4U1323-619,96405-01-05-01,NS,0.33677897082233743,NS
HI_plus_A,LogReg,1,4U1323-619,96405-01-05-02,NS,0.18739414898800624,NS
HI_plus_A,LogReg,1,4U1323-619,96405-01-05-03,NS,0.24507327664998227,NS
HI_plus_A,LogReg,2,4U1543-47,70133-01-01-00,BH,0.998915472701465,BH
HI_plus_A,LogReg,2,4U1543-47,70132-01-01-02G,BH,0.999773947560831,BH
HI_plus_A,LogReg,2,4U1543-47,70133-01-14-00,BH,0.9998124647481883,BH
HI_plus_A,LogReg,2,4U1543-47,70132-01-02-00,BH,0.9987478775369474,BH
HI_plus_A,LogReg,2,4U1543-47,70133-01-10-00,BH,0.996768429289718,BH
HI_plus_A,LogReg,2,4U1543-47,70133-01-19-00,BH,0.9992837084957857,BH
HI_plus_A,LogReg,2,4U1543-47,70133-01-22-00,BH,0.9986145976865881,BH
HI_plus_A,LogReg,2,4U1543-47,70133-01-24-00,BH,0.9993065380248952,BH
HI_plus_A,LogReg,2,4U1543-47,70133-01-27-01,BH,0.9982999131587184,BH
HI_plus_A,LogReg,2,4U1543-47,70133-01-28-00,BH,0.9909360438099754,BH
HI_plus_A,LogReg,2,4U1543-47,70133-01-31-01,BH,0.9354298121244237,BH
HI_plus_A,LogReg,2,4U1543-47,70128-01-01-01,BH,0.8486213238647589,BH
HI_plus_A,LogReg,2,4U1543-47,70124-02-09-00,BH,0.3967216507724741,NS
HI_plus_A,LogReg,2,4U1543-47,70124-02-10-00,BH,0.5273468186027671,BH
HI_plus_A,LogReg,2,4U1543-47,70124-02-14-00,BH,0.7406311016702548,BH
HI_plus_A,LogReg,3,4U1608-52,60052-02-03-00,NS,0.054649168857357454,NS
HI_plus_A,LogReg,3,4U1608-52,70059-01-01-00G,NS,0.1115783481582327,NS
HI_plus_A,LogReg,3,4U1608-52,70058-01-32-00,NS,0.0569617468850163,NS
HI_plus_A,LogReg,3,4U1608-52,70069-01-04-03,NS,0.37691703389635056,NS
HI_plus_A,LogReg,3,4U1608-52,90408-01-01-03,NS,0.1616564658188597,NS
HI_plus_A,LogReg,3,4U1608-52,90408-01-03-03,NS,0.6488436183453044,BH
HI_plus_A,LogReg,3,4U1608-52,93408-01-14-00,NS,0.6376209237677525,BH
HI_plus_A,LogReg,3,4U1608-52,93408-01-17-01,NS,0.08050464434218695,NS
HI_plus_A,LogReg,3,4U1608-52,93408-01-22-01,NS,0.027938244053505985,NS
HI_plus_A,LogReg,3,4U1608-52,93408-01-27-03,NS,0.6484551786436734,BH
HI_plus_A,LogReg,3,4U1608-52,93408-01-55-01,NS,0.5339785223579728,BH
HI_plus_A,LogReg,3,4U1608-52,94401-01-03-02,NS,0.037635332814377996,NS
HI_plus_A,LogReg,3,4U1608-52,94401-01-38-02,NS,0.25824663808141657,NS
HI_plus_A,LogReg,3,4U1608-52,96423-01-03-00,NS,0.05903793473252176,NS
HI_plus_A,LogReg,3,4U1608-52,96423-01-21-03,NS,0.6145606118865617,BH
HI_plus_A,LogReg,4,4U1636-53,50030-02-04-00,NS,0.043359050463887605,NS
HI_plus_A,LogReg,4,4U1636-53,60032-01-20-000,NS,0.043956672850667566,NS
HI_plus_A,LogReg,4,4U1636-53,91024-01-74-00,NS,0.6275025089362745,BH
HI_plus_A,LogReg,4,4U1636-53,91024-01-12-10,NS,0.07794100657036748,NS
HI_plus_A,LogReg,4,4U1636-53,92023-01-50-00,NS,0.25186486755248827,NS
HI_plus_A,LogReg,4,4U1636-53,92023-01-79-10,NS,0.01462337361080534,NS
HI_plus_A,LogReg,4,4U1636-53,93087-01-27-00,NS,0.023349898715664872,NS
HI_plus_A,LogReg,4,4U1636-53,93087-01-80-00,NS,0.3908178647213999,NS
HI_plus_A,LogReg,4,4U1636-53,93087-01-33-20,NS,0.025128978401350886,NS
HI_plus_A,LogReg,4,4U1636-53,94087-01-16-00,NS,0.5265264919506292,BH
HI_plus_A,LogReg,4,4U1636-53,94087-01-25-10,NS,0.25575458918577987,NS
HI_plus_A,LogReg,4,4U1636-53,94087-01-44-10,NS,0.018461876276743214,NS
HI_plus_A,LogReg,4,4U1636-53,95087-01-47-10,NS,0.29474456883585765,NS
HI_plus_A,LogReg,4,4U1636-53,96087-01-52-00,NS,0.3887362641416059,NS
HI_plus_A,LogReg,4,4U1636-53,96087-01-11-10,NS,0.2131632597746336,NS
HI_plus_A,LogReg,5,4U1702-429,50029-27-01-000,NS,0.5369486943068342,BH
HI_plus_A,LogReg,5,4U1702-429,50030-01-04-00,NS,0.6203217332541197,BH
HI_plus_A,LogReg,5,4U1702-429,50030-01-09-03,NS,0.5178132719883064,BH
HI_plus_A,LogReg,5,4U1702-429,80033-01-01-01,NS,0.5193326112526172,BH
HI_plus_A,LogReg,5,4U1702-429,80033-01-02-000,NS,0.02423796533888688,NS
HI_plus_A,LogReg,5,4U1702-429,80033-01-04-03,NS,0.014114782649209151,NS
HI_plus_A,LogReg,5,4U1702-429,80033-01-08-00G,NS,0.017630613420900984,NS
HI_plus_A,LogReg,5,4U1702-429,80033-01-10-04G,NS,0.016284131778356144,NS
HI_plus_A,LogReg,5,4U1702-429,80033-01-11-02,NS,0.015275026594783107,NS
HI_plus_A,LogReg,5,4U1702-429,80033-01-12-02,NS,0.01708423785465122,NS
HI_plus_A,LogReg,5,4U1702-429,80033-01-16-05,NS,0.01625771426761835,NS
HI_plus_A,LogReg,5,4U1702-429,80033-01-18-02,NS,0.5045248812087136,BH
HI_plus_A,LogReg,5,4U1702-429,80033-01-20-01,NS,0.3647935890774965,NS
HI_plus_A,LogReg,5,4U1702-429,80033-01-21-03,NS,0.4340678242119727,NS
HI_plus_A,LogReg,5,4U1702-429,94415-01-01-00,NS,0.3113281041358019,NS
HI_plus_A,LogReg,6,4U1705-44,91039-01-01-61,NS,0.5653596676309345,BH
HI_plus_A,LogReg,6,4U1705-44,90170-01-01-00,NS,0.01972104976335986,NS
HI_plus_A,LogReg,6,4U1705-44,93060-01-05-00,NS,0.5811303748995498,BH
HI_plus_A,LogReg,6,4U1705-44,93060-01-50-00,NS,0.3647236634278259,NS
HI_plus_A,LogReg,6,4U1705-44,93060-01-77-00,NS,0.018824949843392294,NS
HI_plus_A,LogReg,6,4U1705-44,93060-01-93-00,NS,0.042805567138455236,NS
HI_plus_A,LogReg,6,4U1705-44,93060-01-45-00,NS,0.03809952180414267,NS
HI_plus_A,LogReg,6,4U1705-44,94060-01-23-00,NS,0.023896751682700952,NS
HI_plus_A,LogReg,6,4U1705-44,94060-01-46-00,NS,0.051560747552814645,NS
HI_plus_A,LogReg,6,4U1705-44,94060-01-55-00,NS,0.028125509974760824,NS
HI_plus_A,LogReg,6,4U1705-44,95060-01-35-00,NS,0.4139668151633893,NS
HI_plus_A,LogReg,6,4U1705-44,95060-01-66-00,NS,0.025744523744609074,NS
HI_plus_A,LogReg,6,4U1705-44,95060-01-78-00,NS,0.026821054322999253,NS
HI_plus_A,LogReg,6,4U1705-44,96060-01-40-00,NS,0.028158841882692246,NS
HI_plus_A,LogReg,6,4U1705-44,96060-01-73-00,NS,0.022184118193149218,NS
HI_plus_A,LogReg,7,4U1724-307,60034-02-01-01,NS,0.3997811731458974,NS
HI_plus_A,LogReg,7,4U1724-307,50060-05-01-07,NS,0.4191770447353345,NS
HI_plus_A,LogReg,7,4U1724-307,50060-05-01-05,NS,0.3898174489077671,NS
HI_plus_A,LogReg,7,4U1724-307,60034-02-02-02,NS,0.3172730195986614,NS
HI_plus_A,LogReg,7,4U1724-307,60034-02-03-10,NS,0.3114799515372033,NS
HI_plus_A,LogReg,7,4U1724-307,60034-02-05-01,NS,0.37135924833265027,NS
HI_plus_A,LogReg,7,4U1724-307,80105-10-01-00,NS,0.3357329028812766,NS
HI_plus_A,LogReg,7,4U1724-307,80138-06-03-00,NS,0.01762711754346924,NS
HI_plus_A,LogReg,7,4U1724-307,90058-06-03-00,NS,0.16766472270317578,NS
HI_plus_A,LogReg,7,4U1724-307,91050-07-01-00,NS,0.2112990524527213,NS
HI_plus_A,LogReg,7,4U1724-307,93044-06-04-00,NS,0.13306681075708124,NS
HI_plus_A,LogReg,7,4U1724-307,93044-06-07-00,NS,0.29911132111568733,NS
HI_plus_A,LogReg,7,4U1724-307,93438-01-02-03,NS,0.383404286491739,NS
HI_plus_A,LogReg,7,4U1724-307,93438-01-04-00,NS,0.3620457252987156,NS
HI_plus_A,LogReg,7,4U1724-307,93438-01-07-01,NS,0.394603536325746,NS
HI_plus_A,LogReg,8,4U1728-34,50023-01-29-00,NS,0.32950305536460184,NS
HI_plus_A,LogReg,8,4U1728-34,50030-03-05-03,NS,0.6407191233580238,BH
HI_plus_A,LogReg,8,4U1728-34,70028-01-01-08,NS,0.46370989436878346,NS
HI_plus_A,LogReg,8,4U1728-34,70028-01-01-05,NS,0.3846208842086396,NS
HI_plus_A,LogReg,8,4U1728-34,92023-03-08-00,NS,0.023444839396195162,NS
HI_plus_A,LogReg,8,4U1728-34,92023-03-37-00,NS,0.38652923020637386,NS
HI_plus_A,LogReg,8,4U1728-34,92023-03-76-00,NS,0.044209509700265825,NS
HI_plus_A,LogReg,8,4U1728-34,92023-03-98-00,NS,0.33911328977571414,NS
HI_plus_A,LogReg,8,4U1728-34,92023-03-19-10,NS,0.022987001779327502,NS
HI_plus_A,LogReg,8,4U1728-34,92023-03-30-10,NS,0.08656006711735598,NS
HI_plus_A,LogReg,8,4U1728-34,92023-03-44-00,NS,0.5620842648260135,BH
HI_plus_A,LogReg,8,4U1728-34,92023-03-49-00,NS,0.6521934479546379,BH
HI_plus_A,LogReg,8,4U1728-34,92023-03-70-00,NS,0.44397859281635355,NS
HI_plus_A,LogReg,8,4U1728-34,95337-01-02-00,NS,0.020660592668046953,NS
HI_plus_A,LogReg,8,4U1728-34,96322-01-01-05,NS,0.017840197058307448,NS
HI_plus_A,LogReg,9,4U1735-44,50025-02-01-01,NS,0.0349975542045014,NS
HI_plus_A,LogReg,9,4U1735-44,50026-01-01-00,NS,0.023144006605417017,NS
HI_plus_A,LogReg,9,4U1735-44,91152-06-01-10,NS,0.01682041079759539,NS
HI_plus_A,LogReg,9,4U1735-44,91025-01-01-04,NS,0.023374325850834057,NS
HI_plus_A,LogReg,9,4U1735-44,91025-01-04-04,NS,0.01812572159327581,NS
HI_plus_A,LogReg,9,4U1735-44,91025-01-04-06,NS,0.01419570692873722,NS
HI_plus_A,LogReg,9,4U1735-44,91025-01-05-01,NS,0.012162287488238718,NS
HI_plus_A,LogReg,9,4U1735-44,91025-01-08-07,NS,0.009024009898732095,NS
HI_plus_A,LogReg,9,4U1735-44,91025-01-09-12,NS,0.007458800185229081,NS
HI_plus_A,LogReg,9,4U1735-44,91025-01-09-10,NS,0.010371292953260634,NS
HI_plus_A,LogReg,9,4U1735-44,91025-01-13-03,NS,0.005841314153176436,NS
HI_plus_A,LogReg,9,4U1735-44,91025-01-13-08,NS,0.006208275759271478,NS
HI_plus_A,LogReg,9,4U1735-44,93200-01-03-01,NS,0.00745895482794858,NS
HI_plus_A,LogReg,9,4U1735-44,96325-01-01-04,NS,0.0142806809996655,NS
HI_plus_A,LogReg,9,4U1735-44,96331-01-02-01,NS,0.019194260965850987,NS
HI_plus_A,LogReg,10,4U1746-371,60044-02-01-10,NS,0.03217271155848973,NS
HI_plus_A,LogReg,10,4U1746-371,60044-02-01-05,NS,0.03105075633441462,NS
HI_plus_A,LogReg,10,4U1746-371,60044-02-01-07,NS,0.041328752508381486,NS
HI_plus_A,LogReg,10,4U1746-371,60044-02-01-06,NS,0.0342196343335151,NS
HI_plus_A,LogReg,10,4U1746-371,60044-02-02-00,NS,0.04966267623488004,NS
HI_plus_A,LogReg,10,4U1746-371,60044-02-02-010,NS,0.02473083638127364,NS
HI_plus_A,LogReg,10,4U1746-371,60044-02-02-09,NS,0.026470928617152143,NS
HI_plus_A,LogReg,10,4U1746-371,60044-02-02-10,NS,0.08339750924508993,NS
HI_plus_A,LogReg,10,4U1746-371,70050-01-01-03,NS,0.020452464128124875,NS
HI_plus_A,LogReg,10,4U1746-371,70050-01-01-06,NS,0.02567284133367266,NS
HI_plus_A,LogReg,10,4U1746-371,70050-01-01-00,NS,0.016394291647467054,NS
HI_plus_A,LogReg,10,4U1746-371,70050-01-01-08,NS,0.010483674490526534,NS
HI_plus_A,LogReg,10,4U1746-371,90044-01-02-01,NS,0.017106915046110803,NS
HI_plus_A,LogReg,10,4U1746-371,90044-01-04-000,NS,0.0405672706923333,NS
HI_plus_A,LogReg,10,4U1746-371,90044-01-04-00,NS,0.6236515795728024,BH
HI_plus_A,LogReg,11,4U1820-30,40017-01-21-02,NS,0.029261095230086246,NS
HI_plus_A,LogReg,11,4U1820-30,60030-01-02-01,NS,0.039012870933138474,NS
HI_plus_A,LogReg,11,4U1820-30,70030-03-03-00,NS,0.030180640260296515,NS
HI_plus_A,LogReg,11,4U1820-30,70030-03-05-00,NS,0.20144969009823455,NS
HI_plus_A,LogReg,11,4U1820-30,90027-01-01-06,NS,0.026559903083079393,NS
HI_plus_A,LogReg,11,4U1820-30,90027-01-03-00,NS,0.01477250968673847,NS
HI_plus_A,LogReg,11,4U1820-30,90027-01-04-04,NS,0.02572036742834839,NS
HI_plus_A,LogReg,11,4U1820-30,92030-02-02-00,NS,0.02136224947157003,NS
HI_plus_A,LogReg,11,4U1820-30,91152-04-01-00,NS,0.01733683047437173,NS
HI_plus_A,LogReg,11,4U1820-30,92030-02-05-00,NS,0.015072487151256971,NS
HI_plus_A,LogReg,11,4U1820-30,94090-01-01-00,NS,0.09144744577023928,NS
HI_plus_A,LogReg,11,4U1820-30,94090-01-02-01,NS,0.3935060412020147,NS
HI_plus_A,LogReg,11,4U1820-30,92030-02-12-00,NS,0.017659933678227102,NS
HI_plus_A,LogReg,11,4U1820-30,96090-01-01-020,NS,0.017485659333206772,NS
HI_plus_A,LogReg,11,4U1820-30,96324-01-02-01,NS,0.013034723809148403,NS
HI_plus_A,LogReg,12,4U1915-05,50026-03-01-00,NS,0.32687898659909875,NS
HI_plus_A,LogReg,12,4U1915-05,50026-03-01-01,NS,0.4259658361572696,NS
HI_plus_A,LogReg,12,4U1915-05,70034-02-01-01,NS,0.014195544969542935,NS
HI_plus_A,LogReg,12,4U1915-05,70034-02-01-00,NS,0.01851956234264647,NS
HI_plus_A,LogReg,12,4U1915-05,70034-02-02-01,NS,0.12906465743694073,NS
HI_plus_A,LogReg,12,4U1915-05,70034-02-02-00,NS,0.3374584773069247,NS
HI_plus_A,LogReg,13,AQLX1,50049-02-06-01,NS,0.05104902371651486,NS
HI_plus_A,LogReg,13,AQLX1,50049-02-15-06,NS,0.16654101745118224,NS
HI_plus_A,LogReg,13,AQLX1,60054-02-03-03,NS,0.11492767676582674,NS
HI_plus_A,LogReg,13,AQLX1,70069-03-01-00,NS,0.06055515034540541,NS
HI_plus_A,LogReg,13,AQLX1,80403-01-03-00,NS,0.5847639965141331,BH
HI_plus_A,LogReg,13,AQLX1,90017-11-06-00,NS,0.5192066296141805,BH
HI_plus_A,LogReg,13,AQLX1,91028-01-29-00,NS,0.6914466365268324,BH
HI_plus_A,LogReg,13,AQLX1,92034-01-02-00,NS,0.6957572715080568,BH
HI_plus_A,LogReg,13,AQLX1,93076-01-02-00,NS,0.5410993485081762,BH
HI_plus_A,LogReg,13,AQLX1,92438-01-02-02,NS,0.6013696891062337,BH
HI_plus_A,LogReg,13,AQLX1,94076-01-03-04,NS,0.6981455661555045,BH
HI_plus_A,LogReg,13,AQLX1,94441-01-01-00,NS,0.09457908580832665,NS
HI_plus_A,LogReg,13,AQLX1,95413-01-02-01,NS,0.5561004130992022,BH
HI_plus_A,LogReg,13,AQLX1,96440-01-05-02,NS,0.02815219295279959,NS
HI_plus_A,LogReg,13,AQLX1,96440-01-08-06,NS,0.19409922956276193,NS
HI_plus_A,LogReg,14,CYGX2,40019-04-05-09,NS,0.1403221432117054,NS
HI_plus_A,LogReg,14,CYGX2,80018-02-01-00G,NS,0.1470153752728644,NS
HI_plus_A,LogReg,14,CYGX2,90030-01-23-00,NS,0.04260639385358042,NS
HI_plus_A,LogReg,14,CYGX2,90030-01-45-00,NS,0.08512064392687366,NS
HI_plus_A,LogReg,14,CYGX2,90030-01-55-01,NS,0.10315613814489198,NS
HI_plus_A,LogReg,14,CYGX2,91010-01-01-05,NS,0.1028357516096737,NS
HI_plus_A,LogReg,14,CYGX2,91009-01-28-01,NS,0.1308501986590018,NS
HI_plus_A,LogReg,14,CYGX2,90030-01-15-00,NS,0.05671835638307603,NS
HI_plus_A,LogReg,14,CYGX2,90030-01-09-00,NS,0.047074657456137904,NS
HI_plus_A,LogReg,14,CYGX2,92039-01-04-01,NS,0.1170083484052226,NS
HI_plus_A,LogReg,14,CYGX2,92038-01-06-01,NS,0.0480773264118989,NS
HI_plus_A,LogReg,14,CYGX2,93082-02-02-01,NS,0.08050389284819497,NS
HI_plus_A,LogReg,14,CYGX2,93443-01-01-09,NS,0.12329206084527726,NS
HI_plus_A,LogReg,14,CYGX2,95345-01-06-00,NS,0.10259183761787728,NS
HI_plus_A,LogReg,14,CYGX2,95345-01-40-00,NS,0.06409505690512494,NS
HI_plus_A,LogReg,15,EXO0748-676,50045-06-05-00,NS,0.17933080847895144,NS
HI_plus_A,LogReg,15,EXO0748-676,70048-03-02-00,NS,0.20269492206610826,NS
HI_plus_A,LogReg,15,EXO0748-676,60042-03-01-00,NS,0.1445150938248207,NS
HI_plus_A,LogReg,15,EXO0748-676,70047-02-01-03,NS,0.14172026615864808,NS
HI_plus_A,LogReg,15,EXO0748-676,70048-13-12-00,NS,0.23340658232761238,NS
HI_plus_A,LogReg,15,EXO0748-676,80040-01-09-01,NS,0.30393734015412494,NS
HI_plus_A,LogReg,15,EXO0748-676,90039-01-03-02,NS,0.4039639429995884,NS
HI_plus_A,LogReg,15,EXO0748-676,90039-01-04-01,NS,0.24745031538337395,NS
HI_plus_A,LogReg,15,EXO0748-676,91035-01-04-09,NS,0.1201443739101961,NS
HI_plus_A,LogReg,15,EXO0748-676,92019-01-05-02,NS,0.2855886061054044,NS
HI_plus_A,LogReg,15,EXO0748-676,92019-01-06-03,NS,0.29386727966311726,NS
HI_plus_A,LogReg,15,EXO0748-676,92019-01-16-00,NS,0.14159466251169958,NS
HI_plus_A,LogReg,15,EXO0748-676,92019-01-18-01,NS,0.14076947696842193,NS
HI_plus_A,LogReg,15,EXO0748-676,92019-01-26-01,NS,0.13567324639883643,NS
HI_plus_A,LogReg,15,EXO0748-676,92040-03-01-00,NS,0.11052512466171925,NS
HI_plus_A,LogReg,16,GROJ1655-40,90428-01-01-07,BH,0.5625139178707567,BH
HI_plus_A,LogReg,16,GROJ1655-40,91702-01-02-03,BH,0.9950186892487298,BH
HI_plus_A,LogReg,16,GROJ1655-40,91702-01-22-00,BH,0.2111109933210223,NS
HI_plus_A,LogReg,16,GROJ1655-40,91702-01-22-03,BH,0.19756101071082513,NS
HI_plus_A,LogReg,16,GROJ1655-40,91702-01-43-00,BH,0.2342095754116862,NS
HI_plus_A,LogReg,16,GROJ1655-40,91702-01-51-02,BH,0.6152463661878382,BH
HI_plus_A,LogReg,16,GROJ1655-40,91702-01-56-03,BH,0.9814543682030803,BH
HI_plus_A,LogReg,16,GROJ1655-40,91702-01-66-05,BH,0.9921117793157062,BH
HI_plus_A,LogReg,16,GROJ1655-40,91702-01-78-00,BH,0.9976200169005695,BH
HI_plus_A,LogReg,16,GROJ1655-40,91702-01-01-13,BH,0.997661465144898,BH
HI_plus_A,LogReg,16,GROJ1655-40,91702-01-17-11,BH,0.9978839214630385,BH
HI_plus_A,LogReg,16,GROJ1655-40,91702-01-39-10,BH,0.9984128322828718,BH
HI_plus_A,LogReg,16,GROJ1655-40,91702-01-48-10,BH,0.9994629272133971,BH
HI_plus_A,LogReg,16,GROJ1655-40,91702-01-81-00,BH,0.7641552806859812,BH
HI_plus_A,LogReg,16,GROJ1655-40,91702-01-86-04,BH,0.4866999364352553,NS
HI_plus_A,LogReg,17,GRS1915+105,50703-01-11-00,BH,0.5549511661524316,BH
HI_plus_A,LogReg,17,GRS1915+105,50703-01-62-01,BH,0.5605968354445001,BH
HI_plus_A,LogReg,17,GRS1915+105,60701-01-13-03,BH,0.040638205766233816,NS
HI_plus_A,LogReg,17,GRS1915+105,70702-01-02-00,BH,0.30547702272593574,NS
HI_plus_A,LogReg,17,GRS1915+105,70702-01-21-01,BH,0.4616025147884099,NS
HI_plus_A,LogReg,17,GRS1915+105,80127-04-01-02,BH,0.06346822633260124,NS
HI_plus_A,LogReg,17,GRS1915+105,90701-01-16-00,BH,0.31861732971961026,NS
HI_plus_A,LogReg,17,GRS1915+105,90701-01-40-00,BH,0.037409653777117476,NS
HI_plus_A,LogReg,17,GRS1915+105,90024-02-37-00,BH,0.22496072542697745,NS
HI_plus_A,LogReg,17,GRS1915+105,92702-01-06-00,BH,0.5845106586983918,BH
HI_plus_A,LogReg,17,GRS1915+105,80701-01-53-00,BH,0.5764063236974973,BH
HI_plus_A,LogReg,17,GRS1915+105,93701-01-08-00,BH,0.3907716197865426,NS
HI_plus_A,LogReg,17,GRS1915+105,91701-01-83-00,BH,0.5001078969519999,BH
HI_plus_A,LogReg,17,GRS1915+105,95701-01-44-00,BH,0.4634088139004585,NS
HI_plus_A,LogReg,17,GRS1915+105,96701-01-39-00,BH,0.015641203337732733,NS
HI_plus_A,LogReg,18,GS1826-238,50035-01-02-00,NS,0.5089552792899956,BH
HI_plus_A,LogReg,18,GS1826-238,50035-01-03-02,NS,0.5519199944954196,BH
HI_plus_A,LogReg,18,GS1826-238,50035-01-03-04,NS,0.4940112002910742,NS
HI_plus_A,LogReg,18,GS1826-238,50035-01-03-090,NS,0.5194734505027301,BH
HI_plus_A,LogReg,18,GS1826-238,80048-01-01-09,NS,0.46016514059789126,NS
HI_plus_A,LogReg,18,GS1826-238,80048-01-01-14,NS,0.35305430012682776,NS
HI_plus_A,LogReg,18,GS1826-238,80049-01-01-00,NS,0.5055090500877761,BH
HI_plus_A,LogReg,18,GS1826-238,90043-01-01-02,NS,0.4535004426494598,NS
HI_plus_A,LogReg,18,GS1826-238,70044-01-03-00,NS,0.5130295063816736,BH
HI_plus_A,LogReg,18,GS1826-238,92703-01-04-02,NS,0.4730367142365899,NS
HI_plus_A,LogReg,18,GS1826-238,70044-01-04-00,NS,0.4722708886123098,NS
HI_plus_A,LogReg,18,GS1826-238,91017-01-02-05,NS,0.522324074821694,BH
HI_plus_A,LogReg,18,GS1826-238,91017-01-02-03,NS,0.46531719004486183,NS
HI_plus_A,LogReg,18,GS1826-238,91017-01-02-10,NS,0.4617027667805032,NS
HI_plus_A,LogReg,18,GS1826-238,96306-01-01-01,NS,0.37063459293921625,NS
HI_plus_A,LogReg,19,GX17+2,70023-01-01-01,NS,0.12819467790368985,NS
HI_plus_A,LogReg,19,GX17+2,80022-01-01-09,NS,0.12867758102397436,NS
HI_plus_A,LogReg,19,GX17+2,80022-01-01-03,NS,0.07922391793352898,NS
HI_plus_A,LogReg,19,GX17+2,80022-01-01-02,NS,0.1153119600015281,NS
HI_plus_A,LogReg,19,GX17+2,80022-01-03-01,NS,0.11460478004600536,NS
HI_plus_A,LogReg,19,GX17+2,90022-07-03-00,NS,0.07292334874363698,NS
HI_plus_A,LogReg,19,GX17+2,90022-07-04-02,NS,0.14626994910215824,NS
HI_plus_A,LogReg,19,GX17+2,92042-01-02-00G,NS,0.09705219951223204,NS
HI_plus_A,LogReg,19,GX17+2,92042-01-05-01,NS,0.12371010513226893,NS
HI_plus_A,LogReg,19,GX17+2,93406-11-01-00,NS,0.0765033312442734,NS
HI_plus_A,LogReg,19,GX17+2,93439-01-05-01,NS,0.09229258331547521,NS
HI_plus_A,LogReg,19,GX17+2,93439-01-06-00,NS,0.056984875137417436,NS
HI_plus_A,LogReg,19,GX17+2,95318-01-02-01,NS,0.09418713128055047,NS
HI_plus_A,LogReg,19,GX17+2,96310-01-01-000,NS,0.0784633813394453,NS
HI_plus_A,LogReg,19,GX17+2,96310-01-01-02,NS,0.06936636057754816,NS
HI_plus_A,LogReg,20,GX3+1,60022-01-01-01,NS,0.033177614261968795,NS
HI_plus_A,LogReg,20,GX3+1,60022-01-02-01,NS,0.03455120471895221,NS
HI_plus_A,LogReg,20,GX3+1,60022-01-04-03,NS,0.051402945024568374,NS
HI_plus_A,LogReg,20,GX3+1,60022-01-04-04,NS,0.022825132024628134,NS
HI_plus_A,LogReg,20,GX3+1,60022-01-05-01,NS,0.03862823546098544,NS
HI_plus_A,LogReg,20,GX3+1,60022-01-06-05,NS,0.022488440851532204,NS
HI_plus_A,LogReg,20,GX3+1,60022-01-06-13,NS,0.01862437776047546,NS
HI_plus_A,LogReg,20,GX3+1,60022-01-07-02,NS,0.03847351688128762,NS
HI_plus_A,LogReg,20,GX3+1,60022-01-08-03,NS,0.034657119804149684,NS
HI_plus_A,LogReg,20,GX3+1,60022-01-10-03,NS,0.03661756888695316,NS
HI_plus_A,LogReg,20,GX3+1,60022-01-10-04,NS,0.03618095381582533,NS
HI_plus_A,LogReg,20,GX3+1,60022-01-13-01,NS,0.03701572476401344,NS
HI_plus_A,LogReg,20,GX3+1,90022-05-05-00,NS,0.03159410638008837,NS
HI_plus_A,LogReg,20,GX3+1,90022-05-06-00,NS,0.04755762335088214,NS
HI_plus_A,LogReg,20,GX3+1,94307-05-01-02,NS,0.03212375682021117,NS
HI_plus_A,LogReg,21,GX339-4,40031-03-03-04,BH,0.9976647404192416,BH
HI_plus_A,LogReg,21,GX339-4,70110-01-54-00,BH,0.9956863462752723,BH
HI_plus_A,LogReg,21,GX339-4,80102-04-56-00,BH,0.899011515362467,BH
HI_plus_A,LogReg,21,GX339-4,80132-01-22-00,BH,0.7716144369321327,BH
HI_plus_A,LogReg,21,GX339-4,90704-01-05-00,BH,0.9928694850630521,BH
HI_plus_A,LogReg,21,GX339-4,92034-08-01-00,BH,0.7890009862935733,BH
HI_plus_A,LogReg,21,GX339-4,92035-01-03-03,BH,0.9513089406410912,BH
HI_plus_A,LogReg,21,GX339-4,92704-03-13-00,BH,0.7601361054972493,BH
HI_plus_A,LogReg,21,GX339-4,92704-03-22-00,BH,0.28605669932044964,NS
HI_plus_A,LogReg,21,GX339-4,92704-03-45-01,BH,0.5496467556901341,BH
HI_plus_A,LogReg,21,GX339-4,93108-01-01-02,BH,0.6346405796999741,BH
HI_plus_A,LogReg,21,GX339-4,95409-01-02-02,BH,0.6768087797936385,BH
HI_plus_A,LogReg,21,GX339-4,95409-01-20-00,BH,0.9997587667578695,BH
HI_plus_A,LogReg,21,GX339-4,95409-01-29-00,BH,0.9999675001511187,BH
HI_plus_A,LogReg,21,GX339-4,96409-01-10-02,BH,0.34513804284024086,NS
HI_plus_A,LogReg,22,HETEJ1900.1-245,91015-01-07-00,NS,0.5622946206826027,BH
HI_plus_A,LogReg,22,HETEJ1900.1-245,91059-03-03-00,NS,0.5665055560881875,BH
HI_plus_A,LogReg,22,HETEJ1900.1-245,91057-01-07-04,NS,0.5655496371585735,BH
HI_plus_A,LogReg,22,HETEJ1900.1-245,92049-01-05-00,NS,0.6266596702622939,BH
HI_plus_A,LogReg,22,HETEJ1900.1-245,92049-01-07-00,NS,0.171710694507669,NS
HI_plus_A,LogReg,22,HETEJ1900.1-245,92049-01-40-00,NS,0.5991294325229811,BH
HI_plus_A,LogReg,22,HETEJ1900.1-245,92049-01-56-00,NS,0.034237487895183605,NS
HI_plus_A,LogReg,22,HETEJ1900.1-245,93030-01-14-00,NS,0.8819851538586134,BH
HI_plus_A,LogReg,22,HETEJ1900.1-245,93030-01-47-00,NS,0.6553408502553,BH
HI_plus_A,LogReg,22,HETEJ1900.1-245,94030-01-05-00,NS,0.6867390489511833,BH
HI_plus_A,LogReg,22,HETEJ1900.1-245,94030-01-27-00,NS,0.5675090002053976,BH
HI_plus_A,LogReg,22,HETEJ1900.1-245,94030-01-36-00,NS,0.5721136675066559,BH
HI_plus_A,LogReg,22,HETEJ1900.1-245,95030-01-16-00,NS,0.38225485527777,NS
HI_plus_A,LogReg,22,HETEJ1900.1-245,96030-01-01-01,NS,0.4443441728404399,NS
HI_plus_A,LogReg,22,HETEJ1900.1-245,96030-01-25-00,NS,0.6054034339159906,BH
HI_plus_A,LogReg,23,KS1731-260,50031-02-01-09,NS,0.6400590379520381,BH
HI_plus_A,LogReg,23,KS1731-260,50031-02-01-12,NS,0.6589070195191292,BH
HI_plus_A,LogReg,23,KS1731-260,50031-02-01-02,NS,0.5706615306863616,BH
HI_plus_A,LogReg,23,KS1731-260,50031-02-01-05,NS,0.6057243608879821,BH
HI_plus_A,LogReg,23,KS1731-260,50031-02-01-08,NS,0.6178241364550634,BH
HI_plus_A,LogReg,23,KS1731-260,50031-02-02-06,NS,0.6656149721157509,BH
HI_plus_A,LogReg,23,KS1731-260,50031-02-02-02,NS,0.6802975101509375,BH
HI_plus_A,LogReg,23,KS1731-260,50031-02-02-03,NS,0.5794821238271921,BH
HI_plus_A,LogReg,23,KS1731-260,50031-02-02-080,NS,0.6288709784089829,BH
HI_plus_A,LogReg,23,KS1731-260,50031-02-03-00,NS,0.5904929588456421,BH
HI_plus_A,LogReg,23,KS1731-260,50031-02-03-05,NS,0.6150315800867823,BH
HI_plus_A,LogReg,23,KS1731-260,50031-02-03-04,NS,0.6377963986967513,BH
HI_plus_A,LogReg,23,KS1731-260,50031-02-03-07,NS,0.6781194428122104,BH
HI_plus_A,LogReg,23,KS1731-260,50031-02-03-08,NS,0.5349549475924124,BH
HI_plus_A,LogReg,23,KS1731-260,50031-02-03-01,NS,0.9981670901289248,BH
HI_plus_A,LogReg,24,MXB1658-298,50410-01-01-00,NS,0.23031436510184,NS
HI_plus_A,LogReg,24,MXB1658-298,50410-01-04-00,NS,0.07495864205644287,NS
HI_plus_A,LogReg,24,MXB1658-298,50410-01-05-00,NS,0.11598383414874483,NS
HI_plus_A,LogReg,24,MXB1658-298,50410-01-08-00,NS,0.28427725543960475,NS
HI_plus_A,LogReg,24,MXB1658-298,50410-01-09-00,NS,0.3346999594139044,NS
HI_plus_A,LogReg,24,MXB1658-298,60048-01-02-00,NS,0.09278623066946293,NS
HI_plus_A,LogReg,24,MXB1658-298,60048-01-04-00,NS,0.11093899779388192,NS
HI_plus_A,LogReg,24,MXB1658-298,60048-02-01-00,NS,0.07199766755225348,NS
HI_plus_A,LogReg,24,MXB1658-298,60048-02-03-00,NS,0.11362798726801053,NS
HI_plus_A,LogReg,24,MXB1658-298,60048-03-01-00,NS,0.05411960431414732,NS
HI_plus_A,LogReg,24,MXB1658-298,60048-03-02-00,NS,0.09940102210735308,NS
HI_plus_A,LogReg,24,MXB1658-298,60048-03-05-00,NS,0.10247518899669918,NS
HI_plus_A,LogReg,24,MXB1658-298,60048-04-01-00,NS,0.16935259671745406,NS
HI_plus_A,LogReg,24,MXB1658-298,60048-04-03-00,NS,0.6923215650405934,BH
HI_plus_A,LogReg,24,MXB1658-298,60048-04-05-00,NS,0.5359130071235064,BH
HI_plus_A,LogReg,25,SAXJ1808.4-3658,70080-01-02-04,NS,0.6877219510801488,BH
HI_plus_A,LogReg,25,SAXJ1808.4-3658,70080-01-02-22,NS,0.7376123288762729,BH
HI_plus_A,LogReg,25,SAXJ1808.4-3658,70080-01-03-010,NS,0.673097013139139,BH
HI_plus_A,LogReg,25,SAXJ1808.4-3658,70080-02-01-03,NS,0.6456790112947314,BH
HI_plus_A,LogReg,25,SAXJ1808.4-3658,70080-02-02-35,NS,0.6435400929236444,BH
HI_plus_A,LogReg,25,SAXJ1808.4-3658,70080-02-02-12,NS,0.40760586852603325,NS
HI_plus_A,LogReg,25,SAXJ1808.4-3658,70080-03-13-00,NS,0.5668744856573088,BH
HI_plus_A,LogReg,25,SAXJ1808.4-3658,70080-03-20-13,NS,0.4943149313622076,NS
HI_plus_A,LogReg,25,SAXJ1808.4-3658,70080-03-22-00,NS,0.4211877582739082,NS
HI_plus_A,LogReg,25,SAXJ1808.4-3658,91056-01-03-05,NS,0.7324640380335046,BH
HI_plus_A,LogReg,25,SAXJ1808.4-3658,91418-01-04-00,NS,0.6790891451969631,BH
HI_plus_A,LogReg,25,SAXJ1808.4-3658,93027-01-01-03,NS,0.6927048076785635,BH
HI_plus_A,LogReg,25,SAXJ1808.4-3658,93027-01-05-08,NS,0.8329296251458053,BH
HI_plus_A,LogReg,25,SAXJ1808.4-3658,96027-01-01-00,NS,0.7159405426483093,BH
HI_plus_A,LogReg,25,SAXJ1808.4-3658,96027-01-02-00,NS,0.6592835993553026,BH
HI_plus_A,LogReg,26,SLX1735-269,60034-01-01-00,NS,0.5709938657188827,BH
HI_plus_A,LogReg,26,SLX1735-269,60034-01-02-02,NS,0.2938042209597374,NS
HI_plus_A,LogReg,26,SLX1735-269,60034-01-03-01,NS,0.05881877763716817,NS
HI_plus_A,LogReg,26,SLX1735-269,80138-03-01-00,NS,0.04842802192736037,NS
HI_plus_A,LogReg,26,SLX1735-269,80138-03-02-00,NS,0.4369981880639277,NS
HI_plus_A,LogReg,26,SLX1735-269,80138-03-07-01,NS,0.02775734535859034,NS
HI_plus_A,LogReg,26,SLX1735-269,80138-03-07-03,NS,0.043451327056091026,NS
HI_plus_A,LogReg,26,SLX1735-269,90058-05-01-02,NS,0.06625534552867814,NS
HI_plus_A,LogReg,26,SLX1735-269,92052-02-02-00,NS,0.5319357959983175,BH
HI_plus_A,LogReg,26,SLX1735-269,96429-01-02-02,NS,0.4599993648804407,NS
HI_plus_A,LogReg,26,SLX1735-269,96429-01-03-01,NS,0.3192408696700522,NS
HI_plus_A,LogReg,26,SLX1735-269,96429-01-05-00,NS,0.3931971729394292,NS
HI_plus_A,LogReg,26,SLX1735-269,96429-01-06-01,NS,0.6621709251246556,BH
HI_plus_A,LogReg,26,SLX1735-269,96429-01-07-01,NS,0.6211522124632912,BH
HI_plus_A,LogReg,26,SLX1735-269,96429-01-08-03,NS,0.47243626673277583,NS
HI_plus_A,LogReg,27,XTEJ1118+480,50407-01-07-01,BH,0.45156960470086416,NS
HI_plus_A,LogReg,27,XTEJ1118+480,50407-01-09-00,BH,0.5152081758585636,BH
HI_plus_A,LogReg,27,XTEJ1118+480,50407-01-10-01,BH,0.5726420403750593,BH
HI_plus_A,LogReg,27,XTEJ1118+480,50133-01-05-00,BH,0.49160496605858556,NS
HI_plus_A,LogReg,27,XTEJ1118+480,50407-01-13-02,BH,0.42433283270517513,NS
HI_plus_A,LogReg,27,XTEJ1118+480,50133-01-04-01,BH,0.4118060614715675,NS
HI_plus_A,LogReg,27,XTEJ1118+480,50407-01-14-02,BH,0.07352682693633893,NS
HI_plus_A,LogReg,27,XTEJ1118+480,50407-01-16-00,BH,0.0862015736120547,NS
HI_plus_A,LogReg,27,XTEJ1118+480,90011-01-01-08,BH,0.3549748315870702,NS
HI_plus_A,LogReg,27,XTEJ1118+480,90011-01-01-10,BH,0.9671954044930255,BH
HI_plus_A,LogReg,27,XTEJ1118+480,90011-01-01-05,BH,0.26373995343450396,NS
HI_plus_A,LogReg,27,XTEJ1118+480,90111-01-02-06,BH,0.0737987873555437,NS
HI_plus_A,LogReg,27,XTEJ1118+480,90111-01-02-15,BH,0.11569112307195885,NS
HI_plus_A,LogReg,27,XTEJ1118+480,90111-01-02-07,BH,0.08655212901202777,NS
HI_plus_A,LogReg,27,XTEJ1118+480,90111-01-03-02,BH,0.08559455740546441,NS
HI_plus_A,LogReg,28,XTEJ1550-564,50135-01-02-00,BH,0.849782586288092,BH
HI_plus_A,LogReg,28,XTEJ1550-564,50135-01-08-00,BH,0.7211516959571076,BH
HI_plus_A,LogReg,28,XTEJ1550-564,50135-01-15-00,BH,0.2628534919838909,NS
HI_plus_A,LogReg,28,XTEJ1550-564,50135-01-19-00,BH,0.5328944614857157,BH
HI_plus_A,LogReg,28,XTEJ1550-564,50135-01-23-00,BH,0.49323218846807476,NS
HI_plus_A,LogReg,28,XTEJ1550-564,50137-02-09-00,BH,0.7179602764225139,BH
HI_plus_A,LogReg,28,XTEJ1550-564,60428-01-03-00,BH,0.7544456446187021,BH
HI_plus_A,LogReg,28,XTEJ1550-564,60428-01-05-00,BH,0.6899302622162371,BH
HI_plus_A,LogReg,28,XTEJ1550-564,60428-01-09-00,BH,0.5477926286049003,BH
HI_plus_A,LogReg,28,XTEJ1550-564,60428-01-15-00,BH,0.34320344304648365,NS
HI_plus_A,LogReg,28,XTEJ1550-564,80135-01-01-01,BH,0.7894898623492109,BH
HI_plus_A,LogReg,28,XTEJ1550-564,80135-01-02-01,BH,0.8470914046740917,BH
HI_plus_A,LogReg,28,XTEJ1550-564,80135-01-03-10,BH,0.8550753358743366,BH
HI_plus_A,LogReg,28,XTEJ1550-564,80135-01-04-02,BH,0.8359680905639785,BH
HI_plus_A,LogReg,28,XTEJ1550-564,80135-01-05-10,BH,0.7681795433756851,BH
HI_plus_A,LogReg,29,XTEJ1650-500,60113-01-06-00,BH,0.9517224647030658,BH
HI_plus_A,LogReg,29,XTEJ1650-500,60113-01-09-00,BH,0.9530185826089597,BH
HI_plus_A,LogReg,29,XTEJ1650-500,60113-01-11-01,BH,0.9533576780633107,BH
HI_plus_A,LogReg,29,XTEJ1650-500,60113-01-15-00,BH,0.9893773985129725,BH
HI_plus_A,LogReg,29,XTEJ1650-500,60113-01-23-00,BH,0.9835071828775005,BH
HI_plus_A,LogReg,29,XTEJ1650-500,60113-01-27-00,BH,0.9994958037884824,BH
HI_plus_A,LogReg,29,XTEJ1650-500,60113-01-29-02,BH,0.9999766607290672,BH
HI_plus_A,LogReg,29,XTEJ1650-500,60113-01-34-00,BH,0.9884890586299978,BH
HI_plus_A,LogReg,29,XTEJ1650-500,60113-01-36-00,BH,0.9996452133182564,BH
HI_plus_A,LogReg,29,XTEJ1650-500,60113-01-38-00,BH,0.9991594113766878,BH
HI_plus_A,LogReg,29,XTEJ1650-500,60118-02-08-00,BH,0.9759658265901185,BH
HI_plus_A,LogReg,29,XTEJ1650-500,60118-02-14-00,BH,0.8796746459744219,BH
HI_plus_A,LogReg,29,XTEJ1650-500,60118-02-20-00,BH,0.11055602178224425,NS
HI_plus_A,LogReg,29,XTEJ1650-500,60118-02-28-00,BH,0.5063209385967744,BH
HI_plus_A,LogReg,29,XTEJ1650-500,70124-01-02-00,BH,0.4642348221703416,NS
HI_plus_A,LogReg,30,XTEJ1814-338,80138-04-02-00,NS,0.24654154211657742,NS
HI_plus_A,LogReg,30,XTEJ1814-338,80145-02-01-01,NS,0.2650787153856836,NS
HI_plus_A,LogReg,30,XTEJ1814-338,80418-01-01-07,NS,0.2800880271599526,NS
HI_plus_A,LogReg,30,XTEJ1814-338,80418-01-02-00,NS,0.3427195811686248,NS
HI_plus_A,LogReg,30,XTEJ1814-338,80418-01-02-08,NS,0.4043408191235141,NS
HI_plus_A,LogReg,30,XTEJ1814-338,80418-01-02-05,NS,0.3662613233005794,NS
HI_plus_A,LogReg,30,XTEJ1814-338,80418-01-03-02,NS,0.3629916025414766,NS
HI_plus_A,LogReg,30,XTEJ1814-338,80418-01-03-08,NS,0.36589994460968317,NS
HI_plus_A,LogReg,30,XTEJ1814-338,80418-01-04-03,NS,0.3560292974657263,NS
HI_plus_A,LogReg,30,XTEJ1814-338,80418-01-05-00,NS,0.31122004046217155,NS
HI_plus_A,LogReg,30,XTEJ1814-338,80418-01-05-08,NS,0.36259993225068116,NS
HI_plus_A,LogReg,30,XTEJ1814-338,80418-01-06-00,NS,0.46614767760876,NS
HI_plus_A,LogReg,30,XTEJ1814-338,80418-01-06-02,NS,0.5852500204251545,BH
HI_plus_A,LogReg,30,XTEJ1814-338,80418-01-06-06,NS,0.510666140049367,BH
HI_plus_A,LogReg,30,XTEJ1814-338,80418-01-07-06,NS,0.2776871868390163,NS
HI_plus_A,RandomForest,0,4U1254-690,60044-01-01-02,NS,0.026713856713856718,NS
HI_plus_A,RandomForest,0,4U1254-690,60044-01-01-00,NS,0.08900569511462318,NS
HI_plus_A,RandomForest,0,4U1254-690,60044-01-01-03,NS,0.02868153997565762,NS
HI_plus_A,RandomForest,0,4U1254-690,60044-01-01-05,NS,0.03417446146857911,NS
HI_plus_A,RandomForest,0,4U1254-690,60044-01-02-100,NS,0.032579546579546585,NS
HI_plus_A,RandomForest,0,4U1254-690,60044-01-02-000,NS,0.03155469755469756,NS
HI_plus_A,RandomForest,0,4U1254-690,90036-01-01-01,NS,0.08070181928616922,NS
HI_plus_A,RandomForest,0,4U1254-690,90036-01-01-03,NS,0.03126977526977527,NS
HI_plus_A,RandomForest,0,4U1254-690,93406-13-01-00,NS,0.09890088458801864,NS
HI_plus_A,RandomForest,0,4U1254-690,95324-01-01-010,NS,0.037745965745965754,NS
HI_plus_A,RandomForest,0,4U1254-690,95324-01-01-000,NS,0.07168879313591023,NS
HI_plus_A,RandomForest,0,4U1254-690,95324-01-01-00,NS,0.02726165726165726,NS
HI_plus_A,RandomForest,0,4U1254-690,95324-01-02-000,NS,0.05295992825404591,NS
HI_plus_A,RandomForest,0,4U1254-690,95324-01-02-00,NS,0.04090468044898426,NS
HI_plus_A,RandomForest,0,4U1254-690,95324-01-02-01,NS,0.08010650670963401,NS
HI_plus_A,RandomForest,1,4U1323-619,70050-03-01-01,NS,0.22529560578674154,NS
HI_plus_A,RandomForest,1,4U1323-619,70050-03-01-02,NS,0.2585683307618412,NS
HI_plus_A,RandomForest,1,4U1323-619,90062-03-01-02,NS,0.6254545872064421,BH
HI_plus_A,RandomForest,1,4U1323-619,90062-03-01-01,NS,0.526986671799234,BH
HI_plus_A,RandomForest,1,4U1323-619,95442-01-01-01,NS,0.5022969823134958,BH
HI_plus_A,RandomForest,1,4U1323-619,95442-01-01-02,NS,0.6394633002284439,BH
HI_plus_A,RandomForest,1,4U1323-619,96405-01-01-00,NS,0.3317854553692966,NS
HI_plus_A,RandomForest,1,4U1323-619,96405-01-01-01,NS,0.4890570889332696,NS
HI_plus_A,RandomForest,1,4U1323-619,96405-01-02-00,NS,0.24363340492796637,NS
HI_plus_A,RandomForest,1,4U1323-619,96405-01-02-01,NS,0.20445794030200115,NS
HI_plus_A,RandomForest,1,4U1323-619,96405-01-04-00,NS,0.19569461587375192,NS
HI_plus_A,RandomForest,1,4U1323-619,96405-01-05-00,NS,0.28789837516086386,NS
HI_plus_A,RandomForest,1,4U1323-619,96405-01-05-01,NS,0.23190163046796916,NS
HI_plus_A,RandomForest,1,4U1323-619,96405-01-05-02,NS,0.13474582901844703,NS
HI_plus_A,RandomForest,1,4U1323-619,96405-01-05-03,NS,0.183052095836181,NS
HI_plus_A,RandomForest,2,4U1543-47,70133-01-01-00,BH,0.4615933938878732,NS
HI_plus_A,RandomForest,2,4U1543-47,70132-01-01-02G,BH,0.8040889682336124,BH
HI_plus_A,RandomForest,2,4U1543-47,70133-01-14-00,BH,0.6134525043671328,BH
HI_plus_A,RandomForest,2,4U1543-47,70132-01-02-00,BH,0.7310068081226224,BH
HI_plus_A,RandomForest,2,4U1543-47,70133-01-10-00,BH,0.49912908047015464,NS
HI_plus_A,RandomForest,2,4U1543-47,70133-01-19-00,BH,0.7262828300257421,BH
HI_plus_A,RandomForest,2,4U1543-47,70133-01-22-00,BH,0.6677015750662074,BH
HI_plus_A,RandomForest,2,4U1543-47,70133-01-24-00,BH,0.621865110791917,BH
HI_plus_A,RandomForest,2,4U1543-47,70133-01-27-01,BH,0.5594365208670798,BH
HI_plus_A,RandomForest,2,4U1543-47,70133-01-28-00,BH,0.5075528109002321,BH
HI_plus_A,RandomForest,2,4U1543-47,70133-01-31-01,BH,0.22423981143217558,NS
HI_plus_A,RandomForest,2,4U1543-47,70128-01-01-01,BH,0.054608171607142014,NS
HI_plus_A,RandomForest,2,4U1543-47,70124-02-09-00,BH,0.05230057207267378,NS
HI_plus_A,RandomForest,2,4U1543-47,70124-02-10-00,BH,0.29275592944198503,NS
HI_plus_A,RandomForest,2,4U1543-47,70124-02-14-00,BH,0.6514116876867615,BH
HI_plus_A,RandomForest,3,4U1608-52,60052-02-03-00,NS,0.006089709033105259,NS
HI_plus_A,RandomForest,3,4U1608-52,70059-01-01-00G,NS,0.1854280062661393,NS
HI_plus_A,RandomForest,3,4U1608-52,70058-01-32-00,NS,0.0033351302785265048,NS
HI_plus_A,RandomForest,3,4U1608-52,70069-01-04-03,NS,0.060510324003219686,NS
HI_plus_A,RandomForest,3,4U1608-52,90408-01-01-03,NS,0.12114473370156985,NS
HI_plus_A,RandomForest,3,4U1608-52,90408-01-03-03,NS,0.21871576414549695,NS
HI_plus_A,RandomForest,3,4U1608-52,93408-01-14-00,NS,0.04279718077283508,NS
HI_plus_A,RandomForest,3,4U1608-52,93408-01-17-01,NS,0.004272859216255443,NS
HI_plus_A,RandomForest,3,4U1608-52,93408-01-22-01,NS,0.0069832689832689835,NS
HI_plus_A,RandomForest,3,4U1608-52,93408-01-27-03,NS,0.41013772179191466,NS
HI_plus_A,RandomForest,3,4U1608-52,93408-01-55-01,NS,0.21510266352156862,NS
HI_plus_A,RandomForest,3,4U1608-52,94401-01-03-02,NS,0.020008118008118008,NS
HI_plus_A,RandomForest,3,4U1608-52,94401-01-38-02,NS,0.019343248286644514,NS
HI_plus_A,RandomForest,3,4U1608-52,96423-01-03-00,NS,0.004565899509295736,NS
HI_plus_A,RandomForest,3,4U1608-52,96423-01-21-03,NS,0.032108105142582964,NS
HI_plus_A,RandomForest,4,4U1636-53,50030-02-04-00,NS,0.08598850846381956,NS
HI_plus_A,RandomForest,4,4U1636-53,60032-01-20-000,NS,0.04463566943446054,NS
HI_plus_A,RandomForest,4,4U1636-53,91024-01-74-00,NS,0.06227260436634235,NS
HI_plus_A,RandomForest,4,4U1636-53,91024-01-12-10,NS,0.03436085433650863,NS
HI_plus_A,RandomForest,4,4U1636-53,92023-01-50-00,NS,0.0928542184433127,NS
HI_plus_A,RandomForest,4,4U1636-53,92023-01-79-10,NS,0.06712576683512052,NS
HI_plus_A,RandomForest,4,4U1636-53,93087-01-27-00,NS,0.05408678090991773,NS
HI_plus_A,RandomForest,4,4U1636-53,93087-01-80-00,NS,0.04140555999538274,NS
HI_plus_A,RandomForest,4,4U1636-53,93087-01-33-20,NS,0.03823213717553341,NS
HI_plus_A,RandomForest,4,4U1636-53,94087-01-16-00,NS,0.09561683189413762,NS
HI_plus_A,RandomForest,4,4U1636-53,94087-01-25-10,NS,0.09034142557170341,NS
HI_plus_A,RandomForest,4,4U1636-53,94087-01-44-10,NS,0.028841423575698556,NS
HI_plus_A,RandomForest,4,4U1636-53,95087-01-47-10,NS,0.08186018059667531,NS
HI_plus_A,RandomForest,4,4U1636-53,96087-01-52-00,NS,0.1833727782150329,NS
HI_plus_A,RandomForest,4,4U1636-53,96087-01-11-10,NS,0.09937551105318224,NS
HI_plus_A,RandomForest,5,4U1702-429,50029-27-01-000,NS,0.2148438706604504,NS
HI_plus_A,RandomForest,5,4U1702-429,50030-01-04-00,NS,0.05802208873452267,NS
HI_plus_A,RandomForest,5,4U1702-429,50030-01-09-03,NS,0.18201070715502338,NS
HI_plus_A,RandomForest,5,4U1702-429,80033-01-01-01,NS,0.047229207111167466,NS
HI_plus_A,RandomForest,5,4U1702-429,80033-01-02-000,NS,0.005047619047619047,NS
HI_plus_A,RandomForest,5,4U1702-429,80033-01-04-03,NS,0.020368263376175734,NS
HI_plus_A,RandomForest,5,4U1702-429,80033-01-08-00G,NS,0.010278388278388277,NS
HI_plus_A,RandomForest,5,4U1702-429,80033-01-10-04G,NS,0.020867057810454035,NS
HI_plus_A,RandomForest,5,4U1702-429,80033-01-11-02,NS,0.01361904761904762,NS
HI_plus_A,RandomForest,5,4U1702-429,80033-01-12-02,NS,0.02009782704122327,NS
HI_plus_A,RandomForest,5,4U1702-429,80033-01-16-05,NS,0.016638533646446005,NS
HI_plus_A,RandomForest,5,4U1702-429,80033-01-18-02,NS,0.047625242448379276,NS
HI_plus_A,RandomForest,5,4U1702-429,80033-01-20-01,NS,0.033667176610572835,NS
HI_plus_A,RandomForest,5,4U1702-429,80033-01-21-03,NS,0.0803237963237963,NS
HI_plus_A,RandomForest,5,4U1702-429,94415-01-01-00,NS,0.02903384206610013,NS
HI_plus_A,RandomForest,6,4U1705-44,91039-01-01-61,NS,0.07616858649900762,NS
HI_plus_A,RandomForest,6,4U1705-44,90170-01-01-00,NS,0.024086628943667983,NS
HI_plus_A,RandomForest,6,4U1705-44,93060-01-05-00,NS,0.08564401718286213,NS
HI_plus_A,RandomForest,6,4U1705-44,93060-01-50-00,NS,0.05857441579180709,NS
HI_plus_A,RandomForest,6,4U1705-44,93060-01-77-00,NS,0.0,NS
HI_plus_A,RandomForest,6,4U1705-44,93060-01-93-00,NS,0.011802197802197803,NS
HI_plus_A,RandomForest,6,4U1705-44,93060-01-45-00,NS,0.07205253919372534,NS
HI_plus_A,RandomForest,6,4U1705-44,94060-01-23-00,NS,0.0018113207547169811,NS
HI_plus_A,RandomForest,6,4U1705-44,94060-01-46-00,NS,0.010698495730753795,NS
HI_plus_A,RandomForest,6,4U1705-44,94060-01-55-00,NS,0.006858939802336028,NS
HI_plus_A,RandomForest,6,4U1705-44,95060-01-35-00,NS,0.009787545787545787,NS
HI_plus_A,RandomForest,6,4U1705-44,95060-01-66-00,NS,0.011326007326007324,NS
HI_plus_A,RandomForest,6,4U1705-44,95060-01-78-00,NS,0.0,NS
HI_plus_A,RandomForest,6,4U1705-44,96060-01-40-00,NS,0.026574017517413742,NS
HI_plus_A,RandomForest,6,4U1705-44,96060-01-73-00,NS,0.0033351302785265048,NS
HI_plus_A,RandomForest,7,4U1724-307,60034-02-01-01,NS,0.2946793468540192,NS
HI_plus_A,RandomForest,7,4U1724-307,50060-05-01-07,NS,0.22394211114686352,NS
HI_plus_A,RandomForest,7,4U1724-307,50060-05-01-05,NS,0.22357188273864267,NS
HI_plus_A,RandomForest,7,4U1724-307,60034-02-02-02,NS,0.12836471312674838,NS
HI_plus_A,RandomForest,7,4U1724-307,60034-02-03-10,NS,0.16731624228287315,NS
HI_plus_A,RandomForest,7,4U1724-307,60034-02-05-01,NS,0.0757629181902529,NS
HI_plus_A,RandomForest,7,4U1724-307,80105-10-01-00,NS,0.0464952639270964,NS
HI_plus_A,RandomForest,7,4U1724-307,80138-06-03-00,NS,0.011055737055737055,NS
HI_plus_A,RandomForest,7,4U1724-307,90058-06-03-00,NS,0.0485525574022597,NS
HI_plus_A,RandomForest,7,4U1724-307,91050-07-01-00,NS,0.15855678014215926,NS
HI_plus_A,RandomForest,7,4U1724-307,93044-06-04-00,NS,0.03976450103427297,NS
HI_plus_A,RandomForest,7,4U1724-307,93044-06-07-00,NS,0.22805620012071617,NS
HI_plus_A,RandomForest,7,4U1724-307,93438-01-02-03,NS,0.22012017307230944,NS
HI_plus_A,RandomForest,7,4U1724-307,93438-01-04-00,NS,0.23271963896937736,NS
HI_plus_A,RandomForest,7,4U1724-307,93438-01-07-01,NS,0.43599926182321874,NS
HI_plus_A,RandomForest,8,4U1728-34,50023-01-29-00,NS,0.07856236799346425,NS
HI_plus_A,RandomForest,8,4U1728-34,50030-03-05-03,NS,0.7282754740937559,BH
HI_plus_A,RandomForest,8,4U1728-34,70028-01-01-08,NS,0.10481212873899796,NS
HI_plus_A,RandomForest,8,4U1728-34,70028-01-01-05,NS,0.0862976267853268,NS
HI_plus_A,RandomForest,8,4U1728-34,92023-03-08-00,NS,0.0015238095238095239,NS
HI_plus_A,RandomForest,8,4U1728-34,92023-03-37-00,NS,0.43084359546298545,NS
HI_plus_A,RandomForest,8,4U1728-34,92023-03-76-00,NS,0.021622641509433962,NS
HI_plus_A,RandomForest,8,4U1728-34,92023-03-98-00,NS,0.22090564741369853,NS
HI_plus_A,RandomForest,8,4U1728-34,92023-03-19-10,NS,0.006,NS
HI_plus_A,RandomForest,8,4U1728-34,92023-03-30-10,NS,0.04637362637362638,NS
HI_plus_A,RandomForest,8,4U1728-34,92023-03-44-00,NS,0.7583367230661876,BH
HI_plus_A,RandomForest,8,4U1728-34,92023-03-49-00,NS,0.9189751142937392,BH
HI_plus_A,RandomForest,8,4U1728-34,92023-03-70-00,NS,0.5513974709393833,BH
HI_plus_A,RandomForest,8,4U1728-34,95337-01-02-00,NS,0.03900777204003011,NS
HI_plus_A,RandomForest,8,4U1728-34,96322-01-01-05,NS,0.025269775269775273,NS
HI_plus_A,RandomForest,9,4U1735-44,50025-02-01-01,NS,0.002,NS
HI_plus_A,RandomForest,9,4U1735-44,50026-01-01-00,NS,0.0,NS
HI_plus_A,RandomForest,9,4U1735-44,91152-06-01-10,NS,0.01857142857142857,NS
HI_plus_A,RandomForest,9,4U1735-44,91025-01-01-04,NS,0.012984126984126983,NS
HI_plus_A,RandomForest,9,4U1735-44,91025-01-04-04,NS,0.0024126984126984123,NS
HI_plus_A,RandomForest,9,4U1735-44,91025-01-04-06,NS,0.04923185749804739,NS
HI_plus_A,RandomForest,9,4U1735-44,91025-01-05-01,NS,0.01884981684981685,NS
HI_plus_A,RandomForest,9,4U1735-44,91025-01-08-07,NS,0.0,NS
HI_plus_A,RandomForest,9,4U1735-44,91025-01-09-12,NS,0.0,NS
HI_plus_A,RandomForest,9,4U1735-44,91025-01-09-10,NS,0.017802197802197803,NS
HI_plus_A,RandomForest,9,4U1735-44,91025-01-13-03,NS,0.01150140056022409,NS
HI_plus_A,RandomForest,9,4U1735-44,91025-01-13-08,NS,0.009737847737847737,NS
HI_plus_A,RandomForest,9,4U1735-44,93200-01-03-01,NS,0.013252173076954055,NS
HI_plus_A,RandomForest,9,4U1735-44,96325-01-01-04,NS,0.0,NS
HI_plus_A,RandomForest,9,4U1735-44,96331-01-02-01,NS,0.0030476190476190473,NS
HI_plus_A,RandomForest,10,4U1746-371,60044-02-01-10,NS,0.006484308484308484,NS
HI_plus_A,RandomForest,10,4U1746-371,60044-02-01-05,NS,0.012650651944769595,NS
HI_plus_A,RandomForest,10,4U1746-371,60044-02-01-07,NS,0.013817724849982914,NS
HI_plus_A,RandomForest,10,4U1746-371,60044-02-01-06,NS,0.014135449679753477,NS
HI_plus_A,RandomForest,10,4U1746-371,60044-02-02-00,NS,0.023897435897435898,NS
HI_plus_A,RandomForest,10,4U1746-371,60044-02-02-010,NS,0.0,NS
HI_plus_A,RandomForest,10,4U1746-371,60044-02-02-09,NS,0.0015238095238095236,NS
HI_plus_A,RandomForest,10,4U1746-371,60044-02-02-10,NS,0.05946879652762007,NS
HI_plus_A,RandomForest,10,4U1746-371,70050-01-01-03,NS,0.011625802919920566,NS
HI_plus_A,RandomForest,10,4U1746-371,70050-01-01-06,NS,0.009480875383688683,NS
HI_plus_A,RandomForest,10,4U1746-371,70050-01-01-00,NS,0.0065453011539968065,NS
HI_plus_A,RandomForest,10,4U1746-371,70050-01-01-08,NS,0.007855072463768115,NS
HI_plus_A,RandomForest,10,4U1746-371,90044-01-02-01,NS,0.010856572150689798,NS
HI_plus_A,RandomForest,10,4U1746-371,90044-01-04-000,NS,0.0,NS
HI_plus_A,RandomForest,10,4U1746-371,90044-01-04-00,NS,0.02284062948604263,NS
HI_plus_A,RandomForest,11,4U1820-30,40017-01-21-02,NS,0.010929971988795518,NS
HI_plus_A,RandomForest,11,4U1820-30,60030-01-02-01,NS,0.019021749858644504,NS
HI_plus_A,RandomForest,11,4U1820-30,70030-03-03-00,NS,0.0842019130345282,NS
HI_plus_A,RandomForest,11,4U1820-30,70030-03-05-00,NS,0.010278388278388277,NS
HI_plus_A,RandomForest,11,4U1820-30,90027-01-01-06,NS,0.006214038214038214,NS
HI_plus_A,RandomForest,11,4U1820-30,90027-01-03-00,NS,0.00172972972972973,NS
HI_plus_A,RandomForest,11,4U1820-30,90027-01-04-04,NS,0.0,NS
HI_plus_A,RandomForest,11,4U1820-30,92030-02-02-00,NS,0.030586801582936148,NS
HI_plus_A,RandomForest,11,4U1820-30,91152-04-01-00,NS,0.0027545787545787547,NS
HI_plus_A,RandomForest,11,4U1820-30,92030-02-05-00,NS,0.004,NS
HI_plus_A,RandomForest,11,4U1820-30,94090-01-01-00,NS,0.010484308484308485,NS
HI_plus_A,RandomForest,11,4U1820-30,94090-01-02-01,NS,0.25245199021802167,NS
HI_plus_A,RandomForest,11,4U1820-30,92030-02-12-00,NS,0.014467501761619407,NS
HI_plus_A,RandomForest,11,4U1820-30,96090-01-01-020,NS,0.011406162464985995,NS
HI_plus_A,RandomForest,11,4U1820-30,96324-01-02-01,NS,0.0036120826709062004,NS
HI_plus_A,RandomForest,12,4U1915-05,50026-03-01-00,NS,0.14838749708503687,NS
HI_plus_A,RandomForest,12,4U1915-05,50026-03-01-01,NS,0.15153788426703202,NS
HI_plus_A,RandomForest,12,4U1915-05,70034-02-01-01,NS,0.059688468571487435,NS
HI_plus_A,RandomForest,12,4U1915-05,70034-02-01-00,NS,0.07788866546841765,NS
HI_plus_A,RandomForest,12,4U1915-05,70034-02-02-01,NS,0.046177924406133365,NS
HI_plus_A,RandomForest,12,4U1915-05,70034-02-02-00,NS,0.07682838358181998,NS
HI_plus_A,RandomForest,13,AQLX1,50049-02-06-01,NS,0.018551247494643718,NS
HI_plus_A,RandomForest,13,AQLX1,50049-02-15-06,NS,0.06633525506899901,NS
HI_plus_A,RandomForest,13,AQLX1,60054-02-03-03,NS,0.030516271169021066,NS
HI_plus_A,RandomForest,13,AQLX1,70069-03-01-00,NS,0.2564016635555328,NS
HI_plus_A,RandomForest,13,AQLX1,80403-01-03-00,NS,0.8178857941130607,BH
HI_plus_A,RandomForest,13,AQLX1,90017-11-06-00,NS,0.3345974265229646,NS
HI_plus_A,RandomForest,13,AQLX1,91028-01-29-00,NS,0.13588014669923154,NS
HI_plus_A,RandomForest,13,AQLX1,92034-01-02-00,NS,0.036089791457107806,NS
HI_plus_A,RandomForest,13,AQLX1,93076-01-02-00,NS,0.04062200165425973,NS
HI_plus_A,RandomForest,13,AQLX1,92438-01-02-02,NS,0.5299932308052285,BH
HI_plus_A,RandomForest,13,AQLX1,94076-01-03-04,NS,0.7720104682280315,BH
HI_plus_A,RandomForest,13,AQLX1,94441-01-01-00,NS,0.20163258647101687,NS
HI_plus_A,RandomForest,13,AQLX1,95413-01-02-01,NS,0.13222856456865362,NS
HI_plus_A,RandomForest,13,AQLX1,96440-01-05-02,NS,0.030829635773032,NS
HI_plus_A,RandomForest,13,AQLX1,96440-01-08-06,NS,0.053859064592808516,NS
HI_plus_A,RandomForest,14,CYGX2,40019-04-05-09,NS,0.15029285749510674,NS
HI_plus_A,RandomForest,14,CYGX2,80018-02-01-00G,NS,0.4837495824668484,NS
HI_plus_A,RandomForest,14,CYGX2,90030-01-23-00,NS,0.26742752490341154,NS
HI_plus_A,RandomForest,14,CYGX2,90030-01-45-00,NS,0.004885511651469099,NS
HI_plus_A,RandomForest,14,CYGX2,90030-01-55-01,NS,0.023162318739635212,NS
HI_plus_A,RandomForest,14,CYGX2,91010-01-01-05,NS,0.46240088815041214,NS
HI_plus_A,RandomForest,14,CYGX2,91009-01-28-01,NS,0.16621842277525892,NS
HI_plus_A,RandomForest,14,CYGX2,90030-01-15-00,NS,0.015078507078507079,NS
HI_plus_A,RandomForest,14,CYGX2,90030-01-09-00,NS,0.0027545787545787547,NS
HI_plus_A,RandomForest,14,CYGX2,92039-01-04-01,NS,0.011236732530850177,NS
HI_plus_A,RandomForest,14,CYGX2,92038-01-06-01,NS,0.37684152734967197,NS
HI_plus_A,RandomForest,14,CYGX2,93082-02-02-01,NS,0.019627165627165623,NS
HI_plus_A,RandomForest,14,CYGX2,93443-01-01-09,NS,0.6502265005325761,BH
HI_plus_A,RandomForest,14,CYGX2,95345-01-06-00,NS,0.36555918930871334,NS
HI_plus_A,RandomForest,14,CYGX2,95345-01-40-00,NS,0.004540684065262202,NS
HI_plus_A,RandomForest,15,EXO0748-676,50045-06-05-00,NS,0.10723456264204935,NS
HI_plus_A,RandomForest,15,EXO0748-676,70048-03-02-00,NS,0.33649301043226687,NS
HI_plus_A,RandomForest,15,EXO0748-676,60042-03-01-00,NS,0.1637833566013247,NS
HI_plus_A,RandomForest,15,EXO0748-676,70047-02-01-03,NS,0.2271899934276934,NS
HI_plus_A,RandomForest,15,EXO0748-676,70048-13-12-00,NS,0.21128917000123237,NS
HI_plus_A,RandomForest,15,EXO0748-676,80040-01-09-01,NS,0.1836362710856169,NS
HI_plus_A,RandomForest,15,EXO0748-676,90039-01-03-02,NS,0.11162622765196653,NS
HI_plus_A,RandomForest,15,EXO0748-676,90039-01-04-01,NS,0.09916380196259302,NS
HI_plus_A,RandomForest,15,EXO0748-676,91035-01-04-09,NS,0.06965269066060302,NS
HI_plus_A,RandomForest,15,EXO0748-676,92019-01-05-02,NS,0.09458426399175071,NS
HI_plus_A,RandomForest,15,EXO0748-676,92019-01-06-03,NS,0.21725697702458346,NS
HI_plus_A,RandomForest,15,EXO0748-676,92019-01-16-00,NS,0.1845399470557862,NS
HI_plus_A,RandomForest,15,EXO0748-676,92019-01-18-01,NS,0.41233714220284895,NS
HI_plus_A,RandomForest,15,EXO0748-676,92019-01-26-01,NS,0.20302591762632502,NS
HI_plus_A,RandomForest,15,EXO0748-676,92040-03-01-00,NS,0.37878085137250483,NS
HI_plus_A,RandomForest,16,GROJ1655-40,90428-01-01-07,BH,0.807728075158234,BH
HI_plus_A,RandomForest,16,GROJ1655-40,91702-01-02-03,BH,0.8519822364153893,BH
HI_plus_A,RandomForest,16,GROJ1655-40,91702-01-22-00,BH,0.5317999625574598,BH
HI_plus_A,RandomForest,16,GROJ1655-40,91702-01-22-03,BH,0.5220259576514275,BH
HI_plus_A,RandomForest,16,GROJ1655-40,91702-01-43-00,BH,0.543388640346374,BH
HI_plus_A,RandomForest,16,GROJ1655-40,91702-01-51-02,BH,0.5487954564917406,BH
HI_plus_A,RandomForest,16,GROJ1655-40,91702-01-56-03,BH,0.6134995879229768,BH
HI_plus_A,RandomForest,16,GROJ1655-40,91702-01-66-05,BH,0.9502830682325617,BH
HI_plus_A,RandomForest,16,GROJ1655-40,91702-01-78-00,BH,0.8609831575588694,BH
HI_plus_A,RandomForest,16,GROJ1655-40,91702-01-01-13,BH,0.5651278976961103,BH
HI_plus_A,RandomForest,16,GROJ1655-40,91702-01-17-11,BH,0.7527312902211362,BH
HI_plus_A,RandomForest,16,GROJ1655-40,91702-01-39-10,BH,0.5465574621232826,BH
HI_plus_A,RandomForest,16,GROJ1655-40,91702-01-48-10,BH,0.7235842949805412,BH
HI_plus_A,RandomForest,16,GROJ1655-40,91702-01-81-00,BH,0.41541314218325565,NS
HI_plus_A,RandomForest,16,GROJ1655-40,91702-01-86-04,BH,0.8307439416928377,BH
HI_plus_A,RandomForest,17,GRS1915+105,50703-01-11-00,BH,0.7554835363700613,BH
HI_plus_A,RandomForest,17,GRS1915+105,50703-01-62-01,BH,0.34490741697292765,NS
HI_plus_A,RandomForest,17,GRS1915+105,60701-01-13-03,BH,0.1907450892361505,NS
HI_plus_A,RandomForest,17,GRS1915+105,70702-01-02-00,BH,0.5103695209474447,BH
HI_plus_A,RandomForest,17,GRS1915+105,70702-01-21-01,BH,0.3807629057937094,NS
HI_plus_A,RandomForest,17,GRS1915+105,80127-04-01-02,BH,0.289214688249,NS
HI_plus_A,RandomForest,17,GRS1915+105,90701-01-16-00,BH,0.41915556056636105,NS
HI_plus_A,RandomForest,17,GRS1915+105,90701-01-40-00,BH,0.2768065249836939,NS
HI_plus_A,RandomForest,17,GRS1915+105,90024-02-37-00,BH,0.457706816842124,NS
HI_plus_A,RandomForest,17,GRS1915+105,92702-01-06-00,BH,0.8801383954908055,BH
HI_plus_A,RandomForest,17,GRS1915+105,80701-01-53-00,BH,0.5101898158489487,BH
HI_plus_A,RandomForest,17,GRS1915+105,93701-01-08-00,BH,0.5577228207576951,BH
HI_plus_A,RandomForest,17,GRS1915+105,91701-01-83-00,BH,0.7402898463447052,BH
HI_plus_A,RandomForest,17,GRS1915+105,95701-01-44-00,BH,0.807615131756826,BH
HI_plus_A,RandomForest,17,GRS1915+105,96701-01-39-00,BH,0.22433556885067754,NS
HI_plus_A,RandomForest,18,GS1826-238,50035-01-02-00,NS,0.10268828854537207,NS
HI_plus_A,RandomForest,18,GS1826-238,50035-01-03-02,NS,0.4044028496696397,NS
HI_plus_A,RandomForest,18,GS1826-238,50035-01-03-04,NS,0.17499101172697534,NS
HI_plus_A,RandomForest,18,GS1826-238,50035-01-03-090,NS,0.1497374724734361,NS
HI_plus_A,RandomForest,18,GS1826-238,80048-01-01-09,NS,0.13995633078115624,NS
HI_plus_A,RandomForest,18,GS1826-238,80048-01-01-14,NS,0.18805839306065728,NS
HI_plus_A,RandomForest,18,GS1826-238,80049-01-01-00,NS,0.13337401504949106,NS
HI_plus_A,RandomForest,18,GS1826-238,90043-01-01-02,NS,0.13322246395454374,NS
HI_plus_A,RandomForest,18,GS1826-238,70044-01-03-00,NS,0.24460740641450085,NS
HI_plus_A,RandomForest,18,GS1826-238,92703-01-04-02,NS,0.11568464747425318,NS
HI_plus_A,RandomForest,18,GS1826-238,70044-01-04-00,NS,0.15415136382683983,NS
HI_plus_A,RandomForest,18,GS1826-238,91017-01-02-05,NS,0.19158805326352926,NS
HI_plus_A,RandomForest,18,GS1826-238,91017-01-02-03,NS,0.06501431836462575,NS
HI_plus_A,RandomForest,18,GS1826-238,91017-01-02-10,NS,0.2282805828108781,NS
HI_plus_A,RandomForest,18,GS1826-238,96306-01-01-01,NS,0.4256992194762431,NS
HI_plus_A,RandomForest,19,GX17+2,70023-01-01-01,NS,0.9612177844172186,BH
HI_plus_A,RandomForest,19,GX17+2,80022-01-01-09,NS,0.7619889868347163,BH
HI_plus_A,RandomForest,19,GX17+2,80022-01-01-03,NS,0.8529178940960397,BH
HI_plus_A,RandomForest,19,GX17+2,80022-01-01-02,NS,0.8246281001242951,BH
HI_plus_A,RandomForest,19,GX17+2,80022-01-03-01,NS,0.38599115572705134,NS
HI_plus_A,RandomForest,19,GX17+2,90022-07-03-00,NS,0.9771749765518495,BH
HI_plus_A,RandomForest,19,GX17+2,90022-07-04-02,NS,0.9733165466934197,BH
HI_plus_A,RandomForest,19,GX17+2,92042-01-02-00G,NS,0.058227149621587856,NS
HI_plus_A,RandomForest,19,GX17+2,92042-01-05-01,NS,0.3374758761795138,NS
HI_plus_A,RandomForest,19,GX17+2,93406-11-01-00,NS,0.10914378680452558,NS
HI_plus_A,RandomForest,19,GX17+2,93439-01-05-01,NS,0.7944670625886044,BH
HI_plus_A,RandomForest,19,GX17+2,93439-01-06-00,NS,0.8697682852888259,BH
HI_plus_A,RandomForest,19,GX17+2,95318-01-02-01,NS,0.023882783882783882,NS
HI_plus_A,RandomForest,19,GX17+2,96310-01-01-000,NS,0.6049887571969066,BH
HI_plus_A,RandomForest,19,GX17+2,96310-01-01-02,NS,0.12744525019769018,NS
HI_plus_A,RandomForest,20,GX3+1,60022-01-01-01,NS,0.0012307692307692308,NS
HI_plus_A,RandomForest,20,GX3+1,60022-01-02-01,NS,0.007620927596581888,NS
HI_plus_A,RandomForest,20,GX3+1,60022-01-04-03,NS,0.011620927596581888,NS
HI_plus_A,RandomForest,20,GX3+1,60022-01-04-04,NS,0.003042089985486212,NS
HI_plus_A,RandomForest,20,GX3+1,60022-01-05-01,NS,0.0033351302785265048,NS
HI_plus_A,RandomForest,20,GX3+1,60022-01-06-05,NS,0.0,NS
HI_plus_A,RandomForest,20,GX3+1,60022-01-06-13,NS,0.0015238095238095236,NS
HI_plus_A,RandomForest,20,GX3+1,60022-01-07-02,NS,0.0033351302785265048,NS
HI_plus_A,RandomForest,20,GX3+1,60022-01-08-03,NS,0.0033351302785265048,NS
HI_plus_A,RandomForest,20,GX3+1,60022-01-10-03,NS,0.009327887303541595,NS
HI_plus_A,RandomForest,20,GX3+1,60022-01-10-04,NS,0.007620927596581888,NS
HI_plus_A,RandomForest,20,GX3+1,60022-01-13-01,NS,0.003992757025015089,NS
HI_plus_A,RandomForest,20,GX3+1,90022-05-05-00,NS,0.06418512180172982,NS
HI_plus_A,RandomForest,20,GX3+1,90022-05-06-00,NS,0.1414740595407954,NS
HI_plus_A,RandomForest,20,GX3+1,94307-05-01-02,NS,0.09195541801993415,NS
HI_plus_A,RandomForest,21,GX339-4,40031-03-03-04,BH,0.7135074049687792,BH
HI_plus_A,RandomForest,21,GX339-4,70110-01-54-00,BH,0.6781158570348483,BH
HI_plus_A,RandomForest,21,GX339-4,80102-04-56-00,BH,0.5462811388894461,BH
HI_plus_A,RandomForest,21,GX339-4,80132-01-22-00,BH,0.6105887267337129,BH
HI_plus_A,RandomForest,21,GX339-4,90704-01-05-00,BH,0.7931375789649704,BH
HI_plus_A,RandomForest,21,GX339-4,92034-08-01-00,BH,0.5680983295242088,BH
HI_plus_A,RandomForest,21,GX339-4,92035-01-03-03,BH,0.9641454958894395,BH
HI_plus_A,RandomForest,21,GX339-4,92704-03-13-00,BH,0.29815661829691475,NS
HI_plus_A,RandomForest,21,GX339-4,92704-03-22-00,BH,0.015475643036386892,NS
HI_plus_A,RandomForest,21,GX339-4,92704-03-45-01,BH,0.36116687501820227,NS
HI_plus_A,RandomForest,21,GX339-4,93108-01-01-02,BH,0.18438062652227122,NS
HI_plus_A,RandomForest,21,GX339-4,95409-01-02-02,BH,0.7023987848751289,BH
HI_plus_A,RandomForest,21,GX339-4,95409-01-20-00,BH,0.8176451981073986,BH
HI_plus_A,RandomForest,21,GX339-4,95409-01-29-00,BH,0.832152990808128,BH
HI_plus_A,RandomForest,21,GX339-4,96409-01-10-02,BH,0.5767609024481699,BH
HI_plus_A,RandomForest,22,HETEJ1900.1-245,91015-01-07-00,NS,0.04151319583124516,NS
HI_plus_A,RandomForest,22,HETEJ1900.1-245,91059-03-03-00,NS,0.07866017631385949,NS
HI_plus_A,RandomForest,22,HETEJ1900.1-245,91057-01-07-04,NS,0.46763666942809734,NS
HI_plus_A,RandomForest,22,HETEJ1900.1-245,92049-01-05-00,NS,0.5044700180828001,BH
HI_plus_A,RandomForest,22,HETEJ1900.1-245,92049-01-07-00,NS,0.018475166596645012,NS
HI_plus_A,RandomForest,22,HETEJ1900.1-245,92049-01-40-00,NS,0.4236866118455606,NS
HI_plus_A,RandomForest,22,HETEJ1900.1-245,92049-01-56-00,NS,0.0,NS
HI_plus_A,RandomForest,22,HETEJ1900.1-245,93030-01-14-00,NS,0.349361041409353,NS
HI_plus_A,RandomForest,22,HETEJ1900.1-245,93030-01-47-00,NS,0.5524634768668084,BH
HI_plus_A,RandomForest,22,HETEJ1900.1-245,94030-01-05-00,NS,0.09234020206731529,NS
HI_plus_A,RandomForest,22,HETEJ1900.1-245,94030-01-27-00,NS,0.27007814686320625,NS
HI_plus_A,RandomForest,22,HETEJ1900.1-245,94030-01-36-00,NS,0.2599429873367424,NS
HI_plus_A,RandomForest,22,HETEJ1900.1-245,95030-01-16-00,NS,0.20099407626084168,NS
HI_plus_A,RandomForest,22,HETEJ1900.1-245,96030-01-01-01,NS,0.3344186175534814,NS
HI_plus_A,RandomForest,22,HETEJ1900.1-245,96030-01-25-00,NS,0.5742143984159456,BH
HI_plus_A,RandomForest,23,KS1731-260,50031-02-01-09,NS,0.5274635716128194,BH
HI_plus_A,RandomForest,23,KS1731-260,50031-02-01-12,NS,0.31999954054836277,NS
HI_plus_A,RandomForest,23,KS1731-260,50031-02-01-02,NS,0.24203057112726203,NS
HI_plus_A,RandomForest,23,KS1731-260,50031-02-01-05,NS,0.2655290216823164,NS
HI_plus_A,RandomForest,23,KS1731-260,50031-02-01-08,NS,0.2618669548393394,NS
HI_plus_A,RandomForest,23,KS1731-260,50031-02-02-06,NS,0.6515184722022269,BH
HI_plus_A,RandomForest,23,KS1731-260,50031-02-02-02,NS,0.6624577838470268,BH
HI_plus_A,RandomForest,23,KS1731-260,50031-02-02-03,NS,0.5185774213081051,BH
HI_plus_A,RandomForest,23,KS1731-260,50031-02-02-080,NS,0.6149836026634918,BH
HI_plus_A,RandomForest,23,KS1731-260,50031-02-03-00,NS,0.08650922821124508,NS
HI_plus_A,RandomForest,23,KS1731-260,50031-02-03-05,NS,0.14809959979323187,NS
HI_plus_A,RandomForest,23,KS1731-260,50031-02-03-04,NS,0.1709272181018198,NS
HI_plus_A,RandomForest,23,KS1731-260,50031-02-03-07,NS,0.16132367287365953,NS
HI_plus_A,RandomForest,23,KS1731-260,50031-02-03-08,NS,0.07951157844387322,NS
HI_plus_A,RandomForest,23,KS1731-260,50031-02-03-01,NS,0.48689062508164777,NS
HI_plus_A,RandomForest,24,MXB1658-298,50410-01-01-00,NS,0.03679288443383816,NS
HI_plus_A,RandomForest,24,MXB1658-298,50410-01-04-00,NS,0.005310646342904408,NS
HI_plus_A,RandomForest,24,MXB1658-298,50410-01-05-00,NS,0.028015535656489378,NS
HI_plus_A,RandomForest,24,MXB1658-298,50410-01-08-00,NS,0.046367407464181665,NS
HI_plus_A,RandomForest,24,MXB1658-298,50410-01-09-00,NS,0.0495981766949509,NS
HI_plus_A,RandomForest,24,MXB1658-298,60048-01-02-00,NS,0.02281980385206192,NS
HI_plus_A,RandomForest,24,MXB1658-298,60048-01-04-00,NS,0.04842573467538406,NS
HI_plus_A,RandomForest,24,MXB1658-298,60048-02-01-00,NS,0.0,NS
HI_plus_A,RandomForest,24,MXB1658-298,60048-02-03-00,NS,0.031878017159924596,NS
HI_plus_A,RandomForest,24,MXB1658-298,60048-03-01-00,NS,0.005523809523809524,NS
HI_plus_A,RandomForest,24,MXB1658-298,60048-03-02-00,NS,0.004761987794245859,NS
HI_plus_A,RandomForest,24,MXB1658-298,60048-03-05-00,NS,0.002,NS
HI_plus_A,RandomForest,24,MXB1658-298,60048-04-01-00,NS,0.3114605481817764,NS
HI_plus_A,RandomForest,24,MXB1658-298,60048-04-03-00,NS,0.7100971979318692,BH
HI_plus_A,RandomForest,24,MXB1658-298,60048-04-05-00,NS,0.8057608924280832,BH
HI_plus_A,RandomForest,25,SAXJ1808.4-3658,70080-01-02-04,NS,0.02515909315909316,NS
HI_plus_A,RandomForest,25,SAXJ1808.4-3658,70080-01-02-22,NS,0.20659070906174062,NS
HI_plus_A,RandomForest,25,SAXJ1808.4-3658,70080-01-03-010,NS,0.26511558051563433,NS
HI_plus_A,RandomForest,25,SAXJ1808.4-3658,70080-02-01-03,NS,0.5271837392431408,BH
HI_plus_A,RandomForest,25,SAXJ1808.4-3658,70080-02-02-35,NS,0.48221986504068515,NS
HI_plus_A,RandomForest,25,SAXJ1808.4-3658,70080-02-02-12,NS,0.4002366482428261,NS
HI_plus_A,RandomForest,25,SAXJ1808.4-3658,70080-03-13-00,NS,0.5425957608353963,BH
HI_plus_A,RandomForest,25,SAXJ1808.4-3658,70080-03-20-13,NS,0.33288574793169395,NS
HI_plus_A,RandomForest,25,SAXJ1808.4-3658,70080-03-22-00,NS,0.7265362245838103,BH
HI_plus_A,RandomForest,25,SAXJ1808.4-3658,91056-01-03-05,NS,0.14368779856873556,NS
HI_plus_A,RandomForest,25,SAXJ1808.4-3658,91418-01-04-00,NS,0.8326322421409642,BH
HI_plus_A,RandomForest,25,SAXJ1808.4-3658,93027-01-01-03,NS,0.07200225335478051,NS
HI_plus_A,RandomForest,25,SAXJ1808.4-3658,93027-01-05-08,NS,0.8524381168658894,BH
HI_plus_A,RandomForest,25,SAXJ1808.4-3658,96027-01-01-00,NS,0.01907126410352217,NS
HI_plus_A,RandomForest,25,SAXJ1808.4-3658,96027-01-02-00,NS,0.13748960865086093,NS
HI_plus_A,RandomForest,26,SLX1735-269,60034-01-01-00,NS,0.0622695848539348,NS
HI_plus_A,RandomForest,26,SLX1735-269,60034-01-02-02,NS,0.07808982422626606,NS
HI_plus_A,RandomForest,26,SLX1735-269,60034-01-03-01,NS,0.0012307692307692308,NS
HI_plus_A,RandomForest,26,SLX1735-269,80138-03-01-00,NS,0.03791447252316817,NS
HI_plus_A,RandomForest,26,SLX1735-269,80138-03-02-00,NS,0.058040894625244574,NS
HI_plus_A,RandomForest,26,SLX1735-269,80138-03-07-01,NS,0.0,NS
HI_plus_A,RandomForest,26,SLX1735-269,80138-03-07-03,NS,0.002,NS
HI_plus_A,RandomForest,26,SLX1735-269,90058-05-01-02,NS,0.0012307692307692308,NS
HI_plus_A,RandomForest,26,SLX1735-269,92052-02-02-00,NS,0.17594049953755062,NS
HI_plus_A,RandomForest,26,SLX1735-269,96429-01-02-02,NS,0.30937798032749264,NS
HI_plus_A,RandomForest,26,SLX1735-269,96429-01-03-01,NS,0.192757878604579,NS
HI_plus_A,RandomForest,26,SLX1735-269,96429-01-05-00,NS,0.3139743603378999,NS
HI_plus_A,RandomForest,26,SLX1735-269,96429-01-06-01,NS,0.24095147236439043,NS
HI_plus_A,RandomForest,26,SLX1735-269,96429-01-07-01,NS,0.28910442383191004,NS
HI_plus_A,RandomForest,26,SLX1735-269,96429-01-08-03,NS,0.2304896651526353,NS
HI_plus_A,RandomForest,27,XTEJ1118+480,50407-01-07-01,BH,0.10696930055043366,NS
HI_plus_A,RandomForest,27,XTEJ1118+480,50407-01-09-00,BH,0.23256549143569646,NS
HI_plus_A,RandomForest,27,XTEJ1118+480,50407-01-10-01,BH,0.2830946429334574,NS
HI_plus_A,RandomForest,27,XTEJ1118+480,50133-01-05-00,BH,0.09407479696853885,NS
HI_plus_A,RandomForest,27,XTEJ1118+480,50407-01-13-02,BH,0.025754939084774164,NS
HI_plus_A,RandomForest,27,XTEJ1118+480,50133-01-04-01,BH,0.04372970754288556,NS
HI_plus_A,RandomForest,27,XTEJ1118+480,50407-01-14-02,BH,0.13374167656693473,NS
HI_plus_A,RandomForest,27,XTEJ1118+480,50407-01-16-00,BH,0.5706690185938113,BH
HI_plus_A,RandomForest,27,XTEJ1118+480,90011-01-01-08,BH,0.42754212120317764,NS
HI_plus_A,RandomForest,27,XTEJ1118+480,90011-01-01-10,BH,0.8521993651119233,BH
HI_plus_A,RandomForest,27,XTEJ1118+480,90011-01-01-05,BH,0.10533852444715928,NS
HI_plus_A,RandomForest,27,XTEJ1118+480,90111-01-02-06,BH,0.027279361293793818,NS
HI_plus_A,RandomForest,27,XTEJ1118+480,90111-01-02-15,BH,0.03952343964869721,NS
HI_plus_A,RandomForest,27,XTEJ1118+480,90111-01-02-07,BH,0.13571414537251109,NS
HI_plus_A,RandomForest,27,XTEJ1118+480,90111-01-03-02,BH,0.38048210133726196,NS
HI_plus_A,RandomForest,28,XTEJ1550-564,50135-01-02-00,BH,0.35340642207876194,NS
HI_plus_A,RandomForest,28,XTEJ1550-564,50135-01-08-00,BH,0.48307154902353405,NS
HI_plus_A,RandomForest,28,XTEJ1550-564,50135-01-15-00,BH,0.14748343243271478,NS
HI_plus_A,RandomForest,28,XTEJ1550-564,50135-01-19-00,BH,0.6553201966448479,BH
HI_plus_A,RandomForest,28,XTEJ1550-564,50135-01-23-00,BH,0.4563347604837486,NS
HI_plus_A,RandomForest,28,XTEJ1550-564,50137-02-09-00,BH,0.8453964367920594,BH
HI_plus_A,RandomForest,28,XTEJ1550-564,60428-01-03-00,BH,0.4322340127357083,NS
HI_plus_A,RandomForest,28,XTEJ1550-564,60428-01-05-00,BH,0.6454804593924176,BH
HI_plus_A,RandomForest,28,XTEJ1550-564,60428-01-09-00,BH,0.90721481112819,BH
HI_plus_A,RandomForest,28,XTEJ1550-564,60428-01-15-00,BH,0.32160453188950283,NS
HI_plus_A,RandomForest,28,XTEJ1550-564,80135-01-01-01,BH,0.387795807369722,NS
HI_plus_A,RandomForest,28,XTEJ1550-564,80135-01-02-01,BH,0.4058774677793387,NS
HI_plus_A,RandomForest,28,XTEJ1550-564,80135-01-03-10,BH,0.44586754752546087,NS
HI_plus_A,RandomForest,28,XTEJ1550-564,80135-01-04-02,BH,0.4048678283504446,NS
HI_plus_A,RandomForest,28,XTEJ1550-564,80135-01-05-10,BH,0.5120166685486215,BH
HI_plus_A,RandomForest,29,XTEJ1650-500,60113-01-06-00,BH,0.9603046551585238,BH
HI_plus_A,RandomForest,29,XTEJ1650-500,60113-01-09-00,BH,0.9653555923435971,BH
HI_plus_A,RandomForest,29,XTEJ1650-500,60113-01-11-01,BH,0.9540528988269864,BH
HI_plus_A,RandomForest,29,XTEJ1650-500,60113-01-15-00,BH,0.3883527404737123,NS
HI_plus_A,RandomForest,29,XTEJ1650-500,60113-01-23-00,BH,0.4845153117604956,NS
HI_plus_A,RandomForest,29,XTEJ1650-500,60113-01-27-00,BH,0.7760340059445943,BH
HI_plus_A,RandomForest,29,XTEJ1650-500,60113-01-29-02,BH,0.6608032150150803,BH
HI_plus_A,RandomForest,29,XTEJ1650-500,60113-01-34-00,BH,0.6569062772736004,BH
HI_plus_A,RandomForest,29,XTEJ1650-500,60113-01-36-00,BH,0.6254916824779532,BH
HI_plus_A,RandomForest,29,XTEJ1650-500,60113-01-38-00,BH,0.6315391153587898,BH
HI_plus_A,RandomForest,29,XTEJ1650-500,60118-02-08-00,BH,0.634826260626277,BH
HI_plus_A,RandomForest,29,XTEJ1650-500,60118-02-14-00,BH,0.21275459119580264,NS
HI_plus_A,RandomForest,29,XTEJ1650-500,60118-02-20-00,BH,0.6253737664723817,BH
HI_plus_A,RandomForest,29,XTEJ1650-500,60118-02-28-00,BH,0.41555200007491827,NS
HI_plus_A,RandomForest,29,XTEJ1650-500,70124-01-02-00,BH,0.6519108907903925,BH
HI_plus_A,RandomForest,30,XTEJ1814-338,80138-04-02-00,NS,0.1659245604593456,NS
HI_plus_A,RandomForest,30,XTEJ1814-338,80145-02-01-01,NS,0.28447708064740224,NS
HI_plus_A,RandomForest,30,XTEJ1814-338,80418-01-01-07,NS,0.29449117691824334,NS
HI_plus_A,RandomForest,30,XTEJ1814-338,80418-01-02-00,NS,0.5801896861922299,BH
HI_plus_A,RandomForest,30,XTEJ1814-338,80418-01-02-08,NS,0.632118385419488,BH
HI_plus_A,RandomForest,30,XTEJ1814-338,80418-01-02-05,NS,0.46160419641435935,NS
HI_plus_A,RandomForest,30,XTEJ1814-338,80418-01-03-02,NS,0.4410986271711142,NS
HI_plus_A,RandomForest,30,XTEJ1814-338,80418-01-03-08,NS,0.6177002322104114,BH
HI_plus_A,RandomForest,30,XTEJ1814-338,80418-01-04-03,NS,0.40013297978203183,NS
HI_plus_A,RandomForest,30,XTEJ1814-338,80418-01-05-00,NS,0.3419668642147596,NS
HI_plus_A,RandomForest,30,XTEJ1814-338,80418-01-05-08,NS,0.026564185596443662,NS
HI_plus_A,RandomForest,30,XTEJ1814-338,80418-01-06-00,NS,0.4908134893998328,NS
HI_plus_A,RandomForest,30,XTEJ1814-338,80418-01-06-02,NS,0.8088160459559368,BH
HI_plus_A,RandomForest,30,XTEJ1814-338,80418-01-06-06,NS,0.7639581746780276,BH
HI_plus_A,RandomForest,30,XTEJ1814-338,80418-01-07-06,NS,0.6968850611664315,BH
