representation,model,fold,source_id,obs_id,true_label,BH_score,predicted_label
A_intensity+cand,LogReg,0,4U1254-690,60044-01-01-02,NS,0.2778228737417759,NS
A_intensity+cand,LogReg,0,4U1254-690,60044-01-01-00,NS,0.35460491939927735,NS
A_intensity+cand,LogReg,0,4U1254-690,60044-01-01-03,NS,0.05606623326607859,NS
A_intensity+cand,LogReg,0,4U1254-690,60044-01-01-05,NS,0.09487789690865674,NS
A_intensity+cand,LogReg,0,4U1254-690,60044-01-02-100,NS,0.1772536619569809,NS
A_intensity+cand,LogReg,0,4U1254-690,60044-01-02-000,NS,0.2029024797075757,NS
A_intensity+cand,LogReg,0,4U1254-690,90036-01-01-01,NS,0.263415667905265,NS
A_intensity+cand,LogReg,0,4U1254-690,90036-01-01-03,NS,0.10578835289924622,NS
A_intensity+cand,LogReg,0,4U1254-690,93406-13-01-00,NS,0.11616887249904519,NS
A_intensity+cand,LogReg,0,4U1254-690,95324-01-01-010,NS,0.07741807661462959,NS
A_intensity+cand,LogReg,0,4U1254-690,95324-01-01-000,NS,0.09766886995794685,NS
A_intensity+cand,LogReg,0,4U1254-690,95324-01-01-00,NS,0.124615275215486,NS
A_intensity+cand,LogReg,0,4U1254-690,95324-01-02-000,NS,0.07575001660584683,NS
A_intensity+cand,LogReg,0,4U1254-690,95324-01-02-00,NS,0.22879765567306104,NS
A_intensity+cand,LogReg,0,4U1254-690,95324-01-02-01,NS,0.0676131081503648,NS
A_intensity+cand,LogReg,1,4U1323-619,70050-03-01-01,NS,0.2705033190540777,NS
A_intensity+cand,LogReg,1,4U1323-619,70050-03-01-02,NS,0.3595895636812929,NS
A_intensity+cand,LogReg,1,4U1323-619,90062-03-01-02,NS,0.16596662043850563,NS
A_intensity+cand,LogReg,1,4U1323-619,90062-03-01-01,NS,0.283814299045242,NS
A_intensity+cand,LogReg,1,4U1323-619,95442-01-01-01,NS,0.24882690123387582,NS
A_intensity+cand,LogReg,1,4U1323-619,95442-01-01-02,NS,0.20134085061682455,NS
A_intensity+cand,LogReg,1,4U1323-619,96405-01-01-00,NS,0.2038280925504295,NS
A_intensity+cand,LogReg,1,4U1323-619,96405-01-01-01,NS,0.24129351356676282,NS
A_intensity+cand,LogReg,1,4U1323-619,96405-01-02-00,NS,0.1842547535728728,NS
A_intensity+cand,LogReg,1,4U1323-619,96405-01-02-01,NS,0.21506229286158912,NS
A_intensity+cand,LogReg,1,4U1323-619,96405-01-04-00,NS,0.1838807110034173,NS
A_intensity+cand,LogReg,1,4U1323-619,96405-01-05-00,NS,0.1633604728601651,NS
A_intensity+cand,LogReg,1,4U1323-619,96405-01-05-01,NS,0.27408720075999965,NS
A_intensity+cand,LogReg,1,4U1323-619,96405-01-05-02,NS,0.2026465469168373,NS
A_intensity+cand,LogReg,1,4U1323-619,96405-01-05-03,NS,0.22956384887673906,NS
A_intensity+cand,LogReg,2,4U1543-47,70133-01-01-00,BH,0.99924549355063,BH
A_intensity+cand,LogReg,2,4U1543-47,70132-01-01-02G,BH,0.9998459307256063,BH
A_intensity+cand,LogReg,2,4U1543-47,70133-01-14-00,BH,0.9998862964722217,BH
A_intensity+cand,LogReg,2,4U1543-47,70132-01-02-00,BH,0.9990494263062681,BH
A_intensity+cand,LogReg,2,4U1543-47,70133-01-10-00,BH,0.9974750631771718,BH
A_intensity+cand,LogReg,2,4U1543-47,70133-01-19-00,BH,0.9994194565745587,BH
A_intensity+cand,LogReg,2,4U1543-47,70133-01-22-00,BH,0.9983820850360586,BH
A_intensity+cand,LogReg,2,4U1543-47,70133-01-24-00,BH,0.9994089978528837,BH
A_intensity+cand,LogReg,2,4U1543-47,70133-01-27-01,BH,0.9977999666040455,BH
A_intensity+cand,LogReg,2,4U1543-47,70133-01-28-00,BH,0.9895254239214263,BH
A_intensity+cand,LogReg,2,4U1543-47,70133-01-31-01,BH,0.916458513475296,BH
A_intensity+cand,LogReg,2,4U1543-47,70128-01-01-01,BH,0.8059007369728585,BH
A_intensity+cand,LogReg,2,4U1543-47,70124-02-09-00,BH,0.30358657010927104,NS
A_intensity+cand,LogReg,2,4U1543-47,70124-02-10-00,BH,0.40593512256020703,NS
A_intensity+cand,LogReg,2,4U1543-47,70124-02-14-00,BH,0.8632456204858325,BH
A_intensity+cand,LogReg,3,4U1608-52,60052-02-03-00,NS,0.030555472043565884,NS
A_intensity+cand,LogReg,3,4U1608-52,70059-01-01-00G,NS,0.06407379371368374,NS
A_intensity+cand,LogReg,3,4U1608-52,70058-01-32-00,NS,0.03732188982320739,NS
A_intensity+cand,LogReg,3,4U1608-52,70069-01-04-03,NS,0.32370227315586997,NS
A_intensity+cand,LogReg,3,4U1608-52,90408-01-01-03,NS,0.1775023429380675,NS
A_intensity+cand,LogReg,3,4U1608-52,90408-01-03-03,NS,0.5601675642578493,BH
A_intensity+cand,LogReg,3,4U1608-52,93408-01-14-00,NS,0.5727962716754568,BH
A_intensity+cand,LogReg,3,4U1608-52,93408-01-17-01,NS,0.05040198181140304,NS
A_intensity+cand,LogReg,3,4U1608-52,93408-01-22-01,NS,0.008705945726137202,NS
A_intensity+cand,LogReg,3,4U1608-52,93408-01-27-03,NS,0.5709073728826086,BH
A_intensity+cand,LogReg,3,4U1608-52,93408-01-55-01,NS,0.46611745100111296,NS
A_intensity+cand,LogReg,3,4U1608-52,94401-01-03-02,NS,0.049415236573748585,NS
A_intensity+cand,LogReg,3,4U1608-52,94401-01-38-02,NS,0.36099314064418286,NS
A_intensity+cand,LogReg,3,4U1608-52,96423-01-03-00,NS,0.03309462538238289,NS
A_intensity+cand,LogReg,3,4U1608-52,96423-01-21-03,NS,0.565510198324396,BH
A_intensity+cand,LogReg,4,4U1636-53,50030-02-04-00,NS,0.03897948206864863,NS
A_intensity+cand,LogReg,4,4U1636-53,60032-01-20-000,NS,0.05104886324932574,NS
A_intensity+cand,LogReg,4,4U1636-53,91024-01-74-00,NS,0.5803331031891865,BH
A_intensity+cand,LogReg,4,4U1636-53,91024-01-12-10,NS,0.10714608779661167,NS
A_intensity+cand,LogReg,4,4U1636-53,92023-01-50-00,NS,0.2952247858704823,NS
A_intensity+cand,LogReg,4,4U1636-53,92023-01-79-10,NS,0.012923941506763735,NS
A_intensity+cand,LogReg,4,4U1636-53,93087-01-27-00,NS,0.02299169499946324,NS
A_intensity+cand,LogReg,4,4U1636-53,93087-01-80-00,NS,0.4420635104504995,NS
A_intensity+cand,LogReg,4,4U1636-53,93087-01-33-20,NS,0.022164372586270863,NS
A_intensity+cand,LogReg,4,4U1636-53,94087-01-16-00,NS,0.5244587339573259,BH
A_intensity+cand,LogReg,4,4U1636-53,94087-01-25-10,NS,0.32939294743913866,NS
A_intensity+cand,LogReg,4,4U1636-53,94087-01-44-10,NS,0.019158006219357804,NS
A_intensity+cand,LogReg,4,4U1636-53,95087-01-47-10,NS,0.33298192369474006,NS
A_intensity+cand,LogReg,4,4U1636-53,96087-01-52-00,NS,0.4377933225167153,NS
A_intensity+cand,LogReg,4,4U1636-53,96087-01-11-10,NS,0.2831060108029143,NS
A_intensity+cand,LogReg,5,4U1702-429,50029-27-01-000,NS,0.5067433555980673,BH
A_intensity+cand,LogReg,5,4U1702-429,50030-01-04-00,NS,0.5854135923388584,BH
A_intensity+cand,LogReg,5,4U1702-429,50030-01-09-03,NS,0.5104853730953367,BH
A_intensity+cand,LogReg,5,4U1702-429,80033-01-01-01,NS,0.5082272782168772,BH
A_intensity+cand,LogReg,5,4U1702-429,80033-01-02-000,NS,0.03530825195689008,NS
A_intensity+cand,LogReg,5,4U1702-429,80033-01-04-03,NS,0.018410507878722178,NS
A_intensity+cand,LogReg,5,4U1702-429,80033-01-08-00G,NS,0.024830852718038702,NS
A_intensity+cand,LogReg,5,4U1702-429,80033-01-10-04G,NS,0.02186607563951832,NS
A_intensity+cand,LogReg,5,4U1702-429,80033-01-11-02,NS,0.021213835531356345,NS
A_intensity+cand,LogReg,5,4U1702-429,80033-01-12-02,NS,0.021755295804528094,NS
A_intensity+cand,LogReg,5,4U1702-429,80033-01-16-05,NS,0.020983748032682145,NS
A_intensity+cand,LogReg,5,4U1702-429,80033-01-18-02,NS,0.49620877615058245,NS
A_intensity+cand,LogReg,5,4U1702-429,80033-01-20-01,NS,0.39582824716665355,NS
A_intensity+cand,LogReg,5,4U1702-429,80033-01-21-03,NS,0.4519386945318582,NS
A_intensity+cand,LogReg,5,4U1702-429,94415-01-01-00,NS,0.4043771802484979,NS
A_intensity+cand,LogReg,6,4U1705-44,91039-01-01-61,NS,0.574933367872678,BH
A_intensity+cand,LogReg,6,4U1705-44,90170-01-01-00,NS,0.019647805283155895,NS
A_intensity+cand,LogReg,6,4U1705-44,93060-01-05-00,NS,0.5266496181103115,BH
A_intensity+cand,LogReg,6,4U1705-44,93060-01-50-00,NS,0.31595128991906346,NS
A_intensity+cand,LogReg,6,4U1705-44,93060-01-77-00,NS,0.01295039223334119,NS
A_intensity+cand,LogReg,6,4U1705-44,93060-01-93-00,NS,0.02588301344004285,NS
A_intensity+cand,LogReg,6,4U1705-44,93060-01-45-00,NS,0.03551938182305356,NS
A_intensity+cand,LogReg,6,4U1705-44,94060-01-23-00,NS,0.016149986544411764,NS
A_intensity+cand,LogReg,6,4U1705-44,94060-01-46-00,NS,0.07300059932902615,NS
A_intensity+cand,LogReg,6,4U1705-44,94060-01-55-00,NS,0.04218321822865204,NS
A_intensity+cand,LogReg,6,4U1705-44,95060-01-35-00,NS,0.4332741424654089,NS
A_intensity+cand,LogReg,6,4U1705-44,95060-01-66-00,NS,0.014654059301405958,NS
A_intensity+cand,LogReg,6,4U1705-44,95060-01-78-00,NS,0.01609525093741572,NS
A_intensity+cand,LogReg,6,4U1705-44,96060-01-40-00,NS,0.020271954541754955,NS
A_intensity+cand,LogReg,6,4U1705-44,96060-01-73-00,NS,0.012336984583003906,NS
A_intensity+cand,LogReg,7,4U1724-307,60034-02-01-01,NS,0.38191274040848655,NS
A_intensity+cand,LogReg,7,4U1724-307,50060-05-01-07,NS,0.37842935395169525,NS
A_intensity+cand,LogReg,7,4U1724-307,50060-05-01-05,NS,0.3794213025202678,NS
A_intensity+cand,LogReg,7,4U1724-307,60034-02-02-02,NS,0.32305028781058337,NS
A_intensity+cand,LogReg,7,4U1724-307,60034-02-03-10,NS,0.3009773248731009,NS
A_intensity+cand,LogReg,7,4U1724-307,60034-02-05-01,NS,0.3455192428429848,NS
A_intensity+cand,LogReg,7,4U1724-307,80105-10-01-00,NS,0.31688353011329323,NS
A_intensity+cand,LogReg,7,4U1724-307,80138-06-03-00,NS,0.024330294570692246,NS
A_intensity+cand,LogReg,7,4U1724-307,90058-06-03-00,NS,0.23649424231982374,NS
A_intensity+cand,LogReg,7,4U1724-307,91050-07-01-00,NS,0.2391950468610556,NS
A_intensity+cand,LogReg,7,4U1724-307,93044-06-04-00,NS,0.202853323727035,NS
A_intensity+cand,LogReg,7,4U1724-307,93044-06-07-00,NS,0.30608773973474407,NS
A_intensity+cand,LogReg,7,4U1724-307,93438-01-02-03,NS,0.34808554222169563,NS
A_intensity+cand,LogReg,7,4U1724-307,93438-01-04-00,NS,0.35557901634457767,NS
A_intensity+cand,LogReg,7,4U1724-307,93438-01-07-01,NS,0.35666863792238274,NS
A_intensity+cand,LogReg,8,4U1728-34,50023-01-29-00,NS,0.42448911004524165,NS
A_intensity+cand,LogReg,8,4U1728-34,50030-03-05-03,NS,0.6649968203832984,BH
A_intensity+cand,LogReg,8,4U1728-34,70028-01-01-08,NS,0.5377762516900965,BH
A_intensity+cand,LogReg,8,4U1728-34,70028-01-01-05,NS,0.4774934816928726,NS
A_intensity+cand,LogReg,8,4U1728-34,92023-03-08-00,NS,0.02183869892096121,NS
A_intensity+cand,LogReg,8,4U1728-34,92023-03-37-00,NS,0.47653524546988413,NS
A_intensity+cand,LogReg,8,4U1728-34,92023-03-76-00,NS,0.05817622105465171,NS
A_intensity+cand,LogReg,8,4U1728-34,92023-03-98-00,NS,0.4430543757659736,NS
A_intensity+cand,LogReg,8,4U1728-34,92023-03-19-10,NS,0.027907771275622568,NS
A_intensity+cand,LogReg,8,4U1728-34,92023-03-30-10,NS,0.11801594186933584,NS
A_intensity+cand,LogReg,8,4U1728-34,92023-03-44-00,NS,0.6206495321727209,BH
A_intensity+cand,LogReg,8,4U1728-34,92023-03-49-00,NS,0.7007308351573719,BH
A_intensity+cand,LogReg,8,4U1728-34,92023-03-70-00,NS,0.5360402650652608,BH
A_intensity+cand,LogReg,8,4U1728-34,95337-01-02-00,NS,0.025762316178569604,NS
A_intensity+cand,LogReg,8,4U1728-34,96322-01-01-05,NS,0.020064121723427253,NS
A_intensity+cand,LogReg,9,4U1735-44,50025-02-01-01,NS,0.03698899214044633,NS
A_intensity+cand,LogReg,9,4U1735-44,50026-01-01-00,NS,0.021937537436958088,NS
A_intensity+cand,LogReg,9,4U1735-44,91152-06-01-10,NS,0.01585264831807808,NS
A_intensity+cand,LogReg,9,4U1735-44,91025-01-01-04,NS,0.01861814357663705,NS
A_intensity+cand,LogReg,9,4U1735-44,91025-01-04-04,NS,0.01609012275225725,NS
A_intensity+cand,LogReg,9,4U1735-44,91025-01-04-06,NS,0.02000022142690122,NS
A_intensity+cand,LogReg,9,4U1735-44,91025-01-05-01,NS,0.011990473418632755,NS
A_intensity+cand,LogReg,9,4U1735-44,91025-01-08-07,NS,0.009265923759768792,NS
A_intensity+cand,LogReg,9,4U1735-44,91025-01-09-12,NS,0.008405894839977912,NS
A_intensity+cand,LogReg,9,4U1735-44,91025-01-09-10,NS,0.009955270618377303,NS
A_intensity+cand,LogReg,9,4U1735-44,91025-01-13-03,NS,0.004763862180513893,NS
A_intensity+cand,LogReg,9,4U1735-44,91025-01-13-08,NS,0.007755033978741663,NS
A_intensity+cand,LogReg,9,4U1735-44,93200-01-03-01,NS,0.006973546299832611,NS
A_intensity+cand,LogReg,9,4U1735-44,96325-01-01-04,NS,0.013679901982874257,NS
A_intensity+cand,LogReg,9,4U1735-44,96331-01-02-01,NS,0.019009233430384534,NS
A_intensity+cand,LogReg,10,4U1746-371,60044-02-01-10,NS,0.05418386563351047,NS
A_intensity+cand,LogReg,10,4U1746-371,60044-02-01-05,NS,0.054795622141621744,NS
A_intensity+cand,LogReg,10,4U1746-371,60044-02-01-07,NS,0.07002484738620089,NS
A_intensity+cand,LogReg,10,4U1746-371,60044-02-01-06,NS,0.05635645289877584,NS
A_intensity+cand,LogReg,10,4U1746-371,60044-02-02-00,NS,0.11976472449371521,NS
A_intensity+cand,LogReg,10,4U1746-371,60044-02-02-010,NS,0.051409575639529796,NS
A_intensity+cand,LogReg,10,4U1746-371,60044-02-02-09,NS,0.04577740854519874,NS
A_intensity+cand,LogReg,10,4U1746-371,60044-02-02-10,NS,0.19835606132523595,NS
A_intensity+cand,LogReg,10,4U1746-371,70050-01-01-03,NS,0.03622180234389333,NS
A_intensity+cand,LogReg,10,4U1746-371,70050-01-01-06,NS,0.03365341052748745,NS
A_intensity+cand,LogReg,10,4U1746-371,70050-01-01-00,NS,0.0222682844377228,NS
A_intensity+cand,LogReg,10,4U1746-371,70050-01-01-08,NS,0.014590654349575464,NS
A_intensity+cand,LogReg,10,4U1746-371,90044-01-02-01,NS,0.028988213050603156,NS
A_intensity+cand,LogReg,10,4U1746-371,90044-01-04-000,NS,0.09535632430826431,NS
A_intensity+cand,LogReg,10,4U1746-371,90044-01-04-00,NS,0.7031763731960076,BH
A_intensity+cand,LogReg,11,4U1820-30,40017-01-21-02,NS,0.031016170738910793,NS
A_intensity+cand,LogReg,11,4U1820-30,60030-01-02-01,NS,0.03894512209800037,NS
A_intensity+cand,LogReg,11,4U1820-30,70030-03-03-00,NS,0.030193513874793736,NS
A_intensity+cand,LogReg,11,4U1820-30,70030-03-05-00,NS,0.26501907695023,NS
A_intensity+cand,LogReg,11,4U1820-30,90027-01-01-06,NS,0.026801398262957615,NS
A_intensity+cand,LogReg,11,4U1820-30,90027-01-03-00,NS,0.012684902253381024,NS
A_intensity+cand,LogReg,11,4U1820-30,90027-01-04-04,NS,0.023881424242345784,NS
A_intensity+cand,LogReg,11,4U1820-30,92030-02-02-00,NS,0.019727832972643307,NS
A_intensity+cand,LogReg,11,4U1820-30,91152-04-01-00,NS,0.015768217838712725,NS
A_intensity+cand,LogReg,11,4U1820-30,92030-02-05-00,NS,0.0138811881712186,NS
A_intensity+cand,LogReg,11,4U1820-30,94090-01-01-00,NS,0.13294918291947577,NS
A_intensity+cand,LogReg,11,4U1820-30,94090-01-02-01,NS,0.4417823752001513,NS
A_intensity+cand,LogReg,11,4U1820-30,92030-02-12-00,NS,0.018323021126267727,NS
A_intensity+cand,LogReg,11,4U1820-30,96090-01-01-020,NS,0.021062871627192805,NS
A_intensity+cand,LogReg,11,4U1820-30,96324-01-02-01,NS,0.013990006011450302,NS
A_intensity+cand,LogReg,12,4U1915-05,50026-03-01-00,NS,0.4127778812496024,NS
A_intensity+cand,LogReg,12,4U1915-05,50026-03-01-01,NS,0.4487209651789794,NS
A_intensity+cand,LogReg,12,4U1915-05,70034-02-01-01,NS,0.026843123103386206,NS
A_intensity+cand,LogReg,12,4U1915-05,70034-02-01-00,NS,0.034906612471798354,NS
A_intensity+cand,LogReg,12,4U1915-05,70034-02-02-01,NS,0.1929288744829573,NS
A_intensity+cand,LogReg,12,4U1915-05,70034-02-02-00,NS,0.3804853677674909,NS
A_intensity+cand,LogReg,13,AQLX1,50049-02-06-01,NS,0.025164568492341707,NS
A_intensity+cand,LogReg,13,AQLX1,50049-02-15-06,NS,0.22873318082374017,NS
A_intensity+cand,LogReg,13,AQLX1,60054-02-03-03,NS,0.18764436699361306,NS
A_intensity+cand,LogReg,13,AQLX1,70069-03-01-00,NS,0.033607471750412926,NS
A_intensity+cand,LogReg,13,AQLX1,80403-01-03-00,NS,0.752048321499297,BH
A_intensity+cand,LogReg,13,AQLX1,90017-11-06-00,NS,0.38521256035175616,NS
A_intensity+cand,LogReg,13,AQLX1,91028-01-29-00,NS,0.6105820307787586,BH
A_intensity+cand,LogReg,13,AQLX1,92034-01-02-00,NS,0.73409202800935,BH
A_intensity+cand,LogReg,13,AQLX1,93076-01-02-00,NS,0.5633305414655176,BH
A_intensity+cand,LogReg,13,AQLX1,92438-01-02-02,NS,0.49232250159058094,NS
A_intensity+cand,LogReg,13,AQLX1,94076-01-03-04,NS,0.580031390660575,BH
A_intensity+cand,LogReg,13,AQLX1,94441-01-01-00,NS,0.09227256883270311,NS
A_intensity+cand,LogReg,13,AQLX1,95413-01-02-01,NS,0.48446988730340007,NS
A_intensity+cand,LogReg,13,AQLX1,96440-01-05-02,NS,0.010186071414902935,NS
A_intensity+cand,LogReg,13,AQLX1,96440-01-08-06,NS,0.2786134634645694,NS
A_intensity+cand,LogReg,14,CYGX2,40019-04-05-09,NS,0.08645870332952012,NS
A_intensity+cand,LogReg,14,CYGX2,80018-02-01-00G,NS,0.05556396458876038,NS
A_intensity+cand,LogReg,14,CYGX2,90030-01-23-00,NS,0.015841700234947773,NS
A_intensity+cand,LogReg,14,CYGX2,90030-01-45-00,NS,0.05601978634165037,NS
A_intensity+cand,LogReg,14,CYGX2,90030-01-55-01,NS,0.07895118439464688,NS
A_intensity+cand,LogReg,14,CYGX2,91010-01-01-05,NS,0.03459094817113459,NS
A_intensity+cand,LogReg,14,CYGX2,91009-01-28-01,NS,0.07652430697790527,NS
A_intensity+cand,LogReg,14,CYGX2,90030-01-15-00,NS,0.05796347989977274,NS
A_intensity+cand,LogReg,14,CYGX2,90030-01-09-00,NS,0.024763052134270498,NS
A_intensity+cand,LogReg,14,CYGX2,92039-01-04-01,NS,0.0867276291524983,NS
A_intensity+cand,LogReg,14,CYGX2,92038-01-06-01,NS,0.012774882759567077,NS
A_intensity+cand,LogReg,14,CYGX2,93082-02-02-01,NS,0.03874210869213088,NS
A_intensity+cand,LogReg,14,CYGX2,93443-01-01-09,NS,0.032842567910703564,NS
A_intensity+cand,LogReg,14,CYGX2,95345-01-06-00,NS,0.043184589529558504,NS
A_intensity+cand,LogReg,14,CYGX2,95345-01-40-00,NS,0.043079572304418154,NS
A_intensity+cand,LogReg,15,EXO0748-676,50045-06-05-00,NS,0.21002912010079955,NS
A_intensity+cand,LogReg,15,EXO0748-676,70048-03-02-00,NS,0.15306160035270458,NS
A_intensity+cand,LogReg,15,EXO0748-676,60042-03-01-00,NS,0.15112774376239874,NS
A_intensity+cand,LogReg,15,EXO0748-676,70047-02-01-03,NS,0.1277530222423743,NS
A_intensity+cand,LogReg,15,EXO0748-676,70048-13-12-00,NS,0.20474994557429008,NS
A_intensity+cand,LogReg,15,EXO0748-676,80040-01-09-01,NS,0.2535870961291743,NS
A_intensity+cand,LogReg,15,EXO0748-676,90039-01-03-02,NS,0.3881392374980671,NS
A_intensity+cand,LogReg,15,EXO0748-676,90039-01-04-01,NS,0.24838832520697957,NS
A_intensity+cand,LogReg,15,EXO0748-676,91035-01-04-09,NS,0.13746048142296602,NS
A_intensity+cand,LogReg,15,EXO0748-676,92019-01-05-02,NS,0.3010690232957098,NS
A_intensity+cand,LogReg,15,EXO0748-676,92019-01-06-03,NS,0.27913935233131937,NS
A_intensity+cand,LogReg,15,EXO0748-676,92019-01-16-00,NS,0.4074535262285625,NS
A_intensity+cand,LogReg,15,EXO0748-676,92019-01-18-01,NS,0.2379201621819714,NS
A_intensity+cand,LogReg,15,EXO0748-676,92019-01-26-01,NS,0.13002602428282203,NS
A_intensity+cand,LogReg,15,EXO0748-676,92040-03-01-00,NS,0.14762204433138656,NS
A_intensity+cand,LogReg,16,GROJ1655-40,90428-01-01-07,BH,0.45398377990084854,NS
A_intensity+cand,LogReg,16,GROJ1655-40,91702-01-02-03,BH,0.9954969854073796,BH
A_intensity+cand,LogReg,16,GROJ1655-40,91702-01-22-00,BH,0.48544989959995327,NS
A_intensity+cand,LogReg,16,GROJ1655-40,91702-01-22-03,BH,0.3267724866159749,NS
A_intensity+cand,LogReg,16,GROJ1655-40,91702-01-43-00,BH,0.24835391874794507,NS
A_intensity+cand,LogReg,16,GROJ1655-40,91702-01-51-02,BH,0.6381692545656038,BH
A_intensity+cand,LogReg,16,GROJ1655-40,91702-01-56-03,BH,0.9907723224703323,BH
A_intensity+cand,LogReg,16,GROJ1655-40,91702-01-66-05,BH,0.9952577266949704,BH
A_intensity+cand,LogReg,16,GROJ1655-40,91702-01-78-00,BH,0.9985001055554934,BH
A_intensity+cand,LogReg,16,GROJ1655-40,91702-01-01-13,BH,0.9999161590641342,BH
A_intensity+cand,LogReg,16,GROJ1655-40,91702-01-17-11,BH,0.9996348494955275,BH
A_intensity+cand,LogReg,16,GROJ1655-40,91702-01-39-10,BH,0.9987886115322994,BH
A_intensity+cand,LogReg,16,GROJ1655-40,91702-01-48-10,BH,0.999942551619681,BH
A_intensity+cand,LogReg,16,GROJ1655-40,91702-01-81-00,BH,0.6821640400365082,BH
A_intensity+cand,LogReg,16,GROJ1655-40,91702-01-86-04,BH,0.4071060036522291,NS
A_intensity+cand,LogReg,17,GRS1915+105,50703-01-11-00,BH,0.9083989701393222,BH
A_intensity+cand,LogReg,17,GRS1915+105,50703-01-62-01,BH,0.9142183597191567,BH
A_intensity+cand,LogReg,17,GRS1915+105,60701-01-13-03,BH,0.1045431044239094,NS
A_intensity+cand,LogReg,17,GRS1915+105,70702-01-02-00,BH,0.7722580502598626,BH
A_intensity+cand,LogReg,17,GRS1915+105,70702-01-21-01,BH,0.8661318780950318,BH
A_intensity+cand,LogReg,17,GRS1915+105,80127-04-01-02,BH,0.3541400603292582,NS
A_intensity+cand,LogReg,17,GRS1915+105,90701-01-16-00,BH,0.8074128724025172,BH
A_intensity+cand,LogReg,17,GRS1915+105,90701-01-40-00,BH,0.20437491461204452,NS
A_intensity+cand,LogReg,17,GRS1915+105,90024-02-37-00,BH,0.7159095161313658,BH
A_intensity+cand,LogReg,17,GRS1915+105,92702-01-06-00,BH,0.8671130942297628,BH
A_intensity+cand,LogReg,17,GRS1915+105,80701-01-53-00,BH,0.8822602369558573,BH
A_intensity+cand,LogReg,17,GRS1915+105,93701-01-08-00,BH,0.5855683805951879,BH
A_intensity+cand,LogReg,17,GRS1915+105,91701-01-83-00,BH,0.8835728524675867,BH
A_intensity+cand,LogReg,17,GRS1915+105,95701-01-44-00,BH,0.8255478893321084,BH
A_intensity+cand,LogReg,17,GRS1915+105,96701-01-39-00,BH,0.034745504820223164,NS
A_intensity+cand,LogReg,18,GS1826-238,50035-01-02-00,NS,0.4922732264232966,NS
A_intensity+cand,LogReg,18,GS1826-238,50035-01-03-02,NS,0.4881133876443751,NS
A_intensity+cand,LogReg,18,GS1826-238,50035-01-03-04,NS,0.4620965853682368,NS
A_intensity+cand,LogReg,18,GS1826-238,50035-01-03-090,NS,0.4757202314585683,NS
A_intensity+cand,LogReg,18,GS1826-238,80048-01-01-09,NS,0.41821348361748983,NS
A_intensity+cand,LogReg,18,GS1826-238,80048-01-01-14,NS,0.34372696998078933,NS
A_intensity+cand,LogReg,18,GS1826-238,80049-01-01-00,NS,0.48862297595679677,NS
A_intensity+cand,LogReg,18,GS1826-238,90043-01-01-02,NS,0.4352100463084218,NS
A_intensity+cand,LogReg,18,GS1826-238,70044-01-03-00,NS,0.48549705983522357,NS
A_intensity+cand,LogReg,18,GS1826-238,92703-01-04-02,NS,0.47721185866424776,NS
A_intensity+cand,LogReg,18,GS1826-238,70044-01-04-00,NS,0.4585507805064445,NS
A_intensity+cand,LogReg,18,GS1826-238,91017-01-02-05,NS,0.47314034786484366,NS
A_intensity+cand,LogReg,18,GS1826-238,91017-01-02-03,NS,0.46100361365836107,NS
A_intensity+cand,LogReg,18,GS1826-238,91017-01-02-10,NS,0.4148175222426208,NS
A_intensity+cand,LogReg,18,GS1826-238,96306-01-01-01,NS,0.34072685050229384,NS
A_intensity+cand,LogReg,19,GX17+2,70023-01-01-01,NS,0.1690240417480187,NS
A_intensity+cand,LogReg,19,GX17+2,80022-01-01-09,NS,0.11977811676051112,NS
A_intensity+cand,LogReg,19,GX17+2,80022-01-01-03,NS,0.06838610279405612,NS
A_intensity+cand,LogReg,19,GX17+2,80022-01-01-02,NS,0.11414532313362766,NS
A_intensity+cand,LogReg,19,GX17+2,80022-01-03-01,NS,0.09174735939283735,NS
A_intensity+cand,LogReg,19,GX17+2,90022-07-03-00,NS,0.08373865429164652,NS
A_intensity+cand,LogReg,19,GX17+2,90022-07-04-02,NS,0.19435134923135494,NS
A_intensity+cand,LogReg,19,GX17+2,92042-01-02-00G,NS,0.06783790876763882,NS
A_intensity+cand,LogReg,19,GX17+2,92042-01-05-01,NS,0.10603836156240348,NS
A_intensity+cand,LogReg,19,GX17+2,93406-11-01-00,NS,0.04759104993025744,NS
A_intensity+cand,LogReg,19,GX17+2,93439-01-05-01,NS,0.08968029193142561,NS
A_intensity+cand,LogReg,19,GX17+2,93439-01-06-00,NS,0.05118579082197221,NS
A_intensity+cand,LogReg,19,GX17+2,95318-01-02-01,NS,0.06602931467152147,NS
A_intensity+cand,LogReg,19,GX17+2,96310-01-01-000,NS,0.06841269788212326,NS
A_intensity+cand,LogReg,19,GX17+2,96310-01-01-02,NS,0.0558947538964096,NS
A_intensity+cand,LogReg,20,GX3+1,60022-01-01-01,NS,0.017351136038760765,NS
A_intensity+cand,LogReg,20,GX3+1,60022-01-02-01,NS,0.015507692562957042,NS
A_intensity+cand,LogReg,20,GX3+1,60022-01-04-03,NS,0.027989776527484786,NS
A_intensity+cand,LogReg,20,GX3+1,60022-01-04-04,NS,0.009536805290056398,NS
A_intensity+cand,LogReg,20,GX3+1,60022-01-05-01,NS,0.022554745242732453,NS
A_intensity+cand,LogReg,20,GX3+1,60022-01-06-05,NS,0.012517863534855492,NS
A_intensity+cand,LogReg,20,GX3+1,60022-01-06-13,NS,0.006869851757264642,NS
A_intensity+cand,LogReg,20,GX3+1,60022-01-07-02,NS,0.022574946485930145,NS
A_intensity+cand,LogReg,20,GX3+1,60022-01-08-03,NS,0.017577849798920867,NS
A_intensity+cand,LogReg,20,GX3+1,60022-01-10-03,NS,0.018181670248702965,NS
A_intensity+cand,LogReg,20,GX3+1,60022-01-10-04,NS,0.019043941977307886,NS
A_intensity+cand,LogReg,20,GX3+1,60022-01-13-01,NS,0.01618903602850492,NS
A_intensity+cand,LogReg,20,GX3+1,90022-05-05-00,NS,0.02260000234139152,NS
A_intensity+cand,LogReg,20,GX3+1,90022-05-06-00,NS,0.02857965084327683,NS
A_intensity+cand,LogReg,20,GX3+1,94307-05-01-02,NS,0.020099968824029167,NS
A_intensity+cand,LogReg,21,GX339-4,40031-03-03-04,BH,0.9971874128381375,BH
A_intensity+cand,LogReg,21,GX339-4,70110-01-54-00,BH,0.99410931533377,BH
A_intensity+cand,LogReg,21,GX339-4,80102-04-56-00,BH,0.6809248037501551,BH
A_intensity+cand,LogReg,21,GX339-4,80132-01-22-00,BH,0.6581577789500294,BH
A_intensity+cand,LogReg,21,GX339-4,90704-01-05-00,BH,0.9895670354767315,BH
A_intensity+cand,LogReg,21,GX339-4,92034-08-01-00,BH,0.7222429194489264,BH
A_intensity+cand,LogReg,21,GX339-4,92035-01-03-03,BH,0.9495779213995532,BH
A_intensity+cand,LogReg,21,GX339-4,92704-03-13-00,BH,0.6490049650289313,BH
A_intensity+cand,LogReg,21,GX339-4,92704-03-22-00,BH,0.23741355814390921,NS
A_intensity+cand,LogReg,21,GX339-4,92704-03-45-01,BH,0.42436718723784994,NS
A_intensity+cand,LogReg,21,GX339-4,93108-01-01-02,BH,0.43136391005331465,NS
A_intensity+cand,LogReg,21,GX339-4,95409-01-02-02,BH,0.5766382194045399,BH
A_intensity+cand,LogReg,21,GX339-4,95409-01-20-00,BH,0.9998987119924596,BH
A_intensity+cand,LogReg,21,GX339-4,95409-01-29-00,BH,0.9999999800845119,BH
A_intensity+cand,LogReg,21,GX339-4,96409-01-10-02,BH,0.46507162033213423,NS
A_intensity+cand,LogReg,22,HETEJ1900.1-245,91015-01-07-00,NS,0.4918163885339624,NS
A_intensity+cand,LogReg,22,HETEJ1900.1-245,91059-03-03-00,NS,0.4516978101502106,NS
A_intensity+cand,LogReg,22,HETEJ1900.1-245,91057-01-07-04,NS,0.44148523489886304,NS
A_intensity+cand,LogReg,22,HETEJ1900.1-245,92049-01-05-00,NS,0.5021747487262688,BH
A_intensity+cand,LogReg,22,HETEJ1900.1-245,92049-01-07-00,NS,0.258713001117731,NS
A_intensity+cand,LogReg,22,HETEJ1900.1-245,92049-01-40-00,NS,0.502445173588533,BH
A_intensity+cand,LogReg,22,HETEJ1900.1-245,92049-01-56-00,NS,0.04515642070567406,NS
A_intensity+cand,LogReg,22,HETEJ1900.1-245,93030-01-14-00,NS,0.9702224897587413,BH
A_intensity+cand,LogReg,22,HETEJ1900.1-245,93030-01-47-00,NS,0.5609098018185691,BH
A_intensity+cand,LogReg,22,HETEJ1900.1-245,94030-01-05-00,NS,0.567496330384048,BH
A_intensity+cand,LogReg,22,HETEJ1900.1-245,94030-01-27-00,NS,0.4902883898250702,NS
A_intensity+cand,LogReg,22,HETEJ1900.1-245,94030-01-36-00,NS,0.4735122095708144,NS
A_intensity+cand,LogReg,22,HETEJ1900.1-245,95030-01-16-00,NS,0.552127491108374,BH
A_intensity+cand,LogReg,22,HETEJ1900.1-245,96030-01-01-01,NS,0.3955253618740045,NS
A_intensity+cand,LogReg,22,HETEJ1900.1-245,96030-01-25-00,NS,0.4952968324907962,NS
A_intensity+cand,LogReg,23,KS1731-260,50031-02-01-09,NS,0.6210058734009384,BH
A_intensity+cand,LogReg,23,KS1731-260,50031-02-01-12,NS,0.6131291557945363,BH
A_intensity+cand,LogReg,23,KS1731-260,50031-02-01-02,NS,0.5761168746768365,BH
A_intensity+cand,LogReg,23,KS1731-260,50031-02-01-05,NS,0.5953273902538305,BH
A_intensity+cand,LogReg,23,KS1731-260,50031-02-01-08,NS,0.5982784173593938,BH
A_intensity+cand,LogReg,23,KS1731-260,50031-02-02-06,NS,0.6348638998357286,BH
A_intensity+cand,LogReg,23,KS1731-260,50031-02-02-02,NS,0.6478902898170913,BH
A_intensity+cand,LogReg,23,KS1731-260,50031-02-02-03,NS,0.6043892274050354,BH
A_intensity+cand,LogReg,23,KS1731-260,50031-02-02-080,NS,0.6151721216517614,BH
A_intensity+cand,LogReg,23,KS1731-260,50031-02-03-00,NS,0.5187101215522427,BH
A_intensity+cand,LogReg,23,KS1731-260,50031-02-03-05,NS,0.5225269897188137,BH
A_intensity+cand,LogReg,23,KS1731-260,50031-02-03-04,NS,0.5390861779694225,BH
A_intensity+cand,LogReg,23,KS1731-260,50031-02-03-07,NS,0.5628889383823918,BH
A_intensity+cand,LogReg,23,KS1731-260,50031-02-03-08,NS,0.4829878121719478,NS
A_intensity+cand,LogReg,23,KS1731-260,50031-02-03-01,NS,0.9481617621052446,BH
A_intensity+cand,LogReg,24,MXB1658-298,50410-01-01-00,NS,0.4432283423114042,NS
A_intensity+cand,LogReg,24,MXB1658-298,50410-01-04-00,NS,0.14808139044039653,NS
A_intensity+cand,LogReg,24,MXB1658-298,50410-01-05-00,NS,0.2530547664523475,NS
A_intensity+cand,LogReg,24,MXB1658-298,50410-01-08-00,NS,0.48375375472067456,NS
A_intensity+cand,LogReg,24,MXB1658-298,50410-01-09-00,NS,0.5004206408968626,BH
A_intensity+cand,LogReg,24,MXB1658-298,60048-01-02-00,NS,0.2217491307324805,NS
A_intensity+cand,LogReg,24,MXB1658-298,60048-01-04-00,NS,0.27120800695800545,NS
A_intensity+cand,LogReg,24,MXB1658-298,60048-02-01-00,NS,0.11697369345542075,NS
A_intensity+cand,LogReg,24,MXB1658-298,60048-02-03-00,NS,0.239880462118574,NS
A_intensity+cand,LogReg,24,MXB1658-298,60048-03-01-00,NS,0.11450175463002442,NS
A_intensity+cand,LogReg,24,MXB1658-298,60048-03-02-00,NS,0.1852944804766442,NS
A_intensity+cand,LogReg,24,MXB1658-298,60048-03-05-00,NS,0.16690811508753486,NS
A_intensity+cand,LogReg,24,MXB1658-298,60048-04-01-00,NS,0.6735177995993074,BH
A_intensity+cand,LogReg,24,MXB1658-298,60048-04-03-00,NS,0.8434647561683729,BH
A_intensity+cand,LogReg,24,MXB1658-298,60048-04-05-00,NS,0.7035515040452437,BH
A_intensity+cand,LogReg,25,SAXJ1808.4-3658,70080-01-02-04,NS,0.6228011696312443,BH
A_intensity+cand,LogReg,25,SAXJ1808.4-3658,70080-01-02-22,NS,0.6235213803264193,BH
A_intensity+cand,LogReg,25,SAXJ1808.4-3658,70080-01-03-010,NS,0.5590399772893048,BH
A_intensity+cand,LogReg,25,SAXJ1808.4-3658,70080-02-01-03,NS,0.6922793595389737,BH
A_intensity+cand,LogReg,25,SAXJ1808.4-3658,70080-02-02-35,NS,0.6759204933555499,BH
A_intensity+cand,LogReg,25,SAXJ1808.4-3658,70080-02-02-12,NS,0.4448006629262759,NS
A_intensity+cand,LogReg,25,SAXJ1808.4-3658,70080-03-13-00,NS,0.5684689762377205,BH
A_intensity+cand,LogReg,25,SAXJ1808.4-3658,70080-03-20-13,NS,0.46807609494966057,NS
A_intensity+cand,LogReg,25,SAXJ1808.4-3658,70080-03-22-00,NS,0.7905018907899746,BH
A_intensity+cand,LogReg,25,SAXJ1808.4-3658,91056-01-03-05,NS,0.6237677216831923,BH
A_intensity+cand,LogReg,25,SAXJ1808.4-3658,91418-01-04-00,NS,0.8958474835304017,BH
A_intensity+cand,LogReg,25,SAXJ1808.4-3658,93027-01-01-03,NS,0.6043131966846297,BH
A_intensity+cand,LogReg,25,SAXJ1808.4-3658,93027-01-05-08,NS,0.9082261594232905,BH
A_intensity+cand,LogReg,25,SAXJ1808.4-3658,96027-01-01-00,NS,0.6636539716633792,BH
A_intensity+cand,LogReg,25,SAXJ1808.4-3658,96027-01-02-00,NS,0.5785644668391288,BH
A_intensity+cand,LogReg,26,SLX1735-269,60034-01-01-00,NS,0.560736845856768,BH
A_intensity+cand,LogReg,26,SLX1735-269,60034-01-02-02,NS,0.32741210824877626,NS
A_intensity+cand,LogReg,26,SLX1735-269,60034-01-03-01,NS,0.13435884403859288,NS
A_intensity+cand,LogReg,26,SLX1735-269,80138-03-01-00,NS,0.13308431792309974,NS
A_intensity+cand,LogReg,26,SLX1735-269,80138-03-02-00,NS,0.4494097020615313,NS
A_intensity+cand,LogReg,26,SLX1735-269,80138-03-07-01,NS,0.07067699875244107,NS
A_intensity+cand,LogReg,26,SLX1735-269,80138-03-07-03,NS,0.11712687907605217,NS
A_intensity+cand,LogReg,26,SLX1735-269,90058-05-01-02,NS,0.15323535703830268,NS
A_intensity+cand,LogReg,26,SLX1735-269,92052-02-02-00,NS,0.8902976531074518,BH
A_intensity+cand,LogReg,26,SLX1735-269,96429-01-02-02,NS,0.6025694346948833,BH
A_intensity+cand,LogReg,26,SLX1735-269,96429-01-03-01,NS,0.5335451787781665,BH
A_intensity+cand,LogReg,26,SLX1735-269,96429-01-05-00,NS,0.48265413229200227,NS
A_intensity+cand,LogReg,26,SLX1735-269,96429-01-06-01,NS,0.6639406582265586,BH
A_intensity+cand,LogReg,26,SLX1735-269,96429-01-07-01,NS,0.6480717388720649,BH
A_intensity+cand,LogReg,26,SLX1735-269,96429-01-08-03,NS,0.48702058705683643,NS
A_intensity+cand,LogReg,27,XTEJ1118+480,50407-01-07-01,BH,0.42232505294936135,NS
A_intensity+cand,LogReg,27,XTEJ1118+480,50407-01-09-00,BH,0.45558363976806343,NS
A_intensity+cand,LogReg,27,XTEJ1118+480,50407-01-10-01,BH,0.4901637459356014,NS
A_intensity+cand,LogReg,27,XTEJ1118+480,50133-01-05-00,BH,0.44529540318728705,NS
A_intensity+cand,LogReg,27,XTEJ1118+480,50407-01-13-02,BH,0.40730524075827607,NS
A_intensity+cand,LogReg,27,XTEJ1118+480,50133-01-04-01,BH,0.391017214615594,NS
A_intensity+cand,LogReg,27,XTEJ1118+480,50407-01-14-02,BH,0.2325577921216066,NS
A_intensity+cand,LogReg,27,XTEJ1118+480,50407-01-16-00,BH,0.5430980913703546,BH
A_intensity+cand,LogReg,27,XTEJ1118+480,90011-01-01-08,BH,0.34454781456543876,NS
A_intensity+cand,LogReg,27,XTEJ1118+480,90011-01-01-10,BH,0.7785527096990917,BH
A_intensity+cand,LogReg,27,XTEJ1118+480,90011-01-01-05,BH,0.25694247575353135,NS
A_intensity+cand,LogReg,27,XTEJ1118+480,90111-01-02-06,BH,0.1657458370694502,NS
A_intensity+cand,LogReg,27,XTEJ1118+480,90111-01-02-15,BH,0.20705181887749566,NS
A_intensity+cand,LogReg,27,XTEJ1118+480,90111-01-02-07,BH,0.23730355452520668,NS
A_intensity+cand,LogReg,27,XTEJ1118+480,90111-01-03-02,BH,0.38000276413080386,NS
A_intensity+cand,LogReg,28,XTEJ1550-564,50135-01-02-00,BH,0.8199029794113769,BH
A_intensity+cand,LogReg,28,XTEJ1550-564,50135-01-08-00,BH,0.5839086934942104,BH
A_intensity+cand,LogReg,28,XTEJ1550-564,50135-01-15-00,BH,0.3236524280794674,NS
A_intensity+cand,LogReg,28,XTEJ1550-564,50135-01-19-00,BH,0.6904915994605059,BH
A_intensity+cand,LogReg,28,XTEJ1550-564,50135-01-23-00,BH,0.8074402771235815,BH
A_intensity+cand,LogReg,28,XTEJ1550-564,50137-02-09-00,BH,0.5747210527515113,BH
A_intensity+cand,LogReg,28,XTEJ1550-564,60428-01-03-00,BH,0.6582704246577901,BH
A_intensity+cand,LogReg,28,XTEJ1550-564,60428-01-05-00,BH,0.5599818249314701,BH
A_intensity+cand,LogReg,28,XTEJ1550-564,60428-01-09-00,BH,0.4049316553189858,NS
A_intensity+cand,LogReg,28,XTEJ1550-564,60428-01-15-00,BH,0.4209071862037142,NS
A_intensity+cand,LogReg,28,XTEJ1550-564,80135-01-01-01,BH,0.6875720846332414,BH
A_intensity+cand,LogReg,28,XTEJ1550-564,80135-01-02-01,BH,0.7430948046912486,BH
A_intensity+cand,LogReg,28,XTEJ1550-564,80135-01-03-10,BH,0.7654501455158471,BH
A_intensity+cand,LogReg,28,XTEJ1550-564,80135-01-04-02,BH,0.7511270463096559,BH
A_intensity+cand,LogReg,28,XTEJ1550-564,80135-01-05-10,BH,0.6429928149949605,BH
A_intensity+cand,LogReg,29,XTEJ1650-500,60113-01-06-00,BH,0.9454402417879807,BH
A_intensity+cand,LogReg,29,XTEJ1650-500,60113-01-09-00,BH,0.9478074726880773,BH
A_intensity+cand,LogReg,29,XTEJ1650-500,60113-01-11-01,BH,0.9500081091336097,BH
A_intensity+cand,LogReg,29,XTEJ1650-500,60113-01-15-00,BH,0.9853826902982289,BH
A_intensity+cand,LogReg,29,XTEJ1650-500,60113-01-23-00,BH,0.9745387348638357,BH
A_intensity+cand,LogReg,29,XTEJ1650-500,60113-01-27-00,BH,0.9994614189237546,BH
A_intensity+cand,LogReg,29,XTEJ1650-500,60113-01-29-02,BH,0.999986999245955,BH
A_intensity+cand,LogReg,29,XTEJ1650-500,60113-01-34-00,BH,0.9999997756823579,BH
A_intensity+cand,LogReg,29,XTEJ1650-500,60113-01-36-00,BH,0.9999906046297966,BH
A_intensity+cand,LogReg,29,XTEJ1650-500,60113-01-38-00,BH,0.9999388725313484,BH
A_intensity+cand,LogReg,29,XTEJ1650-500,60118-02-08-00,BH,0.9997730382625261,BH
A_intensity+cand,LogReg,29,XTEJ1650-500,60118-02-14-00,BH,0.8277286071846915,BH
A_intensity+cand,LogReg,29,XTEJ1650-500,60118-02-20-00,BH,0.6571439591014846,BH
A_intensity+cand,LogReg,29,XTEJ1650-500,60118-02-28-00,BH,0.5197227873423655,BH
A_intensity+cand,LogReg,29,XTEJ1650-500,70124-01-02-00,BH,0.5949544969626368,BH
A_intensity+cand,LogReg,30,XTEJ1814-338,80138-04-02-00,NS,0.21536415696497482,NS
A_intensity+cand,LogReg,30,XTEJ1814-338,80145-02-01-01,NS,0.22673020821131556,NS
A_intensity+cand,LogReg,30,XTEJ1814-338,80418-01-01-07,NS,0.2273311245418929,NS
A_intensity+cand,LogReg,30,XTEJ1814-338,80418-01-02-00,NS,0.2873594014347672,NS
A_intensity+cand,LogReg,30,XTEJ1814-338,80418-01-02-08,NS,0.29634975675460073,NS
A_intensity+cand,LogReg,30,XTEJ1814-338,80418-01-02-05,NS,0.30136686648448546,NS
A_intensity+cand,LogReg,30,XTEJ1814-338,80418-01-03-02,NS,0.32984057586985444,NS
A_intensity+cand,LogReg,30,XTEJ1814-338,80418-01-03-08,NS,0.2814654385949958,NS
A_intensity+cand,LogReg,30,XTEJ1814-338,80418-01-04-03,NS,0.2920083278484544,NS
A_intensity+cand,LogReg,30,XTEJ1814-338,80418-01-05-00,NS,0.26704138389337084,NS
A_intensity+cand,LogReg,30,XTEJ1814-338,80418-01-05-08,NS,0.3564875855667364,NS
A_intensity+cand,LogReg,30,XTEJ1814-338,80418-01-06-00,NS,0.38189293535331154,NS
A_intensity+cand,LogReg,30,XTEJ1814-338,80418-01-06-02,NS,0.5611269730261604,BH
A_intensity+cand,LogReg,30,XTEJ1814-338,80418-01-06-06,NS,0.6094246735744817,BH
A_intensity+cand,LogReg,30,XTEJ1814-338,80418-01-07-06,NS,0.5606720837746858,BH
A_intensity+cand,RandomForest,0,4U1254-690,60044-01-01-02,NS,0.3758039812900082,NS
A_intensity+cand,RandomForest,0,4U1254-690,60044-01-01-00,NS,0.6736177816757991,BH
A_intensity+cand,RandomForest,0,4U1254-690,60044-01-01-03,NS,0.0997653133960418,NS
A_intensity+cand,RandomForest,0,4U1254-690,60044-01-01-05,NS,0.14131919655062156,NS
A_intensity+cand,RandomForest,0,4U1254-690,60044-01-02-100,NS,0.2426550196500978,NS
A_intensity+cand,RandomForest,0,4U1254-690,60044-01-02-000,NS,0.3855724734309699,NS
A_intensity+cand,RandomForest,0,4U1254-690,90036-01-01-01,NS,0.597558952106483,BH
A_intensity+cand,RandomForest,0,4U1254-690,90036-01-01-03,NS,0.12639562068708932,NS
A_intensity+cand,RandomForest,0,4U1254-690,93406-13-01-00,NS,0.6859829911352127,BH
A_intensity+cand,RandomForest,0,4U1254-690,95324-01-01-010,NS,0.14193150350702938,NS
A_intensity+cand,RandomForest,0,4U1254-690,95324-01-01-000,NS,0.42589139460561387,NS
A_intensity+cand,RandomForest,0,4U1254-690,95324-01-01-00,NS,0.20668569354105967,NS
A_intensity+cand,RandomForest,0,4U1254-690,95324-01-02-000,NS,0.22673970382234143,NS
A_intensity+cand,RandomForest,0,4U1254-690,95324-01-02-00,NS,0.5549794813472452,BH
A_intensity+cand,RandomForest,0,4U1254-690,95324-01-02-01,NS,0.37449229623671915,NS
A_intensity+cand,RandomForest,1,4U1323-619,70050-03-01-01,NS,0.4616477690784064,NS
A_intensity+cand,RandomForest,1,4U1323-619,70050-03-01-02,NS,0.46595333188017213,NS
A_intensity+cand,RandomForest,1,4U1323-619,90062-03-01-02,NS,0.587455671398798,BH
A_intensity+cand,RandomForest,1,4U1323-619,90062-03-01-01,NS,0.4873474738667382,NS
A_intensity+cand,RandomForest,1,4U1323-619,95442-01-01-01,NS,0.4518312410856398,NS
A_intensity+cand,RandomForest,1,4U1323-619,95442-01-01-02,NS,0.5776755464535918,BH
A_intensity+cand,RandomForest,1,4U1323-619,96405-01-01-00,NS,0.560510759464548,BH
A_intensity+cand,RandomForest,1,4U1323-619,96405-01-01-01,NS,0.5963268864283469,BH
A_intensity+cand,RandomForest,1,4U1323-619,96405-01-02-00,NS,0.4760885445880644,NS
A_intensity+cand,RandomForest,1,4U1323-619,96405-01-02-01,NS,0.3338692001454375,NS
A_intensity+cand,RandomForest,1,4U1323-619,96405-01-04-00,NS,0.27988536214326276,NS
A_intensity+cand,RandomForest,1,4U1323-619,96405-01-05-00,NS,0.4170218364497889,NS
A_intensity+cand,RandomForest,1,4U1323-619,96405-01-05-01,NS,0.4206505792910446,NS
A_intensity+cand,RandomForest,1,4U1323-619,96405-01-05-02,NS,0.3350815189874182,NS
A_intensity+cand,RandomForest,1,4U1323-619,96405-01-05-03,NS,0.3107270859740106,NS
A_intensity+cand,RandomForest,2,4U1543-47,70133-01-01-00,BH,0.32208602395898156,NS
A_intensity+cand,RandomForest,2,4U1543-47,70132-01-01-02G,BH,0.8183818428941108,BH
A_intensity+cand,RandomForest,2,4U1543-47,70133-01-14-00,BH,0.4278378646714639,NS
A_intensity+cand,RandomForest,2,4U1543-47,70132-01-02-00,BH,0.944032967851039,BH
A_intensity+cand,RandomForest,2,4U1543-47,70133-01-10-00,BH,0.47716024282872116,NS
A_intensity+cand,RandomForest,2,4U1543-47,70133-01-19-00,BH,0.891498869473402,BH
A_intensity+cand,RandomForest,2,4U1543-47,70133-01-22-00,BH,0.8112762045092113,BH
A_intensity+cand,RandomForest,2,4U1543-47,70133-01-24-00,BH,0.9013195054259758,BH
A_intensity+cand,RandomForest,2,4U1543-47,70133-01-27-01,BH,0.8604788382136833,BH
A_intensity+cand,RandomForest,2,4U1543-47,70133-01-28-00,BH,0.7744575071239976,BH
A_intensity+cand,RandomForest,2,4U1543-47,70133-01-31-01,BH,0.839670447186471,BH
A_intensity+cand,RandomForest,2,4U1543-47,70128-01-01-01,BH,0.4575530870111746,NS
A_intensity+cand,RandomForest,2,4U1543-47,70124-02-09-00,BH,0.29035162640979784,NS
A_intensity+cand,RandomForest,2,4U1543-47,70124-02-10-00,BH,0.3644755007798583,NS
A_intensity+cand,RandomForest,2,4U1543-47,70124-02-14-00,BH,0.9155281439733722,BH
A_intensity+cand,RandomForest,3,4U1608-52,60052-02-03-00,NS,0.001391304347826087,NS
A_intensity+cand,RandomForest,3,4U1608-52,70059-01-01-00G,NS,0.1674448778112782,NS
A_intensity+cand,RandomForest,3,4U1608-52,70058-01-32-00,NS,0.0,NS
A_intensity+cand,RandomForest,3,4U1608-52,70069-01-04-03,NS,0.3157224735487456,NS
A_intensity+cand,RandomForest,3,4U1608-52,90408-01-01-03,NS,0.41481466106795817,NS
A_intensity+cand,RandomForest,3,4U1608-52,90408-01-03-03,NS,0.4203359194745499,NS
A_intensity+cand,RandomForest,3,4U1608-52,93408-01-14-00,NS,0.17377650779248116,NS
A_intensity+cand,RandomForest,3,4U1608-52,93408-01-17-01,NS,0.0,NS
A_intensity+cand,RandomForest,3,4U1608-52,93408-01-22-01,NS,0.04070870158160898,NS
A_intensity+cand,RandomForest,3,4U1608-52,93408-01-27-03,NS,0.570487738416331,BH
A_intensity+cand,RandomForest,3,4U1608-52,93408-01-55-01,NS,0.7335910169587374,BH
A_intensity+cand,RandomForest,3,4U1608-52,94401-01-03-02,NS,0.047818283587555334,NS
A_intensity+cand,RandomForest,3,4U1608-52,94401-01-38-02,NS,0.38000462698296433,NS
A_intensity+cand,RandomForest,3,4U1608-52,96423-01-03-00,NS,0.0024235624123422166,NS
A_intensity+cand,RandomForest,3,4U1608-52,96423-01-21-03,NS,0.1806335907461461,NS
A_intensity+cand,RandomForest,4,4U1636-53,50030-02-04-00,NS,0.41768464315338893,NS
A_intensity+cand,RandomForest,4,4U1636-53,60032-01-20-000,NS,0.19145043581444238,NS
A_intensity+cand,RandomForest,4,4U1636-53,91024-01-74-00,NS,0.3949761060801737,NS
A_intensity+cand,RandomForest,4,4U1636-53,91024-01-12-10,NS,0.33082076724212894,NS
A_intensity+cand,RandomForest,4,4U1636-53,92023-01-50-00,NS,0.4523233757539261,NS
A_intensity+cand,RandomForest,4,4U1636-53,92023-01-79-10,NS,0.3525494045120592,NS
A_intensity+cand,RandomForest,4,4U1636-53,93087-01-27-00,NS,0.1555393697006241,NS
A_intensity+cand,RandomForest,4,4U1636-53,93087-01-80-00,NS,0.3886467041678016,NS
A_intensity+cand,RandomForest,4,4U1636-53,93087-01-33-20,NS,0.22333074811127657,NS
A_intensity+cand,RandomForest,4,4U1636-53,94087-01-16-00,NS,0.2675799029541946,NS
A_intensity+cand,RandomForest,4,4U1636-53,94087-01-25-10,NS,0.5178341569629483,BH
A_intensity+cand,RandomForest,4,4U1636-53,94087-01-44-10,NS,0.09062136458574506,NS
A_intensity+cand,RandomForest,4,4U1636-53,95087-01-47-10,NS,0.17827903779072632,NS
A_intensity+cand,RandomForest,4,4U1636-53,96087-01-52-00,NS,0.5939471857291241,BH
A_intensity+cand,RandomForest,4,4U1636-53,96087-01-11-10,NS,0.3052179224840852,NS
A_intensity+cand,RandomForest,5,4U1702-429,50029-27-01-000,NS,0.40237981030903447,NS
A_intensity+cand,RandomForest,5,4U1702-429,50030-01-04-00,NS,0.23687397847359926,NS
A_intensity+cand,RandomForest,5,4U1702-429,50030-01-09-03,NS,0.3952420208575224,NS
A_intensity+cand,RandomForest,5,4U1702-429,80033-01-01-01,NS,0.28817782750660415,NS
A_intensity+cand,RandomForest,5,4U1702-429,80033-01-02-000,NS,0.08866154433247866,NS
A_intensity+cand,RandomForest,5,4U1702-429,80033-01-04-03,NS,0.13077569777902587,NS
A_intensity+cand,RandomForest,5,4U1702-429,80033-01-08-00G,NS,0.08463674839692427,NS
A_intensity+cand,RandomForest,5,4U1702-429,80033-01-10-04G,NS,0.11479955963627227,NS
A_intensity+cand,RandomForest,5,4U1702-429,80033-01-11-02,NS,0.08388408317417502,NS
A_intensity+cand,RandomForest,5,4U1702-429,80033-01-12-02,NS,0.07663237340530783,NS
A_intensity+cand,RandomForest,5,4U1702-429,80033-01-16-05,NS,0.099103716128129,NS
A_intensity+cand,RandomForest,5,4U1702-429,80033-01-18-02,NS,0.22127724567216364,NS
A_intensity+cand,RandomForest,5,4U1702-429,80033-01-20-01,NS,0.1717549893221859,NS
A_intensity+cand,RandomForest,5,4U1702-429,80033-01-21-03,NS,0.08971873744682866,NS
A_intensity+cand,RandomForest,5,4U1702-429,94415-01-01-00,NS,0.2501622322128167,NS
A_intensity+cand,RandomForest,6,4U1705-44,91039-01-01-61,NS,0.14773742619947802,NS
A_intensity+cand,RandomForest,6,4U1705-44,90170-01-01-00,NS,0.09455947305131684,NS
A_intensity+cand,RandomForest,6,4U1705-44,93060-01-05-00,NS,0.1193477780328704,NS
A_intensity+cand,RandomForest,6,4U1705-44,93060-01-50-00,NS,0.43072773249115215,NS
A_intensity+cand,RandomForest,6,4U1705-44,93060-01-77-00,NS,0.0,NS
A_intensity+cand,RandomForest,6,4U1705-44,93060-01-93-00,NS,0.035872617834132835,NS
A_intensity+cand,RandomForest,6,4U1705-44,93060-01-45-00,NS,0.23344543329695264,NS
A_intensity+cand,RandomForest,6,4U1705-44,94060-01-23-00,NS,0.0,NS
A_intensity+cand,RandomForest,6,4U1705-44,94060-01-46-00,NS,0.10043033424813087,NS
A_intensity+cand,RandomForest,6,4U1705-44,94060-01-55-00,NS,0.23260345596860585,NS
A_intensity+cand,RandomForest,6,4U1705-44,95060-01-35-00,NS,0.025588153486609647,NS
A_intensity+cand,RandomForest,6,4U1705-44,95060-01-66-00,NS,0.011908707249699762,NS
A_intensity+cand,RandomForest,6,4U1705-44,95060-01-78-00,NS,0.0,NS
A_intensity+cand,RandomForest,6,4U1705-44,96060-01-40-00,NS,0.12270243899189036,NS
A_intensity+cand,RandomForest,6,4U1705-44,96060-01-73-00,NS,0.0,NS
A_intensity+cand,RandomForest,7,4U1724-307,60034-02-01-01,NS,0.9119317303951238,BH
A_intensity+cand,RandomForest,7,4U1724-307,50060-05-01-07,NS,0.8116838873986756,BH
A_intensity+cand,RandomForest,7,4U1724-307,50060-05-01-05,NS,0.846406077232021,BH
A_intensity+cand,RandomForest,7,4U1724-307,60034-02-02-02,NS,0.7039131377675906,BH
A_intensity+cand,RandomForest,7,4U1724-307,60034-02-03-10,NS,0.6821177995208463,BH
A_intensity+cand,RandomForest,7,4U1724-307,60034-02-05-01,NS,0.499376689120838,NS
A_intensity+cand,RandomForest,7,4U1724-307,80105-10-01-00,NS,0.32087743017632175,NS
A_intensity+cand,RandomForest,7,4U1724-307,80138-06-03-00,NS,0.058775237286385236,NS
A_intensity+cand,RandomForest,7,4U1724-307,90058-06-03-00,NS,0.3147369493058576,NS
A_intensity+cand,RandomForest,7,4U1724-307,91050-07-01-00,NS,0.6260209904981229,BH
A_intensity+cand,RandomForest,7,4U1724-307,93044-06-04-00,NS,0.3212847141265941,NS
A_intensity+cand,RandomForest,7,4U1724-307,93044-06-07-00,NS,0.14141443722414473,NS
A_intensity+cand,RandomForest,7,4U1724-307,93438-01-02-03,NS,0.08051237704725737,NS
A_intensity+cand,RandomForest,7,4U1724-307,93438-01-04-00,NS,0.0979903445156675,NS
A_intensity+cand,RandomForest,7,4U1724-307,93438-01-07-01,NS,0.6913269825693514,BH
A_intensity+cand,RandomForest,8,4U1728-34,50023-01-29-00,NS,0.1314359431554474,NS
A_intensity+cand,RandomForest,8,4U1728-34,50030-03-05-03,NS,0.9673620179457948,BH
A_intensity+cand,RandomForest,8,4U1728-34,70028-01-01-08,NS,0.2139299056305825,NS
A_intensity+cand,RandomForest,8,4U1728-34,70028-01-01-05,NS,0.189386604063402,NS
A_intensity+cand,RandomForest,8,4U1728-34,92023-03-08-00,NS,0.01851961935883476,NS
A_intensity+cand,RandomForest,8,4U1728-34,92023-03-37-00,NS,0.42035650789860424,NS
A_intensity+cand,RandomForest,8,4U1728-34,92023-03-76-00,NS,0.01289568496020109,NS
A_intensity+cand,RandomForest,8,4U1728-34,92023-03-98-00,NS,0.24522617712719602,NS
A_intensity+cand,RandomForest,8,4U1728-34,92023-03-19-10,NS,0.01467793801893053,NS
A_intensity+cand,RandomForest,8,4U1728-34,92023-03-30-10,NS,0.026751105836659832,NS
A_intensity+cand,RandomForest,8,4U1728-34,92023-03-44-00,NS,0.964266263671772,BH
A_intensity+cand,RandomForest,8,4U1728-34,92023-03-49-00,NS,0.9847234042553191,BH
A_intensity+cand,RandomForest,8,4U1728-34,92023-03-70-00,NS,0.5602638337000515,BH
A_intensity+cand,RandomForest,8,4U1728-34,95337-01-02-00,NS,0.1402811094260074,NS
A_intensity+cand,RandomForest,8,4U1728-34,96322-01-01-05,NS,0.12347544316215067,NS
A_intensity+cand,RandomForest,9,4U1735-44,50025-02-01-01,NS,0.016121870430604875,NS
A_intensity+cand,RandomForest,9,4U1735-44,50026-01-01-00,NS,0.004057354301572618,NS
A_intensity+cand,RandomForest,9,4U1735-44,91152-06-01-10,NS,0.04832258064516129,NS
A_intensity+cand,RandomForest,9,4U1735-44,91025-01-01-04,NS,0.04179242636746143,NS
A_intensity+cand,RandomForest,9,4U1735-44,91025-01-04-04,NS,0.035727910238429174,NS
A_intensity+cand,RandomForest,9,4U1735-44,91025-01-04-06,NS,0.05710184695408061,NS
A_intensity+cand,RandomForest,9,4U1735-44,91025-01-05-01,NS,0.07975162450075164,NS
A_intensity+cand,RandomForest,9,4U1735-44,91025-01-08-07,NS,0.004695652173913043,NS
A_intensity+cand,RandomForest,9,4U1735-44,91025-01-09-12,NS,0.0060573543015726185,NS
A_intensity+cand,RandomForest,9,4U1735-44,91025-01-09-10,NS,0.0752251591325925,NS
A_intensity+cand,RandomForest,9,4U1735-44,91025-01-13-03,NS,0.06405151854646776,NS
A_intensity+cand,RandomForest,9,4U1735-44,91025-01-13-08,NS,0.08326833688076989,NS
A_intensity+cand,RandomForest,9,4U1735-44,93200-01-03-01,NS,0.09536215259314167,NS
A_intensity+cand,RandomForest,9,4U1735-44,96325-01-01-04,NS,0.02122024233784747,NS
A_intensity+cand,RandomForest,9,4U1735-44,96331-01-02-01,NS,0.030760168302945298,NS
A_intensity+cand,RandomForest,10,4U1746-371,60044-02-01-10,NS,0.02899863543392377,NS
A_intensity+cand,RandomForest,10,4U1746-371,60044-02-01-05,NS,0.24289312749187308,NS
A_intensity+cand,RandomForest,10,4U1746-371,60044-02-01-07,NS,0.11146222943604002,NS
A_intensity+cand,RandomForest,10,4U1746-371,60044-02-01-06,NS,0.07093450419005498,NS
A_intensity+cand,RandomForest,10,4U1746-371,60044-02-02-00,NS,0.10912358485368229,NS
A_intensity+cand,RandomForest,10,4U1746-371,60044-02-02-010,NS,0.0035238095238095237,NS
A_intensity+cand,RandomForest,10,4U1746-371,60044-02-02-09,NS,0.016000723891801294,NS
A_intensity+cand,RandomForest,10,4U1746-371,60044-02-02-10,NS,0.18899376822779754,NS
A_intensity+cand,RandomForest,10,4U1746-371,70050-01-01-03,NS,0.2708309616524067,NS
A_intensity+cand,RandomForest,10,4U1746-371,70050-01-01-06,NS,0.2760240292220837,NS
A_intensity+cand,RandomForest,10,4U1746-371,70050-01-01-00,NS,0.18850028585951623,NS
A_intensity+cand,RandomForest,10,4U1746-371,70050-01-01-08,NS,0.22459718243784035,NS
A_intensity+cand,RandomForest,10,4U1746-371,90044-01-02-01,NS,0.1755911390373361,NS
A_intensity+cand,RandomForest,10,4U1746-371,90044-01-04-000,NS,0.019978812927098563,NS
A_intensity+cand,RandomForest,10,4U1746-371,90044-01-04-00,NS,0.3184341238137014,NS
A_intensity+cand,RandomForest,11,4U1820-30,40017-01-21-02,NS,0.02601381566363449,NS
A_intensity+cand,RandomForest,11,4U1820-30,60030-01-02-01,NS,0.03639505151709962,NS
A_intensity+cand,RandomForest,11,4U1820-30,70030-03-03-00,NS,0.10495708775204389,NS
A_intensity+cand,RandomForest,11,4U1820-30,70030-03-05-00,NS,0.054562301782896866,NS
A_intensity+cand,RandomForest,11,4U1820-30,90027-01-01-06,NS,0.01395080842062626,NS
A_intensity+cand,RandomForest,11,4U1820-30,90027-01-03-00,NS,0.0005245901639344263,NS
A_intensity+cand,RandomForest,11,4U1820-30,90027-01-04-04,NS,0.006064516129032258,NS
A_intensity+cand,RandomForest,11,4U1820-30,92030-02-02-00,NS,0.058266533633006,NS
A_intensity+cand,RandomForest,11,4U1820-30,91152-04-01-00,NS,0.005032258064516129,NS
A_intensity+cand,RandomForest,11,4U1820-30,92030-02-05-00,NS,0.007113696456901111,NS
A_intensity+cand,RandomForest,11,4U1820-30,94090-01-01-00,NS,0.03068677327613591,NS
A_intensity+cand,RandomForest,11,4U1820-30,94090-01-02-01,NS,0.2972491479266378,NS
A_intensity+cand,RandomForest,11,4U1820-30,92030-02-12-00,NS,0.030273181086494745,NS
A_intensity+cand,RandomForest,11,4U1820-30,96090-01-01-020,NS,0.017068172868121113,NS
A_intensity+cand,RandomForest,11,4U1820-30,96324-01-02-01,NS,0.008567007152996187,NS
A_intensity+cand,RandomForest,12,4U1915-05,50026-03-01-00,NS,0.41571054971258603,NS
A_intensity+cand,RandomForest,12,4U1915-05,50026-03-01-01,NS,0.3579929217928068,NS
A_intensity+cand,RandomForest,12,4U1915-05,70034-02-01-01,NS,0.0701422450154504,NS
A_intensity+cand,RandomForest,12,4U1915-05,70034-02-01-00,NS,0.11225226483929833,NS
A_intensity+cand,RandomForest,12,4U1915-05,70034-02-02-01,NS,0.44916386855433854,NS
A_intensity+cand,RandomForest,12,4U1915-05,70034-02-02-00,NS,0.280750491880179,NS
A_intensity+cand,RandomForest,13,AQLX1,50049-02-06-01,NS,0.006436377181237465,NS
A_intensity+cand,RandomForest,13,AQLX1,50049-02-15-06,NS,0.30410514690705054,NS
A_intensity+cand,RandomForest,13,AQLX1,60054-02-03-03,NS,0.3501563975602012,NS
A_intensity+cand,RandomForest,13,AQLX1,70069-03-01-00,NS,0.5729441720840202,BH
A_intensity+cand,RandomForest,13,AQLX1,80403-01-03-00,NS,0.9226608742408224,BH
A_intensity+cand,RandomForest,13,AQLX1,90017-11-06-00,NS,0.40745287023018434,NS
A_intensity+cand,RandomForest,13,AQLX1,91028-01-29-00,NS,0.23278080715923294,NS
A_intensity+cand,RandomForest,13,AQLX1,92034-01-02-00,NS,0.6544024005888476,BH
A_intensity+cand,RandomForest,13,AQLX1,93076-01-02-00,NS,0.24462333579097018,NS
A_intensity+cand,RandomForest,13,AQLX1,92438-01-02-02,NS,0.7129097610990979,BH
A_intensity+cand,RandomForest,13,AQLX1,94076-01-03-04,NS,0.8155273619964633,BH
A_intensity+cand,RandomForest,13,AQLX1,94441-01-01-00,NS,0.4153601798348379,NS
A_intensity+cand,RandomForest,13,AQLX1,95413-01-02-01,NS,0.29553765250048286,NS
A_intensity+cand,RandomForest,13,AQLX1,96440-01-05-02,NS,0.011798079308897041,NS
A_intensity+cand,RandomForest,13,AQLX1,96440-01-08-06,NS,0.5002227168675766,BH
A_intensity+cand,RandomForest,14,CYGX2,40019-04-05-09,NS,0.14555229743572295,NS
A_intensity+cand,RandomForest,14,CYGX2,80018-02-01-00G,NS,0.21676259303492876,NS
A_intensity+cand,RandomForest,14,CYGX2,90030-01-23-00,NS,0.10098202967565796,NS
A_intensity+cand,RandomForest,14,CYGX2,90030-01-45-00,NS,0.004488078541374475,NS
A_intensity+cand,RandomForest,14,CYGX2,90030-01-55-01,NS,0.009996499201750152,NS
A_intensity+cand,RandomForest,14,CYGX2,91010-01-01-05,NS,0.25567610954334946,NS
A_intensity+cand,RandomForest,14,CYGX2,91009-01-28-01,NS,0.014710976723571563,NS
A_intensity+cand,RandomForest,14,CYGX2,90030-01-15-00,NS,0.022118369632355035,NS
A_intensity+cand,RandomForest,14,CYGX2,90030-01-09-00,NS,0.005032258064516129,NS
A_intensity+cand,RandomForest,14,CYGX2,92039-01-04-01,NS,0.0059804106407927715,NS
A_intensity+cand,RandomForest,14,CYGX2,92038-01-06-01,NS,0.2830870032503828,NS
A_intensity+cand,RandomForest,14,CYGX2,93082-02-02-01,NS,0.013865105218692568,NS
A_intensity+cand,RandomForest,14,CYGX2,93443-01-01-09,NS,0.4533440745889228,NS
A_intensity+cand,RandomForest,14,CYGX2,95345-01-06-00,NS,0.17642658396328065,NS
A_intensity+cand,RandomForest,14,CYGX2,95345-01-40-00,NS,0.0024235624123422166,NS
A_intensity+cand,RandomForest,15,EXO0748-676,50045-06-05-00,NS,0.2924904578308172,NS
A_intensity+cand,RandomForest,15,EXO0748-676,70048-03-02-00,NS,0.48553453481306913,NS
A_intensity+cand,RandomForest,15,EXO0748-676,60042-03-01-00,NS,0.2149529162952017,NS
A_intensity+cand,RandomForest,15,EXO0748-676,70047-02-01-03,NS,0.2953429663956812,NS
A_intensity+cand,RandomForest,15,EXO0748-676,70048-13-12-00,NS,0.36911547211474793,NS
A_intensity+cand,RandomForest,15,EXO0748-676,80040-01-09-01,NS,0.42299171644153655,NS
A_intensity+cand,RandomForest,15,EXO0748-676,90039-01-03-02,NS,0.34898539859986,NS
A_intensity+cand,RandomForest,15,EXO0748-676,90039-01-04-01,NS,0.25244437993596225,NS
A_intensity+cand,RandomForest,15,EXO0748-676,91035-01-04-09,NS,0.2516793442232425,NS
A_intensity+cand,RandomForest,15,EXO0748-676,92019-01-05-02,NS,0.2879394445193738,NS
A_intensity+cand,RandomForest,15,EXO0748-676,92019-01-06-03,NS,0.3708327106674726,NS
A_intensity+cand,RandomForest,15,EXO0748-676,92019-01-16-00,NS,0.44406398223380605,NS
A_intensity+cand,RandomForest,15,EXO0748-676,92019-01-18-01,NS,0.38400832439707044,NS
A_intensity+cand,RandomForest,15,EXO0748-676,92019-01-26-01,NS,0.3634041799196781,NS
A_intensity+cand,RandomForest,15,EXO0748-676,92040-03-01-00,NS,0.3716446663199733,NS
A_intensity+cand,RandomForest,16,GROJ1655-40,90428-01-01-07,BH,0.8685978077912552,BH
A_intensity+cand,RandomForest,16,GROJ1655-40,91702-01-02-03,BH,0.9449938213707147,BH
A_intensity+cand,RandomForest,16,GROJ1655-40,91702-01-22-00,BH,0.7766023711804622,BH
A_intensity+cand,RandomForest,16,GROJ1655-40,91702-01-22-03,BH,0.6949221723304008,BH
A_intensity+cand,RandomForest,16,GROJ1655-40,91702-01-43-00,BH,0.444749386957124,NS
A_intensity+cand,RandomForest,16,GROJ1655-40,91702-01-51-02,BH,0.46274943649242806,NS
A_intensity+cand,RandomForest,16,GROJ1655-40,91702-01-56-03,BH,0.6706494830373346,BH
A_intensity+cand,RandomForest,16,GROJ1655-40,91702-01-66-05,BH,0.8863411983298723,BH
A_intensity+cand,RandomForest,16,GROJ1655-40,91702-01-78-00,BH,0.8656288606375414,BH
A_intensity+cand,RandomForest,16,GROJ1655-40,91702-01-01-13,BH,0.9034069117065822,BH
A_intensity+cand,RandomForest,16,GROJ1655-40,91702-01-17-11,BH,0.8806115452811238,BH
A_intensity+cand,RandomForest,16,GROJ1655-40,91702-01-39-10,BH,0.3716002795220177,NS
A_intensity+cand,RandomForest,16,GROJ1655-40,91702-01-48-10,BH,0.881529836137444,BH
A_intensity+cand,RandomForest,16,GROJ1655-40,91702-01-81-00,BH,0.11816970018519017,NS
A_intensity+cand,RandomForest,16,GROJ1655-40,91702-01-86-04,BH,0.9283993003331936,BH
A_intensity+cand,RandomForest,17,GRS1915+105,50703-01-11-00,BH,0.8271394976626616,BH
A_intensity+cand,RandomForest,17,GRS1915+105,50703-01-62-01,BH,0.24231688260918227,NS
A_intensity+cand,RandomForest,17,GRS1915+105,60701-01-13-03,BH,0.24003199230092392,NS
A_intensity+cand,RandomForest,17,GRS1915+105,70702-01-02-00,BH,0.4994525518544014,NS
A_intensity+cand,RandomForest,17,GRS1915+105,70702-01-21-01,BH,0.2960887725006656,NS
A_intensity+cand,RandomForest,17,GRS1915+105,80127-04-01-02,BH,0.2756429506811571,NS
A_intensity+cand,RandomForest,17,GRS1915+105,90701-01-16-00,BH,0.4215197095884686,NS
A_intensity+cand,RandomForest,17,GRS1915+105,90701-01-40-00,BH,0.25901734167442514,NS
A_intensity+cand,RandomForest,17,GRS1915+105,90024-02-37-00,BH,0.48459675725494916,NS
A_intensity+cand,RandomForest,17,GRS1915+105,92702-01-06-00,BH,0.882212658466812,BH
A_intensity+cand,RandomForest,17,GRS1915+105,80701-01-53-00,BH,0.4808163312081362,NS
A_intensity+cand,RandomForest,17,GRS1915+105,93701-01-08-00,BH,0.6361666236913175,BH
A_intensity+cand,RandomForest,17,GRS1915+105,91701-01-83-00,BH,0.7870655165983997,BH
A_intensity+cand,RandomForest,17,GRS1915+105,95701-01-44-00,BH,0.7698171922049175,BH
A_intensity+cand,RandomForest,17,GRS1915+105,96701-01-39-00,BH,0.25975992521464003,NS
A_intensity+cand,RandomForest,18,GS1826-238,50035-01-02-00,NS,0.22177276783122965,NS
A_intensity+cand,RandomForest,18,GS1826-238,50035-01-03-02,NS,0.7751271392288991,BH
A_intensity+cand,RandomForest,18,GS1826-238,50035-01-03-04,NS,0.785471343318144,BH
A_intensity+cand,RandomForest,18,GS1826-238,50035-01-03-090,NS,0.6598854172602104,BH
A_intensity+cand,RandomForest,18,GS1826-238,80048-01-01-09,NS,0.5418788814407334,BH
A_intensity+cand,RandomForest,18,GS1826-238,80048-01-01-14,NS,0.6117297307471621,BH
A_intensity+cand,RandomForest,18,GS1826-238,80049-01-01-00,NS,0.2287796615999544,NS
A_intensity+cand,RandomForest,18,GS1826-238,90043-01-01-02,NS,0.20241789442905028,NS
A_intensity+cand,RandomForest,18,GS1826-238,70044-01-03-00,NS,0.7209801860573823,BH
A_intensity+cand,RandomForest,18,GS1826-238,92703-01-04-02,NS,0.11841785546875071,NS
A_intensity+cand,RandomForest,18,GS1826-238,70044-01-04-00,NS,0.2623769148983235,NS
A_intensity+cand,RandomForest,18,GS1826-238,91017-01-02-05,NS,0.2863101809797201,NS
A_intensity+cand,RandomForest,18,GS1826-238,91017-01-02-03,NS,0.055931690256159836,NS
A_intensity+cand,RandomForest,18,GS1826-238,91017-01-02-10,NS,0.33596284184837294,NS
A_intensity+cand,RandomForest,18,GS1826-238,96306-01-01-01,NS,0.5202350766998638,BH
A_intensity+cand,RandomForest,19,GX17+2,70023-01-01-01,NS,0.9873573780710562,BH
A_intensity+cand,RandomForest,19,GX17+2,80022-01-01-09,NS,0.7993712889401088,BH
A_intensity+cand,RandomForest,19,GX17+2,80022-01-01-03,NS,0.9228096037735235,BH
A_intensity+cand,RandomForest,19,GX17+2,80022-01-01-02,NS,0.9015979619068925,BH
A_intensity+cand,RandomForest,19,GX17+2,80022-01-03-01,NS,0.309638886473902,NS
A_intensity+cand,RandomForest,19,GX17+2,90022-07-03-00,NS,0.9919015575941977,BH
A_intensity+cand,RandomForest,19,GX17+2,90022-07-04-02,NS,0.9899589118957705,BH
A_intensity+cand,RandomForest,19,GX17+2,92042-01-02-00G,NS,0.042390167809645926,NS
A_intensity+cand,RandomForest,19,GX17+2,92042-01-05-01,NS,0.26736068214162945,NS
A_intensity+cand,RandomForest,19,GX17+2,93406-11-01-00,NS,0.09546443908659691,NS
A_intensity+cand,RandomForest,19,GX17+2,93439-01-05-01,NS,0.859923818039706,BH
A_intensity+cand,RandomForest,19,GX17+2,93439-01-06-00,NS,0.933859575993022,BH
A_intensity+cand,RandomForest,19,GX17+2,95318-01-02-01,NS,0.016736828166151844,NS
A_intensity+cand,RandomForest,19,GX17+2,96310-01-01-000,NS,0.6252290115131645,BH
A_intensity+cand,RandomForest,19,GX17+2,96310-01-01-02,NS,0.08789778700029652,NS
A_intensity+cand,RandomForest,20,GX3+1,60022-01-01-01,NS,0.0005981308411214954,NS
A_intensity+cand,RandomForest,20,GX3+1,60022-01-02-01,NS,0.0016303889056376245,NS
A_intensity+cand,RandomForest,20,GX3+1,60022-01-04-03,NS,0.002662646970153754,NS
A_intensity+cand,RandomForest,20,GX3+1,60022-01-04-04,NS,0.0005981308411214954,NS
A_intensity+cand,RandomForest,20,GX3+1,60022-01-05-01,NS,0.0005981308411214954,NS
A_intensity+cand,RandomForest,20,GX3+1,60022-01-06-05,NS,0.0,NS
A_intensity+cand,RandomForest,20,GX3+1,60022-01-06-13,NS,0.0005981308411214954,NS
A_intensity+cand,RandomForest,20,GX3+1,60022-01-07-02,NS,0.0005981308411214954,NS
A_intensity+cand,RandomForest,20,GX3+1,60022-01-08-03,NS,0.0005981308411214954,NS
A_intensity+cand,RandomForest,20,GX3+1,60022-01-10-03,NS,0.008129032258064516,NS
A_intensity+cand,RandomForest,20,GX3+1,60022-01-10-04,NS,0.002662646970153754,NS
A_intensity+cand,RandomForest,20,GX3+1,60022-01-13-01,NS,0.0016303889056376245,NS
A_intensity+cand,RandomForest,20,GX3+1,90022-05-05-00,NS,0.24451448663209016,NS
A_intensity+cand,RandomForest,20,GX3+1,90022-05-06-00,NS,0.5406477587570555,BH
A_intensity+cand,RandomForest,20,GX3+1,94307-05-01-02,NS,0.34409836326730814,NS
A_intensity+cand,RandomForest,21,GX339-4,40031-03-03-04,BH,0.8999519003003184,BH
A_intensity+cand,RandomForest,21,GX339-4,70110-01-54-00,BH,0.902509242632158,BH
A_intensity+cand,RandomForest,21,GX339-4,80102-04-56-00,BH,0.6090880034201411,BH
A_intensity+cand,RandomForest,21,GX339-4,80132-01-22-00,BH,0.6029564715364343,BH
A_intensity+cand,RandomForest,21,GX339-4,90704-01-05-00,BH,0.8698475908330371,BH
A_intensity+cand,RandomForest,21,GX339-4,92034-08-01-00,BH,0.842430009944437,BH
A_intensity+cand,RandomForest,21,GX339-4,92035-01-03-03,BH,0.9900139940926793,BH
A_intensity+cand,RandomForest,21,GX339-4,92704-03-13-00,BH,0.39525538295913454,NS
A_intensity+cand,RandomForest,21,GX339-4,92704-03-22-00,BH,0.1906170051820398,NS
A_intensity+cand,RandomForest,21,GX339-4,92704-03-45-01,BH,0.8324572733928484,BH
A_intensity+cand,RandomForest,21,GX339-4,93108-01-01-02,BH,0.7493075412340805,BH
A_intensity+cand,RandomForest,21,GX339-4,95409-01-02-02,BH,0.694735377476527,BH
A_intensity+cand,RandomForest,21,GX339-4,95409-01-20-00,BH,0.8689413918592956,BH
A_intensity+cand,RandomForest,21,GX339-4,95409-01-29-00,BH,0.9488857520086482,BH
A_intensity+cand,RandomForest,21,GX339-4,96409-01-10-02,BH,0.6817608890844563,BH
A_intensity+cand,RandomForest,22,HETEJ1900.1-245,91015-01-07-00,NS,0.7733977704678099,BH
A_intensity+cand,RandomForest,22,HETEJ1900.1-245,91059-03-03-00,NS,0.7825985241883884,BH
A_intensity+cand,RandomForest,22,HETEJ1900.1-245,91057-01-07-04,NS,0.9107539776665227,BH
A_intensity+cand,RandomForest,22,HETEJ1900.1-245,92049-01-05-00,NS,0.8971972167159701,BH
A_intensity+cand,RandomForest,22,HETEJ1900.1-245,92049-01-07-00,NS,0.09132233387604105,NS
A_intensity+cand,RandomForest,22,HETEJ1900.1-245,92049-01-40-00,NS,0.5228225724873701,BH
A_intensity+cand,RandomForest,22,HETEJ1900.1-245,92049-01-56-00,NS,0.24220766200978164,NS
A_intensity+cand,RandomForest,22,HETEJ1900.1-245,93030-01-14-00,NS,0.7929909188523185,BH
A_intensity+cand,RandomForest,22,HETEJ1900.1-245,93030-01-47-00,NS,0.5067818492856887,BH
A_intensity+cand,RandomForest,22,HETEJ1900.1-245,94030-01-05-00,NS,0.5478812315104548,BH
A_intensity+cand,RandomForest,22,HETEJ1900.1-245,94030-01-27-00,NS,0.45579859049162214,NS
A_intensity+cand,RandomForest,22,HETEJ1900.1-245,94030-01-36-00,NS,0.4977713082096708,NS
A_intensity+cand,RandomForest,22,HETEJ1900.1-245,95030-01-16-00,NS,0.4426096359171835,NS
A_intensity+cand,RandomForest,22,HETEJ1900.1-245,96030-01-01-01,NS,0.4777218826126132,NS
A_intensity+cand,RandomForest,22,HETEJ1900.1-245,96030-01-25-00,NS,0.5284040055348014,BH
A_intensity+cand,RandomForest,23,KS1731-260,50031-02-01-09,NS,0.5420597216482949,BH
A_intensity+cand,RandomForest,23,KS1731-260,50031-02-01-12,NS,0.46564891055123003,NS
A_intensity+cand,RandomForest,23,KS1731-260,50031-02-01-02,NS,0.4197219094445179,NS
A_intensity+cand,RandomForest,23,KS1731-260,50031-02-01-05,NS,0.4298032955367661,NS
A_intensity+cand,RandomForest,23,KS1731-260,50031-02-01-08,NS,0.4158062472502677,NS
A_intensity+cand,RandomForest,23,KS1731-260,50031-02-02-06,NS,0.6400717383083647,BH
A_intensity+cand,RandomForest,23,KS1731-260,50031-02-02-02,NS,0.5970800223791652,BH
A_intensity+cand,RandomForest,23,KS1731-260,50031-02-02-03,NS,0.6039261508188613,BH
A_intensity+cand,RandomForest,23,KS1731-260,50031-02-02-080,NS,0.5941471229335348,BH
A_intensity+cand,RandomForest,23,KS1731-260,50031-02-03-00,NS,0.31586649492006735,NS
A_intensity+cand,RandomForest,23,KS1731-260,50031-02-03-05,NS,0.3840552635972972,NS
A_intensity+cand,RandomForest,23,KS1731-260,50031-02-03-04,NS,0.46109134370633575,NS
A_intensity+cand,RandomForest,23,KS1731-260,50031-02-03-07,NS,0.49304001242049267,NS
A_intensity+cand,RandomForest,23,KS1731-260,50031-02-03-08,NS,0.33848493986331907,NS
A_intensity+cand,RandomForest,23,KS1731-260,50031-02-03-01,NS,0.6419472087135365,BH
A_intensity+cand,RandomForest,24,MXB1658-298,50410-01-01-00,NS,0.3134022681136875,NS
A_intensity+cand,RandomForest,24,MXB1658-298,50410-01-04-00,NS,0.20125196957472563,NS
A_intensity+cand,RandomForest,24,MXB1658-298,50410-01-05-00,NS,0.27343396188017977,NS
A_intensity+cand,RandomForest,24,MXB1658-298,50410-01-08-00,NS,0.3345680924170247,NS
A_intensity+cand,RandomForest,24,MXB1658-298,50410-01-09-00,NS,0.34779437599743457,NS
A_intensity+cand,RandomForest,24,MXB1658-298,60048-01-02-00,NS,0.22998294853034332,NS
A_intensity+cand,RandomForest,24,MXB1658-298,60048-01-04-00,NS,0.30457227895439465,NS
A_intensity+cand,RandomForest,24,MXB1658-298,60048-02-01-00,NS,0.02644146013583306,NS
A_intensity+cand,RandomForest,24,MXB1658-298,60048-02-03-00,NS,0.28007059994270006,NS
A_intensity+cand,RandomForest,24,MXB1658-298,60048-03-01-00,NS,0.08595727455854665,NS
A_intensity+cand,RandomForest,24,MXB1658-298,60048-03-02-00,NS,0.07188154645998869,NS
A_intensity+cand,RandomForest,24,MXB1658-298,60048-03-05-00,NS,0.056449043198939924,NS
A_intensity+cand,RandomForest,24,MXB1658-298,60048-04-01-00,NS,0.6079337394155038,BH
A_intensity+cand,RandomForest,24,MXB1658-298,60048-04-03-00,NS,0.9079631532139569,BH
A_intensity+cand,RandomForest,24,MXB1658-298,60048-04-05-00,NS,0.9024311170748183,BH
A_intensity+cand,RandomForest,25,SAXJ1808.4-3658,70080-01-02-04,NS,0.21522148282064849,NS
A_intensity+cand,RandomForest,25,SAXJ1808.4-3658,70080-01-02-22,NS,0.35653159349556945,NS
A_intensity+cand,RandomForest,25,SAXJ1808.4-3658,70080-01-03-010,NS,0.28489372083198256,NS
A_intensity+cand,RandomForest,25,SAXJ1808.4-3658,70080-02-01-03,NS,0.7028250704522775,BH
A_intensity+cand,RandomForest,25,SAXJ1808.4-3658,70080-02-02-35,NS,0.5814958103882119,BH
A_intensity+cand,RandomForest,25,SAXJ1808.4-3658,70080-02-02-12,NS,0.5667705457987207,BH
A_intensity+cand,RandomForest,25,SAXJ1808.4-3658,70080-03-13-00,NS,0.7418282040931911,BH
A_intensity+cand,RandomForest,25,SAXJ1808.4-3658,70080-03-20-13,NS,0.4577255755242221,NS
A_intensity+cand,RandomForest,25,SAXJ1808.4-3658,70080-03-22-00,NS,0.9787605095556815,BH
A_intensity+cand,RandomForest,25,SAXJ1808.4-3658,91056-01-03-05,NS,0.14464016992673603,NS
A_intensity+cand,RandomForest,25,SAXJ1808.4-3658,91418-01-04-00,NS,0.8716284025825611,BH
A_intensity+cand,RandomForest,25,SAXJ1808.4-3658,93027-01-01-03,NS,0.20129014244142332,NS
A_intensity+cand,RandomForest,25,SAXJ1808.4-3658,93027-01-05-08,NS,0.8614491164404453,BH
A_intensity+cand,RandomForest,25,SAXJ1808.4-3658,96027-01-01-00,NS,0.09058704238303059,NS
A_intensity+cand,RandomForest,25,SAXJ1808.4-3658,96027-01-02-00,NS,0.20805162235942457,NS
A_intensity+cand,RandomForest,26,SLX1735-269,60034-01-01-00,NS,0.3704348922989446,NS
A_intensity+cand,RandomForest,26,SLX1735-269,60034-01-02-02,NS,0.2833406749407581,NS
A_intensity+cand,RandomForest,26,SLX1735-269,60034-01-03-01,NS,0.09091346875161692,NS
A_intensity+cand,RandomForest,26,SLX1735-269,80138-03-01-00,NS,0.19809071264973338,NS
A_intensity+cand,RandomForest,26,SLX1735-269,80138-03-02-00,NS,0.2685290252352056,NS
A_intensity+cand,RandomForest,26,SLX1735-269,80138-03-07-01,NS,0.048596817338841164,NS
A_intensity+cand,RandomForest,26,SLX1735-269,80138-03-07-03,NS,0.05076031195484843,NS
A_intensity+cand,RandomForest,26,SLX1735-269,90058-05-01-02,NS,0.08629392761837844,NS
A_intensity+cand,RandomForest,26,SLX1735-269,92052-02-02-00,NS,0.5699872334639985,BH
A_intensity+cand,RandomForest,26,SLX1735-269,96429-01-02-02,NS,0.6578364985561048,BH
A_intensity+cand,RandomForest,26,SLX1735-269,96429-01-03-01,NS,0.4382579112289808,NS
A_intensity+cand,RandomForest,26,SLX1735-269,96429-01-05-00,NS,0.5890280311060094,BH
A_intensity+cand,RandomForest,26,SLX1735-269,96429-01-06-01,NS,0.48493940460865476,NS
A_intensity+cand,RandomForest,26,SLX1735-269,96429-01-07-01,NS,0.5302948446403538,BH
A_intensity+cand,RandomForest,26,SLX1735-269,96429-01-08-03,NS,0.44018108630089336,NS
A_intensity+cand,RandomForest,27,XTEJ1118+480,50407-01-07-01,BH,0.3412250683952411,NS
A_intensity+cand,RandomForest,27,XTEJ1118+480,50407-01-09-00,BH,0.7766653943484093,BH
A_intensity+cand,RandomForest,27,XTEJ1118+480,50407-01-10-01,BH,0.7386592996174327,BH
A_intensity+cand,RandomForest,27,XTEJ1118+480,50133-01-05-00,BH,0.7033502615513426,BH
A_intensity+cand,RandomForest,27,XTEJ1118+480,50407-01-13-02,BH,0.19996972014168515,NS
A_intensity+cand,RandomForest,27,XTEJ1118+480,50133-01-04-01,BH,0.2645409595157113,NS
A_intensity+cand,RandomForest,27,XTEJ1118+480,50407-01-14-02,BH,0.4179345036950044,NS
A_intensity+cand,RandomForest,27,XTEJ1118+480,50407-01-16-00,BH,0.9029930094373411,BH
A_intensity+cand,RandomForest,27,XTEJ1118+480,90011-01-01-08,BH,0.8368785528174727,BH
A_intensity+cand,RandomForest,27,XTEJ1118+480,90011-01-01-10,BH,0.936780222684957,BH
A_intensity+cand,RandomForest,27,XTEJ1118+480,90011-01-01-05,BH,0.6321755990940116,BH
A_intensity+cand,RandomForest,27,XTEJ1118+480,90111-01-02-06,BH,0.19053515643042074,NS
A_intensity+cand,RandomForest,27,XTEJ1118+480,90111-01-02-15,BH,0.1845110107065301,NS
A_intensity+cand,RandomForest,27,XTEJ1118+480,90111-01-02-07,BH,0.28499836731515615,NS
A_intensity+cand,RandomForest,27,XTEJ1118+480,90111-01-03-02,BH,0.7853512913145521,BH
A_intensity+cand,RandomForest,28,XTEJ1550-564,50135-01-02-00,BH,0.6292283014265864,BH
A_intensity+cand,RandomForest,28,XTEJ1550-564,50135-01-08-00,BH,0.7601443176182493,BH
A_intensity+cand,RandomForest,28,XTEJ1550-564,50135-01-15-00,BH,0.23926670415644474,NS
A_intensity+cand,RandomForest,28,XTEJ1550-564,50135-01-19-00,BH,0.9376165720699523,BH
A_intensity+cand,RandomForest,28,XTEJ1550-564,50135-01-23-00,BH,0.547052993395109,BH
A_intensity+cand,RandomForest,28,XTEJ1550-564,50137-02-09-00,BH,0.8566621794026555,BH
A_intensity+cand,RandomForest,28,XTEJ1550-564,60428-01-03-00,BH,0.5301952745986668,BH
A_intensity+cand,RandomForest,28,XTEJ1550-564,60428-01-05-00,BH,0.8244130537434847,BH
A_intensity+cand,RandomForest,28,XTEJ1550-564,60428-01-09-00,BH,0.8967298229104386,BH
A_intensity+cand,RandomForest,28,XTEJ1550-564,60428-01-15-00,BH,0.4661551214159406,NS
A_intensity+cand,RandomForest,28,XTEJ1550-564,80135-01-01-01,BH,0.5973251076555808,BH
A_intensity+cand,RandomForest,28,XTEJ1550-564,80135-01-02-01,BH,0.5666216661146053,BH
A_intensity+cand,RandomForest,28,XTEJ1550-564,80135-01-03-10,BH,0.5763700007717297,BH
A_intensity+cand,RandomForest,28,XTEJ1550-564,80135-01-04-02,BH,0.546618941116335,BH
A_intensity+cand,RandomForest,28,XTEJ1550-564,80135-01-05-10,BH,0.5584578192619156,BH
A_intensity+cand,RandomForest,29,XTEJ1650-500,60113-01-06-00,BH,0.9922596070971682,BH
A_intensity+cand,RandomForest,29,XTEJ1650-500,60113-01-09-00,BH,0.9921566820276498,BH
A_intensity+cand,RandomForest,29,XTEJ1650-500,60113-01-11-01,BH,0.9930783410138249,BH
A_intensity+cand,RandomForest,29,XTEJ1650-500,60113-01-15-00,BH,0.4511470252507411,NS
A_intensity+cand,RandomForest,29,XTEJ1650-500,60113-01-23-00,BH,0.868709064754576,BH
A_intensity+cand,RandomForest,29,XTEJ1650-500,60113-01-27-00,BH,0.8918042139690312,BH
A_intensity+cand,RandomForest,29,XTEJ1650-500,60113-01-29-02,BH,0.825510130553277,BH
A_intensity+cand,RandomForest,29,XTEJ1650-500,60113-01-34-00,BH,0.9244468779299853,BH
A_intensity+cand,RandomForest,29,XTEJ1650-500,60113-01-36-00,BH,0.9795419972075093,BH
A_intensity+cand,RandomForest,29,XTEJ1650-500,60113-01-38-00,BH,0.9064577010040541,BH
A_intensity+cand,RandomForest,29,XTEJ1650-500,60118-02-08-00,BH,0.8701295948434385,BH
A_intensity+cand,RandomForest,29,XTEJ1650-500,60118-02-14-00,BH,0.18765919489878968,NS
A_intensity+cand,RandomForest,29,XTEJ1650-500,60118-02-20-00,BH,0.6360491642889917,BH
A_intensity+cand,RandomForest,29,XTEJ1650-500,60118-02-28-00,BH,0.4405463175929921,NS
A_intensity+cand,RandomForest,29,XTEJ1650-500,70124-01-02-00,BH,0.6075992502789024,BH
A_intensity+cand,RandomForest,30,XTEJ1814-338,80138-04-02-00,NS,0.4290363316100936,NS
A_intensity+cand,RandomForest,30,XTEJ1814-338,80145-02-01-01,NS,0.4263825438348219,NS
A_intensity+cand,RandomForest,30,XTEJ1814-338,80418-01-01-07,NS,0.5678267325469588,BH
A_intensity+cand,RandomForest,30,XTEJ1814-338,80418-01-02-00,NS,0.8586186068518756,BH
A_intensity+cand,RandomForest,30,XTEJ1814-338,80418-01-02-08,NS,0.7900291549896775,BH
A_intensity+cand,RandomForest,30,XTEJ1814-338,80418-01-02-05,NS,0.7676880213344313,BH
A_intensity+cand,RandomForest,30,XTEJ1814-338,80418-01-03-02,NS,0.7456418088907074,BH
A_intensity+cand,RandomForest,30,XTEJ1814-338,80418-01-03-08,NS,0.8204972418396992,BH
A_intensity+cand,RandomForest,30,XTEJ1814-338,80418-01-04-03,NS,0.6219683485363848,BH
A_intensity+cand,RandomForest,30,XTEJ1814-338,80418-01-05-00,NS,0.41101164143239816,NS
A_intensity+cand,RandomForest,30,XTEJ1814-338,80418-01-05-08,NS,0.2951174109673691,NS
A_intensity+cand,RandomForest,30,XTEJ1814-338,80418-01-06-00,NS,0.4065574475688136,NS
A_intensity+cand,RandomForest,30,XTEJ1814-338,80418-01-06-02,NS,0.7169167493867026,BH
A_intensity+cand,RandomForest,30,XTEJ1814-338,80418-01-06-06,NS,0.7519796225118366,BH
A_intensity+cand,RandomForest,30,XTEJ1814-338,80418-01-07-06,NS,0.7073631853244982,BH
B_shape+cand,LogReg,0,4U1254-690,60044-01-01-02,NS,0.055642847816797965,NS
B_shape+cand,LogReg,0,4U1254-690,60044-01-01-00,NS,0.11064679392755206,NS
B_shape+cand,LogReg,0,4U1254-690,60044-01-01-03,NS,0.007463718751761842,NS
B_shape+cand,LogReg,0,4U1254-690,60044-01-01-05,NS,0.0126826239883296,NS
B_shape+cand,LogReg,0,4U1254-690,60044-01-02-100,NS,0.021434043522955016,NS
B_shape+cand,LogReg,0,4U1254-690,60044-01-02-000,NS,0.027342362843871957,NS
B_shape+cand,LogReg,0,4U1254-690,90036-01-01-01,NS,0.0828449401160276,NS
B_shape+cand,LogReg,0,4U1254-690,90036-01-01-03,NS,0.012389560951628182,NS
B_shape+cand,LogReg,0,4U1254-690,93406-13-01-00,NS,0.025684277526019896,NS
B_shape+cand,LogReg,0,4U1254-690,95324-01-01-010,NS,0.010376656811047007,NS
B_shape+cand,LogReg,0,4U1254-690,95324-01-01-000,NS,0.016310282421074105,NS
B_shape+cand,LogReg,0,4U1254-690,95324-01-01-00,NS,0.012893631254479126,NS
B_shape+cand,LogReg,0,4U1254-690,95324-01-02-000,NS,0.013395314861321148,NS
B_shape+cand,LogReg,0,4U1254-690,95324-01-02-00,NS,0.05307923380468343,NS
B_shape+cand,LogReg,0,4U1254-690,95324-01-02-01,NS,0.017652229790431285,NS
B_shape+cand,LogReg,1,4U1323-619,70050-03-01-01,NS,0.034821670826654556,NS
B_shape+cand,LogReg,1,4U1323-619,70050-03-01-02,NS,0.11442848898024384,NS
B_shape+cand,LogReg,1,4U1323-619,90062-03-01-02,NS,0.4990461417008889,NS
B_shape+cand,LogReg,1,4U1323-619,90062-03-01-01,NS,0.7337744699911392,BH
B_shape+cand,LogReg,1,4U1323-619,95442-01-01-01,NS,0.4413238070329438,NS
B_shape+cand,LogReg,1,4U1323-619,95442-01-01-02,NS,0.9157371918011304,BH
B_shape+cand,LogReg,1,4U1323-619,96405-01-01-00,NS,0.18136309858642138,NS
B_shape+cand,LogReg,1,4U1323-619,96405-01-01-01,NS,0.21988520607196946,NS
B_shape+cand,LogReg,1,4U1323-619,96405-01-02-00,NS,0.34991199404323775,NS
B_shape+cand,LogReg,1,4U1323-619,96405-01-02-01,NS,0.5430669448426113,BH
B_shape+cand,LogReg,1,4U1323-619,96405-01-04-00,NS,0.48957323537331254,NS
B_shape+cand,LogReg,1,4U1323-619,96405-01-05-00,NS,0.5163418215599562,BH
B_shape+cand,LogReg,1,4U1323-619,96405-01-05-01,NS,0.7464070823675718,BH
B_shape+cand,LogReg,1,4U1323-619,96405-01-05-02,NS,0.48531335783631924,NS
B_shape+cand,LogReg,1,4U1323-619,96405-01-05-03,NS,0.5327488016259055,BH
B_shape+cand,LogReg,2,4U1543-47,70133-01-01-00,BH,0.9999996000422381,BH
B_shape+cand,LogReg,2,4U1543-47,70132-01-01-02G,BH,0.9999999663945205,BH
B_shape+cand,LogReg,2,4U1543-47,70133-01-14-00,BH,0.9999999732790803,BH
B_shape+cand,LogReg,2,4U1543-47,70132-01-02-00,BH,0.9999977921148482,BH
B_shape+cand,LogReg,2,4U1543-47,70133-01-10-00,BH,0.9999926293526927,BH
B_shape+cand,LogReg,2,4U1543-47,70133-01-19-00,BH,0.9999999752201116,BH
B_shape+cand,LogReg,2,4U1543-47,70133-01-22-00,BH,0.9999997307542615,BH
B_shape+cand,LogReg,2,4U1543-47,70133-01-24-00,BH,0.9999999614890648,BH
B_shape+cand,LogReg,2,4U1543-47,70133-01-27-01,BH,0.9999994053929148,BH
B_shape+cand,LogReg,2,4U1543-47,70133-01-28-00,BH,0.9999937125097522,BH
B_shape+cand,LogReg,2,4U1543-47,70133-01-31-01,BH,0.99693453718877,BH
B_shape+cand,LogReg,2,4U1543-47,70128-01-01-01,BH,0.9686616831795982,BH
B_shape+cand,LogReg,2,4U1543-47,70124-02-09-00,BH,0.6861241668253973,BH
B_shape+cand,LogReg,2,4U1543-47,70124-02-10-00,BH,0.8372298845459417,BH
B_shape+cand,LogReg,2,4U1543-47,70124-02-14-00,BH,0.990425764569634,BH
B_shape+cand,LogReg,3,4U1608-52,60052-02-03-00,NS,0.034344648059978,NS
B_shape+cand,LogReg,3,4U1608-52,70059-01-01-00G,NS,0.12280171491795737,NS
B_shape+cand,LogReg,3,4U1608-52,70058-01-32-00,NS,0.045578381782560386,NS
B_shape+cand,LogReg,3,4U1608-52,70069-01-04-03,NS,0.3443666489367193,NS
B_shape+cand,LogReg,3,4U1608-52,90408-01-01-03,NS,0.023754860114944057,NS
B_shape+cand,LogReg,3,4U1608-52,90408-01-03-03,NS,0.5579642400214907,BH
B_shape+cand,LogReg,3,4U1608-52,93408-01-14-00,NS,0.6075385687170802,BH
B_shape+cand,LogReg,3,4U1608-52,93408-01-17-01,NS,0.09141158148701711,NS
B_shape+cand,LogReg,3,4U1608-52,93408-01-22-01,NS,0.033866777727787435,NS
B_shape+cand,LogReg,3,4U1608-52,93408-01-27-03,NS,0.5581075257360641,BH
B_shape+cand,LogReg,3,4U1608-52,93408-01-55-01,NS,0.4763339169900258,NS
B_shape+cand,LogReg,3,4U1608-52,94401-01-03-02,NS,0.011527084125391496,NS
B_shape+cand,LogReg,3,4U1608-52,94401-01-38-02,NS,0.24145145027629772,NS
B_shape+cand,LogReg,3,4U1608-52,96423-01-03-00,NS,0.03874696514492262,NS
B_shape+cand,LogReg,3,4U1608-52,96423-01-21-03,NS,0.41940380762446616,NS
B_shape+cand,LogReg,4,4U1636-53,50030-02-04-00,NS,0.02282104865892153,NS
B_shape+cand,LogReg,4,4U1636-53,60032-01-20-000,NS,0.011568288988542457,NS
B_shape+cand,LogReg,4,4U1636-53,91024-01-74-00,NS,0.3226782426151679,NS
B_shape+cand,LogReg,4,4U1636-53,91024-01-12-10,NS,0.00799317401287653,NS
B_shape+cand,LogReg,4,4U1636-53,92023-01-50-00,NS,0.0222789680465449,NS
B_shape+cand,LogReg,4,4U1636-53,92023-01-79-10,NS,0.003050979389303281,NS
B_shape+cand,LogReg,4,4U1636-53,93087-01-27-00,NS,0.006314961231825321,NS
B_shape+cand,LogReg,4,4U1636-53,93087-01-80-00,NS,0.1173673098763581,NS
B_shape+cand,LogReg,4,4U1636-53,93087-01-33-20,NS,0.008559946025417016,NS
B_shape+cand,LogReg,4,4U1636-53,94087-01-16-00,NS,0.2591915757910216,NS
B_shape+cand,LogReg,4,4U1636-53,94087-01-25-10,NS,0.055299748910144386,NS
B_shape+cand,LogReg,4,4U1636-53,94087-01-44-10,NS,0.0036752881511642067,NS
B_shape+cand,LogReg,4,4U1636-53,95087-01-47-10,NS,0.053068332446295115,NS
B_shape+cand,LogReg,4,4U1636-53,96087-01-52-00,NS,0.1186535215348346,NS
B_shape+cand,LogReg,4,4U1636-53,96087-01-11-10,NS,0.026375970778511646,NS
B_shape+cand,LogReg,5,4U1702-429,50029-27-01-000,NS,0.4040273060126069,NS
B_shape+cand,LogReg,5,4U1702-429,50030-01-04-00,NS,0.44759408147798785,NS
B_shape+cand,LogReg,5,4U1702-429,50030-01-09-03,NS,0.27254026385413355,NS
B_shape+cand,LogReg,5,4U1702-429,80033-01-01-01,NS,0.3293435489451924,NS
B_shape+cand,LogReg,5,4U1702-429,80033-01-02-000,NS,0.006103803674799859,NS
B_shape+cand,LogReg,5,4U1702-429,80033-01-04-03,NS,0.0018858648771188124,NS
B_shape+cand,LogReg,5,4U1702-429,80033-01-08-00G,NS,0.004567577120704115,NS
B_shape+cand,LogReg,5,4U1702-429,80033-01-10-04G,NS,0.002241099350847229,NS
B_shape+cand,LogReg,5,4U1702-429,80033-01-11-02,NS,0.002219473319724414,NS
B_shape+cand,LogReg,5,4U1702-429,80033-01-12-02,NS,0.004178131894903338,NS
B_shape+cand,LogReg,5,4U1702-429,80033-01-16-05,NS,0.0023916984751278948,NS
B_shape+cand,LogReg,5,4U1702-429,80033-01-18-02,NS,0.23424120674074694,NS
B_shape+cand,LogReg,5,4U1702-429,80033-01-20-01,NS,0.1367384569070407,NS
B_shape+cand,LogReg,5,4U1702-429,80033-01-21-03,NS,0.2614218366312439,NS
B_shape+cand,LogReg,5,4U1702-429,94415-01-01-00,NS,0.08681068542867311,NS
B_shape+cand,LogReg,6,4U1705-44,91039-01-01-61,NS,0.34702150256755593,NS
B_shape+cand,LogReg,6,4U1705-44,90170-01-01-00,NS,0.012949576917078015,NS
B_shape+cand,LogReg,6,4U1705-44,93060-01-05-00,NS,0.5224924697985067,BH
B_shape+cand,LogReg,6,4U1705-44,93060-01-50-00,NS,0.5155778723875795,BH
B_shape+cand,LogReg,6,4U1705-44,93060-01-77-00,NS,0.018027137804083757,NS
B_shape+cand,LogReg,6,4U1705-44,93060-01-93-00,NS,0.059786850471098406,NS
B_shape+cand,LogReg,6,4U1705-44,93060-01-45-00,NS,0.03445272349025298,NS
B_shape+cand,LogReg,6,4U1705-44,94060-01-23-00,NS,0.0255915181348403,NS
B_shape+cand,LogReg,6,4U1705-44,94060-01-46-00,NS,0.028471977150284267,NS
B_shape+cand,LogReg,6,4U1705-44,94060-01-55-00,NS,0.014265026652924522,NS
B_shape+cand,LogReg,6,4U1705-44,95060-01-35-00,NS,0.11087401568219943,NS
B_shape+cand,LogReg,6,4U1705-44,95060-01-66-00,NS,0.052040701752099745,NS
B_shape+cand,LogReg,6,4U1705-44,95060-01-78-00,NS,0.025556806088190366,NS
B_shape+cand,LogReg,6,4U1705-44,96060-01-40-00,NS,0.03090706041247643,NS
B_shape+cand,LogReg,6,4U1705-44,96060-01-73-00,NS,0.018718049452918564,NS
B_shape+cand,LogReg,7,4U1724-307,60034-02-01-01,NS,0.2269279475027135,NS
B_shape+cand,LogReg,7,4U1724-307,50060-05-01-07,NS,0.296958650203783,NS
B_shape+cand,LogReg,7,4U1724-307,50060-05-01-05,NS,0.20077603022353588,NS
B_shape+cand,LogReg,7,4U1724-307,60034-02-02-02,NS,0.2009552108691598,NS
B_shape+cand,LogReg,7,4U1724-307,60034-02-03-10,NS,0.199318414863342,NS
B_shape+cand,LogReg,7,4U1724-307,60034-02-05-01,NS,0.29465988406547705,NS
B_shape+cand,LogReg,7,4U1724-307,80105-10-01-00,NS,0.19550670675863066,NS
B_shape+cand,LogReg,7,4U1724-307,80138-06-03-00,NS,0.001344641809924716,NS
B_shape+cand,LogReg,7,4U1724-307,90058-06-03-00,NS,0.04668259061854439,NS
B_shape+cand,LogReg,7,4U1724-307,91050-07-01-00,NS,0.07042491907672402,NS
B_shape+cand,LogReg,7,4U1724-307,93044-06-04-00,NS,0.00468893689277189,NS
B_shape+cand,LogReg,7,4U1724-307,93044-06-07-00,NS,0.07418754904094536,NS
B_shape+cand,LogReg,7,4U1724-307,93438-01-02-03,NS,0.08601591530683518,NS
B_shape+cand,LogReg,7,4U1724-307,93438-01-04-00,NS,0.07972874640157272,NS
B_shape+cand,LogReg,7,4U1724-307,93438-01-07-01,NS,0.24214962747024624,NS
B_shape+cand,LogReg,8,4U1728-34,50023-01-29-00,NS,0.04650014777698194,NS
B_shape+cand,LogReg,8,4U1728-34,50030-03-05-03,NS,0.232160833627065,NS
B_shape+cand,LogReg,8,4U1728-34,70028-01-01-08,NS,0.07802947885446256,NS
B_shape+cand,LogReg,8,4U1728-34,70028-01-01-05,NS,0.07835152437003279,NS
B_shape+cand,LogReg,8,4U1728-34,92023-03-08-00,NS,0.003248231228415148,NS
B_shape+cand,LogReg,8,4U1728-34,92023-03-37-00,NS,0.04113304518409021,NS
B_shape+cand,LogReg,8,4U1728-34,92023-03-76-00,NS,0.002367836599116491,NS
B_shape+cand,LogReg,8,4U1728-34,92023-03-98-00,NS,0.0345178968278784,NS
B_shape+cand,LogReg,8,4U1728-34,92023-03-19-10,NS,0.0012848455282781254,NS
B_shape+cand,LogReg,8,4U1728-34,92023-03-30-10,NS,0.007705368310949571,NS
B_shape+cand,LogReg,8,4U1728-34,92023-03-44-00,NS,0.16573048304359864,NS
B_shape+cand,LogReg,8,4U1728-34,92023-03-49-00,NS,0.20239807615255453,NS
B_shape+cand,LogReg,8,4U1728-34,92023-03-70-00,NS,0.0676394965898093,NS
B_shape+cand,LogReg,8,4U1728-34,95337-01-02-00,NS,0.0022983773815040557,NS
B_shape+cand,LogReg,8,4U1728-34,96322-01-01-05,NS,0.001660660907456151,NS
B_shape+cand,LogReg,9,4U1735-44,50025-02-01-01,NS,0.002506755759119614,NS
B_shape+cand,LogReg,9,4U1735-44,50026-01-01-00,NS,0.0023944853223572355,NS
B_shape+cand,LogReg,9,4U1735-44,91152-06-01-10,NS,0.001985744124860388,NS
B_shape+cand,LogReg,9,4U1735-44,91025-01-01-04,NS,0.0025784241234683663,NS
B_shape+cand,LogReg,9,4U1735-44,91025-01-04-04,NS,0.002682641522595208,NS
B_shape+cand,LogReg,9,4U1735-44,91025-01-04-06,NS,0.00021051179568669888,NS
B_shape+cand,LogReg,9,4U1735-44,91025-01-05-01,NS,0.000934839076512268,NS
B_shape+cand,LogReg,9,4U1735-44,91025-01-08-07,NS,0.00031948496917210247,NS
B_shape+cand,LogReg,9,4U1735-44,91025-01-09-12,NS,0.00017492377892603628,NS
B_shape+cand,LogReg,9,4U1735-44,91025-01-09-10,NS,0.0012189919256837066,NS
B_shape+cand,LogReg,9,4U1735-44,91025-01-13-03,NS,0.00044452106022643253,NS
B_shape+cand,LogReg,9,4U1735-44,91025-01-13-08,NS,0.0004451631399943915,NS
B_shape+cand,LogReg,9,4U1735-44,93200-01-03-01,NS,0.0005398528254825053,NS
B_shape+cand,LogReg,9,4U1735-44,96325-01-01-04,NS,0.0009712026916172151,NS
B_shape+cand,LogReg,9,4U1735-44,96331-01-02-01,NS,0.0011757451795457482,NS
B_shape+cand,LogReg,10,4U1746-371,60044-02-01-10,NS,0.003923565754703992,NS
B_shape+cand,LogReg,10,4U1746-371,60044-02-01-05,NS,0.0031080748198482255,NS
B_shape+cand,LogReg,10,4U1746-371,60044-02-01-07,NS,0.00702700057777352,NS
B_shape+cand,LogReg,10,4U1746-371,60044-02-01-06,NS,0.004010596810511189,NS
B_shape+cand,LogReg,10,4U1746-371,60044-02-02-00,NS,0.005477225063879253,NS
B_shape+cand,LogReg,10,4U1746-371,60044-02-02-010,NS,0.0020277052635632683,NS
B_shape+cand,LogReg,10,4U1746-371,60044-02-02-09,NS,0.0013738903299407251,NS
B_shape+cand,LogReg,10,4U1746-371,60044-02-02-10,NS,0.007874547407704985,NS
B_shape+cand,LogReg,10,4U1746-371,70050-01-01-03,NS,0.0039951823354126325,NS
B_shape+cand,LogReg,10,4U1746-371,70050-01-01-06,NS,0.004079116741231404,NS
B_shape+cand,LogReg,10,4U1746-371,70050-01-01-00,NS,0.0018576077080472674,NS
B_shape+cand,LogReg,10,4U1746-371,70050-01-01-08,NS,0.0014971503514451755,NS
B_shape+cand,LogReg,10,4U1746-371,90044-01-02-01,NS,0.0013405143116163817,NS
B_shape+cand,LogReg,10,4U1746-371,90044-01-04-000,NS,0.004522719061695324,NS
B_shape+cand,LogReg,10,4U1746-371,90044-01-04-00,NS,0.03720669008125094,NS
B_shape+cand,LogReg,11,4U1820-30,40017-01-21-02,NS,0.0012720503575752602,NS
B_shape+cand,LogReg,11,4U1820-30,60030-01-02-01,NS,0.001926293912455981,NS
B_shape+cand,LogReg,11,4U1820-30,70030-03-03-00,NS,0.0008935070158675901,NS
B_shape+cand,LogReg,11,4U1820-30,70030-03-05-00,NS,0.012283396087461526,NS
B_shape+cand,LogReg,11,4U1820-30,90027-01-01-06,NS,0.000991283467485877,NS
B_shape+cand,LogReg,11,4U1820-30,90027-01-03-00,NS,0.0006895550210449687,NS
B_shape+cand,LogReg,11,4U1820-30,90027-01-04-04,NS,0.0008393683607749941,NS
B_shape+cand,LogReg,11,4U1820-30,92030-02-02-00,NS,0.000736646269426492,NS
B_shape+cand,LogReg,11,4U1820-30,91152-04-01-00,NS,0.0007501808472962534,NS
B_shape+cand,LogReg,11,4U1820-30,92030-02-05-00,NS,0.000927495259965543,NS
B_shape+cand,LogReg,11,4U1820-30,94090-01-01-00,NS,0.003448454360051133,NS
B_shape+cand,LogReg,11,4U1820-30,94090-01-02-01,NS,0.06571169053199732,NS
B_shape+cand,LogReg,11,4U1820-30,92030-02-12-00,NS,0.0003558169205648751,NS
B_shape+cand,LogReg,11,4U1820-30,96090-01-01-020,NS,0.0005252648895209994,NS
B_shape+cand,LogReg,11,4U1820-30,96324-01-02-01,NS,0.0006220572521934766,NS
B_shape+cand,LogReg,12,4U1915-05,50026-03-01-00,NS,0.12395456543977959,NS
B_shape+cand,LogReg,12,4U1915-05,50026-03-01-01,NS,0.24117916190992109,NS
B_shape+cand,LogReg,12,4U1915-05,70034-02-01-01,NS,0.000987556183529055,NS
B_shape+cand,LogReg,12,4U1915-05,70034-02-01-00,NS,0.000462500149642521,NS
B_shape+cand,LogReg,12,4U1915-05,70034-02-02-01,NS,0.024549641054073635,NS
B_shape+cand,LogReg,12,4U1915-05,70034-02-02-00,NS,0.16546921746788854,NS
B_shape+cand,LogReg,13,AQLX1,50049-02-06-01,NS,0.04549728679471256,NS
B_shape+cand,LogReg,13,AQLX1,50049-02-15-06,NS,0.2097242726715875,NS
B_shape+cand,LogReg,13,AQLX1,60054-02-03-03,NS,0.0726172159738044,NS
B_shape+cand,LogReg,13,AQLX1,70069-03-01-00,NS,0.25981446333131986,NS
B_shape+cand,LogReg,13,AQLX1,80403-01-03-00,NS,0.2407858244668665,NS
B_shape+cand,LogReg,13,AQLX1,90017-11-06-00,NS,0.7769872315926741,BH
B_shape+cand,LogReg,13,AQLX1,91028-01-29-00,NS,0.4983718163688336,NS
B_shape+cand,LogReg,13,AQLX1,92034-01-02-00,NS,0.5756931468978268,BH
B_shape+cand,LogReg,13,AQLX1,93076-01-02-00,NS,0.16381954698989826,NS
B_shape+cand,LogReg,13,AQLX1,92438-01-02-02,NS,0.4303306442237874,NS
B_shape+cand,LogReg,13,AQLX1,94076-01-03-04,NS,0.6458921085287695,BH
B_shape+cand,LogReg,13,AQLX1,94441-01-01-00,NS,0.20708659644349145,NS
B_shape+cand,LogReg,13,AQLX1,95413-01-02-01,NS,0.3847543474753384,NS
B_shape+cand,LogReg,13,AQLX1,96440-01-05-02,NS,0.05515496198557002,NS
B_shape+cand,LogReg,13,AQLX1,96440-01-08-06,NS,0.1671127929719455,NS
B_shape+cand,LogReg,14,CYGX2,40019-04-05-09,NS,0.10265403293574125,NS
B_shape+cand,LogReg,14,CYGX2,80018-02-01-00G,NS,0.9755314388553394,BH
B_shape+cand,LogReg,14,CYGX2,90030-01-23-00,NS,0.4996968528963977,NS
B_shape+cand,LogReg,14,CYGX2,90030-01-45-00,NS,0.050229594213402694,NS
B_shape+cand,LogReg,14,CYGX2,90030-01-55-01,NS,0.013952918205819594,NS
B_shape+cand,LogReg,14,CYGX2,91010-01-01-05,NS,0.9489220931953741,BH
B_shape+cand,LogReg,14,CYGX2,91009-01-28-01,NS,0.48896365313648316,NS
B_shape+cand,LogReg,14,CYGX2,90030-01-15-00,NS,0.0022589274789583114,NS
B_shape+cand,LogReg,14,CYGX2,90030-01-09-00,NS,0.06943790304621769,NS
B_shape+cand,LogReg,14,CYGX2,92039-01-04-01,NS,0.10972613766420596,NS
B_shape+cand,LogReg,14,CYGX2,92038-01-06-01,NS,0.7906832178953338,BH
B_shape+cand,LogReg,14,CYGX2,93082-02-02-01,NS,0.2560004726354394,NS
B_shape+cand,LogReg,14,CYGX2,93443-01-01-09,NS,0.9924009570211288,BH
B_shape+cand,LogReg,14,CYGX2,95345-01-06-00,NS,0.9050004445540408,BH
B_shape+cand,LogReg,14,CYGX2,95345-01-40-00,NS,0.02863317328090229,NS
B_shape+cand,LogReg,15,EXO0748-676,50045-06-05-00,NS,0.29334076355301264,NS
B_shape+cand,LogReg,15,EXO0748-676,70048-03-02-00,NS,0.3624854543879257,NS
B_shape+cand,LogReg,15,EXO0748-676,60042-03-01-00,NS,0.38819941852965634,NS
B_shape+cand,LogReg,15,EXO0748-676,70047-02-01-03,NS,0.6065818930932734,BH
B_shape+cand,LogReg,15,EXO0748-676,70048-13-12-00,NS,0.21428846788321343,NS
B_shape+cand,LogReg,15,EXO0748-676,80040-01-09-01,NS,0.261120502967956,NS
B_shape+cand,LogReg,15,EXO0748-676,90039-01-03-02,NS,0.20410478479523708,NS
B_shape+cand,LogReg,15,EXO0748-676,90039-01-04-01,NS,0.3711125828990571,NS
B_shape+cand,LogReg,15,EXO0748-676,91035-01-04-09,NS,0.07776473832936899,NS
B_shape+cand,LogReg,15,EXO0748-676,92019-01-05-02,NS,0.34336734537600044,NS
B_shape+cand,LogReg,15,EXO0748-676,92019-01-06-03,NS,0.22877678148900518,NS
B_shape+cand,LogReg,15,EXO0748-676,92019-01-16-00,NS,0.02421288446986954,NS
B_shape+cand,LogReg,15,EXO0748-676,92019-01-18-01,NS,0.19684413613022905,NS
B_shape+cand,LogReg,15,EXO0748-676,92019-01-26-01,NS,0.4406185229216089,NS
B_shape+cand,LogReg,15,EXO0748-676,92040-03-01-00,NS,0.01823084214007684,NS
B_shape+cand,LogReg,16,GROJ1655-40,90428-01-01-07,BH,0.7239180095077883,BH
B_shape+cand,LogReg,16,GROJ1655-40,91702-01-02-03,BH,0.9995676527133578,BH
B_shape+cand,LogReg,16,GROJ1655-40,91702-01-22-00,BH,0.9999984796964246,BH
B_shape+cand,LogReg,16,GROJ1655-40,91702-01-22-03,BH,0.9999952449800273,BH
B_shape+cand,LogReg,16,GROJ1655-40,91702-01-43-00,BH,0.9999509496681657,BH
B_shape+cand,LogReg,16,GROJ1655-40,91702-01-51-02,BH,0.999976673169909,BH
B_shape+cand,LogReg,16,GROJ1655-40,91702-01-56-03,BH,0.9983267102179235,BH
B_shape+cand,LogReg,16,GROJ1655-40,91702-01-66-05,BH,0.9967431860208477,BH
B_shape+cand,LogReg,16,GROJ1655-40,91702-01-78-00,BH,0.9998086377433162,BH
B_shape+cand,LogReg,16,GROJ1655-40,91702-01-01-13,BH,0.9999999738306229,BH
B_shape+cand,LogReg,16,GROJ1655-40,91702-01-17-11,BH,0.9999992906809552,BH
B_shape+cand,LogReg,16,GROJ1655-40,91702-01-39-10,BH,0.9999917209291009,BH
B_shape+cand,LogReg,16,GROJ1655-40,91702-01-48-10,BH,0.9999999904207518,BH
B_shape+cand,LogReg,16,GROJ1655-40,91702-01-81-00,BH,0.5269563486688457,BH
B_shape+cand,LogReg,16,GROJ1655-40,91702-01-86-04,BH,0.552783565578925,BH
B_shape+cand,LogReg,17,GRS1915+105,50703-01-11-00,BH,0.7499781906714597,BH
B_shape+cand,LogReg,17,GRS1915+105,50703-01-62-01,BH,0.5344585488389092,BH
B_shape+cand,LogReg,17,GRS1915+105,60701-01-13-03,BH,0.355781429678294,NS
B_shape+cand,LogReg,17,GRS1915+105,70702-01-02-00,BH,0.1838765205007247,NS
B_shape+cand,LogReg,17,GRS1915+105,70702-01-21-01,BH,0.29166372268162954,NS
B_shape+cand,LogReg,17,GRS1915+105,80127-04-01-02,BH,0.04944619229495676,NS
B_shape+cand,LogReg,17,GRS1915+105,90701-01-16-00,BH,0.43705860248571055,NS
B_shape+cand,LogReg,17,GRS1915+105,90701-01-40-00,BH,0.032133692804120706,NS
B_shape+cand,LogReg,17,GRS1915+105,90024-02-37-00,BH,0.5466404808112797,BH
B_shape+cand,LogReg,17,GRS1915+105,92702-01-06-00,BH,0.3496814494543074,NS
B_shape+cand,LogReg,17,GRS1915+105,80701-01-53-00,BH,0.2930959889230409,NS
B_shape+cand,LogReg,17,GRS1915+105,93701-01-08-00,BH,0.9999054013152782,BH
B_shape+cand,LogReg,17,GRS1915+105,91701-01-83-00,BH,0.6135836672056602,BH
B_shape+cand,LogReg,17,GRS1915+105,95701-01-44-00,BH,0.21559114844811994,NS
B_shape+cand,LogReg,17,GRS1915+105,96701-01-39-00,BH,0.15872896769209457,NS
B_shape+cand,LogReg,18,GS1826-238,50035-01-02-00,NS,0.17556840952697597,NS
B_shape+cand,LogReg,18,GS1826-238,50035-01-03-02,NS,0.39066761805236777,NS
B_shape+cand,LogReg,18,GS1826-238,50035-01-03-04,NS,0.2770394031031041,NS
B_shape+cand,LogReg,18,GS1826-238,50035-01-03-090,NS,0.32264191895944055,NS
B_shape+cand,LogReg,18,GS1826-238,80048-01-01-09,NS,0.26284441156567817,NS
B_shape+cand,LogReg,18,GS1826-238,80048-01-01-14,NS,0.17913354448896995,NS
B_shape+cand,LogReg,18,GS1826-238,80049-01-01-00,NS,0.20262152398548788,NS
B_shape+cand,LogReg,18,GS1826-238,90043-01-01-02,NS,0.17922167343717857,NS
B_shape+cand,LogReg,18,GS1826-238,70044-01-03-00,NS,0.4566910461368145,NS
B_shape+cand,LogReg,18,GS1826-238,92703-01-04-02,NS,0.15890273465446775,NS
B_shape+cand,LogReg,18,GS1826-238,70044-01-04-00,NS,0.20132289659234512,NS
B_shape+cand,LogReg,18,GS1826-238,91017-01-02-05,NS,0.2289240122507603,NS
B_shape+cand,LogReg,18,GS1826-238,91017-01-02-03,NS,0.12240061978379177,NS
B_shape+cand,LogReg,18,GS1826-238,91017-01-02-10,NS,0.3007665965422393,NS
B_shape+cand,LogReg,18,GS1826-238,96306-01-01-01,NS,0.2076922908580087,NS
B_shape+cand,LogReg,19,GX17+2,70023-01-01-01,NS,0.005528529205123412,NS
B_shape+cand,LogReg,19,GX17+2,80022-01-01-09,NS,0.02345619088219057,NS
B_shape+cand,LogReg,19,GX17+2,80022-01-01-03,NS,0.010102670172536483,NS
B_shape+cand,LogReg,19,GX17+2,80022-01-01-02,NS,0.01486024428469189,NS
B_shape+cand,LogReg,19,GX17+2,80022-01-03-01,NS,0.04636807477368292,NS
B_shape+cand,LogReg,19,GX17+2,90022-07-03-00,NS,0.0010582317331356507,NS
B_shape+cand,LogReg,19,GX17+2,90022-07-04-02,NS,0.005857567270416711,NS
B_shape+cand,LogReg,19,GX17+2,92042-01-02-00G,NS,0.13633739910435386,NS
B_shape+cand,LogReg,19,GX17+2,92042-01-05-01,NS,0.03739049749389867,NS
B_shape+cand,LogReg,19,GX17+2,93406-11-01-00,NS,0.10513410666994934,NS
B_shape+cand,LogReg,19,GX17+2,93439-01-05-01,NS,0.011139364681591919,NS
B_shape+cand,LogReg,19,GX17+2,93439-01-06-00,NS,0.004393701887575795,NS
B_shape+cand,LogReg,19,GX17+2,95318-01-02-01,NS,0.1219369978096287,NS
B_shape+cand,LogReg,19,GX17+2,96310-01-01-000,NS,0.015400696814104779,NS
B_shape+cand,LogReg,19,GX17+2,96310-01-01-02,NS,0.02570669214980897,NS
B_shape+cand,LogReg,20,GX3+1,60022-01-01-01,NS,0.06325816659265197,NS
B_shape+cand,LogReg,20,GX3+1,60022-01-02-01,NS,0.10279481065725705,NS
B_shape+cand,LogReg,20,GX3+1,60022-01-04-03,NS,0.11653456651745907,NS
B_shape+cand,LogReg,20,GX3+1,60022-01-04-04,NS,0.03446368140468041,NS
B_shape+cand,LogReg,20,GX3+1,60022-01-05-01,NS,0.0412573738381708,NS
B_shape+cand,LogReg,20,GX3+1,60022-01-06-05,NS,0.005684563249373433,NS
B_shape+cand,LogReg,20,GX3+1,60022-01-06-13,NS,0.041224936354400596,NS
B_shape+cand,LogReg,20,GX3+1,60022-01-07-02,NS,0.036349223057035536,NS
B_shape+cand,LogReg,20,GX3+1,60022-01-08-03,NS,0.07085751388397325,NS
B_shape+cand,LogReg,20,GX3+1,60022-01-10-03,NS,0.10498332354306383,NS
B_shape+cand,LogReg,20,GX3+1,60022-01-10-04,NS,0.09644339551660755,NS
B_shape+cand,LogReg,20,GX3+1,60022-01-13-01,NS,0.10663446411390518,NS
B_shape+cand,LogReg,20,GX3+1,90022-05-05-00,NS,0.0333989564164148,NS
B_shape+cand,LogReg,20,GX3+1,90022-05-06-00,NS,0.09592265002930608,NS
B_shape+cand,LogReg,20,GX3+1,94307-05-01-02,NS,0.06573774539492623,NS
B_shape+cand,LogReg,21,GX339-4,40031-03-03-04,BH,0.9999947262469562,BH
B_shape+cand,LogReg,21,GX339-4,70110-01-54-00,BH,0.9999917079692231,BH
B_shape+cand,LogReg,21,GX339-4,80102-04-56-00,BH,0.6091155591090641,BH
B_shape+cand,LogReg,21,GX339-4,80132-01-22-00,BH,0.7497742854347474,BH
B_shape+cand,LogReg,21,GX339-4,90704-01-05-00,BH,0.9999480012016573,BH
B_shape+cand,LogReg,21,GX339-4,92034-08-01-00,BH,0.8225353628439511,BH
B_shape+cand,LogReg,21,GX339-4,92035-01-03-03,BH,0.8163124251754911,BH
B_shape+cand,LogReg,21,GX339-4,92704-03-13-00,BH,0.6125356678813659,BH
B_shape+cand,LogReg,21,GX339-4,92704-03-22-00,BH,0.6042736983260882,BH
B_shape+cand,LogReg,21,GX339-4,92704-03-45-01,BH,0.775069259975182,BH
B_shape+cand,LogReg,21,GX339-4,93108-01-01-02,BH,0.7185111920181425,BH
B_shape+cand,LogReg,21,GX339-4,95409-01-02-02,BH,0.7836113203486313,BH
B_shape+cand,LogReg,21,GX339-4,95409-01-20-00,BH,0.9999999961974402,BH
B_shape+cand,LogReg,21,GX339-4,95409-01-29-00,BH,0.9999999998818752,BH
B_shape+cand,LogReg,21,GX339-4,96409-01-10-02,BH,0.6536185078940856,BH
B_shape+cand,LogReg,22,HETEJ1900.1-245,91015-01-07-00,NS,0.5333855345780322,BH
B_shape+cand,LogReg,22,HETEJ1900.1-245,91059-03-03-00,NS,0.46726568534699914,NS
B_shape+cand,LogReg,22,HETEJ1900.1-245,91057-01-07-04,NS,0.5442854268927777,BH
B_shape+cand,LogReg,22,HETEJ1900.1-245,92049-01-05-00,NS,0.5352237451496616,BH
B_shape+cand,LogReg,22,HETEJ1900.1-245,92049-01-07-00,NS,0.024724216754324214,NS
B_shape+cand,LogReg,22,HETEJ1900.1-245,92049-01-40-00,NS,0.5470085499169234,BH
B_shape+cand,LogReg,22,HETEJ1900.1-245,92049-01-56-00,NS,0.011805710967378513,NS
B_shape+cand,LogReg,22,HETEJ1900.1-245,93030-01-14-00,NS,0.6749418367632558,BH
B_shape+cand,LogReg,22,HETEJ1900.1-245,93030-01-47-00,NS,0.4734575496315506,NS
B_shape+cand,LogReg,22,HETEJ1900.1-245,94030-01-05-00,NS,0.6410121818933315,BH
B_shape+cand,LogReg,22,HETEJ1900.1-245,94030-01-27-00,NS,0.5559227629670567,BH
B_shape+cand,LogReg,22,HETEJ1900.1-245,94030-01-36-00,NS,0.6731890875244145,BH
B_shape+cand,LogReg,22,HETEJ1900.1-245,95030-01-16-00,NS,0.5103959385192699,BH
B_shape+cand,LogReg,22,HETEJ1900.1-245,96030-01-01-01,NS,0.3285624411236897,NS
B_shape+cand,LogReg,22,HETEJ1900.1-245,96030-01-25-00,NS,0.577448724306095,BH
B_shape+cand,LogReg,23,KS1731-260,50031-02-01-09,NS,0.4146292584502004,NS
B_shape+cand,LogReg,23,KS1731-260,50031-02-01-12,NS,0.40192806002174863,NS
B_shape+cand,LogReg,23,KS1731-260,50031-02-01-02,NS,0.25783666011483347,NS
B_shape+cand,LogReg,23,KS1731-260,50031-02-01-05,NS,0.3269583915837587,NS
B_shape+cand,LogReg,23,KS1731-260,50031-02-01-08,NS,0.3774825194972021,NS
B_shape+cand,LogReg,23,KS1731-260,50031-02-02-06,NS,0.45232878910703844,NS
B_shape+cand,LogReg,23,KS1731-260,50031-02-02-02,NS,0.520699092965564,BH
B_shape+cand,LogReg,23,KS1731-260,50031-02-02-03,NS,0.16672433045846993,NS
B_shape+cand,LogReg,23,KS1731-260,50031-02-02-080,NS,0.4028248903705498,NS
B_shape+cand,LogReg,23,KS1731-260,50031-02-03-00,NS,0.7315004563129666,BH
B_shape+cand,LogReg,23,KS1731-260,50031-02-03-05,NS,0.7902901798238156,BH
B_shape+cand,LogReg,23,KS1731-260,50031-02-03-04,NS,0.8162697105878292,BH
B_shape+cand,LogReg,23,KS1731-260,50031-02-03-07,NS,0.7980837474305661,BH
B_shape+cand,LogReg,23,KS1731-260,50031-02-03-08,NS,0.6059475277762908,BH
B_shape+cand,LogReg,23,KS1731-260,50031-02-03-01,NS,0.9997453384990735,BH
B_shape+cand,LogReg,24,MXB1658-298,50410-01-01-00,NS,0.11453586066544356,NS
B_shape+cand,LogReg,24,MXB1658-298,50410-01-04-00,NS,0.021364050719607997,NS
B_shape+cand,LogReg,24,MXB1658-298,50410-01-05-00,NS,0.02022003403590565,NS
B_shape+cand,LogReg,24,MXB1658-298,50410-01-08-00,NS,0.24533539571695745,NS
B_shape+cand,LogReg,24,MXB1658-298,50410-01-09-00,NS,0.3107335776829789,NS
B_shape+cand,LogReg,24,MXB1658-298,60048-01-02-00,NS,0.12583787750642084,NS
B_shape+cand,LogReg,24,MXB1658-298,60048-01-04-00,NS,0.09027944867497434,NS
B_shape+cand,LogReg,24,MXB1658-298,60048-02-01-00,NS,0.02458298039871619,NS
B_shape+cand,LogReg,24,MXB1658-298,60048-02-03-00,NS,0.054387619180927785,NS
B_shape+cand,LogReg,24,MXB1658-298,60048-03-01-00,NS,0.027932455847610994,NS
B_shape+cand,LogReg,24,MXB1658-298,60048-03-02-00,NS,0.044643162661075986,NS
B_shape+cand,LogReg,24,MXB1658-298,60048-03-05-00,NS,0.06981893868907668,NS
B_shape+cand,LogReg,24,MXB1658-298,60048-04-01-00,NS,0.012168556367111661,NS
B_shape+cand,LogReg,24,MXB1658-298,60048-04-03-00,NS,0.37782871121789957,NS
B_shape+cand,LogReg,24,MXB1658-298,60048-04-05-00,NS,0.5107918521678474,BH
B_shape+cand,LogReg,25,SAXJ1808.4-3658,70080-01-02-04,NS,0.4460552650699279,NS
B_shape+cand,LogReg,25,SAXJ1808.4-3658,70080-01-02-22,NS,0.6678130181980942,BH
B_shape+cand,LogReg,25,SAXJ1808.4-3658,70080-01-03-010,NS,0.6767324201599801,BH
B_shape+cand,LogReg,25,SAXJ1808.4-3658,70080-02-01-03,NS,0.5952349309906376,BH
B_shape+cand,LogReg,25,SAXJ1808.4-3658,70080-02-02-35,NS,0.7109795176868347,BH
B_shape+cand,LogReg,25,SAXJ1808.4-3658,70080-02-02-12,NS,0.5493045445574087,BH
B_shape+cand,LogReg,25,SAXJ1808.4-3658,70080-03-13-00,NS,0.6276155177689616,BH
B_shape+cand,LogReg,25,SAXJ1808.4-3658,70080-03-20-13,NS,0.45543348079554374,NS
B_shape+cand,LogReg,25,SAXJ1808.4-3658,70080-03-22-00,NS,0.35902133225701083,NS
B_shape+cand,LogReg,25,SAXJ1808.4-3658,91056-01-03-05,NS,0.6020597708364424,BH
B_shape+cand,LogReg,25,SAXJ1808.4-3658,91418-01-04-00,NS,0.1085880521030415,NS
B_shape+cand,LogReg,25,SAXJ1808.4-3658,93027-01-01-03,NS,0.5921262775509261,BH
B_shape+cand,LogReg,25,SAXJ1808.4-3658,93027-01-05-08,NS,0.6661817416699296,BH
B_shape+cand,LogReg,25,SAXJ1808.4-3658,96027-01-01-00,NS,0.5241542661170768,BH
B_shape+cand,LogReg,25,SAXJ1808.4-3658,96027-01-02-00,NS,0.5304446826661262,BH
B_shape+cand,LogReg,26,SLX1735-269,60034-01-01-00,NS,0.4828035024443142,NS
B_shape+cand,LogReg,26,SLX1735-269,60034-01-02-02,NS,0.23958027055387676,NS
B_shape+cand,LogReg,26,SLX1735-269,60034-01-03-01,NS,0.0035441284797425635,NS
B_shape+cand,LogReg,26,SLX1735-269,80138-03-01-00,NS,0.0032358977821875493,NS
B_shape+cand,LogReg,26,SLX1735-269,80138-03-02-00,NS,0.34254217029758155,NS
B_shape+cand,LogReg,26,SLX1735-269,80138-03-07-01,NS,0.001303490980706528,NS
B_shape+cand,LogReg,26,SLX1735-269,80138-03-07-03,NS,0.001818529817548095,NS
B_shape+cand,LogReg,26,SLX1735-269,90058-05-01-02,NS,0.0026798316601398813,NS
B_shape+cand,LogReg,26,SLX1735-269,92052-02-02-00,NS,0.08460389573167326,NS
B_shape+cand,LogReg,26,SLX1735-269,96429-01-02-02,NS,0.3962574020262498,NS
B_shape+cand,LogReg,26,SLX1735-269,96429-01-03-01,NS,0.5476149871535307,BH
B_shape+cand,LogReg,26,SLX1735-269,96429-01-05-00,NS,0.28550436870766743,NS
B_shape+cand,LogReg,26,SLX1735-269,96429-01-06-01,NS,0.6226560349466972,BH
B_shape+cand,LogReg,26,SLX1735-269,96429-01-07-01,NS,0.33747952486083915,NS
B_shape+cand,LogReg,26,SLX1735-269,96429-01-08-03,NS,0.4738697603238722,NS
B_shape+cand,LogReg,27,XTEJ1118+480,50407-01-07-01,BH,0.36232228677056033,NS
B_shape+cand,LogReg,27,XTEJ1118+480,50407-01-09-00,BH,0.40078304764738104,NS
B_shape+cand,LogReg,27,XTEJ1118+480,50407-01-10-01,BH,0.4663316091407034,NS
B_shape+cand,LogReg,27,XTEJ1118+480,50133-01-05-00,BH,0.3712658022028002,NS
B_shape+cand,LogReg,27,XTEJ1118+480,50407-01-13-02,BH,0.36401016584227724,NS
B_shape+cand,LogReg,27,XTEJ1118+480,50133-01-04-01,BH,0.325592965255083,NS
B_shape+cand,LogReg,27,XTEJ1118+480,50407-01-14-02,BH,0.05116572220461705,NS
B_shape+cand,LogReg,27,XTEJ1118+480,50407-01-16-00,BH,0.010647870161473443,NS
B_shape+cand,LogReg,27,XTEJ1118+480,90011-01-01-08,BH,0.4104586829459835,NS
B_shape+cand,LogReg,27,XTEJ1118+480,90011-01-01-10,BH,0.9831935290695952,BH
B_shape+cand,LogReg,27,XTEJ1118+480,90011-01-01-05,BH,0.35485814055643,NS
B_shape+cand,LogReg,27,XTEJ1118+480,90111-01-02-06,BH,0.14498745893446593,NS
B_shape+cand,LogReg,27,XTEJ1118+480,90111-01-02-15,BH,0.3837488865710513,NS
B_shape+cand,LogReg,27,XTEJ1118+480,90111-01-02-07,BH,0.09542543591045599,NS
B_shape+cand,LogReg,27,XTEJ1118+480,90111-01-03-02,BH,0.18356776055734927,NS
B_shape+cand,LogReg,28,XTEJ1550-564,50135-01-02-00,BH,0.4831714579175002,NS
B_shape+cand,LogReg,28,XTEJ1550-564,50135-01-08-00,BH,0.8154777725623785,BH
B_shape+cand,LogReg,28,XTEJ1550-564,50135-01-15-00,BH,0.40020673049987326,NS
B_shape+cand,LogReg,28,XTEJ1550-564,50135-01-19-00,BH,0.7309748689439757,BH
B_shape+cand,LogReg,28,XTEJ1550-564,50135-01-23-00,BH,0.8397335015994303,BH
B_shape+cand,LogReg,28,XTEJ1550-564,50137-02-09-00,BH,0.8913062822766665,BH
B_shape+cand,LogReg,28,XTEJ1550-564,60428-01-03-00,BH,0.8315576953967473,BH
B_shape+cand,LogReg,28,XTEJ1550-564,60428-01-05-00,BH,0.7912560456217249,BH
B_shape+cand,LogReg,28,XTEJ1550-564,60428-01-09-00,BH,0.771364121029334,BH
B_shape+cand,LogReg,28,XTEJ1550-564,60428-01-15-00,BH,0.8018337150888843,BH
B_shape+cand,LogReg,28,XTEJ1550-564,80135-01-01-01,BH,0.916196638837184,BH
B_shape+cand,LogReg,28,XTEJ1550-564,80135-01-02-01,BH,0.9318694895552282,BH
B_shape+cand,LogReg,28,XTEJ1550-564,80135-01-03-10,BH,0.9184928905372879,BH
B_shape+cand,LogReg,28,XTEJ1550-564,80135-01-04-02,BH,0.9033573598846185,BH
B_shape+cand,LogReg,28,XTEJ1550-564,80135-01-05-10,BH,0.9013927792394681,BH
B_shape+cand,LogReg,29,XTEJ1650-500,60113-01-06-00,BH,0.573724514317272,BH
B_shape+cand,LogReg,29,XTEJ1650-500,60113-01-09-00,BH,0.6409771175997204,BH
B_shape+cand,LogReg,29,XTEJ1650-500,60113-01-11-01,BH,0.7074936337997083,BH
B_shape+cand,LogReg,29,XTEJ1650-500,60113-01-15-00,BH,0.9974639702334881,BH
B_shape+cand,LogReg,29,XTEJ1650-500,60113-01-23-00,BH,0.9988885721926857,BH
B_shape+cand,LogReg,29,XTEJ1650-500,60113-01-27-00,BH,0.999999970799742,BH
B_shape+cand,LogReg,29,XTEJ1650-500,60113-01-29-02,BH,0.9999999984727839,BH
B_shape+cand,LogReg,29,XTEJ1650-500,60113-01-34-00,BH,0.9999999997799882,BH
B_shape+cand,LogReg,29,XTEJ1650-500,60113-01-36-00,BH,0.9999999743537087,BH
B_shape+cand,LogReg,29,XTEJ1650-500,60113-01-38-00,BH,0.9999999730075732,BH
B_shape+cand,LogReg,29,XTEJ1650-500,60118-02-08-00,BH,0.9999929656702782,BH
B_shape+cand,LogReg,29,XTEJ1650-500,60118-02-14-00,BH,0.643131843103842,BH
B_shape+cand,LogReg,29,XTEJ1650-500,60118-02-20-00,BH,0.5373997928210262,BH
B_shape+cand,LogReg,29,XTEJ1650-500,60118-02-28-00,BH,0.6863272974499365,BH
B_shape+cand,LogReg,29,XTEJ1650-500,70124-01-02-00,BH,0.8443558754103893,BH
B_shape+cand,LogReg,30,XTEJ1814-338,80138-04-02-00,NS,0.39603129526896125,NS
B_shape+cand,LogReg,30,XTEJ1814-338,80145-02-01-01,NS,0.4033209358312799,NS
B_shape+cand,LogReg,30,XTEJ1814-338,80418-01-01-07,NS,0.3662887282410626,NS
B_shape+cand,LogReg,30,XTEJ1814-338,80418-01-02-00,NS,0.3793520211271211,NS
B_shape+cand,LogReg,30,XTEJ1814-338,80418-01-02-08,NS,0.6921721149956785,BH
B_shape+cand,LogReg,30,XTEJ1814-338,80418-01-02-05,NS,0.48440817868826913,NS
B_shape+cand,LogReg,30,XTEJ1814-338,80418-01-03-02,NS,0.4301045753303017,NS
B_shape+cand,LogReg,30,XTEJ1814-338,80418-01-03-08,NS,0.45315341335948,NS
B_shape+cand,LogReg,30,XTEJ1814-338,80418-01-04-03,NS,0.3624222317942026,NS
B_shape+cand,LogReg,30,XTEJ1814-338,80418-01-05-00,NS,0.5325316292043222,BH
B_shape+cand,LogReg,30,XTEJ1814-338,80418-01-05-08,NS,0.1601892064220803,NS
B_shape+cand,LogReg,30,XTEJ1814-338,80418-01-06-00,NS,0.5623509669378913,BH
B_shape+cand,LogReg,30,XTEJ1814-338,80418-01-06-02,NS,0.8596213469464031,BH
B_shape+cand,LogReg,30,XTEJ1814-338,80418-01-06-06,NS,0.99261389880014,BH
B_shape+cand,LogReg,30,XTEJ1814-338,80418-01-07-06,NS,0.25700927061816553,NS
B_shape+cand,RandomForest,0,4U1254-690,60044-01-01-02,NS,0.05113659476749443,NS
B_shape+cand,RandomForest,0,4U1254-690,60044-01-01-00,NS,0.20590200012256826,NS
B_shape+cand,RandomForest,0,4U1254-690,60044-01-01-03,NS,0.0,NS
B_shape+cand,RandomForest,0,4U1254-690,60044-01-01-05,NS,0.0015238095238095239,NS
B_shape+cand,RandomForest,0,4U1254-690,60044-01-02-100,NS,0.01098644542573893,NS
B_shape+cand,RandomForest,0,4U1254-690,60044-01-02-000,NS,0.04080165576495827,NS
B_shape+cand,RandomForest,0,4U1254-690,90036-01-01-01,NS,0.12761274730754651,NS
B_shape+cand,RandomForest,0,4U1254-690,90036-01-01-03,NS,0.0010322580645161293,NS
B_shape+cand,RandomForest,0,4U1254-690,93406-13-01-00,NS,0.12850894562637621,NS
B_shape+cand,RandomForest,0,4U1254-690,95324-01-01-010,NS,0.007112135176651307,NS
B_shape+cand,RandomForest,0,4U1254-690,95324-01-01-000,NS,0.05093768499611357,NS
B_shape+cand,RandomForest,0,4U1254-690,95324-01-01-00,NS,0.015626818173061635,NS
B_shape+cand,RandomForest,0,4U1254-690,95324-01-02-000,NS,0.009872303479596608,NS
B_shape+cand,RandomForest,0,4U1254-690,95324-01-02-00,NS,0.12245619405678057,NS
B_shape+cand,RandomForest,0,4U1254-690,95324-01-02-01,NS,0.10362267863487047,NS
B_shape+cand,RandomForest,1,4U1323-619,70050-03-01-01,NS,0.06748309373809223,NS
B_shape+cand,RandomForest,1,4U1323-619,70050-03-01-02,NS,0.18312890591755185,NS
B_shape+cand,RandomForest,1,4U1323-619,90062-03-01-02,NS,0.6197171471399008,BH
B_shape+cand,RandomForest,1,4U1323-619,90062-03-01-01,NS,0.7454831917149954,BH
B_shape+cand,RandomForest,1,4U1323-619,95442-01-01-01,NS,0.4043268049672045,NS
B_shape+cand,RandomForest,1,4U1323-619,95442-01-01-02,NS,0.65051813859008,BH
B_shape+cand,RandomForest,1,4U1323-619,96405-01-01-00,NS,0.18673154926883054,NS
B_shape+cand,RandomForest,1,4U1323-619,96405-01-01-01,NS,0.4848846632195206,NS
B_shape+cand,RandomForest,1,4U1323-619,96405-01-02-00,NS,0.46209338459798516,NS
B_shape+cand,RandomForest,1,4U1323-619,96405-01-02-01,NS,0.3259460008359612,NS
B_shape+cand,RandomForest,1,4U1323-619,96405-01-04-00,NS,0.3282958800242193,NS
B_shape+cand,RandomForest,1,4U1323-619,96405-01-05-00,NS,0.453992319736853,NS
B_shape+cand,RandomForest,1,4U1323-619,96405-01-05-01,NS,0.8697360803127216,BH
B_shape+cand,RandomForest,1,4U1323-619,96405-01-05-02,NS,0.42629936705231775,NS
B_shape+cand,RandomForest,1,4U1323-619,96405-01-05-03,NS,0.5879235994714481,BH
B_shape+cand,RandomForest,2,4U1543-47,70133-01-01-00,BH,1.0,BH
B_shape+cand,RandomForest,2,4U1543-47,70132-01-01-02G,BH,1.0,BH
B_shape+cand,RandomForest,2,4U1543-47,70133-01-14-00,BH,1.0,BH
B_shape+cand,RandomForest,2,4U1543-47,70132-01-02-00,BH,1.0,BH
B_shape+cand,RandomForest,2,4U1543-47,70133-01-10-00,BH,1.0,BH
B_shape+cand,RandomForest,2,4U1543-47,70133-01-19-00,BH,1.0,BH
B_shape+cand,RandomForest,2,4U1543-47,70133-01-22-00,BH,1.0,BH
B_shape+cand,RandomForest,2,4U1543-47,70133-01-24-00,BH,1.0,BH
B_shape+cand,RandomForest,2,4U1543-47,70133-01-27-01,BH,1.0,BH
B_shape+cand,RandomForest,2,4U1543-47,70133-01-28-00,BH,0.9996478873239437,BH
B_shape+cand,RandomForest,2,4U1543-47,70133-01-31-01,BH,0.9985611510791367,BH
B_shape+cand,RandomForest,2,4U1543-47,70128-01-01-01,BH,0.9968948523746529,BH
B_shape+cand,RandomForest,2,4U1543-47,70124-02-09-00,BH,0.6377087085232626,BH
B_shape+cand,RandomForest,2,4U1543-47,70124-02-10-00,BH,0.8207965408931994,BH
B_shape+cand,RandomForest,2,4U1543-47,70124-02-14-00,BH,0.7441899902691926,BH
B_shape+cand,RandomForest,3,4U1608-52,60052-02-03-00,NS,0.004458476321207962,NS
B_shape+cand,RandomForest,3,4U1608-52,70059-01-01-00G,NS,0.30929938981085375,NS
B_shape+cand,RandomForest,3,4U1608-52,70058-01-32-00,NS,0.07900833468700734,NS
B_shape+cand,RandomForest,3,4U1608-52,70069-01-04-03,NS,0.3165124135968437,NS
B_shape+cand,RandomForest,3,4U1608-52,90408-01-01-03,NS,0.00549073438572409,NS
B_shape+cand,RandomForest,3,4U1608-52,90408-01-03-03,NS,0.1608755933217869,NS
B_shape+cand,RandomForest,3,4U1608-52,93408-01-14-00,NS,0.47364893991279,NS
B_shape+cand,RandomForest,3,4U1608-52,93408-01-17-01,NS,0.03159565656680567,NS
B_shape+cand,RandomForest,3,4U1608-52,93408-01-22-01,NS,0.11303884974547469,NS
B_shape+cand,RandomForest,3,4U1608-52,93408-01-27-03,NS,0.6056567267747416,BH
B_shape+cand,RandomForest,3,4U1608-52,93408-01-55-01,NS,0.4346674040827472,NS
B_shape+cand,RandomForest,3,4U1608-52,94401-01-03-02,NS,0.024366658170965144,NS
B_shape+cand,RandomForest,3,4U1608-52,94401-01-38-02,NS,0.196575577381569,NS
B_shape+cand,RandomForest,3,4U1608-52,96423-01-03-00,NS,0.052571345000875604,NS
B_shape+cand,RandomForest,3,4U1608-52,96423-01-21-03,NS,0.2824496255028641,NS
B_shape+cand,RandomForest,4,4U1636-53,50030-02-04-00,NS,0.0052794718436448024,NS
B_shape+cand,RandomForest,4,4U1636-53,60032-01-20-000,NS,0.0,NS
B_shape+cand,RandomForest,4,4U1636-53,91024-01-74-00,NS,0.06901294564426994,NS
B_shape+cand,RandomForest,4,4U1636-53,91024-01-12-10,NS,0.008121870430604876,NS
B_shape+cand,RandomForest,4,4U1636-53,92023-01-50-00,NS,0.09987796629828481,NS
B_shape+cand,RandomForest,4,4U1636-53,92023-01-79-10,NS,0.0155994744217119,NS
B_shape+cand,RandomForest,4,4U1636-53,93087-01-27-00,NS,0.0,NS
B_shape+cand,RandomForest,4,4U1636-53,93087-01-80-00,NS,0.1588924389492334,NS
B_shape+cand,RandomForest,4,4U1636-53,93087-01-33-20,NS,0.006213835715911619,NS
B_shape+cand,RandomForest,4,4U1636-53,94087-01-16-00,NS,0.057857598997344155,NS
B_shape+cand,RandomForest,4,4U1636-53,94087-01-25-10,NS,0.11296657776963435,NS
B_shape+cand,RandomForest,4,4U1636-53,94087-01-44-10,NS,0.0013617021276595745,NS
B_shape+cand,RandomForest,4,4U1636-53,95087-01-47-10,NS,0.19287319641906558,NS
B_shape+cand,RandomForest,4,4U1636-53,96087-01-52-00,NS,0.24738145491085145,NS
B_shape+cand,RandomForest,4,4U1636-53,96087-01-11-10,NS,0.10460119876317736,NS
B_shape+cand,RandomForest,5,4U1702-429,50029-27-01-000,NS,0.47406078851243705,NS
B_shape+cand,RandomForest,5,4U1702-429,50030-01-04-00,NS,0.07019056196281781,NS
B_shape+cand,RandomForest,5,4U1702-429,50030-01-09-03,NS,0.46178848237112424,NS
B_shape+cand,RandomForest,5,4U1702-429,80033-01-01-01,NS,0.0752752070340961,NS
B_shape+cand,RandomForest,5,4U1702-429,80033-01-02-000,NS,0.0,NS
B_shape+cand,RandomForest,5,4U1702-429,80033-01-04-03,NS,0.0,NS
B_shape+cand,RandomForest,5,4U1702-429,80033-01-08-00G,NS,0.0035913371341141334,NS
B_shape+cand,RandomForest,5,4U1702-429,80033-01-10-04G,NS,0.0,NS
B_shape+cand,RandomForest,5,4U1702-429,80033-01-11-02,NS,0.0,NS
B_shape+cand,RandomForest,5,4U1702-429,80033-01-12-02,NS,0.00651583062278058,NS
B_shape+cand,RandomForest,5,4U1702-429,80033-01-16-05,NS,0.0,NS
B_shape+cand,RandomForest,5,4U1702-429,80033-01-18-02,NS,0.10591636400621678,NS
B_shape+cand,RandomForest,5,4U1702-429,80033-01-20-01,NS,0.18650438898997396,NS
B_shape+cand,RandomForest,5,4U1702-429,80033-01-21-03,NS,0.5437511422686331,BH
B_shape+cand,RandomForest,5,4U1702-429,94415-01-01-00,NS,0.07440977633888012,NS
B_shape+cand,RandomForest,6,4U1705-44,91039-01-01-61,NS,0.18723654403945766,NS
B_shape+cand,RandomForest,6,4U1705-44,90170-01-01-00,NS,0.04412921249215183,NS
B_shape+cand,RandomForest,6,4U1705-44,93060-01-05-00,NS,0.0776301042620004,NS
B_shape+cand,RandomForest,6,4U1705-44,93060-01-50-00,NS,0.18670164988799393,NS
B_shape+cand,RandomForest,6,4U1705-44,93060-01-77-00,NS,0.019275593768688273,NS
B_shape+cand,RandomForest,6,4U1705-44,93060-01-93-00,NS,0.01488920056100982,NS
B_shape+cand,RandomForest,6,4U1705-44,93060-01-45-00,NS,0.013842580834134456,NS
B_shape+cand,RandomForest,6,4U1705-44,94060-01-23-00,NS,0.008449413854922495,NS
B_shape+cand,RandomForest,6,4U1705-44,94060-01-46-00,NS,0.027592020128981678,NS
B_shape+cand,RandomForest,6,4U1705-44,94060-01-55-00,NS,0.05539245644519442,NS
B_shape+cand,RandomForest,6,4U1705-44,95060-01-35-00,NS,0.06582780170450284,NS
B_shape+cand,RandomForest,6,4U1705-44,95060-01-66-00,NS,0.00783408888046858,NS
B_shape+cand,RandomForest,6,4U1705-44,95060-01-78-00,NS,0.011211401649168357,NS
B_shape+cand,RandomForest,6,4U1705-44,96060-01-40-00,NS,0.014711651355630788,NS
B_shape+cand,RandomForest,6,4U1705-44,96060-01-73-00,NS,0.024821025688897564,NS
B_shape+cand,RandomForest,7,4U1724-307,60034-02-01-01,NS,0.050141181921673876,NS
B_shape+cand,RandomForest,7,4U1724-307,50060-05-01-07,NS,0.11179379623807745,NS
B_shape+cand,RandomForest,7,4U1724-307,50060-05-01-05,NS,0.06532215235149383,NS
B_shape+cand,RandomForest,7,4U1724-307,60034-02-02-02,NS,0.25373121215618927,NS
B_shape+cand,RandomForest,7,4U1724-307,60034-02-03-10,NS,0.059228055772895735,NS
B_shape+cand,RandomForest,7,4U1724-307,60034-02-05-01,NS,0.16613282381908787,NS
B_shape+cand,RandomForest,7,4U1724-307,80105-10-01-00,NS,0.21359917154953387,NS
B_shape+cand,RandomForest,7,4U1724-307,80138-06-03-00,NS,0.0,NS
B_shape+cand,RandomForest,7,4U1724-307,90058-06-03-00,NS,0.06975164559757088,NS
B_shape+cand,RandomForest,7,4U1724-307,91050-07-01-00,NS,0.17094624566801014,NS
B_shape+cand,RandomForest,7,4U1724-307,93044-06-04-00,NS,0.05754296748085628,NS
B_shape+cand,RandomForest,7,4U1724-307,93044-06-07-00,NS,0.09062359288476475,NS
B_shape+cand,RandomForest,7,4U1724-307,93438-01-02-03,NS,0.06036327414562016,NS
B_shape+cand,RandomForest,7,4U1724-307,93438-01-04-00,NS,0.08559082002909245,NS
B_shape+cand,RandomForest,7,4U1724-307,93438-01-07-01,NS,0.055247696009776096,NS
B_shape+cand,RandomForest,8,4U1728-34,50023-01-29-00,NS,0.06912981007485186,NS
B_shape+cand,RandomForest,8,4U1728-34,50030-03-05-03,NS,0.0644395057052676,NS
B_shape+cand,RandomForest,8,4U1728-34,70028-01-01-08,NS,0.17643469648436563,NS
B_shape+cand,RandomForest,8,4U1728-34,70028-01-01-05,NS,0.09500789874551101,NS
B_shape+cand,RandomForest,8,4U1728-34,92023-03-08-00,NS,0.0,NS
B_shape+cand,RandomForest,8,4U1728-34,92023-03-37-00,NS,0.14071942867204684,NS
B_shape+cand,RandomForest,8,4U1728-34,92023-03-76-00,NS,0.001977900860029503,NS
B_shape+cand,RandomForest,8,4U1728-34,92023-03-98-00,NS,0.12116192023157228,NS
B_shape+cand,RandomForest,8,4U1728-34,92023-03-19-10,NS,0.0,NS
B_shape+cand,RandomForest,8,4U1728-34,92023-03-30-10,NS,0.0038803491590376836,NS
B_shape+cand,RandomForest,8,4U1728-34,92023-03-44-00,NS,0.08212941089924765,NS
B_shape+cand,RandomForest,8,4U1728-34,92023-03-49-00,NS,0.07255578658750593,NS
B_shape+cand,RandomForest,8,4U1728-34,92023-03-70-00,NS,0.26224363893819397,NS
B_shape+cand,RandomForest,8,4U1728-34,95337-01-02-00,NS,0.0,NS
B_shape+cand,RandomForest,8,4U1728-34,96322-01-01-05,NS,0.0,NS
B_shape+cand,RandomForest,9,4U1735-44,50025-02-01-01,NS,0.0,NS
B_shape+cand,RandomForest,9,4U1735-44,50026-01-01-00,NS,0.0,NS
B_shape+cand,RandomForest,9,4U1735-44,91152-06-01-10,NS,0.0,NS
B_shape+cand,RandomForest,9,4U1735-44,91025-01-01-04,NS,0.0,NS
B_shape+cand,RandomForest,9,4U1735-44,91025-01-04-04,NS,0.0012307692307692308,NS
B_shape+cand,RandomForest,9,4U1735-44,91025-01-04-06,NS,0.028982492836988377,NS
B_shape+cand,RandomForest,9,4U1735-44,91025-01-05-01,NS,0.0010322580645161293,NS
B_shape+cand,RandomForest,9,4U1735-44,91025-01-08-07,NS,0.004787920384351408,NS
B_shape+cand,RandomForest,9,4U1735-44,91025-01-09-12,NS,0.006311729908160931,NS
B_shape+cand,RandomForest,9,4U1735-44,91025-01-09-10,NS,0.0,NS
B_shape+cand,RandomForest,9,4U1735-44,91025-01-13-03,NS,0.0,NS
B_shape+cand,RandomForest,9,4U1735-44,91025-01-13-08,NS,0.0010322580645161293,NS
B_shape+cand,RandomForest,9,4U1735-44,93200-01-03-01,NS,0.002393960192175704,NS
B_shape+cand,RandomForest,9,4U1735-44,96325-01-01-04,NS,0.0,NS
B_shape+cand,RandomForest,9,4U1735-44,96331-01-02-01,NS,0.0,NS
B_shape+cand,RandomForest,10,4U1746-371,60044-02-01-10,NS,0.0,NS
B_shape+cand,RandomForest,10,4U1746-371,60044-02-01-05,NS,0.0013617021276595745,NS
B_shape+cand,RandomForest,10,4U1746-371,60044-02-01-07,NS,0.0013617021276595745,NS
B_shape+cand,RandomForest,10,4U1746-371,60044-02-01-06,NS,0.0059342274100099126,NS
B_shape+cand,RandomForest,10,4U1746-371,60044-02-02-00,NS,0.013202749960471308,NS
B_shape+cand,RandomForest,10,4U1746-371,60044-02-02-010,NS,0.0,NS
B_shape+cand,RandomForest,10,4U1746-371,60044-02-02-09,NS,0.0010322580645161293,NS
B_shape+cand,RandomForest,10,4U1746-371,60044-02-02-10,NS,0.0496872113224434,NS
B_shape+cand,RandomForest,10,4U1746-371,70050-01-01-03,NS,0.07951246838812463,NS
B_shape+cand,RandomForest,10,4U1746-371,70050-01-01-06,NS,0.00226302729528536,NS
B_shape+cand,RandomForest,10,4U1746-371,70050-01-01-00,NS,0.0,NS
B_shape+cand,RandomForest,10,4U1746-371,70050-01-01-08,NS,0.051056075277562625,NS
B_shape+cand,RandomForest,10,4U1746-371,90044-01-02-01,NS,0.0,NS
B_shape+cand,RandomForest,10,4U1746-371,90044-01-04-000,NS,0.0,NS
B_shape+cand,RandomForest,10,4U1746-371,90044-01-04-00,NS,0.10095223317639652,NS
B_shape+cand,RandomForest,11,4U1820-30,40017-01-21-02,NS,0.004393960192175704,NS
B_shape+cand,RandomForest,11,4U1820-30,60030-01-02-01,NS,0.0,NS
B_shape+cand,RandomForest,11,4U1820-30,70030-03-03-00,NS,0.0,NS
B_shape+cand,RandomForest,11,4U1820-30,70030-03-05-00,NS,0.19657610391962524,NS
B_shape+cand,RandomForest,11,4U1820-30,90027-01-01-06,NS,0.002,NS
B_shape+cand,RandomForest,11,4U1820-30,90027-01-03-00,NS,0.0,NS
B_shape+cand,RandomForest,11,4U1820-30,90027-01-04-04,NS,0.0,NS
B_shape+cand,RandomForest,11,4U1820-30,92030-02-02-00,NS,0.0,NS
B_shape+cand,RandomForest,11,4U1820-30,91152-04-01-00,NS,0.0,NS
B_shape+cand,RandomForest,11,4U1820-30,92030-02-05-00,NS,0.002,NS
B_shape+cand,RandomForest,11,4U1820-30,94090-01-01-00,NS,0.09133841621897203,NS
B_shape+cand,RandomForest,11,4U1820-30,94090-01-02-01,NS,0.03314053421812755,NS
B_shape+cand,RandomForest,11,4U1820-30,92030-02-12-00,NS,0.0005245901639344263,NS
B_shape+cand,RandomForest,11,4U1820-30,96090-01-01-020,NS,0.0015568482284505553,NS
B_shape+cand,RandomForest,11,4U1820-30,96324-01-02-01,NS,0.0005245901639344263,NS
B_shape+cand,RandomForest,12,4U1915-05,50026-03-01-00,NS,0.2752876868496549,NS
B_shape+cand,RandomForest,12,4U1915-05,50026-03-01-01,NS,0.22740360787455183,NS
B_shape+cand,RandomForest,12,4U1915-05,70034-02-01-01,NS,0.012675406185853947,NS
B_shape+cand,RandomForest,12,4U1915-05,70034-02-01-00,NS,0.014127912883136763,NS
B_shape+cand,RandomForest,12,4U1915-05,70034-02-02-01,NS,0.07263251142730012,NS
B_shape+cand,RandomForest,12,4U1915-05,70034-02-02-00,NS,0.22159442958261188,NS
B_shape+cand,RandomForest,13,AQLX1,50049-02-06-01,NS,0.02256415193012818,NS
B_shape+cand,RandomForest,13,AQLX1,50049-02-15-06,NS,0.44032890180802164,NS
B_shape+cand,RandomForest,13,AQLX1,60054-02-03-03,NS,0.040279283390595035,NS
B_shape+cand,RandomForest,13,AQLX1,70069-03-01-00,NS,0.41037408490664956,NS
B_shape+cand,RandomForest,13,AQLX1,80403-01-03-00,NS,0.6458145079425288,BH
B_shape+cand,RandomForest,13,AQLX1,90017-11-06-00,NS,0.656672690950574,BH
B_shape+cand,RandomForest,13,AQLX1,91028-01-29-00,NS,0.1498913401116096,NS
B_shape+cand,RandomForest,13,AQLX1,92034-01-02-00,NS,0.6615702321755051,BH
B_shape+cand,RandomForest,13,AQLX1,93076-01-02-00,NS,0.3554784528101091,NS
B_shape+cand,RandomForest,13,AQLX1,92438-01-02-02,NS,0.7471473247011274,BH
B_shape+cand,RandomForest,13,AQLX1,94076-01-03-04,NS,0.6704863908507652,BH
B_shape+cand,RandomForest,13,AQLX1,94441-01-01-00,NS,0.50279869034245,BH
B_shape+cand,RandomForest,13,AQLX1,95413-01-02-01,NS,0.0917914588123988,NS
B_shape+cand,RandomForest,13,AQLX1,96440-01-05-02,NS,0.23138022610304998,NS
B_shape+cand,RandomForest,13,AQLX1,96440-01-08-06,NS,0.487153479678142,NS
B_shape+cand,RandomForest,14,CYGX2,40019-04-05-09,NS,0.12686071459325243,NS
B_shape+cand,RandomForest,14,CYGX2,80018-02-01-00G,NS,0.9869542663194852,BH
B_shape+cand,RandomForest,14,CYGX2,90030-01-23-00,NS,0.6544422513409314,BH
B_shape+cand,RandomForest,14,CYGX2,90030-01-45-00,NS,0.029842439713958325,NS
B_shape+cand,RandomForest,14,CYGX2,90030-01-55-01,NS,0.0,NS
B_shape+cand,RandomForest,14,CYGX2,91010-01-01-05,NS,0.9606510168165819,BH
B_shape+cand,RandomForest,14,CYGX2,91009-01-28-01,NS,0.45875167480222456,NS
B_shape+cand,RandomForest,14,CYGX2,90030-01-15-00,NS,0.0,NS
B_shape+cand,RandomForest,14,CYGX2,90030-01-09-00,NS,0.030239735390310583,NS
B_shape+cand,RandomForest,14,CYGX2,92039-01-04-01,NS,0.16866076452578846,NS
B_shape+cand,RandomForest,14,CYGX2,92038-01-06-01,NS,0.8422863467166295,BH
B_shape+cand,RandomForest,14,CYGX2,93082-02-02-01,NS,0.32157463294786043,NS
B_shape+cand,RandomForest,14,CYGX2,93443-01-01-09,NS,0.9964235624123421,BH
B_shape+cand,RandomForest,14,CYGX2,95345-01-06-00,NS,0.9307688560996784,BH
B_shape+cand,RandomForest,14,CYGX2,95345-01-40-00,NS,0.011225806451612906,NS
B_shape+cand,RandomForest,15,EXO0748-676,50045-06-05-00,NS,0.3102957284736774,NS
B_shape+cand,RandomForest,15,EXO0748-676,70048-03-02-00,NS,0.5071782469985294,BH
B_shape+cand,RandomForest,15,EXO0748-676,60042-03-01-00,NS,0.3660833065617324,NS
B_shape+cand,RandomForest,15,EXO0748-676,70047-02-01-03,NS,0.4701354274684993,NS
B_shape+cand,RandomForest,15,EXO0748-676,70048-13-12-00,NS,0.5485085163259935,BH
B_shape+cand,RandomForest,15,EXO0748-676,80040-01-09-01,NS,0.46301699142551517,NS
B_shape+cand,RandomForest,15,EXO0748-676,90039-01-03-02,NS,0.311583400715402,NS
B_shape+cand,RandomForest,15,EXO0748-676,90039-01-04-01,NS,0.1890574937776497,NS
B_shape+cand,RandomForest,15,EXO0748-676,91035-01-04-09,NS,0.24841323998742004,NS
B_shape+cand,RandomForest,15,EXO0748-676,92019-01-05-02,NS,0.45361183779255343,NS
B_shape+cand,RandomForest,15,EXO0748-676,92019-01-06-03,NS,0.4042935153263348,NS
B_shape+cand,RandomForest,15,EXO0748-676,92019-01-16-00,NS,0.03584739106371005,NS
B_shape+cand,RandomForest,15,EXO0748-676,92019-01-18-01,NS,0.4599938678865659,NS
B_shape+cand,RandomForest,15,EXO0748-676,92019-01-26-01,NS,0.5293495529527766,BH
B_shape+cand,RandomForest,15,EXO0748-676,92040-03-01-00,NS,0.4048782522036907,NS
B_shape+cand,RandomForest,16,GROJ1655-40,90428-01-01-07,BH,0.963525976478998,BH
B_shape+cand,RandomForest,16,GROJ1655-40,91702-01-02-03,BH,0.997816511360828,BH
B_shape+cand,RandomForest,16,GROJ1655-40,91702-01-22-00,BH,0.9797827136711946,BH
B_shape+cand,RandomForest,16,GROJ1655-40,91702-01-22-03,BH,0.9758444374048507,BH
B_shape+cand,RandomForest,16,GROJ1655-40,91702-01-43-00,BH,0.9825262298967199,BH
B_shape+cand,RandomForest,16,GROJ1655-40,91702-01-51-02,BH,0.9816045709105448,BH
B_shape+cand,RandomForest,16,GROJ1655-40,91702-01-56-03,BH,1.0,BH
B_shape+cand,RandomForest,16,GROJ1655-40,91702-01-66-05,BH,0.9990783410138249,BH
B_shape+cand,RandomForest,16,GROJ1655-40,91702-01-78-00,BH,1.0,BH
B_shape+cand,RandomForest,16,GROJ1655-40,91702-01-01-13,BH,0.9932819338281961,BH
B_shape+cand,RandomForest,16,GROJ1655-40,91702-01-17-11,BH,1.0,BH
B_shape+cand,RandomForest,16,GROJ1655-40,91702-01-39-10,BH,1.0,BH
B_shape+cand,RandomForest,16,GROJ1655-40,91702-01-48-10,BH,1.0,BH
B_shape+cand,RandomForest,16,GROJ1655-40,91702-01-81-00,BH,0.8627981851824938,BH
B_shape+cand,RandomForest,16,GROJ1655-40,91702-01-86-04,BH,0.8371666663333002,BH
B_shape+cand,RandomForest,17,GRS1915+105,50703-01-11-00,BH,0.8828305862444392,BH
B_shape+cand,RandomForest,17,GRS1915+105,50703-01-62-01,BH,0.7399230356326928,BH
B_shape+cand,RandomForest,17,GRS1915+105,60701-01-13-03,BH,0.18615829699924347,NS
B_shape+cand,RandomForest,17,GRS1915+105,70702-01-02-00,BH,0.17498064989171888,NS
B_shape+cand,RandomForest,17,GRS1915+105,70702-01-21-01,BH,0.5501170878530806,BH
B_shape+cand,RandomForest,17,GRS1915+105,80127-04-01-02,BH,0.045512274393147326,NS
B_shape+cand,RandomForest,17,GRS1915+105,90701-01-16-00,BH,0.5113185270588116,BH
B_shape+cand,RandomForest,17,GRS1915+105,90701-01-40-00,BH,0.03735033724885164,NS
B_shape+cand,RandomForest,17,GRS1915+105,90024-02-37-00,BH,0.6792997914317207,BH
B_shape+cand,RandomForest,17,GRS1915+105,92702-01-06-00,BH,0.21939210980368395,NS
B_shape+cand,RandomForest,17,GRS1915+105,80701-01-53-00,BH,0.6100583017551945,BH
B_shape+cand,RandomForest,17,GRS1915+105,93701-01-08-00,BH,0.9554506825510383,BH
B_shape+cand,RandomForest,17,GRS1915+105,91701-01-83-00,BH,0.7339465888827624,BH
B_shape+cand,RandomForest,17,GRS1915+105,95701-01-44-00,BH,0.2554658228204276,NS
B_shape+cand,RandomForest,17,GRS1915+105,96701-01-39-00,BH,0.17602927195305387,NS
B_shape+cand,RandomForest,18,GS1826-238,50035-01-02-00,NS,0.05077461394503559,NS
B_shape+cand,RandomForest,18,GS1826-238,50035-01-03-02,NS,0.5669830119627094,BH
B_shape+cand,RandomForest,18,GS1826-238,50035-01-03-04,NS,0.4575021174653459,NS
B_shape+cand,RandomForest,18,GS1826-238,50035-01-03-090,NS,0.3071435801635494,NS
B_shape+cand,RandomForest,18,GS1826-238,80048-01-01-09,NS,0.37498002475072123,NS
B_shape+cand,RandomForest,18,GS1826-238,80048-01-01-14,NS,0.11363837551659889,NS
B_shape+cand,RandomForest,18,GS1826-238,80049-01-01-00,NS,0.13609117714993157,NS
B_shape+cand,RandomForest,18,GS1826-238,90043-01-01-02,NS,0.1486543760369695,NS
B_shape+cand,RandomForest,18,GS1826-238,70044-01-03-00,NS,0.41151835719371543,NS
B_shape+cand,RandomForest,18,GS1826-238,92703-01-04-02,NS,0.1344563699896206,NS
B_shape+cand,RandomForest,18,GS1826-238,70044-01-04-00,NS,0.16963569097227066,NS
B_shape+cand,RandomForest,18,GS1826-238,91017-01-02-05,NS,0.34056931685664027,NS
B_shape+cand,RandomForest,18,GS1826-238,91017-01-02-03,NS,0.0830346967042985,NS
B_shape+cand,RandomForest,18,GS1826-238,91017-01-02-10,NS,0.320328620219051,NS
B_shape+cand,RandomForest,18,GS1826-238,96306-01-01-01,NS,0.2298292919438984,NS
B_shape+cand,RandomForest,19,GX17+2,70023-01-01-01,NS,0.006393960192175704,NS
B_shape+cand,RandomForest,19,GX17+2,80022-01-01-09,NS,0.0013617021276595745,NS
B_shape+cand,RandomForest,19,GX17+2,80022-01-01-03,NS,0.0010322580645161293,NS
B_shape+cand,RandomForest,19,GX17+2,80022-01-01-02,NS,0.002393960192175704,NS
B_shape+cand,RandomForest,19,GX17+2,80022-01-03-01,NS,0.01636561129181463,NS
B_shape+cand,RandomForest,19,GX17+2,90022-07-03-00,NS,0.0,NS
B_shape+cand,RandomForest,19,GX17+2,90022-07-04-02,NS,0.005032258064516129,NS
B_shape+cand,RandomForest,19,GX17+2,92042-01-02-00G,NS,0.04133072863269448,NS
B_shape+cand,RandomForest,19,GX17+2,92042-01-05-01,NS,0.01979182954850646,NS
B_shape+cand,RandomForest,19,GX17+2,93406-11-01-00,NS,0.03858279088619068,NS
B_shape+cand,RandomForest,19,GX17+2,93439-01-05-01,NS,0.0013617021276595745,NS
B_shape+cand,RandomForest,19,GX17+2,93439-01-06-00,NS,0.0,NS
B_shape+cand,RandomForest,19,GX17+2,95318-01-02-01,NS,0.034521405183819846,NS
B_shape+cand,RandomForest,19,GX17+2,96310-01-01-000,NS,0.0010322580645161293,NS
B_shape+cand,RandomForest,19,GX17+2,96310-01-01-02,NS,0.013609073407160886,NS
B_shape+cand,RandomForest,20,GX3+1,60022-01-01-01,NS,0.0988475922755301,NS
B_shape+cand,RandomForest,20,GX3+1,60022-01-02-01,NS,0.3463445239436957,NS
B_shape+cand,RandomForest,20,GX3+1,60022-01-04-03,NS,0.3515619559459165,NS
B_shape+cand,RandomForest,20,GX3+1,60022-01-04-04,NS,0.03968070478932819,NS
B_shape+cand,RandomForest,20,GX3+1,60022-01-05-01,NS,0.008939393035122796,NS
B_shape+cand,RandomForest,20,GX3+1,60022-01-06-05,NS,0.012019916672832285,NS
B_shape+cand,RandomForest,20,GX3+1,60022-01-06-13,NS,0.0938893533046597,NS
B_shape+cand,RandomForest,20,GX3+1,60022-01-07-02,NS,0.009275998925725882,NS
B_shape+cand,RandomForest,20,GX3+1,60022-01-08-03,NS,0.20688397399039557,NS
B_shape+cand,RandomForest,20,GX3+1,60022-01-10-03,NS,0.33068765170477493,NS
B_shape+cand,RandomForest,20,GX3+1,60022-01-10-04,NS,0.3404125649212016,NS
B_shape+cand,RandomForest,20,GX3+1,60022-01-13-01,NS,0.37760489763354405,NS
B_shape+cand,RandomForest,20,GX3+1,90022-05-05-00,NS,0.009767550385019277,NS
B_shape+cand,RandomForest,20,GX3+1,90022-05-06-00,NS,0.3109917074105837,NS
B_shape+cand,RandomForest,20,GX3+1,94307-05-01-02,NS,0.10335380864247913,NS
B_shape+cand,RandomForest,21,GX339-4,40031-03-03-04,BH,0.9984795386186154,BH
B_shape+cand,RandomForest,21,GX339-4,70110-01-54-00,BH,1.0,BH
B_shape+cand,RandomForest,21,GX339-4,80102-04-56-00,BH,0.6986879498450532,BH
B_shape+cand,RandomForest,21,GX339-4,80132-01-22-00,BH,0.9637279633989667,BH
B_shape+cand,RandomForest,21,GX339-4,90704-01-05-00,BH,1.0,BH
B_shape+cand,RandomForest,21,GX339-4,92034-08-01-00,BH,0.8274049693293998,BH
B_shape+cand,RandomForest,21,GX339-4,92035-01-03-03,BH,0.986076502041284,BH
B_shape+cand,RandomForest,21,GX339-4,92704-03-13-00,BH,0.314160342035702,NS
B_shape+cand,RandomForest,21,GX339-4,92704-03-22-00,BH,0.43386742666383993,NS
B_shape+cand,RandomForest,21,GX339-4,92704-03-45-01,BH,0.8484226795888246,BH
B_shape+cand,RandomForest,21,GX339-4,93108-01-01-02,BH,0.7842920361115568,BH
B_shape+cand,RandomForest,21,GX339-4,95409-01-02-02,BH,0.9181201859429446,BH
B_shape+cand,RandomForest,21,GX339-4,95409-01-20-00,BH,0.996,BH
B_shape+cand,RandomForest,21,GX339-4,95409-01-29-00,BH,0.9888720795459007,BH
B_shape+cand,RandomForest,21,GX339-4,96409-01-10-02,BH,0.5526167887660304,BH
B_shape+cand,RandomForest,22,HETEJ1900.1-245,91015-01-07-00,NS,0.7877258302108271,BH
B_shape+cand,RandomForest,22,HETEJ1900.1-245,91059-03-03-00,NS,0.38970589753981577,NS
B_shape+cand,RandomForest,22,HETEJ1900.1-245,91057-01-07-04,NS,0.270436154973673,NS
B_shape+cand,RandomForest,22,HETEJ1900.1-245,92049-01-05-00,NS,0.24454117491365776,NS
B_shape+cand,RandomForest,22,HETEJ1900.1-245,92049-01-07-00,NS,0.05283404715904983,NS
B_shape+cand,RandomForest,22,HETEJ1900.1-245,92049-01-40-00,NS,0.1996522801167069,NS
B_shape+cand,RandomForest,22,HETEJ1900.1-245,92049-01-56-00,NS,0.025580505138381653,NS
B_shape+cand,RandomForest,22,HETEJ1900.1-245,93030-01-14-00,NS,0.7782023453761555,BH
B_shape+cand,RandomForest,22,HETEJ1900.1-245,93030-01-47-00,NS,0.20974077355539053,NS
B_shape+cand,RandomForest,22,HETEJ1900.1-245,94030-01-05-00,NS,0.4112070268579596,NS
B_shape+cand,RandomForest,22,HETEJ1900.1-245,94030-01-27-00,NS,0.239226548956796,NS
B_shape+cand,RandomForest,22,HETEJ1900.1-245,94030-01-36-00,NS,0.29975833698290083,NS
B_shape+cand,RandomForest,22,HETEJ1900.1-245,95030-01-16-00,NS,0.33458595936570207,NS
B_shape+cand,RandomForest,22,HETEJ1900.1-245,96030-01-01-01,NS,0.05901688054193397,NS
B_shape+cand,RandomForest,22,HETEJ1900.1-245,96030-01-25-00,NS,0.4353340668158215,NS
B_shape+cand,RandomForest,23,KS1731-260,50031-02-01-09,NS,0.2499293403469051,NS
B_shape+cand,RandomForest,23,KS1731-260,50031-02-01-12,NS,0.2937714784912885,NS
B_shape+cand,RandomForest,23,KS1731-260,50031-02-01-02,NS,0.06933961531067155,NS
B_shape+cand,RandomForest,23,KS1731-260,50031-02-01-05,NS,0.15172323672121635,NS
B_shape+cand,RandomForest,23,KS1731-260,50031-02-01-08,NS,0.21701823544962207,NS
B_shape+cand,RandomForest,23,KS1731-260,50031-02-02-06,NS,0.5940202357970333,BH
B_shape+cand,RandomForest,23,KS1731-260,50031-02-02-02,NS,0.3881746343683324,NS
B_shape+cand,RandomForest,23,KS1731-260,50031-02-02-03,NS,0.09875905897705138,NS
B_shape+cand,RandomForest,23,KS1731-260,50031-02-02-080,NS,0.25160225878799314,NS
B_shape+cand,RandomForest,23,KS1731-260,50031-02-03-00,NS,0.469233118955276,NS
B_shape+cand,RandomForest,23,KS1731-260,50031-02-03-05,NS,0.545459902003216,BH
B_shape+cand,RandomForest,23,KS1731-260,50031-02-03-04,NS,0.42147014435848756,NS
B_shape+cand,RandomForest,23,KS1731-260,50031-02-03-07,NS,0.4061854450560708,NS
B_shape+cand,RandomForest,23,KS1731-260,50031-02-03-08,NS,0.4731297585286908,NS
B_shape+cand,RandomForest,23,KS1731-260,50031-02-03-01,NS,0.9419291113915288,BH
B_shape+cand,RandomForest,24,MXB1658-298,50410-01-01-00,NS,0.28603006448053403,NS
B_shape+cand,RandomForest,24,MXB1658-298,50410-01-04-00,NS,0.0286251897156661,NS
B_shape+cand,RandomForest,24,MXB1658-298,50410-01-05-00,NS,0.029147187680981568,NS
B_shape+cand,RandomForest,24,MXB1658-298,50410-01-08-00,NS,0.522338695405465,BH
B_shape+cand,RandomForest,24,MXB1658-298,50410-01-09-00,NS,0.38541869215869407,NS
B_shape+cand,RandomForest,24,MXB1658-298,60048-01-02-00,NS,0.3333119821820078,NS
B_shape+cand,RandomForest,24,MXB1658-298,60048-01-04-00,NS,0.15595903190343996,NS
B_shape+cand,RandomForest,24,MXB1658-298,60048-02-01-00,NS,0.02845874526346236,NS
B_shape+cand,RandomForest,24,MXB1658-298,60048-02-03-00,NS,0.1462953198538098,NS
B_shape+cand,RandomForest,24,MXB1658-298,60048-03-01-00,NS,0.027027711166354166,NS
B_shape+cand,RandomForest,24,MXB1658-298,60048-03-02-00,NS,0.04177860581447561,NS
B_shape+cand,RandomForest,24,MXB1658-298,60048-03-05-00,NS,0.07614718091328283,NS
B_shape+cand,RandomForest,24,MXB1658-298,60048-04-01-00,NS,0.024428446113897592,NS
B_shape+cand,RandomForest,24,MXB1658-298,60048-04-03-00,NS,0.6328003304724439,BH
B_shape+cand,RandomForest,24,MXB1658-298,60048-04-05-00,NS,0.5885694909821586,BH
B_shape+cand,RandomForest,25,SAXJ1808.4-3658,70080-01-02-04,NS,0.4311096973568436,NS
B_shape+cand,RandomForest,25,SAXJ1808.4-3658,70080-01-02-22,NS,0.5105111436473811,BH
B_shape+cand,RandomForest,25,SAXJ1808.4-3658,70080-01-03-010,NS,0.4639030594991453,NS
B_shape+cand,RandomForest,25,SAXJ1808.4-3658,70080-02-01-03,NS,0.46987530250318077,NS
B_shape+cand,RandomForest,25,SAXJ1808.4-3658,70080-02-02-35,NS,0.532107836769035,BH
B_shape+cand,RandomForest,25,SAXJ1808.4-3658,70080-02-02-12,NS,0.49734625526341814,NS
B_shape+cand,RandomForest,25,SAXJ1808.4-3658,70080-03-13-00,NS,0.491455996275064,NS
B_shape+cand,RandomForest,25,SAXJ1808.4-3658,70080-03-20-13,NS,0.42421088313445215,NS
B_shape+cand,RandomForest,25,SAXJ1808.4-3658,70080-03-22-00,NS,0.5644374042354594,BH
B_shape+cand,RandomForest,25,SAXJ1808.4-3658,91056-01-03-05,NS,0.5881350578922987,BH
B_shape+cand,RandomForest,25,SAXJ1808.4-3658,91418-01-04-00,NS,0.5464993092934712,BH
B_shape+cand,RandomForest,25,SAXJ1808.4-3658,93027-01-01-03,NS,0.42078405217438203,NS
B_shape+cand,RandomForest,25,SAXJ1808.4-3658,93027-01-05-08,NS,0.6379476907782838,BH
B_shape+cand,RandomForest,25,SAXJ1808.4-3658,96027-01-01-00,NS,0.475854890669017,NS
B_shape+cand,RandomForest,25,SAXJ1808.4-3658,96027-01-02-00,NS,0.33213899246983364,NS
B_shape+cand,RandomForest,26,SLX1735-269,60034-01-01-00,NS,0.4767921369230172,NS
B_shape+cand,RandomForest,26,SLX1735-269,60034-01-02-02,NS,0.35525014381997616,NS
B_shape+cand,RandomForest,26,SLX1735-269,60034-01-03-01,NS,0.0,NS
B_shape+cand,RandomForest,26,SLX1735-269,80138-03-01-00,NS,0.015347566584031165,NS
B_shape+cand,RandomForest,26,SLX1735-269,80138-03-02-00,NS,0.1597703263214985,NS
B_shape+cand,RandomForest,26,SLX1735-269,80138-03-07-01,NS,0.002057354301572618,NS
B_shape+cand,RandomForest,26,SLX1735-269,80138-03-07-03,NS,0.004,NS
B_shape+cand,RandomForest,26,SLX1735-269,90058-05-01-02,NS,0.0,NS
B_shape+cand,RandomForest,26,SLX1735-269,92052-02-02-00,NS,0.06277901994909725,NS
B_shape+cand,RandomForest,26,SLX1735-269,96429-01-02-02,NS,0.6571078656275194,BH
B_shape+cand,RandomForest,26,SLX1735-269,96429-01-03-01,NS,0.5451604815225884,BH
B_shape+cand,RandomForest,26,SLX1735-269,96429-01-05-00,NS,0.29186878870931715,NS
B_shape+cand,RandomForest,26,SLX1735-269,96429-01-06-01,NS,0.4997783288216952,NS
B_shape+cand,RandomForest,26,SLX1735-269,96429-01-07-01,NS,0.39175648700833104,NS
B_shape+cand,RandomForest,26,SLX1735-269,96429-01-08-03,NS,0.36275773128102384,NS
B_shape+cand,RandomForest,27,XTEJ1118+480,50407-01-07-01,BH,0.4089212817221935,NS
B_shape+cand,RandomForest,27,XTEJ1118+480,50407-01-09-00,BH,0.6294682952207462,BH
B_shape+cand,RandomForest,27,XTEJ1118+480,50407-01-10-01,BH,0.702303436480802,BH
B_shape+cand,RandomForest,27,XTEJ1118+480,50133-01-05-00,BH,0.354443344717668,NS
B_shape+cand,RandomForest,27,XTEJ1118+480,50407-01-13-02,BH,0.13600619659573376,NS
B_shape+cand,RandomForest,27,XTEJ1118+480,50133-01-04-01,BH,0.20583507754144473,NS
B_shape+cand,RandomForest,27,XTEJ1118+480,50407-01-14-02,BH,0.09113180325448911,NS
B_shape+cand,RandomForest,27,XTEJ1118+480,50407-01-16-00,BH,0.17327273171934535,NS
B_shape+cand,RandomForest,27,XTEJ1118+480,90011-01-01-08,BH,0.40535925485698543,NS
B_shape+cand,RandomForest,27,XTEJ1118+480,90011-01-01-10,BH,0.9016016915199306,BH
B_shape+cand,RandomForest,27,XTEJ1118+480,90011-01-01-05,BH,0.33961654786506174,NS
B_shape+cand,RandomForest,27,XTEJ1118+480,90111-01-02-06,BH,0.15534935963792604,NS
B_shape+cand,RandomForest,27,XTEJ1118+480,90111-01-02-15,BH,0.38252408752215544,NS
B_shape+cand,RandomForest,27,XTEJ1118+480,90111-01-02-07,BH,0.09430259238595476,NS
B_shape+cand,RandomForest,27,XTEJ1118+480,90111-01-03-02,BH,0.2992096415997032,NS
B_shape+cand,RandomForest,28,XTEJ1550-564,50135-01-02-00,BH,0.15129479302299229,NS
B_shape+cand,RandomForest,28,XTEJ1550-564,50135-01-08-00,BH,0.9714680622793173,BH
B_shape+cand,RandomForest,28,XTEJ1550-564,50135-01-15-00,BH,0.3907376759502388,NS
B_shape+cand,RandomForest,28,XTEJ1550-564,50135-01-19-00,BH,0.4611154611003284,NS
B_shape+cand,RandomForest,28,XTEJ1550-564,50135-01-23-00,BH,0.5868795550946441,BH
B_shape+cand,RandomForest,28,XTEJ1550-564,50137-02-09-00,BH,0.8602760085173294,BH
B_shape+cand,RandomForest,28,XTEJ1550-564,60428-01-03-00,BH,0.9710367719044698,BH
B_shape+cand,RandomForest,28,XTEJ1550-564,60428-01-05-00,BH,0.9723272975289344,BH
B_shape+cand,RandomForest,28,XTEJ1550-564,60428-01-09-00,BH,0.9381375373240783,BH
B_shape+cand,RandomForest,28,XTEJ1550-564,60428-01-15-00,BH,0.6516207823289262,BH
B_shape+cand,RandomForest,28,XTEJ1550-564,80135-01-01-01,BH,0.8533373476814393,BH
B_shape+cand,RandomForest,28,XTEJ1550-564,80135-01-02-01,BH,0.8214848636786858,BH
B_shape+cand,RandomForest,28,XTEJ1550-564,80135-01-03-10,BH,0.8636966622124643,BH
B_shape+cand,RandomForest,28,XTEJ1550-564,80135-01-04-02,BH,0.9440458472841232,BH
B_shape+cand,RandomForest,28,XTEJ1550-564,80135-01-05-10,BH,0.8696840293469672,BH
B_shape+cand,RandomForest,29,XTEJ1650-500,60113-01-06-00,BH,0.1182684095739232,NS
B_shape+cand,RandomForest,29,XTEJ1650-500,60113-01-09-00,BH,0.7600263720858339,BH
B_shape+cand,RandomForest,29,XTEJ1650-500,60113-01-11-01,BH,0.924258426702685,BH
B_shape+cand,RandomForest,29,XTEJ1650-500,60113-01-15-00,BH,1.0,BH
B_shape+cand,RandomForest,29,XTEJ1650-500,60113-01-23-00,BH,1.0,BH
B_shape+cand,RandomForest,29,XTEJ1650-500,60113-01-27-00,BH,1.0,BH
B_shape+cand,RandomForest,29,XTEJ1650-500,60113-01-29-02,BH,0.9990783410138249,BH
B_shape+cand,RandomForest,29,XTEJ1650-500,60113-01-34-00,BH,0.9965156182571864,BH
B_shape+cand,RandomForest,29,XTEJ1650-500,60113-01-36-00,BH,0.9906094140347429,BH
B_shape+cand,RandomForest,29,XTEJ1650-500,60113-01-38-00,BH,0.9952993214261399,BH
B_shape+cand,RandomForest,29,XTEJ1650-500,60118-02-08-00,BH,0.9638162556811131,BH
B_shape+cand,RandomForest,29,XTEJ1650-500,60118-02-14-00,BH,0.4855908999997343,NS
B_shape+cand,RandomForest,29,XTEJ1650-500,60118-02-20-00,BH,0.49845639241767686,NS
B_shape+cand,RandomForest,29,XTEJ1650-500,60118-02-28-00,BH,0.7603423040383148,BH
B_shape+cand,RandomForest,29,XTEJ1650-500,70124-01-02-00,BH,0.6535163842123564,BH
B_shape+cand,RandomForest,30,XTEJ1814-338,80138-04-02-00,NS,0.43484899533305266,NS
B_shape+cand,RandomForest,30,XTEJ1814-338,80145-02-01-01,NS,0.5694714595597468,BH
B_shape+cand,RandomForest,30,XTEJ1814-338,80418-01-01-07,NS,0.7477936235918482,BH
B_shape+cand,RandomForest,30,XTEJ1814-338,80418-01-02-00,NS,0.6855548272223224,BH
B_shape+cand,RandomForest,30,XTEJ1814-338,80418-01-02-08,NS,0.7506639949660604,BH
B_shape+cand,RandomForest,30,XTEJ1814-338,80418-01-02-05,NS,0.7745173687358101,BH
B_shape+cand,RandomForest,30,XTEJ1814-338,80418-01-03-02,NS,0.6194491929974169,BH
B_shape+cand,RandomForest,30,XTEJ1814-338,80418-01-03-08,NS,0.6972629094910634,BH
B_shape+cand,RandomForest,30,XTEJ1814-338,80418-01-04-03,NS,0.7233505524054189,BH
B_shape+cand,RandomForest,30,XTEJ1814-338,80418-01-05-00,NS,0.5723243328645501,BH
B_shape+cand,RandomForest,30,XTEJ1814-338,80418-01-05-08,NS,0.10693173207775944,NS
B_shape+cand,RandomForest,30,XTEJ1814-338,80418-01-06-00,NS,0.7228177002711935,BH
B_shape+cand,RandomForest,30,XTEJ1814-338,80418-01-06-02,NS,0.7292007210993096,BH
B_shape+cand,RandomForest,30,XTEJ1814-338,80418-01-06-06,NS,0.6142075560903543,BH
B_shape+cand,RandomForest,30,XTEJ1814-338,80418-01-07-06,NS,0.3570422014795726,NS
H_colours+cand,LogReg,0,4U1254-690,60044-01-01-02,NS,0.15823559727930225,NS
H_colours+cand,LogReg,0,4U1254-690,60044-01-01-00,NS,0.17788837918236472,NS
H_colours+cand,LogReg,0,4U1254-690,60044-01-01-03,NS,0.06771076628699418,NS
H_colours+cand,LogReg,0,4U1254-690,60044-01-01-05,NS,0.08532097784671179,NS
H_colours+cand,LogReg,0,4U1254-690,60044-01-02-100,NS,0.11522403667641187,NS
H_colours+cand,LogReg,0,4U1254-690,60044-01-02-000,NS,0.12233687555704627,NS
H_colours+cand,LogReg,0,4U1254-690,90036-01-01-01,NS,0.15594651739694987,NS
H_colours+cand,LogReg,0,4U1254-690,90036-01-01-03,NS,0.08564015807015952,NS
H_colours+cand,LogReg,0,4U1254-690,93406-13-01-00,NS,0.08584873768890756,NS
H_colours+cand,LogReg,0,4U1254-690,95324-01-01-010,NS,0.07092447525456777,NS
H_colours+cand,LogReg,0,4U1254-690,95324-01-01-000,NS,0.07802113518654763,NS
H_colours+cand,LogReg,0,4U1254-690,95324-01-01-00,NS,0.0961736335077015,NS
H_colours+cand,LogReg,0,4U1254-690,95324-01-02-000,NS,0.07561637692846376,NS
H_colours+cand,LogReg,0,4U1254-690,95324-01-02-00,NS,0.14754080407578551,NS
H_colours+cand,LogReg,0,4U1254-690,95324-01-02-01,NS,0.0710039603425602,NS
H_colours+cand,LogReg,1,4U1323-619,70050-03-01-01,NS,0.14379436666597267,NS
H_colours+cand,LogReg,1,4U1323-619,70050-03-01-02,NS,0.23083775478253515,NS
H_colours+cand,LogReg,1,4U1323-619,90062-03-01-02,NS,0.2500497393445061,NS
H_colours+cand,LogReg,1,4U1323-619,90062-03-01-01,NS,0.5013269957806896,BH
H_colours+cand,LogReg,1,4U1323-619,95442-01-01-01,NS,0.3137664732820021,NS
H_colours+cand,LogReg,1,4U1323-619,95442-01-01-02,NS,0.2786928915907264,NS
H_colours+cand,LogReg,1,4U1323-619,96405-01-01-00,NS,0.2162037730250101,NS
H_colours+cand,LogReg,1,4U1323-619,96405-01-01-01,NS,0.2847010500869495,NS
H_colours+cand,LogReg,1,4U1323-619,96405-01-02-00,NS,0.16719933281692057,NS
H_colours+cand,LogReg,1,4U1323-619,96405-01-02-01,NS,0.2554285968121942,NS
H_colours+cand,LogReg,1,4U1323-619,96405-01-04-00,NS,0.26474967673607835,NS
H_colours+cand,LogReg,1,4U1323-619,96405-01-05-00,NS,0.19304198317058532,NS
H_colours+cand,LogReg,1,4U1323-619,96405-01-05-01,NS,0.38296072698655464,NS
H_colours+cand,LogReg,1,4U1323-619,96405-01-05-02,NS,0.2281374791420887,NS
H_colours+cand,LogReg,1,4U1323-619,96405-01-05-03,NS,0.2297569316471856,NS
H_colours+cand,LogReg,2,4U1543-47,70133-01-01-00,BH,0.9993249418578315,BH
H_colours+cand,LogReg,2,4U1543-47,70132-01-01-02G,BH,0.9954736692036047,BH
H_colours+cand,LogReg,2,4U1543-47,70133-01-14-00,BH,0.9994765730764935,BH
H_colours+cand,LogReg,2,4U1543-47,70132-01-02-00,BH,0.9990666829529483,BH
H_colours+cand,LogReg,2,4U1543-47,70133-01-10-00,BH,0.9980010872948444,BH
H_colours+cand,LogReg,2,4U1543-47,70133-01-19-00,BH,0.9999208074841209,BH
H_colours+cand,LogReg,2,4U1543-47,70133-01-22-00,BH,0.9998737375774439,BH
H_colours+cand,LogReg,2,4U1543-47,70133-01-24-00,BH,0.9999502859235492,BH
H_colours+cand,LogReg,2,4U1543-47,70133-01-27-01,BH,0.9999365691292014,BH
H_colours+cand,LogReg,2,4U1543-47,70133-01-28-00,BH,0.9996842478195953,BH
H_colours+cand,LogReg,2,4U1543-47,70133-01-31-01,BH,0.9929051463945145,BH
H_colours+cand,LogReg,2,4U1543-47,70128-01-01-01,BH,0.9613565207401389,BH
H_colours+cand,LogReg,2,4U1543-47,70124-02-09-00,BH,0.6215953196638874,BH
H_colours+cand,LogReg,2,4U1543-47,70124-02-10-00,BH,0.6873575158635847,BH
H_colours+cand,LogReg,2,4U1543-47,70124-02-14-00,BH,0.9023326876865075,BH
H_colours+cand,LogReg,3,4U1608-52,60052-02-03-00,NS,0.0926504626673057,NS
H_colours+cand,LogReg,3,4U1608-52,70059-01-01-00G,NS,0.1557792403844924,NS
H_colours+cand,LogReg,3,4U1608-52,70058-01-32-00,NS,0.11804373684521423,NS
H_colours+cand,LogReg,3,4U1608-52,70069-01-04-03,NS,0.6504777215706182,BH
H_colours+cand,LogReg,3,4U1608-52,90408-01-01-03,NS,0.146261499810297,NS
H_colours+cand,LogReg,3,4U1608-52,90408-01-03-03,NS,0.6703410581497534,BH
H_colours+cand,LogReg,3,4U1608-52,93408-01-14-00,NS,0.5486737183950278,BH
H_colours+cand,LogReg,3,4U1608-52,93408-01-17-01,NS,0.14342680587904685,NS
H_colours+cand,LogReg,3,4U1608-52,93408-01-22-01,NS,0.09431180903698912,NS
H_colours+cand,LogReg,3,4U1608-52,93408-01-27-03,NS,0.623443509807583,BH
H_colours+cand,LogReg,3,4U1608-52,93408-01-55-01,NS,0.6337998180050263,BH
H_colours+cand,LogReg,3,4U1608-52,94401-01-03-02,NS,0.05543855335360421,NS
H_colours+cand,LogReg,3,4U1608-52,94401-01-38-02,NS,0.5151163536699235,BH
H_colours+cand,LogReg,3,4U1608-52,96423-01-03-00,NS,0.09366886928415098,NS
H_colours+cand,LogReg,3,4U1608-52,96423-01-21-03,NS,0.5123572868238144,BH
H_colours+cand,LogReg,4,4U1636-53,50030-02-04-00,NS,0.10583486442736688,NS
H_colours+cand,LogReg,4,4U1636-53,60032-01-20-000,NS,0.08111825418765602,NS
H_colours+cand,LogReg,4,4U1636-53,91024-01-74-00,NS,0.48338409083272155,NS
H_colours+cand,LogReg,4,4U1636-53,91024-01-12-10,NS,0.09786167359425157,NS
H_colours+cand,LogReg,4,4U1636-53,92023-01-50-00,NS,0.2036708335402251,NS
H_colours+cand,LogReg,4,4U1636-53,92023-01-79-10,NS,0.0392347795585576,NS
H_colours+cand,LogReg,4,4U1636-53,93087-01-27-00,NS,0.05729842227821601,NS
H_colours+cand,LogReg,4,4U1636-53,93087-01-80-00,NS,0.28878112784389004,NS
H_colours+cand,LogReg,4,4U1636-53,93087-01-33-20,NS,0.05929046115439723,NS
H_colours+cand,LogReg,4,4U1636-53,94087-01-16-00,NS,0.48246416971228406,NS
H_colours+cand,LogReg,4,4U1636-53,94087-01-25-10,NS,0.21986495587197116,NS
H_colours+cand,LogReg,4,4U1636-53,94087-01-44-10,NS,0.041805403714655485,NS
H_colours+cand,LogReg,4,4U1636-53,95087-01-47-10,NS,0.27820602176334236,NS
H_colours+cand,LogReg,4,4U1636-53,96087-01-52-00,NS,0.3558035698235013,NS
H_colours+cand,LogReg,4,4U1636-53,96087-01-11-10,NS,0.1990797111355948,NS
H_colours+cand,LogReg,5,4U1702-429,50029-27-01-000,NS,0.6297530887389885,BH
H_colours+cand,LogReg,5,4U1702-429,50030-01-04-00,NS,0.5890669733187558,BH
H_colours+cand,LogReg,5,4U1702-429,50030-01-09-03,NS,0.5217053884027619,BH
H_colours+cand,LogReg,5,4U1702-429,80033-01-01-01,NS,0.502998204490698,BH
H_colours+cand,LogReg,5,4U1702-429,80033-01-02-000,NS,0.03857114529063263,NS
H_colours+cand,LogReg,5,4U1702-429,80033-01-04-03,NS,0.02331908318612274,NS
H_colours+cand,LogReg,5,4U1702-429,80033-01-08-00G,NS,0.033289043922118434,NS
H_colours+cand,LogReg,5,4U1702-429,80033-01-10-04G,NS,0.026748735162919784,NS
H_colours+cand,LogReg,5,4U1702-429,80033-01-11-02,NS,0.024296154961089694,NS
H_colours+cand,LogReg,5,4U1702-429,80033-01-12-02,NS,0.034975029226631434,NS
H_colours+cand,LogReg,5,4U1702-429,80033-01-16-05,NS,0.029367487391894962,NS
H_colours+cand,LogReg,5,4U1702-429,80033-01-18-02,NS,0.4272573847146288,NS
H_colours+cand,LogReg,5,4U1702-429,80033-01-20-01,NS,0.3402533071122299,NS
H_colours+cand,LogReg,5,4U1702-429,80033-01-21-03,NS,0.4571549859391436,NS
H_colours+cand,LogReg,5,4U1702-429,94415-01-01-00,NS,0.32475477671922953,NS
H_colours+cand,LogReg,6,4U1705-44,91039-01-01-61,NS,0.3630924808397777,NS
H_colours+cand,LogReg,6,4U1705-44,90170-01-01-00,NS,0.05442106264300543,NS
H_colours+cand,LogReg,6,4U1705-44,93060-01-05-00,NS,0.5922716034863883,BH
H_colours+cand,LogReg,6,4U1705-44,93060-01-50-00,NS,0.5593549043074695,BH
H_colours+cand,LogReg,6,4U1705-44,93060-01-77-00,NS,0.053229940988522725,NS
H_colours+cand,LogReg,6,4U1705-44,93060-01-93-00,NS,0.09386600977024877,NS
H_colours+cand,LogReg,6,4U1705-44,93060-01-45-00,NS,0.07862330298810415,NS
H_colours+cand,LogReg,6,4U1705-44,94060-01-23-00,NS,0.06700079457865621,NS
H_colours+cand,LogReg,6,4U1705-44,94060-01-46-00,NS,0.0752466735726752,NS
H_colours+cand,LogReg,6,4U1705-44,94060-01-55-00,NS,0.05835827589203328,NS
H_colours+cand,LogReg,6,4U1705-44,95060-01-35-00,NS,0.26023227915403624,NS
H_colours+cand,LogReg,6,4U1705-44,95060-01-66-00,NS,0.09125784347646773,NS
H_colours+cand,LogReg,6,4U1705-44,95060-01-78-00,NS,0.06556539694044539,NS
H_colours+cand,LogReg,6,4U1705-44,96060-01-40-00,NS,0.07875419392611027,NS
H_colours+cand,LogReg,6,4U1705-44,96060-01-73-00,NS,0.05068570255970404,NS
H_colours+cand,LogReg,7,4U1724-307,60034-02-01-01,NS,0.4822932148123817,NS
H_colours+cand,LogReg,7,4U1724-307,50060-05-01-07,NS,0.5486592111142589,BH
H_colours+cand,LogReg,7,4U1724-307,50060-05-01-05,NS,0.4683860042037972,NS
H_colours+cand,LogReg,7,4U1724-307,60034-02-02-02,NS,0.42377856485389037,NS
H_colours+cand,LogReg,7,4U1724-307,60034-02-03-10,NS,0.3913018283270544,NS
H_colours+cand,LogReg,7,4U1724-307,60034-02-05-01,NS,0.43945345465811436,NS
H_colours+cand,LogReg,7,4U1724-307,80105-10-01-00,NS,0.43318028066815123,NS
H_colours+cand,LogReg,7,4U1724-307,80138-06-03-00,NS,0.0227261399540713,NS
H_colours+cand,LogReg,7,4U1724-307,90058-06-03-00,NS,0.22561417151665433,NS
H_colours+cand,LogReg,7,4U1724-307,91050-07-01-00,NS,0.2686534254183796,NS
H_colours+cand,LogReg,7,4U1724-307,93044-06-04-00,NS,0.041347357329621665,NS
H_colours+cand,LogReg,7,4U1724-307,93044-06-07-00,NS,0.2546100948436911,NS
H_colours+cand,LogReg,7,4U1724-307,93438-01-02-03,NS,0.33262691821123586,NS
H_colours+cand,LogReg,7,4U1724-307,93438-01-04-00,NS,0.32178387436332656,NS
H_colours+cand,LogReg,7,4U1724-307,93438-01-07-01,NS,0.4568356771772295,NS
H_colours+cand,LogReg,8,4U1728-34,50023-01-29-00,NS,0.18383004899422176,NS
H_colours+cand,LogReg,8,4U1728-34,50030-03-05-03,NS,0.31367788496883375,NS
H_colours+cand,LogReg,8,4U1728-34,70028-01-01-08,NS,0.20848831008359767,NS
H_colours+cand,LogReg,8,4U1728-34,70028-01-01-05,NS,0.23371600106704035,NS
H_colours+cand,LogReg,8,4U1728-34,92023-03-08-00,NS,0.03082450237736526,NS
H_colours+cand,LogReg,8,4U1728-34,92023-03-37-00,NS,0.1582325258599032,NS
H_colours+cand,LogReg,8,4U1728-34,92023-03-76-00,NS,0.02881081994661499,NS
H_colours+cand,LogReg,8,4U1728-34,92023-03-98-00,NS,0.13721991538512032,NS
H_colours+cand,LogReg,8,4U1728-34,92023-03-19-10,NS,0.023506733381209035,NS
H_colours+cand,LogReg,8,4U1728-34,92023-03-30-10,NS,0.0575843440126319,NS
H_colours+cand,LogReg,8,4U1728-34,92023-03-44-00,NS,0.24140714519352255,NS
H_colours+cand,LogReg,8,4U1728-34,92023-03-49-00,NS,0.2640736701479556,NS
H_colours+cand,LogReg,8,4U1728-34,92023-03-70-00,NS,0.18322824558618847,NS
H_colours+cand,LogReg,8,4U1728-34,95337-01-02-00,NS,0.027338124964825072,NS
H_colours+cand,LogReg,8,4U1728-34,96322-01-01-05,NS,0.02074947399190094,NS
H_colours+cand,LogReg,9,4U1735-44,50025-02-01-01,NS,0.03590652288704915,NS
H_colours+cand,LogReg,9,4U1735-44,50026-01-01-00,NS,0.028269819905005364,NS
H_colours+cand,LogReg,9,4U1735-44,91152-06-01-10,NS,0.02755879985529219,NS
H_colours+cand,LogReg,9,4U1735-44,91025-01-01-04,NS,0.028764093318770938,NS
H_colours+cand,LogReg,9,4U1735-44,91025-01-04-04,NS,0.029958457170085283,NS
H_colours+cand,LogReg,9,4U1735-44,91025-01-04-06,NS,0.005791254232594719,NS
H_colours+cand,LogReg,9,4U1735-44,91025-01-05-01,NS,0.019798143209786023,NS
H_colours+cand,LogReg,9,4U1735-44,91025-01-08-07,NS,0.008165962395103482,NS
H_colours+cand,LogReg,9,4U1735-44,91025-01-09-12,NS,0.005869116654131386,NS
H_colours+cand,LogReg,9,4U1735-44,91025-01-09-10,NS,0.01812958188335235,NS
H_colours+cand,LogReg,9,4U1735-44,91025-01-13-03,NS,0.01078930530101417,NS
H_colours+cand,LogReg,9,4U1735-44,91025-01-13-08,NS,0.011206895458728551,NS
H_colours+cand,LogReg,9,4U1735-44,93200-01-03-01,NS,0.011798674575623037,NS
H_colours+cand,LogReg,9,4U1735-44,96325-01-01-04,NS,0.017376455582496033,NS
H_colours+cand,LogReg,9,4U1735-44,96331-01-02-01,NS,0.022322027042735386,NS
H_colours+cand,LogReg,10,4U1746-371,60044-02-01-10,NS,0.05174809050559146,NS
H_colours+cand,LogReg,10,4U1746-371,60044-02-01-05,NS,0.038420189585798944,NS
H_colours+cand,LogReg,10,4U1746-371,60044-02-01-07,NS,0.059552575055242696,NS
H_colours+cand,LogReg,10,4U1746-371,60044-02-01-06,NS,0.05350944113214751,NS
H_colours+cand,LogReg,10,4U1746-371,60044-02-02-00,NS,0.0589886509460694,NS
H_colours+cand,LogReg,10,4U1746-371,60044-02-02-010,NS,0.030366398881589988,NS
H_colours+cand,LogReg,10,4U1746-371,60044-02-02-09,NS,0.025112064420499805,NS
H_colours+cand,LogReg,10,4U1746-371,60044-02-02-10,NS,0.06176732025752404,NS
H_colours+cand,LogReg,10,4U1746-371,70050-01-01-03,NS,0.04656160134742393,NS
H_colours+cand,LogReg,10,4U1746-371,70050-01-01-06,NS,0.038320258235742075,NS
H_colours+cand,LogReg,10,4U1746-371,70050-01-01-00,NS,0.02862080141298673,NS
H_colours+cand,LogReg,10,4U1746-371,70050-01-01-08,NS,0.021388609608156396,NS
H_colours+cand,LogReg,10,4U1746-371,90044-01-02-01,NS,0.0254912221688373,NS
H_colours+cand,LogReg,10,4U1746-371,90044-01-04-000,NS,0.048710546294064225,NS
H_colours+cand,LogReg,10,4U1746-371,90044-01-04-00,NS,0.4579285165975949,NS
H_colours+cand,LogReg,11,4U1820-30,40017-01-21-02,NS,0.026562636786185218,NS
H_colours+cand,LogReg,11,4U1820-30,60030-01-02-01,NS,0.0281472415505536,NS
H_colours+cand,LogReg,11,4U1820-30,70030-03-03-00,NS,0.01957241365141575,NS
H_colours+cand,LogReg,11,4U1820-30,70030-03-05-00,NS,0.06803325892738202,NS
H_colours+cand,LogReg,11,4U1820-30,90027-01-01-06,NS,0.021308171470111097,NS
H_colours+cand,LogReg,11,4U1820-30,90027-01-03-00,NS,0.014664408882814828,NS
H_colours+cand,LogReg,11,4U1820-30,90027-01-04-04,NS,0.020547908575601587,NS
H_colours+cand,LogReg,11,4U1820-30,92030-02-02-00,NS,0.015518430258136769,NS
H_colours+cand,LogReg,11,4U1820-30,91152-04-01-00,NS,0.016527256211797875,NS
H_colours+cand,LogReg,11,4U1820-30,92030-02-05-00,NS,0.01985344479189518,NS
H_colours+cand,LogReg,11,4U1820-30,94090-01-01-00,NS,0.03087302536539414,NS
H_colours+cand,LogReg,11,4U1820-30,94090-01-02-01,NS,0.1417217793288123,NS
H_colours+cand,LogReg,11,4U1820-30,92030-02-12-00,NS,0.011447090481399956,NS
H_colours+cand,LogReg,11,4U1820-30,96090-01-01-020,NS,0.013948520015434816,NS
H_colours+cand,LogReg,11,4U1820-30,96324-01-02-01,NS,0.014377364630071082,NS
H_colours+cand,LogReg,12,4U1915-05,50026-03-01-00,NS,0.4244998286418984,NS
H_colours+cand,LogReg,12,4U1915-05,50026-03-01-01,NS,0.5807755846693907,BH
H_colours+cand,LogReg,12,4U1915-05,70034-02-01-01,NS,0.014990199011564186,NS
H_colours+cand,LogReg,12,4U1915-05,70034-02-01-00,NS,0.015093993156281014,NS
H_colours+cand,LogReg,12,4U1915-05,70034-02-02-01,NS,0.15622948485790522,NS
H_colours+cand,LogReg,12,4U1915-05,70034-02-02-00,NS,0.45927699175763614,NS
H_colours+cand,LogReg,13,AQLX1,50049-02-06-01,NS,0.08856835289887534,NS
H_colours+cand,LogReg,13,AQLX1,50049-02-15-06,NS,0.19448068892581838,NS
H_colours+cand,LogReg,13,AQLX1,60054-02-03-03,NS,0.1771455131041511,NS
H_colours+cand,LogReg,13,AQLX1,70069-03-01-00,NS,0.18139042280344478,NS
H_colours+cand,LogReg,13,AQLX1,80403-01-03-00,NS,0.48113145048376144,NS
H_colours+cand,LogReg,13,AQLX1,90017-11-06-00,NS,0.8060277842275235,BH
H_colours+cand,LogReg,13,AQLX1,91028-01-29-00,NS,0.6664644535348926,BH
H_colours+cand,LogReg,13,AQLX1,92034-01-02-00,NS,0.7521579414690227,BH
H_colours+cand,LogReg,13,AQLX1,93076-01-02-00,NS,0.42520126294427346,NS
H_colours+cand,LogReg,13,AQLX1,92438-01-02-02,NS,0.6853795583831296,BH
H_colours+cand,LogReg,13,AQLX1,94076-01-03-04,NS,0.6894421853438393,BH
H_colours+cand,LogReg,13,AQLX1,94441-01-01-00,NS,0.16589260326552716,NS
H_colours+cand,LogReg,13,AQLX1,95413-01-02-01,NS,0.5503997947359656,BH
H_colours+cand,LogReg,13,AQLX1,96440-01-05-02,NS,0.08084524126336824,NS
H_colours+cand,LogReg,13,AQLX1,96440-01-08-06,NS,0.12756845821833543,NS
H_colours+cand,LogReg,14,CYGX2,40019-04-05-09,NS,0.1616277527071373,NS
H_colours+cand,LogReg,14,CYGX2,80018-02-01-00G,NS,0.426643733824088,NS
H_colours+cand,LogReg,14,CYGX2,90030-01-23-00,NS,0.2053271775660543,NS
H_colours+cand,LogReg,14,CYGX2,90030-01-45-00,NS,0.1294106007096579,NS
H_colours+cand,LogReg,14,CYGX2,90030-01-55-01,NS,0.09989296935418478,NS
H_colours+cand,LogReg,14,CYGX2,91010-01-01-05,NS,0.3613451711701881,NS
H_colours+cand,LogReg,14,CYGX2,91009-01-28-01,NS,0.2467667190384014,NS
H_colours+cand,LogReg,14,CYGX2,90030-01-15-00,NS,0.04248486399746518,NS
H_colours+cand,LogReg,14,CYGX2,90030-01-09-00,NS,0.11401499261699992,NS
H_colours+cand,LogReg,14,CYGX2,92039-01-04-01,NS,0.16877090521379953,NS
H_colours+cand,LogReg,14,CYGX2,92038-01-06-01,NS,0.24650985632381006,NS
H_colours+cand,LogReg,14,CYGX2,93082-02-02-01,NS,0.1786352443066642,NS
H_colours+cand,LogReg,14,CYGX2,93443-01-01-09,NS,0.46326530085933654,NS
H_colours+cand,LogReg,14,CYGX2,95345-01-06-00,NS,0.33695216069298933,NS
H_colours+cand,LogReg,14,CYGX2,95345-01-40-00,NS,0.10256018502339785,NS
H_colours+cand,LogReg,15,EXO0748-676,50045-06-05-00,NS,0.2083999942595466,NS
H_colours+cand,LogReg,15,EXO0748-676,70048-03-02-00,NS,0.17544402630486636,NS
H_colours+cand,LogReg,15,EXO0748-676,60042-03-01-00,NS,0.1057235486430135,NS
H_colours+cand,LogReg,15,EXO0748-676,70047-02-01-03,NS,0.0892979990005308,NS
H_colours+cand,LogReg,15,EXO0748-676,70048-13-12-00,NS,0.2219759279091363,NS
H_colours+cand,LogReg,15,EXO0748-676,80040-01-09-01,NS,0.4043856214117201,NS
H_colours+cand,LogReg,15,EXO0748-676,90039-01-03-02,NS,0.43391837751897044,NS
H_colours+cand,LogReg,15,EXO0748-676,90039-01-04-01,NS,0.3720869380061769,NS
H_colours+cand,LogReg,15,EXO0748-676,91035-01-04-09,NS,0.2501440051136122,NS
H_colours+cand,LogReg,15,EXO0748-676,92019-01-05-02,NS,0.23334730166318043,NS
H_colours+cand,LogReg,15,EXO0748-676,92019-01-06-03,NS,0.3224020373035075,NS
H_colours+cand,LogReg,15,EXO0748-676,92019-01-16-00,NS,0.1647283114026684,NS
H_colours+cand,LogReg,15,EXO0748-676,92019-01-18-01,NS,0.296574812907955,NS
H_colours+cand,LogReg,15,EXO0748-676,92019-01-26-01,NS,0.07319833939071015,NS
H_colours+cand,LogReg,15,EXO0748-676,92040-03-01-00,NS,0.13408439544922315,NS
H_colours+cand,LogReg,16,GROJ1655-40,90428-01-01-07,BH,0.4933852252062764,NS
H_colours+cand,LogReg,16,GROJ1655-40,91702-01-02-03,BH,0.9947007465278541,BH
H_colours+cand,LogReg,16,GROJ1655-40,91702-01-22-00,BH,0.859140820568751,BH
H_colours+cand,LogReg,16,GROJ1655-40,91702-01-22-03,BH,0.836656633782627,BH
H_colours+cand,LogReg,16,GROJ1655-40,91702-01-43-00,BH,0.7872159446570525,BH
H_colours+cand,LogReg,16,GROJ1655-40,91702-01-51-02,BH,0.8532116871037237,BH
H_colours+cand,LogReg,16,GROJ1655-40,91702-01-56-03,BH,0.9361337361669357,BH
H_colours+cand,LogReg,16,GROJ1655-40,91702-01-66-05,BH,0.958797755328164,BH
H_colours+cand,LogReg,16,GROJ1655-40,91702-01-78-00,BH,0.9952152588735935,BH
H_colours+cand,LogReg,16,GROJ1655-40,91702-01-01-13,BH,0.9921093382161756,BH
H_colours+cand,LogReg,16,GROJ1655-40,91702-01-17-11,BH,0.9956082745002091,BH
H_colours+cand,LogReg,16,GROJ1655-40,91702-01-39-10,BH,0.9990762440616542,BH
H_colours+cand,LogReg,16,GROJ1655-40,91702-01-48-10,BH,0.9993930885628363,BH
H_colours+cand,LogReg,16,GROJ1655-40,91702-01-81-00,BH,0.5917738689023968,BH
H_colours+cand,LogReg,16,GROJ1655-40,91702-01-86-04,BH,0.43857501593828446,NS
H_colours+cand,LogReg,17,GRS1915+105,50703-01-11-00,BH,0.781055998593478,BH
H_colours+cand,LogReg,17,GRS1915+105,50703-01-62-01,BH,0.7315718948487526,BH
H_colours+cand,LogReg,17,GRS1915+105,60701-01-13-03,BH,0.21023116220125757,NS
H_colours+cand,LogReg,17,GRS1915+105,70702-01-02-00,BH,0.3862563912075586,NS
H_colours+cand,LogReg,17,GRS1915+105,70702-01-21-01,BH,0.5411302009167123,BH
H_colours+cand,LogReg,17,GRS1915+105,80127-04-01-02,BH,0.12555718608875305,NS
H_colours+cand,LogReg,17,GRS1915+105,90701-01-16-00,BH,0.5517604387532069,BH
H_colours+cand,LogReg,17,GRS1915+105,90701-01-40-00,BH,0.09605011377723006,NS
H_colours+cand,LogReg,17,GRS1915+105,90024-02-37-00,BH,0.5695740087117898,BH
H_colours+cand,LogReg,17,GRS1915+105,92702-01-06-00,BH,0.572210574414613,BH
H_colours+cand,LogReg,17,GRS1915+105,80701-01-53-00,BH,0.5742408410944909,BH
H_colours+cand,LogReg,17,GRS1915+105,93701-01-08-00,BH,0.8872724247658448,BH
H_colours+cand,LogReg,17,GRS1915+105,91701-01-83-00,BH,0.7112930477415694,BH
H_colours+cand,LogReg,17,GRS1915+105,95701-01-44-00,BH,0.45652101847013554,NS
H_colours+cand,LogReg,17,GRS1915+105,96701-01-39-00,BH,0.13849541390966857,NS
H_colours+cand,LogReg,18,GS1826-238,50035-01-02-00,NS,0.2919041541302385,NS
H_colours+cand,LogReg,18,GS1826-238,50035-01-03-02,NS,0.32215319254371116,NS
H_colours+cand,LogReg,18,GS1826-238,50035-01-03-04,NS,0.30122882951821395,NS
H_colours+cand,LogReg,18,GS1826-238,50035-01-03-090,NS,0.34595049253585053,NS
H_colours+cand,LogReg,18,GS1826-238,80048-01-01-09,NS,0.26438409581758293,NS
H_colours+cand,LogReg,18,GS1826-238,80048-01-01-14,NS,0.236350841914117,NS
H_colours+cand,LogReg,18,GS1826-238,80049-01-01-00,NS,0.2730606026419541,NS
H_colours+cand,LogReg,18,GS1826-238,90043-01-01-02,NS,0.23403093980778114,NS
H_colours+cand,LogReg,18,GS1826-238,70044-01-03-00,NS,0.3421578101259458,NS
H_colours+cand,LogReg,18,GS1826-238,92703-01-04-02,NS,0.20919363629596657,NS
H_colours+cand,LogReg,18,GS1826-238,70044-01-04-00,NS,0.22947862414469397,NS
H_colours+cand,LogReg,18,GS1826-238,91017-01-02-05,NS,0.2683128943180608,NS
H_colours+cand,LogReg,18,GS1826-238,91017-01-02-03,NS,0.20212043309621236,NS
H_colours+cand,LogReg,18,GS1826-238,91017-01-02-10,NS,0.20998745848347425,NS
H_colours+cand,LogReg,18,GS1826-238,96306-01-01-01,NS,0.2048381093825194,NS
H_colours+cand,LogReg,19,GX17+2,70023-01-01-01,NS,0.047350417094866176,NS
H_colours+cand,LogReg,19,GX17+2,80022-01-01-09,NS,0.09841305005539482,NS
H_colours+cand,LogReg,19,GX17+2,80022-01-01-03,NS,0.04762192104479078,NS
H_colours+cand,LogReg,19,GX17+2,80022-01-01-02,NS,0.07833785512325431,NS
H_colours+cand,LogReg,19,GX17+2,80022-01-03-01,NS,0.11702649222532532,NS
H_colours+cand,LogReg,19,GX17+2,90022-07-03-00,NS,0.016286747599211105,NS
H_colours+cand,LogReg,19,GX17+2,90022-07-04-02,NS,0.05466977824015641,NS
H_colours+cand,LogReg,19,GX17+2,92042-01-02-00G,NS,0.13561067649874955,NS
H_colours+cand,LogReg,19,GX17+2,92042-01-05-01,NS,0.11395155886607099,NS
H_colours+cand,LogReg,19,GX17+2,93406-11-01-00,NS,0.11247501147535609,NS
H_colours+cand,LogReg,19,GX17+2,93439-01-05-01,NS,0.06872444764198954,NS
H_colours+cand,LogReg,19,GX17+2,93439-01-06-00,NS,0.03226043761643317,NS
H_colours+cand,LogReg,19,GX17+2,95318-01-02-01,NS,0.1431733145565328,NS
H_colours+cand,LogReg,19,GX17+2,96310-01-01-000,NS,0.07359380095751841,NS
H_colours+cand,LogReg,19,GX17+2,96310-01-01-02,NS,0.084666361028536,NS
H_colours+cand,LogReg,20,GX3+1,60022-01-01-01,NS,0.0864744243553404,NS
H_colours+cand,LogReg,20,GX3+1,60022-01-02-01,NS,0.10456993316197508,NS
H_colours+cand,LogReg,20,GX3+1,60022-01-04-03,NS,0.11031634218967035,NS
H_colours+cand,LogReg,20,GX3+1,60022-01-04-04,NS,0.06782631137761301,NS
H_colours+cand,LogReg,20,GX3+1,60022-01-05-01,NS,0.07952363934405904,NS
H_colours+cand,LogReg,20,GX3+1,60022-01-06-05,NS,0.037043856401911573,NS
H_colours+cand,LogReg,20,GX3+1,60022-01-06-13,NS,0.06946326102401998,NS
H_colours+cand,LogReg,20,GX3+1,60022-01-07-02,NS,0.0750147120949783,NS
H_colours+cand,LogReg,20,GX3+1,60022-01-08-03,NS,0.08804818468579478,NS
H_colours+cand,LogReg,20,GX3+1,60022-01-10-03,NS,0.1057102476629144,NS
H_colours+cand,LogReg,20,GX3+1,60022-01-10-04,NS,0.10040528346407997,NS
H_colours+cand,LogReg,20,GX3+1,60022-01-13-01,NS,0.10000143142166822,NS
H_colours+cand,LogReg,20,GX3+1,90022-05-05-00,NS,0.0818739975358524,NS
H_colours+cand,LogReg,20,GX3+1,90022-05-06-00,NS,0.11034744699912322,NS
H_colours+cand,LogReg,20,GX3+1,94307-05-01-02,NS,0.09150971380779353,NS
H_colours+cand,LogReg,21,GX339-4,40031-03-03-04,BH,0.9991569621740429,BH
H_colours+cand,LogReg,21,GX339-4,70110-01-54-00,BH,0.9991075036356645,BH
H_colours+cand,LogReg,21,GX339-4,80102-04-56-00,BH,0.9468788797908274,BH
H_colours+cand,LogReg,21,GX339-4,80132-01-22-00,BH,0.6543018542157092,BH
H_colours+cand,LogReg,21,GX339-4,90704-01-05-00,BH,0.9989075830682151,BH
H_colours+cand,LogReg,21,GX339-4,92034-08-01-00,BH,0.8987342948614241,BH
H_colours+cand,LogReg,21,GX339-4,92035-01-03-03,BH,0.8794168216762437,BH
H_colours+cand,LogReg,21,GX339-4,92704-03-13-00,BH,0.7900150587398924,BH
H_colours+cand,LogReg,21,GX339-4,92704-03-22-00,BH,0.35776602000533486,NS
H_colours+cand,LogReg,21,GX339-4,92704-03-45-01,BH,0.6331080364721228,BH
H_colours+cand,LogReg,21,GX339-4,93108-01-01-02,BH,0.7293492116612004,BH
H_colours+cand,LogReg,21,GX339-4,95409-01-02-02,BH,0.4358708800191379,NS
H_colours+cand,LogReg,21,GX339-4,95409-01-20-00,BH,0.9996218423624582,BH
H_colours+cand,LogReg,21,GX339-4,95409-01-29-00,BH,0.9781961071315348,BH
H_colours+cand,LogReg,21,GX339-4,96409-01-10-02,BH,0.6422742144705768,BH
H_colours+cand,LogReg,22,HETEJ1900.1-245,91015-01-07-00,NS,0.7644848170134086,BH
H_colours+cand,LogReg,22,HETEJ1900.1-245,91059-03-03-00,NS,0.7535539362898475,BH
H_colours+cand,LogReg,22,HETEJ1900.1-245,91057-01-07-04,NS,0.7075145876164607,BH
H_colours+cand,LogReg,22,HETEJ1900.1-245,92049-01-05-00,NS,0.6673281737202913,BH
H_colours+cand,LogReg,22,HETEJ1900.1-245,92049-01-07-00,NS,0.14683434721885347,NS
H_colours+cand,LogReg,22,HETEJ1900.1-245,92049-01-40-00,NS,0.6797847901541982,BH
H_colours+cand,LogReg,22,HETEJ1900.1-245,92049-01-56-00,NS,0.04553552003366721,NS
H_colours+cand,LogReg,22,HETEJ1900.1-245,93030-01-14-00,NS,0.6426010395726063,BH
H_colours+cand,LogReg,22,HETEJ1900.1-245,93030-01-47-00,NS,0.7104866299844264,BH
H_colours+cand,LogReg,22,HETEJ1900.1-245,94030-01-05-00,NS,0.8340055512001027,BH
H_colours+cand,LogReg,22,HETEJ1900.1-245,94030-01-27-00,NS,0.650529825266417,BH
H_colours+cand,LogReg,22,HETEJ1900.1-245,94030-01-36-00,NS,0.6970549822321083,BH
H_colours+cand,LogReg,22,HETEJ1900.1-245,95030-01-16-00,NS,0.5544153982709595,BH
H_colours+cand,LogReg,22,HETEJ1900.1-245,96030-01-01-01,NS,0.5013814979481649,BH
H_colours+cand,LogReg,22,HETEJ1900.1-245,96030-01-25-00,NS,0.6443057945162208,BH
H_colours+cand,LogReg,23,KS1731-260,50031-02-01-09,NS,0.4239045118116128,NS
H_colours+cand,LogReg,23,KS1731-260,50031-02-01-12,NS,0.43566263893081636,NS
H_colours+cand,LogReg,23,KS1731-260,50031-02-01-02,NS,0.3519666992439284,NS
H_colours+cand,LogReg,23,KS1731-260,50031-02-01-05,NS,0.39179906633048894,NS
H_colours+cand,LogReg,23,KS1731-260,50031-02-01-08,NS,0.4107458057308349,NS
H_colours+cand,LogReg,23,KS1731-260,50031-02-02-06,NS,0.4415357307996689,NS
H_colours+cand,LogReg,23,KS1731-260,50031-02-02-02,NS,0.470285398264973,NS
H_colours+cand,LogReg,23,KS1731-260,50031-02-02-03,NS,0.2204906838557363,NS
H_colours+cand,LogReg,23,KS1731-260,50031-02-02-080,NS,0.40097844293715285,NS
H_colours+cand,LogReg,23,KS1731-260,50031-02-03-00,NS,0.7977636914791303,BH
H_colours+cand,LogReg,23,KS1731-260,50031-02-03-05,NS,0.8046223305448936,BH
H_colours+cand,LogReg,23,KS1731-260,50031-02-03-04,NS,0.8029238672410038,BH
H_colours+cand,LogReg,23,KS1731-260,50031-02-03-07,NS,0.8191228853409759,BH
H_colours+cand,LogReg,23,KS1731-260,50031-02-03-08,NS,0.7273615986039218,BH
H_colours+cand,LogReg,23,KS1731-260,50031-02-03-01,NS,0.9993145575032388,BH
H_colours+cand,LogReg,24,MXB1658-298,50410-01-01-00,NS,0.33043637083751537,NS
H_colours+cand,LogReg,24,MXB1658-298,50410-01-04-00,NS,0.12070802966030629,NS
H_colours+cand,LogReg,24,MXB1658-298,50410-01-05-00,NS,0.14696462714123992,NS
H_colours+cand,LogReg,24,MXB1658-298,50410-01-08-00,NS,0.4499091272718984,NS
H_colours+cand,LogReg,24,MXB1658-298,50410-01-09-00,NS,0.4505747490400211,NS
H_colours+cand,LogReg,24,MXB1658-298,60048-01-02-00,NS,0.284417675146444,NS
H_colours+cand,LogReg,24,MXB1658-298,60048-01-04-00,NS,0.2290740638709254,NS
H_colours+cand,LogReg,24,MXB1658-298,60048-02-01-00,NS,0.13939819536442608,NS
H_colours+cand,LogReg,24,MXB1658-298,60048-02-03-00,NS,0.22881440189645996,NS
H_colours+cand,LogReg,24,MXB1658-298,60048-03-01-00,NS,0.13229288540788328,NS
H_colours+cand,LogReg,24,MXB1658-298,60048-03-02-00,NS,0.21381012629159,NS
H_colours+cand,LogReg,24,MXB1658-298,60048-03-05-00,NS,0.23776287245199879,NS
H_colours+cand,LogReg,24,MXB1658-298,60048-04-01-00,NS,0.05077489910136075,NS
H_colours+cand,LogReg,24,MXB1658-298,60048-04-03-00,NS,0.6894007331471453,BH
H_colours+cand,LogReg,24,MXB1658-298,60048-04-05-00,NS,0.5295976955409804,BH
H_colours+cand,LogReg,25,SAXJ1808.4-3658,70080-01-02-04,NS,0.6710604590760082,BH
H_colours+cand,LogReg,25,SAXJ1808.4-3658,70080-01-02-22,NS,0.7935389603403151,BH
H_colours+cand,LogReg,25,SAXJ1808.4-3658,70080-01-03-010,NS,0.7763672234960118,BH
H_colours+cand,LogReg,25,SAXJ1808.4-3658,70080-02-01-03,NS,0.7571846248254972,BH
H_colours+cand,LogReg,25,SAXJ1808.4-3658,70080-02-02-35,NS,0.7953671722285205,BH
H_colours+cand,LogReg,25,SAXJ1808.4-3658,70080-02-02-12,NS,0.6373877077785554,BH
H_colours+cand,LogReg,25,SAXJ1808.4-3658,70080-03-13-00,NS,0.7656230359694137,BH
H_colours+cand,LogReg,25,SAXJ1808.4-3658,70080-03-20-13,NS,0.6647026203242715,BH
H_colours+cand,LogReg,25,SAXJ1808.4-3658,70080-03-22-00,NS,0.4921329947270577,NS
H_colours+cand,LogReg,25,SAXJ1808.4-3658,91056-01-03-05,NS,0.8106797757520027,BH
H_colours+cand,LogReg,25,SAXJ1808.4-3658,91418-01-04-00,NS,0.6153221594567654,BH
H_colours+cand,LogReg,25,SAXJ1808.4-3658,93027-01-01-03,NS,0.7449181079175807,BH
H_colours+cand,LogReg,25,SAXJ1808.4-3658,93027-01-05-08,NS,0.9358491444911747,BH
H_colours+cand,LogReg,25,SAXJ1808.4-3658,96027-01-01-00,NS,0.6844138090058466,BH
H_colours+cand,LogReg,25,SAXJ1808.4-3658,96027-01-02-00,NS,0.6978154895346811,BH
H_colours+cand,LogReg,26,SLX1735-269,60034-01-01-00,NS,0.6805142991721687,BH
H_colours+cand,LogReg,26,SLX1735-269,60034-01-02-02,NS,0.5232741650943603,BH
H_colours+cand,LogReg,26,SLX1735-269,60034-01-03-01,NS,0.036404353696856115,NS
H_colours+cand,LogReg,26,SLX1735-269,80138-03-01-00,NS,0.028451823822368636,NS
H_colours+cand,LogReg,26,SLX1735-269,80138-03-02-00,NS,0.6026134712626334,BH
H_colours+cand,LogReg,26,SLX1735-269,80138-03-07-01,NS,0.021852168217387422,NS
H_colours+cand,LogReg,26,SLX1735-269,80138-03-07-03,NS,0.023757424587836303,NS
H_colours+cand,LogReg,26,SLX1735-269,90058-05-01-02,NS,0.03000107287794398,NS
H_colours+cand,LogReg,26,SLX1735-269,92052-02-02-00,NS,0.2669368503058605,NS
H_colours+cand,LogReg,26,SLX1735-269,96429-01-02-02,NS,0.6499496390343192,BH
H_colours+cand,LogReg,26,SLX1735-269,96429-01-03-01,NS,0.5278757104625681,BH
H_colours+cand,LogReg,26,SLX1735-269,96429-01-05-00,NS,0.4389576583982494,NS
H_colours+cand,LogReg,26,SLX1735-269,96429-01-06-01,NS,0.7821193306785306,BH
H_colours+cand,LogReg,26,SLX1735-269,96429-01-07-01,NS,0.6303983881630563,BH
H_colours+cand,LogReg,26,SLX1735-269,96429-01-08-03,NS,0.5951406707054131,BH
H_colours+cand,LogReg,27,XTEJ1118+480,50407-01-07-01,BH,0.4611669309666999,NS
H_colours+cand,LogReg,27,XTEJ1118+480,50407-01-09-00,BH,0.4540516127156433,NS
H_colours+cand,LogReg,27,XTEJ1118+480,50407-01-10-01,BH,0.49218318183043963,NS
H_colours+cand,LogReg,27,XTEJ1118+480,50133-01-05-00,BH,0.49203026255487603,NS
H_colours+cand,LogReg,27,XTEJ1118+480,50407-01-13-02,BH,0.46887741385491166,NS
H_colours+cand,LogReg,27,XTEJ1118+480,50133-01-04-01,BH,0.42794605460510904,NS
H_colours+cand,LogReg,27,XTEJ1118+480,50407-01-14-02,BH,0.26838291865094827,NS
H_colours+cand,LogReg,27,XTEJ1118+480,50407-01-16-00,BH,0.2317096525795497,NS
H_colours+cand,LogReg,27,XTEJ1118+480,90011-01-01-08,BH,0.41619572157109314,NS
H_colours+cand,LogReg,27,XTEJ1118+480,90011-01-01-10,BH,0.9481828586274619,BH
H_colours+cand,LogReg,27,XTEJ1118+480,90011-01-01-05,BH,0.40611897566282235,NS
H_colours+cand,LogReg,27,XTEJ1118+480,90111-01-02-06,BH,0.20772160375327509,NS
H_colours+cand,LogReg,27,XTEJ1118+480,90111-01-02-15,BH,0.37135939526507517,NS
H_colours+cand,LogReg,27,XTEJ1118+480,90111-01-02-07,BH,0.20723665515812192,NS
H_colours+cand,LogReg,27,XTEJ1118+480,90111-01-03-02,BH,0.18650318928524315,NS
H_colours+cand,LogReg,28,XTEJ1550-564,50135-01-02-00,BH,0.6541739979850155,BH
H_colours+cand,LogReg,28,XTEJ1550-564,50135-01-08-00,BH,0.5895695202349996,BH
H_colours+cand,LogReg,28,XTEJ1550-564,50135-01-15-00,BH,0.3767911221002327,NS
H_colours+cand,LogReg,28,XTEJ1550-564,50135-01-19-00,BH,0.5805192430083521,BH
H_colours+cand,LogReg,28,XTEJ1550-564,50135-01-23-00,BH,0.530419222489962,BH
H_colours+cand,LogReg,28,XTEJ1550-564,50137-02-09-00,BH,0.5214393073806279,BH
H_colours+cand,LogReg,28,XTEJ1550-564,60428-01-03-00,BH,0.5224766963774689,BH
H_colours+cand,LogReg,28,XTEJ1550-564,60428-01-05-00,BH,0.48962166022809556,NS
H_colours+cand,LogReg,28,XTEJ1550-564,60428-01-09-00,BH,0.5287276914362176,BH
H_colours+cand,LogReg,28,XTEJ1550-564,60428-01-15-00,BH,0.5983300552490747,BH
H_colours+cand,LogReg,28,XTEJ1550-564,80135-01-01-01,BH,0.5245491286945085,BH
H_colours+cand,LogReg,28,XTEJ1550-564,80135-01-02-01,BH,0.5822180023689983,BH
H_colours+cand,LogReg,28,XTEJ1550-564,80135-01-03-10,BH,0.6217148162129507,BH
H_colours+cand,LogReg,28,XTEJ1550-564,80135-01-04-02,BH,0.5787987162176789,BH
H_colours+cand,LogReg,28,XTEJ1550-564,80135-01-05-10,BH,0.5213295919300183,BH
H_colours+cand,LogReg,29,XTEJ1650-500,60113-01-06-00,BH,0.7133529074341732,BH
H_colours+cand,LogReg,29,XTEJ1650-500,60113-01-09-00,BH,0.8103448632830255,BH
H_colours+cand,LogReg,29,XTEJ1650-500,60113-01-11-01,BH,0.8456741113687495,BH
H_colours+cand,LogReg,29,XTEJ1650-500,60113-01-15-00,BH,0.9946456050312759,BH
H_colours+cand,LogReg,29,XTEJ1650-500,60113-01-23-00,BH,0.9964770219199135,BH
H_colours+cand,LogReg,29,XTEJ1650-500,60113-01-27-00,BH,0.9999543729466532,BH
H_colours+cand,LogReg,29,XTEJ1650-500,60113-01-29-02,BH,0.9999909164528735,BH
H_colours+cand,LogReg,29,XTEJ1650-500,60113-01-34-00,BH,0.9776290730604683,BH
H_colours+cand,LogReg,29,XTEJ1650-500,60113-01-36-00,BH,0.9998814579994992,BH
H_colours+cand,LogReg,29,XTEJ1650-500,60113-01-38-00,BH,0.9999541376735703,BH
H_colours+cand,LogReg,29,XTEJ1650-500,60118-02-08-00,BH,0.9963493740636791,BH
H_colours+cand,LogReg,29,XTEJ1650-500,60118-02-14-00,BH,0.8175622835870724,BH
H_colours+cand,LogReg,29,XTEJ1650-500,60118-02-20-00,BH,0.20768956205998543,NS
H_colours+cand,LogReg,29,XTEJ1650-500,60118-02-28-00,BH,0.679186052138416,BH
H_colours+cand,LogReg,29,XTEJ1650-500,70124-01-02-00,BH,0.5799364723223055,BH
H_colours+cand,LogReg,30,XTEJ1814-338,80138-04-02-00,NS,0.36645754309536277,NS
H_colours+cand,LogReg,30,XTEJ1814-338,80145-02-01-01,NS,0.31323460473813947,NS
H_colours+cand,LogReg,30,XTEJ1814-338,80418-01-01-07,NS,0.3286531650033006,NS
H_colours+cand,LogReg,30,XTEJ1814-338,80418-01-02-00,NS,0.3714420593155475,NS
H_colours+cand,LogReg,30,XTEJ1814-338,80418-01-02-08,NS,0.40967552544489716,NS
H_colours+cand,LogReg,30,XTEJ1814-338,80418-01-02-05,NS,0.3938513217622687,NS
H_colours+cand,LogReg,30,XTEJ1814-338,80418-01-03-02,NS,0.4431914982823405,NS
H_colours+cand,LogReg,30,XTEJ1814-338,80418-01-03-08,NS,0.44302282066489806,NS
H_colours+cand,LogReg,30,XTEJ1814-338,80418-01-04-03,NS,0.3979683042020364,NS
H_colours+cand,LogReg,30,XTEJ1814-338,80418-01-05-00,NS,0.48919657006054273,NS
H_colours+cand,LogReg,30,XTEJ1814-338,80418-01-05-08,NS,0.3959716795752303,NS
H_colours+cand,LogReg,30,XTEJ1814-338,80418-01-06-00,NS,0.608851678514155,BH
H_colours+cand,LogReg,30,XTEJ1814-338,80418-01-06-02,NS,0.6787692927798274,BH
H_colours+cand,LogReg,30,XTEJ1814-338,80418-01-06-06,NS,0.3529230303184221,NS
H_colours+cand,LogReg,30,XTEJ1814-338,80418-01-07-06,NS,0.298479640183443,NS
H_colours+cand,RandomForest,0,4U1254-690,60044-01-01-02,NS,0.040963203709474164,NS
H_colours+cand,RandomForest,0,4U1254-690,60044-01-01-00,NS,0.3282454624499746,NS
H_colours+cand,RandomForest,0,4U1254-690,60044-01-01-03,NS,0.0010322580645161293,NS
H_colours+cand,RandomForest,0,4U1254-690,60044-01-01-05,NS,0.0034262182566918327,NS
H_colours+cand,RandomForest,0,4U1254-690,60044-01-02-100,NS,0.03343416974199776,NS
H_colours+cand,RandomForest,0,4U1254-690,60044-01-02-000,NS,0.0362642754988593,NS
H_colours+cand,RandomForest,0,4U1254-690,90036-01-01-01,NS,0.2629678430878648,NS
H_colours+cand,RandomForest,0,4U1254-690,90036-01-01-03,NS,0.0029586794691984033,NS
H_colours+cand,RandomForest,0,4U1254-690,93406-13-01-00,NS,0.0006956521739130435,NS
H_colours+cand,RandomForest,0,4U1254-690,95324-01-01-010,NS,0.0025024910239639293,NS
H_colours+cand,RandomForest,0,4U1254-690,95324-01-01-000,NS,0.028201003992154063,NS
H_colours+cand,RandomForest,0,4U1254-690,95324-01-01-00,NS,0.015104936915747266,NS
H_colours+cand,RandomForest,0,4U1254-690,95324-01-02-000,NS,0.0014702329594478,NS
H_colours+cand,RandomForest,0,4U1254-690,95324-01-02-00,NS,0.07328718721745928,NS
H_colours+cand,RandomForest,0,4U1254-690,95324-01-02-01,NS,0.030349572663630572,NS
H_colours+cand,RandomForest,1,4U1323-619,70050-03-01-01,NS,0.08582936165743264,NS
H_colours+cand,RandomForest,1,4U1323-619,70050-03-01-02,NS,0.2720807655667165,NS
H_colours+cand,RandomForest,1,4U1323-619,90062-03-01-02,NS,0.18734731741533764,NS
H_colours+cand,RandomForest,1,4U1323-619,90062-03-01-01,NS,0.7861511010906514,BH
H_colours+cand,RandomForest,1,4U1323-619,95442-01-01-01,NS,0.319901660064009,NS
H_colours+cand,RandomForest,1,4U1323-619,95442-01-01-02,NS,0.2780786073558478,NS
H_colours+cand,RandomForest,1,4U1323-619,96405-01-01-00,NS,0.02863637630609669,NS
H_colours+cand,RandomForest,1,4U1323-619,96405-01-01-01,NS,0.14937240760292175,NS
H_colours+cand,RandomForest,1,4U1323-619,96405-01-02-00,NS,0.06268924673473886,NS
H_colours+cand,RandomForest,1,4U1323-619,96405-01-02-01,NS,0.03250484393737703,NS
H_colours+cand,RandomForest,1,4U1323-619,96405-01-04-00,NS,0.22111435360340664,NS
H_colours+cand,RandomForest,1,4U1323-619,96405-01-05-00,NS,0.0964738403501058,NS
H_colours+cand,RandomForest,1,4U1323-619,96405-01-05-01,NS,0.9138533500512804,BH
H_colours+cand,RandomForest,1,4U1323-619,96405-01-05-02,NS,0.13570209065701846,NS
H_colours+cand,RandomForest,1,4U1323-619,96405-01-05-03,NS,0.3766735351557655,NS
H_colours+cand,RandomForest,2,4U1543-47,70133-01-01-00,BH,0.9978045693515935,BH
H_colours+cand,RandomForest,2,4U1543-47,70132-01-01-02G,BH,0.9888471995731616,BH
H_colours+cand,RandomForest,2,4U1543-47,70133-01-14-00,BH,0.9966348820337805,BH
H_colours+cand,RandomForest,2,4U1543-47,70132-01-02-00,BH,0.9916394920929615,BH
H_colours+cand,RandomForest,2,4U1543-47,70133-01-10-00,BH,1.0,BH
H_colours+cand,RandomForest,2,4U1543-47,70133-01-19-00,BH,0.9990783410138249,BH
H_colours+cand,RandomForest,2,4U1543-47,70133-01-22-00,BH,0.9980091522385244,BH
H_colours+cand,RandomForest,2,4U1543-47,70133-01-24-00,BH,1.0,BH
H_colours+cand,RandomForest,2,4U1543-47,70133-01-27-01,BH,0.9974011976047905,BH
H_colours+cand,RandomForest,2,4U1543-47,70133-01-28-00,BH,0.9923334682304991,BH
H_colours+cand,RandomForest,2,4U1543-47,70133-01-31-01,BH,0.9734393879266232,BH
H_colours+cand,RandomForest,2,4U1543-47,70128-01-01-01,BH,0.942559266496709,BH
H_colours+cand,RandomForest,2,4U1543-47,70124-02-09-00,BH,0.43599817154552795,NS
H_colours+cand,RandomForest,2,4U1543-47,70124-02-10-00,BH,0.9941706074647676,BH
H_colours+cand,RandomForest,2,4U1543-47,70124-02-14-00,BH,0.7350798709276696,BH
H_colours+cand,RandomForest,3,4U1608-52,60052-02-03-00,NS,0.03382472378133747,NS
H_colours+cand,RandomForest,3,4U1608-52,70059-01-01-00G,NS,0.21016020996574333,NS
H_colours+cand,RandomForest,3,4U1608-52,70058-01-32-00,NS,0.07552481728748187,NS
H_colours+cand,RandomForest,3,4U1608-52,70069-01-04-03,NS,0.28951565676218904,NS
H_colours+cand,RandomForest,3,4U1608-52,90408-01-01-03,NS,0.0025560675883256534,NS
H_colours+cand,RandomForest,3,4U1608-52,90408-01-03-03,NS,0.16145092609630632,NS
H_colours+cand,RandomForest,3,4U1608-52,93408-01-14-00,NS,0.5515966521234984,BH
H_colours+cand,RandomForest,3,4U1608-52,93408-01-17-01,NS,0.0915656891344395,NS
H_colours+cand,RandomForest,3,4U1608-52,93408-01-22-01,NS,0.030683521215138548,NS
H_colours+cand,RandomForest,3,4U1608-52,93408-01-27-03,NS,0.7573515916576462,BH
H_colours+cand,RandomForest,3,4U1608-52,93408-01-55-01,NS,0.09091228275872706,NS
H_colours+cand,RandomForest,3,4U1608-52,94401-01-03-02,NS,0.011393520804787177,NS
H_colours+cand,RandomForest,3,4U1608-52,94401-01-38-02,NS,0.5531153847542917,BH
H_colours+cand,RandomForest,3,4U1608-52,96423-01-03-00,NS,0.007591337134114133,NS
H_colours+cand,RandomForest,3,4U1608-52,96423-01-21-03,NS,0.3411203816681984,NS
H_colours+cand,RandomForest,4,4U1636-53,50030-02-04-00,NS,0.04654617223255186,NS
H_colours+cand,RandomForest,4,4U1636-53,60032-01-20-000,NS,0.0010322580645161293,NS
H_colours+cand,RandomForest,4,4U1636-53,91024-01-74-00,NS,0.3095018915377157,NS
H_colours+cand,RandomForest,4,4U1636-53,91024-01-12-10,NS,0.014384126670778817,NS
H_colours+cand,RandomForest,4,4U1636-53,92023-01-50-00,NS,0.10667842189887397,NS
H_colours+cand,RandomForest,4,4U1636-53,92023-01-79-10,NS,0.0314188080331544,NS
H_colours+cand,RandomForest,4,4U1636-53,93087-01-27-00,NS,0.0,NS
H_colours+cand,RandomForest,4,4U1636-53,93087-01-80-00,NS,0.28545427976827714,NS
H_colours+cand,RandomForest,4,4U1636-53,93087-01-33-20,NS,0.003144456886898096,NS
H_colours+cand,RandomForest,4,4U1636-53,94087-01-16-00,NS,0.5121142217922281,BH
H_colours+cand,RandomForest,4,4U1636-53,94087-01-25-10,NS,0.11042714855422202,NS
H_colours+cand,RandomForest,4,4U1636-53,94087-01-44-10,NS,0.011268534173134621,NS
H_colours+cand,RandomForest,4,4U1636-53,95087-01-47-10,NS,0.35006665419529764,NS
H_colours+cand,RandomForest,4,4U1636-53,96087-01-52-00,NS,0.5424954464747398,BH
H_colours+cand,RandomForest,4,4U1636-53,96087-01-11-10,NS,0.09308642277784802,NS
H_colours+cand,RandomForest,5,4U1702-429,50029-27-01-000,NS,0.13326922907047511,NS
H_colours+cand,RandomForest,5,4U1702-429,50030-01-04-00,NS,0.3115796009165186,NS
H_colours+cand,RandomForest,5,4U1702-429,50030-01-09-03,NS,0.6500671030664664,BH
H_colours+cand,RandomForest,5,4U1702-429,80033-01-01-01,NS,0.0678895575037638,NS
H_colours+cand,RandomForest,5,4U1702-429,80033-01-02-000,NS,0.016673553033942547,NS
H_colours+cand,RandomForest,5,4U1702-429,80033-01-04-03,NS,0.007523809523809524,NS
H_colours+cand,RandomForest,5,4U1702-429,80033-01-08-00G,NS,0.029487478673548752,NS
H_colours+cand,RandomForest,5,4U1702-429,80033-01-10-04G,NS,0.024185789740682164,NS
H_colours+cand,RandomForest,5,4U1702-429,80033-01-11-02,NS,0.008902222165034678,NS
H_colours+cand,RandomForest,5,4U1702-429,80033-01-12-02,NS,0.021199353296815788,NS
H_colours+cand,RandomForest,5,4U1702-429,80033-01-16-05,NS,0.008902222165034678,NS
H_colours+cand,RandomForest,5,4U1702-429,80033-01-18-02,NS,0.11119968602185275,NS
H_colours+cand,RandomForest,5,4U1702-429,80033-01-20-01,NS,0.5434685556531884,BH
H_colours+cand,RandomForest,5,4U1702-429,80033-01-21-03,NS,0.6990532233643598,BH
H_colours+cand,RandomForest,5,4U1702-429,94415-01-01-00,NS,0.13075779602539084,NS
H_colours+cand,RandomForest,6,4U1705-44,91039-01-01-61,NS,0.153298978810783,NS
H_colours+cand,RandomForest,6,4U1705-44,90170-01-01-00,NS,0.013582360817778014,NS
H_colours+cand,RandomForest,6,4U1705-44,93060-01-05-00,NS,0.40027066144455,NS
H_colours+cand,RandomForest,6,4U1705-44,93060-01-50-00,NS,0.34393874766904997,NS
H_colours+cand,RandomForest,6,4U1705-44,93060-01-77-00,NS,0.001391304347826087,NS
H_colours+cand,RandomForest,6,4U1705-44,93060-01-93-00,NS,0.0015238095238095239,NS
H_colours+cand,RandomForest,6,4U1705-44,93060-01-45-00,NS,0.08361560582681386,NS
H_colours+cand,RandomForest,6,4U1705-44,94060-01-23-00,NS,0.055497083112470987,NS
H_colours+cand,RandomForest,6,4U1705-44,94060-01-46-00,NS,0.006998427468245307,NS
H_colours+cand,RandomForest,6,4U1705-44,94060-01-55-00,NS,0.013168697586594136,NS
H_colours+cand,RandomForest,6,4U1705-44,95060-01-35-00,NS,0.3405015142349571,NS
H_colours+cand,RandomForest,6,4U1705-44,95060-01-66-00,NS,0.004078170718491493,NS
H_colours+cand,RandomForest,6,4U1705-44,95060-01-78-00,NS,0.04729165097084369,NS
H_colours+cand,RandomForest,6,4U1705-44,96060-01-40-00,NS,0.0335772733463631,NS
H_colours+cand,RandomForest,6,4U1705-44,96060-01-73-00,NS,0.0065353670361925735,NS
H_colours+cand,RandomForest,7,4U1724-307,60034-02-01-01,NS,0.13861890313396286,NS
H_colours+cand,RandomForest,7,4U1724-307,50060-05-01-07,NS,0.05733296190586903,NS
H_colours+cand,RandomForest,7,4U1724-307,50060-05-01-05,NS,0.18610257244837983,NS
H_colours+cand,RandomForest,7,4U1724-307,60034-02-02-02,NS,0.24796994952395196,NS
H_colours+cand,RandomForest,7,4U1724-307,60034-02-03-10,NS,0.13812097324924735,NS
H_colours+cand,RandomForest,7,4U1724-307,60034-02-05-01,NS,0.3882041141531972,NS
H_colours+cand,RandomForest,7,4U1724-307,80105-10-01-00,NS,0.43394455601430265,NS
H_colours+cand,RandomForest,7,4U1724-307,80138-06-03-00,NS,0.05030656532163696,NS
H_colours+cand,RandomForest,7,4U1724-307,90058-06-03-00,NS,0.16990377755010727,NS
H_colours+cand,RandomForest,7,4U1724-307,91050-07-01-00,NS,0.22712177523153254,NS
H_colours+cand,RandomForest,7,4U1724-307,93044-06-04-00,NS,0.06736254307062321,NS
H_colours+cand,RandomForest,7,4U1724-307,93044-06-07-00,NS,0.4390695586638677,NS
H_colours+cand,RandomForest,7,4U1724-307,93438-01-02-03,NS,0.18310920393662297,NS
H_colours+cand,RandomForest,7,4U1724-307,93438-01-04-00,NS,0.18204134821924722,NS
H_colours+cand,RandomForest,7,4U1724-307,93438-01-07-01,NS,0.39040741859598516,NS
H_colours+cand,RandomForest,8,4U1728-34,50023-01-29-00,NS,0.118397093876442,NS
H_colours+cand,RandomForest,8,4U1728-34,50030-03-05-03,NS,0.14370135103368203,NS
H_colours+cand,RandomForest,8,4U1728-34,70028-01-01-08,NS,0.2019582567375358,NS
H_colours+cand,RandomForest,8,4U1728-34,70028-01-01-05,NS,0.3713960252623329,NS
H_colours+cand,RandomForest,8,4U1728-34,92023-03-08-00,NS,0.0,NS
H_colours+cand,RandomForest,8,4U1728-34,92023-03-37-00,NS,0.25632156995060135,NS
H_colours+cand,RandomForest,8,4U1728-34,92023-03-76-00,NS,0.009275998925725884,NS
H_colours+cand,RandomForest,8,4U1728-34,92023-03-98-00,NS,0.29635130442863844,NS
H_colours+cand,RandomForest,8,4U1728-34,92023-03-19-10,NS,0.0247601683029453,NS
H_colours+cand,RandomForest,8,4U1728-34,92023-03-30-10,NS,0.04192277254219131,NS
H_colours+cand,RandomForest,8,4U1728-34,92023-03-44-00,NS,0.8095049243886683,BH
H_colours+cand,RandomForest,8,4U1728-34,92023-03-49-00,NS,0.11332946804028954,NS
H_colours+cand,RandomForest,8,4U1728-34,92023-03-70-00,NS,0.2934170416241219,NS
H_colours+cand,RandomForest,8,4U1728-34,95337-01-02-00,NS,0.0,NS
H_colours+cand,RandomForest,8,4U1728-34,96322-01-01-05,NS,0.004252500402363599,NS
H_colours+cand,RandomForest,9,4U1735-44,50025-02-01-01,NS,0.02264219870834795,NS
H_colours+cand,RandomForest,9,4U1735-44,50026-01-01-00,NS,0.0,NS
H_colours+cand,RandomForest,9,4U1735-44,91152-06-01-10,NS,0.0,NS
H_colours+cand,RandomForest,9,4U1735-44,91025-01-01-04,NS,0.0,NS
H_colours+cand,RandomForest,9,4U1735-44,91025-01-04-04,NS,0.0,NS
H_colours+cand,RandomForest,9,4U1735-44,91025-01-04-06,NS,0.00881454798544905,NS
H_colours+cand,RandomForest,9,4U1735-44,91025-01-05-01,NS,0.0,NS
H_colours+cand,RandomForest,9,4U1735-44,91025-01-08-07,NS,0.013964564837206019,NS
H_colours+cand,RandomForest,9,4U1735-44,91025-01-09-12,NS,0.05139433761722396,NS
H_colours+cand,RandomForest,9,4U1735-44,91025-01-09-10,NS,0.008233675054455233,NS
H_colours+cand,RandomForest,9,4U1735-44,91025-01-13-03,NS,0.014176175484850638,NS
H_colours+cand,RandomForest,9,4U1735-44,91025-01-13-08,NS,0.01067764469512835,NS
H_colours+cand,RandomForest,9,4U1735-44,93200-01-03-01,NS,0.0010322580645161293,NS
H_colours+cand,RandomForest,9,4U1735-44,96325-01-01-04,NS,0.009296286254540726,NS
H_colours+cand,RandomForest,9,4U1735-44,96331-01-02-01,NS,0.013849780669034051,NS
H_colours+cand,RandomForest,10,4U1746-371,60044-02-01-10,NS,0.006149622512010982,NS
H_colours+cand,RandomForest,10,4U1746-371,60044-02-01-05,NS,0.0032952853598014896,NS
H_colours+cand,RandomForest,10,4U1746-371,60044-02-01-07,NS,0.0006956521739130435,NS
H_colours+cand,RandomForest,10,4U1746-371,60044-02-01-06,NS,0.0006956521739130435,NS
H_colours+cand,RandomForest,10,4U1746-371,60044-02-02-00,NS,0.004064516129032258,NS
H_colours+cand,RandomForest,10,4U1746-371,60044-02-02-010,NS,0.0,NS
H_colours+cand,RandomForest,10,4U1746-371,60044-02-02-09,NS,0.002,NS
H_colours+cand,RandomForest,10,4U1746-371,60044-02-02-10,NS,0.006064516129032258,NS
H_colours+cand,RandomForest,10,4U1746-371,70050-01-01-03,NS,0.02870907049786352,NS
H_colours+cand,RandomForest,10,4U1746-371,70050-01-01-06,NS,0.0032952853598014896,NS
H_colours+cand,RandomForest,10,4U1746-371,70050-01-01-00,NS,0.0,NS
H_colours+cand,RandomForest,10,4U1746-371,70050-01-01-08,NS,0.026630509822679626,NS
H_colours+cand,RandomForest,10,4U1746-371,90044-01-02-01,NS,0.0037898483003672347,NS
H_colours+cand,RandomForest,10,4U1746-371,90044-01-04-000,NS,0.008393960192175705,NS
H_colours+cand,RandomForest,10,4U1746-371,90044-01-04-00,NS,0.6124823053805073,BH
H_colours+cand,RandomForest,11,4U1820-30,40017-01-21-02,NS,0.010787920384351408,NS
H_colours+cand,RandomForest,11,4U1820-30,60030-01-02-01,NS,0.0,NS
H_colours+cand,RandomForest,11,4U1820-30,70030-03-03-00,NS,0.007854051665530087,NS
H_colours+cand,RandomForest,11,4U1820-30,70030-03-05-00,NS,0.2430340002104004,NS
H_colours+cand,RandomForest,11,4U1820-30,90027-01-01-06,NS,0.00718122093452425,NS
H_colours+cand,RandomForest,11,4U1820-30,90027-01-03-00,NS,0.007284758466879728,NS
H_colours+cand,RandomForest,11,4U1820-30,90027-01-04-04,NS,0.01014946762478306,NS
H_colours+cand,RandomForest,11,4U1820-30,92030-02-02-00,NS,0.006384897725890236,NS
H_colours+cand,RandomForest,11,4U1820-30,91152-04-01-00,NS,0.0006956521739130435,NS
H_colours+cand,RandomForest,11,4U1820-30,92030-02-05-00,NS,0.0006956521739130435,NS
H_colours+cand,RandomForest,11,4U1820-30,94090-01-01-00,NS,0.07489729202843398,NS
H_colours+cand,RandomForest,11,4U1820-30,94090-01-02-01,NS,0.12689280896433996,NS
H_colours+cand,RandomForest,11,4U1820-30,92030-02-12-00,NS,0.012028810328536723,NS
H_colours+cand,RandomForest,11,4U1820-30,96090-01-01-020,NS,0.018723148689100553,NS
H_colours+cand,RandomForest,11,4U1820-30,96324-01-02-01,NS,0.0033617021276595746,NS
H_colours+cand,RandomForest,12,4U1915-05,50026-03-01-00,NS,0.2782491962061949,NS
H_colours+cand,RandomForest,12,4U1915-05,50026-03-01-01,NS,0.09986680201783617,NS
H_colours+cand,RandomForest,12,4U1915-05,70034-02-01-01,NS,0.07172450065980479,NS
H_colours+cand,RandomForest,12,4U1915-05,70034-02-01-00,NS,0.1800108821055665,NS
H_colours+cand,RandomForest,12,4U1915-05,70034-02-02-01,NS,0.06486353821157599,NS
H_colours+cand,RandomForest,12,4U1915-05,70034-02-02-00,NS,0.4124486812986844,NS
H_colours+cand,RandomForest,13,AQLX1,50049-02-06-01,NS,0.00481752260451792,NS
H_colours+cand,RandomForest,13,AQLX1,50049-02-15-06,NS,0.5557537197720405,BH
H_colours+cand,RandomForest,13,AQLX1,60054-02-03-03,NS,0.005513174778430965,NS
H_colours+cand,RandomForest,13,AQLX1,70069-03-01-00,NS,0.5657541984375682,BH
H_colours+cand,RandomForest,13,AQLX1,80403-01-03-00,NS,0.9332397852419103,BH
H_colours+cand,RandomForest,13,AQLX1,90017-11-06-00,NS,0.84250239313419,BH
H_colours+cand,RandomForest,13,AQLX1,91028-01-29-00,NS,0.5313474400777427,BH
H_colours+cand,RandomForest,13,AQLX1,92034-01-02-00,NS,0.7810367160749321,BH
H_colours+cand,RandomForest,13,AQLX1,93076-01-02-00,NS,0.7243359771327914,BH
H_colours+cand,RandomForest,13,AQLX1,92438-01-02-02,NS,0.8204857133968984,BH
H_colours+cand,RandomForest,13,AQLX1,94076-01-03-04,NS,0.7255114888014792,BH
H_colours+cand,RandomForest,13,AQLX1,94441-01-01-00,NS,0.5179491067766284,BH
H_colours+cand,RandomForest,13,AQLX1,95413-01-02-01,NS,0.28049304874993036,NS
H_colours+cand,RandomForest,13,AQLX1,96440-01-05-02,NS,0.13704953015004576,NS
H_colours+cand,RandomForest,13,AQLX1,96440-01-08-06,NS,0.4557978702897455,NS
H_colours+cand,RandomForest,14,CYGX2,40019-04-05-09,NS,0.08168105026387745,NS
H_colours+cand,RandomForest,14,CYGX2,80018-02-01-00G,NS,0.9975811638253821,BH
H_colours+cand,RandomForest,14,CYGX2,90030-01-23-00,NS,0.8449498170311591,BH
H_colours+cand,RandomForest,14,CYGX2,90030-01-45-00,NS,0.11506599482976577,NS
H_colours+cand,RandomForest,14,CYGX2,90030-01-55-01,NS,0.0010322580645161293,NS
H_colours+cand,RandomForest,14,CYGX2,91010-01-01-05,NS,0.9946276352466308,BH
H_colours+cand,RandomForest,14,CYGX2,91009-01-28-01,NS,0.7821869082832275,BH
H_colours+cand,RandomForest,14,CYGX2,90030-01-15-00,NS,0.013474617944435783,NS
H_colours+cand,RandomForest,14,CYGX2,90030-01-09-00,NS,0.009202445605174681,NS
H_colours+cand,RandomForest,14,CYGX2,92039-01-04-01,NS,0.2663831568064873,NS
H_colours+cand,RandomForest,14,CYGX2,92038-01-06-01,NS,0.952824167146824,BH
H_colours+cand,RandomForest,14,CYGX2,93082-02-02-01,NS,0.105688607419356,NS
H_colours+cand,RandomForest,14,CYGX2,93443-01-01-09,NS,0.9982194616977226,BH
H_colours+cand,RandomForest,14,CYGX2,95345-01-06-00,NS,0.9894451578511487,BH
H_colours+cand,RandomForest,14,CYGX2,95345-01-40-00,NS,0.14410070929725613,NS
H_colours+cand,RandomForest,15,EXO0748-676,50045-06-05-00,NS,0.06482111081993056,NS
H_colours+cand,RandomForest,15,EXO0748-676,70048-03-02-00,NS,0.7858557066443097,BH
H_colours+cand,RandomForest,15,EXO0748-676,60042-03-01-00,NS,0.3445586355598587,NS
H_colours+cand,RandomForest,15,EXO0748-676,70047-02-01-03,NS,0.7672087440349559,BH
H_colours+cand,RandomForest,15,EXO0748-676,70048-13-12-00,NS,0.7628563135614654,BH
H_colours+cand,RandomForest,15,EXO0748-676,80040-01-09-01,NS,0.393130163408738,NS
H_colours+cand,RandomForest,15,EXO0748-676,90039-01-03-02,NS,0.15297175616003247,NS
H_colours+cand,RandomForest,15,EXO0748-676,90039-01-04-01,NS,0.5010507183515396,BH
H_colours+cand,RandomForest,15,EXO0748-676,91035-01-04-09,NS,0.3471419351652576,NS
H_colours+cand,RandomForest,15,EXO0748-676,92019-01-05-02,NS,0.04374422326737522,NS
H_colours+cand,RandomForest,15,EXO0748-676,92019-01-06-03,NS,0.2740385404098315,NS
H_colours+cand,RandomForest,15,EXO0748-676,92019-01-16-00,NS,0.12168855208880659,NS
H_colours+cand,RandomForest,15,EXO0748-676,92019-01-18-01,NS,0.04650293069995809,NS
H_colours+cand,RandomForest,15,EXO0748-676,92019-01-26-01,NS,0.8444117147463764,BH
H_colours+cand,RandomForest,15,EXO0748-676,92040-03-01-00,NS,0.2789632317588554,NS
H_colours+cand,RandomForest,16,GROJ1655-40,90428-01-01-07,BH,0.9972350230414747,BH
H_colours+cand,RandomForest,16,GROJ1655-40,91702-01-02-03,BH,1.0,BH
H_colours+cand,RandomForest,16,GROJ1655-40,91702-01-22-00,BH,0.9981566820276498,BH
H_colours+cand,RandomForest,16,GROJ1655-40,91702-01-22-03,BH,0.9981566820276498,BH
H_colours+cand,RandomForest,16,GROJ1655-40,91702-01-43-00,BH,0.9972350230414747,BH
H_colours+cand,RandomForest,16,GROJ1655-40,91702-01-51-02,BH,0.9836984402101888,BH
H_colours+cand,RandomForest,16,GROJ1655-40,91702-01-56-03,BH,0.9448805954153251,BH
H_colours+cand,RandomForest,16,GROJ1655-40,91702-01-66-05,BH,0.9985242918183257,BH
H_colours+cand,RandomForest,16,GROJ1655-40,91702-01-78-00,BH,0.998,BH
H_colours+cand,RandomForest,16,GROJ1655-40,91702-01-01-13,BH,0.9955688234637924,BH
H_colours+cand,RandomForest,16,GROJ1655-40,91702-01-17-11,BH,0.9926809738459754,BH
H_colours+cand,RandomForest,16,GROJ1655-40,91702-01-39-10,BH,1.0,BH
H_colours+cand,RandomForest,16,GROJ1655-40,91702-01-48-10,BH,0.9990783410138249,BH
H_colours+cand,RandomForest,16,GROJ1655-40,91702-01-81-00,BH,0.851301830341106,BH
H_colours+cand,RandomForest,16,GROJ1655-40,91702-01-86-04,BH,0.9935483870967744,BH
H_colours+cand,RandomForest,17,GRS1915+105,50703-01-11-00,BH,0.9263915419202525,BH
H_colours+cand,RandomForest,17,GRS1915+105,50703-01-62-01,BH,0.41056513953078255,NS
H_colours+cand,RandomForest,17,GRS1915+105,60701-01-13-03,BH,0.23577017411421783,NS
H_colours+cand,RandomForest,17,GRS1915+105,70702-01-02-00,BH,0.08685327760010571,NS
H_colours+cand,RandomForest,17,GRS1915+105,70702-01-21-01,BH,0.6517920421553416,BH
H_colours+cand,RandomForest,17,GRS1915+105,80127-04-01-02,BH,0.0010783410138248846,NS
H_colours+cand,RandomForest,17,GRS1915+105,90701-01-16-00,BH,0.7918525489041557,BH
H_colours+cand,RandomForest,17,GRS1915+105,90701-01-40-00,BH,0.0,NS
H_colours+cand,RandomForest,17,GRS1915+105,90024-02-37-00,BH,0.8339112680198423,BH
H_colours+cand,RandomForest,17,GRS1915+105,92702-01-06-00,BH,0.490760503592691,NS
H_colours+cand,RandomForest,17,GRS1915+105,80701-01-53-00,BH,0.6976591694571379,BH
H_colours+cand,RandomForest,17,GRS1915+105,93701-01-08-00,BH,0.9926146559506379,BH
H_colours+cand,RandomForest,17,GRS1915+105,91701-01-83-00,BH,0.9097468055609913,BH
H_colours+cand,RandomForest,17,GRS1915+105,95701-01-44-00,BH,0.5909710776915292,BH
H_colours+cand,RandomForest,17,GRS1915+105,96701-01-39-00,BH,0.23362786556747261,NS
H_colours+cand,RandomForest,18,GS1826-238,50035-01-02-00,NS,0.18636286295998455,NS
H_colours+cand,RandomForest,18,GS1826-238,50035-01-03-02,NS,0.39271396090499094,NS
H_colours+cand,RandomForest,18,GS1826-238,50035-01-03-04,NS,0.1007519597116004,NS
H_colours+cand,RandomForest,18,GS1826-238,50035-01-03-090,NS,0.260638635904449,NS
H_colours+cand,RandomForest,18,GS1826-238,80048-01-01-09,NS,0.08069849772840772,NS
H_colours+cand,RandomForest,18,GS1826-238,80048-01-01-14,NS,0.061601493271477126,NS
H_colours+cand,RandomForest,18,GS1826-238,80049-01-01-00,NS,0.15784327207812823,NS
H_colours+cand,RandomForest,18,GS1826-238,90043-01-01-02,NS,0.08083326914581555,NS
H_colours+cand,RandomForest,18,GS1826-238,70044-01-03-00,NS,0.16393737892299687,NS
H_colours+cand,RandomForest,18,GS1826-238,92703-01-04-02,NS,0.05167693470391364,NS
H_colours+cand,RandomForest,18,GS1826-238,70044-01-04-00,NS,0.018617965438479395,NS
H_colours+cand,RandomForest,18,GS1826-238,91017-01-02-05,NS,0.11773744266785033,NS
H_colours+cand,RandomForest,18,GS1826-238,91017-01-02-03,NS,0.08613044083039006,NS
H_colours+cand,RandomForest,18,GS1826-238,91017-01-02-10,NS,0.0781951840438105,NS
H_colours+cand,RandomForest,18,GS1826-238,96306-01-01-01,NS,0.03178213842971546,NS
H_colours+cand,RandomForest,19,GX17+2,70023-01-01-01,NS,0.013122198187196683,NS
H_colours+cand,RandomForest,19,GX17+2,80022-01-01-09,NS,0.004953039261773708,NS
H_colours+cand,RandomForest,19,GX17+2,80022-01-01-03,NS,0.09888360837324822,NS
H_colours+cand,RandomForest,19,GX17+2,80022-01-01-02,NS,0.00395080842062626,NS
H_colours+cand,RandomForest,19,GX17+2,80022-01-03-01,NS,0.06503341199452856,NS
H_colours+cand,RandomForest,19,GX17+2,90022-07-03-00,NS,0.008731829573934837,NS
H_colours+cand,RandomForest,19,GX17+2,90022-07-04-02,NS,0.014799505524403787,NS
H_colours+cand,RandomForest,19,GX17+2,92042-01-02-00G,NS,0.28390862413694706,NS
H_colours+cand,RandomForest,19,GX17+2,92042-01-05-01,NS,0.07439467447208463,NS
H_colours+cand,RandomForest,19,GX17+2,93406-11-01-00,NS,0.10754329342570057,NS
H_colours+cand,RandomForest,19,GX17+2,93439-01-05-01,NS,0.0013617021276595745,NS
H_colours+cand,RandomForest,19,GX17+2,93439-01-06-00,NS,0.02105372261947715,NS
H_colours+cand,RandomForest,19,GX17+2,95318-01-02-01,NS,0.289542245615668,NS
H_colours+cand,RandomForest,19,GX17+2,96310-01-01-000,NS,0.007625137496610965,NS
H_colours+cand,RandomForest,19,GX17+2,96310-01-01-02,NS,0.026116790106557,NS
H_colours+cand,RandomForest,20,GX3+1,60022-01-01-01,NS,0.010376587289929566,NS
H_colours+cand,RandomForest,20,GX3+1,60022-01-02-01,NS,0.24110140802266894,NS
H_colours+cand,RandomForest,20,GX3+1,60022-01-04-03,NS,0.21351233993668434,NS
H_colours+cand,RandomForest,20,GX3+1,60022-01-04-04,NS,0.01695878418050281,NS
H_colours+cand,RandomForest,20,GX3+1,60022-01-05-01,NS,0.002393960192175704,NS
H_colours+cand,RandomForest,20,GX3+1,60022-01-06-05,NS,0.003980410640792772,NS
H_colours+cand,RandomForest,20,GX3+1,60022-01-06-13,NS,0.07159456559584641,NS
H_colours+cand,RandomForest,20,GX3+1,60022-01-07-02,NS,0.01534686407164101,NS
H_colours+cand,RandomForest,20,GX3+1,60022-01-08-03,NS,0.010742795400699164,NS
H_colours+cand,RandomForest,20,GX3+1,60022-01-10-03,NS,0.2337288211779744,NS
H_colours+cand,RandomForest,20,GX3+1,60022-01-10-04,NS,0.24598621490989392,NS
H_colours+cand,RandomForest,20,GX3+1,60022-01-13-01,NS,0.23848199474529164,NS
H_colours+cand,RandomForest,20,GX3+1,90022-05-05-00,NS,0.023546849370254554,NS
H_colours+cand,RandomForest,20,GX3+1,90022-05-06-00,NS,0.20099358330023695,NS
H_colours+cand,RandomForest,20,GX3+1,94307-05-01-02,NS,0.009014885162269991,NS
H_colours+cand,RandomForest,21,GX339-4,40031-03-03-04,BH,0.9987262283377686,BH
H_colours+cand,RandomForest,21,GX339-4,70110-01-54-00,BH,0.9961566820276498,BH
H_colours+cand,RandomForest,21,GX339-4,80102-04-56-00,BH,0.9540794378904526,BH
H_colours+cand,RandomForest,21,GX339-4,80132-01-22-00,BH,0.9755568246478731,BH
H_colours+cand,RandomForest,21,GX339-4,90704-01-05-00,BH,1.0,BH
H_colours+cand,RandomForest,21,GX339-4,92034-08-01-00,BH,0.9716060056955591,BH
H_colours+cand,RandomForest,21,GX339-4,92035-01-03-03,BH,0.9652052978123432,BH
H_colours+cand,RandomForest,21,GX339-4,92704-03-13-00,BH,0.25040824427086444,NS
H_colours+cand,RandomForest,21,GX339-4,92704-03-22-00,BH,0.08213196839037158,NS
H_colours+cand,RandomForest,21,GX339-4,92704-03-45-01,BH,1.0,BH
H_colours+cand,RandomForest,21,GX339-4,93108-01-01-02,BH,0.9876892065354266,BH
H_colours+cand,RandomForest,21,GX339-4,95409-01-02-02,BH,0.9810047082330078,BH
H_colours+cand,RandomForest,21,GX339-4,95409-01-20-00,BH,0.9883443864571372,BH
H_colours+cand,RandomForest,21,GX339-4,95409-01-29-00,BH,1.0,BH
H_colours+cand,RandomForest,21,GX339-4,96409-01-10-02,BH,0.7323507135892227,BH
H_colours+cand,RandomForest,22,HETEJ1900.1-245,91015-01-07-00,NS,0.9223940964058871,BH
H_colours+cand,RandomForest,22,HETEJ1900.1-245,91059-03-03-00,NS,0.6774169379634196,BH
H_colours+cand,RandomForest,22,HETEJ1900.1-245,91057-01-07-04,NS,0.36504430316878334,NS
H_colours+cand,RandomForest,22,HETEJ1900.1-245,92049-01-05-00,NS,0.4327347412953927,NS
H_colours+cand,RandomForest,22,HETEJ1900.1-245,92049-01-07-00,NS,0.09136648325372079,NS
H_colours+cand,RandomForest,22,HETEJ1900.1-245,92049-01-40-00,NS,0.34916002171117305,NS
H_colours+cand,RandomForest,22,HETEJ1900.1-245,92049-01-56-00,NS,0.0022194616977225675,NS
H_colours+cand,RandomForest,22,HETEJ1900.1-245,93030-01-14-00,NS,0.9377746485645679,BH
H_colours+cand,RandomForest,22,HETEJ1900.1-245,93030-01-47-00,NS,0.6397589593486898,BH
H_colours+cand,RandomForest,22,HETEJ1900.1-245,94030-01-05-00,NS,0.7109238378826921,BH
H_colours+cand,RandomForest,22,HETEJ1900.1-245,94030-01-27-00,NS,0.339405197916761,NS
H_colours+cand,RandomForest,22,HETEJ1900.1-245,94030-01-36-00,NS,0.1860443031121289,NS
H_colours+cand,RandomForest,22,HETEJ1900.1-245,95030-01-16-00,NS,0.3179497597748979,NS
H_colours+cand,RandomForest,22,HETEJ1900.1-245,96030-01-01-01,NS,0.4112492428579367,NS
H_colours+cand,RandomForest,22,HETEJ1900.1-245,96030-01-25-00,NS,0.8244293974408083,BH
H_colours+cand,RandomForest,23,KS1731-260,50031-02-01-09,NS,0.6707649723528107,BH
H_colours+cand,RandomForest,23,KS1731-260,50031-02-01-12,NS,0.7252542222326953,BH
H_colours+cand,RandomForest,23,KS1731-260,50031-02-01-02,NS,0.4677896785321346,NS
H_colours+cand,RandomForest,23,KS1731-260,50031-02-01-05,NS,0.5847062534851454,BH
H_colours+cand,RandomForest,23,KS1731-260,50031-02-01-08,NS,0.5611704225929559,BH
H_colours+cand,RandomForest,23,KS1731-260,50031-02-02-06,NS,0.6956131052112265,BH
H_colours+cand,RandomForest,23,KS1731-260,50031-02-02-02,NS,0.7660473059370609,BH
H_colours+cand,RandomForest,23,KS1731-260,50031-02-02-03,NS,0.006429215353777824,NS
H_colours+cand,RandomForest,23,KS1731-260,50031-02-02-080,NS,0.5874099367162473,BH
H_colours+cand,RandomForest,23,KS1731-260,50031-02-03-00,NS,0.5060186468916377,BH
H_colours+cand,RandomForest,23,KS1731-260,50031-02-03-05,NS,0.5914000613142778,BH
H_colours+cand,RandomForest,23,KS1731-260,50031-02-03-04,NS,0.7608991862988633,BH
H_colours+cand,RandomForest,23,KS1731-260,50031-02-03-07,NS,0.654921155287826,BH
H_colours+cand,RandomForest,23,KS1731-260,50031-02-03-08,NS,0.42444272173698244,NS
H_colours+cand,RandomForest,23,KS1731-260,50031-02-03-01,NS,0.8189038860718045,BH
H_colours+cand,RandomForest,24,MXB1658-298,50410-01-01-00,NS,0.28112885303137897,NS
H_colours+cand,RandomForest,24,MXB1658-298,50410-01-04-00,NS,0.055791641380944064,NS
H_colours+cand,RandomForest,24,MXB1658-298,50410-01-05-00,NS,0.07180322601152438,NS
H_colours+cand,RandomForest,24,MXB1658-298,50410-01-08-00,NS,0.4882436693595541,NS
H_colours+cand,RandomForest,24,MXB1658-298,50410-01-09-00,NS,0.5441853911352443,BH
H_colours+cand,RandomForest,24,MXB1658-298,60048-01-02-00,NS,0.2503577155333933,NS
H_colours+cand,RandomForest,24,MXB1658-298,60048-01-04-00,NS,0.18093428293659292,NS
H_colours+cand,RandomForest,24,MXB1658-298,60048-02-01-00,NS,0.07817560981699241,NS
H_colours+cand,RandomForest,24,MXB1658-298,60048-02-03-00,NS,0.18513473385104423,NS
H_colours+cand,RandomForest,24,MXB1658-298,60048-03-01-00,NS,0.05006856488221672,NS
H_colours+cand,RandomForest,24,MXB1658-298,60048-03-02-00,NS,0.1712912124563624,NS
H_colours+cand,RandomForest,24,MXB1658-298,60048-03-05-00,NS,0.06370196230375322,NS
H_colours+cand,RandomForest,24,MXB1658-298,60048-04-01-00,NS,0.0,NS
H_colours+cand,RandomForest,24,MXB1658-298,60048-04-03-00,NS,0.20531562159695066,NS
H_colours+cand,RandomForest,24,MXB1658-298,60048-04-05-00,NS,0.3214898177840804,NS
H_colours+cand,RandomForest,25,SAXJ1808.4-3658,70080-01-02-04,NS,0.3327302939425787,NS
H_colours+cand,RandomForest,25,SAXJ1808.4-3658,70080-01-02-22,NS,0.4500923817778424,NS
H_colours+cand,RandomForest,25,SAXJ1808.4-3658,70080-01-03-010,NS,0.8792570779867187,BH
H_colours+cand,RandomForest,25,SAXJ1808.4-3658,70080-02-01-03,NS,0.8280187084602548,BH
H_colours+cand,RandomForest,25,SAXJ1808.4-3658,70080-02-02-35,NS,0.3436741705164756,NS
H_colours+cand,RandomForest,25,SAXJ1808.4-3658,70080-02-02-12,NS,0.5798482292340644,BH
H_colours+cand,RandomForest,25,SAXJ1808.4-3658,70080-03-13-00,NS,0.6861794363739033,BH
H_colours+cand,RandomForest,25,SAXJ1808.4-3658,70080-03-20-13,NS,0.2533668399482426,NS
H_colours+cand,RandomForest,25,SAXJ1808.4-3658,70080-03-22-00,NS,0.8102923467418438,BH
H_colours+cand,RandomForest,25,SAXJ1808.4-3658,91056-01-03-05,NS,0.8194004753657935,BH
H_colours+cand,RandomForest,25,SAXJ1808.4-3658,91418-01-04-00,NS,0.2746678906357623,NS
H_colours+cand,RandomForest,25,SAXJ1808.4-3658,93027-01-01-03,NS,0.5066744407472239,BH
H_colours+cand,RandomForest,25,SAXJ1808.4-3658,93027-01-05-08,NS,0.828909048831095,BH
H_colours+cand,RandomForest,25,SAXJ1808.4-3658,96027-01-01-00,NS,0.31956582294804436,NS
H_colours+cand,RandomForest,25,SAXJ1808.4-3658,96027-01-02-00,NS,0.5485864024204299,BH
H_colours+cand,RandomForest,26,SLX1735-269,60034-01-01-00,NS,0.13982195358763364,NS
H_colours+cand,RandomForest,26,SLX1735-269,60034-01-02-02,NS,0.15220984919829558,NS
H_colours+cand,RandomForest,26,SLX1735-269,60034-01-03-01,NS,0.00595080842062626,NS
H_colours+cand,RandomForest,26,SLX1735-269,80138-03-01-00,NS,0.009061068393052851,NS
H_colours+cand,RandomForest,26,SLX1735-269,80138-03-02-00,NS,0.19540181525813036,NS
H_colours+cand,RandomForest,26,SLX1735-269,80138-03-07-01,NS,0.004179332234154966,NS
H_colours+cand,RandomForest,26,SLX1735-269,80138-03-07-03,NS,0.002,NS
H_colours+cand,RandomForest,26,SLX1735-269,90058-05-01-02,NS,0.0,NS
H_colours+cand,RandomForest,26,SLX1735-269,92052-02-02-00,NS,0.13981134673044007,NS
H_colours+cand,RandomForest,26,SLX1735-269,96429-01-02-02,NS,0.6282443923901042,BH
H_colours+cand,RandomForest,26,SLX1735-269,96429-01-03-01,NS,0.7314123415803433,BH
H_colours+cand,RandomForest,26,SLX1735-269,96429-01-05-00,NS,0.05371963570850446,NS
H_colours+cand,RandomForest,26,SLX1735-269,96429-01-06-01,NS,0.3473110732123889,NS
H_colours+cand,RandomForest,26,SLX1735-269,96429-01-07-01,NS,0.15903659629714995,NS
H_colours+cand,RandomForest,26,SLX1735-269,96429-01-08-03,NS,0.209760498021552,NS
H_colours+cand,RandomForest,27,XTEJ1118+480,50407-01-07-01,BH,0.6099825850820016,BH
H_colours+cand,RandomForest,27,XTEJ1118+480,50407-01-09-00,BH,0.5794165331908253,BH
H_colours+cand,RandomForest,27,XTEJ1118+480,50407-01-10-01,BH,0.5487641990445025,BH
H_colours+cand,RandomForest,27,XTEJ1118+480,50133-01-05-00,BH,0.6307230028976606,BH
H_colours+cand,RandomForest,27,XTEJ1118+480,50407-01-13-02,BH,0.12501637050276598,NS
H_colours+cand,RandomForest,27,XTEJ1118+480,50133-01-04-01,BH,0.38797146106316843,NS
H_colours+cand,RandomForest,27,XTEJ1118+480,50407-01-14-02,BH,0.0285947932342732,NS
H_colours+cand,RandomForest,27,XTEJ1118+480,50407-01-16-00,BH,0.06764665149782033,NS
H_colours+cand,RandomForest,27,XTEJ1118+480,90011-01-01-08,BH,0.4387329490724475,NS
H_colours+cand,RandomForest,27,XTEJ1118+480,90011-01-01-10,BH,0.9637716906167821,BH
H_colours+cand,RandomForest,27,XTEJ1118+480,90011-01-01-05,BH,0.5251215415284461,BH
H_colours+cand,RandomForest,27,XTEJ1118+480,90111-01-02-06,BH,0.20905898697608458,NS
H_colours+cand,RandomForest,27,XTEJ1118+480,90111-01-02-15,BH,0.4287848272550333,NS
H_colours+cand,RandomForest,27,XTEJ1118+480,90111-01-02-07,BH,0.2247324240639366,NS
H_colours+cand,RandomForest,27,XTEJ1118+480,90111-01-03-02,BH,0.14569625994812732,NS
H_colours+cand,RandomForest,28,XTEJ1550-564,50135-01-02-00,BH,0.190837639634479,NS
H_colours+cand,RandomForest,28,XTEJ1550-564,50135-01-08-00,BH,0.9932350230414747,BH
H_colours+cand,RandomForest,28,XTEJ1550-564,50135-01-15-00,BH,0.5347819827069629,BH
H_colours+cand,RandomForest,28,XTEJ1550-564,50135-01-19-00,BH,0.31706262790534906,NS
H_colours+cand,RandomForest,28,XTEJ1550-564,50135-01-23-00,BH,0.14892616546979653,NS
H_colours+cand,RandomForest,28,XTEJ1550-564,50137-02-09-00,BH,0.969683849139539,BH
H_colours+cand,RandomForest,28,XTEJ1550-564,60428-01-03-00,BH,0.9995565410199556,BH
H_colours+cand,RandomForest,28,XTEJ1550-564,60428-01-05-00,BH,0.975514550451038,BH
H_colours+cand,RandomForest,28,XTEJ1550-564,60428-01-09-00,BH,0.95651152622364,BH
H_colours+cand,RandomForest,28,XTEJ1550-564,60428-01-15-00,BH,0.3529473422302449,NS
H_colours+cand,RandomForest,28,XTEJ1550-564,80135-01-01-01,BH,0.9574732735573905,BH
H_colours+cand,RandomForest,28,XTEJ1550-564,80135-01-02-01,BH,0.9726680766933634,BH
H_colours+cand,RandomForest,28,XTEJ1550-564,80135-01-03-10,BH,0.9819678654406293,BH
H_colours+cand,RandomForest,28,XTEJ1550-564,80135-01-04-02,BH,0.965390312580137,BH
H_colours+cand,RandomForest,28,XTEJ1550-564,80135-01-05-10,BH,0.9614014475203896,BH
H_colours+cand,RandomForest,29,XTEJ1650-500,60113-01-06-00,BH,0.3339986476425325,NS
H_colours+cand,RandomForest,29,XTEJ1650-500,60113-01-09-00,BH,0.6409775558745036,BH
H_colours+cand,RandomForest,29,XTEJ1650-500,60113-01-11-01,BH,0.8984062918530097,BH
H_colours+cand,RandomForest,29,XTEJ1650-500,60113-01-15-00,BH,1.0,BH
H_colours+cand,RandomForest,29,XTEJ1650-500,60113-01-23-00,BH,0.9953635462887176,BH
H_colours+cand,RandomForest,29,XTEJ1650-500,60113-01-27-00,BH,1.0,BH
H_colours+cand,RandomForest,29,XTEJ1650-500,60113-01-29-02,BH,0.9925919791703622,BH
H_colours+cand,RandomForest,29,XTEJ1650-500,60113-01-34-00,BH,0.9990783410138249,BH
H_colours+cand,RandomForest,29,XTEJ1650-500,60113-01-36-00,BH,0.9964149599024957,BH
H_colours+cand,RandomForest,29,XTEJ1650-500,60113-01-38-00,BH,1.0,BH
H_colours+cand,RandomForest,29,XTEJ1650-500,60118-02-08-00,BH,0.9931792514353321,BH
H_colours+cand,RandomForest,29,XTEJ1650-500,60118-02-14-00,BH,0.5269320785623368,BH
H_colours+cand,RandomForest,29,XTEJ1650-500,60118-02-20-00,BH,0.5448262255235752,BH
H_colours+cand,RandomForest,29,XTEJ1650-500,60118-02-28-00,BH,0.8449323643049955,BH
H_colours+cand,RandomForest,29,XTEJ1650-500,70124-01-02-00,BH,0.6964879126239932,BH
H_colours+cand,RandomForest,30,XTEJ1814-338,80138-04-02-00,NS,0.24269569932619264,NS
H_colours+cand,RandomForest,30,XTEJ1814-338,80145-02-01-01,NS,0.5460778944360931,BH
H_colours+cand,RandomForest,30,XTEJ1814-338,80418-01-01-07,NS,0.27828255191924267,NS
H_colours+cand,RandomForest,30,XTEJ1814-338,80418-01-02-00,NS,0.5492051383787518,BH
H_colours+cand,RandomForest,30,XTEJ1814-338,80418-01-02-08,NS,0.8532390458799192,BH
H_colours+cand,RandomForest,30,XTEJ1814-338,80418-01-02-05,NS,0.5990226194309031,BH
H_colours+cand,RandomForest,30,XTEJ1814-338,80418-01-03-02,NS,0.7798662659247269,BH
H_colours+cand,RandomForest,30,XTEJ1814-338,80418-01-03-08,NS,0.7568471586598524,BH
H_colours+cand,RandomForest,30,XTEJ1814-338,80418-01-04-03,NS,0.8427480919398778,BH
H_colours+cand,RandomForest,30,XTEJ1814-338,80418-01-05-00,NS,0.8561981068186116,BH
H_colours+cand,RandomForest,30,XTEJ1814-338,80418-01-05-08,NS,0.2543310586554202,NS
H_colours+cand,RandomForest,30,XTEJ1814-338,80418-01-06-00,NS,0.9069714582709979,BH
H_colours+cand,RandomForest,30,XTEJ1814-338,80418-01-06-02,NS,0.9703664325652835,BH
H_colours+cand,RandomForest,30,XTEJ1814-338,80418-01-06-06,NS,0.28666536357726913,NS
H_colours+cand,RandomForest,30,XTEJ1814-338,80418-01-07-06,NS,0.11724431490328963,NS
HI_colours_intensity+cand,LogReg,0,4U1254-690,60044-01-01-02,NS,0.1312307464915697,NS
HI_colours_intensity+cand,LogReg,0,4U1254-690,60044-01-01-00,NS,0.1474138560735786,NS
HI_colours_intensity+cand,LogReg,0,4U1254-690,60044-01-01-03,NS,0.05691882433334619,NS
HI_colours_intensity+cand,LogReg,0,4U1254-690,60044-01-01-05,NS,0.07119885519179173,NS
HI_colours_intensity+cand,LogReg,0,4U1254-690,60044-01-02-100,NS,0.09694765742504546,NS
HI_colours_intensity+cand,LogReg,0,4U1254-690,60044-01-02-000,NS,0.10207534892885406,NS
HI_colours_intensity+cand,LogReg,0,4U1254-690,90036-01-01-01,NS,0.12814763756806896,NS
HI_colours_intensity+cand,LogReg,0,4U1254-690,90036-01-01-03,NS,0.07260528184579979,NS
HI_colours_intensity+cand,LogReg,0,4U1254-690,93406-13-01-00,NS,0.06799041780821269,NS
HI_colours_intensity+cand,LogReg,0,4U1254-690,95324-01-01-010,NS,0.059050032084155775,NS
HI_colours_intensity+cand,LogReg,0,4U1254-690,95324-01-01-000,NS,0.06363266457077249,NS
HI_colours_intensity+cand,LogReg,0,4U1254-690,95324-01-01-00,NS,0.07994667995099135,NS
HI_colours_intensity+cand,LogReg,0,4U1254-690,95324-01-02-000,NS,0.06248749305816614,NS
HI_colours_intensity+cand,LogReg,0,4U1254-690,95324-01-02-00,NS,0.12328482094618136,NS
HI_colours_intensity+cand,LogReg,0,4U1254-690,95324-01-02-01,NS,0.05791984144385993,NS
HI_colours_intensity+cand,LogReg,1,4U1323-619,70050-03-01-01,NS,0.11467761195116415,NS
HI_colours_intensity+cand,LogReg,1,4U1323-619,70050-03-01-02,NS,0.19203653639484777,NS
HI_colours_intensity+cand,LogReg,1,4U1323-619,90062-03-01-02,NS,0.2201555722611883,NS
HI_colours_intensity+cand,LogReg,1,4U1323-619,90062-03-01-01,NS,0.4659698740437964,NS
HI_colours_intensity+cand,LogReg,1,4U1323-619,95442-01-01-01,NS,0.2787280148250639,NS
HI_colours_intensity+cand,LogReg,1,4U1323-619,95442-01-01-02,NS,0.24576462391420348,NS
HI_colours_intensity+cand,LogReg,1,4U1323-619,96405-01-01-00,NS,0.18754760501158066,NS
HI_colours_intensity+cand,LogReg,1,4U1323-619,96405-01-01-01,NS,0.25393919902526985,NS
HI_colours_intensity+cand,LogReg,1,4U1323-619,96405-01-02-00,NS,0.14490758610916588,NS
HI_colours_intensity+cand,LogReg,1,4U1323-619,96405-01-02-01,NS,0.22536028576072883,NS
HI_colours_intensity+cand,LogReg,1,4U1323-619,96405-01-04-00,NS,0.2397031447040045,NS
HI_colours_intensity+cand,LogReg,1,4U1323-619,96405-01-05-00,NS,0.16977741358782283,NS
HI_colours_intensity+cand,LogReg,1,4U1323-619,96405-01-05-01,NS,0.35740375311118106,NS
HI_colours_intensity+cand,LogReg,1,4U1323-619,96405-01-05-02,NS,0.20370946451506938,NS
HI_colours_intensity+cand,LogReg,1,4U1323-619,96405-01-05-03,NS,0.20813541411876488,NS
HI_colours_intensity+cand,LogReg,2,4U1543-47,70133-01-01-00,BH,0.9995867414257036,BH
HI_colours_intensity+cand,LogReg,2,4U1543-47,70132-01-01-02G,BH,0.9972088545138464,BH
HI_colours_intensity+cand,LogReg,2,4U1543-47,70133-01-14-00,BH,0.9996885333532671,BH
HI_colours_intensity+cand,LogReg,2,4U1543-47,70132-01-02-00,BH,0.9994366114977504,BH
HI_colours_intensity+cand,LogReg,2,4U1543-47,70133-01-10-00,BH,0.9987232142698065,BH
HI_colours_intensity+cand,LogReg,2,4U1543-47,70133-01-19-00,BH,0.9999419447762217,BH
HI_colours_intensity+cand,LogReg,2,4U1543-47,70133-01-22-00,BH,0.99990241884646,BH
HI_colours_intensity+cand,LogReg,2,4U1543-47,70133-01-24-00,BH,0.9999598662461948,BH
HI_colours_intensity+cand,LogReg,2,4U1543-47,70133-01-27-01,BH,0.999945654761843,BH
HI_colours_intensity+cand,LogReg,2,4U1543-47,70133-01-28-00,BH,0.9997061427518823,BH
HI_colours_intensity+cand,LogReg,2,4U1543-47,70133-01-31-01,BH,0.9936624326933382,BH
HI_colours_intensity+cand,LogReg,2,4U1543-47,70128-01-01-01,BH,0.9643623784207099,BH
HI_colours_intensity+cand,LogReg,2,4U1543-47,70124-02-09-00,BH,0.595698478412326,BH
HI_colours_intensity+cand,LogReg,2,4U1543-47,70124-02-10-00,BH,0.6581619129976506,BH
HI_colours_intensity+cand,LogReg,2,4U1543-47,70124-02-14-00,BH,0.8700417030549582,BH
HI_colours_intensity+cand,LogReg,3,4U1608-52,60052-02-03-00,NS,0.11679653893643935,NS
HI_colours_intensity+cand,LogReg,3,4U1608-52,70059-01-01-00G,NS,0.20294307480383478,NS
HI_colours_intensity+cand,LogReg,3,4U1608-52,70058-01-32-00,NS,0.13994371937805036,NS
HI_colours_intensity+cand,LogReg,3,4U1608-52,70069-01-04-03,NS,0.6242270648095167,BH
HI_colours_intensity+cand,LogReg,3,4U1608-52,90408-01-01-03,NS,0.15047977938234633,NS
HI_colours_intensity+cand,LogReg,3,4U1608-52,90408-01-03-03,NS,0.6972579245182186,BH
HI_colours_intensity+cand,LogReg,3,4U1608-52,93408-01-14-00,NS,0.5928058693111987,BH
HI_colours_intensity+cand,LogReg,3,4U1608-52,93408-01-17-01,NS,0.17848288514127972,NS
HI_colours_intensity+cand,LogReg,3,4U1608-52,93408-01-22-01,NS,0.10545724357905614,NS
HI_colours_intensity+cand,LogReg,3,4U1608-52,93408-01-27-03,NS,0.6601907062415807,BH
HI_colours_intensity+cand,LogReg,3,4U1608-52,93408-01-55-01,NS,0.630367803633865,BH
HI_colours_intensity+cand,LogReg,3,4U1608-52,94401-01-03-02,NS,0.04970209652661624,NS
HI_colours_intensity+cand,LogReg,3,4U1608-52,94401-01-38-02,NS,0.48857592268615363,NS
HI_colours_intensity+cand,LogReg,3,4U1608-52,96423-01-03-00,NS,0.11800582111856596,NS
HI_colours_intensity+cand,LogReg,3,4U1608-52,96423-01-21-03,NS,0.5569056390725878,BH
HI_colours_intensity+cand,LogReg,4,4U1636-53,50030-02-04-00,NS,0.10782777789836381,NS
HI_colours_intensity+cand,LogReg,4,4U1636-53,60032-01-20-000,NS,0.07653920191525307,NS
HI_colours_intensity+cand,LogReg,4,4U1636-53,91024-01-74-00,NS,0.5158028241193324,BH
HI_colours_intensity+cand,LogReg,4,4U1636-53,91024-01-12-10,NS,0.09180865544304749,NS
HI_colours_intensity+cand,LogReg,4,4U1636-53,92023-01-50-00,NS,0.2007587536019958,NS
HI_colours_intensity+cand,LogReg,4,4U1636-53,92023-01-79-10,NS,0.03919454336568818,NS
HI_colours_intensity+cand,LogReg,4,4U1636-53,93087-01-27-00,NS,0.0557191085363048,NS
HI_colours_intensity+cand,LogReg,4,4U1636-53,93087-01-80-00,NS,0.3089308981448009,NS
HI_colours_intensity+cand,LogReg,4,4U1636-53,93087-01-33-20,NS,0.06071338238032559,NS
HI_colours_intensity+cand,LogReg,4,4U1636-53,94087-01-16-00,NS,0.502735630803501,BH
HI_colours_intensity+cand,LogReg,4,4U1636-53,94087-01-25-10,NS,0.2235500175197517,NS
HI_colours_intensity+cand,LogReg,4,4U1636-53,94087-01-44-10,NS,0.0385255873353255,NS
HI_colours_intensity+cand,LogReg,4,4U1636-53,95087-01-47-10,NS,0.2799755357237588,NS
HI_colours_intensity+cand,LogReg,4,4U1636-53,96087-01-52-00,NS,0.3520993350324784,NS
HI_colours_intensity+cand,LogReg,4,4U1636-53,96087-01-11-10,NS,0.1953390010630543,NS
HI_colours_intensity+cand,LogReg,5,4U1702-429,50029-27-01-000,NS,0.6362266611524924,BH
HI_colours_intensity+cand,LogReg,5,4U1702-429,50030-01-04-00,NS,0.6181461017955403,BH
HI_colours_intensity+cand,LogReg,5,4U1702-429,50030-01-09-03,NS,0.5258321201727725,BH
HI_colours_intensity+cand,LogReg,5,4U1702-429,80033-01-01-01,NS,0.5262058190100154,BH
HI_colours_intensity+cand,LogReg,5,4U1702-429,80033-01-02-000,NS,0.03315253038386595,NS
HI_colours_intensity+cand,LogReg,5,4U1702-429,80033-01-04-03,NS,0.022334845572553,NS
HI_colours_intensity+cand,LogReg,5,4U1702-429,80033-01-08-00G,NS,0.029052213997299153,NS
HI_colours_intensity+cand,LogReg,5,4U1702-429,80033-01-10-04G,NS,0.023667161434710857,NS
HI_colours_intensity+cand,LogReg,5,4U1702-429,80033-01-11-02,NS,0.021024811238991515,NS
HI_colours_intensity+cand,LogReg,5,4U1702-429,80033-01-12-02,NS,0.03145043641563917,NS
HI_colours_intensity+cand,LogReg,5,4U1702-429,80033-01-16-05,NS,0.026689127617477878,NS
HI_colours_intensity+cand,LogReg,5,4U1702-429,80033-01-18-02,NS,0.4451173306449482,NS
HI_colours_intensity+cand,LogReg,5,4U1702-429,80033-01-20-01,NS,0.3468032958872586,NS
HI_colours_intensity+cand,LogReg,5,4U1702-429,80033-01-21-03,NS,0.46542545944180697,NS
HI_colours_intensity+cand,LogReg,5,4U1702-429,94415-01-01-00,NS,0.3007729713004875,NS
HI_colours_intensity+cand,LogReg,6,4U1705-44,91039-01-01-61,NS,0.40591543329639845,NS
HI_colours_intensity+cand,LogReg,6,4U1705-44,90170-01-01-00,NS,0.04936900191495806,NS
HI_colours_intensity+cand,LogReg,6,4U1705-44,93060-01-05-00,NS,0.6029747527138191,BH
HI_colours_intensity+cand,LogReg,6,4U1705-44,93060-01-50-00,NS,0.5461889975263803,BH
HI_colours_intensity+cand,LogReg,6,4U1705-44,93060-01-77-00,NS,0.06099845113673098,NS
HI_colours_intensity+cand,LogReg,6,4U1705-44,93060-01-93-00,NS,0.10500635866245778,NS
HI_colours_intensity+cand,LogReg,6,4U1705-44,93060-01-45-00,NS,0.07635636009954656,NS
HI_colours_intensity+cand,LogReg,6,4U1705-44,94060-01-23-00,NS,0.07767606034805144,NS
HI_colours_intensity+cand,LogReg,6,4U1705-44,94060-01-46-00,NS,0.06763090853417915,NS
HI_colours_intensity+cand,LogReg,6,4U1705-44,94060-01-55-00,NS,0.04871968511360623,NS
HI_colours_intensity+cand,LogReg,6,4U1705-44,95060-01-35-00,NS,0.2868505612538901,NS
HI_colours_intensity+cand,LogReg,6,4U1705-44,95060-01-66-00,NS,0.10321196498577749,NS
HI_colours_intensity+cand,LogReg,6,4U1705-44,95060-01-78-00,NS,0.0760342024302774,NS
HI_colours_intensity+cand,LogReg,6,4U1705-44,96060-01-40-00,NS,0.08288784940171047,NS
HI_colours_intensity+cand,LogReg,6,4U1705-44,96060-01-73-00,NS,0.05782782392444631,NS
HI_colours_intensity+cand,LogReg,7,4U1724-307,60034-02-01-01,NS,0.4741832859243944,NS
HI_colours_intensity+cand,LogReg,7,4U1724-307,50060-05-01-07,NS,0.5413516071262326,BH
HI_colours_intensity+cand,LogReg,7,4U1724-307,50060-05-01-05,NS,0.4598603267679113,NS
HI_colours_intensity+cand,LogReg,7,4U1724-307,60034-02-02-02,NS,0.4112345114766543,NS
HI_colours_intensity+cand,LogReg,7,4U1724-307,60034-02-03-10,NS,0.37935827287705076,NS
HI_colours_intensity+cand,LogReg,7,4U1724-307,60034-02-05-01,NS,0.4260861418405569,NS
HI_colours_intensity+cand,LogReg,7,4U1724-307,80105-10-01-00,NS,0.4182761180174687,NS
HI_colours_intensity+cand,LogReg,7,4U1724-307,80138-06-03-00,NS,0.01976595296408178,NS
HI_colours_intensity+cand,LogReg,7,4U1724-307,90058-06-03-00,NS,0.20912924559932078,NS
HI_colours_intensity+cand,LogReg,7,4U1724-307,91050-07-01-00,NS,0.2571445315043401,NS
HI_colours_intensity+cand,LogReg,7,4U1724-307,93044-06-04-00,NS,0.04283732027141112,NS
HI_colours_intensity+cand,LogReg,7,4U1724-307,93044-06-07-00,NS,0.25929366023551287,NS
HI_colours_intensity+cand,LogReg,7,4U1724-307,93438-01-02-03,NS,0.3344300894641034,NS
HI_colours_intensity+cand,LogReg,7,4U1724-307,93438-01-04-00,NS,0.32256645279086227,NS
HI_colours_intensity+cand,LogReg,7,4U1724-307,93438-01-07-01,NS,0.45903574511777406,NS
HI_colours_intensity+cand,LogReg,8,4U1728-34,50023-01-29-00,NS,0.20899114417112935,NS
HI_colours_intensity+cand,LogReg,8,4U1728-34,50030-03-05-03,NS,0.3693101682450921,NS
HI_colours_intensity+cand,LogReg,8,4U1728-34,70028-01-01-08,NS,0.24133199964513563,NS
HI_colours_intensity+cand,LogReg,8,4U1728-34,70028-01-01-05,NS,0.2618592872527131,NS
HI_colours_intensity+cand,LogReg,8,4U1728-34,92023-03-08-00,NS,0.03366921885193911,NS
HI_colours_intensity+cand,LogReg,8,4U1728-34,92023-03-37-00,NS,0.18785636463261923,NS
HI_colours_intensity+cand,LogReg,8,4U1728-34,92023-03-76-00,NS,0.0335915769195617,NS
HI_colours_intensity+cand,LogReg,8,4U1728-34,92023-03-98-00,NS,0.16159799863876564,NS
HI_colours_intensity+cand,LogReg,8,4U1728-34,92023-03-19-10,NS,0.026052838977811833,NS
HI_colours_intensity+cand,LogReg,8,4U1728-34,92023-03-30-10,NS,0.06458212380320212,NS
HI_colours_intensity+cand,LogReg,8,4U1728-34,92023-03-44-00,NS,0.28767572983866774,NS
HI_colours_intensity+cand,LogReg,8,4U1728-34,92023-03-49-00,NS,0.33101316082013804,NS
HI_colours_intensity+cand,LogReg,8,4U1728-34,92023-03-70-00,NS,0.21713406096098567,NS
HI_colours_intensity+cand,LogReg,8,4U1728-34,95337-01-02-00,NS,0.026220501599639852,NS
HI_colours_intensity+cand,LogReg,8,4U1728-34,96322-01-01-05,NS,0.020890275641154993,NS
HI_colours_intensity+cand,LogReg,9,4U1735-44,50025-02-01-01,NS,0.04060451524602058,NS
HI_colours_intensity+cand,LogReg,9,4U1735-44,50026-01-01-00,NS,0.03224514375452923,NS
HI_colours_intensity+cand,LogReg,9,4U1735-44,91152-06-01-10,NS,0.029337658340061495,NS
HI_colours_intensity+cand,LogReg,9,4U1735-44,91025-01-01-04,NS,0.031004656778745216,NS
HI_colours_intensity+cand,LogReg,9,4U1735-44,91025-01-04-04,NS,0.0326941712896057,NS
HI_colours_intensity+cand,LogReg,9,4U1735-44,91025-01-04-06,NS,0.00681854171738491,NS
HI_colours_intensity+cand,LogReg,9,4U1735-44,91025-01-05-01,NS,0.020461518960595608,NS
HI_colours_intensity+cand,LogReg,9,4U1735-44,91025-01-08-07,NS,0.00897528774368904,NS
HI_colours_intensity+cand,LogReg,9,4U1735-44,91025-01-09-12,NS,0.006341268731554335,NS
HI_colours_intensity+cand,LogReg,9,4U1735-44,91025-01-09-10,NS,0.018714117560342716,NS
HI_colours_intensity+cand,LogReg,9,4U1735-44,91025-01-13-03,NS,0.01083408930279943,NS
HI_colours_intensity+cand,LogReg,9,4U1735-44,91025-01-13-08,NS,0.01072363902175646,NS
HI_colours_intensity+cand,LogReg,9,4U1735-44,93200-01-03-01,NS,0.01142926510844438,NS
HI_colours_intensity+cand,LogReg,9,4U1735-44,96325-01-01-04,NS,0.018958753472401474,NS
HI_colours_intensity+cand,LogReg,9,4U1735-44,96331-01-02-01,NS,0.024410167563460865,NS
HI_colours_intensity+cand,LogReg,10,4U1746-371,60044-02-01-10,NS,0.04307066705205441,NS
HI_colours_intensity+cand,LogReg,10,4U1746-371,60044-02-01-05,NS,0.032321120279470004,NS
HI_colours_intensity+cand,LogReg,10,4U1746-371,60044-02-01-07,NS,0.049949118651739656,NS
HI_colours_intensity+cand,LogReg,10,4U1746-371,60044-02-01-06,NS,0.04407597104462555,NS
HI_colours_intensity+cand,LogReg,10,4U1746-371,60044-02-02-00,NS,0.04529156075576146,NS
HI_colours_intensity+cand,LogReg,10,4U1746-371,60044-02-02-010,NS,0.02413183634972994,NS
HI_colours_intensity+cand,LogReg,10,4U1746-371,60044-02-02-09,NS,0.020019509521408744,NS
HI_colours_intensity+cand,LogReg,10,4U1746-371,60044-02-02-10,NS,0.047561077664797904,NS
HI_colours_intensity+cand,LogReg,10,4U1746-371,70050-01-01-03,NS,0.038872763225674935,NS
HI_colours_intensity+cand,LogReg,10,4U1746-371,70050-01-01-06,NS,0.032317366224199465,NS
HI_colours_intensity+cand,LogReg,10,4U1746-371,70050-01-01-00,NS,0.024300739835497527,NS
HI_colours_intensity+cand,LogReg,10,4U1746-371,70050-01-01-08,NS,0.01797874687704897,NS
HI_colours_intensity+cand,LogReg,10,4U1746-371,90044-01-02-01,NS,0.02140015645309635,NS
HI_colours_intensity+cand,LogReg,10,4U1746-371,90044-01-04-000,NS,0.03857674040295813,NS
HI_colours_intensity+cand,LogReg,10,4U1746-371,90044-01-04-00,NS,0.4403947013352203,NS
HI_colours_intensity+cand,LogReg,11,4U1820-30,40017-01-21-02,NS,0.02862557883195783,NS
HI_colours_intensity+cand,LogReg,11,4U1820-30,60030-01-02-01,NS,0.034880495064361625,NS
HI_colours_intensity+cand,LogReg,11,4U1820-30,70030-03-03-00,NS,0.02424592753860953,NS
HI_colours_intensity+cand,LogReg,11,4U1820-30,70030-03-05-00,NS,0.07716936231838786,NS
HI_colours_intensity+cand,LogReg,11,4U1820-30,90027-01-01-06,NS,0.02470530351215652,NS
HI_colours_intensity+cand,LogReg,11,4U1820-30,90027-01-03-00,NS,0.01643184717044455,NS
HI_colours_intensity+cand,LogReg,11,4U1820-30,90027-01-04-04,NS,0.023373113636588044,NS
HI_colours_intensity+cand,LogReg,11,4U1820-30,92030-02-02-00,NS,0.019128389447356866,NS
HI_colours_intensity+cand,LogReg,11,4U1820-30,91152-04-01-00,NS,0.019153857087522343,NS
HI_colours_intensity+cand,LogReg,11,4U1820-30,92030-02-05-00,NS,0.021842745280945416,NS
HI_colours_intensity+cand,LogReg,11,4U1820-30,94090-01-01-00,NS,0.034132716722491456,NS
HI_colours_intensity+cand,LogReg,11,4U1820-30,94090-01-02-01,NS,0.16490954457207685,NS
HI_colours_intensity+cand,LogReg,11,4U1820-30,92030-02-12-00,NS,0.013735320047601807,NS
HI_colours_intensity+cand,LogReg,11,4U1820-30,96090-01-01-020,NS,0.014815713759175767,NS
HI_colours_intensity+cand,LogReg,11,4U1820-30,96324-01-02-01,NS,0.015299119762133592,NS
HI_colours_intensity+cand,LogReg,12,4U1915-05,50026-03-01-00,NS,0.3789197870082309,NS
HI_colours_intensity+cand,LogReg,12,4U1915-05,50026-03-01-01,NS,0.5438559409212548,BH
HI_colours_intensity+cand,LogReg,12,4U1915-05,70034-02-01-01,NS,0.01224085870073995,NS
HI_colours_intensity+cand,LogReg,12,4U1915-05,70034-02-01-00,NS,0.012533135847024483,NS
HI_colours_intensity+cand,LogReg,12,4U1915-05,70034-02-02-01,NS,0.13272501301149525,NS
HI_colours_intensity+cand,LogReg,12,4U1915-05,70034-02-02-00,NS,0.42053521502038893,NS
HI_colours_intensity+cand,LogReg,13,AQLX1,50049-02-06-01,NS,0.10991857792319734,NS
HI_colours_intensity+cand,LogReg,13,AQLX1,50049-02-15-06,NS,0.17642188649986787,NS
HI_colours_intensity+cand,LogReg,13,AQLX1,60054-02-03-03,NS,0.16109061557673737,NS
HI_colours_intensity+cand,LogReg,13,AQLX1,70069-03-01-00,NS,0.1838595744572369,NS
HI_colours_intensity+cand,LogReg,13,AQLX1,80403-01-03-00,NS,0.39329145844691116,NS
HI_colours_intensity+cand,LogReg,13,AQLX1,90017-11-06-00,NS,0.7854684765032287,BH
HI_colours_intensity+cand,LogReg,13,AQLX1,91028-01-29-00,NS,0.6936857182317074,BH
HI_colours_intensity+cand,LogReg,13,AQLX1,92034-01-02-00,NS,0.7348930721893994,BH
HI_colours_intensity+cand,LogReg,13,AQLX1,93076-01-02-00,NS,0.45327212812794104,NS
HI_colours_intensity+cand,LogReg,13,AQLX1,92438-01-02-02,NS,0.6494635636634672,BH
HI_colours_intensity+cand,LogReg,13,AQLX1,94076-01-03-04,NS,0.7143098047206906,BH
HI_colours_intensity+cand,LogReg,13,AQLX1,94441-01-01-00,NS,0.16090599242971484,NS
HI_colours_intensity+cand,LogReg,13,AQLX1,95413-01-02-01,NS,0.5687505984634205,BH
HI_colours_intensity+cand,LogReg,13,AQLX1,96440-01-05-02,NS,0.0991862419311601,NS
HI_colours_intensity+cand,LogReg,13,AQLX1,96440-01-08-06,NS,0.11207182242790283,NS
HI_colours_intensity+cand,LogReg,14,CYGX2,40019-04-05-09,NS,0.2177638069864172,NS
HI_colours_intensity+cand,LogReg,14,CYGX2,80018-02-01-00G,NS,0.49007997286531074,NS
HI_colours_intensity+cand,LogReg,14,CYGX2,90030-01-23-00,NS,0.24284598403820046,NS
HI_colours_intensity+cand,LogReg,14,CYGX2,90030-01-45-00,NS,0.16755369006493534,NS
HI_colours_intensity+cand,LogReg,14,CYGX2,90030-01-55-01,NS,0.12975277646342234,NS
HI_colours_intensity+cand,LogReg,14,CYGX2,91010-01-01-05,NS,0.4162255376171176,NS
HI_colours_intensity+cand,LogReg,14,CYGX2,91009-01-28-01,NS,0.3014086105144557,NS
HI_colours_intensity+cand,LogReg,14,CYGX2,90030-01-15-00,NS,0.053760125745165505,NS
HI_colours_intensity+cand,LogReg,14,CYGX2,90030-01-09-00,NS,0.1399490461592634,NS
HI_colours_intensity+cand,LogReg,14,CYGX2,92039-01-04-01,NS,0.2150200551680413,NS
HI_colours_intensity+cand,LogReg,14,CYGX2,92038-01-06-01,NS,0.2862186910502637,NS
HI_colours_intensity+cand,LogReg,14,CYGX2,93082-02-02-01,NS,0.2267806997162309,NS
HI_colours_intensity+cand,LogReg,14,CYGX2,93443-01-01-09,NS,0.521513126027755,BH
HI_colours_intensity+cand,LogReg,14,CYGX2,95345-01-06-00,NS,0.39206171155481234,NS
HI_colours_intensity+cand,LogReg,14,CYGX2,95345-01-40-00,NS,0.13335571323323872,NS
HI_colours_intensity+cand,LogReg,15,EXO0748-676,50045-06-05-00,NS,0.18585796845028152,NS
HI_colours_intensity+cand,LogReg,15,EXO0748-676,70048-03-02-00,NS,0.15989857151795328,NS
HI_colours_intensity+cand,LogReg,15,EXO0748-676,60042-03-01-00,NS,0.09237938943273406,NS
HI_colours_intensity+cand,LogReg,15,EXO0748-676,70047-02-01-03,NS,0.07762408424185248,NS
HI_colours_intensity+cand,LogReg,15,EXO0748-676,70048-13-12-00,NS,0.20161113875179196,NS
HI_colours_intensity+cand,LogReg,15,EXO0748-676,80040-01-09-01,NS,0.3730341714159151,NS
HI_colours_intensity+cand,LogReg,15,EXO0748-676,90039-01-03-02,NS,0.4004840752945625,NS
HI_colours_intensity+cand,LogReg,15,EXO0748-676,90039-01-04-01,NS,0.3418713606770884,NS
HI_colours_intensity+cand,LogReg,15,EXO0748-676,91035-01-04-09,NS,0.2231238025763631,NS
HI_colours_intensity+cand,LogReg,15,EXO0748-676,92019-01-05-02,NS,0.20743982463610827,NS
HI_colours_intensity+cand,LogReg,15,EXO0748-676,92019-01-06-03,NS,0.30305886742477267,NS
HI_colours_intensity+cand,LogReg,15,EXO0748-676,92019-01-16-00,NS,0.12710053050084857,NS
HI_colours_intensity+cand,LogReg,15,EXO0748-676,92019-01-18-01,NS,0.2591041787237361,NS
HI_colours_intensity+cand,LogReg,15,EXO0748-676,92019-01-26-01,NS,0.06678922406617728,NS
HI_colours_intensity+cand,LogReg,15,EXO0748-676,92040-03-01-00,NS,0.1112454312960696,NS
HI_colours_intensity+cand,LogReg,16,GROJ1655-40,90428-01-01-07,BH,0.5047466237511408,BH
HI_colours_intensity+cand,LogReg,16,GROJ1655-40,91702-01-02-03,BH,0.9965251662047762,BH
HI_colours_intensity+cand,LogReg,16,GROJ1655-40,91702-01-22-00,BH,0.8833380391160189,BH
HI_colours_intensity+cand,LogReg,16,GROJ1655-40,91702-01-22-03,BH,0.8659381127795618,BH
HI_colours_intensity+cand,LogReg,16,GROJ1655-40,91702-01-43-00,BH,0.8334156281921945,BH
HI_colours_intensity+cand,LogReg,16,GROJ1655-40,91702-01-51-02,BH,0.888646233774599,BH
HI_colours_intensity+cand,LogReg,16,GROJ1655-40,91702-01-56-03,BH,0.958828739867885,BH
HI_colours_intensity+cand,LogReg,16,GROJ1655-40,91702-01-66-05,BH,0.9748480950122281,BH
HI_colours_intensity+cand,LogReg,16,GROJ1655-40,91702-01-78-00,BH,0.9970654087815596,BH
HI_colours_intensity+cand,LogReg,16,GROJ1655-40,91702-01-01-13,BH,0.9934441334554588,BH
HI_colours_intensity+cand,LogReg,16,GROJ1655-40,91702-01-17-11,BH,0.9969101240279845,BH
HI_colours_intensity+cand,LogReg,16,GROJ1655-40,91702-01-39-10,BH,0.999390751604133,BH
HI_colours_intensity+cand,LogReg,16,GROJ1655-40,91702-01-48-10,BH,0.9994967337076899,BH
HI_colours_intensity+cand,LogReg,16,GROJ1655-40,91702-01-81-00,BH,0.6339314937983056,BH
HI_colours_intensity+cand,LogReg,16,GROJ1655-40,91702-01-86-04,BH,0.4409218433555834,NS
HI_colours_intensity+cand,LogReg,17,GRS1915+105,50703-01-11-00,BH,0.7845887293330351,BH
HI_colours_intensity+cand,LogReg,17,GRS1915+105,50703-01-62-01,BH,0.7361599499659615,BH
HI_colours_intensity+cand,LogReg,17,GRS1915+105,60701-01-13-03,BH,0.213741680604673,NS
HI_colours_intensity+cand,LogReg,17,GRS1915+105,70702-01-02-00,BH,0.3910662340772089,NS
HI_colours_intensity+cand,LogReg,17,GRS1915+105,70702-01-21-01,BH,0.5466716653143142,BH
HI_colours_intensity+cand,LogReg,17,GRS1915+105,80127-04-01-02,BH,0.1283743755915639,NS
HI_colours_intensity+cand,LogReg,17,GRS1915+105,90701-01-16-00,BH,0.5569527885358805,BH
HI_colours_intensity+cand,LogReg,17,GRS1915+105,90701-01-40-00,BH,0.09818471948063054,NS
HI_colours_intensity+cand,LogReg,17,GRS1915+105,90024-02-37-00,BH,0.5745859263532772,BH
HI_colours_intensity+cand,LogReg,17,GRS1915+105,92702-01-06-00,BH,0.5770571986016887,BH
HI_colours_intensity+cand,LogReg,17,GRS1915+105,80701-01-53-00,BH,0.5795806930725576,BH
HI_colours_intensity+cand,LogReg,17,GRS1915+105,93701-01-08-00,BH,0.8881953038073588,BH
HI_colours_intensity+cand,LogReg,17,GRS1915+105,91701-01-83-00,BH,0.7154967132244763,BH
HI_colours_intensity+cand,LogReg,17,GRS1915+105,95701-01-44-00,BH,0.4614996565675021,NS
HI_colours_intensity+cand,LogReg,17,GRS1915+105,96701-01-39-00,BH,0.14094545123427288,NS
HI_colours_intensity+cand,LogReg,18,GS1826-238,50035-01-02-00,NS,0.3238338917124755,NS
HI_colours_intensity+cand,LogReg,18,GS1826-238,50035-01-03-02,NS,0.3594360878720061,NS
HI_colours_intensity+cand,LogReg,18,GS1826-238,50035-01-03-04,NS,0.3325103386603155,NS
HI_colours_intensity+cand,LogReg,18,GS1826-238,50035-01-03-090,NS,0.38179784003007006,NS
HI_colours_intensity+cand,LogReg,18,GS1826-238,80048-01-01-09,NS,0.2953885911473879,NS
HI_colours_intensity+cand,LogReg,18,GS1826-238,80048-01-01-14,NS,0.2566935229644859,NS
HI_colours_intensity+cand,LogReg,18,GS1826-238,80049-01-01-00,NS,0.3066034061778547,NS
HI_colours_intensity+cand,LogReg,18,GS1826-238,90043-01-01-02,NS,0.26400463177119937,NS
HI_colours_intensity+cand,LogReg,18,GS1826-238,70044-01-03-00,NS,0.3791047275661596,NS
HI_colours_intensity+cand,LogReg,18,GS1826-238,92703-01-04-02,NS,0.23825190790686684,NS
HI_colours_intensity+cand,LogReg,18,GS1826-238,70044-01-04-00,NS,0.25908992070658216,NS
HI_colours_intensity+cand,LogReg,18,GS1826-238,91017-01-02-05,NS,0.303335874316385,NS
HI_colours_intensity+cand,LogReg,18,GS1826-238,91017-01-02-03,NS,0.22987369404305702,NS
HI_colours_intensity+cand,LogReg,18,GS1826-238,91017-01-02-10,NS,0.23819971229977183,NS
HI_colours_intensity+cand,LogReg,18,GS1826-238,96306-01-01-01,NS,0.22039868610700852,NS
HI_colours_intensity+cand,LogReg,19,GX17+2,70023-01-01-01,NS,0.06848805158644877,NS
HI_colours_intensity+cand,LogReg,19,GX17+2,80022-01-01-09,NS,0.1348323128179143,NS
HI_colours_intensity+cand,LogReg,19,GX17+2,80022-01-01-03,NS,0.06892195896680015,NS
HI_colours_intensity+cand,LogReg,19,GX17+2,80022-01-01-02,NS,0.11005878509224744,NS
HI_colours_intensity+cand,LogReg,19,GX17+2,80022-01-03-01,NS,0.15672678373636775,NS
HI_colours_intensity+cand,LogReg,19,GX17+2,90022-07-03-00,NS,0.025433000946552587,NS
HI_colours_intensity+cand,LogReg,19,GX17+2,90022-07-04-02,NS,0.07971748004210691,NS
HI_colours_intensity+cand,LogReg,19,GX17+2,92042-01-02-00G,NS,0.17568106301410952,NS
HI_colours_intensity+cand,LogReg,19,GX17+2,92042-01-05-01,NS,0.15221690681179967,NS
HI_colours_intensity+cand,LogReg,19,GX17+2,93406-11-01-00,NS,0.14704496817473867,NS
HI_colours_intensity+cand,LogReg,19,GX17+2,93439-01-05-01,NS,0.09548627576523538,NS
HI_colours_intensity+cand,LogReg,19,GX17+2,93439-01-06-00,NS,0.04704085843370423,NS
HI_colours_intensity+cand,LogReg,19,GX17+2,95318-01-02-01,NS,0.18197328616105224,NS
HI_colours_intensity+cand,LogReg,19,GX17+2,96310-01-01-000,NS,0.10015283784859576,NS
HI_colours_intensity+cand,LogReg,19,GX17+2,96310-01-01-02,NS,0.11272358479439139,NS
HI_colours_intensity+cand,LogReg,20,GX3+1,60022-01-01-01,NS,0.10303157967451927,NS
HI_colours_intensity+cand,LogReg,20,GX3+1,60022-01-02-01,NS,0.12177189276607737,NS
HI_colours_intensity+cand,LogReg,20,GX3+1,60022-01-04-03,NS,0.12795818392192368,NS
HI_colours_intensity+cand,LogReg,20,GX3+1,60022-01-04-04,NS,0.08060300933691326,NS
HI_colours_intensity+cand,LogReg,20,GX3+1,60022-01-05-01,NS,0.09363774484020955,NS
HI_colours_intensity+cand,LogReg,20,GX3+1,60022-01-06-05,NS,0.044858595075224376,NS
HI_colours_intensity+cand,LogReg,20,GX3+1,60022-01-06-13,NS,0.08180145973604266,NS
HI_colours_intensity+cand,LogReg,20,GX3+1,60022-01-07-02,NS,0.08838849940449753,NS
HI_colours_intensity+cand,LogReg,20,GX3+1,60022-01-08-03,NS,0.10305549325747167,NS
HI_colours_intensity+cand,LogReg,20,GX3+1,60022-01-10-03,NS,0.12203891832604782,NS
HI_colours_intensity+cand,LogReg,20,GX3+1,60022-01-10-04,NS,0.11689756982066106,NS
HI_colours_intensity+cand,LogReg,20,GX3+1,60022-01-13-01,NS,0.11899518008898236,NS
HI_colours_intensity+cand,LogReg,20,GX3+1,90022-05-05-00,NS,0.08818154310380924,NS
HI_colours_intensity+cand,LogReg,20,GX3+1,90022-05-06-00,NS,0.11720588261411971,NS
HI_colours_intensity+cand,LogReg,20,GX3+1,94307-05-01-02,NS,0.09791807864190077,NS
HI_colours_intensity+cand,LogReg,21,GX339-4,40031-03-03-04,BH,0.9993949490474789,BH
HI_colours_intensity+cand,LogReg,21,GX339-4,70110-01-54-00,BH,0.9993198460720033,BH
HI_colours_intensity+cand,LogReg,21,GX339-4,80102-04-56-00,BH,0.9390662591879283,BH
HI_colours_intensity+cand,LogReg,21,GX339-4,80132-01-22-00,BH,0.6987821138933744,BH
HI_colours_intensity+cand,LogReg,21,GX339-4,90704-01-05-00,BH,0.9990864067760004,BH
HI_colours_intensity+cand,LogReg,21,GX339-4,92034-08-01-00,BH,0.8767218585084182,BH
HI_colours_intensity+cand,LogReg,21,GX339-4,92035-01-03-03,BH,0.9166796772126911,BH
HI_colours_intensity+cand,LogReg,21,GX339-4,92704-03-13-00,BH,0.810860192072512,BH
HI_colours_intensity+cand,LogReg,21,GX339-4,92704-03-22-00,BH,0.33739022582913203,NS
HI_colours_intensity+cand,LogReg,21,GX339-4,92704-03-45-01,BH,0.6350659871159272,BH
HI_colours_intensity+cand,LogReg,21,GX339-4,93108-01-01-02,BH,0.71852874719953,BH
HI_colours_intensity+cand,LogReg,21,GX339-4,95409-01-02-02,BH,0.4796033622569583,NS
HI_colours_intensity+cand,LogReg,21,GX339-4,95409-01-20-00,BH,0.9996715315952734,BH
HI_colours_intensity+cand,LogReg,21,GX339-4,95409-01-29-00,BH,0.9726678895021933,BH
HI_colours_intensity+cand,LogReg,21,GX339-4,96409-01-10-02,BH,0.5819944596566171,BH
HI_colours_intensity+cand,LogReg,22,HETEJ1900.1-245,91015-01-07-00,NS,0.753686457649856,BH
HI_colours_intensity+cand,LogReg,22,HETEJ1900.1-245,91059-03-03-00,NS,0.7467579483686209,BH
HI_colours_intensity+cand,LogReg,22,HETEJ1900.1-245,91057-01-07-04,NS,0.7117546392630708,BH
HI_colours_intensity+cand,LogReg,22,HETEJ1900.1-245,92049-01-05-00,NS,0.6730718440397865,BH
HI_colours_intensity+cand,LogReg,22,HETEJ1900.1-245,92049-01-07-00,NS,0.14655286513243054,NS
HI_colours_intensity+cand,LogReg,22,HETEJ1900.1-245,92049-01-40-00,NS,0.68979905744983,BH
HI_colours_intensity+cand,LogReg,22,HETEJ1900.1-245,92049-01-56-00,NS,0.03861886991780906,NS
HI_colours_intensity+cand,LogReg,22,HETEJ1900.1-245,93030-01-14-00,NS,0.5773902369377615,BH
HI_colours_intensity+cand,LogReg,22,HETEJ1900.1-245,93030-01-47-00,NS,0.7255132545581522,BH
HI_colours_intensity+cand,LogReg,22,HETEJ1900.1-245,94030-01-05-00,NS,0.8278756277004296,BH
HI_colours_intensity+cand,LogReg,22,HETEJ1900.1-245,94030-01-27-00,NS,0.665841147161127,BH
HI_colours_intensity+cand,LogReg,22,HETEJ1900.1-245,94030-01-36-00,NS,0.7121207004327582,BH
HI_colours_intensity+cand,LogReg,22,HETEJ1900.1-245,95030-01-16-00,NS,0.5009495576164253,BH
HI_colours_intensity+cand,LogReg,22,HETEJ1900.1-245,96030-01-01-01,NS,0.5097997426827205,BH
HI_colours_intensity+cand,LogReg,22,HETEJ1900.1-245,96030-01-25-00,NS,0.6627586436449381,BH
HI_colours_intensity+cand,LogReg,23,KS1731-260,50031-02-01-09,NS,0.4777453349845114,NS
HI_colours_intensity+cand,LogReg,23,KS1731-260,50031-02-01-12,NS,0.48881493095825257,NS
HI_colours_intensity+cand,LogReg,23,KS1731-260,50031-02-01-02,NS,0.4005025293093359,NS
HI_colours_intensity+cand,LogReg,23,KS1731-260,50031-02-01-05,NS,0.4431147981881565,NS
HI_colours_intensity+cand,LogReg,23,KS1731-260,50031-02-01-08,NS,0.4616630103195904,NS
HI_colours_intensity+cand,LogReg,23,KS1731-260,50031-02-02-06,NS,0.49816474134365235,NS
HI_colours_intensity+cand,LogReg,23,KS1731-260,50031-02-02-02,NS,0.5289316475232416,BH
HI_colours_intensity+cand,LogReg,23,KS1731-260,50031-02-02-03,NS,0.2643830830796862,NS
HI_colours_intensity+cand,LogReg,23,KS1731-260,50031-02-02-080,NS,0.456380964514989,NS
HI_colours_intensity+cand,LogReg,23,KS1731-260,50031-02-03-00,NS,0.7810191994411049,BH
HI_colours_intensity+cand,LogReg,23,KS1731-260,50031-02-03-05,NS,0.7921236431668194,BH
HI_colours_intensity+cand,LogReg,23,KS1731-260,50031-02-03-04,NS,0.7858990522598766,BH
HI_colours_intensity+cand,LogReg,23,KS1731-260,50031-02-03-07,NS,0.8041406898265728,BH
HI_colours_intensity+cand,LogReg,23,KS1731-260,50031-02-03-08,NS,0.6992074238287608,BH
HI_colours_intensity+cand,LogReg,23,KS1731-260,50031-02-03-01,NS,0.9994806731160224,BH
HI_colours_intensity+cand,LogReg,24,MXB1658-298,50410-01-01-00,NS,0.29397782406257805,NS
HI_colours_intensity+cand,LogReg,24,MXB1658-298,50410-01-04-00,NS,0.1021120104681808,NS
HI_colours_intensity+cand,LogReg,24,MXB1658-298,50410-01-05-00,NS,0.12375687884330937,NS
HI_colours_intensity+cand,LogReg,24,MXB1658-298,50410-01-08-00,NS,0.41438440407509936,NS
HI_colours_intensity+cand,LogReg,24,MXB1658-298,50410-01-09-00,NS,0.4147214731906046,NS
HI_colours_intensity+cand,LogReg,24,MXB1658-298,60048-01-02-00,NS,0.24974898093839565,NS
HI_colours_intensity+cand,LogReg,24,MXB1658-298,60048-01-04-00,NS,0.1959298462831197,NS
HI_colours_intensity+cand,LogReg,24,MXB1658-298,60048-02-01-00,NS,0.12117294527841813,NS
HI_colours_intensity+cand,LogReg,24,MXB1658-298,60048-02-03-00,NS,0.1969540474729047,NS
HI_colours_intensity+cand,LogReg,24,MXB1658-298,60048-03-01-00,NS,0.11432758021763455,NS
HI_colours_intensity+cand,LogReg,24,MXB1658-298,60048-03-02-00,NS,0.19043710380973392,NS
HI_colours_intensity+cand,LogReg,24,MXB1658-298,60048-03-05-00,NS,0.211152681311893,NS
HI_colours_intensity+cand,LogReg,24,MXB1658-298,60048-04-01-00,NS,0.03625056115533636,NS
HI_colours_intensity+cand,LogReg,24,MXB1658-298,60048-04-03-00,NS,0.63462517971756,BH
HI_colours_intensity+cand,LogReg,24,MXB1658-298,60048-04-05-00,NS,0.46492708221457174,NS
HI_colours_intensity+cand,LogReg,25,SAXJ1808.4-3658,70080-01-02-04,NS,0.6949560826784813,BH
HI_colours_intensity+cand,LogReg,25,SAXJ1808.4-3658,70080-01-02-22,NS,0.8056063355664749,BH
HI_colours_intensity+cand,LogReg,25,SAXJ1808.4-3658,70080-01-03-010,NS,0.7816718052761971,BH
HI_colours_intensity+cand,LogReg,25,SAXJ1808.4-3658,70080-02-01-03,NS,0.7160413603283511,BH
HI_colours_intensity+cand,LogReg,25,SAXJ1808.4-3658,70080-02-02-35,NS,0.7609777784408973,BH
HI_colours_intensity+cand,LogReg,25,SAXJ1808.4-3658,70080-02-02-12,NS,0.5975397602938837,BH
HI_colours_intensity+cand,LogReg,25,SAXJ1808.4-3658,70080-03-13-00,NS,0.7343566316862193,BH
HI_colours_intensity+cand,LogReg,25,SAXJ1808.4-3658,70080-03-20-13,NS,0.6280693422706868,BH
HI_colours_intensity+cand,LogReg,25,SAXJ1808.4-3658,70080-03-22-00,NS,0.41410231000546566,NS
HI_colours_intensity+cand,LogReg,25,SAXJ1808.4-3658,91056-01-03-05,NS,0.8185920357960683,BH
HI_colours_intensity+cand,LogReg,25,SAXJ1808.4-3658,91418-01-04-00,NS,0.5348381472381727,BH
HI_colours_intensity+cand,LogReg,25,SAXJ1808.4-3658,93027-01-01-03,NS,0.7612428844312294,BH
HI_colours_intensity+cand,LogReg,25,SAXJ1808.4-3658,93027-01-05-08,NS,0.917137030019123,BH
HI_colours_intensity+cand,LogReg,25,SAXJ1808.4-3658,96027-01-01-00,NS,0.7104910257446075,BH
HI_colours_intensity+cand,LogReg,25,SAXJ1808.4-3658,96027-01-02-00,NS,0.7101883019670401,BH
HI_colours_intensity+cand,LogReg,26,SLX1735-269,60034-01-01-00,NS,0.6584657053705124,BH
HI_colours_intensity+cand,LogReg,26,SLX1735-269,60034-01-02-02,NS,0.49748475744332116,NS
HI_colours_intensity+cand,LogReg,26,SLX1735-269,60034-01-03-01,NS,0.030142118136962964,NS
HI_colours_intensity+cand,LogReg,26,SLX1735-269,80138-03-01-00,NS,0.023009850679792984,NS
HI_colours_intensity+cand,LogReg,26,SLX1735-269,80138-03-02-00,NS,0.5746268567644556,BH
HI_colours_intensity+cand,LogReg,26,SLX1735-269,80138-03-07-01,NS,0.01812994912388118,NS
HI_colours_intensity+cand,LogReg,26,SLX1735-269,80138-03-07-03,NS,0.019731142957740103,NS
HI_colours_intensity+cand,LogReg,26,SLX1735-269,90058-05-01-02,NS,0.02479618711335475,NS
HI_colours_intensity+cand,LogReg,26,SLX1735-269,92052-02-02-00,NS,0.21971055604107592,NS
HI_colours_intensity+cand,LogReg,26,SLX1735-269,96429-01-02-02,NS,0.6098025674666898,BH
HI_colours_intensity+cand,LogReg,26,SLX1735-269,96429-01-03-01,NS,0.48419062949520303,NS
HI_colours_intensity+cand,LogReg,26,SLX1735-269,96429-01-05-00,NS,0.39761839585260406,NS
HI_colours_intensity+cand,LogReg,26,SLX1735-269,96429-01-06-01,NS,0.7607331926419811,BH
HI_colours_intensity+cand,LogReg,26,SLX1735-269,96429-01-07-01,NS,0.6019279338530836,BH
HI_colours_intensity+cand,LogReg,26,SLX1735-269,96429-01-08-03,NS,0.5654613405057406,BH
HI_colours_intensity+cand,LogReg,27,XTEJ1118+480,50407-01-07-01,BH,0.49227150829382277,NS
HI_colours_intensity+cand,LogReg,27,XTEJ1118+480,50407-01-09-00,BH,0.4842296749653554,NS
HI_colours_intensity+cand,LogReg,27,XTEJ1118+480,50407-01-10-01,BH,0.5266586136268662,BH
HI_colours_intensity+cand,LogReg,27,XTEJ1118+480,50133-01-05-00,BH,0.5196759803596954,BH
HI_colours_intensity+cand,LogReg,27,XTEJ1118+480,50407-01-13-02,BH,0.4801000872553838,NS
HI_colours_intensity+cand,LogReg,27,XTEJ1118+480,50133-01-04-01,BH,0.4409663699699029,NS
HI_colours_intensity+cand,LogReg,27,XTEJ1118+480,50407-01-14-02,BH,0.20623447851796964,NS
HI_colours_intensity+cand,LogReg,27,XTEJ1118+480,50407-01-16-00,BH,0.14378504405085404,NS
HI_colours_intensity+cand,LogReg,27,XTEJ1118+480,90011-01-01-08,BH,0.4155207123741092,NS
HI_colours_intensity+cand,LogReg,27,XTEJ1118+480,90011-01-01-10,BH,0.9588224143654069,BH
HI_colours_intensity+cand,LogReg,27,XTEJ1118+480,90011-01-01-05,BH,0.39172358466594664,NS
HI_colours_intensity+cand,LogReg,27,XTEJ1118+480,90111-01-02-06,BH,0.16343334344779076,NS
HI_colours_intensity+cand,LogReg,27,XTEJ1118+480,90111-01-02-15,BH,0.31484674875854113,NS
HI_colours_intensity+cand,LogReg,27,XTEJ1118+480,90111-01-02-07,BH,0.15650288765811116,NS
HI_colours_intensity+cand,LogReg,27,XTEJ1118+480,90111-01-03-02,BH,0.1219612672586698,NS
HI_colours_intensity+cand,LogReg,28,XTEJ1550-564,50135-01-02-00,BH,0.712252841093182,BH
HI_colours_intensity+cand,LogReg,28,XTEJ1550-564,50135-01-08-00,BH,0.629106817684086,BH
HI_colours_intensity+cand,LogReg,28,XTEJ1550-564,50135-01-15-00,BH,0.3450242471570925,NS
HI_colours_intensity+cand,LogReg,28,XTEJ1550-564,50135-01-19-00,BH,0.5139116535421556,BH
HI_colours_intensity+cand,LogReg,28,XTEJ1550-564,50135-01-23-00,BH,0.4437971106937324,NS
HI_colours_intensity+cand,LogReg,28,XTEJ1550-564,50137-02-09-00,BH,0.5698822848764968,BH
HI_colours_intensity+cand,LogReg,28,XTEJ1550-564,60428-01-03-00,BH,0.5798343173518912,BH
HI_colours_intensity+cand,LogReg,28,XTEJ1550-564,60428-01-05-00,BH,0.5334467463210378,BH
HI_colours_intensity+cand,LogReg,28,XTEJ1550-564,60428-01-09-00,BH,0.5430709566525428,BH
HI_colours_intensity+cand,LogReg,28,XTEJ1550-564,60428-01-15-00,BH,0.5498896516469172,BH
HI_colours_intensity+cand,LogReg,28,XTEJ1550-564,80135-01-01-01,BH,0.5921015157483466,BH
HI_colours_intensity+cand,LogReg,28,XTEJ1550-564,80135-01-02-01,BH,0.6551044827549389,BH
HI_colours_intensity+cand,LogReg,28,XTEJ1550-564,80135-01-03-10,BH,0.6928598659342198,BH
HI_colours_intensity+cand,LogReg,28,XTEJ1550-564,80135-01-04-02,BH,0.6506681572779356,BH
HI_colours_intensity+cand,LogReg,28,XTEJ1550-564,80135-01-05-10,BH,0.5811328030873868,BH
HI_colours_intensity+cand,LogReg,29,XTEJ1650-500,60113-01-06-00,BH,0.809655059907863,BH
HI_colours_intensity+cand,LogReg,29,XTEJ1650-500,60113-01-09-00,BH,0.8752101977368458,BH
HI_colours_intensity+cand,LogReg,29,XTEJ1650-500,60113-01-11-01,BH,0.8987170877583489,BH
HI_colours_intensity+cand,LogReg,29,XTEJ1650-500,60113-01-15-00,BH,0.9964387535081178,BH
HI_colours_intensity+cand,LogReg,29,XTEJ1650-500,60113-01-23-00,BH,0.9974185193346325,BH
HI_colours_intensity+cand,LogReg,29,XTEJ1650-500,60113-01-27-00,BH,0.999964317937523,BH
HI_colours_intensity+cand,LogReg,29,XTEJ1650-500,60113-01-29-02,BH,0.9999930896739733,BH
HI_colours_intensity+cand,LogReg,29,XTEJ1650-500,60113-01-34-00,BH,0.9636784966138533,BH
HI_colours_intensity+cand,LogReg,29,XTEJ1650-500,60113-01-36-00,BH,0.9998698994403701,BH
HI_colours_intensity+cand,LogReg,29,XTEJ1650-500,60113-01-38-00,BH,0.999949173139174,BH
HI_colours_intensity+cand,LogReg,29,XTEJ1650-500,60118-02-08-00,BH,0.9949229954351736,BH
HI_colours_intensity+cand,LogReg,29,XTEJ1650-500,60118-02-14-00,BH,0.853197676954951,BH
HI_colours_intensity+cand,LogReg,29,XTEJ1650-500,60118-02-20-00,BH,0.13895437808950847,NS
HI_colours_intensity+cand,LogReg,29,XTEJ1650-500,60118-02-28-00,BH,0.62405705986986,BH
HI_colours_intensity+cand,LogReg,29,XTEJ1650-500,70124-01-02-00,BH,0.5031843471834682,BH
HI_colours_intensity+cand,LogReg,30,XTEJ1814-338,80138-04-02-00,NS,0.3443188769763673,NS
HI_colours_intensity+cand,LogReg,30,XTEJ1814-338,80145-02-01-01,NS,0.2948422947368284,NS
HI_colours_intensity+cand,LogReg,30,XTEJ1814-338,80418-01-01-07,NS,0.3138388776626285,NS
HI_colours_intensity+cand,LogReg,30,XTEJ1814-338,80418-01-02-00,NS,0.3600108573081869,NS
HI_colours_intensity+cand,LogReg,30,XTEJ1814-338,80418-01-02-08,NS,0.400536869420964,NS
HI_colours_intensity+cand,LogReg,30,XTEJ1814-338,80418-01-02-05,NS,0.38120186386642685,NS
HI_colours_intensity+cand,LogReg,30,XTEJ1814-338,80418-01-03-02,NS,0.43123633578925713,NS
HI_colours_intensity+cand,LogReg,30,XTEJ1814-338,80418-01-03-08,NS,0.43250845350153383,NS
HI_colours_intensity+cand,LogReg,30,XTEJ1814-338,80418-01-04-03,NS,0.3836205020457691,NS
HI_colours_intensity+cand,LogReg,30,XTEJ1814-338,80418-01-05-00,NS,0.4722611652326514,NS
HI_colours_intensity+cand,LogReg,30,XTEJ1814-338,80418-01-05-08,NS,0.3821279473645769,NS
HI_colours_intensity+cand,LogReg,30,XTEJ1814-338,80418-01-06-00,NS,0.576051438012485,BH
HI_colours_intensity+cand,LogReg,30,XTEJ1814-338,80418-01-06-02,NS,0.6341137973574164,BH
HI_colours_intensity+cand,LogReg,30,XTEJ1814-338,80418-01-06-06,NS,0.29779103253317196,NS
HI_colours_intensity+cand,LogReg,30,XTEJ1814-338,80418-01-07-06,NS,0.24402367508615946,NS
HI_colours_intensity+cand,RandomForest,0,4U1254-690,60044-01-01-02,NS,0.07732718257349014,NS
HI_colours_intensity+cand,RandomForest,0,4U1254-690,60044-01-01-00,NS,0.41514333526906855,NS
HI_colours_intensity+cand,RandomForest,0,4U1254-690,60044-01-01-03,NS,0.033306842159582316,NS
HI_colours_intensity+cand,RandomForest,0,4U1254-690,60044-01-01-05,NS,0.04786584992338328,NS
HI_colours_intensity+cand,RandomForest,0,4U1254-690,60044-01-02-100,NS,0.07675741263814524,NS
HI_colours_intensity+cand,RandomForest,0,4U1254-690,60044-01-02-000,NS,0.09656124686574777,NS
HI_colours_intensity+cand,RandomForest,0,4U1254-690,90036-01-01-01,NS,0.22912696451792777,NS
HI_colours_intensity+cand,RandomForest,0,4U1254-690,90036-01-01-03,NS,0.07340759701847002,NS
HI_colours_intensity+cand,RandomForest,0,4U1254-690,93406-13-01-00,NS,0.17834900507835458,NS
HI_colours_intensity+cand,RandomForest,0,4U1254-690,95324-01-01-010,NS,0.13084815031175304,NS
HI_colours_intensity+cand,RandomForest,0,4U1254-690,95324-01-01-000,NS,0.21359388527591713,NS
HI_colours_intensity+cand,RandomForest,0,4U1254-690,95324-01-01-00,NS,0.053439751199412217,NS
HI_colours_intensity+cand,RandomForest,0,4U1254-690,95324-01-02-000,NS,0.11560706378549625,NS
HI_colours_intensity+cand,RandomForest,0,4U1254-690,95324-01-02-00,NS,0.18278679537924242,NS
HI_colours_intensity+cand,RandomForest,0,4U1254-690,95324-01-02-01,NS,0.1850526272239223,NS
HI_colours_intensity+cand,RandomForest,1,4U1323-619,70050-03-01-01,NS,0.25022043063170474,NS
HI_colours_intensity+cand,RandomForest,1,4U1323-619,70050-03-01-02,NS,0.44004140569079664,NS
HI_colours_intensity+cand,RandomForest,1,4U1323-619,90062-03-01-02,NS,0.27003141053604035,NS
HI_colours_intensity+cand,RandomForest,1,4U1323-619,90062-03-01-01,NS,0.4666164766950853,NS
HI_colours_intensity+cand,RandomForest,1,4U1323-619,95442-01-01-01,NS,0.37444644736597826,NS
HI_colours_intensity+cand,RandomForest,1,4U1323-619,95442-01-01-02,NS,0.42559524669061716,NS
HI_colours_intensity+cand,RandomForest,1,4U1323-619,96405-01-01-00,NS,0.21619599627924857,NS
HI_colours_intensity+cand,RandomForest,1,4U1323-619,96405-01-01-01,NS,0.2512647142950164,NS
HI_colours_intensity+cand,RandomForest,1,4U1323-619,96405-01-02-00,NS,0.22743474523695295,NS
HI_colours_intensity+cand,RandomForest,1,4U1323-619,96405-01-02-01,NS,0.17902872018056235,NS
HI_colours_intensity+cand,RandomForest,1,4U1323-619,96405-01-04-00,NS,0.13858227772736953,NS
HI_colours_intensity+cand,RandomForest,1,4U1323-619,96405-01-05-00,NS,0.224170831847107,NS
HI_colours_intensity+cand,RandomForest,1,4U1323-619,96405-01-05-01,NS,0.6350485689758458,BH
HI_colours_intensity+cand,RandomForest,1,4U1323-619,96405-01-05-02,NS,0.14916115728253845,NS
HI_colours_intensity+cand,RandomForest,1,4U1323-619,96405-01-05-03,NS,0.21657231891108467,NS
HI_colours_intensity+cand,RandomForest,2,4U1543-47,70133-01-01-00,BH,0.9990783410138249,BH
HI_colours_intensity+cand,RandomForest,2,4U1543-47,70132-01-01-02G,BH,0.9195880200680571,BH
HI_colours_intensity+cand,RandomForest,2,4U1543-47,70133-01-14-00,BH,0.9921566820276498,BH
HI_colours_intensity+cand,RandomForest,2,4U1543-47,70132-01-02-00,BH,0.9966348820337805,BH
HI_colours_intensity+cand,RandomForest,2,4U1543-47,70133-01-10-00,BH,0.9946028815717332,BH
HI_colours_intensity+cand,RandomForest,2,4U1543-47,70133-01-19-00,BH,0.9925826409857279,BH
HI_colours_intensity+cand,RandomForest,2,4U1543-47,70133-01-22-00,BH,0.9912537886041894,BH
HI_colours_intensity+cand,RandomForest,2,4U1543-47,70133-01-24-00,BH,0.981706698492499,BH
HI_colours_intensity+cand,RandomForest,2,4U1543-47,70133-01-27-01,BH,0.993816511360828,BH
HI_colours_intensity+cand,RandomForest,2,4U1543-47,70133-01-28-00,BH,0.9823782214302091,BH
HI_colours_intensity+cand,RandomForest,2,4U1543-47,70133-01-31-01,BH,0.9826912598889146,BH
HI_colours_intensity+cand,RandomForest,2,4U1543-47,70128-01-01-01,BH,0.7378656932246617,BH
HI_colours_intensity+cand,RandomForest,2,4U1543-47,70124-02-09-00,BH,0.4959815221649012,NS
HI_colours_intensity+cand,RandomForest,2,4U1543-47,70124-02-10-00,BH,0.8549970447057436,BH
HI_colours_intensity+cand,RandomForest,2,4U1543-47,70124-02-14-00,BH,0.7843717759738374,BH
HI_colours_intensity+cand,RandomForest,3,4U1608-52,60052-02-03-00,NS,0.010357174442042098,NS
HI_colours_intensity+cand,RandomForest,3,4U1608-52,70059-01-01-00G,NS,0.19508595463816888,NS
HI_colours_intensity+cand,RandomForest,3,4U1608-52,70058-01-32-00,NS,0.023068171535511005,NS
HI_colours_intensity+cand,RandomForest,3,4U1608-52,70069-01-04-03,NS,0.4138553452438942,NS
HI_colours_intensity+cand,RandomForest,3,4U1608-52,90408-01-01-03,NS,0.039177952159672694,NS
HI_colours_intensity+cand,RandomForest,3,4U1608-52,90408-01-03-03,NS,0.07069381699150763,NS
HI_colours_intensity+cand,RandomForest,3,4U1608-52,93408-01-14-00,NS,0.2005193315954225,NS
HI_colours_intensity+cand,RandomForest,3,4U1608-52,93408-01-17-01,NS,0.03662902838126154,NS
HI_colours_intensity+cand,RandomForest,3,4U1608-52,93408-01-22-01,NS,0.02070351533393715,NS
HI_colours_intensity+cand,RandomForest,3,4U1608-52,93408-01-27-03,NS,0.74458041531022,BH
HI_colours_intensity+cand,RandomForest,3,4U1608-52,93408-01-55-01,NS,0.283498199190778,NS
HI_colours_intensity+cand,RandomForest,3,4U1608-52,94401-01-03-02,NS,0.001886292291594001,NS
HI_colours_intensity+cand,RandomForest,3,4U1608-52,94401-01-38-02,NS,0.31074430693860366,NS
HI_colours_intensity+cand,RandomForest,3,4U1608-52,96423-01-03-00,NS,0.018186112432063483,NS
HI_colours_intensity+cand,RandomForest,3,4U1608-52,96423-01-21-03,NS,0.09909596374150932,NS
HI_colours_intensity+cand,RandomForest,4,4U1636-53,50030-02-04-00,NS,0.023915007501684835,NS
HI_colours_intensity+cand,RandomForest,4,4U1636-53,60032-01-20-000,NS,0.01075047499221494,NS
HI_colours_intensity+cand,RandomForest,4,4U1636-53,91024-01-74-00,NS,0.1365358149637315,NS
HI_colours_intensity+cand,RandomForest,4,4U1636-53,91024-01-12-10,NS,0.05674035284957993,NS
HI_colours_intensity+cand,RandomForest,4,4U1636-53,92023-01-50-00,NS,0.1331728853303985,NS
HI_colours_intensity+cand,RandomForest,4,4U1636-53,92023-01-79-10,NS,0.015418567112254696,NS
HI_colours_intensity+cand,RandomForest,4,4U1636-53,93087-01-27-00,NS,0.004458476321207962,NS
HI_colours_intensity+cand,RandomForest,4,4U1636-53,93087-01-80-00,NS,0.08696311921090913,NS
HI_colours_intensity+cand,RandomForest,4,4U1636-53,93087-01-33-20,NS,0.019952248699025288,NS
HI_colours_intensity+cand,RandomForest,4,4U1636-53,94087-01-16-00,NS,0.08642664107694684,NS
HI_colours_intensity+cand,RandomForest,4,4U1636-53,94087-01-25-10,NS,0.14556348045711212,NS
HI_colours_intensity+cand,RandomForest,4,4U1636-53,94087-01-44-10,NS,0.013058359486432795,NS
HI_colours_intensity+cand,RandomForest,4,4U1636-53,95087-01-47-10,NS,0.08416008924353922,NS
HI_colours_intensity+cand,RandomForest,4,4U1636-53,96087-01-52-00,NS,0.2123964805423068,NS
HI_colours_intensity+cand,RandomForest,4,4U1636-53,96087-01-11-10,NS,0.048458369849751895,NS
HI_colours_intensity+cand,RandomForest,5,4U1702-429,50029-27-01-000,NS,0.21492296442455974,NS
HI_colours_intensity+cand,RandomForest,5,4U1702-429,50030-01-04-00,NS,0.06116664949363863,NS
HI_colours_intensity+cand,RandomForest,5,4U1702-429,50030-01-09-03,NS,0.21555686099506657,NS
HI_colours_intensity+cand,RandomForest,5,4U1702-429,80033-01-01-01,NS,0.03534128164536676,NS
HI_colours_intensity+cand,RandomForest,5,4U1702-429,80033-01-02-000,NS,0.029381202674619387,NS
HI_colours_intensity+cand,RandomForest,5,4U1702-429,80033-01-04-03,NS,0.01581956673579887,NS
HI_colours_intensity+cand,RandomForest,5,4U1702-429,80033-01-08-00G,NS,0.025077836530482667,NS
HI_colours_intensity+cand,RandomForest,5,4U1702-429,80033-01-10-04G,NS,0.024415512969634443,NS
HI_colours_intensity+cand,RandomForest,5,4U1702-429,80033-01-11-02,NS,0.021994950480900118,NS
HI_colours_intensity+cand,RandomForest,5,4U1702-429,80033-01-12-02,NS,0.018416225972920627,NS
HI_colours_intensity+cand,RandomForest,5,4U1702-429,80033-01-16-05,NS,0.005569444592009259,NS
HI_colours_intensity+cand,RandomForest,5,4U1702-429,80033-01-18-02,NS,0.035189177804764445,NS
HI_colours_intensity+cand,RandomForest,5,4U1702-429,80033-01-20-01,NS,0.20736672769335987,NS
HI_colours_intensity+cand,RandomForest,5,4U1702-429,80033-01-21-03,NS,0.2609244603625843,NS
HI_colours_intensity+cand,RandomForest,5,4U1702-429,94415-01-01-00,NS,0.12161850089388031,NS
HI_colours_intensity+cand,RandomForest,6,4U1705-44,91039-01-01-61,NS,0.039618422503875664,NS
HI_colours_intensity+cand,RandomForest,6,4U1705-44,90170-01-01-00,NS,0.03046610428491082,NS
HI_colours_intensity+cand,RandomForest,6,4U1705-44,93060-01-05-00,NS,0.12242446015576228,NS
HI_colours_intensity+cand,RandomForest,6,4U1705-44,93060-01-50-00,NS,0.5578448050889803,BH
HI_colours_intensity+cand,RandomForest,6,4U1705-44,93060-01-77-00,NS,0.02708535610965351,NS
HI_colours_intensity+cand,RandomForest,6,4U1705-44,93060-01-93-00,NS,0.019435182202872384,NS
HI_colours_intensity+cand,RandomForest,6,4U1705-44,93060-01-45-00,NS,0.04270412713608668,NS
HI_colours_intensity+cand,RandomForest,6,4U1705-44,94060-01-23-00,NS,0.023011529331104237,NS
HI_colours_intensity+cand,RandomForest,6,4U1705-44,94060-01-46-00,NS,0.028770450570272468,NS
HI_colours_intensity+cand,RandomForest,6,4U1705-44,94060-01-55-00,NS,0.06500469171878777,NS
HI_colours_intensity+cand,RandomForest,6,4U1705-44,95060-01-35-00,NS,0.07489906254286136,NS
HI_colours_intensity+cand,RandomForest,6,4U1705-44,95060-01-66-00,NS,0.02551561617460202,NS
HI_colours_intensity+cand,RandomForest,6,4U1705-44,95060-01-78-00,NS,0.02306709084630783,NS
HI_colours_intensity+cand,RandomForest,6,4U1705-44,96060-01-40-00,NS,0.04101403159582809,NS
HI_colours_intensity+cand,RandomForest,6,4U1705-44,96060-01-73-00,NS,0.031332569888782184,NS
HI_colours_intensity+cand,RandomForest,7,4U1724-307,60034-02-01-01,NS,0.2748896587884272,NS
HI_colours_intensity+cand,RandomForest,7,4U1724-307,50060-05-01-07,NS,0.3111247526074196,NS
HI_colours_intensity+cand,RandomForest,7,4U1724-307,50060-05-01-05,NS,0.2697882159202084,NS
HI_colours_intensity+cand,RandomForest,7,4U1724-307,60034-02-02-02,NS,0.28556857209460745,NS
HI_colours_intensity+cand,RandomForest,7,4U1724-307,60034-02-03-10,NS,0.22840822521796675,NS
HI_colours_intensity+cand,RandomForest,7,4U1724-307,60034-02-05-01,NS,0.22409236944815927,NS
HI_colours_intensity+cand,RandomForest,7,4U1724-307,80105-10-01-00,NS,0.22455066210954322,NS
HI_colours_intensity+cand,RandomForest,7,4U1724-307,80138-06-03-00,NS,0.03061211926067374,NS
HI_colours_intensity+cand,RandomForest,7,4U1724-307,90058-06-03-00,NS,0.11639398988312577,NS
HI_colours_intensity+cand,RandomForest,7,4U1724-307,91050-07-01-00,NS,0.21733190314791664,NS
HI_colours_intensity+cand,RandomForest,7,4U1724-307,93044-06-04-00,NS,0.02220765144564283,NS
HI_colours_intensity+cand,RandomForest,7,4U1724-307,93044-06-07-00,NS,0.29022503583750486,NS
HI_colours_intensity+cand,RandomForest,7,4U1724-307,93438-01-02-03,NS,0.2735231495431327,NS
HI_colours_intensity+cand,RandomForest,7,4U1724-307,93438-01-04-00,NS,0.2747344000544687,NS
HI_colours_intensity+cand,RandomForest,7,4U1724-307,93438-01-07-01,NS,0.4904954872337015,NS
HI_colours_intensity+cand,RandomForest,8,4U1728-34,50023-01-29-00,NS,0.21470572835528776,NS
HI_colours_intensity+cand,RandomForest,8,4U1728-34,50030-03-05-03,NS,0.18584439704391317,NS
HI_colours_intensity+cand,RandomForest,8,4U1728-34,70028-01-01-08,NS,0.28031930187557735,NS
HI_colours_intensity+cand,RandomForest,8,4U1728-34,70028-01-01-05,NS,0.262622430666206,NS
HI_colours_intensity+cand,RandomForest,8,4U1728-34,92023-03-08-00,NS,0.026656987487461065,NS
HI_colours_intensity+cand,RandomForest,8,4U1728-34,92023-03-37-00,NS,0.4806389104076099,NS
HI_colours_intensity+cand,RandomForest,8,4U1728-34,92023-03-76-00,NS,0.13994555555297228,NS
HI_colours_intensity+cand,RandomForest,8,4U1728-34,92023-03-98-00,NS,0.34278740411020714,NS
HI_colours_intensity+cand,RandomForest,8,4U1728-34,92023-03-19-10,NS,0.06777811114649719,NS
HI_colours_intensity+cand,RandomForest,8,4U1728-34,92023-03-30-10,NS,0.2537976080269327,NS
HI_colours_intensity+cand,RandomForest,8,4U1728-34,92023-03-44-00,NS,0.35857731678920196,NS
HI_colours_intensity+cand,RandomForest,8,4U1728-34,92023-03-49-00,NS,0.4684167844917171,NS
HI_colours_intensity+cand,RandomForest,8,4U1728-34,92023-03-70-00,NS,0.3626977640814271,NS
HI_colours_intensity+cand,RandomForest,8,4U1728-34,95337-01-02-00,NS,0.005776309926173123,NS
HI_colours_intensity+cand,RandomForest,8,4U1728-34,96322-01-01-05,NS,0.0034431405200445564,NS
HI_colours_intensity+cand,RandomForest,9,4U1735-44,50025-02-01-01,NS,0.11083533219633698,NS
HI_colours_intensity+cand,RandomForest,9,4U1735-44,50026-01-01-00,NS,0.016479699819082875,NS
HI_colours_intensity+cand,RandomForest,9,4U1735-44,91152-06-01-10,NS,0.014414575569358178,NS
HI_colours_intensity+cand,RandomForest,9,4U1735-44,91025-01-01-04,NS,0.03656673791463127,NS
HI_colours_intensity+cand,RandomForest,9,4U1735-44,91025-01-04-04,NS,0.0419941957027448,NS
HI_colours_intensity+cand,RandomForest,9,4U1735-44,91025-01-04-06,NS,0.0875585244763155,NS
HI_colours_intensity+cand,RandomForest,9,4U1735-44,91025-01-05-01,NS,0.0,NS
HI_colours_intensity+cand,RandomForest,9,4U1735-44,91025-01-08-07,NS,0.03312091470180618,NS
HI_colours_intensity+cand,RandomForest,9,4U1735-44,91025-01-09-12,NS,0.058991823279618535,NS
HI_colours_intensity+cand,RandomForest,9,4U1735-44,91025-01-09-10,NS,0.00861807990225286,NS
HI_colours_intensity+cand,RandomForest,9,4U1735-44,91025-01-13-03,NS,0.012499483989005595,NS
HI_colours_intensity+cand,RandomForest,9,4U1735-44,91025-01-13-08,NS,0.005520336605890604,NS
HI_colours_intensity+cand,RandomForest,9,4U1735-44,93200-01-03-01,NS,0.001727910238429173,NS
HI_colours_intensity+cand,RandomForest,9,4U1735-44,96325-01-01-04,NS,0.017951742280238634,NS
HI_colours_intensity+cand,RandomForest,9,4U1735-44,96331-01-02-01,NS,0.07700118897473313,NS
HI_colours_intensity+cand,RandomForest,10,4U1746-371,60044-02-01-10,NS,0.02218926265860108,NS
HI_colours_intensity+cand,RandomForest,10,4U1746-371,60044-02-01-05,NS,0.09350532847690257,NS
HI_colours_intensity+cand,RandomForest,10,4U1746-371,60044-02-01-07,NS,0.0743191707678443,NS
HI_colours_intensity+cand,RandomForest,10,4U1746-371,60044-02-01-06,NS,0.006607439191216083,NS
HI_colours_intensity+cand,RandomForest,10,4U1746-371,60044-02-02-00,NS,0.11576706067529788,NS
HI_colours_intensity+cand,RandomForest,10,4U1746-371,60044-02-02-010,NS,0.013147332985862046,NS
HI_colours_intensity+cand,RandomForest,10,4U1746-371,60044-02-02-09,NS,0.009343987972677058,NS
HI_colours_intensity+cand,RandomForest,10,4U1746-371,60044-02-02-10,NS,0.09208069122228467,NS
HI_colours_intensity+cand,RandomForest,10,4U1746-371,70050-01-01-03,NS,0.13573876720187206,NS
HI_colours_intensity+cand,RandomForest,10,4U1746-371,70050-01-01-06,NS,0.09847307041238644,NS
HI_colours_intensity+cand,RandomForest,10,4U1746-371,70050-01-01-00,NS,0.08424616298685925,NS
HI_colours_intensity+cand,RandomForest,10,4U1746-371,70050-01-01-08,NS,0.13379525278084145,NS
HI_colours_intensity+cand,RandomForest,10,4U1746-371,90044-01-02-01,NS,0.09268780587238465,NS
HI_colours_intensity+cand,RandomForest,10,4U1746-371,90044-01-04-000,NS,0.015743541859233646,NS
HI_colours_intensity+cand,RandomForest,10,4U1746-371,90044-01-04-00,NS,0.3214846162648426,NS
HI_colours_intensity+cand,RandomForest,11,4U1820-30,40017-01-21-02,NS,0.05263838130554185,NS
HI_colours_intensity+cand,RandomForest,11,4U1820-30,60030-01-02-01,NS,0.03174971918727896,NS
HI_colours_intensity+cand,RandomForest,11,4U1820-30,70030-03-03-00,NS,0.05739295995656612,NS
HI_colours_intensity+cand,RandomForest,11,4U1820-30,70030-03-05-00,NS,0.05065030052684121,NS
HI_colours_intensity+cand,RandomForest,11,4U1820-30,90027-01-01-06,NS,0.0424863302525444,NS
HI_colours_intensity+cand,RandomForest,11,4U1820-30,90027-01-03-00,NS,0.006836320072095357,NS
HI_colours_intensity+cand,RandomForest,11,4U1820-30,90027-01-04-04,NS,0.03479821889022107,NS
HI_colours_intensity+cand,RandomForest,11,4U1820-30,92030-02-02-00,NS,0.020892790122952944,NS
HI_colours_intensity+cand,RandomForest,11,4U1820-30,91152-04-01-00,NS,0.005807468828506698,NS
HI_colours_intensity+cand,RandomForest,11,4U1820-30,92030-02-05-00,NS,0.010637701053385457,NS
HI_colours_intensity+cand,RandomForest,11,4U1820-30,94090-01-01-00,NS,0.03966803716685907,NS
HI_colours_intensity+cand,RandomForest,11,4U1820-30,94090-01-02-01,NS,0.06804414380238806,NS
HI_colours_intensity+cand,RandomForest,11,4U1820-30,92030-02-12-00,NS,0.016823316493058876,NS
HI_colours_intensity+cand,RandomForest,11,4U1820-30,96090-01-01-020,NS,0.04657956136832199,NS
HI_colours_intensity+cand,RandomForest,11,4U1820-30,96324-01-02-01,NS,0.014848025448136121,NS
HI_colours_intensity+cand,RandomForest,12,4U1915-05,50026-03-01-00,NS,0.40552309394355285,NS
HI_colours_intensity+cand,RandomForest,12,4U1915-05,50026-03-01-01,NS,0.11406197171463749,NS
HI_colours_intensity+cand,RandomForest,12,4U1915-05,70034-02-01-01,NS,0.14210768011893296,NS
HI_colours_intensity+cand,RandomForest,12,4U1915-05,70034-02-01-00,NS,0.23459032624714363,NS
HI_colours_intensity+cand,RandomForest,12,4U1915-05,70034-02-02-01,NS,0.17965277051487855,NS
HI_colours_intensity+cand,RandomForest,12,4U1915-05,70034-02-02-00,NS,0.3423806825134339,NS
HI_colours_intensity+cand,RandomForest,13,AQLX1,50049-02-06-01,NS,0.02173223139291232,NS
HI_colours_intensity+cand,RandomForest,13,AQLX1,50049-02-15-06,NS,0.6080754082295934,BH
HI_colours_intensity+cand,RandomForest,13,AQLX1,60054-02-03-03,NS,0.08861473559144141,NS
HI_colours_intensity+cand,RandomForest,13,AQLX1,70069-03-01-00,NS,0.61261515804259,BH
HI_colours_intensity+cand,RandomForest,13,AQLX1,80403-01-03-00,NS,0.8824370241686471,BH
HI_colours_intensity+cand,RandomForest,13,AQLX1,90017-11-06-00,NS,0.6901470606004086,BH
HI_colours_intensity+cand,RandomForest,13,AQLX1,91028-01-29-00,NS,0.26177638312682694,NS
HI_colours_intensity+cand,RandomForest,13,AQLX1,92034-01-02-00,NS,0.45369388776895075,NS
HI_colours_intensity+cand,RandomForest,13,AQLX1,93076-01-02-00,NS,0.3607011480283477,NS
HI_colours_intensity+cand,RandomForest,13,AQLX1,92438-01-02-02,NS,0.8142105367590564,BH
HI_colours_intensity+cand,RandomForest,13,AQLX1,94076-01-03-04,NS,0.6955992612001605,BH
HI_colours_intensity+cand,RandomForest,13,AQLX1,94441-01-01-00,NS,0.6344986312219352,BH
HI_colours_intensity+cand,RandomForest,13,AQLX1,95413-01-02-01,NS,0.16405663996883274,NS
HI_colours_intensity+cand,RandomForest,13,AQLX1,96440-01-05-02,NS,0.09881553997920763,NS
HI_colours_intensity+cand,RandomForest,13,AQLX1,96440-01-08-06,NS,0.5687618602183945,BH
HI_colours_intensity+cand,RandomForest,14,CYGX2,40019-04-05-09,NS,0.08347250991524593,NS
HI_colours_intensity+cand,RandomForest,14,CYGX2,80018-02-01-00G,NS,0.9725021830635195,BH
HI_colours_intensity+cand,RandomForest,14,CYGX2,90030-01-23-00,NS,0.8749171261906163,BH
HI_colours_intensity+cand,RandomForest,14,CYGX2,90030-01-45-00,NS,0.03831440744281834,NS
HI_colours_intensity+cand,RandomForest,14,CYGX2,90030-01-55-01,NS,0.009754717061273588,NS
HI_colours_intensity+cand,RandomForest,14,CYGX2,91010-01-01-05,NS,0.9649103566124277,BH
HI_colours_intensity+cand,RandomForest,14,CYGX2,91009-01-28-01,NS,0.7180927013897919,BH
HI_colours_intensity+cand,RandomForest,14,CYGX2,90030-01-15-00,NS,0.05442993234817207,NS
HI_colours_intensity+cand,RandomForest,14,CYGX2,90030-01-09-00,NS,0.01477549285260382,NS
HI_colours_intensity+cand,RandomForest,14,CYGX2,92039-01-04-01,NS,0.08081169251027728,NS
HI_colours_intensity+cand,RandomForest,14,CYGX2,92038-01-06-01,NS,0.9295899538354903,BH
HI_colours_intensity+cand,RandomForest,14,CYGX2,93082-02-02-01,NS,0.176358254155275,NS
HI_colours_intensity+cand,RandomForest,14,CYGX2,93443-01-01-09,NS,0.9795521552830181,BH
HI_colours_intensity+cand,RandomForest,14,CYGX2,95345-01-06-00,NS,0.9493043168046036,BH
HI_colours_intensity+cand,RandomForest,14,CYGX2,95345-01-40-00,NS,0.03584251615214583,NS
HI_colours_intensity+cand,RandomForest,15,EXO0748-676,50045-06-05-00,NS,0.15444673603139386,NS
HI_colours_intensity+cand,RandomForest,15,EXO0748-676,70048-03-02-00,NS,0.51816870035899,BH
HI_colours_intensity+cand,RandomForest,15,EXO0748-676,60042-03-01-00,NS,0.19241782366649318,NS
HI_colours_intensity+cand,RandomForest,15,EXO0748-676,70047-02-01-03,NS,0.4275636208880402,NS
HI_colours_intensity+cand,RandomForest,15,EXO0748-676,70048-13-12-00,NS,0.4291846610529533,NS
HI_colours_intensity+cand,RandomForest,15,EXO0748-676,80040-01-09-01,NS,0.24800246322161024,NS
HI_colours_intensity+cand,RandomForest,15,EXO0748-676,90039-01-03-02,NS,0.38429237899306207,NS
HI_colours_intensity+cand,RandomForest,15,EXO0748-676,90039-01-04-01,NS,0.7462943369060794,BH
HI_colours_intensity+cand,RandomForest,15,EXO0748-676,91035-01-04-09,NS,0.5488767131737082,BH
HI_colours_intensity+cand,RandomForest,15,EXO0748-676,92019-01-05-02,NS,0.15783140271438256,NS
HI_colours_intensity+cand,RandomForest,15,EXO0748-676,92019-01-06-03,NS,0.26735946129128263,NS
HI_colours_intensity+cand,RandomForest,15,EXO0748-676,92019-01-16-00,NS,0.22227617805632044,NS
HI_colours_intensity+cand,RandomForest,15,EXO0748-676,92019-01-18-01,NS,0.5618037504681174,BH
HI_colours_intensity+cand,RandomForest,15,EXO0748-676,92019-01-26-01,NS,0.5861879211505606,BH
HI_colours_intensity+cand,RandomForest,15,EXO0748-676,92040-03-01-00,NS,0.2962471124026118,NS
HI_colours_intensity+cand,RandomForest,16,GROJ1655-40,90428-01-01-07,BH,0.9901783273248115,BH
HI_colours_intensity+cand,RandomForest,16,GROJ1655-40,91702-01-02-03,BH,0.9765544486428138,BH
HI_colours_intensity+cand,RandomForest,16,GROJ1655-40,91702-01-22-00,BH,0.7431794069345719,BH
HI_colours_intensity+cand,RandomForest,16,GROJ1655-40,91702-01-22-03,BH,0.7431794069345719,BH
HI_colours_intensity+cand,RandomForest,16,GROJ1655-40,91702-01-43-00,BH,0.7793558926798353,BH
HI_colours_intensity+cand,RandomForest,16,GROJ1655-40,91702-01-51-02,BH,0.7685736016454536,BH
HI_colours_intensity+cand,RandomForest,16,GROJ1655-40,91702-01-56-03,BH,0.9002314904996198,BH
HI_colours_intensity+cand,RandomForest,16,GROJ1655-40,91702-01-66-05,BH,0.9779968526690621,BH
HI_colours_intensity+cand,RandomForest,16,GROJ1655-40,91702-01-78-00,BH,0.9975578796324402,BH
HI_colours_intensity+cand,RandomForest,16,GROJ1655-40,91702-01-01-13,BH,0.9728672835308931,BH
HI_colours_intensity+cand,RandomForest,16,GROJ1655-40,91702-01-17-11,BH,0.9368439661592475,BH
HI_colours_intensity+cand,RandomForest,16,GROJ1655-40,91702-01-39-10,BH,0.995816511360828,BH
HI_colours_intensity+cand,RandomForest,16,GROJ1655-40,91702-01-48-10,BH,0.9827755885980588,BH
HI_colours_intensity+cand,RandomForest,16,GROJ1655-40,91702-01-81-00,BH,0.7811407308189378,BH
HI_colours_intensity+cand,RandomForest,16,GROJ1655-40,91702-01-86-04,BH,0.9615589517985035,BH
HI_colours_intensity+cand,RandomForest,17,GRS1915+105,50703-01-11-00,BH,0.884612220815937,BH
HI_colours_intensity+cand,RandomForest,17,GRS1915+105,50703-01-62-01,BH,0.584789126972298,BH
HI_colours_intensity+cand,RandomForest,17,GRS1915+105,60701-01-13-03,BH,0.29682314767318885,NS
HI_colours_intensity+cand,RandomForest,17,GRS1915+105,70702-01-02-00,BH,0.5195691522402124,BH
HI_colours_intensity+cand,RandomForest,17,GRS1915+105,70702-01-21-01,BH,0.7224596207663753,BH
HI_colours_intensity+cand,RandomForest,17,GRS1915+105,80127-04-01-02,BH,0.08141768054822636,NS
HI_colours_intensity+cand,RandomForest,17,GRS1915+105,90701-01-16-00,BH,0.6959505656543981,BH
HI_colours_intensity+cand,RandomForest,17,GRS1915+105,90701-01-40-00,BH,0.08312907248300433,NS
HI_colours_intensity+cand,RandomForest,17,GRS1915+105,90024-02-37-00,BH,0.7601630533534054,BH
HI_colours_intensity+cand,RandomForest,17,GRS1915+105,92702-01-06-00,BH,0.6940126475004975,BH
HI_colours_intensity+cand,RandomForest,17,GRS1915+105,80701-01-53-00,BH,0.8041377695401349,BH
HI_colours_intensity+cand,RandomForest,17,GRS1915+105,93701-01-08-00,BH,0.9671485189202744,BH
HI_colours_intensity+cand,RandomForest,17,GRS1915+105,91701-01-83-00,BH,0.8582033262338058,BH
HI_colours_intensity+cand,RandomForest,17,GRS1915+105,95701-01-44-00,BH,0.70367809985518,BH
HI_colours_intensity+cand,RandomForest,17,GRS1915+105,96701-01-39-00,BH,0.2711747248558762,NS
HI_colours_intensity+cand,RandomForest,18,GS1826-238,50035-01-02-00,NS,0.16911653635672574,NS
HI_colours_intensity+cand,RandomForest,18,GS1826-238,50035-01-03-02,NS,0.8048371894562888,BH
HI_colours_intensity+cand,RandomForest,18,GS1826-238,50035-01-03-04,NS,0.32894758809000324,NS
HI_colours_intensity+cand,RandomForest,18,GS1826-238,50035-01-03-090,NS,0.34245176124289617,NS
HI_colours_intensity+cand,RandomForest,18,GS1826-238,80048-01-01-09,NS,0.32375185158667213,NS
HI_colours_intensity+cand,RandomForest,18,GS1826-238,80048-01-01-14,NS,0.24488937504871058,NS
HI_colours_intensity+cand,RandomForest,18,GS1826-238,80049-01-01-00,NS,0.18529933522885098,NS
HI_colours_intensity+cand,RandomForest,18,GS1826-238,90043-01-01-02,NS,0.1611478725033712,NS
HI_colours_intensity+cand,RandomForest,18,GS1826-238,70044-01-03-00,NS,0.5685049839804734,BH
HI_colours_intensity+cand,RandomForest,18,GS1826-238,92703-01-04-02,NS,0.09618482183023025,NS
HI_colours_intensity+cand,RandomForest,18,GS1826-238,70044-01-04-00,NS,0.16670174762025153,NS
HI_colours_intensity+cand,RandomForest,18,GS1826-238,91017-01-02-05,NS,0.22434159150378638,NS
HI_colours_intensity+cand,RandomForest,18,GS1826-238,91017-01-02-03,NS,0.08681559823338834,NS
HI_colours_intensity+cand,RandomForest,18,GS1826-238,91017-01-02-10,NS,0.3090860076116115,NS
HI_colours_intensity+cand,RandomForest,18,GS1826-238,96306-01-01-01,NS,0.32762062541514736,NS
HI_colours_intensity+cand,RandomForest,19,GX17+2,70023-01-01-01,NS,0.49351885966641706,NS
HI_colours_intensity+cand,RandomForest,19,GX17+2,80022-01-01-09,NS,0.19448213142179246,NS
HI_colours_intensity+cand,RandomForest,19,GX17+2,80022-01-01-03,NS,0.5707730295860131,BH
HI_colours_intensity+cand,RandomForest,19,GX17+2,80022-01-01-02,NS,0.3943332247077523,NS
HI_colours_intensity+cand,RandomForest,19,GX17+2,80022-01-03-01,NS,0.222961122427938,NS
HI_colours_intensity+cand,RandomForest,19,GX17+2,90022-07-03-00,NS,0.604459612372972,BH
HI_colours_intensity+cand,RandomForest,19,GX17+2,90022-07-04-02,NS,0.5273935163178934,BH
HI_colours_intensity+cand,RandomForest,19,GX17+2,92042-01-02-00G,NS,0.10445913447396417,NS
HI_colours_intensity+cand,RandomForest,19,GX17+2,92042-01-05-01,NS,0.1963111426653318,NS
HI_colours_intensity+cand,RandomForest,19,GX17+2,93406-11-01-00,NS,0.17771626711349708,NS
HI_colours_intensity+cand,RandomForest,19,GX17+2,93439-01-05-01,NS,0.22618815172445067,NS
HI_colours_intensity+cand,RandomForest,19,GX17+2,93439-01-06-00,NS,0.565280132804045,BH
HI_colours_intensity+cand,RandomForest,19,GX17+2,95318-01-02-01,NS,0.08806317092166767,NS
HI_colours_intensity+cand,RandomForest,19,GX17+2,96310-01-01-000,NS,0.21103337536721078,NS
HI_colours_intensity+cand,RandomForest,19,GX17+2,96310-01-01-02,NS,0.18673825607791308,NS
HI_colours_intensity+cand,RandomForest,20,GX3+1,60022-01-01-01,NS,0.01781763715202966,NS
HI_colours_intensity+cand,RandomForest,20,GX3+1,60022-01-02-01,NS,0.09029670008104732,NS
HI_colours_intensity+cand,RandomForest,20,GX3+1,60022-01-04-03,NS,0.08544168313006005,NS
HI_colours_intensity+cand,RandomForest,20,GX3+1,60022-01-04-04,NS,0.024161561638810645,NS
HI_colours_intensity+cand,RandomForest,20,GX3+1,60022-01-05-01,NS,0.00491855035611013,NS
HI_colours_intensity+cand,RandomForest,20,GX3+1,60022-01-06-05,NS,0.023130988971638306,NS
HI_colours_intensity+cand,RandomForest,20,GX3+1,60022-01-06-13,NS,0.054414874096535566,NS
HI_colours_intensity+cand,RandomForest,20,GX3+1,60022-01-07-02,NS,0.00491855035611013,NS
HI_colours_intensity+cand,RandomForest,20,GX3+1,60022-01-08-03,NS,0.014018726385376958,NS
HI_colours_intensity+cand,RandomForest,20,GX3+1,60022-01-10-03,NS,0.09291970789542328,NS
HI_colours_intensity+cand,RandomForest,20,GX3+1,60022-01-10-04,NS,0.09699229670264034,NS
HI_colours_intensity+cand,RandomForest,20,GX3+1,60022-01-13-01,NS,0.10182045405253683,NS
HI_colours_intensity+cand,RandomForest,20,GX3+1,90022-05-05-00,NS,0.048662370551818664,NS
HI_colours_intensity+cand,RandomForest,20,GX3+1,90022-05-06-00,NS,0.13906064083755446,NS
HI_colours_intensity+cand,RandomForest,20,GX3+1,94307-05-01-02,NS,0.055360785998731864,NS
HI_colours_intensity+cand,RandomForest,21,GX339-4,40031-03-03-04,BH,0.9938525909993992,BH
HI_colours_intensity+cand,RandomForest,21,GX339-4,70110-01-54-00,BH,0.9793475450765594,BH
HI_colours_intensity+cand,RandomForest,21,GX339-4,80102-04-56-00,BH,0.8954957016729238,BH
HI_colours_intensity+cand,RandomForest,21,GX339-4,80132-01-22-00,BH,0.8911789157823318,BH
HI_colours_intensity+cand,RandomForest,21,GX339-4,90704-01-05-00,BH,0.9990783410138249,BH
HI_colours_intensity+cand,RandomForest,21,GX339-4,92034-08-01-00,BH,0.8922665192820478,BH
HI_colours_intensity+cand,RandomForest,21,GX339-4,92035-01-03-03,BH,0.9200239780864066,BH
HI_colours_intensity+cand,RandomForest,21,GX339-4,92704-03-13-00,BH,0.33489277658814437,NS
HI_colours_intensity+cand,RandomForest,21,GX339-4,92704-03-22-00,BH,0.05144052716044375,NS
HI_colours_intensity+cand,RandomForest,21,GX339-4,92704-03-45-01,BH,0.9859168158619765,BH
HI_colours_intensity+cand,RandomForest,21,GX339-4,93108-01-01-02,BH,0.7676214226635437,BH
HI_colours_intensity+cand,RandomForest,21,GX339-4,95409-01-02-02,BH,0.9796178231998796,BH
HI_colours_intensity+cand,RandomForest,21,GX339-4,95409-01-20-00,BH,0.9796948832618927,BH
HI_colours_intensity+cand,RandomForest,21,GX339-4,95409-01-29-00,BH,0.9962667938943527,BH
HI_colours_intensity+cand,RandomForest,21,GX339-4,96409-01-10-02,BH,0.6791539445674178,BH
HI_colours_intensity+cand,RandomForest,22,HETEJ1900.1-245,91015-01-07-00,NS,0.7795797363823225,BH
HI_colours_intensity+cand,RandomForest,22,HETEJ1900.1-245,91059-03-03-00,NS,0.5442092103620539,BH
HI_colours_intensity+cand,RandomForest,22,HETEJ1900.1-245,91057-01-07-04,NS,0.3819042316228968,NS
HI_colours_intensity+cand,RandomForest,22,HETEJ1900.1-245,92049-01-05-00,NS,0.44671736156842157,NS
HI_colours_intensity+cand,RandomForest,22,HETEJ1900.1-245,92049-01-07-00,NS,0.03061323713025342,NS
HI_colours_intensity+cand,RandomForest,22,HETEJ1900.1-245,92049-01-40-00,NS,0.395348880526329,NS
HI_colours_intensity+cand,RandomForest,22,HETEJ1900.1-245,92049-01-56-00,NS,0.07160764711235584,NS
HI_colours_intensity+cand,RandomForest,22,HETEJ1900.1-245,93030-01-14-00,NS,0.8742163098288543,BH
HI_colours_intensity+cand,RandomForest,22,HETEJ1900.1-245,93030-01-47-00,NS,0.6008259072109604,BH
HI_colours_intensity+cand,RandomForest,22,HETEJ1900.1-245,94030-01-05-00,NS,0.6501807954055608,BH
HI_colours_intensity+cand,RandomForest,22,HETEJ1900.1-245,94030-01-27-00,NS,0.30645171973158414,NS
HI_colours_intensity+cand,RandomForest,22,HETEJ1900.1-245,94030-01-36-00,NS,0.16655682286689796,NS
HI_colours_intensity+cand,RandomForest,22,HETEJ1900.1-245,95030-01-16-00,NS,0.3211237779392481,NS
HI_colours_intensity+cand,RandomForest,22,HETEJ1900.1-245,96030-01-01-01,NS,0.2798077276086109,NS
HI_colours_intensity+cand,RandomForest,22,HETEJ1900.1-245,96030-01-25-00,NS,0.7188032267424519,BH
HI_colours_intensity+cand,RandomForest,23,KS1731-260,50031-02-01-09,NS,0.2267059384586636,NS
HI_colours_intensity+cand,RandomForest,23,KS1731-260,50031-02-01-12,NS,0.25256312934276415,NS
HI_colours_intensity+cand,RandomForest,23,KS1731-260,50031-02-01-02,NS,0.13585570131288785,NS
HI_colours_intensity+cand,RandomForest,23,KS1731-260,50031-02-01-05,NS,0.16341501407507272,NS
HI_colours_intensity+cand,RandomForest,23,KS1731-260,50031-02-01-08,NS,0.15605847293192573,NS
HI_colours_intensity+cand,RandomForest,23,KS1731-260,50031-02-02-06,NS,0.24710394380044368,NS
HI_colours_intensity+cand,RandomForest,23,KS1731-260,50031-02-02-02,NS,0.3889269650349482,NS
HI_colours_intensity+cand,RandomForest,23,KS1731-260,50031-02-02-03,NS,0.034671480899595285,NS
HI_colours_intensity+cand,RandomForest,23,KS1731-260,50031-02-02-080,NS,0.170805568447973,NS
HI_colours_intensity+cand,RandomForest,23,KS1731-260,50031-02-03-00,NS,0.5107459741188527,BH
HI_colours_intensity+cand,RandomForest,23,KS1731-260,50031-02-03-05,NS,0.4726988969035287,NS
HI_colours_intensity+cand,RandomForest,23,KS1731-260,50031-02-03-04,NS,0.6025422102213419,BH
HI_colours_intensity+cand,RandomForest,23,KS1731-260,50031-02-03-07,NS,0.5273569757621616,BH
HI_colours_intensity+cand,RandomForest,23,KS1731-260,50031-02-03-08,NS,0.30105926185027054,NS
HI_colours_intensity+cand,RandomForest,23,KS1731-260,50031-02-03-01,NS,0.7554934772579527,BH
HI_colours_intensity+cand,RandomForest,24,MXB1658-298,50410-01-01-00,NS,0.2841116840615152,NS
HI_colours_intensity+cand,RandomForest,24,MXB1658-298,50410-01-04-00,NS,0.11324430765631087,NS
HI_colours_intensity+cand,RandomForest,24,MXB1658-298,50410-01-05-00,NS,0.1489429223257162,NS
HI_colours_intensity+cand,RandomForest,24,MXB1658-298,50410-01-08-00,NS,0.4314554336241219,NS
HI_colours_intensity+cand,RandomForest,24,MXB1658-298,50410-01-09-00,NS,0.4326606672304461,NS
HI_colours_intensity+cand,RandomForest,24,MXB1658-298,60048-01-02-00,NS,0.28613340072871923,NS
HI_colours_intensity+cand,RandomForest,24,MXB1658-298,60048-01-04-00,NS,0.21739367082572503,NS
HI_colours_intensity+cand,RandomForest,24,MXB1658-298,60048-02-01-00,NS,0.1332348310806254,NS
HI_colours_intensity+cand,RandomForest,24,MXB1658-298,60048-02-03-00,NS,0.22456802139696808,NS
HI_colours_intensity+cand,RandomForest,24,MXB1658-298,60048-03-01-00,NS,0.1133571919624147,NS
HI_colours_intensity+cand,RandomForest,24,MXB1658-298,60048-03-02-00,NS,0.1938387367998287,NS
HI_colours_intensity+cand,RandomForest,24,MXB1658-298,60048-03-05-00,NS,0.15242690273365378,NS
HI_colours_intensity+cand,RandomForest,24,MXB1658-298,60048-04-01-00,NS,0.2969110297182349,NS
HI_colours_intensity+cand,RandomForest,24,MXB1658-298,60048-04-03-00,NS,0.7910394024597216,BH
HI_colours_intensity+cand,RandomForest,24,MXB1658-298,60048-04-05-00,NS,0.8334393614740265,BH
HI_colours_intensity+cand,RandomForest,25,SAXJ1808.4-3658,70080-01-02-04,NS,0.30995123370790734,NS
HI_colours_intensity+cand,RandomForest,25,SAXJ1808.4-3658,70080-01-02-22,NS,0.4078775014293464,NS
HI_colours_intensity+cand,RandomForest,25,SAXJ1808.4-3658,70080-01-03-010,NS,0.6933511248384141,BH
HI_colours_intensity+cand,RandomForest,25,SAXJ1808.4-3658,70080-02-01-03,NS,0.8510890285721607,BH
HI_colours_intensity+cand,RandomForest,25,SAXJ1808.4-3658,70080-02-02-35,NS,0.6938127725829845,BH
HI_colours_intensity+cand,RandomForest,25,SAXJ1808.4-3658,70080-02-02-12,NS,0.3174159819317238,NS
HI_colours_intensity+cand,RandomForest,25,SAXJ1808.4-3658,70080-03-13-00,NS,0.7038255556051214,BH
HI_colours_intensity+cand,RandomForest,25,SAXJ1808.4-3658,70080-03-20-13,NS,0.2286800260084469,NS
HI_colours_intensity+cand,RandomForest,25,SAXJ1808.4-3658,70080-03-22-00,NS,0.8813315975545581,BH
HI_colours_intensity+cand,RandomForest,25,SAXJ1808.4-3658,91056-01-03-05,NS,0.6656646358532251,BH
HI_colours_intensity+cand,RandomForest,25,SAXJ1808.4-3658,91418-01-04-00,NS,0.8577517693854417,BH
HI_colours_intensity+cand,RandomForest,25,SAXJ1808.4-3658,93027-01-01-03,NS,0.37249174645416205,NS
HI_colours_intensity+cand,RandomForest,25,SAXJ1808.4-3658,93027-01-05-08,NS,0.9403109509514048,BH
HI_colours_intensity+cand,RandomForest,25,SAXJ1808.4-3658,96027-01-01-00,NS,0.29419343300862283,NS
HI_colours_intensity+cand,RandomForest,25,SAXJ1808.4-3658,96027-01-02-00,NS,0.2966579512448007,NS
HI_colours_intensity+cand,RandomForest,26,SLX1735-269,60034-01-01-00,NS,0.3767316582806096,NS
HI_colours_intensity+cand,RandomForest,26,SLX1735-269,60034-01-02-02,NS,0.23861902985162758,NS
HI_colours_intensity+cand,RandomForest,26,SLX1735-269,60034-01-03-01,NS,0.0923390981040654,NS
HI_colours_intensity+cand,RandomForest,26,SLX1735-269,80138-03-01-00,NS,0.09588168029194738,NS
HI_colours_intensity+cand,RandomForest,26,SLX1735-269,80138-03-02-00,NS,0.29722111531791545,NS
HI_colours_intensity+cand,RandomForest,26,SLX1735-269,80138-03-07-01,NS,0.04253780552545313,NS
HI_colours_intensity+cand,RandomForest,26,SLX1735-269,80138-03-07-03,NS,0.03474352297855362,NS
HI_colours_intensity+cand,RandomForest,26,SLX1735-269,90058-05-01-02,NS,0.08797563921739583,NS
HI_colours_intensity+cand,RandomForest,26,SLX1735-269,92052-02-02-00,NS,0.24748050052741152,NS
HI_colours_intensity+cand,RandomForest,26,SLX1735-269,96429-01-02-02,NS,0.47019166186100386,NS
HI_colours_intensity+cand,RandomForest,26,SLX1735-269,96429-01-03-01,NS,0.564906286646089,BH
HI_colours_intensity+cand,RandomForest,26,SLX1735-269,96429-01-05-00,NS,0.31620139983016055,NS
HI_colours_intensity+cand,RandomForest,26,SLX1735-269,96429-01-06-01,NS,0.4933988642647999,NS
HI_colours_intensity+cand,RandomForest,26,SLX1735-269,96429-01-07-01,NS,0.5206422388185578,BH
HI_colours_intensity+cand,RandomForest,26,SLX1735-269,96429-01-08-03,NS,0.5005513222793613,BH
HI_colours_intensity+cand,RandomForest,27,XTEJ1118+480,50407-01-07-01,BH,0.5868828031601907,BH
HI_colours_intensity+cand,RandomForest,27,XTEJ1118+480,50407-01-09-00,BH,0.7819132361115883,BH
HI_colours_intensity+cand,RandomForest,27,XTEJ1118+480,50407-01-10-01,BH,0.827237824677005,BH
HI_colours_intensity+cand,RandomForest,27,XTEJ1118+480,50133-01-05-00,BH,0.5828731125748657,BH
HI_colours_intensity+cand,RandomForest,27,XTEJ1118+480,50407-01-13-02,BH,0.06659431178215953,NS
HI_colours_intensity+cand,RandomForest,27,XTEJ1118+480,50133-01-04-01,BH,0.5752292835162991,BH
HI_colours_intensity+cand,RandomForest,27,XTEJ1118+480,50407-01-14-02,BH,0.47641926634300796,NS
HI_colours_intensity+cand,RandomForest,27,XTEJ1118+480,50407-01-16-00,BH,0.6543506655927059,BH
HI_colours_intensity+cand,RandomForest,27,XTEJ1118+480,90011-01-01-08,BH,0.7974632365606379,BH
HI_colours_intensity+cand,RandomForest,27,XTEJ1118+480,90011-01-01-10,BH,0.9662947682624574,BH
HI_colours_intensity+cand,RandomForest,27,XTEJ1118+480,90011-01-01-05,BH,0.6426813991823811,BH
HI_colours_intensity+cand,RandomForest,27,XTEJ1118+480,90111-01-02-06,BH,0.1581390330554212,NS
HI_colours_intensity+cand,RandomForest,27,XTEJ1118+480,90111-01-02-15,BH,0.3783510162726097,NS
HI_colours_intensity+cand,RandomForest,27,XTEJ1118+480,90111-01-02-07,BH,0.26200299367469126,NS
HI_colours_intensity+cand,RandomForest,27,XTEJ1118+480,90111-01-03-02,BH,0.5241429896130843,BH
HI_colours_intensity+cand,RandomForest,28,XTEJ1550-564,50135-01-02-00,BH,0.3078244090758109,NS
HI_colours_intensity+cand,RandomForest,28,XTEJ1550-564,50135-01-08-00,BH,0.9197236338257971,BH
HI_colours_intensity+cand,RandomForest,28,XTEJ1550-564,50135-01-15-00,BH,0.25040077121365256,NS
HI_colours_intensity+cand,RandomForest,28,XTEJ1550-564,50135-01-19-00,BH,0.6202155559037648,BH
HI_colours_intensity+cand,RandomForest,28,XTEJ1550-564,50135-01-23-00,BH,0.4726530593094137,NS
HI_colours_intensity+cand,RandomForest,28,XTEJ1550-564,50137-02-09-00,BH,0.887299530125455,BH
HI_colours_intensity+cand,RandomForest,28,XTEJ1550-564,60428-01-03-00,BH,0.9276429653930515,BH
HI_colours_intensity+cand,RandomForest,28,XTEJ1550-564,60428-01-05-00,BH,0.9307916932600855,BH
HI_colours_intensity+cand,RandomForest,28,XTEJ1550-564,60428-01-09-00,BH,0.9723512100106173,BH
HI_colours_intensity+cand,RandomForest,28,XTEJ1550-564,60428-01-15-00,BH,0.5139042565270415,BH
HI_colours_intensity+cand,RandomForest,28,XTEJ1550-564,80135-01-01-01,BH,0.9043649320680359,BH
HI_colours_intensity+cand,RandomForest,28,XTEJ1550-564,80135-01-02-01,BH,0.890791076972224,BH
HI_colours_intensity+cand,RandomForest,28,XTEJ1550-564,80135-01-03-10,BH,0.9064508061913413,BH
HI_colours_intensity+cand,RandomForest,28,XTEJ1550-564,80135-01-04-02,BH,0.9026891006795127,BH
HI_colours_intensity+cand,RandomForest,28,XTEJ1550-564,80135-01-05-10,BH,0.9012569135049887,BH
HI_colours_intensity+cand,RandomForest,29,XTEJ1650-500,60113-01-06-00,BH,0.5964591491888147,BH
HI_colours_intensity+cand,RandomForest,29,XTEJ1650-500,60113-01-09-00,BH,0.7811826492933049,BH
HI_colours_intensity+cand,RandomForest,29,XTEJ1650-500,60113-01-11-01,BH,0.8276730076360991,BH
HI_colours_intensity+cand,RandomForest,29,XTEJ1650-500,60113-01-15-00,BH,0.9918128050396458,BH
HI_colours_intensity+cand,RandomForest,29,XTEJ1650-500,60113-01-23-00,BH,0.9736808110351961,BH
HI_colours_intensity+cand,RandomForest,29,XTEJ1650-500,60113-01-27-00,BH,0.9804342841268222,BH
HI_colours_intensity+cand,RandomForest,29,XTEJ1650-500,60113-01-29-02,BH,0.9752432790691105,BH
HI_colours_intensity+cand,RandomForest,29,XTEJ1650-500,60113-01-34-00,BH,0.969997845417404,BH
HI_colours_intensity+cand,RandomForest,29,XTEJ1650-500,60113-01-36-00,BH,0.9684117850661931,BH
HI_colours_intensity+cand,RandomForest,29,XTEJ1650-500,60113-01-38-00,BH,0.9712837352270652,BH
HI_colours_intensity+cand,RandomForest,29,XTEJ1650-500,60118-02-08-00,BH,0.9278793634320605,BH
HI_colours_intensity+cand,RandomForest,29,XTEJ1650-500,60118-02-14-00,BH,0.39553072530733674,NS
HI_colours_intensity+cand,RandomForest,29,XTEJ1650-500,60118-02-20-00,BH,0.7426654656518737,BH
HI_colours_intensity+cand,RandomForest,29,XTEJ1650-500,60118-02-28-00,BH,0.6497265958692249,BH
HI_colours_intensity+cand,RandomForest,29,XTEJ1650-500,70124-01-02-00,BH,0.7032529286484999,BH
HI_colours_intensity+cand,RandomForest,30,XTEJ1814-338,80138-04-02-00,NS,0.4341162939032811,NS
HI_colours_intensity+cand,RandomForest,30,XTEJ1814-338,80145-02-01-01,NS,0.3807523589627156,NS
HI_colours_intensity+cand,RandomForest,30,XTEJ1814-338,80418-01-01-07,NS,0.6052898898579184,BH
HI_colours_intensity+cand,RandomForest,30,XTEJ1814-338,80418-01-02-00,NS,0.7326292372702017,BH
HI_colours_intensity+cand,RandomForest,30,XTEJ1814-338,80418-01-02-08,NS,0.8937546530222861,BH
HI_colours_intensity+cand,RandomForest,30,XTEJ1814-338,80418-01-02-05,NS,0.768777748819522,BH
HI_colours_intensity+cand,RandomForest,30,XTEJ1814-338,80418-01-03-02,NS,0.8278642195801657,BH
HI_colours_intensity+cand,RandomForest,30,XTEJ1814-338,80418-01-03-08,NS,0.8754991157784333,BH
HI_colours_intensity+cand,RandomForest,30,XTEJ1814-338,80418-01-04-03,NS,0.8748716331222375,BH
HI_colours_intensity+cand,RandomForest,30,XTEJ1814-338,80418-01-05-00,NS,0.7341343331491036,BH
HI_colours_intensity+cand,RandomForest,30,XTEJ1814-338,80418-01-05-08,NS,0.23735190313793086,NS
HI_colours_intensity+cand,RandomForest,30,XTEJ1814-338,80418-01-06-00,NS,0.6073631479881234,BH
HI_colours_intensity+cand,RandomForest,30,XTEJ1814-338,80418-01-06-02,NS,0.9097785388700342,BH
HI_colours_intensity+cand,RandomForest,30,XTEJ1814-338,80418-01-06-06,NS,0.6057392225850315,BH
HI_colours_intensity+cand,RandomForest,30,XTEJ1814-338,80418-01-07-06,NS,0.7957595644847555,BH
