obs_id,source_id,label,time_bin,rank_in_bin,mjd,cat_exposure,cat_npcu,cat_std1rate,url_base,path_src,path_bkg,path_rsp,date_obs,obs_mjd_start,exposure_s,bkg_exposure_s,pcus,npcu,n_gti,object_hdr,hdr_sep_deg,src_unit,src_class,bkg_class,poisserr,sys_err,backscal_ratio,rsp_detnam,gain_shift_channels,dtf,dcor,dtf_xe,dtf_std1,dtf_std1_vle150us,std1_npcu_on,std1_covered_s,std1_vle_rate_per_pcu,deadtime_method,net_rate_5_25,net_rate_err,net_snr,src_rate_5_25,bkg_rate_5_25,bkg_fraction,hardness_10_25_over_5_10,n_nonpositive_bins,status,reason,in_dataset
80146-01-24-00,H1743-322,BH,0,0,52762.74679,6169.0,1,1729.47998046875,https://heasarc.gsfc.nasa.gov/FTP/xte/data/archive/AO8/P80146/80146-01-24-00/stdprod/,data\raw\spectra\80146-01-24-00\xp80146012400_s2.pha.gz,data\raw\spectra\80146-01-24-00\xp80146012400_b2.pha.gz,data\raw\spectra\80146-01-24-00\xp80146012400.rsp.gz,2003-05-03T16:21:20,52762.68154586146,6287.99999999983,6287.99999999983,2,1,2,XTE_J1746-319,2.4148365394514667e-06,count,TOTAL/COUNT,TOTAL/COUNT,False,0,1.0,PCU2,0.13273660946406807,0.03004998214285715,1.0309809594202028,0.017691348600509384,0.03004998214285715,0.035160556168831174,5,6160.0,56.78415584415584,std1_gof_recipe,704.703840813208,0.316195218962142,2228.6985967918195,692.4384911745442,8.910988193775768,0.012868996029756469,0.13948662894261538,0,accepted,,True
80146-01-47-00,H1743-322,BH,1,0,52783.51242,6251.0,1,1422.8800048828125,https://heasarc.gsfc.nasa.gov/FTP/xte/data/archive/AO8/P80146/80146-01-47-00/stdprod/,data\raw\spectra\80146-01-47-00\xp80146014700_s2.pha.gz,data\raw\spectra\80146-01-47-00\xp80146014700_b2.pha.gz,data\raw\spectra\80146-01-47-00\xp80146014700.rsp.gz,2003-05-24T10:58:08,52783.46147641702,6303.99999999983,6303.99999999983,2,1,3,XTE_J1746-319,2.4148365394514667e-06,count,TOTAL/COUNT,TOTAL/COUNT,False,0,1.0,PCU2,0.12904997147909114,0.030306030687660673,1.0312531908486058,0.014648910215736438,0.030306030687660673,0.03785681595437018,4,6224.0,83.89761407455013,std1_gof_recipe,713.5154808361016,0.31657232106872824,2253.8782873604305,701.4570575990878,9.565398821325983,0.013636470996622307,0.2936894182093495,0,accepted,,True
80146-01-82-00,H1743-322,BH,2,0,52819.3171,1664.0,3,949.5800170898438,https://heasarc.gsfc.nasa.gov/FTP/xte/data/archive/AO8/P80146/80146-01-82-00/stdprod/,data\raw\spectra\80146-01-82-00\xp80146018200_s2.pha.gz,data\raw\spectra\80146-01-82-00\xp80146018200_b2.pha.gz,data\raw\spectra\80146-01-82-00\xp80146018200.rsp.gz,2003-06-29T07:10:08,52819.29876808368,1760.0,1760.0,234,3,1,XTE_J1746-319,2.4148365394514667e-06,count,TOTAL/COUNT,TOTAL/COUNT,False,0,1.0,PCU2,0.1227302452470056,0.023718647836538462,1.0242948897712503,0.009661291666666667,0.023718647836538462,0.030226948617788463,4,1664.0,72.314453125,std1_gof_recipe,300.1172754317409,0.23035924662649399,1302.822785830486,302.0935631436433,9.094663677529358,0.0301054533664622,0.061147545334073204,0,accepted,,True
80146-01-83-00,H1743-322,BH,3,0,52820.43429,2304.0,3,929.1599731445312,https://heasarc.gsfc.nasa.gov/FTP/xte/data/archive/AO8/P80146/80146-01-83-00/stdprod/,data\raw\spectra\80146-01-83-00\xp80146018300_s2.pha.gz,data\raw\spectra\80146-01-83-00\xp80146018300_b2.pha.gz,data\raw\spectra\80146-01-83-00\xp80146018300.rsp.gz,2003-06-30T10:01:20,52820.41758752813,2383.99999999987,2383.99999999987,234,3,1,XTE_J1746-319,2.4148365394514667e-06,count,TOTAL/COUNT,TOTAL/COUNT,False,0,1.0,PCU2,0.12255198304777082,0.023833856336805556,1.0244157784937775,0.009458671700224231,0.023833856336805556,0.030673299696180555,4,2304.0,75.99381510416667,std1_gof_recipe,284.256467508758,0.1930140432663354,1472.7242779766,286.39633537258896,8.914795673242521,0.031127478155908547,0.04419836573246466,0,accepted,,True
80137-01-22-00,H1743-322,BH,4,0,52934.02804,3248.0,1,123.11000061035156,https://heasarc.gsfc.nasa.gov/FTP/xte/data/archive/AO8/P80137/80137-01-22-00/stdprod/,data\raw\spectra\80137-01-22-00\xp80137012200_s2.pha.gz,data\raw\spectra\80137-01-22-00\xp80137012200_b2.pha.gz,data\raw\spectra\80137-01-22-00\xp80137012200.rsp.gz,2003-10-21T23:56:00,52933.99724030591,3232.00000000001,3232.00000000001,2,1,2,XTE_J1746-319,2.4148365394514667e-06,count,TOTAL/COUNT,TOTAL/COUNT,False,0,1.0,PCU2,0.10271653835651051,0.014475590191831684,1.0146882107107316,0.0014947122524752432,0.014475590191831684,0.021983384900990097,4,3232.0,83.4199412128713,std1_gof_recipe,52.874631659490404,0.1380572921572028,382.99050222775065,61.246542027270046,9.137301867226482,0.14918886135903142,0.3626426354102382,0,accepted,,True
80137-01-36-00,H1743-322,BH,5,0,52952.27804,2021.0,2,16.719999313354492,https://heasarc.gsfc.nasa.gov/FTP/xte/data/archive/AO8/P80137/80137-01-36-00/stdprod/,data\raw\spectra\80137-01-36-00\xp80137013600_s2.pha.gz,data\raw\spectra\80137-01-36-00\xp80137013600_b2.pha.gz,data\raw\spectra\80137-01-36-00\xp80137013600.rsp.gz,2003-11-09T06:21:36,52952.26499493553,2016.00000000001,2016.00000000001,23,2,1,XTE_J1746-319,2.4148365394514667e-06,count,TOTAL/COUNT,TOTAL/COUNT,False,0,1.0,PCU2,0.0993779973442912,0.009952570271164023,1.0100526196748876,0.00042182291666666464,0.009952570271164023,0.015518909556878308,3,2016.0,61.848214285714285,std1_gof_recipe,10.931726063133459,0.07840896350302436,139.41934154902845,19.944715370288577,9.121788078983565,0.457353635267826,0.46783456443307814,0,accepted,,True
80137-01-41-00,H1743-322,BH,6,0,53021.0007,2944.0,1,9.789999961853027,https://heasarc.gsfc.nasa.gov/FTP/xte/data/archive/AO8/P80137/80137-01-41-00/stdprod/,data\raw\spectra\80137-01-41-00\xp80137014100_s2.pha.gz,data\raw\spectra\80137-01-41-00\xp80137014100_b2.pha.gz,data\raw\spectra\80137-01-41-00\xp80137014100.rsp.gz,2004-01-16T23:18:08,53020.97096715776,3072.00000000001,3072.00000000001,2,1,1,XTE_J1746-319,2.4148365394514667e-06,count,TOTAL/COUNT,TOTAL/COUNT,False,0,1.0,PCU2,0.08744037907226243,0.010883815670289856,1.011003576569385,0.0003381901041666656,0.010883815670289856,0.0169444678442029,3,2944.0,67.34057971014492,std1_gof_recipe,5.857130378779805,0.0811395114472351,72.18592119067279,14.542736967022535,8.749354515642223,0.601630527697948,0.37095559038660175,0,accepted,,True
90115-01-05-10,H1743-322,BH,7,0,53311.21163,6234.0,2,11.850000381469728,https://heasarc.gsfc.nasa.gov/FTP/xte/data/archive/AO9/P90115/90115-01-05-10/stdprod/,data\raw\spectra\90115-01-05-10\xp90115010510_s2.pha.gz,data\raw\spectra\90115-01-05-10\xp90115010510_b2.pha.gz,data\raw\spectra\90115-01-05-10\xp90115010510.rsp.gz,2004-11-02T03:29:52,53311.14581669479,6431.99999999916,6431.99999999916,23,2,3,XTE_J1746-319,2.4148365394514667e-06,count,TOTAL/COUNT,TOTAL/COUNT,False,0,1.0,PCU2,0.03634537523341663,0.008499162435732649,1.0085720174040516,0.00037465018656721315,0.008499162435732649,0.013312195854755784,5,6224.0,53.47814910025706,std1_gof_recipe,7.725067604513533,0.043830198782286674,176.24988750074994,16.82887914110819,9.16946814099243,0.5448650539413534,0.40885358702400226,0,accepted,,True
93427-01-02-03,H1743-322,BH,8,0,54487.40695,3232.0,1,153.47000122070312,https://heasarc.gsfc.nasa.gov/FTP/xte/data/archive/AO12/P93427/93427-01-02-03/stdprod/,data\raw\spectra\93427-01-02-03\xp93427010203_s2.pha.gz,data\raw\spectra\93427-01-02-03\xp93427010203_b2.pha.gz,data\raw\spectra\93427-01-02-03\xp93427010203.rsp.gz,2008-01-22T09:16:32,54487.386487991076,3232.00000000001,3232.00000000001,2,1,1,H_1743-322,0.008182947187325625,count,TOTAL/COUNT,TOTAL/COUNT,False,0,1.0,PCU2,0.16993171196247658,0.018176612004950497,1.0185131177635403,0.0018204331683168262,0.018176612004950497,0.027564096534653464,1,3232.0,104.30538366336634,std1_gof_recipe,61.587511532669716,0.1423881576701315,432.5325402084953,70.21235382328447,9.744294592094494,0.1387831921519059,0.34467961096862915,0,accepted,,True
93427-01-13-02,H1743-322,BH,9,0,54773.27804,1706.0,2,119.66999816894533,https://heasarc.gsfc.nasa.gov/FTP/xte/data/archive/AO12/P93427/93427-01-13-02/stdprod/,data\raw\spectra\93427-01-13-02\xp93427011302_s2.pha.gz,data\raw\spectra\93427-01-13-02\xp93427011302_b2.pha.gz,data\raw\spectra\93427-01-13-02\xp93427011302.rsp.gz,2008-11-03T06:25:20,54773.26758752811,1792.0,1792.0,23,2,1,H_1743-322,0.008182947187325625,count,TOTAL/COUNT,TOTAL/COUNT,False,0,1.0,PCU2,0.22009095706360426,0.01306973714953271,1.0132428172906407,0.0014856863839285716,0.01306973714953271,0.019930791471962615,2,1712.0,76.23393691588785,std1_gof_recipe,80.4369550397969,0.1436604343625527,559.9102870369994,89.3482500014029,9.96258482108493,0.11150285339588074,0.5827234671873668,0,accepted,,True
94413-01-03-02,H1743-322,BH,10,0,54990.28195,1279.0,1,554.5800170898438,https://heasarc.gsfc.nasa.gov/FTP/xte/data/archive/AO13/P94413/94413-01-03-02/stdprod/,data\raw\spectra\94413-01-03-02\xp94413010302_s2.pha.gz,data\raw\spectra\94413-01-03-02\xp94413010302_b2.pha.gz,data\raw\spectra\94413-01-03-02\xp94413010302.rsp.gz,2009-06-08T06:20:32,54990.26426576884,1392.0,1392.0,2,1,1,H_1743-322,0.008182947187325625,count,TOTAL/COUNT,TOTAL/COUNT,False,0,1.0,PCU2,0.25815016893254494,0.02238903125,1.022901779916225,0.005876091954022989,0.02238903125,0.0313964140625,1,1280.0,100.08203125,std1_gof_recipe,259.2811526972402,0.38720233034812956,669.6270460565752,263.200771535748,9.72467266878238,0.0369477361788872,0.32018905632738165,0,accepted,,True
95405-01-02-04,H1743-322,BH,11,0,55218.7546,1039.0,1,268.5599975585937,https://heasarc.gsfc.nasa.gov/FTP/xte/data/archive/AO14/P95405/95405-01-02-04/stdprod/,data\raw\spectra\95405-01-02-04\xp95405010204_s2.pha.gz,data\raw\spectra\95405-01-02-04\xp95405010204_b2.pha.gz,data\raw\spectra\95405-01-02-04\xp95405010204.rsp.gz,2010-01-22T17:58:24,55218.7488838244,1040.0,1040.0,2,1,1,H_1743-322,0.008182947187325625,count,TOTAL/COUNT,TOTAL/COUNT,False,0,1.0,PCU2,0.2981422297432559,0.01992905769230769,1.020334301153121,0.0029922307692307696,0.01992905769230769,0.029743557692307687,1,1040.0,109.05,std1_gof_recipe,125.08561201908337,0.31383756427032566,398.5680054263364,132.62542371996872,10.03265007929125,0.07564650726752539,0.35934678319124475,0,accepted,,True
95405-01-05-01,H1743-322,BH,12,0,55240.59054,1399.0,1,25.6299991607666,https://heasarc.gsfc.nasa.gov/FTP/xte/data/archive/AO14/P95405/95405-01-05-01/stdprod/,data\raw\spectra\95405-01-05-01\xp95405010501_s2.pha.gz,data\raw\spectra\95405-01-05-01\xp95405010501_b2.pha.gz,data\raw\spectra\95405-01-05-01\xp95405010501.rsp.gz,2010-02-13T13:45:52,55240.5736176207,1440.0,1440.0,2,1,1,H_1743-322,0.008182947187325625,count,TOTAL/COUNT,TOTAL/COUNT,False,0,1.0,PCU2,0.30200150485842414,0.015000668103448276,1.0152291150031192,0.0005261597222222223,0.015000668103448276,0.0238620474137931,1,1392.0,98.45977011494253,std1_gof_recipe,17.165848904958388,0.1284438318640839,133.64478975621708,26.595500666298946,9.687150963477773,0.36424021811151885,0.5805921530839512,0,accepted,,True
95360-14-25-01,H1743-322,BH,13,0,55462.5632,1592.0,1,54.04999923706055,https://heasarc.gsfc.nasa.gov/FTP/xte/data/archive/AO14/P95360/95360-14-25-01/stdprod/,data\raw\spectra\95360-14-25-01\xp95360142501_s2.pha.gz,data\raw\spectra\95360-14-25-01\xp95360142501_b2.pha.gz,data\raw\spectra\95360-14-25-01\xp95360142501.rsp.gz,2010-09-23T13:12:16,55462.55028428736,1664.0,1664.0,2,1,1,H_1743-322,0.0005014036066244686,count,TOTAL/COUNT,TOTAL/COUNT,False,0,1.0,PCU2,0.34094405630305147,0.012657875000000002,1.0128201508671577,0.0007964843750000001,0.012657875000000002,0.01957791875,1,1600.0,76.889375,std1_gof_recipe,36.62712551756967,0.14472159934944,253.08679341727708,45.31448089201075,9.150976950851803,0.20194376655576302,0.63196377481348,0,accepted,,True
95360-14-34-00,H1743-322,BH,14,0,55482.6257,1513.0,1,9.1899995803833,https://heasarc.gsfc.nasa.gov/FTP/xte/data/archive/AO14/P95360/95360-14-34-00/stdprod/,data\raw\spectra\95360-14-34-00\xp95360143400_s2.pha.gz,data\raw\spectra\95360-14-34-00\xp95360143400_b2.pha.gz,data\raw\spectra\95360-14-34-00\xp95360143400.rsp.gz,2010-10-13T14:45:04,55482.61462456514,1568.0,1568.0,2,1,1,H_1743-322,0.0005014036066244686,count,TOTAL/COUNT,TOTAL/COUNT,False,0,1.0,PCU2,0.34445068784702926,0.010850098684210528,1.0109691146607582,0.0003453125,0.010850098684210528,0.017317605263157895,1,1520.0,71.86118421052632,std1_gof_recipe,5.9341048072457125,0.09749852897305993,60.86353168349218,15.034479929049294,9.164760744564646,0.6095828248010559,0.3515886030989885,0,accepted,,True
60118-01-03-00,4U1630-47,BH,0,0,51986.80929,1544.0,4,264.75,https://heasarc.gsfc.nasa.gov/FTP/xte/data/archive/AO6/P60118/60118-01-03-00/stdprod/,data\raw\spectra\60118-01-03-00\xp60118010300_s2.pha.gz,data\raw\spectra\60118-01-03-00\xp60118010300_b2.pha.gz,data\raw\spectra\60118-01-03-00\xp60118010300.rsp.gz,2001-03-18T19:01:20,51986.79453197257,1583.99999999996,1583.99999999996,1234,4,1,4U1630-47,0.004843287454944352,count,TOTAL/COUNT,TOTAL/COUNT,False,0,1.0,PCU1,0.3046185541063622,0.014668572265625002,1.0148869424568678,0.002903028724747548,0.014668572265625002,0.021206615234375004,5,1536.0,72.644921875,std1_gof_recipe,119.22194247046119,0.13474153155534627,884.8195585597135,127.19816211028252,9.725035318597493,0.07645578487341473,0.14530313482400906,0,accepted,,True
60118-01-04-00,4U1630-47,BH,1,0,51994.03585,1752.0,1,357.3299865722656,https://heasarc.gsfc.nasa.gov/FTP/xte/data/archive/AO6/P60118/60118-01-04-00/stdprod/,data\raw\spectra\60118-01-04-00\xp60118010400_s2.pha.gz,data\raw\spectra\60118-01-04-00\xp60118010400_b2.pha.gz,data\raw\spectra\60118-01-04-00\xp60118010400.rsp.gz,2001-03-26T00:28:16,51994.021650028124,1744.00000000001,1744.00000000001,2,1,2,4U1630-47,0.004843287454944352,count,TOTAL/COUNT,TOTAL/COUNT,False,0,1.0,PCU2,0.26755197513098494,0.02040803038990826,1.0208331948638076,0.00388768348623851,0.02040803038990826,0.02963281106651376,4,1744.0,102.4975630733945,std1_gof_recipe,167.4713437452501,0.2802047603002723,597.674870212001,174.03517727945612,9.9815938067978,0.057353886512092354,0.12020164842325932,0,accepted,,True
70417-01-05-02,4U1630-47,BH,2,0,52554.03976,1664.0,3,813.1199951171875,https://heasarc.gsfc.nasa.gov/FTP/xte/data/archive/AO7/P70417/70417-01-05-02/stdprod/,data\raw\spectra\70417-01-05-02\xp70417010502_s2.pha.gz,data\raw\spectra\70417-01-05-02\xp70417010502_b2.pha.gz,data\raw\spectra\70417-01-05-02\xp70417010502.rsp.gz,2002-10-07T00:29:36,52554.02057363924,1792.0,1792.0,234,3,1,4U_1630-47,2.9575586669421963e-06,count,TOTAL/COUNT,TOTAL/COUNT,False,0,1.0,PCU2,0.1692529356363366,0.020639826722756414,1.021074807089295,0.008300465029761905,0.020639826722756414,0.02759408453525641,4,1664.0,77.26953125,std1_gof_recipe,437.69318950362305,0.2649470216767104,1652.0026786249302,437.8908067695114,9.231528854973899,0.021081805583173647,0.10983033485237487,0,accepted,,True
80117-01-12-02,4U1630-47,BH,3,0,52836.61007,1935.0,3,1716.27001953125,https://heasarc.gsfc.nasa.gov/FTP/xte/data/archive/AO8/P80117/80117-01-12-02/stdprod/,data\raw\spectra\80117-01-12-02\xp80117011202_s2.pha.gz,data\raw\spectra\80117-01-12-02\xp80117011202_b2.pha.gz,data\raw\spectra\80117-01-12-02\xp80117011202.rsp.gz,2003-07-16T14:20:00,52836.59721715776,1967.99999999997,1967.99999999997,123,3,1,4U_1630-47,2.9575586669421963e-06,count,TOTAL/COUNT,TOTAL/COUNT,False,0,1.0,PCU1,0.5375182688146651,0.031284561380854,1.0322948929413662,0.01759848238482412,0.031284561380854,0.03784856448002755,4,1936.0,72.93336776859505,std1_gof_recipe,1056.6329171969487,0.34252401502708707,3084.843312704335,1032.4062933793562,8.829673537486212,0.008552518125963962,0.20225534284829666,0,accepted,,True
80420-01-11-02,4U1630-47,BH,4,0,52946.5007,1045.0,2,898.3499755859375,https://heasarc.gsfc.nasa.gov/FTP/xte/data/archive/AO8/P80420/80420-01-11-02/stdprod/,data\raw\spectra\80420-01-11-02\xp80420011102_s2.pha.gz,data\raw\spectra\80420-01-11-02\xp80420011102_b2.pha.gz,data\raw\spectra\80420-01-11-02\xp80420011102.rsp.gz,2003-11-03T11:53:20,52946.49544632442,1120.0,1120.0,12,2,1,4U_1630-47,2.9575586669421963e-06,count,TOTAL/COUNT,TOTAL/COUNT,False,0,1.0,PCU1,0.5676649630550799,0.020124419191919193,1.0205377290607887,0.009314700892857143,0.020124419191919193,0.025861919191919193,3,1056.0,63.75,std1_gof_recipe,470.4731497616945,0.37197686191678,1264.7914371269428,470.5042083214866,9.49905744413895,0.020189101980674366,0.11076281183928602,0,accepted,,True
90128-01-09-00,4U1630-47,BH,5,0,53092.5632,3312.0,1,196.67999267578125,https://heasarc.gsfc.nasa.gov/FTP/xte/data/archive/AO9/P90128/90128-01-09-00/stdprod/,data\raw\spectra\90128-01-09-00\xp90128010900_s2.pha.gz,data\raw\spectra\90128-01-09-00\xp90128010900_b2.pha.gz,data\raw\spectra\90128-01-09-00\xp90128010900.rsp.gz,2004-03-28T12:45:20,53092.53281900961,3296.00000000001,3296.00000000001,2,1,2,4U_1630-47,2.9575586669421963e-06,count,TOTAL/COUNT,TOTAL/COUNT,False,0,1.0,PCU2,0.07480029655005183,0.016003862257281554,1.0162641514975803,0.0022467597087378575,0.016003862257281554,0.023702930825242715,3,3296.0,85.5452063106796,std1_gof_recipe,78.5208744176076,0.16485463338845174,476.3037156049269,86.66678185360831,9.40254469450139,0.10849075612826532,0.0679274010109877,0,accepted,,True
90410-01-14-00,4U1630-47,BH,6,0,53204.39523,2544.0,1,812.969970703125,https://heasarc.gsfc.nasa.gov/FTP/xte/data/archive/AO9/P90410/90410-01-14-00/stdprod/,data\raw\spectra\90410-01-14-00\xp90410011400_s2.pha.gz,data\raw\spectra\90410-01-14-00\xp90410011400_b2.pha.gz,data\raw\spectra\90410-01-14-00\xp90410011400.rsp.gz,2004-07-18T09:05:52,53204.37906900961,2592.0,2592.0,2,1,1,4U_1630-47,2.9575586669421963e-06,count,TOTAL/COUNT,TOTAL/COUNT,False,0,1.0,PCU2,0.055134133882880576,0.02016345518867925,1.0205783865640181,0.008463310185185185,0.02016345518867925,0.026483107311320756,2,2544.0,70.218356918239,std1_gof_recipe,429.29783991610924,0.40535952577842194,1059.054524725225,429.6754038916947,9.0336917333307,0.02102445625583856,0.10477954256789855,0,accepted,,True
91704-03-11-00,4U1630-47,BH,7,0,53744.05538,1038.0,3,667.4500122070312,https://heasarc.gsfc.nasa.gov/FTP/xte/data/archive/AO10/P91704/91704-03-11-00/stdprod/,data\raw\spectra\91704-03-11-00\xp91704031100_s2.pha.gz,data\raw\spectra\91704-03-11-00\xp91704031100_b2.pha.gz,data\raw\spectra\91704-03-11-00\xp91704031100.rsp.gz,2006-01-09T01:06:55,53744.046476417,1152.0,1152.0,234,3,1,4U_1630-47,2.9575586669421963e-06,count,TOTAL/COUNT,TOTAL/COUNT,False,0,1.0,PCU2,0.039641825724807234,0.025816534455128205,1.0265006904430356,0.006882060185185186,0.025816534455128205,0.03615219070512821,4,1040.0,114.840625,std1_gof_recipe,347.8860694610309,0.3236925208264703,1074.7423776514458,348.6596059137032,9.754749151372252,0.027977858593079035,0.08362726157751431,0,accepted,,True
91704-03-29-01,4U1630-47,BH,8,0,53778.78976,1920.0,1,546.3699951171875,https://heasarc.gsfc.nasa.gov/FTP/xte/data/archive/AO10/P91704/91704-03-29-01/stdprod/,data\raw\spectra\91704-03-29-01\xp91704032901_s2.pha.gz,data\raw\spectra\91704-03-29-01\xp91704032901_b2.pha.gz,data\raw\spectra\91704-03-29-01\xp91704032901.rsp.gz,2006-02-12T18:27:28,53778.7690690096,2000.00000000001,2000.00000000001,2,1,1,4U_1630-47,2.9575586669421963e-06,count,TOTAL/COUNT,TOTAL/COUNT,False,0,1.0,PCU2,0.04560067562994874,0.016603763020833336,1.016884102660223,0.005782869999999971,0.016603763020833336,0.022385700520833336,2,1920.0,64.24375,std1_gof_recipe,262.7024755831428,0.36950430987639715,710.9591649175063,267.6949491709565,9.354323237382388,0.03494396613142107,0.07132977662578212,0,accepted,,True
93425-01-05-08,4U1630-47,BH,9,0,54495.98898,3232.0,2,628.9099731445312,https://heasarc.gsfc.nasa.gov/FTP/xte/data/archive/AO12/P93425/93425-01-05-08/stdprod/,data\raw\spectra\93425-01-05-08\xp93425010508_s2.pha.gz,data\raw\spectra\93425-01-05-08\xp93425010508_b2.pha.gz,data\raw\spectra\93425-01-05-08\xp93425010508.rsp.gz,2008-01-30T22:56:48,54495.95610604664,3231.9999999999,3231.9999999999,24,2,1,4U_1630-47,0.00011948561416722952,count,TOTAL/COUNT,TOTAL/COUNT,False,0,1.0,PCU2,0.17133249714465393,0.019699965965346535,1.020095853597257,0.0064409529702972295,0.019699965965346535,0.02676761138613861,3,3232.0,78.52939356435644,std1_gof_recipe,296.58764239037123,0.20424226735786385,1452.1364565087993,300.19313342242174,9.448257492883148,0.03147392941725911,0.0802162916059097,0,accepted,,True
93425-01-12-06,4U1630-47,BH,10,0,54545.77804,2986.0,1,549.3900146484375,https://heasarc.gsfc.nasa.gov/FTP/xte/data/archive/AO12/P93425/93425-01-12-06/stdprod/,data\raw\spectra\93425-01-12-06\xp93425011206_s2.pha.gz,data\raw\spectra\93425-01-12-06\xp93425011206_b2.pha.gz,data\raw\spectra\93425-01-12-06\xp93425011206.rsp.gz,2008-03-20T18:13:52,54545.75962456515,3088.0,3088.0,2,1,1,4U_1630-47,0.00011948561416722952,count,TOTAL/COUNT,TOTAL/COUNT,False,0,1.0,PCU2,0.18010283325181575,0.019403826871657755,1.019787785638358,0.005810935880829016,0.019403826871657755,0.02670760360962567,1,2992.0,81.15307486631016,std1_gof_recipe,269.1218837462391,0.28083092217937533,958.3057366251951,273.1337600921716,9.233870785518965,0.03380713824026333,0.07781248649457664,0,accepted,,True
93702-01-08-00,4U1630-47,BH,11,0,54599.57101,1151.0,1,184.8000030517578,https://heasarc.gsfc.nasa.gov/FTP/xte/data/archive/AO12/P93702/93702-01-08-00/stdprod/,data\raw\spectra\93702-01-08-00\xp93702010800_s2.pha.gz,data\raw\spectra\93702-01-08-00\xp93702010800_b2.pha.gz,data\raw\spectra\93702-01-08-00\xp93702010800.rsp.gz,2008-05-13T13:29:52,54599.562413917,1312.0,1312.0,2,1,1,4U_1630-47,0.00011948561416722952,count,TOTAL/COUNT,TOTAL/COUNT,False,0,1.0,PCU2,0.18957416314675157,0.014863802083333336,1.0150880681420162,0.0021233536585365856,0.014863802083333336,0.021898216145833333,2,1152.0,78.16015625,std1_gof_recipe,75.81625584570357,0.24232546457178444,312.8695367599075,84.07081763037137,9.381479606257674,0.11159020300604912,0.13459533411633678,0,accepted,,True
95360-09-06-00,4U1630-47,BH,12,0,55204.03195,3039.0,2,562.1699829101562,https://heasarc.gsfc.nasa.gov/FTP/xte/data/archive/AO14/P95360/95360-09-06-00/stdprod/,data\raw\spectra\95360-09-06-00\xp95360090600_s2.pha.gz,data\raw\spectra\95360-09-06-00\xp95360090600_b2.pha.gz,data\raw\spectra\95360-09-06-00\xp95360090600.rsp.gz,2010-01-08T00:15:44,55204.01092086144,3135.99999999992,3135.99999999992,24,2,1,4U_1630-472,0.0037868977781172868,count,TOTAL/COUNT,TOTAL/COUNT,False,0,1.0,PCU2,0.295687781511468,0.020417208881578948,1.020842759863378,0.005787633928571577,0.020417208881578948,0.028307263157894735,2,3040.0,87.6672697368421,std1_gof_recipe,274.52308107153095,0.18665326221271292,1470.7649778908244,278.5967714473711,9.678685464892176,0.03474083857687686,0.15803132011372825,0,accepted,,True
95360-09-37-00,4U1630-47,BH,13,0,55281.57492,1155.0,1,109.69000244140624,https://heasarc.gsfc.nasa.gov/FTP/xte/data/archive/AO14/P95360/95360-09-37-00/stdprod/,data\raw\spectra\95360-09-37-00\xp95360093700_s2.pha.gz,data\raw\spectra\95360-09-37-00\xp95360093700_b2.pha.gz,data\raw\spectra\95360-09-37-00\xp95360093700.rsp.gz,2010-03-26T13:37:20,55281.5675875281,1200.0,1200.0,2,1,1,4U_1630-472,0.0037868977781172868,count,TOTAL/COUNT,TOTAL/COUNT,False,0,1.0,PCU2,0.30919380531481266,0.012264691780821919,1.012416982240854,0.0013513666666666666,0.012264691780821919,0.018637585616438357,1,1168.0,70.80993150684931,std1_gof_recipe,44.298968406004946,0.19084766125856759,232.11690472846317,52.77521226701792,9.019557054721009,0.170905178156106,0.1868066735067493,0,accepted,,True
95702-03-07-00,4U1630-47,BH,14,0,55379.93429,1646.0,1,17.770000457763672,https://heasarc.gsfc.nasa.gov/FTP/xte/data/archive/AO14/P95702/95702-03-07-00/stdprod/,data\raw\spectra\95702-03-07-00\xp95702030700_s2.pha.gz,data\raw\spectra\95702-03-07-00\xp95702030700_b2.pha.gz,data\raw\spectra\95702-03-07-00\xp95702030700.rsp.gz,2010-07-02T21:57:36,55379.91515697255,1648.0,1648.0,2,1,1,4U_1630-472,0.0037868977781172868,count,TOTAL/COUNT,TOTAL/COUNT,False,0,1.0,PCU2,0.3263848702539107,0.011225449029126214,1.0113528903207551,0.0004345995145631068,0.011225449029126214,0.017862184466019417,1,1648.0,73.74150485436893,std1_gof_recipe,10.815167015771184,0.1056399643384392,102.37760949182629,19.961276564175638,9.267514654481479,0.46427464820129904,0.5422424211848811,0,accepted,,True
94331-01-01-020,XTEJ1752-223,BH,0,0,55132.53976,15746.0,1,419.0799865722656,https://heasarc.gsfc.nasa.gov/FTP/xte/data/archive/AO13/P94331/94331-01-01-020/stdprod/,data\raw\spectra\94331-01-01-020\xp943310101020_s2.pha.gz,data\raw\spectra\94331-01-01-020\xp943310101020_b2.pha.gz,data\raw\spectra\94331-01-01-020\xp943310101020.rsp.gz,2009-10-28T08:55:12,55132.37166160218,15775.9999999976,15775.9999999976,2,1,5,XTE_J1752-223,6.502146373618258e-06,count,TOTAL/COUNT,TOTAL/COUNT,False,0,1.0,PCU2,0.2830588425386722,0.010124929259634888,1.0102284920177473,0.004499812373225837,0.010124929259634888,0.01323624226673428,5,15776.0,34.57014452332657,std1_gof_recipe,294.02032219619815,0.11589566394977273,2536.939797192255,300.55015302868753,9.506765795620995,0.03163121262731007,0.7604604933056882,0,accepted,,True
94331-01-02-08,XTEJ1752-223,BH,1,0,55138.3132,3264.0,1,435.6300048828125,https://heasarc.gsfc.nasa.gov/FTP/xte/data/archive/AO13/P94331/94331-01-02-08/stdprod/,data\raw\spectra\94331-01-02-08\xp94331010208_s2.pha.gz,data\raw\spectra\94331-01-02-08\xp94331010208_b2.pha.gz,data\raw\spectra\94331-01-02-08\xp94331010208.rsp.gz,2009-11-03T06:45:20,55138.28323567625,3264.00000000001,3264.00000000001,2,1,1,XTE_J1752-223,6.502146373618258e-06,count,TOTAL/COUNT,TOTAL/COUNT,False,0,1.0,PCU2,0.2841105723583368,0.017370361519607844,1.0176774247787503,0.00466678002450979,0.017370361519607844,0.02412281556372549,2,3264.0,75.02726715686275,std1_gof_recipe,306.5701518546461,0.26102518917250034,1174.484933145847,311.07829766016306,9.833380174353294,0.0316106274475494,0.75705168260799,0,accepted,,True
94331-01-02-11,XTEJ1752-223,BH,2,0,55140.60226,3238.0,3,425.2000122070313,https://heasarc.gsfc.nasa.gov/FTP/xte/data/archive/AO13/P94331/94331-01-02-11/stdprod/,data\raw\spectra\94331-01-02-11\xp94331010211_s2.pha.gz,data\raw\spectra\94331-01-02-11\xp94331010211_b2.pha.gz,data\raw\spectra\94331-01-02-11\xp94331010211.rsp.gz,2009-11-05T13:44:48,55140.57284215774,3247.99999999968,3247.99999999968,234,3,1,XTE_J1752-223,6.502146373618258e-06,count,TOTAL/COUNT,TOTAL/COUNT,False,0,1.0,PCU2,0.2844608870450642,0.019899276477832514,1.0203032974063329,0.004479402709360048,0.019899276477832514,0.02851257019704433,5,3248.0,95.70326354679803,std1_gof_recipe,298.25628509343363,0.14917512077795553,1999.37015997046,301.89728722779114,9.576086412683068,0.03171968354077195,0.7590661353127568,0,accepted,,True
94331-01-04-12,XTEJ1752-223,BH,3,0,55149.02804,2174.0,1,429.6900024414063,https://heasarc.gsfc.nasa.gov/FTP/xte/data/archive/AO13/P94331/94331-01-04-12/stdprod/,data\raw\spectra\94331-01-04-12\xp94331010412_s2.pha.gz,data\raw\spectra\94331-01-04-12\xp94331010412_b2.pha.gz,data\raw\spectra\94331-01-04-12\xp94331010412.rsp.gz,2009-11-14T00:14:24,55149.01006437995,2224.0,2224.0,2,1,1,XTE_J1752-223,6.502146373618258e-06,count,TOTAL/COUNT,TOTAL/COUNT,False,0,1.0,PCU2,0.2860389765972471,0.01807922794117647,1.0184121045766954,0.004615094424460432,0.01807922794117647,0.025128759191176468,1,2176.0,78.328125,std1_gof_recipe,301.98888556148444,0.31377497646757174,962.4377602102844,306.2118735702061,9.682713906489633,0.03162096163547247,0.7486928326239927,0,accepted,,True
94331-01-04-06,XTEJ1752-223,BH,4,0,55154.19601,3160.0,2,430.2900085449219,https://heasarc.gsfc.nasa.gov/FTP/xte/data/archive/AO13/P94331/94331-01-04-06/stdprod/,data\raw\spectra\94331-01-04-06\xp94331010406_s2.pha.gz,data\raw\spectra\94331-01-04-06\xp94331010406_b2.pha.gz,data\raw\spectra\94331-01-04-06\xp94331010406.rsp.gz,2009-11-19T04:12:16,55154.17522641699,3151.99999999991,3151.99999999991,23,2,1,XTE_J1752-223,6.502146373618258e-06,count,TOTAL/COUNT,TOTAL/COUNT,False,0,1.0,PCU2,0.2869156219172595,0.02025617861675127,1.0206749745950452,0.00459650856598998,0.02025617861675127,0.02923434961928934,2,3152.0,99.75745558375634,std1_gof_recipe,312.1794584066004,0.18892297582478418,1652.4165842916318,315.06396537769103,9.208069841055393,0.029226032974024756,0.7793510930512365,0,accepted,,True
95360-01-01-13,XTEJ1752-223,BH,5,0,55221.12179,2432.0,1,627.8699951171875,https://heasarc.gsfc.nasa.gov/FTP/xte/data/archive/AO14/P95360/95360-01-01-13/stdprod/,data\raw\spectra\95360-01-01-13\xp95360010113_s2.pha.gz,data\raw\spectra\95360-01-01-13\xp95360010113_b2.pha.gz,data\raw\spectra\95360-01-01-13\xp95360010113.rsp.gz,2010-01-25T02:06:24,55221.08777271329,2432.0,2432.0,2,1,1,XTE_J1752-223,6.502146373618258e-06,count,TOTAL/COUNT,TOTAL/COUNT,False,0,1.0,PCU2,0.2986683278723703,0.020045074013157898,1.0204550979658293,0.0066039514802631585,0.020045074013157898,0.02605344366776316,2,2432.0,66.75966282894737,std1_gof_recipe,148.7397976266977,0.22373572173749245,664.8012953479689,155.17985223888294,9.421554864314503,0.06071377648827128,0.2619406506300691,0,accepted,,True
95360-01-02-04,XTEJ1752-223,BH,6,0,55227.70773,3312.0,2,463.760009765625,https://heasarc.gsfc.nasa.gov/FTP/xte/data/archive/AO14/P95360/95360-01-02-04/stdprod/,data\raw\spectra\95360-01-02-04\xp95360010204_s2.pha.gz,data\raw\spectra\95360-01-02-04\xp95360010204_b2.pha.gz,data\raw\spectra\95360-01-02-04\xp95360010204.rsp.gz,2010-01-31T16:23:44,55227.68314308366,3311.99999999988,3311.99999999988,23,2,1,XTE_J1752-223,6.502146373618258e-06,count,TOTAL/COUNT,TOTAL/COUNT,False,0,1.0,PCU2,0.29972123212272095,0.024880893719806764,1.0255157483424977,0.004939533514492933,0.024880893719806764,0.034417931763285024,2,3312.0,105.96708937198068,std1_gof_recipe,87.00841134405529,0.10842424191144534,802.4811592883327,94.12104520520812,9.277480896533495,0.0985696756374326,0.20310116559607436,0,accepted,,True
95360-01-03-02,XTEJ1752-223,BH,7,0,55236.21163,2699.0,1,388.510009765625,https://heasarc.gsfc.nasa.gov/FTP/xte/data/archive/AO14/P95360/95360-01-03-02/stdprod/,data\raw\spectra\95360-01-03-02\xp95360010302_s2.pha.gz,data\raw\spectra\95360-01-03-02\xp95360010302_b2.pha.gz,data\raw\spectra\95360-01-03-02\xp95360010302.rsp.gz,2010-02-09T04:40:00,55236.19453197255,2704.00000000001,2704.00000000001,2,1,1,XTE_J1752-223,6.502146373618258e-06,count,TOTAL/COUNT,TOTAL/COUNT,False,0,1.0,PCU2,0.30130041178790634,0.016378574334319527,1.0166512988706353,0.004177496301775133,0.016378574334319527,0.02222800850591716,2,2704.0,64.99371301775147,std1_gof_recipe,69.57611957718764,0.15257111827794076,456.0241830989266,77.67070248456348,9.234140553764309,0.11888833573508018,0.2490480057825506,0,accepted,,True
95360-01-05-10,XTEJ1752-223,BH,8,0,55250.97726,1616.0,1,209.7700042724609,https://heasarc.gsfc.nasa.gov/FTP/xte/data/archive/AO14/P95360/95360-01-05-10/stdprod/,data\raw\spectra\95360-01-05-10\xp95360010510_s2.pha.gz,data\raw\spectra\95360-01-05-10\xp95360010510_b2.pha.gz,data\raw\spectra\95360-01-05-10\xp95360010510.rsp.gz,2010-02-23T23:09:20,55250.966117620694,1616.00000000001,1616.00000000001,2,1,1,XTE_J1752-223,6.502146373618258e-06,count,TOTAL/COUNT,TOTAL/COUNT,False,0,1.0,PCU2,0.30375359642955146,0.01632371905940594,1.016594604724836,0.0023715532178217678,0.01632371905940594,0.022994690594059404,1,1616.0,74.12190594059406,std1_gof_recipe,24.552033978228568,0.13581084933542953,180.78109442927678,33.3367861926445,9.185532719413526,0.2755374398219658,0.21404239287013152,0,accepted,,True
95360-01-08-06,XTEJ1752-223,BH,9,0,55272.90304,2679.0,1,101.58999633789062,https://heasarc.gsfc.nasa.gov/FTP/xte/data/archive/AO14/P95360/95360-01-08-06/stdprod/,data\raw\spectra\95360-01-08-06\xp95360010806_s2.pha.gz,data\raw\spectra\95360-01-08-06\xp95360010806_b2.pha.gz,data\raw\spectra\95360-01-08-06\xp95360010806.rsp.gz,2010-03-17T21:01:36,55272.87637225033,2768.00000000001,2768.00000000001,2,1,1,XTE_J1752-223,6.502146373618258e-06,count,TOTAL/COUNT,TOTAL/COUNT,False,0,1.0,PCU2,0.3076137426119061,0.012723580729166666,1.0128875565959166,0.0012767593930635792,0.012723580729166666,0.01879645461309524,2,2688.0,67.47637648809524,std1_gof_recipe,16.988463140173153,0.09203522118304167,184.58654112848956,25.941867759869847,9.16955870192516,0.35346563272941317,0.32269509371619254,0,accepted,,True
95360-01-09-03,XTEJ1752-223,BH,10,0,55277.35226,1567.0,1,77.12999725341797,https://heasarc.gsfc.nasa.gov/FTP/xte/data/archive/AO14/P95360/95360-01-09-03/stdprod/,data\raw\spectra\95360-01-09-03\xp95360010903_s2.pha.gz,data\raw\spectra\95360-01-09-03\xp95360010903_b2.pha.gz,data\raw\spectra\95360-01-09-03\xp95360010903.rsp.gz,2010-03-22T08:05:52,55277.33746021329,1568.0,1568.0,2,1,1,XTE_J1752-223,6.502146373618258e-06,count,TOTAL/COUNT,TOTAL/COUNT,False,0,1.0,PCU2,0.3084923565977462,0.01301075255102041,1.0131822637223744,0.0010293686224489796,0.01301075255102041,0.01982219706632653,2,1568.0,75.6827168367347,std1_gof_recipe,10.722004521827287,0.10997782162463515,97.49242495839313,19.701020002069814,9.118516827926946,0.46284490990664157,0.2782615139284852,0,accepted,,True
95702-01-01-04,XTEJ1752-223,BH,11,0,55306.95773,1421.0,1,69.7699966430664,https://heasarc.gsfc.nasa.gov/FTP/xte/data/archive/AO14/P95702/95702-01-01-04/stdprod/,data\raw\spectra\95702-01-01-04\xp95702010104_s2.pha.gz,data\raw\spectra\95702-01-01-04\xp95702010104_b2.pha.gz,data\raw\spectra\95702-01-01-04\xp95702010104.rsp.gz,2010-04-20T22:45:52,55306.94851345403,1456.0,1456.0,2,1,1,XTE_J1752-223,6.502146373618258e-06,count,TOTAL/COUNT,TOTAL/COUNT,False,0,1.0,PCU2,0.313578254297731,0.01780267556179775,1.0181253553831258,0.000985940934065934,0.01780267556179775,0.027710196629213483,2,1424.0,110.08356741573034,std1_gof_recipe,46.08569120237849,0.17290271023855552,266.54117300297736,55.43558341360183,10.170340819740492,0.183462321373262,0.6543659980418455,0,accepted,,True
95702-01-01-00,XTEJ1752-223,BH,12,0,55308.80929,1062.0,1,67.04000091552734,https://heasarc.gsfc.nasa.gov/FTP/xte/data/archive/AO14/P95702/95702-01-01-00/stdprod/,data\raw\spectra\95702-01-01-00\xp95702010100_s2.pha.gz,data\raw\spectra\95702-01-01-00\xp95702010100_b2.pha.gz,data\raw\spectra\95702-01-01-00\xp95702010100.rsp.gz,2010-04-22T19:04:16,55308.794694009586,1088.0,1088.0,2,1,1,XTE_J1752-223,6.502146373618258e-06,count,TOTAL/COUNT,TOTAL/COUNT,False,0,1.0,PCU2,0.31392831869357707,0.011343204291044778,1.0114733488307341,0.0009228768382352941,0.011343204291044778,0.017063325559701494,2,1072.0,63.55690298507463,std1_gof_recipe,43.80615664091403,0.1923919976265929,227.69219708366413,52.28699012420577,8.977735667275136,0.17170113724176633,0.628577448569223,0,accepted,,True
95702-01-05-03,XTEJ1752-223,BH,13,0,55333.72335,1120.0,1,16.139999389648438,https://heasarc.gsfc.nasa.gov/FTP/xte/data/archive/AO14/P95702/95702-01-05-03/stdprod/,data\raw\spectra\95702-01-05-03\xp95702010503_s2.pha.gz,data\raw\spectra\95702-01-05-03\xp95702010503_b2.pha.gz,data\raw\spectra\95702-01-05-03\xp95702010503.rsp.gz,2010-05-17T16:57:04,55333.706349102176,1120.0,1120.0,2,1,1,XTE_J1752-223,6.502146373618258e-06,count,TOTAL/COUNT,TOTAL/COUNT,False,0,1.0,PCU2,0.3183157939422827,0.010933196428571431,1.0110540525565035,0.0004314553571428572,0.010933196428571431,0.01672517857142857,2,1120.0,64.35535714285714,std1_gof_recipe,10.332756468917783,0.12901490431425058,80.08963401429628,19.87997869460642,9.660192281811911,0.4859256858475804,0.573220090810782,0,accepted,,True
95702-01-08-00,XTEJ1752-223,BH,14,0,55352.8132,1305.0,2,25.809999465942383,https://heasarc.gsfc.nasa.gov/FTP/xte/data/archive/AO14/P95702/95702-01-08-00/stdprod/,data\raw\spectra\95702-01-08-00\xp95702010800_s2.pha.gz,data\raw\spectra\95702-01-08-00\xp95702010800_b2.pha.gz,data\raw\spectra\95702-01-08-00\xp95702010800.rsp.gz,2010-06-05T19:02:40,55352.79351345403,1360.0,1360.0,24,2,2,XTE_J1752-223,6.502146373618258e-06,count,TOTAL/COUNT,TOTAL/COUNT,False,0,1.0,PCU2,0.32164913107725823,0.015678530092592596,1.0159282618249375,0.0005217830882352941,0.015678530092592596,0.024675127314814815,2,1296.0,99.9621913580247,std1_gof_recipe,16.173891465448108,0.09175328876300438,176.27587723013087,25.829115565503848,9.908806944111094,0.3836293549805023,0.6156305656929548,0,accepted,,True
91110-02-09-00,XTEJ1817-330,BH,0,0,53770.34445,2289.0,1,2334.260009765625,https://heasarc.gsfc.nasa.gov/FTP/xte/data/archive/AO10/P91110/91110-02-09-00/stdprod/,data\raw\spectra\91110-02-09-00\xp91110020900_s2.pha.gz,data\raw\spectra\91110-02-09-00\xp91110020900_b2.pha.gz,data\raw\spectra\91110-02-09-00\xp91110020900.rsp.gz,2006-02-04T07:53:20,53770.3287102133,2304.0,2304.0,2,1,1,XTE_J1817-330,1.0173887179578492e-05,count,TOTAL/COUNT,TOTAL/COUNT,False,0,1.0,PCU2,0.044199310002454695,0.04284194010416667,1.044759524993008,0.02383758246527778,0.04284194010416667,0.04956106119791667,2,2304.0,74.65690104166667,std1_gof_recipe,609.9424515959347,0.5226887012329986,1166.9325358614192,592.9813492190608,9.170015601387574,0.015464256360616093,0.07779100372016402,0,accepted,,True
91110-02-13-00,XTEJ1817-330,BH,1,0,53774.65695,1408.0,3,1781.6800537109375,https://heasarc.gsfc.nasa.gov/FTP/xte/data/archive/AO10/P91110/91110-02-13-00/stdprod/,data\raw\spectra\91110-02-13-00\xp91110021300_s2.pha.gz,data\raw\spectra\91110-02-13-00\xp91110021300_b2.pha.gz,data\raw\spectra\91110-02-13-00\xp91110021300.rsp.gz,2006-02-08T15:22:08,53774.640365305895,1600.0,1600.0,123,3,1,XTE_J1817-330,1.0173887179578492e-05,count,TOTAL/COUNT,TOTAL/COUNT,False,0,1.0,PCU1,0.7946155330221742,0.03975552675189394,1.0414014637516398,0.018249922916666668,0.03975552675189394,0.047786700402462114,4,1408.0,89.2352627840909,std1_gof_recipe,415.95463641838734,0.22840523346132927,1821.1256813816028,408.63619135223945,9.218050609557748,0.022558086641943812,0.040844200087734234,0,accepted,,True
91110-02-24-00,XTEJ1817-330,BH,2,0,53786.11398,3822.0,1,1085.27001953125,https://heasarc.gsfc.nasa.gov/FTP/xte/data/archive/AO10/P91110/91110-02-24-00/stdprod/,data\raw\spectra\91110-02-24-00\xp91110022400_s2.pha.gz,data\raw\spectra\91110-02-24-00\xp91110022400_b2.pha.gz,data\raw\spectra\91110-02-24-00\xp91110022400.rsp.gz,2006-02-20T01:36:00,53786.06666160219,3888.0,3888.0,2,1,3,XTE_J1817-330,1.0173887179578492e-05,count,TOTAL/COUNT,TOTAL/COUNT,False,0,1.0,PCU2,0.04700448690790182,0.029795588235294115,1.030710629506517,0.01122599022633745,0.029795588235294115,0.03774985819327731,5,3808.0,88.38077731092437,std1_gof_recipe,257.39717303696995,0.26422493840064254,974.1592697305517,259.18358224837874,9.455709392147131,0.03648267112492338,0.12288175595728189,0,accepted,,True
91110-02-30-00,XTEJ1817-330,BH,3,0,53790.11788,3200.0,1,1197.3299560546875,https://heasarc.gsfc.nasa.gov/FTP/xte/data/archive/AO10/P91110/91110-02-30-00/stdprod/,data\raw\spectra\91110-02-30-00\xp91110023000_s2.pha.gz,data\raw\spectra\91110-02-30-00\xp91110023000_b2.pha.gz,data\raw\spectra\91110-02-30-00\xp91110023000.rsp.gz,2006-02-24T02:19:28,53790.09692780589,3199.99999999999,3199.99999999999,2,1,1,XTE_J1817-330,1.0173887179578492e-05,count,TOTAL/COUNT,TOTAL/COUNT,False,0,1.0,PCU2,0.047704178703746436,0.030015350000000003,1.0309441494770046,0.01236243125000004,0.030015350000000003,0.0381243640625,2,3200.0,90.10015625,std1_gof_recipe,437.67499495832385,0.37312505766849885,1172.998130152851,434.14750660313393,9.609479804732512,0.022134135653384738,0.2386290673735074,0,accepted,,True
91110-02-33-00,XTEJ1817-330,BH,4,0,53794.05148,2432.0,1,741.5700073242188,https://heasarc.gsfc.nasa.gov/FTP/xte/data/archive/AO10/P91110/91110-02-33-00/stdprod/,data\raw\spectra\91110-02-33-00\xp91110023300_s2.pha.gz,data\raw\spectra\91110-02-33-00\xp91110023300_b2.pha.gz,data\raw\spectra\91110-02-33-00\xp91110023300.rsp.gz,2006-02-28T00:53:52,53794.03740234293,2416.0,2416.0,2,1,1,XTE_J1817-330,1.0173887179578492e-05,count,TOTAL/COUNT,TOTAL/COUNT,False,0,1.0,PCU2,0.04840621642959775,0.023723870033112587,1.0243003688248706,0.007754710264900664,0.023723870033112587,0.03125855753311259,2,2416.0,83.71875,std1_gof_recipe,174.5953860411247,0.2789495860149326,625.9030118502429,179.86959268527139,9.41628489096741,0.05235062108270656,0.15414182475726865,0,accepted,,True
91110-02-44-01,XTEJ1817-330,BH,5,0,53804.28195,1386.0,1,461.9800109863281,https://heasarc.gsfc.nasa.gov/FTP/xte/data/archive/AO10/P91110/91110-02-44-01/stdprod/,data\raw\spectra\91110-02-44-01\xp91110024401_s2.pha.gz,data\raw\spectra\91110-02-44-01\xp91110024401_b2.pha.gz,data\raw\spectra\91110-02-44-01\xp91110024401.rsp.gz,2006-03-10T06:23:12,53804.266106046634,1472.0,1472.0,2,1,1,XTE_J1817-330,1.0173887179578492e-05,count,TOTAL/COUNT,TOTAL/COUNT,False,0,1.0,PCU2,0.050160181753440725,0.017720953065134097,1.0180406505874589,0.004943743206521739,0.017720953065134097,0.023651707375478927,3,1392.0,65.89727011494253,std1_gof_recipe,89.21564819779019,0.26658788248840154,334.65755219264963,97.39196874403397,9.757306860632378,0.1001859494829248,0.14382074391908287,0,accepted,,True
91110-02-46-00,XTEJ1817-330,BH,6,0,53805.97335,2470.0,2,518.219970703125,https://heasarc.gsfc.nasa.gov/FTP/xte/data/archive/AO10/P91110/91110-02-46-00/stdprod/,data\raw\spectra\91110-02-46-00\xp91110024600_s2.pha.gz,data\raw\spectra\91110-02-46-00\xp91110024600_b2.pha.gz,data\raw\spectra\91110-02-46-00\xp91110024600.rsp.gz,2006-03-11T22:57:36,53805.95686993552,2464.0,2464.0,24,2,1,XTE_J1817-330,1.0173887179578492e-05,count,TOTAL/COUNT,TOTAL/COUNT,False,0,1.0,PCU2,0.05033405047743145,0.018041377164502166,1.018372848656704,0.005344301948051949,0.018041377164502166,0.023904502164502163,3,2464.0,65.14583333333333,std1_gof_recipe,132.7689943735764,0.1716752932851803,773.3727540690769,139.64199508294783,9.268336212616854,0.06637212685991367,0.20282386304031028,0,accepted,,True
91110-02-58-00,XTEJ1817-330,BH,7,0,53817.44601,1963.0,2,275.4100036621094,https://heasarc.gsfc.nasa.gov/FTP/xte/data/archive/AO10/P91110/91110-02-58-00/stdprod/,data\raw\spectra\91110-02-58-00\xp91110025800_s2.pha.gz,data\raw\spectra\91110-02-58-00\xp91110025800_b2.pha.gz,data\raw\spectra\91110-02-58-00\xp91110025800.rsp.gz,2006-03-23T10:22:24,53817.432217157744,2032.00000000001,2032.00000000001,23,2,1,XTE_J1817-330,1.0173887179578492e-05,count,TOTAL/COUNT,TOTAL/COUNT,False,0,1.0,PCU2,0.05244262863681115,0.016975696985094855,1.0172688477111205,0.0030218749999999855,0.016975696985094855,0.0243468860094851,3,1968.0,81.90210027100271,std1_gof_recipe,60.19290682027966,0.13529281970285134,444.90836211769096,67.96840863824053,8.797318364793991,0.1294324604775935,0.1617938909866854,0,accepted,,True
91110-02-70-00,XTEJ1817-330,BH,8,0,53830.86398,3232.0,3,155.63999938964844,https://heasarc.gsfc.nasa.gov/FTP/xte/data/archive/AO10/P91110/91110-02-70-00/stdprod/,data\raw\spectra\91110-02-70-00\xp91110027000_s2.pha.gz,data\raw\spectra\91110-02-70-00\xp91110027000_b2.pha.gz,data\raw\spectra\91110-02-70-00\xp91110027000.rsp.gz,2006-04-05T20:14:24,53830.84492549108,3231.99999999968,3231.99999999968,234,3,1,XTE_J1817-330,1.0173887179578492e-05,count,TOTAL/COUNT,TOTAL/COUNT,False,0,1.0,PCU2,0.05471886372328072,0.014458117007013202,1.014670220775504,0.0017835014438945666,0.014458117007013202,0.02121497421617162,4,3232.0,75.0761912128713,std1_gof_recipe,26.749729168709813,0.06576189872236128,406.76637518700466,35.21156425527289,8.848585800790195,0.2512977195969114,0.19436151435291038,0,accepted,,True
91110-02-79-00,XTEJ1817-330,BH,9,0,53843.64132,2524.0,1,164.08999633789062,https://heasarc.gsfc.nasa.gov/FTP/xte/data/archive/AO10/P91110/91110-02-79-00/stdprod/,data\raw\spectra\91110-02-79-00\xp91110027900_s2.pha.gz,data\raw\spectra\91110-02-79-00\xp91110027900_b2.pha.gz,data\raw\spectra\91110-02-79-00\xp91110027900.rsp.gz,2006-04-18T14:58:40,53843.624069009595,2544.00000000001,2544.00000000001,2,1,2,XTE_J1817-330,1.0173887179578492e-05,count,TOTAL/COUNT,TOTAL/COUNT,False,0,1.0,PCU2,0.0569998207170741,0.015275246815286626,1.015512199491162,0.0019140526729559675,0.015275246815286626,0.022323228503184713,2,2512.0,78.3109076433121,std1_gof_recipe,16.08671622121352,0.11330990006630882,141.97096821901346,25.121318515796244,9.280330855309238,0.36942053218559295,0.0413804679862719,4,accepted,,True
91110-02-84-01G,XTEJ1817-330,BH,10,0,53852.36788,1071.0,2,117.41000366210938,https://heasarc.gsfc.nasa.gov/FTP/xte/data/archive/AO10/P91110/91110-02-84-01G/stdprod/,data\raw\spectra\91110-02-84-01G\xp91110028401G_s2.pha.gz,data\raw\spectra\91110-02-84-01G\xp91110028401G_b2.pha.gz,data\raw\spectra\91110-02-84-01G\xp91110028401G.rsp.gz,2006-04-27T08:25:36,53852.35129123182,1072.0,1072.0,12,2,1,XTE_J1817-330,1.0173887179578492e-05,count,TOTAL/COUNT,TOTAL/COUNT,False,0,1.0,PCU1,0.8160005989957639,0.013125725279850748,1.0133003013819293,0.001431534514925373,0.013125725279850748,0.019541982276119405,4,1072.0,71.29174440298507,std1_gof_recipe,9.725940737262718,0.09088186759913186,107.0173951548023,18.733888521906035,9.135607810848743,0.48765144514264797,0.05026381480081014,3,accepted,,True
91110-02-87-02,XTEJ1817-330,BH,11,0,53859.73898,1088.0,1,78.6500015258789,https://heasarc.gsfc.nasa.gov/FTP/xte/data/archive/AO10/P91110/91110-02-87-02/stdprod/,data\raw\spectra\91110-02-87-02\xp91110028702_s2.pha.gz,data\raw\spectra\91110-02-87-02\xp91110028702_b2.pha.gz,data\raw\spectra\91110-02-87-02\xp91110028702.rsp.gz,2006-05-04T17:32:32,53859.73116391701,1088.0,1088.0,2,1,1,XTE_J1817-330,1.0173887179578492e-05,count,TOTAL/COUNT,TOTAL/COUNT,False,0,1.0,PCU2,0.059805445617165276,0.012596424632352943,1.012757118716795,0.0010511029411764707,0.012596424632352943,0.01870240349264706,2,1088.0,67.84420955882354,std1_gof_recipe,6.597562888573802,0.14623564448081974,45.11596958455049,15.81818402932499,9.303726844434312,0.5881665573738638,0.06558650581226505,7,accepted,,True
92082-01-03-01,XTEJ1817-330,BH,12,0,53878.02804,14506.0,1,32.04999923706055,https://heasarc.gsfc.nasa.gov/FTP/xte/data/archive/AO11/P92082/92082-01-03-01/stdprod/,data\raw\spectra\92082-01-03-01\xp92082010301_s2.pha.gz,data\raw\spectra\92082-01-03-01\xp92082010301_b2.pha.gz,data\raw\spectra\92082-01-03-01\xp92082010301.rsp.gz,2006-05-22T21:00:48,53877.87555049108,14607.9999999979,14607.9999999979,2,1,7,XTE_J1817-330,1.0173887179578492e-05,count,TOTAL/COUNT,TOTAL/COUNT,False,0,1.0,PCU2,0.06296169629058568,0.009196886451434879,1.0092822542901547,0.0005854271631983317,0.009196886451434879,0.014018266418322295,5,14496.0,53.5708885209713,std1_gof_recipe,4.111298224307697,0.037769208682980226,108.85317346244412,13.536504442148264,9.46301736077751,0.6990739301434983,0.2883760641074886,0,accepted,,True
91110-02-95-01,XTEJ1817-330,BH,13,0,53883.52413,2304.0,2,27.81999969482422,https://heasarc.gsfc.nasa.gov/FTP/xte/data/archive/AO10/P91110/91110-02-95-01/stdprod/,data\raw\spectra\91110-02-95-01\xp91110029501_s2.pha.gz,data\raw\spectra\91110-02-95-01\xp91110029501_b2.pha.gz,data\raw\spectra\91110-02-95-01\xp91110029501.rsp.gz,2006-05-28T12:10:40,53883.507413917,2320.0,2320.0,12,2,1,XTE_J1817-330,1.0173887179578492e-05,count,TOTAL/COUNT,TOTAL/COUNT,False,0,1.0,PCU1,0.8244972923869938,0.011572296006944444,1.011707781924965,0.0005360452586206897,0.011572296006944444,0.01762898871527778,3,2304.0,67.29658564814815,std1_gof_recipe,5.053769582945011,0.05787667751963223,87.31962164259917,14.44652503489435,9.451239169514071,0.6542223231320617,0.39374885429297274,0,accepted,,True
91110-02-02-10,XTEJ1817-330,BH,14,0,53924.66085,1176.0,1,8.029999732971191,https://heasarc.gsfc.nasa.gov/FTP/xte/data/archive/AO10/P91110/91110-02-02-10/stdprod/,data\raw\spectra\91110-02-02-10\xp91110020210_s2.pha.gz,data\raw\spectra\91110-02-02-10\xp91110020210_b2.pha.gz,data\raw\spectra\91110-02-02-10\xp91110020210.rsp.gz,2006-07-08T15:42:24,53924.65450882441,1232.0,1232.0,2,1,1,XTE_J1817-330,1.0173887179578492e-05,count,TOTAL/COUNT,TOTAL/COUNT,False,0,1.0,PCU2,0.0712026938228405,0.00999348536036036,1.010094363231537,0.0003246266233766234,0.00999348536036036,0.015418164414414414,3,1184.0,60.27421171171171,std1_gof_recipe,4.977178326294151,0.1279850095420018,38.88876005170554,13.773402369349254,8.845963401794824,0.6422496899880205,0.6262302358447718,0,accepted,,True
70116-03-04-00,XTEJ1720-318,BH,0,0,52657.09835,2464.0,3,563.969970703125,https://heasarc.gsfc.nasa.gov/FTP/xte/data/archive/AO7/P70116/70116-03-04-00/stdprod/,data\raw\spectra\70116-03-04-00\xp70116030400_s2.pha.gz,data\raw\spectra\70116-03-04-00\xp70116030400_b2.pha.gz,data\raw\spectra\70116-03-04-00\xp70116030400.rsp.gz,2003-01-18T02:00:16,52657.083513454054,2463.99999999986,2463.99999999986,123,3,1,XTE_J1720-318,0.034848860950826226,count,TOTAL/COUNT,TOTAL/COUNT,False,0,1.0,PCU1,0.48846709940312394,0.018548132778679654,1.0188986677779654,0.005929580627705966,0.018548132778679654,0.024541396780303034,4,2464.0,66.59182224025975,std1_gof_recipe,104.39868129787854,0.1073887532077324,972.1565636946182,111.18393253976119,8.721651844514755,0.07844345532027076,0.08168759887923051,0,accepted,,True
70116-03-04-02,XTEJ1720-318,BH,1,0,52658.1921,6530.0,1,511.8900146484375,https://heasarc.gsfc.nasa.gov/FTP/xte/data/archive/AO7/P70116/70116-03-04-02/stdprod/,data\raw\spectra\70116-03-04-02\xp70116030402_s2.pha.gz,data\raw\spectra\70116-03-04-02\xp70116030402_b2.pha.gz,data\raw\spectra\70116-03-04-02\xp70116030402.rsp.gz,2003-01-19T03:16:16,52658.136302805906,6543.99999999978,6543.99999999978,2,1,4,XTE_J1720-318,0.034848860950826226,count,TOTAL/COUNT,TOTAL/COUNT,False,0,1.0,PCU2,0.15099566752001436,0.016798230036855037,1.0170852316889998,0.005422724633252016,0.016798230036855037,0.02241868581081081,5,6512.0,62.449508599508604,std1_gof_recipe,79.64207810511468,0.11144950137376561,714.6023725850588,87.41337135795482,9.109139201463027,0.10420761789590986,0.0617967298489363,0,accepted,,True
70116-03-04-07,XTEJ1720-318,BH,2,0,52661.08273,6216.0,1,441.5899963378906,https://heasarc.gsfc.nasa.gov/FTP/xte/data/archive/AO7/P70116/70116-03-04-07/stdprod/,data\raw\spectra\70116-03-04-07\xp70116030407_s2.pha.gz,data\raw\spectra\70116-03-04-07\xp70116030407_b2.pha.gz,data\raw\spectra\70116-03-04-07\xp70116030407.rsp.gz,2003-01-22T00:46:08,52661.03203197257,6207.99999999985,6207.99999999985,2,1,3,XTE_J1720-318,0.034848860950826226,count,TOTAL/COUNT,TOTAL/COUNT,False,0,1.0,PCU2,0.15046959758716838,0.015529887242268042,1.0157748691819248,0.0047093814432990835,0.015529887242268042,0.020915760953608246,5,6208.0,59.843041237113404,std1_gof_recipe,60.94130869519583,0.10268978869489204,593.4505219040066,69.02135296338581,9.026455920622624,0.13077773084817598,0.03355398795187429,0,accepted,,True
70116-03-05-07,XTEJ1720-318,BH,3,0,52667.11398,3232.0,1,318.3900146484375,https://heasarc.gsfc.nasa.gov/FTP/xte/data/archive/AO7/P70116/70116-03-05-07/stdprod/,data\raw\spectra\70116-03-05-07\xp70116030507_s2.pha.gz,data\raw\spectra\70116-03-05-07\xp70116030507_b2.pha.gz,data\raw\spectra\70116-03-05-07\xp70116030507.rsp.gz,2003-01-28T02:03:44,52667.08596715776,3232.00000000001,3232.00000000001,2,1,1,XTE_J1720-318,0.034848860950826226,count,TOTAL/COUNT,TOTAL/COUNT,False,0,1.0,PCU2,0.14941589286625145,0.01753747834158416,1.0178505316538493,0.00347038056930692,0.01753747834158416,0.024945510519801976,3,3232.0,82.31146864686468,std1_gof_recipe,40.323466741902735,0.12242942202780663,329.3609172862412,48.8479305814243,9.231635764165294,0.18898724376413734,0.04668248619130074,0,accepted,,True
70116-03-06-00,XTEJ1720-318,BH,4,0,52670.84835,1574.0,1,256.8399963378906,https://heasarc.gsfc.nasa.gov/FTP/xte/data/archive/AO7/P70116/70116-03-06-00/stdprod/,data\raw\spectra\70116-03-06-00\xp70116030600_s2.pha.gz,data\raw\spectra\70116-03-06-00\xp70116030600_b2.pha.gz,data\raw\spectra\70116-03-06-00\xp70116030600.rsp.gz,2003-01-31T20:03:44,52670.83592086146,1584.0,1584.0,3,1,1,XTE_J1720-318,0.034848860950826226,count,TOTAL/COUNT,TOTAL/COUNT,False,0,1.0,PCU3,1.5507083392652774,0.011154831649831649,1.0112806655752213,0.0028128282828282832,0.011154831649831649,0.015605551346801347,3,1584.0,49.45244107744108,std1_gof_recipe,33.051158750140644,0.1497457076610856,220.7152329530821,41.11107061656513,8.42859197811418,0.2050200068182607,0.04646414940709398,0,accepted,,True
70123-01-02-00,XTEJ1720-318,BH,5,0,52679.01632,2016.0,3,175.77000427246094,https://heasarc.gsfc.nasa.gov/FTP/xte/data/archive/AO7/P70123/70123-01-02-00/stdprod/,data\raw\spectra\70123-01-02-00\xp70123010200_s2.pha.gz,data\raw\spectra\70123-01-02-00\xp70123010200_b2.pha.gz,data\raw\spectra\70123-01-02-00\xp70123010200.rsp.gz,2003-02-09T00:05:36,52679.00388382442,2015.99999999996,2015.99999999996,234,3,1,XTE_J1720-318,0.034848860950826226,count,TOTAL/COUNT,TOTAL/COUNT,False,0,1.0,PCU2,0.14730532340139746,0.01584642898478836,1.0161015815534173,0.001982486772486812,0.01584642898478836,0.023228303984788357,4,2016.0,82.02083333333333,std1_gof_recipe,20.28112134648799,0.07171648344349522,282.7958144722378,28.977534889734052,9.017796892395056,0.3111995870839177,0.061925700808880955,0,accepted,,True
70123-01-03-00,XTEJ1720-318,BH,6,0,52684.15304,1526.0,1,161.91000366210938,https://heasarc.gsfc.nasa.gov/FTP/xte/data/archive/AO7/P70123/70123-01-03-00/stdprod/,data\raw\spectra\70123-01-03-00\xp70123010300_s2.pha.gz,data\raw\spectra\70123-01-03-00\xp70123010300_b2.pha.gz,data\raw\spectra\70123-01-03-00\xp70123010300.rsp.gz,2003-02-14T03:28:16,52684.14462456516,1616.00000000001,1616.00000000001,2,1,1,XTE_J1720-318,0.034848860950826226,count,TOTAL/COUNT,TOTAL/COUNT,False,0,1.0,PCU2,0.1464292726001304,0.011580039062500002,1.0117157074119756,0.0018883353960395925,0.011580039062500002,0.01643236328125,2,1536.0,53.914713541666664,std1_gof_recipe,19.562070917786322,0.13765052082995757,142.1140348749696,28.63055073104791,9.29500935863295,0.3246535299285436,0.13499757014625047,0,accepted,,True
70123-01-04-01,XTEJ1720-318,BH,7,0,52694.61398,3038.0,2,171.6999969482422,https://heasarc.gsfc.nasa.gov/FTP/xte/data/archive/AO7/P70123/70123-01-04-01/stdprod/,data\raw\spectra\70123-01-04-01\xp70123010401_s2.pha.gz,data\raw\spectra\70123-01-04-01\xp70123010401_b2.pha.gz,data\raw\spectra\70123-01-04-01\xp70123010401.rsp.gz,2003-02-24T14:08:00,52694.5888953985,3135.99999999992,3135.99999999992,23,2,1,XTE_J1720-318,0.034848860950826226,count,TOTAL/COUNT,TOTAL/COUNT,False,0,1.0,PCU2,0.14467292275936217,0.0155684055335097,1.0158146138553659,0.0019755915178571934,0.0155684055335097,0.02317748291446208,3,3024.0,84.54530423280424,std1_gof_recipe,23.4656760848525,0.0732322024460371,320.4283812458562,31.927929239318185,8.827576315872646,0.2764844612910811,0.06457988679487733,0,accepted,,True
70123-01-07-00,XTEJ1720-318,BH,8,0,52712.84054,3072.0,3,62.650001525878906,https://heasarc.gsfc.nasa.gov/FTP/xte/data/archive/AO7/P70123/70123-01-07-00/stdprod/,data\raw\spectra\70123-01-07-00\xp70123010700_s2.pha.gz,data\raw\spectra\70123-01-07-00\xp70123010700_b2.pha.gz,data\raw\spectra\70123-01-07-00\xp70123010700.rsp.gz,2003-03-14T19:41:20,52712.8203653059,3167.99999999969,3167.99999999969,234,3,1,XTE_J1720-318,8.537736462515945e-06,count,TOTAL/COUNT,TOTAL/COUNT,False,0,1.0,PCU2,0.14151362239757503,0.011484170193142363,1.011617588557369,0.0008521264730640566,0.011484170193142363,0.01733204616970486,4,3072.0,64.97639973958333,std1_gof_recipe,7.034542886147158,0.04502535617603372,156.23514134223626,15.57255282137555,8.618795822963868,0.5534606895751442,0.15329786807082552,0,accepted,,True
70123-01-08-00,XTEJ1720-318,BH,9,0,52723.70382,1554.0,1,40.31999969482422,https://heasarc.gsfc.nasa.gov/FTP/xte/data/archive/AO7/P70123/70123-01-08-00/stdprod/,data\raw\spectra\70123-01-08-00\xp70123010800_s2.pha.gz,data\raw\spectra\70123-01-08-00\xp70123010800_b2.pha.gz,data\raw\spectra\70123-01-08-00\xp70123010800.rsp.gz,2003-03-25T16:34:40,52723.6907703985,1744.00000000001,1744.00000000001,2,1,1,XTE_J1720-318,8.537736462515945e-06,count,TOTAL/COUNT,TOTAL/COUNT,False,0,1.0,PCU2,0.13958240956996093,0.011678170918367347,1.0118161620787218,0.000647614678899079,0.011678170918367347,0.017905723214285713,5,1568.0,69.19502551020409,std1_gof_recipe,8.252133869522948,0.10880423224338491,75.8438683806315,17.019912886966754,8.864148847213345,0.5208104710101775,0.3315865586478191,0,accepted,,True
70123-01-13-00,XTEJ1720-318,BH,10,0,52755.67648,2560.0,1,35.88999938964844,https://heasarc.gsfc.nasa.gov/FTP/xte/data/archive/AO7/P70123/70123-01-13-00/stdprod/,data\raw\spectra\70123-01-13-00\xp70123011300_s2.pha.gz,data\raw\spectra\70123-01-13-00\xp70123011300_b2.pha.gz,data\raw\spectra\70123-01-13-00\xp70123011300.rsp.gz,2003-04-26T15:30:24,52755.64619863924,2640.0,2640.0,2,1,1,XTE_J1720-318,8.537736462515945e-06,count,TOTAL/COUNT,TOTAL/COUNT,False,0,1.0,PCU2,0.1339659068247414,0.010240990885416667,1.0103469539464742,0.0006138068181818182,0.010240990885416667,0.015756678385416667,3,2560.0,61.28541666666666,std1_gof_recipe,23.015751590393414,0.11227168580617465,205.00049879118862,31.92465989981662,9.14461241168143,0.2864435342577904,0.5747357659095903,0,accepted,,True
70123-01-17-00,XTEJ1720-318,BH,11,0,52784.46554,3264.0,2,14.279999732971191,https://heasarc.gsfc.nasa.gov/FTP/xte/data/archive/AO7/P70123/70123-01-17-00/stdprod/,data\raw\spectra\70123-01-17-00\xp70123011700_s2.pha.gz,data\raw\spectra\70123-01-17-00\xp70123011700_b2.pha.gz,data\raw\spectra\70123-01-17-00\xp70123011700.rsp.gz,2003-05-25T10:36:16,52784.443779657755,3247.99999999989,3247.99999999989,23,2,2,XTE_J1720-318,8.537736462515945e-06,count,TOTAL/COUNT,TOTAL/COUNT,False,0,1.0,PCU2,0.12887371345335907,0.014108093185550083,1.0143099797128219,0.0003898091133005058,0.014108093185550083,0.0221031763136289,3,3248.0,88.83425697865353,std1_gof_recipe,9.69500326877345,0.058589912233818285,165.47222719984657,18.49254992852309,8.934324669299704,0.4831310286484242,0.6386853314740816,0,accepted,,True
70123-01-19-01,XTEJ1720-318,BH,12,0,52801.96945,1676.0,2,21.030000686645508,https://heasarc.gsfc.nasa.gov/FTP/xte/data/archive/AO7/P70123/70123-01-19-01/stdprod/,data\raw\spectra\70123-01-19-01\xp70123011901_s2.pha.gz,data\raw\spectra\70123-01-19-01\xp70123011901_b2.pha.gz,data\raw\spectra\70123-01-19-01\xp70123011901.rsp.gz,2003-06-11T23:00:32,52801.95869863924,1712.0,1712.0,23,2,1,XTE_J1720-318,8.537736462515945e-06,count,TOTAL/COUNT,TOTAL/COUNT,False,0,1.0,PCU2,0.1258896580798634,0.009731260912698414,1.009826888932864,0.00043104264018691593,0.009731260912698414,0.015071243055555556,3,1680.0,59.333134920634926,std1_gof_recipe,14.424998493387898,0.08524460963791138,169.21889319055052,22.390415621893748,8.105790552510282,0.36202054885413987,0.6004498813610709,0,accepted,,True
70123-01-22-01,XTEJ1720-318,BH,13,0,52822.59445,1664.0,1,21.93000030517578,https://heasarc.gsfc.nasa.gov/FTP/xte/data/archive/AO7/P70123/70123-01-22-01/stdprod/,data\raw\spectra\70123-01-22-01\xp70123012201_s2.pha.gz,data\raw\spectra\70123-01-22-01\xp70123012201_b2.pha.gz,data\raw\spectra\70123-01-22-01\xp70123012201.rsp.gz,2003-07-02T13:58:24,52822.5835366022,1664.0,1664.0,2,1,1,XTE_J1720-318,8.537736462515945e-06,count,TOTAL/COUNT,TOTAL/COUNT,False,0,1.0,PCU2,0.12220343393736499,0.012652417868589744,1.0128145529472778,0.0004695492788461539,0.012652417868589744,0.019713000801282056,3,1664.0,78.45092147435898,std1_gof_recipe,14.225503019003613,0.12624984103945083,112.67739350704129,23.102688153808042,9.05717214339175,0.3920397523912751,0.589997736536501,0,accepted,,True
70123-01-25-01,XTEJ1720-318,BH,14,0,52843.44992,1011.0,3,8.029999732971191,https://heasarc.gsfc.nasa.gov/FTP/xte/data/archive/AO7/P70123/70123-01-25-01/stdprod/,data\raw\spectra\70123-01-25-01\xp70123012501_s2.pha.gz,data\raw\spectra\70123-01-25-01\xp70123012501_b2.pha.gz,data\raw\spectra\70123-01-25-01\xp70123012501.rsp.gz,2003-07-23T10:38:08,52843.443143083685,1088.0,1088.0,123,3,1,XTE_J1720-318,8.537736462515945e-06,count,TOTAL/COUNT,TOTAL/COUNT,False,0,1.0,PCU1,0.5394383891551939,0.011198683268229167,1.0113255141136377,0.00031426776960784313,0.011198683268229167,0.017862923990885418,4,1024.0,74.047119140625,std1_gof_recipe,4.491680045805462,0.06365733524699052,70.56029015945671,13.232047294795954,8.790668151165695,0.6643467904337816,0.5559688465854289,0,accepted,,True
95358-01-03-00,MAXIJ1659-152,BH,0,0,55470.27804,3184.0,2,517.8099975585938,https://heasarc.gsfc.nasa.gov/FTP/xte/data/archive/AO14/P95358/95358-01-03-00/stdprod/,data\raw\spectra\95358-01-03-00\xp95358010300_s2.pha.gz,data\raw\spectra\95358-01-03-00\xp95358010300_b2.pha.gz,data\raw\spectra\95358-01-03-00\xp95358010300.rsp.gz,2010-10-01T05:50:08,55470.24314308366,3183.99999999991,3183.99999999991,24,2,1,MAXI_J1659-152,3.818191820832846e-06,count,TOTAL/COUNT,TOTAL/COUNT,False,0,1.0,PCU2,0.342345705310116,0.022815246545226132,1.0233479354488129,0.005358728015075529,0.022815246545226132,0.031944748743718596,2,3184.0,101.43891331658291,std1_gof_recipe,273.34503140448925,0.17597353599410348,1553.3303337931932,276.9624092427882,9.85381212170497,0.03557815715369161,0.4421368067248267,0,accepted,,True
95108-01-02-00,MAXIJ1659-152,BH,1,0,55470.46554,2016.0,1,524.5900268554688,https://heasarc.gsfc.nasa.gov/FTP/xte/data/archive/AO14/P95108/95108-01-02-00/stdprod/,data\raw\spectra\95108-01-02-00\xp95108010200_s2.pha.gz,data\raw\spectra\95108-01-02-00\xp95108010200_b2.pha.gz,data\raw\spectra\95108-01-02-00\xp95108010200.rsp.gz,2010-10-01T10:52:32,55470.45320095403,2016.00000000001,2016.00000000001,2,1,1,MAXI_J1659-152,3.818191820832846e-06,count,TOTAL/COUNT,TOTAL/COUNT,False,0,1.0,PCU2,0.342345705310116,0.01915976190476191,1.0195340292543151,0.00555574404761902,0.01915976190476191,0.02571824404761905,1,2016.0,72.87202380952381,std1_gof_recipe,294.22987291558655,0.3220477444044811,913.6219024283672,297.8809350750635,9.288436469807925,0.03118170844826748,0.46928332938680467,0,accepted,,True
95108-01-06-00,MAXIJ1659-152,BH,2,0,55472.48898,1723.0,2,570.969970703125,https://heasarc.gsfc.nasa.gov/FTP/xte/data/archive/AO14/P95108/95108-01-06-00/stdprod/,data\raw\spectra\95108-01-06-00\xp95108010600_s2.pha.gz,data\raw\spectra\95108-01-06-00\xp95108010600_b2.pha.gz,data\raw\spectra\95108-01-06-00\xp95108010600.rsp.gz,2010-10-03T11:30:24,55472.47943937995,1728.0,1728.0,23,2,1,MAXI_J1659-152,3.818191820832846e-06,count,TOTAL/COUNT,TOTAL/COUNT,False,0,1.0,PCU2,0.34269876252278664,0.020702326388888893,1.0211399730099942,0.006033726851851853,0.020702326388888893,0.02760349826388889,2,1728.0,76.6796875,std1_gof_recipe,297.37606631101687,0.249420025566397,1192.2702102035255,301.0140226905031,9.794332764500753,0.03253779567130366,0.4019033951449317,0,accepted,,True
95108-01-10-00,MAXIJ1659-152,BH,3,0,55473.7507,1107.0,1,547.9600219726562,https://heasarc.gsfc.nasa.gov/FTP/xte/data/archive/AO14/P95108/95108-01-10-00/stdprod/,data\raw\spectra\95108-01-10-00\xp95108011000_s2.pha.gz,data\raw\spectra\95108-01-10-00\xp95108011000_b2.pha.gz,data\raw\spectra\95108-01-10-00\xp95108011000.rsp.gz,2010-10-04T17:32:16,55473.73079354662,1184.0,1184.0,2,1,1,MAXI_J1659-152,3.818191820832846e-06,count,TOTAL/COUNT,TOTAL/COUNT,False,0,1.0,PCU2,0.3428719214366893,0.020125687500000003,1.0205390500018847,0.005807609797297298,0.020125687500000003,0.026887098214285716,1,1120.0,75.12678571428572,std1_gof_recipe,263.8203383692545,0.4031338485509943,654.4236841374599,268.35939841212945,9.848625729038755,0.03669938816122197,0.38418849650062487,0,accepted,,True
95108-01-13-00,MAXIJ1659-152,BH,4,0,55475.43038,2272.0,1,578.0599975585938,https://heasarc.gsfc.nasa.gov/FTP/xte/data/archive/AO14/P95108/95108-01-13-00/stdprod/,data\raw\spectra\95108-01-13-00\xp95108011300_s2.pha.gz,data\raw\spectra\95108-01-13-00\xp95108011300_b2.pha.gz,data\raw\spectra\95108-01-13-00\xp95108011300.rsp.gz,2010-10-06T10:01:36,55475.41777271329,2256.00000000001,2256.00000000001,2,1,2,MAXI_J1659-152,3.818191820832846e-06,count,TOTAL/COUNT,TOTAL/COUNT,False,0,1.0,PCU2,0.34322424276855656,0.02036309840425532,1.02078637337067,0.006116263297872315,0.02036309840425532,0.026861808510638296,1,2256.0,72.20789007092199,std1_gof_recipe,266.68920029420553,0.2942645449367786,906.2906316202738,271.17292652068744,9.914344655425039,0.03656096787622597,0.3619613766281793,0,accepted,,True
95108-01-17-00,MAXIJ1659-152,BH,5,0,55476.67648,1438.0,1,652.9299926757812,https://heasarc.gsfc.nasa.gov/FTP/xte/data/archive/AO14/P95108/95108-01-17-00/stdprod/,data\raw\spectra\95108-01-17-00\xp95108011700_s2.pha.gz,data\raw\spectra\95108-01-17-00\xp95108011700_b2.pha.gz,data\raw\spectra\95108-01-17-00\xp95108011700.rsp.gz,2010-10-07T16:02:24,55476.668339842916,1488.0,1488.0,2,1,1,MAXI_J1659-152,3.818191820832846e-06,count,TOTAL/COUNT,TOTAL/COUNT,False,0,1.0,PCU2,0.34339890670382545,0.019503944444444445,1.019891915254461,0.006859045698924732,0.019503944444444445,0.025807350694444446,2,1440.0,70.03784722222223,std1_gof_recipe,294.290131866412,0.37948985621186015,775.4887964702721,298.1906183847677,9.6403049008263,0.03232933669424507,0.3499283118839435,0,accepted,,True
95108-01-22-00,MAXIJ1659-152,BH,6,0,55479.16085,3248.0,1,531.1799926757812,https://heasarc.gsfc.nasa.gov/FTP/xte/data/archive/AO14/P95108/95108-01-22-00/stdprod/,data\raw\spectra\95108-01-22-00\xp95108012200_s2.pha.gz,data\raw\spectra\95108-01-22-00\xp95108012200_b2.pha.gz,data\raw\spectra\95108-01-22-00\xp95108012200.rsp.gz,2010-10-10T03:08:48,55479.131106046625,3248.00000000001,3248.00000000001,2,1,1,MAXI_J1659-152,3.818191820832846e-06,count,TOTAL/COUNT,TOTAL/COUNT,False,0,1.0,PCU2,0.34392516308226107,0.02050657327586207,1.02093589677722,0.005629491995073875,0.02050657327586207,0.02845263392857143,2,3248.0,88.28956280788178,std1_gof_recipe,246.14060805503252,0.2356697655230364,1044.4301478755985,250.65132557617167,9.55821793638495,0.03813352239176671,0.3727095810546832,0,accepted,,True
95108-01-28-00,MAXIJ1659-152,BH,7,0,55482.42257,2646.0,2,660.2999877929688,https://heasarc.gsfc.nasa.gov/FTP/xte/data/archive/AO14/P95108/95108-01-28-00/stdprod/,data\raw\spectra\95108-01-28-00\xp95108012800_s2.pha.gz,data\raw\spectra\95108-01-28-00\xp95108012800_b2.pha.gz,data\raw\spectra\95108-01-28-00\xp95108012800.rsp.gz,2010-10-13T09:47:28,55482.407957898475,2656.0,2656.0,24,2,1,MAXI_J1659-152,3.818191820832846e-06,count,TOTAL/COUNT,TOTAL/COUNT,False,0,1.0,PCU2,0.34445068784702926,0.02163542545180723,1.0221138684030935,0.006799945406626507,0.02163542545180723,0.028253458207831324,2,2656.0,73.53369728915662,std1_gof_recipe,286.3918062471395,0.19942891563452952,1436.0595871261562,291.2176941993423,11.022096526271213,0.037848306424425035,0.33611206237078606,0,accepted,,True
95118-01-03-00,MAXIJ1659-152,BH,8,0,55486.80538,2302.0,1,348.54998779296875,https://heasarc.gsfc.nasa.gov/FTP/xte/data/archive/AO14/P95118/95118-01-03-00/stdprod/,data\raw\spectra\95118-01-03-00\xp95118010300_s2.pha.gz,data\raw\spectra\95118-01-03-00\xp95118010300_b2.pha.gz,data\raw\spectra\95118-01-03-00\xp95118010300.rsp.gz,2010-10-17T19:01:04,55486.79240234292,2304.0,2304.0,2,1,1,MAXI_J1659-152,3.818191820832846e-06,count,TOTAL/COUNT,TOTAL/COUNT,False,0,1.0,PCU2,0.3451539174738869,0.020578867187500002,1.0210112550138732,0.0037892274305555557,0.020578867187500002,0.029537968749999997,1,2304.0,99.54557291666667,std1_gof_recipe,122.2292878658998,0.20553692560098302,594.6828654194642,129.39464543176368,9.680697847278951,0.07481528941925245,0.2929786703826393,0,accepted,,True
95118-01-05-01,MAXIJ1659-152,BH,9,0,55488.89132,2151.0,1,311.3900146484375,https://heasarc.gsfc.nasa.gov/FTP/xte/data/archive/AO14/P95118/95118-01-05-01/stdprod/,data\raw\spectra\95118-01-05-01\xp95118010501_s2.pha.gz,data\raw\spectra\95118-01-05-01\xp95118010501_b2.pha.gz,data\raw\spectra\95118-01-05-01\xp95118010501.rsp.gz,2010-10-19T20:52:32,55488.87212456514,2240.0,2240.0,2,1,1,MAXI_J1659-152,3.818191820832846e-06,count,TOTAL/COUNT,TOTAL/COUNT,False,0,1.0,PCU2,0.34550404315501737,0.019548066697761195,1.0199378123840521,0.003419169642857143,0.019548066697761195,0.02871883162313433,2,2144.0,101.8973880597015,std1_gof_recipe,111.09369450142727,0.19969684889156533,556.3117050572528,118.8243420408922,9.902314489279526,0.0833357401286661,0.3114598805881018,0,accepted,,True
95118-01-07-00,MAXIJ1659-152,BH,10,0,55490.72335,3007.0,1,416.8399963378906,https://heasarc.gsfc.nasa.gov/FTP/xte/data/archive/AO14/P95118/95118-01-07-00/stdprod/,data\raw\spectra\95118-01-07-00\xp95118010700_s2.pha.gz,data\raw\spectra\95118-01-07-00\xp95118010700_b2.pha.gz,data\raw\spectra\95118-01-07-00\xp95118010700.rsp.gz,2010-10-21T16:56:32,55490.70593243551,3056.00000000001,3056.00000000001,2,1,2,MAXI_J1659-152,3.818191820832846e-06,count,TOTAL/COUNT,TOTAL/COUNT,False,0,1.0,PCU2,0.34585718189631365,0.02169091243315508,1.0221718398702628,0.004481953534031399,0.02169091243315508,0.030816407085561496,1,2992.0,101.39438502673796,std1_gof_recipe,181.86502068916693,0.21172419549944796,858.9713625320688,187.6430148303533,9.722812379609058,0.05181547732218746,0.3584347437920797,0,accepted,,True
95118-01-13-00,MAXIJ1659-152,BH,11,0,55496.53195,2184.0,2,224.0200042724609,https://heasarc.gsfc.nasa.gov/FTP/xte/data/archive/AO14/P95118/95118-01-13-00/stdprod/,data\raw\spectra\95118-01-13-00\xp95118011300_s2.pha.gz,data\raw\spectra\95118-01-13-00\xp95118011300_b2.pha.gz,data\raw\spectra\95118-01-13-00\xp95118011300.rsp.gz,2010-10-27T12:26:24,55496.52117549106,2176.0,2176.0,24,2,1,MAXI_J1659-152,3.818191820832846e-06,count,TOTAL/COUNT,TOTAL/COUNT,False,0,1.0,PCU2,0.34690839078354685,0.01657832950367647,1.0168578037285974,0.0024600505514705885,0.01657832950367647,0.02438762867647059,2,2176.0,86.76999080882354,std1_gof_recipe,81.33789262579306,0.12433620637875842,654.1770494269223,89.52709446159764,9.537648220889603,0.10653365082657458,0.345963440794852,0,accepted,,True
95118-01-16-00,MAXIJ1659-152,BH,12,0,55500.32101,1349.0,2,187.5200042724609,https://heasarc.gsfc.nasa.gov/FTP/xte/data/archive/AO14/P95118/95118-01-16-00/stdprod/,data\raw\spectra\95118-01-16-00\xp95118011600_s2.pha.gz,data\raw\spectra\95118-01-16-00\xp95118011600_b2.pha.gz,data\raw\spectra\95118-01-16-00\xp95118011600.rsp.gz,2010-10-31T07:27:44,55500.31097873181,1360.0,1360.0,23,2,2,MAXI_J1659-152,3.818191820832846e-06,count,TOTAL/COUNT,TOTAL/COUNT,False,0,1.0,PCU2,0.34760800299686423,0.014866793154761908,1.0150911501626982,0.002132268382352941,0.014866793154761908,0.022065186011904762,2,1344.0,79.98214285714286,std1_gof_recipe,81.40909993278147,0.15577418289428246,522.6097060514224,88.92897079713313,8.730163113967675,0.09817006804096642,0.3723185573022555,0,accepted,,True
95118-01-16-01,MAXIJ1659-152,BH,13,0,55501.23507,1403.0,1,184.16000366210935,https://heasarc.gsfc.nasa.gov/FTP/xte/data/archive/AO14/P95118/95118-01-16-01/stdprod/,data\raw\spectra\95118-01-16-01\xp95118011601_s2.pha.gz,data\raw\spectra\95118-01-16-01\xp95118011601_b2.pha.gz,data\raw\spectra\95118-01-16-01\xp95118011601.rsp.gz,2010-11-01T05:25:36,55501.22614076884,1408.0,1408.0,2,1,1,MAXI_J1659-152,3.818191820832846e-06,count,TOTAL/COUNT,TOTAL/COUNT,False,0,1.0,PCU2,0.34778496298751094,0.012743490767045455,1.0129079835360584,0.002110184659090909,0.012743490767045455,0.018508444602272724,2,1408.0,64.05504261363636,std1_gof_recipe,89.99447789781952,0.22470023530752345,400.5090505341643,97.91129959920518,9.063665499561573,0.09257016847558164,0.43559569454296543,0,accepted,,True
95118-01-19-00,MAXIJ1659-152,BH,14,0,55505.03585,2293.0,2,121.16000366210938,https://heasarc.gsfc.nasa.gov/FTP/xte/data/archive/AO14/P95118/95118-01-19-00/stdprod/,data\raw\spectra\95118-01-19-00\xp95118011900_s2.pha.gz,data\raw\spectra\95118-01-19-00\xp95118011900_b2.pha.gz,data\raw\spectra\95118-01-19-00\xp95118011900.rsp.gz,2010-11-05T00:25:52,55505.018015768845,2320.0,2320.0,23,2,1,MAXI_J1659-152,3.818191820832846e-06,count,TOTAL/COUNT,TOTAL/COUNT,False,0,1.0,PCU2,0.34848835736307393,0.013869370629370631,1.014064435497985,0.0014777349137931035,0.013869370629370631,0.021166667395104893,2,2288.0,81.08107517482517,std1_gof_recipe,78.06402156348179,0.11545931341312564,676.1171468616002,86.12711127529938,9.145788559700716,0.10618942658446806,0.6079452088815659,0,accepted,,True
91423-01-02-00,SWIFTJ1753.5-0127,BH,0,0,53563.07882,3232.0,1,522.1699829101562,https://heasarc.gsfc.nasa.gov/FTP/xte/data/archive/AO10/P91423/91423-01-02-00/stdprod/,data\raw\spectra\91423-01-02-00\xp91423010200_s2.pha.gz,data\raw\spectra\91423-01-02-00\xp91423010200_b2.pha.gz,data\raw\spectra\91423-01-02-00\xp91423010200.rsp.gz,2005-07-12T01:13:20,53563.05096715776,3232.00000000001,3232.00000000001,2,1,1,SWIFT_J1753.5-0127,0.014236818002234693,count,TOTAL/COUNT,TOTAL/COUNT,False,0,1.0,PCU2,0.007902616921562355,0.016836236592409244,1.0171245495603458,0.0055329702970296855,0.016836236592409244,0.02293400577557756,3,3232.0,67.7529909240924,std1_gof_recipe,341.12570516999136,0.33461310248573484,1019.4630832919466,344.68678062295857,9.304348532961813,0.02699363322302613,0.6317548458388372,0,accepted,,True
91423-01-06-06,SWIFTJ1753.5-0127,BH,1,0,53591.79367,1344.0,1,202.6699981689453,https://heasarc.gsfc.nasa.gov/FTP/xte/data/archive/AO10/P91423/91423-01-06-06/stdprod/,data\raw\spectra\91423-01-06-06\xp91423010606_s2.pha.gz,data\raw\spectra\91423-01-06-06\xp91423010606_b2.pha.gz,data\raw\spectra\91423-01-06-06\xp91423010606.rsp.gz,2005-08-09T18:44:32,53591.781071324425,1344.0,1344.0,2,1,1,SWIFT_J1753.5-0127,0.014236818002234693,count,TOTAL/COUNT,TOTAL/COUNT,False,0,1.0,PCU2,0.012814775953309265,0.012291770833333335,1.012444738709633,0.002290215773809524,0.012291770833333335,0.017362775297619048,2,1344.0,56.34449404761905,std1_gof_recipe,136.224983719616,0.3374413028226032,403.699791875303,143.4424093590203,8.891871921060375,0.06198914226827447,0.6850376646154318,0,accepted,,True
92404-01-01-00,SWIFTJ1753.5-0127,BH,2,0,53799.6257,1253.0,1,44.9900016784668,https://heasarc.gsfc.nasa.gov/FTP/xte/data/archive/AO11/P92404/92404-01-01-00/stdprod/,data\raw\spectra\92404-01-01-00\xp92404010100_s2.pha.gz,data\raw\spectra\92404-01-01-00\xp92404010100_b2.pha.gz,data\raw\spectra\92404-01-01-00\xp92404010100.rsp.gz,2006-03-05T14:50:24,53799.61838613923,1296.0,1296.0,2,1,1,SWIFT_J1753.5-0127,0.014236818002234693,count,TOTAL/COUNT,TOTAL/COUNT,False,0,1.0,PCU2,0.04928205899903304,0.01230529667721519,1.0124586034893353,0.0007056944444444444,0.01230529667721519,0.018902745253164557,2,1264.0,73.30498417721519,std1_gof_recipe,30.22557113825212,0.18716894036576798,161.48817789524756,38.995788610428114,9.142152092270459,0.23443947200559234,0.6550377625475087,0,accepted,,True
93105-01-12-00,SWIFTJ1753.5-0127,BH,3,0,54310.4382,3184.0,1,86.5,https://heasarc.gsfc.nasa.gov/FTP/xte/data/archive/AO12/P93105/93105-01-12-00/stdprod/,data\raw\spectra\93105-01-12-00\xp93105011200_s2.pha.gz,data\raw\spectra\93105-01-12-00\xp93105011200_b2.pha.gz,data\raw\spectra\93105-01-12-00\xp93105011200.rsp.gz,2007-07-29T09:45:20,54310.40655743552,3184.0,3184.0,2,1,1,SWIFT_J1753.5-0127,1.1000103948581645e-05,count,TOTAL/COUNT,TOTAL/COUNT,False,0,1.0,PCU2,0.13889113967648825,0.015568308207705193,1.0158145134268899,0.0011349152010050251,0.015568308207705193,0.023787742881072025,3,3184.0,91.32705192629815,std1_gof_recipe,58.28557987541288,0.14088666507743713,413.70544077664636,66.86137088001692,9.483198876169293,0.1418337487154869,0.687366207568658,0,accepted,,True
93105-01-29-00,SWIFTJ1753.5-0127,BH,4,0,54433.15304,3128.0,1,67.08999633789062,https://heasarc.gsfc.nasa.gov/FTP/xte/data/archive/AO12/P93105/93105-01-29-00/stdprod/,data\raw\spectra\93105-01-29-00\xp93105012900_s2.pha.gz,data\raw\spectra\93105-01-29-00\xp93105012900_b2.pha.gz,data\raw\spectra\93105-01-29-00\xp93105012900.rsp.gz,2007-11-29T03:10:08,54433.13203197256,3152.0,3152.0,2,1,1,SWIFT_J1753.5-0127,1.1000103948581645e-05,count,TOTAL/COUNT,TOTAL/COUNT,False,0,1.0,PCU2,0.1604601618099295,0.011552541454081633,1.011687562504411,0.0009401967005076143,0.011552541454081633,0.017341828762755102,2,3136.0,64.32541454081633,std1_gof_recipe,45.33035152212423,0.1265968948615995,358.06843107551003,54.27659019133675,9.469919434299957,0.17447520931061508,0.6909381171795299,0,accepted,,True
93105-01-51-00,SWIFTJ1753.5-0127,BH,5,0,54653.61398,3216.0,1,114.30999755859376,https://heasarc.gsfc.nasa.gov/FTP/xte/data/archive/AO12/P93105/93105-01-51-00/stdprod/,data\raw\spectra\93105-01-51-00\xp93105015100_s2.pha.gz,data\raw\spectra\93105-01-51-00\xp93105015100_b2.pha.gz,data\raw\spectra\93105-01-51-00\xp93105015100.rsp.gz,2008-07-06T14:14:08,54653.59314308367,3216.00000000001,3216.00000000001,2,1,1,SWIFT_J1753.5-0127,1.1000103948581645e-05,count,TOTAL/COUNT,TOTAL/COUNT,False,0,1.0,PCU2,0.19904513818428882,0.015132356965174131,1.0153648635653665,0.0014189738805970107,0.015132356965174131,0.02277474502487562,2,3216.0,84.91542288557214,std1_gof_recipe,76.5699670313019,0.1496351160280895,511.7112150127126,84.96020399014624,9.54892103277363,0.11239286847617647,0.6815647058069199,0,accepted,,True
93105-02-21-00,SWIFTJ1753.5-0127,BH,6,0,54905.83273,3184.0,2,134.00999450683594,https://heasarc.gsfc.nasa.gov/FTP/xte/data/archive/AO12/P93105/93105-02-21-00/stdprod/,data\raw\spectra\93105-02-21-00\xp93105022100_s2.pha.gz,data\raw\spectra\93105-02-21-00\xp93105022100_b2.pha.gz,data\raw\spectra\93105-02-21-00\xp93105022100.rsp.gz,2009-03-15T19:25:36,54905.80952039847,3215.9999999999,3215.9999999999,24,2,1,SWIFT_J1753.5-0127,1.1000103948581645e-05,count,TOTAL/COUNT,TOTAL/COUNT,False,0,1.0,PCU2,0.24324205406077226,0.0154465390625,1.0156888779282658,0.0015777798507463179,0.0154465390625,0.023455807812499996,2,3200.0,88.991875,std1_gof_recipe,85.36547402743379,0.10782903241288351,791.6743025251727,93.67249697726989,9.625624078989715,0.10275827366196315,0.6332001355276229,0,accepted,,True
93105-02-33-00,SWIFTJ1753.5-0127,BH,7,0,54991.72726,3200.0,2,91.81999969482422,https://heasarc.gsfc.nasa.gov/FTP/xte/data/archive/AO12/P93105/93105-02-33-00/stdprod/,data\raw\spectra\93105-02-33-00\xp93105023300_s2.pha.gz,data\raw\spectra\93105-02-33-00\xp93105023300_b2.pha.gz,data\raw\spectra\93105-02-33-00\xp93105023300.rsp.gz,2009-06-09T16:46:56,54991.69925419477,3199.9999999999,3199.9999999999,24,2,1,SWIFT_J1753.5-0127,1.1000103948581645e-05,count,TOTAL/COUNT,TOTAL/COUNT,False,0,1.0,PCU2,0.25832672664937917,0.012921262499999999,1.0130904070861926,0.0011563671875000363,0.012921262499999999,0.0196615453125,2,3200.0,74.89203125,std1_gof_recipe,59.226677346085474,0.09200104950980241,643.7608881817708,67.8445966197987,9.383202718704794,0.1383043482635513,0.6653209292626772,0,accepted,,True
95105-01-05-00,SWIFTJ1753.5-0127,BH,8,0,55262.82882,3200.0,1,78.2699966430664,https://heasarc.gsfc.nasa.gov/FTP/xte/data/archive/AO14/P95105/95105-01-05-00/stdprod/,data\raw\spectra\95105-01-05-00\xp95105010500_s2.pha.gz,data\raw\spectra\95105-01-05-00\xp95105010500_b2.pha.gz,data\raw\spectra\95105-01-05-00\xp95105010500.rsp.gz,2010-03-07T19:15:28,55262.80240234292,3199.99999999999,3199.99999999999,2,1,1,SWIFT_J1753.5-0127,1.1000103948581645e-05,count,TOTAL/COUNT,TOTAL/COUNT,False,0,1.0,PCU2,0.30586183741609574,0.0159954125,1.0162554247238202,0.0010570218750000034,0.0159954125,0.024557703124999997,1,3200.0,95.1365625,std1_gof_recipe,35.95229121884904,0.10738550078822943,334.7965130762773,45.02857892419703,9.651359433713605,0.21433853042444673,0.4764760091047788,0,accepted,,True
95105-01-15-01,SWIFTJ1753.5-0127,BH,9,0,55332.59835,1664.0,2,82.98999786376953,https://heasarc.gsfc.nasa.gov/FTP/xte/data/archive/AO14/P95105/95105-01-15-01/stdprod/,data\raw\spectra\95105-01-15-01\xp95105011501_s2.pha.gz,data\raw\spectra\95105-01-15-01\xp95105011501_b2.pha.gz,data\raw\spectra\95105-01-15-01\xp95105011501.rsp.gz,2010-05-16T14:00:48,55332.58390697255,1776.00000000001,1776.00000000001,24,2,1,SWIFT_J1753.5-0127,1.1000103948581645e-05,count,TOTAL/COUNT,TOTAL/COUNT,False,0,1.0,PCU2,0.31813915047116126,0.013157764423076925,1.0133331995213852,0.0010690962837837778,0.013157764423076925,0.02017067908653846,2,1664.0,77.92127403846153,std1_gof_recipe,43.05608453194243,0.1072813240747346,401.3381164269429,51.92005486758434,9.4304921528933,0.18163486492733108,0.47469220150553665,0,accepted,,True
95105-01-21-00,SWIFTJ1753.5-0127,BH,10,0,55375.10617,1766.0,1,90.3000030517578,https://heasarc.gsfc.nasa.gov/FTP/xte/data/archive/AO14/P95105/95105-01-21-00/stdprod/,data\raw\spectra\95105-01-21-00\xp95105012100_s2.pha.gz,data\raw\spectra\95105-01-21-00\xp95105012100_b2.pha.gz,data\raw\spectra\95105-01-21-00\xp95105012100.rsp.gz,2010-06-28T01:56:00,55375.08060836144,1856.0,1856.0,2,1,1,SWIFT_J1753.5-0127,1.1000103948581645e-05,count,TOTAL/COUNT,TOTAL/COUNT,False,0,1.0,PCU2,0.32568257088402675,0.011638133445945945,1.0117751744981043,0.0011651400862068967,0.011638133445945945,0.01759893581081081,2,1776.0,66.23113738738739,std1_gof_recipe,57.575547445256,0.16299783629418219,353.228906311016,66.07721636819493,9.171740827330202,0.13880337779702315,0.6031167678559762,0,accepted,,True
95105-01-37-01,SWIFTJ1753.5-0127,BH,11,0,55488.12179,2048.0,1,92.0,https://heasarc.gsfc.nasa.gov/FTP/xte/data/archive/AO14/P95105/95105-01-37-01/stdprod/,data\raw\spectra\95105-01-37-01\xp95105013701_s2.pha.gz,data\raw\spectra\95105-01-37-01\xp95105013701_b2.pha.gz,data\raw\spectra\95105-01-37-01\xp95105013701.rsp.gz,2010-10-19T02:18:40,55488.09629123181,2160.0,2160.0,2,1,1,SWIFT_J1753.5-0127,1.1000103948581645e-05,count,TOTAL/COUNT,TOTAL/COUNT,False,0,1.0,PCU2,0.34550404315501737,0.0132031982421875,1.0133798551218125,0.0011886805555555557,0.0132031982421875,0.02060651123046875,2,2048.0,82.259033203125,std1_gof_recipe,60.52271471461309,0.15293124524963897,395.75114042796275,69.14287481493928,9.419253500858582,0.13622883812785033,0.6455496780748772,0,accepted,,True
96105-01-03-00,SWIFTJ1753.5-0127,BH,12,0,55646.70773,2552.0,2,95.7699966430664,https://heasarc.gsfc.nasa.gov/FTP/xte/data/archive/AO15/P96105/96105-01-03-00/stdprod/,data\raw\spectra\96105-01-03-00\xp96105010300_s2.pha.gz,data\raw\spectra\96105-01-03-00\xp96105010300_b2.pha.gz,data\raw\spectra\96105-01-03-00\xp96105010300.rsp.gz,2011-03-26T16:30:24,55646.687853731804,2624.0,2624.0,24,2,1,SWIFT_J1753.5-0127,1.1000103948581645e-05,count,TOTAL/COUNT,TOTAL/COUNT,False,0,1.0,PCU2,0.3732216125425154,0.012281181210691824,1.0124338839931646,0.0012166806402439025,0.012281181210691824,0.018118852201257862,2,2544.0,64.86301100628931,std1_gof_recipe,58.95403872149641,0.09695600314788892,608.0493915531217,68.30017630592334,10.070162817067779,0.14743977778274697,0.6002032288484834,0,accepted,,True
96105-01-26-01,SWIFTJ1753.5-0127,BH,13,0,55811.73507,1133.0,1,62.40999984741211,https://heasarc.gsfc.nasa.gov/FTP/xte/data/archive/AO15/P96105/96105-01-26-01/stdprod/,data\raw\spectra\96105-01-26-01\xp96105012601_s2.pha.gz,data\raw\spectra\96105-01-26-01\xp96105012601_b2.pha.gz,data\raw\spectra\96105-01-26-01\xp96105012601.rsp.gz,2011-09-07T17:23:28,55811.72464771329,1120.0,1120.0,2,1,1,SWIFT_J1753.5-0127,1.1000103948581645e-05,count,TOTAL/COUNT,TOTAL/COUNT,False,0,1.0,PCU2,0.4021677189845221,0.011841848214285716,1.0119837580582483,0.0008728928571428571,0.011841848214285716,0.018015687500000002,1,1120.0,68.59821428571429,std1_gof_recipe,41.671082953049456,0.17942373023416666,232.24956307989112,50.04595259462193,8.868332280827406,0.17720378614154744,0.6626501765387516,0,accepted,,True
96105-01-32-00,SWIFTJ1753.5-0127,BH,14,0,55848.71945,1280.0,1,82.55000305175781,https://heasarc.gsfc.nasa.gov/FTP/xte/data/archive/AO15/P96105/96105-01-32-00/stdprod/,data\raw\spectra\96105-01-32-00\xp96105013200_s2.pha.gz,data\raw\spectra\96105-01-32-00\xp96105013200_b2.pha.gz,data\raw\spectra\96105-01-32-00\xp96105013200.rsp.gz,2011-10-14T16:57:36,55848.70666160218,1344.0,1344.0,2,1,1,SWIFT_J1753.5-0127,1.1000103948581645e-05,count,TOTAL/COUNT,TOTAL/COUNT,False,0,1.0,PCU2,0.40865995944641753,0.017485062500000002,1.0177962307061617,0.0011100967261904763,0.017485062500000002,0.02686668359375,2,1280.0,104.240234375,std1_gof_recipe,55.07237200831,0.1845347369115453,298.43905234334466,64.04831019045415,9.938882048732683,0.15517789648436328,0.6575976705246801,0,accepted,,True
70408-01-01-01,XTEJ1908+094,BH,0,0,52403.97726,1160.0,1,11.550000190734863,https://heasarc.gsfc.nasa.gov/FTP/xte/data/archive/AO7/P70408/70408-01-01-01/stdprod/,data\raw\spectra\70408-01-01-01\xp70408010101_s2.pha.gz,data\raw\spectra\70408-01-01-01\xp70408010101_b2.pha.gz,data\raw\spectra\70408-01-01-01\xp70408010101.rsp.gz,2002-05-09T22:59:28,52403.95806206516,1248.0,1248.0,2,1,1,XTE_J1908+094,1.1891690845819462e-05,count,TOTAL/COUNT,TOTAL/COUNT,False,0,1.0,PCU2,0.19575975110884514,0.015451823630136986,1.015694329643786,0.00039203525641025647,0.015451823630136986,0.023851720890410957,2,1168.0,93.33219178082192,std1_gof_recipe,3.529142800415257,0.11645685388135171,30.304294533070674,13.461492099908716,9.986880991611045,0.7418851430057124,0.4167296758317023,1,accepted,,True
70408-01-04-01,XTEJ1908+094,BH,1,0,52424.15695,1468.0,1,10.56999969482422,https://heasarc.gsfc.nasa.gov/FTP/xte/data/archive/AO7/P70408/70408-01-04-01/stdprod/,data\raw\spectra\70408-01-04-01\xp70408010401_s2.pha.gz,data\raw\spectra\70408-01-04-01\xp70408010401_b2.pha.gz,data\raw\spectra\70408-01-04-01\xp70408010401.rsp.gz,2002-05-30T03:28:32,52424.144809750345,1472.0,1472.0,2,1,1,XTE_J1908+094,1.1891690845819462e-05,count,TOTAL/COUNT,TOTAL/COUNT,False,0,1.0,PCU2,0.19207418729428127,0.010219601449275363,1.0103251200612169,0.0003518478260869565,0.010219601449275363,0.01573362998188406,3,1472.0,61.26698369565218,std1_gof_recipe,5.38792645768687,0.10702909901816544,50.340762531995225,14.312231656020197,8.979367659368894,0.6273911626906818,0.43105114579452264,0,accepted,,True
70408-01-05-00,XTEJ1908+094,BH,2,0,52425.45382,1632.0,2,10.539999961853027,https://heasarc.gsfc.nasa.gov/FTP/xte/data/archive/AO7/P70408/70408-01-05-00/stdprod/,data\raw\spectra\70408-01-05-00\xp70408010500_s2.pha.gz,data\raw\spectra\70408-01-05-00\xp70408010500_b2.pha.gz,data\raw\spectra\70408-01-05-00\xp70408010500.rsp.gz,2002-05-31T10:37:36,52425.44286530591,1632.0,1632.0,23,2,1,XTE_J1908+094,1.1891690845819462e-05,count,TOTAL/COUNT,TOTAL/COUNT,False,0,1.0,PCU2,0.1918969807862041,0.011831095792483662,1.0119727465032629,0.0003408302696078432,0.011831095792483662,0.01834877961601307,3,1632.0,72.41870915032679,std1_gof_recipe,5.799587167988955,0.07159984737514358,80.99999344415258,14.35506867880845,8.624096982160832,0.6007701652373202,0.43545886220502755,0,accepted,,True
70408-01-08-00,XTEJ1908+094,BH,3,0,52450.61007,1152.0,2,7.599999904632568,https://heasarc.gsfc.nasa.gov/FTP/xte/data/archive/AO7/P70408/70408-01-08-00/stdprod/,data\raw\spectra\70408-01-08-00\xp70408010800_s2.pha.gz,data\raw\spectra\70408-01-08-00\xp70408010800_b2.pha.gz,data\raw\spectra\70408-01-08-00\xp70408010800.rsp.gz,2002-06-25T14:18:40,52450.59633752813,1264.0,1264.0,23,2,1,XTE_J1908+094,1.1891690845819462e-05,count,TOTAL/COUNT,TOTAL/COUNT,False,0,1.0,PCU2,0.1875079815490892,0.011502602719907409,1.0116364522067105,0.0003167405063291139,0.011502602719907409,0.017993670428240738,3,1152.0,72.12297453703704,std1_gof_recipe,4.98784621845524,0.08043720505666353,62.00919356834415,13.691849119893561,8.761376114917208,0.6398972146273051,0.6263011280368451,0,accepted,,True
70408-01-09-00,XTEJ1908+094,BH,4,0,52454.14913,1020.0,3,7.46999979019165,https://heasarc.gsfc.nasa.gov/FTP/xte/data/archive/AO7/P70408/70408-01-09-00/stdprod/,data\raw\spectra\70408-01-09-00\xp70408010900_s2.pha.gz,data\raw\spectra\70408-01-09-00\xp70408010900_b2.pha.gz,data\raw\spectra\70408-01-09-00\xp70408010900.rsp.gz,2002-06-29T03:13:20,52454.13430049109,1056.0,1056.0,234,3,1,XTE_J1908+094,1.1891690845819462e-05,count,TOTAL/COUNT,TOTAL/COUNT,False,0,1.0,PCU2,0.1868081731824347,0.013053946759259258,1.0132266061720347,0.0003180650252525253,0.013053946759259258,0.020346156580687832,4,1008.0,81.02455357142857,std1_gof_recipe,4.871603123681039,0.07284548844831602,66.87583853785878,13.904640309482398,9.096630833610133,0.6542154727588747,0.59393758160407,0,accepted,,True
70408-01-11-00,XTEJ1908+094,BH,5,0,52468.87179,1476.0,2,5.820000171661377,https://heasarc.gsfc.nasa.gov/FTP/xte/data/archive/AO7/P70408/70408-01-11-00/stdprod/,data\raw\spectra\70408-01-11-00\xp70408011100_s2.pha.gz,data\raw\spectra\70408-01-11-00\xp70408011100_b2.pha.gz,data\raw\spectra\70408-01-11-00\xp70408011100.rsp.gz,2002-07-13T20:41:52,52468.8626453985,1552.0,1552.0,23,2,1,XTE_J1908+094,1.1891690845819462e-05,count,TOTAL/COUNT,TOTAL/COUNT,False,0,1.0,PCU2,0.18434774726613057,0.009628058915770609,1.0097216596274226,0.00029766752577319586,0.009628058915770609,0.014894933915770608,3,1488.0,58.520833333333336,std1_gof_recipe,4.014713297548251,0.07102201329335017,56.52773149313342,12.72863025396244,8.75257085257291,0.6876286511542138,0.4942439193322641,1,accepted,,True
70408-01-12-00,XTEJ1908+094,BH,6,0,52474.15304,1080.0,1,5.659999847412109,https://heasarc.gsfc.nasa.gov/FTP/xte/data/archive/AO7/P70408/70408-01-12-00/stdprod/,data\raw\spectra\70408-01-12-00\xp70408011200_s2.pha.gz,data\raw\spectra\70408-01-12-00\xp70408011200_b2.pha.gz,data\raw\spectra\70408-01-12-00\xp70408011200.rsp.gz,2002-07-19T03:28:32,52474.144913917014,1136.0,1136.0,2,1,1,XTE_J1908+094,1.1891690845819462e-05,count,TOTAL/COUNT,TOTAL/COUNT,False,0,1.0,PCU2,0.18329403222035268,0.010171686580882354,1.010276212998744,0.00029935739436619724,0.010171686580882354,0.015677238051470588,2,1088.0,61.17279411764706,std1_gof_recipe,3.694797460029461,0.11741980082137021,31.466562148664572,12.558205302247117,8.900990163960918,0.708778838196586,0.4587239700787225,0,accepted,,True
70408-01-12-01,XTEJ1908+094,BH,7,0,52478.75851,1872.0,2,5.059999942779541,https://heasarc.gsfc.nasa.gov/FTP/xte/data/archive/AO7/P70408/70408-01-12-01/stdprod/,data\raw\spectra\70408-01-12-01\xp70408011201_s2.pha.gz,data\raw\spectra\70408-01-12-01\xp70408011201_b2.pha.gz,data\raw\spectra\70408-01-12-01\xp70408011201.rsp.gz,2002-07-23T17:54:40,52478.7463953985,1872.00000000001,1872.00000000001,23,2,1,XTE_J1908+094,1.1891690845819462e-05,count,TOTAL/COUNT,TOTAL/COUNT,False,0,1.0,PCU2,0.18259400533784031,0.009708300391737892,1.0098034754765473,0.00030662660256410094,0.009708300391737892,0.014969229878917379,3,1872.0,58.454772079772084,std1_gof_recipe,3.8007349148872063,0.0658409482276803,57.72600512593063,13.004504848944855,9.240668610320741,0.7105744292194639,0.5697797619405544,0,accepted,,True
70408-01-15-00,XTEJ1908+094,BH,8,0,52523.9382,1134.0,1,6.400000095367432,https://heasarc.gsfc.nasa.gov/FTP/xte/data/archive/AO7/P70408/70408-01-15-00/stdprod/,data\raw\spectra\70408-01-15-00\xp70408011500_s2.pha.gz,data\raw\spectra\70408-01-15-00\xp70408011500_b2.pha.gz,data\raw\spectra\70408-01-15-00\xp70408011500.rsp.gz,2002-09-06T22:15:28,52523.927680120716,1136.0,1136.0,2,1,1,XTE_J1908+094,1.1891690845819462e-05,count,TOTAL/COUNT,TOTAL/COUNT,False,0,1.0,PCU2,0.17469504760209276,0.010074606807511738,1.0101771374659068,0.00031107394366197184,0.010074606807511738,0.01549406983568075,3,1136.0,60.2162558685446,std1_gof_recipe,4.088770310468513,0.11987009732920338,34.11001076639975,13.063209319428328,9.015631762164011,0.6901544284952599,0.5952650665377578,0,accepted,,True
70408-01-17-00,XTEJ1908+094,BH,9,0,52537.49679,1823.0,1,5.690000057220459,https://heasarc.gsfc.nasa.gov/FTP/xte/data/archive/AO7/P70408/70408-01-17-00/stdprod/,data\raw\spectra\70408-01-17-00\xp70408011700_s2.pha.gz,data\raw\spectra\70408-01-17-00\xp70408011700_b2.pha.gz,data\raw\spectra\70408-01-17-00\xp70408011700.rsp.gz,2002-09-20T11:37:04,52537.48417317627,1904.00000000001,1904.00000000001,2,1,1,XTE_J1908+094,1.1891690845819462e-05,count,TOTAL/COUNT,TOTAL/COUNT,False,0,1.0,PCU2,0.1722346897301179,0.009853519736842106,1.009951577805158,0.00032868172268907394,0.009853519736842106,0.014845090460526317,2,1824.0,55.46189692982456,std1_gof_recipe,3.6200668011167556,0.09506685827044271,38.07916730369402,13.401064467956587,9.816668066513323,0.7325289785737582,0.5367144279622458,0,accepted,,True
70408-01-18-00,XTEJ1908+094,BH,10,0,52549.03585,1792.0,1,6.0,https://heasarc.gsfc.nasa.gov/FTP/xte/data/archive/AO7/P70408/70408-01-18-00/stdprod/,data\raw\spectra\70408-01-18-00\xp70408011800_s2.pha.gz,data\raw\spectra\70408-01-18-00\xp70408011800_b2.pha.gz,data\raw\spectra\70408-01-18-00\xp70408011800.rsp.gz,2002-10-02T00:19:28,52549.01355975035,1856.0,1856.0,2,1,1,XTE_J1908+094,1.1891690845819462e-05,count,TOTAL/COUNT,TOTAL/COUNT,False,0,1.0,PCU2,0.17012937683588092,0.012809843750000001,1.012976065116634,0.00031406250000000005,0.012809843750000001,0.019481420200892857,2,1792.0,74.12862723214286,std1_gof_recipe,3.7642511761555455,0.09463496223411529,39.77653804989376,12.97887667834963,9.262844971596394,0.7136861841863374,0.6538659672223724,0,accepted,,True
70408-01-19-00,XTEJ1908+094,BH,11,0,52563.0671,1408.0,2,6.5,https://heasarc.gsfc.nasa.gov/FTP/xte/data/archive/AO7/P70408/70408-01-19-00/stdprod/,data\raw\spectra\70408-01-19-00\xp70408011900_s2.pha.gz,data\raw\spectra\70408-01-19-00\xp70408011900_b2.pha.gz,data\raw\spectra\70408-01-19-00\xp70408011900.rsp.gz,2002-10-16T01:17:20,52563.05369863924,1600.0,1600.0,23,2,1,XTE_J1908+094,1.1891690845819462e-05,count,TOTAL/COUNT,TOTAL/COUNT,False,0,1.0,PCU2,0.16767264115629388,0.01092624881628788,1.0110469505466215,0.00030451562500000004,0.01092624881628788,0.017239885179924242,3,1408.0,70.15151515151516,std1_gof_recipe,4.322804781142995,0.07133977318186051,60.59459665120088,12.98959166034863,8.714018919828645,0.6708462550388414,0.6123460547507524,0,accepted,,True
70408-01-20-00,XTEJ1908+094,BH,12,0,52574.94992,1150.0,1,7.139999866485596,https://heasarc.gsfc.nasa.gov/FTP/xte/data/archive/AO7/P70408/70408-01-20-00/stdprod/,data\raw\spectra\70408-01-20-00\xp70408012000_s2.pha.gz,data\raw\spectra\70408-01-20-00\xp70408012000_b2.pha.gz,data\raw\spectra\70408-01-20-00\xp70408012000.rsp.gz,2002-10-27T22:25:36,52574.93467086146,1152.0,1152.0,2,1,1,XTE_J1908+094,1.1891690845819462e-05,count,TOTAL/COUNT,TOTAL/COUNT,False,0,1.0,PCU2,0.16574138965032148,0.009964978298611111,1.0100652785812427,0.00030853298611111115,0.009964978298611111,0.01547066189236111,4,1152.0,61.17426215277778,std1_gof_recipe,4.8518671313361885,0.12030194589913776,40.33074523502752,13.498442953071242,8.694924572406563,0.6441427802180877,0.6538852020657195,1,accepted,,True
70408-01-21-00,XTEJ1908+094,BH,13,0,52619.0671,1306.0,3,18.13999938964844,https://heasarc.gsfc.nasa.gov/FTP/xte/data/archive/AO7/P70408/70408-01-21-00/stdprod/,data\raw\spectra\70408-01-21-00\xp70408012100_s2.pha.gz,data\raw\spectra\70408-01-21-00\xp70408012100_b2.pha.gz,data\raw\spectra\70408-01-21-00\xp70408012100.rsp.gz,2002-12-11T01:22:24,52619.059497250346,1280.0,1280.0,234,3,2,XTE_J1908+094,1.1891690845819462e-05,count,TOTAL/COUNT,TOTAL/COUNT,False,0,1.0,PCU2,0.15784172072326186,0.011181061848958333,1.011307491612029,0.0004113333333333334,0.011181061848958333,0.017237868489583332,4,1280.0,67.2978515625,std1_gof_recipe,12.414299635204499,0.07714800321805058,160.91537197815487,20.952736960539262,8.67724237736749,0.4141340767895634,0.6936330204772719,0,accepted,,True
70408-01-22-00,XTEJ1908+094,BH,14,0,52664.73507,1408.0,3,14.18000030517578,https://heasarc.gsfc.nasa.gov/FTP/xte/data/archive/AO7/P70408/70408-01-22-00/stdprod/,data\raw\spectra\70408-01-22-00\xp70408012200_s2.pha.gz,data\raw\spectra\70408-01-22-00\xp70408012200_b2.pha.gz,data\raw\spectra\70408-01-22-00\xp70408012200.rsp.gz,2003-01-25T17:19:12,52664.7216616022,1552.0,1552.0,234,3,1,XTE_J1908+094,1.1891690845819462e-05,count,TOTAL/COUNT,TOTAL/COUNT,False,0,1.0,PCU2,0.14994200241078204,0.010784908262310608,1.010902490623516,0.0003821134020618557,0.010784908262310608,0.016757875236742423,4,1408.0,66.3662997159091,std1_gof_recipe,3.89870622786444,0.06015221830709571,64.81400582702265,12.812667906887732,8.956008868032509,0.698996409890403,0.3571419885386638,0,accepted,,True
96065-03-02-00,IGRJ17091-3624,BH,0,0,55619.00851,2192.0,2,102.12999725341795,https://heasarc.gsfc.nasa.gov/FTP/xte/data/archive/AO15/P96065/96065-03-02-00/stdprod/,data\raw\spectra\96065-03-02-00\xp96065030200_s2.pha.gz,data\raw\spectra\96065-03-02-00\xp96065030200_b2.pha.gz,data\raw\spectra\96065-03-02-00\xp96065030200.rsp.gz,2011-02-26T23:52:32,55618.99497178736,2192.0,2192.0,24,2,1,IGR_J17091-3624,1.7075472925031877e-06,count,TOTAL/COUNT,TOTAL/COUNT,False,0,1.0,PCU2,0.36830944708888325,0.013514265510948906,1.0136994028787945,0.0012508394160583942,0.013514265510948906,0.020410453923357663,2,2192.0,76.62431569343066,std1_gof_recipe,52.14960846009454,0.10173726186803266,512.5910359936738,60.65993365161616,9.215088846543365,0.15191392887878385,0.3869863036293227,0,accepted,,True
96420-01-05-000,IGRJ17091-3624,BH,1,0,55648.03195,16832.0,1,99.86000061035156,https://heasarc.gsfc.nasa.gov/FTP/xte/data/archive/AO15/P96420/96420-01-05-000/stdprod/,data\raw\spectra\96420-01-05-000\xp964200105000_s2.pha.gz,data\raw\spectra\96420-01-05-000\xp964200105000_b2.pha.gz,data\raw\spectra\96420-01-05-000\xp964200105000.rsp.gz,2011-03-27T20:45:20,55647.86483289847,16815.9999999974,16815.9999999974,2,1,9,IGR_J17091-3624,1.7075472925031877e-06,count,TOTAL/COUNT,TOTAL/COUNT,False,0,1.0,PCU2,0.37339884761033204,0.006614954420877026,1.006659003425022,0.0012645450761181785,0.006614954420877026,0.009665571824356529,4,16784.0,33.895748927550045,std1_gof_recipe,43.13640228431402,0.048754521347154516,884.7672193756778,52.15041830282992,9.299361353507257,0.17831805872595716,0.24734478744269556,0,accepted,,True
96420-01-08-03,IGRJ17091-3624,BH,2,0,55670.8132,2290.0,1,107.83999633789062,https://heasarc.gsfc.nasa.gov/FTP/xte/data/archive/AO15/P96420/96420-01-08-03/stdprod/,data\raw\spectra\96420-01-08-03\xp96420010803_s2.pha.gz,data\raw\spectra\96420-01-08-03\xp96420010803_b2.pha.gz,data\raw\spectra\96420-01-08-03\xp96420010803.rsp.gz,2011-04-19T19:09:36,55670.79835141699,2352.0,2352.0,2,1,1,IGR_J17091-3624,1.7075472925031877e-06,count,TOTAL/COUNT,TOTAL/COUNT,False,0,1.0,PCU2,0.3774320602697472,0.013108680555555557,1.0132828005447803,0.001340497448979592,0.013108680555555557,0.019780145399305553,2,2304.0,74.12738715277777,std1_gof_recipe,49.91716573170151,0.13832612453442317,360.8657865584846,58.383558274846315,9.120740722960399,0.1562210490841209,0.17473975942409303,0,accepted,,True
96420-01-09-01,IGRJ17091-3624,BH,3,0,55677.48117,1434.0,1,98.16999816894533,https://heasarc.gsfc.nasa.gov/FTP/xte/data/archive/AO15/P96420/96420-01-09-01/stdprod/,data\raw\spectra\96420-01-09-01\xp96420010901_s2.pha.gz,data\raw\spectra\96420-01-09-01\xp96420010901_b2.pha.gz,data\raw\spectra\96420-01-09-01\xp96420010901.rsp.gz,2011-04-26T11:16:16,55677.46962456514,1504.0,1504.0,2,1,1,IGR_J17091-3624,1.7075472925031877e-06,count,TOTAL/COUNT,TOTAL/COUNT,False,0,1.0,PCU2,0.3786614490204272,0.01511174652777778,1.0153436153538244,0.001266994680851064,0.01511174652777778,0.02373409027777778,2,1440.0,95.80381944444444,std1_gof_recipe,43.68924966975588,0.1664751603641058,262.43704811096757,52.85914837713102,9.83011957437329,0.18596817913597322,0.1720574666001186,0,accepted,,True
96420-01-12-01,IGRJ17091-3624,BH,4,0,55695.1882,1231.0,2,56.220001220703125,https://heasarc.gsfc.nasa.gov/FTP/xte/data/archive/AO15/P96420/96420-01-12-01/stdprod/,data\raw\spectra\96420-01-12-01\xp96420011201_s2.pha.gz,data\raw\spectra\96420-01-12-01\xp96420011201_b2.pha.gz,data\raw\spectra\96420-01-12-01\xp96420011201.rsp.gz,2011-05-14T04:17:04,55695.178617620695,1232.0,1232.0,24,2,1,IGR_J17091-3624,1.7075472925031877e-06,count,TOTAL/COUNT,TOTAL/COUNT,False,0,1.0,PCU2,0.3818188333218657,0.017311875000000004,1.0176168558055996,0.0008191314935064936,0.017311875000000004,0.02677075081168831,2,1232.0,105.09862012987013,std1_gof_recipe,28.431075057125728,0.11078632050688826,256.6298341441712,37.79294407094113,9.854064231319978,0.2607382005705328,0.4117223453947876,0,accepted,,True
96420-01-14-05,IGRJ17091-3624,BH,5,0,55714.52023,1198.0,1,78.44999694824219,https://heasarc.gsfc.nasa.gov/FTP/xte/data/archive/AO15/P96420/96420-01-14-05/stdprod/,data\raw\spectra\96420-01-14-05\xp96420011405_s2.pha.gz,data\raw\spectra\96420-01-14-05\xp96420011405_b2.pha.gz,data\raw\spectra\96420-01-14-05\xp96420011405.rsp.gz,2011-06-02T12:04:32,55714.504381509585,1200.0,1200.0,2,1,1,IGR_J17091-3624,1.7075472925031877e-06,count,TOTAL/COUNT,TOTAL/COUNT,False,0,1.0,PCU2,0.3851506168506873,0.012400941666666665,1.012556656025568,0.0010404333333333335,0.012400941666666665,0.018848091666666664,2,1200.0,71.635,std1_gof_recipe,32.24216463741988,0.1645102100068798,195.98883641368838,40.89051416597961,9.048182731435428,0.22127828216362713,0.21516779449364615,0,accepted,,True
96420-01-17-05,IGRJ17091-3624,BH,6,0,55734.80929,1647.0,1,67.79000091552734,https://heasarc.gsfc.nasa.gov/FTP/xte/data/archive/AO15/P96420/96420-01-17-05/stdprod/,data\raw\spectra\96420-01-17-05\xp96420011705_s2.pha.gz,data\raw\spectra\96420-01-17-05\xp96420011705_b2.pha.gz,data\raw\spectra\96420-01-17-05\xp96420011705.rsp.gz,2011-06-22T19:09:04,55734.79803891699,1728.0,1728.0,2,1,1,IGR_J17091-3624,1.7075472925031877e-06,count,TOTAL/COUNT,TOTAL/COUNT,False,0,1.0,PCU2,0.3886600345707407,0.011265819174757281,1.0113941839912466,0.0009531712962962964,0.011265819174757281,0.01736580400485437,2,1648.0,67.77760922330097,std1_gof_recipe,30.076014865680644,0.1343113323587235,223.92760415295822,39.36771935267306,9.630535431966479,0.24463026028233884,0.30815033750812615,0,accepted,,True
96420-01-21-01,IGRJ17091-3624,BH,7,0,55758.65304,3200.0,1,118.27999877929688,https://heasarc.gsfc.nasa.gov/FTP/xte/data/archive/AO15/P96420/96420-01-21-01/stdprod/,data\raw\spectra\96420-01-21-01\xp96420012101_s2.pha.gz,data\raw\spectra\96420-01-21-01\xp96420012101_b2.pha.gz,data\raw\spectra\96420-01-21-01\xp96420012101.rsp.gz,2011-07-16T14:55:44,55758.62206669477,3199.99999999999,3199.99999999999,2,1,1,IGR_J17091-3624,1.7075472925031877e-06,count,TOTAL/COUNT,TOTAL/COUNT,False,0,1.0,PCU2,0.392870567598834,0.015012771875,1.0152415903946064,0.0014545000000000046,0.015012771875,0.022788490624999998,2,3200.0,86.396875,std1_gof_recipe,55.325314653587576,0.1234923817293384,448.00589217596894,63.9340451843203,9.439316858539625,0.14764147695216695,0.15441483534711092,0,accepted,,True
96420-01-23-03,IGRJ17091-3624,BH,8,0,55774.19992,1610.0,1,94.87999725341795,https://heasarc.gsfc.nasa.gov/FTP/xte/data/archive/AO15/P96420/96420-01-23-03/stdprod/,data\raw\spectra\96420-01-23-03\xp96420012303_s2.pha.gz,data\raw\spectra\96420-01-23-03\xp96420012303_b2.pha.gz,data\raw\spectra\96420-01-23-03\xp96420012303.rsp.gz,2011-08-01T04:13:04,55774.175735676254,1696.0,1696.0,2,1,1,IGR_J17091-3624,1.7075472925031877e-06,count,TOTAL/COUNT,TOTAL/COUNT,False,0,1.0,PCU2,0.395676664589395,0.014628490099009902,1.014845659684721,0.001218803066037736,0.014628490099009902,0.022695742574257424,1,1616.0,89.63613861386139,std1_gof_recipe,43.0134639230898,0.15361244985324388,280.012876327299,51.73854111883814,9.354299226871374,0.18079943934610573,0.18899895424151078,0,accepted,,True
96420-01-24-03,IGRJ17091-3624,BH,9,0,55781.03585,1705.0,2,97.9499969482422,https://heasarc.gsfc.nasa.gov/FTP/xte/data/archive/AO15/P96420/96420-01-24-03/stdprod/,data\raw\spectra\96420-01-24-03\xp96420012403_s2.pha.gz,data\raw\spectra\96420-01-24-03\xp96420012403_b2.pha.gz,data\raw\spectra\96420-01-24-03\xp96420012403.rsp.gz,2011-08-08T00:34:08,55781.02369863921,1744.00000000001,1744.00000000001,24,2,1,IGR_J17091-3624,1.7075472925031877e-06,count,TOTAL/COUNT,TOTAL/COUNT,False,0,1.0,PCU2,0.39690537069562026,0.014764345794392524,1.0149855983503733,0.0012165969036697177,0.014764345794392524,0.02304655373831776,2,1712.0,92.02453271028037,std1_gof_recipe,39.37035562051422,0.10403047901488073,378.45020030026586,48.35432936655109,9.565251290466351,0.19781581950928834,0.20301592544523464,0,accepted,,True
96420-01-27-00,IGRJ17091-3624,BH,10,0,55799.69601,1296.0,1,101.79000091552734,https://heasarc.gsfc.nasa.gov/FTP/xte/data/archive/AO15/P96420/96420-01-27-00/stdprod/,data\raw\spectra\96420-01-27-00\xp96420012700_s2.pha.gz,data\raw\spectra\96420-01-27-00\xp96420012700_b2.pha.gz,data\raw\spectra\96420-01-27-00\xp96420012700.rsp.gz,2011-08-26T16:31:44,55799.688779657736,1296.0,1296.0,2,1,1,IGR_J17091-3624,1.7075472925031877e-06,count,TOTAL/COUNT,TOTAL/COUNT,False,0,1.0,PCU2,0.40006317007379266,0.013733873456790124,1.013925119282892,0.001280246913580247,0.013733873456790124,0.021216790123456793,1,1296.0,83.14351851851852,std1_gof_recipe,50.196859939798,0.18502331658405066,271.3001845742779,58.68507230565779,9.177609688201187,0.156387464948499,0.1897129689259477,0,accepted,,True
96420-01-30-03,IGRJ17091-3624,BH,11,0,55823.02804,1119.0,2,135.80999755859375,https://heasarc.gsfc.nasa.gov/FTP/xte/data/archive/AO15/P96420/96420-01-30-03/stdprod/,data\raw\spectra\96420-01-30-03\xp96420013003_s2.pha.gz,data\raw\spectra\96420-01-30-03\xp96420013003_b2.pha.gz,data\raw\spectra\96420-01-30-03\xp96420013003.rsp.gz,2011-09-19T00:18:40,55823.01295789847,1136.0,1136.0,24,2,1,IGR_J17091-3624,1.7075472925031877e-06,count,TOTAL/COUNT,TOTAL/COUNT,False,0,1.0,PCU2,0.40427258093666296,0.013579691964285715,1.0137666386769018,0.0015831294014084507,0.013579691964285715,0.020640754464285715,2,1120.0,78.45625,std1_gof_recipe,58.04833901739675,0.14821789545141922,391.641905591778,66.51190903228952,9.251848577787444,0.13910063193789776,0.16450701595896233,0,accepted,,True
96420-01-32-00,IGRJ17091-3624,BH,12,0,55834.7546,1215.0,1,108.5999984741211,https://heasarc.gsfc.nasa.gov/FTP/xte/data/archive/AO15/P96420/96420-01-32-00/stdprod/,data\raw\spectra\96420-01-32-00\xp96420013200_s2.pha.gz,data\raw\spectra\96420-01-32-00\xp96420013200_b2.pha.gz,data\raw\spectra\96420-01-32-00\xp96420013200.rsp.gz,2011-09-30T17:52:32,55834.74640697255,1216.0,1216.0,2,1,1,IGR_J17091-3624,1.7075472925031877e-06,count,TOTAL/COUNT,TOTAL/COUNT,False,0,1.0,PCU2,0.4062051398733644,0.012496500822368422,1.0126546395357334,0.0013495559210526316,0.012496500822368422,0.019098326480263158,2,1216.0,73.35361842105263,std1_gof_recipe,53.24755865379765,0.19487929318961536,273.23353744919615,61.77932219776438,9.19717170447302,0.14887135982216781,0.18323162553755093,0,accepted,,True
96420-01-35-02,IGRJ17091-3624,BH,13,0,55859.5671,1155.0,2,116.31999969482422,https://heasarc.gsfc.nasa.gov/FTP/xte/data/archive/AO15/P96420/96420-01-35-02/stdprod/,data\raw\spectra\96420-01-35-02\xp96420013502_s2.pha.gz,data\raw\spectra\96420-01-35-02\xp96420013502_b2.pha.gz,data\raw\spectra\96420-01-35-02\xp96420013502.rsp.gz,2011-10-25T12:52:48,55859.5366963244,1312.0,1312.0,23,2,2,IGR_J17091-3624,1.7075472925031877e-06,count,TOTAL/COUNT,TOTAL/COUNT,False,0,1.0,PCU2,0.4105881419780033,0.015584721746575343,1.0158314504974224,0.0014204992378048782,0.015584721746575343,0.024110102739726025,2,1168.0,94.72645547945206,std1_gof_recipe,67.23683023582991,0.14408907065387463,466.6337976274669,74.9789283596162,8.78996541413343,0.11723247592943356,0.2368305606855145,0,accepted,,True
96420-01-37-04,IGRJ17091-3624,BH,14,0,55873.85226,1257.0,2,124.91999816894533,https://heasarc.gsfc.nasa.gov/FTP/xte/data/archive/AO15/P96420/96420-01-37-04/stdprod/,data\raw\spectra\96420-01-37-04\xp96420013704_s2.pha.gz,data\raw\spectra\96420-01-37-04\xp96420013704_b2.pha.gz,data\raw\spectra\96420-01-37-04\xp96420013704.rsp.gz,2011-11-08T20:13:52,55873.84295789847,1248.0,1248.0,24,2,2,IGR_J17091-3624,1.7075472925031877e-06,count,TOTAL/COUNT,TOTAL/COUNT,False,0,1.0,PCU2,0.41304688267391043,0.013246606570512822,1.0134244347764276,0.0014813020833333336,0.013246606570512822,0.020288565705128204,2,1248.0,78.24399038461539,std1_gof_recipe,63.3461248280334,0.14513319563463523,436.4688901876299,71.75361938184588,9.246615747176028,0.12886619276958008,0.18889308397222124,2,accepted,,True
50060-08-01-03,SLX1746-331,BH,0,0,52317.83273,6560.0,1,5.769999980926514,https://heasarc.gsfc.nasa.gov/FTP/xte/data/archive/AO5/P50060/50060-08-01-03/stdprod/,data\raw\spectra\50060-08-01-03\xp50060080103_s2.pha.gz,data\raw\spectra\50060-08-01-03\xp50060080103_b2.pha.gz,data\raw\spectra\50060-08-01-03\xp50060080103.rsp.gz,2002-02-12T18:26:24,52317.77021484294,6543.99999999978,6543.99999999978,2,1,3,1746-331,0.016344840237891716,count,TOTAL/COUNT,TOTAL/COUNT,False,0,1.0,PCU2,0.21085583030414057,0.010176651512836185,1.0102812805218124,0.00031869193154035306,0.010176651512836185,0.015678761078850856,4,6544.0,61.13455073349633,std1_gof_recipe,3.402443198894387,0.048813353823638675,69.7031228623897,12.85702799956742,9.489210279400398,0.7380562817254241,0.46794358072463454,0,accepted,,True
80138-02-03-00G,SLX1746-331,BH,1,0,52742.91085,2825.0,1,819.0,https://heasarc.gsfc.nasa.gov/FTP/xte/data/archive/AO8/P80138/80138-02-03-00G/stdprod/,data\raw\spectra\80138-02-03-00G\xp80138020300G_s2.pha.gz,data\raw\spectra\80138-02-03-00G\xp80138020300G_b2.pha.gz,data\raw\spectra\80138-02-03-00G\xp80138020300G.rsp.gz,2003-04-13T21:17:36,52742.88721715775,2816.0,2816.0,2,1,1,SLX_1746-311,0.0,count,TOTAL/COUNT,TOTAL/COUNT,False,0,1.0,PCU2,0.13624579816058713,0.02009220525568182,1.0205041794375402,0.00853560369318182,0.02009220525568182,0.025718323863636365,4,2816.0,62.51242897727273,std1_gof_recipe,366.77461801383805,0.3434706409270902,1067.8485270934545,368.8139832372453,9.408676131115685,0.025510627467352314,0.08373298941099666,1,accepted,,True
80138-02-04-00,SLX1746-331,BH,2,0,52745.8757,3235.0,1,661.6300048828125,https://heasarc.gsfc.nasa.gov/FTP/xte/data/archive/AO8/P80138/80138-02-04-00/stdprod/,data\raw\spectra\80138-02-04-00\xp80138020400_s2.pha.gz,data\raw\spectra\80138-02-04-00\xp80138020400_b2.pha.gz,data\raw\spectra\80138-02-04-00\xp80138020400.rsp.gz,2003-04-16T20:15:28,52745.84406900961,3248.00000000001,3248.00000000001,2,1,1,SLX_1746-311,0.0,count,TOTAL/COUNT,TOTAL/COUNT,False,0,1.0,PCU2,0.13571951047729414,0.018457296798029557,1.0188043747234008,0.006949073275862048,0.018457296798029557,0.024228158866995073,4,3248.0,64.12068965517241,std1_gof_recipe,283.8049304513265,0.28327895721584184,1001.8567324613664,288.08056181451616,9.513903197273928,0.03302514802577884,0.0719629284519416,2,accepted,,True
80415-01-01-00,SLX1746-331,BH,3,0,52757.51242,1775.0,2,508.3399963378906,https://heasarc.gsfc.nasa.gov/FTP/xte/data/archive/AO8/P80415/80415-01-01-00/stdprod/,data\raw\spectra\80415-01-01-00\xp80415010100_s2.pha.gz,data\raw\spectra\80415-01-01-00\xp80415010100_b2.pha.gz,data\raw\spectra\80415-01-01-00\xp80415010100.rsp.gz,2003-04-28T11:41:04,52757.486869935536,1792.0,1792.0,23,2,1,SLX_1746-311,0.0,count,TOTAL/COUNT,TOTAL/COUNT,False,0,1.0,PCU2,0.13361351541334443,0.017165393939393942,1.0174651908200467,0.005366272321428571,0.017165393939393942,0.02353887689393939,3,1760.0,70.81647727272727,std1_gof_recipe,232.85314266258143,0.2446190809600424,951.9009790598351,237.41667677443502,8.560550035682681,0.036057071272275844,0.10711593767965139,0,accepted,,True
80415-01-02-02,SLX1746-331,BH,4,0,52766.64523,2713.0,3,469.1700134277344,https://heasarc.gsfc.nasa.gov/FTP/xte/data/archive/AO8/P80415/80415-01-02-02/stdprod/,data\raw\spectra\80415-01-02-02\xp80415010202_s2.pha.gz,data\raw\spectra\80415-01-02-02\xp80415010202_b2.pha.gz,data\raw\spectra\80415-01-02-02\xp80415010202.rsp.gz,2003-05-07T15:00:16,52766.626511139235,2831.99999999977,2831.99999999977,234,3,1,SLX_1746-311,0.0,count,TOTAL/COUNT,TOTAL/COUNT,False,0,1.0,PCU2,0.13203365409822254,0.016767730522682447,1.0170536820680185,0.004887037429378929,0.016767730522682447,0.02288801343688363,4,2704.0,68.00314349112426,std1_gof_recipe,191.60689672882214,0.1456615237966188,1315.4255958241583,197.06265615761768,8.668572239431924,0.04398891402589486,0.060552623082621555,0,accepted,,True
80415-01-04-00,SLX1746-331,BH,5,0,52776.78976,3232.0,1,333.8999938964844,https://heasarc.gsfc.nasa.gov/FTP/xte/data/archive/AO8/P80415/80415-01-04-00/stdprod/,data\raw\spectra\80415-01-04-00\xp80415010400_s2.pha.gz,data\raw\spectra\80415-01-04-00\xp80415010400_b2.pha.gz,data\raw\spectra\80415-01-04-00\xp80415010400.rsp.gz,2003-05-17T18:01:20,52776.752194009605,3232.00000000001,3232.00000000001,2,1,1,SLX_1746-311,0.0,count,TOTAL/COUNT,TOTAL/COUNT,False,0,1.0,PCU2,0.13027990268717105,0.017854748349834984,1.0181793358159967,0.0036298669554455337,0.017854748349834984,0.02568802495874587,3,3232.0,87.03640676567657,std1_gof_recipe,124.09826517590136,0.19524706520515617,635.5960590009632,131.1990223598246,9.316500479290076,0.07101044132584138,0.046715516533202925,0,accepted,,True
80415-01-06-00,SLX1746-331,BH,6,0,52791.37179,2912.0,2,147.69000244140625,https://heasarc.gsfc.nasa.gov/FTP/xte/data/archive/AO8/P80415/80415-01-06-00/stdprod/,data\raw\spectra\80415-01-06-00\xp80415010600_s2.pha.gz,data\raw\spectra\80415-01-06-00\xp80415010600_b2.pha.gz,data\raw\spectra\80415-01-06-00\xp80415010600.rsp.gz,2003-06-01T08:29:36,52791.35388382442,2911.99999999997,2911.99999999997,23,2,1,SLX_1746-311,0.0,count,TOTAL/COUNT,TOTAL/COUNT,False,0,1.0,PCU2,0.12764618210712086,0.014091292925824178,1.0142926954845972,0.001727769574175842,0.014091292925824178,0.021272347184065933,3,2912.0,79.78949175824177,std1_gof_recipe,51.17876018700223,0.10023631301009268,510.5810324632461,59.12456279047192,8.666977504845233,0.14658844134813526,0.039475159665426224,0,accepted,,True
80415-01-09-00,SLX1746-331,BH,7,0,52812.60226,1783.0,1,107.75,https://heasarc.gsfc.nasa.gov/FTP/xte/data/archive/AO8/P80415/80415-01-09-00/stdprod/,data\raw\spectra\80415-01-09-00\xp80415010900_s2.pha.gz,data\raw\spectra\80415-01-09-00\xp80415010900_b2.pha.gz,data\raw\spectra\80415-01-09-00\xp80415010900.rsp.gz,2003-06-22T14:11:12,52812.591106046646,1792.0,1792.0,2,1,1,SLX_1746-311,0.0,count,TOTAL/COUNT,TOTAL/COUNT,False,0,1.0,PCU2,0.12395850519448004,0.011090448288690479,1.0112148257335551,0.0013248995535714288,0.011090448288690479,0.01671672061011905,3,1792.0,62.514136904761905,std1_gof_recipe,30.82987184492761,0.15079780504695237,204.4450967660201,39.152477333553996,8.664522588069515,0.22130202679777677,0.04835441661320782,3,accepted,,True
80415-01-10-01,SLX1746-331,BH,8,0,52823.38742,2167.0,2,94.19000244140624,https://heasarc.gsfc.nasa.gov/FTP/xte/data/archive/AO8/P80415/80415-01-10-01/stdprod/,data\raw\spectra\80415-01-10-01\xp80415011001_s2.pha.gz,data\raw\spectra\80415-01-10-01\xp80415011001_b2.pha.gz,data\raw\spectra\80415-01-10-01\xp80415011001.rsp.gz,2003-07-03T09:00:48,52823.37565465776,2208.0,2208.0,23,2,1,SLX_1746-311,0.0,count,TOTAL/COUNT,TOTAL/COUNT,False,0,1.0,PCU2,0.12202708706904986,0.012691347222222224,1.0128544879927015,0.0011853713768115942,0.012691347222222224,0.019296958333333336,3,2160.0,73.39567901234568,std1_gof_recipe,29.941654241350477,0.09521832769762215,314.45263706409537,38.13268708548426,8.571032774518489,0.2247686546532718,0.048911656460875114,0,accepted,,True
80415-01-14-01,SLX1746-331,BH,9,0,52849.96163,1493.0,1,23.21999931335449,https://heasarc.gsfc.nasa.gov/FTP/xte/data/archive/AO8/P80415/80415-01-14-01/stdprod/,data\raw\spectra\80415-01-14-01\xp80415011401_s2.pha.gz,data\raw\spectra\80415-01-14-01\xp80415011401_b2.pha.gz,data\raw\spectra\80415-01-14-01\xp80415011401.rsp.gz,2003-07-29T22:51:28,52849.953582898495,1488.0,1488.0,2,1,1,SLX_1746-311,0.0,count,TOTAL/COUNT,TOTAL/COUNT,False,0,1.0,PCU2,0.11746227564570688,0.00999446572580645,1.0100953634901988,0.00046858198924731187,0.00999446572580645,0.015326481854838708,2,1488.0,59.244623655913976,std1_gof_recipe,14.955813757107704,0.1335306571922199,112.00284692359843,23.41383802545996,8.607499636349218,0.3676244632336447,0.5523104249811347,0,accepted,,True
80415-01-15-01,SLX1746-331,BH,10,0,52854.4421,1536.0,2,36.91999816894531,https://heasarc.gsfc.nasa.gov/FTP/xte/data/archive/AO8/P80415/80415-01-15-01/stdprod/,data\raw\spectra\80415-01-15-01\xp80415011501_s2.pha.gz,data\raw\spectra\80415-01-15-01\xp80415011501_b2.pha.gz,data\raw\spectra\80415-01-15-01\xp80415011501.rsp.gz,2003-08-03T10:08:00,52854.42222873183,1648.0,1648.0,23,2,1,SLX_1746-311,0.0,count,TOTAL/COUNT,TOTAL/COUNT,False,0,1.0,PCU2,0.11658657728791866,0.010669587673611113,1.010784655501009,0.000609420509708738,0.010669587673611113,0.01652724392361111,3,1536.0,65.08506944444444,std1_gof_recipe,23.960133329757273,0.10196040325173107,234.9944936035792,32.34223073964451,8.637742153120497,0.2670731719977655,0.5535129862401974,0,accepted,,True
93044-05-02-00,SLX1746-331,BH,11,0,54383.73898,3264.0,1,248.7700042724609,https://heasarc.gsfc.nasa.gov/FTP/xte/data/archive/AO12/P93044/93044-05-02-00/stdprod/,data\raw\spectra\93044-05-02-00\xp93044050200_s2.pha.gz,data\raw\spectra\93044-05-02-00\xp93044050200_b2.pha.gz,data\raw\spectra\93044-05-02-00\xp93044050200.rsp.gz,2007-10-10T17:13:52,54383.71800419478,3264.00000000001,3264.00000000001,2,1,1,SLX_1746-331,0.016344840237891716,count,TOTAL/COUNT,TOTAL/COUNT,False,0,1.0,PCU2,0.15169055087033456,0.01899305912990196,1.0193607795609032,0.0027891360294117562,0.01899305912990196,0.027906174938725485,2,3264.0,99.03462009803921,std1_gof_recipe,86.07992404512635,0.16747022450799,514.0013653055053,94.36682187265436,9.92181891481455,0.10514096711028155,0.044573960344153805,0,accepted,,True
93044-05-08-00,SLX1746-331,BH,12,0,54390.40695,2149.0,2,135.3699951171875,https://heasarc.gsfc.nasa.gov/FTP/xte/data/archive/AO12/P93044/93044-05-08-00/stdprod/,data\raw\spectra\93044-05-08-00\xp93044050800_s2.pha.gz,data\raw\spectra\93044-05-08-00\xp93044050800_b2.pha.gz,data\raw\spectra\93044-05-08-00\xp93044050800.rsp.gz,2007-10-17T09:24:16,54390.391846787374,2144.0,2144.0,23,2,1,SLX_1746-331,0.016344840237891716,count,TOTAL/COUNT,TOTAL/COUNT,False,0,1.0,PCU2,0.15291876433005314,0.014688994869402986,1.014907978082977,0.0016110191231343287,0.014688994869402986,0.02219725046641791,3,2144.0,83.42506218905473,std1_gof_recipe,47.10345769357427,0.11341141015603103,415.3326162576543,55.304742108023696,8.893186862841478,0.16080333302107996,0.048405276428363855,0,accepted,,True
93418-01-01-01,SLX1746-331,BH,13,0,54393.43429,2688.0,1,91.80999755859376,https://heasarc.gsfc.nasa.gov/FTP/xte/data/archive/AO12/P93418/93418-01-01-01/stdprod/,data\raw\spectra\93418-01-01-01\xp93418010101_s2.pha.gz,data\raw\spectra\93418-01-01-01\xp93418010101_b2.pha.gz,data\raw\spectra\93418-01-01-01\xp93418010101.rsp.gz,2007-10-20T09:48:32,54393.40876808367,2800.00000000001,2800.00000000001,2,1,1,SLX_1746-331,0.016344840237891716,count,TOTAL/COUNT,TOTAL/COUNT,False,0,1.0,PCU2,0.15344626805478612,0.015415005580357143,1.015656348276406,0.0011928714285714243,0.015415005580357143,0.023334151785714283,2,2688.0,87.99051339285714,std1_gof_recipe,25.92542846028992,0.11575332302450377,223.97135376236048,35.1081235949691,9.582335759067695,0.27293784964459955,0.06716494366388207,0,accepted,,True
93418-01-01-03,SLX1746-331,BH,14,0,54395.12179,2415.0,1,71.33000183105469,https://heasarc.gsfc.nasa.gov/FTP/xte/data/archive/AO12/P93418/93418-01-01-03/stdprod/,data\raw\spectra\93418-01-01-03\xp93418010103_s2.pha.gz,data\raw\spectra\93418-01-01-03\xp93418010103_b2.pha.gz,data\raw\spectra\93418-01-01-03\xp93418010103.rsp.gz,2007-10-22T02:30:40,54395.10462456515,2528.00000000001,2528.00000000001,2,1,1,SLX_1746-331,0.016344840237891716,count,TOTAL/COUNT,TOTAL/COUNT,False,0,1.0,PCU2,0.15379890693214548,0.012498800000000001,1.012656997277573,0.0009755300632911355,0.012498800000000001,0.01880549375,2,2400.0,70.074375,std1_gof_recipe,18.827428920706826,0.10993718392077913,171.2562415121884,27.81186014936001,9.219751497247318,0.33150430959072247,0.0775473295220131,0,accepted,,True
94044-02-02-00,XTEJ1652-453,BH,0,0,55016.57101,2094.0,2,319.42999267578125,https://heasarc.gsfc.nasa.gov/FTP/xte/data/archive/AO13/P94044/94044-02-02-00/stdprod/,data\raw\spectra\94044-02-02-00\xp94044020200_s2.pha.gz,data\raw\spectra\94044-02-02-00\xp94044020200_b2.pha.gz,data\raw\spectra\94044-02-02-00\xp94044020200.rsp.gz,2009-07-04T13:24:32,55016.55913845403,2096.0,2096.0,23,2,1,XTE_J1652-453,0.0,count,TOTAL/COUNT,TOTAL/COUNT,False,0,1.0,PCU2,0.2627105593651322,0.019539360687022903,1.0199287558353332,0.0034719250954198476,0.019539360687022903,0.028636960877862595,2,2096.0,101.0844465648855,std1_gof_recipe,77.74044406613406,0.13334020115408943,583.0232997496106,85.34456688030055,9.123121390744014,0.10689750647559776,0.09809559614052525,0,accepted,,True
94044-02-03-01,XTEJ1652-453,BH,1,0,55025.21945,1159.0,1,221.66000366210935,https://heasarc.gsfc.nasa.gov/FTP/xte/data/archive/AO13/P94044/94044-02-03-01/stdprod/,data\raw\spectra\94044-02-03-01\xp94044020301_s2.pha.gz,data\raw\spectra\94044-02-03-01\xp94044020301_b2.pha.gz,data\raw\spectra\94044-02-03-01\xp94044020301.rsp.gz,2009-07-13T05:00:48,55025.208976416994,1184.0,1184.0,2,1,1,XTE_J1652-453,0.0,count,TOTAL/COUNT,TOTAL/COUNT,False,0,1.0,PCU2,0.2642884094222637,0.02207603595890411,1.0225743889818169,0.0025308614864864866,0.02207603595890411,0.03348083904109589,1,1168.0,126.72003424657534,std1_gof_recipe,37.12607164223741,0.19238058659554125,192.9824224951078,46.74537684881799,10.438901699167463,0.22331409869533275,0.08588374037013963,0,accepted,,True
94044-02-04-02,XTEJ1652-453,BH,2,0,55034.97335,2394.0,1,145.60000610351562,https://heasarc.gsfc.nasa.gov/FTP/xte/data/archive/AO13/P94044/94044-02-04-02/stdprod/,data\raw\spectra\94044-02-04-02\xp94044020402_s2.pha.gz,data\raw\spectra\94044-02-04-02\xp94044020402_b2.pha.gz,data\raw\spectra\94044-02-04-02\xp94044020402.rsp.gz,2009-07-22T22:48:00,55034.94999493551,2416.0,2416.0,2,1,1,XTE_J1652-453,0.0,count,TOTAL/COUNT,TOTAL/COUNT,False,0,1.0,PCU2,0.2658675370497363,0.014299404166666668,1.0145068433833881,0.0017316473509933776,0.014299404166666668,0.021368191666666668,2,2400.0,78.54208333333334,std1_gof_recipe,31.974690749473517,0.12347148554918985,258.9641698020642,40.949043697863324,9.431571974520715,0.23032459668924682,0.2064448994896171,0,accepted,,True
94044-02-05-01,XTEJ1652-453,BH,3,0,55036.0671,1280.0,1,153.97999572753906,https://heasarc.gsfc.nasa.gov/FTP/xte/data/archive/AO13/P94044/94044-02-05-01/stdprod/,data\raw\spectra\94044-02-05-01\xp94044020501_s2.pha.gz,data\raw\spectra\94044-02-05-01\xp94044020501_b2.pha.gz,data\raw\spectra\94044-02-05-01\xp94044020501.rsp.gz,2009-07-24T01:19:44,55036.05546947255,1376.0,1376.0,2,1,1,XTE_J1652-453,0.0,count,TOTAL/COUNT,TOTAL/COUNT,False,0,1.0,PCU2,0.26622085453446687,0.0214444609375,1.0219144035074847,0.0018492078488372094,0.0214444609375,0.0331954375,1,1280.0,130.56640625,std1_gof_recipe,42.25642164141818,0.1830277669197652,230.87437689136175,51.84596385098595,10.495708392815692,0.20244022124812122,0.2507021339714818,0,accepted,,True
94432-01-01-01,XTEJ1652-453,BH,4,0,55045.7546,2392.0,2,113.62999725341795,https://heasarc.gsfc.nasa.gov/FTP/xte/data/archive/AO13/P94432/94432-01-01-01/stdprod/,data\raw\spectra\94432-01-01-01\xp94432010101_s2.pha.gz,data\raw\spectra\94432-01-01-01\xp94432010101_b2.pha.gz,data\raw\spectra\94432-01-01-01\xp94432010101.rsp.gz,2009-08-02T17:46:24,55045.74065465773,2400.0,2400.0,24,2,1,XTE_J1652-453,0.0,count,TOTAL/COUNT,TOTAL/COUNT,False,0,1.0,PCU2,0.26779852851662866,0.017594385416666667,1.0179094919201261,0.0013879729166666667,0.017594385416666667,0.026868997916666665,2,2400.0,103.05125,std1_gof_recipe,34.008893624629344,0.08951959468484222,379.9044638702755,43.38390723103432,9.973379188431137,0.22988660600160887,0.3002441393561247,0,accepted,,True
94432-01-01-02,XTEJ1652-453,BH,5,0,55047.39132,2740.0,1,103.66000366210938,https://heasarc.gsfc.nasa.gov/FTP/xte/data/archive/AO13/P94432/94432-01-01-02/stdprod/,data\raw\spectra\94432-01-01-02\xp94432010102_s2.pha.gz,data\raw\spectra\94432-01-01-02\xp94432010102_b2.pha.gz,data\raw\spectra\94432-01-01-02\xp94432010102.rsp.gz,2009-08-04T08:44:32,55047.36425419477,2816.0,2816.0,2,1,1,XTE_J1652-453,0.0,count,TOTAL/COUNT,TOTAL/COUNT,False,0,1.0,PCU2,0.2681490738907115,0.012743302266081872,1.0129077901373897,0.001314112215909091,0.012743302266081872,0.019218664108187133,2,2736.0,71.9484649122807,std1_gof_recipe,33.243822411234916,0.11485913282555679,289.43125020562564,42.39546286528656,9.575276531517956,0.22585616206016704,0.2943203511589748,0,accepted,,True
94432-01-02-01,XTEJ1652-453,BH,6,0,55054.64523,1570.0,2,72.87000274658203,https://heasarc.gsfc.nasa.gov/FTP/xte/data/archive/AO13/P94432/94432-01-02-01/stdprod/,data\raw\spectra\94432-01-02-01\xp94432010201_s2.pha.gz,data\raw\spectra\94432-01-02-01\xp94432010201_b2.pha.gz,data\raw\spectra\94432-01-02-01\xp94432010201.rsp.gz,2009-08-11T15:13:36,55054.63604817625,1568.0,1568.0,24,2,1,XTE_J1652-453,0.0,count,TOTAL/COUNT,TOTAL/COUNT,False,0,1.0,PCU2,0.2693763794355206,0.01931622767857143,1.0196966934946288,0.0009989317602040818,0.01931622767857143,0.03015743941326531,2,1568.0,120.4579081632653,std1_gof_recipe,20.98762051378055,0.09646311206823462,217.57146399065627,30.951156416615273,10.368937559110375,0.33500969784586454,0.31298139112369916,0,accepted,,True
94432-01-04-00,XTEJ1652-453,BH,7,0,55065.28195,12769.0,1,56.18999862670898,https://heasarc.gsfc.nasa.gov/FTP/xte/data/archive/AO13/P94432/94432-01-04-00/stdprod/,data\raw\spectra\94432-01-04-00\xp94432010400_s2.pha.gz,data\raw\spectra\94432-01-04-00\xp94432010400_b2.pha.gz,data\raw\spectra\94432-01-04-00\xp94432010400.rsp.gz,2009-08-22T03:39:44,55065.1525875281,12879.9999999983,12879.9999999983,2,1,4,XTE_J1652-453,0.0,count,TOTAL/COUNT,TOTAL/COUNT,False,0,1.0,PCU2,0.27130561430277567,0.008470046151439299,1.0085424006794383,0.0008387569875777507,0.008470046151439299,0.013049985919899875,3,12784.0,50.888219649561954,std1_gof_recipe,21.708647388910776,0.04687043880937071,463.16287921269924,31.308605672326202,9.783831528684821,0.31249655864849923,0.34939631791353526,0,accepted,,True
94432-01-05-00,XTEJ1652-453,BH,8,0,55072.17648,2142.0,2,62.91999816894531,https://heasarc.gsfc.nasa.gov/FTP/xte/data/archive/AO13/P94432/94432-01-05-00/stdprod/,data\raw\spectra\94432-01-05-00\xp94432010500_s2.pha.gz,data\raw\spectra\94432-01-05-00\xp94432010500_b2.pha.gz,data\raw\spectra\94432-01-05-00\xp94432010500.rsp.gz,2009-08-29T03:50:24,55072.1616963244,2144.0,2144.0,24,2,1,XTE_J1652-453,0.0,count,TOTAL/COUNT,TOTAL/COUNT,False,0,1.0,PCU2,0.27253485546154366,0.01643904151119403,1.0167138003692744,0.0008906879664179105,0.01643904151119403,0.02588958722014925,2,2144.0,105.00606343283582,std1_gof_recipe,29.813553787900577,0.0899208031081537,331.55346435286884,39.3469238613268,10.023476321741736,0.25474612340899117,0.38501836822526175,0,accepted,,True
94432-01-05-01,XTEJ1652-453,BH,9,0,55074.00851,1871.0,2,59.59000015258789,https://heasarc.gsfc.nasa.gov/FTP/xte/data/archive/AO13/P94432/94432-01-05-01/stdprod/,data\raw\spectra\94432-01-05-01\xp94432010501_s2.pha.gz,data\raw\spectra\94432-01-05-01\xp94432010501_b2.pha.gz,data\raw\spectra\94432-01-05-01\xp94432010501.rsp.gz,2009-08-30T23:54:56,55073.99655743551,1872.00000000001,1872.00000000001,24,2,1,XTE_J1652-453,0.0,count,TOTAL/COUNT,TOTAL/COUNT,False,0,1.0,PCU2,0.2727087665443406,0.015074038461538463,1.0153047427422794,0.0008536057692307647,0.015074038461538463,0.023874134615384617,2,1872.0,97.77884615384616,std1_gof_recipe,28.38171251805101,0.09448113833293312,300.39553945719183,37.82937260987501,9.875487117925418,0.2610534205726561,0.36878930586607217,0,accepted,,True
94432-01-07-00,XTEJ1652-453,BH,10,0,55087.33663,1263.0,1,59.59999847412109,https://heasarc.gsfc.nasa.gov/FTP/xte/data/archive/AO13/P94432/94432-01-07-00/stdprod/,data\raw\spectra\94432-01-07-00\xp94432010700_s2.pha.gz,data\raw\spectra\94432-01-07-00\xp94432010700_b2.pha.gz,data\raw\spectra\94432-01-07-00\xp94432010700.rsp.gz,2009-09-13T07:51:28,55087.327483361434,1264.0,1264.0,2,1,1,XTE_J1652-453,0.0,count,TOTAL/COUNT,TOTAL/COUNT,False,0,1.0,PCU2,0.2751659412778622,0.012074438291139241,1.0122220122235257,0.0009002215189873419,0.012074438291139241,0.018627420886075947,1,1264.0,72.81091772151899,std1_gof_recipe,40.01340335571523,0.18155797753631744,220.38912251989183,50.10748552345436,10.577221537376175,0.21109064697379756,0.552799885394136,0,accepted,,True
94432-01-10-00,XTEJ1652-453,BH,11,0,55106.12179,1536.0,1,53.0099983215332,https://heasarc.gsfc.nasa.gov/FTP/xte/data/archive/AO13/P94432/94432-01-10-00/stdprod/,data\raw\spectra\94432-01-10-00\xp94432011000_s2.pha.gz,data\raw\spectra\94432-01-10-00\xp94432011000_b2.pha.gz,data\raw\spectra\94432-01-10-00\xp94432011000.rsp.gz,2009-10-02T02:36:00,55106.10838613921,1728.0,1728.0,2,1,1,XTE_J1652-453,0.0,count,TOTAL/COUNT,TOTAL/COUNT,False,0,1.0,PCU2,0.2784958000040376,0.014577356770833334,1.0147929996037683,0.00080390625,0.014577356770833334,0.022694524739583333,1,1536.0,90.19075520833333,std1_gof_recipe,35.53208846251085,0.14690725217035006,241.8674907982671,44.649392692479196,9.635268160299178,0.21579841469875483,0.5490648939629866,0,accepted,,True
94432-01-10-02,XTEJ1652-453,BH,12,0,55110.88742,1152.0,1,56.470001220703125,https://heasarc.gsfc.nasa.gov/FTP/xte/data/archive/AO13/P94432/94432-01-10-02/stdprod/,data\raw\spectra\94432-01-10-02\xp94432011002_s2.pha.gz,data\raw\spectra\94432-01-10-02\xp94432011002_b2.pha.gz,data\raw\spectra\94432-01-10-02\xp94432011002.rsp.gz,2009-10-06T20:57:20,55110.873143083656,1248.0,1248.0,2,1,1,XTE_J1652-453,0.0,count,TOTAL/COUNT,TOTAL/COUNT,False,0,1.0,PCU2,0.2791980092620392,0.012519756944444446,1.0126784885393805,0.0008449839743589744,0.012519756944444446,0.018920186631944447,2,1152.0,71.11588541666667,std1_gof_recipe,37.30955192206387,0.17616511822433742,211.78739751732252,46.626117805326906,9.783672405033403,0.20983244725375025,0.5184234504520926,0,accepted,,True
94432-01-11-00,XTEJ1652-453,BH,13,0,55120.84445,1123.0,1,47.720001220703125,https://heasarc.gsfc.nasa.gov/FTP/xte/data/archive/AO13/P94432/94432-01-11-00/stdprod/,data\raw\spectra\94432-01-11-00\xp94432011100_s2.pha.gz,data\raw\spectra\94432-01-11-00\xp94432011100_b2.pha.gz,data\raw\spectra\94432-01-11-00\xp94432011100.rsp.gz,2009-10-16T20:03:44,55120.83599030588,1232.0,1232.0,2,1,1,XTE_J1652-453,0.0,count,TOTAL/COUNT,TOTAL/COUNT,False,0,1.0,PCU2,0.2809533796960153,0.01191643926056338,1.0120601533453766,0.0007399837662337664,0.01191643926056338,0.018463582746478874,2,1136.0,72.74603873239437,std1_gof_recipe,31.099384977957527,0.1656625160463634,187.7273490718555,40.102680791844534,9.373889746017706,0.2337472099352526,0.4952082252767151,0,accepted,,True
94432-01-12-00,XTEJ1652-453,BH,14,0,55133.01242,1280.0,1,33.65999984741211,https://heasarc.gsfc.nasa.gov/FTP/xte/data/archive/AO13/P94432/94432-01-12-00/stdprod/,data\raw\spectra\94432-01-12-00\xp94432011200_s2.pha.gz,data\raw\spectra\94432-01-12-00\xp94432011200_b2.pha.gz,data\raw\spectra\94432-01-12-00\xp94432011200.rsp.gz,2009-10-28T23:58:40,55132.99906900959,1328.0,1328.0,2,1,1,XTE_J1652-453,0.0,count,TOTAL/COUNT,TOTAL/COUNT,False,0,1.0,PCU2,0.2830588425386722,0.0160671640625,1.0163295333539621,0.0006152635542168675,0.0160671640625,0.025669179687499998,1,1280.0,106.6890625,std1_gof_recipe,22.819981847530247,0.1466539762993078,155.60424901781514,32.36214826712786,9.908818811845151,0.3061854463447386,0.5708359071741075,0,accepted,,True
50107-01-33-00,GRS1758-258,BH,0,0,51947.13742,1471.0,4,25.90999984741211,https://heasarc.gsfc.nasa.gov/FTP/xte/data/archive/AO5/P50107/50107-01-33-00/stdprod/,data\raw\spectra\50107-01-33-00\xp50107013300_s2.pha.gz,data\raw\spectra\50107-01-33-00\xp50107013300_b2.pha.gz,data\raw\spectra\50107-01-33-00\xp50107013300.rsp.gz,2001-02-07T03:02:24,51947.12673104664,1471.99999999998,1471.99999999998,1234,4,1,NEAR_GRS_1758-258,1.7075472925031877e-06,count,TOTAL/COUNT,TOTAL/COUNT,False,0,1.0,PCU1,0.293931916626164,0.016881570312500004,1.0171714513762764,0.000530521399456529,0.016881570312500004,0.02633949422554348,5,1472.0,105.08804347826087,std1_gof_recipe,16.086728962643743,0.06793963797673705,236.77972744205582,25.930805169346463,10.115645452783722,0.3901014791758843,0.5740874760254226,0,accepted,,True
60404-01-01-02,GRS1758-258,BH,1,0,51981.14913,1043.0,3,9.850000381469728,https://heasarc.gsfc.nasa.gov/FTP/xte/data/archive/AO6/P60404/60404-01-01-02/stdprod/,data\raw\spectra\60404-01-01-02\xp60404010102_s2.pha.gz,data\raw\spectra\60404-01-01-02\xp60404010102_b2.pha.gz,data\raw\spectra\60404-01-01-02\xp60404010102.rsp.gz,2001-03-13T03:25:04,51981.14240234294,1104.0,1104.0,234,3,1,NEAR_GRS_1758-258,1.7075472925031877e-06,count,TOTAL/COUNT,TOTAL/COUNT,False,0,1.0,PCU2,0.2698358848978444,0.011452805397727273,1.0115854917805267,0.00034588466183574883,0.011452805397727273,0.018068806818181817,4,1056.0,73.51112689393939,std1_gof_recipe,3.4107970954860285,0.06533082689946344,52.208080891657,12.565128671673085,9.193394771572793,0.7316594212280888,0.24702772318651975,6,accepted,,True
60086-01-74-00,GRS1758-258,BH,2,0,52227.6296,1031.0,1,9.460000038146973,https://heasarc.gsfc.nasa.gov/FTP/xte/data/archive/AO6/P60086/60086-01-74-00/stdprod/,data\raw\spectra\60086-01-74-00\xp60086017400_s2.pha.gz,data\raw\spectra\60086-01-74-00\xp60086017400_b2.pha.gz,data\raw\spectra\60086-01-74-00\xp60086017400.rsp.gz,2001-11-14T14:37:20,52227.611244935535,1040.0,1040.0,2,1,1,NEAR_GRS_1758-258,1.7075472925031877e-06,count,TOTAL/COUNT,TOTAL/COUNT,False,0,1.0,PCU2,0.22665245630746966,0.009870163461538461,1.009968554726161,0.00034091346153846156,0.009870163461538461,0.015268173076923075,3,1040.0,59.97788461538462,std1_gof_recipe,5.96504800834288,0.12539357733664877,47.57060237884669,14.826137062218764,8.919965052774153,0.6016378383216741,0.4402422715629332,0,accepted,,True
70102-01-18-00,GRS1758-258,BH,3,0,52393.74288,1575.0,2,24.15999984741211,https://heasarc.gsfc.nasa.gov/FTP/xte/data/archive/AO7/P70102/70102-01-18-00/stdprod/,data\raw\spectra\70102-01-18-00\xp70102011800_s2.pha.gz,data\raw\spectra\70102-01-18-00\xp70102011800_b2.pha.gz,data\raw\spectra\70102-01-18-00\xp70102011800.rsp.gz,2002-04-29T17:21:20,52393.72454354665,1600.0,1600.0,24,2,1,NEAR_GRS_1758-258,1.7075472925031877e-06,count,TOTAL/COUNT,TOTAL/COUNT,False,0,1.0,PCU2,0.19751402965982123,0.01027436862244898,1.010381027121778,0.00048809687500000006,0.01027436862244898,0.015573979591836734,3,1568.0,58.88456632653061,std1_gof_recipe,14.919210299899653,0.08723281995035422,171.02749066682065,24.126987493193127,9.361062659470475,0.3879913587268814,0.6021618376530041,0,accepted,,True
70103-01-06-00,GRS1758-258,BH,4,0,52521.37179,11717.0,1,39.79999923706055,https://heasarc.gsfc.nasa.gov/FTP/xte/data/archive/AO7/P70103/70103-01-06-00/stdprod/,data\raw\spectra\70103-01-06-00\xp70103010600_s2.pha.gz,data\raw\spectra\70103-01-06-00\xp70103010600_b2.pha.gz,data\raw\spectra\70103-01-06-00\xp70103010600.rsp.gz,2002-09-04T06:16:32,52521.261569009606,11759.9999999986,11759.9999999986,2,1,5,GRS_1758-258,1.7075472925031877e-06,count,TOTAL/COUNT,TOTAL/COUNT,False,0,1.0,PCU2,0.17504416399702194,0.008754940232240438,1.0088322661948919,0.0006617083333334123,0.008754940232240438,0.013350262465846995,5,11712.0,51.05913592896175,std1_gof_recipe,26.963050608212587,0.054157407302624645,497.86450185007044,36.18665230895902,9.459661597300205,0.2614130071092042,0.6662911029492573,0,accepted,,True
80102-01-07-00,GRS1758-258,BH,5,0,52776.98117,1472.0,3,29.450000762939453,https://heasarc.gsfc.nasa.gov/FTP/xte/data/archive/AO8/P80102/80102-01-07-00/stdprod/,data\raw\spectra\80102-01-07-00\xp80102010700_s2.pha.gz,data\raw\spectra\80102-01-07-00\xp80102010700_b2.pha.gz,data\raw\spectra\80102-01-07-00\xp80102010700.rsp.gz,2003-05-17T23:18:24,52776.97117549109,1472.0,1472.0,123,3,1,NEAR_GRS_1758-258,1.7075472925031877e-06,count,TOTAL/COUNT,TOTAL/COUNT,False,0,1.0,PCU1,0.5210756667395842,0.010358776041666668,1.0104672034580715,0.000526184329710145,0.010358776041666668,0.015847920063405796,4,1472.0,60.99048913043478,std1_gof_recipe,17.731568812153785,0.0692892789598266,255.9063837629832,26.216405016371837,8.66851355441056,0.33065225949161126,0.48076266851762123,0,accepted,,True
80102-01-42-00,GRS1758-258,BH,6,0,52898.74679,1288.0,1,38.06999969482422,https://heasarc.gsfc.nasa.gov/FTP/xte/data/archive/AO8/P80102/80102-01-42-00/stdprod/,data\raw\spectra\80102-01-42-00\xp80102014200_s2.pha.gz,data\raw\spectra\80102-01-42-00\xp80102014200_b2.pha.gz,data\raw\spectra\80102-01-42-00\xp80102014200.rsp.gz,2003-09-16T17:32:16,52898.732205583685,1296.0,1296.0,2,1,1,NEAR_GRS_1758-258,1.7075472925031877e-06,count,TOTAL/COUNT,TOTAL/COUNT,False,0,1.0,PCU2,0.10885994415232858,0.009736538065843622,1.0098322703402856,0.000612908950617284,0.009736538065843622,0.014920751028806583,3,1296.0,57.602366255144034,std1_gof_recipe,25.70825385623784,0.16596646427695178,154.90029246714522,33.875986152427096,8.418041688466891,0.24849584158493251,0.6326629340288361,0,accepted,,True
90102-01-15-00,GRS1758-258,BH,7,0,53113.85617,1357.0,1,37.41999816894531,https://heasarc.gsfc.nasa.gov/FTP/xte/data/archive/AO9/P90102/90102-01-15-00/stdprod/,data\raw\spectra\90102-01-15-00\xp90102011500_s2.pha.gz,data\raw\spectra\90102-01-15-00\xp90102011500_b2.pha.gz,data\raw\spectra\90102-01-15-00\xp90102011500.rsp.gz,2004-04-18T20:01:20,53113.83561993553,1360.0,1360.0,2,1,1,NEAR_GRS_1758-258,1.7075472925031877e-06,count,TOTAL/COUNT,TOTAL/COUNT,False,0,1.0,PCU2,0.07111394944047333,0.011714517156862746,1.0118533737065145,0.0006225588235294118,0.011714517156862746,0.01809273774509804,3,1360.0,70.86911764705881,std1_gof_recipe,24.316852566692088,0.16676380817047637,145.81612661323902,32.95124664979593,8.919254269697266,0.2706803285620911,0.5998839316668745,0,accepted,,True
90102-01-41-00,GRS1758-258,BH,8,0,53202.45773,1223.0,2,37.52000045776367,https://heasarc.gsfc.nasa.gov/FTP/xte/data/archive/AO9/P90102/90102-01-41-00/stdprod/,data\raw\spectra\90102-01-41-00\xp90102014100_s2.pha.gz,data\raw\spectra\90102-01-41-00\xp90102014100_b2.pha.gz,data\raw\spectra\90102-01-41-00\xp90102014100.rsp.gz,2004-07-16T10:31:44,53202.438791231834,1296.0,1296.0,23,2,1,NEAR_GRS_1758-258,1.7075472925031877e-06,count,TOTAL/COUNT,TOTAL/COUNT,False,0,1.0,PCU2,0.0554841212035484,0.013163745941558443,1.0133393416460141,0.0006187307098765432,0.013163745941558443,0.0206846387987013,3,1232.0,83.56547619047619,std1_gof_recipe,26.244280417916613,0.12474940624888968,210.37599462041686,34.627873322527535,8.729065944451396,0.252082068775867,0.6763504259888373,0,accepted,,True
91105-01-04-00,GRS1758-258,BH,9,0,53445.28585,1232.0,1,41.43000030517578,https://heasarc.gsfc.nasa.gov/FTP/xte/data/archive/AO10/P91105/91105-01-04-00/stdprod/,data\raw\spectra\91105-01-04-00\xp91105010400_s2.pha.gz,data\raw\spectra\91105-01-04-00\xp91105010400_b2.pha.gz,data\raw\spectra\91105-01-04-00\xp91105010400.rsp.gz,2005-03-16T06:34:40,53445.27427734294,1232.0,1232.0,2,1,1,NEAR_GRS_1758-258,0.0005363479163742605,count,TOTAL/COUNT,TOTAL/COUNT,False,0,1.0,PCU2,0.012818906503760275,0.010896396103896104,1.0110164355492943,0.0006938230519480521,0.010896396103896104,0.016442792207792208,3,1232.0,61.62662337662338,std1_gof_recipe,27.75187096061197,0.19564536565147878,141.84783201074617,37.32942061509619,9.879945033095256,0.2646691234500372,0.6666227624932504,0,accepted,,True
91105-01-36-00,GRS1758-258,BH,10,0,53558.63351,1234.0,1,39.709999084472656,https://heasarc.gsfc.nasa.gov/FTP/xte/data/archive/AO10/P91105/91105-01-36-00/stdprod/,data\raw\spectra\91105-01-36-00\xp91105013600_s2.pha.gz,data\raw\spectra\91105-01-36-00\xp91105013600_b2.pha.gz,data\raw\spectra\91105-01-36-00\xp91105013600.rsp.gz,2005-07-07T14:46:24,53558.61810836146,1232.0,1232.0,2,1,1,NEAR_GRS_1758-258,0.0005363479163742605,count,TOTAL/COUNT,TOTAL/COUNT,False,0,1.0,PCU2,0.007025810807277821,0.010819472402597403,1.0109378137769014,0.0006566477272727274,0.010819472402597403,0.01649721590909091,2,1232.0,63.08603896103896,std1_gof_recipe,26.745486372871877,0.19190955630038303,139.36505762646325,35.69633779292647,9.24022347175993,0.25885634334149976,0.6478587396870621,0,accepted,,True
92095-01-17-00,GRS1758-258,BH,11,0,53853.91867,1350.0,1,34.04999923706055,https://heasarc.gsfc.nasa.gov/FTP/xte/data/archive/AO11/P92095/92095-01-17-00/stdprod/,data\raw\spectra\92095-01-17-00\xp92095011700_s2.pha.gz,data\raw\spectra\92095-01-17-00\xp92095011700_b2.pha.gz,data\raw\spectra\92095-01-17-00\xp92095011700.rsp.gz,2006-04-28T21:52:00,53853.9112102133,1440.0,1440.0,2,1,1,NEAR_GRS_1758-258,0.0005363479163742605,count,TOTAL/COUNT,TOTAL/COUNT,False,0,1.0,PCU2,0.05875485669241698,0.010689125,1.010804616900628,0.0006030972222222222,0.010689125,0.016365676470588234,1,1360.0,63.07279411764706,std1_gof_recipe,23.26435295477274,0.16353749035334852,142.2570011592231,32.36715829440097,9.35148091640592,0.28891881181992995,0.6698913532132053,0,accepted,,True
92095-01-46-00,GRS1758-258,BH,12,0,53952.75851,1414.0,1,41.7599983215332,https://heasarc.gsfc.nasa.gov/FTP/xte/data/archive/AO11/P92095/92095-01-46-00/stdprod/,data\raw\spectra\92095-01-46-00\xp92095014600_s2.pha.gz,data\raw\spectra\92095-01-46-00\xp92095014600_b2.pha.gz,data\raw\spectra\92095-01-46-00\xp92095014600.rsp.gz,2006-08-05T17:59:12,53952.749439379964,1504.0,1504.0,2,1,1,NEAR_GRS_1758-258,0.0005363479163742605,count,TOTAL/COUNT,TOTAL/COUNT,False,0,1.0,PCU2,0.0761121642585465,0.010805435393258428,1.010923468223417,0.0007137898936170214,0.010805435393258428,0.016065884831460674,2,1424.0,58.449438202247194,std1_gof_recipe,25.16073697448458,0.1657394001407345,151.8090264180986,35.38735861364912,10.498494356989111,0.2966735797268513,0.4995907443066387,0,accepted,,True
92095-01-75-00,GRS1758-258,BH,13,0,54056.55538,1294.0,1,27.07999992370605,https://heasarc.gsfc.nasa.gov/FTP/xte/data/archive/AO11/P92095/92095-01-75-00/stdprod/,data\raw\spectra\92095-01-75-00\xp92095017500_s2.pha.gz,data\raw\spectra\92095-01-75-00\xp92095017500_b2.pha.gz,data\raw\spectra\92095-01-75-00\xp92095017500.rsp.gz,2006-11-17T13:07:28,54056.54684678737,1296.0,1296.0,2,1,1,NEAR_GRS_1758-258,0.0005363479163742605,count,TOTAL/COUNT,TOTAL/COUNT,False,0,1.0,PCU2,0.09434928253070751,0.011121057098765432,1.0112461259071184,0.0005769367283950617,0.011121057098765432,0.016727376543209875,2,1296.0,62.29243827160494,std1_gof_recipe,18.57353610286908,0.16333404883370337,113.71502901871678,29.110420930512515,10.743442183169421,0.36905829045943217,0.6397061010758542,0,accepted,,True
91105-01-86-00,GRS1758-258,BH,14,0,55515.29757,1408.0,1,20.6299991607666,https://heasarc.gsfc.nasa.gov/FTP/xte/data/archive/AO10/P91105/91105-01-86-00/stdprod/,data\raw\spectra\91105-01-86-00\xp91105018600_s2.pha.gz,data\raw\spectra\91105-01-86-00\xp91105018600_b2.pha.gz,data\raw\spectra\91105-01-86-00\xp91105018600.rsp.gz,2010-11-15T06:54:24,55515.28777271329,1408.0,1408.0,2,1,1,NEAR_GRS_1758-258,0.0005363479163742605,count,TOTAL/COUNT,TOTAL/COUNT,False,0,1.0,PCU2,0.35023950565732775,0.016638167613636366,1.0169196800868912,0.0004806534090909091,0.016638167613636366,0.026343018465909092,1,1408.0,107.83167613636364,std1_gof_recipe,13.81981806480012,0.12136387718961139,113.87093412654322,23.44367196066065,9.853790345212637,0.4203177028644515,0.663409201646155,0,accepted,,True
50107-02-29-00,1E1740.7-2942,BH,0,0,51861.0046,1393.0,4,49.08000183105469,https://heasarc.gsfc.nasa.gov/FTP/xte/data/archive/AO5/P50107/50107-02-29-00/stdprod/,data\raw\spectra\50107-02-29-00\xp50107022900_s2.pha.gz,data\raw\spectra\50107-02-29-00\xp50107022900_b2.pha.gz,data\raw\spectra\50107-02-29-00\xp50107022900.rsp.gz,2000-11-12T23:55:28,51860.996846787384,1423.99999999999,1423.99999999999,1234,4,1,NEAR_1E_1740.7-2942,6.9360898910140305e-06,count,TOTAL/COUNT,TOTAL/COUNT,False,0,1.0,PCU1,0.270100260522824,0.011424432173295456,1.0115564581455427,0.0007388448033707918,0.011424432173295456,0.017663413707386364,5,1408.0,69.32201704545454,std1_gof_recipe,37.404619187640705,0.08820817285958917,424.049359317099,46.33876231236496,9.361469659601415,0.2020224363459836,0.6249362096467987,0,accepted,,True
60086-02-36-00,1E1740.7-2942,BH,1,0,52095.48117,1321.0,3,40.290000915527344,https://heasarc.gsfc.nasa.gov/FTP/xte/data/archive/AO6/P60086/60086-02-36-00/stdprod/,data\raw\spectra\60086-02-36-00\xp60086023600_s2.pha.gz,data\raw\spectra\60086-02-36-00\xp60086023600_b2.pha.gz,data\raw\spectra\60086-02-36-00\xp60086023600.rsp.gz,2001-07-05T11:20:16,52095.47242549109,1360.0,1360.0,234,3,1,NEAR_1E_1740.7-2942,6.9360898910140305e-06,count,TOTAL/COUNT,TOTAL/COUNT,False,0,1.0,PCU2,0.24982344149829316,0.010886114457831325,1.011005926230491,0.0006462769607843138,0.010886114457831325,0.016696078689759038,4,1328.0,64.55515813253012,std1_gof_recipe,29.720438737572387,0.0896000457402633,331.7011558646672,38.470774970282164,9.07387633054396,0.23586414200268468,0.5693310777104373,0,accepted,,True
60086-02-78-00,1E1740.7-2942,BH,2,0,52294.59445,1152.0,4,42.52000045776367,https://heasarc.gsfc.nasa.gov/FTP/xte/data/archive/AO6/P60086/60086-02-78-00/stdprod/,data\raw\spectra\60086-02-78-00\xp60086027800_s2.pha.gz,data\raw\spectra\60086-02-78-00\xp60086027800_b2.pha.gz,data\raw\spectra\60086-02-78-00\xp60086027800.rsp.gz,2002-01-20T13:56:48,52294.581152342944,1248.0,1248.0,1234,4,2,NEAR_1E_1740.7-2942,6.9360898910140305e-06,count,TOTAL/COUNT,TOTAL/COUNT,False,0,1.0,PCU1,0.3890002725270776,0.014992751760563382,1.0152209557720115,0.0006800981570512821,0.014992751760563382,0.023474507042253522,5,1136.0,94.24172535211268,std1_gof_recipe,31.270748160715055,0.08238063660213328,379.5885714229269,40.5081104591438,9.706196862969437,0.23961119768247496,0.5996158021165633,0,accepted,,True
70102-02-37-00,1E1740.7-2942,BH,3,0,52461.46945,1196.0,3,30.690000534057617,https://heasarc.gsfc.nasa.gov/FTP/xte/data/archive/AO7/P70102/70102-02-37-00/stdprod/,data\raw\spectra\70102-02-37-00\xp70102023700_s2.pha.gz,data\raw\spectra\70102-02-37-00\xp70102023700_b2.pha.gz,data\raw\spectra\70102-02-37-00\xp70102023700.rsp.gz,2002-07-06T11:05:52,52461.46240234294,1216.0,1216.0,234,3,1,NEAR_1E_1740.7-2942,6.9360898910140305e-06,count,TOTAL/COUNT,TOTAL/COUNT,False,0,1.0,PCU2,0.18557690948198768,0.013098665972222224,1.0132725182554607,0.0005534210526315789,0.013098665972222224,0.020524884722222223,4,1200.0,82.51354166666667,std1_gof_recipe,21.294315487109664,0.09043293097475982,235.47080977672823,30.250343936402853,9.234955574965964,0.3052843165810338,0.4553256273393245,0,accepted,,True
70102-02-60-00,1E1740.7-2942,BH,4,0,52541.96554,1336.0,2,23.96999931335449,https://heasarc.gsfc.nasa.gov/FTP/xte/data/archive/AO7/P70102/70102-02-60-00/stdprod/,data\raw\spectra\70102-02-60-00\xp70102026000_s2.pha.gz,data\raw\spectra\70102-02-60-00\xp70102026000_b2.pha.gz,data\raw\spectra\70102-02-60-00\xp70102026000.rsp.gz,2002-09-24T22:58:08,52541.95711299109,1328.0,1328.0,12,2,1,NEAR_1E_1740.7-2942,6.9360898910140305e-06,count,TOTAL/COUNT,TOTAL/COUNT,False,0,1.0,PCU1,0.45668016997571215,0.01125558609437751,1.0113837164954662,0.00048460466867469886,0.01125558609437751,0.017306730672690764,3,1328.0,67.23493975903615,std1_gof_recipe,16.83682865255462,0.09093972268513,185.14273142057527,25.83380975050681,9.186489472407303,0.35559948614342807,0.42173629771622,0,accepted,,True
80102-02-11-00,1E1740.7-2942,BH,5,0,52791.29367,1287.0,2,34.31999969482422,https://heasarc.gsfc.nasa.gov/FTP/xte/data/archive/AO8/P80102/80102-02-11-00/stdprod/,data\raw\spectra\80102-02-11-00\xp80102021100_s2.pha.gz,data\raw\spectra\80102-02-11-00\xp80102021100_b2.pha.gz,data\raw\spectra\80102-02-11-00\xp80102021100.rsp.gz,2003-06-01T06:49:04,52791.28415002813,1312.0,1312.0,23,2,1,NEAR_1E_1740.7-2942,6.9360898910140305e-06,count,TOTAL/COUNT,TOTAL/COUNT,False,0,1.0,PCU2,0.12764618210712086,0.011594899691358025,1.0117309185148249,0.0005756250000000001,0.011594899691358025,0.01798172839506173,3,1296.0,70.9647633744856,std1_gof_recipe,26.386801330733377,0.11602441710821797,227.42455414468452,34.51003100627996,8.429181990152221,0.2442530981388664,0.6120310739076816,0,accepted,,True
80102-02-21-00,1E1740.7-2942,BH,6,0,52825.83663,1466.0,3,41.02000045776367,https://heasarc.gsfc.nasa.gov/FTP/xte/data/archive/AO8/P80102/80102-02-21-00/stdprod/,data\raw\spectra\80102-02-21-00\xp80102022100_s2.pha.gz,data\raw\spectra\80102-02-21-00\xp80102022100_b2.pha.gz,data\raw\spectra\80102-02-21-00\xp80102022100.rsp.gz,2003-07-05T19:50:24,52825.8266616022,1472.0,1472.0,234,3,1,NEAR_1E_1740.7-2942,6.9360898910140305e-06,count,TOTAL/COUNT,TOTAL/COUNT,False,0,1.0,PCU2,0.12167660162072025,0.011347022758152173,1.0114772554367946,0.0006360122282608697,0.011347022758152173,0.017501796875,4,1472.0,68.38637907608695,std1_gof_recipe,30.322092538294946,0.09433586959505907,321.42696800754453,38.580236954417025,8.6022098902289,0.22296933791237483,0.5653743409079848,0,accepted,,True
90102-02-09-00,1E1740.7-2942,BH,7,0,53091.45382,1224.0,2,20.399999618530277,https://heasarc.gsfc.nasa.gov/FTP/xte/data/archive/AO9/P90102/90102-02-09-00/stdprod/,data\raw\spectra\90102-02-09-00\xp90102020900_s2.pha.gz,data\raw\spectra\90102-02-09-00\xp90102020900_b2.pha.gz,data\raw\spectra\90102-02-09-00\xp90102020900.rsp.gz,2004-03-27T10:41:20,53091.445457898495,1296.0,1296.0,23,2,1,NEAR_1E_1740.7-2942,6.9360898910140305e-06,count,TOTAL/COUNT,TOTAL/COUNT,False,0,1.0,PCU2,0.07497281833322944,0.01067313988095238,1.0107882847531988,0.00043319058641975316,0.01067313988095238,0.016742344426406923,3,1232.0,67.43560606060606,std1_gof_recipe,13.71264258042,0.10218326376595672,134.19656091459169,21.89725287114583,8.330967243124153,0.3804571875818235,0.39148335997119393,0,accepted,,True
90102-02-42-00,1E1740.7-2942,BH,8,0,53208.21554,1280.0,1,28.36000061035156,https://heasarc.gsfc.nasa.gov/FTP/xte/data/archive/AO9/P90102/90102-02-42-00/stdprod/,data\raw\spectra\90102-02-42-00\xp90102024200_s2.pha.gz,data\raw\spectra\90102-02-42-00\xp90102024200_b2.pha.gz,data\raw\spectra\90102-02-42-00\xp90102024200.rsp.gz,2004-07-22T04:53:20,53208.20375650961,1408.0,1408.0,2,1,1,NEAR_1E_1740.7-2942,6.9360898910140305e-06,count,TOTAL/COUNT,TOTAL/COUNT,False,0,1.0,PCU2,0.054431768256471,0.01579500390625,1.0160484898663789,0.0005601136363636364,0.01579500390625,0.0247766171875,2,1280.0,99.795703125,std1_gof_recipe,19.913288820699,0.16177370666994367,123.09348181856761,29.436560132944518,9.83780178695474,0.3342035123167998,0.44320175899539255,0,accepted,,True
90102-02-73-00,1E1740.7-2942,BH,9,0,53315.48117,1632.0,2,17.34000015258789,https://heasarc.gsfc.nasa.gov/FTP/xte/data/archive/AO9/P90102/90102-02-73-00/stdprod/,data\raw\spectra\90102-02-73-00\xp90102027300_s2.pha.gz,data\raw\spectra\90102-02-73-00\xp90102027300_b2.pha.gz,data\raw\spectra\90102-02-73-00\xp90102027300.rsp.gz,2004-11-06T11:16:48,53315.469994935534,1632.0,1632.0,23,2,1,NEAR_1E_1740.7-2942,6.9360898910140305e-06,count,TOTAL/COUNT,TOTAL/COUNT,False,0,1.0,PCU2,0.03564642259388506,0.011062405024509805,1.011186150754825,0.00040854473039215685,0.011062405024509805,0.017608085171568626,3,1632.0,72.72977941176471,std1_gof_recipe,12.286802013442625,0.09262883197151787,132.64554622928475,20.676749649746466,8.525869216632508,0.41234088341041797,0.4051670296493089,0,accepted,,True
91105-02-22-00,1E1740.7-2942,BH,10,0,53509.4421,1449.0,1,37.209999084472656,https://heasarc.gsfc.nasa.gov/FTP/xte/data/archive/AO10/P91105/91105-02-22-00/stdprod/,data\raw\spectra\91105-02-22-00\xp91105022200_s2.pha.gz,data\raw\spectra\91105-02-22-00\xp91105022200_b2.pha.gz,data\raw\spectra\91105-02-22-00\xp91105022200.rsp.gz,2005-05-19T10:21:04,53509.43129123183,1488.0,1488.0,2,1,1,NEAR_1E_1740.7-2942,0.00013217232288149588,count,TOTAL/COUNT,TOTAL/COUNT,False,0,1.0,PCU2,0.0015791075492757045,0.010638080357142858,1.010752465953999,0.0006127620967741936,0.010638080357142858,0.016222160027472527,2,1456.0,62.04532967032967,std1_gof_recipe,26.816086149166257,0.1733674357997678,154.67775724697069,35.21403045610455,8.683215986257188,0.24658398580875607,0.4839175395985029,0,accepted,,True
90102-02-86-00,1E1740.7-2942,BH,11,0,53788.74288,1152.0,1,20.770000457763672,https://heasarc.gsfc.nasa.gov/FTP/xte/data/archive/AO9/P90102/90102-02-86-00/stdprod/,data\raw\spectra\90102-02-86-00\xp90102028600_s2.pha.gz,data\raw\spectra\90102-02-86-00\xp90102028600_b2.pha.gz,data\raw\spectra\90102-02-86-00\xp90102028600.rsp.gz,2006-02-22T17:35:44,53788.73314308367,1280.0,1280.0,2,1,1,NEAR_1E_1740.7-2942,6.9360898910140305e-06,count,TOTAL/COUNT,TOTAL/COUNT,False,0,1.0,PCU2,0.04735437045763291,0.012263020833333332,1.012415269542383,0.0004616796875,0.012263020833333332,0.01883524739583333,2,1152.0,73.02473958333333,std1_gof_recipe,13.235711619721785,0.15199464919616443,87.08011558117262,22.200486970303103,9.12708515791796,0.41112094388411285,0.41976964867684446,0,accepted,,True
92095-02-47-00,1E1740.7-2942,BH,12,0,53961.28195,1226.0,1,30.030000686645508,https://heasarc.gsfc.nasa.gov/FTP/xte/data/archive/AO11/P92095/92095-02-47-00/stdprod/,data\raw\spectra\92095-02-47-00\xp92095024700_s2.pha.gz,data\raw\spectra\92095-02-47-00\xp92095024700_b2.pha.gz,data\raw\spectra\92095-02-47-00\xp92095024700.rsp.gz,2006-08-14T06:23:44,53961.266476417004,1296.0,1296.0,2,1,1,NEAR_1E_1740.7-2942,0.00013217232288149588,count,TOTAL/COUNT,TOTAL/COUNT,False,0,1.0,PCU2,0.07769091361206648,0.018935,1.0193004540983523,0.0005881327160493828,0.018935,0.03017411525974026,1,1232.0,124.87905844155844,std1_gof_recipe,21.969842338748467,0.1718045641554039,127.87694230798137,31.785365322137082,10.231521948072809,0.3218941120977777,0.544065359059819,0,accepted,,True
80102-02-75-00,1E1740.7-2942,BH,13,0,54207.84835,1462.0,1,36.61000061035156,https://heasarc.gsfc.nasa.gov/FTP/xte/data/archive/AO8/P80102/80102-02-75-00/stdprod/,data\raw\spectra\80102-02-75-00\xp80102027500_s2.pha.gz,data\raw\spectra\80102-02-75-00\xp80102027500_b2.pha.gz,data\raw\spectra\80102-02-75-00\xp80102027500.rsp.gz,2007-04-17T20:09:04,54207.839717157745,1552.0,1552.0,2,1,1,NEAR_1E_1740.7-2942,6.9360898910140305e-06,count,TOTAL/COUNT,TOTAL/COUNT,False,0,1.0,PCU2,0.12082871121344141,0.012001100543478261,1.0121468764287893,0.0006124484536082475,0.012001100543478261,0.018594884510869564,1,1472.0,73.26426630434783,std1_gof_recipe,26.759070903732283,0.15485604332891462,172.79965527012692,35.325361199854264,8.887428596487728,0.251587762859857,0.5358136769520914,0,accepted,,True
91105-02-83-00,1E1740.7-2942,BH,14,0,55213.0632,1358.0,1,42.58000183105469,https://heasarc.gsfc.nasa.gov/FTP/xte/data/archive/AO10/P91105/91105-02-83-00/stdprod/,data\raw\spectra\91105-02-83-00\xp91105028300_s2.pha.gz,data\raw\spectra\91105-02-83-00\xp91105028300_b2.pha.gz,data\raw\spectra\91105-02-83-00\xp91105028300.rsp.gz,2010-01-17T01:19:28,55213.05646484292,1360.0,1360.0,2,1,1,NEAR_1E_1740.7-2942,0.00013217232288149588,count,TOTAL/COUNT,TOTAL/COUNT,False,0,1.0,PCU2,0.2972665078586445,0.01146516911764706,1.0115981437977388,0.0006761323529411765,0.01146516911764706,0.01767516911764706,1,1360.0,69.0,std1_gof_recipe,32.16083595280818,0.1557679501082981,206.46632333832645,40.79290929270799,9.000802763063664,0.22064625737965246,0.6274575703365517,0,accepted,,True
50128-01-01-01,4U1957+11,BH,0,0,51728.59445,2816.0,3,53.43999862670898,https://heasarc.gsfc.nasa.gov/FTP/xte/data/archive/AO5/P50128/50128-01-01-01/stdprod/,data\raw\spectra\50128-01-01-01\xp50128010101_s2.pha.gz,data\raw\spectra\50128-01-01-01\xp50128010101_b2.pha.gz,data\raw\spectra\50128-01-01-01\xp50128010101.rsp.gz,2000-07-03T13:43:44,51728.57203197257,3023.99999999973,3023.99999999973,123,3,1,V1408_AQL,5.7905745997743736e-06,count,TOTAL/COUNT,TOTAL/COUNT,False,0,1.0,PCU1,0.23394041212213068,0.012416631451231059,1.012572742561954,0.0007981128747796128,0.012416631451231059,0.019145034327651512,4,2816.0,74.76003196022727,std1_gof_recipe,20.46783268827302,0.06139839678417633,333.3610283053517,29.7220376287951,9.508346475617818,0.31990897105944066,0.0634770624887042,0,accepted,,True
50128-01-05-01,4U1957+11,BH,1,0,51733.64132,10072.0,1,54.90999984741211,https://heasarc.gsfc.nasa.gov/FTP/xte/data/archive/AO5/P50128/50128-01-05-01/stdprod/,data\raw\spectra\50128-01-05-01\xp50128010501_s2.pha.gz,data\raw\spectra\50128-01-05-01\xp50128010501_b2.pha.gz,data\raw\spectra\50128-01-05-01\xp50128010501.rsp.gz,2000-07-08T13:15:28,51733.55249493553,10127.9999999989,10127.9999999989,2,1,3,V1408_AQL,5.7905745997743736e-06,count,TOTAL/COUNT,TOTAL/COUNT,False,0,1.0,PCU2,0.3133627252284583,0.010935285714285713,1.0110561882921716,0.0008225424565561716,0.010935285714285713,0.01675335357142857,5,10080.0,64.64519841269842,std1_gof_recipe,20.781359741341923,0.05089965059437301,408.2809901182174,30.20346048276327,9.649350847724273,0.319478321142408,0.09955772475518296,0,accepted,,True
50128-01-02-14,4U1957+11,BH,2,0,51755.89913,2136.0,3,87.55000305175781,https://heasarc.gsfc.nasa.gov/FTP/xte/data/archive/AO5/P50128/50128-01-02-14/stdprod/,data\raw\spectra\50128-01-02-14\xp50128010214_s2.pha.gz,data\raw\spectra\50128-01-02-14\xp50128010214_b2.pha.gz,data\raw\spectra\50128-01-02-14\xp50128010214.rsp.gz,2000-07-30T21:17:52,51755.8875991022,2207.99999999991,2207.99999999991,234,3,1,V1408_AQL,5.7905745997743736e-06,count,TOTAL/COUNT,TOTAL/COUNT,False,0,1.0,PCU2,0.3095024821615411,0.011006136116293532,1.0111286192141509,0.0011229921497584998,0.011006136116293532,0.016520273243159203,4,2144.0,61.26819029850746,std1_gof_recipe,36.489605519928666,0.07484006126259822,487.5678200194709,45.41693312320093,9.328937168454443,0.2054065857584034,0.08301510830198505,0,accepted,,True
50128-01-02-00,4U1957+11,BH,3,0,51756.19992,6562.0,1,85.19000244140625,https://heasarc.gsfc.nasa.gov/FTP/xte/data/archive/AO5/P50128/50128-01-02-00/stdprod/,data\raw\spectra\50128-01-02-00\xp50128010200_s2.pha.gz,data\raw\spectra\50128-01-02-00\xp50128010200_b2.pha.gz,data\raw\spectra\50128-01-02-00\xp50128010200.rsp.gz,2000-07-31T03:24:32,51756.14205512072,6559.99999999977,6559.99999999977,2,1,3,V1408_AQL,5.7905745997743736e-06,count,TOTAL/COUNT,TOTAL/COUNT,False,0,1.0,PCU2,0.3093256524875301,0.011217164939024391,1.0113444171371893,0.0011277042682927227,0.011217164939024391,0.01707185975609756,5,6560.0,65.05216463414635,std1_gof_recipe,34.898922384527125,0.07445095036938244,468.7505291924268,44.13493796700125,9.627482551055579,0.21813744381500755,0.07901258455132555,0,accepted,,True
50128-01-02-10,4U1957+11,BH,4,0,51757.89913,2608.0,1,86.97000122070312,https://heasarc.gsfc.nasa.gov/FTP/xte/data/archive/AO5/P50128/50128-01-02-10/stdprod/,data\raw\spectra\50128-01-02-10\xp50128010210_s2.pha.gz,data\raw\spectra\50128-01-02-10\xp50128010210_b2.pha.gz,data\raw\spectra\50128-01-02-10\xp50128010210.rsp.gz,2000-08-01T21:03:28,51757.87748336146,2608.0,2608.0,2,1,1,V1408_AQL,5.7905745997743736e-06,count,TOTAL/COUNT,TOTAL/COUNT,False,0,1.0,PCU2,0.3091495227926728,0.011202580521472393,1.0113295001592746,0.0011378719325153375,0.011202580521472393,0.01685323811349693,4,2608.0,62.78508435582822,std1_gof_recipe,36.21691747570777,0.1189066176678358,304.5828582634424,45.147210066751484,9.336015525304854,0.20679053061089,0.09230810755635425,0,accepted,,True
50128-01-04-02,4U1957+11,BH,5,0,51821.58273,9544.0,1,45.36000061035156,https://heasarc.gsfc.nasa.gov/FTP/xte/data/archive/AO5/P50128/50128-01-04-02/stdprod/,data\raw\spectra\50128-01-04-02\xp50128010402_s2.pha.gz,data\raw\spectra\50128-01-04-02\xp50128010402_b2.pha.gz,data\raw\spectra\50128-01-04-02\xp50128010402.rsp.gz,2000-10-04T11:57:04,51821.49800419479,9471.9999999991,9471.9999999991,2,1,7,V1408_AQL,5.7905745997743736e-06,count,TOTAL/COUNT,TOTAL/COUNT,False,0,1.0,PCU2,0.2979153967670314,0.009946644214527027,1.0100465739107927,0.0007211697635135821,0.009946644214527027,0.015172502956081082,5,9472.0,58.065097128378376,std1_gof_recipe,15.972414910649626,0.04936317881794394,323.5694153643832,25.28512991053651,9.471586928249922,0.37459119101868,0.055511613313540854,1,accepted,,True
50128-01-04-06,4U1957+11,BH,6,0,51823.68429,6575.0,1,43.7400016784668,https://heasarc.gsfc.nasa.gov/FTP/xte/data/archive/AO5/P50128/50128-01-04-06/stdprod/,data\raw\spectra\50128-01-04-06\xp50128010406_s2.pha.gz,data\raw\spectra\50128-01-04-06\xp50128010406_b2.pha.gz,data\raw\spectra\50128-01-04-06\xp50128010406.rsp.gz,2000-10-06T14:53:04,51823.62018012072,6559.99999999977,6559.99999999977,2,1,3,V1408_AQL,5.7905745997743736e-06,count,TOTAL/COUNT,TOTAL/COUNT,False,0,1.0,PCU2,0.29756656571780127,0.013756419207317072,1.0139482978396275,0.0007097713414634397,0.013756419207317072,0.02120817225609756,3,6560.0,82.79725609756098,std1_gof_recipe,15.40522718443064,0.05926955420191114,259.91805391264273,24.84623920209132,9.652932780793662,0.3885067958285281,0.05218937615893215,0,accepted,,True
70054-01-01-00,4U1957+11,BH,7,0,52340.22335,6478.0,1,77.63999938964844,https://heasarc.gsfc.nasa.gov/FTP/xte/data/archive/AO7/P70054/70054-01-01-00/stdprod/,data\raw\spectra\70054-01-01-00\xp70054010100_s2.pha.gz,data\raw\spectra\70054-01-01-00\xp70054010100_b2.pha.gz,data\raw\spectra\70054-01-01-00\xp70054010100.rsp.gz,2002-03-07T04:05:36,52340.17055049109,6479.99999999979,6479.99999999979,2,1,3,V1408_AQL,5.7905745997743736e-06,count,TOTAL/COUNT,TOTAL/COUNT,False,0,1.0,PCU2,0.20681807947116226,0.009370790532178219,1.0094594328964037,0.0010321574074074408,0.009370790532178219,0.014027813660272278,4,6464.0,51.74470142326733,std1_gof_recipe,31.57684990901325,0.07602070592594143,415.37170070184675,40.36234334064416,9.08139347779431,0.22499668567680778,0.08064559427664687,3,accepted,,True
70054-01-04-00,4U1957+11,BH,8,0,52444.77023,6470.0,1,119.29000091552734,https://heasarc.gsfc.nasa.gov/FTP/xte/data/archive/AO7/P70054/70054-01-04-00/stdprod/,data\raw\spectra\70054-01-04-00\xp70054010400_s2.pha.gz,data\raw\spectra\70054-01-04-00\xp70054010400_b2.pha.gz,data\raw\spectra\70054-01-04-00\xp70054010400.rsp.gz,2002-06-19T16:55:28,52444.70523799109,6495.99999999979,6495.99999999979,2,1,2,V1408_AQL,5.7905745997743736e-06,count,TOTAL/COUNT,TOTAL/COUNT,False,0,1.0,PCU2,0.18856137759459557,0.01176914609053498,1.0119093084818958,0.0014497613916256626,0.01176914609053498,0.017569502572016463,3,6480.0,64.44840534979424,std1_gof_recipe,57.77232384118689,0.09495970404343425,608.3877832513255,66.03216845394515,8.939775532034906,0.1353851575883056,0.2072190601457259,0,accepted,,True
70054-01-09-00,4U1957+11,BH,9,0,52592.38351,9339.0,1,44.380001068115234,https://heasarc.gsfc.nasa.gov/FTP/xte/data/archive/AO7/P70054/70054-01-09-00/stdprod/,data\raw\spectra\70054-01-09-00\xp70054010900_s2.pha.gz,data\raw\spectra\70054-01-09-00\xp70054010900_b2.pha.gz,data\raw\spectra\70054-01-09-00\xp70054010900.rsp.gz,2002-11-14T07:12:32,52592.300365305906,9343.99999999913,9343.99999999913,2,1,3,V1408_AQL,5.7905745997743736e-06,count,TOTAL/COUNT,TOTAL/COUNT,False,0,1.0,PCU2,0.16258204408180887,0.010234053938356165,1.0103398727538346,0.0006976680222603389,0.010234053938356165,0.015233657962328766,2,9344.0,55.55115582191781,std1_gof_recipe,15.396631586444835,0.053129084695158375,289.796665513568,24.333648278874872,9.094586650554707,0.3737452989509232,0.052991261306539986,0,accepted,,True
70054-01-08-00,4U1957+11,BH,10,0,52763.89132,9842.0,1,66.0199966430664,https://heasarc.gsfc.nasa.gov/FTP/xte/data/archive/AO7/P70054/70054-01-08-00/stdprod/,data\raw\spectra\70054-01-08-00\xp70054010800_s2.pha.gz,data\raw\spectra\70054-01-08-00\xp70054010800_b2.pha.gz,data\raw\spectra\70054-01-08-00\xp70054010800.rsp.gz,2003-05-04T19:16:00,52763.80279586146,9855.99999999901,9855.99999999901,2,1,4,V1408_AQL,5.7905745997743736e-06,count,TOTAL/COUNT,TOTAL/COUNT,False,0,1.0,PCU2,0.1325603989586739,0.012805426490514906,1.0129715324963664,0.0009142918019481439,0.012805426490514906,0.019736365514905152,3,9840.0,77.01043360433604,std1_gof_recipe,25.573323638773534,0.06075487360996302,420.9262914930966,34.28501178550336,9.039165462704288,0.2636477280292578,0.06538168294316991,4,accepted,,True
70054-01-05-00,4U1957+11,BH,11,0,52868.43429,3284.0,1,53.36000061035156,https://heasarc.gsfc.nasa.gov/FTP/xte/data/archive/AO7/P70054/70054-01-05-00/stdprod/,data\raw\spectra\70054-01-05-00\xp70054010500_s2.pha.gz,data\raw\spectra\70054-01-05-00\xp70054010500_b2.pha.gz,data\raw\spectra\70054-01-05-00\xp70054010500.rsp.gz,2003-08-17T09:51:44,52868.41092086146,3280.00000000001,3280.00000000001,2,1,2,V1408_AQL,5.7905745997743736e-06,count,TOTAL/COUNT,TOTAL/COUNT,False,0,1.0,PCU2,0.11412701817597792,0.011471394308943091,1.0116045142678736,0.0007802103658536563,0.011471394308943091,0.017483430894308944,3,3280.0,66.80040650406504,std1_gof_recipe,19.92518563727704,0.098649898886859,201.97877404952152,28.518747349661236,8.822131373508293,0.30934498157798956,0.08108044111308789,0,accepted,,True
90123-01-02-00,4U1957+11,BH,12,0,53242.9421,1582.0,3,71.27999877929688,https://heasarc.gsfc.nasa.gov/FTP/xte/data/archive/AO9/P90123/90123-01-02-00/stdprod/,data\raw\spectra\90123-01-02-00\xp90123010200_s2.pha.gz,data\raw\spectra\90123-01-02-00\xp90123010200_b2.pha.gz,data\raw\spectra\90123-01-02-00\xp90123010200.rsp.gz,2004-08-25T22:19:44,53242.93053891702,1584.0,1584.0,123,3,1,V1408_AQL_(1957+11),5.7905745997743736e-06,count,TOTAL/COUNT,TOTAL/COUNT,False,0,1.0,PCU1,0.6487875382304296,0.011310274095117846,1.0114396597828164,0.0009579903198653199,0.011310274095117846,0.017247873526936026,4,1584.0,65.97332702020202,std1_gof_recipe,29.81884664761316,0.07802719776745329,382.1596507474628,38.347579480576776,8.8659921617484,0.2312008288877546,0.09605258769458364,0,accepted,,True
90063-01-01-00,4U1957+11,BH,13,0,53294.44992,8528.0,1,88.43000030517578,https://heasarc.gsfc.nasa.gov/FTP/xte/data/archive/AO9/P90063/90063-01-01-00/stdprod/,data\raw\spectra\90063-01-01-00\xp90063010100_s2.pha.gz,data\raw\spectra\90063-01-01-00\xp90063010100_b2.pha.gz,data\raw\spectra\90063-01-01-00\xp90063010100.rsp.gz,2004-10-16T08:27:28,53294.35240234294,8511.99999999933,8511.99999999933,2,1,3,4U_1957+11,5.7905745997743736e-06,count,TOTAL/COUNT,TOTAL/COUNT,False,0,1.0,PCU2,0.0393332003026714,0.009521841517857142,1.0096133785851966,0.001140891682330917,0.009521841517857142,0.014186039708646615,4,8512.0,51.82442434210526,std1_gof_recipe,36.785837600774244,0.0784321597808395,469.01472181263074,45.455403046934585,9.019834361896553,0.19843261212717003,0.07861910834325049,3,accepted,,True
95335-03-01-00,4U1957+11,BH,14,0,55321.38351,6332.0,1,91.68000030517578,https://heasarc.gsfc.nasa.gov/FTP/xte/data/archive/AO14/P95335/95335-03-01-00/stdprod/,data\raw\spectra\95335-03-01-00\xp95335030100_s2.pha.gz,data\raw\spectra\95335-03-01-00\xp95335030100_b2.pha.gz,data\raw\spectra\95335-03-01-00\xp95335030100.rsp.gz,2010-05-05T07:55:28,55321.3301801207,6367.99999999981,6367.99999999981,2,1,2,4U_1957+11,0.0009005187399170163,count,TOTAL/COUNT,TOTAL/COUNT,False,0,1.0,PCU2,0.3162101993969202,0.009350994318181819,1.0094392607922178,0.0011826727386935027,0.009350994318181819,0.014174322916666666,3,6336.0,53.59253998316498,std1_gof_recipe,38.82463682694818,0.07910511247529432,490.79807375374986,47.77617435412298,9.314586485549075,0.19496300428971552,0.11144409376850728,0,accepted,,True
