source_id,true_label,n_obs,obs_accuracy,mean_BH_score,source_pred,source_correct,representation,model
4U1254-690,NS,15,1.0,0.11439421141971498,NS,True,H_colours,LogReg
4U1323-619,NS,15,0.9333333333333333,0.31886291479569245,NS,True,H_colours,LogReg
4U1543-47,BH,15,1.0,0.9477362411387201,BH,True,H_colours,LogReg
4U1608-52,NS,15,0.5333333333333333,0.3496435455626388,NS,True,H_colours,LogReg
4U1636-53,NS,15,0.8666666666666667,0.22139563995597625,NS,True,H_colours,LogReg
4U1702-429,NS,15,0.7333333333333333,0.28253005341877574,NS,True,H_colours,LogReg
4U1705-44,NS,15,0.8666666666666667,0.18441708826531328,NS,True,H_colours,LogReg
4U1724-307,NS,15,0.8666666666666667,0.3719785877496571,NS,True,H_colours,LogReg
4U1728-34,NS,15,1.0,0.16939888721277213,NS,True,H_colours,LogReg
4U1735-44,NS,15,1.0,0.026276828698048378,NS,True,H_colours,LogReg
4U1746-371,NS,15,1.0,0.0799745423084534,NS,True,H_colours,LogReg
4U1820-30,NS,15,1.0,0.04307328549839183,NS,True,H_colours,LogReg
4U1915-05,NS,6,0.8333333333333334,0.29464441178393846,NS,True,H_colours,LogReg
AQLX1,NS,15,0.5333333333333333,0.4137670365734591,NS,True,H_colours,LogReg
CYGX2,NS,15,1.0,0.20538135334488186,NS,True,H_colours,LogReg
EXO0748-676,NS,15,1.0,0.2836030239543348,NS,True,H_colours,LogReg
GROJ1655-40,BH,15,1.0,0.8157269551059302,BH,True,H_colours,LogReg
GRS1915+105,BH,15,0.4,0.40627620519349267,NS,False,H_colours,LogReg
GS1826-238,NS,15,1.0,0.31969990340295873,NS,True,H_colours,LogReg
GX17+2,NS,15,1.0,0.09108116170288034,NS,True,H_colours,LogReg
GX3+1,NS,15,1.0,0.0933350151086984,NS,True,H_colours,LogReg
GX339-4,BH,15,0.9333333333333333,0.810095669071324,BH,True,H_colours,LogReg
HETEJ1900.1-245,NS,15,0.13333333333333333,0.6064066619269247,BH,False,H_colours,LogReg
KS1731-260,NS,15,0.5333333333333333,0.5960872723429207,BH,False,H_colours,LogReg
MXB1658-298,NS,15,0.8666666666666667,0.2876620791272884,NS,True,H_colours,LogReg
SAXJ1808.4-3658,NS,15,0.0,0.7238791464268096,BH,False,H_colours,LogReg
SLX1735-269,NS,15,0.4666666666666667,0.40115907758182,NS,True,H_colours,LogReg
XTEJ1118+480,BH,15,0.13333333333333333,0.4116264055793725,NS,False,H_colours,LogReg
XTEJ1550-564,BH,15,0.9333333333333333,0.5517520668677354,BH,True,H_colours,LogReg
XTEJ1650-500,BH,15,0.9333333333333333,0.8475889596456329,BH,True,H_colours,LogReg
XTEJ1814-338,NS,15,0.8,0.4697668596110055,NS,True,H_colours,LogReg
4U1254-690,NS,15,1.0,0.03473407329571559,NS,True,H_colours,RandomForest
4U1323-619,NS,15,1.0,0.1456433229641462,NS,True,H_colours,RandomForest
4U1543-47,BH,15,0.9333333333333333,0.8647175472290355,BH,True,H_colours,RandomForest
4U1608-52,NS,15,0.8666666666666667,0.16568124391464617,NS,True,H_colours,RandomForest
4U1636-53,NS,15,1.0,0.09400667720650355,NS,True,H_colours,RandomForest
4U1702-429,NS,15,1.0,0.060726592396112604,NS,True,H_colours,RandomForest
4U1705-44,NS,15,1.0,0.04888592905446019,NS,True,H_colours,RandomForest
4U1724-307,NS,15,1.0,0.16982544598007893,NS,True,H_colours,RandomForest
4U1728-34,NS,15,0.9333333333333333,0.16643566700890478,NS,True,H_colours,RandomForest
4U1735-44,NS,15,1.0,0.007531008002450361,NS,True,H_colours,RandomForest
4U1746-371,NS,15,0.9333333333333333,0.04586935734294003,NS,True,H_colours,RandomForest
4U1820-30,NS,15,1.0,0.031125900940765245,NS,True,H_colours,RandomForest
4U1915-05,NS,6,1.0,0.10714219221615806,NS,True,H_colours,RandomForest
AQLX1,NS,15,0.6666666666666666,0.3656289133895587,NS,True,H_colours,RandomForest
CYGX2,NS,15,0.5333333333333333,0.4078857997744837,NS,True,H_colours,RandomForest
EXO0748-676,NS,15,1.0,0.2525954116628242,NS,True,H_colours,RandomForest
GROJ1655-40,BH,15,1.0,0.8695702575202261,BH,True,H_colours,RandomForest
GRS1915+105,BH,15,0.06666666666666667,0.15342755991749962,NS,False,H_colours,RandomForest
GS1826-238,NS,15,1.0,0.04517067942911028,NS,True,H_colours,RandomForest
GX17+2,NS,15,1.0,0.07014168714724993,NS,True,H_colours,RandomForest
GX3+1,NS,15,1.0,0.0683198500154735,NS,True,H_colours,RandomForest
GX339-4,BH,15,0.8666666666666667,0.7879260979929197,BH,True,H_colours,RandomForest
HETEJ1900.1-245,NS,15,0.6666666666666666,0.3506578542816085,NS,True,H_colours,RandomForest
KS1731-260,NS,15,0.7333333333333333,0.35941187480179654,NS,True,H_colours,RandomForest
MXB1658-298,NS,15,0.8666666666666667,0.12140334682461171,NS,True,H_colours,RandomForest
SAXJ1808.4-3658,NS,15,0.8666666666666667,0.279576991209147,NS,True,H_colours,RandomForest
SLX1735-269,NS,15,1.0,0.06415347827586443,NS,True,H_colours,RandomForest
XTEJ1118+480,BH,15,0.06666666666666667,0.2597024037362246,NS,False,H_colours,RandomForest
XTEJ1550-564,BH,15,0.6666666666666666,0.61884928186157,BH,True,H_colours,RandomForest
XTEJ1650-500,BH,15,0.6666666666666666,0.6998298687464212,BH,True,H_colours,RandomForest
XTEJ1814-338,NS,15,0.6,0.4108299901097576,NS,True,H_colours,RandomForest
4U1254-690,NS,15,1.0,0.20864348889856868,NS,True,H_colours,ExtraTrees
4U1323-619,NS,15,0.8666666666666667,0.4131691137042398,NS,True,H_colours,ExtraTrees
4U1543-47,BH,15,1.0,0.7696229032607778,BH,True,H_colours,ExtraTrees
4U1608-52,NS,15,0.8,0.34688916216342747,NS,True,H_colours,ExtraTrees
4U1636-53,NS,15,1.0,0.28078840685558365,NS,True,H_colours,ExtraTrees
4U1702-429,NS,15,1.0,0.27943312151811844,NS,True,H_colours,ExtraTrees
4U1705-44,NS,15,0.9333333333333333,0.25360441763275887,NS,True,H_colours,ExtraTrees
4U1724-307,NS,15,0.9333333333333333,0.3761057352867476,NS,True,H_colours,ExtraTrees
4U1728-34,NS,15,0.9333333333333333,0.3233570254711358,NS,True,H_colours,ExtraTrees
4U1735-44,NS,15,1.0,0.1673920243903634,NS,True,H_colours,ExtraTrees
4U1746-371,NS,15,0.9333333333333333,0.19753377185762488,NS,True,H_colours,ExtraTrees
4U1820-30,NS,15,1.0,0.20855178065139765,NS,True,H_colours,ExtraTrees
4U1915-05,NS,6,1.0,0.3026540796639355,NS,True,H_colours,ExtraTrees
AQLX1,NS,15,0.6666666666666666,0.4293992773035909,NS,True,H_colours,ExtraTrees
CYGX2,NS,15,0.6,0.4122264585942623,NS,True,H_colours,ExtraTrees
EXO0748-676,NS,15,0.6666666666666666,0.4578916331759829,NS,True,H_colours,ExtraTrees
GROJ1655-40,BH,15,1.0,0.7268157861785427,BH,True,H_colours,ExtraTrees
GRS1915+105,BH,15,0.06666666666666667,0.3192014650427551,NS,False,H_colours,ExtraTrees
GS1826-238,NS,15,1.0,0.38459850813450613,NS,True,H_colours,ExtraTrees
GX17+2,NS,15,1.0,0.20497937642468014,NS,True,H_colours,ExtraTrees
GX3+1,NS,15,1.0,0.23169804381948797,NS,True,H_colours,ExtraTrees
GX339-4,BH,15,0.8666666666666667,0.680555741301572,BH,True,H_colours,ExtraTrees
HETEJ1900.1-245,NS,15,0.6,0.45314536922598536,NS,True,H_colours,ExtraTrees
KS1731-260,NS,15,0.3333333333333333,0.5071460281968004,BH,False,H_colours,ExtraTrees
MXB1658-298,NS,15,0.8666666666666667,0.3129920163261623,NS,True,H_colours,ExtraTrees
SAXJ1808.4-3658,NS,15,0.8,0.45149154853162965,NS,True,H_colours,ExtraTrees
SLX1735-269,NS,15,1.0,0.30803665112341405,NS,True,H_colours,ExtraTrees
XTEJ1118+480,BH,15,0.06666666666666667,0.43039021390062293,NS,False,H_colours,ExtraTrees
XTEJ1550-564,BH,15,0.6666666666666666,0.5838229430090359,BH,True,H_colours,ExtraTrees
XTEJ1650-500,BH,15,0.7333333333333333,0.6642270378624798,BH,True,H_colours,ExtraTrees
XTEJ1814-338,NS,15,0.4666666666666667,0.5240497088058401,BH,False,H_colours,ExtraTrees
4U1254-690,NS,15,1.0,0.024511193949284273,NS,True,H_colours,HistGB
4U1323-619,NS,15,1.0,0.034387018740779554,NS,True,H_colours,HistGB
4U1543-47,BH,15,0.9333333333333333,0.903801619240515,BH,True,H_colours,HistGB
4U1608-52,NS,15,0.8666666666666667,0.15211120084725074,NS,True,H_colours,HistGB
4U1636-53,NS,15,1.0,0.009394879727823942,NS,True,H_colours,HistGB
4U1702-429,NS,15,1.0,0.006916473443205051,NS,True,H_colours,HistGB
4U1705-44,NS,15,1.0,0.02249932477474665,NS,True,H_colours,HistGB
4U1724-307,NS,15,0.8666666666666667,0.1517542282967478,NS,True,H_colours,HistGB
4U1728-34,NS,15,0.8666666666666667,0.0997980753608239,NS,True,H_colours,HistGB
4U1735-44,NS,15,1.0,9.763359629717527e-05,NS,True,H_colours,HistGB
4U1746-371,NS,15,0.9333333333333333,0.054710500702283005,NS,True,H_colours,HistGB
4U1820-30,NS,15,1.0,0.00240584825018183,NS,True,H_colours,HistGB
4U1915-05,NS,6,1.0,0.007105658518052366,NS,True,H_colours,HistGB
AQLX1,NS,15,0.6,0.38065976435666093,NS,True,H_colours,HistGB
CYGX2,NS,15,0.5333333333333333,0.4623264476998949,NS,True,H_colours,HistGB
EXO0748-676,NS,15,0.9333333333333333,0.06713403548624232,NS,True,H_colours,HistGB
GROJ1655-40,BH,15,1.0,0.997282913097533,BH,True,H_colours,HistGB
GRS1915+105,BH,15,0.06666666666666667,0.06684635068572176,NS,False,H_colours,HistGB
GS1826-238,NS,15,1.0,0.005746091142293186,NS,True,H_colours,HistGB
GX17+2,NS,15,1.0,0.06440019797098763,NS,True,H_colours,HistGB
GX3+1,NS,15,1.0,0.01396447175098026,NS,True,H_colours,HistGB
GX339-4,BH,15,0.8,0.8051205755844333,BH,True,H_colours,HistGB
HETEJ1900.1-245,NS,15,0.6666666666666666,0.3249418171969431,NS,True,H_colours,HistGB
KS1731-260,NS,15,0.7333333333333333,0.3068483259016506,NS,True,H_colours,HistGB
MXB1658-298,NS,15,0.8666666666666667,0.13214955812273455,NS,True,H_colours,HistGB
SAXJ1808.4-3658,NS,15,0.4666666666666667,0.41903600588733697,NS,True,H_colours,HistGB
SLX1735-269,NS,15,1.0,0.004936219443889067,NS,True,H_colours,HistGB
XTEJ1118+480,BH,15,0.2,0.25829195445767555,NS,False,H_colours,HistGB
XTEJ1550-564,BH,15,0.6666666666666666,0.580630596159953,BH,True,H_colours,HistGB
XTEJ1650-500,BH,15,0.8,0.7779451123291256,BH,True,H_colours,HistGB
XTEJ1814-338,NS,15,0.6,0.380722302970983,NS,True,H_colours,HistGB
4U1254-690,NS,15,1.0,0.23673628019924348,NS,True,H_colours,SVM_RBF
4U1323-619,NS,15,0.8666666666666667,0.3649988308756963,NS,True,H_colours,SVM_RBF
4U1543-47,BH,15,1.0,0.7551784079703909,BH,True,H_colours,SVM_RBF
4U1608-52,NS,15,0.8666666666666667,0.3586444512579077,NS,True,H_colours,SVM_RBF
4U1636-53,NS,15,1.0,0.24892147204072876,NS,True,H_colours,SVM_RBF
4U1702-429,NS,15,1.0,0.28474123718651734,NS,True,H_colours,SVM_RBF
4U1705-44,NS,15,1.0,0.24412963166157992,NS,True,H_colours,SVM_RBF
4U1724-307,NS,15,1.0,0.29032479595919264,NS,True,H_colours,SVM_RBF
4U1728-34,NS,15,1.0,0.21175833648381534,NS,True,H_colours,SVM_RBF
4U1735-44,NS,15,1.0,0.2406184333771441,NS,True,H_colours,SVM_RBF
4U1746-371,NS,15,1.0,0.21353473968248052,NS,True,H_colours,SVM_RBF
4U1820-30,NS,15,1.0,0.20801387339604996,NS,True,H_colours,SVM_RBF
4U1915-05,NS,6,1.0,0.27203176410547814,NS,True,H_colours,SVM_RBF
AQLX1,NS,15,0.6666666666666666,0.4328609840539535,NS,True,H_colours,SVM_RBF
CYGX2,NS,15,0.6666666666666666,0.3933354429188246,NS,True,H_colours,SVM_RBF
EXO0748-676,NS,15,1.0,0.35494204907593524,NS,True,H_colours,SVM_RBF
GROJ1655-40,BH,15,1.0,0.7392908807217344,BH,True,H_colours,SVM_RBF
GRS1915+105,BH,15,0.13333333333333333,0.3312717065767094,NS,False,H_colours,SVM_RBF
GS1826-238,NS,15,1.0,0.33689352445837506,NS,True,H_colours,SVM_RBF
GX17+2,NS,15,1.0,0.225183261927614,NS,True,H_colours,SVM_RBF
GX3+1,NS,15,1.0,0.2283213232245328,NS,True,H_colours,SVM_RBF
GX339-4,BH,15,0.9333333333333333,0.7551522400250623,BH,True,H_colours,SVM_RBF
HETEJ1900.1-245,NS,15,0.2,0.5070697985623629,BH,False,H_colours,SVM_RBF
KS1731-260,NS,15,0.6,0.4908093447078746,NS,True,H_colours,SVM_RBF
MXB1658-298,NS,15,0.8666666666666667,0.37029052244548183,NS,True,H_colours,SVM_RBF
SAXJ1808.4-3658,NS,15,0.2,0.5926987860391395,BH,False,H_colours,SVM_RBF
SLX1735-269,NS,15,0.9333333333333333,0.3529821533384683,NS,True,H_colours,SVM_RBF
XTEJ1118+480,BH,15,0.06666666666666667,0.3281587366467345,NS,False,H_colours,SVM_RBF
XTEJ1550-564,BH,15,0.8,0.6977058417956823,BH,True,H_colours,SVM_RBF
XTEJ1650-500,BH,15,0.6666666666666666,0.6098946231962721,BH,True,H_colours,SVM_RBF
XTEJ1814-338,NS,15,0.6,0.4707250278021545,NS,True,H_colours,SVM_RBF
4U1254-690,NS,15,1.0,0.07838248221849277,NS,True,H_colours,kNN
4U1323-619,NS,15,0.8666666666666667,0.2172236716695161,NS,True,H_colours,kNN
4U1543-47,BH,15,1.0,0.9278725652987316,BH,True,H_colours,kNN
4U1608-52,NS,15,0.7333333333333333,0.33967623885306375,NS,True,H_colours,kNN
4U1636-53,NS,15,0.9333333333333333,0.19302400716929607,NS,True,H_colours,kNN
4U1702-429,NS,15,1.0,0.14326789028299458,NS,True,H_colours,kNN
4U1705-44,NS,15,0.9333333333333333,0.10304114490161001,NS,True,H_colours,kNN
4U1724-307,NS,15,0.8,0.29787113709434493,NS,True,H_colours,kNN
4U1728-34,NS,15,0.8,0.24590304170587488,NS,True,H_colours,kNN
4U1735-44,NS,15,1.0,0.0,NS,True,H_colours,kNN
4U1746-371,NS,15,1.0,0.02962962962962963,NS,True,H_colours,kNN
4U1820-30,NS,15,1.0,0.05162275677739595,NS,True,H_colours,kNN
4U1915-05,NS,6,1.0,0.11932195210231045,NS,True,H_colours,kNN
AQLX1,NS,15,0.5333333333333333,0.43692263793938374,NS,True,H_colours,kNN
CYGX2,NS,15,0.9333333333333333,0.2413746913611735,NS,True,H_colours,kNN
EXO0748-676,NS,15,0.6666666666666666,0.3209397602792064,NS,True,H_colours,kNN
GROJ1655-40,BH,15,1.0,0.8935778780810021,BH,True,H_colours,kNN
GRS1915+105,BH,15,0.06666666666666667,0.12361604875571355,NS,False,H_colours,kNN
GS1826-238,NS,15,0.9333333333333333,0.19347885668559225,NS,True,H_colours,kNN
GX17+2,NS,15,1.0,0.05638935507072644,NS,True,H_colours,kNN
GX3+1,NS,15,1.0,0.12403100775193798,NS,True,H_colours,kNN
GX339-4,BH,15,0.8666666666666667,0.8561975491939374,BH,True,H_colours,kNN
HETEJ1900.1-245,NS,15,0.4666666666666667,0.46683036832065533,NS,True,H_colours,kNN
KS1731-260,NS,15,0.3333333333333333,0.5400375334178347,BH,False,H_colours,kNN
MXB1658-298,NS,15,0.8666666666666667,0.14050113931930958,NS,True,H_colours,kNN
SAXJ1808.4-3658,NS,15,0.8666666666666667,0.357068083322434,NS,True,H_colours,kNN
SLX1735-269,NS,15,1.0,0.11082518625074367,NS,True,H_colours,kNN
XTEJ1118+480,BH,15,0.2,0.3436953972642424,NS,False,H_colours,kNN
XTEJ1550-564,BH,15,0.6666666666666666,0.6754571225504352,BH,True,H_colours,kNN
XTEJ1650-500,BH,15,0.7333333333333333,0.7283984635652403,BH,True,H_colours,kNN
XTEJ1814-338,NS,15,0.26666666666666666,0.5918389827528717,BH,False,H_colours,kNN
4U1254-690,NS,15,1.0,0.07532082222396548,NS,True,H_colours,QDA
4U1323-619,NS,15,1.0,0.36302832381643485,NS,True,H_colours,QDA
4U1543-47,BH,15,0.8666666666666667,0.8997002748514099,BH,True,H_colours,QDA
4U1608-52,NS,15,1.0,0.21167158786567647,NS,True,H_colours,QDA
4U1636-53,NS,15,1.0,0.14078290253944012,NS,True,H_colours,QDA
4U1702-429,NS,15,1.0,0.17158418503537437,NS,True,H_colours,QDA
4U1705-44,NS,15,1.0,0.11869064852612346,NS,True,H_colours,QDA
4U1724-307,NS,15,1.0,0.24494016676357883,NS,True,H_colours,QDA
4U1728-34,NS,15,1.0,0.14793171758989837,NS,True,H_colours,QDA
4U1735-44,NS,15,1.0,0.06038695438109696,NS,True,H_colours,QDA
4U1746-371,NS,15,1.0,0.06108097137444319,NS,True,H_colours,QDA
4U1820-30,NS,15,1.0,0.08290520030250417,NS,True,H_colours,QDA
4U1915-05,NS,6,1.0,0.1989672728105524,NS,True,H_colours,QDA
AQLX1,NS,15,0.8666666666666667,0.26810741507042174,NS,True,H_colours,QDA
CYGX2,NS,15,0.8666666666666667,0.24380338441060045,NS,True,H_colours,QDA
EXO0748-676,NS,15,0.6666666666666666,0.42447904490214494,NS,True,H_colours,QDA
GROJ1655-40,BH,15,0.8666666666666667,0.8941942270370138,BH,True,H_colours,QDA
GRS1915+105,BH,15,0.26666666666666666,0.35722343826088016,NS,False,H_colours,QDA
GS1826-238,NS,15,1.0,0.34898322340892446,NS,True,H_colours,QDA
GX17+2,NS,15,1.0,0.06585465139527784,NS,True,H_colours,QDA
GX3+1,NS,15,1.0,0.06415909802449467,NS,True,H_colours,QDA
GX339-4,BH,15,0.6,0.6798463172496482,BH,True,H_colours,QDA
HETEJ1900.1-245,NS,15,0.8666666666666667,0.3895453255850956,NS,True,H_colours,QDA
KS1731-260,NS,15,0.6666666666666666,0.43423601021942076,NS,True,H_colours,QDA
MXB1658-298,NS,15,1.0,0.18434844209788925,NS,True,H_colours,QDA
SAXJ1808.4-3658,NS,15,0.8666666666666667,0.44338724864040835,NS,True,H_colours,QDA
SLX1735-269,NS,15,1.0,0.24175128012546232,NS,True,H_colours,QDA
XTEJ1118+480,BH,15,0.06666666666666667,0.301007011569497,NS,False,H_colours,QDA
XTEJ1550-564,BH,15,0.0,0.40756984962048154,NS,False,H_colours,QDA
XTEJ1650-500,BH,15,0.7333333333333333,0.7498494441988198,BH,True,H_colours,QDA
XTEJ1814-338,NS,15,1.0,0.37538110233086736,NS,True,H_colours,QDA
4U1254-690,NS,15,1.0,0.4536866984698398,NS,True,H_colours,MLP
4U1323-619,NS,15,0.13333333333333333,0.5334484799925907,BH,False,H_colours,MLP
4U1543-47,BH,15,1.0,0.6978694454015746,BH,True,H_colours,MLP
4U1608-52,NS,15,0.6,0.4955015734413743,NS,True,H_colours,MLP
4U1636-53,NS,15,0.8666666666666667,0.46475261914562815,NS,True,H_colours,MLP
4U1702-429,NS,15,0.9333333333333333,0.46277850545709437,NS,True,H_colours,MLP
4U1705-44,NS,15,0.8666666666666667,0.48222315838902624,NS,True,H_colours,MLP
4U1724-307,NS,15,0.9333333333333333,0.48381256081836993,NS,True,H_colours,MLP
4U1728-34,NS,15,0.9333333333333333,0.4525041685908375,NS,True,H_colours,MLP
4U1735-44,NS,15,1.0,0.4469503286363361,NS,True,H_colours,MLP
4U1746-371,NS,15,1.0,0.4079942185663835,NS,True,H_colours,MLP
4U1820-30,NS,15,0.9333333333333333,0.4450862856833883,NS,True,H_colours,MLP
4U1915-05,NS,6,1.0,0.467646458592271,NS,True,H_colours,MLP
AQLX1,NS,15,0.26666666666666666,0.518190714072012,BH,False,H_colours,MLP
CYGX2,NS,15,0.4666666666666667,0.5180919529289439,BH,False,H_colours,MLP
EXO0748-676,NS,15,0.13333333333333333,0.538939967521886,BH,False,H_colours,MLP
GROJ1655-40,BH,15,1.0,0.6735759200976952,BH,True,H_colours,MLP
GRS1915+105,BH,15,0.6,0.5156644909126845,BH,True,H_colours,MLP
GS1826-238,NS,15,0.0,0.528815338376523,BH,False,H_colours,MLP
GX17+2,NS,15,1.0,0.44873952161871483,NS,True,H_colours,MLP
GX3+1,NS,15,1.0,0.4603277751681931,NS,True,H_colours,MLP
GX339-4,BH,15,0.9333333333333333,0.567908198310212,BH,True,H_colours,MLP
HETEJ1900.1-245,NS,15,0.2,0.510461698103749,BH,False,H_colours,MLP
KS1731-260,NS,15,0.0,0.552353383560837,BH,False,H_colours,MLP
MXB1658-298,NS,15,0.6,0.4882768258710333,NS,True,H_colours,MLP
SAXJ1808.4-3658,NS,15,0.4,0.5066548614476266,BH,False,H_colours,MLP
SLX1735-269,NS,15,0.8,0.47975971386081195,NS,True,H_colours,MLP
XTEJ1118+480,BH,15,0.6666666666666666,0.5148540955565682,BH,True,H_colours,MLP
XTEJ1550-564,BH,15,0.9333333333333333,0.5781275393806304,BH,True,H_colours,MLP
XTEJ1650-500,BH,15,0.8666666666666667,0.6122991811605947,BH,True,H_colours,MLP
XTEJ1814-338,NS,15,0.13333333333333333,0.5369387556455322,BH,False,H_colours,MLP
4U1254-690,NS,15,1.0,0.060281293385393,NS,True,HI_colours_intensity,LogReg
4U1323-619,NS,15,1.0,0.23507720641530383,NS,True,HI_colours_intensity,LogReg
4U1543-47,BH,15,1.0,0.9274827673351196,BH,True,HI_colours_intensity,LogReg
4U1608-52,NS,15,0.6,0.36603095470432834,NS,True,HI_colours_intensity,LogReg
4U1636-53,NS,15,0.8666666666666667,0.2157438410077099,NS,True,HI_colours_intensity,LogReg
4U1702-429,NS,15,0.7333333333333333,0.27418432298341633,NS,True,HI_colours_intensity,LogReg
4U1705-44,NS,15,0.8666666666666667,0.18943368907832728,NS,True,HI_colours_intensity,LogReg
4U1724-307,NS,15,0.9333333333333333,0.3402647052057597,NS,True,HI_colours_intensity,LogReg
4U1728-34,NS,15,1.0,0.22524086986578568,NS,True,HI_colours_intensity,LogReg
4U1735-44,NS,15,1.0,0.03008199958309071,NS,True,HI_colours_intensity,LogReg
4U1746-371,NS,15,1.0,0.05242347796836917,NS,True,HI_colours_intensity,LogReg
4U1820-30,NS,15,1.0,0.05873143083492667,NS,True,HI_colours_intensity,LogReg
4U1915-05,NS,6,1.0,0.21685658310310518,NS,True,HI_colours_intensity,LogReg
AQLX1,NS,15,0.6,0.37864536457331527,NS,True,HI_colours_intensity,LogReg
CYGX2,NS,15,1.0,0.24904032015967398,NS,True,HI_colours_intensity,LogReg
EXO0748-676,NS,15,1.0,0.21542901052132685,NS,True,HI_colours_intensity,LogReg
GROJ1655-40,BH,15,1.0,0.8462876076823498,BH,True,HI_colours_intensity,LogReg
GRS1915+105,BH,15,0.4666666666666667,0.43261070080199576,NS,False,HI_colours_intensity,LogReg
GS1826-238,NS,15,1.0,0.3948192528905622,NS,True,HI_colours_intensity,LogReg
GX17+2,NS,15,1.0,0.15669486883484357,NS,True,HI_colours_intensity,LogReg
GX3+1,NS,15,1.0,0.10914220763767023,NS,True,HI_colours_intensity,LogReg
GX339-4,BH,15,0.8666666666666667,0.7961709163097695,BH,True,HI_colours_intensity,LogReg
HETEJ1900.1-245,NS,15,0.26666666666666666,0.5703271196422909,BH,False,HI_colours_intensity,LogReg
KS1731-260,NS,15,0.06666666666666667,0.6395093833350269,BH,False,HI_colours_intensity,LogReg
MXB1658-298,NS,15,0.9333333333333333,0.17812804184159764,NS,True,HI_colours_intensity,LogReg
SAXJ1808.4-3658,NS,15,0.2,0.6446953750734143,BH,False,HI_colours_intensity,LogReg
SLX1735-269,NS,15,0.6666666666666666,0.3153182783514804,NS,True,HI_colours_intensity,LogReg
XTEJ1118+480,BH,15,0.3333333333333333,0.3585524156156937,NS,False,HI_colours_intensity,LogReg
XTEJ1550-564,BH,15,0.7333333333333333,0.61811737791331,BH,True,HI_colours_intensity,LogReg
XTEJ1650-500,BH,15,0.8666666666666667,0.8140628349077675,BH,True,HI_colours_intensity,LogReg
XTEJ1814-338,NS,15,0.8666666666666667,0.3995067806112077,NS,True,HI_colours_intensity,LogReg
4U1254-690,NS,15,1.0,0.020726260575959776,NS,True,HI_colours_intensity,RandomForest
4U1323-619,NS,15,1.0,0.25763748383629853,NS,True,HI_colours_intensity,RandomForest
4U1543-47,BH,15,0.8,0.7669961121409424,BH,True,HI_colours_intensity,RandomForest
4U1608-52,NS,15,0.9333333333333333,0.10252214412554773,NS,True,HI_colours_intensity,RandomForest
4U1636-53,NS,15,1.0,0.035152989814216364,NS,True,HI_colours_intensity,RandomForest
4U1702-429,NS,15,1.0,0.0190960631954299,NS,True,HI_colours_intensity,RandomForest
4U1705-44,NS,15,1.0,0.017229625316339713,NS,True,HI_colours_intensity,RandomForest
4U1724-307,NS,15,1.0,0.09404160616790555,NS,True,HI_colours_intensity,RandomForest
4U1728-34,NS,15,1.0,0.16686384304779708,NS,True,HI_colours_intensity,RandomForest
4U1735-44,NS,15,1.0,0.010229237697151368,NS,True,HI_colours_intensity,RandomForest
4U1746-371,NS,15,1.0,0.012420635772499068,NS,True,HI_colours_intensity,RandomForest
4U1820-30,NS,15,1.0,0.04822574423490731,NS,True,HI_colours_intensity,RandomForest
4U1915-05,NS,6,1.0,0.083168559682239,NS,True,HI_colours_intensity,RandomForest
AQLX1,NS,15,0.8,0.2581531822403217,NS,True,HI_colours_intensity,RandomForest
CYGX2,NS,15,0.6666666666666666,0.34923746484848184,NS,True,HI_colours_intensity,RandomForest
EXO0748-676,NS,15,1.0,0.2601290385395129,NS,True,HI_colours_intensity,RandomForest
GROJ1655-40,BH,15,1.0,0.8276432136455915,BH,True,HI_colours_intensity,RandomForest
GRS1915+105,BH,15,0.06666666666666667,0.35441182686657535,NS,False,HI_colours_intensity,RandomForest
GS1826-238,NS,15,0.9333333333333333,0.15316113409392418,NS,True,HI_colours_intensity,RandomForest
GX17+2,NS,15,0.6666666666666666,0.3959172580790036,NS,True,HI_colours_intensity,RandomForest
GX3+1,NS,15,1.0,0.04140710914095778,NS,True,HI_colours_intensity,RandomForest
GX339-4,BH,15,0.8666666666666667,0.6975099753462854,BH,True,HI_colours_intensity,RandomForest
HETEJ1900.1-245,NS,15,0.8666666666666667,0.22215895084543985,NS,True,HI_colours_intensity,RandomForest
KS1731-260,NS,15,0.9333333333333333,0.19469029424994583,NS,True,HI_colours_intensity,RandomForest
MXB1658-298,NS,15,0.9333333333333333,0.13479750749510874,NS,True,HI_colours_intensity,RandomForest
SAXJ1808.4-3658,NS,15,0.8,0.28030085312672814,NS,True,HI_colours_intensity,RandomForest
SLX1735-269,NS,15,1.0,0.07130315479745036,NS,True,HI_colours_intensity,RandomForest
XTEJ1118+480,BH,15,0.06666666666666667,0.22607148140784794,NS,False,HI_colours_intensity,RandomForest
XTEJ1550-564,BH,15,0.6666666666666666,0.6343254848060959,BH,True,HI_colours_intensity,RandomForest
XTEJ1650-500,BH,15,0.7333333333333333,0.7047269542847073,BH,True,HI_colours_intensity,RandomForest
XTEJ1814-338,NS,15,0.3333333333333333,0.5083217147150232,BH,False,HI_colours_intensity,RandomForest
4U1254-690,NS,15,1.0,0.19029158353050551,NS,True,HI_colours_intensity,ExtraTrees
4U1323-619,NS,15,0.8,0.45578365534632675,NS,True,HI_colours_intensity,ExtraTrees
4U1543-47,BH,15,0.8666666666666667,0.7051017186461349,BH,True,HI_colours_intensity,ExtraTrees
4U1608-52,NS,15,0.9333333333333333,0.305266218704652,NS,True,HI_colours_intensity,ExtraTrees
4U1636-53,NS,15,1.0,0.24821385120014824,NS,True,HI_colours_intensity,ExtraTrees
4U1702-429,NS,15,1.0,0.24708066846242424,NS,True,HI_colours_intensity,ExtraTrees
4U1705-44,NS,15,1.0,0.2315309225832064,NS,True,HI_colours_intensity,ExtraTrees
4U1724-307,NS,15,1.0,0.33271925099915395,NS,True,HI_colours_intensity,ExtraTrees
4U1728-34,NS,15,1.0,0.3102389919766775,NS,True,HI_colours_intensity,ExtraTrees
4U1735-44,NS,15,1.0,0.1919245100591253,NS,True,HI_colours_intensity,ExtraTrees
4U1746-371,NS,15,1.0,0.18321834680071922,NS,True,HI_colours_intensity,ExtraTrees
4U1820-30,NS,15,1.0,0.23825560504115303,NS,True,HI_colours_intensity,ExtraTrees
4U1915-05,NS,6,1.0,0.3028984804537597,NS,True,HI_colours_intensity,ExtraTrees
AQLX1,NS,15,0.7333333333333333,0.3737213216522581,NS,True,HI_colours_intensity,ExtraTrees
CYGX2,NS,15,0.8,0.3687394664576951,NS,True,HI_colours_intensity,ExtraTrees
EXO0748-676,NS,15,0.9333333333333333,0.44970536682849294,NS,True,HI_colours_intensity,ExtraTrees
GROJ1655-40,BH,15,1.0,0.6871923127945934,BH,True,HI_colours_intensity,ExtraTrees
GRS1915+105,BH,15,0.4,0.471630338813401,NS,False,HI_colours_intensity,ExtraTrees
GS1826-238,NS,15,0.9333333333333333,0.42433539264007497,NS,True,HI_colours_intensity,ExtraTrees
GX17+2,NS,15,1.0,0.3790027897784704,NS,True,HI_colours_intensity,ExtraTrees
GX3+1,NS,15,1.0,0.2382867669900989,NS,True,HI_colours_intensity,ExtraTrees
GX339-4,BH,15,0.8666666666666667,0.6411579606608633,BH,True,HI_colours_intensity,ExtraTrees
HETEJ1900.1-245,NS,15,0.9333333333333333,0.383247971915289,NS,True,HI_colours_intensity,ExtraTrees
KS1731-260,NS,15,0.9333333333333333,0.4156184991105023,NS,True,HI_colours_intensity,ExtraTrees
MXB1658-298,NS,15,0.8666666666666667,0.2811523739365343,NS,True,HI_colours_intensity,ExtraTrees
SAXJ1808.4-3658,NS,15,0.6666666666666666,0.4510567922021431,NS,True,HI_colours_intensity,ExtraTrees
SLX1735-269,NS,15,1.0,0.2995547633177655,NS,True,HI_colours_intensity,ExtraTrees
XTEJ1118+480,BH,15,0.13333333333333333,0.40965671461993924,NS,False,HI_colours_intensity,ExtraTrees
XTEJ1550-564,BH,15,0.8666666666666667,0.5648673347442771,BH,True,HI_colours_intensity,ExtraTrees
XTEJ1650-500,BH,15,0.9333333333333333,0.6361660355226618,BH,True,HI_colours_intensity,ExtraTrees
XTEJ1814-338,NS,15,0.2,0.5437337706392124,BH,False,HI_colours_intensity,ExtraTrees
4U1254-690,NS,15,1.0,9.125225205415995e-06,NS,True,HI_colours_intensity,HistGB
4U1323-619,NS,15,1.0,0.03149451491113052,NS,True,HI_colours_intensity,HistGB
4U1543-47,BH,15,0.7333333333333333,0.7430403947160824,BH,True,HI_colours_intensity,HistGB
4U1608-52,NS,15,0.9333333333333333,0.06789979414802817,NS,True,HI_colours_intensity,HistGB
4U1636-53,NS,15,1.0,6.216009414276395e-05,NS,True,HI_colours_intensity,HistGB
4U1702-429,NS,15,1.0,0.00038933316497114325,NS,True,HI_colours_intensity,HistGB
4U1705-44,NS,15,1.0,0.0018016026048983003,NS,True,HI_colours_intensity,HistGB
4U1724-307,NS,15,0.9333333333333333,0.044259395777566796,NS,True,HI_colours_intensity,HistGB
4U1728-34,NS,15,0.9333333333333333,0.078468240894339,NS,True,HI_colours_intensity,HistGB
4U1735-44,NS,15,1.0,1.3812437628768493e-06,NS,True,HI_colours_intensity,HistGB
4U1746-371,NS,15,1.0,5.1321603806978955e-06,NS,True,HI_colours_intensity,HistGB
4U1820-30,NS,15,1.0,6.445710666133086e-05,NS,True,HI_colours_intensity,HistGB
4U1915-05,NS,6,1.0,0.0003990137415559221,NS,True,HI_colours_intensity,HistGB
AQLX1,NS,15,0.8666666666666667,0.17006741449626978,NS,True,HI_colours_intensity,HistGB
CYGX2,NS,15,0.6666666666666666,0.3296427594190282,NS,True,HI_colours_intensity,HistGB
EXO0748-676,NS,15,0.8666666666666667,0.1510494412717415,NS,True,HI_colours_intensity,HistGB
GROJ1655-40,BH,15,1.0,0.9675216783222295,BH,True,HI_colours_intensity,HistGB
GRS1915+105,BH,15,0.26666666666666666,0.27061264529949797,NS,False,HI_colours_intensity,HistGB
GS1826-238,NS,15,0.9333333333333333,0.04574246342172919,NS,True,HI_colours_intensity,HistGB
GX17+2,NS,15,0.7333333333333333,0.49049322691893465,NS,True,HI_colours_intensity,HistGB
GX3+1,NS,15,1.0,1.2169864808871574e-05,NS,True,HI_colours_intensity,HistGB
GX339-4,BH,15,0.6666666666666666,0.650918609052178,BH,True,HI_colours_intensity,HistGB
HETEJ1900.1-245,NS,15,0.8666666666666667,0.14566476380831178,NS,True,HI_colours_intensity,HistGB
KS1731-260,NS,15,0.9333333333333333,0.16319604236193636,NS,True,HI_colours_intensity,HistGB
MXB1658-298,NS,15,0.9333333333333333,0.05817069308784627,NS,True,HI_colours_intensity,HistGB
SAXJ1808.4-3658,NS,15,0.8666666666666667,0.18838229666505021,NS,True,HI_colours_intensity,HistGB
SLX1735-269,NS,15,1.0,0.0041711298725428,NS,True,HI_colours_intensity,HistGB
XTEJ1118+480,BH,15,0.13333333333333333,0.1520733823035301,NS,False,HI_colours_intensity,HistGB
XTEJ1550-564,BH,15,0.3333333333333333,0.3504293198378458,NS,False,HI_colours_intensity,HistGB
XTEJ1650-500,BH,15,0.8666666666666667,0.9059765234407664,BH,True,HI_colours_intensity,HistGB
XTEJ1814-338,NS,15,0.26666666666666666,0.7043709383823272,BH,False,HI_colours_intensity,HistGB
4U1254-690,NS,15,1.0,0.11767496102164378,NS,True,HI_colours_intensity,SVM_RBF
4U1323-619,NS,15,0.2,0.5777531036535838,BH,False,HI_colours_intensity,SVM_RBF
4U1543-47,BH,15,0.8,0.690679290123677,BH,True,HI_colours_intensity,SVM_RBF
4U1608-52,NS,15,1.0,0.24690939749457402,NS,True,HI_colours_intensity,SVM_RBF
4U1636-53,NS,15,1.0,0.09715430873489532,NS,True,HI_colours_intensity,SVM_RBF
4U1702-429,NS,15,1.0,0.11183765859304602,NS,True,HI_colours_intensity,SVM_RBF
4U1705-44,NS,15,1.0,0.13218691656442128,NS,True,HI_colours_intensity,SVM_RBF
4U1724-307,NS,15,1.0,0.12459516857065098,NS,True,HI_colours_intensity,SVM_RBF
4U1728-34,NS,15,1.0,0.15427706367143265,NS,True,HI_colours_intensity,SVM_RBF
4U1735-44,NS,15,1.0,0.07225459588794027,NS,True,HI_colours_intensity,SVM_RBF
4U1746-371,NS,15,1.0,0.0889599491505777,NS,True,HI_colours_intensity,SVM_RBF
4U1820-30,NS,15,1.0,0.09444136571269987,NS,True,HI_colours_intensity,SVM_RBF
4U1915-05,NS,6,1.0,0.15461463577450552,NS,True,HI_colours_intensity,SVM_RBF
AQLX1,NS,15,0.7333333333333333,0.3129405915001398,NS,True,HI_colours_intensity,SVM_RBF
CYGX2,NS,15,0.8666666666666667,0.33314669547657866,NS,True,HI_colours_intensity,SVM_RBF
EXO0748-676,NS,15,0.4,0.5392742182782125,BH,False,HI_colours_intensity,SVM_RBF
GROJ1655-40,BH,15,1.0,0.794353178933426,BH,True,HI_colours_intensity,SVM_RBF
GRS1915+105,BH,15,0.6,0.5364416395909423,BH,True,HI_colours_intensity,SVM_RBF
GS1826-238,NS,15,1.0,0.34325102930008333,NS,True,HI_colours_intensity,SVM_RBF
GX17+2,NS,15,0.8666666666666667,0.4066455469704434,NS,True,HI_colours_intensity,SVM_RBF
GX3+1,NS,15,1.0,0.1345728036915687,NS,True,HI_colours_intensity,SVM_RBF
GX339-4,BH,15,0.8666666666666667,0.7522012398696641,BH,True,HI_colours_intensity,SVM_RBF
HETEJ1900.1-245,NS,15,0.9333333333333333,0.31518591097933046,NS,True,HI_colours_intensity,SVM_RBF
KS1731-260,NS,15,0.8666666666666667,0.4408770725392629,NS,True,HI_colours_intensity,SVM_RBF
MXB1658-298,NS,15,0.8666666666666667,0.2455420930457061,NS,True,HI_colours_intensity,SVM_RBF
SAXJ1808.4-3658,NS,15,0.6666666666666666,0.4860831151967194,NS,True,HI_colours_intensity,SVM_RBF
SLX1735-269,NS,15,1.0,0.2668660669906971,NS,True,HI_colours_intensity,SVM_RBF
XTEJ1118+480,BH,15,0.06666666666666667,0.34255817550514955,NS,False,HI_colours_intensity,SVM_RBF
XTEJ1550-564,BH,15,0.9333333333333333,0.7479004265278325,BH,True,HI_colours_intensity,SVM_RBF
XTEJ1650-500,BH,15,1.0,0.7450138939176458,BH,True,HI_colours_intensity,SVM_RBF
XTEJ1814-338,NS,15,0.4666666666666667,0.5101937684711542,BH,False,HI_colours_intensity,SVM_RBF
4U1254-690,NS,15,1.0,0.0,NS,True,HI_colours_intensity,kNN
4U1323-619,NS,15,0.6666666666666666,0.4788004818971362,NS,True,HI_colours_intensity,kNN
4U1543-47,BH,15,0.8666666666666667,0.8351074139159189,BH,True,HI_colours_intensity,kNN
4U1608-52,NS,15,0.9333333333333333,0.10459250039533353,NS,True,HI_colours_intensity,kNN
4U1636-53,NS,15,1.0,0.034396227922960126,NS,True,HI_colours_intensity,kNN
4U1702-429,NS,15,1.0,0.0,NS,True,HI_colours_intensity,kNN
4U1705-44,NS,15,1.0,0.0,NS,True,HI_colours_intensity,kNN
4U1724-307,NS,15,1.0,0.13086478950780078,NS,True,HI_colours_intensity,kNN
4U1728-34,NS,15,1.0,0.012403100775193798,NS,True,HI_colours_intensity,kNN
4U1735-44,NS,15,1.0,0.0,NS,True,HI_colours_intensity,kNN
4U1746-371,NS,15,1.0,0.0,NS,True,HI_colours_intensity,kNN
4U1820-30,NS,15,1.0,0.0,NS,True,HI_colours_intensity,kNN
4U1915-05,NS,6,1.0,0.08764151133096058,NS,True,HI_colours_intensity,kNN
AQLX1,NS,15,0.6666666666666666,0.2679231697372519,NS,True,HI_colours_intensity,kNN
CYGX2,NS,15,0.9333333333333333,0.048257442511888474,NS,True,HI_colours_intensity,kNN
EXO0748-676,NS,15,0.6666666666666666,0.3868631792080817,NS,True,HI_colours_intensity,kNN
GROJ1655-40,BH,15,0.9333333333333333,0.8328159462970633,BH,True,HI_colours_intensity,kNN
GRS1915+105,BH,15,0.4,0.35975227668052295,NS,False,HI_colours_intensity,kNN
GS1826-238,NS,15,0.5333333333333333,0.31725588022121476,NS,True,HI_colours_intensity,kNN
GX17+2,NS,15,1.0,0.037209302325581395,NS,True,HI_colours_intensity,kNN
GX3+1,NS,15,1.0,0.0,NS,True,HI_colours_intensity,kNN
GX339-4,BH,15,0.8666666666666667,0.7583001844389303,BH,True,HI_colours_intensity,kNN
HETEJ1900.1-245,NS,15,0.8,0.27087633274387907,NS,True,HI_colours_intensity,kNN
KS1731-260,NS,15,0.9333333333333333,0.1876395704430695,NS,True,HI_colours_intensity,kNN
MXB1658-298,NS,15,0.8666666666666667,0.10470347648261759,NS,True,HI_colours_intensity,kNN
SAXJ1808.4-3658,NS,15,0.6666666666666666,0.31910875615881795,NS,True,HI_colours_intensity,kNN
SLX1735-269,NS,15,0.9333333333333333,0.12187332643705075,NS,True,HI_colours_intensity,kNN
XTEJ1118+480,BH,15,0.13333333333333333,0.284691230400538,NS,False,HI_colours_intensity,kNN
XTEJ1550-564,BH,15,0.8666666666666667,0.652625305085148,BH,True,HI_colours_intensity,kNN
XTEJ1650-500,BH,15,0.9333333333333333,0.8530397342315876,BH,True,HI_colours_intensity,kNN
XTEJ1814-338,NS,15,0.2,0.6126487249849838,BH,False,HI_colours_intensity,kNN
4U1254-690,NS,15,1.0,0.05378959201020592,NS,True,HI_colours_intensity,QDA
4U1323-619,NS,15,1.0,0.2713620359937962,NS,True,HI_colours_intensity,QDA
4U1543-47,BH,15,0.8666666666666667,0.8761884274146203,BH,True,HI_colours_intensity,QDA
4U1608-52,NS,15,1.0,0.19710579636362588,NS,True,HI_colours_intensity,QDA
4U1636-53,NS,15,1.0,0.10842609628773263,NS,True,HI_colours_intensity,QDA
4U1702-429,NS,15,1.0,0.13294465682066905,NS,True,HI_colours_intensity,QDA
4U1705-44,NS,15,1.0,0.10068333219722549,NS,True,HI_colours_intensity,QDA
4U1724-307,NS,15,1.0,0.1742049968529408,NS,True,HI_colours_intensity,QDA
4U1728-34,NS,15,1.0,0.17866056515639359,NS,True,HI_colours_intensity,QDA
4U1735-44,NS,15,1.0,0.05453197115992934,NS,True,HI_colours_intensity,QDA
4U1746-371,NS,15,1.0,0.04082984324380797,NS,True,HI_colours_intensity,QDA
4U1820-30,NS,15,1.0,0.09298960719824799,NS,True,HI_colours_intensity,QDA
4U1915-05,NS,6,1.0,0.1324533407764035,NS,True,HI_colours_intensity,QDA
AQLX1,NS,15,1.0,0.21868961097603468,NS,True,HI_colours_intensity,QDA
CYGX2,NS,15,0.8,0.2811037194183822,NS,True,HI_colours_intensity,QDA
EXO0748-676,NS,15,0.8,0.3335052760100942,NS,True,HI_colours_intensity,QDA
GROJ1655-40,BH,15,0.8,0.8880057214361013,BH,True,HI_colours_intensity,QDA
GRS1915+105,BH,15,0.6,0.5155760115574892,BH,True,HI_colours_intensity,QDA
GS1826-238,NS,15,1.0,0.3677423612915812,NS,True,HI_colours_intensity,QDA
GX17+2,NS,15,1.0,0.1745465978965144,NS,True,HI_colours_intensity,QDA
GX3+1,NS,15,1.0,0.0634195497548384,NS,True,HI_colours_intensity,QDA
GX339-4,BH,15,0.6,0.6515233273237209,BH,True,HI_colours_intensity,QDA
HETEJ1900.1-245,NS,15,0.9333333333333333,0.31233503740241564,NS,True,HI_colours_intensity,QDA
KS1731-260,NS,15,0.9333333333333333,0.4275001887632446,NS,True,HI_colours_intensity,QDA
MXB1658-298,NS,15,1.0,0.14508507929413686,NS,True,HI_colours_intensity,QDA
SAXJ1808.4-3658,NS,15,0.9333333333333333,0.39498382986542213,NS,True,HI_colours_intensity,QDA
SLX1735-269,NS,15,1.0,0.17493968661386686,NS,True,HI_colours_intensity,QDA
XTEJ1118+480,BH,15,0.06666666666666667,0.23316837996946901,NS,False,HI_colours_intensity,QDA
XTEJ1550-564,BH,15,0.5333333333333333,0.49825274037140777,NS,False,HI_colours_intensity,QDA
XTEJ1650-500,BH,15,0.8,0.8075457301397869,BH,True,HI_colours_intensity,QDA
XTEJ1814-338,NS,15,1.0,0.2788144227866801,NS,True,HI_colours_intensity,QDA
4U1254-690,NS,15,1.0,0.3436288879790946,NS,True,HI_colours_intensity,MLP
4U1323-619,NS,15,0.26666666666666666,0.5066733600784923,BH,False,HI_colours_intensity,MLP
4U1543-47,BH,15,1.0,0.6544473738573432,BH,True,HI_colours_intensity,MLP
4U1608-52,NS,15,0.8,0.43721253997583115,NS,True,HI_colours_intensity,MLP
4U1636-53,NS,15,1.0,0.39596744490795144,NS,True,HI_colours_intensity,MLP
4U1702-429,NS,15,1.0,0.39153443101917806,NS,True,HI_colours_intensity,MLP
4U1705-44,NS,15,1.0,0.338065286039419,NS,True,HI_colours_intensity,MLP
4U1724-307,NS,15,1.0,0.443609910680907,NS,True,HI_colours_intensity,MLP
4U1728-34,NS,15,1.0,0.39048832445945,NS,True,HI_colours_intensity,MLP
4U1735-44,NS,15,1.0,0.2886267651360491,NS,True,HI_colours_intensity,MLP
4U1746-371,NS,15,1.0,0.25565743366185967,NS,True,HI_colours_intensity,MLP
4U1820-30,NS,15,1.0,0.33919908946368704,NS,True,HI_colours_intensity,MLP
4U1915-05,NS,6,0.8333333333333334,0.40745947098063845,NS,True,HI_colours_intensity,MLP
AQLX1,NS,15,0.6666666666666666,0.4204435634125215,NS,True,HI_colours_intensity,MLP
CYGX2,NS,15,0.6666666666666666,0.48471209956466443,NS,True,HI_colours_intensity,MLP
EXO0748-676,NS,15,0.3333333333333333,0.5026837289728774,BH,False,HI_colours_intensity,MLP
GROJ1655-40,BH,15,1.0,0.6319544150389783,BH,True,HI_colours_intensity,MLP
GRS1915+105,BH,15,0.26666666666666666,0.4734942243917569,NS,False,HI_colours_intensity,MLP
GS1826-238,NS,15,0.4,0.5058538826220637,BH,False,HI_colours_intensity,MLP
GX17+2,NS,15,1.0,0.4334010561868149,NS,True,HI_colours_intensity,MLP
GX3+1,NS,15,1.0,0.3380340616064207,NS,True,HI_colours_intensity,MLP
GX339-4,BH,15,1.0,0.579150346663647,BH,True,HI_colours_intensity,MLP
HETEJ1900.1-245,NS,15,0.26666666666666666,0.49813389802640823,NS,True,HI_colours_intensity,MLP
KS1731-260,NS,15,0.2,0.5152299827081664,BH,False,HI_colours_intensity,MLP
MXB1658-298,NS,15,0.8666666666666667,0.37917239223544436,NS,True,HI_colours_intensity,MLP
SAXJ1808.4-3658,NS,15,0.06666666666666667,0.5203521085948816,BH,False,HI_colours_intensity,MLP
SLX1735-269,NS,15,0.6666666666666666,0.4223941949292781,NS,True,HI_colours_intensity,MLP
XTEJ1118+480,BH,15,0.06666666666666667,0.46823964761576226,NS,False,HI_colours_intensity,MLP
XTEJ1550-564,BH,15,0.4666666666666667,0.4984432328252338,NS,False,HI_colours_intensity,MLP
XTEJ1650-500,BH,15,0.9333333333333333,0.5754220236186359,BH,True,HI_colours_intensity,MLP
XTEJ1814-338,NS,15,0.13333333333333333,0.531490787836383,BH,False,HI_colours_intensity,MLP
4U1254-690,NS,15,1.0,0.057341414057388844,NS,True,B_shape,LogReg
4U1323-619,NS,15,0.8,0.40660481585546127,NS,True,B_shape,LogReg
4U1543-47,BH,15,1.0,0.944363158367779,BH,True,B_shape,LogReg
4U1608-52,NS,15,0.8,0.24787528620028557,NS,True,B_shape,LogReg
4U1636-53,NS,15,1.0,0.09329054550420887,NS,True,B_shape,LogReg
4U1702-429,NS,15,1.0,0.16457108248650087,NS,True,B_shape,LogReg
4U1705-44,NS,15,0.9333333333333333,0.12408308001044682,NS,True,B_shape,LogReg
4U1724-307,NS,15,1.0,0.18864017398225288,NS,True,B_shape,LogReg
4U1728-34,NS,15,1.0,0.07482692885723506,NS,True,B_shape,LogReg
4U1735-44,NS,15,1.0,0.0022341135070372236,NS,True,B_shape,LogReg
4U1746-371,NS,15,1.0,0.009821743328856198,NS,True,B_shape,LogReg
4U1820-30,NS,15,1.0,0.008968149272965024,NS,True,B_shape,LogReg
4U1915-05,NS,6,1.0,0.13668976629216792,NS,True,B_shape,LogReg
AQLX1,NS,15,0.6,0.3558554251417651,NS,True,B_shape,LogReg
CYGX2,NS,15,0.5333333333333333,0.4365443227012318,NS,True,B_shape,LogReg
EXO0748-676,NS,15,0.8666666666666667,0.3177469771881842,NS,True,B_shape,LogReg
GROJ1655-40,BH,15,0.9333333333333333,0.9222753944773092,BH,True,B_shape,LogReg
GRS1915+105,BH,15,0.06666666666666667,0.1769917823213127,NS,False,B_shape,LogReg
GS1826-238,NS,15,1.0,0.29670967132935216,NS,True,B_shape,LogReg
GX17+2,NS,15,1.0,0.0432103792042894,NS,True,B_shape,LogReg
GX3+1,NS,15,1.0,0.08127513194257233,NS,True,B_shape,LogReg
GX339-4,BH,15,0.9333333333333333,0.8402379649035081,BH,True,B_shape,LogReg
HETEJ1900.1-245,NS,15,0.2,0.5163734678591531,BH,False,B_shape,LogReg
KS1731-260,NS,15,0.5333333333333333,0.5531825103040064,BH,False,B_shape,LogReg
MXB1658-298,NS,15,0.9333333333333333,0.1601085552272804,NS,True,B_shape,LogReg
SAXJ1808.4-3658,NS,15,0.26666666666666666,0.585432149461699,BH,False,B_shape,LogReg
SLX1735-269,NS,15,0.9333333333333333,0.2069909412177814,NS,True,B_shape,LogReg
XTEJ1118+480,BH,15,0.06666666666666667,0.27673538440872264,NS,False,B_shape,LogReg
XTEJ1550-564,BH,15,0.9333333333333333,0.754957452683348,BH,True,B_shape,LogReg
XTEJ1650-500,BH,15,0.9333333333333333,0.819220054943413,BH,True,B_shape,LogReg
XTEJ1814-338,NS,15,0.5333333333333333,0.5110040612991333,BH,False,B_shape,LogReg
4U1254-690,NS,15,1.0,0.01705192297236881,NS,True,B_shape,RandomForest
4U1323-619,NS,15,0.8666666666666667,0.2977049543426057,NS,True,B_shape,RandomForest
4U1543-47,BH,15,0.9333333333333333,0.8846214842966874,BH,True,B_shape,RandomForest
4U1608-52,NS,15,0.9333333333333333,0.14115937216013077,NS,True,B_shape,RandomForest
4U1636-53,NS,15,1.0,0.02976306316621482,NS,True,B_shape,RandomForest
4U1702-429,NS,15,1.0,0.09656663608448021,NS,True,B_shape,RandomForest
4U1705-44,NS,15,1.0,0.026586049608025544,NS,True,B_shape,RandomForest
4U1724-307,NS,15,1.0,0.07126467148463186,NS,True,B_shape,RandomForest
4U1728-34,NS,15,1.0,0.032617171522930505,NS,True,B_shape,RandomForest
4U1735-44,NS,15,1.0,0.001951859551859551,NS,True,B_shape,RandomForest
4U1746-371,NS,15,1.0,0.0033576684856051918,NS,True,B_shape,RandomForest
4U1820-30,NS,15,1.0,0.016697902878652856,NS,True,B_shape,RandomForest
4U1915-05,NS,6,1.0,0.04981286738599582,NS,True,B_shape,RandomForest
AQLX1,NS,15,0.8666666666666667,0.3254421358853448,NS,True,B_shape,RandomForest
CYGX2,NS,15,0.6,0.3852195875188953,NS,True,B_shape,RandomForest
EXO0748-676,NS,15,1.0,0.23100665607586665,NS,True,B_shape,RandomForest
GROJ1655-40,BH,15,0.9333333333333333,0.8179733538720215,BH,True,B_shape,RandomForest
GRS1915+105,BH,15,0.06666666666666667,0.15125089162370373,NS,False,B_shape,RandomForest
GS1826-238,NS,15,1.0,0.14164060938714843,NS,True,B_shape,RandomForest
GX17+2,NS,15,1.0,0.0058741041273498735,NS,True,B_shape,RandomForest
GX3+1,NS,15,1.0,0.1369240294408063,NS,True,B_shape,RandomForest
GX339-4,BH,15,0.8,0.7181153878635801,BH,True,B_shape,RandomForest
HETEJ1900.1-245,NS,15,0.8666666666666667,0.27294613148768426,NS,True,B_shape,RandomForest
KS1731-260,NS,15,0.9333333333333333,0.3098759086735849,NS,True,B_shape,RandomForest
MXB1658-298,NS,15,0.9333333333333333,0.1378658071576119,NS,True,B_shape,RandomForest
SAXJ1808.4-3658,NS,15,1.0,0.35965923532021493,NS,True,B_shape,RandomForest
SLX1735-269,NS,15,1.0,0.15441860572003163,NS,True,B_shape,RandomForest
XTEJ1118+480,BH,15,0.06666666666666667,0.1437865025610426,NS,False,B_shape,RandomForest
XTEJ1550-564,BH,15,0.6,0.5778850828881108,BH,True,B_shape,RandomForest
XTEJ1650-500,BH,15,0.6666666666666666,0.677109075763971,BH,True,B_shape,RandomForest
XTEJ1814-338,NS,15,0.6,0.4213619037963658,NS,True,B_shape,RandomForest
4U1254-690,NS,15,1.0,0.02173144003295798,NS,True,B_shape,ExtraTrees
4U1323-619,NS,15,0.8,0.28185615717266727,NS,True,B_shape,ExtraTrees
4U1543-47,BH,15,0.8666666666666667,0.8858270791563142,BH,True,B_shape,ExtraTrees
4U1608-52,NS,15,0.9333333333333333,0.16397271502044994,NS,True,B_shape,ExtraTrees
4U1636-53,NS,15,1.0,0.06930962707678683,NS,True,B_shape,ExtraTrees
4U1702-429,NS,15,0.9333333333333333,0.1287859966288078,NS,True,B_shape,ExtraTrees
4U1705-44,NS,15,1.0,0.04792804165778028,NS,True,B_shape,ExtraTrees
4U1724-307,NS,15,1.0,0.0871032249006449,NS,True,B_shape,ExtraTrees
4U1728-34,NS,15,1.0,0.055866927483468026,NS,True,B_shape,ExtraTrees
4U1735-44,NS,15,1.0,0.0009737760447437867,NS,True,B_shape,ExtraTrees
4U1746-371,NS,15,1.0,0.006727715288411692,NS,True,B_shape,ExtraTrees
4U1820-30,NS,15,1.0,0.01921539773393077,NS,True,B_shape,ExtraTrees
4U1915-05,NS,6,1.0,0.09943275083760493,NS,True,B_shape,ExtraTrees
AQLX1,NS,15,0.7333333333333333,0.32869513191321864,NS,True,B_shape,ExtraTrees
CYGX2,NS,15,0.6,0.38241112273245637,NS,True,B_shape,ExtraTrees
EXO0748-676,NS,15,0.8666666666666667,0.3278432244859426,NS,True,B_shape,ExtraTrees
GROJ1655-40,BH,15,1.0,0.847886314256868,BH,True,B_shape,ExtraTrees
GRS1915+105,BH,15,0.13333333333333333,0.19241003496796374,NS,False,B_shape,ExtraTrees
GS1826-238,NS,15,1.0,0.24406448443305617,NS,True,B_shape,ExtraTrees
GX17+2,NS,15,1.0,0.014377659605290857,NS,True,B_shape,ExtraTrees
GX3+1,NS,15,1.0,0.11924844389013206,NS,True,B_shape,ExtraTrees
GX339-4,BH,15,0.7333333333333333,0.7225383770961403,BH,True,B_shape,ExtraTrees
HETEJ1900.1-245,NS,15,0.8666666666666667,0.27155187375027917,NS,True,B_shape,ExtraTrees
KS1731-260,NS,15,0.8666666666666667,0.3742345505718737,NS,True,B_shape,ExtraTrees
MXB1658-298,NS,15,0.8666666666666667,0.2223322669981804,NS,True,B_shape,ExtraTrees
SAXJ1808.4-3658,NS,15,0.9333333333333333,0.3359618875160337,NS,True,B_shape,ExtraTrees
SLX1735-269,NS,15,1.0,0.1560966291609164,NS,True,B_shape,ExtraTrees
XTEJ1118+480,BH,15,0.06666666666666667,0.19055274619897214,NS,False,B_shape,ExtraTrees
XTEJ1550-564,BH,15,0.6666666666666666,0.6878830526849317,BH,True,B_shape,ExtraTrees
XTEJ1650-500,BH,15,0.6,0.7040454463450757,BH,True,B_shape,ExtraTrees
XTEJ1814-338,NS,15,0.7333333333333333,0.4404670082190041,NS,True,B_shape,ExtraTrees
4U1254-690,NS,15,1.0,0.003605041897101576,NS,True,B_shape,HistGB
4U1323-619,NS,15,0.8666666666666667,0.12125308382557391,NS,True,B_shape,HistGB
4U1543-47,BH,15,0.9333333333333333,0.9335576910431632,BH,True,B_shape,HistGB
4U1608-52,NS,15,1.0,0.00631169703673495,NS,True,B_shape,HistGB
4U1636-53,NS,15,1.0,6.1205626389374915e-06,NS,True,B_shape,HistGB
4U1702-429,NS,15,0.8,0.14457224797877713,NS,True,B_shape,HistGB
4U1705-44,NS,15,1.0,0.0035968800791148616,NS,True,B_shape,HistGB
4U1724-307,NS,15,1.0,0.00674525773180629,NS,True,B_shape,HistGB
4U1728-34,NS,15,1.0,0.00018687514264387935,NS,True,B_shape,HistGB
4U1735-44,NS,15,1.0,1.5440191789598915e-06,NS,True,B_shape,HistGB
4U1746-371,NS,15,1.0,1.654764878715002e-07,NS,True,B_shape,HistGB
4U1820-30,NS,15,1.0,9.531189785384105e-05,NS,True,B_shape,HistGB
4U1915-05,NS,6,1.0,2.9581935948134555e-06,NS,True,B_shape,HistGB
AQLX1,NS,15,0.9333333333333333,0.08567721186360817,NS,True,B_shape,HistGB
CYGX2,NS,15,0.6666666666666666,0.3339178692424738,NS,True,B_shape,HistGB
EXO0748-676,NS,15,0.9333333333333333,0.0772141761129815,NS,True,B_shape,HistGB
GROJ1655-40,BH,15,0.9333333333333333,0.9295725984086842,BH,True,B_shape,HistGB
GRS1915+105,BH,15,0.06666666666666667,0.07438784908960175,NS,False,B_shape,HistGB
GS1826-238,NS,15,1.0,0.009826575381289285,NS,True,B_shape,HistGB
GX17+2,NS,15,1.0,3.128534185123932e-05,NS,True,B_shape,HistGB
GX3+1,NS,15,1.0,0.00013419817428811376,NS,True,B_shape,HistGB
GX339-4,BH,15,0.8,0.7815117954582576,BH,True,B_shape,HistGB
HETEJ1900.1-245,NS,15,0.8,0.20909080530325957,NS,True,B_shape,HistGB
KS1731-260,NS,15,0.7333333333333333,0.3102417516711796,NS,True,B_shape,HistGB
MXB1658-298,NS,15,0.9333333333333333,0.06876872507238659,NS,True,B_shape,HistGB
SAXJ1808.4-3658,NS,15,0.7333333333333333,0.3158286494960924,NS,True,B_shape,HistGB
SLX1735-269,NS,15,0.8666666666666667,0.11080436862089996,NS,True,B_shape,HistGB
XTEJ1118+480,BH,15,0.06666666666666667,0.10361568660250145,NS,False,B_shape,HistGB
XTEJ1550-564,BH,15,0.8,0.7350976945285705,BH,True,B_shape,HistGB
XTEJ1650-500,BH,15,0.6,0.6225537717165646,BH,True,B_shape,HistGB
XTEJ1814-338,NS,15,0.4666666666666667,0.45640135183140307,NS,True,B_shape,HistGB
4U1254-690,NS,15,1.0,0.2380379144540323,NS,True,B_shape,SVM_RBF
4U1323-619,NS,15,0.4666666666666667,0.4966598310075619,NS,True,B_shape,SVM_RBF
4U1543-47,BH,15,1.0,0.7553831978562093,BH,True,B_shape,SVM_RBF
4U1608-52,NS,15,1.0,0.316966682251922,NS,True,B_shape,SVM_RBF
4U1636-53,NS,15,1.0,0.24056925371415913,NS,True,B_shape,SVM_RBF
4U1702-429,NS,15,1.0,0.24192850205496888,NS,True,B_shape,SVM_RBF
4U1705-44,NS,15,1.0,0.2272195505862896,NS,True,B_shape,SVM_RBF
4U1724-307,NS,15,1.0,0.24158688055122965,NS,True,B_shape,SVM_RBF
4U1728-34,NS,15,1.0,0.20286845353193825,NS,True,B_shape,SVM_RBF
4U1735-44,NS,15,1.0,0.14116298325831034,NS,True,B_shape,SVM_RBF
4U1746-371,NS,15,1.0,0.17452168547722274,NS,True,B_shape,SVM_RBF
4U1820-30,NS,15,1.0,0.14735494971299795,NS,True,B_shape,SVM_RBF
4U1915-05,NS,6,1.0,0.23891654840848162,NS,True,B_shape,SVM_RBF
AQLX1,NS,15,0.7333333333333333,0.39737811960646163,NS,True,B_shape,SVM_RBF
CYGX2,NS,15,0.6666666666666666,0.3971932432116197,NS,True,B_shape,SVM_RBF
EXO0748-676,NS,15,0.6666666666666666,0.4301279575202605,NS,True,B_shape,SVM_RBF
GROJ1655-40,BH,15,1.0,0.7298881126504885,BH,True,B_shape,SVM_RBF
GRS1915+105,BH,15,0.06666666666666667,0.33705509169402753,NS,False,B_shape,SVM_RBF
GS1826-238,NS,15,0.8666666666666667,0.40417288376435745,NS,True,B_shape,SVM_RBF
GX17+2,NS,15,1.0,0.2090094373887294,NS,True,B_shape,SVM_RBF
GX3+1,NS,15,1.0,0.2255672587350498,NS,True,B_shape,SVM_RBF
GX339-4,BH,15,0.9333333333333333,0.7132625457332726,BH,True,B_shape,SVM_RBF
HETEJ1900.1-245,NS,15,0.9333333333333333,0.4039187508234542,NS,True,B_shape,SVM_RBF
KS1731-260,NS,15,0.8,0.4444892629001586,NS,True,B_shape,SVM_RBF
MXB1658-298,NS,15,0.8,0.40283703462693704,NS,True,B_shape,SVM_RBF
SAXJ1808.4-3658,NS,15,0.8,0.4754175883385988,NS,True,B_shape,SVM_RBF
SLX1735-269,NS,15,1.0,0.2592416920887497,NS,True,B_shape,SVM_RBF
XTEJ1118+480,BH,15,0.06666666666666667,0.3215951202859345,NS,False,B_shape,SVM_RBF
XTEJ1550-564,BH,15,0.8,0.6882641787155508,BH,True,B_shape,SVM_RBF
XTEJ1650-500,BH,15,0.6666666666666666,0.6180419791855397,BH,True,B_shape,SVM_RBF
XTEJ1814-338,NS,15,0.5333333333333333,0.5038408273819536,BH,False,B_shape,SVM_RBF
4U1254-690,NS,15,1.0,0.02199312714776632,NS,True,B_shape,kNN
4U1323-619,NS,15,0.8666666666666667,0.26941821893014445,NS,True,B_shape,kNN
4U1543-47,BH,15,1.0,0.918975623695406,BH,True,B_shape,kNN
4U1608-52,NS,15,0.8666666666666667,0.23502199100718438,NS,True,B_shape,kNN
4U1636-53,NS,15,0.8666666666666667,0.2265769538055772,NS,True,B_shape,kNN
4U1702-429,NS,15,0.8666666666666667,0.17495419702818127,NS,True,B_shape,kNN
4U1705-44,NS,15,1.0,0.04679932869815392,NS,True,B_shape,kNN
4U1724-307,NS,15,1.0,0.06879245584592025,NS,True,B_shape,kNN
4U1728-34,NS,15,0.9333333333333333,0.16585958073258342,NS,True,B_shape,kNN
4U1735-44,NS,15,1.0,0.0,NS,True,B_shape,kNN
4U1746-371,NS,15,1.0,0.02962962962962963,NS,True,B_shape,kNN
4U1820-30,NS,15,1.0,0.012403100775193798,NS,True,B_shape,kNN
4U1915-05,NS,6,1.0,0.2187659805833817,NS,True,B_shape,kNN
AQLX1,NS,15,0.4666666666666667,0.4763716964603727,NS,True,B_shape,kNN
CYGX2,NS,15,0.8666666666666667,0.29537194225012764,NS,True,B_shape,kNN
EXO0748-676,NS,15,0.6666666666666666,0.3325635801838981,NS,True,B_shape,kNN
GROJ1655-40,BH,15,1.0,0.8870088558327461,BH,True,B_shape,kNN
GRS1915+105,BH,15,0.06666666666666667,0.13122602140405196,NS,False,B_shape,kNN
GS1826-238,NS,15,0.4666666666666667,0.46147273761436636,NS,True,B_shape,kNN
GX17+2,NS,15,1.0,0.05638935507072644,NS,True,B_shape,kNN
GX3+1,NS,15,1.0,0.24473747302805082,NS,True,B_shape,kNN
GX339-4,BH,15,0.8,0.8092366748550833,BH,True,B_shape,kNN
HETEJ1900.1-245,NS,15,0.7333333333333333,0.3263096142275913,NS,True,B_shape,kNN
KS1731-260,NS,15,0.8,0.4298482183571103,NS,True,B_shape,kNN
MXB1658-298,NS,15,0.8,0.17158888276267378,NS,True,B_shape,kNN
SAXJ1808.4-3658,NS,15,0.9333333333333333,0.304417702508159,NS,True,B_shape,kNN
SLX1735-269,NS,15,1.0,0.16055124892334194,NS,True,B_shape,kNN
XTEJ1118+480,BH,15,0.06666666666666667,0.12356818455849845,NS,False,B_shape,kNN
XTEJ1550-564,BH,15,0.7333333333333333,0.6273300245827769,BH,True,B_shape,kNN
XTEJ1650-500,BH,15,0.7333333333333333,0.7438922424563654,BH,True,B_shape,kNN
XTEJ1814-338,NS,15,0.3333333333333333,0.5189254883651061,BH,False,B_shape,kNN
4U1254-690,NS,15,1.0,0.00025804497130412033,NS,True,B_shape,QDA
4U1323-619,NS,15,0.9333333333333333,0.06701958662703496,NS,True,B_shape,QDA
4U1543-47,BH,15,0.8666666666666667,0.8535911854427288,BH,True,B_shape,QDA
4U1608-52,NS,15,1.0,0.012905288508853448,NS,True,B_shape,QDA
4U1636-53,NS,15,1.0,0.005059478198821558,NS,True,B_shape,QDA
4U1702-429,NS,15,1.0,0.006073341327429752,NS,True,B_shape,QDA
4U1705-44,NS,15,1.0,0.004807047660895325,NS,True,B_shape,QDA
4U1724-307,NS,15,1.0,0.007768609231613865,NS,True,B_shape,QDA
4U1728-34,NS,15,1.0,0.005045213826295592,NS,True,B_shape,QDA
4U1735-44,NS,15,1.0,2.960338805478487e-05,NS,True,B_shape,QDA
4U1746-371,NS,15,1.0,0.00015089994156269881,NS,True,B_shape,QDA
4U1820-30,NS,15,1.0,0.0005598988836799138,NS,True,B_shape,QDA
4U1915-05,NS,6,1.0,0.005246226063587239,NS,True,B_shape,QDA
AQLX1,NS,15,0.9333333333333333,0.09449279491410927,NS,True,B_shape,QDA
CYGX2,NS,15,0.7333333333333333,0.26162114319783053,NS,True,B_shape,QDA
EXO0748-676,NS,15,0.9333333333333333,0.0751907577869804,NS,True,B_shape,QDA
GROJ1655-40,BH,15,0.8,0.810932164338421,BH,True,B_shape,QDA
GRS1915+105,BH,15,0.06666666666666667,0.07102243687173973,NS,False,B_shape,QDA
GS1826-238,NS,15,1.0,0.016364119702700335,NS,True,B_shape,QDA
GX17+2,NS,15,1.0,0.00033554790561702484,NS,True,B_shape,QDA
GX3+1,NS,15,1.0,0.0005016387645726021,NS,True,B_shape,QDA
GX339-4,BH,15,0.4666666666666667,0.5283211446515101,BH,True,B_shape,QDA
HETEJ1900.1-245,NS,15,1.0,0.028525511144880483,NS,True,B_shape,QDA
KS1731-260,NS,15,0.9333333333333333,0.10075272847853523,NS,True,B_shape,QDA
MXB1658-298,NS,15,0.8666666666666667,0.12707548767908597,NS,True,B_shape,QDA
SAXJ1808.4-3658,NS,15,0.8666666666666667,0.15946657177192547,NS,True,B_shape,QDA
SLX1735-269,NS,15,1.0,0.01906594830365865,NS,True,B_shape,QDA
XTEJ1118+480,BH,15,0.06666666666666667,0.08194877570351289,NS,False,B_shape,QDA
XTEJ1550-564,BH,15,0.13333333333333333,0.1452953599988772,NS,False,B_shape,QDA
XTEJ1650-500,BH,15,0.6,0.6261697089260356,BH,True,B_shape,QDA
XTEJ1814-338,NS,15,1.0,0.037886340423348944,NS,True,B_shape,QDA
4U1254-690,NS,15,1.0,0.20871700999930168,NS,True,B_shape,MLP
4U1323-619,NS,15,0.13333333333333333,0.5609441314270476,BH,False,B_shape,MLP
4U1543-47,BH,15,1.0,0.821739049930189,BH,True,B_shape,MLP
4U1608-52,NS,15,0.6,0.4025195777696799,NS,True,B_shape,MLP
4U1636-53,NS,15,0.8666666666666667,0.2984053815165058,NS,True,B_shape,MLP
4U1702-429,NS,15,0.8666666666666667,0.304604567913338,NS,True,B_shape,MLP
4U1705-44,NS,15,0.8666666666666667,0.2684996506854283,NS,True,B_shape,MLP
4U1724-307,NS,15,0.8,0.444158101055174,NS,True,B_shape,MLP
4U1728-34,NS,15,1.0,0.32682578525162703,NS,True,B_shape,MLP
4U1735-44,NS,15,1.0,0.1451295131681764,NS,True,B_shape,MLP
4U1746-371,NS,15,1.0,0.17596971641490408,NS,True,B_shape,MLP
4U1820-30,NS,15,1.0,0.16544010044478344,NS,True,B_shape,MLP
4U1915-05,NS,6,0.8333333333333334,0.3672359319020933,NS,True,B_shape,MLP
AQLX1,NS,15,0.5333333333333333,0.4410349551305644,NS,True,B_shape,MLP
CYGX2,NS,15,0.6666666666666666,0.41994429715346354,NS,True,B_shape,MLP
EXO0748-676,NS,15,0.06666666666666667,0.5678051365479853,BH,False,B_shape,MLP
GROJ1655-40,BH,15,1.0,0.7748453922220996,BH,True,B_shape,MLP
GRS1915+105,BH,15,0.13333333333333333,0.4091955562657485,NS,False,B_shape,MLP
GS1826-238,NS,15,0.0,0.5916047660057397,BH,False,B_shape,MLP
GX17+2,NS,15,1.0,0.19211270738681652,NS,True,B_shape,MLP
GX3+1,NS,15,1.0,0.230942641992628,NS,True,B_shape,MLP
GX339-4,BH,15,1.0,0.707486426764276,BH,True,B_shape,MLP
HETEJ1900.1-245,NS,15,0.2,0.5541673985250413,BH,False,B_shape,MLP
KS1731-260,NS,15,0.0,0.5840516241253751,BH,False,B_shape,MLP
MXB1658-298,NS,15,0.8666666666666667,0.31933463889257374,NS,True,B_shape,MLP
SAXJ1808.4-3658,NS,15,0.06666666666666667,0.5528572832207121,BH,False,B_shape,MLP
SLX1735-269,NS,15,0.4666666666666667,0.4017432334448381,NS,True,B_shape,MLP
XTEJ1118+480,BH,15,0.6,0.50108086702441,BH,True,B_shape,MLP
XTEJ1550-564,BH,15,0.9333333333333333,0.5793149727804081,BH,True,B_shape,MLP
XTEJ1650-500,BH,15,1.0,0.7360157971077541,BH,True,B_shape,MLP
XTEJ1814-338,NS,15,0.0,0.6121664246545854,BH,False,B_shape,MLP
4U1254-690,NS,15,1.0,0.15782672813003232,NS,True,A_intensity,LogReg
4U1323-619,NS,15,1.0,0.2085926129075972,NS,True,A_intensity,LogReg
4U1543-47,BH,15,0.8666666666666667,0.866852166142227,BH,True,A_intensity,LogReg
4U1608-52,NS,15,0.7333333333333333,0.2718617606838636,NS,True,A_intensity,LogReg
4U1636-53,NS,15,0.8666666666666667,0.2521220896476394,NS,True,A_intensity,LogReg
4U1702-429,NS,15,0.7333333333333333,0.2777434022352933,NS,True,A_intensity,LogReg
4U1705-44,NS,15,0.8666666666666667,0.15659767038405575,NS,True,A_intensity,LogReg
4U1724-307,NS,15,1.0,0.31925899046466844,NS,True,A_intensity,LogReg
4U1728-34,NS,15,0.5333333333333333,0.38738516094123143,NS,True,A_intensity,LogReg
4U1735-44,NS,15,1.0,0.028737251495008616,NS,True,A_intensity,LogReg
4U1746-371,NS,15,0.9333333333333333,0.1170547486357863,NS,True,A_intensity,LogReg
4U1820-30,NS,15,0.9333333333333333,0.11104200933382795,NS,True,A_intensity,LogReg
4U1915-05,NS,6,1.0,0.2380451380937053,NS,True,A_intensity,LogReg
AQLX1,NS,15,0.6,0.3728227962339189,NS,True,A_intensity,LogReg
CYGX2,NS,15,1.0,0.08131810481242567,NS,True,A_intensity,LogReg
EXO0748-676,NS,15,1.0,0.22088565313165193,NS,True,A_intensity,LogReg
GROJ1655-40,BH,15,0.6666666666666666,0.6801963071693452,BH,True,A_intensity,LogReg
GRS1915+105,BH,15,0.6666666666666666,0.6235146840622086,BH,True,A_intensity,LogReg
GS1826-238,NS,15,0.26666666666666666,0.5106500296480125,BH,False,A_intensity,LogReg
GX17+2,NS,15,1.0,0.16561394477532682,NS,True,A_intensity,LogReg
GX3+1,NS,15,1.0,0.03081505116352116,NS,True,A_intensity,LogReg
GX339-4,BH,15,0.7333333333333333,0.7031614378431003,BH,True,A_intensity,LogReg
HETEJ1900.1-245,NS,15,0.6,0.47706012495270184,NS,True,A_intensity,LogReg
KS1731-260,NS,15,0.26666666666666666,0.6086097908537041,BH,False,A_intensity,LogReg
MXB1658-298,NS,15,0.8,0.327104498943891,NS,True,A_intensity,LogReg
SAXJ1808.4-3658,NS,15,0.13333333333333333,0.6261984919554026,BH,False,A_intensity,LogReg
SLX1735-269,NS,15,0.7333333333333333,0.36587797692929697,NS,True,A_intensity,LogReg
XTEJ1118+480,BH,15,0.06666666666666667,0.3432681776541052,NS,False,A_intensity,LogReg
XTEJ1550-564,BH,15,0.8,0.6116111857985859,BH,True,A_intensity,LogReg
XTEJ1650-500,BH,15,0.8666666666666667,0.8713338012562996,BH,True,A_intensity,LogReg
XTEJ1814-338,NS,15,0.8666666666666667,0.33963475950786254,NS,True,A_intensity,LogReg
4U1254-690,NS,15,1.0,0.05245875635226969,NS,True,A_intensity,RandomForest
4U1323-619,NS,15,0.8,0.3449465774615957,NS,True,A_intensity,RandomForest
4U1543-47,BH,15,0.2,0.3345015533820154,NS,False,A_intensity,RandomForest
4U1608-52,NS,15,1.0,0.12764598633711907,NS,True,A_intensity,RandomForest
4U1636-53,NS,15,1.0,0.1436547891600593,NS,True,A_intensity,RandomForest
4U1702-429,NS,15,1.0,0.08966032703017926,NS,True,A_intensity,RandomForest
4U1705-44,NS,15,1.0,0.04517767768995028,NS,True,A_intensity,RandomForest
4U1724-307,NS,15,0.9333333333333333,0.23555466366572955,NS,True,A_intensity,RandomForest
4U1728-34,NS,15,0.7333333333333333,0.293321793802641,NS,True,A_intensity,RandomForest
4U1735-44,NS,15,1.0,0.018214759481684776,NS,True,A_intensity,RandomForest
4U1746-371,NS,15,1.0,0.021616261988306296,NS,True,A_intensity,RandomForest
4U1820-30,NS,15,1.0,0.04473001720364162,NS,True,A_intensity,RandomForest
4U1915-05,NS,6,1.0,0.11280463807147949,NS,True,A_intensity,RandomForest
AQLX1,NS,15,0.8666666666666667,0.2474405355084162,NS,True,A_intensity,RandomForest
CYGX2,NS,15,1.0,0.09555789641458654,NS,True,A_intensity,RandomForest
EXO0748-676,NS,15,1.0,0.2017350771378485,NS,True,A_intensity,RandomForest
GROJ1655-40,BH,15,0.5333333333333333,0.5169516599604507,BH,True,A_intensity,RandomForest
GRS1915+105,BH,15,0.26666666666666666,0.44989474938258733,NS,False,A_intensity,RandomForest
GS1826-238,NS,15,0.9333333333333333,0.1941232072155214,NS,True,A_intensity,RandomForest
GX17+2,NS,15,0.4,0.6020018092128526,BH,False,A_intensity,RandomForest
GX3+1,NS,15,1.0,0.0420346027718294,NS,True,A_intensity,RandomForest
GX339-4,BH,15,0.4666666666666667,0.4970283411646318,NS,False,A_intensity,RandomForest
HETEJ1900.1-245,NS,15,0.8666666666666667,0.32703995069921776,NS,True,A_intensity,RandomForest
KS1731-260,NS,15,0.6,0.4511648823797462,NS,True,A_intensity,RandomForest
MXB1658-298,NS,15,0.8666666666666667,0.1459841266006622,NS,True,A_intensity,RandomForest
SAXJ1808.4-3658,NS,15,0.6,0.39727276624667124,NS,True,A_intensity,RandomForest
SLX1735-269,NS,15,1.0,0.170233451654099,NS,True,A_intensity,RandomForest
XTEJ1118+480,BH,15,0.2,0.24023491858724424,NS,False,A_intensity,RandomForest
XTEJ1550-564,BH,15,0.2,0.43797715835114553,NS,False,A_intensity,RandomForest
XTEJ1650-500,BH,15,0.4,0.5153234003105353,BH,True,A_intensity,RandomForest
XTEJ1814-338,NS,15,0.8,0.3471780883889576,NS,True,A_intensity,RandomForest
4U1254-690,NS,15,1.0,0.05068629459609818,NS,True,A_intensity,ExtraTrees
4U1323-619,NS,15,0.6,0.3829167347147591,NS,True,A_intensity,ExtraTrees
4U1543-47,BH,15,0.26666666666666666,0.40015544470272885,NS,False,A_intensity,ExtraTrees
4U1608-52,NS,15,0.9333333333333333,0.13037795600625493,NS,True,A_intensity,ExtraTrees
4U1636-53,NS,15,1.0,0.1618115086161314,NS,True,A_intensity,ExtraTrees
4U1702-429,NS,15,1.0,0.09630864032710161,NS,True,A_intensity,ExtraTrees
4U1705-44,NS,15,1.0,0.0540219329072744,NS,True,A_intensity,ExtraTrees
4U1724-307,NS,15,0.8,0.2947231637575699,NS,True,A_intensity,ExtraTrees
4U1728-34,NS,15,0.6666666666666666,0.324667677170529,NS,True,A_intensity,ExtraTrees
4U1735-44,NS,15,1.0,0.02612605318035902,NS,True,A_intensity,ExtraTrees
4U1746-371,NS,15,1.0,0.021527289995911504,NS,True,A_intensity,ExtraTrees
4U1820-30,NS,15,1.0,0.0551173825238337,NS,True,A_intensity,ExtraTrees
4U1915-05,NS,6,1.0,0.13249653060594746,NS,True,A_intensity,ExtraTrees
AQLX1,NS,15,0.8666666666666667,0.26349672255159745,NS,True,A_intensity,ExtraTrees
CYGX2,NS,15,0.9333333333333333,0.12027723880999228,NS,True,A_intensity,ExtraTrees
EXO0748-676,NS,15,1.0,0.21006325264812778,NS,True,A_intensity,ExtraTrees
GROJ1655-40,BH,15,0.5333333333333333,0.5442089238491926,BH,True,A_intensity,ExtraTrees
GRS1915+105,BH,15,0.6,0.5527444054312574,BH,True,A_intensity,ExtraTrees
GS1826-238,NS,15,1.0,0.2911017036347377,NS,True,A_intensity,ExtraTrees
GX17+2,NS,15,0.4,0.5725074469781329,BH,False,A_intensity,ExtraTrees
GX3+1,NS,15,1.0,0.03628300484382899,NS,True,A_intensity,ExtraTrees
GX339-4,BH,15,0.6666666666666666,0.5481355740726269,BH,True,A_intensity,ExtraTrees
HETEJ1900.1-245,NS,15,0.8,0.3079279587200737,NS,True,A_intensity,ExtraTrees
KS1731-260,NS,15,0.5333333333333333,0.42967605687915067,NS,True,A_intensity,ExtraTrees
MXB1658-298,NS,15,0.8666666666666667,0.17383106685610242,NS,True,A_intensity,ExtraTrees
SAXJ1808.4-3658,NS,15,0.6,0.41654276299388543,NS,True,A_intensity,ExtraTrees
SLX1735-269,NS,15,1.0,0.16966283770613114,NS,True,A_intensity,ExtraTrees
XTEJ1118+480,BH,15,0.26666666666666666,0.28310798919770264,NS,False,A_intensity,ExtraTrees
XTEJ1550-564,BH,15,0.3333333333333333,0.48064908633079284,NS,False,A_intensity,ExtraTrees
XTEJ1650-500,BH,15,0.7333333333333333,0.6157737921062639,BH,True,A_intensity,ExtraTrees
XTEJ1814-338,NS,15,0.6666666666666666,0.41822324756100776,NS,True,A_intensity,ExtraTrees
4U1254-690,NS,15,1.0,0.04717985399023154,NS,True,A_intensity,HistGB
4U1323-619,NS,15,0.9333333333333333,0.1421576044934665,NS,True,A_intensity,HistGB
4U1543-47,BH,15,0.6,0.5248342095116582,BH,True,A_intensity,HistGB
4U1608-52,NS,15,0.8666666666666667,0.12928984835405516,NS,True,A_intensity,HistGB
4U1636-53,NS,15,1.0,0.0018127512171956888,NS,True,A_intensity,HistGB
4U1702-429,NS,15,1.0,0.0003540332886127429,NS,True,A_intensity,HistGB
4U1705-44,NS,15,1.0,0.00542684626382081,NS,True,A_intensity,HistGB
4U1724-307,NS,15,0.9333333333333333,0.06596443204148558,NS,True,A_intensity,HistGB
4U1728-34,NS,15,0.9333333333333333,0.09310174034868889,NS,True,A_intensity,HistGB
4U1735-44,NS,15,1.0,1.3863915202860788e-05,NS,True,A_intensity,HistGB
4U1746-371,NS,15,1.0,0.0002745292818691921,NS,True,A_intensity,HistGB
4U1820-30,NS,15,1.0,0.001998832536574931,NS,True,A_intensity,HistGB
4U1915-05,NS,6,1.0,0.0013861986914474138,NS,True,A_intensity,HistGB
AQLX1,NS,15,0.8,0.16378741747124229,NS,True,A_intensity,HistGB
CYGX2,NS,15,1.0,0.025621883622546172,NS,True,A_intensity,HistGB
EXO0748-676,NS,15,0.8666666666666667,0.10959698841572453,NS,True,A_intensity,HistGB
GROJ1655-40,BH,15,0.7333333333333333,0.6462616702685365,BH,True,A_intensity,HistGB
GRS1915+105,BH,15,0.5333333333333333,0.5020543201653183,BH,True,A_intensity,HistGB
GS1826-238,NS,15,1.0,0.102314561722096,NS,True,A_intensity,HistGB
GX17+2,NS,15,0.3333333333333333,0.6516536341663653,BH,False,A_intensity,HistGB
GX3+1,NS,15,1.0,0.0007324341161638344,NS,True,A_intensity,HistGB
GX339-4,BH,15,0.4666666666666667,0.5015528595380727,BH,True,A_intensity,HistGB
HETEJ1900.1-245,NS,15,0.8,0.22551235574930606,NS,True,A_intensity,HistGB
KS1731-260,NS,15,0.6,0.4150604437472711,NS,True,A_intensity,HistGB
MXB1658-298,NS,15,0.9333333333333333,0.08206764756625366,NS,True,A_intensity,HistGB
SAXJ1808.4-3658,NS,15,0.6666666666666666,0.3889811880683308,NS,True,A_intensity,HistGB
SLX1735-269,NS,15,0.9333333333333333,0.04121558044834443,NS,True,A_intensity,HistGB
XTEJ1118+480,BH,15,0.2,0.2262645352005149,NS,False,A_intensity,HistGB
XTEJ1550-564,BH,15,0.6,0.5893133259407372,BH,True,A_intensity,HistGB
XTEJ1650-500,BH,15,0.6,0.5582340866254929,BH,True,A_intensity,HistGB
XTEJ1814-338,NS,15,0.7333333333333333,0.32860636051664,NS,True,A_intensity,HistGB
4U1254-690,NS,15,1.0,0.2072656063554962,NS,True,A_intensity,SVM_RBF
4U1323-619,NS,15,1.0,0.339123592718326,NS,True,A_intensity,SVM_RBF
4U1543-47,BH,15,0.6,0.5941956179203624,BH,True,A_intensity,SVM_RBF
4U1608-52,NS,15,0.7333333333333333,0.33757886234524814,NS,True,A_intensity,SVM_RBF
4U1636-53,NS,15,0.8666666666666667,0.33760262192938223,NS,True,A_intensity,SVM_RBF
4U1702-429,NS,15,0.8,0.3296239298358975,NS,True,A_intensity,SVM_RBF
4U1705-44,NS,15,0.9333333333333333,0.25245494004889196,NS,True,A_intensity,SVM_RBF
4U1724-307,NS,15,0.7333333333333333,0.39458013492446165,NS,True,A_intensity,SVM_RBF
4U1728-34,NS,15,0.8,0.3640104687394389,NS,True,A_intensity,SVM_RBF
4U1735-44,NS,15,1.0,0.11533389482715939,NS,True,A_intensity,SVM_RBF
4U1746-371,NS,15,1.0,0.18338307172091814,NS,True,A_intensity,SVM_RBF
4U1820-30,NS,15,1.0,0.19978180593699502,NS,True,A_intensity,SVM_RBF
4U1915-05,NS,6,1.0,0.22802920862261625,NS,True,A_intensity,SVM_RBF
AQLX1,NS,15,0.7333333333333333,0.40869581844197167,NS,True,A_intensity,SVM_RBF
CYGX2,NS,15,0.9333333333333333,0.3181576404976824,NS,True,A_intensity,SVM_RBF
EXO0748-676,NS,15,1.0,0.2940215819687195,NS,True,A_intensity,SVM_RBF
GROJ1655-40,BH,15,0.9333333333333333,0.6830202564955049,BH,True,A_intensity,SVM_RBF
GRS1915+105,BH,15,0.7333333333333333,0.5894652288409883,BH,True,A_intensity,SVM_RBF
GS1826-238,NS,15,0.0,0.5897671551783819,BH,False,A_intensity,SVM_RBF
GX17+2,NS,15,0.4666666666666667,0.5333346069075655,BH,False,A_intensity,SVM_RBF
GX3+1,NS,15,1.0,0.19297033803869917,NS,True,A_intensity,SVM_RBF
GX339-4,BH,15,0.8,0.6118668125808778,BH,True,A_intensity,SVM_RBF
HETEJ1900.1-245,NS,15,0.4,0.47402682859302464,NS,True,A_intensity,SVM_RBF
KS1731-260,NS,15,0.3333333333333333,0.4982190261609251,NS,True,A_intensity,SVM_RBF
MXB1658-298,NS,15,0.8,0.30239393346154986,NS,True,A_intensity,SVM_RBF
SAXJ1808.4-3658,NS,15,0.2,0.5992644683071302,BH,False,A_intensity,SVM_RBF
SLX1735-269,NS,15,0.9333333333333333,0.30991127975930255,NS,True,A_intensity,SVM_RBF
XTEJ1118+480,BH,15,0.2,0.3870276317755938,NS,False,A_intensity,SVM_RBF
XTEJ1550-564,BH,15,0.26666666666666666,0.48325713327061853,NS,False,A_intensity,SVM_RBF
XTEJ1650-500,BH,15,1.0,0.7158761399024824,BH,True,A_intensity,SVM_RBF
XTEJ1814-338,NS,15,0.8,0.3826348353164314,NS,True,A_intensity,SVM_RBF
4U1254-690,NS,15,1.0,0.0,NS,True,A_intensity,kNN
4U1323-619,NS,15,0.4666666666666667,0.42482434658101376,NS,True,A_intensity,kNN
4U1543-47,BH,15,0.26666666666666666,0.37728058559189714,NS,False,A_intensity,kNN
4U1608-52,NS,15,0.9333333333333333,0.11745459935342459,NS,True,A_intensity,kNN
4U1636-53,NS,15,0.9333333333333333,0.2387293624886528,NS,True,A_intensity,kNN
4U1702-429,NS,15,0.6666666666666666,0.2116074344091324,NS,True,A_intensity,kNN
4U1705-44,NS,15,1.0,0.08883205910297735,NS,True,A_intensity,kNN
4U1724-307,NS,15,0.6666666666666666,0.37611841223320325,NS,True,A_intensity,kNN
4U1728-34,NS,15,0.6666666666666666,0.2948962421604006,NS,True,A_intensity,kNN
4U1735-44,NS,15,1.0,0.012403100775193798,NS,True,A_intensity,kNN
4U1746-371,NS,15,1.0,0.0,NS,True,A_intensity,kNN
4U1820-30,NS,15,1.0,0.04679932869815392,NS,True,A_intensity,kNN
4U1915-05,NS,6,0.8333333333333334,0.19757362250163565,NS,True,A_intensity,kNN
AQLX1,NS,15,0.6666666666666666,0.27060001198403955,NS,True,A_intensity,kNN
CYGX2,NS,15,1.0,0.08406546080964687,NS,True,A_intensity,kNN
EXO0748-676,NS,15,1.0,0.24364349964925366,NS,True,A_intensity,kNN
GROJ1655-40,BH,15,0.6,0.516731181890588,BH,True,A_intensity,kNN
GRS1915+105,BH,15,0.8,0.6409273121698146,BH,True,A_intensity,kNN
GS1826-238,NS,15,0.26666666666666666,0.5365930587921994,BH,False,A_intensity,kNN
GX17+2,NS,15,0.4666666666666667,0.4845551863692686,NS,True,A_intensity,kNN
GX3+1,NS,15,1.0,0.024806201550387597,NS,True,A_intensity,kNN
GX339-4,BH,15,0.6666666666666666,0.5814560314668599,BH,True,A_intensity,kNN
HETEJ1900.1-245,NS,15,0.5333333333333333,0.41849685409312926,NS,True,A_intensity,kNN
KS1731-260,NS,15,0.7333333333333333,0.3326250354160151,NS,True,A_intensity,kNN
MXB1658-298,NS,15,0.8,0.14619916932290158,NS,True,A_intensity,kNN
SAXJ1808.4-3658,NS,15,0.4,0.550674613286143,BH,False,A_intensity,kNN
SLX1735-269,NS,15,0.8666666666666667,0.224623429914868,NS,True,A_intensity,kNN
XTEJ1118+480,BH,15,0.26666666666666666,0.3254049414747359,NS,False,A_intensity,kNN
XTEJ1550-564,BH,15,0.26666666666666666,0.5013675291415634,BH,True,A_intensity,kNN
XTEJ1650-500,BH,15,0.8666666666666667,0.6927601923164494,BH,True,A_intensity,kNN
XTEJ1814-338,NS,15,0.8,0.4552065776374556,NS,True,A_intensity,kNN
4U1254-690,NS,15,1.0,0.06273953858838363,NS,True,A_intensity,QDA
4U1323-619,NS,15,1.0,0.2224465781623789,NS,True,A_intensity,QDA
4U1543-47,BH,15,0.7333333333333333,0.7741033252915728,BH,True,A_intensity,QDA
4U1608-52,NS,15,1.0,0.12184695979974522,NS,True,A_intensity,QDA
4U1636-53,NS,15,1.0,0.09040649646811764,NS,True,A_intensity,QDA
4U1702-429,NS,15,1.0,0.10117212943218262,NS,True,A_intensity,QDA
4U1705-44,NS,15,1.0,0.07397951169409055,NS,True,A_intensity,QDA
4U1724-307,NS,15,1.0,0.12440676156018649,NS,True,A_intensity,QDA
4U1728-34,NS,15,0.6666666666666666,0.3329185375379956,NS,True,A_intensity,QDA
4U1735-44,NS,15,1.0,0.007122670210990345,NS,True,A_intensity,QDA
4U1746-371,NS,15,1.0,0.046040473911129386,NS,True,A_intensity,QDA
4U1820-30,NS,15,0.9333333333333333,0.07451442702747792,NS,True,A_intensity,QDA
4U1915-05,NS,6,1.0,0.1002468020358579,NS,True,A_intensity,QDA
AQLX1,NS,15,1.0,0.1687265570259636,NS,True,A_intensity,QDA
CYGX2,NS,15,1.0,0.010317369687097688,NS,True,A_intensity,QDA
EXO0748-676,NS,15,1.0,0.19644083038752605,NS,True,A_intensity,QDA
GROJ1655-40,BH,15,0.6,0.6505133031720649,BH,True,A_intensity,QDA
GRS1915+105,BH,15,0.8,0.8079520399130712,BH,True,A_intensity,QDA
GS1826-238,NS,15,1.0,0.41234178384258346,NS,True,A_intensity,QDA
GX17+2,NS,15,0.8,0.1571219949936707,NS,True,A_intensity,QDA
GX3+1,NS,15,1.0,0.0030791699846812294,NS,True,A_intensity,QDA
GX339-4,BH,15,0.5333333333333333,0.5879525855139899,BH,True,A_intensity,QDA
HETEJ1900.1-245,NS,15,0.9333333333333333,0.22395901083587794,NS,True,A_intensity,QDA
KS1731-260,NS,15,0.6,0.41270172811734107,NS,True,A_intensity,QDA
MXB1658-298,NS,15,1.0,0.12323685982238258,NS,True,A_intensity,QDA
SAXJ1808.4-3658,NS,15,0.9333333333333333,0.2953999029133078,NS,True,A_intensity,QDA
SLX1735-269,NS,15,1.0,0.12513177214119606,NS,True,A_intensity,QDA
XTEJ1118+480,BH,15,0.0,0.1654851779841177,NS,False,A_intensity,QDA
XTEJ1550-564,BH,15,0.4666666666666667,0.5410708484324878,BH,True,A_intensity,QDA
XTEJ1650-500,BH,15,0.8,0.8466030752201701,BH,True,A_intensity,QDA
XTEJ1814-338,NS,15,1.0,0.20614082341908563,NS,True,A_intensity,QDA
4U1254-690,NS,15,1.0,0.4480111413135717,NS,True,A_intensity,MLP
4U1323-619,NS,15,0.0,0.527686581310731,BH,False,A_intensity,MLP
4U1543-47,BH,15,1.0,0.5901642605593179,BH,True,A_intensity,MLP
4U1608-52,NS,15,0.6,0.4524988221557618,NS,True,A_intensity,MLP
4U1636-53,NS,15,0.8,0.4273219034449476,NS,True,A_intensity,MLP
4U1702-429,NS,15,0.5333333333333333,0.4424587045557872,NS,True,A_intensity,MLP
4U1705-44,NS,15,0.7333333333333333,0.39150818239841173,NS,True,A_intensity,MLP
4U1724-307,NS,15,0.2,0.5075581181067411,BH,False,A_intensity,MLP
4U1728-34,NS,15,0.4,0.5650593739238707,BH,False,A_intensity,MLP
4U1735-44,NS,15,1.0,0.35363397309829964,NS,True,A_intensity,MLP
4U1746-371,NS,15,0.9333333333333333,0.40659498117433157,NS,True,A_intensity,MLP
4U1820-30,NS,15,0.6,0.4915438198758574,NS,True,A_intensity,MLP
4U1915-05,NS,6,1.0,0.4102334834751049,NS,True,A_intensity,MLP
AQLX1,NS,15,0.5333333333333333,0.45997487911297485,NS,True,A_intensity,MLP
CYGX2,NS,15,1.0,0.3737337261201819,NS,True,A_intensity,MLP
EXO0748-676,NS,15,0.26666666666666666,0.5023127891977671,BH,False,A_intensity,MLP
GROJ1655-40,BH,15,0.6666666666666666,0.5115538721952685,BH,True,A_intensity,MLP
GRS1915+105,BH,15,0.6666666666666666,0.5457751617585799,BH,True,A_intensity,MLP
GS1826-238,NS,15,0.0,0.6248355969933336,BH,False,A_intensity,MLP
GX17+2,NS,15,0.2,0.578459949009274,BH,False,A_intensity,MLP
GX3+1,NS,15,1.0,0.35564073276082653,NS,True,A_intensity,MLP
GX339-4,BH,15,0.9333333333333333,0.6075955882439252,BH,True,A_intensity,MLP
HETEJ1900.1-245,NS,15,0.2,0.5255694211526172,BH,False,A_intensity,MLP
KS1731-260,NS,15,0.0,0.6179402868060382,BH,False,A_intensity,MLP
MXB1658-298,NS,15,0.8,0.4379686930257693,NS,True,A_intensity,MLP
SAXJ1808.4-3658,NS,15,0.0,0.5700103715422038,BH,False,A_intensity,MLP
SLX1735-269,NS,15,0.4,0.4777450456642567,NS,True,A_intensity,MLP
XTEJ1118+480,BH,15,0.6666666666666666,0.520914057934908,BH,True,A_intensity,MLP
XTEJ1550-564,BH,15,0.9333333333333333,0.6148876878027429,BH,True,A_intensity,MLP
XTEJ1650-500,BH,15,1.0,0.6372934974501709,BH,True,A_intensity,MLP
XTEJ1814-338,NS,15,0.0,0.5290717994022074,BH,False,A_intensity,MLP
4U1254-690,NS,15,1.0,0.114029808540208,NS,True,H_colours,LogReg[srcw]
4U1323-619,NS,15,0.9333333333333333,0.31826942218238846,NS,True,H_colours,LogReg[srcw]
4U1543-47,BH,15,1.0,0.9477413133576423,BH,True,H_colours,LogReg[srcw]
4U1608-52,NS,15,0.5333333333333333,0.3493870186854184,NS,True,H_colours,LogReg[srcw]
4U1636-53,NS,15,0.8666666666666667,0.22109646999282775,NS,True,H_colours,LogReg[srcw]
4U1702-429,NS,15,0.7333333333333333,0.282338842750448,NS,True,H_colours,LogReg[srcw]
4U1705-44,NS,15,0.8666666666666667,0.18418099621810627,NS,True,H_colours,LogReg[srcw]
4U1724-307,NS,15,0.8666666666666667,0.3716147769311758,NS,True,H_colours,LogReg[srcw]
4U1728-34,NS,15,1.0,0.16909094369008912,NS,True,H_colours,LogReg[srcw]
4U1735-44,NS,15,1.0,0.026159139879557976,NS,True,H_colours,LogReg[srcw]
4U1746-371,NS,15,1.0,0.07977792310301164,NS,True,H_colours,LogReg[srcw]
4U1820-30,NS,15,1.0,0.04292140351609779,NS,True,H_colours,LogReg[srcw]
4U1915-05,NS,6,0.8333333333333334,0.29464441178393846,NS,True,H_colours,LogReg[srcw]
AQLX1,NS,15,0.5333333333333333,0.41346955931685253,NS,True,H_colours,LogReg[srcw]
CYGX2,NS,15,1.0,0.20479351616265476,NS,True,H_colours,LogReg[srcw]
EXO0748-676,NS,15,1.0,0.28307548945428723,NS,True,H_colours,LogReg[srcw]
GROJ1655-40,BH,15,1.0,0.8156714938583336,BH,True,H_colours,LogReg[srcw]
GRS1915+105,BH,15,0.4,0.4054805638161169,NS,False,H_colours,LogReg[srcw]
GS1826-238,NS,15,1.0,0.31908864089485617,NS,True,H_colours,LogReg[srcw]
GX17+2,NS,15,1.0,0.09078231057317986,NS,True,H_colours,LogReg[srcw]
GX3+1,NS,15,1.0,0.09299934393964561,NS,True,H_colours,LogReg[srcw]
GX339-4,BH,15,0.9333333333333333,0.8100227699175723,BH,True,H_colours,LogReg[srcw]
HETEJ1900.1-245,NS,15,0.13333333333333333,0.6058940586528491,BH,False,H_colours,LogReg[srcw]
KS1731-260,NS,15,0.5333333333333333,0.5954964232171115,BH,False,H_colours,LogReg[srcw]
MXB1658-298,NS,15,0.8666666666666667,0.2872654953458685,NS,True,H_colours,LogReg[srcw]
SAXJ1808.4-3658,NS,15,0.0,0.7231029096471235,BH,False,H_colours,LogReg[srcw]
SLX1735-269,NS,15,0.4666666666666667,0.4009251535145077,NS,True,H_colours,LogReg[srcw]
XTEJ1118+480,BH,15,0.13333333333333333,0.411266646222148,NS,False,H_colours,LogReg[srcw]
XTEJ1550-564,BH,15,0.9333333333333333,0.5511798987460271,BH,True,H_colours,LogReg[srcw]
XTEJ1650-500,BH,15,0.9333333333333333,0.8475812021727916,BH,True,H_colours,LogReg[srcw]
XTEJ1814-338,NS,15,0.8,0.4691556315249597,NS,True,H_colours,LogReg[srcw]
4U1254-690,NS,15,1.0,0.036164484004236525,NS,True,H_colours,RandomForest[srcw]
4U1323-619,NS,15,1.0,0.1454249735566617,NS,True,H_colours,RandomForest[srcw]
4U1543-47,BH,15,0.9333333333333333,0.8632002672150942,BH,True,H_colours,RandomForest[srcw]
4U1608-52,NS,15,0.8666666666666667,0.16638010888370552,NS,True,H_colours,RandomForest[srcw]
4U1636-53,NS,15,1.0,0.09759508632909085,NS,True,H_colours,RandomForest[srcw]
4U1702-429,NS,15,1.0,0.06413701896499688,NS,True,H_colours,RandomForest[srcw]
4U1705-44,NS,15,1.0,0.04749488940334487,NS,True,H_colours,RandomForest[srcw]
4U1724-307,NS,15,1.0,0.1648476842484739,NS,True,H_colours,RandomForest[srcw]
4U1728-34,NS,15,0.9333333333333333,0.16776108810932436,NS,True,H_colours,RandomForest[srcw]
4U1735-44,NS,15,1.0,0.007279666612095148,NS,True,H_colours,RandomForest[srcw]
4U1746-371,NS,15,0.9333333333333333,0.046737326767260674,NS,True,H_colours,RandomForest[srcw]
4U1820-30,NS,15,1.0,0.03161001750957435,NS,True,H_colours,RandomForest[srcw]
4U1915-05,NS,6,1.0,0.10714219221615806,NS,True,H_colours,RandomForest[srcw]
AQLX1,NS,15,0.6,0.36637272113277264,NS,True,H_colours,RandomForest[srcw]
CYGX2,NS,15,0.5333333333333333,0.40871891238420954,NS,True,H_colours,RandomForest[srcw]
EXO0748-676,NS,15,0.9333333333333333,0.2612895303996752,NS,True,H_colours,RandomForest[srcw]
GROJ1655-40,BH,15,1.0,0.8717502927893951,BH,True,H_colours,RandomForest[srcw]
GRS1915+105,BH,15,0.06666666666666667,0.15276945851771845,NS,False,H_colours,RandomForest[srcw]
GS1826-238,NS,15,1.0,0.04323279903617879,NS,True,H_colours,RandomForest[srcw]
GX17+2,NS,15,1.0,0.07119209830259218,NS,True,H_colours,RandomForest[srcw]
GX3+1,NS,15,1.0,0.07263126330724744,NS,True,H_colours,RandomForest[srcw]
GX339-4,BH,15,0.8666666666666667,0.7871616754567744,BH,True,H_colours,RandomForest[srcw]
HETEJ1900.1-245,NS,15,0.6666666666666666,0.3603456887094631,NS,True,H_colours,RandomForest[srcw]
KS1731-260,NS,15,0.7333333333333333,0.35012303729083016,NS,True,H_colours,RandomForest[srcw]
MXB1658-298,NS,15,0.9333333333333333,0.11648892745086294,NS,True,H_colours,RandomForest[srcw]
SAXJ1808.4-3658,NS,15,0.8666666666666667,0.2859474566312167,NS,True,H_colours,RandomForest[srcw]
SLX1735-269,NS,15,1.0,0.06285604929777969,NS,True,H_colours,RandomForest[srcw]
XTEJ1118+480,BH,15,0.06666666666666667,0.26249128044088266,NS,False,H_colours,RandomForest[srcw]
XTEJ1550-564,BH,15,0.6666666666666666,0.6227311746788894,BH,True,H_colours,RandomForest[srcw]
XTEJ1650-500,BH,15,0.6666666666666666,0.7071850311192754,BH,True,H_colours,RandomForest[srcw]
XTEJ1814-338,NS,15,0.6,0.4152446283812895,NS,True,H_colours,RandomForest[srcw]
4U1254-690,NS,15,1.0,0.02355852983000475,NS,True,H_colours,HistGB[srcw]
4U1323-619,NS,15,1.0,0.024862136340589022,NS,True,H_colours,HistGB[srcw]
4U1543-47,BH,15,0.8666666666666667,0.8845810133372719,BH,True,H_colours,HistGB[srcw]
4U1608-52,NS,15,0.8666666666666667,0.14860191624879399,NS,True,H_colours,HistGB[srcw]
4U1636-53,NS,15,1.0,0.009703481325892167,NS,True,H_colours,HistGB[srcw]
4U1702-429,NS,15,1.0,0.005524808344023986,NS,True,H_colours,HistGB[srcw]
4U1705-44,NS,15,1.0,0.02136465217290783,NS,True,H_colours,HistGB[srcw]
4U1724-307,NS,15,0.8666666666666667,0.14546200253562594,NS,True,H_colours,HistGB[srcw]
4U1728-34,NS,15,0.8666666666666667,0.10816795852052428,NS,True,H_colours,HistGB[srcw]
4U1735-44,NS,15,1.0,4.912798896194263e-05,NS,True,H_colours,HistGB[srcw]
4U1746-371,NS,15,0.9333333333333333,0.058093167817984605,NS,True,H_colours,HistGB[srcw]
4U1820-30,NS,15,1.0,0.0031209081427597224,NS,True,H_colours,HistGB[srcw]
4U1915-05,NS,6,1.0,0.007105658518052366,NS,True,H_colours,HistGB[srcw]
AQLX1,NS,15,0.4666666666666667,0.40691457721706203,NS,True,H_colours,HistGB[srcw]
CYGX2,NS,15,0.5333333333333333,0.458876375460523,NS,True,H_colours,HistGB[srcw]
EXO0748-676,NS,15,0.9333333333333333,0.05867230915454666,NS,True,H_colours,HistGB[srcw]
GROJ1655-40,BH,15,1.0,0.9975277367023939,BH,True,H_colours,HistGB[srcw]
GRS1915+105,BH,15,0.06666666666666667,0.06682198755462211,NS,False,H_colours,HistGB[srcw]
GS1826-238,NS,15,1.0,0.00659685057267361,NS,True,H_colours,HistGB[srcw]
GX17+2,NS,15,1.0,0.06706352881337754,NS,True,H_colours,HistGB[srcw]
GX3+1,NS,15,1.0,0.012978068847187144,NS,True,H_colours,HistGB[srcw]
GX339-4,BH,15,0.8666666666666667,0.808954148922272,BH,True,H_colours,HistGB[srcw]
HETEJ1900.1-245,NS,15,0.6666666666666666,0.3218825844297045,NS,True,H_colours,HistGB[srcw]
KS1731-260,NS,15,0.7333333333333333,0.2944642171268014,NS,True,H_colours,HistGB[srcw]
MXB1658-298,NS,15,0.8666666666666667,0.13307125611069168,NS,True,H_colours,HistGB[srcw]
SAXJ1808.4-3658,NS,15,0.4666666666666667,0.44087838880253344,NS,True,H_colours,HistGB[srcw]
SLX1735-269,NS,15,1.0,0.004787582447124605,NS,True,H_colours,HistGB[srcw]
XTEJ1118+480,BH,15,0.13333333333333333,0.2535244782287564,NS,False,H_colours,HistGB[srcw]
XTEJ1550-564,BH,15,0.6666666666666666,0.5815797434401061,BH,True,H_colours,HistGB[srcw]
XTEJ1650-500,BH,15,0.8666666666666667,0.7877410194561091,BH,True,H_colours,HistGB[srcw]
XTEJ1814-338,NS,15,0.6,0.3820335395367448,NS,True,H_colours,HistGB[srcw]
4U1254-690,NS,15,1.0,0.05928419963215714,NS,True,HI_colours_intensity,LogReg[srcw]
4U1323-619,NS,15,1.0,0.23325090631881232,NS,True,HI_colours_intensity,LogReg[srcw]
4U1543-47,BH,15,1.0,0.9271683683342928,BH,True,HI_colours_intensity,LogReg[srcw]
4U1608-52,NS,15,0.6,0.3672264123009496,NS,True,HI_colours_intensity,LogReg[srcw]
4U1636-53,NS,15,0.8666666666666667,0.21612475625469893,NS,True,HI_colours_intensity,LogReg[srcw]
4U1702-429,NS,15,0.7333333333333333,0.2746396284031681,NS,True,HI_colours_intensity,LogReg[srcw]
4U1705-44,NS,15,0.8,0.1900708210485319,NS,True,HI_colours_intensity,LogReg[srcw]
4U1724-307,NS,15,0.9333333333333333,0.34007796194661094,NS,True,HI_colours_intensity,LogReg[srcw]
4U1728-34,NS,15,1.0,0.2272665425744167,NS,True,HI_colours_intensity,LogReg[srcw]
4U1735-44,NS,15,1.0,0.03022314619578685,NS,True,HI_colours_intensity,LogReg[srcw]
4U1746-371,NS,15,1.0,0.051953024543747395,NS,True,HI_colours_intensity,LogReg[srcw]
4U1820-30,NS,15,1.0,0.05930342692590889,NS,True,HI_colours_intensity,LogReg[srcw]
4U1915-05,NS,6,1.0,0.21685658310310518,NS,True,HI_colours_intensity,LogReg[srcw]
AQLX1,NS,15,0.6,0.3784052018432187,NS,True,HI_colours_intensity,LogReg[srcw]
CYGX2,NS,15,1.0,0.25066414591988834,NS,True,HI_colours_intensity,LogReg[srcw]
EXO0748-676,NS,15,1.0,0.21417542586883487,NS,True,HI_colours_intensity,LogReg[srcw]
GROJ1655-40,BH,15,1.0,0.8476059215178057,BH,True,HI_colours_intensity,LogReg[srcw]
GRS1915+105,BH,15,0.4666666666666667,0.43786512639202635,NS,False,HI_colours_intensity,LogReg[srcw]
GS1826-238,NS,15,1.0,0.3976111792637018,NS,True,HI_colours_intensity,LogReg[srcw]
GX17+2,NS,15,1.0,0.1591065872235781,NS,True,HI_colours_intensity,LogReg[srcw]
GX3+1,NS,15,1.0,0.10979949785102837,NS,True,HI_colours_intensity,LogReg[srcw]
GX339-4,BH,15,0.8666666666666667,0.796322600307987,BH,True,HI_colours_intensity,LogReg[srcw]
HETEJ1900.1-245,NS,15,0.26666666666666666,0.5700580284074649,BH,False,HI_colours_intensity,LogReg[srcw]
KS1731-260,NS,15,0.06666666666666667,0.6413613927857582,BH,False,HI_colours_intensity,LogReg[srcw]
MXB1658-298,NS,15,1.0,0.1756908133332516,NS,True,HI_colours_intensity,LogReg[srcw]
SAXJ1808.4-3658,NS,15,0.2,0.642358367563568,BH,False,HI_colours_intensity,LogReg[srcw]
SLX1735-269,NS,15,0.6666666666666666,0.31333845952587425,NS,True,HI_colours_intensity,LogReg[srcw]
XTEJ1118+480,BH,15,0.3333333333333333,0.35937070256095127,NS,False,HI_colours_intensity,LogReg[srcw]
XTEJ1550-564,BH,15,0.7333333333333333,0.6205535368109881,BH,True,HI_colours_intensity,LogReg[srcw]
XTEJ1650-500,BH,15,0.8666666666666667,0.8131288835335685,BH,True,HI_colours_intensity,LogReg[srcw]
XTEJ1814-338,NS,15,0.8666666666666667,0.39807599839391344,NS,True,HI_colours_intensity,LogReg[srcw]
4U1254-690,NS,15,1.0,0.01792061568369803,NS,True,HI_colours_intensity,RandomForest[srcw]
4U1323-619,NS,15,1.0,0.2687027672094496,NS,True,HI_colours_intensity,RandomForest[srcw]
4U1543-47,BH,15,0.8,0.7618971455377804,BH,True,HI_colours_intensity,RandomForest[srcw]
4U1608-52,NS,15,0.9333333333333333,0.1049368349874884,NS,True,HI_colours_intensity,RandomForest[srcw]
4U1636-53,NS,15,1.0,0.03370124264711591,NS,True,HI_colours_intensity,RandomForest[srcw]
4U1702-429,NS,15,1.0,0.019886944055215478,NS,True,HI_colours_intensity,RandomForest[srcw]
4U1705-44,NS,15,1.0,0.017365007047219615,NS,True,HI_colours_intensity,RandomForest[srcw]
4U1724-307,NS,15,1.0,0.09530595433305458,NS,True,HI_colours_intensity,RandomForest[srcw]
4U1728-34,NS,15,1.0,0.16614083005964428,NS,True,HI_colours_intensity,RandomForest[srcw]
4U1735-44,NS,15,1.0,0.00989309326085186,NS,True,HI_colours_intensity,RandomForest[srcw]
4U1746-371,NS,15,1.0,0.013558758087926755,NS,True,HI_colours_intensity,RandomForest[srcw]
4U1820-30,NS,15,1.0,0.04524287523209561,NS,True,HI_colours_intensity,RandomForest[srcw]
4U1915-05,NS,6,1.0,0.083168559682239,NS,True,HI_colours_intensity,RandomForest[srcw]
AQLX1,NS,15,0.8,0.26157554638285735,NS,True,HI_colours_intensity,RandomForest[srcw]
CYGX2,NS,15,0.5333333333333333,0.3565285681820546,NS,True,HI_colours_intensity,RandomForest[srcw]
EXO0748-676,NS,15,1.0,0.25571238655625234,NS,True,HI_colours_intensity,RandomForest[srcw]
GROJ1655-40,BH,15,1.0,0.8206766105688769,BH,True,HI_colours_intensity,RandomForest[srcw]
GRS1915+105,BH,15,0.06666666666666667,0.36454016478507917,NS,False,HI_colours_intensity,RandomForest[srcw]
GS1826-238,NS,15,0.9333333333333333,0.1619322976936435,NS,True,HI_colours_intensity,RandomForest[srcw]
GX17+2,NS,15,0.6666666666666666,0.4026207237974111,NS,True,HI_colours_intensity,RandomForest[srcw]
GX3+1,NS,15,1.0,0.048370801555104065,NS,True,HI_colours_intensity,RandomForest[srcw]
GX339-4,BH,15,0.8666666666666667,0.6943164582528015,BH,True,HI_colours_intensity,RandomForest[srcw]
HETEJ1900.1-245,NS,15,0.8666666666666667,0.22462583110646508,NS,True,HI_colours_intensity,RandomForest[srcw]
KS1731-260,NS,15,0.9333333333333333,0.20760044447517423,NS,True,HI_colours_intensity,RandomForest[srcw]
MXB1658-298,NS,15,0.9333333333333333,0.1257661313912632,NS,True,HI_colours_intensity,RandomForest[srcw]
SAXJ1808.4-3658,NS,15,0.7333333333333333,0.298120458082467,NS,True,HI_colours_intensity,RandomForest[srcw]
SLX1735-269,NS,15,1.0,0.06933626154669646,NS,True,HI_colours_intensity,RandomForest[srcw]
XTEJ1118+480,BH,15,0.06666666666666667,0.2229749286016978,NS,False,HI_colours_intensity,RandomForest[srcw]
XTEJ1550-564,BH,15,0.6666666666666666,0.6374385764387923,BH,True,HI_colours_intensity,RandomForest[srcw]
XTEJ1650-500,BH,15,0.8,0.7067513420010708,BH,True,HI_colours_intensity,RandomForest[srcw]
XTEJ1814-338,NS,15,0.3333333333333333,0.5181461802394798,BH,False,HI_colours_intensity,RandomForest[srcw]
4U1254-690,NS,15,1.0,8.084255452230533e-06,NS,True,HI_colours_intensity,HistGB[srcw]
4U1323-619,NS,15,1.0,0.025949152188397932,NS,True,HI_colours_intensity,HistGB[srcw]
4U1543-47,BH,15,0.7333333333333333,0.744536763986927,BH,True,HI_colours_intensity,HistGB[srcw]
4U1608-52,NS,15,0.9333333333333333,0.059590484775092566,NS,True,HI_colours_intensity,HistGB[srcw]
4U1636-53,NS,15,1.0,4.62822969016304e-05,NS,True,HI_colours_intensity,HistGB[srcw]
4U1702-429,NS,15,1.0,0.00021672670618097707,NS,True,HI_colours_intensity,HistGB[srcw]
4U1705-44,NS,15,1.0,0.0010747008339675604,NS,True,HI_colours_intensity,HistGB[srcw]
4U1724-307,NS,15,1.0,0.045330111586378626,NS,True,HI_colours_intensity,HistGB[srcw]
4U1728-34,NS,15,1.0,0.060097165502367565,NS,True,HI_colours_intensity,HistGB[srcw]
4U1735-44,NS,15,1.0,6.223033321650639e-07,NS,True,HI_colours_intensity,HistGB[srcw]
4U1746-371,NS,15,1.0,3.7092057104374613e-06,NS,True,HI_colours_intensity,HistGB[srcw]
4U1820-30,NS,15,1.0,9.088990752570044e-05,NS,True,HI_colours_intensity,HistGB[srcw]
4U1915-05,NS,6,1.0,0.0003990137415559221,NS,True,HI_colours_intensity,HistGB[srcw]
AQLX1,NS,15,0.8,0.17376165757972545,NS,True,HI_colours_intensity,HistGB[srcw]
CYGX2,NS,15,0.6666666666666666,0.33695288860844363,NS,True,HI_colours_intensity,HistGB[srcw]
EXO0748-676,NS,15,0.8666666666666667,0.14848668601159618,NS,True,HI_colours_intensity,HistGB[srcw]
GROJ1655-40,BH,15,1.0,0.9780688141605044,BH,True,HI_colours_intensity,HistGB[srcw]
GRS1915+105,BH,15,0.26666666666666666,0.26962549070097924,NS,False,HI_colours_intensity,HistGB[srcw]
GS1826-238,NS,15,1.0,0.027226200291751282,NS,True,HI_colours_intensity,HistGB[srcw]
GX17+2,NS,15,0.26666666666666666,0.5313435866834819,BH,False,HI_colours_intensity,HistGB[srcw]
GX3+1,NS,15,1.0,7.180563717368304e-06,NS,True,HI_colours_intensity,HistGB[srcw]
GX339-4,BH,15,0.6666666666666666,0.6717075361670124,BH,True,HI_colours_intensity,HistGB[srcw]
HETEJ1900.1-245,NS,15,0.8666666666666667,0.1672627337541397,NS,True,HI_colours_intensity,HistGB[srcw]
KS1731-260,NS,15,0.8666666666666667,0.1440546173475273,NS,True,HI_colours_intensity,HistGB[srcw]
MXB1658-298,NS,15,0.9333333333333333,0.05451443182599946,NS,True,HI_colours_intensity,HistGB[srcw]
SAXJ1808.4-3658,NS,15,0.8666666666666667,0.18651390442901997,NS,True,HI_colours_intensity,HistGB[srcw]
SLX1735-269,NS,15,1.0,0.004442751511953572,NS,True,HI_colours_intensity,HistGB[srcw]
XTEJ1118+480,BH,15,0.13333333333333333,0.13449465231479193,NS,False,HI_colours_intensity,HistGB[srcw]
XTEJ1550-564,BH,15,0.3333333333333333,0.36005828409379875,NS,False,HI_colours_intensity,HistGB[srcw]
XTEJ1650-500,BH,15,0.9333333333333333,0.9245134477003373,BH,True,HI_colours_intensity,HistGB[srcw]
XTEJ1814-338,NS,15,0.26666666666666666,0.7169484024118987,BH,False,HI_colours_intensity,HistGB[srcw]
4U1254-690,NS,15,1.0,0.05629217049451905,NS,True,B_shape,LogReg[srcw]
4U1323-619,NS,15,0.7333333333333333,0.41275260963057114,NS,True,B_shape,LogReg[srcw]
4U1543-47,BH,15,1.0,0.9462164538379605,BH,True,B_shape,LogReg[srcw]
4U1608-52,NS,15,0.8,0.24837508161070834,NS,True,B_shape,LogReg[srcw]
4U1636-53,NS,15,1.0,0.09173139127270603,NS,True,B_shape,LogReg[srcw]
4U1702-429,NS,15,1.0,0.16542975177390357,NS,True,B_shape,LogReg[srcw]
4U1705-44,NS,15,0.9333333333333333,0.12442699558475999,NS,True,B_shape,LogReg[srcw]
4U1724-307,NS,15,1.0,0.18732838144346795,NS,True,B_shape,LogReg[srcw]
4U1728-34,NS,15,1.0,0.0745800222358488,NS,True,B_shape,LogReg[srcw]
4U1735-44,NS,15,1.0,0.0021206956919468576,NS,True,B_shape,LogReg[srcw]
4U1746-371,NS,15,1.0,0.009425093651741327,NS,True,B_shape,LogReg[srcw]
4U1820-30,NS,15,1.0,0.008714333787687744,NS,True,B_shape,LogReg[srcw]
4U1915-05,NS,6,1.0,0.13668976629216792,NS,True,B_shape,LogReg[srcw]
AQLX1,NS,15,0.6,0.3578213322136043,NS,True,B_shape,LogReg[srcw]
CYGX2,NS,15,0.5333333333333333,0.43694121746807313,NS,True,B_shape,LogReg[srcw]
EXO0748-676,NS,15,0.8666666666666667,0.31434959080356606,NS,True,B_shape,LogReg[srcw]
GROJ1655-40,BH,15,0.9333333333333333,0.9225662687489105,BH,True,B_shape,LogReg[srcw]
GRS1915+105,BH,15,0.06666666666666667,0.1768873276229875,NS,False,B_shape,LogReg[srcw]
GS1826-238,NS,15,1.0,0.29394144301201164,NS,True,B_shape,LogReg[srcw]
GX17+2,NS,15,1.0,0.043233086032381206,NS,True,B_shape,LogReg[srcw]
GX3+1,NS,15,1.0,0.08143359943965733,NS,True,B_shape,LogReg[srcw]
GX339-4,BH,15,0.9333333333333333,0.8415274104498913,BH,True,B_shape,LogReg[srcw]
HETEJ1900.1-245,NS,15,0.2,0.5197057499745928,BH,False,B_shape,LogReg[srcw]
KS1731-260,NS,15,0.5333333333333333,0.5538273119338017,BH,False,B_shape,LogReg[srcw]
MXB1658-298,NS,15,0.9333333333333333,0.15798589863164986,NS,True,B_shape,LogReg[srcw]
SAXJ1808.4-3658,NS,15,0.26666666666666666,0.5881445794323308,BH,False,B_shape,LogReg[srcw]
SLX1735-269,NS,15,0.9333333333333333,0.20874817239175006,NS,True,B_shape,LogReg[srcw]
XTEJ1118+480,BH,15,0.06666666666666667,0.27468083205722377,NS,False,B_shape,LogReg[srcw]
XTEJ1550-564,BH,15,0.9333333333333333,0.7578113756834823,BH,True,B_shape,LogReg[srcw]
XTEJ1650-500,BH,15,0.9333333333333333,0.8202935236173029,BH,True,B_shape,LogReg[srcw]
XTEJ1814-338,NS,15,0.5333333333333333,0.5127541013252789,BH,False,B_shape,LogReg[srcw]
4U1254-690,NS,15,1.0,0.017143777068397686,NS,True,B_shape,RandomForest[srcw]
4U1323-619,NS,15,0.8666666666666667,0.292120345691654,NS,True,B_shape,RandomForest[srcw]
4U1543-47,BH,15,0.8666666666666667,0.8821501560024341,BH,True,B_shape,RandomForest[srcw]
4U1608-52,NS,15,1.0,0.13806068685384723,NS,True,B_shape,RandomForest[srcw]
4U1636-53,NS,15,1.0,0.027085306471748342,NS,True,B_shape,RandomForest[srcw]
4U1702-429,NS,15,1.0,0.09914398823648783,NS,True,B_shape,RandomForest[srcw]
4U1705-44,NS,15,1.0,0.026927630794854683,NS,True,B_shape,RandomForest[srcw]
4U1724-307,NS,15,1.0,0.07146053773955414,NS,True,B_shape,RandomForest[srcw]
4U1728-34,NS,15,1.0,0.03212239997923441,NS,True,B_shape,RandomForest[srcw]
4U1735-44,NS,15,1.0,0.0038113117495954213,NS,True,B_shape,RandomForest[srcw]
4U1746-371,NS,15,1.0,0.0028845685572335207,NS,True,B_shape,RandomForest[srcw]
4U1820-30,NS,15,1.0,0.014198474012479635,NS,True,B_shape,RandomForest[srcw]
4U1915-05,NS,6,1.0,0.04981286738599582,NS,True,B_shape,RandomForest[srcw]
AQLX1,NS,15,0.8666666666666667,0.32233403067292576,NS,True,B_shape,RandomForest[srcw]
CYGX2,NS,15,0.6,0.3872663051532327,NS,True,B_shape,RandomForest[srcw]
EXO0748-676,NS,15,1.0,0.23762896315551577,NS,True,B_shape,RandomForest[srcw]
GROJ1655-40,BH,15,1.0,0.8201149780286573,BH,True,B_shape,RandomForest[srcw]
GRS1915+105,BH,15,0.06666666666666667,0.15602419741478565,NS,False,B_shape,RandomForest[srcw]
GS1826-238,NS,15,1.0,0.14178778693739025,NS,True,B_shape,RandomForest[srcw]
GX17+2,NS,15,1.0,0.0053321006083520825,NS,True,B_shape,RandomForest[srcw]
GX3+1,NS,15,1.0,0.12497842343521494,NS,True,B_shape,RandomForest[srcw]
GX339-4,BH,15,0.8,0.7168601191832669,BH,True,B_shape,RandomForest[srcw]
HETEJ1900.1-245,NS,15,0.8666666666666667,0.2679172140261601,NS,True,B_shape,RandomForest[srcw]
KS1731-260,NS,15,0.9333333333333333,0.31169450701032364,NS,True,B_shape,RandomForest[srcw]
MXB1658-298,NS,15,1.0,0.1413017029043729,NS,True,B_shape,RandomForest[srcw]
SAXJ1808.4-3658,NS,15,1.0,0.3693551748351715,NS,True,B_shape,RandomForest[srcw]
SLX1735-269,NS,15,1.0,0.1561213869289905,NS,True,B_shape,RandomForest[srcw]
XTEJ1118+480,BH,15,0.06666666666666667,0.14903235543934598,NS,False,B_shape,RandomForest[srcw]
XTEJ1550-564,BH,15,0.7333333333333333,0.5792083006840657,BH,True,B_shape,RandomForest[srcw]
XTEJ1650-500,BH,15,0.6,0.6756276177012291,BH,True,B_shape,RandomForest[srcw]
XTEJ1814-338,NS,15,0.6,0.4263470896702165,NS,True,B_shape,RandomForest[srcw]
4U1254-690,NS,15,1.0,0.0030680816315926934,NS,True,B_shape,HistGB[srcw]
4U1323-619,NS,15,0.9333333333333333,0.08280263286274173,NS,True,B_shape,HistGB[srcw]
4U1543-47,BH,15,0.9333333333333333,0.9323431259764396,BH,True,B_shape,HistGB[srcw]
4U1608-52,NS,15,1.0,0.02604184547166296,NS,True,B_shape,HistGB[srcw]
4U1636-53,NS,15,1.0,3.5750772780026214e-06,NS,True,B_shape,HistGB[srcw]
4U1702-429,NS,15,0.8666666666666667,0.13356720535789307,NS,True,B_shape,HistGB[srcw]
4U1705-44,NS,15,1.0,0.0006882286837760377,NS,True,B_shape,HistGB[srcw]
4U1724-307,NS,15,1.0,0.004965508793929366,NS,True,B_shape,HistGB[srcw]
4U1728-34,NS,15,1.0,0.00011425045811087238,NS,True,B_shape,HistGB[srcw]
4U1735-44,NS,15,1.0,1.5359900720213204e-06,NS,True,B_shape,HistGB[srcw]
4U1746-371,NS,15,1.0,1.7884635837480307e-07,NS,True,B_shape,HistGB[srcw]
4U1820-30,NS,15,1.0,9.141333118302859e-05,NS,True,B_shape,HistGB[srcw]
4U1915-05,NS,6,1.0,2.9581935948134555e-06,NS,True,B_shape,HistGB[srcw]
AQLX1,NS,15,0.9333333333333333,0.10357855506097778,NS,True,B_shape,HistGB[srcw]
CYGX2,NS,15,0.6666666666666666,0.3343847304411998,NS,True,B_shape,HistGB[srcw]
EXO0748-676,NS,15,1.0,0.05949405287606687,NS,True,B_shape,HistGB[srcw]
GROJ1655-40,BH,15,0.9333333333333333,0.9374018589954045,BH,True,B_shape,HistGB[srcw]
GRS1915+105,BH,15,0.06666666666666667,0.08733888884781166,NS,False,B_shape,HistGB[srcw]
GS1826-238,NS,15,1.0,0.005147342121981328,NS,True,B_shape,HistGB[srcw]
GX17+2,NS,15,1.0,2.0262821931075573e-05,NS,True,B_shape,HistGB[srcw]
GX3+1,NS,15,1.0,0.0001831923526217416,NS,True,B_shape,HistGB[srcw]
GX339-4,BH,15,0.8,0.7500105509894278,BH,True,B_shape,HistGB[srcw]
HETEJ1900.1-245,NS,15,0.8,0.22694780870796272,NS,True,B_shape,HistGB[srcw]
KS1731-260,NS,15,0.6666666666666666,0.3386231735567499,NS,True,B_shape,HistGB[srcw]
MXB1658-298,NS,15,0.9333333333333333,0.06724550050705744,NS,True,B_shape,HistGB[srcw]
SAXJ1808.4-3658,NS,15,0.7333333333333333,0.35257603838169804,NS,True,B_shape,HistGB[srcw]
SLX1735-269,NS,15,0.8666666666666667,0.0966073373809842,NS,True,B_shape,HistGB[srcw]
XTEJ1118+480,BH,15,0.06666666666666667,0.0976680700825269,NS,False,B_shape,HistGB[srcw]
XTEJ1550-564,BH,15,0.8,0.7252467489652382,BH,True,B_shape,HistGB[srcw]
XTEJ1650-500,BH,15,0.6,0.6096179144044572,BH,True,B_shape,HistGB[srcw]
XTEJ1814-338,NS,15,0.4666666666666667,0.4923393445204913,NS,True,B_shape,HistGB[srcw]
4U1254-690,NS,15,1.0,0.15551807847886565,NS,True,A_intensity,LogReg[srcw]
4U1323-619,NS,15,1.0,0.2070278108238503,NS,True,A_intensity,LogReg[srcw]
4U1543-47,BH,15,0.8666666666666667,0.8664063490131606,BH,True,A_intensity,LogReg[srcw]
4U1608-52,NS,15,0.7333333333333333,0.2725250478003048,NS,True,A_intensity,LogReg[srcw]
4U1636-53,NS,15,0.8666666666666667,0.2519956092986517,NS,True,A_intensity,LogReg[srcw]
4U1702-429,NS,15,0.7333333333333333,0.27819138604191107,NS,True,A_intensity,LogReg[srcw]
4U1705-44,NS,15,0.8666666666666667,0.1570579753506397,NS,True,A_intensity,LogReg[srcw]
4U1724-307,NS,15,1.0,0.3190382521738459,NS,True,A_intensity,LogReg[srcw]
4U1728-34,NS,15,0.4666666666666667,0.3908900191002584,NS,True,A_intensity,LogReg[srcw]
4U1735-44,NS,15,1.0,0.028730493741872785,NS,True,A_intensity,LogReg[srcw]
4U1746-371,NS,15,0.9333333333333333,0.11589039955902207,NS,True,A_intensity,LogReg[srcw]
4U1820-30,NS,15,0.9333333333333333,0.11208825244293566,NS,True,A_intensity,LogReg[srcw]
4U1915-05,NS,6,1.0,0.2380451380937053,NS,True,A_intensity,LogReg[srcw]
AQLX1,NS,15,0.6,0.3723687151738107,NS,True,A_intensity,LogReg[srcw]
CYGX2,NS,15,1.0,0.08099103248071965,NS,True,A_intensity,LogReg[srcw]
EXO0748-676,NS,15,1.0,0.21914558006873822,NS,True,A_intensity,LogReg[srcw]
GROJ1655-40,BH,15,0.6666666666666666,0.6797740322022638,BH,True,A_intensity,LogReg[srcw]
GRS1915+105,BH,15,0.6666666666666666,0.6287810890193447,BH,True,A_intensity,LogReg[srcw]
GS1826-238,NS,15,0.2,0.5151991373059724,BH,False,A_intensity,LogReg[srcw]
GX17+2,NS,15,1.0,0.1689355875985403,NS,True,A_intensity,LogReg[srcw]
GX3+1,NS,15,1.0,0.030543352695246506,NS,True,A_intensity,LogReg[srcw]
GX339-4,BH,15,0.7333333333333333,0.7029776266715978,BH,True,A_intensity,LogReg[srcw]
HETEJ1900.1-245,NS,15,0.6,0.47668333812717734,NS,True,A_intensity,LogReg[srcw]
KS1731-260,NS,15,0.26666666666666666,0.6105271849542807,BH,False,A_intensity,LogReg[srcw]
MXB1658-298,NS,15,0.8,0.3241231194901655,NS,True,A_intensity,LogReg[srcw]
SAXJ1808.4-3658,NS,15,0.13333333333333333,0.623417425205437,BH,False,A_intensity,LogReg[srcw]
SLX1735-269,NS,15,0.7333333333333333,0.36255585683035074,NS,True,A_intensity,LogReg[srcw]
XTEJ1118+480,BH,15,0.13333333333333333,0.3435921416749602,NS,False,A_intensity,LogReg[srcw]
XTEJ1550-564,BH,15,0.8,0.6147557669406789,BH,True,A_intensity,LogReg[srcw]
XTEJ1650-500,BH,15,0.8,0.8705669466174045,BH,True,A_intensity,LogReg[srcw]
XTEJ1814-338,NS,15,0.8666666666666667,0.3378289594714505,NS,True,A_intensity,LogReg[srcw]
4U1254-690,NS,15,1.0,0.056388213762159974,NS,True,A_intensity,RandomForest[srcw]
4U1323-619,NS,15,0.6666666666666666,0.35518417118574735,NS,True,A_intensity,RandomForest[srcw]
4U1543-47,BH,15,0.2,0.32386499980691813,NS,False,A_intensity,RandomForest[srcw]
4U1608-52,NS,15,1.0,0.12598327936743195,NS,True,A_intensity,RandomForest[srcw]
4U1636-53,NS,15,1.0,0.14114391283028663,NS,True,A_intensity,RandomForest[srcw]
4U1702-429,NS,15,1.0,0.09251226647532342,NS,True,A_intensity,RandomForest[srcw]
4U1705-44,NS,15,1.0,0.0481091042106654,NS,True,A_intensity,RandomForest[srcw]
4U1724-307,NS,15,0.9333333333333333,0.22091973764324482,NS,True,A_intensity,RandomForest[srcw]
4U1728-34,NS,15,0.7333333333333333,0.295074687636861,NS,True,A_intensity,RandomForest[srcw]
4U1735-44,NS,15,1.0,0.01795979324370833,NS,True,A_intensity,RandomForest[srcw]
4U1746-371,NS,15,1.0,0.02203508887568951,NS,True,A_intensity,RandomForest[srcw]
4U1820-30,NS,15,1.0,0.04582057989356668,NS,True,A_intensity,RandomForest[srcw]
4U1915-05,NS,6,1.0,0.11280463807147949,NS,True,A_intensity,RandomForest[srcw]
AQLX1,NS,15,0.8666666666666667,0.24949398700191228,NS,True,A_intensity,RandomForest[srcw]
CYGX2,NS,15,1.0,0.09584578541493655,NS,True,A_intensity,RandomForest[srcw]
EXO0748-676,NS,15,1.0,0.19872952131790153,NS,True,A_intensity,RandomForest[srcw]
GROJ1655-40,BH,15,0.4666666666666667,0.5066050014546427,BH,True,A_intensity,RandomForest[srcw]
GRS1915+105,BH,15,0.26666666666666666,0.4359267261104909,NS,False,A_intensity,RandomForest[srcw]
GS1826-238,NS,15,0.9333333333333333,0.18508816386365518,NS,True,A_intensity,RandomForest[srcw]
GX17+2,NS,15,0.4,0.5945957776351803,BH,False,A_intensity,RandomForest[srcw]
GX3+1,NS,15,1.0,0.04117039158215203,NS,True,A_intensity,RandomForest[srcw]
GX339-4,BH,15,0.5333333333333333,0.4907273959587028,NS,False,A_intensity,RandomForest[srcw]
HETEJ1900.1-245,NS,15,0.8666666666666667,0.33159173286784066,NS,True,A_intensity,RandomForest[srcw]
KS1731-260,NS,15,0.6,0.4402921135543381,NS,True,A_intensity,RandomForest[srcw]
MXB1658-298,NS,15,0.8666666666666667,0.14580136167869207,NS,True,A_intensity,RandomForest[srcw]
SAXJ1808.4-3658,NS,15,0.6,0.40594864599466696,NS,True,A_intensity,RandomForest[srcw]
SLX1735-269,NS,15,1.0,0.17644355473800913,NS,True,A_intensity,RandomForest[srcw]
XTEJ1118+480,BH,15,0.2,0.23332630948038874,NS,False,A_intensity,RandomForest[srcw]
XTEJ1550-564,BH,15,0.26666666666666666,0.4498092849736228,NS,False,A_intensity,RandomForest[srcw]
XTEJ1650-500,BH,15,0.3333333333333333,0.5085283160358984,BH,True,A_intensity,RandomForest[srcw]
XTEJ1814-338,NS,15,0.8,0.34430419845875415,NS,True,A_intensity,RandomForest[srcw]
4U1254-690,NS,15,1.0,0.034162843283813873,NS,True,A_intensity,HistGB[srcw]
4U1323-619,NS,15,0.9333333333333333,0.1007266875777842,NS,True,A_intensity,HistGB[srcw]
4U1543-47,BH,15,0.6,0.4998468097089534,NS,False,A_intensity,HistGB[srcw]
4U1608-52,NS,15,0.8666666666666667,0.12399903624161945,NS,True,A_intensity,HistGB[srcw]
4U1636-53,NS,15,1.0,0.0016674603572049047,NS,True,A_intensity,HistGB[srcw]
4U1702-429,NS,15,1.0,0.00030372535489735876,NS,True,A_intensity,HistGB[srcw]
4U1705-44,NS,15,1.0,0.0032300392849974064,NS,True,A_intensity,HistGB[srcw]
4U1724-307,NS,15,0.9333333333333333,0.06386696812430455,NS,True,A_intensity,HistGB[srcw]
4U1728-34,NS,15,0.9333333333333333,0.09131659869699846,NS,True,A_intensity,HistGB[srcw]
4U1735-44,NS,15,1.0,1.451293120387683e-05,NS,True,A_intensity,HistGB[srcw]
4U1746-371,NS,15,1.0,0.0002517209136848645,NS,True,A_intensity,HistGB[srcw]
4U1820-30,NS,15,1.0,0.001150061863481818,NS,True,A_intensity,HistGB[srcw]
4U1915-05,NS,6,1.0,0.0013861986914474138,NS,True,A_intensity,HistGB[srcw]
AQLX1,NS,15,0.8,0.17804317877282924,NS,True,A_intensity,HistGB[srcw]
CYGX2,NS,15,1.0,0.05852449635369295,NS,True,A_intensity,HistGB[srcw]
EXO0748-676,NS,15,0.8666666666666667,0.1291923368954669,NS,True,A_intensity,HistGB[srcw]
GROJ1655-40,BH,15,0.7333333333333333,0.6195345672514753,BH,True,A_intensity,HistGB[srcw]
GRS1915+105,BH,15,0.5333333333333333,0.5080297267272185,BH,True,A_intensity,HistGB[srcw]
GS1826-238,NS,15,1.0,0.05071902163171371,NS,True,A_intensity,HistGB[srcw]
GX17+2,NS,15,0.3333333333333333,0.6420889665734829,BH,False,A_intensity,HistGB[srcw]
GX3+1,NS,15,1.0,0.002055508139177631,NS,True,A_intensity,HistGB[srcw]
GX339-4,BH,15,0.4666666666666667,0.485460005937498,NS,False,A_intensity,HistGB[srcw]
HETEJ1900.1-245,NS,15,0.8,0.23791561208178524,NS,True,A_intensity,HistGB[srcw]
KS1731-260,NS,15,0.6,0.43066678268893027,NS,True,A_intensity,HistGB[srcw]
MXB1658-298,NS,15,0.9333333333333333,0.08103868350168772,NS,True,A_intensity,HistGB[srcw]
SAXJ1808.4-3658,NS,15,0.6666666666666666,0.40180818125328877,NS,True,A_intensity,HistGB[srcw]
SLX1735-269,NS,15,0.9333333333333333,0.04589475465150739,NS,True,A_intensity,HistGB[srcw]
XTEJ1118+480,BH,15,0.2,0.2485797261418758,NS,False,A_intensity,HistGB[srcw]
XTEJ1550-564,BH,15,0.6,0.6075280550808538,BH,True,A_intensity,HistGB[srcw]
XTEJ1650-500,BH,15,0.6,0.5523140003032451,BH,True,A_intensity,HistGB[srcw]
XTEJ1814-338,NS,15,0.7333333333333333,0.3314061832779086,NS,True,A_intensity,HistGB[srcw]
4U1254-690,NS,15,1.0,0.3022443365585072,NS,True,H_colours,nested:LogReg
4U1323-619,NS,15,0.6666666666666666,0.48067986216194647,NS,True,H_colours,nested:LogReg
4U1543-47,BH,15,1.0,0.9771892867191454,BH,True,H_colours,nested:LogReg
4U1608-52,NS,15,0.5333333333333333,0.46556661968729135,NS,True,H_colours,nested:LogReg
4U1636-53,NS,15,0.8,0.3826480158485903,NS,True,H_colours,nested:LogReg
4U1702-429,NS,15,0.5333333333333333,0.40792349295501623,NS,True,H_colours,nested:LogReg
4U1705-44,NS,15,0.8,0.3462689302238298,NS,True,H_colours,nested:LogReg
4U1724-307,NS,15,0.3333333333333333,0.49679981508202137,NS,True,H_colours,nested:LogReg
4U1728-34,NS,15,0.9333333333333333,0.346139508339603,NS,True,H_colours,nested:LogReg
4U1735-44,NS,15,1.0,0.19442022563686542,NS,True,H_colours,nested:LogReg
4U1746-371,NS,15,0.9333333333333333,0.25740556892390754,NS,True,H_colours,nested:LogReg
4U1820-30,NS,15,1.0,0.21897884392286,NS,True,H_colours,nested:LogReg
4U1915-05,NS,6,0.5,0.4198212178465952,NS,True,H_colours,nested:LogReg
AQLX1,NS,15,0.4666666666666667,0.5107259671540265,BH,False,H_colours,nested:LogReg
CYGX2,NS,15,1.0,0.36430414092918184,NS,True,H_colours,nested:LogReg
EXO0748-676,NS,15,0.7333333333333333,0.45409170200752896,NS,True,H_colours,nested:LogReg
GROJ1655-40,BH,15,1.0,0.8903762795003914,BH,True,H_colours,nested:LogReg
GRS1915+105,BH,15,0.6666666666666666,0.4956231291950269,NS,False,H_colours,nested:LogReg
GS1826-238,NS,15,0.7333333333333333,0.4825287168502175,NS,True,H_colours,nested:LogReg
GX17+2,NS,15,1.0,0.27837788225322896,NS,True,H_colours,nested:LogReg
GX3+1,NS,15,1.0,0.281018500944662,NS,True,H_colours,nested:LogReg
GX339-4,BH,15,1.0,0.8331044814008088,BH,True,H_colours,nested:LogReg
HETEJ1900.1-245,NS,15,0.13333333333333333,0.6365905550302993,BH,False,H_colours,nested:LogReg
KS1731-260,NS,15,0.06666666666666667,0.6664797458012413,BH,False,H_colours,nested:LogReg
MXB1658-298,NS,15,0.7333333333333333,0.42829968645388256,NS,True,H_colours,nested:LogReg
SAXJ1808.4-3658,NS,15,0.0,0.7153693297643795,BH,False,H_colours,nested:LogReg
SLX1735-269,NS,15,0.4,0.4897797614035669,NS,True,H_colours,nested:LogReg
XTEJ1118+480,BH,15,0.6666666666666666,0.5539680069050648,BH,True,H_colours,nested:LogReg
XTEJ1550-564,BH,15,0.9333333333333333,0.6299338182662818,BH,True,H_colours,nested:LogReg
XTEJ1650-500,BH,15,0.9333333333333333,0.934661960810994,BH,True,H_colours,nested:LogReg
XTEJ1814-338,NS,15,0.2,0.5637312928687123,BH,False,H_colours,nested:LogReg
4U1254-690,NS,15,1.0,0.03923333333333331,NS,True,H_colours,nested:RandomForest
4U1323-619,NS,15,0.9333333333333333,0.17322428165067993,NS,True,H_colours,nested:RandomForest
4U1543-47,BH,15,0.8666666666666667,0.8666333333333333,BH,True,H_colours,nested:RandomForest
4U1608-52,NS,15,0.9333333333333333,0.16233333333333336,NS,True,H_colours,nested:RandomForest
4U1636-53,NS,15,1.0,0.09953333333333332,NS,True,H_colours,nested:RandomForest
4U1702-429,NS,15,1.0,0.052533333333333244,NS,True,H_colours,nested:RandomForest
4U1705-44,NS,15,1.0,0.045666666666666605,NS,True,H_colours,nested:RandomForest
4U1724-307,NS,15,1.0,0.16187345911061737,NS,True,H_colours,nested:RandomForest
4U1728-34,NS,15,0.9333333333333333,0.15203333333333324,NS,True,H_colours,nested:RandomForest
4U1735-44,NS,15,1.0,0.011799999999999967,NS,True,H_colours,nested:RandomForest
4U1746-371,NS,15,0.9333333333333333,0.04829999999999993,NS,True,H_colours,nested:RandomForest
4U1820-30,NS,15,1.0,0.022266666666666594,NS,True,H_colours,nested:RandomForest
4U1915-05,NS,6,1.0,0.08349999999999991,NS,True,H_colours,nested:RandomForest
AQLX1,NS,15,0.6666666666666666,0.31503333333333333,NS,True,H_colours,nested:RandomForest
CYGX2,NS,15,0.5333333333333333,0.41296718022981144,NS,True,H_colours,nested:RandomForest
EXO0748-676,NS,15,1.0,0.1632666666666666,NS,True,H_colours,nested:RandomForest
GROJ1655-40,BH,15,1.0,0.8582375605304359,BH,True,H_colours,nested:RandomForest
GRS1915+105,BH,15,0.2,0.4067,NS,False,H_colours,nested:RandomForest
GS1826-238,NS,15,1.0,0.030699999999999936,NS,True,H_colours,nested:RandomForest
GX17+2,NS,15,1.0,0.04630000000000003,NS,True,H_colours,nested:RandomForest
GX3+1,NS,15,1.0,0.11003775335378445,NS,True,H_colours,nested:RandomForest
GX339-4,BH,15,0.8666666666666667,0.8480333333333334,BH,True,H_colours,nested:RandomForest
HETEJ1900.1-245,NS,15,0.6666666666666666,0.2856666666666666,NS,True,H_colours,nested:RandomForest
KS1731-260,NS,15,0.9333333333333333,0.29829999999999995,NS,True,H_colours,nested:RandomForest
MXB1658-298,NS,15,0.8666666666666667,0.11276666666666665,NS,True,H_colours,nested:RandomForest
SAXJ1808.4-3658,NS,15,0.8666666666666667,0.2624660256217076,NS,True,H_colours,nested:RandomForest
SLX1735-269,NS,15,1.0,0.08673404206827347,NS,True,H_colours,nested:RandomForest
XTEJ1118+480,BH,15,0.06666666666666667,0.24339999999999992,NS,False,H_colours,nested:RandomForest
XTEJ1550-564,BH,15,0.9333333333333333,0.9487984295876951,BH,True,H_colours,nested:RandomForest
XTEJ1650-500,BH,15,0.6,0.6706333333333333,BH,True,H_colours,nested:RandomForest
XTEJ1814-338,NS,15,0.4,0.5660862263767605,BH,False,H_colours,nested:RandomForest
4U1254-690,NS,15,1.0,0.03773333333333333,NS,True,H_colours,nested:ExtraTrees
4U1323-619,NS,15,0.9333333333333333,0.3402194578321778,NS,True,H_colours,nested:ExtraTrees
4U1543-47,BH,15,0.8666666666666667,0.8436190184165846,BH,True,H_colours,nested:ExtraTrees
4U1608-52,NS,15,0.9333333333333333,0.1371637960279516,NS,True,H_colours,nested:ExtraTrees
4U1636-53,NS,15,1.0,0.06038748539334317,NS,True,H_colours,nested:ExtraTrees
4U1702-429,NS,15,1.0,0.04602840492840496,NS,True,H_colours,nested:ExtraTrees
4U1705-44,NS,15,1.0,0.025700000000000035,NS,True,H_colours,nested:ExtraTrees
4U1724-307,NS,15,1.0,0.11858450561857323,NS,True,H_colours,nested:ExtraTrees
4U1728-34,NS,15,0.9333333333333333,0.09083936841067015,NS,True,H_colours,nested:ExtraTrees
4U1735-44,NS,15,1.0,-0.0190062546648752,NS,True,H_colours,nested:ExtraTrees
4U1746-371,NS,15,0.9333333333333333,0.030747434426144866,NS,True,H_colours,nested:ExtraTrees
4U1820-30,NS,15,1.0,0.001882251082251113,NS,True,H_colours,nested:ExtraTrees
4U1915-05,NS,6,1.0,0.013007575757575668,NS,True,H_colours,nested:ExtraTrees
AQLX1,NS,15,0.8666666666666667,0.28750414842716604,NS,True,H_colours,nested:ExtraTrees
CYGX2,NS,15,0.6,0.42876378910679375,NS,True,H_colours,nested:ExtraTrees
EXO0748-676,NS,15,0.7333333333333333,0.3812284115945302,NS,True,H_colours,nested:ExtraTrees
GROJ1655-40,BH,15,1.0,0.7931726202904053,BH,True,H_colours,nested:ExtraTrees
GRS1915+105,BH,15,0.2,0.4030469111104841,NS,False,H_colours,nested:ExtraTrees
GS1826-238,NS,15,1.0,0.005133333333333274,NS,True,H_colours,nested:ExtraTrees
GX17+2,NS,15,1.0,0.027827397260273983,NS,True,H_colours,nested:ExtraTrees
GX3+1,NS,15,1.0,-0.0008666666666665398,NS,True,H_colours,nested:ExtraTrees
GX339-4,BH,15,0.8666666666666667,0.8116891227531109,BH,True,H_colours,nested:ExtraTrees
HETEJ1900.1-245,NS,15,0.8,0.30356518334389365,NS,True,H_colours,nested:ExtraTrees
KS1731-260,NS,15,0.6666666666666666,0.35245751250271795,NS,True,H_colours,nested:ExtraTrees
MXB1658-298,NS,15,0.8666666666666667,0.11583255813953493,NS,True,H_colours,nested:ExtraTrees
SAXJ1808.4-3658,NS,15,0.9333333333333333,0.16004175375827764,NS,True,H_colours,nested:ExtraTrees
SLX1735-269,NS,15,1.0,0.05061036610448382,NS,True,H_colours,nested:ExtraTrees
XTEJ1118+480,BH,15,0.06666666666666667,0.22580026915504164,NS,False,H_colours,nested:ExtraTrees
XTEJ1550-564,BH,15,0.6666666666666666,0.5653140582667819,BH,True,H_colours,nested:ExtraTrees
XTEJ1650-500,BH,15,0.6,0.6655096357704758,BH,True,H_colours,nested:ExtraTrees
XTEJ1814-338,NS,15,0.2,0.5751293634774768,BH,False,H_colours,nested:ExtraTrees
4U1254-690,NS,15,1.0,-0.007363715888812126,NS,True,H_colours,nested:HistGB
4U1323-619,NS,15,1.0,0.10887782962898969,NS,True,H_colours,nested:HistGB
4U1543-47,BH,15,1.0,1.0170921729794127,BH,True,H_colours,nested:HistGB
4U1608-52,NS,15,0.8666666666666667,0.14091076402599834,NS,True,H_colours,nested:HistGB
4U1636-53,NS,15,1.0,0.00012748133211026627,NS,True,H_colours,nested:HistGB
4U1702-429,NS,15,1.0,-0.009147739026992233,NS,True,H_colours,nested:HistGB
4U1705-44,NS,15,1.0,0.1526812193763619,NS,True,H_colours,nested:HistGB
4U1724-307,NS,15,0.8,0.22243074421250333,NS,True,H_colours,nested:HistGB
4U1728-34,NS,15,0.8666666666666667,0.2818557914683243,NS,True,H_colours,nested:HistGB
4U1735-44,NS,15,1.0,0.07185765743673872,NS,True,H_colours,nested:HistGB
4U1746-371,NS,15,0.9333333333333333,0.016563544626518146,NS,True,H_colours,nested:HistGB
4U1820-30,NS,15,1.0,0.08230586887830077,NS,True,H_colours,nested:HistGB
4U1915-05,NS,6,1.0,0.12582739888428054,NS,True,H_colours,nested:HistGB
AQLX1,NS,15,0.4666666666666667,0.4577523222821483,NS,True,H_colours,nested:HistGB
CYGX2,NS,15,0.5333333333333333,0.5647826447921328,BH,False,H_colours,nested:HistGB
EXO0748-676,NS,15,0.9333333333333333,0.2246673896390831,NS,True,H_colours,nested:HistGB
GROJ1655-40,BH,15,1.0,0.9668189030282134,BH,True,H_colours,nested:HistGB
GRS1915+105,BH,15,0.06666666666666667,0.22572200964168238,NS,False,H_colours,nested:HistGB
GS1826-238,NS,15,1.0,-0.025016121016899165,NS,True,H_colours,nested:HistGB
GX17+2,NS,15,1.0,0.0025050237670615695,NS,True,H_colours,nested:HistGB
GX3+1,NS,15,1.0,0.04102075680466376,NS,True,H_colours,nested:HistGB
GX339-4,BH,15,0.8666666666666667,0.9130896066439413,BH,True,H_colours,nested:HistGB
HETEJ1900.1-245,NS,15,0.6666666666666666,0.2790278090442418,NS,True,H_colours,nested:HistGB
KS1731-260,NS,15,0.5333333333333333,0.4484003303326419,NS,True,H_colours,nested:HistGB
MXB1658-298,NS,15,0.8666666666666667,0.24863628787686826,NS,True,H_colours,nested:HistGB
SAXJ1808.4-3658,NS,15,0.4666666666666667,0.5681283913726015,BH,False,H_colours,nested:HistGB
SLX1735-269,NS,15,1.0,0.15807407438099486,NS,True,H_colours,nested:HistGB
XTEJ1118+480,BH,15,0.3333333333333333,0.3222587946640237,NS,False,H_colours,nested:HistGB
XTEJ1550-564,BH,15,0.6666666666666666,0.4819626164176412,NS,False,H_colours,nested:HistGB
XTEJ1650-500,BH,15,0.8666666666666667,0.7713999177031319,BH,True,H_colours,nested:HistGB
XTEJ1814-338,NS,15,0.4666666666666667,0.5270411786561875,BH,False,H_colours,nested:HistGB
4U1254-690,NS,15,1.0,0.21437781048423413,NS,True,H_colours,nested:SVM_RBF
4U1323-619,NS,15,0.8,0.3995448081868148,NS,True,H_colours,nested:SVM_RBF
4U1543-47,BH,15,0.8666666666666667,0.6241861093453238,BH,True,H_colours,nested:SVM_RBF
4U1608-52,NS,15,0.9333333333333333,0.2973731048953071,NS,True,H_colours,nested:SVM_RBF
4U1636-53,NS,15,1.0,0.21435944516417982,NS,True,H_colours,nested:SVM_RBF
4U1702-429,NS,15,1.0,0.2352270178900377,NS,True,H_colours,nested:SVM_RBF
4U1705-44,NS,15,1.0,0.2211428341962321,NS,True,H_colours,nested:SVM_RBF
4U1724-307,NS,15,1.0,0.20786516678526318,NS,True,H_colours,nested:SVM_RBF
4U1728-34,NS,15,1.0,0.2318135943544189,NS,True,H_colours,nested:SVM_RBF
4U1735-44,NS,15,1.0,0.21411490106956868,NS,True,H_colours,nested:SVM_RBF
4U1746-371,NS,15,1.0,0.1951749062842247,NS,True,H_colours,nested:SVM_RBF
4U1820-30,NS,15,1.0,0.20110120324307137,NS,True,H_colours,nested:SVM_RBF
4U1915-05,NS,6,1.0,0.24330066108227758,NS,True,H_colours,nested:SVM_RBF
AQLX1,NS,15,0.2,0.7049079963488865,BH,False,H_colours,nested:SVM_RBF
CYGX2,NS,15,0.6,0.4089905157638601,NS,True,H_colours,nested:SVM_RBF
EXO0748-676,NS,15,0.7333333333333333,0.38470208663190797,NS,True,H_colours,nested:SVM_RBF
GROJ1655-40,BH,15,0.6666666666666666,0.5427824852435558,BH,True,H_colours,nested:SVM_RBF
GRS1915+105,BH,15,0.06666666666666667,0.13676416980037082,NS,False,H_colours,nested:SVM_RBF
GS1826-238,NS,15,0.9333333333333333,0.39566759318486827,NS,True,H_colours,nested:SVM_RBF
GX17+2,NS,15,1.0,0.20598530381351549,NS,True,H_colours,nested:SVM_RBF
GX3+1,NS,15,1.0,0.22574158633476132,NS,True,H_colours,nested:SVM_RBF
GX339-4,BH,15,0.9333333333333333,0.6403228355441494,BH,True,H_colours,nested:SVM_RBF
HETEJ1900.1-245,NS,15,0.6,0.44065438742265345,NS,True,H_colours,nested:SVM_RBF
KS1731-260,NS,15,0.6666666666666666,0.41560079269133027,NS,True,H_colours,nested:SVM_RBF
MXB1658-298,NS,15,0.8666666666666667,0.30510953796734197,NS,True,H_colours,nested:SVM_RBF
SAXJ1808.4-3658,NS,15,0.5333333333333333,0.483236729707546,NS,True,H_colours,nested:SVM_RBF
SLX1735-269,NS,15,1.0,0.2472127153290743,NS,True,H_colours,nested:SVM_RBF
XTEJ1118+480,BH,15,0.06666666666666667,0.3314939437837844,NS,False,H_colours,nested:SVM_RBF
XTEJ1550-564,BH,15,0.6666666666666666,0.5384688744640388,BH,True,H_colours,nested:SVM_RBF
XTEJ1650-500,BH,15,0.6,0.574386590672732,BH,True,H_colours,nested:SVM_RBF
XTEJ1814-338,NS,15,0.6,0.45193232350639956,NS,True,H_colours,nested:SVM_RBF
4U1254-690,NS,15,1.0,-0.04381203008556316,NS,True,H_colours,nested:kNN
4U1323-619,NS,15,0.9333333333333333,0.0598874771337139,NS,True,H_colours,nested:kNN
4U1543-47,BH,15,0.9333333333333333,0.7501944225420977,BH,True,H_colours,nested:kNN
4U1608-52,NS,15,0.8,0.20485125571934415,NS,True,H_colours,nested:kNN
4U1636-53,NS,15,1.0,0.07082949486524011,NS,True,H_colours,nested:kNN
4U1702-429,NS,15,1.0,0.021073377978938636,NS,True,H_colours,nested:kNN
4U1705-44,NS,15,0.9333333333333333,-0.016327326905510104,NS,True,H_colours,nested:kNN
4U1724-307,NS,15,0.9333333333333333,0.04293193235374915,NS,True,H_colours,nested:kNN
4U1728-34,NS,15,0.9333333333333333,0.11993126400076314,NS,True,H_colours,nested:kNN
4U1735-44,NS,15,1.0,-0.1221945123040559,NS,True,H_colours,nested:kNN
4U1746-371,NS,15,1.0,-0.09256488267442628,NS,True,H_colours,nested:kNN
4U1820-30,NS,15,1.0,-0.07057175552665997,NS,True,H_colours,nested:kNN
4U1915-05,NS,6,1.0,-0.011305751656509913,NS,True,H_colours,nested:kNN
AQLX1,NS,15,0.5333333333333333,0.2738948241592575,NS,True,H_colours,nested:kNN
CYGX2,NS,15,0.9333333333333333,0.11918017905711752,NS,True,H_colours,nested:kNN
EXO0748-676,NS,15,0.9333333333333333,0.18405212507740903,NS,True,H_colours,nested:kNN
GROJ1655-40,BH,15,1.0,0.7634853159532173,BH,True,H_colours,nested:kNN
GRS1915+105,BH,15,0.2,0.26320135388870214,NS,False,H_colours,nested:kNN
GS1826-238,NS,15,1.0,0.0409009431530386,NS,True,H_colours,nested:kNN
GX17+2,NS,15,1.0,-0.06580515723332948,NS,True,H_colours,nested:kNN
GX3+1,NS,15,1.0,0.0018364954478820306,NS,True,H_colours,nested:kNN
GX339-4,BH,15,0.8666666666666667,0.6922861815597058,BH,True,H_colours,nested:kNN
HETEJ1900.1-245,NS,15,0.9333333333333333,0.3293563221940098,NS,True,H_colours,nested:kNN
KS1731-260,NS,15,0.26666666666666666,0.667235735129861,BH,False,H_colours,nested:kNN
MXB1658-298,NS,15,1.0,0.01830662701525365,NS,True,H_colours,nested:kNN
SAXJ1808.4-3658,NS,15,0.9333333333333333,0.23487357101837797,NS,True,H_colours,nested:kNN
SLX1735-269,NS,15,1.0,-0.016512477090514375,NS,True,H_colours,nested:kNN
XTEJ1118+480,BH,15,0.06666666666666667,0.1985570423078128,NS,False,H_colours,nested:kNN
XTEJ1550-564,BH,15,0.6666666666666666,0.6155920722590835,BH,True,H_colours,nested:kNN
XTEJ1650-500,BH,15,0.6666666666666666,0.5919121852547786,BH,True,H_colours,nested:kNN
XTEJ1814-338,NS,15,0.13333333333333333,0.7149100159961662,BH,False,H_colours,nested:kNN
4U1254-690,NS,15,1.0,0.29493072246702273,NS,True,H_colours,nested:QDA
4U1323-619,NS,15,0.13333333333333333,0.5564422334313381,BH,False,H_colours,nested:QDA
4U1543-47,BH,15,1.0,0.9875017393800455,BH,True,H_colours,nested:QDA
4U1608-52,NS,15,0.5333333333333333,0.4254947005834679,NS,True,H_colours,nested:QDA
4U1636-53,NS,15,0.8666666666666667,0.3562281840233711,NS,True,H_colours,nested:QDA
4U1702-429,NS,15,0.7333333333333333,0.38697376604033346,NS,True,H_colours,nested:QDA
4U1705-44,NS,15,0.8666666666666667,0.33568248629509984,NS,True,H_colours,nested:QDA
4U1724-307,NS,15,0.8666666666666667,0.44183794578933144,NS,True,H_colours,nested:QDA
4U1728-34,NS,15,0.9333333333333333,0.37145521425433503,NS,True,H_colours,nested:QDA
4U1735-44,NS,15,0.9333333333333333,0.2514858372536843,NS,True,H_colours,nested:QDA
4U1746-371,NS,15,1.0,0.28143905806778086,NS,True,H_colours,nested:QDA
4U1820-30,NS,15,1.0,0.24380407687396702,NS,True,H_colours,nested:QDA
4U1915-05,NS,6,0.8333333333333334,0.41454420091423655,NS,True,H_colours,nested:QDA
AQLX1,NS,15,0.5333333333333333,0.4880242487825005,NS,True,H_colours,nested:QDA
CYGX2,NS,15,0.7333333333333333,0.46559083257437933,NS,True,H_colours,nested:QDA
EXO0748-676,NS,15,0.6666666666666666,0.5427253918533527,BH,False,H_colours,nested:QDA
GROJ1655-40,BH,15,1.0,1.1053354199597474,BH,True,H_colours,nested:QDA
GRS1915+105,BH,15,0.26666666666666666,0.41138608111154235,NS,False,H_colours,nested:QDA
GS1826-238,NS,15,0.06666666666666667,0.5500070044982561,BH,False,H_colours,nested:QDA
GX17+2,NS,15,1.0,0.2860182777667106,NS,True,H_colours,nested:QDA
GX3+1,NS,15,1.0,0.2813510445459052,NS,True,H_colours,nested:QDA
GX339-4,BH,15,1.0,0.899687889257333,BH,True,H_colours,nested:QDA
HETEJ1900.1-245,NS,15,0.2,0.5480182833581466,BH,False,H_colours,nested:QDA
KS1731-260,NS,15,0.06666666666666667,0.6453559370810901,BH,False,H_colours,nested:QDA
MXB1658-298,NS,15,0.7333333333333333,0.4014832712682063,NS,True,H_colours,nested:QDA
SAXJ1808.4-3658,NS,15,0.06666666666666667,0.649931840445435,BH,False,H_colours,nested:QDA
SLX1735-269,NS,15,0.4666666666666667,0.4548450666549805,NS,True,H_colours,nested:QDA
XTEJ1118+480,BH,15,0.2,0.4767866847565477,NS,False,H_colours,nested:QDA
XTEJ1550-564,BH,15,0.26666666666666666,0.4575056106851018,NS,False,H_colours,nested:QDA
XTEJ1650-500,BH,15,0.9333333333333333,0.9528597956150521,BH,True,H_colours,nested:QDA
XTEJ1814-338,NS,15,0.06666666666666667,0.5914515782637129,BH,False,H_colours,nested:QDA
4U1254-690,NS,15,1.0,0.40230917689905416,NS,True,H_colours,nested:MLP
4U1323-619,NS,15,1.0,0.45543017241374995,NS,True,H_colours,nested:MLP
4U1543-47,BH,15,0.8,0.6016650222251604,BH,True,H_colours,nested:MLP
4U1608-52,NS,15,0.9333333333333333,0.41897119825691626,NS,True,H_colours,nested:MLP
4U1636-53,NS,15,0.8666666666666667,0.440083680173295,NS,True,H_colours,nested:MLP
4U1702-429,NS,15,1.0,0.42046028165517224,NS,True,H_colours,nested:MLP
4U1705-44,NS,15,1.0,0.3978734766434572,NS,True,H_colours,nested:MLP
4U1724-307,NS,15,1.0,0.43218597486278243,NS,True,H_colours,nested:MLP
4U1728-34,NS,15,0.9333333333333333,0.4310542983585819,NS,True,H_colours,nested:MLP
4U1735-44,NS,15,1.0,0.36594358317270365,NS,True,H_colours,nested:MLP
4U1746-371,NS,15,1.0,0.3720687410678684,NS,True,H_colours,nested:MLP
4U1820-30,NS,15,1.0,0.37409335721795506,NS,True,H_colours,nested:MLP
4U1915-05,NS,6,0.5,0.4915430947711337,NS,True,H_colours,nested:MLP
AQLX1,NS,15,0.8,0.43087234659976514,NS,True,H_colours,nested:MLP
CYGX2,NS,15,0.7333333333333333,0.47539711955307745,NS,True,H_colours,nested:MLP
EXO0748-676,NS,15,1.0,0.4491024008322213,NS,True,H_colours,nested:MLP
GROJ1655-40,BH,15,1.0,0.6162937596644743,BH,True,H_colours,nested:MLP
GRS1915+105,BH,15,0.13333333333333333,0.4456537480978253,NS,False,H_colours,nested:MLP
GS1826-238,NS,15,1.0,0.46461608541238064,NS,True,H_colours,nested:MLP
GX17+2,NS,15,1.0,0.3945246930452596,NS,True,H_colours,nested:MLP
GX3+1,NS,15,1.0,0.4037249337988809,NS,True,H_colours,nested:MLP
GX339-4,BH,15,0.4666666666666667,0.5307886272730742,BH,True,H_colours,nested:MLP
HETEJ1900.1-245,NS,15,0.8,0.4815028913045399,NS,True,H_colours,nested:MLP
KS1731-260,NS,15,0.0,0.5448279317702504,BH,False,H_colours,nested:MLP
MXB1658-298,NS,15,1.0,0.4267341705746572,NS,True,H_colours,nested:MLP
SAXJ1808.4-3658,NS,15,0.6666666666666666,0.49755839227465437,NS,True,H_colours,nested:MLP
SLX1735-269,NS,15,0.9333333333333333,0.42840144097630795,NS,True,H_colours,nested:MLP
XTEJ1118+480,BH,15,0.6,0.4961496770240412,NS,False,H_colours,nested:MLP
XTEJ1550-564,BH,15,0.0,0.45727599621942416,NS,False,H_colours,nested:MLP
XTEJ1650-500,BH,15,0.9333333333333333,0.6418374279714136,BH,True,H_colours,nested:MLP
XTEJ1814-338,NS,15,1.0,0.46479863604558536,NS,True,H_colours,nested:MLP
4U1254-690,NS,15,1.0,0.1501930469497461,NS,True,HI_colours_intensity,nested:LogReg
4U1323-619,NS,15,0.9333333333333333,0.3218997401763625,NS,True,HI_colours_intensity,nested:LogReg
4U1543-47,BH,15,1.0,0.9876398511420156,BH,True,HI_colours_intensity,nested:LogReg
4U1608-52,NS,15,0.5333333333333333,0.5139313242716264,BH,False,HI_colours_intensity,nested:LogReg
4U1636-53,NS,15,0.8666666666666667,0.2984037236668854,NS,True,HI_colours_intensity,nested:LogReg
4U1702-429,NS,15,0.6,0.35480005202709447,NS,True,HI_colours_intensity,nested:LogReg
4U1705-44,NS,15,0.8,0.2741425629924503,NS,True,HI_colours_intensity,nested:LogReg
4U1724-307,NS,15,0.7333333333333333,0.41942216106113406,NS,True,HI_colours_intensity,nested:LogReg
4U1728-34,NS,15,0.8666666666666667,0.3025852642420907,NS,True,HI_colours_intensity,nested:LogReg
4U1735-44,NS,15,1.0,0.12094850523674984,NS,True,HI_colours_intensity,nested:LogReg
4U1746-371,NS,15,1.0,0.14248602903738164,NS,True,HI_colours_intensity,nested:LogReg
4U1820-30,NS,15,1.0,0.14784033875657468,NS,True,HI_colours_intensity,nested:LogReg
4U1915-05,NS,6,0.8333333333333334,0.3020631686012292,NS,True,HI_colours_intensity,nested:LogReg
AQLX1,NS,15,0.5333333333333333,0.5255919877362359,BH,False,HI_colours_intensity,nested:LogReg
CYGX2,NS,15,1.0,0.3819493927027395,NS,True,HI_colours_intensity,nested:LogReg
EXO0748-676,NS,15,1.0,0.30171580117961316,NS,True,HI_colours_intensity,nested:LogReg
GROJ1655-40,BH,15,0.9333333333333333,0.7366270517596225,BH,True,HI_colours_intensity,nested:LogReg
GRS1915+105,BH,15,0.6666666666666666,0.5137627767909446,BH,True,HI_colours_intensity,nested:LogReg
GS1826-238,NS,15,0.06666666666666667,0.5451255384745436,BH,False,HI_colours_intensity,nested:LogReg
GX17+2,NS,15,1.0,0.24046804581873482,NS,True,HI_colours_intensity,nested:LogReg
GX3+1,NS,15,1.0,0.1974185320567215,NS,True,HI_colours_intensity,nested:LogReg
GX339-4,BH,15,0.9333333333333333,0.8726627065910552,BH,True,HI_colours_intensity,nested:LogReg
HETEJ1900.1-245,NS,15,0.26666666666666666,0.6429268123495123,BH,False,HI_colours_intensity,nested:LogReg
KS1731-260,NS,15,0.0,0.7673060890178502,BH,False,HI_colours_intensity,nested:LogReg
MXB1658-298,NS,15,0.9333333333333333,0.2669944730913166,NS,True,HI_colours_intensity,nested:LogReg
SAXJ1808.4-3658,NS,15,0.13333333333333333,0.7229357154933981,BH,False,HI_colours_intensity,nested:LogReg
SLX1735-269,NS,15,0.5333333333333333,0.4017445964476549,NS,True,HI_colours_intensity,nested:LogReg
XTEJ1118+480,BH,15,0.4666666666666667,0.45251964714710813,NS,False,HI_colours_intensity,nested:LogReg
XTEJ1550-564,BH,15,0.8,0.7241635215248919,BH,True,HI_colours_intensity,nested:LogReg
XTEJ1650-500,BH,15,0.8666666666666667,0.867401044472105,BH,True,HI_colours_intensity,nested:LogReg
XTEJ1814-338,NS,15,0.2,0.5385610067277959,BH,False,HI_colours_intensity,nested:LogReg
4U1254-690,NS,15,1.0,0.2198141585605686,NS,True,HI_colours_intensity,nested:RandomForest
4U1323-619,NS,15,0.2,0.5665390518308845,BH,False,HI_colours_intensity,nested:RandomForest
4U1543-47,BH,15,0.8666666666666667,1.0154999999999998,BH,True,HI_colours_intensity,nested:RandomForest
4U1608-52,NS,15,0.9333333333333333,0.2869666666666666,NS,True,HI_colours_intensity,nested:RandomForest
4U1636-53,NS,15,1.0,0.20886666666666662,NS,True,HI_colours_intensity,nested:RandomForest
4U1702-429,NS,15,1.0,0.16303100031950732,NS,True,HI_colours_intensity,nested:RandomForest
4U1705-44,NS,15,1.0,0.19816666666666657,NS,True,HI_colours_intensity,nested:RandomForest
4U1724-307,NS,15,1.0,0.2539666666666667,NS,True,HI_colours_intensity,nested:RandomForest
4U1728-34,NS,15,1.0,0.3048666666666666,NS,True,HI_colours_intensity,nested:RandomForest
4U1735-44,NS,15,1.0,0.2539,NS,True,HI_colours_intensity,nested:RandomForest
4U1746-371,NS,15,1.0,0.2545666666666666,NS,True,HI_colours_intensity,nested:RandomForest
4U1820-30,NS,15,1.0,0.23158526479586913,NS,True,HI_colours_intensity,nested:RandomForest
4U1915-05,NS,6,1.0,0.2453333333333333,NS,True,HI_colours_intensity,nested:RandomForest
AQLX1,NS,15,0.7333333333333333,0.4478666666666667,NS,True,HI_colours_intensity,nested:RandomForest
CYGX2,NS,15,0.5333333333333333,0.5136999999999999,BH,False,HI_colours_intensity,nested:RandomForest
EXO0748-676,NS,15,0.4,0.5239690716311768,BH,False,HI_colours_intensity,nested:RandomForest
GROJ1655-40,BH,15,1.0,1.0448333333333333,BH,True,HI_colours_intensity,nested:RandomForest
GRS1915+105,BH,15,0.06666666666666667,0.2771249891675535,NS,False,HI_colours_intensity,nested:RandomForest
GS1826-238,NS,15,0.8666666666666667,0.32689999999999997,NS,True,HI_colours_intensity,nested:RandomForest
GX17+2,NS,15,0.6,0.46856666666666663,NS,True,HI_colours_intensity,nested:RandomForest
GX3+1,NS,15,1.0,0.21181599525944292,NS,True,HI_colours_intensity,nested:RandomForest
GX339-4,BH,15,0.8666666666666667,0.9078666666666667,BH,True,HI_colours_intensity,nested:RandomForest
HETEJ1900.1-245,NS,15,0.8666666666666667,0.37209999999999993,NS,True,HI_colours_intensity,nested:RandomForest
KS1731-260,NS,15,0.9333333333333333,0.33266666666666667,NS,True,HI_colours_intensity,nested:RandomForest
MXB1658-298,NS,15,0.9333333333333333,0.2972333333333333,NS,True,HI_colours_intensity,nested:RandomForest
SAXJ1808.4-3658,NS,15,0.7333333333333333,0.41283333333333333,NS,True,HI_colours_intensity,nested:RandomForest
SLX1735-269,NS,15,1.0,0.22259999999999994,NS,True,HI_colours_intensity,nested:RandomForest
XTEJ1118+480,BH,15,0.06666666666666667,0.36849999999999994,NS,False,HI_colours_intensity,nested:RandomForest
XTEJ1550-564,BH,15,0.8,0.7883999999999999,BH,True,HI_colours_intensity,nested:RandomForest
XTEJ1650-500,BH,15,1.0,0.9556666666666668,BH,True,HI_colours_intensity,nested:RandomForest
XTEJ1814-338,NS,15,0.26666666666666666,0.7516999999999999,BH,False,HI_colours_intensity,nested:RandomForest
4U1254-690,NS,15,1.0,0.22115998463785172,NS,True,HI_colours_intensity,nested:ExtraTrees
4U1323-619,NS,15,0.13333333333333333,0.5417547161875592,BH,False,HI_colours_intensity,nested:ExtraTrees
4U1543-47,BH,15,0.8666666666666667,0.7354534506419231,BH,True,HI_colours_intensity,nested:ExtraTrees
4U1608-52,NS,15,0.9333333333333333,0.32980096991550684,NS,True,HI_colours_intensity,nested:ExtraTrees
4U1636-53,NS,15,1.0,0.2831685078865644,NS,True,HI_colours_intensity,nested:ExtraTrees
4U1702-429,NS,15,1.0,0.2765086166838208,NS,True,HI_colours_intensity,nested:ExtraTrees
4U1705-44,NS,15,1.0,0.27524749210195437,NS,True,HI_colours_intensity,nested:ExtraTrees
4U1724-307,NS,15,1.0,0.3626653882409134,NS,True,HI_colours_intensity,nested:ExtraTrees
4U1728-34,NS,15,1.0,0.33707067744863667,NS,True,HI_colours_intensity,nested:ExtraTrees
4U1735-44,NS,15,1.0,0.22924984970337817,NS,True,HI_colours_intensity,nested:ExtraTrees
4U1746-371,NS,15,1.0,0.21887335487440593,NS,True,HI_colours_intensity,nested:ExtraTrees
4U1820-30,NS,15,1.0,0.27777433060205786,NS,True,HI_colours_intensity,nested:ExtraTrees
4U1915-05,NS,6,1.0,0.33207084640334716,NS,True,HI_colours_intensity,nested:ExtraTrees
AQLX1,NS,15,0.7333333333333333,0.3989800317150536,NS,True,HI_colours_intensity,nested:ExtraTrees
CYGX2,NS,15,0.6666666666666666,0.39713597943181594,NS,True,HI_colours_intensity,nested:ExtraTrees
EXO0748-676,NS,15,0.3333333333333333,0.5287440130475075,BH,False,HI_colours_intensity,nested:ExtraTrees
GROJ1655-40,BH,15,1.0,0.9634732535438418,BH,True,HI_colours_intensity,nested:ExtraTrees
GRS1915+105,BH,15,0.06666666666666667,0.40714196099772415,NS,False,HI_colours_intensity,nested:ExtraTrees
GS1826-238,NS,15,0.8666666666666667,0.4543926047282205,NS,True,HI_colours_intensity,nested:ExtraTrees
GX17+2,NS,15,0.8666666666666667,0.39910388262361035,NS,True,HI_colours_intensity,nested:ExtraTrees
GX3+1,NS,15,1.0,0.27543206345364146,NS,True,HI_colours_intensity,nested:ExtraTrees
GX339-4,BH,15,0.8666666666666667,0.6837451706343391,BH,True,HI_colours_intensity,nested:ExtraTrees
HETEJ1900.1-245,NS,15,0.9333333333333333,0.40919239276752495,NS,True,HI_colours_intensity,nested:ExtraTrees
KS1731-260,NS,15,0.8666666666666667,0.4447138878823057,NS,True,HI_colours_intensity,nested:ExtraTrees
MXB1658-298,NS,15,0.8666666666666667,0.3066036247961109,NS,True,HI_colours_intensity,nested:ExtraTrees
SAXJ1808.4-3658,NS,15,0.6,0.5368636678779157,BH,False,HI_colours_intensity,nested:ExtraTrees
SLX1735-269,NS,15,1.0,0.3238349045692596,NS,True,HI_colours_intensity,nested:ExtraTrees
XTEJ1118+480,BH,15,0.13333333333333333,0.2563725156161272,NS,False,HI_colours_intensity,nested:ExtraTrees
XTEJ1550-564,BH,15,0.8666666666666667,0.5899736580565431,BH,True,HI_colours_intensity,nested:ExtraTrees
XTEJ1650-500,BH,15,1.0,0.72182049862056,BH,True,HI_colours_intensity,nested:ExtraTrees
XTEJ1814-338,NS,15,0.13333333333333333,0.8092666666666666,BH,False,HI_colours_intensity,nested:ExtraTrees
4U1254-690,NS,15,1.0,0.3412362619419858,NS,True,HI_colours_intensity,nested:HistGB
4U1323-619,NS,15,0.9333333333333333,0.37781902090826774,NS,True,HI_colours_intensity,nested:HistGB
4U1543-47,BH,15,0.7333333333333333,1.0572081087157468,BH,True,HI_colours_intensity,nested:HistGB
4U1608-52,NS,15,0.8666666666666667,0.38266498722627984,NS,True,HI_colours_intensity,nested:HistGB
4U1636-53,NS,15,1.0,0.32812868441028725,NS,True,HI_colours_intensity,nested:HistGB
4U1702-429,NS,15,1.0,0.3401638805168491,NS,True,HI_colours_intensity,nested:HistGB
4U1705-44,NS,15,1.0,0.3221606182493513,NS,True,HI_colours_intensity,nested:HistGB
4U1724-307,NS,15,0.9333333333333333,0.3565554238139403,NS,True,HI_colours_intensity,nested:HistGB
4U1728-34,NS,15,0.8666666666666667,0.4111097838886792,NS,True,HI_colours_intensity,nested:HistGB
4U1735-44,NS,15,1.0,0.32302374874799006,NS,True,HI_colours_intensity,nested:HistGB
4U1746-371,NS,15,1.0,0.2944146479130475,NS,True,HI_colours_intensity,nested:HistGB
4U1820-30,NS,15,1.0,0.3434182382740705,NS,True,HI_colours_intensity,nested:HistGB
4U1915-05,NS,6,1.0,0.33179250796073106,NS,True,HI_colours_intensity,nested:HistGB
AQLX1,NS,15,0.6666666666666666,0.46886859495537847,NS,True,HI_colours_intensity,nested:HistGB
CYGX2,NS,15,0.6666666666666666,0.6547801414469311,BH,False,HI_colours_intensity,nested:HistGB
EXO0748-676,NS,15,0.8,0.4694861251381391,NS,True,HI_colours_intensity,nested:HistGB
GROJ1655-40,BH,15,1.0,1.3016691042093709,BH,True,HI_colours_intensity,nested:HistGB
GRS1915+105,BH,15,0.26666666666666666,0.5914241473075499,BH,True,HI_colours_intensity,nested:HistGB
GS1826-238,NS,15,0.9333333333333333,0.33720266367016777,NS,True,HI_colours_intensity,nested:HistGB
GX17+2,NS,15,0.13333333333333333,0.9080282682222964,BH,False,HI_colours_intensity,nested:HistGB
GX3+1,NS,15,1.0,0.26613320116814715,NS,True,HI_colours_intensity,nested:HistGB
GX339-4,BH,15,0.8,1.006835609779746,BH,True,HI_colours_intensity,nested:HistGB
HETEJ1900.1-245,NS,15,0.6666666666666666,0.5029430835529348,BH,False,HI_colours_intensity,nested:HistGB
KS1731-260,NS,15,0.6666666666666666,0.4919110902632256,NS,True,HI_colours_intensity,nested:HistGB
MXB1658-298,NS,15,0.9333333333333333,0.3254257878913428,NS,True,HI_colours_intensity,nested:HistGB
SAXJ1808.4-3658,NS,15,0.7333333333333333,0.5868333022049624,BH,False,HI_colours_intensity,nested:HistGB
SLX1735-269,NS,15,1.0,0.32215549058091725,NS,True,HI_colours_intensity,nested:HistGB
XTEJ1118+480,BH,15,0.13333333333333333,0.3423753132158357,NS,False,HI_colours_intensity,nested:HistGB
XTEJ1550-564,BH,15,0.7333333333333333,0.8769999539722808,BH,True,HI_colours_intensity,nested:HistGB
XTEJ1650-500,BH,15,1.0,1.198609897662054,BH,True,HI_colours_intensity,nested:HistGB
XTEJ1814-338,NS,15,0.26666666666666666,0.9289406885979034,BH,False,HI_colours_intensity,nested:HistGB
4U1254-690,NS,15,1.0,0.008514713136680766,NS,True,HI_colours_intensity,nested:SVM_RBF
4U1323-619,NS,15,0.13333333333333333,0.6974566482110313,BH,False,HI_colours_intensity,nested:SVM_RBF
4U1543-47,BH,15,0.8,0.7009591889289816,BH,True,HI_colours_intensity,nested:SVM_RBF
4U1608-52,NS,15,1.0,0.22140416470006732,NS,True,HI_colours_intensity,nested:SVM_RBF
4U1636-53,NS,15,1.0,0.18597735862495435,NS,True,HI_colours_intensity,nested:SVM_RBF
4U1702-429,NS,15,1.0,0.08178616761566139,NS,True,HI_colours_intensity,nested:SVM_RBF
4U1705-44,NS,15,1.0,0.10131650949052304,NS,True,HI_colours_intensity,nested:SVM_RBF
4U1724-307,NS,15,1.0,0.09368792764417337,NS,True,HI_colours_intensity,nested:SVM_RBF
4U1728-34,NS,15,1.0,0.09559494965655249,NS,True,HI_colours_intensity,nested:SVM_RBF
4U1735-44,NS,15,1.0,-0.0012843052834731398,NS,True,HI_colours_intensity,nested:SVM_RBF
4U1746-371,NS,15,1.0,-0.005682691530468601,NS,True,HI_colours_intensity,nested:SVM_RBF
4U1820-30,NS,15,1.0,0.03497616739177926,NS,True,HI_colours_intensity,nested:SVM_RBF
4U1915-05,NS,6,1.0,0.18413077621059473,NS,True,HI_colours_intensity,nested:SVM_RBF
AQLX1,NS,15,0.6,0.5563934870520392,BH,False,HI_colours_intensity,nested:SVM_RBF
CYGX2,NS,15,1.0,0.28639839009140344,NS,True,HI_colours_intensity,nested:SVM_RBF
EXO0748-676,NS,15,0.13333333333333333,0.7087471951584124,BH,False,HI_colours_intensity,nested:SVM_RBF
GROJ1655-40,BH,15,1.0,0.8101417965156331,BH,True,HI_colours_intensity,nested:SVM_RBF
GRS1915+105,BH,15,0.3333333333333333,0.44657620351712507,NS,False,HI_colours_intensity,nested:SVM_RBF
GS1826-238,NS,15,1.0,0.33183970418889414,NS,True,HI_colours_intensity,nested:SVM_RBF
GX17+2,NS,15,0.9333333333333333,0.35017558364233714,NS,True,HI_colours_intensity,nested:SVM_RBF
GX3+1,NS,15,1.0,0.10804527242513608,NS,True,HI_colours_intensity,nested:SVM_RBF
GX339-4,BH,15,0.8666666666666667,0.7348134792096829,BH,True,HI_colours_intensity,nested:SVM_RBF
HETEJ1900.1-245,NS,15,0.9333333333333333,0.3002591296720045,NS,True,HI_colours_intensity,nested:SVM_RBF
KS1731-260,NS,15,0.8,0.4459047036305639,NS,True,HI_colours_intensity,nested:SVM_RBF
MXB1658-298,NS,15,0.8666666666666667,0.21458684453177998,NS,True,HI_colours_intensity,nested:SVM_RBF
SAXJ1808.4-3658,NS,15,0.7333333333333333,0.45176167403660106,NS,True,HI_colours_intensity,nested:SVM_RBF
SLX1735-269,NS,15,1.0,0.2216042178766397,NS,True,HI_colours_intensity,nested:SVM_RBF
XTEJ1118+480,BH,15,0.06666666666666667,0.39742172354573596,NS,False,HI_colours_intensity,nested:SVM_RBF
XTEJ1550-564,BH,15,0.9333333333333333,0.6402340124695277,BH,True,HI_colours_intensity,nested:SVM_RBF
XTEJ1650-500,BH,15,1.0,0.7566563369457062,BH,True,HI_colours_intensity,nested:SVM_RBF
XTEJ1814-338,NS,15,0.06666666666666667,0.8194857306572803,BH,False,HI_colours_intensity,nested:SVM_RBF
4U1254-690,NS,15,1.0,0.1010945548911591,NS,True,HI_colours_intensity,nested:kNN
4U1323-619,NS,15,0.0,0.7071176627788968,BH,False,HI_colours_intensity,nested:kNN
4U1543-47,BH,15,0.8,0.8370211088651708,BH,True,HI_colours_intensity,nested:kNN
4U1608-52,NS,15,0.9333333333333333,0.15626696868426254,NS,True,HI_colours_intensity,nested:kNN
4U1636-53,NS,15,1.0,0.1010945548911591,NS,True,HI_colours_intensity,nested:kNN
4U1702-429,NS,15,1.0,0.1010945548911591,NS,True,HI_colours_intensity,nested:kNN
4U1705-44,NS,15,1.0,0.1010945548911591,NS,True,HI_colours_intensity,nested:kNN
4U1724-307,NS,15,0.8,0.1755434977611546,NS,True,HI_colours_intensity,nested:kNN
4U1728-34,NS,15,0.9333333333333333,0.12654008410237863,NS,True,HI_colours_intensity,nested:kNN
4U1735-44,NS,15,1.0,0.1010945548911591,NS,True,HI_colours_intensity,nested:kNN
4U1746-371,NS,15,1.0,0.1010945548911591,NS,True,HI_colours_intensity,nested:kNN
4U1820-30,NS,15,1.0,0.1010945548911591,NS,True,HI_colours_intensity,nested:kNN
4U1915-05,NS,6,1.0,0.0834521107527693,NS,True,HI_colours_intensity,nested:kNN
AQLX1,NS,15,0.6,0.35647460117981866,NS,True,HI_colours_intensity,nested:kNN
CYGX2,NS,15,0.9333333333333333,0.12117004439340014,NS,True,HI_colours_intensity,nested:kNN
EXO0748-676,NS,15,0.26666666666666666,0.61003720905264,BH,False,HI_colours_intensity,nested:kNN
GROJ1655-40,BH,15,0.9333333333333333,0.9479645494403105,BH,True,HI_colours_intensity,nested:kNN
GRS1915+105,BH,15,0.26666666666666666,0.2055867699776876,NS,False,HI_colours_intensity,nested:kNN
GS1826-238,NS,15,0.7333333333333333,0.2821928946101885,NS,True,HI_colours_intensity,nested:kNN
GX17+2,NS,15,1.0,0.0760089148480094,NS,True,HI_colours_intensity,nested:kNN
GX3+1,NS,15,1.0,0.1010945548911591,NS,True,HI_colours_intensity,nested:kNN
GX339-4,BH,15,0.8666666666666667,0.9446271607359489,BH,True,HI_colours_intensity,nested:kNN
HETEJ1900.1-245,NS,15,0.5333333333333333,0.34980518775439656,NS,True,HI_colours_intensity,nested:kNN
KS1731-260,NS,15,0.9333333333333333,0.18262613875796108,NS,True,HI_colours_intensity,nested:kNN
MXB1658-298,NS,15,0.8666666666666667,0.2146330513813726,NS,True,HI_colours_intensity,nested:kNN
SAXJ1808.4-3658,NS,15,0.5333333333333333,0.3820113069170375,NS,True,HI_colours_intensity,nested:kNN
SLX1735-269,NS,15,0.8,0.19130393905351079,NS,True,HI_colours_intensity,nested:kNN
XTEJ1118+480,BH,15,0.26666666666666666,0.30250656389570124,NS,False,HI_colours_intensity,nested:kNN
XTEJ1550-564,BH,15,1.0,0.9312841312110668,BH,True,HI_colours_intensity,nested:kNN
XTEJ1650-500,BH,15,1.0,1.0727938622901432,BH,True,HI_colours_intensity,nested:kNN
XTEJ1814-338,NS,15,0.06666666666666667,0.9622450515933766,BH,False,HI_colours_intensity,nested:kNN
4U1254-690,NS,15,1.0,0.06670579055799798,NS,True,HI_colours_intensity,nested:QDA
4U1323-619,NS,15,1.0,0.29160912019426505,NS,True,HI_colours_intensity,nested:QDA
4U1543-47,BH,15,0.8666666666666667,0.8844906053032878,BH,True,HI_colours_intensity,nested:QDA
4U1608-52,NS,15,1.0,0.21293352676825147,NS,True,HI_colours_intensity,nested:QDA
4U1636-53,NS,15,1.0,0.12333320419378443,NS,True,HI_colours_intensity,nested:QDA
4U1702-429,NS,15,1.0,0.15273877413567807,NS,True,HI_colours_intensity,nested:QDA
4U1705-44,NS,15,1.0,0.12112559438460938,NS,True,HI_colours_intensity,nested:QDA
4U1724-307,NS,15,1.0,0.17275346239407466,NS,True,HI_colours_intensity,nested:QDA
4U1728-34,NS,15,1.0,0.18251664781209553,NS,True,HI_colours_intensity,nested:QDA
4U1735-44,NS,15,1.0,0.13017575601320208,NS,True,HI_colours_intensity,nested:QDA
4U1746-371,NS,15,1.0,0.07254694495476942,NS,True,HI_colours_intensity,nested:QDA
4U1820-30,NS,15,1.0,0.13901402923558162,NS,True,HI_colours_intensity,nested:QDA
4U1915-05,NS,6,1.0,0.15570244897581245,NS,True,HI_colours_intensity,nested:QDA
AQLX1,NS,15,0.9333333333333333,0.23787110005872028,NS,True,HI_colours_intensity,nested:QDA
CYGX2,NS,15,0.7333333333333333,0.39878635170040533,NS,True,HI_colours_intensity,nested:QDA
EXO0748-676,NS,15,0.7333333333333333,0.3921857838814721,NS,True,HI_colours_intensity,nested:QDA
GROJ1655-40,BH,15,0.8666666666666667,0.9748243474305789,BH,True,HI_colours_intensity,nested:QDA
GRS1915+105,BH,15,0.6666666666666666,0.6228273267366494,BH,True,HI_colours_intensity,nested:QDA
GS1826-238,NS,15,1.0,0.3407023295198225,NS,True,HI_colours_intensity,nested:QDA
GX17+2,NS,15,1.0,0.21867725397663182,NS,True,HI_colours_intensity,nested:QDA
GX3+1,NS,15,1.0,0.11843259015188017,NS,True,HI_colours_intensity,nested:QDA
GX339-4,BH,15,0.7333333333333333,0.7162932416113527,BH,True,HI_colours_intensity,nested:QDA
HETEJ1900.1-245,NS,15,0.9333333333333333,0.33740556103237307,NS,True,HI_colours_intensity,nested:QDA
KS1731-260,NS,15,0.9333333333333333,0.4122789228933968,NS,True,HI_colours_intensity,nested:QDA
MXB1658-298,NS,15,1.0,0.18703175755977455,NS,True,HI_colours_intensity,nested:QDA
SAXJ1808.4-3658,NS,15,0.9333333333333333,0.4226074717486533,NS,True,HI_colours_intensity,nested:QDA
SLX1735-269,NS,15,1.0,0.17917820256945471,NS,True,HI_colours_intensity,nested:QDA
XTEJ1118+480,BH,15,0.06666666666666667,0.29128956649609766,NS,False,HI_colours_intensity,nested:QDA
XTEJ1550-564,BH,15,0.5333333333333333,0.5045253908244935,BH,True,HI_colours_intensity,nested:QDA
XTEJ1650-500,BH,15,0.8,0.8356308756289609,BH,True,HI_colours_intensity,nested:QDA
XTEJ1814-338,NS,15,1.0,0.25813496001450537,NS,True,HI_colours_intensity,nested:QDA
4U1254-690,NS,15,1.0,0.4766806435521447,NS,True,HI_colours_intensity,nested:MLP
4U1323-619,NS,15,0.13333333333333333,0.552855427955343,BH,False,HI_colours_intensity,nested:MLP
4U1543-47,BH,15,0.8,0.5875194566947364,BH,True,HI_colours_intensity,nested:MLP
4U1608-52,NS,15,0.4,0.5193019744221589,BH,False,HI_colours_intensity,nested:MLP
4U1636-53,NS,15,0.4,0.5207286946875808,BH,False,HI_colours_intensity,nested:MLP
4U1702-429,NS,15,0.4666666666666667,0.518995378136366,BH,False,HI_colours_intensity,nested:MLP
4U1705-44,NS,15,0.7333333333333333,0.501858620522236,BH,False,HI_colours_intensity,nested:MLP
4U1724-307,NS,15,0.2,0.5175363983283976,BH,False,HI_colours_intensity,nested:MLP
4U1728-34,NS,15,1.0,0.408840519079446,NS,True,HI_colours_intensity,nested:MLP
4U1735-44,NS,15,1.0,0.4352649077373504,NS,True,HI_colours_intensity,nested:MLP
4U1746-371,NS,15,1.0,0.3578684038068362,NS,True,HI_colours_intensity,nested:MLP
4U1820-30,NS,15,1.0,0.3595824280557057,NS,True,HI_colours_intensity,nested:MLP
4U1915-05,NS,6,0.5,0.48471448122055333,NS,True,HI_colours_intensity,nested:MLP
AQLX1,NS,15,0.4,0.5391182195616818,BH,False,HI_colours_intensity,nested:MLP
CYGX2,NS,15,0.5333333333333333,0.5006303617258404,BH,False,HI_colours_intensity,nested:MLP
EXO0748-676,NS,15,0.06666666666666667,0.5505667966925443,BH,False,HI_colours_intensity,nested:MLP
GROJ1655-40,BH,15,1.0,0.7071135768027127,BH,True,HI_colours_intensity,nested:MLP
GRS1915+105,BH,15,0.7333333333333333,0.5297055526882198,BH,True,HI_colours_intensity,nested:MLP
GS1826-238,NS,15,0.0,0.5616828641626685,BH,False,HI_colours_intensity,nested:MLP
GX17+2,NS,15,1.0,0.4477194439146493,NS,True,HI_colours_intensity,nested:MLP
GX3+1,NS,15,1.0,0.4166682476115347,NS,True,HI_colours_intensity,nested:MLP
GX339-4,BH,15,0.4,0.4948725661123331,NS,False,HI_colours_intensity,nested:MLP
HETEJ1900.1-245,NS,15,0.06666666666666667,0.5546271899320373,BH,False,HI_colours_intensity,nested:MLP
KS1731-260,NS,15,0.0,0.5951381508804521,BH,False,HI_colours_intensity,nested:MLP
MXB1658-298,NS,15,0.8666666666666667,0.4531167298024405,NS,True,HI_colours_intensity,nested:MLP
SAXJ1808.4-3658,NS,15,0.0,0.5703757094928198,BH,False,HI_colours_intensity,nested:MLP
SLX1735-269,NS,15,0.4,0.49815389505687396,NS,True,HI_colours_intensity,nested:MLP
XTEJ1118+480,BH,15,0.0,0.42307299982334146,NS,False,HI_colours_intensity,nested:MLP
XTEJ1550-564,BH,15,0.0,0.4025643751869263,NS,False,HI_colours_intensity,nested:MLP
XTEJ1650-500,BH,15,1.0,0.6882381368040101,BH,True,HI_colours_intensity,nested:MLP
XTEJ1814-338,NS,15,0.0,0.5785518972078522,BH,False,HI_colours_intensity,nested:MLP
4U1254-690,NS,15,1.0,-0.063705261195172,NS,True,B_shape,nested:LogReg
4U1323-619,NS,15,0.8,0.37283760075374367,NS,True,B_shape,nested:LogReg
4U1543-47,BH,15,0.9333333333333333,0.804029941568148,BH,True,B_shape,nested:LogReg
4U1608-52,NS,15,1.0,0.07863835230687478,NS,True,B_shape,nested:LogReg
4U1636-53,NS,15,1.0,-0.03372210004479154,NS,True,B_shape,nested:LogReg
4U1702-429,NS,15,1.0,0.04068111152172082,NS,True,B_shape,nested:LogReg
4U1705-44,NS,15,0.9333333333333333,-0.00742866316240171,NS,True,B_shape,nested:LogReg
4U1724-307,NS,15,1.0,0.02653876722101328,NS,True,B_shape,nested:LogReg
4U1728-34,NS,15,1.0,-0.06632287289582564,NS,True,B_shape,nested:LogReg
4U1735-44,NS,15,1.0,-0.11435516935027613,NS,True,B_shape,nested:LogReg
4U1746-371,NS,15,1.0,-0.10864438615555838,NS,True,B_shape,nested:LogReg
4U1820-30,NS,15,1.0,-0.1099738464133826,NS,True,B_shape,nested:LogReg
4U1915-05,NS,6,1.0,2.8357024186798085e-05,NS,True,B_shape,nested:LogReg
AQLX1,NS,15,0.9333333333333333,0.13066414599750675,NS,True,B_shape,nested:LogReg
CYGX2,NS,15,0.6666666666666666,0.2398625501373732,NS,True,B_shape,nested:LogReg
EXO0748-676,NS,15,1.0,0.3374563159532714,NS,True,B_shape,nested:LogReg
GROJ1655-40,BH,15,0.8666666666666667,0.7885798567698932,BH,True,B_shape,nested:LogReg
GRS1915+105,BH,15,0.06666666666666667,0.1460713687818284,NS,False,B_shape,nested:LogReg
GS1826-238,NS,15,1.0,0.33904032153961877,NS,True,B_shape,nested:LogReg
GX17+2,NS,15,1.0,-0.08702419794930079,NS,True,B_shape,nested:LogReg
GX3+1,NS,15,1.0,-0.05178348569520746,NS,True,B_shape,nested:LogReg
GX339-4,BH,15,0.8,0.6906399650497188,BH,True,B_shape,nested:LogReg
HETEJ1900.1-245,NS,15,0.6,0.36896111199580767,NS,True,B_shape,nested:LogReg
KS1731-260,NS,15,0.8666666666666667,0.4369708078842305,NS,True,B_shape,nested:LogReg
MXB1658-298,NS,15,0.9333333333333333,-0.001379855203063,NS,True,B_shape,nested:LogReg
SAXJ1808.4-3658,NS,15,0.6666666666666666,0.4188309936710268,NS,True,B_shape,nested:LogReg
SLX1735-269,NS,15,1.0,0.21104211083515553,NS,True,B_shape,nested:LogReg
XTEJ1118+480,BH,15,0.06666666666666667,0.2670337204197163,NS,False,B_shape,nested:LogReg
XTEJ1550-564,BH,15,0.6666666666666666,0.5148335961570144,BH,True,B_shape,nested:LogReg
XTEJ1650-500,BH,15,0.6666666666666666,0.6699533993468393,BH,True,B_shape,nested:LogReg
XTEJ1814-338,NS,15,0.8666666666666667,0.4186614907309044,NS,True,B_shape,nested:LogReg
4U1254-690,NS,15,1.0,0.0698,NS,True,B_shape,nested:RandomForest
4U1323-619,NS,15,0.8666666666666667,0.2288666666666667,NS,True,B_shape,nested:RandomForest
4U1543-47,BH,15,0.9333333333333333,0.9177333333333333,BH,True,B_shape,nested:RandomForest
4U1608-52,NS,15,1.0,0.1547333333333333,NS,True,B_shape,nested:RandomForest
4U1636-53,NS,15,1.0,0.07523333333333326,NS,True,B_shape,nested:RandomForest
4U1702-429,NS,15,1.0,0.15499999999999992,NS,True,B_shape,nested:RandomForest
4U1705-44,NS,15,1.0,0.07396666666666658,NS,True,B_shape,nested:RandomForest
4U1724-307,NS,15,1.0,0.11689999999999996,NS,True,B_shape,nested:RandomForest
4U1728-34,NS,15,1.0,0.0779,NS,True,B_shape,nested:RandomForest
4U1735-44,NS,15,1.0,0.0556999999999999,NS,True,B_shape,nested:RandomForest
4U1746-371,NS,15,1.0,0.05736666666666657,NS,True,B_shape,nested:RandomForest
4U1820-30,NS,15,1.0,0.06703333333333324,NS,True,B_shape,nested:RandomForest
4U1915-05,NS,6,1.0,0.079,NS,True,B_shape,nested:RandomForest
AQLX1,NS,15,0.8,0.31033333333333335,NS,True,B_shape,nested:RandomForest
CYGX2,NS,15,0.6,0.4024,NS,True,B_shape,nested:RandomForest
EXO0748-676,NS,15,1.0,0.21083333333333332,NS,True,B_shape,nested:RandomForest
GROJ1655-40,BH,15,1.0,0.8652666666666666,BH,True,B_shape,nested:RandomForest
GRS1915+105,BH,15,0.06666666666666667,0.20113333333333328,NS,False,B_shape,nested:RandomForest
GS1826-238,NS,15,1.0,0.14783333333333332,NS,True,B_shape,nested:RandomForest
GX17+2,NS,15,1.0,0.05973333333333333,NS,True,B_shape,nested:RandomForest
GX3+1,NS,15,1.0,0.1535,NS,True,B_shape,nested:RandomForest
GX339-4,BH,15,0.8,0.8160333333333333,BH,True,B_shape,nested:RandomForest
HETEJ1900.1-245,NS,15,0.8666666666666667,0.2941333333333334,NS,True,B_shape,nested:RandomForest
KS1731-260,NS,15,0.9333333333333333,0.32106666666666667,NS,True,B_shape,nested:RandomForest
MXB1658-298,NS,15,1.0,0.1489333333333333,NS,True,B_shape,nested:RandomForest
SAXJ1808.4-3658,NS,15,1.0,0.3978333333333333,NS,True,B_shape,nested:RandomForest
SLX1735-269,NS,15,1.0,0.17709999999999992,NS,True,B_shape,nested:RandomForest
XTEJ1118+480,BH,15,0.06666666666666667,0.21199999999999994,NS,False,B_shape,nested:RandomForest
XTEJ1550-564,BH,15,0.5333333333333333,0.5439333333333333,BH,True,B_shape,nested:RandomForest
XTEJ1650-500,BH,15,0.6,0.7096333333333333,BH,True,B_shape,nested:RandomForest
XTEJ1814-338,NS,15,0.6,0.42763333333333337,NS,True,B_shape,nested:RandomForest
4U1254-690,NS,15,1.0,0.013066666666666747,NS,True,B_shape,nested:ExtraTrees
4U1323-619,NS,15,0.7333333333333333,0.39803139792932635,NS,True,B_shape,nested:ExtraTrees
4U1543-47,BH,15,0.8666666666666667,0.7795090248066604,BH,True,B_shape,nested:ExtraTrees
4U1608-52,NS,15,1.0,0.17013841513457045,NS,True,B_shape,nested:ExtraTrees
4U1636-53,NS,15,1.0,0.05723333333333331,NS,True,B_shape,nested:ExtraTrees
4U1702-429,NS,15,0.9333333333333333,0.1166999999999999,NS,True,B_shape,nested:ExtraTrees
4U1705-44,NS,15,1.0,0.03747584730981917,NS,True,B_shape,nested:ExtraTrees
4U1724-307,NS,15,1.0,0.05126666666666671,NS,True,B_shape,nested:ExtraTrees
4U1728-34,NS,15,1.0,0.04473333333333327,NS,True,B_shape,nested:ExtraTrees
4U1735-44,NS,15,1.0,0.010433333333333333,NS,True,B_shape,nested:ExtraTrees
4U1746-371,NS,15,1.0,0.011399999999999966,NS,True,B_shape,nested:ExtraTrees
4U1820-30,NS,15,1.0,-0.02863996457550216,NS,True,B_shape,nested:ExtraTrees
4U1915-05,NS,6,1.0,0.13959129364561976,NS,True,B_shape,nested:ExtraTrees
AQLX1,NS,15,0.9333333333333333,0.22950000000000007,NS,True,B_shape,nested:ExtraTrees
CYGX2,NS,15,0.6666666666666666,0.3029375793331024,NS,True,B_shape,nested:ExtraTrees
EXO0748-676,NS,15,0.7333333333333333,0.34976622730797574,NS,True,B_shape,nested:ExtraTrees
GROJ1655-40,BH,15,1.0,0.7636865504426249,BH,True,B_shape,nested:ExtraTrees
GRS1915+105,BH,15,0.06666666666666667,0.1901333333333333,NS,False,B_shape,nested:ExtraTrees
GS1826-238,NS,15,1.0,0.3550885511901706,NS,True,B_shape,nested:ExtraTrees
GX17+2,NS,15,1.0,-0.03232548233326928,NS,True,B_shape,nested:ExtraTrees
GX3+1,NS,15,1.0,0.15633992568940439,NS,True,B_shape,nested:ExtraTrees
GX339-4,BH,15,0.8,0.7358863919918186,BH,True,B_shape,nested:ExtraTrees
HETEJ1900.1-245,NS,15,0.8666666666666667,0.20813333333333325,NS,True,B_shape,nested:ExtraTrees
KS1731-260,NS,15,0.9333333333333333,0.3807388520711399,NS,True,B_shape,nested:ExtraTrees
MXB1658-298,NS,15,0.9333333333333333,0.19003333333333333,NS,True,B_shape,nested:ExtraTrees
SAXJ1808.4-3658,NS,15,1.0,0.25909999999999994,NS,True,B_shape,nested:ExtraTrees
SLX1735-269,NS,15,1.0,0.1493030518230185,NS,True,B_shape,nested:ExtraTrees
XTEJ1118+480,BH,15,0.06666666666666667,0.2854176629609446,NS,False,B_shape,nested:ExtraTrees
XTEJ1550-564,BH,15,0.6666666666666666,0.5340452658525087,BH,True,B_shape,nested:ExtraTrees
XTEJ1650-500,BH,15,0.6,0.5984035968511859,BH,True,B_shape,nested:ExtraTrees
XTEJ1814-338,NS,15,0.8666666666666667,0.40476785117711706,NS,True,B_shape,nested:ExtraTrees
4U1254-690,NS,15,0.9333333333333333,0.396415207977994,NS,True,B_shape,nested:HistGB
4U1323-619,NS,15,0.8,0.11523077841338361,NS,True,B_shape,nested:HistGB
4U1543-47,BH,15,0.9333333333333333,0.9208000215907188,BH,True,B_shape,nested:HistGB
4U1608-52,NS,15,0.8666666666666667,0.4317169286508898,NS,True,B_shape,nested:HistGB
4U1636-53,NS,15,1.0,0.3789689824796613,NS,True,B_shape,nested:HistGB
4U1702-429,NS,15,0.8,0.5638396722900487,BH,False,B_shape,nested:HistGB
4U1705-44,NS,15,1.0,-0.027111170530277413,NS,True,B_shape,nested:HistGB
4U1724-307,NS,15,0.9333333333333333,0.3985639303227153,NS,True,B_shape,nested:HistGB
4U1728-34,NS,15,1.0,-0.02583303998426587,NS,True,B_shape,nested:HistGB
4U1735-44,NS,15,1.0,0.3910057473535167,NS,True,B_shape,nested:HistGB
4U1746-371,NS,15,1.0,0.3873506588462811,NS,True,B_shape,nested:HistGB
4U1820-30,NS,15,1.0,0.3835473126488718,NS,True,B_shape,nested:HistGB
4U1915-05,NS,6,1.0,-0.04523828442036575,NS,True,B_shape,nested:HistGB
AQLX1,NS,15,0.9333333333333333,0.1622153231151771,NS,True,B_shape,nested:HistGB
CYGX2,NS,15,0.6666666666666666,0.7436506746920112,BH,False,B_shape,nested:HistGB
EXO0748-676,NS,15,1.0,0.08202634994054847,NS,True,B_shape,nested:HistGB
GROJ1655-40,BH,15,0.9333333333333333,0.9223613296934526,BH,True,B_shape,nested:HistGB
GRS1915+105,BH,15,0.13333333333333333,0.497328810227751,NS,False,B_shape,nested:HistGB
GS1826-238,NS,15,1.0,0.005338202556419592,NS,True,B_shape,nested:HistGB
GX17+2,NS,15,1.0,0.39181065415251876,NS,True,B_shape,nested:HistGB
GX3+1,NS,15,1.0,0.37964153633594755,NS,True,B_shape,nested:HistGB
GX339-4,BH,15,0.8,0.7989662991298243,BH,True,B_shape,nested:HistGB
HETEJ1900.1-245,NS,15,0.6666666666666666,0.6436904377517834,BH,False,B_shape,nested:HistGB
KS1731-260,NS,15,0.26666666666666666,0.8064411299213435,BH,False,B_shape,nested:HistGB
MXB1658-298,NS,15,0.9333333333333333,0.06484867065441953,NS,True,B_shape,nested:HistGB
SAXJ1808.4-3658,NS,15,0.0,0.8900042573160672,BH,False,B_shape,nested:HistGB
SLX1735-269,NS,15,0.9333333333333333,0.042956588517893,NS,True,B_shape,nested:HistGB
XTEJ1118+480,BH,15,0.13333333333333333,0.15608959737389838,NS,False,B_shape,nested:HistGB
XTEJ1550-564,BH,15,0.6666666666666666,0.701371169821875,BH,True,B_shape,nested:HistGB
XTEJ1650-500,BH,15,0.6666666666666666,1.0604980342632166,BH,True,B_shape,nested:HistGB
XTEJ1814-338,NS,15,0.5333333333333333,0.4544051311257579,NS,True,B_shape,nested:HistGB
4U1254-690,NS,15,1.0,0.11330243479011572,NS,True,B_shape,nested:SVM_RBF
4U1323-619,NS,15,0.4666666666666667,0.4649100211198121,NS,True,B_shape,nested:SVM_RBF
4U1543-47,BH,15,0.9333333333333333,0.6859811832221094,BH,True,B_shape,nested:SVM_RBF
4U1608-52,NS,15,1.0,0.21088603669285794,NS,True,B_shape,nested:SVM_RBF
4U1636-53,NS,15,1.0,0.10585670172217505,NS,True,B_shape,nested:SVM_RBF
4U1702-429,NS,15,1.0,0.22766969369524104,NS,True,B_shape,nested:SVM_RBF
4U1705-44,NS,15,1.0,0.17850957196992176,NS,True,B_shape,nested:SVM_RBF
4U1724-307,NS,15,1.0,0.1345037630875545,NS,True,B_shape,nested:SVM_RBF
4U1728-34,NS,15,1.0,0.12624436487363425,NS,True,B_shape,nested:SVM_RBF
4U1735-44,NS,15,1.0,0.05382712947768221,NS,True,B_shape,nested:SVM_RBF
4U1746-371,NS,15,1.0,0.09571389304050765,NS,True,B_shape,nested:SVM_RBF
4U1820-30,NS,15,1.0,0.058841714619409145,NS,True,B_shape,nested:SVM_RBF
4U1915-05,NS,6,1.0,0.22727389988631894,NS,True,B_shape,nested:SVM_RBF
AQLX1,NS,15,0.6666666666666666,0.39983352335329714,NS,True,B_shape,nested:SVM_RBF
CYGX2,NS,15,0.9333333333333333,0.3288885076283489,NS,True,B_shape,nested:SVM_RBF
EXO0748-676,NS,15,0.6666666666666666,0.37697199466278664,NS,True,B_shape,nested:SVM_RBF
GROJ1655-40,BH,15,0.8666666666666667,0.6100389554260707,BH,True,B_shape,nested:SVM_RBF
GRS1915+105,BH,15,0.06666666666666667,0.2592235771965959,NS,False,B_shape,nested:SVM_RBF
GS1826-238,NS,15,0.9333333333333333,0.44578272094550925,NS,True,B_shape,nested:SVM_RBF
GX17+2,NS,15,1.0,0.21672777274159807,NS,True,B_shape,nested:SVM_RBF
GX3+1,NS,15,1.0,0.17916605673894145,NS,True,B_shape,nested:SVM_RBF
GX339-4,BH,15,0.8666666666666667,0.6380290935024271,BH,True,B_shape,nested:SVM_RBF
HETEJ1900.1-245,NS,15,1.0,0.36584908446844444,NS,True,B_shape,nested:SVM_RBF
KS1731-260,NS,15,0.9333333333333333,0.3543905974234501,NS,True,B_shape,nested:SVM_RBF
MXB1658-298,NS,15,0.8666666666666667,0.3531591521074843,NS,True,B_shape,nested:SVM_RBF
SAXJ1808.4-3658,NS,15,0.8,0.4240019817799637,NS,True,B_shape,nested:SVM_RBF
SLX1735-269,NS,15,1.0,0.26281458371067523,NS,True,B_shape,nested:SVM_RBF
XTEJ1118+480,BH,15,0.06666666666666667,0.3468212197186344,NS,False,B_shape,nested:SVM_RBF
XTEJ1550-564,BH,15,0.7333333333333333,0.606586154892304,BH,True,B_shape,nested:SVM_RBF
XTEJ1650-500,BH,15,0.7333333333333333,0.5608278283444107,BH,True,B_shape,nested:SVM_RBF
XTEJ1814-338,NS,15,0.7333333333333333,0.39385148803222064,NS,True,B_shape,nested:SVM_RBF
4U1254-690,NS,15,1.0,-0.1394942482991494,NS,True,B_shape,nested:kNN
4U1323-619,NS,15,0.9333333333333333,-0.05753668735491102,NS,True,B_shape,nested:kNN
4U1543-47,BH,15,0.9333333333333333,0.7889721255182539,BH,True,B_shape,nested:kNN
4U1608-52,NS,15,0.8666666666666667,-0.007543321179757571,NS,True,B_shape,nested:kNN
4U1636-53,NS,15,1.0,-0.0506053594102605,NS,True,B_shape,nested:kNN
4U1702-429,NS,15,0.8,0.006458307337925674,NS,True,B_shape,nested:kNN
4U1705-44,NS,15,1.0,-0.1394942482991494,NS,True,B_shape,nested:kNN
4U1724-307,NS,15,1.0,-0.10986461866951976,NS,True,B_shape,nested:kNN
4U1728-34,NS,15,1.0,-0.050605359410260516,NS,True,B_shape,nested:kNN
4U1735-44,NS,15,1.0,-0.1394942482991494,NS,True,B_shape,nested:kNN
4U1746-371,NS,15,1.0,-0.1394942482991494,NS,True,B_shape,nested:kNN
4U1820-30,NS,15,1.0,-0.1394942482991494,NS,True,B_shape,nested:kNN
4U1915-05,NS,6,0.8333333333333334,-0.02728907587568229,NS,True,B_shape,nested:kNN
AQLX1,NS,15,0.7333333333333333,0.2479027356852572,NS,True,B_shape,nested:kNN
CYGX2,NS,15,0.5333333333333333,0.23409389852578324,NS,True,B_shape,nested:kNN
EXO0748-676,NS,15,0.9333333333333333,0.05404397077098455,NS,True,B_shape,nested:kNN
GROJ1655-40,BH,15,0.8666666666666667,0.7344395035382577,BH,True,B_shape,nested:kNN
GRS1915+105,BH,15,0.06666666666666667,-0.01249698750458994,NS,False,B_shape,nested:kNN
GS1826-238,NS,15,0.8,0.1483773317937083,NS,True,B_shape,nested:kNN
GX17+2,NS,15,1.0,-0.1394942482991494,NS,True,B_shape,nested:kNN
GX3+1,NS,15,0.6,0.22173506612165433,NS,True,B_shape,nested:kNN
GX339-4,BH,15,0.8,0.6385082836415389,BH,True,B_shape,nested:kNN
HETEJ1900.1-245,NS,15,0.8,0.17322851600107933,NS,True,B_shape,nested:kNN
KS1731-260,NS,15,0.4,0.33902724157628666,NS,True,B_shape,nested:kNN
MXB1658-298,NS,15,0.8,0.11845620909626635,NS,True,B_shape,nested:kNN
SAXJ1808.4-3658,NS,15,0.6,0.15495182604549013,NS,True,B_shape,nested:kNN
SLX1735-269,NS,15,0.8666666666666667,0.00048020891668712484,NS,True,B_shape,nested:kNN
XTEJ1118+480,BH,15,0.06666666666666667,0.07546071144270444,NS,False,B_shape,nested:kNN
XTEJ1550-564,BH,15,0.7333333333333333,0.7321377545092009,BH,True,B_shape,nested:kNN
XTEJ1650-500,BH,15,0.7333333333333333,0.6298060660624277,BH,True,B_shape,nested:kNN
XTEJ1814-338,NS,15,0.4,0.3665727057770753,NS,True,B_shape,nested:kNN
4U1254-690,NS,15,1.0,0.4313354415458874,NS,True,B_shape,nested:QDA
4U1323-619,NS,15,0.8666666666666667,0.5121885559369589,BH,False,B_shape,nested:QDA
4U1543-47,BH,15,1.0,1.278744660116179,BH,True,B_shape,nested:QDA
4U1608-52,NS,15,1.0,0.44209622747621663,NS,True,B_shape,nested:QDA
4U1636-53,NS,15,1.0,0.43605981309179476,NS,True,B_shape,nested:QDA
4U1702-429,NS,15,1.0,0.4364066132042311,NS,True,B_shape,nested:QDA
4U1705-44,NS,15,1.0,0.43516634384556274,NS,True,B_shape,nested:QDA
4U1724-307,NS,15,1.0,0.43750090682224313,NS,True,B_shape,nested:QDA
4U1728-34,NS,15,1.0,0.43424958364187266,NS,True,B_shape,nested:QDA
4U1735-44,NS,15,1.0,0.43264870715013687,NS,True,B_shape,nested:QDA
4U1746-371,NS,15,1.0,0.4316578869493663,NS,True,B_shape,nested:QDA
4U1820-30,NS,15,1.0,0.4325757283202759,NS,True,B_shape,nested:QDA
4U1915-05,NS,6,1.0,0.4361268724960568,NS,True,B_shape,nested:QDA
AQLX1,NS,15,0.8,0.5276810751383433,BH,False,B_shape,nested:QDA
CYGX2,NS,15,0.6666666666666666,0.6869060270255598,BH,False,B_shape,nested:QDA
EXO0748-676,NS,15,0.7333333333333333,0.5208547995347389,BH,False,B_shape,nested:QDA
GROJ1655-40,BH,15,0.8666666666666667,1.244179084224889,BH,True,B_shape,nested:QDA
GRS1915+105,BH,15,0.06666666666666667,0.43556445254565457,NS,False,B_shape,nested:QDA
GS1826-238,NS,15,1.0,0.457409016177979,NS,True,B_shape,nested:QDA
GX17+2,NS,15,1.0,0.43207805877692446,NS,True,B_shape,nested:QDA
GX3+1,NS,15,1.0,0.4323370791291172,NS,True,B_shape,nested:QDA
GX339-4,BH,15,0.6,0.8500251862215372,BH,True,B_shape,nested:QDA
HETEJ1900.1-245,NS,15,1.0,0.4569424692319153,NS,True,B_shape,nested:QDA
KS1731-260,NS,15,0.8,0.436475520801529,NS,True,B_shape,nested:QDA
MXB1658-298,NS,15,0.8666666666666667,0.5593557847517748,BH,False,B_shape,nested:QDA
SAXJ1808.4-3658,NS,15,0.8,0.5938518729587223,BH,False,B_shape,nested:QDA
SLX1735-269,NS,15,0.9333333333333333,0.4637831544157428,NS,True,B_shape,nested:QDA
XTEJ1118+480,BH,15,0.06666666666666667,0.531202098052987,BH,True,B_shape,nested:QDA
XTEJ1550-564,BH,15,0.13333333333333333,0.5799469356279395,BH,True,B_shape,nested:QDA
XTEJ1650-500,BH,15,0.7333333333333333,1.0565739934819205,BH,True,B_shape,nested:QDA
XTEJ1814-338,NS,15,0.9333333333333333,0.46930345987826544,NS,True,B_shape,nested:QDA
4U1254-690,NS,15,1.0,0.18254208424151577,NS,True,B_shape,nested:MLP
4U1323-619,NS,15,0.06666666666666667,0.6715016451272556,BH,False,B_shape,nested:MLP
4U1543-47,BH,15,0.9333333333333333,0.6523452651656086,BH,True,B_shape,nested:MLP
4U1608-52,NS,15,0.8,0.33850315137617853,NS,True,B_shape,nested:MLP
4U1636-53,NS,15,1.0,0.28073100025394687,NS,True,B_shape,nested:MLP
4U1702-429,NS,15,1.0,0.3099928096866778,NS,True,B_shape,nested:MLP
4U1705-44,NS,15,1.0,0.24456791403229883,NS,True,B_shape,nested:MLP
4U1724-307,NS,15,1.0,0.35433830526906346,NS,True,B_shape,nested:MLP
4U1728-34,NS,15,1.0,0.3430299278358133,NS,True,B_shape,nested:MLP
4U1735-44,NS,15,1.0,0.06336419390801899,NS,True,B_shape,nested:MLP
4U1746-371,NS,15,1.0,0.210809160105883,NS,True,B_shape,nested:MLP
4U1820-30,NS,15,1.0,0.23710948349748778,NS,True,B_shape,nested:MLP
4U1915-05,NS,6,1.0,0.3329072304124245,NS,True,B_shape,nested:MLP
AQLX1,NS,15,0.9333333333333333,0.3328609698810912,NS,True,B_shape,nested:MLP
CYGX2,NS,15,0.9333333333333333,0.2486046386940249,NS,True,B_shape,nested:MLP
EXO0748-676,NS,15,0.13333333333333333,0.5550659851662048,BH,False,B_shape,nested:MLP
GROJ1655-40,BH,15,1.0,0.6987754628435923,BH,True,B_shape,nested:MLP
GRS1915+105,BH,15,0.06666666666666667,0.29065085639774035,NS,False,B_shape,nested:MLP
GS1826-238,NS,15,0.0,0.5927410558306442,BH,False,B_shape,nested:MLP
GX17+2,NS,15,1.0,0.1809935703018807,NS,True,B_shape,nested:MLP
GX3+1,NS,15,1.0,0.20578255338302348,NS,True,B_shape,nested:MLP
GX339-4,BH,15,1.0,0.7128523388545758,BH,True,B_shape,nested:MLP
HETEJ1900.1-245,NS,15,0.26666666666666666,0.5657423425918069,BH,False,B_shape,nested:MLP
KS1731-260,NS,15,0.6,0.49591120117336757,NS,True,B_shape,nested:MLP
MXB1658-298,NS,15,0.9333333333333333,0.282228461308991,NS,True,B_shape,nested:MLP
SAXJ1808.4-3658,NS,15,0.8,0.4846007708954875,NS,True,B_shape,nested:MLP
SLX1735-269,NS,15,0.9333333333333333,0.2557191687299301,NS,True,B_shape,nested:MLP
XTEJ1118+480,BH,15,0.2,0.4602831084884008,NS,False,B_shape,nested:MLP
XTEJ1550-564,BH,15,0.0,0.4642166163270311,NS,False,B_shape,nested:MLP
XTEJ1650-500,BH,15,1.0,0.7654948095783239,BH,True,B_shape,nested:MLP
XTEJ1814-338,NS,15,0.7333333333333333,0.47442939646679994,NS,True,B_shape,nested:MLP
4U1254-690,NS,15,1.0,0.1626970669316425,NS,True,A_intensity,nested:LogReg
4U1323-619,NS,15,1.0,0.28440094803589233,NS,True,A_intensity,nested:LogReg
4U1543-47,BH,15,0.8666666666666667,0.7365633715859344,BH,True,A_intensity,nested:LogReg
4U1608-52,NS,15,0.8,0.24024897565447603,NS,True,A_intensity,nested:LogReg
4U1636-53,NS,15,0.9333333333333333,0.22147390420824134,NS,True,A_intensity,nested:LogReg
4U1702-429,NS,15,0.9333333333333333,0.23153455935065456,NS,True,A_intensity,nested:LogReg
4U1705-44,NS,15,0.9333333333333333,0.13808514146320142,NS,True,A_intensity,nested:LogReg
4U1724-307,NS,15,1.0,0.30389865121467546,NS,True,A_intensity,nested:LogReg
4U1728-34,NS,15,0.4,0.5393068209418129,BH,False,A_intensity,nested:LogReg
4U1735-44,NS,15,1.0,0.029300265033302336,NS,True,A_intensity,nested:LogReg
4U1746-371,NS,15,0.9333333333333333,0.12452487197100343,NS,True,A_intensity,nested:LogReg
4U1820-30,NS,15,0.9333333333333333,0.12731766113996396,NS,True,A_intensity,nested:LogReg
4U1915-05,NS,6,1.0,0.21820084914973326,NS,True,A_intensity,nested:LogReg
AQLX1,NS,15,0.7333333333333333,0.31149894502404263,NS,True,A_intensity,nested:LogReg
CYGX2,NS,15,1.0,0.07619330623837493,NS,True,A_intensity,nested:LogReg
EXO0748-676,NS,15,1.0,0.2546773805620484,NS,True,A_intensity,nested:LogReg
GROJ1655-40,BH,15,0.7333333333333333,0.7308882240620167,BH,True,A_intensity,nested:LogReg
GRS1915+105,BH,15,0.6666666666666666,0.5351945687499173,BH,True,A_intensity,nested:LogReg
GS1826-238,NS,15,0.0,0.666995865497418,BH,False,A_intensity,nested:LogReg
GX17+2,NS,15,1.0,0.19043035622384252,NS,True,A_intensity,nested:LogReg
GX3+1,NS,15,1.0,0.022344604262553188,NS,True,A_intensity,nested:LogReg
GX339-4,BH,15,0.6,0.601588536103534,BH,True,A_intensity,nested:LogReg
HETEJ1900.1-245,NS,15,0.9333333333333333,0.4077571388547892,NS,True,A_intensity,nested:LogReg
KS1731-260,NS,15,0.3333333333333333,0.4995784920571878,NS,True,A_intensity,nested:LogReg
MXB1658-298,NS,15,0.9333333333333333,0.27994004620933005,NS,True,A_intensity,nested:LogReg
SAXJ1808.4-3658,NS,15,0.13333333333333333,0.6084888536683316,BH,False,A_intensity,nested:LogReg
SLX1735-269,NS,15,0.9333333333333333,0.3293739238049361,NS,True,A_intensity,nested:LogReg
XTEJ1118+480,BH,15,0.06666666666666667,0.360725047976498,NS,False,A_intensity,nested:LogReg
XTEJ1550-564,BH,15,0.7333333333333333,0.5746887255207584,BH,True,A_intensity,nested:LogReg
XTEJ1650-500,BH,15,0.8,0.7455995538056429,BH,True,A_intensity,nested:LogReg
XTEJ1814-338,NS,15,0.4666666666666667,0.495507136055914,NS,True,A_intensity,nested:LogReg
4U1254-690,NS,15,1.0,0.1185625799704536,NS,True,A_intensity,nested:RandomForest
4U1323-619,NS,15,0.4,0.6063989952247932,BH,False,A_intensity,nested:RandomForest
4U1543-47,BH,15,0.3333333333333333,0.44709999999999994,NS,False,A_intensity,nested:RandomForest
4U1608-52,NS,15,1.0,0.2116333333333333,NS,True,A_intensity,nested:RandomForest
4U1636-53,NS,15,1.0,0.23199999999999996,NS,True,A_intensity,nested:RandomForest
4U1702-429,NS,15,0.8666666666666667,0.358266153450425,NS,True,A_intensity,nested:RandomForest
4U1705-44,NS,15,1.0,0.07253790970535288,NS,True,A_intensity,nested:RandomForest
4U1724-307,NS,15,0.5333333333333333,0.4931395869850802,NS,True,A_intensity,nested:RandomForest
4U1728-34,NS,15,0.6666666666666666,0.4454333333333333,NS,True,A_intensity,nested:RandomForest
4U1735-44,NS,15,1.0,0.03361996050655273,NS,True,A_intensity,nested:RandomForest
4U1746-371,NS,15,1.0,0.034855835409720544,NS,True,A_intensity,nested:RandomForest
4U1820-30,NS,15,1.0,0.08050739285918727,NS,True,A_intensity,nested:RandomForest
4U1915-05,NS,6,1.0,0.15949020952902715,NS,True,A_intensity,nested:RandomForest
AQLX1,NS,15,0.6,0.5036999999999999,BH,False,A_intensity,nested:RandomForest
CYGX2,NS,15,0.9333333333333333,0.3376483598350953,NS,True,A_intensity,nested:RandomForest
EXO0748-676,NS,15,0.6,0.48022602187818664,NS,True,A_intensity,nested:RandomForest
GROJ1655-40,BH,15,0.7333333333333333,0.7471895814365145,BH,True,A_intensity,nested:RandomForest
GRS1915+105,BH,15,0.6666666666666666,0.6998971988585888,BH,True,A_intensity,nested:RandomForest
GS1826-238,NS,15,0.8,0.4552,NS,True,A_intensity,nested:RandomForest
GX17+2,NS,15,0.3333333333333333,0.6513664968535502,BH,False,A_intensity,nested:RandomForest
GX3+1,NS,15,1.0,0.0587220787573175,NS,True,A_intensity,nested:RandomForest
GX339-4,BH,15,0.8,0.6904,BH,True,A_intensity,nested:RandomForest
HETEJ1900.1-245,NS,15,0.7333333333333333,0.4006,NS,True,A_intensity,nested:RandomForest
KS1731-260,NS,15,0.26666666666666666,0.7091602351336846,BH,False,A_intensity,nested:RandomForest
MXB1658-298,NS,15,0.8,0.38150674519308153,NS,True,A_intensity,nested:RandomForest
SAXJ1808.4-3658,NS,15,0.3333333333333333,0.6418164398323857,BH,False,A_intensity,nested:RandomForest
SLX1735-269,NS,15,0.5333333333333333,0.43437884346948835,NS,True,A_intensity,nested:RandomForest
XTEJ1118+480,BH,15,0.26666666666666666,0.41646666666666665,NS,False,A_intensity,nested:RandomForest
XTEJ1550-564,BH,15,0.6,0.5902,BH,True,A_intensity,nested:RandomForest
XTEJ1650-500,BH,15,1.0,0.8096268552468935,BH,True,A_intensity,nested:RandomForest
XTEJ1814-338,NS,15,0.4666666666666667,0.5992409184289205,BH,False,A_intensity,nested:RandomForest
4U1254-690,NS,15,1.0,0.14986666666666665,NS,True,A_intensity,nested:ExtraTrees
4U1323-619,NS,15,0.6,0.39553333333333335,NS,True,A_intensity,nested:ExtraTrees
4U1543-47,BH,15,0.4,0.47296499044808404,NS,False,A_intensity,nested:ExtraTrees
4U1608-52,NS,15,0.8666666666666667,0.22589999999999996,NS,True,A_intensity,nested:ExtraTrees
4U1636-53,NS,15,0.9333333333333333,0.24013333333333334,NS,True,A_intensity,nested:ExtraTrees
4U1702-429,NS,15,1.0,0.19653333333333328,NS,True,A_intensity,nested:ExtraTrees
4U1705-44,NS,15,1.0,0.16219731657111003,NS,True,A_intensity,nested:ExtraTrees
4U1724-307,NS,15,0.8,0.33333333333333326,NS,True,A_intensity,nested:ExtraTrees
4U1728-34,NS,15,0.6666666666666666,0.40154518121412824,NS,True,A_intensity,nested:ExtraTrees
4U1735-44,NS,15,1.0,0.1428,NS,True,A_intensity,nested:ExtraTrees
4U1746-371,NS,15,1.0,0.15146666666666667,NS,True,A_intensity,nested:ExtraTrees
4U1820-30,NS,15,1.0,0.1752666666666666,NS,True,A_intensity,nested:ExtraTrees
4U1915-05,NS,6,1.0,0.24399999999999997,NS,True,A_intensity,nested:ExtraTrees
AQLX1,NS,15,0.8666666666666667,0.33363333333333334,NS,True,A_intensity,nested:ExtraTrees
CYGX2,NS,15,0.9333333333333333,0.24983333333333327,NS,True,A_intensity,nested:ExtraTrees
EXO0748-676,NS,15,1.0,0.27773333333333333,NS,True,A_intensity,nested:ExtraTrees
GROJ1655-40,BH,15,0.7333333333333333,0.7069666666666666,BH,True,A_intensity,nested:ExtraTrees
GRS1915+105,BH,15,0.6666666666666666,0.6408333333333334,BH,True,A_intensity,nested:ExtraTrees
GS1826-238,NS,15,0.8,0.3529333333333333,NS,True,A_intensity,nested:ExtraTrees
GX17+2,NS,15,0.4,0.6735,BH,False,A_intensity,nested:ExtraTrees
GX3+1,NS,15,1.0,0.1547,NS,True,A_intensity,nested:ExtraTrees
GX339-4,BH,15,0.8,0.7551666666666667,BH,True,A_intensity,nested:ExtraTrees
HETEJ1900.1-245,NS,15,0.8666666666666667,0.3465,NS,True,A_intensity,nested:ExtraTrees
KS1731-260,NS,15,0.6,0.4680333333333333,NS,True,A_intensity,nested:ExtraTrees
MXB1658-298,NS,15,0.8666666666666667,0.2592666666666667,NS,True,A_intensity,nested:ExtraTrees
SAXJ1808.4-3658,NS,15,0.6,0.4590666666666666,NS,True,A_intensity,nested:ExtraTrees
SLX1735-269,NS,15,1.0,0.23543333333333333,NS,True,A_intensity,nested:ExtraTrees
XTEJ1118+480,BH,15,0.26666666666666666,0.3884666666666667,NS,False,A_intensity,nested:ExtraTrees
XTEJ1550-564,BH,15,0.3333333333333333,0.49870000000000003,NS,False,A_intensity,nested:ExtraTrees
XTEJ1650-500,BH,15,0.8666666666666667,0.7732333333333333,BH,True,A_intensity,nested:ExtraTrees
XTEJ1814-338,NS,15,0.4666666666666667,0.5910666666666666,BH,False,A_intensity,nested:ExtraTrees
4U1254-690,NS,15,1.0,0.08379625487431691,NS,True,A_intensity,nested:HistGB
4U1323-619,NS,15,0.8666666666666667,0.3768854256054732,NS,True,A_intensity,nested:HistGB
4U1543-47,BH,15,0.6666666666666666,0.7722902053401932,BH,True,A_intensity,nested:HistGB
4U1608-52,NS,15,0.8666666666666667,0.14076178644727227,NS,True,A_intensity,nested:HistGB
4U1636-53,NS,15,1.0,0.29815804439713406,NS,True,A_intensity,nested:HistGB
4U1702-429,NS,15,1.0,0.09699783249949495,NS,True,A_intensity,nested:HistGB
4U1705-44,NS,15,1.0,-0.014435008649766934,NS,True,A_intensity,nested:HistGB
4U1724-307,NS,15,0.8666666666666667,0.32096038532848203,NS,True,A_intensity,nested:HistGB
4U1728-34,NS,15,0.9333333333333333,0.12323276277689257,NS,True,A_intensity,nested:HistGB
4U1735-44,NS,15,1.0,0.02499175839069915,NS,True,A_intensity,nested:HistGB
4U1746-371,NS,15,1.0,0.03866973501664576,NS,True,A_intensity,nested:HistGB
4U1820-30,NS,15,1.0,0.0361800589075432,NS,True,A_intensity,nested:HistGB
4U1915-05,NS,6,1.0,0.047812587830990017,NS,True,A_intensity,nested:HistGB
AQLX1,NS,15,0.8,0.20807503447743939,NS,True,A_intensity,nested:HistGB
CYGX2,NS,15,0.8,0.3670889015847358,NS,True,A_intensity,nested:HistGB
EXO0748-676,NS,15,0.9333333333333333,0.2382947369533563,NS,True,A_intensity,nested:HistGB
GROJ1655-40,BH,15,0.7333333333333333,0.946108850793504,BH,True,A_intensity,nested:HistGB
GRS1915+105,BH,15,0.6,0.8066595180784801,BH,True,A_intensity,nested:HistGB
GS1826-238,NS,15,0.9333333333333333,0.22712940422946948,NS,True,A_intensity,nested:HistGB
GX17+2,NS,15,0.26666666666666666,0.9243896031509454,BH,False,A_intensity,nested:HistGB
GX3+1,NS,15,1.0,0.04342594492090244,NS,True,A_intensity,nested:HistGB
GX339-4,BH,15,0.6666666666666666,0.5880122066892343,BH,True,A_intensity,nested:HistGB
HETEJ1900.1-245,NS,15,0.7333333333333333,0.49108798386298946,NS,True,A_intensity,nested:HistGB
KS1731-260,NS,15,0.6,0.47646597908031757,NS,True,A_intensity,nested:HistGB
MXB1658-298,NS,15,0.8666666666666667,0.08986631851327977,NS,True,A_intensity,nested:HistGB
SAXJ1808.4-3658,NS,15,0.4,0.5548946078867674,BH,False,A_intensity,nested:HistGB
SLX1735-269,NS,15,1.0,0.07621166400749432,NS,True,A_intensity,nested:HistGB
XTEJ1118+480,BH,15,0.26666666666666666,0.28912214391607854,NS,False,A_intensity,nested:HistGB
XTEJ1550-564,BH,15,0.6666666666666666,0.6266423457265753,BH,True,A_intensity,nested:HistGB
XTEJ1650-500,BH,15,0.6666666666666666,0.792706392228793,BH,True,A_intensity,nested:HistGB
XTEJ1814-338,NS,15,0.5333333333333333,0.618666412004978,BH,False,A_intensity,nested:HistGB
4U1254-690,NS,15,1.0,0.1981138032174104,NS,True,A_intensity,nested:SVM_RBF
4U1323-619,NS,15,0.9333333333333333,0.4170467541492362,NS,True,A_intensity,nested:SVM_RBF
4U1543-47,BH,15,0.6666666666666666,0.6135323141951216,BH,True,A_intensity,nested:SVM_RBF
4U1608-52,NS,15,0.8666666666666667,0.2841130163140074,NS,True,A_intensity,nested:SVM_RBF
4U1636-53,NS,15,0.9333333333333333,0.23279394856076954,NS,True,A_intensity,nested:SVM_RBF
4U1702-429,NS,15,0.9333333333333333,0.28041023183282204,NS,True,A_intensity,nested:SVM_RBF
4U1705-44,NS,15,0.9333333333333333,0.22015843449554243,NS,True,A_intensity,nested:SVM_RBF
4U1724-307,NS,15,0.8,0.39971077145739003,NS,True,A_intensity,nested:SVM_RBF
4U1728-34,NS,15,0.4,0.5513800367602216,BH,False,A_intensity,nested:SVM_RBF
4U1735-44,NS,15,1.0,0.10340742229565941,NS,True,A_intensity,nested:SVM_RBF
4U1746-371,NS,15,1.0,0.18291438399868606,NS,True,A_intensity,nested:SVM_RBF
4U1820-30,NS,15,1.0,0.1323940559387015,NS,True,A_intensity,nested:SVM_RBF
4U1915-05,NS,6,1.0,0.25707630219063893,NS,True,A_intensity,nested:SVM_RBF
AQLX1,NS,15,0.6,0.42935462882055003,NS,True,A_intensity,nested:SVM_RBF
CYGX2,NS,15,0.7333333333333333,0.37201085041490667,NS,True,A_intensity,nested:SVM_RBF
EXO0748-676,NS,15,1.0,0.35300793870208513,NS,True,A_intensity,nested:SVM_RBF
GROJ1655-40,BH,15,1.0,0.9665910402974737,BH,True,A_intensity,nested:SVM_RBF
GRS1915+105,BH,15,0.8,0.6060092280858426,BH,True,A_intensity,nested:SVM_RBF
GS1826-238,NS,15,0.0,0.5953128589390366,BH,False,A_intensity,nested:SVM_RBF
GX17+2,NS,15,0.4666666666666667,0.5859424093866917,BH,False,A_intensity,nested:SVM_RBF
GX3+1,NS,15,1.0,0.1566698701846311,NS,True,A_intensity,nested:SVM_RBF
GX339-4,BH,15,0.9333333333333333,0.8196186952232548,BH,True,A_intensity,nested:SVM_RBF
HETEJ1900.1-245,NS,15,0.4666666666666667,0.5095940577801532,BH,False,A_intensity,nested:SVM_RBF
KS1731-260,NS,15,0.9333333333333333,0.4070025825346552,NS,True,A_intensity,nested:SVM_RBF
MXB1658-298,NS,15,0.8666666666666667,0.31734993820290003,NS,True,A_intensity,nested:SVM_RBF
SAXJ1808.4-3658,NS,15,0.26666666666666666,0.6142612375415859,BH,False,A_intensity,nested:SVM_RBF
SLX1735-269,NS,15,1.0,0.3061167339099848,NS,True,A_intensity,nested:SVM_RBF
XTEJ1118+480,BH,15,0.2,0.41982997039747316,NS,False,A_intensity,nested:SVM_RBF
XTEJ1550-564,BH,15,0.13333333333333333,0.4741135671426415,NS,False,A_intensity,nested:SVM_RBF
XTEJ1650-500,BH,15,0.9333333333333333,0.7834249283803135,BH,True,A_intensity,nested:SVM_RBF
XTEJ1814-338,NS,15,0.6,0.516963350481826,BH,False,A_intensity,nested:SVM_RBF
4U1254-690,NS,15,1.0,0.0495366505428283,NS,True,A_intensity,nested:kNN
4U1323-619,NS,15,0.3333333333333333,0.5687783932140741,BH,False,A_intensity,nested:kNN
4U1543-47,BH,15,0.8666666666666667,0.7459570568001278,BH,True,A_intensity,nested:kNN
4U1608-52,NS,15,0.9333333333333333,0.028119583636687838,NS,True,A_intensity,nested:kNN
4U1636-53,NS,15,0.9333333333333333,0.1822630189644509,NS,True,A_intensity,nested:kNN
4U1702-429,NS,15,1.0,0.1368729480424651,NS,True,A_intensity,nested:kNN
4U1705-44,NS,15,1.0,0.10724331841283546,NS,True,A_intensity,nested:kNN
4U1724-307,NS,15,0.4,0.5172798866716325,BH,False,A_intensity,nested:kNN
4U1728-34,NS,15,0.8,0.19943558048459958,NS,True,A_intensity,nested:kNN
4U1735-44,NS,15,1.0,0.0479840591535762,NS,True,A_intensity,nested:kNN
4U1746-371,NS,15,1.0,-0.0469001169149276,NS,True,A_intensity,nested:kNN
4U1820-30,NS,15,1.0,-0.0484104950578833,NS,True,A_intensity,nested:kNN
4U1915-05,NS,6,0.6666666666666666,0.3590080371873113,NS,True,A_intensity,nested:kNN
AQLX1,NS,15,0.8,0.31076543442338816,NS,True,A_intensity,nested:kNN
CYGX2,NS,15,0.9333333333333333,0.008272296878175845,NS,True,A_intensity,nested:kNN
EXO0748-676,NS,15,0.6666666666666666,0.3909021741732551,NS,True,A_intensity,nested:kNN
GROJ1655-40,BH,15,0.8,0.7097422628924257,BH,True,A_intensity,nested:kNN
GRS1915+105,BH,15,0.8,0.68891292137074,BH,True,A_intensity,nested:kNN
GS1826-238,NS,15,0.8666666666666667,0.23144014557793943,NS,True,A_intensity,nested:kNN
GX17+2,NS,15,0.5333333333333333,0.6566232143623805,BH,False,A_intensity,nested:kNN
GX3+1,NS,15,1.0,0.07761368878320583,NS,True,A_intensity,nested:kNN
GX339-4,BH,15,0.8666666666666667,0.689606076906849,BH,True,A_intensity,nested:kNN
HETEJ1900.1-245,NS,15,0.4,0.5349634768552475,BH,False,A_intensity,nested:kNN
KS1731-260,NS,15,0.6,0.46768187621925456,NS,True,A_intensity,nested:kNN
MXB1658-298,NS,15,0.8666666666666667,0.31304364184935285,NS,True,A_intensity,nested:kNN
SAXJ1808.4-3658,NS,15,0.4666666666666667,0.5326500358059094,BH,False,A_intensity,nested:kNN
SLX1735-269,NS,15,0.6,0.4028429269735531,NS,True,A_intensity,nested:kNN
XTEJ1118+480,BH,15,0.4666666666666667,0.35783984293295035,NS,False,A_intensity,nested:kNN
XTEJ1550-564,BH,15,0.4666666666666667,0.4092970343528799,NS,False,A_intensity,nested:kNN
XTEJ1650-500,BH,15,0.8666666666666667,0.9212596494589333,BH,True,A_intensity,nested:kNN
XTEJ1814-338,NS,15,0.4666666666666667,0.5680252094783662,BH,False,A_intensity,nested:kNN
4U1254-690,NS,15,1.0,0.1001478328030088,NS,True,A_intensity,nested:QDA
4U1323-619,NS,15,1.0,0.25539981571895304,NS,True,A_intensity,nested:QDA
4U1543-47,BH,15,0.8,1.026703017783872,BH,True,A_intensity,nested:QDA
4U1608-52,NS,15,0.8666666666666667,0.09690633518026386,NS,True,A_intensity,nested:QDA
4U1636-53,NS,15,1.0,0.11069463170571692,NS,True,A_intensity,nested:QDA
4U1702-429,NS,15,1.0,0.11962600848522145,NS,True,A_intensity,nested:QDA
4U1705-44,NS,15,1.0,0.09998202114852352,NS,True,A_intensity,nested:QDA
4U1724-307,NS,15,1.0,0.14091993901943853,NS,True,A_intensity,nested:QDA
4U1728-34,NS,15,0.7333333333333333,0.3054568511267141,NS,True,A_intensity,nested:QDA
4U1735-44,NS,15,1.0,-0.09733274128758147,NS,True,A_intensity,nested:QDA
4U1746-371,NS,15,1.0,0.07996053876239897,NS,True,A_intensity,nested:QDA
4U1820-30,NS,15,0.9333333333333333,0.06266288822101844,NS,True,A_intensity,nested:QDA
4U1915-05,NS,6,1.0,0.12612362449488065,NS,True,A_intensity,nested:QDA
AQLX1,NS,15,1.0,0.19695243292376102,NS,True,A_intensity,nested:QDA
CYGX2,NS,15,1.0,0.2755233288501436,NS,True,A_intensity,nested:QDA
EXO0748-676,NS,15,1.0,0.23244537786789696,NS,True,A_intensity,nested:QDA
GROJ1655-40,BH,15,0.6,0.5771617314287414,BH,True,A_intensity,nested:QDA
GRS1915+105,BH,15,0.8,0.8560981912274669,BH,True,A_intensity,nested:QDA
GS1826-238,NS,15,1.0,0.37398662107540714,NS,True,A_intensity,nested:QDA
GX17+2,NS,15,0.8,0.1659159079463165,NS,True,A_intensity,nested:QDA
GX3+1,NS,15,1.0,0.2723270821200597,NS,True,A_intensity,nested:QDA
GX339-4,BH,15,0.5333333333333333,0.541663841035056,BH,True,A_intensity,nested:QDA
HETEJ1900.1-245,NS,15,0.9333333333333333,0.23899977578084178,NS,True,A_intensity,nested:QDA
KS1731-260,NS,15,0.7333333333333333,0.37812686775551024,NS,True,A_intensity,nested:QDA
MXB1658-298,NS,15,0.9333333333333333,0.349498224338921,NS,True,A_intensity,nested:QDA
SAXJ1808.4-3658,NS,15,0.9333333333333333,0.3141961334776644,NS,True,A_intensity,nested:QDA
SLX1735-269,NS,15,1.0,0.16392512774776546,NS,True,A_intensity,nested:QDA
XTEJ1118+480,BH,15,0.0,0.3301822038681402,NS,False,A_intensity,nested:QDA
XTEJ1550-564,BH,15,0.5333333333333333,0.586979919373722,BH,True,A_intensity,nested:QDA
XTEJ1650-500,BH,15,0.8,0.8422147204097514,BH,True,A_intensity,nested:QDA
XTEJ1814-338,NS,15,1.0,0.23323088540093606,NS,True,A_intensity,nested:QDA
4U1254-690,NS,15,1.0,0.3211560915816857,NS,True,A_intensity,nested:MLP
4U1323-619,NS,15,0.0,0.5254381881339977,BH,False,A_intensity,nested:MLP
4U1543-47,BH,15,1.0,0.7275491638277394,BH,True,A_intensity,nested:MLP
4U1608-52,NS,15,0.6,0.4632257771556197,NS,True,A_intensity,nested:MLP
4U1636-53,NS,15,1.0,0.37049453630196966,NS,True,A_intensity,nested:MLP
4U1702-429,NS,15,0.9333333333333333,0.3534564309463659,NS,True,A_intensity,nested:MLP
4U1705-44,NS,15,0.7333333333333333,0.3712405373195889,NS,True,A_intensity,nested:MLP
4U1724-307,NS,15,1.0,0.4096600277548522,NS,True,A_intensity,nested:MLP
4U1728-34,NS,15,0.4,0.5657630421270795,BH,False,A_intensity,nested:MLP
4U1735-44,NS,15,1.0,0.24360202662297628,NS,True,A_intensity,nested:MLP
4U1746-371,NS,15,1.0,0.35990055865662807,NS,True,A_intensity,nested:MLP
4U1820-30,NS,15,0.4666666666666667,0.5274458455355542,BH,False,A_intensity,nested:MLP
4U1915-05,NS,6,0.3333333333333333,0.537539787808493,BH,False,A_intensity,nested:MLP
AQLX1,NS,15,0.4,0.5760866544751404,BH,False,A_intensity,nested:MLP
CYGX2,NS,15,1.0,0.410737210293715,NS,True,A_intensity,nested:MLP
EXO0748-676,NS,15,1.0,0.4015672318195046,NS,True,A_intensity,nested:MLP
GROJ1655-40,BH,15,0.6,0.4288757007305886,NS,False,A_intensity,nested:MLP
GRS1915+105,BH,15,0.6,0.4796497497348089,NS,False,A_intensity,nested:MLP
GS1826-238,NS,15,0.0,0.5530672204053465,BH,False,A_intensity,nested:MLP
GX17+2,NS,15,0.26666666666666666,0.5991421393538182,BH,False,A_intensity,nested:MLP
GX3+1,NS,15,1.0,0.2684477349161236,NS,True,A_intensity,nested:MLP
GX339-4,BH,15,1.0,0.7212130186227429,BH,True,A_intensity,nested:MLP
HETEJ1900.1-245,NS,15,0.6,0.4819990904181347,NS,True,A_intensity,nested:MLP
KS1731-260,NS,15,0.0,0.5961600538180885,BH,False,A_intensity,nested:MLP
MXB1658-298,NS,15,0.8666666666666667,0.4383114714457056,NS,True,A_intensity,nested:MLP
SAXJ1808.4-3658,NS,15,0.06666666666666667,0.5729983795845025,BH,False,A_intensity,nested:MLP
SLX1735-269,NS,15,1.0,0.39487673106415466,NS,True,A_intensity,nested:MLP
XTEJ1118+480,BH,15,0.6666666666666666,0.5016708553653747,BH,True,A_intensity,nested:MLP
XTEJ1550-564,BH,15,1.0,0.6300007126320933,BH,True,A_intensity,nested:MLP
XTEJ1650-500,BH,15,1.0,0.7289537987105638,BH,True,A_intensity,nested:MLP
XTEJ1814-338,NS,15,0.8,0.4549615954028339,NS,True,A_intensity,nested:MLP
4U1254-690,NS,15,1.0,0.1981138032174104,NS,True,auto,nested:auto
4U1323-619,NS,15,0.9333333333333333,0.4170467541492362,NS,True,auto,nested:auto
4U1543-47,BH,15,0.6666666666666666,0.6135323141951216,BH,True,auto,nested:auto
4U1608-52,NS,15,0.8666666666666667,0.2841130163140074,NS,True,auto,nested:auto
4U1636-53,NS,15,0.9333333333333333,0.23279394856076954,NS,True,auto,nested:auto
4U1702-429,NS,15,0.9333333333333333,0.28041023183282204,NS,True,auto,nested:auto
4U1705-44,NS,15,0.9333333333333333,0.22015843449554243,NS,True,auto,nested:auto
4U1724-307,NS,15,0.8,0.39971077145739003,NS,True,auto,nested:auto
4U1728-34,NS,15,0.4,0.5393068209418129,BH,False,auto,nested:auto
4U1735-44,NS,15,1.0,0.32302374874799006,NS,True,auto,nested:auto
4U1746-371,NS,15,1.0,0.18291438399868606,NS,True,auto,nested:auto
4U1820-30,NS,15,1.0,0.1323940559387015,NS,True,auto,nested:auto
4U1915-05,NS,6,1.0,0.25707630219063893,NS,True,auto,nested:auto
AQLX1,NS,15,0.6,0.42935462882055003,NS,True,auto,nested:auto
CYGX2,NS,15,0.7333333333333333,0.37201085041490667,NS,True,auto,nested:auto
EXO0748-676,NS,15,1.0,0.35300793870208513,NS,True,auto,nested:auto
GROJ1655-40,BH,15,1.0,0.9665910402974737,BH,True,auto,nested:auto
GRS1915+105,BH,15,0.06666666666666667,0.22572200964168238,NS,False,auto,nested:auto
GS1826-238,NS,15,0.0,0.5953128589390366,BH,False,auto,nested:auto
GX17+2,NS,15,0.4666666666666667,0.5859424093866917,BH,False,auto,nested:auto
GX3+1,NS,15,1.0,0.1566698701846311,NS,True,auto,nested:auto
GX339-4,BH,15,0.9333333333333333,0.8196186952232548,BH,True,auto,nested:auto
HETEJ1900.1-245,NS,15,0.4666666666666667,0.5095940577801532,BH,False,auto,nested:auto
KS1731-260,NS,15,0.3333333333333333,0.4995784920571878,NS,True,auto,nested:auto
MXB1658-298,NS,15,0.8666666666666667,0.31734993820290003,NS,True,auto,nested:auto
SAXJ1808.4-3658,NS,15,0.26666666666666666,0.6142612375415859,BH,False,auto,nested:auto
SLX1735-269,NS,15,1.0,0.3061167339099848,NS,True,auto,nested:auto
XTEJ1118+480,BH,15,0.13333333333333333,0.2563725156161272,NS,False,auto,nested:auto
XTEJ1550-564,BH,15,0.7333333333333333,0.8769999539722808,BH,True,auto,nested:auto
XTEJ1650-500,BH,15,1.0,0.7289537987105638,BH,True,auto,nested:auto
XTEJ1814-338,NS,15,0.26666666666666666,0.9289406885979034,BH,False,auto,nested:auto
