obs_id,source_id,label,time_bin,rank_in_bin,mjd,cat_exposure,cat_npcu,cat_std1rate,pointing_sep_deg,epoch
40135-01-41-00,V4641SGR,BH,0,0,51353.41867,4468.0,4,37.63999938964844,0.0,4
40430-01-01-00,V4641SGR,BH,1,0,51436.91867,2580.0,5,334.0,0.0,4
70119-01-01-00,V4641SGR,BH,2,0,52419.71945,8944.0,1,9.3100004196167,0.0,5
70119-01-02-00,V4641SGR,BH,3,0,52420.63742,14253.0,1,6.489999771118164,0.0,5
80054-08-01-00,V4641SGR,BH,4,0,52856.0632,1408.0,2,83.88999938964844,0.0113,5
80054-08-01-01,V4641SGR,BH,5,0,52857.42257,5118.0,4,80.18000030517578,0.0113,5
80054-08-02-00,V4641SGR,BH,6,0,52858.51242,2944.0,3,37.70000076293945,0.0113,5
80054-08-02-01,V4641SGR,BH,7,0,52858.59054,1263.0,1,317.8399963378906,0.0113,5
91422-01-01-00,V4641SGR,BH,8,0,53546.34445,1006.0,1,16.81999969482422,0.0095,5
91422-01-01-01,V4641SGR,BH,9,0,53547.4421,6142.0,1,6.650000095367432,0.0095,5
95436-01-01-00,V4641SGR,BH,10,0,55472.30148,3178.0,1,15.75,0.011,5
40124-01-09-00,XTEJ1859+226,BH,0,0,51465.51632,3216.0,2,1279.6700439453125,0.0589,4
40124-01-14-00,XTEJ1859+226,BH,0,1,51468.44601,3096.0,3,2066.550048828125,0.0251,4
40124-01-12-00,XTEJ1859+226,BH,0,2,51467.59445,1722.0,5,2648.60009765625,0.0251,4
40124-01-13-00,XTEJ1859+226,BH,0,3,51467.98117,1664.0,5,2532.409912109375,0.0251,4
40124-01-08-00,XTEJ1859+226,BH,0,4,51465.32492,2832.0,5,1238.2900390625,0.0589,4
40124-01-11-00,XTEJ1859+226,BH,0,5,51466.90695,1368.0,5,1472.5400390625,0.0251,4
40124-01-06-00,XTEJ1859+226,BH,0,6,51464.13351,1664.0,5,1136.4000244140625,0.0589,4
40122-01-01-03,XTEJ1859+226,BH,0,7,51469.11398,2506.0,5,2397.0400390625,0.0,4
40122-01-01-02,XTEJ1859+226,BH,1,0,51469.17257,2230.0,5,2460.31005859375,0.0,4
40124-01-19-00,XTEJ1859+226,BH,1,1,51471.24288,3184.0,3,1213.8499755859375,0.0,4
40124-01-17-00,XTEJ1859+226,BH,1,2,51469.91085,1152.0,5,1659.5,0.0,4
40124-01-16-00,XTEJ1859+226,BH,1,3,51469.51242,2624.0,3,1825.010009765625,0.0,4
40122-01-01-00,XTEJ1859+226,BH,1,4,51469.35617,6960.0,3,2396.909912109375,0.0,4
40124-01-20-00,XTEJ1859+226,BH,1,5,51471.90695,1152.0,5,1388.3599853515625,0.0,4
40124-01-18-00,XTEJ1859+226,BH,1,6,51471.04367,2079.0,3,1313.260009765625,0.0,4
40122-01-01-01,XTEJ1859+226,BH,1,7,51469.24679,3290.0,3,2355.909912109375,0.0,4
40124-01-24-00,XTEJ1859+226,BH,2,0,51474.4421,1957.0,3,1941.72998046875,0.0,4
40124-01-28-00,XTEJ1859+226,BH,2,1,51476.44601,2588.0,3,1479.6099853515625,0.0,4
40124-01-22-00G,XTEJ1859+226,BH,2,2,51473.03976,1976.0,3,1259.260009765625,0.0,4
40124-01-28-01,XTEJ1859+226,BH,2,3,51476.50851,1163.0,3,1367.1600341796875,0.0,4
40124-01-27-00,XTEJ1859+226,BH,2,4,51475.43429,1169.0,3,1811.449951171875,0.0,4
40124-01-29-00,XTEJ1859+226,BH,2,5,51477.17648,3424.0,5,1429.260009765625,0.0,4
40124-01-21-00,XTEJ1859+226,BH,2,6,51472.51632,2313.0,4,1317.739990234375,0.0,4
40124-01-26-00,XTEJ1859+226,BH,2,7,51475.21554,6878.0,3,1422.8199462890625,0.0,4
40124-01-34-00,XTEJ1859+226,BH,3,0,51481.07101,6687.0,3,1506.22998046875,0.0,4
40122-01-02-00,XTEJ1859+226,BH,3,1,51478.90695,5616.0,2,1262.8699951171875,0.0,4
40124-01-32-00,XTEJ1859+226,BH,3,2,51479.64523,1642.0,5,1610.0999755859375,0.0,4
40124-01-34-01,XTEJ1859+226,BH,3,3,51481.36788,2375.0,3,1510.5699462890625,0.0,4
40124-01-30-00,XTEJ1859+226,BH,3,4,51478.04367,2478.0,3,1751.4100341796875,0.0,4
40124-01-31-00,XTEJ1859+226,BH,3,5,51478.79367,1056.0,5,1242.1600341796875,0.0,4
40124-01-34-02,XTEJ1859+226,BH,3,6,51481.4382,2360.0,3,1443.1800537109375,0.0,4
40124-01-33-00,XTEJ1859+226,BH,3,7,51480.36007,1414.0,3,1549.8399658203125,0.0,4
40124-01-35-00,XTEJ1859+226,BH,4,0,51482.3132,9231.0,2,1409.6800537109375,0.0,4
40124-01-36-00,XTEJ1859+226,BH,4,1,51483.18429,7450.0,3,1438.2900390625,0.0,4
40124-01-37-02,XTEJ1859+226,BH,4,2,51484.34445,6279.0,3,1359.3599853515625,0.0,4
40124-01-35-01,XTEJ1859+226,BH,4,3,51481.96945,2640.0,3,1364.3399658203125,0.0,4
40124-01-38-00,XTEJ1859+226,BH,4,4,51484.92648,5769.0,4,1257.8299560546875,0.0,4
40124-01-36-01,XTEJ1859+226,BH,4,5,51482.95382,1408.0,5,1325.2099609375,0.0,4
40124-01-37-01,XTEJ1859+226,BH,4,6,51484.09054,2079.0,2,1354.1500244140625,0.0,4
40124-01-37-00,XTEJ1859+226,BH,4,7,51483.96945,2680.0,4,1434.239990234375,0.0,4
40124-01-40-00,XTEJ1859+226,BH,5,0,51486.83663,1327.0,3,879.52001953125,0.0,4
40124-01-39-00,XTEJ1859+226,BH,5,1,51485.93429,5700.0,3,926.1300048828125,0.0,4
40124-01-43-00,XTEJ1859+226,BH,5,2,51489.52804,4559.0,3,740.9000244140625,0.0,4
40124-01-38-01,XTEJ1859+226,BH,5,3,51485.09054,2681.0,3,1114.27001953125,0.0,4
40124-01-42-00,XTEJ1859+226,BH,5,4,51488.46163,5092.0,2,836.27001953125,0.0,4
40122-01-03-01,XTEJ1859+226,BH,5,5,51488.91085,1482.0,3,767.280029296875,0.0,4
40124-01-40-01,XTEJ1859+226,BH,5,6,51486.8796,1152.0,3,863.8800048828125,0.0,4
40124-01-41-00,XTEJ1859+226,BH,5,7,51487.03195,2828.0,3,844.530029296875,0.0,4
40124-01-46-00,XTEJ1859+226,BH,6,0,51492.45382,5149.0,3,584.0999755859375,0.0,4
40124-01-45-00,XTEJ1859+226,BH,6,1,51491.42257,2655.0,5,594.989990234375,0.0,4
40124-01-48-00,XTEJ1859+226,BH,6,2,51494.18038,2688.0,2,533.4600219726562,0.0,4
40124-01-49-01,XTEJ1859+226,BH,6,3,51497.26632,1893.0,5,561.77001953125,0.0,4
40124-01-48-01,XTEJ1859+226,BH,6,4,51495.61398,2119.0,5,521.6799926757812,0.0,4
40124-01-49-00,XTEJ1859+226,BH,6,5,51496.47726,2485.0,5,492.67999267578125,0.0,4
40124-01-44-00,XTEJ1859+226,BH,6,6,51490.52413,4624.0,3,693.1400146484375,0.0,4
40124-01-47-00,XTEJ1859+226,BH,6,7,51493.52023,4781.0,3,544.5,0.0,4
40124-01-50-00,XTEJ1859+226,BH,7,0,51498.33273,2184.0,5,481.6099853515625,0.0,4
40124-01-51-02,XTEJ1859+226,BH,7,1,51503.22335,5033.0,5,380.8999938964844,0.0,4
40124-01-50-01,XTEJ1859+226,BH,7,2,51498.40304,2303.0,5,494.8599853515625,0.0,4
40124-01-51-00,XTEJ1859+226,BH,7,3,51501.39913,2487.0,3,393.8999938964844,0.0,4
40124-01-51-01,XTEJ1859+226,BH,7,4,51502.25851,1938.0,5,393.2900085449219,0.0,4
40122-01-04-00,XTEJ1859+226,BH,7,5,51501.46945,2719.0,3,392.6099853515625,0.0,4
40122-01-04-01,XTEJ1859+226,BH,7,6,51501.53585,2790.0,5,394.0799865722656,0.0,4
40124-01-52-01,XTEJ1859+226,BH,8,0,51505.2546,1997.0,3,340.6300048828125,0.0,4
40124-01-51-03,XTEJ1859+226,BH,8,1,51503.32492,2240.0,5,374.2900085449219,0.0,4
40124-01-52-02,XTEJ1859+226,BH,8,2,51506.2507,2101.0,4,317.2300109863281,0.0,4
40124-01-53-01,XTEJ1859+226,BH,8,3,51509.3132,2353.0,4,273.8900146484375,0.0,4
40124-01-53-02,XTEJ1859+226,BH,8,4,51510.3132,2453.0,4,260.8800048828125,0.0,4
40124-01-53-00,XTEJ1859+226,BH,8,5,51508.2507,2041.0,4,279.0400085449219,0.0,4
40124-01-52-00,XTEJ1859+226,BH,8,6,51504.32492,2364.0,4,337.67999267578125,0.0,4
40124-01-55-01,XTEJ1859+226,BH,9,0,51516.04757,2560.0,5,248.8699951171875,0.0,4
40124-01-54-00,XTEJ1859+226,BH,9,1,51511.24288,2165.0,4,251.44000244140625,0.0,4
40124-01-55-00,XTEJ1859+226,BH,9,2,51515.23507,2246.0,5,242.67999267578125,0.0,4
40124-01-55-02,XTEJ1859+226,BH,9,3,51517.09835,1556.0,5,248.08999633789062,0.0,4
40124-01-54-01,XTEJ1859+226,BH,9,4,51513.3132,2848.0,5,250.41000366210938,0.0,4
40124-01-53-03,XTEJ1859+226,BH,9,5,51512.24288,2216.0,4,269.6400146484375,0.0,4
40124-01-54-02,XTEJ1859+226,BH,9,6,51514.23898,2344.0,5,256.8999938964844,0.0,4
40124-01-56-01,XTEJ1859+226,BH,10,0,51518.10617,2816.0,5,208.02999877929688,0.0,4
40124-01-56-02,XTEJ1859+226,BH,10,1,51521.96163,2304.0,5,192.61000061035156,0.0,4
40124-01-55-03,XTEJ1859+226,BH,10,2,51520.09445,1888.0,5,194.0800018310547,0.0,4
40124-01-57-01,XTEJ1859+226,BH,10,3,51523.95773,2372.0,5,236.24000549316406,0.0,4
40124-01-56-00,XTEJ1859+226,BH,10,4,51521.09835,2673.0,5,198.9499969482422,0.0,4
40124-01-57-02,XTEJ1859+226,BH,10,5,51524.95773,2304.0,5,240.6699981689453,0.0,4
40124-01-57-00,XTEJ1859+226,BH,10,6,51522.96163,2304.0,5,192.0399932861328,0.0,4
40124-01-58-00,XTEJ1859+226,BH,11,0,51525.36398,1952.0,5,229.6300048828125,0.0,4
40124-01-59-01,XTEJ1859+226,BH,11,1,51533.3757,2256.0,1,220.6300048828125,0.0,4
40124-01-58-01,XTEJ1859+226,BH,11,2,51527.02023,2285.0,5,250.8000030517578,0.0,4
40124-01-60-01,XTEJ1859+226,BH,11,3,51540.80148,3253.0,5,178.8300018310547,0.0,4
40124-01-59-00,XTEJ1859+226,BH,11,4,51530.14913,2408.0,4,254.08999633789062,0.0,4
40124-01-58-03,XTEJ1859+226,BH,11,5,51527.7507,1024.0,5,253.47999572753906,0.0,4
40124-01-60-00,XTEJ1859+226,BH,11,6,51537.15695,3328.0,3,251.30999755859375,0.0,4
40124-01-63-01,XTEJ1859+226,BH,12,0,51563.95382,3072.0,5,83.18000030517578,0.0,4
40124-01-62-00,XTEJ1859+226,BH,12,1,51554.84445,1280.0,4,107.36000061035156,0.0,4
40124-01-62-01,XTEJ1859+226,BH,12,2,51556.97726,2944.0,4,94.5999984741211,0.0,4
40124-01-64-00,XTEJ1859+226,BH,12,3,51566.14913,3191.0,5,66.61000061035156,0.0,4
40124-01-63-00,XTEJ1859+226,BH,12,4,51560.17257,3312.0,2,89.69000244140625,0.0,4
40124-01-61-01,XTEJ1859+226,BH,12,5,51547.78585,3072.0,5,195.25999450683594,0.0,4
40124-01-61-00,XTEJ1859+226,BH,12,6,51546.07101,3200.0,5,176.6999969482422,0.0,4
40440-01-01-00,XTEJ1859+226,BH,13,0,51593.97726,3234.0,3,14.640000343322754,0.0,4
40124-01-66-01,XTEJ1859+226,BH,13,1,51587.6296,1152.0,5,19.260000228881836,0.0,4
40124-01-65-01,XTEJ1859+226,BH,13,2,51577.0007,3488.0,2,28.469999313354492,0.0,4
40122-01-05-000,XTEJ1859+226,BH,13,3,51582.83273,15360.0,3,21.8799991607666,0.0,4
40124-01-66-00,XTEJ1859+226,BH,13,4,51587.69992,1664.0,5,19.59000015258789,0.0,4
40124-01-65-00,XTEJ1859+226,BH,13,5,51573.79757,2397.0,3,33.47999954223633,0.0,4
40124-01-64-01,XTEJ1859+226,BH,13,6,51570.27804,3394.0,2,43.31999969482422,0.0,4
40440-01-04-00,XTEJ1859+226,BH,14,0,51603.8132,2176.0,4,11.40999984741211,0.0,4
50401-01-03-00,XTEJ1859+226,BH,14,1,51622.96554,1855.0,4,7.800000190734863,0.0,4
50401-01-01-00,XTEJ1859+226,BH,14,2,51613.66085,1536.0,2,11.859999656677246,0.0,4
50401-01-03-01,XTEJ1859+226,BH,14,3,51623.55148,1707.0,4,9.550000190734863,0.0,4
40440-01-03-00,XTEJ1859+226,BH,14,4,51600.88742,3072.0,5,20.329999923706055,0.0,4
50401-01-04-00,XTEJ1859+226,BH,14,5,51626.61788,1792.0,4,5.309999942779541,0.0,4
40440-01-02-00,XTEJ1859+226,BH,14,6,51597.96163,3213.0,4,12.670000076293945,0.0,4
20071-11-01-00,2S0918-549,NS,0,0,50573.04757,7730.0,5,10.3100004196167,0.0004,3
20071-11-01-05,2S0918-549,NS,0,1,50571.36398,1419.0,5,8.989999771118164,0.0004,3
20071-11-01-03,2S0918-549,NS,0,2,50571.1257,1985.0,4,7.869999885559082,0.0004,3
20071-11-01-06,2S0918-549,NS,0,3,50572.36788,1303.0,5,9.520000457763672,0.0004,3
30434-01-01-00,2S0918-549,NS,0,4,51150.69992,7408.0,5,32.7599983215332,0.0004,3
20071-11-01-04,2S0918-549,NS,0,5,50571.29757,1599.0,5,6.639999866485596,0.0004,3
20071-11-01-01,2S0918-549,NS,0,6,50573.98898,4075.0,4,11.039999961853027,0.0004,3
20064-06-01-00,2S0918-549,NS,0,7,50675.11398,4798.0,5,9.5,0.0007,3
20064-06-02-00,2S0918-549,NS,0,8,50713.00851,4810.0,5,14.109999656677246,0.0007,3
20071-11-01-07,2S0918-549,NS,0,9,50577.44601,2344.0,5,10.90999984741211,0.0004,3
50060-01-01-000,2S0918-549,NS,0,10,51676.64913,17408.0,2,27.110000610351562,0.0,4
20071-11-01-02,2S0918-549,NS,0,11,50571.03976,3520.0,5,7.929999828338623,0.0004,3
60036-01-02-00,2S0918-549,NS,1,0,52145.46554,9928.0,2,22.809999465942383,0.0,5
50060-01-01-01,2S0918-549,NS,1,1,51678.84054,1996.0,4,39.45000076293945,0.0,5
60036-01-01-00,2S0918-549,NS,1,2,52041.92257,26624.0,2,15.65999984741211,0.0,5
60036-01-04-000,2S0918-549,NS,1,3,52254.1921,22119.0,2,22.010000228881836,0.0,5
60036-01-02-02,2S0918-549,NS,1,4,52145.72335,7680.0,2,20.110000610351562,0.0,5
50060-01-01-00,2S0918-549,NS,1,5,51676.84835,12576.0,2,37.97999954223633,0.0,4
60036-01-04-00,2S0918-549,NS,1,6,52254.36788,1664.0,3,22.100000381469727,0.0,5
60036-01-02-01,2S0918-549,NS,1,7,52145.59835,8933.0,3,20.34000015258789,0.0,5
60036-01-01-01,2S0918-549,NS,1,8,52042.1296,2944.0,2,16.079999923706055,0.0,5
60036-01-03-000,2S0918-549,NS,1,9,52194.53195,21824.0,1,7.900000095367432,0.0,5
50060-01-01-02,2S0918-549,NS,1,10,51679.23117,1984.0,4,43.349998474121094,0.0,5
60036-01-02-03,2S0918-549,NS,1,11,52145.8132,2816.0,3,19.43000030517578,0.0,5
90062-02-01-01,2S0918-549,NS,2,0,53170.10226,9568.0,1,37.9900016784668,0.0006,5
60036-01-05-02,2S0918-549,NS,2,1,52301.14132,7213.0,2,19.40999984741211,0.0,5
90416-01-01-04,2S0918-549,NS,2,2,53175.45773,2269.0,2,38.869998931884766,0.0,5
90416-01-01-00,2S0918-549,NS,2,3,53174.15695,7008.0,2,38.310001373291016,0.0,5
60036-01-05-01,2S0918-549,NS,2,4,52300.9382,4046.0,3,19.56999969482422,0.0,5
60036-01-05-00,2S0918-549,NS,2,5,52301.27023,9302.0,1,19.719999313354492,0.0,5
90416-01-01-020,2S0918-549,NS,2,6,53176.0632,11539.0,1,38.810001373291016,0.0,5
90416-01-01-01,2S0918-549,NS,2,7,53175.09445,15336.0,1,38.29999923706055,0.0,5
60036-01-05-03,2S0918-549,NS,2,8,52301.3796,2890.0,1,19.549999237060547,0.0,5
60036-01-05-04,2S0918-549,NS,2,9,52300.8132,5375.0,2,19.68000030517578,0.0,5
90062-02-01-00,2S0918-549,NS,2,10,53169.44601,10792.0,1,34.959999084472656,0.0006,5
90416-01-01-07,2S0918-549,NS,3,0,53178.45382,1813.0,2,25.84000015258789,0.0,5
90416-01-02-01,2S0918-549,NS,3,1,53185.24679,1024.0,1,10.40999984741211,0.0,5
91433-01-02-00,2S0918-549,NS,3,2,53735.96945,1094.0,2,11.050000190734863,0.0,5
90416-01-02-02,2S0918-549,NS,3,3,53185.9421,1390.0,1,9.319999694824219,0.0,5
91433-01-02-05,2S0918-549,NS,3,4,53782.30538,1792.0,1,11.449999809265137,0.0,5
90416-01-02-00,2S0918-549,NS,3,5,53181.35617,3632.0,2,11.829999923706055,0.0,5
90416-01-01-02,2S0918-549,NS,3,6,53176.23117,3440.0,1,37.540000915527344,0.0,5
91433-01-01-00,2S0918-549,NS,3,7,53698.11398,3311.0,2,21.25,0.0,5
90416-01-01-05,2S0918-549,NS,3,8,53179.25851,3143.0,3,21.6299991607666,0.0,5
90416-01-01-03,2S0918-549,NS,3,9,53177.04757,5022.0,2,32.599998474121094,0.0,5
90416-01-01-06,2S0918-549,NS,3,10,53176.8796,1775.0,2,33.689998626708984,0.0,5
92409-01-02-01,2S0918-549,NS,4,0,53840.07492,1408.0,1,16.770000457763672,0.0,5
92409-01-02-04,2S0918-549,NS,4,1,53845.96945,1024.0,1,12.850000381469727,0.0,5
92409-01-05-00,2S0918-549,NS,4,2,53883.42648,1111.0,1,11.829999923706055,0.0,5
91433-01-04-00,2S0918-549,NS,4,3,53792.05538,1309.0,1,14.699999809265137,0.0,5
92409-01-02-02,2S0918-549,NS,4,4,53840.00851,1024.0,1,16.6200008392334,0.0,5
92409-01-08-03,2S0918-549,NS,4,5,53935.02804,1334.0,2,18.920000076293945,0.0,5
92409-01-08-04,2S0918-549,NS,4,6,53936.99288,1254.0,1,8.6899995803833,0.0,5
92409-01-08-01,2S0918-549,NS,4,7,53936.89913,2896.0,2,9.100000381469727,0.0,5
92409-01-08-00,2S0918-549,NS,4,8,53932.08273,1328.0,1,27.90999984741211,0.0,5
92409-01-02-00,2S0918-549,NS,4,9,53840.59054,1118.0,3,16.209999084472656,0.0,5
92409-01-02-03,2S0918-549,NS,4,10,53842.03976,1397.0,1,15.729999542236328,0.0,5
93416-01-01-00,2S0918-549,NS,5,0,54386.0632,1045.0,2,13.210000038146973,0.0,5
92409-01-09-00,2S0918-549,NS,5,1,53938.96163,4935.0,1,7.010000228881836,0.0,5
92409-01-12-00,2S0918-549,NS,5,2,54004.72726,1664.0,1,25.920000076293945,0.0,5
93416-01-03-03,2S0918-549,NS,5,3,54412.5046,1147.0,2,15.600000381469727,0.0,5
92409-01-10-00,2S0918-549,NS,5,4,53944.93429,1536.0,1,11.859999656677246,0.0,5
93416-01-01-01,2S0918-549,NS,5,5,54390.69601,2152.0,1,39.31999969482422,0.0,5
93416-01-06-01,2S0918-549,NS,5,6,54542.67257,1531.0,1,20.229999542236328,0.0,5
92409-01-09-01,2S0918-549,NS,5,7,53938.84835,1664.0,1,7.380000114440918,0.0,5
92409-01-11-00,2S0918-549,NS,5,8,53996.53976,1053.0,2,29.729999542236328,0.0,5
92409-01-01-02,2S0918-549,NS,5,9,53996.46945,1028.0,3,30.270000457763672,0.0,5
92409-01-13-00,2S0918-549,NS,5,10,54036.55538,1920.0,1,10.220000267028809,0.0,5
93416-01-13-02,2S0918-549,NS,6,0,54646.85226,1280.0,1,48.09000015258789,0.0,5
93416-01-12-01,2S0918-549,NS,6,1,54639.45773,1392.0,2,17.920000076293945,0.0,5
93416-01-15-01,2S0918-549,NS,6,2,54662.94992,1792.0,1,12.869999885559082,0.0,5
93416-01-14-01,2S0918-549,NS,6,3,54654.90304,1152.0,1,11.3100004196167,0.0,5
93416-01-12-02,2S0918-549,NS,6,4,54640.97335,2048.0,2,13.170000076293945,0.0,5
93416-01-11-02,2S0918-549,NS,6,5,54607.07101,1019.0,1,21.799999237060547,0.0,5
93416-01-13-00,2S0918-549,NS,6,6,54646.2507,1208.0,1,42.18000030517578,0.0,5
93416-01-12-04,2S0918-549,NS,6,7,54642.92648,1610.0,1,15.850000381469727,0.0,5
93416-01-11-00,2S0918-549,NS,6,8,54604.57492,1000.0,1,50.779998779296875,0.0,5
93416-01-13-01,2S0918-549,NS,6,9,54646.78195,1152.0,1,46.2400016784668,0.0,5
93416-01-13-04,2S0918-549,NS,6,10,54647.82882,1532.0,2,42.459999084472656,0.0,5
93416-01-17-02,2S0918-549,NS,7,0,54692.11788,1107.0,2,14.460000038146973,0.0,5
93416-01-16-00,2S0918-549,NS,7,1,54666.80538,1024.0,1,15.40999984741211,0.0,5
94406-01-08-00,2S0918-549,NS,7,2,54942.5632,1244.0,1,19.360000610351562,0.0,5
94406-01-02-00,2S0918-549,NS,7,3,54844.93038,1597.0,1,16.079999923706055,0.0,5
94406-01-14-03,2S0918-549,NS,7,4,55047.82882,1024.0,2,14.890000343322754,0.0,5
94406-01-08-01,2S0918-549,NS,7,5,54942.76632,1031.0,1,18.6200008392334,0.0,5
93416-01-17-00,2S0918-549,NS,7,6,54686.03195,1360.0,1,10.779999732971191,0.0,5
93416-01-15-02,2S0918-549,NS,7,7,54664.77804,1001.0,1,12.350000381469727,0.0,5
94406-01-14-02,2S0918-549,NS,7,8,55046.84835,1143.0,1,16.739999771118164,0.0,5
94406-01-04-00,2S0918-549,NS,7,9,54858.23898,1052.0,1,17.1200008392334,0.0,5
94406-01-10-00,2S0918-549,NS,7,10,54958.99288,1152.0,1,16.93000030517578,0.0,5
94406-01-16-00,2S0918-549,NS,8,0,55092.09445,1060.0,2,13.880000114440918,0.0,5
94406-01-21-00,2S0918-549,NS,8,1,55192.18038,1455.0,1,46.66999816894531,0.0,5
94406-01-17-01,2S0918-549,NS,8,2,55146.1257,1327.0,1,14.0600004196167,0.0,5
95343-01-03-00,2S0918-549,NS,8,3,55202.6882,1496.0,2,7.900000095367432,0.001,5
95406-01-01-02,2S0918-549,NS,8,4,55200.79367,1539.0,1,9.210000038146973,0.0,5
95343-01-02-00,2S0918-549,NS,8,5,55200.93038,1448.0,1,9.100000381469727,0.001,5
95343-01-01-00,2S0918-549,NS,8,6,55198.35226,2223.0,2,16.84000015258789,0.001,5
94406-01-16-02,2S0918-549,NS,8,7,55095.16867,1303.0,1,11.989999771118164,0.0,5
94406-01-17-00,2S0918-549,NS,8,8,55144.87179,1219.0,2,12.630000114440918,0.0,5
95343-01-04-00,2S0918-549,NS,8,9,55204.84835,1608.0,2,12.4399995803833,0.001,5
94406-01-14-04,2S0918-549,NS,8,10,55049.64913,1331.0,1,16.459999084472656,0.0,5
95343-01-14-00,2S0918-549,NS,9,0,55224.40695,1920.0,1,17.09000015258789,0.001,5
95343-01-13-00,2S0918-549,NS,9,1,55222.50851,2255.0,1,15.619999885559082,0.001,5
95343-01-08-00,2S0918-549,NS,9,2,55212.04757,1808.0,2,20.610000610351562,0.001,5
95343-01-10-00,2S0918-549,NS,9,3,55216.6882,1906.0,1,9.529999732971191,0.001,5
95343-01-12-00,2S0918-549,NS,9,4,55220.42257,1899.0,1,11.399999618530273,0.001,5
95343-01-09-00,2S0918-549,NS,9,5,55214.92648,1960.0,1,11.279999732971191,0.001,5
95343-01-06-00,2S0918-549,NS,9,6,55208.52804,2048.0,2,34.75,0.001,5
95343-01-11-00,2S0918-549,NS,9,7,55218.71554,1835.0,2,8.430000305175781,0.001,5
95343-01-07-00,2S0918-549,NS,9,8,55210.08663,1784.0,1,37.47999954223633,0.001,5
95343-01-05-00,2S0918-549,NS,9,9,55206.57101,1792.0,1,24.950000762939453,0.001,5
95406-01-02-00,2S0918-549,NS,9,10,55207.47335,1734.0,2,31.969999313354492,0.0,5
95343-01-19-00,2S0918-549,NS,10,0,55234.67648,1871.0,2,33.709999084472656,0.001,5
95343-01-21-00,2S0918-549,NS,10,1,55238.80538,1806.0,2,15.760000228881836,0.001,5
95343-01-16-00,2S0918-549,NS,10,2,55228.39132,1859.0,1,21.329999923706055,0.001,5
95343-01-23-00,2S0918-549,NS,10,3,55242.44601,1936.0,2,9.329999923706055,0.001,5
95343-01-18-00,2S0918-549,NS,10,4,55232.78976,1774.0,2,36.81999969482422,0.001,5
95343-01-26-00,2S0918-549,NS,10,5,55248.87179,1940.0,1,12.649999618530273,0.001,5
95343-01-22-00,2S0918-549,NS,10,6,55240.48507,1880.0,2,13.029999732971191,0.001,5
95343-01-17-00,2S0918-549,NS,10,7,55230.6882,1669.0,1,31.65999984741211,0.001,5
95343-01-24-00,2S0918-549,NS,10,8,55244.88351,1822.0,2,9.550000190734863,0.001,5
95343-01-15-00,2S0918-549,NS,10,9,55226.36788,1841.0,2,15.449999809265137,0.001,5
95343-01-20-00,2S0918-549,NS,10,10,55236.70773,2004.0,2,24.479999542236328,0.001,5
95406-01-07-00,2S0918-549,NS,11,0,55290.3796,1463.0,1,16.25,0.0,5
95406-01-09-03,2S0918-549,NS,11,1,55354.39132,1464.0,1,13.020000457763672,0.0,5
95343-01-28-00,2S0918-549,NS,11,2,55252.7546,1744.0,1,13.420000076293945,0.001,5
95406-01-06-00,2S0918-549,NS,11,3,55274.10617,1024.0,2,11.8100004196167,0.0,5
95406-01-06-01,2S0918-549,NS,11,4,55276.26632,1152.0,1,8.850000381469727,0.0,5
95406-01-04-01,2S0918-549,NS,11,5,55250.62179,1023.0,1,13.619999885559082,0.0,5
95406-01-09-01,2S0918-549,NS,11,6,55352.21163,2075.0,1,10.600000381469727,0.0,5
95406-01-08-01,2S0918-549,NS,11,7,55322.16867,1280.0,2,16.290000915527344,0.0,5
95406-01-09-00,2S0918-549,NS,11,8,55351.98898,2176.0,1,12.180000305175781,0.0,5
95343-01-27-00,2S0918-549,NS,11,9,55250.82882,1940.0,1,13.380000114440918,0.001,5
95343-01-25-00,2S0918-549,NS,11,10,55258.67257,1327.0,1,10.109999656677246,0.001,5
95406-01-15-01,2S0918-549,NS,12,0,55408.65695,1012.0,1,30.200000762939453,0.0,5
95406-01-10-00,2S0918-549,NS,12,1,55362.82882,1024.0,1,14.0600004196167,0.0,5
95406-01-15-00,2S0918-549,NS,12,2,55407.94992,1408.0,2,27.959999084472656,0.0,5
95406-01-22-01,2S0918-549,NS,12,3,55504.8757,2304.0,1,10.760000228881836,0.0,5
95406-01-22-00,2S0918-549,NS,12,4,55499.83663,1292.0,1,20.520000457763672,0.0,5
95406-01-13-00,2S0918-549,NS,12,5,55396.57492,1467.0,1,48.650001525878906,0.0,5
95406-01-14-00,2S0918-549,NS,12,6,55405.85226,1792.0,1,14.3100004196167,0.0,5
95406-01-19-00,2S0918-549,NS,12,7,55464.6882,1024.0,2,33.349998474121094,0.0,5
95406-01-11-00,2S0918-549,NS,12,8,55366.11398,1920.0,2,20.649999618530273,0.0,5
95406-01-18-02,2S0918-549,NS,12,9,55460.63351,1152.0,2,10.710000038146973,0.0,5
95406-01-09-05,2S0918-549,NS,12,10,55355.19992,1152.0,3,13.069999694824219,0.0,5
96406-01-03-00,2S0918-549,NS,13,0,55580.28976,1371.0,1,18.420000076293945,0.0,5
96406-01-01-00,2S0918-549,NS,13,1,55563.16867,1032.0,1,40.47999954223633,0.0,5
96406-01-05-00,2S0918-549,NS,13,2,55646.41867,3103.0,1,22.059999465942383,0.0,5
95406-01-23-01,2S0918-549,NS,13,3,55507.03195,1056.0,2,15.210000038146973,0.0,5
95406-01-25-00,2S0918-549,NS,13,4,55544.48898,2654.0,2,59.22999954223633,0.0,5
95406-01-24-01,2S0918-549,NS,13,5,55516.90695,1178.0,1,20.959999084472656,0.0,5
95406-01-27-01,2S0918-549,NS,13,6,55556.3757,2012.0,1,66.20999908447266,0.0,5
95406-01-23-02,2S0918-549,NS,13,7,55508.41476,1152.0,2,22.56999969482422,0.0,5
95406-01-27-00,2S0918-549,NS,13,8,55554.68429,3361.0,1,47.970001220703125,0.0,5
95406-01-26-00,2S0918-549,NS,13,9,55550.77023,3456.0,1,56.59000015258789,0.0,5
95406-01-24-00,2S0918-549,NS,13,10,55514.42648,1024.0,2,45.38999938964844,0.0,5
96406-01-11-01,2S0918-549,NS,14,0,55718.98117,1252.0,1,40.880001068115234,0.0,5
96406-01-06-01,2S0918-549,NS,14,1,55656.09054,1536.0,1,21.700000762939453,0.0,5
96406-01-19-00,2S0918-549,NS,14,2,55906.21163,3246.0,1,13.619999885559082,0.0,5
96406-01-14-02,2S0918-549,NS,14,3,55761.68429,1390.0,1,15.510000228881836,0.0,5
96406-01-18-02,2S0918-549,NS,14,4,55851.95382,1038.0,1,12.8100004196167,0.0,5
96406-01-08-00,2S0918-549,NS,14,5,55694.6296,1044.0,2,18.1200008392334,0.0,5
96406-01-18-03,2S0918-549,NS,14,6,55852.93429,1205.0,1,10.609999656677246,0.0,5
96406-01-05-01,2S0918-549,NS,14,7,55648.57101,1103.0,1,21.90999984741211,0.0,5
96406-01-09-00,2S0918-549,NS,14,8,55706.30148,1256.0,1,56.099998474121094,0.0,5
96406-01-13-00,2S0918-549,NS,14,9,55754.23507,1293.0,1,14.539999961853027,0.0,5
96406-01-11-00,2S0918-549,NS,14,10,55717.9382,1007.0,1,28.100000381469727,0.0,5
10077-01-01-000,4U2127+119,NS,0,0,50176.80148,13108.0,3,29.040000915527344,0.0016,2
10077-01-01-002,4U2127+119,NS,0,1,50177.38742,15228.0,3,29.209999084472656,0.0016,2
10077-01-01-003,4U2127+119,NS,0,2,50177.68038,8604.0,3,29.440000534057617,0.0016,2
10077-01-01-001,4U2127+119,NS,0,3,50177.09835,12930.0,3,30.1299991607666,0.0016,2
10077-01-01-010,4U2127+119,NS,1,0,50178.17257,16277.0,3,28.8799991607666,0.0016,2
10077-01-01-011,4U2127+119,NS,1,1,50178.47726,10840.0,3,30.920000076293945,0.0016,2
10077-01-01-01,4U2127+119,NS,1,2,50178.7507,9804.0,3,30.760000228881836,0.0016,2
10077-01-01-00,4U2127+119,NS,1,3,50177.91476,8941.0,3,33.58000183105469,0.0016,2
20076-01-01-001,4U2127+119,NS,2,0,50414.38351,12594.0,5,30.030000686645508,0.0002,3
20076-01-01-000,4U2127+119,NS,2,1,50414.07882,12137.0,5,32.209999084472656,0.0002,3
20076-01-01-03,4U2127+119,NS,2,2,50413.28585,4935.0,5,39.880001068115234,0.0002,3
20076-01-01-02,4U2127+119,NS,2,3,50413.5007,9464.0,4,34.2400016784668,0.0002,3
20076-01-01-00,4U2127+119,NS,3,0,50414.57101,3394.0,5,38.97999954223633,0.0002,3
40041-01-01-03,4U2127+119,NS,3,1,51780.20773,1507.0,2,23.600000381469727,0.0,5
20076-01-01-04,4U2127+119,NS,3,2,50415.57101,7705.0,4,27.639999389648438,0.0002,3
20076-01-01-01,4U2127+119,NS,3,3,50415.32492,5192.0,4,34.099998474121094,0.0002,3
40041-01-01-01,4U2127+119,NS,4,0,51780.34445,2284.0,2,25.18000030517578,0.0,5
40041-01-02-00,4U2127+119,NS,4,1,51804.61788,10957.0,1,23.90999984741211,0.0,5
40041-01-01-02,4U2127+119,NS,4,2,51780.27413,1792.0,2,20.520000457763672,0.0,5
40041-01-01-00,4U2127+119,NS,4,3,51780.41476,2560.0,1,22.450000762939453,0.0,5
40041-01-01-140,4U2127+119,NS,5,0,51805.46945,14926.0,1,25.649999618530273,0.0,5
40041-01-01-08,4U2127+119,NS,5,1,51804.86398,2278.0,1,23.940000534057617,0.0,5
40041-01-01-05,4U2127+119,NS,5,2,51804.79367,2256.0,2,20.030000686645508,0.0,5
40041-01-01-07,4U2127+119,NS,5,3,51805.0671,7200.0,1,26.200000762939453,0.0,5
40041-01-01-06,4U2127+119,NS,6,0,51805.78976,2439.0,2,32.130001068115234,0.0,5
40041-01-01-09,4U2127+119,NS,6,1,51805.86007,2352.0,1,29.450000762939453,0.0,5
40041-01-01-10,4U2127+119,NS,6,2,51806.07882,12592.0,1,28.450000762939453,0.0,5
40041-01-01-14,4U2127+119,NS,6,3,51805.68429,5616.0,1,30.8799991607666,0.0,5
40041-01-01-12,4U2127+119,NS,7,0,51806.85617,2503.0,1,38.34000015258789,0.0,5
40041-01-01-18,4U2127+119,NS,7,1,51806.51242,15337.0,2,36.52000045776367,0.0,5
40041-01-01-04,4U2127+119,NS,7,2,51807.44992,3248.0,1,32.970001220703125,0.0,5
40041-01-01-13,4U2127+119,NS,7,3,51806.98507,9067.0,1,33.97999954223633,0.0,5
40041-01-01-11,4U2127+119,NS,8,0,51807.85226,2588.0,1,37.56999969482422,0.0,5
40041-01-01-16,4U2127+119,NS,8,1,51808.48507,12633.0,1,29.84000015258789,0.0,5
40041-01-03-00,4U2127+119,NS,8,2,51809.0671,5872.0,1,24.579999923706055,0.0,5
40041-01-03-01,4U2127+119,NS,8,3,51809.17648,2408.0,1,33.630001068115234,0.0,5
40041-01-03-04,4U2127+119,NS,9,0,51809.84445,2563.0,1,30.8799991607666,0.0,5
40041-01-03-03,4U2127+119,NS,9,1,51809.77023,2733.0,2,19.989999771118164,0.0,5
40041-01-03-020,4U2127+119,NS,9,2,51809.51632,15472.0,1,38.02000045776367,0.0,5
40041-01-03-02,4U2127+119,NS,9,3,51809.70382,2940.0,2,27.68000030517578,0.0,5
40041-01-03-06,4U2127+119,NS,10,0,51810.61007,6464.0,1,29.170000076293945,0.0,5
40041-01-03-05,4U2127+119,NS,10,1,51810.00851,10064.0,1,32.47999954223633,0.0,5
95443-01-01-00,4U2127+119,NS,10,2,55560.27413,3216.0,2,11.539999961853027,0.0,5
92440-01-01-00,4U2127+119,NS,10,3,54278.5671,2297.0,2,77.79000091552734,0.0,5
96408-01-01-00,4U2127+119,NS,11,0,55561.26632,3197.0,1,21.299999237060547,0.0,5
96408-01-01-02,4U2127+119,NS,11,1,55564.25851,2262.0,1,19.920000076293945,0.0,5
96408-01-01-01,4U2127+119,NS,11,2,55563.8796,7127.0,1,20.1200008392334,0.0,5
96408-01-01-03,4U2127+119,NS,11,3,55564.3171,1046.0,1,18.719999313354492,0.0,5
96408-01-02-00,4U2127+119,NS,12,0,55577.10226,5973.0,1,25.020000457763672,0.0,5
96408-01-01-04,4U2127+119,NS,12,1,55564.38742,1108.0,2,23.15999984741211,0.0,5
96408-01-02-01,4U2127+119,NS,12,2,55578.1296,8207.0,1,17.030000686645508,0.0,5
96408-01-03-00,4U2127+119,NS,12,3,55675.01242,2844.0,2,35.54999923706055,0.0,5
96408-01-05-00,4U2127+119,NS,13,0,55831.89913,3165.0,2,15.539999961853027,0.0,5
96408-01-03-01,4U2127+119,NS,13,1,55677.88742,3184.0,2,29.639999389648438,0.0,5
96408-01-04-00,4U2127+119,NS,13,2,55767.68038,3088.0,1,24.219999313354492,0.0,5
96408-01-05-01,4U2127+119,NS,14,0,55832.8796,3142.0,2,28.600000381469727,0.0,5
96408-01-06-00,4U2127+119,NS,14,1,55898.37179,3215.0,1,16.0,0.0,5
96408-01-06-01,4U2127+119,NS,14,2,55900.33663,3225.0,1,13.920000076293945,0.0,5
80431-01-01-00,A1744-361,NS,0,0,52954.19992,3325.0,2,282.989990234375,0.0237,5
80431-01-02-03,A1744-361,NS,0,1,52958.32492,2638.0,2,289.42999267578125,0.0237,5
80431-01-02-02,A1744-361,NS,0,2,52957.28976,3440.0,3,292.80999755859375,0.0237,5
80431-01-02-00,A1744-361,NS,1,0,52960.46554,13440.0,1,308.989990234375,0.0237,5
80431-01-02-01,A1744-361,NS,1,1,52959.5046,1677.0,4,301.25,0.0237,5
80431-01-02-04,A1744-361,NS,1,2,52961.28195,2648.0,3,284.57000732421875,0.0237,5
80431-01-03-02,A1744-361,NS,2,0,52965.42257,2744.0,1,320.4800109863281,0.0237,5
80431-01-02-05,A1744-361,NS,2,1,52962.13351,2232.0,3,274.8599853515625,0.0237,5
80431-01-03-00,A1744-361,NS,2,2,52964.3132,2548.0,2,288.4100036621094,0.0237,5
91050-05-02-00,A1744-361,NS,3,0,53570.87179,3344.0,2,192.83999633789062,0.0242,5
91050-05-01-00,A1744-361,NS,3,1,53567.93038,3281.0,1,106.16999816894531,0.0242,5
91050-05-03-00,A1744-361,NS,3,2,53571.78976,3312.0,1,193.05999755859375,0.0242,5
93155-01-01-00,A1744-361,NS,4,0,54652.36398,2258.0,2,164.72000122070312,0.0,5
91050-05-04-00,A1744-361,NS,4,1,53573.57101,3280.0,1,174.05999755859375,0.0242,5
93155-01-01-01,A1744-361,NS,4,2,54652.51242,9584.0,1,155.24000549316406,0.0,5
93155-01-02-02,A1744-361,NS,5,0,54653.21554,1399.0,2,175.9199981689453,0.0,5
93155-01-02-01,A1744-361,NS,5,1,54653.14523,1053.0,1,174.94000244140625,0.0,5
93155-01-02-00,A1744-361,NS,5,2,54653.28195,1654.0,1,193.64999389648438,0.0,5
93155-01-03-00,A1744-361,NS,6,0,54654.80148,1438.0,1,162.57000732421875,0.0,5
93155-01-03-02,A1744-361,NS,6,1,54654.73507,1773.0,1,153.2899932861328,0.0,5
93155-01-03-01,A1744-361,NS,6,2,54654.86788,1154.0,1,164.3699951171875,0.0,5
93155-01-03-03,A1744-361,NS,7,0,54654.93429,1008.0,1,158.6999969482422,0.0,5
93155-01-06-01,A1744-361,NS,7,1,54662.32492,3248.0,1,174.77999877929688,0.0,5
93155-01-06-00,A1744-361,NS,7,2,54658.33273,3179.0,1,148.0800018310547,0.0,5
93155-01-07-00,A1744-361,NS,8,0,54665.47335,1592.0,1,160.74000549316406,0.0,5
93155-01-06-03,A1744-361,NS,8,1,54664.09445,1103.0,1,167.5,0.0,5
93155-01-07-01,A1744-361,NS,8,2,54667.49679,8747.0,1,168.85000610351562,0.0,5
93155-01-07-02,A1744-361,NS,9,0,54670.16085,1382.0,1,155.5500030517578,0.0,5
93155-01-08-00,A1744-361,NS,9,1,54672.53585,3118.0,1,105.94000244140625,0.0,5
93155-01-08-01,A1744-361,NS,9,2,54675.48117,3376.0,1,70.25,0.0,5
93155-01-09-00,A1744-361,NS,10,0,54681.94992,3408.0,1,13.109999656677246,0.0,5
93155-01-09-01,A1744-361,NS,10,1,54683.86398,1980.0,1,11.880000114440918,0.0,5
93155-01-08-02,A1744-361,NS,10,2,54678.8757,3227.0,1,25.81999969482422,0.0,5
95416-01-01-01,A1744-361,NS,11,0,55282.71554,1408.0,1,51.47999954223633,0.0,5
95416-01-01-02,A1744-361,NS,11,1,55284.60226,2574.0,1,76.19999694824219,0.0,5
93155-01-10-00,A1744-361,NS,11,2,54686.27804,1920.0,1,5.989999771118164,0.0,5
95416-01-01-04,A1744-361,NS,12,0,55285.71554,2304.0,2,77.06999969482422,0.0,5
95416-01-01-03,A1744-361,NS,12,1,55285.3757,2336.0,2,73.08000183105469,0.0,5
95416-01-02-00,A1744-361,NS,13,0,55288.88351,6715.0,1,113.08000183105469,0.0,5
95416-01-02-02,A1744-361,NS,13,1,55291.27413,2722.0,1,74.4000015258789,0.0,5
96437-01-01-00,A1744-361,NS,14,0,55803.42257,2056.0,1,37.099998474121094,0.0,5
96437-01-02-00,A1744-361,NS,14,1,55806.44601,3062.0,2,135.64999389648438,0.0,5
50054-06-01-01,EXO1745-248,NS,0,0,51749.66867,2264.0,1,274.95001220703125,0.0016,5
50138-03-05-00,EXO1745-248,NS,0,1,51743.60226,2810.0,2,55.540000915527344,0.0016,5
50138-03-04-00,EXO1745-248,NS,0,2,51742.53195,3280.0,1,61.630001068115234,0.0016,5
50138-03-03-00,EXO1745-248,NS,0,3,51741.48117,3249.0,1,157.52000427246094,0.0016,5
50054-06-01-00,EXO1745-248,NS,0,4,51746.46554,3293.0,1,125.76000213623047,0.0016,5
50138-03-01-00,EXO1745-248,NS,0,5,51738.20773,1623.0,1,189.3000030517578,0.0016,5
50138-03-01-01,EXO1745-248,NS,0,6,51738.75851,1720.0,3,211.3800048828125,0.0016,5
50054-06-02-00,EXO1745-248,NS,1,0,51753.30929,3360.0,1,404.6700134277344,0.0016,5
50054-06-03-01,EXO1745-248,NS,1,1,51765.64913,4310.0,1,55.470001220703125,0.0016,5
50054-06-04-01,EXO1745-248,NS,1,2,51769.17648,1897.0,4,188.2899932861328,0.0016,5
50054-06-02-02,EXO1745-248,NS,1,3,51759.21163,3200.0,3,245.63999938964844,0.0016,5
50054-06-03-00,EXO1745-248,NS,1,4,51762.59445,4184.0,1,297.7799987792969,0.0016,5
50054-06-02-01,EXO1745-248,NS,1,5,51756.28585,3356.0,3,410.8399963378906,0.0016,5
50054-06-05-00,EXO1745-248,NS,2,0,51774.55929,1919.0,3,1197.760009765625,0.0016,5
50054-06-05-02G,EXO1745-248,NS,2,1,51780.46163,1815.0,4,1343.3800048828125,0.0016,5
50054-06-04-00,EXO1745-248,NS,2,2,51769.49288,12122.0,1,206.64999389648438,0.0016,5
50054-06-05-01,EXO1745-248,NS,2,3,51777.8132,1897.0,4,1168.9100341796875,0.0016,5
50054-06-04-03,EXO1745-248,NS,2,4,51771.77804,3360.0,1,449.8900146484375,0.0016,5
50054-06-04-02,EXO1745-248,NS,2,5,51769.32101,1920.0,4,149.0,0.0016,5
50054-06-08-02,EXO1745-248,NS,3,0,51801.32101,3056.0,4,527.8099975585938,0.0016,5
50054-06-06-01,EXO1745-248,NS,3,1,51786.64132,1357.0,3,867.239990234375,0.0016,5
50054-06-07-01,EXO1745-248,NS,3,2,51792.4382,3241.0,1,601.0499877929688,0.0016,5
50054-06-09-00,EXO1745-248,NS,3,3,51804.1882,3258.0,1,454.3800048828125,0.0016,5
50054-06-06-00,EXO1745-248,NS,3,4,51783.30538,5029.0,1,987.0399780273438,0.0016,5
50054-06-07-00,EXO1745-248,NS,3,5,51789.16476,2048.0,1,796.0599975585938,0.0016,5
50054-06-11-01,EXO1745-248,NS,4,0,51819.58273,2400.0,4,232.6199951171875,0.0016,5
50054-06-09-01,EXO1745-248,NS,4,1,51807.3132,3307.0,1,548.7100219726562,0.0016,5
50054-06-10-01,EXO1745-248,NS,4,2,51814.1921,5191.0,1,289.6000061035156,0.0016,5
50054-06-10-00,EXO1745-248,NS,4,3,51811.08663,3374.0,4,375.0199890136719,0.0016,5
50054-06-11-00,EXO1745-248,NS,4,4,51817.66476,3072.0,3,220.9600067138672,0.0016,5
50054-06-11-02,EXO1745-248,NS,4,5,51819.64913,2313.0,4,251.47999572753906,0.0016,5
50054-06-12-03,EXO1745-248,NS,5,0,51826.30929,2432.0,1,132.86000061035156,0.0016,5
50054-06-13-00,EXO1745-248,NS,5,1,51833.54367,1214.0,3,33.66999816894531,0.0016,5
50054-06-13-01,EXO1745-248,NS,5,2,51835.24288,1137.0,2,18.780000686645508,0.0016,5
50054-06-12-01,EXO1745-248,NS,5,3,51826.23898,2176.0,4,133.02999877929688,0.0016,5
50054-06-12-00,EXO1745-248,NS,5,4,51823.18429,2618.0,1,184.91000366210938,0.0016,5
50054-06-12-02,EXO1745-248,NS,5,5,51829.21945,2944.0,4,105.75,0.0016,5
50054-06-15-00,EXO1745-248,NS,6,0,51844.49288,1628.0,3,7.71999979019165,0.0016,5
70412-01-03-00,EXO1745-248,NS,6,1,52477.42257,4716.0,1,24.6200008392334,0.0016,5
50054-06-15-01,EXO1745-248,NS,6,2,51847.41085,1960.0,3,6.119999885559082,0.0016,5
50054-06-14-00,EXO1745-248,NS,6,3,51838.90304,1408.0,2,13.25,0.0016,5
50054-06-15-02,EXO1745-248,NS,6,4,51850.98507,2560.0,3,6.380000114440918,0.0016,5
70412-01-02-00,EXO1745-248,NS,6,5,52469.58663,3200.0,3,292.6000061035156,0.0016,5
95437-01-03-01,EXO1745-248,NS,7,0,55484.58663,2628.0,1,952.8800048828125,0.0,5
95437-01-01-00,EXO1745-248,NS,7,1,55482.03195,2974.0,1,199.72999572753906,0.0073,5
95437-01-02-01,EXO1745-248,NS,7,2,55483.79757,9504.0,1,835.1699829101562,0.0,5
95437-01-02-00,EXO1745-248,NS,7,3,55483.28585,9833.0,1,772.9600219726562,0.0,5
95437-01-03-00,EXO1745-248,NS,7,4,55484.44992,2489.0,2,926.1500244140625,0.0,5
95437-01-03-02,EXO1745-248,NS,7,5,55484.64913,3032.0,1,968.7100219726562,0.0,5
95437-01-05-00,EXO1745-248,NS,8,0,55486.51242,5986.0,1,1384.8199462890625,0.0,5
95437-01-04-00,EXO1745-248,NS,8,1,55485.46554,5912.0,1,1181.4599609375,0.0,5
95437-01-03-03,EXO1745-248,NS,8,2,55484.84445,10080.0,1,1001.219970703125,0.0,5
95437-01-04-01,EXO1745-248,NS,8,3,55485.6296,9534.0,1,1257.1400146484375,0.0,5
95437-01-06-000,EXO1745-248,NS,8,4,55487.43429,13040.0,1,1458.280029296875,0.0,5
95437-01-05-01,EXO1745-248,NS,8,5,55486.67257,10048.0,1,1355.18994140625,0.0,5
95437-01-07-01,EXO1745-248,NS,9,0,55488.84054,3328.0,2,1189.9000244140625,0.0,5
95437-01-06-00,EXO1745-248,NS,9,1,55487.6296,6688.0,1,1540.1800537109375,0.0,5
95437-01-07-00,EXO1745-248,NS,9,2,55488.26242,10884.0,1,1484.25,0.0,5
95437-01-08-00,EXO1745-248,NS,9,3,55489.59445,6534.0,1,1211.469970703125,0.0,5
95437-01-09-00,EXO1745-248,NS,9,4,55490.6296,6592.0,1,1167.31005859375,0.0,5
95437-01-10-00,EXO1745-248,NS,9,5,55491.59054,2221.0,2,1068.31005859375,0.0,5
95437-01-10-03,EXO1745-248,NS,10,0,55494.30538,5595.0,1,974.6400146484375,0.0,5
95437-01-10-01,EXO1745-248,NS,10,1,55492.19992,5648.0,1,1039.1199951171875,0.0,5
95437-01-10-05,EXO1745-248,NS,10,2,55496.45773,6432.0,1,937.27001953125,0.0,5
95437-01-10-07,EXO1745-248,NS,10,3,55495.4421,3010.0,1,941.9099731445312,0.0,5
95437-01-10-02,EXO1745-248,NS,10,4,55493.3171,5408.0,1,978.9099731445312,0.0,5
95437-01-10-04,EXO1745-248,NS,10,5,55495.36788,3232.0,2,925.8499755859375,0.0,5
95437-01-11-07,EXO1745-248,NS,11,0,55498.51242,1560.0,2,851.5800170898438,0.0,5
95437-01-11-02,EXO1745-248,NS,11,1,55500.38351,4784.0,1,823.280029296875,0.0,5
95437-01-11-03,EXO1745-248,NS,11,2,55501.30148,4876.0,1,819.0399780273438,0.0,5
95437-01-11-00,EXO1745-248,NS,11,3,55498.57492,3200.0,1,849.1400146484375,0.0,5
95437-01-10-06,EXO1745-248,NS,11,4,55497.5671,5533.0,1,894.6199951171875,0.0,5
95437-01-11-01,EXO1745-248,NS,11,5,55499.40304,4885.0,1,836.2899780273438,0.0,5
95437-01-12-00,EXO1745-248,NS,12,0,55505.28195,5225.0,2,770.6699829101562,0.0,5
95437-01-11-05,EXO1745-248,NS,12,1,55503.14523,2304.0,2,786.97998046875,0.0,5
95437-01-12-01,EXO1745-248,NS,12,2,55506.32101,6368.0,1,750.989990234375,0.0,5
95437-01-11-08,EXO1745-248,NS,12,3,55503.22335,2814.0,2,774.0,0.0,5
95437-01-11-04,EXO1745-248,NS,12,4,55502.45773,6400.0,1,765.5399780273438,0.0,5
95437-01-11-06,EXO1745-248,NS,12,5,55504.23117,6363.0,1,772.969970703125,0.0,5
95437-01-13-00,EXO1745-248,NS,13,0,55512.20773,5231.0,1,665.3800048828125,0.0,5
95437-01-12-06,EXO1745-248,NS,13,1,55511.14913,6363.0,1,672.219970703125,0.0,5
95437-01-13-01,EXO1745-248,NS,13,2,55513.24679,5229.0,2,659.0999755859375,0.0,5
95437-01-12-05,EXO1745-248,NS,13,3,55510.20773,4915.0,1,666.7899780273438,0.0,5
95437-01-12-04,EXO1745-248,NS,13,4,55509.19992,6288.0,1,702.489990234375,0.0,5
95437-01-12-03,EXO1745-248,NS,13,5,55508.21945,6368.0,1,721.780029296875,0.0,5
95437-01-13-05,EXO1745-248,NS,14,0,55517.03976,6384.0,1,569.4600219726562,0.0,5
95437-01-13-02,EXO1745-248,NS,14,1,55514.21945,6368.0,1,629.75,0.0,5
95437-01-13-03,EXO1745-248,NS,14,2,55515.21554,6368.0,1,612.0999755859375,0.0,5
95437-01-13-04,EXO1745-248,NS,14,3,55515.99679,6380.0,1,615.739990234375,0.0,5
95437-01-14-00,EXO1745-248,NS,14,4,55519.1257,6400.0,1,541.260009765625,0.0,5
95437-01-13-06,EXO1745-248,NS,14,5,55518.08663,4551.0,1,566.6300048828125,0.0,5
40419-01-02-01,GRS1747-312,NS,0,0,51448.80538,3614.0,4,38.709999084472656,0.0,4
40419-01-03-00,GRS1747-312,NS,0,1,51464.19601,2816.0,2,62.63999938964844,0.0,4
40419-01-04-00,GRS1747-312,NS,0,2,51471.10617,2432.0,4,32.95000076293945,0.0,4
50034-01-01-00,GRS1747-312,NS,0,3,51592.64132,7609.0,3,81.44999694824219,0.001,4
40419-01-02-00,GRS1747-312,NS,0,4,51448.74679,2614.0,4,99.5999984741211,0.0,4
30427-01-01-00,GRS1747-312,NS,0,5,51069.3796,3119.0,5,76.41000366210938,0.0063,3
40419-01-01-00,GRS1747-312,NS,0,6,51310.94601,3236.0,2,89.0199966430664,0.0023,4
50034-01-02-02,GRS1747-312,NS,1,0,51599.21945,1928.0,4,57.33000183105469,0.001,4
50034-01-01-04,GRS1747-312,NS,1,1,51594.5046,1232.0,3,75.26000213623047,0.001,4
50034-01-01-01,GRS1747-312,NS,1,2,51592.88742,3021.0,3,73.33000183105469,0.001,4
50034-01-02-00,GRS1747-312,NS,1,3,51599.08273,7107.0,3,59.88999938964844,0.001,4
50034-01-01-05,GRS1747-312,NS,1,4,51594.63351,8806.0,3,69.25,0.001,4
50034-01-01-06,GRS1747-312,NS,1,5,51596.0046,5510.0,3,70.75,0.001,4
50034-01-01-02,GRS1747-312,NS,1,6,51598.9382,4854.0,2,64.47000122070312,0.001,4
50034-01-02-06,GRS1747-312,NS,2,0,51600.75851,1280.0,2,47.310001373291016,0.001,4
50034-01-03-00,GRS1747-312,NS,2,1,51614.11007,1240.0,4,10.119999885559082,0.001,4
50034-01-02-08,GRS1747-312,NS,2,2,51602.82101,1280.0,2,46.33000183105469,0.001,4
50034-01-02-04,GRS1747-312,NS,2,3,51599.35617,1855.0,2,59.61000061035156,0.001,4
50034-01-02-05,GRS1747-312,NS,2,4,51599.42257,1824.0,4,63.540000915527344,0.001,4
50034-01-02-03,GRS1747-312,NS,2,5,51599.28976,1776.0,3,61.810001373291016,0.001,4
50034-01-02-01,GRS1747-312,NS,2,6,51599.57882,13850.0,3,59.02000045776367,0.001,4
50034-01-05-02,GRS1747-312,NS,3,0,51727.38742,1664.0,2,7.269999980926514,0.001,5
50034-01-05-04,GRS1747-312,NS,3,1,51729.46554,1310.0,1,6.670000076293945,0.001,5
50034-01-06-01,GRS1747-312,NS,3,2,51733.91085,1155.0,3,6.199999809265137,0.001,5
50034-01-05-05,GRS1747-312,NS,3,3,51730.51632,3226.0,1,6.840000152587891,0.001,5
50034-01-03-01,GRS1747-312,NS,3,4,51615.16867,1566.0,3,14.100000381469727,0.001,4
50034-01-06-00,GRS1747-312,NS,3,5,51732.91476,1152.0,3,6.289999961853027,0.001,5
50034-01-04-00,GRS1747-312,NS,3,6,51618.24679,3355.0,2,7.050000190734863,0.001,4
50034-01-06-05,GRS1747-312,NS,4,0,51737.21554,1536.0,3,7.539999961853027,0.001,5
50034-01-07-01,GRS1747-312,NS,4,1,51766.82101,6938.0,1,88.33999633789062,0.001,5
50034-01-07-00,GRS1747-312,NS,4,2,51766.63351,5626.0,1,90.52999877929688,0.001,5
50034-01-06-04,GRS1747-312,NS,4,3,51736.6882,1647.0,4,7.5,0.001,5
50034-01-08-01,GRS1747-312,NS,4,4,51768.11398,1920.0,3,30.6299991607666,0.001,5
50034-01-08-00,GRS1747-312,NS,4,5,51767.05538,2272.0,4,74.97000122070312,0.001,5
50034-01-06-02,GRS1747-312,NS,4,6,51734.91085,1037.0,3,5.53000020980835,0.001,5
50034-01-08-02,GRS1747-312,NS,5,0,51771.17257,1280.0,4,83.58999633789062,0.001,5
60038-01-03-01,GRS1747-312,NS,5,1,52066.27023,3302.0,1,22.25,0.001,5
60038-01-01-00,GRS1747-312,NS,5,2,52060.54367,13139.0,1,79.43000030517578,0.001,5
60038-01-04-02,GRS1747-312,NS,5,3,52072.6257,2515.0,2,71.04000091552734,0.001,5
60038-01-04-00,GRS1747-312,NS,5,4,52070.64132,2138.0,3,76.06999969482422,0.001,5
60038-01-04-03,GRS1747-312,NS,5,5,52073.39132,13355.0,1,62.31999969482422,0.001,5
60038-01-03-00,GRS1747-312,NS,5,6,52063.68429,2128.0,3,29.3700008392334,0.001,5
60038-01-05-01,GRS1747-312,NS,6,0,52077.0632,2375.0,2,47.869998931884766,0.001,5
60038-01-05-00,GRS1747-312,NS,6,1,52077.57492,6568.0,2,33.58000183105469,0.001,5
60038-01-06-02,GRS1747-312,NS,6,2,52092.52413,1408.0,3,9.149999618530273,0.001,5
60038-01-02-00,GRS1747-312,NS,6,3,52203.05538,1280.0,3,83.83999633789062,0.001,5
60038-01-04-01,GRS1747-312,NS,6,4,52076.53195,2175.0,4,74.61000061035156,0.001,5
60038-01-06-00,GRS1747-312,NS,6,5,52095.6257,3280.0,1,6.019999980926514,0.001,5
60038-01-06-01,GRS1747-312,NS,6,6,52091.52413,1664.0,3,9.359999656677246,0.001,5
60038-01-02-04,GRS1747-312,NS,7,0,52205.95773,1536.0,3,86.19000244140625,0.001,5
60038-01-02-06,GRS1747-312,NS,7,1,52206.09445,2304.0,3,83.08999633789062,0.001,5
60038-01-02-05,GRS1747-312,NS,7,2,52206.02804,1920.0,2,84.83999633789062,0.001,5
60038-01-02-02,GRS1747-312,NS,7,3,52203.28585,13082.0,1,75.72000122070312,0.001,5
60038-01-02-03,GRS1747-312,NS,7,4,52203.44992,3228.0,3,87.62000274658203,0.001,5
60038-01-02-07,GRS1747-312,NS,7,5,52206.29757,16352.0,1,78.22000122070312,0.001,5
60038-01-02-01,GRS1747-312,NS,7,6,52203.11398,2432.0,3,83.3499984741211,0.001,5
60038-01-07-02,GRS1747-312,NS,8,0,52212.16476,6484.0,1,61.61000061035156,0.001,5
60038-01-07-06,GRS1747-312,NS,8,1,52211.53585,1480.0,2,65.66000366210938,0.001,5
60038-01-07-04,GRS1747-312,NS,8,2,52211.1296,9808.0,1,71.45999908447266,0.001,5
60038-01-07-01,GRS1747-312,NS,8,3,52212.98507,2336.0,3,58.06999969482422,0.001,5
60038-01-07-07,GRS1747-312,NS,8,4,52211.60226,1192.0,3,67.33000183105469,0.001,5
60038-01-07-00,GRS1747-312,NS,8,5,52208.21554,16320.0,1,74.94000244140625,0.001,5
60038-01-07-05,GRS1747-312,NS,8,6,52209.08663,3255.0,1,77.13999938964844,0.001,5
60038-01-08-02G,GRS1747-312,NS,9,0,52221.86788,1463.0,1,33.540000915527344,0.001,5
60038-01-08-00,GRS1747-312,NS,9,1,52215.20382,5218.0,1,45.20000076293945,0.001,5
60038-01-08-01,GRS1747-312,NS,9,2,52220.02804,6640.0,1,38.130001068115234,0.001,5
60038-01-07-03,GRS1747-312,NS,9,3,52213.16867,5003.0,1,60.63999938964844,0.001,5
60038-01-09-00,GRS1747-312,NS,9,4,52222.22726,5886.0,1,29.420000076293945,0.001,5
80045-02-01-02,GRS1747-312,NS,9,5,52724.41867,1273.0,1,38.93000030517578,0.0139,5
60038-01-10-00,GRS1747-312,NS,9,6,52347.45382,1232.0,1,32.97999954223633,0.001,5
80045-02-05-02,GRS1747-312,NS,10,0,53101.8757,1773.0,3,39.4900016784668,0.0139,5
80045-02-04-05,GRS1747-312,NS,10,1,53093.98898,2552.0,1,54.08000183105469,0.0139,5
80045-02-04-04,GRS1747-312,NS,10,2,53096.2546,1471.0,1,19.219999313354492,0.0139,5
80045-02-06-00,GRS1747-312,NS,10,3,53233.7507,1279.0,3,53.880001068115234,0.0139,5
80045-02-04-00,GRS1747-312,NS,10,4,53093.68429,3280.0,1,29.729999542236328,0.0139,5
80045-02-08-00,GRS1747-312,NS,10,5,53247.12179,3118.0,3,12.119999885559082,0.0139,5
80045-02-05-00,GRS1747-312,NS,10,6,53099.32492,3408.0,1,16.600000381469727,0.0139,5
91045-02-01-10,GRS1747-312,NS,11,0,53494.30929,1568.0,1,28.309999465942383,0.0142,5
91045-02-01-20,GRS1747-312,NS,11,1,53501.52023,3296.0,2,12.109999656677246,0.0142,5
91045-02-01-11,GRS1747-312,NS,11,2,53490.70382,3175.0,2,20.440000534057617,0.0142,5
91045-02-01-03,GRS1747-312,NS,11,3,53487.64523,1104.0,1,63.09000015258789,0.0142,5
91045-02-01-00,GRS1747-312,NS,11,4,53484.02804,1567.0,2,48.06999969482422,0.0142,5
80045-02-09-00,GRS1747-312,NS,11,5,53253.28195,2040.0,2,22.940000534057617,0.0139,5
80045-02-09-01,GRS1747-312,NS,11,6,53251.27413,1632.0,1,28.709999084472656,0.0139,5
91045-02-01-32,GRS1747-312,NS,12,0,53507.16476,1448.0,2,6.699999809265137,0.0142,5
92046-02-02-00,GRS1747-312,NS,12,1,54147.80929,1422.0,1,21.790000915527344,0.0142,5
93052-02-01-02,GRS1747-312,NS,12,2,54419.71554,1038.0,2,55.849998474121094,0.0142,5
92046-02-02-01,GRS1747-312,NS,12,3,54149.89913,1103.0,2,13.949999809265137,0.0142,5
92046-02-01-01,GRS1747-312,NS,12,4,53938.72335,1048.0,2,22.90999984741211,0.0142,5
93052-02-01-00,GRS1747-312,NS,12,5,54416.13742,3344.0,2,20.530000686645508,0.0142,5
93052-02-02-00,GRS1747-312,NS,13,0,54546.94601,1366.0,1,18.1200008392334,0.0142,5
93052-02-04-00,GRS1747-312,NS,13,1,54565.47335,3168.0,1,12.760000228881836,0.0142,5
93052-02-05-03,GRS1747-312,NS,13,2,54888.35226,1048.0,1,21.579999923706055,0.0142,5
93052-02-05-02,GRS1747-312,NS,13,3,54883.20773,1205.0,1,30.8700008392334,0.0142,5
93052-02-05-00,GRS1747-312,NS,13,4,54884.2507,3360.0,1,21.3700008392334,0.0142,5
93052-02-06-00,GRS1747-312,NS,13,5,54880.51242,1452.0,1,68.5999984741211,0.0142,5
96052-02-01-03,GRS1747-312,NS,14,0,55775.16867,3232.0,1,5.199999809265137,0.0142,5
93052-02-07-01,GRS1747-312,NS,14,1,54890.93429,1046.0,1,16.459999084472656,0.0142,5
96052-02-01-01,GRS1747-312,NS,14,2,55772.07882,1113.0,2,5.409999847412109,0.0142,5
93052-02-07-00,GRS1747-312,NS,14,3,54890.45773,1152.0,1,17.850000381469727,0.0142,5
96052-02-02-01,GRS1747-312,NS,14,4,55768.45382,1243.0,1,5.420000076293945,0.0142,5
96052-02-01-00,GRS1747-312,NS,14,5,55771.57101,2236.0,1,5.480000019073486,0.0142,5
30407-01-09-01,MXB0513-40,NS,0,0,51050.60617,1121.0,4,8.5,0.0,3
40404-01-07-01,MXB0513-40,NS,0,1,51322.07492,4789.0,2,10.84000015258789,0.0,4
30407-01-10-00,MXB0513-40,NS,0,2,51057.79367,8272.0,5,6.260000228881836,0.0,3
10078-02-01-01,MXB0513-40,NS,0,3,50149.52804,7523.0,5,34.720001220703125,0.0,1
40404-01-06-01,MXB0513-40,NS,0,4,51273.2546,3527.0,2,7.170000076293945,0.0,4
30407-01-13-00,MXB0513-40,NS,0,5,51101.79757,12472.0,3,9.789999961853027,0.0,3
30407-01-09-04,MXB0513-40,NS,0,6,51050.68038,1024.0,3,8.069999694824219,0.0,3
30407-01-08-00,MXB0513-40,NS,0,7,51045.83663,6920.0,3,8.460000038146973,0.0,3
10078-02-01-02,MXB0513-40,NS,0,8,50151.69601,4107.0,5,32.2599983215332,0.0,1
30407-01-11-00,MXB0513-40,NS,0,9,51098.77413,10052.0,3,9.510000228881836,0.0,3
40404-01-07-08,MXB0513-40,NS,0,10,51325.03195,2668.0,3,12.970000267028809,0.0,4
40404-01-08-00,MXB0513-40,NS,0,11,51326.03195,2688.0,4,14.170000076293945,0.0,4
40404-01-07-03,MXB0513-40,NS,0,12,51323.28976,1624.0,4,16.299999237060547,0.0,4
30407-01-09-00,MXB0513-40,NS,0,13,51049.93429,8759.0,3,5.809999942779541,0.0,3
40404-01-06-02,MXB0513-40,NS,0,14,51274.27413,3242.0,2,7.139999866485596,0.0,4
40404-01-05-00,MXB0513-40,NS,0,15,51219.30148,7716.0,3,7.590000152587891,0.0,3
40404-01-07-00,MXB0513-40,NS,0,16,51321.26242,6396.0,2,10.949999809265137,0.0,4
30407-01-12-00,MXB0513-40,NS,0,17,51100.72726,5892.0,3,10.720000267028809,0.0,3
30407-01-09-02,MXB0513-40,NS,0,18,51050.78195,5230.0,3,7.159999847412109,0.0,3
40404-01-06-00,MXB0513-40,NS,0,19,51271.26632,12510.0,2,6.539999961853027,0.0,4
40404-01-10-01,MXB0513-40,NS,0,20,51366.97335,4564.0,2,6.599999904632568,0.0,4
40404-01-07-02,MXB0513-40,NS,0,21,51323.02023,6280.0,2,11.180000305175781,0.0,4
30407-01-07-00,MXB0513-40,NS,0,22,51012.02023,8893.0,5,6.289999961853027,0.0,3
30407-01-04-00,MXB0513-40,NS,0,23,50888.30929,9957.0,5,9.460000038146973,0.0,3
30407-01-01-00,MXB0513-40,NS,0,24,50885.3132,9706.0,5,10.40999984741211,0.0,3
40404-01-01-00,MXB0513-40,NS,0,25,51214.53976,7264.0,3,7.690000057220459,0.0,3
40404-01-03-00,MXB0513-40,NS,0,26,51216.33663,11580.0,3,6.360000133514404,0.0,3
40404-01-07-06,MXB0513-40,NS,0,27,51324.35617,1592.0,4,18.8799991607666,0.0,4
40404-01-04-00,MXB0513-40,NS,0,28,51217.41476,12808.0,3,7.039999961853027,0.0,3
30407-01-03-00,MXB0513-40,NS,0,29,50887.34445,12676.0,5,10.470000267028809,0.0,3
30407-01-05-00,MXB0513-40,NS,0,30,50889.30929,10134.0,4,9.029999732971191,0.0,3
10078-02-01-010,MXB0513-40,NS,0,31,50149.30538,13729.0,5,31.6299991607666,0.0,1
30407-01-06-00,MXB0513-40,NS,0,32,50890.44992,8782.0,4,8.390000343322754,0.0,3
30407-01-02-00,MXB0513-40,NS,0,33,50886.32492,7399.0,4,11.369999885559082,0.0,3
40404-01-04-01,MXB0513-40,NS,0,34,51217.23898,1536.0,3,6.949999809265137,0.0,3
40404-01-02-00,MXB0513-40,NS,0,35,51215.52804,8478.0,3,5.900000095367432,0.0,3
40404-01-07-05,MXB0513-40,NS,0,36,51324.28585,1304.0,4,21.799999237060547,0.0,4
10078-02-01-020,MXB0513-40,NS,0,37,50151.51242,11772.0,5,32.52000045776367,0.0,1
30407-01-09-03,MXB0513-40,NS,0,38,51047.92648,9362.0,4,6.510000228881836,0.0,3
40404-01-07-04,MXB0513-40,NS,0,39,51324.1257,2735.0,2,18.469999313354492,0.0,4
40404-01-11-00,MXB0513-40,NS,1,0,51411.89132,9363.0,2,9.069999694824219,0.0,4
40404-01-13-00,MXB0513-40,NS,1,1,51466.01632,1536.0,2,10.739999771118164,0.0,4
40404-01-11-01,MXB0513-40,NS,1,2,51410.8757,3774.0,2,6.960000038146973,0.0,4
40404-01-11-02,MXB0513-40,NS,1,3,51412.94601,7605.0,2,9.59000015258789,0.0,4
50403-01-02-01,MXB0513-40,NS,1,4,51730.88742,1120.0,1,41.060001373291016,0.0,5
40404-01-09-03,MXB0513-40,NS,1,5,51370.2507,1152.0,2,7.489999771118164,0.0,4
50403-01-01-02,MXB0513-40,NS,1,6,51624.38351,4837.0,2,16.969999313354492,0.0,4
40404-01-17-01,MXB0513-40,NS,1,7,51586.46163,1153.0,3,6.960000038146973,0.0,4
50403-01-04-05,MXB0513-40,NS,1,8,51734.33663,2176.0,2,18.360000610351562,0.0,5
40404-01-13-06,MXB0513-40,NS,1,9,51479.73507,3580.0,2,10.199999809265137,0.0,4
40404-01-09-00,MXB0513-40,NS,1,10,51369.1257,6278.0,2,5.769999980926514,0.0,4
40404-01-06-03,MXB0513-40,NS,1,11,51584.73117,1104.0,2,7.929999828338623,0.0,4
40404-01-16-01,MXB0513-40,NS,1,12,51583.36788,1024.0,2,11.5600004196167,0.0,4
40404-01-12-02,MXB0513-40,NS,1,13,51419.73507,3271.0,2,10.0,0.0,4
50403-01-03-04,MXB0513-40,NS,1,14,51737.71945,1664.0,1,15.989999771118164,0.0,5
50403-01-01-01,MXB0513-40,NS,1,15,51623.38351,1750.0,2,22.200000762939453,0.0,4
40404-01-06-04,MXB0513-40,NS,1,16,51584.66867,1456.0,2,8.430000305175781,0.0,4
50403-01-03-00,MXB0513-40,NS,1,17,51634.35226,1640.0,2,8.470000267028809,0.0,4
40404-01-13-01,MXB0513-40,NS,1,18,51466.08663,1113.0,3,10.199999809265137,0.0,4
40404-01-13-05,MXB0513-40,NS,1,19,51475.0007,1781.0,2,9.430000305175781,0.0,4
50403-01-04-04,MXB0513-40,NS,1,20,51732.95773,1011.0,1,27.489999771118164,0.0,5
40404-01-16-00,MXB0513-40,NS,1,21,51581.60617,1399.0,2,25.15999984741211,0.0,4
50403-01-04-00,MXB0513-40,NS,1,22,51733.98507,4291.0,1,23.440000534057617,0.0,5
40404-01-09-02,MXB0513-40,NS,1,23,51369.2546,1688.0,3,7.260000228881836,0.0,4
40404-01-09-01,MXB0513-40,NS,1,24,51370.18429,1327.0,3,9.069999694824219,0.0,4
40404-01-12-11,MXB0513-40,NS,1,25,51581.74288,1167.0,3,37.83000183105469,0.0,4
40404-01-13-04,MXB0513-40,NS,1,26,51468.68038,3488.0,3,8.979999542236328,0.0,4
40404-01-12-09,MXB0513-40,NS,1,27,51581.67648,1232.0,3,24.959999084472656,0.0,4
40404-01-12-01,MXB0513-40,NS,1,28,51418.69601,1200.0,2,11.770000457763672,0.0,4
40404-01-13-02,MXB0513-40,NS,1,29,51466.94601,1179.0,3,8.220000267028809,0.0,4
50403-01-04-06,MXB0513-40,NS,1,30,51735.08273,4115.0,2,24.90999984741211,0.0,5
40404-01-12-00,MXB0513-40,NS,1,31,51417.86398,11982.0,2,11.40999984741211,0.0,4
40404-01-12-12,MXB0513-40,NS,1,32,51582.60617,1111.0,2,19.520000457763672,0.0,4
40404-01-10-00,MXB0513-40,NS,1,33,51367.82882,6652.0,1,7.340000152587891,0.0,4
50403-01-01-03,MXB0513-40,NS,1,34,51625.17257,2143.0,2,11.890000343322754,0.0,4
50403-01-01-00,MXB0513-40,NS,1,35,51622.47335,2460.0,2,35.29999923706055,0.0,4
50403-01-04-01,MXB0513-40,NS,1,36,51737.18038,1200.0,2,22.510000228881836,0.0,5
40404-01-12-03,MXB0513-40,NS,1,37,51537.76242,1704.0,2,34.84000015258789,0.0,4
40404-01-09-04,MXB0513-40,NS,1,38,51370.3171,1149.0,4,7.110000133514404,0.0,4
50403-01-03-01,MXB0513-40,NS,1,39,51634.55538,1117.0,2,7.070000171661377,0.0,4
60406-01-06-09,MXB0513-40,NS,2,0,52206.91867,1177.0,1,12.470000267028809,0.0,5
50403-01-07-05,MXB0513-40,NS,2,1,51787.07492,1725.0,1,10.75,0.0,5
50403-01-15-00,MXB0513-40,NS,2,2,51963.14913,1792.0,1,9.0600004196167,0.0,5
60406-01-05-01,MXB0513-40,NS,2,3,52159.86007,2304.0,1,9.109999656677246,0.0,5
50403-01-13-03,MXB0513-40,NS,2,4,51938.74679,1335.0,1,10.40999984741211,0.0,5
60406-01-05-03,MXB0513-40,NS,2,5,52160.91867,2530.0,2,8.649999618530273,0.0,5
60406-01-06-07,MXB0513-40,NS,2,6,52205.92648,1162.0,1,13.229999542236328,0.0,5
50403-01-11-00,MXB0513-40,NS,2,7,51845.79757,11773.0,1,8.149999618530273,0.0,5
60406-01-06-06,MXB0513-40,NS,2,8,52205.99288,1055.0,1,12.90999984741211,0.0,5
60406-01-07-00,MXB0513-40,NS,2,9,52208.45773,1152.0,1,12.479999542236328,0.0,5
60406-01-06-11,MXB0513-40,NS,2,10,52207.53195,1280.0,1,12.779999732971191,0.0,5
60406-01-06-02,MXB0513-40,NS,2,11,52204.48898,1024.0,1,12.390000343322754,0.0,5
60406-01-05-00,MXB0513-40,NS,2,12,52159.04757,2341.0,2,7.539999961853027,0.0,5
50403-01-14-02,MXB0513-40,NS,2,13,51947.17257,1664.0,1,20.639999389648438,0.0,5
50403-01-13-00,MXB0513-40,NS,2,14,51937.61398,1238.0,1,10.520000457763672,0.0,5
50403-01-12-00,MXB0513-40,NS,2,15,51852.9382,1112.0,1,8.449999809265137,0.0,5
50403-01-12-01,MXB0513-40,NS,2,16,51853.8132,3424.0,1,8.59000015258789,0.0,5
50403-01-07-03,MXB0513-40,NS,2,17,51786.14523,1541.0,1,10.40999984741211,0.0,5
50403-01-07-07,MXB0513-40,NS,2,18,51787.21163,1445.0,1,9.970000267028809,0.0,5
60406-01-02-03,MXB0513-40,NS,2,19,52004.52413,1504.0,1,35.279998779296875,0.0,5
50403-01-10-00,MXB0513-40,NS,2,20,51843.72335,3706.0,1,8.960000038146973,0.0,5
50403-01-14-04,MXB0513-40,NS,2,21,51947.63742,3046.0,1,14.5600004196167,0.0,5
50403-01-07-06,MXB0513-40,NS,2,22,51787.14132,1536.0,1,10.140000343322754,0.0,5
60406-01-02-01,MXB0513-40,NS,2,23,52001.02413,1024.0,1,30.190000534057617,0.0,5
60406-01-02-00,MXB0513-40,NS,2,24,52000.41476,1576.0,1,29.280000686645508,0.0,5
50403-01-07-00,MXB0513-40,NS,2,25,51784.08663,1704.0,1,8.829999923706055,0.0,5
60406-01-01-03,MXB0513-40,NS,2,26,52000.61398,1165.0,1,33.91999816894531,0.0,5
60406-01-04-00,MXB0513-40,NS,2,27,52150.84835,1880.0,2,7.53000020980835,0.0,5
50403-01-14-00,MXB0513-40,NS,2,28,51942.20382,1519.0,1,18.209999084472656,0.0,5
50403-01-14-05,MXB0513-40,NS,2,29,51947.6921,1048.0,1,14.069999694824219,0.0,5
50403-01-14-07,MXB0513-40,NS,2,30,51948.7546,1160.0,1,11.880000114440918,0.0,5
60406-01-02-02,MXB0513-40,NS,2,31,52001.60617,1657.0,1,39.25,0.0,5
50403-01-07-01,MXB0513-40,NS,2,32,51784.15695,1383.0,1,9.050000190734863,0.0,5
50403-01-09-00,MXB0513-40,NS,2,33,51836.8757,1238.0,1,8.779999732971191,0.0,5
60406-01-02-04,MXB0513-40,NS,2,34,52001.40695,1533.0,1,37.849998474121094,0.0,5
50403-01-14-01,MXB0513-40,NS,2,35,51942.65304,1052.0,1,24.09000015258789,0.0,5
50403-01-14-06,MXB0513-40,NS,2,36,51947.75851,1160.0,1,12.75,0.0,5
50403-01-07-02,MXB0513-40,NS,2,37,51784.35617,1114.0,1,7.699999809265137,0.0,5
60406-01-03-01,MXB0513-40,NS,2,38,52009.04367,1152.0,1,28.1299991607666,0.0,5
60406-01-06-10,MXB0513-40,NS,2,39,52206.99288,2246.0,1,12.640000343322754,0.0,5
60406-01-11-07,MXB0513-40,NS,3,0,52316.6257,1384.0,1,13.75,0.0,5
60406-01-08-03,MXB0513-40,NS,3,1,52217.52023,1024.0,1,8.960000038146973,0.0,5
60406-01-11-09,MXB0513-40,NS,3,2,52319.59835,1208.0,1,18.889999389648438,0.0,5
60406-01-07-03,MXB0513-40,NS,3,3,52213.86398,1336.0,1,9.170000076293945,0.0,5
60406-01-09-03,MXB0513-40,NS,3,4,52226.30538,1024.0,1,7.510000228881836,0.0,5
60406-01-11-02,MXB0513-40,NS,3,5,52315.1257,1408.0,1,19.360000610351562,0.0,5
60406-01-09-00,MXB0513-40,NS,3,6,52222.40695,1408.0,1,8.220000267028809,0.0,5
60406-01-08-09,MXB0513-40,NS,3,7,52219.89132,1688.0,1,7.940000057220459,0.0,5
60406-01-11-06,MXB0513-40,NS,3,8,52316.55929,1333.0,1,16.110000610351562,0.0,5
60406-01-07-02,MXB0513-40,NS,3,9,52209.96163,1317.0,1,10.470000267028809,0.0,5
60406-01-07-05,MXB0513-40,NS,3,10,52211.5007,1024.0,1,10.130000114440918,0.0,5
70403-01-03-02,MXB0513-40,NS,3,11,52364.13351,1024.0,1,12.600000381469727,0.0,5
60406-01-08-10,MXB0513-40,NS,3,12,52221.35226,1152.0,1,8.289999961853027,0.0,5
60406-01-11-10,MXB0513-40,NS,3,13,52319.53195,1112.0,1,18.739999771118164,0.0,5
60406-01-07-08,MXB0513-40,NS,3,14,52212.9382,1448.0,1,9.539999961853027,0.0,5
60406-01-08-01,MXB0513-40,NS,3,15,52222.54757,1404.0,1,8.800000190734863,0.0,5
70403-01-03-00,MXB0513-40,NS,3,16,52362.01632,1024.0,4,16.079999923706055,0.0,5
60406-01-11-01,MXB0513-40,NS,3,17,52315.5671,1576.0,1,20.809999465942383,0.0,5
60406-01-11-05,MXB0513-40,NS,3,18,52316.18038,1664.0,1,21.459999084472656,0.0,5
60406-01-08-11,MXB0513-40,NS,3,19,52220.28976,1024.0,1,9.350000381469727,0.0,5
60406-01-11-03,MXB0513-40,NS,3,20,52315.63351,1285.0,1,20.90999984741211,0.0,5
60406-01-11-00,MXB0513-40,NS,3,21,52313.58663,1470.0,1,24.010000228881836,0.0,5
70403-01-01-01,MXB0513-40,NS,3,22,52351.64523,1351.0,4,56.36000061035156,0.0,5
60406-01-08-12,MXB0513-40,NS,3,23,52220.36007,1024.0,1,8.380000114440918,0.0,5
60406-01-10-05,MXB0513-40,NS,3,24,52297.53195,1181.0,1,7.050000190734863,0.0,5
70403-01-01-02,MXB0513-40,NS,3,25,52350.72335,1001.0,1,77.94000244140625,0.0,5
70403-01-02-00,MXB0513-40,NS,3,26,52358.57101,1054.0,1,41.18000030517578,0.0,5
60406-01-09-04,MXB0513-40,NS,3,27,52227.36788,1486.0,1,7.329999923706055,0.0,5
60406-01-07-01,MXB0513-40,NS,3,28,52208.52804,1152.0,1,11.739999771118164,0.0,5
60406-01-07-09,MXB0513-40,NS,3,29,52214.85617,1287.0,1,8.130000114440918,0.0,5
60406-01-07-07,MXB0513-40,NS,3,30,52216.39132,1024.0,1,8.720000267028809,0.0,5
70403-01-02-06,MXB0513-40,NS,3,31,52361.47335,1566.0,1,19.229999542236328,0.0,5
60406-01-10-01,MXB0513-40,NS,3,32,52295.61788,1057.0,1,10.25,0.0,5
60406-01-10-03,MXB0513-40,NS,3,33,52296.53976,1215.0,1,7.449999809265137,0.0,5
70403-01-02-04,MXB0513-40,NS,3,34,52359.5632,1555.0,1,36.83000183105469,0.0,5
60406-01-09-02,MXB0513-40,NS,3,35,52223.39913,1536.0,1,8.510000228881836,0.0,5
60406-01-11-08,MXB0513-40,NS,3,36,52318.09054,1836.0,1,14.529999732971191,0.0,5
60406-01-11-04,MXB0513-40,NS,3,37,52315.69992,1424.0,1,21.559999465942383,0.0,5
60406-01-05-04,MXB0513-40,NS,3,38,52313.65304,1182.0,1,23.75,0.0,5
70403-01-01-00,MXB0513-40,NS,3,39,52351.57492,1176.0,1,70.38999938964844,0.0,5
70403-01-03-08,MXB0513-40,NS,4,0,52366.55538,1337.0,1,16.5,0.0,5
80409-01-02-04,MXB0513-40,NS,4,1,52772.33273,2358.0,1,6.860000133514404,0.0,5
80409-01-03-01,MXB0513-40,NS,4,2,52775.35226,4568.0,1,6.880000114440918,0.0,5
70403-01-09-04,MXB0513-40,NS,4,3,52563.57492,1176.0,1,11.039999961853027,0.0,5
80409-01-03-04,MXB0513-40,NS,4,4,52775.89523,1024.0,1,8.329999923706055,0.0,5
70403-01-07-02,MXB0513-40,NS,4,5,52503.96945,1624.0,1,15.449999809265137,0.0,5
70403-01-06-00,MXB0513-40,NS,4,6,52468.76632,1152.0,1,11.65999984741211,0.0,5
70403-01-06-05,MXB0513-40,NS,4,7,52473.10226,1169.0,1,9.670000076293945,0.0,5
80409-01-02-03,MXB0513-40,NS,4,8,52772.01632,1024.0,1,7.159999847412109,0.0,5
80409-01-02-00,MXB0513-40,NS,4,9,52771.14132,2141.0,1,6.690000057220459,0.0,5
70403-01-12-00,MXB0513-40,NS,4,10,52680.17257,1152.0,1,7.860000133514404,0.0,5
70403-01-06-02,MXB0513-40,NS,4,11,52470.26632,1336.0,1,8.880000114440918,0.0,5
80409-01-02-07,MXB0513-40,NS,4,12,52773.92648,1408.0,1,6.880000114440918,0.0,5
70403-01-07-01,MXB0513-40,NS,4,13,52503.90304,2159.0,1,14.109999656677246,0.0,5
70403-01-06-04,MXB0513-40,NS,4,14,52472.71945,1019.0,1,10.0,0.0,5
70403-01-03-07,MXB0513-40,NS,4,15,52366.48507,1054.0,1,17.18000030517578,0.0,5
70403-01-03-09,MXB0513-40,NS,4,16,52367.53976,1088.0,1,15.579999923706055,0.0,5
70403-01-06-03,MXB0513-40,NS,4,17,52471.2546,1432.0,1,8.149999618530273,0.0,5
80409-01-02-05,MXB0513-40,NS,4,18,52773.3171,2528.0,1,6.71999979019165,0.0,5
70403-01-08-03,MXB0513-40,NS,4,19,52525.25851,1448.0,1,7.760000228881836,0.0,5
80409-01-01-00,MXB0513-40,NS,4,20,52755.43429,1037.0,1,10.8100004196167,0.0,5
70403-01-10-02,MXB0513-40,NS,4,21,52566.46945,1019.0,1,9.5600004196167,0.0,5
70403-01-05-03,MXB0513-40,NS,4,22,52421.08273,1024.0,3,8.25,0.0,5
70403-01-08-00,MXB0513-40,NS,4,23,52523.08273,1304.0,1,7.53000020980835,0.0,5
70403-01-08-02,MXB0513-40,NS,4,24,52525.1257,1128.0,1,7.21999979019165,0.0,5
70403-01-05-00,MXB0513-40,NS,4,25,52418.22335,1477.0,1,7.619999885559082,0.0,5
80409-01-02-01,MXB0513-40,NS,4,26,52771.34054,1224.0,1,6.710000038146973,0.0,5
80409-01-02-02,MXB0513-40,NS,4,27,52771.47726,1101.0,1,6.699999809265137,0.0,5
70403-01-06-01,MXB0513-40,NS,4,28,52469.27804,1294.0,1,10.300000190734863,0.0,5
70403-01-09-05,MXB0513-40,NS,4,29,52564.5632,1408.0,1,11.039999961853027,0.0,5
70403-01-10-01,MXB0513-40,NS,4,30,52565.55148,1024.0,1,10.039999961853027,0.0,5
70403-01-07-00,MXB0513-40,NS,4,31,52502.92648,3007.0,1,14.550000190734863,0.0,5
80409-01-03-05,MXB0513-40,NS,4,32,52775.96163,1152.0,1,8.399999618530273,0.0,5
70403-01-03-10,MXB0513-40,NS,4,33,52367.95773,1536.0,1,13.529999732971191,0.0,5
80409-01-02-09,MXB0513-40,NS,4,34,52770.35617,1288.0,1,6.909999847412109,0.0,5
80409-01-03-00,MXB0513-40,NS,4,35,52775.18429,5433.0,1,6.5,0.0,5
80409-01-03-06,MXB0513-40,NS,4,36,52776.02413,1280.0,1,8.789999961853027,0.0,5
80409-01-02-06,MXB0513-40,NS,4,37,52773.3796,1408.0,1,6.46999979019165,0.0,5
80409-01-03-02,MXB0513-40,NS,4,38,52776.94601,1152.0,1,10.130000114440918,0.0,5
70403-01-11-00,MXB0513-40,NS,4,39,52581.6882,1536.0,1,11.760000228881836,0.0,5
80409-01-11-01,MXB0513-40,NS,5,0,52881.0046,1536.0,1,11.300000190734863,0.0,5
80409-01-09-01,MXB0513-40,NS,5,1,52837.6921,1408.0,1,7.010000228881836,0.0,5
80409-01-03-13,MXB0513-40,NS,5,2,52779.83273,1280.0,1,6.46999979019165,0.0,5
80409-01-04-01,MXB0513-40,NS,5,3,52783.90695,1408.0,1,6.019999980926514,0.0,5
80409-01-07-03,MXB0513-40,NS,5,4,52818.29757,1173.0,1,10.699999809265137,0.0,5
80409-01-03-18,MXB0513-40,NS,5,5,52780.95773,1024.0,1,6.179999828338623,0.0,5
80409-01-10-02,MXB0513-40,NS,5,6,52880.6921,1024.0,1,11.5600004196167,0.0,5
80409-01-08-03,MXB0513-40,NS,5,7,52825.25851,1023.0,1,8.680000305175781,0.0,5
80409-01-05-00,MXB0513-40,NS,5,8,52789.89132,1280.0,1,7.159999847412109,0.0,5
80409-01-08-05,MXB0513-40,NS,5,9,52826.24679,1177.0,1,8.260000228881836,0.0,5
80409-01-03-09,MXB0513-40,NS,5,10,52777.93038,1024.0,1,8.079999923706055,0.0,5
80409-01-03-10,MXB0513-40,NS,5,11,52778.04367,1227.0,1,7.199999809265137,0.0,5
80409-01-09-04,MXB0513-40,NS,5,12,52832.76632,1280.0,1,7.039999961853027,0.0,5
80409-01-10-05,MXB0513-40,NS,5,13,52844.78976,2048.0,1,8.3100004196167,0.0,5
80409-01-04-00,MXB0513-40,NS,5,14,52782.99288,1024.0,1,6.369999885559082,0.0,5
80409-01-03-12,MXB0513-40,NS,5,15,52779.36007,1520.0,1,6.0,0.0,5
80409-01-08-06,MXB0513-40,NS,5,16,52827.23117,1341.0,1,7.909999847412109,0.0,5
80409-01-08-01,MXB0513-40,NS,5,17,52824.34054,1143.0,1,9.470000267028809,0.0,5
80409-01-03-19,MXB0513-40,NS,5,18,52781.33273,1029.0,1,5.559999942779541,0.0,5
80409-01-09-03,MXB0513-40,NS,5,19,52831.77804,1536.0,1,6.730000019073486,0.0,5
80409-01-05-06,MXB0513-40,NS,5,20,52792.91476,1408.0,1,7.429999828338623,0.0,5
80409-01-05-04,MXB0513-40,NS,5,21,52790.8796,1280.0,1,7.309999942779541,0.0,5
80409-01-03-11,MXB0513-40,NS,5,22,52778.23898,1279.0,1,7.119999885559082,0.0,5
80409-01-07-05,MXB0513-40,NS,5,23,52820.1296,1229.0,1,9.8100004196167,0.0,5
80409-01-11-04,MXB0513-40,NS,5,24,52883.96163,1471.0,1,11.6899995803833,0.0,5
80409-01-07-12,MXB0513-40,NS,5,25,52821.2507,1170.0,1,10.140000343322754,0.0,5
80409-01-07-04,MXB0513-40,NS,5,26,52818.97335,4604.0,1,10.149999618530273,0.0,5
80409-01-11-03,MXB0513-40,NS,5,27,52882.97726,1512.0,1,11.8100004196167,0.0,5
80409-01-07-09,MXB0513-40,NS,5,28,52820.26632,1015.0,1,9.760000228881836,0.0,5
80409-01-10-03,MXB0513-40,NS,5,29,52840.71554,1152.0,1,7.769999980926514,0.0,5
80409-01-07-06,MXB0513-40,NS,5,30,52819.48898,1821.0,1,9.539999961853027,0.0,5
80409-01-12-02,MXB0513-40,NS,5,31,52891.59835,1024.0,1,12.399999618530273,0.0,5
80409-01-07-02,MXB0513-40,NS,5,32,52818.04367,3063.0,1,10.279999732971191,0.0,5
80409-01-09-00,MXB0513-40,NS,5,33,52833.74679,1536.0,1,7.139999866485596,0.0,5
80409-01-05-05,MXB0513-40,NS,5,34,52792.85226,1024.0,1,7.289999961853027,0.0,5
80409-01-07-00,MXB0513-40,NS,5,35,52817.09835,6088.0,1,9.430000305175781,0.0,5
80409-01-09-02,MXB0513-40,NS,5,36,52837.89132,1920.0,1,7.630000114440918,0.0,5
80409-01-12-00,MXB0513-40,NS,5,37,52887.73507,1152.0,1,12.84000015258789,0.0,5
80409-01-03-15,MXB0513-40,NS,5,38,52779.96554,1661.0,1,6.25,0.0,5
80409-01-10-04,MXB0513-40,NS,5,39,52840.78585,1536.0,1,8.390000343322754,0.0,5
80409-01-15-09,MXB0513-40,NS,6,0,52933.39523,1024.0,1,10.319999694824219,0.0,5
90402-01-02-00,MXB0513-40,NS,6,1,53083.58663,1353.0,1,6.949999809265137,0.0,5
80409-01-15-05,MXB0513-40,NS,6,2,52929.96945,1165.0,1,9.890000343322754,0.0,5
80409-01-13-01,MXB0513-40,NS,6,3,52917.71554,2275.0,1,10.300000190734863,0.0,5
80409-01-15-07,MXB0513-40,NS,6,4,52932.15695,1970.0,1,10.4399995803833,0.0,5
80409-01-15-10,MXB0513-40,NS,6,5,52935.84445,1120.0,1,9.680000305175781,0.0,5
80409-01-15-03,MXB0513-40,NS,6,6,52929.45773,1152.0,1,10.34000015258789,0.0,5
90402-01-03-00,MXB0513-40,NS,6,7,53090.03585,1636.0,1,8.180000305175781,0.0,5
80409-01-13-04,MXB0513-40,NS,6,8,52916.96163,1022.0,1,10.75,0.0,5
90402-01-04-00,MXB0513-40,NS,6,9,53122.59835,1000.0,1,6.519999980926514,0.0,5
80409-01-15-00,MXB0513-40,NS,6,10,52929.04757,1461.0,1,9.949999809265137,0.0,5
80409-01-04-04,MXB0513-40,NS,6,11,52928.98898,1920.0,1,10.050000190734863,0.0,5
90402-01-02-07,MXB0513-40,NS,6,12,53088.44601,1141.0,1,11.899999618530273,0.0,5
80409-01-15-06,MXB0513-40,NS,6,13,52930.18429,1012.0,1,10.640000343322754,0.0,5
90402-01-05-00,MXB0513-40,NS,6,14,53127.01242,1048.0,1,7.179999828338623,0.0,5
80409-01-13-08,MXB0513-40,NS,6,15,52921.30929,1537.0,1,8.760000228881836,0.0,5
80409-01-13-05,MXB0513-40,NS,6,16,52917.16867,1469.0,1,10.59000015258789,0.0,5
90402-01-02-01,MXB0513-40,NS,6,17,53084.13351,1024.0,1,6.800000190734863,0.0,5
90402-01-02-05,MXB0513-40,NS,6,18,53087.08273,1664.0,1,12.329999923706055,0.0,5
80409-01-15-04,MXB0513-40,NS,6,19,52929.53585,1024.0,1,10.479999542236328,0.0,5
90402-01-02-04,MXB0513-40,NS,6,20,53088.3796,1120.0,1,12.609999656677246,0.0,5
90402-01-03-01,MXB0513-40,NS,6,21,53090.09835,1792.0,1,8.039999961853027,0.0,5
90402-01-06-05,MXB0513-40,NS,6,22,53137.35226,1345.0,1,7.559999942779541,0.0,5
90402-01-06-02,MXB0513-40,NS,6,23,53132.97335,1152.0,1,8.119999885559082,0.0,5
90402-01-04-01,MXB0513-40,NS,6,24,53122.66867,1274.0,1,6.449999809265137,0.0,5
80409-01-12-03,MXB0513-40,NS,6,25,52891.66867,1151.0,1,12.569999694824219,0.0,5
90402-01-06-03,MXB0513-40,NS,6,26,53137.41867,1304.0,1,7.309999942779541,0.0,5
90402-01-01-01,MXB0513-40,NS,6,27,53083.99679,1408.0,1,7.699999809265137,0.0,5
80409-01-15-08,MXB0513-40,NS,6,28,52932.0046,1443.0,1,9.760000228881836,0.0,5
90402-01-05-02,MXB0513-40,NS,6,29,53128.5671,1814.0,1,7.170000076293945,0.0,5
90402-01-02-03,MXB0513-40,NS,6,30,53085.55929,1206.0,1,8.640000343322754,0.0,5
90402-01-02-06,MXB0513-40,NS,6,31,53086.54367,1360.0,1,9.40999984741211,0.0,5
80409-01-13-06,MXB0513-40,NS,6,32,52918.01632,1297.0,1,10.069999694824219,0.0,5
90402-01-06-00,MXB0513-40,NS,6,33,53132.49679,1417.0,1,7.659999847412109,0.0,5
80409-01-13-07,MXB0513-40,NS,6,34,52920.66085,1104.0,1,10.25,0.0,5
90402-01-05-01,MXB0513-40,NS,6,35,53127.58663,2023.0,1,7.010000228881836,0.0,5
80409-01-15-01,MXB0513-40,NS,6,36,52932.98898,1544.0,1,9.90999984741211,0.0,5
90402-01-03-02,MXB0513-40,NS,6,37,53090.8796,1277.0,1,11.020000457763672,0.0,5
90402-01-06-04,MXB0513-40,NS,6,38,53136.43429,1520.0,1,7.260000228881836,0.0,5
90402-01-06-01,MXB0513-40,NS,6,39,53132.90695,1024.0,1,7.889999866485596,0.0,5
91402-01-03-03,MXB0513-40,NS,7,0,53536.82492,1024.0,1,23.440000534057617,0.0,5
90402-01-09-00,MXB0513-40,NS,7,1,53181.08663,8712.0,1,5.989999771118164,0.0,5
91402-01-04-00,MXB0513-40,NS,7,2,53538.38742,1279.0,1,27.770000457763672,0.0,5
90402-01-10-01,MXB0513-40,NS,7,3,53188.98898,5714.0,1,7.159999847412109,0.0,5
91402-01-08-08,MXB0513-40,NS,7,4,53642.54367,1024.0,1,8.859999656677246,0.0,5
91402-01-08-00,MXB0513-40,NS,7,5,53637.5671,1280.0,1,9.050000190734863,0.0,5
90402-01-16-05,MXB0513-40,NS,7,6,53289.0046,1304.0,1,5.909999847412109,0.0,5
90402-01-08-00,MXB0513-40,NS,7,7,53178.02413,13364.0,1,7.489999771118164,0.0,5
90402-01-07-00,MXB0513-40,NS,7,8,53171.09054,1589.0,1,7.78000020980835,0.0,5
90402-01-08-03,MXB0513-40,NS,7,9,53180.9382,6254.0,1,6.449999809265137,0.0,5
91402-01-10-00,MXB0513-40,NS,7,10,53693.89913,1162.0,1,18.280000686645508,0.0,5
90402-01-16-00,MXB0513-40,NS,7,11,53287.89132,1536.0,1,5.860000133514404,0.0,5
91402-01-06-03,MXB0513-40,NS,7,12,53632.18038,1172.0,2,8.140000343322754,0.0,5
90402-01-09-03,MXB0513-40,NS,7,13,53186.04757,6929.0,1,6.920000076293945,0.0,5
91402-01-07-00,MXB0513-40,NS,7,14,53630.14913,1143.0,1,7.349999904632568,0.0,5
90402-01-08-01,MXB0513-40,NS,7,15,53178.90695,3538.0,1,8.960000038146973,0.0,5
91402-01-06-02,MXB0513-40,NS,7,16,53589.04757,1389.0,1,41.4900016784668,0.0,5
90402-01-09-04,MXB0513-40,NS,7,17,53186.71554,1536.0,1,7.409999847412109,0.0,5
90402-01-15-01,MXB0513-40,NS,7,18,53285.92257,1237.0,1,5.199999809265137,0.0,5
90402-01-09-07,MXB0513-40,NS,7,19,53187.83273,2145.0,1,7.019999980926514,0.0,5
90402-01-15-02,MXB0513-40,NS,7,20,53282.53195,1152.0,1,8.789999961853027,0.0,5
90402-01-10-03,MXB0513-40,NS,7,21,53194.96554,3477.0,1,7.170000076293945,0.0,5
91402-01-06-01,MXB0513-40,NS,7,22,53591.07882,1270.0,1,25.43000030517578,0.0,5
90402-01-09-06,MXB0513-40,NS,7,23,53187.77023,2008.0,1,7.28000020980835,0.0,5
90402-01-10-00,MXB0513-40,NS,7,24,53191.0671,9950.0,1,7.199999809265137,0.0,5
90402-01-13-00,MXB0513-40,NS,7,25,53244.80148,1280.0,1,7.039999961853027,0.0,5
91402-01-03-00,MXB0513-40,NS,7,26,53531.30929,1143.0,1,15.119999885559082,0.0,5
90402-01-17-00,MXB0513-40,NS,7,27,53294.82492,6498.0,1,7.139999866485596,0.0,5
90402-01-08-02,MXB0513-40,NS,7,28,53180.03195,10478.0,1,6.5,0.0,5
91402-01-08-09,MXB0513-40,NS,7,29,53684.5046,2461.0,1,8.479999542236328,0.0,5
91402-01-06-00,MXB0513-40,NS,7,30,53588.13351,1295.0,1,42.529998779296875,0.0,5
91402-01-04-02,MXB0513-40,NS,7,31,53632.11398,1053.0,1,8.770000457763672,0.0,5
90402-01-16-04,MXB0513-40,NS,7,32,53288.9382,1177.0,1,5.519999980926514,0.0,5
90402-01-12-03,MXB0513-40,NS,7,33,53243.82101,1024.0,1,7.0,0.0,5
90402-01-09-01,MXB0513-40,NS,7,34,53182.24679,1169.0,1,7.590000152587891,0.0,5
91402-01-07-01,MXB0513-40,NS,7,35,53634.14523,1118.0,1,8.529999732971191,0.0,5
91402-01-04-01,MXB0513-40,NS,7,36,53541.27023,1295.0,1,27.670000076293945,0.0,5
91402-01-07-02,MXB0513-40,NS,7,37,53631.67257,1210.0,1,8.300000190734863,0.0,5
90402-01-09-05,MXB0513-40,NS,7,38,53187.29757,1392.0,1,6.579999923706055,0.0,5
92403-01-09-06,MXB0513-40,NS,8,0,53896.79367,1147.0,1,5.199999809265137,0.0,5
92403-01-07-01,MXB0513-40,NS,8,1,53886.18429,2736.0,1,12.220000267028809,0.0,5
92403-01-08-14,MXB0513-40,NS,8,2,53889.85226,1022.0,1,12.920000076293945,0.0,5
92403-01-07-04,MXB0513-40,NS,8,3,53887.01242,4088.0,1,10.989999771118164,0.0,5
92403-01-09-05,MXB0513-40,NS,8,4,53895.07101,1696.0,1,10.550000190734863,0.0,5
92403-01-08-04,MXB0513-40,NS,8,5,53888.14913,2880.0,1,9.140000343322754,0.0,5
92403-01-08-11,MXB0513-40,NS,8,6,53891.00851,4061.0,1,9.529999732971191,0.0,5
91402-01-11-00,MXB0513-40,NS,8,7,53742.71163,1238.0,2,7.389999866485596,0.0,5
92403-01-08-01,MXB0513-40,NS,8,8,53894.10617,3522.0,1,11.229999542236328,0.0,5
91402-01-13-04,MXB0513-40,NS,8,9,53786.60617,1094.0,1,9.970000267028809,0.0,5
92403-01-07-05,MXB0513-40,NS,8,10,53887.96163,1025.0,2,9.800000190734863,0.0,5
92403-01-07-00,MXB0513-40,NS,8,11,53886.0671,1109.0,1,13.039999961853027,0.0,5
92403-01-02-03,MXB0513-40,NS,8,12,53831.03585,1021.0,1,6.860000133514404,0.0,5
92403-01-03-00,MXB0513-40,NS,8,13,53836.45773,1233.0,1,7.610000133514404,0.0,5
91402-01-08-02,MXB0513-40,NS,8,14,53695.86398,1735.0,1,9.880000114440918,0.0,5
92403-01-08-03,MXB0513-40,NS,8,15,53892.95773,5890.0,1,11.079999923706055,0.0,5
92403-01-05-02,MXB0513-40,NS,8,16,53851.78195,1367.0,1,7.630000114440918,0.0,5
92403-01-09-07,MXB0513-40,NS,8,17,53896.85617,1664.0,1,5.21999979019165,0.0,5
92403-01-09-01,MXB0513-40,NS,8,18,53895.40304,1519.0,1,10.59000015258789,0.0,5
92403-01-08-09,MXB0513-40,NS,8,19,53890.36398,1336.0,1,12.350000381469727,0.0,5
92403-01-09-12,MXB0513-40,NS,8,20,53896.17257,3088.0,1,6.019999980926514,0.0,5
91402-01-14-00,MXB0513-40,NS,8,21,53790.59835,1360.0,1,9.770000457763672,0.0,5
92403-01-02-01,MXB0513-40,NS,8,22,53830.5007,1141.0,1,7.059999942779541,0.0,5
91402-01-08-01,MXB0513-40,NS,8,23,53694.88351,1654.0,1,9.079999923706055,0.0,5
92403-01-07-02,MXB0513-40,NS,8,24,53886.4382,1151.0,1,11.329999923706055,0.0,5
92403-01-08-00,MXB0513-40,NS,8,25,53890.14913,12970.0,1,12.119999885559082,0.0,5
92403-01-05-01,MXB0513-40,NS,8,26,53847.45773,1432.0,1,7.369999885559082,0.0,5
92403-01-05-00,MXB0513-40,NS,8,27,53847.39132,1400.0,1,7.710000038146973,0.0,5
91402-01-13-03,MXB0513-40,NS,8,28,53786.53976,1279.0,1,10.239999771118164,0.0,5
92403-01-04-01,MXB0513-40,NS,8,29,53842.41476,1413.0,1,7.909999847412109,0.0,5
92403-01-08-07,MXB0513-40,NS,8,30,53889.38351,1111.0,1,11.489999771118164,0.0,5
92403-01-08-02,MXB0513-40,NS,8,31,53891.92257,10092.0,1,11.710000038146973,0.0,5
91402-01-13-06,MXB0513-40,NS,8,32,53787.59054,1517.0,1,9.84000015258789,0.0,5
92403-01-08-13,MXB0513-40,NS,8,33,53891.41476,1271.0,1,11.300000190734863,0.0,5
92403-01-09-03,MXB0513-40,NS,8,34,53896.2546,1384.0,1,6.119999885559082,0.0,5
92403-01-04-02,MXB0513-40,NS,8,35,53842.48117,1228.0,1,7.389999866485596,0.0,5
92403-01-09-02,MXB0513-40,NS,8,36,53896.38742,2130.0,1,5.519999980926514,0.0,5
92403-01-09-04,MXB0513-40,NS,8,37,53896.32101,1397.0,1,5.53000020980835,0.0,5
92403-01-09-00,MXB0513-40,NS,8,38,53896.07492,3144.0,1,6.730000019073486,0.0,5
92403-01-23-04,MXB0513-40,NS,9,0,54250.23117,2184.0,1,10.010000228881836,0.0,5
92403-01-10-01,MXB0513-40,NS,9,1,53903.72726,1408.0,1,11.220000267028809,0.0,5
93403-01-03-00,MXB0513-40,NS,9,2,54294.15304,1288.0,1,54.349998474121094,0.0,5
92403-01-15-00,MXB0513-40,NS,9,3,54042.04367,1438.0,3,9.779999732971191,0.0,5
92403-01-09-10,MXB0513-40,NS,9,4,53899.09445,2048.0,1,6.150000095367432,0.0,5
92403-01-12-01,MXB0513-40,NS,9,5,53996.0007,1397.0,1,35.11000061035156,0.0,5
93403-01-04-04,MXB0513-40,NS,9,6,54303.85617,1152.0,1,19.31999969482422,0.0,5
93403-01-02-00,MXB0513-40,NS,9,7,54288.97726,1815.0,1,69.26000213623047,0.0,5
92403-01-24-05,MXB0513-40,NS,9,8,54252.79367,1024.0,1,9.949999809265137,0.0,5
93403-01-04-08,MXB0513-40,NS,9,9,54304.83663,1024.0,1,20.989999771118164,0.0,5
92403-01-10-02,MXB0513-40,NS,9,10,53904.02804,11012.0,1,11.520000457763672,0.0,5
92403-01-23-01,MXB0513-40,NS,9,11,54245.92648,1280.0,1,9.319999694824219,0.0,5
92403-01-21-00,MXB0513-40,NS,9,12,54206.11788,1792.0,1,7.320000171661377,0.0,5
92403-01-19-00,MXB0513-40,NS,9,13,54163.23898,1152.0,2,9.9399995803833,0.0,5
92403-01-16-00,MXB0513-40,NS,9,14,54050.66476,5963.0,2,5.519999980926514,0.0,5
92403-01-09-11,MXB0513-40,NS,9,15,53900.98117,2176.0,1,6.789999961853027,0.0,5
92403-01-16-03,MXB0513-40,NS,9,16,54050.49288,1920.0,2,5.110000133514404,0.0,5
92403-01-23-05,MXB0513-40,NS,9,17,54249.18038,1744.0,1,9.680000305175781,0.0,5
93403-01-04-09,MXB0513-40,NS,9,18,54305.21163,1008.0,1,18.649999618530273,0.0,5
93403-01-01-00,MXB0513-40,NS,9,19,54286.10617,1390.0,1,62.529998779296875,0.0,5
92403-01-15-01,MXB0513-40,NS,9,20,54046.03195,1154.0,2,10.4399995803833,0.0,5
92403-01-15-04,MXB0513-40,NS,9,21,54043.68038,3456.0,2,19.75,0.0,5
93403-01-01-01,MXB0513-40,NS,9,22,54285.1882,1115.0,1,62.349998474121094,0.0,5
92403-01-10-04,MXB0513-40,NS,9,23,53908.97335,1530.0,1,6.139999866485596,0.0,5
93403-01-04-05,MXB0513-40,NS,9,24,54304.09835,1424.0,1,19.850000381469727,0.0,5
93403-01-02-01,MXB0513-40,NS,9,25,54293.91476,1762.0,1,51.77000045776367,0.0,5
93403-01-01-02,MXB0513-40,NS,9,26,54282.11007,1092.0,1,41.59000015258789,0.0,5
92403-01-10-03,MXB0513-40,NS,9,27,53908.91085,1149.0,1,6.510000228881836,0.0,5
92403-01-08-06,MXB0513-40,NS,9,28,53999.75851,1536.0,1,30.760000228881836,0.0,5
92403-01-13-00,MXB0513-40,NS,9,29,53995.14523,1055.0,1,33.63999938964844,0.0,5
93403-01-02-02,MXB0513-40,NS,9,30,54287.21945,1053.0,1,65.62000274658203,0.0,5
92403-01-24-04,MXB0513-40,NS,9,31,54253.36788,1024.0,1,8.779999732971191,0.0,5
92403-01-15-03,MXB0513-40,NS,9,32,54042.51242,1152.0,1,9.40999984741211,0.0,5
92403-01-18-00,MXB0513-40,NS,9,33,54156.94601,1266.0,1,10.039999961853027,0.0,5
93403-01-02-04,MXB0513-40,NS,9,34,54287.49679,1072.0,1,63.04999923706055,0.0,5
92403-01-23-00,MXB0513-40,NS,9,35,54245.86007,1280.0,1,9.09000015258789,0.0,5
92403-01-12-02,MXB0513-40,NS,9,36,53943.99288,1124.0,1,18.540000915527344,0.0,5
92403-01-10-00,MXB0513-40,NS,9,37,53902.13742,5408.0,1,11.859999656677246,0.0,5
93403-01-04-03,MXB0513-40,NS,9,38,54302.95382,9861.0,1,22.790000915527344,0.0,5
93403-01-13-02,MXB0513-40,NS,10,0,54392.55148,1035.0,1,8.0,0.0,5
93403-01-07-07,MXB0513-40,NS,10,1,54349.60226,2304.0,1,37.25,0.0,5
93403-01-17-00,MXB0513-40,NS,10,2,54430.82882,1654.0,2,17.079999923706055,0.0,5
93403-01-05-03,MXB0513-40,NS,10,3,54308.97335,1536.0,1,9.380000114440918,0.0,5
93403-01-06-03,MXB0513-40,NS,10,4,54338.99288,1590.0,1,16.8700008392334,0.0,5
93403-01-18-03,MXB0513-40,NS,10,5,54458.18429,1024.0,1,5.230000019073486,0.0,5
93403-01-07-06,MXB0513-40,NS,10,6,54348.9382,1687.0,1,36.65999984741211,0.0,5
93403-01-14-01,MXB0513-40,NS,10,7,54401.58273,1408.0,1,5.630000114440918,0.0,5
93403-01-18-00,MXB0513-40,NS,10,8,54455.16867,1664.0,1,7.110000133514404,0.0,5
93403-01-14-07,MXB0513-40,NS,10,9,54405.94601,1056.0,2,5.699999809265137,0.0,5
93403-01-07-02,MXB0513-40,NS,10,10,54344.16867,1238.0,1,23.170000076293945,0.0,5
93403-01-07-03,MXB0513-40,NS,10,11,54346.60617,1408.0,1,34.029998779296875,0.0,5
93403-01-07-04,MXB0513-40,NS,10,12,54347.23898,1097.0,1,36.97999954223633,0.0,5
93403-01-07-01,MXB0513-40,NS,10,13,54343.70773,3504.0,1,21.56999969482422,0.0,5
93403-01-12-03,MXB0513-40,NS,10,14,54387.04757,1661.0,1,14.079999923706055,0.0,5
93403-01-08-02,MXB0513-40,NS,10,15,54354.04367,1456.0,1,44.349998474121094,0.0,5
93403-01-17-02,MXB0513-40,NS,10,16,54430.36007,1658.0,1,14.84000015258789,0.0,5
93403-01-06-00,MXB0513-40,NS,10,17,54338.28585,1391.0,1,14.9399995803833,0.0,5
93403-01-17-01,MXB0513-40,NS,10,18,54430.89913,1385.0,2,18.100000381469727,0.0,5
93403-01-13-00,MXB0513-40,NS,10,19,54392.08273,1030.0,1,9.699999809265137,0.0,5
93403-01-14-06,MXB0513-40,NS,10,20,54404.04757,1382.0,2,5.329999923706055,0.0,5
93403-01-08-03,MXB0513-40,NS,10,21,54356.61007,1024.0,1,44.08000183105469,0.0,5
93403-01-10-00,MXB0513-40,NS,10,22,54370.68038,1536.0,1,63.27000045776367,0.0,5
93403-01-11-00,MXB0513-40,NS,10,23,54383.12179,1182.0,1,27.110000610351562,0.0,5
93403-01-14-03,MXB0513-40,NS,10,24,54402.57101,1280.0,1,5.829999923706055,0.0,5
93403-01-05-01,MXB0513-40,NS,10,25,54308.55929,1024.0,1,9.25,0.0,5
93403-01-08-00,MXB0513-40,NS,10,26,54352.01242,1332.0,1,47.209999084472656,0.0,5
93403-01-18-04,MXB0513-40,NS,10,27,54456.07882,1216.0,1,6.389999866485596,0.0,5
93403-01-14-04,MXB0513-40,NS,10,28,54402.9382,2079.0,2,5.760000228881836,0.0,5
93403-01-15-00,MXB0513-40,NS,10,29,54406.48507,1024.0,2,6.420000076293945,0.0,5
93403-01-07-05,MXB0513-40,NS,10,30,54348.22335,1217.0,1,32.709999084472656,0.0,5
93403-01-18-02,MXB0513-40,NS,10,31,54456.36007,1152.0,1,5.789999961853027,0.0,5
93403-01-16-00,MXB0513-40,NS,10,32,54414.53195,1408.0,1,9.539999961853027,0.0,5
93403-01-15-03,MXB0513-40,NS,10,33,54409.80538,1032.0,1,6.699999809265137,0.0,5
93403-01-09-00,MXB0513-40,NS,10,34,54357.52023,1603.0,1,68.47000122070312,0.0,5
93403-01-18-05,MXB0513-40,NS,10,35,54457.19992,1613.0,1,5.599999904632568,0.0,5
93403-01-14-05,MXB0513-40,NS,10,36,54402.99679,1032.0,1,5.130000114440918,0.0,5
93403-01-08-04,MXB0513-40,NS,10,37,54356.0046,1182.0,1,41.18000030517578,0.0,5
93403-01-14-02,MXB0513-40,NS,10,38,54402.02023,1402.0,1,5.360000133514404,0.0,5
93403-01-32-00,MXB0513-40,NS,11,0,54604.30148,1447.0,1,24.18000030517578,0.0,5
93403-01-31-00,MXB0513-40,NS,11,1,54596.45773,1085.0,1,19.270000457763672,0.0,5
93403-01-23-01,MXB0513-40,NS,11,2,54504.50851,2072.0,1,6.880000114440918,0.0,5
93403-01-19-02,MXB0513-40,NS,11,3,54467.40695,2304.0,1,9.90999984741211,0.0,5
93403-01-20-00,MXB0513-40,NS,11,4,54470.35226,1664.0,1,16.920000076293945,0.0,5
93403-01-23-05,MXB0513-40,NS,11,5,54506.59835,1044.0,1,9.680000305175781,0.0,5
93403-01-32-03,MXB0513-40,NS,11,6,54606.32882,1281.0,1,25.989999771118164,0.0,5
93403-01-32-01,MXB0513-40,NS,11,7,54604.43038,1052.0,1,22.530000686645508,0.0,5
93403-01-19-00,MXB0513-40,NS,11,8,54462.30929,1408.0,1,8.529999732971191,0.0,5
93403-01-40-02,MXB0513-40,NS,11,9,54692.05148,1152.0,1,6.869999885559082,0.0,5
93403-01-36-02,MXB0513-40,NS,11,10,54656.2546,1422.0,1,6.659999847412109,0.0,5
93403-01-38-00,MXB0513-40,NS,11,11,54670.65304,1280.0,1,15.949999809265137,0.0,5
93403-01-19-01,MXB0513-40,NS,11,12,54462.3757,1280.0,1,9.710000038146973,0.0,5
93403-01-26-00,MXB0513-40,NS,11,13,54546.45773,1271.0,1,5.170000076293945,0.0,5
93403-01-34-01,MXB0513-40,NS,11,14,54642.01242,1471.0,1,53.04999923706055,0.0,5
93403-01-36-01,MXB0513-40,NS,11,15,54651.99679,1440.0,1,16.889999389648438,0.0,5
93403-01-18-08,MXB0513-40,NS,11,16,54458.24679,1280.0,1,5.210000038146973,0.0,5
93403-01-39-01,MXB0513-40,NS,11,17,54684.21163,1418.0,1,21.809999465942383,0.0,5
93403-01-22-00,MXB0513-40,NS,11,18,54500.64913,1269.0,1,6.139999866485596,0.0,5
93403-01-43-01,MXB0513-40,NS,11,19,54756.94992,1294.0,1,38.22999954223633,0.0,5
93403-01-42-02,MXB0513-40,NS,11,20,54753.02804,1050.0,1,46.86000061035156,0.0,5
93403-01-32-02,MXB0513-40,NS,11,21,54606.09054,1536.0,1,28.010000228881836,0.0,5
93403-01-21-02,MXB0513-40,NS,11,22,54496.65695,1174.0,1,13.869999885559082,0.0,5
93403-01-41-00,MXB0513-40,NS,11,23,54698.98117,1470.0,1,8.359999656677246,0.0,5
93403-01-23-06,MXB0513-40,NS,11,24,54506.66476,1264.0,1,9.609999656677246,0.0,5
93403-01-21-01,MXB0513-40,NS,11,25,54496.59054,1162.0,2,11.010000228881836,0.0,5
93403-01-36-00,MXB0513-40,NS,11,26,54652.13351,1294.0,1,16.239999771118164,0.0,5
93403-01-29-00,MXB0513-40,NS,11,27,54584.49288,1516.0,1,15.5,0.0,5
93403-01-35-00,MXB0513-40,NS,11,28,54646.45773,1775.0,1,37.13999938964844,0.0,5
93403-01-43-03,MXB0513-40,NS,11,29,54762.32101,1152.0,1,12.84000015258789,0.0,5
93403-01-37-01,MXB0513-40,NS,11,30,54661.75851,1536.0,1,15.649999618530273,0.0,5
93403-01-27-00,MXB0513-40,NS,11,31,54554.97726,1280.0,1,8.930000305175781,0.0,5
93403-01-20-02,MXB0513-40,NS,11,32,54470.28976,1024.0,1,16.309999465942383,0.0,5
93403-01-46-01,MXB0513-40,NS,11,33,54809.74679,1203.0,1,64.77999877929688,0.0,5
93403-01-45-01,MXB0513-40,NS,11,34,54797.00851,1570.0,1,42.65999984741211,0.0,5
93403-01-43-00,MXB0513-40,NS,11,35,54756.37179,1023.0,1,37.209999084472656,0.0,5
93403-01-45-00,MXB0513-40,NS,11,36,54792.88351,1694.0,1,54.349998474121094,0.0,5
93403-01-46-04,MXB0513-40,NS,11,37,54808.76632,1368.0,1,84.66000366210938,0.0,5
93403-01-39-00,MXB0513-40,NS,11,38,54683.23117,1315.0,1,24.549999237060547,0.0,5
94403-01-06-02,MXB0513-40,NS,12,0,54865.03585,1211.0,1,56.22999954223633,0.0,5
94403-01-03-00,MXB0513-40,NS,12,1,54840.84054,1484.0,1,24.110000610351562,0.0,5
94403-01-14-05,MXB0513-40,NS,12,2,55000.3171,1182.0,1,16.34000015258789,0.0,5
94403-01-02-03,MXB0513-40,NS,12,3,54836.85226,1341.0,1,22.84000015258789,0.0,5
94403-01-01-00,MXB0513-40,NS,12,4,54829.70382,2297.0,2,31.25,0.0,5
94403-01-03-02,MXB0513-40,NS,12,5,54844.89913,1438.0,2,36.75,0.0,5
94403-01-04-04,MXB0513-40,NS,12,6,54850.50851,1653.0,2,41.36000061035156,0.0,5
94403-01-14-00,MXB0513-40,NS,12,7,54995.55538,1042.0,1,18.809999465942383,0.0,5
93403-01-48-01,MXB0513-40,NS,12,8,54820.49679,2176.0,1,70.94999694824219,0.0,5
93403-01-48-03,MXB0513-40,NS,12,9,54822.2507,1334.0,1,55.04999923706055,0.0,5
94403-01-04-03,MXB0513-40,NS,12,10,54852.73507,1041.0,1,43.61000061035156,0.0,5
93403-01-48-00,MXB0513-40,NS,12,11,54819.4421,1920.0,1,65.68000030517578,0.0,5
93403-01-47-02,MXB0513-40,NS,12,12,54814.20382,1397.0,1,63.130001068115234,0.0,5
94403-01-03-03,MXB0513-40,NS,12,13,54857.5046,1438.0,2,44.599998474121094,0.0,5
94403-01-02-06,MXB0513-40,NS,12,14,54838.45773,4365.0,1,22.459999084472656,0.0,5
94403-01-05-04,MXB0513-40,NS,12,15,54855.53976,1103.0,1,54.5099983215332,0.0,5
94403-01-04-02,MXB0513-40,NS,12,16,54852.53195,1111.0,1,37.7599983215332,0.0,5
94403-01-02-02,MXB0513-40,NS,12,17,54834.36788,1407.0,1,19.6299991607666,0.0,5
94403-01-05-03,MXB0513-40,NS,12,18,54854.55929,1031.0,1,48.5,0.0,5
94403-01-10-01,MXB0513-40,NS,12,19,54914.41867,1056.0,1,41.66999816894531,0.0,5
94403-01-14-03,MXB0513-40,NS,12,20,54996.39523,1120.0,2,19.93000030517578,0.0,5
93403-01-46-00,MXB0513-40,NS,12,21,54810.48507,1536.0,1,72.08999633789062,0.0,5
93403-01-48-06,MXB0513-40,NS,12,22,54823.22726,1280.0,1,50.63999938964844,0.0,5
94403-01-10-00,MXB0513-40,NS,12,23,54912.45773,1154.0,1,33.119998931884766,0.0,5
94403-01-05-05,MXB0513-40,NS,12,24,54855.74288,1049.0,2,58.22999954223633,0.0,5
94403-01-02-01,MXB0513-40,NS,12,25,54839.79367,1598.0,1,22.139999389648438,0.0,5
94403-01-04-00,MXB0513-40,NS,12,26,54851.55538,1346.0,2,37.709999084472656,0.0,5
94403-01-02-00,MXB0513-40,NS,12,27,54839.46554,9648.0,1,24.920000076293945,0.0,5
93403-01-46-02,MXB0513-40,NS,12,28,54811.77413,1000.0,1,71.1500015258789,0.0,5
94403-01-16-00,MXB0513-40,NS,12,29,55010.11788,1084.0,1,7.760000228881836,0.0,5
93403-01-48-05,MXB0513-40,NS,12,30,54821.33663,1792.0,1,71.47000122070312,0.0,5
93403-01-48-04,MXB0513-40,NS,12,31,54822.84835,3204.0,1,53.16999816894531,0.0,5
93403-01-47-01,MXB0513-40,NS,12,32,54816.16476,1203.0,1,52.959999084472656,0.0,5
94403-01-17-01,MXB0513-40,NS,12,33,55018.90304,1280.0,1,9.390000343322754,0.0,5
94403-01-02-04,MXB0513-40,NS,12,34,54835.40695,2314.0,1,22.200000762939453,0.0,5
94403-01-05-00,MXB0513-40,NS,12,35,54854.49679,1654.0,1,41.779998779296875,0.0,5
93403-01-47-00,MXB0513-40,NS,12,36,54813.50851,3072.0,1,61.7400016784668,0.0,5
94403-01-06-00,MXB0513-40,NS,12,37,54862.67257,1039.0,1,52.290000915527344,0.0,5
94403-01-04-01,MXB0513-40,NS,12,38,54851.48898,1702.0,2,36.599998474121094,0.0,5
95403-01-10-05,MXB0513-40,NS,13,0,55363.33663,1119.0,1,6.949999809265137,0.0,5
94403-01-19-04,MXB0513-40,NS,13,1,55047.22726,1712.0,1,41.95000076293945,0.0,5
95403-01-02-04,MXB0513-40,NS,13,2,55210.52804,1640.0,1,7.96999979019165,0.0,5
94403-01-19-05,MXB0513-40,NS,13,3,55048.0671,1115.0,2,48.02000045776367,0.0,5
95403-01-06-00,MXB0513-40,NS,13,4,55261.22726,1280.0,1,7.489999771118164,0.0,5
94403-01-26-03,MXB0513-40,NS,13,5,55162.71945,1216.0,1,16.709999084472656,0.0,5
95403-01-03-00,MXB0513-40,NS,13,6,55212.68429,1344.0,1,10.5,0.0,5
94403-01-20-04,MXB0513-40,NS,13,7,55054.98898,1183.0,2,33.45000076293945,0.0,5
95403-01-09-01,MXB0513-40,NS,13,8,55355.13351,1091.0,1,6.210000038146973,0.0,5
94403-01-25-00,MXB0513-40,NS,13,9,55158.86398,1478.0,1,11.430000305175781,0.0,5
95403-01-05-00,MXB0513-40,NS,13,10,55252.44992,1447.0,1,7.130000114440918,0.0,5
94403-01-26-01,MXB0513-40,NS,13,11,55165.27804,1618.0,1,8.510000228881836,0.0,5
95403-01-02-00,MXB0513-40,NS,13,12,55206.86788,1174.0,1,8.40999984741211,0.0,5
95403-01-02-01,MXB0513-40,NS,13,13,55206.53585,1144.0,2,8.6899995803833,0.0,5
94403-01-21-00,MXB0513-40,NS,13,14,55061.54757,1280.0,2,54.959999084472656,0.0,5
94403-01-20-01,MXB0513-40,NS,13,15,55052.72335,1024.0,2,24.239999771118164,0.0,5
95403-01-11-03,MXB0513-40,NS,13,16,55367.72726,1408.0,1,7.739999771118164,0.0,5
95403-01-03-01,MXB0513-40,NS,13,17,55213.73117,1232.0,1,11.140000343322754,0.0,5
94403-01-28-02,MXB0513-40,NS,13,18,55194.0007,1022.0,1,17.139999389648438,0.0,5
95403-01-03-03,MXB0513-40,NS,13,19,55215.04367,1280.0,1,18.350000381469727,0.0,5
95403-01-10-02,MXB0513-40,NS,13,20,55361.96163,1079.0,1,5.820000171661377,0.0,5
95403-01-09-03,MXB0513-40,NS,13,21,55357.98117,3172.0,1,6.610000133514404,0.0,5
95403-01-02-05,MXB0513-40,NS,13,22,55208.82882,1050.0,1,8.510000228881836,0.0,5
95403-01-02-02,MXB0513-40,NS,13,23,55208.77023,1879.0,1,8.779999732971191,0.0,5
95403-01-09-00,MXB0513-40,NS,13,24,55352.04757,3318.0,1,6.03000020980835,0.0,5
94403-01-21-01,MXB0513-40,NS,13,25,55108.4421,2176.0,1,23.489999771118164,0.0,5
94403-01-26-02,MXB0513-40,NS,13,26,55165.34445,1653.0,1,8.069999694824219,0.0,5
95403-01-07-02,MXB0513-40,NS,13,27,55316.39523,1280.0,1,6.46999979019165,0.0,5
95403-01-07-00,MXB0513-40,NS,13,28,55317.0007,1536.0,1,5.360000133514404,0.0,5
95403-01-06-01,MXB0513-40,NS,13,29,55264.54367,1176.0,1,8.279999732971191,0.0,5
94403-01-19-01,MXB0513-40,NS,13,30,55046.23898,1058.0,1,26.899999618530273,0.0,5
95403-01-11-01,MXB0513-40,NS,13,31,55365.69992,1152.0,2,7.820000171661377,0.0,5
94403-01-25-01,MXB0513-40,NS,13,32,55158.01632,1514.0,1,13.5,0.0,5
95403-01-09-02,MXB0513-40,NS,13,33,55357.26242,1344.0,2,8.029999732971191,0.0,5
95403-01-02-03,MXB0513-40,NS,13,34,55208.5632,1344.0,1,8.300000190734863,0.0,5
94403-01-22-00,MXB0513-40,NS,13,35,55112.03195,1560.0,2,29.020000457763672,0.0,5
95403-01-01-00,MXB0513-40,NS,13,36,55200.99679,1630.0,1,9.800000190734863,0.0,5
94403-01-20-03,MXB0513-40,NS,13,37,55054.14913,1087.0,2,28.049999237060547,0.0,5
95403-01-11-00,MXB0513-40,NS,13,38,55365.10226,1304.0,1,7.309999942779541,0.0,5
96403-01-08-00,MXB0513-40,NS,14,0,55717.80148,1024.0,1,7.21999979019165,0.0,5
95403-01-23-01,MXB0513-40,NS,14,1,55514.35617,1280.0,1,10.800000190734863,0.0,5
95403-01-23-03,MXB0513-40,NS,14,2,55515.91085,1390.0,1,11.920000076293945,0.0,5
96403-01-01-00,MXB0513-40,NS,14,3,55561.41476,1664.0,1,36.41999816894531,0.0,5
96403-01-10-00G,MXB0513-40,NS,14,4,55754.16476,1151.0,2,8.770000457763672,0.0,5
95403-01-22-01,MXB0513-40,NS,14,5,55508.48898,1408.0,2,12.510000228881836,0.0,5
96403-01-11-00,MXB0513-40,NS,14,6,55758.21163,1167.0,1,8.369999885559082,0.0,5
96403-01-13-00,MXB0513-40,NS,14,7,55811.86788,1117.0,1,7.150000095367432,0.0,5
95403-01-25-00,MXB0513-40,NS,14,8,55550.04367,1102.0,2,47.06999969482422,0.0,5
95403-01-26-03,MXB0513-40,NS,14,9,55560.61007,1343.0,1,34.779998779296875,0.0,5
95403-01-18-02,MXB0513-40,NS,14,10,55460.77023,1656.0,1,37.59000015258789,0.0,5
95403-01-15-01,MXB0513-40,NS,14,11,55417.07492,1096.0,1,12.25,0.0,5
96403-01-12-00,MXB0513-40,NS,14,12,55773.48507,1151.0,1,7.289999961853027,0.0,5
95403-01-26-02,MXB0513-40,NS,14,13,55558.85617,1356.0,1,45.91999816894531,0.0,5
95403-01-21-03,MXB0513-40,NS,14,14,55504.55538,3439.0,1,18.739999771118164,0.0,5
96403-01-02-00,MXB0513-40,NS,14,15,55571.07101,1024.0,1,26.440000534057617,0.0,5
95403-01-12-00,MXB0513-40,NS,14,16,55372.89523,1664.0,2,11.180000305175781,0.0,5
96403-01-06-00,MXB0513-40,NS,14,17,55652.62179,1111.0,1,7.409999847412109,0.0,5
95403-01-14-00,MXB0513-40,NS,14,18,55408.1921,1214.0,1,7.559999942779541,0.0,5
96403-01-12-01,MXB0513-40,NS,14,19,55774.66476,1383.0,1,7.099999904632568,0.0,5
96403-01-17-00,MXB0513-40,NS,14,20,55905.51242,3376.0,1,6.170000076293945,0.0,5
95403-01-18-00,MXB0513-40,NS,14,21,55459.72335,1152.0,2,42.040000915527344,0.0,5
95403-01-20-00,MXB0513-40,NS,14,22,55489.0007,1534.0,2,6.409999847412109,0.0,5
95403-01-18-01,MXB0513-40,NS,14,23,55459.89523,1470.0,2,42.38999938964844,0.0,5
95403-01-23-00,MXB0513-40,NS,14,24,55513.88742,1535.0,1,9.649999618530273,0.0,5
95403-01-26-00,MXB0513-40,NS,14,25,55554.42648,1272.0,1,35.56999969482422,0.0,5
96403-01-11-02,MXB0513-40,NS,14,26,55762.05929,1263.0,1,7.730000019073486,0.0,5
96403-01-14-01,MXB0513-40,NS,14,27,55851.82101,1407.0,1,6.420000076293945,0.0,5
95403-01-23-02,MXB0513-40,NS,14,28,55514.93038,1340.0,1,11.359999656677246,0.0,5
95403-01-22-02,MXB0513-40,NS,14,29,55511.00851,1102.0,1,10.350000381469727,0.0,5
95403-01-26-01,MXB0513-40,NS,14,30,55556.82882,1262.0,1,37.54999923706055,0.0,5
95403-01-23-04,MXB0513-40,NS,14,31,55516.88742,1017.0,1,13.300000190734863,0.0,5
96403-01-17-01,MXB0513-40,NS,14,32,55908.6882,1399.0,1,6.039999961853027,0.0,5
95403-01-24-00,MXB0513-40,NS,14,33,55530.36007,1024.0,1,47.43000030517578,0.0,5
95403-01-17-02,MXB0513-40,NS,14,34,55448.84835,1708.0,1,43.900001525878906,0.0,5
96403-01-04-00,MXB0513-40,NS,14,35,55611.64913,1102.0,1,10.0600004196167,0.0,5
95403-01-15-00,MXB0513-40,NS,14,36,55417.14523,1504.0,1,12.489999771118164,0.0,5
95403-01-15-02,MXB0513-40,NS,14,37,55420.01632,1000.0,1,12.039999961853027,0.0,5
95403-01-19-01,MXB0513-40,NS,14,38,55468.91476,1024.0,1,41.13999938964844,0.0,5
60084-02-01-01,NGC6440,NS,0,0,52138.84445,6539.0,1,49.439998626708984,0.002,5
60084-02-01-02,NGC6440,NS,0,1,52142.55929,6280.0,1,41.310001373291016,0.002,5
60084-02-01-03,NGC6440,NS,0,2,52143.64913,2822.0,2,37.72999954223633,0.002,5
60084-02-01-04,NGC6440,NS,0,3,52140.83273,6592.0,1,47.88999938964844,0.002,5
30425-01-01-00,NGC6440,NS,0,4,51051.43429,13848.0,4,62.4900016784668,0.0016,3
60084-02-01-00,NGC6440,NS,0,5,52138.42648,2432.0,3,49.68000030517578,0.002,5
60035-02-02-00,NGC6440,NS,1,0,52189.32492,6545.0,1,425.30999755859375,0.0025,5
60035-02-02-03,NGC6440,NS,1,1,52190.41085,9892.0,1,327.239990234375,0.0025,5
60035-02-01-00,NGC6440,NS,1,2,52180.74288,3207.0,2,384.70001220703125,0.0025,5
60035-02-02-02,NGC6440,NS,1,3,52190.07882,1920.0,3,269.989990234375,0.0025,5
60035-02-02-01,NGC6440,NS,1,4,52189.57101,4678.0,1,357.92999267578125,0.0025,5
60035-02-02-04,NGC6440,NS,1,5,52191.66476,9286.0,1,399.45001220703125,0.0025,5
60035-02-02-05,NGC6440,NS,2,0,52192.32882,9737.0,1,371.7900085449219,0.0025,5
60035-02-02-06,NGC6440,NS,2,1,52193.35617,12928.0,1,400.75,0.0025,5
60035-02-03-03,NGC6440,NS,2,2,52196.23507,3070.0,3,409.739990234375,0.0025,5
60035-02-03-02,NGC6440,NS,2,3,52198.29757,9461.0,1,322.95001220703125,0.0025,5
60035-02-03-00,NGC6440,NS,2,4,52195.57492,9820.0,1,398.6300048828125,0.0025,5
60035-02-03-01,NGC6440,NS,2,5,52195.3171,3264.0,1,399.2900085449219,0.0025,5
91050-03-05-00,NGC6440,NS,3,0,53525.3132,1401.0,1,427.70001220703125,0.0025,5
91050-03-04-00,NGC6440,NS,3,1,53520.73898,3227.0,3,344.239990234375,0.0025,5
91050-03-02-00,NGC6440,NS,3,2,53518.05929,1175.0,2,299.2300109863281,0.0025,5
91050-03-08-00,NGC6440,NS,3,3,53562.15695,2864.0,2,98.33000183105469,0.0025,5
91050-03-03-00,NGC6440,NS,3,4,53519.16476,3244.0,1,323.20001220703125,0.0025,5
91050-03-07-00,NGC6440,NS,3,5,53535.46554,1041.0,1,413.9100036621094,0.0025,5
94315-01-06-00,NGC6440,NS,4,0,55218.02804,2063.0,1,308.7799987792969,0.0,5
94315-01-05-02,NGC6440,NS,4,1,55216.01632,4901.0,1,341.42999267578125,0.0,5
91050-03-09-00,NGC6440,NS,4,2,53564.85617,2813.0,1,46.5,0.0025,5
94315-01-05-00,NGC6440,NS,4,3,55215.15304,2202.0,2,366.010009765625,0.0,5
94315-01-05-03,NGC6440,NS,4,4,55216.86788,8068.0,1,351.54998779296875,0.0,5
94315-01-05-01,NGC6440,NS,4,5,55214.82882,3200.0,3,343.55999755859375,0.0,5
94315-01-06-07,NGC6440,NS,5,0,55222.55148,1744.0,2,394.9100036621094,0.0,5
94315-01-06-05,NGC6440,NS,5,1,55221.7546,9680.0,1,312.07000732421875,0.0,5
94315-01-06-08,NGC6440,NS,5,2,55219.96945,6242.0,1,333.32000732421875,0.0,5
94315-01-06-09,NGC6440,NS,5,3,55220.45382,1087.0,2,368.239990234375,0.0,5
94315-01-06-03,NGC6440,NS,5,4,55220.88351,5700.0,1,371.94000244140625,0.0,5
94315-01-06-01,NGC6440,NS,5,5,55218.91867,6416.0,1,365.8399963378906,0.0,5
94315-01-06-11,NGC6440,NS,6,0,55224.83273,3158.0,1,281.20001220703125,0.0,5
94315-01-06-06,NGC6440,NS,6,1,55224.71163,1661.0,1,347.92999267578125,0.0,5
94315-01-06-04,NGC6440,NS,6,2,55224.96945,3167.0,2,289.94000244140625,0.0,5
94315-01-06-02,NGC6440,NS,6,3,55224.50851,1657.0,1,295.5799865722656,0.0,5
94315-01-06-10,NGC6440,NS,6,4,55223.65695,3241.0,1,341.510009765625,0.0,5
94315-01-07-00,NGC6440,NS,6,5,55225.61398,2877.0,2,320.9700012207031,0.0,5
94315-01-07-02,NGC6440,NS,7,0,55228.5007,8853.0,1,284.3800048828125,0.0,5
94315-01-07-05,NGC6440,NS,7,1,55225.8132,3264.0,1,311.2799987792969,0.0,5
94315-01-07-07,NGC6440,NS,7,2,55227.97726,3216.0,1,203.85000610351562,0.0,5
94315-01-07-01,NGC6440,NS,7,3,55225.68429,2889.0,2,309.8800048828125,0.0,5
94315-01-07-06,NGC6440,NS,7,4,55226.93038,3296.0,1,292.54998779296875,0.0,5
94315-01-07-04,NGC6440,NS,8,0,55229.74288,2920.0,1,276.92999267578125,0.0,5
94315-01-07-09,NGC6440,NS,8,1,55231.24288,2590.0,1,224.0399932861328,0.0,5
94315-01-07-10,NGC6440,NS,8,2,55230.51632,1820.0,1,276.510009765625,0.0,5
94315-01-07-03,NGC6440,NS,8,3,55231.51242,7594.0,1,182.88999938964844,0.0,5
94315-01-07-08,NGC6440,NS,8,4,55229.28195,2223.0,1,303.3999938964844,0.0,5
94315-01-08-00,NGC6440,NS,9,0,55232.85617,3493.0,1,165.92999267578125,0.0,5
94315-01-08-01,NGC6440,NS,9,1,55233.49288,6656.0,1,165.00999450683594,0.0,5
94315-01-08-10,NGC6440,NS,9,2,55234.63742,2304.0,1,121.01000213623047,0.0,5
94315-01-08-04,NGC6440,NS,9,3,55235.09054,2734.0,2,109.18000030517578,0.0,5
94315-01-08-11,NGC6440,NS,9,4,55232.67648,2518.0,2,171.30999755859375,0.0,5
94315-01-08-08,NGC6440,NS,10,0,55238.3132,3061.0,1,55.290000915527344,0.0,5
94315-01-08-07,NGC6440,NS,10,1,55238.20382,6528.0,1,60.970001220703125,0.0,5
94315-01-08-09G,NGC6440,NS,10,2,55238.96945,2368.0,1,49.68000030517578,0.0,5
94315-01-08-06,NGC6440,NS,10,3,55237.47726,5334.0,1,73.43000030517578,0.0,5
94315-01-08-05,NGC6440,NS,10,4,55236.53195,8528.0,1,87.51000213623047,0.0,5
94315-01-09-05,NGC6440,NS,11,0,55240.44992,1671.0,2,35.18000030517578,0.0,5
94315-01-09-04,NGC6440,NS,11,1,55240.33663,2681.0,1,33.939998626708984,0.0,5
94315-01-09-00,NGC6440,NS,11,2,55239.02413,3141.0,1,51.880001068115234,0.0,5
94315-01-09-01,NGC6440,NS,11,3,55239.46554,1288.0,2,40.56999969482422,0.0,5
94315-01-09-02,NGC6440,NS,11,4,55239.9382,3107.0,1,36.65999984741211,0.0,5
94315-01-09-09,NGC6440,NS,12,0,55243.1296,4673.0,1,12.989999771118164,0.0,5
94315-01-09-07,NGC6440,NS,12,1,55241.2507,3221.0,2,25.239999771118164,0.0,5
94315-01-09-08,NGC6440,NS,12,2,55242.30148,3158.0,2,16.760000228881836,0.0,5
94315-01-09-10,NGC6440,NS,12,3,55244.19992,2716.0,2,9.510000228881836,0.0,5
94315-01-09-06,NGC6440,NS,12,4,55240.90304,4425.0,1,29.030000686645508,0.0,5
94315-01-12-02,NGC6440,NS,13,0,55276.70382,1742.0,1,8.0,0.0,5
94315-01-14-00,NGC6440,NS,13,1,55359.53976,9051.0,1,22.459999084472656,0.0003,5
94315-01-09-11,NGC6440,NS,13,2,55245.1296,5840.0,1,5.429999828338623,0.0,5
94315-01-12-00,NGC6440,NS,13,3,55276.23507,1807.0,1,11.75,0.0,5
94315-01-12-01,NGC6440,NS,13,4,55277.02413,2527.0,1,5.130000114440918,0.0,5
96326-01-02-00,NGC6440,NS,14,0,55584.70773,2048.0,1,21.329999923706055,0.0022,5
96326-01-40-00,NGC6440,NS,14,1,55872.9382,3088.0,2,5.019999980926514,0.0022,5
94315-01-25-00,NGC6440,NS,14,2,55473.80538,1208.0,2,20.559999465942383,0.0,5
96326-01-35-00,NGC6440,NS,14,3,55871.26242,1114.0,1,21.799999237060547,0.0022,5
96326-01-10-00,NGC6440,NS,14,4,55641.82492,1870.0,1,6.25,0.0022,5
50138-01-02-00,SAXJ1747.0-2853,NS,0,0,51611.38742,3366.0,4,348.29998779296875,0.0044,4
50036-01-01-00,SAXJ1747.0-2853,NS,0,1,51614.14132,1917.0,4,334.05999755859375,0.0044,4
50036-01-01-01,SAXJ1747.0-2853,NS,0,2,51614.79367,2688.0,2,361.0,0.0044,4
50036-01-02-00,SAXJ1747.0-2853,NS,1,0,51625.80929,1784.0,2,227.85000610351562,0.0044,4
50058-04-01-01,SAXJ1747.0-2853,NS,1,1,51615.1257,3392.0,3,339.0,0.0044,4
50058-04-01-00,SAXJ1747.0-2853,NS,1,2,51615.28976,10373.0,3,307.82000732421875,0.0044,4
60117-05-01-00,SAXJ1747.0-2853,NS,2,0,52309.59054,1152.0,2,116.45999908447266,0.0263,5
60084-01-01-00,SAXJ1747.0-2853,NS,2,1,52190.64913,12370.0,1,119.7699966430664,0.0263,5
90058-02-01-00,SAXJ1747.0-2853,NS,2,2,53085.73507,3232.0,1,515.0700073242188,0.0,5
90058-02-03-00,SAXJ1747.0-2853,NS,3,0,53090.20773,1385.0,1,438.17999267578125,0.0,5
90058-02-02-00,SAXJ1747.0-2853,NS,3,1,53088.88351,2311.0,2,451.0799865722656,0.0,5
90058-02-03-01,SAXJ1747.0-2853,NS,3,2,53090.61007,1285.0,1,363.8599853515625,0.0,5
90058-02-06-00,SAXJ1747.0-2853,NS,4,0,53096.64132,3328.0,1,383.3900146484375,0.0,5
90058-02-04-00,SAXJ1747.0-2853,NS,4,1,53092.6921,3251.0,2,402.5400085449219,0.0,5
90058-02-05-00,SAXJ1747.0-2853,NS,4,2,53094.8757,2718.0,1,389.32000732421875,0.0,5
93044-04-01-00,SAXJ1747.0-2853,NS,5,0,54378.17257,2387.0,1,210.25,0.0,5
90058-02-08-00,SAXJ1747.0-2853,NS,5,1,53100.98117,2598.0,1,333.0799865722656,0.0,5
90058-02-07-00,SAXJ1747.0-2853,NS,5,2,53098.87179,2889.0,1,370.0299987792969,0.0,5
93064-01-01-04,SAXJ1747.0-2853,NS,6,0,54380.78976,2890.0,2,160.86000061035156,0.0,5
93044-04-02-00,SAXJ1747.0-2853,NS,6,1,54379.82101,3312.0,1,172.05999755859375,0.0,5
93064-01-01-03,SAXJ1747.0-2853,NS,6,2,54380.85617,1152.0,2,158.38999938964844,0.0,5
93064-01-01-05,SAXJ1747.0-2853,NS,7,0,54380.92257,1280.0,1,162.5399932861328,0.0,5
93064-01-01-06,SAXJ1747.0-2853,NS,7,1,54381.11788,2149.0,1,161.8800048828125,0.0,5
93064-01-01-01,SAXJ1747.0-2853,NS,7,2,54381.25851,2816.0,1,165.58999633789062,0.0,5
93064-01-01-00,SAXJ1747.0-2853,NS,8,0,54381.44992,9815.0,1,166.8699951171875,0.0,5
93064-01-01-02,SAXJ1747.0-2853,NS,8,1,54381.65304,9835.0,1,166.2899932861328,0.0,5
93064-01-01-07,SAXJ1747.0-2853,NS,8,2,54381.82882,1320.0,1,159.8000030517578,0.0,5
93044-04-06-00,SAXJ1747.0-2853,NS,9,0,54383.53976,3264.0,1,142.36000061035156,0.0,5
93064-01-01-10,SAXJ1747.0-2853,NS,9,1,54382.66867,6528.0,1,162.16000366210938,0.0,5
93064-01-01-08,SAXJ1747.0-2853,NS,9,2,54382.03976,1280.0,1,162.17999267578125,0.0,5
93044-04-07-00,SAXJ1747.0-2853,NS,10,0,54384.52413,3150.0,1,134.60000610351562,0.0,5
93044-04-03-00,SAXJ1747.0-2853,NS,10,1,54385.57882,3232.0,2,131.5,0.0,5
93044-04-04-00,SAXJ1747.0-2853,NS,11,0,54386.5007,3232.0,2,148.1300048828125,0.0,5
93044-04-05-00,SAXJ1747.0-2853,NS,11,1,54387.59835,3232.0,1,139.50999450683594,0.0,5
96422-01-01-00,SAXJ1747.0-2853,NS,12,0,55621.65304,6330.0,1,202.47999572753906,0.0,5
93044-04-08-00,SAXJ1747.0-2853,NS,12,1,54388.64523,3216.0,2,141.67999267578125,0.0,5
96422-01-01-01,SAXJ1747.0-2853,NS,13,0,55621.76242,2757.0,1,205.52000427246094,0.0,5
96422-01-02-00,SAXJ1747.0-2853,NS,13,1,55625.91085,5704.0,1,194.80999755859375,0.0,5
96422-01-02-01,SAXJ1747.0-2853,NS,14,0,55627.66085,5592.0,1,218.82000732421875,0.0,5
96422-01-02-02,SAXJ1747.0-2853,NS,14,1,55630.72335,7364.0,1,217.24000549316406,0.0,5
60084-03-01-00,SAXJ1750.8-2900,NS,0,0,51979.8796,5578.0,1,199.25,0.0359,5
60084-03-02-00,SAXJ1750.8-2900,NS,0,1,51975.91476,3428.0,1,249.30999755859375,0.0359,5
20411-01-02-00,SAXJ1750.8-2900,NS,0,2,50548.66867,2937.0,3,28.8700008392334,0.036,3
20411-01-01-00,SAXJ1750.8-2900,NS,0,3,50542.98898,1918.0,5,18.559999465942383,0.036,3
60084-03-01-02,SAXJ1750.8-2900,NS,0,4,51980.10226,3334.0,3,151.10000610351562,0.0359,5
60084-03-01-01,SAXJ1750.8-2900,NS,0,5,51980.0046,4726.0,1,163.58999633789062,0.0359,5
60035-01-02-02,SAXJ1750.8-2900,NS,1,0,52011.60226,3328.0,1,184.47999572753906,0.0359,5
60035-01-01-00,SAXJ1750.8-2900,NS,1,1,52014.71945,9262.0,1,218.97999572753906,0.0359,5
60084-03-01-03,SAXJ1750.8-2900,NS,1,2,51980.16867,1603.0,3,143.7899932861328,0.0359,5
60035-01-02-01,SAXJ1750.8-2900,NS,1,3,52008.48117,3020.0,1,136.6300048828125,0.0359,5
60117-01-01-00,SAXJ1750.8-2900,NS,1,4,52051.62179,2952.0,3,75.9800033569336,0.0359,5
60035-01-02-00,SAXJ1750.8-2900,NS,1,5,52005.57101,2793.0,1,139.72999572753906,0.0359,5
93044-08-01-00,SAXJ1750.8-2900,NS,2,0,54541.05538,1582.0,1,203.07000732421875,0.0,5
93044-08-05-00,SAXJ1750.8-2900,NS,2,1,54546.90695,2665.0,1,187.49000549316406,0.0,5
90058-07-01-00,SAXJ1750.8-2900,NS,2,2,53145.61788,1550.0,1,24.170000076293945,0.0359,5
93044-08-04-00,SAXJ1750.8-2900,NS,2,3,54545.84445,2843.0,2,233.25,0.0,5
93044-08-02-00,SAXJ1750.8-2900,NS,2,4,54542.96945,3200.0,1,256.4599914550781,0.0,5
93044-08-03-00,SAXJ1750.8-2900,NS,2,5,54544.08663,3200.0,2,304.19000244140625,0.0,5
93044-08-08-01,SAXJ1750.8-2900,NS,3,0,54549.78195,1311.0,1,90.2300033569336,0.0,5
93044-08-07-00,SAXJ1750.8-2900,NS,3,1,54548.85617,2617.0,1,116.7699966430664,0.0,5
93432-01-01-00,SAXJ1750.8-2900,NS,3,2,54551.79757,3200.0,2,59.54999923706055,0.0,5
93432-01-01-01,SAXJ1750.8-2900,NS,3,3,54552.85617,1534.0,1,54.970001220703125,0.0,5
93044-08-08-00,SAXJ1750.8-2900,NS,3,4,54550.90304,1182.0,2,68.6500015258789,0.0,5
93044-08-06-00,SAXJ1750.8-2900,NS,3,5,54547.88742,2619.0,2,141.92999267578125,0.0,5
93432-01-02-04,SAXJ1750.8-2900,NS,4,0,54557.82492,1008.0,2,38.68000030517578,0.0,5
93432-01-02-00,SAXJ1750.8-2900,NS,4,1,54555.79757,1582.0,1,43.119998931884766,0.0,5
93432-01-02-01,SAXJ1750.8-2900,NS,4,2,54556.71554,1582.0,1,40.369998931884766,0.0,5
93432-01-02-02,SAXJ1750.8-2900,NS,4,3,54553.6296,1555.0,1,52.029998779296875,0.0,5
93432-01-02-03,SAXJ1750.8-2900,NS,4,4,54554.8171,1501.0,1,46.29999923706055,0.0,5
93432-01-02-06,SAXJ1750.8-2900,NS,4,5,54559.64132,2059.0,1,44.02000045776367,0.0,5
93432-01-03-02,SAXJ1750.8-2900,NS,5,0,54562.66085,2870.0,1,48.400001525878906,0.0,5
93432-01-04-00,SAXJ1750.8-2900,NS,5,1,54568.48898,2098.0,1,80.5999984741211,0.0,5
93432-01-03-01,SAXJ1750.8-2900,NS,5,2,54561.61788,2447.0,1,44.900001525878906,0.0,5
93432-01-03-04,SAXJ1750.8-2900,NS,5,3,54566.13742,1603.0,2,68.06999969482422,0.0,5
93432-01-03-00,SAXJ1750.8-2900,NS,5,4,54560.76632,2489.0,1,45.209999084472656,0.0,5
93432-01-03-05,SAXJ1750.8-2900,NS,5,5,54566.53195,2552.0,2,68.16999816894531,0.0,5
93432-01-05-00,SAXJ1750.8-2900,NS,6,0,54574.29757,1734.0,1,116.69999694824219,0.0,5
93432-01-04-01,SAXJ1750.8-2900,NS,6,1,54570.52413,2800.0,1,91.16000366210938,0.0,5
93432-01-05-02,SAXJ1750.8-2900,NS,6,2,54578.64132,2176.0,1,139.66000366210938,0.0,5
93432-01-04-02,SAXJ1750.8-2900,NS,6,3,54572.41085,3408.0,1,101.33000183105469,0.0,5
93432-01-05-01,SAXJ1750.8-2900,NS,6,4,54576.20382,2808.0,1,128.61000061035156,0.0,5
93432-01-05-03,SAXJ1750.8-2900,NS,6,5,54579.54757,1408.0,1,145.33999633789062,0.0,5
93432-01-06-03,SAXJ1750.8-2900,NS,7,0,54584.32101,1401.0,1,282.989990234375,0.0,5
93432-01-06-04,SAXJ1750.8-2900,NS,7,1,54585.70773,1792.0,1,481.7799987792969,0.0,5
93432-01-06-00,SAXJ1750.8-2900,NS,7,2,54581.0632,3088.0,1,164.16000366210938,0.0,5
93432-01-05-04,SAXJ1750.8-2900,NS,7,3,54580.52804,2146.0,1,155.1999969482422,0.0,5
93432-01-06-02,SAXJ1750.8-2900,NS,7,4,54583.92257,2278.0,1,220.27999877929688,0.0,5
93432-01-06-01,SAXJ1750.8-2900,NS,7,5,54582.6257,1920.0,1,193.9600067138672,0.0,5
93432-01-06-06,SAXJ1750.8-2900,NS,8,0,54587.86788,1151.0,1,451.44000244140625,0.0,5
93432-01-07-04,SAXJ1750.8-2900,NS,8,1,54593.61398,2176.0,1,385.010009765625,0.0,5
93432-01-07-00,SAXJ1750.8-2900,NS,8,2,54588.64913,2678.0,1,566.4000244140625,0.0,5
93432-01-07-01,SAXJ1750.8-2900,NS,8,3,54590.61398,2432.0,1,371.19000244140625,0.0,5
93432-01-07-02,SAXJ1750.8-2900,NS,8,4,54591.66867,1920.0,2,382.260009765625,0.0,5
93432-01-06-05,SAXJ1750.8-2900,NS,8,5,54586.89132,2113.0,1,553.5499877929688,0.0,5
93432-01-08-01,SAXJ1750.8-2900,NS,9,0,54601.80148,1656.0,1,356.1600036621094,0.0,5
93432-01-09-03,SAXJ1750.8-2900,NS,9,1,54606.90304,1650.0,1,272.7300109863281,0.0,5
93432-01-08-02,SAXJ1750.8-2900,NS,9,2,54598.32101,1024.0,2,465.9800109863281,0.0,5
93432-01-09-01,SAXJ1750.8-2900,NS,9,3,54605.66476,3200.0,1,322.7200012207031,0.0,5
93432-01-09-00,SAXJ1750.8-2900,NS,9,4,54603.57492,1724.0,1,437.260009765625,0.0,5
93432-01-08-00,SAXJ1750.8-2900,NS,9,5,54596.05148,1150.0,1,375.5299987792969,0.0,5
93432-01-10-03,SAXJ1750.8-2900,NS,10,0,54612.59445,3081.0,1,298.2699890136719,0.0,5
93432-01-10-02,SAXJ1750.8-2900,NS,10,1,54611.62179,1021.0,1,255.91000366210938,0.0,5
93432-01-09-02,SAXJ1750.8-2900,NS,10,2,54607.6257,3200.0,1,258.5799865722656,0.0,5
93432-01-10-04,SAXJ1750.8-2900,NS,10,3,54613.55929,1607.0,1,314.7099914550781,0.0,5
93432-01-10-00,SAXJ1750.8-2900,NS,10,4,54609.5046,2010.0,1,354.7699890136719,0.0,5
93432-01-10-01,SAXJ1750.8-2900,NS,10,5,54610.5007,3165.0,1,344.3399963378906,0.0,5
93432-01-11-00,SAXJ1750.8-2900,NS,11,0,54617.50851,2251.0,1,212.47999572753906,0.0,5
93432-01-12-04,SAXJ1750.8-2900,NS,11,1,54626.27804,1392.0,1,153.42999267578125,0.0,5
93432-01-11-04,SAXJ1750.8-2900,NS,11,2,54621.35226,2558.0,1,234.39999389648438,0.0,5
93432-01-12-00,SAXJ1750.8-2900,NS,11,3,54625.29367,1632.0,1,154.22999572753906,0.0,5
93432-01-11-01,SAXJ1750.8-2900,NS,11,4,54619.98507,1663.0,1,256.79998779296875,0.0,5
93432-01-11-03,SAXJ1750.8-2900,NS,11,5,54618.53195,1584.0,1,276.05999755859375,0.0,5
93432-01-13-05,SAXJ1750.8-2900,NS,12,0,54636.8796,3217.0,1,56.45000076293945,0.0,5
93432-01-12-02,SAXJ1750.8-2900,NS,12,1,54626.98507,1070.0,1,138.36000061035156,0.0,5
93432-01-13-04,SAXJ1750.8-2900,NS,12,2,54634.84054,3267.0,1,77.55000305175781,0.0,5
93432-01-13-01,SAXJ1750.8-2900,NS,12,3,54632.07882,1392.0,1,130.67999267578125,0.0,5
93432-01-13-02,SAXJ1750.8-2900,NS,12,4,54633.02413,1382.0,1,100.5999984741211,0.0,5
93432-01-13-00,SAXJ1750.8-2900,NS,12,5,54630.45773,2176.0,1,116.37999725341797,0.0,5
93432-01-14-05,SAXJ1750.8-2900,NS,13,0,54643.61398,3077.0,1,73.31999969482422,0.0,5
93432-01-14-00,SAXJ1750.8-2900,NS,13,1,54638.77413,3200.0,1,51.439998626708984,0.0,5
93432-01-14-02,SAXJ1750.8-2900,NS,13,2,54639.74679,3052.0,1,56.84000015258789,0.0,5
93432-01-14-03,SAXJ1750.8-2900,NS,13,3,54640.46554,2304.0,1,61.97999954223633,0.0,5
93432-01-15-00,SAXJ1750.8-2900,NS,13,4,54644.73898,1305.0,1,94.48999786376953,0.0,5
93432-01-14-04,SAXJ1750.8-2900,NS,13,5,54641.64913,2954.0,1,63.16999816894531,0.0,5
93432-01-17-01,SAXJ1750.8-2900,NS,14,0,54662.71554,1874.0,1,41.61000061035156,0.0,5
93432-01-15-03,SAXJ1750.8-2900,NS,14,1,54646.28195,1408.0,1,89.56999969482422,0.0,5
93432-01-16-04,SAXJ1750.8-2900,NS,14,2,54655.58663,3200.0,1,48.5099983215332,0.0,5
93432-01-16-00,SAXJ1750.8-2900,NS,14,3,54651.61007,1040.0,1,59.779998779296875,0.0,5
93432-01-16-01,SAXJ1750.8-2900,NS,14,4,54652.71945,1505.0,1,47.7599983215332,0.0,5
93432-01-17-02,SAXJ1750.8-2900,NS,14,5,54664.74288,1581.0,1,38.04999923706055,0.0,5
20064-13-02-00,SERX1,NS,0,0,50554.64132,9598.0,5,545.97998046875,0.0004,3
20072-01-01-000,SERX1,NS,0,1,50647.42257,13247.0,5,507.2300109863281,0.0004,3
20072-01-02-000,SERX1,NS,0,2,50651.19992,13409.0,4,559.5999755859375,0.0004,3
20072-01-01-00,SERX1,NS,0,3,50647.64523,8845.0,5,531.3900146484375,0.0004,3
20064-13-01-01,SERX1,NS,0,4,50535.76242,2758.0,4,487.3599853515625,0.0004,3
20064-13-01-00,SERX1,NS,0,5,50535.90304,6283.0,4,491.25,0.0004,3
20072-01-03-00,SERX1,NS,1,0,50657.07492,5760.0,4,478.32000732421875,0.0004,3
20072-01-03-01,SERX1,NS,1,1,50657.28195,9437.0,5,493.6099853515625,0.0004,3
20072-01-03-02,SERX1,NS,1,2,50657.5671,12137.0,5,522.280029296875,0.0004,3
20072-01-04-00,SERX1,NS,1,3,50660.71945,9984.0,3,687.4600219726562,0.0004,3
20072-01-02-00,SERX1,NS,1,4,50651.42648,7578.0,5,561.5700073242188,0.0004,3
20072-01-04-000,SERX1,NS,1,5,50660.46163,14580.0,5,730.8400268554688,0.0004,3
40025-03-01-02,SERX1,NS,2,0,51284.89132,2112.0,4,464.42999267578125,0.0016,4
40025-03-01-00,SERX1,NS,2,1,51278.63351,2940.0,3,547.5599975585938,0.0016,4
40025-03-02-01,SERX1,NS,2,2,51288.84054,3290.0,3,443.3299865722656,0.0016,4
40426-01-01-000,SERX1,NS,2,3,51426.30929,15936.0,3,639.3099975585938,0.0016,4
40025-03-02-00,SERX1,NS,2,4,51286.89132,2224.0,4,538.3200073242188,0.0016,4
40025-03-01-01,SERX1,NS,2,5,51281.4421,2640.0,5,590.6699829101562,0.0016,4
50027-01-01-02,SERX1,NS,3,0,51708.32101,1920.0,3,522.7899780273438,0.0004,5
50027-01-01-01,SERX1,NS,3,1,51708.2507,3289.0,3,518.1300048828125,0.0004,5
50027-01-01-00,SERX1,NS,3,2,51708.12179,2685.0,3,527.2999877929688,0.0004,5
40426-01-01-00,SERX1,NS,3,3,51426.53195,5576.0,3,598.260009765625,0.0016,4
50027-01-01-12,SERX1,NS,3,4,51707.80929,4072.0,1,523.489990234375,0.0004,5
50027-01-01-15,SERX1,NS,3,5,51708.18038,2669.0,3,507.239990234375,0.0004,5
50027-01-01-08,SERX1,NS,4,0,51708.91867,2124.0,3,546.8400268554688,0.0004,5
50027-01-01-03,SERX1,NS,4,1,51708.40304,3880.0,1,480.54998779296875,0.0004,5
50027-01-01-06,SERX1,NS,4,2,51708.78195,2600.0,3,505.79998779296875,0.0004,5
50027-01-01-04,SERX1,NS,4,3,51708.52804,1536.0,3,455.7699890136719,0.0004,5
50027-01-01-05,SERX1,NS,4,4,51708.67648,5809.0,3,474.17999267578125,0.0004,5
50027-01-01-07,SERX1,NS,4,5,51708.85226,2880.0,3,549.3599853515625,0.0004,5
50029-35-01-00,SERX1,NS,5,0,51755.5007,3191.0,3,478.1600036621094,0.0026,5
70027-04-01-00,SERX1,NS,5,1,52421.47726,12992.0,1,421.5799865722656,0.0004,5
50027-01-01-09,SERX1,NS,5,2,51708.98507,2662.0,3,534.8499755859375,0.0004,5
50027-01-01-14,SERX1,NS,5,3,51709.11398,3048.0,3,529.239990234375,0.0004,5
50027-01-01-10,SERX1,NS,5,4,51709.04757,2008.0,3,486.8699951171875,0.0004,5
50029-35-01-01,SERX1,NS,5,5,51756.08663,2281.0,3,357.42999267578125,0.0026,5
70014-03-02-03,SERX1,NS,6,0,52460.74679,3189.0,3,459.760009765625,0.0004,5
70027-04-01-01,SERX1,NS,6,1,52421.6882,5275.0,1,476.989990234375,0.0004,5
70014-03-01-00,SERX1,NS,6,2,52436.8757,2768.0,3,531.5,0.0004,5
70014-03-01-02,SERX1,NS,6,3,52436.9421,2448.0,3,497.80999755859375,0.0004,5
70014-03-02-00,SERX1,NS,6,4,52460.82101,3242.0,1,490.69000244140625,0.0004,5
70014-03-01-01,SERX1,NS,6,5,52437.00851,2631.0,1,527.75,0.0004,5
93056-01-01-02,SERX1,NS,7,0,54349.4421,9029.0,1,707.280029296875,0.0,5
70027-04-08-00,SERX1,NS,7,1,53604.07492,6416.0,1,487.54998779296875,0.0004,5
93056-01-01-01,SERX1,NS,7,2,54347.38742,6463.0,1,515.0999755859375,0.0,5
93056-01-01-11,SERX1,NS,7,3,54350.28585,2415.0,2,698.5800170898438,0.0,5
70014-03-02-01,SERX1,NS,7,4,52460.89913,1215.0,1,528.1699829101562,0.0004,5
93056-01-01-00,SERX1,NS,7,5,54346.3757,9744.0,1,657.1599731445312,0.0,5
93056-01-01-14,SERX1,NS,8,0,54356.21945,6395.0,1,502.2699890136719,0.0,5
93056-01-02-05,SERX1,NS,8,1,54414.03976,3200.0,2,561.6199951171875,0.0,5
93056-01-01-12G,SERX1,NS,8,2,54351.3132,12876.0,1,681.9099731445312,0.0,5
93056-01-01-13,SERX1,NS,8,3,54355.28195,16016.0,1,578.530029296875,0.0,5
93056-01-01-10,SERX1,NS,8,4,54350.4382,9696.0,1,647.0599975585938,0.0,5
93056-01-02-04,SERX1,NS,9,0,54416.01242,9545.0,1,420.8500061035156,0.0,5
93056-01-02-01,SERX1,NS,9,1,54417.77023,9124.0,1,513.6199951171875,0.0,5
93056-01-02-06,SERX1,NS,9,2,54414.28195,5878.0,1,623.1300048828125,0.0,5
93056-01-02-03,SERX1,NS,9,3,54416.88742,12816.0,1,385.5,0.0,5
93056-01-02-00,SERX1,NS,9,4,54418.77413,10810.0,1,492.95001220703125,0.0,5
93056-01-02-07,SERX1,NS,10,0,54419.67648,3175.0,1,632.530029296875,0.0,5
93056-01-02-09,SERX1,NS,10,1,54419.86398,9176.0,1,616.4500122070312,0.0,5
93056-01-03-01,SERX1,NS,10,2,54619.77023,5792.0,1,532.02001953125,0.0,5
93056-01-02-08,SERX1,NS,10,3,54419.99288,1280.0,2,543.530029296875,0.0,5
93056-01-03-00,SERX1,NS,10,4,54618.70773,6486.0,1,491.8500061035156,0.0,5
93056-01-03-07,SERX1,NS,11,0,54622.27023,9112.0,1,551.8900146484375,0.0,5
93056-01-03-10,SERX1,NS,11,1,54625.1921,6215.0,1,528.4500122070312,0.0,5
93056-01-03-12,SERX1,NS,11,2,54624.21163,6191.0,1,554.9299926757812,0.0,5
93056-01-03-06,SERX1,NS,11,3,54621.67257,11018.0,1,527.4299926757812,0.0,5
93056-01-03-11,SERX1,NS,11,4,54626.74288,4008.0,1,402.3500061035156,0.0,5
93056-01-05-03,SERX1,NS,12,0,54809.05538,12760.0,1,490.7200012207031,0.0,5
93056-01-04-01,SERX1,NS,12,1,54671.45382,12444.0,1,382.7699890136719,0.0,5
93056-01-05-00,SERX1,NS,12,2,54808.05929,12749.0,1,433.67999267578125,0.0,5
93056-01-03-13,SERX1,NS,12,3,54627.1257,3200.0,1,427.1600036621094,0.0,5
93056-01-04-00,SERX1,NS,12,4,54671.18429,12112.0,1,447.7699890136719,0.0,5
93056-01-06-01,SERX1,NS,13,0,54813.10617,5712.0,1,467.7300109863281,0.0,5
93056-01-06-00,SERX1,NS,13,1,54812.05929,6165.0,1,308.17999267578125,0.0,5
93056-01-06-02,SERX1,NS,13,2,54814.05538,8894.0,1,331.8800048828125,0.0,5
93056-01-05-02,SERX1,NS,13,3,54810.9421,6330.0,1,325.8999938964844,0.0,5
93056-01-05-01,SERX1,NS,13,4,54811.93429,6362.0,1,303.0899963378906,0.0,5
96321-03-15-00,SERX1,NS,14,0,55898.4382,1696.0,1,409.5799865722656,0.0,5
93056-01-06-03,SERX1,NS,14,1,54814.92648,5977.0,1,398.2799987792969,0.0,5
96321-03-07-00,SERX1,NS,14,2,55838.10226,1408.0,1,463.3299865722656,0.0,5
96321-03-06-00,SERX1,NS,14,3,55826.8132,1630.0,1,514.9400024414062,0.0,5
96321-03-16-01,SERX1,NS,14,4,55910.29757,2775.0,1,316.1199951171875,0.0,5
20405-01-01-01,XTEJ1709-267,NS,0,0,50468.86788,4623.0,5,278.1099853515625,0.0,3
20208-01-01-01,XTEJ1709-267,NS,0,1,50470.02413,2320.0,5,391.1099853515625,0.0,3
20405-01-01-00,XTEJ1709-267,NS,0,2,50467.95773,3312.0,5,363.4100036621094,0.0,3
20208-01-01-02,XTEJ1709-267,NS,1,0,50471.83273,2304.0,5,322.54998779296875,0.0,3
20208-01-01-00,XTEJ1709-267,NS,1,1,50470.9421,1966.0,5,428.1400146484375,0.0,3
20208-01-02-00,XTEJ1709-267,NS,1,2,50472.83273,2448.0,5,305.82000732421875,0.0,3
60076-02-02-00,XTEJ1709-267,NS,2,0,52301.94601,3025.0,1,298.2200012207031,0.0,5
60076-02-01-01,XTEJ1709-267,NS,2,1,52297.9382,7298.0,1,310.3699951171875,0.0,5
60076-02-01-00,XTEJ1709-267,NS,2,2,52300.09835,9412.0,1,301.1400146484375,0.0,5
60076-02-02-01,XTEJ1709-267,NS,3,0,52303.0632,3216.0,1,271.30999755859375,0.0,5
60076-02-03-00,XTEJ1709-267,NS,3,1,52305.23507,3171.0,3,289.9700012207031,0.0,5
60076-02-02-02,XTEJ1709-267,NS,3,2,52304.1921,3264.0,2,259.3999938964844,0.0,5
60076-02-03-02,XTEJ1709-267,NS,4,0,52305.96945,2806.0,1,200.0800018310547,0.0,5
60076-02-04-00,XTEJ1709-267,NS,4,1,52306.0671,5461.0,1,241.4199981689453,0.0,5
60076-02-03-01,XTEJ1709-267,NS,4,2,52305.89132,2254.0,2,202.02999877929688,0.0,5
60076-02-05-01,XTEJ1709-267,NS,5,0,52309.88742,5477.0,1,259.1199951171875,0.0,5
60076-02-05-00,XTEJ1709-267,NS,5,1,52308.14913,2984.0,1,208.97000122070312,0.0,5
60076-02-04-01,XTEJ1709-267,NS,5,2,52306.89132,3009.0,1,285.6600036621094,0.0,5
60076-02-06-00,XTEJ1709-267,NS,6,0,52312.03976,9691.0,1,254.1300048828125,0.0,5
60076-02-07-00,XTEJ1709-267,NS,6,1,52314.02413,3264.0,2,184.77999877929688,0.0,5
60076-02-07-01,XTEJ1709-267,NS,6,2,52315.74288,3264.0,3,208.22999572753906,0.0,5
60076-02-08-01,XTEJ1709-267,NS,7,0,52319.84835,3193.0,1,219.6199951171875,0.0,5
60076-02-08-00,XTEJ1709-267,NS,7,1,52317.73507,3168.0,1,173.27000427246094,0.0,5
60076-02-09-01,XTEJ1709-267,NS,8,0,52323.8796,3280.0,1,141.52999877929688,0.0,5
60076-02-09-00,XTEJ1709-267,NS,8,1,52321.89913,3260.0,1,176.24000549316406,0.0,5
60076-02-09-02,XTEJ1709-267,NS,9,0,52324.60617,2306.0,1,125.94000244140625,0.0,5
60076-02-10-00,XTEJ1709-267,NS,9,1,52327.77804,3344.0,2,161.66000366210938,0.0,5
60076-02-10-02,XTEJ1709-267,NS,10,0,52332.78585,3894.0,2,76.51000213623047,0.0,5
60076-02-10-01,XTEJ1709-267,NS,10,1,52330.67257,3360.0,1,111.12000274658203,0.0,5
70134-01-01-00,XTEJ1709-267,NS,11,0,52335.10226,2530.0,3,54.91999816894531,0.0,5
70134-01-01-01,XTEJ1709-267,NS,11,1,52340.50851,2292.0,2,11.380000114440918,0.0,5
70134-01-02-00,XTEJ1709-267,NS,12,0,52345.19601,1488.0,2,10.779999732971191,0.0,5
70134-01-01-02,XTEJ1709-267,NS,12,1,52340.72726,2304.0,1,11.029999732971191,0.0,5
70134-01-03-00,XTEJ1709-267,NS,13,0,52349.77413,2805.0,1,12.949999809265137,0.0,5
70134-01-03-01,XTEJ1709-267,NS,13,1,52351.7546,2680.0,1,10.5,0.0,5
70134-01-03-02,XTEJ1709-267,NS,14,0,52353.84835,2502.0,1,15.319999694824219,0.0,5
70134-01-04-00,XTEJ1709-267,NS,14,1,52355.11788,1679.0,1,15.75,0.0,5
40407-01-02-00,XTEJ1710-281,NS,0,0,51233.54367,8144.0,4,5.630000114440918,0.0183,3
40407-01-04-00,XTEJ1710-281,NS,0,1,51492.90695,6793.0,2,6.429999828338623,0.0003,4
40407-01-03-00,XTEJ1710-281,NS,0,2,51251.05148,3351.0,4,10.449999809265137,0.0003,3
40135-01-43-00,XTEJ1710-281,NS,0,3,51359.76632,3188.0,5,13.890000343322754,0.0,4
40135-01-42-00,XTEJ1710-281,NS,0,4,51359.63742,9823.0,5,11.859999656677246,0.0,4
40407-01-04-01,XTEJ1710-281,NS,0,5,51493.02023,3464.0,4,6.119999885559082,0.0003,4
40135-01-40-00,XTEJ1710-281,NS,0,6,51350.47726,5892.0,3,5.570000171661377,0.0,4
60049-01-01-05,XTEJ1710-281,NS,1,0,52133.05929,1280.0,3,11.470000267028809,0.0003,5
60049-01-01-04,XTEJ1710-281,NS,1,1,52133.19601,2432.0,1,11.479999542236328,0.0003,5
60049-01-01-000,XTEJ1710-281,NS,1,2,52133.46163,16233.0,1,11.069999694824219,0.0003,5
60049-01-01-06,XTEJ1710-281,NS,1,3,52132.86398,1933.0,3,11.140000343322754,0.0003,5
60049-01-01-03,XTEJ1710-281,NS,1,4,52132.95382,6976.0,1,11.0600004196167,0.0003,5
60049-01-01-02,XTEJ1710-281,NS,1,5,52133.79367,3249.0,1,10.149999618530273,0.0003,5
60049-01-01-00,XTEJ1710-281,NS,1,6,52133.68429,6672.0,1,11.149999618530273,0.0003,5
60049-01-01-01,XTEJ1710-281,NS,2,0,52133.9421,7727.0,1,12.279999732971191,0.0003,5
60049-01-03-00,XTEJ1710-281,NS,2,1,52224.03195,3344.0,1,8.420000076293945,0.0003,5
60049-01-05-00,XTEJ1710-281,NS,2,2,52293.08273,3373.0,1,13.359999656677246,0.0003,5
80045-01-01-00,XTEJ1710-281,NS,2,3,52854.8132,1994.0,2,6.699999809265137,0.0003,5
60049-01-04-00,XTEJ1710-281,NS,2,4,52285.40695,3504.0,4,5.150000095367432,0.0003,5
60049-01-06-00,XTEJ1710-281,NS,2,5,52299.10226,3122.0,1,9.680000305175781,0.0003,5
60049-01-02-00G,XTEJ1710-281,NS,2,6,52217.88742,1536.0,1,8.710000038146973,0.0003,5
80045-01-01-02,XTEJ1710-281,NS,3,0,52857.0007,1093.0,3,5.559999942779541,0.0003,5
80045-01-01-05,XTEJ1710-281,NS,3,1,52858.64523,1317.0,2,5.25,0.0003,5
80045-01-02-01,XTEJ1710-281,NS,3,2,52952.16867,1856.0,2,5.260000228881836,0.0003,5
80045-01-01-03,XTEJ1710-281,NS,3,3,52858.10617,1536.0,3,8.039999961853027,0.0003,5
80045-01-03-00,XTEJ1710-281,NS,3,4,53020.93038,1536.0,2,5.340000152587891,0.0003,5
80045-01-02-00,XTEJ1710-281,NS,3,5,52950.52023,1195.0,2,6.849999904632568,0.0003,5
80045-01-01-01,XTEJ1710-281,NS,3,6,52854.94992,1665.0,2,5.130000114440918,0.0003,5
80045-01-03-02,XTEJ1710-281,NS,4,0,53024.0671,1728.0,3,7.170000076293945,0.0003,5
80045-01-03-07,XTEJ1710-281,NS,4,1,53026.13351,1517.0,1,6.590000152587891,0.0003,5
80045-01-03-03,XTEJ1710-281,NS,4,2,53024.20773,1387.0,2,7.230000019073486,0.0003,5
80045-01-03-05,XTEJ1710-281,NS,4,3,53025.84445,2304.0,2,5.940000057220459,0.0003,5
80045-01-03-04,XTEJ1710-281,NS,4,4,53025.71163,1664.0,4,7.440000057220459,0.0003,5
80045-01-03-01,XTEJ1710-281,NS,4,5,53022.29367,1619.0,2,7.210000038146973,0.0003,5
80045-01-03-06,XTEJ1710-281,NS,4,6,53025.99679,1996.0,1,6.199999809265137,0.0003,5
91045-01-01-02,XTEJ1710-281,NS,5,0,53676.19601,2944.0,1,5.190000057220459,0.0,5
80045-01-04-06,XTEJ1710-281,NS,5,1,53319.3796,1797.0,1,12.84000015258789,0.0003,5
80045-01-04-05,XTEJ1710-281,NS,5,2,53319.22726,1673.0,3,5.190000057220459,0.0003,5
91045-01-01-10,XTEJ1710-281,NS,5,3,53679.1882,1822.0,2,5.389999866485596,0.0,5
80045-01-04-01,XTEJ1710-281,NS,5,4,53316.23117,1533.0,3,5.869999885559082,0.0003,5
80045-01-04-04,XTEJ1710-281,NS,5,5,53319.09445,2648.0,3,127.5199966430664,0.0003,5
80045-01-04-07,XTEJ1710-281,NS,5,6,53319.5007,1471.0,1,7.300000190734863,0.0003,5
91045-01-01-14,XTEJ1710-281,NS,6,0,53682.47335,1541.0,2,5.449999809265137,0.0,5
91045-01-01-17,XTEJ1710-281,NS,6,1,53684.26242,1842.0,1,5.489999771118164,0.0,5
91045-01-01-15,XTEJ1710-281,NS,6,2,53683.97726,1920.0,2,6.199999809265137,0.0,5
91045-01-01-11,XTEJ1710-281,NS,6,3,53679.32882,1109.0,2,7.039999961853027,0.0,5
91018-01-01-00,XTEJ1710-281,NS,6,4,53993.28976,9504.0,1,5.96999979019165,0.0,5
91045-01-01-16,XTEJ1710-281,NS,6,5,53684.11398,1653.0,2,5.329999923706055,0.0,5
91045-01-01-13,XTEJ1710-281,NS,6,6,53682.33273,1794.0,1,5.519999980926514,0.0,5
91018-01-03-01,XTEJ1710-281,NS,7,0,54164.8171,6396.0,1,16.239999771118164,0.0,5
91018-01-01-03,XTEJ1710-281,NS,7,1,53999.22726,5774.0,1,6.599999904632568,0.0,5
91018-01-02-00,XTEJ1710-281,NS,7,2,54112.80148,9009.0,1,13.34000015258789,0.0,5
91018-01-06-00,XTEJ1710-281,NS,7,3,54252.47335,6400.0,1,5.809999942779541,0.0,5
91018-01-01-01,XTEJ1710-281,NS,7,4,53994.43429,6335.0,1,5.480000019073486,0.0,5
91018-01-03-00,XTEJ1710-281,NS,7,5,54163.63351,6464.0,1,14.4399995803833,0.0,5
91018-01-05-00,XTEJ1710-281,NS,7,6,54248.69992,9352.0,1,9.359999656677246,0.0,5
93052-01-01-02,XTEJ1710-281,NS,8,0,54354.40695,2510.0,1,7.369999885559082,0.0,5
93052-01-01-01,XTEJ1710-281,NS,8,1,54354.28976,3193.0,2,6.440000057220459,0.0,5
91018-01-07-01,XTEJ1710-281,NS,8,2,54358.18038,4210.0,1,12.140000343322754,0.0,5
91018-01-07-02,XTEJ1710-281,NS,8,3,54358.27023,3216.0,2,15.979999542236328,0.0,5
93052-01-01-00,XTEJ1710-281,NS,8,4,54354.15695,3200.0,1,8.930000305175781,0.0,5
91018-01-07-03,XTEJ1710-281,NS,8,5,54359.09835,5221.0,1,21.489999771118164,0.0,5
91018-01-07-00,XTEJ1710-281,NS,8,6,54357.25851,12832.0,1,9.819999694824219,0.0,5
91018-01-08-04,XTEJ1710-281,NS,9,0,54410.96945,7936.0,1,9.430000305175781,0.0,5
91018-01-08-03,XTEJ1710-281,NS,9,1,54410.01242,12849.0,1,11.59000015258789,0.0,5
91018-01-07-04,XTEJ1710-281,NS,9,2,54362.16867,6091.0,1,19.579999923706055,0.0,5
91018-01-08-02,XTEJ1710-281,NS,9,3,54407.98898,6416.0,1,12.640000343322754,0.0,5
91018-01-08-00,XTEJ1710-281,NS,9,4,54406.1296,7376.0,1,14.789999961853027,0.0,5
91018-01-08-01,XTEJ1710-281,NS,9,5,54407.1296,12639.0,1,17.6299991607666,0.0,5
91018-01-07-05,XTEJ1710-281,NS,9,6,54363.09054,4898.0,1,14.899999618530273,0.0,5
91018-01-08-05,XTEJ1710-281,NS,10,0,54411.98507,6480.0,1,10.170000076293945,0.0,5
94314-01-02-00,XTEJ1710-281,NS,10,1,55287.78976,1543.0,1,5.28000020980835,0.0134,5
94314-01-01-00,XTEJ1710-281,NS,10,2,55208.96554,12616.0,1,7.96999979019165,0.0134,5
94314-01-03-00,XTEJ1710-281,NS,10,3,55374.89913,1559.0,2,6.690000057220459,0.0134,5
94314-01-06-00,XTEJ1710-281,NS,10,4,55414.39132,7567.0,1,6.170000076293945,0.0134,5
91018-01-10-00,XTEJ1710-281,NS,10,5,54413.88351,13008.0,1,6.199999809265137,0.0,5
94314-01-03-01,XTEJ1710-281,NS,10,6,55374.82882,1856.0,1,7.289999961853027,0.0134,5
94314-01-07-00,XTEJ1710-281,NS,11,0,55477.1257,3263.0,1,7.159999847412109,0.0134,5
94314-01-07-01,XTEJ1710-281,NS,11,1,55477.98117,3312.0,1,7.639999866485596,0.0134,5
94314-01-07-02,XTEJ1710-281,NS,11,2,55478.95382,3312.0,2,5.079999923706055,0.0134,5
94314-01-06-01,XTEJ1710-281,NS,11,3,55415.22335,4528.0,1,7.570000171661377,0.0134,5
94314-01-07-03,XTEJ1710-281,NS,11,4,55479.88742,8205.0,1,6.159999847412109,0.0134,5
94314-01-04-00,XTEJ1710-281,NS,11,5,55421.05538,1019.0,2,17.440000534057617,0.0134,5
94314-01-08-00,XTEJ1710-281,NS,11,6,55500.5046,6400.0,1,9.039999961853027,0.0134,5
94314-01-11-00,XTEJ1710-281,NS,12,0,55674.57492,12715.0,1,8.180000305175781,0.0134,5
94314-01-08-01,XTEJ1710-281,NS,12,1,55501.41867,6400.0,1,6.460000038146973,0.0134,5
94314-01-09-00,XTEJ1710-281,NS,12,2,55507.17257,6293.0,1,5.909999847412109,0.0134,5
94314-01-10-01,XTEJ1710-281,NS,12,3,55573.99288,3151.0,1,6.96999979019165,0.0134,5
94314-01-10-00,XTEJ1710-281,NS,12,4,55574.71163,14193.0,1,8.039999961853027,0.0134,5
94314-01-11-01,XTEJ1710-281,NS,12,5,55675.62179,6379.0,1,5.389999866485596,0.0134,5
94314-01-09-01,XTEJ1710-281,NS,12,6,55508.33663,6368.0,1,5.760000228881836,0.0134,5
96329-01-01-06,XTEJ1710-281,NS,13,0,55749.40695,4809.0,1,7.21999979019165,0.0127,5
96329-01-01-05,XTEJ1710-281,NS,13,1,55749.30929,1792.0,2,6.019999980926514,0.0127,5
96329-01-01-03,XTEJ1710-281,NS,13,2,55749.17257,1359.0,1,5.46999979019165,0.0127,5
96329-01-01-04,XTEJ1710-281,NS,13,3,55749.23898,1406.0,1,5.610000133514404,0.0127,5
96329-01-01-00,XTEJ1710-281,NS,13,4,55748.86398,12843.0,1,5.53000020980835,0.0127,5
96329-01-01-02,XTEJ1710-281,NS,13,5,55749.11007,1152.0,1,5.059999942779541,0.0127,5
96329-01-03-00,XTEJ1710-281,NS,14,0,55778.41476,8634.0,1,14.420000076293945,0.0127,5
96329-01-02-00,XTEJ1710-281,NS,14,1,55766.61007,2478.0,1,6.820000171661377,0.0127,5
96329-01-02-000,XTEJ1710-281,NS,14,2,55766.42648,15896.0,1,8.220000267028809,0.0127,5
96329-01-02-01,XTEJ1710-281,NS,14,3,55766.20773,1792.0,2,6.639999866485596,0.0127,5
96329-01-03-000,XTEJ1710-281,NS,14,4,55778.17648,14669.0,1,15.520000457763672,0.0127,5
96329-01-01-01,XTEJ1710-281,NS,14,5,55749.53585,6160.0,1,6.380000114440918,0.0127,5
60117-02-03-00,XTEJ1759-220,NS,0,0,52063.48507,3298.0,4,19.329999923706055,0.0854,5
60117-02-02-00,XTEJ1759-220,NS,0,1,52061.5007,3195.0,1,24.780000686645508,0.0854,5
60117-02-04-00,XTEJ1759-220,NS,0,2,52191.51632,6495.0,1,14.640000343322754,0.0854,5
90058-03-01-00,XTEJ1759-220,NS,1,0,53089.65695,1024.0,3,36.689998626708984,0.0716,5
60117-02-05-00,XTEJ1759-220,NS,1,1,52193.55538,6509.0,1,15.430000305175781,0.0854,5
90058-03-02-00,XTEJ1759-220,NS,1,2,53091.64132,3242.0,2,33.58000183105469,0.0716,5
90058-03-03-00,XTEJ1759-220,NS,2,0,53093.62179,3248.0,1,22.950000762939453,0.0716,5
90037-01-01-010,XTEJ1759-220,NS,2,1,53156.64132,15404.0,1,23.950000762939453,0.0,5
90037-01-01-00,XTEJ1759-220,NS,2,2,53156.03976,9578.0,1,23.709999084472656,0.0,5
90037-01-01-02,XTEJ1759-220,NS,3,0,53156.99288,6383.0,1,21.950000762939453,0.0,5
90037-01-01-04,XTEJ1759-220,NS,3,1,53157.24679,5920.0,1,19.329999923706055,0.0,5
90037-01-01-01,XTEJ1759-220,NS,3,2,53156.83663,3152.0,1,23.989999771118164,0.0,5
90037-02-01-01,XTEJ1759-220,NS,4,0,53261.34054,12048.0,1,18.360000610351562,0.0,5
90037-01-01-03,XTEJ1759-220,NS,4,1,53157.55538,8036.0,1,19.18000030517578,0.0,5
90037-02-01-02,XTEJ1759-220,NS,4,2,53261.6257,3328.0,3,18.5,0.0,5
90037-02-01-05,XTEJ1759-220,NS,5,0,53261.75851,3324.0,3,19.299999237060547,0.0,5
90037-02-01-04,XTEJ1759-220,NS,5,1,53261.6921,3284.0,2,17.920000076293945,0.0,5
90037-02-01-00,XTEJ1759-220,NS,5,2,53262.52023,12320.0,1,19.260000228881836,0.0,5
90037-02-01-07,XTEJ1759-220,NS,6,0,53262.74288,3310.0,2,18.770000457763672,0.0,5
90037-02-01-09,XTEJ1759-220,NS,6,1,53262.8757,3296.0,2,18.829999923706055,0.0,5
90037-02-01-08,XTEJ1759-220,NS,6,2,53262.80929,3256.0,1,20.200000762939453,0.0,5
90037-02-01-06,XTEJ1759-220,NS,7,0,53314.89913,1868.0,3,18.75,0.0,5
90037-02-01-10,XTEJ1759-220,NS,7,1,53314.96163,1920.0,3,18.600000381469727,0.0,5
90037-02-01-03,XTEJ1759-220,NS,7,2,53263.39523,7410.0,2,18.299999237060547,0.0,5
92036-02-02-00,XTEJ1759-220,NS,8,0,54165.4421,8703.0,1,43.560001373291016,0.0177,5
92036-02-01-00,XTEJ1759-220,NS,8,1,54162.82101,9668.0,1,38.40999984741211,0.0177,5
90037-01-02-00,XTEJ1759-220,NS,8,2,53320.57492,6464.0,1,16.049999237060547,0.0,5
91040-01-01-05,XTEJ1759-220,NS,9,0,54171.25851,3344.0,1,33.91999816894531,0.0003,5
91040-01-01-00,XTEJ1759-220,NS,9,1,54171.19601,2734.0,1,34.68000030517578,0.0003,5
91040-01-01-06,XTEJ1759-220,NS,10,0,54171.32492,3302.0,1,31.690000534057617,0.0003,5
91040-01-01-04,XTEJ1759-220,NS,10,1,54171.39132,3327.0,1,33.400001525878906,0.0003,5
91040-01-01-07,XTEJ1759-220,NS,11,0,54171.45382,3344.0,1,35.0099983215332,0.0003,5
91040-01-01-01,XTEJ1759-220,NS,11,1,54171.86007,9328.0,1,32.86000061035156,0.0003,5
91040-01-01-03,XTEJ1759-220,NS,12,0,54172.30538,3325.0,2,26.450000762939453,0.0003,5
91040-01-01-09,XTEJ1759-220,NS,12,1,54172.17648,3120.0,1,29.8700008392334,0.0003,5
91040-01-01-11,XTEJ1759-220,NS,13,0,54172.37179,3344.0,1,27.139999389648438,0.0003,5
91040-01-01-10,XTEJ1759-220,NS,13,1,54172.4382,3328.0,2,27.600000381469727,0.0003,5
91040-01-01-02,XTEJ1759-220,NS,14,0,54172.94601,1093.0,1,23.690000534057617,0.0003,5
91040-01-01-020,XTEJ1759-220,NS,14,1,54172.77413,13956.0,1,26.110000610351562,0.0003,5
