task,feature_set,test_source,alg,cfg,inner_source_AUC
main: BH vs NPNS,CCI,J0538-640,KNN,{'k': 5},0.6892361111111112
main: BH vs NPNS,CCI,J0538-640,KNN,{'k': 15},0.6892361111111112
main: BH vs NPNS,CCI,J0538-640,KNN,{'k': 24},0.7013888888888888
main: BH vs NPNS,CCI,J0538-640,KNN,{'k': 35},0.6927083333333334
main: BH vs NPNS,CCI,J0539-697,KNN,{'k': 5},0.6840277777777778
main: BH vs NPNS,CCI,J0539-697,KNN,{'k': 15},0.6961805555555556
main: BH vs NPNS,CCI,J0539-697,KNN,{'k': 24},0.703125
main: BH vs NPNS,CCI,J0539-697,KNN,{'k': 35},0.6875
main: BH vs NPNS,CCI,J0617+091,KNN,{'k': 5},0.7594108019639935
main: BH vs NPNS,CCI,J0617+091,KNN,{'k': 15},0.7495908346972177
main: BH vs NPNS,CCI,J0617+091,KNN,{'k': 24},0.762684124386252
main: BH vs NPNS,CCI,J0617+091,KNN,{'k': 35},0.7528641571194763
main: BH vs NPNS,CCI,J0920-552,KNN,{'k': 5},0.7414075286415712
main: BH vs NPNS,CCI,J0920-552,KNN,{'k': 15},0.7594108019639935
main: BH vs NPNS,CCI,J0920-552,KNN,{'k': 24},0.7479541734860884
main: BH vs NPNS,CCI,J0920-552,KNN,{'k': 35},0.7495908346972177
main: BH vs NPNS,CCI,J1249-590,KNN,{'k': 5},0.7643207855973814
main: BH vs NPNS,CCI,J1249-590,KNN,{'k': 15},0.7528641571194763
main: BH vs NPNS,CCI,J1249-590,KNN,{'k': 24},0.7610474631751227
main: BH vs NPNS,CCI,J1249-590,KNN,{'k': 35},0.7528641571194763
main: BH vs NPNS,CCI,J1257-692,KNN,{'k': 5},0.7463175122749591
main: BH vs NPNS,CCI,J1257-692,KNN,{'k': 15},0.7528641571194763
main: BH vs NPNS,CCI,J1257-692,KNN,{'k': 24},0.7528641571194763
main: BH vs NPNS,CCI,J1257-692,KNN,{'k': 35},0.7495908346972177
main: BH vs NPNS,CCI,J1306-704,KNN,{'k': 5},0.7222222222222222
main: BH vs NPNS,CCI,J1306-704,KNN,{'k': 15},0.7534722222222222
main: BH vs NPNS,CCI,J1306-704,KNN,{'k': 24},0.7517361111111112
main: BH vs NPNS,CCI,J1306-704,KNN,{'k': 35},0.765625
main: BH vs NPNS,CCI,J1324-632,KNN,{'k': 5},0.7446808510638298
main: BH vs NPNS,CCI,J1324-632,KNN,{'k': 15},0.7610474631751227
main: BH vs NPNS,CCI,J1324-632,KNN,{'k': 24},0.7643207855973814
main: BH vs NPNS,CCI,J1324-632,KNN,{'k': 35},0.7577741407528642
main: BH vs NPNS,CCI,J1326-621,KNN,{'k': 5},0.7512274959083469
main: BH vs NPNS,CCI,J1326-621,KNN,{'k': 15},0.7528641571194763
main: BH vs NPNS,CCI,J1326-621,KNN,{'k': 24},0.7512274959083469
main: BH vs NPNS,CCI,J1326-621,KNN,{'k': 35},0.7528641571194763
main: BH vs NPNS,CCI,J1358-647,KNN,{'k': 5},0.7725694444444444
main: BH vs NPNS,CCI,J1358-647,KNN,{'k': 15},0.7621527777777778
main: BH vs NPNS,CCI,J1358-647,KNN,{'k': 24},0.7586805555555556
main: BH vs NPNS,CCI,J1358-647,KNN,{'k': 35},0.7586805555555556
main: BH vs NPNS,CCI,J1520-571,KNN,{'k': 5},0.7446808510638298
main: BH vs NPNS,CCI,J1520-571,KNN,{'k': 15},0.7479541734860884
main: BH vs NPNS,CCI,J1520-571,KNN,{'k': 24},0.7414075286415712
main: BH vs NPNS,CCI,J1520-571,KNN,{'k': 35},0.7381342062193126
main: BH vs NPNS,CCI,J1547-625,KNN,{'k': 5},0.7610474631751227
main: BH vs NPNS,CCI,J1547-625,KNN,{'k': 15},0.7561374795417348
main: BH vs NPNS,CCI,J1547-625,KNN,{'k': 24},0.7479541734860884
main: BH vs NPNS,CCI,J1547-625,KNN,{'k': 35},0.7414075286415712
main: BH vs NPNS,CCI,J1612-524,KNN,{'k': 5},0.7725040916530278
main: BH vs NPNS,CCI,J1612-524,KNN,{'k': 15},0.7741407528641571
main: BH vs NPNS,CCI,J1612-524,KNN,{'k': 24},0.7708674304418985
main: BH vs NPNS,CCI,J1612-524,KNN,{'k': 35},0.7594108019639935
main: BH vs NPNS,CCI,J1620-500,KNN,{'k': 5},0.7528641571194763
main: BH vs NPNS,CCI,J1620-500,KNN,{'k': 15},0.7594108019639935
main: BH vs NPNS,CCI,J1620-500,KNN,{'k': 24},0.7495908346972177
main: BH vs NPNS,CCI,J1620-500,KNN,{'k': 35},0.7512274959083469
main: BH vs NPNS,CCI,J1640-537,KNN,{'k': 5},0.7528641571194763
main: BH vs NPNS,CCI,J1640-537,KNN,{'k': 15},0.762684124386252
main: BH vs NPNS,CCI,J1640-537,KNN,{'k': 24},0.7577741407528642
main: BH vs NPNS,CCI,J1640-537,KNN,{'k': 35},0.7512274959083469
main: BH vs NPNS,CCI,J1650-499,KNN,{'k': 5},0.7048611111111112
main: BH vs NPNS,CCI,J1650-499,KNN,{'k': 15},0.7100694444444444
main: BH vs NPNS,CCI,J1650-499,KNN,{'k': 24},0.6944444444444444
main: BH vs NPNS,CCI,J1650-499,KNN,{'k': 35},0.6979166666666666
main: BH vs NPNS,CCI,J1654-398,KNN,{'k': 5},0.6805555555555556
main: BH vs NPNS,CCI,J1654-398,KNN,{'k': 15},0.7361111111111112
main: BH vs NPNS,CCI,J1654-398,KNN,{'k': 24},0.7274305555555556
main: BH vs NPNS,CCI,J1654-398,KNN,{'k': 35},0.7222222222222222
main: BH vs NPNS,CCI,J1700-461,KNN,{'k': 5},0.7495908346972177
main: BH vs NPNS,CCI,J1700-461,KNN,{'k': 15},0.7577741407528642
main: BH vs NPNS,CCI,J1700-461,KNN,{'k': 24},0.7528641571194763
main: BH vs NPNS,CCI,J1700-461,KNN,{'k': 35},0.7545008183306056
main: BH vs NPNS,CCI,J1701-408,KNN,{'k': 5},0.7610474631751227
main: BH vs NPNS,CCI,J1701-408,KNN,{'k': 15},0.7659574468085106
main: BH vs NPNS,CCI,J1701-408,KNN,{'k': 24},0.7659574468085106
main: BH vs NPNS,CCI,J1701-408,KNN,{'k': 35},0.7610474631751227
main: BH vs NPNS,CCI,J1702-487,KNN,{'k': 5},0.7256944444444444
main: BH vs NPNS,CCI,J1702-487,KNN,{'k': 15},0.7256944444444444
main: BH vs NPNS,CCI,J1702-487,KNN,{'k': 24},0.71875
main: BH vs NPNS,CCI,J1702-487,KNN,{'k': 35},0.7100694444444444
main: BH vs NPNS,CCI,J1706-617,KNN,{'k': 5},0.7757774140752864
main: BH vs NPNS,CCI,J1706-617,KNN,{'k': 15},0.7855973813420621
main: BH vs NPNS,CCI,J1706-617,KNN,{'k': 24},0.7872340425531915
main: BH vs NPNS,CCI,J1706-617,KNN,{'k': 35},0.7757774140752864
main: BH vs NPNS,CCI,J1708-323,KNN,{'k': 5},0.7364975450081833
main: BH vs NPNS,CCI,J1708-323,KNN,{'k': 15},0.7659574468085106
main: BH vs NPNS,CCI,J1708-323,KNN,{'k': 24},0.7545008183306056
main: BH vs NPNS,CCI,J1708-323,KNN,{'k': 35},0.7561374795417348
main: BH vs NPNS,CCI,J1708-441,KNN,{'k': 5},0.7397708674304418
main: BH vs NPNS,CCI,J1708-441,KNN,{'k': 15},0.7610474631751227
main: BH vs NPNS,CCI,J1708-441,KNN,{'k': 24},0.7495908346972177
main: BH vs NPNS,CCI,J1708-441,KNN,{'k': 35},0.7495908346972177
main: BH vs NPNS,CCI,J1709-266,KNN,{'k': 5},0.7479541734860884
main: BH vs NPNS,CCI,J1709-266,KNN,{'k': 15},0.762684124386252
main: BH vs NPNS,CCI,J1709-266,KNN,{'k': 24},0.7512274959083469
main: BH vs NPNS,CCI,J1709-266,KNN,{'k': 35},0.7446808510638298
main: BH vs NPNS,CCI,J1710-281,KNN,{'k': 5},0.734860883797054
main: BH vs NPNS,CCI,J1710-281,KNN,{'k': 15},0.7610474631751227
main: BH vs NPNS,CCI,J1710-281,KNN,{'k': 24},0.7545008183306056
main: BH vs NPNS,CCI,J1710-281,KNN,{'k': 35},0.7512274959083469
main: BH vs NPNS,CCI,J1712-376,KNN,{'k': 5},0.7446808510638298
main: BH vs NPNS,CCI,J1712-376,KNN,{'k': 15},0.7577741407528642
main: BH vs NPNS,CCI,J1712-376,KNN,{'k': 24},0.7561374795417348
main: BH vs NPNS,CCI,J1712-376,KNN,{'k': 35},0.7512274959083469
main: BH vs NPNS,CCI,J1712-408,KNN,{'k': 5},0.7364975450081833
main: BH vs NPNS,CCI,J1712-408,KNN,{'k': 15},0.7577741407528642
main: BH vs NPNS,CCI,J1712-408,KNN,{'k': 24},0.7528641571194763
main: BH vs NPNS,CCI,J1712-408,KNN,{'k': 35},0.7561374795417348
main: BH vs NPNS,CCI,J1714-340,KNN,{'k': 5},0.7414075286415712
main: BH vs NPNS,CCI,J1714-340,KNN,{'k': 15},0.7708674304418985
main: BH vs NPNS,CCI,J1714-340,KNN,{'k': 24},0.7610474631751227
main: BH vs NPNS,CCI,J1714-340,KNN,{'k': 35},0.7594108019639935
main: BH vs NPNS,CCI,J1718-404,KNN,{'k': 5},0.7463175122749591
main: BH vs NPNS,CCI,J1718-404,KNN,{'k': 15},0.7610474631751227
main: BH vs NPNS,CCI,J1718-404,KNN,{'k': 24},0.7577741407528642
main: BH vs NPNS,CCI,J1718-404,KNN,{'k': 35},0.7545008183306056
main: BH vs NPNS,CCI,J1727-162,KNN,{'k': 5},0.6927083333333334
main: BH vs NPNS,CCI,J1727-162,KNN,{'k': 15},0.734375
main: BH vs NPNS,CCI,J1727-162,KNN,{'k': 24},0.7413194444444444
main: BH vs NPNS,CCI,J1727-162,KNN,{'k': 35},0.7309027777777778
main: BH vs NPNS,CCI,J1727-308,KNN,{'k': 5},0.7495908346972177
main: BH vs NPNS,CCI,J1727-308,KNN,{'k': 15},0.7610474631751227
main: BH vs NPNS,CCI,J1727-308,KNN,{'k': 24},0.7610474631751227
main: BH vs NPNS,CCI,J1727-308,KNN,{'k': 35},0.7528641571194763
main: BH vs NPNS,CCI,J1735-304,KNN,{'k': 5},0.7577741407528642
main: BH vs NPNS,CCI,J1735-304,KNN,{'k': 15},0.7577741407528642
main: BH vs NPNS,CCI,J1735-304,KNN,{'k': 24},0.762684124386252
main: BH vs NPNS,CCI,J1735-304,KNN,{'k': 35},0.7545008183306056
main: BH vs NPNS,CCI,J1738-269,KNN,{'k': 5},0.7446808510638298
main: BH vs NPNS,CCI,J1738-269,KNN,{'k': 15},0.7692307692307693
main: BH vs NPNS,CCI,J1738-269,KNN,{'k': 24},0.7610474631751227
main: BH vs NPNS,CCI,J1738-269,KNN,{'k': 35},0.7495908346972177
main: BH vs NPNS,CCI,J1738-444,KNN,{'k': 5},0.7397708674304418
main: BH vs NPNS,CCI,J1738-444,KNN,{'k': 15},0.7577741407528642
main: BH vs NPNS,CCI,J1738-444,KNN,{'k': 24},0.7610474631751227
main: BH vs NPNS,CCI,J1738-444,KNN,{'k': 35},0.7495908346972177
main: BH vs NPNS,CCI,J1739-284,KNN,{'k': 5},0.7463175122749591
main: BH vs NPNS,CCI,J1739-284,KNN,{'k': 15},0.7692307692307693
main: BH vs NPNS,CCI,J1739-284,KNN,{'k': 24},0.7610474631751227
main: BH vs NPNS,CCI,J1739-284,KNN,{'k': 35},0.7512274959083469
main: BH vs NPNS,CCI,J1746-295,KNN,{'k': 5},0.734860883797054
main: BH vs NPNS,CCI,J1746-295,KNN,{'k': 15},0.7610474631751227
main: BH vs NPNS,CCI,J1746-295,KNN,{'k': 24},0.7495908346972177
main: BH vs NPNS,CCI,J1746-295,KNN,{'k': 35},0.7463175122749591
main: BH vs NPNS,CCI,J1747-265,KNN,{'k': 5},0.7414075286415712
main: BH vs NPNS,CCI,J1747-265,KNN,{'k': 15},0.7594108019639935
main: BH vs NPNS,CCI,J1747-265,KNN,{'k': 24},0.7528641571194763
main: BH vs NPNS,CCI,J1747-265,KNN,{'k': 35},0.7463175122749591
main: BH vs NPNS,CCI,J1747-288,KNN,{'k': 5},0.7414075286415712
main: BH vs NPNS,CCI,J1747-288,KNN,{'k': 15},0.7659574468085106
main: BH vs NPNS,CCI,J1747-288,KNN,{'k': 24},0.7577741407528642
main: BH vs NPNS,CCI,J1747-288,KNN,{'k': 35},0.7528641571194763
main: BH vs NPNS,CCI,J1750-312,KNN,{'k': 5},0.7528641571194763
main: BH vs NPNS,CCI,J1750-312,KNN,{'k': 15},0.7675941080196399
main: BH vs NPNS,CCI,J1750-312,KNN,{'k': 24},0.7610474631751227
main: BH vs NPNS,CCI,J1750-312,KNN,{'k': 35},0.7545008183306056
main: BH vs NPNS,CCI,J1750-370,KNN,{'k': 5},0.7479541734860884
main: BH vs NPNS,CCI,J1750-370,KNN,{'k': 15},0.7594108019639935
main: BH vs NPNS,CCI,J1750-370,KNN,{'k': 24},0.7528641571194763
main: BH vs NPNS,CCI,J1750-370,KNN,{'k': 35},0.7479541734860884
main: BH vs NPNS,CCI,J1804-343,KNN,{'k': 5},0.7315875613747954
main: BH vs NPNS,CCI,J1804-343,KNN,{'k': 15},0.7610474631751227
main: BH vs NPNS,CCI,J1804-343,KNN,{'k': 24},0.7397708674304418
main: BH vs NPNS,CCI,J1804-343,KNN,{'k': 35},0.7381342062193126
main: BH vs NPNS,CCI,J1810-190,KNN,{'k': 5},0.7594108019639935
main: BH vs NPNS,CCI,J1810-190,KNN,{'k': 15},0.7741407528641571
main: BH vs NPNS,CCI,J1810-190,KNN,{'k': 24},0.7708674304418985
main: BH vs NPNS,CCI,J1810-190,KNN,{'k': 35},0.7594108019639935
main: BH vs NPNS,CCI,J1810-261,KNN,{'k': 5},0.7332242225859247
main: BH vs NPNS,CCI,J1810-261,KNN,{'k': 15},0.7561374795417348
main: BH vs NPNS,CCI,J1810-261,KNN,{'k': 24},0.7381342062193126
main: BH vs NPNS,CCI,J1810-261,KNN,{'k': 35},0.7381342062193126
main: BH vs NPNS,CCI,J1814-171,KNN,{'k': 5},0.7463175122749591
main: BH vs NPNS,CCI,J1814-171,KNN,{'k': 15},0.7577741407528642
main: BH vs NPNS,CCI,J1814-171,KNN,{'k': 24},0.7577741407528642
main: BH vs NPNS,CCI,J1814-171,KNN,{'k': 35},0.7479541734860884
main: BH vs NPNS,CCI,J1815-120,KNN,{'k': 5},0.734860883797054
main: BH vs NPNS,CCI,J1815-120,KNN,{'k': 15},0.7528641571194763
main: BH vs NPNS,CCI,J1815-120,KNN,{'k': 24},0.7397708674304418
main: BH vs NPNS,CCI,J1815-120,KNN,{'k': 35},0.7414075286415712
main: BH vs NPNS,CCI,J1816-140,KNN,{'k': 5},0.7463175122749591
main: BH vs NPNS,CCI,J1816-140,KNN,{'k': 15},0.7577741407528642
main: BH vs NPNS,CCI,J1816-140,KNN,{'k': 24},0.7561374795417348
main: BH vs NPNS,CCI,J1816-140,KNN,{'k': 35},0.7463175122749591
main: BH vs NPNS,CCI,J1819-254,KNN,{'k': 5},0.6857638888888888
main: BH vs NPNS,CCI,J1819-254,KNN,{'k': 15},0.7274305555555556
main: BH vs NPNS,CCI,J1819-254,KNN,{'k': 24},0.7256944444444444
main: BH vs NPNS,CCI,J1819-254,KNN,{'k': 35},0.7204861111111112
main: BH vs NPNS,CCI,J1820+071,KNN,{'k': 5},0.7204861111111112
main: BH vs NPNS,CCI,J1820+071,KNN,{'k': 15},0.7621527777777778
main: BH vs NPNS,CCI,J1820+071,KNN,{'k': 24},0.7413194444444444
main: BH vs NPNS,CCI,J1820+071,KNN,{'k': 35},0.7534722222222222
main: BH vs NPNS,CCI,J1823-303,KNN,{'k': 5},0.7217675941080196
main: BH vs NPNS,CCI,J1823-303,KNN,{'k': 15},0.7512274959083469
main: BH vs NPNS,CCI,J1823-303,KNN,{'k': 24},0.7446808510638298
main: BH vs NPNS,CCI,J1823-303,KNN,{'k': 35},0.7397708674304418
main: BH vs NPNS,CCI,J1825-000,KNN,{'k': 5},0.7315875613747954
main: BH vs NPNS,CCI,J1825-000,KNN,{'k': 15},0.7561374795417348
main: BH vs NPNS,CCI,J1825-000,KNN,{'k': 24},0.7463175122749591
main: BH vs NPNS,CCI,J1825-000,KNN,{'k': 35},0.7430441898527005
main: BH vs NPNS,CCI,J1828-106,KNN,{'k': 5},0.7201309328968903
main: BH vs NPNS,CCI,J1828-106,KNN,{'k': 15},0.7528641571194763
main: BH vs NPNS,CCI,J1828-106,KNN,{'k': 24},0.7479541734860884
main: BH vs NPNS,CCI,J1828-106,KNN,{'k': 35},0.7430441898527005
main: BH vs NPNS,CCI,J1829-237,KNN,{'k': 5},0.7201309328968903
main: BH vs NPNS,CCI,J1829-237,KNN,{'k': 15},0.762684124386252
main: BH vs NPNS,CCI,J1829-237,KNN,{'k': 24},0.7512274959083469
main: BH vs NPNS,CCI,J1829-237,KNN,{'k': 35},0.7463175122749591
main: BH vs NPNS,CCI,J1835-329,KNN,{'k': 5},0.7446808510638298
main: BH vs NPNS,CCI,J1835-329,KNN,{'k': 15},0.7708674304418985
main: BH vs NPNS,CCI,J1835-329,KNN,{'k': 24},0.762684124386252
main: BH vs NPNS,CCI,J1835-329,KNN,{'k': 35},0.762684124386252
main: BH vs NPNS,CCI,J1839+050,KNN,{'k': 5},0.7152209492635024
main: BH vs NPNS,CCI,J1839+050,KNN,{'k': 15},0.7545008183306056
main: BH vs NPNS,CCI,J1839+050,KNN,{'k': 24},0.7463175122749591
main: BH vs NPNS,CCI,J1839+050,KNN,{'k': 35},0.7397708674304418
main: BH vs NPNS,CCI,J1853-087,KNN,{'k': 5},0.7364975450081833
main: BH vs NPNS,CCI,J1853-087,KNN,{'k': 15},0.7675941080196399
main: BH vs NPNS,CCI,J1853-087,KNN,{'k': 24},0.7414075286415712
main: BH vs NPNS,CCI,J1853-087,KNN,{'k': 35},0.7446808510638298
main: BH vs NPNS,CCI,J1911+049,KNN,{'k': 5},0.734375
main: BH vs NPNS,CCI,J1911+049,KNN,{'k': 15},0.7534722222222222
main: BH vs NPNS,CCI,J1911+049,KNN,{'k': 24},0.75
main: BH vs NPNS,CCI,J1911+049,KNN,{'k': 35},0.7447916666666666
main: BH vs NPNS,CCI,J1915+109,KNN,{'k': 5},0.8003472222222222
main: BH vs NPNS,CCI,J1915+109,KNN,{'k': 15},0.8368055555555556
main: BH vs NPNS,CCI,J1915+109,KNN,{'k': 24},0.8246527777777778
main: BH vs NPNS,CCI,J1915+109,KNN,{'k': 35},0.8211805555555556
main: BH vs NPNS,CCI,J1918-052,KNN,{'k': 5},0.7201309328968903
main: BH vs NPNS,CCI,J1918-052,KNN,{'k': 15},0.7528641571194763
main: BH vs NPNS,CCI,J1918-052,KNN,{'k': 24},0.7397708674304418
main: BH vs NPNS,CCI,J1918-052,KNN,{'k': 35},0.7414075286415712
main: BH vs NPNS,CCI,J1958+352,KNN,{'k': 5},0.6996527777777778
main: BH vs NPNS,CCI,J1958+352,KNN,{'k': 15},0.7309027777777778
main: BH vs NPNS,CCI,J1958+352,KNN,{'k': 24},0.7013888888888888
main: BH vs NPNS,CCI,J1958+352,KNN,{'k': 35},0.7065972222222222
main: BH vs NPNS,CCI,J2129+121,KNN,{'k': 5},0.734860883797054
main: BH vs NPNS,CCI,J2129+121,KNN,{'k': 15},0.7643207855973814
main: BH vs NPNS,CCI,J2129+121,KNN,{'k': 24},0.7512274959083469
main: BH vs NPNS,CCI,J2129+121,KNN,{'k': 35},0.7545008183306056
main: BH vs NPNS,CCI,J2144+383,KNN,{'k': 5},0.7266775777414075
main: BH vs NPNS,CCI,J2144+383,KNN,{'k': 15},0.7512274959083469
main: BH vs NPNS,CCI,J2144+383,KNN,{'k': 24},0.7364975450081833
main: BH vs NPNS,CCI,J2144+383,KNN,{'k': 35},0.734860883797054
main: BH vs NPNS,C2D,J0538-640,KNN,{'k': 5},0.7465277777777778
main: BH vs NPNS,C2D,J0538-640,KNN,{'k': 15},0.7274305555555556
main: BH vs NPNS,C2D,J0538-640,KNN,{'k': 24},0.75
main: BH vs NPNS,C2D,J0538-640,KNN,{'k': 35},0.7465277777777778
main: BH vs NPNS,C2D,J0539-697,KNN,{'k': 5},0.7378472222222222
main: BH vs NPNS,C2D,J0539-697,KNN,{'k': 15},0.7447916666666666
main: BH vs NPNS,C2D,J0539-697,KNN,{'k': 24},0.7552083333333334
main: BH vs NPNS,C2D,J0539-697,KNN,{'k': 35},0.7482638888888888
main: BH vs NPNS,C2D,J0617+091,KNN,{'k': 5},0.7855973813420621
main: BH vs NPNS,C2D,J0617+091,KNN,{'k': 15},0.7986906710310966
main: BH vs NPNS,C2D,J0617+091,KNN,{'k': 24},0.7986906710310966
main: BH vs NPNS,C2D,J0617+091,KNN,{'k': 35},0.8019639934533551
main: BH vs NPNS,C2D,J0920-552,KNN,{'k': 5},0.806873977086743
main: BH vs NPNS,C2D,J0920-552,KNN,{'k': 15},0.779050736497545
main: BH vs NPNS,C2D,J0920-552,KNN,{'k': 24},0.79050736497545
main: BH vs NPNS,C2D,J0920-552,KNN,{'k': 35},0.7888707037643208
main: BH vs NPNS,C2D,J1249-590,KNN,{'k': 5},0.7855973813420621
main: BH vs NPNS,C2D,J1249-590,KNN,{'k': 15},0.79050736497545
main: BH vs NPNS,C2D,J1249-590,KNN,{'k': 24},0.7970540098199672
main: BH vs NPNS,C2D,J1249-590,KNN,{'k': 35},0.806873977086743
main: BH vs NPNS,C2D,J1257-692,KNN,{'k': 5},0.7708674304418985
main: BH vs NPNS,C2D,J1257-692,KNN,{'k': 15},0.7839607201309329
main: BH vs NPNS,C2D,J1257-692,KNN,{'k': 24},0.79050736497545
main: BH vs NPNS,C2D,J1257-692,KNN,{'k': 35},0.7921440261865794
main: BH vs NPNS,C2D,J1306-704,KNN,{'k': 5},0.8055555555555556
main: BH vs NPNS,C2D,J1306-704,KNN,{'k': 15},0.796875
main: BH vs NPNS,C2D,J1306-704,KNN,{'k': 24},0.8003472222222222
main: BH vs NPNS,C2D,J1306-704,KNN,{'k': 35},0.7951388888888888
main: BH vs NPNS,C2D,J1324-632,KNN,{'k': 5},0.7855973813420621
main: BH vs NPNS,C2D,J1324-632,KNN,{'k': 15},0.8003273322422259
main: BH vs NPNS,C2D,J1324-632,KNN,{'k': 24},0.8019639934533551
main: BH vs NPNS,C2D,J1324-632,KNN,{'k': 35},0.806873977086743
main: BH vs NPNS,C2D,J1326-621,KNN,{'k': 5},0.7937806873977087
main: BH vs NPNS,C2D,J1326-621,KNN,{'k': 15},0.7937806873977087
main: BH vs NPNS,C2D,J1326-621,KNN,{'k': 24},0.8036006546644845
main: BH vs NPNS,C2D,J1326-621,KNN,{'k': 35},0.8101472995090017
main: BH vs NPNS,C2D,J1358-647,KNN,{'k': 5},0.7760416666666666
main: BH vs NPNS,C2D,J1358-647,KNN,{'k': 15},0.78125
main: BH vs NPNS,C2D,J1358-647,KNN,{'k': 24},0.7934027777777778
main: BH vs NPNS,C2D,J1358-647,KNN,{'k': 35},0.7986111111111112
main: BH vs NPNS,C2D,J1520-571,KNN,{'k': 5},0.79050736497545
main: BH vs NPNS,C2D,J1520-571,KNN,{'k': 15},0.7806873977086743
main: BH vs NPNS,C2D,J1520-571,KNN,{'k': 24},0.795417348608838
main: BH vs NPNS,C2D,J1520-571,KNN,{'k': 35},0.7937806873977087
main: BH vs NPNS,C2D,J1547-625,KNN,{'k': 5},0.7986906710310966
main: BH vs NPNS,C2D,J1547-625,KNN,{'k': 15},0.779050736497545
main: BH vs NPNS,C2D,J1547-625,KNN,{'k': 24},0.7888707037643208
main: BH vs NPNS,C2D,J1547-625,KNN,{'k': 35},0.7921440261865794
main: BH vs NPNS,C2D,J1612-524,KNN,{'k': 5},0.7888707037643208
main: BH vs NPNS,C2D,J1612-524,KNN,{'k': 15},0.7839607201309329
main: BH vs NPNS,C2D,J1612-524,KNN,{'k': 24},0.7872340425531915
main: BH vs NPNS,C2D,J1612-524,KNN,{'k': 35},0.7937806873977087
main: BH vs NPNS,C2D,J1620-500,KNN,{'k': 5},0.7839607201309329
main: BH vs NPNS,C2D,J1620-500,KNN,{'k': 15},0.7872340425531915
main: BH vs NPNS,C2D,J1620-500,KNN,{'k': 24},0.7921440261865794
main: BH vs NPNS,C2D,J1620-500,KNN,{'k': 35},0.7937806873977087
main: BH vs NPNS,C2D,J1640-537,KNN,{'k': 5},0.779050736497545
main: BH vs NPNS,C2D,J1640-537,KNN,{'k': 15},0.7741407528641571
main: BH vs NPNS,C2D,J1640-537,KNN,{'k': 24},0.7839607201309329
main: BH vs NPNS,C2D,J1640-537,KNN,{'k': 35},0.7839607201309329
main: BH vs NPNS,C2D,J1650-499,KNN,{'k': 5},0.7760416666666666
main: BH vs NPNS,C2D,J1650-499,KNN,{'k': 15},0.7413194444444444
main: BH vs NPNS,C2D,J1650-499,KNN,{'k': 24},0.7569444444444444
main: BH vs NPNS,C2D,J1650-499,KNN,{'k': 35},0.7482638888888888
main: BH vs NPNS,C2D,J1654-398,KNN,{'k': 5},0.7708333333333334
main: BH vs NPNS,C2D,J1654-398,KNN,{'k': 15},0.7916666666666666
main: BH vs NPNS,C2D,J1654-398,KNN,{'k': 24},0.78125
main: BH vs NPNS,C2D,J1654-398,KNN,{'k': 35},0.7864583333333334
main: BH vs NPNS,C2D,J1700-461,KNN,{'k': 5},0.7855973813420621
main: BH vs NPNS,C2D,J1700-461,KNN,{'k': 15},0.7823240589198036
main: BH vs NPNS,C2D,J1700-461,KNN,{'k': 24},0.79050736497545
main: BH vs NPNS,C2D,J1700-461,KNN,{'k': 35},0.8019639934533551
main: BH vs NPNS,C2D,J1701-408,KNN,{'k': 5},0.7823240589198036
main: BH vs NPNS,C2D,J1701-408,KNN,{'k': 15},0.779050736497545
main: BH vs NPNS,C2D,J1701-408,KNN,{'k': 24},0.7937806873977087
main: BH vs NPNS,C2D,J1701-408,KNN,{'k': 35},0.7986906710310966
main: BH vs NPNS,C2D,J1702-487,KNN,{'k': 5},0.765625
main: BH vs NPNS,C2D,J1702-487,KNN,{'k': 15},0.7534722222222222
main: BH vs NPNS,C2D,J1702-487,KNN,{'k': 24},0.7604166666666666
main: BH vs NPNS,C2D,J1702-487,KNN,{'k': 35},0.7743055555555556
main: BH vs NPNS,C2D,J1706-617,KNN,{'k': 5},0.8150572831423896
main: BH vs NPNS,C2D,J1706-617,KNN,{'k': 15},0.8019639934533551
main: BH vs NPNS,C2D,J1706-617,KNN,{'k': 24},0.8052373158756138
main: BH vs NPNS,C2D,J1706-617,KNN,{'k': 35},0.8101472995090017
main: BH vs NPNS,C2D,J1708-323,KNN,{'k': 5},0.8101472995090017
main: BH vs NPNS,C2D,J1708-323,KNN,{'k': 15},0.7806873977086743
main: BH vs NPNS,C2D,J1708-323,KNN,{'k': 24},0.7937806873977087
main: BH vs NPNS,C2D,J1708-323,KNN,{'k': 35},0.7986906710310966
main: BH vs NPNS,C2D,J1708-441,KNN,{'k': 5},0.7986906710310966
main: BH vs NPNS,C2D,J1708-441,KNN,{'k': 15},0.7839607201309329
main: BH vs NPNS,C2D,J1708-441,KNN,{'k': 24},0.7888707037643208
main: BH vs NPNS,C2D,J1708-441,KNN,{'k': 35},0.7888707037643208
main: BH vs NPNS,C2D,J1709-266,KNN,{'k': 5},0.8052373158756138
main: BH vs NPNS,C2D,J1709-266,KNN,{'k': 15},0.7839607201309329
main: BH vs NPNS,C2D,J1709-266,KNN,{'k': 24},0.7872340425531915
main: BH vs NPNS,C2D,J1709-266,KNN,{'k': 35},0.7986906710310966
main: BH vs NPNS,C2D,J1710-281,KNN,{'k': 5},0.8134206219312602
main: BH vs NPNS,C2D,J1710-281,KNN,{'k': 15},0.7823240589198036
main: BH vs NPNS,C2D,J1710-281,KNN,{'k': 24},0.7970540098199672
main: BH vs NPNS,C2D,J1710-281,KNN,{'k': 35},0.7970540098199672
main: BH vs NPNS,C2D,J1712-376,KNN,{'k': 5},0.8085106382978723
main: BH vs NPNS,C2D,J1712-376,KNN,{'k': 15},0.7839607201309329
main: BH vs NPNS,C2D,J1712-376,KNN,{'k': 24},0.7921440261865794
main: BH vs NPNS,C2D,J1712-376,KNN,{'k': 35},0.7937806873977087
main: BH vs NPNS,C2D,J1712-408,KNN,{'k': 5},0.8003273322422259
main: BH vs NPNS,C2D,J1712-408,KNN,{'k': 15},0.7839607201309329
main: BH vs NPNS,C2D,J1712-408,KNN,{'k': 24},0.7839607201309329
main: BH vs NPNS,C2D,J1712-408,KNN,{'k': 35},0.7921440261865794
main: BH vs NPNS,C2D,J1714-340,KNN,{'k': 5},0.8216039279869067
main: BH vs NPNS,C2D,J1714-340,KNN,{'k': 15},0.7855973813420621
main: BH vs NPNS,C2D,J1714-340,KNN,{'k': 24},0.795417348608838
main: BH vs NPNS,C2D,J1714-340,KNN,{'k': 35},0.8036006546644845
main: BH vs NPNS,C2D,J1718-404,KNN,{'k': 5},0.7970540098199672
main: BH vs NPNS,C2D,J1718-404,KNN,{'k': 15},0.7921440261865794
main: BH vs NPNS,C2D,J1718-404,KNN,{'k': 24},0.79050736497545
main: BH vs NPNS,C2D,J1718-404,KNN,{'k': 35},0.8003273322422259
main: BH vs NPNS,C2D,J1727-162,KNN,{'k': 5},0.7725694444444444
main: BH vs NPNS,C2D,J1727-162,KNN,{'k': 15},0.765625
main: BH vs NPNS,C2D,J1727-162,KNN,{'k': 24},0.765625
main: BH vs NPNS,C2D,J1727-162,KNN,{'k': 35},0.7864583333333334
main: BH vs NPNS,C2D,J1727-308,KNN,{'k': 5},0.8085106382978723
main: BH vs NPNS,C2D,J1727-308,KNN,{'k': 15},0.7806873977086743
main: BH vs NPNS,C2D,J1727-308,KNN,{'k': 24},0.7921440261865794
main: BH vs NPNS,C2D,J1727-308,KNN,{'k': 35},0.795417348608838
main: BH vs NPNS,C2D,J1735-304,KNN,{'k': 5},0.7970540098199672
main: BH vs NPNS,C2D,J1735-304,KNN,{'k': 15},0.7839607201309329
main: BH vs NPNS,C2D,J1735-304,KNN,{'k': 24},0.7921440261865794
main: BH vs NPNS,C2D,J1735-304,KNN,{'k': 35},0.7937806873977087
main: BH vs NPNS,C2D,J1738-269,KNN,{'k': 5},0.8052373158756138
main: BH vs NPNS,C2D,J1738-269,KNN,{'k': 15},0.7872340425531915
main: BH vs NPNS,C2D,J1738-269,KNN,{'k': 24},0.7986906710310966
main: BH vs NPNS,C2D,J1738-269,KNN,{'k': 35},0.7970540098199672
main: BH vs NPNS,C2D,J1738-444,KNN,{'k': 5},0.8101472995090017
main: BH vs NPNS,C2D,J1738-444,KNN,{'k': 15},0.7806873977086743
main: BH vs NPNS,C2D,J1738-444,KNN,{'k': 24},0.7970540098199672
main: BH vs NPNS,C2D,J1738-444,KNN,{'k': 35},0.79050736497545
main: BH vs NPNS,C2D,J1739-284,KNN,{'k': 5},0.8166939443535188
main: BH vs NPNS,C2D,J1739-284,KNN,{'k': 15},0.7855973813420621
main: BH vs NPNS,C2D,J1739-284,KNN,{'k': 24},0.8019639934533551
main: BH vs NPNS,C2D,J1739-284,KNN,{'k': 35},0.795417348608838
main: BH vs NPNS,C2D,J1746-295,KNN,{'k': 5},0.8134206219312602
main: BH vs NPNS,C2D,J1746-295,KNN,{'k': 15},0.7823240589198036
main: BH vs NPNS,C2D,J1746-295,KNN,{'k': 24},0.795417348608838
main: BH vs NPNS,C2D,J1746-295,KNN,{'k': 35},0.7921440261865794
main: BH vs NPNS,C2D,J1747-265,KNN,{'k': 5},0.8199672667757774
main: BH vs NPNS,C2D,J1747-265,KNN,{'k': 15},0.79050736497545
main: BH vs NPNS,C2D,J1747-265,KNN,{'k': 24},0.795417348608838
main: BH vs NPNS,C2D,J1747-265,KNN,{'k': 35},0.7937806873977087
main: BH vs NPNS,C2D,J1747-288,KNN,{'k': 5},0.8134206219312602
main: BH vs NPNS,C2D,J1747-288,KNN,{'k': 15},0.7823240589198036
main: BH vs NPNS,C2D,J1747-288,KNN,{'k': 24},0.7921440261865794
main: BH vs NPNS,C2D,J1747-288,KNN,{'k': 35},0.7888707037643208
main: BH vs NPNS,C2D,J1750-312,KNN,{'k': 5},0.8150572831423896
main: BH vs NPNS,C2D,J1750-312,KNN,{'k': 15},0.79050736497545
main: BH vs NPNS,C2D,J1750-312,KNN,{'k': 24},0.806873977086743
main: BH vs NPNS,C2D,J1750-312,KNN,{'k': 35},0.8003273322422259
main: BH vs NPNS,C2D,J1750-370,KNN,{'k': 5},0.8052373158756138
main: BH vs NPNS,C2D,J1750-370,KNN,{'k': 15},0.7823240589198036
main: BH vs NPNS,C2D,J1750-370,KNN,{'k': 24},0.7937806873977087
main: BH vs NPNS,C2D,J1750-370,KNN,{'k': 35},0.7937806873977087
main: BH vs NPNS,C2D,J1804-343,KNN,{'k': 5},0.8101472995090017
main: BH vs NPNS,C2D,J1804-343,KNN,{'k': 15},0.7806873977086743
main: BH vs NPNS,C2D,J1804-343,KNN,{'k': 24},0.7921440261865794
main: BH vs NPNS,C2D,J1804-343,KNN,{'k': 35},0.79050736497545
main: BH vs NPNS,C2D,J1810-190,KNN,{'k': 5},0.8216039279869067
main: BH vs NPNS,C2D,J1810-190,KNN,{'k': 15},0.7872340425531915
main: BH vs NPNS,C2D,J1810-190,KNN,{'k': 24},0.8003273322422259
main: BH vs NPNS,C2D,J1810-190,KNN,{'k': 35},0.7986906710310966
main: BH vs NPNS,C2D,J1810-261,KNN,{'k': 5},0.8199672667757774
main: BH vs NPNS,C2D,J1810-261,KNN,{'k': 15},0.7806873977086743
main: BH vs NPNS,C2D,J1810-261,KNN,{'k': 24},0.7872340425531915
main: BH vs NPNS,C2D,J1810-261,KNN,{'k': 35},0.7937806873977087
main: BH vs NPNS,C2D,J1814-171,KNN,{'k': 5},0.8134206219312602
main: BH vs NPNS,C2D,J1814-171,KNN,{'k': 15},0.7872340425531915
main: BH vs NPNS,C2D,J1814-171,KNN,{'k': 24},0.8003273322422259
main: BH vs NPNS,C2D,J1814-171,KNN,{'k': 35},0.7937806873977087
main: BH vs NPNS,C2D,J1815-120,KNN,{'k': 5},0.8101472995090017
main: BH vs NPNS,C2D,J1815-120,KNN,{'k': 15},0.7823240589198036
main: BH vs NPNS,C2D,J1815-120,KNN,{'k': 24},0.79050736497545
main: BH vs NPNS,C2D,J1815-120,KNN,{'k': 35},0.79050736497545
main: BH vs NPNS,C2D,J1816-140,KNN,{'k': 5},0.8134206219312602
main: BH vs NPNS,C2D,J1816-140,KNN,{'k': 15},0.7872340425531915
main: BH vs NPNS,C2D,J1816-140,KNN,{'k': 24},0.7970540098199672
main: BH vs NPNS,C2D,J1816-140,KNN,{'k': 35},0.7970540098199672
main: BH vs NPNS,C2D,J1819-254,KNN,{'k': 5},0.7899305555555556
main: BH vs NPNS,C2D,J1819-254,KNN,{'k': 15},0.7413194444444444
main: BH vs NPNS,C2D,J1819-254,KNN,{'k': 24},0.7395833333333334
main: BH vs NPNS,C2D,J1819-254,KNN,{'k': 35},0.7447916666666666
main: BH vs NPNS,C2D,J1820+071,KNN,{'k': 5},0.8003472222222222
main: BH vs NPNS,C2D,J1820+071,KNN,{'k': 15},0.765625
main: BH vs NPNS,C2D,J1820+071,KNN,{'k': 24},0.7847222222222222
main: BH vs NPNS,C2D,J1820+071,KNN,{'k': 35},0.7795138888888888
main: BH vs NPNS,C2D,J1823-303,KNN,{'k': 5},0.8134206219312602
main: BH vs NPNS,C2D,J1823-303,KNN,{'k': 15},0.7806873977086743
main: BH vs NPNS,C2D,J1823-303,KNN,{'k': 24},0.7970540098199672
main: BH vs NPNS,C2D,J1823-303,KNN,{'k': 35},0.7937806873977087
main: BH vs NPNS,C2D,J1825-000,KNN,{'k': 5},0.8101472995090017
main: BH vs NPNS,C2D,J1825-000,KNN,{'k': 15},0.7823240589198036
main: BH vs NPNS,C2D,J1825-000,KNN,{'k': 24},0.79050736497545
main: BH vs NPNS,C2D,J1825-000,KNN,{'k': 35},0.7888707037643208
main: BH vs NPNS,C2D,J1828-106,KNN,{'k': 5},0.8117839607201309
main: BH vs NPNS,C2D,J1828-106,KNN,{'k': 15},0.7937806873977087
main: BH vs NPNS,C2D,J1828-106,KNN,{'k': 24},0.8052373158756138
main: BH vs NPNS,C2D,J1828-106,KNN,{'k': 35},0.7986906710310966
main: BH vs NPNS,C2D,J1829-237,KNN,{'k': 5},0.8183306055646481
main: BH vs NPNS,C2D,J1829-237,KNN,{'k': 15},0.7823240589198036
main: BH vs NPNS,C2D,J1829-237,KNN,{'k': 24},0.8003273322422259
main: BH vs NPNS,C2D,J1829-237,KNN,{'k': 35},0.7855973813420621
main: BH vs NPNS,C2D,J1835-329,KNN,{'k': 5},0.8101472995090017
main: BH vs NPNS,C2D,J1835-329,KNN,{'k': 15},0.79050736497545
main: BH vs NPNS,C2D,J1835-329,KNN,{'k': 24},0.8052373158756138
main: BH vs NPNS,C2D,J1835-329,KNN,{'k': 35},0.806873977086743
main: BH vs NPNS,C2D,J1839+050,KNN,{'k': 5},0.8199672667757774
main: BH vs NPNS,C2D,J1839+050,KNN,{'k': 15},0.7823240589198036
main: BH vs NPNS,C2D,J1839+050,KNN,{'k': 24},0.8052373158756138
main: BH vs NPNS,C2D,J1839+050,KNN,{'k': 35},0.7921440261865794
main: BH vs NPNS,C2D,J1853-087,KNN,{'k': 5},0.8117839607201309
main: BH vs NPNS,C2D,J1853-087,KNN,{'k': 15},0.7757774140752864
main: BH vs NPNS,C2D,J1853-087,KNN,{'k': 24},0.7839607201309329
main: BH vs NPNS,C2D,J1853-087,KNN,{'k': 35},0.7921440261865794
main: BH vs NPNS,C2D,J1911+049,KNN,{'k': 5},0.828125
main: BH vs NPNS,C2D,J1911+049,KNN,{'k': 15},0.8072916666666666
main: BH vs NPNS,C2D,J1911+049,KNN,{'k': 24},0.8333333333333334
main: BH vs NPNS,C2D,J1911+049,KNN,{'k': 35},0.8229166666666666
main: BH vs NPNS,C2D,J1915+109,KNN,{'k': 5},0.8836805555555556
main: BH vs NPNS,C2D,J1915+109,KNN,{'k': 15},0.8489583333333334
main: BH vs NPNS,C2D,J1915+109,KNN,{'k': 24},0.8628472222222222
main: BH vs NPNS,C2D,J1915+109,KNN,{'k': 35},0.8645833333333334
main: BH vs NPNS,C2D,J1918-052,KNN,{'k': 5},0.8036006546644845
main: BH vs NPNS,C2D,J1918-052,KNN,{'k': 15},0.7806873977086743
main: BH vs NPNS,C2D,J1918-052,KNN,{'k': 24},0.7937806873977087
main: BH vs NPNS,C2D,J1918-052,KNN,{'k': 35},0.79050736497545
main: BH vs NPNS,C2D,J1958+352,KNN,{'k': 5},0.7951388888888888
main: BH vs NPNS,C2D,J1958+352,KNN,{'k': 15},0.7378472222222222
main: BH vs NPNS,C2D,J1958+352,KNN,{'k': 24},0.7465277777777778
main: BH vs NPNS,C2D,J1958+352,KNN,{'k': 35},0.7534722222222222
main: BH vs NPNS,C2D,J2129+121,KNN,{'k': 5},0.8101472995090017
main: BH vs NPNS,C2D,J2129+121,KNN,{'k': 15},0.779050736497545
main: BH vs NPNS,C2D,J2129+121,KNN,{'k': 24},0.7921440261865794
main: BH vs NPNS,C2D,J2129+121,KNN,{'k': 35},0.7888707037643208
main: BH vs NPNS,C2D,J2144+383,KNN,{'k': 5},0.8134206219312602
main: BH vs NPNS,C2D,J2144+383,KNN,{'k': 15},0.7757774140752864
main: BH vs NPNS,C2D,J2144+383,KNN,{'k': 24},0.7888707037643208
main: BH vs NPNS,C2D,J2144+383,KNN,{'k': 35},0.7872340425531915
main: BH vs NPNS,C1D,J0538-640,KNN,{'k': 5},0.3680555555555556
main: BH vs NPNS,C1D,J0538-640,KNN,{'k': 15},0.3628472222222222
main: BH vs NPNS,C1D,J0538-640,KNN,{'k': 24},0.4027777777777778
main: BH vs NPNS,C1D,J0538-640,KNN,{'k': 35},0.3993055555555556
main: BH vs NPNS,C1D,J0539-697,KNN,{'k': 5},0.3923611111111111
main: BH vs NPNS,C1D,J0539-697,KNN,{'k': 15},0.3628472222222222
main: BH vs NPNS,C1D,J0539-697,KNN,{'k': 24},0.3940972222222222
main: BH vs NPNS,C1D,J0539-697,KNN,{'k': 35},0.4131944444444444
main: BH vs NPNS,C1D,J0617+091,KNN,{'k': 5},0.3780687397708674
main: BH vs NPNS,C1D,J0617+091,KNN,{'k': 15},0.36333878887070375
main: BH vs NPNS,C1D,J0617+091,KNN,{'k': 24},0.4157119476268412
main: BH vs NPNS,C1D,J0617+091,KNN,{'k': 35},0.40589198036006546
main: BH vs NPNS,C1D,J0920-552,KNN,{'k': 5},0.40589198036006546
main: BH vs NPNS,C1D,J0920-552,KNN,{'k': 15},0.39279869067103107
main: BH vs NPNS,C1D,J0920-552,KNN,{'k': 24},0.45662847790507366
main: BH vs NPNS,C1D,J0920-552,KNN,{'k': 35},0.4533551554828151
main: BH vs NPNS,C1D,J1249-590,KNN,{'k': 5},0.3895253682487725
main: BH vs NPNS,C1D,J1249-590,KNN,{'k': 15},0.3944353518821604
main: BH vs NPNS,C1D,J1249-590,KNN,{'k': 24},0.4238952536824877
main: BH vs NPNS,C1D,J1249-590,KNN,{'k': 35},0.4320785597381342
main: BH vs NPNS,C1D,J1257-692,KNN,{'k': 5},0.37479541734860883
main: BH vs NPNS,C1D,J1257-692,KNN,{'k': 15},0.35842880523731585
main: BH vs NPNS,C1D,J1257-692,KNN,{'k': 24},0.41243862520458263
main: BH vs NPNS,C1D,J1257-692,KNN,{'k': 35},0.41243862520458263
main: BH vs NPNS,C1D,J1306-704,KNN,{'k': 5},0.3888888888888889
main: BH vs NPNS,C1D,J1306-704,KNN,{'k': 15},0.3819444444444444
main: BH vs NPNS,C1D,J1306-704,KNN,{'k': 24},0.4618055555555556
main: BH vs NPNS,C1D,J1306-704,KNN,{'k': 35},0.4305555555555556
main: BH vs NPNS,C1D,J1324-632,KNN,{'k': 5},0.41080196399345337
main: BH vs NPNS,C1D,J1324-632,KNN,{'k': 15},0.41243862520458263
main: BH vs NPNS,C1D,J1324-632,KNN,{'k': 24},0.4402618657937807
main: BH vs NPNS,C1D,J1324-632,KNN,{'k': 35},0.4582651391162029
main: BH vs NPNS,C1D,J1326-621,KNN,{'k': 5},0.3911620294599018
main: BH vs NPNS,C1D,J1326-621,KNN,{'k': 15},0.4075286415711948
main: BH vs NPNS,C1D,J1326-621,KNN,{'k': 24},0.4337152209492635
main: BH vs NPNS,C1D,J1326-621,KNN,{'k': 35},0.4386252045826514
main: BH vs NPNS,C1D,J1358-647,KNN,{'k': 5},0.3506944444444444
main: BH vs NPNS,C1D,J1358-647,KNN,{'k': 15},0.390625
main: BH vs NPNS,C1D,J1358-647,KNN,{'k': 24},0.4097222222222222
main: BH vs NPNS,C1D,J1358-647,KNN,{'k': 35},0.4288194444444444
main: BH vs NPNS,C1D,J1520-571,KNN,{'k': 5},0.36824877250409166
main: BH vs NPNS,C1D,J1520-571,KNN,{'k': 15},0.3862520458265139
main: BH vs NPNS,C1D,J1520-571,KNN,{'k': 24},0.40589198036006546
main: BH vs NPNS,C1D,J1520-571,KNN,{'k': 35},0.4157119476268412
main: BH vs NPNS,C1D,J1547-625,KNN,{'k': 5},0.3567921440261866
main: BH vs NPNS,C1D,J1547-625,KNN,{'k': 15},0.397708674304419
main: BH vs NPNS,C1D,J1547-625,KNN,{'k': 24},0.40425531914893614
main: BH vs NPNS,C1D,J1547-625,KNN,{'k': 35},0.4075286415711948
main: BH vs NPNS,C1D,J1612-524,KNN,{'k': 5},0.3829787234042553
main: BH vs NPNS,C1D,J1612-524,KNN,{'k': 15},0.3944353518821604
main: BH vs NPNS,C1D,J1612-524,KNN,{'k': 24},0.41080196399345337
main: BH vs NPNS,C1D,J1612-524,KNN,{'k': 35},0.40916530278232405
main: BH vs NPNS,C1D,J1620-500,KNN,{'k': 5},0.3780687397708674
main: BH vs NPNS,C1D,J1620-500,KNN,{'k': 15},0.40098199672667756
main: BH vs NPNS,C1D,J1620-500,KNN,{'k': 24},0.4238952536824877
main: BH vs NPNS,C1D,J1620-500,KNN,{'k': 35},0.41898527004909986
main: BH vs NPNS,C1D,J1640-537,KNN,{'k': 5},0.3698854337152209
main: BH vs NPNS,C1D,J1640-537,KNN,{'k': 15},0.37479541734860883
main: BH vs NPNS,C1D,J1640-537,KNN,{'k': 24},0.40098199672667756
main: BH vs NPNS,C1D,J1640-537,KNN,{'k': 35},0.41080196399345337
main: BH vs NPNS,C1D,J1650-499,KNN,{'k': 5},0.3194444444444444
main: BH vs NPNS,C1D,J1650-499,KNN,{'k': 15},0.3055555555555556
main: BH vs NPNS,C1D,J1650-499,KNN,{'k': 24},0.3576388888888889
main: BH vs NPNS,C1D,J1650-499,KNN,{'k': 35},0.3489583333333333
main: BH vs NPNS,C1D,J1654-398,KNN,{'k': 5},0.2847222222222222
main: BH vs NPNS,C1D,J1654-398,KNN,{'k': 15},0.2864583333333333
main: BH vs NPNS,C1D,J1654-398,KNN,{'k': 24},0.3350694444444444
main: BH vs NPNS,C1D,J1654-398,KNN,{'k': 35},0.3315972222222222
main: BH vs NPNS,C1D,J1700-461,KNN,{'k': 5},0.3862520458265139
main: BH vs NPNS,C1D,J1700-461,KNN,{'k': 15},0.41734860883797054
main: BH vs NPNS,C1D,J1700-461,KNN,{'k': 24},0.41734860883797054
main: BH vs NPNS,C1D,J1700-461,KNN,{'k': 35},0.44189852700491
main: BH vs NPNS,C1D,J1701-408,KNN,{'k': 5},0.37152209492635024
main: BH vs NPNS,C1D,J1701-408,KNN,{'k': 15},0.3960720130932897
main: BH vs NPNS,C1D,J1701-408,KNN,{'k': 24},0.41734860883797054
main: BH vs NPNS,C1D,J1701-408,KNN,{'k': 35},0.4320785597381342
main: BH vs NPNS,C1D,J1702-487,KNN,{'k': 5},0.40625
main: BH vs NPNS,C1D,J1702-487,KNN,{'k': 15},0.4375
main: BH vs NPNS,C1D,J1702-487,KNN,{'k': 24},0.4201388888888889
main: BH vs NPNS,C1D,J1702-487,KNN,{'k': 35},0.4357638888888889
main: BH vs NPNS,C1D,J1706-617,KNN,{'k': 5},0.397708674304419
main: BH vs NPNS,C1D,J1706-617,KNN,{'k': 15},0.4500818330605565
main: BH vs NPNS,C1D,J1706-617,KNN,{'k': 24},0.46808510638297873
main: BH vs NPNS,C1D,J1706-617,KNN,{'k': 35},0.4779050736497545
main: BH vs NPNS,C1D,J1708-323,KNN,{'k': 5},0.41243862520458263
main: BH vs NPNS,C1D,J1708-323,KNN,{'k': 15},0.3993453355155483
main: BH vs NPNS,C1D,J1708-323,KNN,{'k': 24},0.45171849427168576
main: BH vs NPNS,C1D,J1708-323,KNN,{'k': 35},0.44680851063829785
main: BH vs NPNS,C1D,J1708-441,KNN,{'k': 5},0.3567921440261866
main: BH vs NPNS,C1D,J1708-441,KNN,{'k': 15},0.3862520458265139
main: BH vs NPNS,C1D,J1708-441,KNN,{'k': 24},0.40916530278232405
main: BH vs NPNS,C1D,J1708-441,KNN,{'k': 35},0.43044189852700493
main: BH vs NPNS,C1D,J1709-266,KNN,{'k': 5},0.35842880523731585
main: BH vs NPNS,C1D,J1709-266,KNN,{'k': 15},0.3993453355155483
main: BH vs NPNS,C1D,J1709-266,KNN,{'k': 24},0.41243862520458263
main: BH vs NPNS,C1D,J1709-266,KNN,{'k': 35},0.4288052373158756
main: BH vs NPNS,C1D,J1710-281,KNN,{'k': 5},0.397708674304419
main: BH vs NPNS,C1D,J1710-281,KNN,{'k': 15},0.40589198036006546
main: BH vs NPNS,C1D,J1710-281,KNN,{'k': 24},0.4582651391162029
main: BH vs NPNS,C1D,J1710-281,KNN,{'k': 35},0.4582651391162029
main: BH vs NPNS,C1D,J1712-376,KNN,{'k': 5},0.36006546644844517
main: BH vs NPNS,C1D,J1712-376,KNN,{'k': 15},0.397708674304419
main: BH vs NPNS,C1D,J1712-376,KNN,{'k': 24},0.42225859247135844
main: BH vs NPNS,C1D,J1712-376,KNN,{'k': 35},0.4451718494271686
main: BH vs NPNS,C1D,J1712-408,KNN,{'k': 5},0.353518821603928
main: BH vs NPNS,C1D,J1712-408,KNN,{'k': 15},0.3862520458265139
main: BH vs NPNS,C1D,J1712-408,KNN,{'k': 24},0.4157119476268412
main: BH vs NPNS,C1D,J1712-408,KNN,{'k': 35},0.45171849427168576
main: BH vs NPNS,C1D,J1714-340,KNN,{'k': 5},0.3960720130932897
main: BH vs NPNS,C1D,J1714-340,KNN,{'k': 15},0.3878887070376432
main: BH vs NPNS,C1D,J1714-340,KNN,{'k': 24},0.45499181669394434
main: BH vs NPNS,C1D,J1714-340,KNN,{'k': 35},0.44680851063829785
main: BH vs NPNS,C1D,J1718-404,KNN,{'k': 5},0.3911620294599018
main: BH vs NPNS,C1D,J1718-404,KNN,{'k': 15},0.4238952536824877
main: BH vs NPNS,C1D,J1718-404,KNN,{'k': 24},0.46481178396072015
main: BH vs NPNS,C1D,J1718-404,KNN,{'k': 35},0.4779050736497545
main: BH vs NPNS,C1D,J1727-162,KNN,{'k': 5},0.34375
main: BH vs NPNS,C1D,J1727-162,KNN,{'k': 15},0.4045138888888889
main: BH vs NPNS,C1D,J1727-162,KNN,{'k': 24},0.4357638888888889
main: BH vs NPNS,C1D,J1727-162,KNN,{'k': 35},0.4635416666666667
main: BH vs NPNS,C1D,J1727-308,KNN,{'k': 5},0.37970540098199673
main: BH vs NPNS,C1D,J1727-308,KNN,{'k': 15},0.42225859247135844
main: BH vs NPNS,C1D,J1727-308,KNN,{'k': 24},0.4500818330605565
main: BH vs NPNS,C1D,J1727-308,KNN,{'k': 35},0.4779050736497545
main: BH vs NPNS,C1D,J1735-304,KNN,{'k': 5},0.41734860883797054
main: BH vs NPNS,C1D,J1735-304,KNN,{'k': 15},0.4288052373158756
main: BH vs NPNS,C1D,J1735-304,KNN,{'k': 24},0.4582651391162029
main: BH vs NPNS,C1D,J1735-304,KNN,{'k': 35},0.4746317512274959
main: BH vs NPNS,C1D,J1738-269,KNN,{'k': 5},0.425531914893617
main: BH vs NPNS,C1D,J1738-269,KNN,{'k': 15},0.4582651391162029
main: BH vs NPNS,C1D,J1738-269,KNN,{'k': 24},0.48936170212765956
main: BH vs NPNS,C1D,J1738-269,KNN,{'k': 35},0.4909983633387889
main: BH vs NPNS,C1D,J1738-444,KNN,{'k': 5},0.3960720130932897
main: BH vs NPNS,C1D,J1738-444,KNN,{'k': 15},0.4369885433715221
main: BH vs NPNS,C1D,J1738-444,KNN,{'k': 24},0.4713584288052373
main: BH vs NPNS,C1D,J1738-444,KNN,{'k': 35},0.4828150572831424
main: BH vs NPNS,C1D,J1739-284,KNN,{'k': 5},0.4288052373158756
main: BH vs NPNS,C1D,J1739-284,KNN,{'k': 15},0.45171849427168576
main: BH vs NPNS,C1D,J1739-284,KNN,{'k': 24},0.46808510638297873
main: BH vs NPNS,C1D,J1739-284,KNN,{'k': 35},0.4713584288052373
main: BH vs NPNS,C1D,J1746-295,KNN,{'k': 5},0.3895253682487725
main: BH vs NPNS,C1D,J1746-295,KNN,{'k': 15},0.4353518821603928
main: BH vs NPNS,C1D,J1746-295,KNN,{'k': 24},0.4533551554828151
main: BH vs NPNS,C1D,J1746-295,KNN,{'k': 35},0.45990180032733224
main: BH vs NPNS,C1D,J1747-265,KNN,{'k': 5},0.3829787234042553
main: BH vs NPNS,C1D,J1747-265,KNN,{'k': 15},0.4288052373158756
main: BH vs NPNS,C1D,J1747-265,KNN,{'k': 24},0.45662847790507366
main: BH vs NPNS,C1D,J1747-265,KNN,{'k': 35},0.4500818330605565
main: BH vs NPNS,C1D,J1747-288,KNN,{'k': 5},0.39279869067103107
main: BH vs NPNS,C1D,J1747-288,KNN,{'k': 15},0.41898527004909986
main: BH vs NPNS,C1D,J1747-288,KNN,{'k': 24},0.4582651391162029
main: BH vs NPNS,C1D,J1747-288,KNN,{'k': 35},0.46153846153846156
main: BH vs NPNS,C1D,J1750-312,KNN,{'k': 5},0.4451718494271686
main: BH vs NPNS,C1D,J1750-312,KNN,{'k': 15},0.4664484451718494
main: BH vs NPNS,C1D,J1750-312,KNN,{'k': 24},0.4746317512274959
main: BH vs NPNS,C1D,J1750-312,KNN,{'k': 35},0.4713584288052373
main: BH vs NPNS,C1D,J1750-370,KNN,{'k': 5},0.43044189852700493
main: BH vs NPNS,C1D,J1750-370,KNN,{'k': 15},0.4320785597381342
main: BH vs NPNS,C1D,J1750-370,KNN,{'k': 24},0.47299509001636664
main: BH vs NPNS,C1D,J1750-370,KNN,{'k': 35},0.46153846153846156
main: BH vs NPNS,C1D,J1804-343,KNN,{'k': 5},0.3960720130932897
main: BH vs NPNS,C1D,J1804-343,KNN,{'k': 15},0.3960720130932897
main: BH vs NPNS,C1D,J1804-343,KNN,{'k': 24},0.45171849427168576
main: BH vs NPNS,C1D,J1804-343,KNN,{'k': 35},0.4500818330605565
main: BH vs NPNS,C1D,J1810-190,KNN,{'k': 5},0.46317512274959083
main: BH vs NPNS,C1D,J1810-190,KNN,{'k': 15},0.48117839607201307
main: BH vs NPNS,C1D,J1810-190,KNN,{'k': 24},0.4746317512274959
main: BH vs NPNS,C1D,J1810-190,KNN,{'k': 35},0.4795417348608838
main: BH vs NPNS,C1D,J1810-261,KNN,{'k': 5},0.40916530278232405
main: BH vs NPNS,C1D,J1810-261,KNN,{'k': 15},0.3895253682487725
main: BH vs NPNS,C1D,J1810-261,KNN,{'k': 24},0.4451718494271686
main: BH vs NPNS,C1D,J1810-261,KNN,{'k': 35},0.44189852700491
main: BH vs NPNS,C1D,J1814-171,KNN,{'k': 5},0.46481178396072015
main: BH vs NPNS,C1D,J1814-171,KNN,{'k': 15},0.4844517184942717
main: BH vs NPNS,C1D,J1814-171,KNN,{'k': 24},0.49263502454991814
main: BH vs NPNS,C1D,J1814-171,KNN,{'k': 35},0.49918166939443537
main: BH vs NPNS,C1D,J1815-120,KNN,{'k': 5},0.41734860883797054
main: BH vs NPNS,C1D,J1815-120,KNN,{'k': 15},0.41080196399345337
main: BH vs NPNS,C1D,J1815-120,KNN,{'k': 24},0.4582651391162029
main: BH vs NPNS,C1D,J1815-120,KNN,{'k': 35},0.46317512274959083
main: BH vs NPNS,C1D,J1816-140,KNN,{'k': 5},0.4288052373158756
main: BH vs NPNS,C1D,J1816-140,KNN,{'k': 15},0.45171849427168576
main: BH vs NPNS,C1D,J1816-140,KNN,{'k': 24},0.4713584288052373
main: BH vs NPNS,C1D,J1816-140,KNN,{'k': 35},0.47299509001636664
main: BH vs NPNS,C1D,J1819-254,KNN,{'k': 5},0.34375
main: BH vs NPNS,C1D,J1819-254,KNN,{'k': 15},0.3871527777777778
main: BH vs NPNS,C1D,J1819-254,KNN,{'k': 24},0.4201388888888889
main: BH vs NPNS,C1D,J1819-254,KNN,{'k': 35},0.4201388888888889
main: BH vs NPNS,C1D,J1820+071,KNN,{'k': 5},0.3819444444444444
main: BH vs NPNS,C1D,J1820+071,KNN,{'k': 15},0.3680555555555556
main: BH vs NPNS,C1D,J1820+071,KNN,{'k': 24},0.4305555555555556
main: BH vs NPNS,C1D,J1820+071,KNN,{'k': 35},0.4270833333333333
main: BH vs NPNS,C1D,J1823-303,KNN,{'k': 5},0.4353518821603928
main: BH vs NPNS,C1D,J1823-303,KNN,{'k': 15},0.4664484451718494
main: BH vs NPNS,C1D,J1823-303,KNN,{'k': 24},0.4795417348608838
main: BH vs NPNS,C1D,J1823-303,KNN,{'k': 35},0.48936170212765956
main: BH vs NPNS,C1D,J1825-000,KNN,{'k': 5},0.46481178396072015
main: BH vs NPNS,C1D,J1825-000,KNN,{'k': 15},0.49427168576104746
main: BH vs NPNS,C1D,J1825-000,KNN,{'k': 24},0.513911620294599
main: BH vs NPNS,C1D,J1825-000,KNN,{'k': 35},0.5057283142389526
main: BH vs NPNS,C1D,J1828-106,KNN,{'k': 5},0.4779050736497545
main: BH vs NPNS,C1D,J1828-106,KNN,{'k': 15},0.49918166939443537
main: BH vs NPNS,C1D,J1828-106,KNN,{'k': 24},0.5204582651391162
main: BH vs NPNS,C1D,J1828-106,KNN,{'k': 35},0.5171849427168577
main: BH vs NPNS,C1D,J1829-237,KNN,{'k': 5},0.43044189852700493
main: BH vs NPNS,C1D,J1829-237,KNN,{'k': 15},0.46317512274959083
main: BH vs NPNS,C1D,J1829-237,KNN,{'k': 24},0.4877250409165303
main: BH vs NPNS,C1D,J1829-237,KNN,{'k': 35},0.48117839607201307
main: BH vs NPNS,C1D,J1835-329,KNN,{'k': 5},0.4206219312602291
main: BH vs NPNS,C1D,J1835-329,KNN,{'k': 15},0.41243862520458263
main: BH vs NPNS,C1D,J1835-329,KNN,{'k': 24},0.46317512274959083
main: BH vs NPNS,C1D,J1835-329,KNN,{'k': 35},0.46153846153846156
main: BH vs NPNS,C1D,J1839+050,KNN,{'k': 5},0.41734860883797054
main: BH vs NPNS,C1D,J1839+050,KNN,{'k': 15},0.44680851063829785
main: BH vs NPNS,C1D,J1839+050,KNN,{'k': 24},0.486088379705401
main: BH vs NPNS,C1D,J1839+050,KNN,{'k': 35},0.4762684124386252
main: BH vs NPNS,C1D,J1853-087,KNN,{'k': 5},0.3993453355155483
main: BH vs NPNS,C1D,J1853-087,KNN,{'k': 15},0.41080196399345337
main: BH vs NPNS,C1D,J1853-087,KNN,{'k': 24},0.4664484451718494
main: BH vs NPNS,C1D,J1853-087,KNN,{'k': 35},0.45990180032733224
main: BH vs NPNS,C1D,J1911+049,KNN,{'k': 5},0.4583333333333333
main: BH vs NPNS,C1D,J1911+049,KNN,{'k': 15},0.4184027777777778
main: BH vs NPNS,C1D,J1911+049,KNN,{'k': 24},0.4652777777777778
main: BH vs NPNS,C1D,J1911+049,KNN,{'k': 35},0.46875
main: BH vs NPNS,C1D,J1915+109,KNN,{'k': 5},0.4913194444444444
main: BH vs NPNS,C1D,J1915+109,KNN,{'k': 15},0.4913194444444444
main: BH vs NPNS,C1D,J1915+109,KNN,{'k': 24},0.5243055555555556
main: BH vs NPNS,C1D,J1915+109,KNN,{'k': 35},0.5243055555555556
main: BH vs NPNS,C1D,J1918-052,KNN,{'k': 5},0.42225859247135844
main: BH vs NPNS,C1D,J1918-052,KNN,{'k': 15},0.4288052373158756
main: BH vs NPNS,C1D,J1918-052,KNN,{'k': 24},0.46153846153846156
main: BH vs NPNS,C1D,J1918-052,KNN,{'k': 35},0.45171849427168576
main: BH vs NPNS,C1D,J1958+352,KNN,{'k': 5},0.4305555555555556
main: BH vs NPNS,C1D,J1958+352,KNN,{'k': 15},0.4652777777777778
main: BH vs NPNS,C1D,J1958+352,KNN,{'k': 24},0.5017361111111112
main: BH vs NPNS,C1D,J1958+352,KNN,{'k': 35},0.4965277777777778
main: BH vs NPNS,C1D,J2129+121,KNN,{'k': 5},0.3960720130932897
main: BH vs NPNS,C1D,J2129+121,KNN,{'k': 15},0.3895253682487725
main: BH vs NPNS,C1D,J2129+121,KNN,{'k': 24},0.45171849427168576
main: BH vs NPNS,C1D,J2129+121,KNN,{'k': 35},0.44844517184942717
main: BH vs NPNS,C1D,J2144+383,KNN,{'k': 5},0.35842880523731585
main: BH vs NPNS,C1D,J2144+383,KNN,{'k': 15},0.35842880523731585
main: BH vs NPNS,C1D,J2144+383,KNN,{'k': 24},0.41080196399345337
main: BH vs NPNS,C1D,J2144+383,KNN,{'k': 35},0.4075286415711948
main: BH vs NPNS,CCI,J0538-640,SVM,"{'C': 0.1, 'gamma': 0.1}",0.546875
main: BH vs NPNS,CCI,J0538-640,SVM,"{'C': 0.1, 'gamma': 0.585}",0.4461805555555556
main: BH vs NPNS,CCI,J0538-640,SVM,"{'C': 0.1, 'gamma': 3.0}",0.453125
main: BH vs NPNS,CCI,J0538-640,SVM,"{'C': 1.0, 'gamma': 0.1}",0.5190972222222222
main: BH vs NPNS,CCI,J0538-640,SVM,"{'C': 1.0, 'gamma': 0.585}",0.4166666666666667
main: BH vs NPNS,CCI,J0538-640,SVM,"{'C': 1.0, 'gamma': 3.0}",0.4392361111111111
main: BH vs NPNS,CCI,J0538-640,SVM,"{'C': 10.0, 'gamma': 0.1}",0.484375
main: BH vs NPNS,CCI,J0538-640,SVM,"{'C': 10.0, 'gamma': 0.585}",0.3975694444444444
main: BH vs NPNS,CCI,J0538-640,SVM,"{'C': 10.0, 'gamma': 3.0}",0.4027777777777778
main: BH vs NPNS,CCI,J0539-697,SVM,"{'C': 0.1, 'gamma': 0.1}",0.5104166666666666
main: BH vs NPNS,CCI,J0539-697,SVM,"{'C': 0.1, 'gamma': 0.585}",0.4045138888888889
main: BH vs NPNS,CCI,J0539-697,SVM,"{'C': 0.1, 'gamma': 3.0}",0.4114583333333333
main: BH vs NPNS,CCI,J0539-697,SVM,"{'C': 1.0, 'gamma': 0.1}",0.4895833333333333
main: BH vs NPNS,CCI,J0539-697,SVM,"{'C': 1.0, 'gamma': 0.585}",0.3958333333333333
main: BH vs NPNS,CCI,J0539-697,SVM,"{'C': 1.0, 'gamma': 3.0}",0.4114583333333333
main: BH vs NPNS,CCI,J0539-697,SVM,"{'C': 10.0, 'gamma': 0.1}",0.4513888888888889
main: BH vs NPNS,CCI,J0539-697,SVM,"{'C': 10.0, 'gamma': 0.585}",0.3888888888888889
main: BH vs NPNS,CCI,J0539-697,SVM,"{'C': 10.0, 'gamma': 3.0}",0.3975694444444444
main: BH vs NPNS,CCI,J0617+091,SVM,"{'C': 0.1, 'gamma': 0.1}",0.5400981996726678
main: BH vs NPNS,CCI,J0617+091,SVM,"{'C': 0.1, 'gamma': 0.585}",0.45499181669394434
main: BH vs NPNS,CCI,J0617+091,SVM,"{'C': 0.1, 'gamma': 3.0}",0.486088379705401
main: BH vs NPNS,CCI,J0617+091,SVM,"{'C': 1.0, 'gamma': 0.1}",0.502454991816694
main: BH vs NPNS,CCI,J0617+091,SVM,"{'C': 1.0, 'gamma': 0.585}",0.4795417348608838
main: BH vs NPNS,CCI,J0617+091,SVM,"{'C': 1.0, 'gamma': 3.0}",0.4713584288052373
main: BH vs NPNS,CCI,J0617+091,SVM,"{'C': 10.0, 'gamma': 0.1}",0.48936170212765956
main: BH vs NPNS,CCI,J0617+091,SVM,"{'C': 10.0, 'gamma': 0.585}",0.46153846153846156
main: BH vs NPNS,CCI,J0617+091,SVM,"{'C': 10.0, 'gamma': 3.0}",0.4909983633387889
main: BH vs NPNS,CCI,J0920-552,SVM,"{'C': 0.1, 'gamma': 0.1}",0.6153846153846154
main: BH vs NPNS,CCI,J0920-552,SVM,"{'C': 0.1, 'gamma': 0.585}",0.5548281505728314
main: BH vs NPNS,CCI,J0920-552,SVM,"{'C': 0.1, 'gamma': 3.0}",0.5597381342062193
main: BH vs NPNS,CCI,J0920-552,SVM,"{'C': 1.0, 'gamma': 0.1}",0.6219312602291326
main: BH vs NPNS,CCI,J0920-552,SVM,"{'C': 1.0, 'gamma': 0.585}",0.5417348608837971
main: BH vs NPNS,CCI,J0920-552,SVM,"{'C': 1.0, 'gamma': 3.0}",0.5400981996726678
main: BH vs NPNS,CCI,J0920-552,SVM,"{'C': 10.0, 'gamma': 0.1}",0.613747954173486
main: BH vs NPNS,CCI,J0920-552,SVM,"{'C': 10.0, 'gamma': 0.585}",0.5515548281505729
main: BH vs NPNS,CCI,J0920-552,SVM,"{'C': 10.0, 'gamma': 3.0}",0.5237315875613748
main: BH vs NPNS,CCI,J1249-590,SVM,"{'C': 0.1, 'gamma': 0.1}",0.5400981996726678
main: BH vs NPNS,CCI,J1249-590,SVM,"{'C': 0.1, 'gamma': 0.585}",0.4664484451718494
main: BH vs NPNS,CCI,J1249-590,SVM,"{'C': 0.1, 'gamma': 3.0}",0.48117839607201307
main: BH vs NPNS,CCI,J1249-590,SVM,"{'C': 1.0, 'gamma': 0.1}",0.5204582651391162
main: BH vs NPNS,CCI,J1249-590,SVM,"{'C': 1.0, 'gamma': 0.585}",0.4664484451718494
main: BH vs NPNS,CCI,J1249-590,SVM,"{'C': 1.0, 'gamma': 3.0}",0.4762684124386252
main: BH vs NPNS,CCI,J1249-590,SVM,"{'C': 10.0, 'gamma': 0.1}",0.5122749590834698
main: BH vs NPNS,CCI,J1249-590,SVM,"{'C': 10.0, 'gamma': 0.585}",0.46808510638297873
main: BH vs NPNS,CCI,J1249-590,SVM,"{'C': 10.0, 'gamma': 3.0}",0.4959083469721768
main: BH vs NPNS,CCI,J1257-692,SVM,"{'C': 0.1, 'gamma': 0.1}",0.5597381342062193
main: BH vs NPNS,CCI,J1257-692,SVM,"{'C': 0.1, 'gamma': 0.585}",0.4779050736497545
main: BH vs NPNS,CCI,J1257-692,SVM,"{'C': 0.1, 'gamma': 3.0}",0.4909983633387889
main: BH vs NPNS,CCI,J1257-692,SVM,"{'C': 1.0, 'gamma': 0.1}",0.5433715220949263
main: BH vs NPNS,CCI,J1257-692,SVM,"{'C': 1.0, 'gamma': 0.585}",0.4746317512274959
main: BH vs NPNS,CCI,J1257-692,SVM,"{'C': 1.0, 'gamma': 3.0}",0.47299509001636664
main: BH vs NPNS,CCI,J1257-692,SVM,"{'C': 10.0, 'gamma': 0.1}",0.5286415711947627
main: BH vs NPNS,CCI,J1257-692,SVM,"{'C': 10.0, 'gamma': 0.585}",0.4746317512274959
main: BH vs NPNS,CCI,J1257-692,SVM,"{'C': 10.0, 'gamma': 3.0}",0.49754500818330605
main: BH vs NPNS,CCI,J1306-704,SVM,"{'C': 0.1, 'gamma': 0.1}",0.4618055555555556
main: BH vs NPNS,CCI,J1306-704,SVM,"{'C': 0.1, 'gamma': 0.585}",0.3993055555555556
main: BH vs NPNS,CCI,J1306-704,SVM,"{'C': 0.1, 'gamma': 3.0}",0.3958333333333333
main: BH vs NPNS,CCI,J1306-704,SVM,"{'C': 1.0, 'gamma': 0.1}",0.4756944444444444
main: BH vs NPNS,CCI,J1306-704,SVM,"{'C': 1.0, 'gamma': 0.585}",0.3663194444444444
main: BH vs NPNS,CCI,J1306-704,SVM,"{'C': 1.0, 'gamma': 3.0}",0.3732638888888889
main: BH vs NPNS,CCI,J1306-704,SVM,"{'C': 10.0, 'gamma': 0.1}",0.4618055555555556
main: BH vs NPNS,CCI,J1306-704,SVM,"{'C': 10.0, 'gamma': 0.585}",0.3854166666666667
main: BH vs NPNS,CCI,J1306-704,SVM,"{'C': 10.0, 'gamma': 3.0}",0.3680555555555556
main: BH vs NPNS,CCI,J1324-632,SVM,"{'C': 0.1, 'gamma': 0.1}",0.5777414075286416
main: BH vs NPNS,CCI,J1324-632,SVM,"{'C': 0.1, 'gamma': 0.585}",0.49754500818330605
main: BH vs NPNS,CCI,J1324-632,SVM,"{'C': 0.1, 'gamma': 3.0}",0.5073649754500819
main: BH vs NPNS,CCI,J1324-632,SVM,"{'C': 1.0, 'gamma': 0.1}",0.563011456628478
main: BH vs NPNS,CCI,J1324-632,SVM,"{'C': 1.0, 'gamma': 0.585}",0.48936170212765956
main: BH vs NPNS,CCI,J1324-632,SVM,"{'C': 1.0, 'gamma': 3.0}",0.49427168576104746
main: BH vs NPNS,CCI,J1324-632,SVM,"{'C': 10.0, 'gamma': 0.1}",0.5433715220949263
main: BH vs NPNS,CCI,J1324-632,SVM,"{'C': 10.0, 'gamma': 0.585}",0.4877250409165303
main: BH vs NPNS,CCI,J1324-632,SVM,"{'C': 10.0, 'gamma': 3.0}",0.5155482815057283
main: BH vs NPNS,CCI,J1326-621,SVM,"{'C': 0.1, 'gamma': 0.1}",0.5908346972176759
main: BH vs NPNS,CCI,J1326-621,SVM,"{'C': 0.1, 'gamma': 0.585}",0.5122749590834698
main: BH vs NPNS,CCI,J1326-621,SVM,"{'C': 0.1, 'gamma': 3.0}",0.5155482815057283
main: BH vs NPNS,CCI,J1326-621,SVM,"{'C': 1.0, 'gamma': 0.1}",0.5941080196399345
main: BH vs NPNS,CCI,J1326-621,SVM,"{'C': 1.0, 'gamma': 0.585}",0.49754500818330605
main: BH vs NPNS,CCI,J1326-621,SVM,"{'C': 1.0, 'gamma': 3.0}",0.486088379705401
main: BH vs NPNS,CCI,J1326-621,SVM,"{'C': 10.0, 'gamma': 0.1}",0.5810147299509002
main: BH vs NPNS,CCI,J1326-621,SVM,"{'C': 10.0, 'gamma': 0.585}",0.49263502454991814
main: BH vs NPNS,CCI,J1326-621,SVM,"{'C': 10.0, 'gamma': 3.0}",0.5057283142389526
main: BH vs NPNS,CCI,J1358-647,SVM,"{'C': 0.1, 'gamma': 0.1}",0.5902777777777778
main: BH vs NPNS,CCI,J1358-647,SVM,"{'C': 0.1, 'gamma': 0.585}",0.5
main: BH vs NPNS,CCI,J1358-647,SVM,"{'C': 0.1, 'gamma': 3.0}",0.546875
main: BH vs NPNS,CCI,J1358-647,SVM,"{'C': 1.0, 'gamma': 0.1}",0.5833333333333334
main: BH vs NPNS,CCI,J1358-647,SVM,"{'C': 1.0, 'gamma': 0.585}",0.5260416666666666
main: BH vs NPNS,CCI,J1358-647,SVM,"{'C': 1.0, 'gamma': 3.0}",0.5885416666666666
main: BH vs NPNS,CCI,J1358-647,SVM,"{'C': 10.0, 'gamma': 0.1}",0.546875
main: BH vs NPNS,CCI,J1358-647,SVM,"{'C': 10.0, 'gamma': 0.585}",0.5538194444444444
main: BH vs NPNS,CCI,J1358-647,SVM,"{'C': 10.0, 'gamma': 3.0}",0.5989583333333334
main: BH vs NPNS,CCI,J1520-571,SVM,"{'C': 0.1, 'gamma': 0.1}",0.6202945990180033
main: BH vs NPNS,CCI,J1520-571,SVM,"{'C': 0.1, 'gamma': 0.585}",0.5793780687397708
main: BH vs NPNS,CCI,J1520-571,SVM,"{'C': 0.1, 'gamma': 3.0}",0.6006546644844517
main: BH vs NPNS,CCI,J1520-571,SVM,"{'C': 1.0, 'gamma': 0.1}",0.6072013093289689
main: BH vs NPNS,CCI,J1520-571,SVM,"{'C': 1.0, 'gamma': 0.585}",0.5793780687397708
main: BH vs NPNS,CCI,J1520-571,SVM,"{'C': 1.0, 'gamma': 3.0}",0.6366612111292962
main: BH vs NPNS,CCI,J1520-571,SVM,"{'C': 10.0, 'gamma': 0.1}",0.5957446808510638
main: BH vs NPNS,CCI,J1520-571,SVM,"{'C': 10.0, 'gamma': 0.585}",0.6219312602291326
main: BH vs NPNS,CCI,J1520-571,SVM,"{'C': 10.0, 'gamma': 3.0}",0.6399345335515548
main: BH vs NPNS,CCI,J1547-625,SVM,"{'C': 0.1, 'gamma': 0.1}",0.6104746317512275
main: BH vs NPNS,CCI,J1547-625,SVM,"{'C': 0.1, 'gamma': 0.585}",0.5646481178396072
main: BH vs NPNS,CCI,J1547-625,SVM,"{'C': 0.1, 'gamma': 3.0}",0.5924713584288053
main: BH vs NPNS,CCI,J1547-625,SVM,"{'C': 1.0, 'gamma': 0.1}",0.6170212765957447
main: BH vs NPNS,CCI,J1547-625,SVM,"{'C': 1.0, 'gamma': 0.585}",0.5842880523731587
main: BH vs NPNS,CCI,J1547-625,SVM,"{'C': 1.0, 'gamma': 3.0}",0.6284779050736498
main: BH vs NPNS,CCI,J1547-625,SVM,"{'C': 10.0, 'gamma': 0.1}",0.6088379705400983
main: BH vs NPNS,CCI,J1547-625,SVM,"{'C': 10.0, 'gamma': 0.585}",0.6039279869067103
main: BH vs NPNS,CCI,J1547-625,SVM,"{'C': 10.0, 'gamma': 3.0}",0.630114566284779
main: BH vs NPNS,CCI,J1612-524,SVM,"{'C': 0.1, 'gamma': 0.1}",0.6121112929623568
main: BH vs NPNS,CCI,J1612-524,SVM,"{'C': 0.1, 'gamma': 0.585}",0.5957446808510638
main: BH vs NPNS,CCI,J1612-524,SVM,"{'C': 0.1, 'gamma': 3.0}",0.618657937806874
main: BH vs NPNS,CCI,J1612-524,SVM,"{'C': 1.0, 'gamma': 0.1}",0.6333878887070377
main: BH vs NPNS,CCI,J1612-524,SVM,"{'C': 1.0, 'gamma': 0.585}",0.6039279869067103
main: BH vs NPNS,CCI,J1612-524,SVM,"{'C': 1.0, 'gamma': 3.0}",0.6530278232405892
main: BH vs NPNS,CCI,J1612-524,SVM,"{'C': 10.0, 'gamma': 0.1}",0.6202945990180033
main: BH vs NPNS,CCI,J1612-524,SVM,"{'C': 10.0, 'gamma': 0.585}",0.6415711947626841
main: BH vs NPNS,CCI,J1612-524,SVM,"{'C': 10.0, 'gamma': 3.0}",0.6677577741407529
main: BH vs NPNS,CCI,J1620-500,SVM,"{'C': 0.1, 'gamma': 0.1}",0.6170212765957447
main: BH vs NPNS,CCI,J1620-500,SVM,"{'C': 0.1, 'gamma': 0.585}",0.5859247135842881
main: BH vs NPNS,CCI,J1620-500,SVM,"{'C': 0.1, 'gamma': 3.0}",0.6121112929623568
main: BH vs NPNS,CCI,J1620-500,SVM,"{'C': 1.0, 'gamma': 0.1}",0.6284779050736498
main: BH vs NPNS,CCI,J1620-500,SVM,"{'C': 1.0, 'gamma': 0.585}",0.6055646481178396
main: BH vs NPNS,CCI,J1620-500,SVM,"{'C': 1.0, 'gamma': 3.0}",0.6579378068739771
main: BH vs NPNS,CCI,J1620-500,SVM,"{'C': 10.0, 'gamma': 0.1}",0.6219312602291326
main: BH vs NPNS,CCI,J1620-500,SVM,"{'C': 10.0, 'gamma': 0.585}",0.6252045826513911
main: BH vs NPNS,CCI,J1620-500,SVM,"{'C': 10.0, 'gamma': 3.0}",0.6693944353518821
main: BH vs NPNS,CCI,J1640-537,SVM,"{'C': 0.1, 'gamma': 0.1}",0.6219312602291326
main: BH vs NPNS,CCI,J1640-537,SVM,"{'C': 0.1, 'gamma': 0.585}",0.5810147299509002
main: BH vs NPNS,CCI,J1640-537,SVM,"{'C': 0.1, 'gamma': 3.0}",0.613747954173486
main: BH vs NPNS,CCI,J1640-537,SVM,"{'C': 1.0, 'gamma': 0.1}",0.6268412438625205
main: BH vs NPNS,CCI,J1640-537,SVM,"{'C': 1.0, 'gamma': 0.585}",0.6104746317512275
main: BH vs NPNS,CCI,J1640-537,SVM,"{'C': 1.0, 'gamma': 3.0}",0.6612111292962357
main: BH vs NPNS,CCI,J1640-537,SVM,"{'C': 10.0, 'gamma': 0.1}",0.6252045826513911
main: BH vs NPNS,CCI,J1640-537,SVM,"{'C': 10.0, 'gamma': 0.585}",0.6268412438625205
main: BH vs NPNS,CCI,J1640-537,SVM,"{'C': 10.0, 'gamma': 3.0}",0.6710310965630114
main: BH vs NPNS,CCI,J1650-499,SVM,"{'C': 0.1, 'gamma': 0.1}",0.5920138888888888
main: BH vs NPNS,CCI,J1650-499,SVM,"{'C': 0.1, 'gamma': 0.585}",0.5364583333333334
main: BH vs NPNS,CCI,J1650-499,SVM,"{'C': 0.1, 'gamma': 3.0}",0.5711805555555556
main: BH vs NPNS,CCI,J1650-499,SVM,"{'C': 1.0, 'gamma': 0.1}",0.6128472222222222
main: BH vs NPNS,CCI,J1650-499,SVM,"{'C': 1.0, 'gamma': 0.585}",0.5486111111111112
main: BH vs NPNS,CCI,J1650-499,SVM,"{'C': 1.0, 'gamma': 3.0}",0.6041666666666666
main: BH vs NPNS,CCI,J1650-499,SVM,"{'C': 10.0, 'gamma': 0.1}",0.5833333333333334
main: BH vs NPNS,CCI,J1650-499,SVM,"{'C': 10.0, 'gamma': 0.585}",0.5902777777777778
main: BH vs NPNS,CCI,J1650-499,SVM,"{'C': 10.0, 'gamma': 3.0}",0.609375
main: BH vs NPNS,CCI,J1654-398,SVM,"{'C': 0.1, 'gamma': 0.1}",0.609375
main: BH vs NPNS,CCI,J1654-398,SVM,"{'C': 0.1, 'gamma': 0.585}",0.5659722222222222
main: BH vs NPNS,CCI,J1654-398,SVM,"{'C': 0.1, 'gamma': 3.0}",0.5833333333333334
main: BH vs NPNS,CCI,J1654-398,SVM,"{'C': 1.0, 'gamma': 0.1}",0.6319444444444444
main: BH vs NPNS,CCI,J1654-398,SVM,"{'C': 1.0, 'gamma': 0.585}",0.5659722222222222
main: BH vs NPNS,CCI,J1654-398,SVM,"{'C': 1.0, 'gamma': 3.0}",0.59375
main: BH vs NPNS,CCI,J1654-398,SVM,"{'C': 10.0, 'gamma': 0.1}",0.5989583333333334
main: BH vs NPNS,CCI,J1654-398,SVM,"{'C': 10.0, 'gamma': 0.585}",0.5902777777777778
main: BH vs NPNS,CCI,J1654-398,SVM,"{'C': 10.0, 'gamma': 3.0}",0.5850694444444444
main: BH vs NPNS,CCI,J1700-461,SVM,"{'C': 0.1, 'gamma': 0.1}",0.618657937806874
main: BH vs NPNS,CCI,J1700-461,SVM,"{'C': 0.1, 'gamma': 0.585}",0.6006546644844517
main: BH vs NPNS,CCI,J1700-461,SVM,"{'C': 0.1, 'gamma': 3.0}",0.6170212765957447
main: BH vs NPNS,CCI,J1700-461,SVM,"{'C': 1.0, 'gamma': 0.1}",0.6432078559738135
main: BH vs NPNS,CCI,J1700-461,SVM,"{'C': 1.0, 'gamma': 0.585}",0.6170212765957447
main: BH vs NPNS,CCI,J1700-461,SVM,"{'C': 1.0, 'gamma': 3.0}",0.6612111292962357
main: BH vs NPNS,CCI,J1700-461,SVM,"{'C': 10.0, 'gamma': 0.1}",0.6432078559738135
main: BH vs NPNS,CCI,J1700-461,SVM,"{'C': 10.0, 'gamma': 0.585}",0.6284779050736498
main: BH vs NPNS,CCI,J1700-461,SVM,"{'C': 10.0, 'gamma': 3.0}",0.6726677577741408
main: BH vs NPNS,CCI,J1701-408,SVM,"{'C': 0.1, 'gamma': 0.1}",0.618657937806874
main: BH vs NPNS,CCI,J1701-408,SVM,"{'C': 0.1, 'gamma': 0.585}",0.618657937806874
main: BH vs NPNS,CCI,J1701-408,SVM,"{'C': 0.1, 'gamma': 3.0}",0.6219312602291326
main: BH vs NPNS,CCI,J1701-408,SVM,"{'C': 1.0, 'gamma': 0.1}",0.6497545008183306
main: BH vs NPNS,CCI,J1701-408,SVM,"{'C': 1.0, 'gamma': 0.585}",0.6219312602291326
main: BH vs NPNS,CCI,J1701-408,SVM,"{'C': 1.0, 'gamma': 3.0}",0.6595744680851063
main: BH vs NPNS,CCI,J1701-408,SVM,"{'C': 10.0, 'gamma': 0.1}",0.6497545008183306
main: BH vs NPNS,CCI,J1701-408,SVM,"{'C': 10.0, 'gamma': 0.585}",0.6366612111292962
main: BH vs NPNS,CCI,J1701-408,SVM,"{'C': 10.0, 'gamma': 3.0}",0.6759410801963993
main: BH vs NPNS,CCI,J1702-487,SVM,"{'C': 0.1, 'gamma': 0.1}",0.59375
main: BH vs NPNS,CCI,J1702-487,SVM,"{'C': 0.1, 'gamma': 0.585}",0.5763888888888888
main: BH vs NPNS,CCI,J1702-487,SVM,"{'C': 0.1, 'gamma': 3.0}",0.6041666666666666
main: BH vs NPNS,CCI,J1702-487,SVM,"{'C': 1.0, 'gamma': 0.1}",0.6128472222222222
main: BH vs NPNS,CCI,J1702-487,SVM,"{'C': 1.0, 'gamma': 0.585}",0.5885416666666666
main: BH vs NPNS,CCI,J1702-487,SVM,"{'C': 1.0, 'gamma': 3.0}",0.6649305555555556
main: BH vs NPNS,CCI,J1702-487,SVM,"{'C': 10.0, 'gamma': 0.1}",0.6041666666666666
main: BH vs NPNS,CCI,J1702-487,SVM,"{'C': 10.0, 'gamma': 0.585}",0.609375
main: BH vs NPNS,CCI,J1702-487,SVM,"{'C': 10.0, 'gamma': 3.0}",0.6597222222222222
main: BH vs NPNS,CCI,J1706-617,SVM,"{'C': 0.1, 'gamma': 0.1}",0.6039279869067103
main: BH vs NPNS,CCI,J1706-617,SVM,"{'C': 0.1, 'gamma': 0.585}",0.618657937806874
main: BH vs NPNS,CCI,J1706-617,SVM,"{'C': 0.1, 'gamma': 3.0}",0.6677577741407529
main: BH vs NPNS,CCI,J1706-617,SVM,"{'C': 1.0, 'gamma': 0.1}",0.6317512274959084
main: BH vs NPNS,CCI,J1706-617,SVM,"{'C': 1.0, 'gamma': 0.585}",0.6513911620294599
main: BH vs NPNS,CCI,J1706-617,SVM,"{'C': 1.0, 'gamma': 3.0}",0.7119476268412439
main: BH vs NPNS,CCI,J1706-617,SVM,"{'C': 10.0, 'gamma': 0.1}",0.6497545008183306
main: BH vs NPNS,CCI,J1706-617,SVM,"{'C': 10.0, 'gamma': 0.585}",0.67430441898527
main: BH vs NPNS,CCI,J1706-617,SVM,"{'C': 10.0, 'gamma': 3.0}",0.7332242225859247
main: BH vs NPNS,CCI,J1708-323,SVM,"{'C': 0.1, 'gamma': 0.1}",0.618657937806874
main: BH vs NPNS,CCI,J1708-323,SVM,"{'C': 0.1, 'gamma': 0.585}",0.5842880523731587
main: BH vs NPNS,CCI,J1708-323,SVM,"{'C': 0.1, 'gamma': 3.0}",0.6252045826513911
main: BH vs NPNS,CCI,J1708-323,SVM,"{'C': 1.0, 'gamma': 0.1}",0.618657937806874
main: BH vs NPNS,CCI,J1708-323,SVM,"{'C': 1.0, 'gamma': 0.585}",0.5859247135842881
main: BH vs NPNS,CCI,J1708-323,SVM,"{'C': 1.0, 'gamma': 3.0}",0.6448445171849427
main: BH vs NPNS,CCI,J1708-323,SVM,"{'C': 10.0, 'gamma': 0.1}",0.6088379705400983
main: BH vs NPNS,CCI,J1708-323,SVM,"{'C': 10.0, 'gamma': 0.585}",0.6382978723404256
main: BH vs NPNS,CCI,J1708-323,SVM,"{'C': 10.0, 'gamma': 3.0}",0.6661211129296236
main: BH vs NPNS,CCI,J1708-441,SVM,"{'C': 0.1, 'gamma': 0.1}",0.6088379705400983
main: BH vs NPNS,CCI,J1708-441,SVM,"{'C': 0.1, 'gamma': 0.585}",0.6252045826513911
main: BH vs NPNS,CCI,J1708-441,SVM,"{'C': 0.1, 'gamma': 3.0}",0.6579378068739771
main: BH vs NPNS,CCI,J1708-441,SVM,"{'C': 1.0, 'gamma': 0.1}",0.6333878887070377
main: BH vs NPNS,CCI,J1708-441,SVM,"{'C': 1.0, 'gamma': 0.585}",0.6612111292962357
main: BH vs NPNS,CCI,J1708-441,SVM,"{'C': 1.0, 'gamma': 3.0}",0.6923076923076923
main: BH vs NPNS,CCI,J1708-441,SVM,"{'C': 10.0, 'gamma': 0.1}",0.6513911620294599
main: BH vs NPNS,CCI,J1708-441,SVM,"{'C': 10.0, 'gamma': 0.585}",0.6661211129296236
main: BH vs NPNS,CCI,J1708-441,SVM,"{'C': 10.0, 'gamma': 3.0}",0.690671031096563
main: BH vs NPNS,CCI,J1709-266,SVM,"{'C': 0.1, 'gamma': 0.1}",0.6153846153846154
main: BH vs NPNS,CCI,J1709-266,SVM,"{'C': 0.1, 'gamma': 0.585}",0.6235679214402619
main: BH vs NPNS,CCI,J1709-266,SVM,"{'C': 0.1, 'gamma': 3.0}",0.662847790507365
main: BH vs NPNS,CCI,J1709-266,SVM,"{'C': 1.0, 'gamma': 0.1}",0.6366612111292962
main: BH vs NPNS,CCI,J1709-266,SVM,"{'C': 1.0, 'gamma': 0.585}",0.6579378068739771
main: BH vs NPNS,CCI,J1709-266,SVM,"{'C': 1.0, 'gamma': 3.0}",0.690671031096563
main: BH vs NPNS,CCI,J1709-266,SVM,"{'C': 10.0, 'gamma': 0.1}",0.6497545008183306
main: BH vs NPNS,CCI,J1709-266,SVM,"{'C': 10.0, 'gamma': 0.585}",0.6693944353518821
main: BH vs NPNS,CCI,J1709-266,SVM,"{'C': 10.0, 'gamma': 3.0}",0.6824877250409165
main: BH vs NPNS,CCI,J1710-281,SVM,"{'C': 0.1, 'gamma': 0.1}",0.6268412438625205
main: BH vs NPNS,CCI,J1710-281,SVM,"{'C': 0.1, 'gamma': 0.585}",0.6039279869067103
main: BH vs NPNS,CCI,J1710-281,SVM,"{'C': 0.1, 'gamma': 3.0}",0.6350245499181669
main: BH vs NPNS,CCI,J1710-281,SVM,"{'C': 1.0, 'gamma': 0.1}",0.6366612111292962
main: BH vs NPNS,CCI,J1710-281,SVM,"{'C': 1.0, 'gamma': 0.585}",0.5990180032733224
main: BH vs NPNS,CCI,J1710-281,SVM,"{'C': 1.0, 'gamma': 3.0}",0.6661211129296236
main: BH vs NPNS,CCI,J1710-281,SVM,"{'C': 10.0, 'gamma': 0.1}",0.6317512274959084
main: BH vs NPNS,CCI,J1710-281,SVM,"{'C': 10.0, 'gamma': 0.585}",0.6350245499181669
main: BH vs NPNS,CCI,J1710-281,SVM,"{'C': 10.0, 'gamma': 3.0}",0.6693944353518821
main: BH vs NPNS,CCI,J1712-376,SVM,"{'C': 0.1, 'gamma': 0.1}",0.6055646481178396
main: BH vs NPNS,CCI,J1712-376,SVM,"{'C': 0.1, 'gamma': 0.585}",0.5924713584288053
main: BH vs NPNS,CCI,J1712-376,SVM,"{'C': 0.1, 'gamma': 3.0}",0.6317512274959084
main: BH vs NPNS,CCI,J1712-376,SVM,"{'C': 1.0, 'gamma': 0.1}",0.6170212765957447
main: BH vs NPNS,CCI,J1712-376,SVM,"{'C': 1.0, 'gamma': 0.585}",0.6202945990180033
main: BH vs NPNS,CCI,J1712-376,SVM,"{'C': 1.0, 'gamma': 3.0}",0.6759410801963993
main: BH vs NPNS,CCI,J1712-376,SVM,"{'C': 10.0, 'gamma': 0.1}",0.6202945990180033
main: BH vs NPNS,CCI,J1712-376,SVM,"{'C': 10.0, 'gamma': 0.585}",0.6382978723404256
main: BH vs NPNS,CCI,J1712-376,SVM,"{'C': 10.0, 'gamma': 3.0}",0.6939443535188216
main: BH vs NPNS,CCI,J1712-408,SVM,"{'C': 0.1, 'gamma': 0.1}",0.6072013093289689
main: BH vs NPNS,CCI,J1712-408,SVM,"{'C': 0.1, 'gamma': 0.585}",0.5859247135842881
main: BH vs NPNS,CCI,J1712-408,SVM,"{'C': 0.1, 'gamma': 3.0}",0.6235679214402619
main: BH vs NPNS,CCI,J1712-408,SVM,"{'C': 1.0, 'gamma': 0.1}",0.6153846153846154
main: BH vs NPNS,CCI,J1712-408,SVM,"{'C': 1.0, 'gamma': 0.585}",0.630114566284779
main: BH vs NPNS,CCI,J1712-408,SVM,"{'C': 1.0, 'gamma': 3.0}",0.6841243862520459
main: BH vs NPNS,CCI,J1712-408,SVM,"{'C': 10.0, 'gamma': 0.1}",0.6202945990180033
main: BH vs NPNS,CCI,J1712-408,SVM,"{'C': 10.0, 'gamma': 0.585}",0.6415711947626841
main: BH vs NPNS,CCI,J1712-408,SVM,"{'C': 10.0, 'gamma': 3.0}",0.6955810147299509
main: BH vs NPNS,CCI,J1714-340,SVM,"{'C': 0.1, 'gamma': 0.1}",0.6284779050736498
main: BH vs NPNS,CCI,J1714-340,SVM,"{'C': 0.1, 'gamma': 0.585}",0.6088379705400983
main: BH vs NPNS,CCI,J1714-340,SVM,"{'C': 0.1, 'gamma': 3.0}",0.6382978723404256
main: BH vs NPNS,CCI,J1714-340,SVM,"{'C': 1.0, 'gamma': 0.1}",0.646481178396072
main: BH vs NPNS,CCI,J1714-340,SVM,"{'C': 1.0, 'gamma': 0.585}",0.6006546644844517
main: BH vs NPNS,CCI,J1714-340,SVM,"{'C': 1.0, 'gamma': 3.0}",0.6775777414075287
main: BH vs NPNS,CCI,J1714-340,SVM,"{'C': 10.0, 'gamma': 0.1}",0.6382978723404256
main: BH vs NPNS,CCI,J1714-340,SVM,"{'C': 10.0, 'gamma': 0.585}",0.6448445171849427
main: BH vs NPNS,CCI,J1714-340,SVM,"{'C': 10.0, 'gamma': 3.0}",0.6824877250409165
main: BH vs NPNS,CCI,J1718-404,SVM,"{'C': 0.1, 'gamma': 0.1}",0.6104746317512275
main: BH vs NPNS,CCI,J1718-404,SVM,"{'C': 0.1, 'gamma': 0.585}",0.5957446808510638
main: BH vs NPNS,CCI,J1718-404,SVM,"{'C': 0.1, 'gamma': 3.0}",0.630114566284779
main: BH vs NPNS,CCI,J1718-404,SVM,"{'C': 1.0, 'gamma': 0.1}",0.6170212765957447
main: BH vs NPNS,CCI,J1718-404,SVM,"{'C': 1.0, 'gamma': 0.585}",0.6235679214402619
main: BH vs NPNS,CCI,J1718-404,SVM,"{'C': 1.0, 'gamma': 3.0}",0.679214402618658
main: BH vs NPNS,CCI,J1718-404,SVM,"{'C': 10.0, 'gamma': 0.1}",0.630114566284779
main: BH vs NPNS,CCI,J1718-404,SVM,"{'C': 10.0, 'gamma': 0.585}",0.6350245499181669
main: BH vs NPNS,CCI,J1718-404,SVM,"{'C': 10.0, 'gamma': 3.0}",0.6923076923076923
main: BH vs NPNS,CCI,J1727-162,SVM,"{'C': 0.1, 'gamma': 0.1}",0.6197916666666666
main: BH vs NPNS,CCI,J1727-162,SVM,"{'C': 0.1, 'gamma': 0.585}",0.5503472222222222
main: BH vs NPNS,CCI,J1727-162,SVM,"{'C': 0.1, 'gamma': 3.0}",0.5989583333333334
main: BH vs NPNS,CCI,J1727-162,SVM,"{'C': 1.0, 'gamma': 0.1}",0.6076388888888888
main: BH vs NPNS,CCI,J1727-162,SVM,"{'C': 1.0, 'gamma': 0.585}",0.578125
main: BH vs NPNS,CCI,J1727-162,SVM,"{'C': 1.0, 'gamma': 3.0}",0.6475694444444444
main: BH vs NPNS,CCI,J1727-162,SVM,"{'C': 10.0, 'gamma': 0.1}",0.5642361111111112
main: BH vs NPNS,CCI,J1727-162,SVM,"{'C': 10.0, 'gamma': 0.585}",0.6006944444444444
main: BH vs NPNS,CCI,J1727-162,SVM,"{'C': 10.0, 'gamma': 3.0}",0.6371527777777778
main: BH vs NPNS,CCI,J1727-308,SVM,"{'C': 0.1, 'gamma': 0.1}",0.6235679214402619
main: BH vs NPNS,CCI,J1727-308,SVM,"{'C': 0.1, 'gamma': 0.585}",0.6350245499181669
main: BH vs NPNS,CCI,J1727-308,SVM,"{'C': 0.1, 'gamma': 3.0}",0.630114566284779
main: BH vs NPNS,CCI,J1727-308,SVM,"{'C': 1.0, 'gamma': 0.1}",0.6513911620294599
main: BH vs NPNS,CCI,J1727-308,SVM,"{'C': 1.0, 'gamma': 0.585}",0.630114566284779
main: BH vs NPNS,CCI,J1727-308,SVM,"{'C': 1.0, 'gamma': 3.0}",0.690671031096563
main: BH vs NPNS,CCI,J1727-308,SVM,"{'C': 10.0, 'gamma': 0.1}",0.6481178396072013
main: BH vs NPNS,CCI,J1727-308,SVM,"{'C': 10.0, 'gamma': 0.585}",0.646481178396072
main: BH vs NPNS,CCI,J1727-308,SVM,"{'C': 10.0, 'gamma': 3.0}",0.7004909983633388
main: BH vs NPNS,CCI,J1735-304,SVM,"{'C': 0.1, 'gamma': 0.1}",0.6284779050736498
main: BH vs NPNS,CCI,J1735-304,SVM,"{'C': 0.1, 'gamma': 0.585}",0.6448445171849427
main: BH vs NPNS,CCI,J1735-304,SVM,"{'C': 0.1, 'gamma': 3.0}",0.6333878887070377
main: BH vs NPNS,CCI,J1735-304,SVM,"{'C': 1.0, 'gamma': 0.1}",0.6595744680851063
main: BH vs NPNS,CCI,J1735-304,SVM,"{'C': 1.0, 'gamma': 0.585}",0.6415711947626841
main: BH vs NPNS,CCI,J1735-304,SVM,"{'C': 1.0, 'gamma': 3.0}",0.6972176759410802
main: BH vs NPNS,CCI,J1735-304,SVM,"{'C': 10.0, 'gamma': 0.1}",0.6497545008183306
main: BH vs NPNS,CCI,J1735-304,SVM,"{'C': 10.0, 'gamma': 0.585}",0.6481178396072013
main: BH vs NPNS,CCI,J1735-304,SVM,"{'C': 10.0, 'gamma': 3.0}",0.7037643207855974
main: BH vs NPNS,CCI,J1738-269,SVM,"{'C': 0.1, 'gamma': 0.1}",0.6317512274959084
main: BH vs NPNS,CCI,J1738-269,SVM,"{'C': 0.1, 'gamma': 0.585}",0.6432078559738135
main: BH vs NPNS,CCI,J1738-269,SVM,"{'C': 0.1, 'gamma': 3.0}",0.6382978723404256
main: BH vs NPNS,CCI,J1738-269,SVM,"{'C': 1.0, 'gamma': 0.1}",0.6661211129296236
main: BH vs NPNS,CCI,J1738-269,SVM,"{'C': 1.0, 'gamma': 0.585}",0.6399345335515548
main: BH vs NPNS,CCI,J1738-269,SVM,"{'C': 1.0, 'gamma': 3.0}",0.6955810147299509
main: BH vs NPNS,CCI,J1738-269,SVM,"{'C': 10.0, 'gamma': 0.1}",0.6546644844517185
main: BH vs NPNS,CCI,J1738-269,SVM,"{'C': 10.0, 'gamma': 0.585}",0.646481178396072
main: BH vs NPNS,CCI,J1738-269,SVM,"{'C': 10.0, 'gamma': 3.0}",0.7054009819967266
main: BH vs NPNS,CCI,J1738-444,SVM,"{'C': 0.1, 'gamma': 0.1}",0.6366612111292962
main: BH vs NPNS,CCI,J1738-444,SVM,"{'C': 0.1, 'gamma': 0.585}",0.6497545008183306
main: BH vs NPNS,CCI,J1738-444,SVM,"{'C': 0.1, 'gamma': 3.0}",0.6399345335515548
main: BH vs NPNS,CCI,J1738-444,SVM,"{'C': 1.0, 'gamma': 0.1}",0.662847790507365
main: BH vs NPNS,CCI,J1738-444,SVM,"{'C': 1.0, 'gamma': 0.585}",0.6432078559738135
main: BH vs NPNS,CCI,J1738-444,SVM,"{'C': 1.0, 'gamma': 3.0}",0.6972176759410802
main: BH vs NPNS,CCI,J1738-444,SVM,"{'C': 10.0, 'gamma': 0.1}",0.6595744680851063
main: BH vs NPNS,CCI,J1738-444,SVM,"{'C': 10.0, 'gamma': 0.585}",0.6448445171849427
main: BH vs NPNS,CCI,J1738-444,SVM,"{'C': 10.0, 'gamma': 3.0}",0.7037643207855974
main: BH vs NPNS,CCI,J1739-284,SVM,"{'C': 0.1, 'gamma': 0.1}",0.6333878887070377
main: BH vs NPNS,CCI,J1739-284,SVM,"{'C': 0.1, 'gamma': 0.585}",0.6579378068739771
main: BH vs NPNS,CCI,J1739-284,SVM,"{'C': 0.1, 'gamma': 3.0}",0.6563011456628478
main: BH vs NPNS,CCI,J1739-284,SVM,"{'C': 1.0, 'gamma': 0.1}",0.6563011456628478
main: BH vs NPNS,CCI,J1739-284,SVM,"{'C': 1.0, 'gamma': 0.585}",0.6513911620294599
main: BH vs NPNS,CCI,J1739-284,SVM,"{'C': 1.0, 'gamma': 3.0}",0.7086743044189853
main: BH vs NPNS,CCI,J1739-284,SVM,"{'C': 10.0, 'gamma': 0.1}",0.6595744680851063
main: BH vs NPNS,CCI,J1739-284,SVM,"{'C': 10.0, 'gamma': 0.585}",0.662847790507365
main: BH vs NPNS,CCI,J1739-284,SVM,"{'C': 10.0, 'gamma': 3.0}",0.7184942716857611
main: BH vs NPNS,CCI,J1746-295,SVM,"{'C': 0.1, 'gamma': 0.1}",0.6415711947626841
main: BH vs NPNS,CCI,J1746-295,SVM,"{'C': 0.1, 'gamma': 0.585}",0.6481178396072013
main: BH vs NPNS,CCI,J1746-295,SVM,"{'C': 0.1, 'gamma': 3.0}",0.6448445171849427
main: BH vs NPNS,CCI,J1746-295,SVM,"{'C': 1.0, 'gamma': 0.1}",0.6563011456628478
main: BH vs NPNS,CCI,J1746-295,SVM,"{'C': 1.0, 'gamma': 0.585}",0.6432078559738135
main: BH vs NPNS,CCI,J1746-295,SVM,"{'C': 1.0, 'gamma': 3.0}",0.7021276595744681
main: BH vs NPNS,CCI,J1746-295,SVM,"{'C': 10.0, 'gamma': 0.1}",0.6448445171849427
main: BH vs NPNS,CCI,J1746-295,SVM,"{'C': 10.0, 'gamma': 0.585}",0.6595744680851063
main: BH vs NPNS,CCI,J1746-295,SVM,"{'C': 10.0, 'gamma': 3.0}",0.7037643207855974
main: BH vs NPNS,CCI,J1747-265,SVM,"{'C': 0.1, 'gamma': 0.1}",0.6497545008183306
main: BH vs NPNS,CCI,J1747-265,SVM,"{'C': 0.1, 'gamma': 0.585}",0.67430441898527
main: BH vs NPNS,CCI,J1747-265,SVM,"{'C': 0.1, 'gamma': 3.0}",0.6677577741407529
main: BH vs NPNS,CCI,J1747-265,SVM,"{'C': 1.0, 'gamma': 0.1}",0.6759410801963993
main: BH vs NPNS,CCI,J1747-265,SVM,"{'C': 1.0, 'gamma': 0.585}",0.6595744680851063
main: BH vs NPNS,CCI,J1747-265,SVM,"{'C': 1.0, 'gamma': 3.0}",0.7135842880523732
main: BH vs NPNS,CCI,J1747-265,SVM,"{'C': 10.0, 'gamma': 0.1}",0.6693944353518821
main: BH vs NPNS,CCI,J1747-265,SVM,"{'C': 10.0, 'gamma': 0.585}",0.67430441898527
main: BH vs NPNS,CCI,J1747-265,SVM,"{'C': 10.0, 'gamma': 3.0}",0.7119476268412439
main: BH vs NPNS,CCI,J1747-288,SVM,"{'C': 0.1, 'gamma': 0.1}",0.6481178396072013
main: BH vs NPNS,CCI,J1747-288,SVM,"{'C': 0.1, 'gamma': 0.585}",0.67430441898527
main: BH vs NPNS,CCI,J1747-288,SVM,"{'C': 0.1, 'gamma': 3.0}",0.6661211129296236
main: BH vs NPNS,CCI,J1747-288,SVM,"{'C': 1.0, 'gamma': 0.1}",0.67430441898527
main: BH vs NPNS,CCI,J1747-288,SVM,"{'C': 1.0, 'gamma': 0.585}",0.6612111292962357
main: BH vs NPNS,CCI,J1747-288,SVM,"{'C': 1.0, 'gamma': 3.0}",0.7135842880523732
main: BH vs NPNS,CCI,J1747-288,SVM,"{'C': 10.0, 'gamma': 0.1}",0.6595744680851063
main: BH vs NPNS,CCI,J1747-288,SVM,"{'C': 10.0, 'gamma': 0.585}",0.6710310965630114
main: BH vs NPNS,CCI,J1747-288,SVM,"{'C': 10.0, 'gamma': 3.0}",0.7168576104746317
main: BH vs NPNS,CCI,J1750-312,SVM,"{'C': 0.1, 'gamma': 0.1}",0.6563011456628478
main: BH vs NPNS,CCI,J1750-312,SVM,"{'C': 0.1, 'gamma': 0.585}",0.6693944353518821
main: BH vs NPNS,CCI,J1750-312,SVM,"{'C': 0.1, 'gamma': 3.0}",0.6759410801963993
main: BH vs NPNS,CCI,J1750-312,SVM,"{'C': 1.0, 'gamma': 0.1}",0.679214402618658
main: BH vs NPNS,CCI,J1750-312,SVM,"{'C': 1.0, 'gamma': 0.585}",0.6710310965630114
main: BH vs NPNS,CCI,J1750-312,SVM,"{'C': 1.0, 'gamma': 3.0}",0.7184942716857611
main: BH vs NPNS,CCI,J1750-312,SVM,"{'C': 10.0, 'gamma': 0.1}",0.6873977086743044
main: BH vs NPNS,CCI,J1750-312,SVM,"{'C': 10.0, 'gamma': 0.585}",0.679214402618658
main: BH vs NPNS,CCI,J1750-312,SVM,"{'C': 10.0, 'gamma': 3.0}",0.7184942716857611
main: BH vs NPNS,CCI,J1750-370,SVM,"{'C': 0.1, 'gamma': 0.1}",0.6448445171849427
main: BH vs NPNS,CCI,J1750-370,SVM,"{'C': 0.1, 'gamma': 0.585}",0.67430441898527
main: BH vs NPNS,CCI,J1750-370,SVM,"{'C': 0.1, 'gamma': 3.0}",0.6612111292962357
main: BH vs NPNS,CCI,J1750-370,SVM,"{'C': 1.0, 'gamma': 0.1}",0.6644844517184942
main: BH vs NPNS,CCI,J1750-370,SVM,"{'C': 1.0, 'gamma': 0.585}",0.6644844517184942
main: BH vs NPNS,CCI,J1750-370,SVM,"{'C': 1.0, 'gamma': 3.0}",0.7152209492635024
main: BH vs NPNS,CCI,J1750-370,SVM,"{'C': 10.0, 'gamma': 0.1}",0.6710310965630114
main: BH vs NPNS,CCI,J1750-370,SVM,"{'C': 10.0, 'gamma': 0.585}",0.6726677577741408
main: BH vs NPNS,CCI,J1750-370,SVM,"{'C': 10.0, 'gamma': 3.0}",0.7119476268412439
main: BH vs NPNS,CCI,J1804-343,SVM,"{'C': 0.1, 'gamma': 0.1}",0.6399345335515548
main: BH vs NPNS,CCI,J1804-343,SVM,"{'C': 0.1, 'gamma': 0.585}",0.6153846153846154
main: BH vs NPNS,CCI,J1804-343,SVM,"{'C': 0.1, 'gamma': 3.0}",0.6268412438625205
main: BH vs NPNS,CCI,J1804-343,SVM,"{'C': 1.0, 'gamma': 0.1}",0.6579378068739771
main: BH vs NPNS,CCI,J1804-343,SVM,"{'C': 1.0, 'gamma': 0.585}",0.6072013093289689
main: BH vs NPNS,CCI,J1804-343,SVM,"{'C': 1.0, 'gamma': 3.0}",0.679214402618658
main: BH vs NPNS,CCI,J1804-343,SVM,"{'C': 10.0, 'gamma': 0.1}",0.6399345335515548
main: BH vs NPNS,CCI,J1804-343,SVM,"{'C': 10.0, 'gamma': 0.585}",0.6579378068739771
main: BH vs NPNS,CCI,J1804-343,SVM,"{'C': 10.0, 'gamma': 3.0}",0.6775777414075287
main: BH vs NPNS,CCI,J1810-190,SVM,"{'C': 0.1, 'gamma': 0.1}",0.630114566284779
main: BH vs NPNS,CCI,J1810-190,SVM,"{'C': 0.1, 'gamma': 0.585}",0.6448445171849427
main: BH vs NPNS,CCI,J1810-190,SVM,"{'C': 0.1, 'gamma': 3.0}",0.6399345335515548
main: BH vs NPNS,CCI,J1810-190,SVM,"{'C': 1.0, 'gamma': 0.1}",0.6612111292962357
main: BH vs NPNS,CCI,J1810-190,SVM,"{'C': 1.0, 'gamma': 0.585}",0.6448445171849427
main: BH vs NPNS,CCI,J1810-190,SVM,"{'C': 1.0, 'gamma': 3.0}",0.7135842880523732
main: BH vs NPNS,CCI,J1810-190,SVM,"{'C': 10.0, 'gamma': 0.1}",0.6513911620294599
main: BH vs NPNS,CCI,J1810-190,SVM,"{'C': 10.0, 'gamma': 0.585}",0.6661211129296236
main: BH vs NPNS,CCI,J1810-190,SVM,"{'C': 10.0, 'gamma': 3.0}",0.7266775777414075
main: BH vs NPNS,CCI,J1810-261,SVM,"{'C': 0.1, 'gamma': 0.1}",0.6513911620294599
main: BH vs NPNS,CCI,J1810-261,SVM,"{'C': 0.1, 'gamma': 0.585}",0.6235679214402619
main: BH vs NPNS,CCI,J1810-261,SVM,"{'C': 0.1, 'gamma': 3.0}",0.6366612111292962
main: BH vs NPNS,CCI,J1810-261,SVM,"{'C': 1.0, 'gamma': 0.1}",0.6661211129296236
main: BH vs NPNS,CCI,J1810-261,SVM,"{'C': 1.0, 'gamma': 0.585}",0.6170212765957447
main: BH vs NPNS,CCI,J1810-261,SVM,"{'C': 1.0, 'gamma': 3.0}",0.6939443535188216
main: BH vs NPNS,CCI,J1810-261,SVM,"{'C': 10.0, 'gamma': 0.1}",0.646481178396072
main: BH vs NPNS,CCI,J1810-261,SVM,"{'C': 10.0, 'gamma': 0.585}",0.6644844517184942
main: BH vs NPNS,CCI,J1810-261,SVM,"{'C': 10.0, 'gamma': 3.0}",0.6726677577741408
main: BH vs NPNS,CCI,J1814-171,SVM,"{'C': 0.1, 'gamma': 0.1}",0.6497545008183306
main: BH vs NPNS,CCI,J1814-171,SVM,"{'C': 0.1, 'gamma': 0.585}",0.646481178396072
main: BH vs NPNS,CCI,J1814-171,SVM,"{'C': 0.1, 'gamma': 3.0}",0.646481178396072
main: BH vs NPNS,CCI,J1814-171,SVM,"{'C': 1.0, 'gamma': 0.1}",0.6563011456628478
main: BH vs NPNS,CCI,J1814-171,SVM,"{'C': 1.0, 'gamma': 0.585}",0.6432078559738135
main: BH vs NPNS,CCI,J1814-171,SVM,"{'C': 1.0, 'gamma': 3.0}",0.7135842880523732
main: BH vs NPNS,CCI,J1814-171,SVM,"{'C': 10.0, 'gamma': 0.1}",0.6448445171849427
main: BH vs NPNS,CCI,J1814-171,SVM,"{'C': 10.0, 'gamma': 0.585}",0.6595744680851063
main: BH vs NPNS,CCI,J1814-171,SVM,"{'C': 10.0, 'gamma': 3.0}",0.7217675941080196
main: BH vs NPNS,CCI,J1815-120,SVM,"{'C': 0.1, 'gamma': 0.1}",0.6382978723404256
main: BH vs NPNS,CCI,J1815-120,SVM,"{'C': 0.1, 'gamma': 0.585}",0.6202945990180033
main: BH vs NPNS,CCI,J1815-120,SVM,"{'C': 0.1, 'gamma': 3.0}",0.6399345335515548
main: BH vs NPNS,CCI,J1815-120,SVM,"{'C': 1.0, 'gamma': 0.1}",0.6595744680851063
main: BH vs NPNS,CCI,J1815-120,SVM,"{'C': 1.0, 'gamma': 0.585}",0.613747954173486
main: BH vs NPNS,CCI,J1815-120,SVM,"{'C': 1.0, 'gamma': 3.0}",0.6923076923076923
main: BH vs NPNS,CCI,J1815-120,SVM,"{'C': 10.0, 'gamma': 0.1}",0.6399345335515548
main: BH vs NPNS,CCI,J1815-120,SVM,"{'C': 10.0, 'gamma': 0.585}",0.6579378068739771
main: BH vs NPNS,CCI,J1815-120,SVM,"{'C': 10.0, 'gamma': 3.0}",0.67430441898527
main: BH vs NPNS,CCI,J1816-140,SVM,"{'C': 0.1, 'gamma': 0.1}",0.6284779050736498
main: BH vs NPNS,CCI,J1816-140,SVM,"{'C': 0.1, 'gamma': 0.585}",0.6284779050736498
main: BH vs NPNS,CCI,J1816-140,SVM,"{'C': 0.1, 'gamma': 3.0}",0.6170212765957447
main: BH vs NPNS,CCI,J1816-140,SVM,"{'C': 1.0, 'gamma': 0.1}",0.6530278232405892
main: BH vs NPNS,CCI,J1816-140,SVM,"{'C': 1.0, 'gamma': 0.585}",0.6219312602291326
main: BH vs NPNS,CCI,J1816-140,SVM,"{'C': 1.0, 'gamma': 3.0}",0.6857610474631751
main: BH vs NPNS,CCI,J1816-140,SVM,"{'C': 10.0, 'gamma': 0.1}",0.6366612111292962
main: BH vs NPNS,CCI,J1816-140,SVM,"{'C': 10.0, 'gamma': 0.585}",0.6382978723404256
main: BH vs NPNS,CCI,J1816-140,SVM,"{'C': 10.0, 'gamma': 3.0}",0.6857610474631751
main: BH vs NPNS,CCI,J1819-254,SVM,"{'C': 0.1, 'gamma': 0.1}",0.6666666666666666
main: BH vs NPNS,CCI,J1819-254,SVM,"{'C': 0.1, 'gamma': 0.585}",0.625
main: BH vs NPNS,CCI,J1819-254,SVM,"{'C': 0.1, 'gamma': 3.0}",0.6041666666666666
main: BH vs NPNS,CCI,J1819-254,SVM,"{'C': 1.0, 'gamma': 0.1}",0.6545138888888888
main: BH vs NPNS,CCI,J1819-254,SVM,"{'C': 1.0, 'gamma': 0.585}",0.6024305555555556
main: BH vs NPNS,CCI,J1819-254,SVM,"{'C': 1.0, 'gamma': 3.0}",0.6475694444444444
main: BH vs NPNS,CCI,J1819-254,SVM,"{'C': 10.0, 'gamma': 0.1}",0.6267361111111112
main: BH vs NPNS,CCI,J1819-254,SVM,"{'C': 10.0, 'gamma': 0.585}",0.6128472222222222
main: BH vs NPNS,CCI,J1819-254,SVM,"{'C': 10.0, 'gamma': 3.0}",0.6753472222222222
main: BH vs NPNS,CCI,J1820+071,SVM,"{'C': 0.1, 'gamma': 0.1}",0.6371527777777778
main: BH vs NPNS,CCI,J1820+071,SVM,"{'C': 0.1, 'gamma': 0.585}",0.6163194444444444
main: BH vs NPNS,CCI,J1820+071,SVM,"{'C': 0.1, 'gamma': 3.0}",0.6423611111111112
main: BH vs NPNS,CCI,J1820+071,SVM,"{'C': 1.0, 'gamma': 0.1}",0.6545138888888888
main: BH vs NPNS,CCI,J1820+071,SVM,"{'C': 1.0, 'gamma': 0.585}",0.6145833333333334
main: BH vs NPNS,CCI,J1820+071,SVM,"{'C': 1.0, 'gamma': 3.0}",0.6822916666666666
main: BH vs NPNS,CCI,J1820+071,SVM,"{'C': 10.0, 'gamma': 0.1}",0.6371527777777778
main: BH vs NPNS,CCI,J1820+071,SVM,"{'C': 10.0, 'gamma': 0.585}",0.6770833333333334
main: BH vs NPNS,CCI,J1820+071,SVM,"{'C': 10.0, 'gamma': 3.0}",0.6440972222222222
main: BH vs NPNS,CCI,J1823-303,SVM,"{'C': 0.1, 'gamma': 0.1}",0.6432078559738135
main: BH vs NPNS,CCI,J1823-303,SVM,"{'C': 0.1, 'gamma': 0.585}",0.6235679214402619
main: BH vs NPNS,CCI,J1823-303,SVM,"{'C': 0.1, 'gamma': 3.0}",0.630114566284779
main: BH vs NPNS,CCI,J1823-303,SVM,"{'C': 1.0, 'gamma': 0.1}",0.6579378068739771
main: BH vs NPNS,CCI,J1823-303,SVM,"{'C': 1.0, 'gamma': 0.585}",0.6202945990180033
main: BH vs NPNS,CCI,J1823-303,SVM,"{'C': 1.0, 'gamma': 3.0}",0.6873977086743044
main: BH vs NPNS,CCI,J1823-303,SVM,"{'C': 10.0, 'gamma': 0.1}",0.6432078559738135
main: BH vs NPNS,CCI,J1823-303,SVM,"{'C': 10.0, 'gamma': 0.585}",0.6366612111292962
main: BH vs NPNS,CCI,J1823-303,SVM,"{'C': 10.0, 'gamma': 3.0}",0.7021276595744681
main: BH vs NPNS,CCI,J1825-000,SVM,"{'C': 0.1, 'gamma': 0.1}",0.6481178396072013
main: BH vs NPNS,CCI,J1825-000,SVM,"{'C': 0.1, 'gamma': 0.585}",0.6350245499181669
main: BH vs NPNS,CCI,J1825-000,SVM,"{'C': 0.1, 'gamma': 3.0}",0.6513911620294599
main: BH vs NPNS,CCI,J1825-000,SVM,"{'C': 1.0, 'gamma': 0.1}",0.6563011456628478
main: BH vs NPNS,CCI,J1825-000,SVM,"{'C': 1.0, 'gamma': 0.585}",0.6317512274959084
main: BH vs NPNS,CCI,J1825-000,SVM,"{'C': 1.0, 'gamma': 3.0}",0.7054009819967266
main: BH vs NPNS,CCI,J1825-000,SVM,"{'C': 10.0, 'gamma': 0.1}",0.6350245499181669
main: BH vs NPNS,CCI,J1825-000,SVM,"{'C': 10.0, 'gamma': 0.585}",0.662847790507365
main: BH vs NPNS,CCI,J1825-000,SVM,"{'C': 10.0, 'gamma': 3.0}",0.7217675941080196
main: BH vs NPNS,CCI,J1828-106,SVM,"{'C': 0.1, 'gamma': 0.1}",0.6644844517184942
main: BH vs NPNS,CCI,J1828-106,SVM,"{'C': 0.1, 'gamma': 0.585}",0.646481178396072
main: BH vs NPNS,CCI,J1828-106,SVM,"{'C': 0.1, 'gamma': 3.0}",0.6481178396072013
main: BH vs NPNS,CCI,J1828-106,SVM,"{'C': 1.0, 'gamma': 0.1}",0.6677577741407529
main: BH vs NPNS,CCI,J1828-106,SVM,"{'C': 1.0, 'gamma': 0.585}",0.6268412438625205
main: BH vs NPNS,CCI,J1828-106,SVM,"{'C': 1.0, 'gamma': 3.0}",0.6923076923076923
main: BH vs NPNS,CCI,J1828-106,SVM,"{'C': 10.0, 'gamma': 0.1}",0.6448445171849427
main: BH vs NPNS,CCI,J1828-106,SVM,"{'C': 10.0, 'gamma': 0.585}",0.662847790507365
main: BH vs NPNS,CCI,J1828-106,SVM,"{'C': 10.0, 'gamma': 3.0}",0.7054009819967266
main: BH vs NPNS,CCI,J1829-237,SVM,"{'C': 0.1, 'gamma': 0.1}",0.6808510638297872
main: BH vs NPNS,CCI,J1829-237,SVM,"{'C': 0.1, 'gamma': 0.585}",0.6497545008183306
main: BH vs NPNS,CCI,J1829-237,SVM,"{'C': 0.1, 'gamma': 3.0}",0.6579378068739771
main: BH vs NPNS,CCI,J1829-237,SVM,"{'C': 1.0, 'gamma': 0.1}",0.6693944353518821
main: BH vs NPNS,CCI,J1829-237,SVM,"{'C': 1.0, 'gamma': 0.585}",0.6350245499181669
main: BH vs NPNS,CCI,J1829-237,SVM,"{'C': 1.0, 'gamma': 3.0}",0.7037643207855974
main: BH vs NPNS,CCI,J1829-237,SVM,"{'C': 10.0, 'gamma': 0.1}",0.646481178396072
main: BH vs NPNS,CCI,J1829-237,SVM,"{'C': 10.0, 'gamma': 0.585}",0.6661211129296236
main: BH vs NPNS,CCI,J1829-237,SVM,"{'C': 10.0, 'gamma': 3.0}",0.7086743044189853
main: BH vs NPNS,CCI,J1835-329,SVM,"{'C': 0.1, 'gamma': 0.1}",0.5613747954173486
main: BH vs NPNS,CCI,J1835-329,SVM,"{'C': 0.1, 'gamma': 0.585}",0.5515548281505729
main: BH vs NPNS,CCI,J1835-329,SVM,"{'C': 0.1, 'gamma': 3.0}",0.5891980360065466
main: BH vs NPNS,CCI,J1835-329,SVM,"{'C': 1.0, 'gamma': 0.1}",0.563011456628478
main: BH vs NPNS,CCI,J1835-329,SVM,"{'C': 1.0, 'gamma': 0.585}",0.55810147299509
main: BH vs NPNS,CCI,J1835-329,SVM,"{'C': 1.0, 'gamma': 3.0}",0.6284779050736498
main: BH vs NPNS,CCI,J1835-329,SVM,"{'C': 10.0, 'gamma': 0.1}",0.5597381342062193
main: BH vs NPNS,CCI,J1835-329,SVM,"{'C': 10.0, 'gamma': 0.585}",0.6121112929623568
main: BH vs NPNS,CCI,J1835-329,SVM,"{'C': 10.0, 'gamma': 3.0}",0.6366612111292962
main: BH vs NPNS,CCI,J1839+050,SVM,"{'C': 0.1, 'gamma': 0.1}",0.6693944353518821
main: BH vs NPNS,CCI,J1839+050,SVM,"{'C': 0.1, 'gamma': 0.585}",0.6399345335515548
main: BH vs NPNS,CCI,J1839+050,SVM,"{'C': 0.1, 'gamma': 3.0}",0.6268412438625205
main: BH vs NPNS,CCI,J1839+050,SVM,"{'C': 1.0, 'gamma': 0.1}",0.67430441898527
main: BH vs NPNS,CCI,J1839+050,SVM,"{'C': 1.0, 'gamma': 0.585}",0.6235679214402619
main: BH vs NPNS,CCI,J1839+050,SVM,"{'C': 1.0, 'gamma': 3.0}",0.6775777414075287
main: BH vs NPNS,CCI,J1839+050,SVM,"{'C': 10.0, 'gamma': 0.1}",0.6448445171849427
main: BH vs NPNS,CCI,J1839+050,SVM,"{'C': 10.0, 'gamma': 0.585}",0.6284779050736498
main: BH vs NPNS,CCI,J1839+050,SVM,"{'C': 10.0, 'gamma': 3.0}",0.7021276595744681
main: BH vs NPNS,CCI,J1853-087,SVM,"{'C': 0.1, 'gamma': 0.1}",0.5810147299509002
main: BH vs NPNS,CCI,J1853-087,SVM,"{'C': 0.1, 'gamma': 0.585}",0.5597381342062193
main: BH vs NPNS,CCI,J1853-087,SVM,"{'C': 0.1, 'gamma': 3.0}",0.574468085106383
main: BH vs NPNS,CCI,J1853-087,SVM,"{'C': 1.0, 'gamma': 0.1}",0.5777414075286416
main: BH vs NPNS,CCI,J1853-087,SVM,"{'C': 1.0, 'gamma': 0.585}",0.5482815057283142
main: BH vs NPNS,CCI,J1853-087,SVM,"{'C': 1.0, 'gamma': 3.0}",0.6153846153846154
main: BH vs NPNS,CCI,J1853-087,SVM,"{'C': 10.0, 'gamma': 0.1}",0.5515548281505729
main: BH vs NPNS,CCI,J1853-087,SVM,"{'C': 10.0, 'gamma': 0.585}",0.5777414075286416
main: BH vs NPNS,CCI,J1853-087,SVM,"{'C': 10.0, 'gamma': 3.0}",0.6317512274959084
main: BH vs NPNS,CCI,J1911+049,SVM,"{'C': 0.1, 'gamma': 0.1}",0.7204861111111112
main: BH vs NPNS,CCI,J1911+049,SVM,"{'C': 0.1, 'gamma': 0.585}",0.6996527777777778
main: BH vs NPNS,CCI,J1911+049,SVM,"{'C': 0.1, 'gamma': 3.0}",0.6753472222222222
main: BH vs NPNS,CCI,J1911+049,SVM,"{'C': 1.0, 'gamma': 0.1}",0.7135416666666666
main: BH vs NPNS,CCI,J1911+049,SVM,"{'C': 1.0, 'gamma': 0.585}",0.6788194444444444
main: BH vs NPNS,CCI,J1911+049,SVM,"{'C': 1.0, 'gamma': 3.0}",0.6996527777777778
main: BH vs NPNS,CCI,J1911+049,SVM,"{'C': 10.0, 'gamma': 0.1}",0.6979166666666666
main: BH vs NPNS,CCI,J1911+049,SVM,"{'C': 10.0, 'gamma': 0.585}",0.6840277777777778
main: BH vs NPNS,CCI,J1911+049,SVM,"{'C': 10.0, 'gamma': 3.0}",0.7152777777777778
main: BH vs NPNS,CCI,J1915+109,SVM,"{'C': 0.1, 'gamma': 0.1}",0.703125
main: BH vs NPNS,CCI,J1915+109,SVM,"{'C': 0.1, 'gamma': 0.585}",0.6788194444444444
main: BH vs NPNS,CCI,J1915+109,SVM,"{'C': 0.1, 'gamma': 3.0}",0.7100694444444444
main: BH vs NPNS,CCI,J1915+109,SVM,"{'C': 1.0, 'gamma': 0.1}",0.6944444444444444
main: BH vs NPNS,CCI,J1915+109,SVM,"{'C': 1.0, 'gamma': 0.585}",0.6736111111111112
main: BH vs NPNS,CCI,J1915+109,SVM,"{'C': 1.0, 'gamma': 3.0}",0.7586805555555556
main: BH vs NPNS,CCI,J1915+109,SVM,"{'C': 10.0, 'gamma': 0.1}",0.6875
main: BH vs NPNS,CCI,J1915+109,SVM,"{'C': 10.0, 'gamma': 0.585}",0.71875
main: BH vs NPNS,CCI,J1915+109,SVM,"{'C': 10.0, 'gamma': 3.0}",0.7725694444444444
main: BH vs NPNS,CCI,J1918-052,SVM,"{'C': 0.1, 'gamma': 0.1}",0.6726677577741408
main: BH vs NPNS,CCI,J1918-052,SVM,"{'C': 0.1, 'gamma': 0.585}",0.630114566284779
main: BH vs NPNS,CCI,J1918-052,SVM,"{'C': 0.1, 'gamma': 3.0}",0.6399345335515548
main: BH vs NPNS,CCI,J1918-052,SVM,"{'C': 1.0, 'gamma': 0.1}",0.6661211129296236
main: BH vs NPNS,CCI,J1918-052,SVM,"{'C': 1.0, 'gamma': 0.585}",0.602291325695581
main: BH vs NPNS,CCI,J1918-052,SVM,"{'C': 1.0, 'gamma': 3.0}",0.6808510638297872
main: BH vs NPNS,CCI,J1918-052,SVM,"{'C': 10.0, 'gamma': 0.1}",0.6595744680851063
main: BH vs NPNS,CCI,J1918-052,SVM,"{'C': 10.0, 'gamma': 0.585}",0.6481178396072013
main: BH vs NPNS,CCI,J1918-052,SVM,"{'C': 10.0, 'gamma': 3.0}",0.6857610474631751
main: BH vs NPNS,CCI,J1958+352,SVM,"{'C': 0.1, 'gamma': 0.1}",0.6927083333333334
main: BH vs NPNS,CCI,J1958+352,SVM,"{'C': 0.1, 'gamma': 0.585}",0.6493055555555556
main: BH vs NPNS,CCI,J1958+352,SVM,"{'C': 0.1, 'gamma': 3.0}",0.640625
main: BH vs NPNS,CCI,J1958+352,SVM,"{'C': 1.0, 'gamma': 0.1}",0.6649305555555556
main: BH vs NPNS,CCI,J1958+352,SVM,"{'C': 1.0, 'gamma': 0.585}",0.6197916666666666
main: BH vs NPNS,CCI,J1958+352,SVM,"{'C': 1.0, 'gamma': 3.0}",0.6840277777777778
main: BH vs NPNS,CCI,J1958+352,SVM,"{'C': 10.0, 'gamma': 0.1}",0.6597222222222222
main: BH vs NPNS,CCI,J1958+352,SVM,"{'C': 10.0, 'gamma': 0.585}",0.65625
main: BH vs NPNS,CCI,J1958+352,SVM,"{'C': 10.0, 'gamma': 3.0}",0.6909722222222222
main: BH vs NPNS,CCI,J2129+121,SVM,"{'C': 0.1, 'gamma': 0.1}",0.6382978723404256
main: BH vs NPNS,CCI,J2129+121,SVM,"{'C': 0.1, 'gamma': 0.585}",0.6366612111292962
main: BH vs NPNS,CCI,J2129+121,SVM,"{'C': 0.1, 'gamma': 3.0}",0.6808510638297872
main: BH vs NPNS,CCI,J2129+121,SVM,"{'C': 1.0, 'gamma': 0.1}",0.6268412438625205
main: BH vs NPNS,CCI,J2129+121,SVM,"{'C': 1.0, 'gamma': 0.585}",0.6513911620294599
main: BH vs NPNS,CCI,J2129+121,SVM,"{'C': 1.0, 'gamma': 3.0}",0.7266775777414075
main: BH vs NPNS,CCI,J2129+121,SVM,"{'C': 10.0, 'gamma': 0.1}",0.6088379705400983
main: BH vs NPNS,CCI,J2129+121,SVM,"{'C': 10.0, 'gamma': 0.585}",0.7054009819967266
main: BH vs NPNS,CCI,J2129+121,SVM,"{'C': 10.0, 'gamma': 3.0}",0.7332242225859247
main: BH vs NPNS,CCI,J2144+383,SVM,"{'C': 0.1, 'gamma': 0.1}",0.7086743044189853
main: BH vs NPNS,CCI,J2144+383,SVM,"{'C': 0.1, 'gamma': 0.585}",0.6644844517184942
main: BH vs NPNS,CCI,J2144+383,SVM,"{'C': 0.1, 'gamma': 3.0}",0.6759410801963993
main: BH vs NPNS,CCI,J2144+383,SVM,"{'C': 1.0, 'gamma': 0.1}",0.707037643207856
main: BH vs NPNS,CCI,J2144+383,SVM,"{'C': 1.0, 'gamma': 0.585}",0.6317512274959084
main: BH vs NPNS,CCI,J2144+383,SVM,"{'C': 1.0, 'gamma': 3.0}",0.7054009819967266
main: BH vs NPNS,CCI,J2144+383,SVM,"{'C': 10.0, 'gamma': 0.1}",0.6841243862520459
main: BH vs NPNS,CCI,J2144+383,SVM,"{'C': 10.0, 'gamma': 0.585}",0.662847790507365
main: BH vs NPNS,CCI,J2144+383,SVM,"{'C': 10.0, 'gamma': 3.0}",0.707037643207856
main: BH vs NPNS,C2D,J0538-640,SVM,"{'C': 0.1, 'gamma': 0.1}",0.6284722222222222
main: BH vs NPNS,C2D,J0538-640,SVM,"{'C': 0.1, 'gamma': 0.585}",0.59375
main: BH vs NPNS,C2D,J0538-640,SVM,"{'C': 0.1, 'gamma': 3.0}",0.609375
main: BH vs NPNS,C2D,J0538-640,SVM,"{'C': 1.0, 'gamma': 0.1}",0.6701388888888888
main: BH vs NPNS,C2D,J0538-640,SVM,"{'C': 1.0, 'gamma': 0.585}",0.5416666666666666
main: BH vs NPNS,C2D,J0538-640,SVM,"{'C': 1.0, 'gamma': 3.0}",0.6006944444444444
main: BH vs NPNS,C2D,J0538-640,SVM,"{'C': 10.0, 'gamma': 0.1}",0.6510416666666666
main: BH vs NPNS,C2D,J0538-640,SVM,"{'C': 10.0, 'gamma': 0.585}",0.5729166666666666
main: BH vs NPNS,C2D,J0538-640,SVM,"{'C': 10.0, 'gamma': 3.0}",0.6006944444444444
main: BH vs NPNS,C2D,J0539-697,SVM,"{'C': 0.1, 'gamma': 0.1}",0.6197916666666666
main: BH vs NPNS,C2D,J0539-697,SVM,"{'C': 0.1, 'gamma': 0.585}",0.5833333333333334
main: BH vs NPNS,C2D,J0539-697,SVM,"{'C': 0.1, 'gamma': 3.0}",0.6232638888888888
main: BH vs NPNS,C2D,J0539-697,SVM,"{'C': 1.0, 'gamma': 0.1}",0.6423611111111112
main: BH vs NPNS,C2D,J0539-697,SVM,"{'C': 1.0, 'gamma': 0.585}",0.5520833333333334
main: BH vs NPNS,C2D,J0539-697,SVM,"{'C': 1.0, 'gamma': 3.0}",0.6180555555555556
main: BH vs NPNS,C2D,J0539-697,SVM,"{'C': 10.0, 'gamma': 0.1}",0.6493055555555556
main: BH vs NPNS,C2D,J0539-697,SVM,"{'C': 10.0, 'gamma': 0.585}",0.5972222222222222
main: BH vs NPNS,C2D,J0539-697,SVM,"{'C': 10.0, 'gamma': 3.0}",0.625
main: BH vs NPNS,C2D,J0617+091,SVM,"{'C': 0.1, 'gamma': 0.1}",0.6448445171849427
main: BH vs NPNS,C2D,J0617+091,SVM,"{'C': 0.1, 'gamma': 0.585}",0.67430441898527
main: BH vs NPNS,C2D,J0617+091,SVM,"{'C': 0.1, 'gamma': 3.0}",0.6366612111292962
main: BH vs NPNS,C2D,J0617+091,SVM,"{'C': 1.0, 'gamma': 0.1}",0.690671031096563
main: BH vs NPNS,C2D,J0617+091,SVM,"{'C': 1.0, 'gamma': 0.585}",0.6104746317512275
main: BH vs NPNS,C2D,J0617+091,SVM,"{'C': 1.0, 'gamma': 3.0}",0.662847790507365
main: BH vs NPNS,C2D,J0617+091,SVM,"{'C': 10.0, 'gamma': 0.1}",0.6939443535188216
main: BH vs NPNS,C2D,J0617+091,SVM,"{'C': 10.0, 'gamma': 0.585}",0.6219312602291326
main: BH vs NPNS,C2D,J0617+091,SVM,"{'C': 10.0, 'gamma': 3.0}",0.6726677577741408
main: BH vs NPNS,C2D,J0920-552,SVM,"{'C': 0.1, 'gamma': 0.1}",0.7054009819967266
main: BH vs NPNS,C2D,J0920-552,SVM,"{'C': 0.1, 'gamma': 0.585}",0.7004909983633388
main: BH vs NPNS,C2D,J0920-552,SVM,"{'C': 0.1, 'gamma': 3.0}",0.6579378068739771
main: BH vs NPNS,C2D,J0920-552,SVM,"{'C': 1.0, 'gamma': 0.1}",0.7463175122749591
main: BH vs NPNS,C2D,J0920-552,SVM,"{'C': 1.0, 'gamma': 0.585}",0.679214402618658
main: BH vs NPNS,C2D,J0920-552,SVM,"{'C': 1.0, 'gamma': 3.0}",0.662847790507365
main: BH vs NPNS,C2D,J0920-552,SVM,"{'C': 10.0, 'gamma': 0.1}",0.7364975450081833
main: BH vs NPNS,C2D,J0920-552,SVM,"{'C': 10.0, 'gamma': 0.585}",0.6415711947626841
main: BH vs NPNS,C2D,J0920-552,SVM,"{'C': 10.0, 'gamma': 3.0}",0.662847790507365
main: BH vs NPNS,C2D,J1249-590,SVM,"{'C': 0.1, 'gamma': 0.1}",0.6530278232405892
main: BH vs NPNS,C2D,J1249-590,SVM,"{'C': 0.1, 'gamma': 0.585}",0.6775777414075287
main: BH vs NPNS,C2D,J1249-590,SVM,"{'C': 0.1, 'gamma': 3.0}",0.646481178396072
main: BH vs NPNS,C2D,J1249-590,SVM,"{'C': 1.0, 'gamma': 0.1}",0.6808510638297872
main: BH vs NPNS,C2D,J1249-590,SVM,"{'C': 1.0, 'gamma': 0.585}",0.6284779050736498
main: BH vs NPNS,C2D,J1249-590,SVM,"{'C': 1.0, 'gamma': 3.0}",0.6693944353518821
main: BH vs NPNS,C2D,J1249-590,SVM,"{'C': 10.0, 'gamma': 0.1}",0.6923076923076923
main: BH vs NPNS,C2D,J1249-590,SVM,"{'C': 10.0, 'gamma': 0.585}",0.6366612111292962
main: BH vs NPNS,C2D,J1249-590,SVM,"{'C': 10.0, 'gamma': 3.0}",0.6693944353518821
main: BH vs NPNS,C2D,J1257-692,SVM,"{'C': 0.1, 'gamma': 0.1}",0.67430441898527
main: BH vs NPNS,C2D,J1257-692,SVM,"{'C': 0.1, 'gamma': 0.585}",0.6595744680851063
main: BH vs NPNS,C2D,J1257-692,SVM,"{'C': 0.1, 'gamma': 3.0}",0.6513911620294599
main: BH vs NPNS,C2D,J1257-692,SVM,"{'C': 1.0, 'gamma': 0.1}",0.7103109656301145
main: BH vs NPNS,C2D,J1257-692,SVM,"{'C': 1.0, 'gamma': 0.585}",0.6252045826513911
main: BH vs NPNS,C2D,J1257-692,SVM,"{'C': 1.0, 'gamma': 3.0}",0.6644844517184942
main: BH vs NPNS,C2D,J1257-692,SVM,"{'C': 10.0, 'gamma': 0.1}",0.7086743044189853
main: BH vs NPNS,C2D,J1257-692,SVM,"{'C': 10.0, 'gamma': 0.585}",0.6284779050736498
main: BH vs NPNS,C2D,J1257-692,SVM,"{'C': 10.0, 'gamma': 3.0}",0.690671031096563
main: BH vs NPNS,C2D,J1306-704,SVM,"{'C': 0.1, 'gamma': 0.1}",0.6024305555555556
main: BH vs NPNS,C2D,J1306-704,SVM,"{'C': 0.1, 'gamma': 0.585}",0.5381944444444444
main: BH vs NPNS,C2D,J1306-704,SVM,"{'C': 0.1, 'gamma': 3.0}",0.4548611111111111
main: BH vs NPNS,C2D,J1306-704,SVM,"{'C': 1.0, 'gamma': 0.1}",0.6076388888888888
main: BH vs NPNS,C2D,J1306-704,SVM,"{'C': 1.0, 'gamma': 0.585}",0.4704861111111111
main: BH vs NPNS,C2D,J1306-704,SVM,"{'C': 1.0, 'gamma': 3.0}",0.4618055555555556
main: BH vs NPNS,C2D,J1306-704,SVM,"{'C': 10.0, 'gamma': 0.1}",0.609375
main: BH vs NPNS,C2D,J1306-704,SVM,"{'C': 10.0, 'gamma': 0.585}",0.4652777777777778
main: BH vs NPNS,C2D,J1306-704,SVM,"{'C': 10.0, 'gamma': 3.0}",0.4861111111111111
main: BH vs NPNS,C2D,J1324-632,SVM,"{'C': 0.1, 'gamma': 0.1}",0.6841243862520459
main: BH vs NPNS,C2D,J1324-632,SVM,"{'C': 0.1, 'gamma': 0.585}",0.7021276595744681
main: BH vs NPNS,C2D,J1324-632,SVM,"{'C': 0.1, 'gamma': 3.0}",0.6644844517184942
main: BH vs NPNS,C2D,J1324-632,SVM,"{'C': 1.0, 'gamma': 0.1}",0.6972176759410802
main: BH vs NPNS,C2D,J1324-632,SVM,"{'C': 1.0, 'gamma': 0.585}",0.6333878887070377
main: BH vs NPNS,C2D,J1324-632,SVM,"{'C': 1.0, 'gamma': 3.0}",0.6841243862520459
main: BH vs NPNS,C2D,J1324-632,SVM,"{'C': 10.0, 'gamma': 0.1}",0.7119476268412439
main: BH vs NPNS,C2D,J1324-632,SVM,"{'C': 10.0, 'gamma': 0.585}",0.6497545008183306
main: BH vs NPNS,C2D,J1324-632,SVM,"{'C': 10.0, 'gamma': 3.0}",0.690671031096563
main: BH vs NPNS,C2D,J1326-621,SVM,"{'C': 0.1, 'gamma': 0.1}",0.6873977086743044
main: BH vs NPNS,C2D,J1326-621,SVM,"{'C': 0.1, 'gamma': 0.585}",0.7054009819967266
main: BH vs NPNS,C2D,J1326-621,SVM,"{'C': 0.1, 'gamma': 3.0}",0.6644844517184942
main: BH vs NPNS,C2D,J1326-621,SVM,"{'C': 1.0, 'gamma': 0.1}",0.707037643207856
main: BH vs NPNS,C2D,J1326-621,SVM,"{'C': 1.0, 'gamma': 0.585}",0.6366612111292962
main: BH vs NPNS,C2D,J1326-621,SVM,"{'C': 1.0, 'gamma': 3.0}",0.6939443535188216
main: BH vs NPNS,C2D,J1326-621,SVM,"{'C': 10.0, 'gamma': 0.1}",0.7250409165302782
main: BH vs NPNS,C2D,J1326-621,SVM,"{'C': 10.0, 'gamma': 0.585}",0.6497545008183306
main: BH vs NPNS,C2D,J1326-621,SVM,"{'C': 10.0, 'gamma': 3.0}",0.6972176759410802
main: BH vs NPNS,C2D,J1358-647,SVM,"{'C': 0.1, 'gamma': 0.1}",0.6510416666666666
main: BH vs NPNS,C2D,J1358-647,SVM,"{'C': 0.1, 'gamma': 0.585}",0.640625
main: BH vs NPNS,C2D,J1358-647,SVM,"{'C': 0.1, 'gamma': 3.0}",0.6076388888888888
main: BH vs NPNS,C2D,J1358-647,SVM,"{'C': 1.0, 'gamma': 0.1}",0.6770833333333334
main: BH vs NPNS,C2D,J1358-647,SVM,"{'C': 1.0, 'gamma': 0.585}",0.5868055555555556
main: BH vs NPNS,C2D,J1358-647,SVM,"{'C': 1.0, 'gamma': 3.0}",0.6440972222222222
main: BH vs NPNS,C2D,J1358-647,SVM,"{'C': 10.0, 'gamma': 0.1}",0.6840277777777778
main: BH vs NPNS,C2D,J1358-647,SVM,"{'C': 10.0, 'gamma': 0.585}",0.5972222222222222
main: BH vs NPNS,C2D,J1358-647,SVM,"{'C': 10.0, 'gamma': 3.0}",0.6579861111111112
main: BH vs NPNS,C2D,J1520-571,SVM,"{'C': 0.1, 'gamma': 0.1}",0.6693944353518821
main: BH vs NPNS,C2D,J1520-571,SVM,"{'C': 0.1, 'gamma': 0.585}",0.6579378068739771
main: BH vs NPNS,C2D,J1520-571,SVM,"{'C': 0.1, 'gamma': 3.0}",0.6268412438625205
main: BH vs NPNS,C2D,J1520-571,SVM,"{'C': 1.0, 'gamma': 0.1}",0.6939443535188216
main: BH vs NPNS,C2D,J1520-571,SVM,"{'C': 1.0, 'gamma': 0.585}",0.6104746317512275
main: BH vs NPNS,C2D,J1520-571,SVM,"{'C': 1.0, 'gamma': 3.0}",0.6513911620294599
main: BH vs NPNS,C2D,J1520-571,SVM,"{'C': 10.0, 'gamma': 0.1}",0.7037643207855974
main: BH vs NPNS,C2D,J1520-571,SVM,"{'C': 10.0, 'gamma': 0.585}",0.6072013093289689
main: BH vs NPNS,C2D,J1520-571,SVM,"{'C': 10.0, 'gamma': 3.0}",0.6563011456628478
main: BH vs NPNS,C2D,J1547-625,SVM,"{'C': 0.1, 'gamma': 0.1}",0.6677577741407529
main: BH vs NPNS,C2D,J1547-625,SVM,"{'C': 0.1, 'gamma': 0.585}",0.6481178396072013
main: BH vs NPNS,C2D,J1547-625,SVM,"{'C': 0.1, 'gamma': 3.0}",0.6448445171849427
main: BH vs NPNS,C2D,J1547-625,SVM,"{'C': 1.0, 'gamma': 0.1}",0.6972176759410802
main: BH vs NPNS,C2D,J1547-625,SVM,"{'C': 1.0, 'gamma': 0.585}",0.6088379705400983
main: BH vs NPNS,C2D,J1547-625,SVM,"{'C': 1.0, 'gamma': 3.0}",0.6595744680851063
main: BH vs NPNS,C2D,J1547-625,SVM,"{'C': 10.0, 'gamma': 0.1}",0.7004909983633388
main: BH vs NPNS,C2D,J1547-625,SVM,"{'C': 10.0, 'gamma': 0.585}",0.6072013093289689
main: BH vs NPNS,C2D,J1547-625,SVM,"{'C': 10.0, 'gamma': 3.0}",0.6693944353518821
main: BH vs NPNS,C2D,J1612-524,SVM,"{'C': 0.1, 'gamma': 0.1}",0.6677577741407529
main: BH vs NPNS,C2D,J1612-524,SVM,"{'C': 0.1, 'gamma': 0.585}",0.6497545008183306
main: BH vs NPNS,C2D,J1612-524,SVM,"{'C': 0.1, 'gamma': 3.0}",0.6415711947626841
main: BH vs NPNS,C2D,J1612-524,SVM,"{'C': 1.0, 'gamma': 0.1}",0.6955810147299509
main: BH vs NPNS,C2D,J1612-524,SVM,"{'C': 1.0, 'gamma': 0.585}",0.6153846153846154
main: BH vs NPNS,C2D,J1612-524,SVM,"{'C': 1.0, 'gamma': 3.0}",0.662847790507365
main: BH vs NPNS,C2D,J1612-524,SVM,"{'C': 10.0, 'gamma': 0.1}",0.7004909983633388
main: BH vs NPNS,C2D,J1612-524,SVM,"{'C': 10.0, 'gamma': 0.585}",0.6006546644844517
main: BH vs NPNS,C2D,J1612-524,SVM,"{'C': 10.0, 'gamma': 3.0}",0.662847790507365
main: BH vs NPNS,C2D,J1620-500,SVM,"{'C': 0.1, 'gamma': 0.1}",0.6661211129296236
main: BH vs NPNS,C2D,J1620-500,SVM,"{'C': 0.1, 'gamma': 0.585}",0.6726677577741408
main: BH vs NPNS,C2D,J1620-500,SVM,"{'C': 0.1, 'gamma': 3.0}",0.6382978723404256
main: BH vs NPNS,C2D,J1620-500,SVM,"{'C': 1.0, 'gamma': 0.1}",0.6955810147299509
main: BH vs NPNS,C2D,J1620-500,SVM,"{'C': 1.0, 'gamma': 0.585}",0.6219312602291326
main: BH vs NPNS,C2D,J1620-500,SVM,"{'C': 1.0, 'gamma': 3.0}",0.6563011456628478
main: BH vs NPNS,C2D,J1620-500,SVM,"{'C': 10.0, 'gamma': 0.1}",0.7021276595744681
main: BH vs NPNS,C2D,J1620-500,SVM,"{'C': 10.0, 'gamma': 0.585}",0.618657937806874
main: BH vs NPNS,C2D,J1620-500,SVM,"{'C': 10.0, 'gamma': 3.0}",0.6546644844517185
main: BH vs NPNS,C2D,J1640-537,SVM,"{'C': 0.1, 'gamma': 0.1}",0.6677577741407529
main: BH vs NPNS,C2D,J1640-537,SVM,"{'C': 0.1, 'gamma': 0.585}",0.6661211129296236
main: BH vs NPNS,C2D,J1640-537,SVM,"{'C': 0.1, 'gamma': 3.0}",0.6481178396072013
main: BH vs NPNS,C2D,J1640-537,SVM,"{'C': 1.0, 'gamma': 0.1}",0.7037643207855974
main: BH vs NPNS,C2D,J1640-537,SVM,"{'C': 1.0, 'gamma': 0.585}",0.6284779050736498
main: BH vs NPNS,C2D,J1640-537,SVM,"{'C': 1.0, 'gamma': 3.0}",0.6677577741407529
main: BH vs NPNS,C2D,J1640-537,SVM,"{'C': 10.0, 'gamma': 0.1}",0.7103109656301145
main: BH vs NPNS,C2D,J1640-537,SVM,"{'C': 10.0, 'gamma': 0.585}",0.6235679214402619
main: BH vs NPNS,C2D,J1640-537,SVM,"{'C': 10.0, 'gamma': 3.0}",0.6710310965630114
main: BH vs NPNS,C2D,J1650-499,SVM,"{'C': 0.1, 'gamma': 0.1}",0.6753472222222222
main: BH vs NPNS,C2D,J1650-499,SVM,"{'C': 0.1, 'gamma': 0.585}",0.6371527777777778
main: BH vs NPNS,C2D,J1650-499,SVM,"{'C': 0.1, 'gamma': 3.0}",0.6302083333333334
main: BH vs NPNS,C2D,J1650-499,SVM,"{'C': 1.0, 'gamma': 0.1}",0.7135416666666666
main: BH vs NPNS,C2D,J1650-499,SVM,"{'C': 1.0, 'gamma': 0.585}",0.6284722222222222
main: BH vs NPNS,C2D,J1650-499,SVM,"{'C': 1.0, 'gamma': 3.0}",0.6371527777777778
main: BH vs NPNS,C2D,J1650-499,SVM,"{'C': 10.0, 'gamma': 0.1}",0.6979166666666666
main: BH vs NPNS,C2D,J1650-499,SVM,"{'C': 10.0, 'gamma': 0.585}",0.6336805555555556
main: BH vs NPNS,C2D,J1650-499,SVM,"{'C': 10.0, 'gamma': 3.0}",0.6614583333333334
main: BH vs NPNS,C2D,J1654-398,SVM,"{'C': 0.1, 'gamma': 0.1}",0.6875
main: BH vs NPNS,C2D,J1654-398,SVM,"{'C': 0.1, 'gamma': 0.585}",0.6458333333333334
main: BH vs NPNS,C2D,J1654-398,SVM,"{'C': 0.1, 'gamma': 3.0}",0.6215277777777778
main: BH vs NPNS,C2D,J1654-398,SVM,"{'C': 1.0, 'gamma': 0.1}",0.6840277777777778
main: BH vs NPNS,C2D,J1654-398,SVM,"{'C': 1.0, 'gamma': 0.585}",0.6302083333333334
main: BH vs NPNS,C2D,J1654-398,SVM,"{'C': 1.0, 'gamma': 3.0}",0.609375
main: BH vs NPNS,C2D,J1654-398,SVM,"{'C': 10.0, 'gamma': 0.1}",0.7013888888888888
main: BH vs NPNS,C2D,J1654-398,SVM,"{'C': 10.0, 'gamma': 0.585}",0.625
main: BH vs NPNS,C2D,J1654-398,SVM,"{'C': 10.0, 'gamma': 3.0}",0.6215277777777778
main: BH vs NPNS,C2D,J1700-461,SVM,"{'C': 0.1, 'gamma': 0.1}",0.6677577741407529
main: BH vs NPNS,C2D,J1700-461,SVM,"{'C': 0.1, 'gamma': 0.585}",0.6824877250409165
main: BH vs NPNS,C2D,J1700-461,SVM,"{'C': 0.1, 'gamma': 3.0}",0.6579378068739771
main: BH vs NPNS,C2D,J1700-461,SVM,"{'C': 1.0, 'gamma': 0.1}",0.6988543371522095
main: BH vs NPNS,C2D,J1700-461,SVM,"{'C': 1.0, 'gamma': 0.585}",0.6415711947626841
main: BH vs NPNS,C2D,J1700-461,SVM,"{'C': 1.0, 'gamma': 3.0}",0.6693944353518821
main: BH vs NPNS,C2D,J1700-461,SVM,"{'C': 10.0, 'gamma': 0.1}",0.7152209492635024
main: BH vs NPNS,C2D,J1700-461,SVM,"{'C': 10.0, 'gamma': 0.585}",0.6317512274959084
main: BH vs NPNS,C2D,J1700-461,SVM,"{'C': 10.0, 'gamma': 3.0}",0.6710310965630114
main: BH vs NPNS,C2D,J1701-408,SVM,"{'C': 0.1, 'gamma': 0.1}",0.6726677577741408
main: BH vs NPNS,C2D,J1701-408,SVM,"{'C': 0.1, 'gamma': 0.585}",0.6923076923076923
main: BH vs NPNS,C2D,J1701-408,SVM,"{'C': 0.1, 'gamma': 3.0}",0.6579378068739771
main: BH vs NPNS,C2D,J1701-408,SVM,"{'C': 1.0, 'gamma': 0.1}",0.6873977086743044
main: BH vs NPNS,C2D,J1701-408,SVM,"{'C': 1.0, 'gamma': 0.585}",0.6448445171849427
main: BH vs NPNS,C2D,J1701-408,SVM,"{'C': 1.0, 'gamma': 3.0}",0.6595744680851063
main: BH vs NPNS,C2D,J1701-408,SVM,"{'C': 10.0, 'gamma': 0.1}",0.7054009819967266
main: BH vs NPNS,C2D,J1701-408,SVM,"{'C': 10.0, 'gamma': 0.585}",0.6382978723404256
main: BH vs NPNS,C2D,J1701-408,SVM,"{'C': 10.0, 'gamma': 3.0}",0.6693944353518821
main: BH vs NPNS,C2D,J1702-487,SVM,"{'C': 0.1, 'gamma': 0.1}",0.6371527777777778
main: BH vs NPNS,C2D,J1702-487,SVM,"{'C': 0.1, 'gamma': 0.585}",0.640625
main: BH vs NPNS,C2D,J1702-487,SVM,"{'C': 0.1, 'gamma': 3.0}",0.6302083333333334
main: BH vs NPNS,C2D,J1702-487,SVM,"{'C': 1.0, 'gamma': 0.1}",0.6527777777777778
main: BH vs NPNS,C2D,J1702-487,SVM,"{'C': 1.0, 'gamma': 0.585}",0.6041666666666666
main: BH vs NPNS,C2D,J1702-487,SVM,"{'C': 1.0, 'gamma': 3.0}",0.6267361111111112
main: BH vs NPNS,C2D,J1702-487,SVM,"{'C': 10.0, 'gamma': 0.1}",0.6649305555555556
main: BH vs NPNS,C2D,J1702-487,SVM,"{'C': 10.0, 'gamma': 0.585}",0.6111111111111112
main: BH vs NPNS,C2D,J1702-487,SVM,"{'C': 10.0, 'gamma': 3.0}",0.6302083333333334
main: BH vs NPNS,C2D,J1706-617,SVM,"{'C': 0.1, 'gamma': 0.1}",0.6595744680851063
main: BH vs NPNS,C2D,J1706-617,SVM,"{'C': 0.1, 'gamma': 0.585}",0.6890343698854338
main: BH vs NPNS,C2D,J1706-617,SVM,"{'C': 0.1, 'gamma': 3.0}",0.6857610474631751
main: BH vs NPNS,C2D,J1706-617,SVM,"{'C': 1.0, 'gamma': 0.1}",0.6890343698854338
main: BH vs NPNS,C2D,J1706-617,SVM,"{'C': 1.0, 'gamma': 0.585}",0.6530278232405892
main: BH vs NPNS,C2D,J1706-617,SVM,"{'C': 1.0, 'gamma': 3.0}",0.7004909983633388
main: BH vs NPNS,C2D,J1706-617,SVM,"{'C': 10.0, 'gamma': 0.1}",0.6988543371522095
main: BH vs NPNS,C2D,J1706-617,SVM,"{'C': 10.0, 'gamma': 0.585}",0.6677577741407529
main: BH vs NPNS,C2D,J1706-617,SVM,"{'C': 10.0, 'gamma': 3.0}",0.690671031096563
main: BH vs NPNS,C2D,J1708-323,SVM,"{'C': 0.1, 'gamma': 0.1}",0.7037643207855974
main: BH vs NPNS,C2D,J1708-323,SVM,"{'C': 0.1, 'gamma': 0.585}",0.7037643207855974
main: BH vs NPNS,C2D,J1708-323,SVM,"{'C': 0.1, 'gamma': 3.0}",0.690671031096563
main: BH vs NPNS,C2D,J1708-323,SVM,"{'C': 1.0, 'gamma': 0.1}",0.7430441898527005
main: BH vs NPNS,C2D,J1708-323,SVM,"{'C': 1.0, 'gamma': 0.585}",0.6923076923076923
main: BH vs NPNS,C2D,J1708-323,SVM,"{'C': 1.0, 'gamma': 3.0}",0.7054009819967266
main: BH vs NPNS,C2D,J1708-323,SVM,"{'C': 10.0, 'gamma': 0.1}",0.7430441898527005
main: BH vs NPNS,C2D,J1708-323,SVM,"{'C': 10.0, 'gamma': 0.585}",0.690671031096563
main: BH vs NPNS,C2D,J1708-323,SVM,"{'C': 10.0, 'gamma': 3.0}",0.7119476268412439
main: BH vs NPNS,C2D,J1708-441,SVM,"{'C': 0.1, 'gamma': 0.1}",0.6644844517184942
main: BH vs NPNS,C2D,J1708-441,SVM,"{'C': 0.1, 'gamma': 0.585}",0.6612111292962357
main: BH vs NPNS,C2D,J1708-441,SVM,"{'C': 0.1, 'gamma': 3.0}",0.679214402618658
main: BH vs NPNS,C2D,J1708-441,SVM,"{'C': 1.0, 'gamma': 0.1}",0.707037643207856
main: BH vs NPNS,C2D,J1708-441,SVM,"{'C': 1.0, 'gamma': 0.585}",0.646481178396072
main: BH vs NPNS,C2D,J1708-441,SVM,"{'C': 1.0, 'gamma': 3.0}",0.6955810147299509
main: BH vs NPNS,C2D,J1708-441,SVM,"{'C': 10.0, 'gamma': 0.1}",0.7135842880523732
main: BH vs NPNS,C2D,J1708-441,SVM,"{'C': 10.0, 'gamma': 0.585}",0.6710310965630114
main: BH vs NPNS,C2D,J1708-441,SVM,"{'C': 10.0, 'gamma': 3.0}",0.7004909983633388
main: BH vs NPNS,C2D,J1709-266,SVM,"{'C': 0.1, 'gamma': 0.1}",0.6546644844517185
main: BH vs NPNS,C2D,J1709-266,SVM,"{'C': 0.1, 'gamma': 0.585}",0.662847790507365
main: BH vs NPNS,C2D,J1709-266,SVM,"{'C': 0.1, 'gamma': 3.0}",0.6890343698854338
main: BH vs NPNS,C2D,J1709-266,SVM,"{'C': 1.0, 'gamma': 0.1}",0.7004909983633388
main: BH vs NPNS,C2D,J1709-266,SVM,"{'C': 1.0, 'gamma': 0.585}",0.6513911620294599
main: BH vs NPNS,C2D,J1709-266,SVM,"{'C': 1.0, 'gamma': 3.0}",0.7004909983633388
main: BH vs NPNS,C2D,J1709-266,SVM,"{'C': 10.0, 'gamma': 0.1}",0.7152209492635024
main: BH vs NPNS,C2D,J1709-266,SVM,"{'C': 10.0, 'gamma': 0.585}",0.6841243862520459
main: BH vs NPNS,C2D,J1709-266,SVM,"{'C': 10.0, 'gamma': 3.0}",0.6955810147299509
main: BH vs NPNS,C2D,J1710-281,SVM,"{'C': 0.1, 'gamma': 0.1}",0.6972176759410802
main: BH vs NPNS,C2D,J1710-281,SVM,"{'C': 0.1, 'gamma': 0.585}",0.707037643207856
main: BH vs NPNS,C2D,J1710-281,SVM,"{'C': 0.1, 'gamma': 3.0}",0.6923076923076923
main: BH vs NPNS,C2D,J1710-281,SVM,"{'C': 1.0, 'gamma': 0.1}",0.7414075286415712
main: BH vs NPNS,C2D,J1710-281,SVM,"{'C': 1.0, 'gamma': 0.585}",0.7037643207855974
main: BH vs NPNS,C2D,J1710-281,SVM,"{'C': 1.0, 'gamma': 3.0}",0.6955810147299509
main: BH vs NPNS,C2D,J1710-281,SVM,"{'C': 10.0, 'gamma': 0.1}",0.7430441898527005
main: BH vs NPNS,C2D,J1710-281,SVM,"{'C': 10.0, 'gamma': 0.585}",0.6955810147299509
main: BH vs NPNS,C2D,J1710-281,SVM,"{'C': 10.0, 'gamma': 3.0}",0.7021276595744681
main: BH vs NPNS,C2D,J1712-376,SVM,"{'C': 0.1, 'gamma': 0.1}",0.6595744680851063
main: BH vs NPNS,C2D,J1712-376,SVM,"{'C': 0.1, 'gamma': 0.585}",0.6841243862520459
main: BH vs NPNS,C2D,J1712-376,SVM,"{'C': 0.1, 'gamma': 3.0}",0.6677577741407529
main: BH vs NPNS,C2D,J1712-376,SVM,"{'C': 1.0, 'gamma': 0.1}",0.6939443535188216
main: BH vs NPNS,C2D,J1712-376,SVM,"{'C': 1.0, 'gamma': 0.585}",0.6481178396072013
main: BH vs NPNS,C2D,J1712-376,SVM,"{'C': 1.0, 'gamma': 3.0}",0.6808510638297872
main: BH vs NPNS,C2D,J1712-376,SVM,"{'C': 10.0, 'gamma': 0.1}",0.707037643207856
main: BH vs NPNS,C2D,J1712-376,SVM,"{'C': 10.0, 'gamma': 0.585}",0.6513911620294599
main: BH vs NPNS,C2D,J1712-376,SVM,"{'C': 10.0, 'gamma': 3.0}",0.6841243862520459
main: BH vs NPNS,C2D,J1712-408,SVM,"{'C': 0.1, 'gamma': 0.1}",0.6677577741407529
main: BH vs NPNS,C2D,J1712-408,SVM,"{'C': 0.1, 'gamma': 0.585}",0.679214402618658
main: BH vs NPNS,C2D,J1712-408,SVM,"{'C': 0.1, 'gamma': 3.0}",0.6775777414075287
main: BH vs NPNS,C2D,J1712-408,SVM,"{'C': 1.0, 'gamma': 0.1}",0.7103109656301145
main: BH vs NPNS,C2D,J1712-408,SVM,"{'C': 1.0, 'gamma': 0.585}",0.6350245499181669
main: BH vs NPNS,C2D,J1712-408,SVM,"{'C': 1.0, 'gamma': 3.0}",0.690671031096563
main: BH vs NPNS,C2D,J1712-408,SVM,"{'C': 10.0, 'gamma': 0.1}",0.7201309328968903
main: BH vs NPNS,C2D,J1712-408,SVM,"{'C': 10.0, 'gamma': 0.585}",0.6595744680851063
main: BH vs NPNS,C2D,J1712-408,SVM,"{'C': 10.0, 'gamma': 3.0}",0.7004909983633388
main: BH vs NPNS,C2D,J1714-340,SVM,"{'C': 0.1, 'gamma': 0.1}",0.7086743044189853
main: BH vs NPNS,C2D,J1714-340,SVM,"{'C': 0.1, 'gamma': 0.585}",0.707037643207856
main: BH vs NPNS,C2D,J1714-340,SVM,"{'C': 0.1, 'gamma': 3.0}",0.6939443535188216
main: BH vs NPNS,C2D,J1714-340,SVM,"{'C': 1.0, 'gamma': 0.1}",0.7528641571194763
main: BH vs NPNS,C2D,J1714-340,SVM,"{'C': 1.0, 'gamma': 0.585}",0.7021276595744681
main: BH vs NPNS,C2D,J1714-340,SVM,"{'C': 1.0, 'gamma': 3.0}",0.7037643207855974
main: BH vs NPNS,C2D,J1714-340,SVM,"{'C': 10.0, 'gamma': 0.1}",0.7430441898527005
main: BH vs NPNS,C2D,J1714-340,SVM,"{'C': 10.0, 'gamma': 0.585}",0.6923076923076923
main: BH vs NPNS,C2D,J1714-340,SVM,"{'C': 10.0, 'gamma': 3.0}",0.7103109656301145
main: BH vs NPNS,C2D,J1718-404,SVM,"{'C': 0.1, 'gamma': 0.1}",0.6644844517184942
main: BH vs NPNS,C2D,J1718-404,SVM,"{'C': 0.1, 'gamma': 0.585}",0.6841243862520459
main: BH vs NPNS,C2D,J1718-404,SVM,"{'C': 0.1, 'gamma': 3.0}",0.679214402618658
main: BH vs NPNS,C2D,J1718-404,SVM,"{'C': 1.0, 'gamma': 0.1}",0.6988543371522095
main: BH vs NPNS,C2D,J1718-404,SVM,"{'C': 1.0, 'gamma': 0.585}",0.6448445171849427
main: BH vs NPNS,C2D,J1718-404,SVM,"{'C': 1.0, 'gamma': 3.0}",0.6824877250409165
main: BH vs NPNS,C2D,J1718-404,SVM,"{'C': 10.0, 'gamma': 0.1}",0.7037643207855974
main: BH vs NPNS,C2D,J1718-404,SVM,"{'C': 10.0, 'gamma': 0.585}",0.646481178396072
main: BH vs NPNS,C2D,J1718-404,SVM,"{'C': 10.0, 'gamma': 3.0}",0.6972176759410802
main: BH vs NPNS,C2D,J1727-162,SVM,"{'C': 0.1, 'gamma': 0.1}",0.6423611111111112
main: BH vs NPNS,C2D,J1727-162,SVM,"{'C': 0.1, 'gamma': 0.585}",0.6770833333333334
main: BH vs NPNS,C2D,J1727-162,SVM,"{'C': 0.1, 'gamma': 3.0}",0.6614583333333334
main: BH vs NPNS,C2D,J1727-162,SVM,"{'C': 1.0, 'gamma': 0.1}",0.6770833333333334
main: BH vs NPNS,C2D,J1727-162,SVM,"{'C': 1.0, 'gamma': 0.585}",0.6197916666666666
main: BH vs NPNS,C2D,J1727-162,SVM,"{'C': 1.0, 'gamma': 3.0}",0.6684027777777778
main: BH vs NPNS,C2D,J1727-162,SVM,"{'C': 10.0, 'gamma': 0.1}",0.6857638888888888
main: BH vs NPNS,C2D,J1727-162,SVM,"{'C': 10.0, 'gamma': 0.585}",0.6319444444444444
main: BH vs NPNS,C2D,J1727-162,SVM,"{'C': 10.0, 'gamma': 3.0}",0.6736111111111112
main: BH vs NPNS,C2D,J1727-308,SVM,"{'C': 0.1, 'gamma': 0.1}",0.6775777414075287
main: BH vs NPNS,C2D,J1727-308,SVM,"{'C': 0.1, 'gamma': 0.585}",0.7037643207855974
main: BH vs NPNS,C2D,J1727-308,SVM,"{'C': 0.1, 'gamma': 3.0}",0.690671031096563
main: BH vs NPNS,C2D,J1727-308,SVM,"{'C': 1.0, 'gamma': 0.1}",0.7283142389525368
main: BH vs NPNS,C2D,J1727-308,SVM,"{'C': 1.0, 'gamma': 0.585}",0.6661211129296236
main: BH vs NPNS,C2D,J1727-308,SVM,"{'C': 1.0, 'gamma': 3.0}",0.7021276595744681
main: BH vs NPNS,C2D,J1727-308,SVM,"{'C': 10.0, 'gamma': 0.1}",0.7266775777414075
main: BH vs NPNS,C2D,J1727-308,SVM,"{'C': 10.0, 'gamma': 0.585}",0.6710310965630114
main: BH vs NPNS,C2D,J1727-308,SVM,"{'C': 10.0, 'gamma': 3.0}",0.7135842880523732
main: BH vs NPNS,C2D,J1735-304,SVM,"{'C': 0.1, 'gamma': 0.1}",0.679214402618658
main: BH vs NPNS,C2D,J1735-304,SVM,"{'C': 0.1, 'gamma': 0.585}",0.7054009819967266
main: BH vs NPNS,C2D,J1735-304,SVM,"{'C': 0.1, 'gamma': 3.0}",0.6972176759410802
main: BH vs NPNS,C2D,J1735-304,SVM,"{'C': 1.0, 'gamma': 0.1}",0.7266775777414075
main: BH vs NPNS,C2D,J1735-304,SVM,"{'C': 1.0, 'gamma': 0.585}",0.6644844517184942
main: BH vs NPNS,C2D,J1735-304,SVM,"{'C': 1.0, 'gamma': 3.0}",0.7037643207855974
main: BH vs NPNS,C2D,J1735-304,SVM,"{'C': 10.0, 'gamma': 0.1}",0.7332242225859247
main: BH vs NPNS,C2D,J1735-304,SVM,"{'C': 10.0, 'gamma': 0.585}",0.6726677577741408
main: BH vs NPNS,C2D,J1735-304,SVM,"{'C': 10.0, 'gamma': 3.0}",0.7086743044189853
main: BH vs NPNS,C2D,J1738-269,SVM,"{'C': 0.1, 'gamma': 0.1}",0.6857610474631751
main: BH vs NPNS,C2D,J1738-269,SVM,"{'C': 0.1, 'gamma': 0.585}",0.7086743044189853
main: BH vs NPNS,C2D,J1738-269,SVM,"{'C': 0.1, 'gamma': 3.0}",0.6923076923076923
main: BH vs NPNS,C2D,J1738-269,SVM,"{'C': 1.0, 'gamma': 0.1}",0.7315875613747954
main: BH vs NPNS,C2D,J1738-269,SVM,"{'C': 1.0, 'gamma': 0.585}",0.6677577741407529
main: BH vs NPNS,C2D,J1738-269,SVM,"{'C': 1.0, 'gamma': 3.0}",0.7004909983633388
main: BH vs NPNS,C2D,J1738-269,SVM,"{'C': 10.0, 'gamma': 0.1}",0.7332242225859247
main: BH vs NPNS,C2D,J1738-269,SVM,"{'C': 10.0, 'gamma': 0.585}",0.6726677577741408
main: BH vs NPNS,C2D,J1738-269,SVM,"{'C': 10.0, 'gamma': 3.0}",0.7086743044189853
main: BH vs NPNS,C2D,J1738-444,SVM,"{'C': 0.1, 'gamma': 0.1}",0.6857610474631751
main: BH vs NPNS,C2D,J1738-444,SVM,"{'C': 0.1, 'gamma': 0.585}",0.707037643207856
main: BH vs NPNS,C2D,J1738-444,SVM,"{'C': 0.1, 'gamma': 3.0}",0.7135842880523732
main: BH vs NPNS,C2D,J1738-444,SVM,"{'C': 1.0, 'gamma': 0.1}",0.734860883797054
main: BH vs NPNS,C2D,J1738-444,SVM,"{'C': 1.0, 'gamma': 0.585}",0.6939443535188216
main: BH vs NPNS,C2D,J1738-444,SVM,"{'C': 1.0, 'gamma': 3.0}",0.7135842880523732
main: BH vs NPNS,C2D,J1738-444,SVM,"{'C': 10.0, 'gamma': 0.1}",0.7332242225859247
main: BH vs NPNS,C2D,J1738-444,SVM,"{'C': 10.0, 'gamma': 0.585}",0.6890343698854338
main: BH vs NPNS,C2D,J1738-444,SVM,"{'C': 10.0, 'gamma': 3.0}",0.7217675941080196
main: BH vs NPNS,C2D,J1739-284,SVM,"{'C': 0.1, 'gamma': 0.1}",0.6824877250409165
main: BH vs NPNS,C2D,J1739-284,SVM,"{'C': 0.1, 'gamma': 0.585}",0.7021276595744681
main: BH vs NPNS,C2D,J1739-284,SVM,"{'C': 0.1, 'gamma': 3.0}",0.6939443535188216
main: BH vs NPNS,C2D,J1739-284,SVM,"{'C': 1.0, 'gamma': 0.1}",0.7266775777414075
main: BH vs NPNS,C2D,J1739-284,SVM,"{'C': 1.0, 'gamma': 0.585}",0.690671031096563
main: BH vs NPNS,C2D,J1739-284,SVM,"{'C': 1.0, 'gamma': 3.0}",0.6988543371522095
main: BH vs NPNS,C2D,J1739-284,SVM,"{'C': 10.0, 'gamma': 0.1}",0.7266775777414075
main: BH vs NPNS,C2D,J1739-284,SVM,"{'C': 10.0, 'gamma': 0.585}",0.6873977086743044
main: BH vs NPNS,C2D,J1739-284,SVM,"{'C': 10.0, 'gamma': 3.0}",0.7086743044189853
main: BH vs NPNS,C2D,J1746-295,SVM,"{'C': 0.1, 'gamma': 0.1}",0.6923076923076923
main: BH vs NPNS,C2D,J1746-295,SVM,"{'C': 0.1, 'gamma': 0.585}",0.6808510638297872
main: BH vs NPNS,C2D,J1746-295,SVM,"{'C': 0.1, 'gamma': 3.0}",0.6873977086743044
main: BH vs NPNS,C2D,J1746-295,SVM,"{'C': 1.0, 'gamma': 0.1}",0.7201309328968903
main: BH vs NPNS,C2D,J1746-295,SVM,"{'C': 1.0, 'gamma': 0.585}",0.6726677577741408
main: BH vs NPNS,C2D,J1746-295,SVM,"{'C': 1.0, 'gamma': 3.0}",0.6890343698854338
main: BH vs NPNS,C2D,J1746-295,SVM,"{'C': 10.0, 'gamma': 0.1}",0.7152209492635024
main: BH vs NPNS,C2D,J1746-295,SVM,"{'C': 10.0, 'gamma': 0.585}",0.6873977086743044
main: BH vs NPNS,C2D,J1746-295,SVM,"{'C': 10.0, 'gamma': 3.0}",0.7021276595744681
main: BH vs NPNS,C2D,J1747-265,SVM,"{'C': 0.1, 'gamma': 0.1}",0.7037643207855974
main: BH vs NPNS,C2D,J1747-265,SVM,"{'C': 0.1, 'gamma': 0.585}",0.7021276595744681
main: BH vs NPNS,C2D,J1747-265,SVM,"{'C': 0.1, 'gamma': 3.0}",0.7037643207855974
main: BH vs NPNS,C2D,J1747-265,SVM,"{'C': 1.0, 'gamma': 0.1}",0.734860883797054
main: BH vs NPNS,C2D,J1747-265,SVM,"{'C': 1.0, 'gamma': 0.585}",0.6923076923076923
main: BH vs NPNS,C2D,J1747-265,SVM,"{'C': 1.0, 'gamma': 3.0}",0.7004909983633388
main: BH vs NPNS,C2D,J1747-265,SVM,"{'C': 10.0, 'gamma': 0.1}",0.7332242225859247
main: BH vs NPNS,C2D,J1747-265,SVM,"{'C': 10.0, 'gamma': 0.585}",0.6955810147299509
main: BH vs NPNS,C2D,J1747-265,SVM,"{'C': 10.0, 'gamma': 3.0}",0.7086743044189853
main: BH vs NPNS,C2D,J1747-288,SVM,"{'C': 0.1, 'gamma': 0.1}",0.7103109656301145
main: BH vs NPNS,C2D,J1747-288,SVM,"{'C': 0.1, 'gamma': 0.585}",0.6972176759410802
main: BH vs NPNS,C2D,J1747-288,SVM,"{'C': 0.1, 'gamma': 3.0}",0.690671031096563
main: BH vs NPNS,C2D,J1747-288,SVM,"{'C': 1.0, 'gamma': 0.1}",0.7283142389525368
main: BH vs NPNS,C2D,J1747-288,SVM,"{'C': 1.0, 'gamma': 0.585}",0.6710310965630114
main: BH vs NPNS,C2D,J1747-288,SVM,"{'C': 1.0, 'gamma': 3.0}",0.690671031096563
main: BH vs NPNS,C2D,J1747-288,SVM,"{'C': 10.0, 'gamma': 0.1}",0.7217675941080196
main: BH vs NPNS,C2D,J1747-288,SVM,"{'C': 10.0, 'gamma': 0.585}",0.6824877250409165
main: BH vs NPNS,C2D,J1747-288,SVM,"{'C': 10.0, 'gamma': 3.0}",0.7037643207855974
main: BH vs NPNS,C2D,J1750-312,SVM,"{'C': 0.1, 'gamma': 0.1}",0.7037643207855974
main: BH vs NPNS,C2D,J1750-312,SVM,"{'C': 0.1, 'gamma': 0.585}",0.7054009819967266
main: BH vs NPNS,C2D,J1750-312,SVM,"{'C': 0.1, 'gamma': 3.0}",0.7086743044189853
main: BH vs NPNS,C2D,J1750-312,SVM,"{'C': 1.0, 'gamma': 0.1}",0.7283142389525368
main: BH vs NPNS,C2D,J1750-312,SVM,"{'C': 1.0, 'gamma': 0.585}",0.7037643207855974
main: BH vs NPNS,C2D,J1750-312,SVM,"{'C': 1.0, 'gamma': 3.0}",0.7054009819967266
main: BH vs NPNS,C2D,J1750-312,SVM,"{'C': 10.0, 'gamma': 0.1}",0.7283142389525368
main: BH vs NPNS,C2D,J1750-312,SVM,"{'C': 10.0, 'gamma': 0.585}",0.7054009819967266
main: BH vs NPNS,C2D,J1750-312,SVM,"{'C': 10.0, 'gamma': 3.0}",0.707037643207856
main: BH vs NPNS,C2D,J1750-370,SVM,"{'C': 0.1, 'gamma': 0.1}",0.6923076923076923
main: BH vs NPNS,C2D,J1750-370,SVM,"{'C': 0.1, 'gamma': 0.585}",0.6841243862520459
main: BH vs NPNS,C2D,J1750-370,SVM,"{'C': 0.1, 'gamma': 3.0}",0.707037643207856
main: BH vs NPNS,C2D,J1750-370,SVM,"{'C': 1.0, 'gamma': 0.1}",0.723404255319149
main: BH vs NPNS,C2D,J1750-370,SVM,"{'C': 1.0, 'gamma': 0.585}",0.6939443535188216
main: BH vs NPNS,C2D,J1750-370,SVM,"{'C': 1.0, 'gamma': 3.0}",0.7021276595744681
main: BH vs NPNS,C2D,J1750-370,SVM,"{'C': 10.0, 'gamma': 0.1}",0.7184942716857611
main: BH vs NPNS,C2D,J1750-370,SVM,"{'C': 10.0, 'gamma': 0.585}",0.6988543371522095
main: BH vs NPNS,C2D,J1750-370,SVM,"{'C': 10.0, 'gamma': 3.0}",0.707037643207856
main: BH vs NPNS,C2D,J1804-343,SVM,"{'C': 0.1, 'gamma': 0.1}",0.7021276595744681
main: BH vs NPNS,C2D,J1804-343,SVM,"{'C': 0.1, 'gamma': 0.585}",0.7250409165302782
main: BH vs NPNS,C2D,J1804-343,SVM,"{'C': 0.1, 'gamma': 3.0}",0.7054009819967266
main: BH vs NPNS,C2D,J1804-343,SVM,"{'C': 1.0, 'gamma': 0.1}",0.7643207855973814
main: BH vs NPNS,C2D,J1804-343,SVM,"{'C': 1.0, 'gamma': 0.585}",0.6972176759410802
main: BH vs NPNS,C2D,J1804-343,SVM,"{'C': 1.0, 'gamma': 3.0}",0.7332242225859247
main: BH vs NPNS,C2D,J1804-343,SVM,"{'C': 10.0, 'gamma': 0.1}",0.7495908346972177
main: BH vs NPNS,C2D,J1804-343,SVM,"{'C': 10.0, 'gamma': 0.585}",0.6972176759410802
main: BH vs NPNS,C2D,J1804-343,SVM,"{'C': 10.0, 'gamma': 3.0}",0.7283142389525368
main: BH vs NPNS,C2D,J1810-190,SVM,"{'C': 0.1, 'gamma': 0.1}",0.690671031096563
main: BH vs NPNS,C2D,J1810-190,SVM,"{'C': 0.1, 'gamma': 0.585}",0.6824877250409165
main: BH vs NPNS,C2D,J1810-190,SVM,"{'C': 0.1, 'gamma': 3.0}",0.679214402618658
main: BH vs NPNS,C2D,J1810-190,SVM,"{'C': 1.0, 'gamma': 0.1}",0.7135842880523732
main: BH vs NPNS,C2D,J1810-190,SVM,"{'C': 1.0, 'gamma': 0.585}",0.6612111292962357
main: BH vs NPNS,C2D,J1810-190,SVM,"{'C': 1.0, 'gamma': 3.0}",0.6955810147299509
main: BH vs NPNS,C2D,J1810-190,SVM,"{'C': 10.0, 'gamma': 0.1}",0.7054009819967266
main: BH vs NPNS,C2D,J1810-190,SVM,"{'C': 10.0, 'gamma': 0.585}",0.662847790507365
main: BH vs NPNS,C2D,J1810-190,SVM,"{'C': 10.0, 'gamma': 3.0}",0.707037643207856
main: BH vs NPNS,C2D,J1810-261,SVM,"{'C': 0.1, 'gamma': 0.1}",0.7168576104746317
main: BH vs NPNS,C2D,J1810-261,SVM,"{'C': 0.1, 'gamma': 0.585}",0.7266775777414075
main: BH vs NPNS,C2D,J1810-261,SVM,"{'C': 0.1, 'gamma': 3.0}",0.7021276595744681
main: BH vs NPNS,C2D,J1810-261,SVM,"{'C': 1.0, 'gamma': 0.1}",0.7643207855973814
main: BH vs NPNS,C2D,J1810-261,SVM,"{'C': 1.0, 'gamma': 0.585}",0.6923076923076923
main: BH vs NPNS,C2D,J1810-261,SVM,"{'C': 1.0, 'gamma': 3.0}",0.7315875613747954
main: BH vs NPNS,C2D,J1810-261,SVM,"{'C': 10.0, 'gamma': 0.1}",0.7545008183306056
main: BH vs NPNS,C2D,J1810-261,SVM,"{'C': 10.0, 'gamma': 0.585}",0.6955810147299509
main: BH vs NPNS,C2D,J1810-261,SVM,"{'C': 10.0, 'gamma': 3.0}",0.7315875613747954
main: BH vs NPNS,C2D,J1814-171,SVM,"{'C': 0.1, 'gamma': 0.1}",0.7037643207855974
main: BH vs NPNS,C2D,J1814-171,SVM,"{'C': 0.1, 'gamma': 0.585}",0.6890343698854338
main: BH vs NPNS,C2D,J1814-171,SVM,"{'C': 0.1, 'gamma': 3.0}",0.6775777414075287
main: BH vs NPNS,C2D,J1814-171,SVM,"{'C': 1.0, 'gamma': 0.1}",0.723404255319149
main: BH vs NPNS,C2D,J1814-171,SVM,"{'C': 1.0, 'gamma': 0.585}",0.6546644844517185
main: BH vs NPNS,C2D,J1814-171,SVM,"{'C': 1.0, 'gamma': 3.0}",0.690671031096563
main: BH vs NPNS,C2D,J1814-171,SVM,"{'C': 10.0, 'gamma': 0.1}",0.7103109656301145
main: BH vs NPNS,C2D,J1814-171,SVM,"{'C': 10.0, 'gamma': 0.585}",0.6710310965630114
main: BH vs NPNS,C2D,J1814-171,SVM,"{'C': 10.0, 'gamma': 3.0}",0.7021276595744681
main: BH vs NPNS,C2D,J1815-120,SVM,"{'C': 0.1, 'gamma': 0.1}",0.7054009819967266
main: BH vs NPNS,C2D,J1815-120,SVM,"{'C': 0.1, 'gamma': 0.585}",0.7217675941080196
main: BH vs NPNS,C2D,J1815-120,SVM,"{'C': 0.1, 'gamma': 3.0}",0.6972176759410802
main: BH vs NPNS,C2D,J1815-120,SVM,"{'C': 1.0, 'gamma': 0.1}",0.7594108019639935
main: BH vs NPNS,C2D,J1815-120,SVM,"{'C': 1.0, 'gamma': 0.585}",0.6841243862520459
main: BH vs NPNS,C2D,J1815-120,SVM,"{'C': 1.0, 'gamma': 3.0}",0.7201309328968903
main: BH vs NPNS,C2D,J1815-120,SVM,"{'C': 10.0, 'gamma': 0.1}",0.7528641571194763
main: BH vs NPNS,C2D,J1815-120,SVM,"{'C': 10.0, 'gamma': 0.585}",0.6939443535188216
main: BH vs NPNS,C2D,J1815-120,SVM,"{'C': 10.0, 'gamma': 3.0}",0.723404255319149
main: BH vs NPNS,C2D,J1816-140,SVM,"{'C': 0.1, 'gamma': 0.1}",0.6873977086743044
main: BH vs NPNS,C2D,J1816-140,SVM,"{'C': 0.1, 'gamma': 0.585}",0.6775777414075287
main: BH vs NPNS,C2D,J1816-140,SVM,"{'C': 0.1, 'gamma': 3.0}",0.6710310965630114
main: BH vs NPNS,C2D,J1816-140,SVM,"{'C': 1.0, 'gamma': 0.1}",0.7103109656301145
main: BH vs NPNS,C2D,J1816-140,SVM,"{'C': 1.0, 'gamma': 0.585}",0.6546644844517185
main: BH vs NPNS,C2D,J1816-140,SVM,"{'C': 1.0, 'gamma': 3.0}",0.6824877250409165
main: BH vs NPNS,C2D,J1816-140,SVM,"{'C': 10.0, 'gamma': 0.1}",0.7054009819967266
main: BH vs NPNS,C2D,J1816-140,SVM,"{'C': 10.0, 'gamma': 0.585}",0.6693944353518821
main: BH vs NPNS,C2D,J1816-140,SVM,"{'C': 10.0, 'gamma': 3.0}",0.6955810147299509
main: BH vs NPNS,C2D,J1819-254,SVM,"{'C': 0.1, 'gamma': 0.1}",0.6996527777777778
main: BH vs NPNS,C2D,J1819-254,SVM,"{'C': 0.1, 'gamma': 0.585}",0.6666666666666666
main: BH vs NPNS,C2D,J1819-254,SVM,"{'C': 0.1, 'gamma': 3.0}",0.6684027777777778
main: BH vs NPNS,C2D,J1819-254,SVM,"{'C': 1.0, 'gamma': 0.1}",0.6909722222222222
main: BH vs NPNS,C2D,J1819-254,SVM,"{'C': 1.0, 'gamma': 0.585}",0.6371527777777778
main: BH vs NPNS,C2D,J1819-254,SVM,"{'C': 1.0, 'gamma': 3.0}",0.6944444444444444
main: BH vs NPNS,C2D,J1819-254,SVM,"{'C': 10.0, 'gamma': 0.1}",0.6788194444444444
main: BH vs NPNS,C2D,J1819-254,SVM,"{'C': 10.0, 'gamma': 0.585}",0.6527777777777778
main: BH vs NPNS,C2D,J1819-254,SVM,"{'C': 10.0, 'gamma': 3.0}",0.6927083333333334
main: BH vs NPNS,C2D,J1820+071,SVM,"{'C': 0.1, 'gamma': 0.1}",0.7048611111111112
main: BH vs NPNS,C2D,J1820+071,SVM,"{'C': 0.1, 'gamma': 0.585}",0.7239583333333334
main: BH vs NPNS,C2D,J1820+071,SVM,"{'C': 0.1, 'gamma': 3.0}",0.6840277777777778
main: BH vs NPNS,C2D,J1820+071,SVM,"{'C': 1.0, 'gamma': 0.1}",0.7534722222222222
main: BH vs NPNS,C2D,J1820+071,SVM,"{'C': 1.0, 'gamma': 0.585}",0.6961805555555556
main: BH vs NPNS,C2D,J1820+071,SVM,"{'C': 1.0, 'gamma': 3.0}",0.6892361111111112
main: BH vs NPNS,C2D,J1820+071,SVM,"{'C': 10.0, 'gamma': 0.1}",0.7447916666666666
main: BH vs NPNS,C2D,J1820+071,SVM,"{'C': 10.0, 'gamma': 0.585}",0.7013888888888888
main: BH vs NPNS,C2D,J1820+071,SVM,"{'C': 10.0, 'gamma': 3.0}",0.6892361111111112
main: BH vs NPNS,C2D,J1823-303,SVM,"{'C': 0.1, 'gamma': 0.1}",0.6988543371522095
main: BH vs NPNS,C2D,J1823-303,SVM,"{'C': 0.1, 'gamma': 0.585}",0.6972176759410802
main: BH vs NPNS,C2D,J1823-303,SVM,"{'C': 0.1, 'gamma': 3.0}",0.6972176759410802
main: BH vs NPNS,C2D,J1823-303,SVM,"{'C': 1.0, 'gamma': 0.1}",0.7086743044189853
main: BH vs NPNS,C2D,J1823-303,SVM,"{'C': 1.0, 'gamma': 0.585}",0.6841243862520459
main: BH vs NPNS,C2D,J1823-303,SVM,"{'C': 1.0, 'gamma': 3.0}",0.7004909983633388
main: BH vs NPNS,C2D,J1823-303,SVM,"{'C': 10.0, 'gamma': 0.1}",0.7119476268412439
main: BH vs NPNS,C2D,J1823-303,SVM,"{'C': 10.0, 'gamma': 0.585}",0.6841243862520459
main: BH vs NPNS,C2D,J1823-303,SVM,"{'C': 10.0, 'gamma': 3.0}",0.6939443535188216
main: BH vs NPNS,C2D,J1825-000,SVM,"{'C': 0.1, 'gamma': 0.1}",0.6955810147299509
main: BH vs NPNS,C2D,J1825-000,SVM,"{'C': 0.1, 'gamma': 0.585}",0.6775777414075287
main: BH vs NPNS,C2D,J1825-000,SVM,"{'C': 0.1, 'gamma': 3.0}",0.6873977086743044
main: BH vs NPNS,C2D,J1825-000,SVM,"{'C': 1.0, 'gamma': 0.1}",0.7004909983633388
main: BH vs NPNS,C2D,J1825-000,SVM,"{'C': 1.0, 'gamma': 0.585}",0.6759410801963993
main: BH vs NPNS,C2D,J1825-000,SVM,"{'C': 1.0, 'gamma': 3.0}",0.7086743044189853
main: BH vs NPNS,C2D,J1825-000,SVM,"{'C': 10.0, 'gamma': 0.1}",0.7103109656301145
main: BH vs NPNS,C2D,J1825-000,SVM,"{'C': 10.0, 'gamma': 0.585}",0.6808510638297872
main: BH vs NPNS,C2D,J1825-000,SVM,"{'C': 10.0, 'gamma': 3.0}",0.6988543371522095
main: BH vs NPNS,C2D,J1828-106,SVM,"{'C': 0.1, 'gamma': 0.1}",0.7086743044189853
main: BH vs NPNS,C2D,J1828-106,SVM,"{'C': 0.1, 'gamma': 0.585}",0.690671031096563
main: BH vs NPNS,C2D,J1828-106,SVM,"{'C': 0.1, 'gamma': 3.0}",0.6923076923076923
main: BH vs NPNS,C2D,J1828-106,SVM,"{'C': 1.0, 'gamma': 0.1}",0.707037643207856
main: BH vs NPNS,C2D,J1828-106,SVM,"{'C': 1.0, 'gamma': 0.585}",0.7021276595744681
main: BH vs NPNS,C2D,J1828-106,SVM,"{'C': 1.0, 'gamma': 3.0}",0.7135842880523732
main: BH vs NPNS,C2D,J1828-106,SVM,"{'C': 10.0, 'gamma': 0.1}",0.7086743044189853
main: BH vs NPNS,C2D,J1828-106,SVM,"{'C': 10.0, 'gamma': 0.585}",0.6955810147299509
main: BH vs NPNS,C2D,J1828-106,SVM,"{'C': 10.0, 'gamma': 3.0}",0.7201309328968903
main: BH vs NPNS,C2D,J1829-237,SVM,"{'C': 0.1, 'gamma': 0.1}",0.7315875613747954
main: BH vs NPNS,C2D,J1829-237,SVM,"{'C': 0.1, 'gamma': 0.585}",0.7054009819967266
main: BH vs NPNS,C2D,J1829-237,SVM,"{'C': 0.1, 'gamma': 3.0}",0.7168576104746317
main: BH vs NPNS,C2D,J1829-237,SVM,"{'C': 1.0, 'gamma': 0.1}",0.734860883797054
main: BH vs NPNS,C2D,J1829-237,SVM,"{'C': 1.0, 'gamma': 0.585}",0.707037643207856
main: BH vs NPNS,C2D,J1829-237,SVM,"{'C': 1.0, 'gamma': 3.0}",0.7184942716857611
main: BH vs NPNS,C2D,J1829-237,SVM,"{'C': 10.0, 'gamma': 0.1}",0.7364975450081833
main: BH vs NPNS,C2D,J1829-237,SVM,"{'C': 10.0, 'gamma': 0.585}",0.7004909983633388
main: BH vs NPNS,C2D,J1829-237,SVM,"{'C': 10.0, 'gamma': 3.0}",0.7168576104746317
main: BH vs NPNS,C2D,J1835-329,SVM,"{'C': 0.1, 'gamma': 0.1}",0.6890343698854338
main: BH vs NPNS,C2D,J1835-329,SVM,"{'C': 0.1, 'gamma': 0.585}",0.6873977086743044
main: BH vs NPNS,C2D,J1835-329,SVM,"{'C': 0.1, 'gamma': 3.0}",0.6595744680851063
main: BH vs NPNS,C2D,J1835-329,SVM,"{'C': 1.0, 'gamma': 0.1}",0.690671031096563
main: BH vs NPNS,C2D,J1835-329,SVM,"{'C': 1.0, 'gamma': 0.585}",0.6808510638297872
main: BH vs NPNS,C2D,J1835-329,SVM,"{'C': 1.0, 'gamma': 3.0}",0.6775777414075287
main: BH vs NPNS,C2D,J1835-329,SVM,"{'C': 10.0, 'gamma': 0.1}",0.6923076923076923
main: BH vs NPNS,C2D,J1835-329,SVM,"{'C': 10.0, 'gamma': 0.585}",0.6693944353518821
main: BH vs NPNS,C2D,J1835-329,SVM,"{'C': 10.0, 'gamma': 3.0}",0.6841243862520459
main: BH vs NPNS,C2D,J1839+050,SVM,"{'C': 0.1, 'gamma': 0.1}",0.723404255319149
main: BH vs NPNS,C2D,J1839+050,SVM,"{'C': 0.1, 'gamma': 0.585}",0.7004909983633388
main: BH vs NPNS,C2D,J1839+050,SVM,"{'C': 0.1, 'gamma': 3.0}",0.6955810147299509
main: BH vs NPNS,C2D,J1839+050,SVM,"{'C': 1.0, 'gamma': 0.1}",0.7299509001636661
main: BH vs NPNS,C2D,J1839+050,SVM,"{'C': 1.0, 'gamma': 0.585}",0.7037643207855974
main: BH vs NPNS,C2D,J1839+050,SVM,"{'C': 1.0, 'gamma': 3.0}",0.7119476268412439
main: BH vs NPNS,C2D,J1839+050,SVM,"{'C': 10.0, 'gamma': 0.1}",0.7201309328968903
main: BH vs NPNS,C2D,J1839+050,SVM,"{'C': 10.0, 'gamma': 0.585}",0.6890343698854338
main: BH vs NPNS,C2D,J1839+050,SVM,"{'C': 10.0, 'gamma': 3.0}",0.7086743044189853
main: BH vs NPNS,C2D,J1853-087,SVM,"{'C': 0.1, 'gamma': 0.1}",0.6808510638297872
main: BH vs NPNS,C2D,J1853-087,SVM,"{'C': 0.1, 'gamma': 0.585}",0.6824877250409165
main: BH vs NPNS,C2D,J1853-087,SVM,"{'C': 0.1, 'gamma': 3.0}",0.679214402618658
main: BH vs NPNS,C2D,J1853-087,SVM,"{'C': 1.0, 'gamma': 0.1}",0.7037643207855974
main: BH vs NPNS,C2D,J1853-087,SVM,"{'C': 1.0, 'gamma': 0.585}",0.6841243862520459
main: BH vs NPNS,C2D,J1853-087,SVM,"{'C': 1.0, 'gamma': 3.0}",0.6955810147299509
main: BH vs NPNS,C2D,J1853-087,SVM,"{'C': 10.0, 'gamma': 0.1}",0.6873977086743044
main: BH vs NPNS,C2D,J1853-087,SVM,"{'C': 10.0, 'gamma': 0.585}",0.6759410801963993
main: BH vs NPNS,C2D,J1853-087,SVM,"{'C': 10.0, 'gamma': 3.0}",0.7021276595744681
main: BH vs NPNS,C2D,J1911+049,SVM,"{'C': 0.1, 'gamma': 0.1}",0.7795138888888888
main: BH vs NPNS,C2D,J1911+049,SVM,"{'C': 0.1, 'gamma': 0.585}",0.7517361111111112
main: BH vs NPNS,C2D,J1911+049,SVM,"{'C': 0.1, 'gamma': 3.0}",0.7552083333333334
main: BH vs NPNS,C2D,J1911+049,SVM,"{'C': 1.0, 'gamma': 0.1}",0.8003472222222222
main: BH vs NPNS,C2D,J1911+049,SVM,"{'C': 1.0, 'gamma': 0.585}",0.7222222222222222
main: BH vs NPNS,C2D,J1911+049,SVM,"{'C': 1.0, 'gamma': 3.0}",0.7569444444444444
main: BH vs NPNS,C2D,J1911+049,SVM,"{'C': 10.0, 'gamma': 0.1}",0.7881944444444444
main: BH vs NPNS,C2D,J1911+049,SVM,"{'C': 10.0, 'gamma': 0.585}",0.71875
main: BH vs NPNS,C2D,J1911+049,SVM,"{'C': 10.0, 'gamma': 3.0}",0.7552083333333334
main: BH vs NPNS,C2D,J1915+109,SVM,"{'C': 0.1, 'gamma': 0.1}",0.7065972222222222
main: BH vs NPNS,C2D,J1915+109,SVM,"{'C': 0.1, 'gamma': 0.585}",0.671875
main: BH vs NPNS,C2D,J1915+109,SVM,"{'C': 0.1, 'gamma': 3.0}",0.7517361111111112
main: BH vs NPNS,C2D,J1915+109,SVM,"{'C': 1.0, 'gamma': 0.1}",0.6770833333333334
main: BH vs NPNS,C2D,J1915+109,SVM,"{'C': 1.0, 'gamma': 0.585}",0.7395833333333334
main: BH vs NPNS,C2D,J1915+109,SVM,"{'C': 1.0, 'gamma': 3.0}",0.7777777777777778
main: BH vs NPNS,C2D,J1915+109,SVM,"{'C': 10.0, 'gamma': 0.1}",0.6770833333333334
main: BH vs NPNS,C2D,J1915+109,SVM,"{'C': 10.0, 'gamma': 0.585}",0.7326388888888888
main: BH vs NPNS,C2D,J1915+109,SVM,"{'C': 10.0, 'gamma': 3.0}",0.7829861111111112
main: BH vs NPNS,C2D,J1918-052,SVM,"{'C': 0.1, 'gamma': 0.1}",0.6988543371522095
main: BH vs NPNS,C2D,J1918-052,SVM,"{'C': 0.1, 'gamma': 0.585}",0.6808510638297872
main: BH vs NPNS,C2D,J1918-052,SVM,"{'C': 0.1, 'gamma': 3.0}",0.690671031096563
main: BH vs NPNS,C2D,J1918-052,SVM,"{'C': 1.0, 'gamma': 0.1}",0.7037643207855974
main: BH vs NPNS,C2D,J1918-052,SVM,"{'C': 1.0, 'gamma': 0.585}",0.690671031096563
main: BH vs NPNS,C2D,J1918-052,SVM,"{'C': 1.0, 'gamma': 3.0}",0.7152209492635024
main: BH vs NPNS,C2D,J1918-052,SVM,"{'C': 10.0, 'gamma': 0.1}",0.6710310965630114
main: BH vs NPNS,C2D,J1918-052,SVM,"{'C': 10.0, 'gamma': 0.585}",0.6988543371522095
main: BH vs NPNS,C2D,J1918-052,SVM,"{'C': 10.0, 'gamma': 3.0}",0.7168576104746317
main: BH vs NPNS,C2D,J1958+352,SVM,"{'C': 0.1, 'gamma': 0.1}",0.6996527777777778
main: BH vs NPNS,C2D,J1958+352,SVM,"{'C': 0.1, 'gamma': 0.585}",0.6753472222222222
main: BH vs NPNS,C2D,J1958+352,SVM,"{'C': 0.1, 'gamma': 3.0}",0.6458333333333334
main: BH vs NPNS,C2D,J1958+352,SVM,"{'C': 1.0, 'gamma': 0.1}",0.6857638888888888
main: BH vs NPNS,C2D,J1958+352,SVM,"{'C': 1.0, 'gamma': 0.585}",0.6666666666666666
main: BH vs NPNS,C2D,J1958+352,SVM,"{'C': 1.0, 'gamma': 3.0}",0.6336805555555556
main: BH vs NPNS,C2D,J1958+352,SVM,"{'C': 10.0, 'gamma': 0.1}",0.6770833333333334
main: BH vs NPNS,C2D,J1958+352,SVM,"{'C': 10.0, 'gamma': 0.585}",0.6614583333333334
main: BH vs NPNS,C2D,J1958+352,SVM,"{'C': 10.0, 'gamma': 3.0}",0.6371527777777778
main: BH vs NPNS,C2D,J2129+121,SVM,"{'C': 0.1, 'gamma': 0.1}",0.7414075286415712
main: BH vs NPNS,C2D,J2129+121,SVM,"{'C': 0.1, 'gamma': 0.585}",0.723404255319149
main: BH vs NPNS,C2D,J2129+121,SVM,"{'C': 0.1, 'gamma': 3.0}",0.7381342062193126
main: BH vs NPNS,C2D,J2129+121,SVM,"{'C': 1.0, 'gamma': 0.1}",0.7610474631751227
main: BH vs NPNS,C2D,J2129+121,SVM,"{'C': 1.0, 'gamma': 0.585}",0.7250409165302782
main: BH vs NPNS,C2D,J2129+121,SVM,"{'C': 1.0, 'gamma': 3.0}",0.7381342062193126
main: BH vs NPNS,C2D,J2129+121,SVM,"{'C': 10.0, 'gamma': 0.1}",0.7561374795417348
main: BH vs NPNS,C2D,J2129+121,SVM,"{'C': 10.0, 'gamma': 0.585}",0.7250409165302782
main: BH vs NPNS,C2D,J2129+121,SVM,"{'C': 10.0, 'gamma': 3.0}",0.7446808510638298
main: BH vs NPNS,C2D,J2144+383,SVM,"{'C': 0.1, 'gamma': 0.1}",0.734860883797054
main: BH vs NPNS,C2D,J2144+383,SVM,"{'C': 0.1, 'gamma': 0.585}",0.7315875613747954
main: BH vs NPNS,C2D,J2144+383,SVM,"{'C': 0.1, 'gamma': 3.0}",0.7135842880523732
main: BH vs NPNS,C2D,J2144+383,SVM,"{'C': 1.0, 'gamma': 0.1}",0.7594108019639935
main: BH vs NPNS,C2D,J2144+383,SVM,"{'C': 1.0, 'gamma': 0.585}",0.7152209492635024
main: BH vs NPNS,C2D,J2144+383,SVM,"{'C': 1.0, 'gamma': 3.0}",0.7250409165302782
main: BH vs NPNS,C2D,J2144+383,SVM,"{'C': 10.0, 'gamma': 0.1}",0.7528641571194763
main: BH vs NPNS,C2D,J2144+383,SVM,"{'C': 10.0, 'gamma': 0.585}",0.7299509001636661
main: BH vs NPNS,C2D,J2144+383,SVM,"{'C': 10.0, 'gamma': 3.0}",0.7168576104746317
main: BH vs NPNS,C1D,J0538-640,SVM,"{'C': 0.1, 'gamma': 0.1}",0.2690972222222222
main: BH vs NPNS,C1D,J0538-640,SVM,"{'C': 0.1, 'gamma': 0.585}",0.2708333333333333
main: BH vs NPNS,C1D,J0538-640,SVM,"{'C': 0.1, 'gamma': 3.0}",0.3107638888888889
main: BH vs NPNS,C1D,J0538-640,SVM,"{'C': 1.0, 'gamma': 0.1}",0.2465277777777778
main: BH vs NPNS,C1D,J0538-640,SVM,"{'C': 1.0, 'gamma': 0.585}",0.3003472222222222
main: BH vs NPNS,C1D,J0538-640,SVM,"{'C': 1.0, 'gamma': 3.0}",0.3923611111111111
main: BH vs NPNS,C1D,J0538-640,SVM,"{'C': 10.0, 'gamma': 0.1}",0.25
main: BH vs NPNS,C1D,J0538-640,SVM,"{'C': 10.0, 'gamma': 0.585}",0.3072916666666667
main: BH vs NPNS,C1D,J0538-640,SVM,"{'C': 10.0, 'gamma': 3.0}",0.4288194444444444
main: BH vs NPNS,C1D,J0539-697,SVM,"{'C': 0.1, 'gamma': 0.1}",0.2986111111111111
main: BH vs NPNS,C1D,J0539-697,SVM,"{'C': 0.1, 'gamma': 0.585}",0.24131944444444445
main: BH vs NPNS,C1D,J0539-697,SVM,"{'C': 0.1, 'gamma': 3.0}",0.3315972222222222
main: BH vs NPNS,C1D,J0539-697,SVM,"{'C': 1.0, 'gamma': 0.1}",0.3107638888888889
main: BH vs NPNS,C1D,J0539-697,SVM,"{'C': 1.0, 'gamma': 0.585}",0.3107638888888889
main: BH vs NPNS,C1D,J0539-697,SVM,"{'C': 1.0, 'gamma': 3.0}",0.4079861111111111
main: BH vs NPNS,C1D,J0539-697,SVM,"{'C': 10.0, 'gamma': 0.1}",0.2638888888888889
main: BH vs NPNS,C1D,J0539-697,SVM,"{'C': 10.0, 'gamma': 0.585}",0.3159722222222222
main: BH vs NPNS,C1D,J0539-697,SVM,"{'C': 10.0, 'gamma': 3.0}",0.4652777777777778
main: BH vs NPNS,C1D,J0617+091,SVM,"{'C': 0.1, 'gamma': 0.1}",0.3404255319148936
main: BH vs NPNS,C1D,J0617+091,SVM,"{'C': 0.1, 'gamma': 0.585}",0.38461538461538464
main: BH vs NPNS,C1D,J0617+091,SVM,"{'C': 0.1, 'gamma': 3.0}",0.3142389525368249
main: BH vs NPNS,C1D,J0617+091,SVM,"{'C': 1.0, 'gamma': 0.1}",0.33060556464811786
main: BH vs NPNS,C1D,J0617+091,SVM,"{'C': 1.0, 'gamma': 0.585}",0.4075286415711948
main: BH vs NPNS,C1D,J0617+091,SVM,"{'C': 1.0, 'gamma': 3.0}",0.3322422258592471
main: BH vs NPNS,C1D,J0617+091,SVM,"{'C': 10.0, 'gamma': 0.1}",0.3698854337152209
main: BH vs NPNS,C1D,J0617+091,SVM,"{'C': 10.0, 'gamma': 0.585}",0.32733224222585927
main: BH vs NPNS,C1D,J0617+091,SVM,"{'C': 10.0, 'gamma': 3.0}",0.32733224222585927
main: BH vs NPNS,C1D,J0920-552,SVM,"{'C': 0.1, 'gamma': 0.1}",0.3878887070376432
main: BH vs NPNS,C1D,J0920-552,SVM,"{'C': 0.1, 'gamma': 0.585}",0.4075286415711948
main: BH vs NPNS,C1D,J0920-552,SVM,"{'C': 0.1, 'gamma': 3.0}",0.353518821603928
main: BH vs NPNS,C1D,J0920-552,SVM,"{'C': 1.0, 'gamma': 0.1}",0.40425531914893614
main: BH vs NPNS,C1D,J0920-552,SVM,"{'C': 1.0, 'gamma': 0.585}",0.37643207855973815
main: BH vs NPNS,C1D,J0920-552,SVM,"{'C': 1.0, 'gamma': 3.0}",0.36006546644844517
main: BH vs NPNS,C1D,J0920-552,SVM,"{'C': 10.0, 'gamma': 0.1}",0.4238952536824877
main: BH vs NPNS,C1D,J0920-552,SVM,"{'C': 10.0, 'gamma': 0.585}",0.37479541734860883
main: BH vs NPNS,C1D,J0920-552,SVM,"{'C': 10.0, 'gamma': 3.0}",0.36333878887070375
main: BH vs NPNS,C1D,J1249-590,SVM,"{'C': 0.1, 'gamma': 0.1}",0.397708674304419
main: BH vs NPNS,C1D,J1249-590,SVM,"{'C': 0.1, 'gamma': 0.585}",0.42716857610474634
main: BH vs NPNS,C1D,J1249-590,SVM,"{'C': 0.1, 'gamma': 3.0}",0.32569558101472995
main: BH vs NPNS,C1D,J1249-590,SVM,"{'C': 1.0, 'gamma': 0.1}",0.4238952536824877
main: BH vs NPNS,C1D,J1249-590,SVM,"{'C': 1.0, 'gamma': 0.585}",0.397708674304419
main: BH vs NPNS,C1D,J1249-590,SVM,"{'C': 1.0, 'gamma': 3.0}",0.33387888707037644
main: BH vs NPNS,C1D,J1249-590,SVM,"{'C': 10.0, 'gamma': 0.1}",0.42716857610474634
main: BH vs NPNS,C1D,J1249-590,SVM,"{'C': 10.0, 'gamma': 0.585}",0.34206219312602293
main: BH vs NPNS,C1D,J1249-590,SVM,"{'C': 10.0, 'gamma': 3.0}",0.337152209492635
main: BH vs NPNS,C1D,J1257-692,SVM,"{'C': 0.1, 'gamma': 0.1}",0.36661211129296234
main: BH vs NPNS,C1D,J1257-692,SVM,"{'C': 0.1, 'gamma': 0.585}",0.40916530278232405
main: BH vs NPNS,C1D,J1257-692,SVM,"{'C': 0.1, 'gamma': 3.0}",0.32078559738134205
main: BH vs NPNS,C1D,J1257-692,SVM,"{'C': 1.0, 'gamma': 0.1}",0.3502454991816694
main: BH vs NPNS,C1D,J1257-692,SVM,"{'C': 1.0, 'gamma': 0.585}",0.3649754500818331
main: BH vs NPNS,C1D,J1257-692,SVM,"{'C': 1.0, 'gamma': 3.0}",0.337152209492635
main: BH vs NPNS,C1D,J1257-692,SVM,"{'C': 10.0, 'gamma': 0.1}",0.3944353518821604
main: BH vs NPNS,C1D,J1257-692,SVM,"{'C': 10.0, 'gamma': 0.585}",0.3436988543371522
main: BH vs NPNS,C1D,J1257-692,SVM,"{'C': 10.0, 'gamma': 3.0}",0.34206219312602293
main: BH vs NPNS,C1D,J1306-704,SVM,"{'C': 0.1, 'gamma': 0.1}",0.3333333333333333
main: BH vs NPNS,C1D,J1306-704,SVM,"{'C': 0.1, 'gamma': 0.585}",0.2986111111111111
main: BH vs NPNS,C1D,J1306-704,SVM,"{'C': 0.1, 'gamma': 3.0}",0.2708333333333333
main: BH vs NPNS,C1D,J1306-704,SVM,"{'C': 1.0, 'gamma': 0.1}",0.3333333333333333
main: BH vs NPNS,C1D,J1306-704,SVM,"{'C': 1.0, 'gamma': 0.585}",0.2829861111111111
main: BH vs NPNS,C1D,J1306-704,SVM,"{'C': 1.0, 'gamma': 3.0}",0.2934027777777778
main: BH vs NPNS,C1D,J1306-704,SVM,"{'C': 10.0, 'gamma': 0.1}",0.3211805555555556
main: BH vs NPNS,C1D,J1306-704,SVM,"{'C': 10.0, 'gamma': 0.585}",0.2690972222222222
main: BH vs NPNS,C1D,J1306-704,SVM,"{'C': 10.0, 'gamma': 3.0}",0.2899305555555556
main: BH vs NPNS,C1D,J1324-632,SVM,"{'C': 0.1, 'gamma': 0.1}",0.4369885433715221
main: BH vs NPNS,C1D,J1324-632,SVM,"{'C': 0.1, 'gamma': 0.585}",0.4353518821603928
main: BH vs NPNS,C1D,J1324-632,SVM,"{'C': 0.1, 'gamma': 3.0}",0.3355155482815057
main: BH vs NPNS,C1D,J1324-632,SVM,"{'C': 1.0, 'gamma': 0.1}",0.46317512274959083
main: BH vs NPNS,C1D,J1324-632,SVM,"{'C': 1.0, 'gamma': 0.585}",0.3502454991816694
main: BH vs NPNS,C1D,J1324-632,SVM,"{'C': 1.0, 'gamma': 3.0}",0.3486088379705401
main: BH vs NPNS,C1D,J1324-632,SVM,"{'C': 10.0, 'gamma': 0.1}",0.4500818330605565
main: BH vs NPNS,C1D,J1324-632,SVM,"{'C': 10.0, 'gamma': 0.585}",0.3518821603927987
main: BH vs NPNS,C1D,J1324-632,SVM,"{'C': 10.0, 'gamma': 3.0}",0.3567921440261866
main: BH vs NPNS,C1D,J1326-621,SVM,"{'C': 0.1, 'gamma': 0.1}",0.4238952536824877
main: BH vs NPNS,C1D,J1326-621,SVM,"{'C': 0.1, 'gamma': 0.585}",0.42716857610474634
main: BH vs NPNS,C1D,J1326-621,SVM,"{'C': 0.1, 'gamma': 3.0}",0.3109656301145663
main: BH vs NPNS,C1D,J1326-621,SVM,"{'C': 1.0, 'gamma': 0.1}",0.44680851063829785
main: BH vs NPNS,C1D,J1326-621,SVM,"{'C': 1.0, 'gamma': 0.585}",0.36006546644844517
main: BH vs NPNS,C1D,J1326-621,SVM,"{'C': 1.0, 'gamma': 3.0}",0.32078559738134205
main: BH vs NPNS,C1D,J1326-621,SVM,"{'C': 10.0, 'gamma': 0.1}",0.44189852700491
main: BH vs NPNS,C1D,J1326-621,SVM,"{'C': 10.0, 'gamma': 0.585}",0.34206219312602293
main: BH vs NPNS,C1D,J1326-621,SVM,"{'C': 10.0, 'gamma': 3.0}",0.32896890343698854
main: BH vs NPNS,C1D,J1358-647,SVM,"{'C': 0.1, 'gamma': 0.1}",0.4201388888888889
main: BH vs NPNS,C1D,J1358-647,SVM,"{'C': 0.1, 'gamma': 0.585}",0.3993055555555556
main: BH vs NPNS,C1D,J1358-647,SVM,"{'C': 0.1, 'gamma': 3.0}",0.296875
main: BH vs NPNS,C1D,J1358-647,SVM,"{'C': 1.0, 'gamma': 0.1}",0.4375
main: BH vs NPNS,C1D,J1358-647,SVM,"{'C': 1.0, 'gamma': 0.585}",0.3472222222222222
main: BH vs NPNS,C1D,J1358-647,SVM,"{'C': 1.0, 'gamma': 3.0}",0.3072916666666667
main: BH vs NPNS,C1D,J1358-647,SVM,"{'C': 10.0, 'gamma': 0.1}",0.4322916666666667
main: BH vs NPNS,C1D,J1358-647,SVM,"{'C': 10.0, 'gamma': 0.585}",0.3072916666666667
main: BH vs NPNS,C1D,J1358-647,SVM,"{'C': 10.0, 'gamma': 3.0}",0.3125
main: BH vs NPNS,C1D,J1520-571,SVM,"{'C': 0.1, 'gamma': 0.1}",0.41734860883797054
main: BH vs NPNS,C1D,J1520-571,SVM,"{'C': 0.1, 'gamma': 0.585}",0.3911620294599018
main: BH vs NPNS,C1D,J1520-571,SVM,"{'C': 0.1, 'gamma': 3.0}",0.337152209492635
main: BH vs NPNS,C1D,J1520-571,SVM,"{'C': 1.0, 'gamma': 0.1}",0.41734860883797054
main: BH vs NPNS,C1D,J1520-571,SVM,"{'C': 1.0, 'gamma': 0.585}",0.3142389525368249
main: BH vs NPNS,C1D,J1520-571,SVM,"{'C': 1.0, 'gamma': 3.0}",0.3895253682487725
main: BH vs NPNS,C1D,J1520-571,SVM,"{'C': 10.0, 'gamma': 0.1}",0.4026186579378069
main: BH vs NPNS,C1D,J1520-571,SVM,"{'C': 10.0, 'gamma': 0.585}",0.3044189852700491
main: BH vs NPNS,C1D,J1520-571,SVM,"{'C': 10.0, 'gamma': 3.0}",0.3911620294599018
main: BH vs NPNS,C1D,J1547-625,SVM,"{'C': 0.1, 'gamma': 0.1}",0.4320785597381342
main: BH vs NPNS,C1D,J1547-625,SVM,"{'C': 0.1, 'gamma': 0.585}",0.4157119476268412
main: BH vs NPNS,C1D,J1547-625,SVM,"{'C': 0.1, 'gamma': 3.0}",0.36661211129296234
main: BH vs NPNS,C1D,J1547-625,SVM,"{'C': 1.0, 'gamma': 0.1}",0.4157119476268412
main: BH vs NPNS,C1D,J1547-625,SVM,"{'C': 1.0, 'gamma': 0.585}",0.33387888707037644
main: BH vs NPNS,C1D,J1547-625,SVM,"{'C': 1.0, 'gamma': 3.0}",0.3911620294599018
main: BH vs NPNS,C1D,J1547-625,SVM,"{'C': 10.0, 'gamma': 0.1}",0.40425531914893614
main: BH vs NPNS,C1D,J1547-625,SVM,"{'C': 10.0, 'gamma': 0.585}",0.3322422258592471
main: BH vs NPNS,C1D,J1547-625,SVM,"{'C': 10.0, 'gamma': 3.0}",0.3944353518821604
main: BH vs NPNS,C1D,J1612-524,SVM,"{'C': 0.1, 'gamma': 0.1}",0.425531914893617
main: BH vs NPNS,C1D,J1612-524,SVM,"{'C': 0.1, 'gamma': 0.585}",0.40098199672667756
main: BH vs NPNS,C1D,J1612-524,SVM,"{'C': 0.1, 'gamma': 3.0}",0.353518821603928
main: BH vs NPNS,C1D,J1612-524,SVM,"{'C': 1.0, 'gamma': 0.1}",0.41243862520458263
main: BH vs NPNS,C1D,J1612-524,SVM,"{'C': 1.0, 'gamma': 0.585}",0.32569558101472995
main: BH vs NPNS,C1D,J1612-524,SVM,"{'C': 1.0, 'gamma': 3.0}",0.3895253682487725
main: BH vs NPNS,C1D,J1612-524,SVM,"{'C': 10.0, 'gamma': 0.1}",0.3993453355155483
main: BH vs NPNS,C1D,J1612-524,SVM,"{'C': 10.0, 'gamma': 0.585}",0.31751227495908346
main: BH vs NPNS,C1D,J1612-524,SVM,"{'C': 10.0, 'gamma': 3.0}",0.39279869067103107
main: BH vs NPNS,C1D,J1620-500,SVM,"{'C': 0.1, 'gamma': 0.1}",0.4238952536824877
main: BH vs NPNS,C1D,J1620-500,SVM,"{'C': 0.1, 'gamma': 0.585}",0.4238952536824877
main: BH vs NPNS,C1D,J1620-500,SVM,"{'C': 0.1, 'gamma': 3.0}",0.36333878887070375
main: BH vs NPNS,C1D,J1620-500,SVM,"{'C': 1.0, 'gamma': 0.1}",0.425531914893617
main: BH vs NPNS,C1D,J1620-500,SVM,"{'C': 1.0, 'gamma': 0.585}",0.36333878887070375
main: BH vs NPNS,C1D,J1620-500,SVM,"{'C': 1.0, 'gamma': 3.0}",0.3944353518821604
main: BH vs NPNS,C1D,J1620-500,SVM,"{'C': 10.0, 'gamma': 0.1}",0.4075286415711948
main: BH vs NPNS,C1D,J1620-500,SVM,"{'C': 10.0, 'gamma': 0.585}",0.32896890343698854
main: BH vs NPNS,C1D,J1620-500,SVM,"{'C': 10.0, 'gamma': 3.0}",0.397708674304419
main: BH vs NPNS,C1D,J1640-537,SVM,"{'C': 0.1, 'gamma': 0.1}",0.41898527004909986
main: BH vs NPNS,C1D,J1640-537,SVM,"{'C': 0.1, 'gamma': 0.585}",0.4206219312602291
main: BH vs NPNS,C1D,J1640-537,SVM,"{'C': 0.1, 'gamma': 3.0}",0.3649754500818331
main: BH vs NPNS,C1D,J1640-537,SVM,"{'C': 1.0, 'gamma': 0.1}",0.41898527004909986
main: BH vs NPNS,C1D,J1640-537,SVM,"{'C': 1.0, 'gamma': 0.585}",0.36333878887070375
main: BH vs NPNS,C1D,J1640-537,SVM,"{'C': 1.0, 'gamma': 3.0}",0.3960720130932897
main: BH vs NPNS,C1D,J1640-537,SVM,"{'C': 10.0, 'gamma': 0.1}",0.40589198036006546
main: BH vs NPNS,C1D,J1640-537,SVM,"{'C': 10.0, 'gamma': 0.585}",0.3355155482815057
main: BH vs NPNS,C1D,J1640-537,SVM,"{'C': 10.0, 'gamma': 3.0}",0.3911620294599018
main: BH vs NPNS,C1D,J1650-499,SVM,"{'C': 0.1, 'gamma': 0.1}",0.3628472222222222
main: BH vs NPNS,C1D,J1650-499,SVM,"{'C': 0.1, 'gamma': 0.585}",0.3819444444444444
main: BH vs NPNS,C1D,J1650-499,SVM,"{'C': 0.1, 'gamma': 3.0}",0.3732638888888889
main: BH vs NPNS,C1D,J1650-499,SVM,"{'C': 1.0, 'gamma': 0.1}",0.375
main: BH vs NPNS,C1D,J1650-499,SVM,"{'C': 1.0, 'gamma': 0.585}",0.4114583333333333
main: BH vs NPNS,C1D,J1650-499,SVM,"{'C': 1.0, 'gamma': 3.0}",0.4010416666666667
main: BH vs NPNS,C1D,J1650-499,SVM,"{'C': 10.0, 'gamma': 0.1}",0.3767361111111111
main: BH vs NPNS,C1D,J1650-499,SVM,"{'C': 10.0, 'gamma': 0.585}",0.3958333333333333
main: BH vs NPNS,C1D,J1650-499,SVM,"{'C': 10.0, 'gamma': 3.0}",0.3975694444444444
main: BH vs NPNS,C1D,J1654-398,SVM,"{'C': 0.1, 'gamma': 0.1}",0.3159722222222222
main: BH vs NPNS,C1D,J1654-398,SVM,"{'C': 0.1, 'gamma': 0.585}",0.3177083333333333
main: BH vs NPNS,C1D,J1654-398,SVM,"{'C': 0.1, 'gamma': 3.0}",0.296875
main: BH vs NPNS,C1D,J1654-398,SVM,"{'C': 1.0, 'gamma': 0.1}",0.3229166666666667
main: BH vs NPNS,C1D,J1654-398,SVM,"{'C': 1.0, 'gamma': 0.585}",0.3177083333333333
main: BH vs NPNS,C1D,J1654-398,SVM,"{'C': 1.0, 'gamma': 3.0}",0.2934027777777778
main: BH vs NPNS,C1D,J1654-398,SVM,"{'C': 10.0, 'gamma': 0.1}",0.3229166666666667
main: BH vs NPNS,C1D,J1654-398,SVM,"{'C': 10.0, 'gamma': 0.585}",0.296875
main: BH vs NPNS,C1D,J1654-398,SVM,"{'C': 10.0, 'gamma': 3.0}",0.2899305555555556
main: BH vs NPNS,C1D,J1700-461,SVM,"{'C': 0.1, 'gamma': 0.1}",0.43044189852700493
main: BH vs NPNS,C1D,J1700-461,SVM,"{'C': 0.1, 'gamma': 0.585}",0.469721767594108
main: BH vs NPNS,C1D,J1700-461,SVM,"{'C': 0.1, 'gamma': 3.0}",0.41898527004909986
main: BH vs NPNS,C1D,J1700-461,SVM,"{'C': 1.0, 'gamma': 0.1}",0.44844517184942717
main: BH vs NPNS,C1D,J1700-461,SVM,"{'C': 1.0, 'gamma': 0.585}",0.44189852700491
main: BH vs NPNS,C1D,J1700-461,SVM,"{'C': 1.0, 'gamma': 3.0}",0.4353518821603928
main: BH vs NPNS,C1D,J1700-461,SVM,"{'C': 10.0, 'gamma': 0.1}",0.4369885433715221
main: BH vs NPNS,C1D,J1700-461,SVM,"{'C': 10.0, 'gamma': 0.585}",0.3960720130932897
main: BH vs NPNS,C1D,J1700-461,SVM,"{'C': 10.0, 'gamma': 3.0}",0.4402618657937807
main: BH vs NPNS,C1D,J1701-408,SVM,"{'C': 0.1, 'gamma': 0.1}",0.40916530278232405
main: BH vs NPNS,C1D,J1701-408,SVM,"{'C': 0.1, 'gamma': 0.585}",0.46153846153846156
main: BH vs NPNS,C1D,J1701-408,SVM,"{'C': 0.1, 'gamma': 3.0}",0.41407528641571195
main: BH vs NPNS,C1D,J1701-408,SVM,"{'C': 1.0, 'gamma': 0.1}",0.4157119476268412
main: BH vs NPNS,C1D,J1701-408,SVM,"{'C': 1.0, 'gamma': 0.585}",0.4386252045826514
main: BH vs NPNS,C1D,J1701-408,SVM,"{'C': 1.0, 'gamma': 3.0}",0.4026186579378069
main: BH vs NPNS,C1D,J1701-408,SVM,"{'C': 10.0, 'gamma': 0.1}",0.4206219312602291
main: BH vs NPNS,C1D,J1701-408,SVM,"{'C': 10.0, 'gamma': 0.585}",0.36333878887070375
main: BH vs NPNS,C1D,J1701-408,SVM,"{'C': 10.0, 'gamma': 3.0}",0.41898527004909986
main: BH vs NPNS,C1D,J1702-487,SVM,"{'C': 0.1, 'gamma': 0.1}",0.4461805555555556
main: BH vs NPNS,C1D,J1702-487,SVM,"{'C': 0.1, 'gamma': 0.585}",0.4722222222222222
main: BH vs NPNS,C1D,J1702-487,SVM,"{'C': 0.1, 'gamma': 3.0}",0.4270833333333333
main: BH vs NPNS,C1D,J1702-487,SVM,"{'C': 1.0, 'gamma': 0.1}",0.4583333333333333
main: BH vs NPNS,C1D,J1702-487,SVM,"{'C': 1.0, 'gamma': 0.585}",0.46875
main: BH vs NPNS,C1D,J1702-487,SVM,"{'C': 1.0, 'gamma': 3.0}",0.4427083333333333
main: BH vs NPNS,C1D,J1702-487,SVM,"{'C': 10.0, 'gamma': 0.1}",0.4618055555555556
main: BH vs NPNS,C1D,J1702-487,SVM,"{'C': 10.0, 'gamma': 0.585}",0.4409722222222222
main: BH vs NPNS,C1D,J1702-487,SVM,"{'C': 10.0, 'gamma': 3.0}",0.4496527777777778
main: BH vs NPNS,C1D,J1706-617,SVM,"{'C': 0.1, 'gamma': 0.1}",0.4386252045826514
main: BH vs NPNS,C1D,J1706-617,SVM,"{'C': 0.1, 'gamma': 0.585}",0.45990180032733224
main: BH vs NPNS,C1D,J1706-617,SVM,"{'C': 0.1, 'gamma': 3.0}",0.4320785597381342
main: BH vs NPNS,C1D,J1706-617,SVM,"{'C': 1.0, 'gamma': 0.1}",0.44844517184942717
main: BH vs NPNS,C1D,J1706-617,SVM,"{'C': 1.0, 'gamma': 0.585}",0.45662847790507366
main: BH vs NPNS,C1D,J1706-617,SVM,"{'C': 1.0, 'gamma': 3.0}",0.4402618657937807
main: BH vs NPNS,C1D,J1706-617,SVM,"{'C': 10.0, 'gamma': 0.1}",0.4402618657937807
main: BH vs NPNS,C1D,J1706-617,SVM,"{'C': 10.0, 'gamma': 0.585}",0.4337152209492635
main: BH vs NPNS,C1D,J1706-617,SVM,"{'C': 10.0, 'gamma': 3.0}",0.44353518821603927
main: BH vs NPNS,C1D,J1708-323,SVM,"{'C': 0.1, 'gamma': 0.1}",0.3993453355155483
main: BH vs NPNS,C1D,J1708-323,SVM,"{'C': 0.1, 'gamma': 0.585}",0.42716857610474634
main: BH vs NPNS,C1D,J1708-323,SVM,"{'C': 0.1, 'gamma': 3.0}",0.41243862520458263
main: BH vs NPNS,C1D,J1708-323,SVM,"{'C': 1.0, 'gamma': 0.1}",0.41243862520458263
main: BH vs NPNS,C1D,J1708-323,SVM,"{'C': 1.0, 'gamma': 0.585}",0.4451718494271686
main: BH vs NPNS,C1D,J1708-323,SVM,"{'C': 1.0, 'gamma': 3.0}",0.425531914893617
main: BH vs NPNS,C1D,J1708-323,SVM,"{'C': 10.0, 'gamma': 0.1}",0.4386252045826514
main: BH vs NPNS,C1D,J1708-323,SVM,"{'C': 10.0, 'gamma': 0.585}",0.4206219312602291
main: BH vs NPNS,C1D,J1708-323,SVM,"{'C': 10.0, 'gamma': 3.0}",0.42225859247135844
main: BH vs NPNS,C1D,J1708-441,SVM,"{'C': 0.1, 'gamma': 0.1}",0.40589198036006546
main: BH vs NPNS,C1D,J1708-441,SVM,"{'C': 0.1, 'gamma': 0.585}",0.41407528641571195
main: BH vs NPNS,C1D,J1708-441,SVM,"{'C': 0.1, 'gamma': 3.0}",0.40098199672667756
main: BH vs NPNS,C1D,J1708-441,SVM,"{'C': 1.0, 'gamma': 0.1}",0.41243862520458263
main: BH vs NPNS,C1D,J1708-441,SVM,"{'C': 1.0, 'gamma': 0.585}",0.43044189852700493
main: BH vs NPNS,C1D,J1708-441,SVM,"{'C': 1.0, 'gamma': 3.0}",0.40589198036006546
main: BH vs NPNS,C1D,J1708-441,SVM,"{'C': 10.0, 'gamma': 0.1}",0.40425531914893614
main: BH vs NPNS,C1D,J1708-441,SVM,"{'C': 10.0, 'gamma': 0.585}",0.4206219312602291
main: BH vs NPNS,C1D,J1708-441,SVM,"{'C': 10.0, 'gamma': 3.0}",0.42225859247135844
main: BH vs NPNS,C1D,J1709-266,SVM,"{'C': 0.1, 'gamma': 0.1}",0.40425531914893614
main: BH vs NPNS,C1D,J1709-266,SVM,"{'C': 0.1, 'gamma': 0.585}",0.40916530278232405
main: BH vs NPNS,C1D,J1709-266,SVM,"{'C': 0.1, 'gamma': 3.0}",0.40589198036006546
main: BH vs NPNS,C1D,J1709-266,SVM,"{'C': 1.0, 'gamma': 0.1}",0.41080196399345337
main: BH vs NPNS,C1D,J1709-266,SVM,"{'C': 1.0, 'gamma': 0.585}",0.44353518821603927
main: BH vs NPNS,C1D,J1709-266,SVM,"{'C': 1.0, 'gamma': 3.0}",0.4075286415711948
main: BH vs NPNS,C1D,J1709-266,SVM,"{'C': 10.0, 'gamma': 0.1}",0.40916530278232405
main: BH vs NPNS,C1D,J1709-266,SVM,"{'C': 10.0, 'gamma': 0.585}",0.425531914893617
main: BH vs NPNS,C1D,J1709-266,SVM,"{'C': 10.0, 'gamma': 3.0}",0.41734860883797054
main: BH vs NPNS,C1D,J1710-281,SVM,"{'C': 0.1, 'gamma': 0.1}",0.41243862520458263
main: BH vs NPNS,C1D,J1710-281,SVM,"{'C': 0.1, 'gamma': 0.585}",0.46153846153846156
main: BH vs NPNS,C1D,J1710-281,SVM,"{'C': 0.1, 'gamma': 3.0}",0.42225859247135844
main: BH vs NPNS,C1D,J1710-281,SVM,"{'C': 1.0, 'gamma': 0.1}",0.42225859247135844
main: BH vs NPNS,C1D,J1710-281,SVM,"{'C': 1.0, 'gamma': 0.585}",0.45990180032733224
main: BH vs NPNS,C1D,J1710-281,SVM,"{'C': 1.0, 'gamma': 3.0}",0.4320785597381342
main: BH vs NPNS,C1D,J1710-281,SVM,"{'C': 10.0, 'gamma': 0.1}",0.4451718494271686
main: BH vs NPNS,C1D,J1710-281,SVM,"{'C': 10.0, 'gamma': 0.585}",0.4369885433715221
main: BH vs NPNS,C1D,J1710-281,SVM,"{'C': 10.0, 'gamma': 3.0}",0.4402618657937807
main: BH vs NPNS,C1D,J1712-376,SVM,"{'C': 0.1, 'gamma': 0.1}",0.4157119476268412
main: BH vs NPNS,C1D,J1712-376,SVM,"{'C': 0.1, 'gamma': 0.585}",0.4664484451718494
main: BH vs NPNS,C1D,J1712-376,SVM,"{'C': 0.1, 'gamma': 3.0}",0.4320785597381342
main: BH vs NPNS,C1D,J1712-376,SVM,"{'C': 1.0, 'gamma': 0.1}",0.41407528641571195
main: BH vs NPNS,C1D,J1712-376,SVM,"{'C': 1.0, 'gamma': 0.585}",0.4779050736497545
main: BH vs NPNS,C1D,J1712-376,SVM,"{'C': 1.0, 'gamma': 3.0}",0.4026186579378069
main: BH vs NPNS,C1D,J1712-376,SVM,"{'C': 10.0, 'gamma': 0.1}",0.41898527004909986
main: BH vs NPNS,C1D,J1712-376,SVM,"{'C': 10.0, 'gamma': 0.585}",0.43044189852700493
main: BH vs NPNS,C1D,J1712-376,SVM,"{'C': 10.0, 'gamma': 3.0}",0.41407528641571195
main: BH vs NPNS,C1D,J1712-408,SVM,"{'C': 0.1, 'gamma': 0.1}",0.41734860883797054
main: BH vs NPNS,C1D,J1712-408,SVM,"{'C': 0.1, 'gamma': 0.585}",0.4206219312602291
main: BH vs NPNS,C1D,J1712-408,SVM,"{'C': 0.1, 'gamma': 3.0}",0.41243862520458263
main: BH vs NPNS,C1D,J1712-408,SVM,"{'C': 1.0, 'gamma': 0.1}",0.3878887070376432
main: BH vs NPNS,C1D,J1712-408,SVM,"{'C': 1.0, 'gamma': 0.585}",0.42225859247135844
main: BH vs NPNS,C1D,J1712-408,SVM,"{'C': 1.0, 'gamma': 3.0}",0.40425531914893614
main: BH vs NPNS,C1D,J1712-408,SVM,"{'C': 10.0, 'gamma': 0.1}",0.3895253682487725
main: BH vs NPNS,C1D,J1712-408,SVM,"{'C': 10.0, 'gamma': 0.585}",0.41080196399345337
main: BH vs NPNS,C1D,J1712-408,SVM,"{'C': 10.0, 'gamma': 3.0}",0.40916530278232405
main: BH vs NPNS,C1D,J1714-340,SVM,"{'C': 0.1, 'gamma': 0.1}",0.3993453355155483
main: BH vs NPNS,C1D,J1714-340,SVM,"{'C': 0.1, 'gamma': 0.585}",0.41243862520458263
main: BH vs NPNS,C1D,J1714-340,SVM,"{'C': 0.1, 'gamma': 3.0}",0.4157119476268412
main: BH vs NPNS,C1D,J1714-340,SVM,"{'C': 1.0, 'gamma': 0.1}",0.41080196399345337
main: BH vs NPNS,C1D,J1714-340,SVM,"{'C': 1.0, 'gamma': 0.585}",0.4386252045826514
main: BH vs NPNS,C1D,J1714-340,SVM,"{'C': 1.0, 'gamma': 3.0}",0.425531914893617
main: BH vs NPNS,C1D,J1714-340,SVM,"{'C': 10.0, 'gamma': 0.1}",0.4386252045826514
main: BH vs NPNS,C1D,J1714-340,SVM,"{'C': 10.0, 'gamma': 0.585}",0.41734860883797054
main: BH vs NPNS,C1D,J1714-340,SVM,"{'C': 10.0, 'gamma': 3.0}",0.4206219312602291
main: BH vs NPNS,C1D,J1718-404,SVM,"{'C': 0.1, 'gamma': 0.1}",0.4337152209492635
main: BH vs NPNS,C1D,J1718-404,SVM,"{'C': 0.1, 'gamma': 0.585}",0.46317512274959083
main: BH vs NPNS,C1D,J1718-404,SVM,"{'C': 0.1, 'gamma': 3.0}",0.44844517184942717
main: BH vs NPNS,C1D,J1718-404,SVM,"{'C': 1.0, 'gamma': 0.1}",0.44189852700491
main: BH vs NPNS,C1D,J1718-404,SVM,"{'C': 1.0, 'gamma': 0.585}",0.46153846153846156
main: BH vs NPNS,C1D,J1718-404,SVM,"{'C': 1.0, 'gamma': 3.0}",0.45499181669394434
main: BH vs NPNS,C1D,J1718-404,SVM,"{'C': 10.0, 'gamma': 0.1}",0.4353518821603928
main: BH vs NPNS,C1D,J1718-404,SVM,"{'C': 10.0, 'gamma': 0.585}",0.4533551554828151
main: BH vs NPNS,C1D,J1718-404,SVM,"{'C': 10.0, 'gamma': 3.0}",0.4451718494271686
main: BH vs NPNS,C1D,J1727-162,SVM,"{'C': 0.1, 'gamma': 0.1}",0.4375
main: BH vs NPNS,C1D,J1727-162,SVM,"{'C': 0.1, 'gamma': 0.585}",0.4895833333333333
main: BH vs NPNS,C1D,J1727-162,SVM,"{'C': 0.1, 'gamma': 3.0}",0.4548611111111111
main: BH vs NPNS,C1D,J1727-162,SVM,"{'C': 1.0, 'gamma': 0.1}",0.4409722222222222
main: BH vs NPNS,C1D,J1727-162,SVM,"{'C': 1.0, 'gamma': 0.585}",0.4704861111111111
main: BH vs NPNS,C1D,J1727-162,SVM,"{'C': 1.0, 'gamma': 3.0}",0.4444444444444444
main: BH vs NPNS,C1D,J1727-162,SVM,"{'C': 10.0, 'gamma': 0.1}",0.4618055555555556
main: BH vs NPNS,C1D,J1727-162,SVM,"{'C': 10.0, 'gamma': 0.585}",0.4496527777777778
main: BH vs NPNS,C1D,J1727-162,SVM,"{'C': 10.0, 'gamma': 3.0}",0.4548611111111111
main: BH vs NPNS,C1D,J1727-308,SVM,"{'C': 0.1, 'gamma': 0.1}",0.42716857610474634
main: BH vs NPNS,C1D,J1727-308,SVM,"{'C': 0.1, 'gamma': 0.585}",0.486088379705401
main: BH vs NPNS,C1D,J1727-308,SVM,"{'C': 0.1, 'gamma': 3.0}",0.44189852700491
main: BH vs NPNS,C1D,J1727-308,SVM,"{'C': 1.0, 'gamma': 0.1}",0.4206219312602291
main: BH vs NPNS,C1D,J1727-308,SVM,"{'C': 1.0, 'gamma': 0.585}",0.47299509001636664
main: BH vs NPNS,C1D,J1727-308,SVM,"{'C': 1.0, 'gamma': 3.0}",0.41734860883797054
main: BH vs NPNS,C1D,J1727-308,SVM,"{'C': 10.0, 'gamma': 0.1}",0.40589198036006546
main: BH vs NPNS,C1D,J1727-308,SVM,"{'C': 10.0, 'gamma': 0.585}",0.44680851063829785
main: BH vs NPNS,C1D,J1727-308,SVM,"{'C': 10.0, 'gamma': 3.0}",0.4238952536824877
main: BH vs NPNS,C1D,J1735-304,SVM,"{'C': 0.1, 'gamma': 0.1}",0.44353518821603927
main: BH vs NPNS,C1D,J1735-304,SVM,"{'C': 0.1, 'gamma': 0.585}",0.48117839607201307
main: BH vs NPNS,C1D,J1735-304,SVM,"{'C': 0.1, 'gamma': 3.0}",0.4500818330605565
main: BH vs NPNS,C1D,J1735-304,SVM,"{'C': 1.0, 'gamma': 0.1}",0.4353518821603928
main: BH vs NPNS,C1D,J1735-304,SVM,"{'C': 1.0, 'gamma': 0.585}",0.4828150572831424
main: BH vs NPNS,C1D,J1735-304,SVM,"{'C': 1.0, 'gamma': 3.0}",0.4337152209492635
main: BH vs NPNS,C1D,J1735-304,SVM,"{'C': 10.0, 'gamma': 0.1}",0.41243862520458263
main: BH vs NPNS,C1D,J1735-304,SVM,"{'C': 10.0, 'gamma': 0.585}",0.47299509001636664
main: BH vs NPNS,C1D,J1735-304,SVM,"{'C': 10.0, 'gamma': 3.0}",0.4402618657937807
main: BH vs NPNS,C1D,J1738-269,SVM,"{'C': 0.1, 'gamma': 0.1}",0.4402618657937807
main: BH vs NPNS,C1D,J1738-269,SVM,"{'C': 0.1, 'gamma': 0.585}",0.4779050736497545
main: BH vs NPNS,C1D,J1738-269,SVM,"{'C': 0.1, 'gamma': 3.0}",0.4533551554828151
main: BH vs NPNS,C1D,J1738-269,SVM,"{'C': 1.0, 'gamma': 0.1}",0.4353518821603928
main: BH vs NPNS,C1D,J1738-269,SVM,"{'C': 1.0, 'gamma': 0.585}",0.4828150572831424
main: BH vs NPNS,C1D,J1738-269,SVM,"{'C': 1.0, 'gamma': 3.0}",0.44680851063829785
main: BH vs NPNS,C1D,J1738-269,SVM,"{'C': 10.0, 'gamma': 0.1}",0.41734860883797054
main: BH vs NPNS,C1D,J1738-269,SVM,"{'C': 10.0, 'gamma': 0.585}",0.469721767594108
main: BH vs NPNS,C1D,J1738-269,SVM,"{'C': 10.0, 'gamma': 3.0}",0.4451718494271686
main: BH vs NPNS,C1D,J1738-444,SVM,"{'C': 0.1, 'gamma': 0.1}",0.41407528641571195
main: BH vs NPNS,C1D,J1738-444,SVM,"{'C': 0.1, 'gamma': 0.585}",0.4337152209492635
main: BH vs NPNS,C1D,J1738-444,SVM,"{'C': 0.1, 'gamma': 3.0}",0.43044189852700493
main: BH vs NPNS,C1D,J1738-444,SVM,"{'C': 1.0, 'gamma': 0.1}",0.40589198036006546
main: BH vs NPNS,C1D,J1738-444,SVM,"{'C': 1.0, 'gamma': 0.585}",0.46808510638297873
main: BH vs NPNS,C1D,J1738-444,SVM,"{'C': 1.0, 'gamma': 3.0}",0.4206219312602291
main: BH vs NPNS,C1D,J1738-444,SVM,"{'C': 10.0, 'gamma': 0.1}",0.38461538461538464
main: BH vs NPNS,C1D,J1738-444,SVM,"{'C': 10.0, 'gamma': 0.585}",0.4369885433715221
main: BH vs NPNS,C1D,J1738-444,SVM,"{'C': 10.0, 'gamma': 3.0}",0.4337152209492635
main: BH vs NPNS,C1D,J1739-284,SVM,"{'C': 0.1, 'gamma': 0.1}",0.425531914893617
main: BH vs NPNS,C1D,J1739-284,SVM,"{'C': 0.1, 'gamma': 0.585}",0.46481178396072015
main: BH vs NPNS,C1D,J1739-284,SVM,"{'C': 0.1, 'gamma': 3.0}",0.4402618657937807
main: BH vs NPNS,C1D,J1739-284,SVM,"{'C': 1.0, 'gamma': 0.1}",0.42225859247135844
main: BH vs NPNS,C1D,J1739-284,SVM,"{'C': 1.0, 'gamma': 0.585}",0.46481178396072015
main: BH vs NPNS,C1D,J1739-284,SVM,"{'C': 1.0, 'gamma': 3.0}",0.42225859247135844
main: BH vs NPNS,C1D,J1739-284,SVM,"{'C': 10.0, 'gamma': 0.1}",0.397708674304419
main: BH vs NPNS,C1D,J1739-284,SVM,"{'C': 10.0, 'gamma': 0.585}",0.44680851063829785
main: BH vs NPNS,C1D,J1739-284,SVM,"{'C': 10.0, 'gamma': 3.0}",0.4369885433715221
main: BH vs NPNS,C1D,J1746-295,SVM,"{'C': 0.1, 'gamma': 0.1}",0.40589198036006546
main: BH vs NPNS,C1D,J1746-295,SVM,"{'C': 0.1, 'gamma': 0.585}",0.40916530278232405
main: BH vs NPNS,C1D,J1746-295,SVM,"{'C': 0.1, 'gamma': 3.0}",0.39279869067103107
main: BH vs NPNS,C1D,J1746-295,SVM,"{'C': 1.0, 'gamma': 0.1}",0.40098199672667756
main: BH vs NPNS,C1D,J1746-295,SVM,"{'C': 1.0, 'gamma': 0.585}",0.44353518821603927
main: BH vs NPNS,C1D,J1746-295,SVM,"{'C': 1.0, 'gamma': 3.0}",0.4238952536824877
main: BH vs NPNS,C1D,J1746-295,SVM,"{'C': 10.0, 'gamma': 0.1}",0.3780687397708674
main: BH vs NPNS,C1D,J1746-295,SVM,"{'C': 10.0, 'gamma': 0.585}",0.4026186579378069
main: BH vs NPNS,C1D,J1746-295,SVM,"{'C': 10.0, 'gamma': 3.0}",0.4206219312602291
main: BH vs NPNS,C1D,J1747-265,SVM,"{'C': 0.1, 'gamma': 0.1}",0.41407528641571195
main: BH vs NPNS,C1D,J1747-265,SVM,"{'C': 0.1, 'gamma': 0.585}",0.41080196399345337
main: BH vs NPNS,C1D,J1747-265,SVM,"{'C': 0.1, 'gamma': 3.0}",0.4026186579378069
main: BH vs NPNS,C1D,J1747-265,SVM,"{'C': 1.0, 'gamma': 0.1}",0.41080196399345337
main: BH vs NPNS,C1D,J1747-265,SVM,"{'C': 1.0, 'gamma': 0.585}",0.45171849427168576
main: BH vs NPNS,C1D,J1747-265,SVM,"{'C': 1.0, 'gamma': 3.0}",0.4337152209492635
main: BH vs NPNS,C1D,J1747-265,SVM,"{'C': 10.0, 'gamma': 0.1}",0.38461538461538464
main: BH vs NPNS,C1D,J1747-265,SVM,"{'C': 10.0, 'gamma': 0.585}",0.4206219312602291
main: BH vs NPNS,C1D,J1747-265,SVM,"{'C': 10.0, 'gamma': 3.0}",0.42225859247135844
main: BH vs NPNS,C1D,J1747-288,SVM,"{'C': 0.1, 'gamma': 0.1}",0.4353518821603928
main: BH vs NPNS,C1D,J1747-288,SVM,"{'C': 0.1, 'gamma': 0.585}",0.4075286415711948
main: BH vs NPNS,C1D,J1747-288,SVM,"{'C': 0.1, 'gamma': 3.0}",0.40425531914893614
main: BH vs NPNS,C1D,J1747-288,SVM,"{'C': 1.0, 'gamma': 0.1}",0.41080196399345337
main: BH vs NPNS,C1D,J1747-288,SVM,"{'C': 1.0, 'gamma': 0.585}",0.45171849427168576
main: BH vs NPNS,C1D,J1747-288,SVM,"{'C': 1.0, 'gamma': 3.0}",0.44189852700491
main: BH vs NPNS,C1D,J1747-288,SVM,"{'C': 10.0, 'gamma': 0.1}",0.38461538461538464
main: BH vs NPNS,C1D,J1747-288,SVM,"{'C': 10.0, 'gamma': 0.585}",0.4157119476268412
main: BH vs NPNS,C1D,J1747-288,SVM,"{'C': 10.0, 'gamma': 3.0}",0.44844517184942717
main: BH vs NPNS,C1D,J1750-312,SVM,"{'C': 0.1, 'gamma': 0.1}",0.4746317512274959
main: BH vs NPNS,C1D,J1750-312,SVM,"{'C': 0.1, 'gamma': 0.585}",0.5040916530278232
main: BH vs NPNS,C1D,J1750-312,SVM,"{'C': 0.1, 'gamma': 3.0}",0.469721767594108
main: BH vs NPNS,C1D,J1750-312,SVM,"{'C': 1.0, 'gamma': 0.1}",0.44844517184942717
main: BH vs NPNS,C1D,J1750-312,SVM,"{'C': 1.0, 'gamma': 0.585}",0.5057283142389526
main: BH vs NPNS,C1D,J1750-312,SVM,"{'C': 1.0, 'gamma': 3.0}",0.48117839607201307
main: BH vs NPNS,C1D,J1750-312,SVM,"{'C': 10.0, 'gamma': 0.1}",0.425531914893617
main: BH vs NPNS,C1D,J1750-312,SVM,"{'C': 10.0, 'gamma': 0.585}",0.48936170212765956
main: BH vs NPNS,C1D,J1750-312,SVM,"{'C': 10.0, 'gamma': 3.0}",0.4746317512274959
main: BH vs NPNS,C1D,J1750-370,SVM,"{'C': 0.1, 'gamma': 0.1}",0.4369885433715221
main: BH vs NPNS,C1D,J1750-370,SVM,"{'C': 0.1, 'gamma': 0.585}",0.4877250409165303
main: BH vs NPNS,C1D,J1750-370,SVM,"{'C': 0.1, 'gamma': 3.0}",0.4337152209492635
main: BH vs NPNS,C1D,J1750-370,SVM,"{'C': 1.0, 'gamma': 0.1}",0.4206219312602291
main: BH vs NPNS,C1D,J1750-370,SVM,"{'C': 1.0, 'gamma': 0.585}",0.4713584288052373
main: BH vs NPNS,C1D,J1750-370,SVM,"{'C': 1.0, 'gamma': 3.0}",0.44353518821603927
main: BH vs NPNS,C1D,J1750-370,SVM,"{'C': 10.0, 'gamma': 0.1}",0.41734860883797054
main: BH vs NPNS,C1D,J1750-370,SVM,"{'C': 10.0, 'gamma': 0.585}",0.44844517184942717
main: BH vs NPNS,C1D,J1750-370,SVM,"{'C': 10.0, 'gamma': 3.0}",0.46153846153846156
main: BH vs NPNS,C1D,J1804-343,SVM,"{'C': 0.1, 'gamma': 0.1}",0.5122749590834698
main: BH vs NPNS,C1D,J1804-343,SVM,"{'C': 0.1, 'gamma': 0.585}",0.49427168576104746
main: BH vs NPNS,C1D,J1804-343,SVM,"{'C': 0.1, 'gamma': 3.0}",0.469721767594108
main: BH vs NPNS,C1D,J1804-343,SVM,"{'C': 1.0, 'gamma': 0.1}",0.5073649754500819
main: BH vs NPNS,C1D,J1804-343,SVM,"{'C': 1.0, 'gamma': 0.585}",0.5040916530278232
main: BH vs NPNS,C1D,J1804-343,SVM,"{'C': 1.0, 'gamma': 3.0}",0.5040916530278232
main: BH vs NPNS,C1D,J1804-343,SVM,"{'C': 10.0, 'gamma': 0.1}",0.55810147299509
main: BH vs NPNS,C1D,J1804-343,SVM,"{'C': 10.0, 'gamma': 0.585}",0.486088379705401
main: BH vs NPNS,C1D,J1804-343,SVM,"{'C': 10.0, 'gamma': 3.0}",0.4746317512274959
main: BH vs NPNS,C1D,J1810-190,SVM,"{'C': 0.1, 'gamma': 0.1}",0.5319148936170213
main: BH vs NPNS,C1D,J1810-190,SVM,"{'C': 0.1, 'gamma': 0.585}",0.5057283142389526
main: BH vs NPNS,C1D,J1810-190,SVM,"{'C': 0.1, 'gamma': 3.0}",0.4877250409165303
main: BH vs NPNS,C1D,J1810-190,SVM,"{'C': 1.0, 'gamma': 0.1}",0.5237315875613748
main: BH vs NPNS,C1D,J1810-190,SVM,"{'C': 1.0, 'gamma': 0.585}",0.48117839607201307
main: BH vs NPNS,C1D,J1810-190,SVM,"{'C': 1.0, 'gamma': 3.0}",0.49427168576104746
main: BH vs NPNS,C1D,J1810-190,SVM,"{'C': 10.0, 'gamma': 0.1}",0.5499181669394435
main: BH vs NPNS,C1D,J1810-190,SVM,"{'C': 10.0, 'gamma': 0.585}",0.45662847790507366
main: BH vs NPNS,C1D,J1810-190,SVM,"{'C': 10.0, 'gamma': 3.0}",0.49263502454991814
main: BH vs NPNS,C1D,J1810-261,SVM,"{'C': 0.1, 'gamma': 0.1}",0.5090016366612111
main: BH vs NPNS,C1D,J1810-261,SVM,"{'C': 0.1, 'gamma': 0.585}",0.513911620294599
main: BH vs NPNS,C1D,J1810-261,SVM,"{'C': 0.1, 'gamma': 3.0}",0.46808510638297873
main: BH vs NPNS,C1D,J1810-261,SVM,"{'C': 1.0, 'gamma': 0.1}",0.5237315875613748
main: BH vs NPNS,C1D,J1810-261,SVM,"{'C': 1.0, 'gamma': 0.585}",0.5073649754500819
main: BH vs NPNS,C1D,J1810-261,SVM,"{'C': 1.0, 'gamma': 3.0}",0.502454991816694
main: BH vs NPNS,C1D,J1810-261,SVM,"{'C': 10.0, 'gamma': 0.1}",0.5646481178396072
main: BH vs NPNS,C1D,J1810-261,SVM,"{'C': 10.0, 'gamma': 0.585}",0.49263502454991814
main: BH vs NPNS,C1D,J1810-261,SVM,"{'C': 10.0, 'gamma': 3.0}",0.4762684124386252
main: BH vs NPNS,C1D,J1814-171,SVM,"{'C': 0.1, 'gamma': 0.1}",0.5204582651391162
main: BH vs NPNS,C1D,J1814-171,SVM,"{'C': 0.1, 'gamma': 0.585}",0.4533551554828151
main: BH vs NPNS,C1D,J1814-171,SVM,"{'C': 0.1, 'gamma': 3.0}",0.4402618657937807
main: BH vs NPNS,C1D,J1814-171,SVM,"{'C': 1.0, 'gamma': 0.1}",0.5155482815057283
main: BH vs NPNS,C1D,J1814-171,SVM,"{'C': 1.0, 'gamma': 0.585}",0.46808510638297873
main: BH vs NPNS,C1D,J1814-171,SVM,"{'C': 1.0, 'gamma': 3.0}",0.4909983633387889
main: BH vs NPNS,C1D,J1814-171,SVM,"{'C': 10.0, 'gamma': 0.1}",0.5515548281505729
main: BH vs NPNS,C1D,J1814-171,SVM,"{'C': 10.0, 'gamma': 0.585}",0.46153846153846156
main: BH vs NPNS,C1D,J1814-171,SVM,"{'C': 10.0, 'gamma': 3.0}",0.4828150572831424
main: BH vs NPNS,C1D,J1815-120,SVM,"{'C': 0.1, 'gamma': 0.1}",0.513911620294599
main: BH vs NPNS,C1D,J1815-120,SVM,"{'C': 0.1, 'gamma': 0.585}",0.4877250409165303
main: BH vs NPNS,C1D,J1815-120,SVM,"{'C': 0.1, 'gamma': 3.0}",0.4762684124386252
main: BH vs NPNS,C1D,J1815-120,SVM,"{'C': 1.0, 'gamma': 0.1}",0.5171849427168577
main: BH vs NPNS,C1D,J1815-120,SVM,"{'C': 1.0, 'gamma': 0.585}",0.5040916530278232
main: BH vs NPNS,C1D,J1815-120,SVM,"{'C': 1.0, 'gamma': 3.0}",0.5008183306055647
main: BH vs NPNS,C1D,J1815-120,SVM,"{'C': 10.0, 'gamma': 0.1}",0.5646481178396072
main: BH vs NPNS,C1D,J1815-120,SVM,"{'C': 10.0, 'gamma': 0.585}",0.49427168576104746
main: BH vs NPNS,C1D,J1815-120,SVM,"{'C': 10.0, 'gamma': 3.0}",0.4762684124386252
main: BH vs NPNS,C1D,J1816-140,SVM,"{'C': 0.1, 'gamma': 0.1}",0.4500818330605565
main: BH vs NPNS,C1D,J1816-140,SVM,"{'C': 0.1, 'gamma': 0.585}",0.44189852700491
main: BH vs NPNS,C1D,J1816-140,SVM,"{'C': 0.1, 'gamma': 3.0}",0.41080196399345337
main: BH vs NPNS,C1D,J1816-140,SVM,"{'C': 1.0, 'gamma': 0.1}",0.4238952536824877
main: BH vs NPNS,C1D,J1816-140,SVM,"{'C': 1.0, 'gamma': 0.585}",0.45662847790507366
main: BH vs NPNS,C1D,J1816-140,SVM,"{'C': 1.0, 'gamma': 3.0}",0.44189852700491
main: BH vs NPNS,C1D,J1816-140,SVM,"{'C': 10.0, 'gamma': 0.1}",0.40098199672667756
main: BH vs NPNS,C1D,J1816-140,SVM,"{'C': 10.0, 'gamma': 0.585}",0.4386252045826514
main: BH vs NPNS,C1D,J1816-140,SVM,"{'C': 10.0, 'gamma': 3.0}",0.4500818330605565
main: BH vs NPNS,C1D,J1819-254,SVM,"{'C': 0.1, 'gamma': 0.1}",0.4149305555555556
main: BH vs NPNS,C1D,J1819-254,SVM,"{'C': 0.1, 'gamma': 0.585}",0.453125
main: BH vs NPNS,C1D,J1819-254,SVM,"{'C': 0.1, 'gamma': 3.0}",0.3940972222222222
main: BH vs NPNS,C1D,J1819-254,SVM,"{'C': 1.0, 'gamma': 0.1}",0.4166666666666667
main: BH vs NPNS,C1D,J1819-254,SVM,"{'C': 1.0, 'gamma': 0.585}",0.4618055555555556
main: BH vs NPNS,C1D,J1819-254,SVM,"{'C': 1.0, 'gamma': 3.0}",0.4131944444444444
main: BH vs NPNS,C1D,J1819-254,SVM,"{'C': 10.0, 'gamma': 0.1}",0.421875
main: BH vs NPNS,C1D,J1819-254,SVM,"{'C': 10.0, 'gamma': 0.585}",0.4166666666666667
main: BH vs NPNS,C1D,J1819-254,SVM,"{'C': 10.0, 'gamma': 3.0}",0.4340277777777778
main: BH vs NPNS,C1D,J1820+071,SVM,"{'C': 0.1, 'gamma': 0.1}",0.53125
main: BH vs NPNS,C1D,J1820+071,SVM,"{'C': 0.1, 'gamma': 0.585}",0.5868055555555556
main: BH vs NPNS,C1D,J1820+071,SVM,"{'C': 0.1, 'gamma': 3.0}",0.4774305555555556
main: BH vs NPNS,C1D,J1820+071,SVM,"{'C': 1.0, 'gamma': 0.1}",0.5486111111111112
main: BH vs NPNS,C1D,J1820+071,SVM,"{'C': 1.0, 'gamma': 0.585}",0.4895833333333333
main: BH vs NPNS,C1D,J1820+071,SVM,"{'C': 1.0, 'gamma': 3.0}",0.4861111111111111
main: BH vs NPNS,C1D,J1820+071,SVM,"{'C': 10.0, 'gamma': 0.1}",0.5555555555555556
main: BH vs NPNS,C1D,J1820+071,SVM,"{'C': 10.0, 'gamma': 0.585}",0.4739583333333333
main: BH vs NPNS,C1D,J1820+071,SVM,"{'C': 10.0, 'gamma': 3.0}",0.4774305555555556
main: BH vs NPNS,C1D,J1823-303,SVM,"{'C': 0.1, 'gamma': 0.1}",0.5073649754500819
main: BH vs NPNS,C1D,J1823-303,SVM,"{'C': 0.1, 'gamma': 0.585}",0.46317512274959083
main: BH vs NPNS,C1D,J1823-303,SVM,"{'C': 0.1, 'gamma': 3.0}",0.43044189852700493
main: BH vs NPNS,C1D,J1823-303,SVM,"{'C': 1.0, 'gamma': 0.1}",0.486088379705401
main: BH vs NPNS,C1D,J1823-303,SVM,"{'C': 1.0, 'gamma': 0.585}",0.4844517184942717
main: BH vs NPNS,C1D,J1823-303,SVM,"{'C': 1.0, 'gamma': 3.0}",0.4909983633387889
main: BH vs NPNS,C1D,J1823-303,SVM,"{'C': 10.0, 'gamma': 0.1}",0.4828150572831424
main: BH vs NPNS,C1D,J1823-303,SVM,"{'C': 10.0, 'gamma': 0.585}",0.44680851063829785
main: BH vs NPNS,C1D,J1823-303,SVM,"{'C': 10.0, 'gamma': 3.0}",0.5008183306055647
main: BH vs NPNS,C1D,J1825-000,SVM,"{'C': 0.1, 'gamma': 0.1}",0.5319148936170213
main: BH vs NPNS,C1D,J1825-000,SVM,"{'C': 0.1, 'gamma': 0.585}",0.5155482815057283
main: BH vs NPNS,C1D,J1825-000,SVM,"{'C': 0.1, 'gamma': 3.0}",0.46481178396072015
main: BH vs NPNS,C1D,J1825-000,SVM,"{'C': 1.0, 'gamma': 0.1}",0.5253682487725041
main: BH vs NPNS,C1D,J1825-000,SVM,"{'C': 1.0, 'gamma': 0.585}",0.502454991816694
main: BH vs NPNS,C1D,J1825-000,SVM,"{'C': 1.0, 'gamma': 3.0}",0.5057283142389526
main: BH vs NPNS,C1D,J1825-000,SVM,"{'C': 10.0, 'gamma': 0.1}",0.5204582651391162
main: BH vs NPNS,C1D,J1825-000,SVM,"{'C': 10.0, 'gamma': 0.585}",0.46481178396072015
main: BH vs NPNS,C1D,J1825-000,SVM,"{'C': 10.0, 'gamma': 3.0}",0.5220949263502455
main: BH vs NPNS,C1D,J1828-106,SVM,"{'C': 0.1, 'gamma': 0.1}",0.546644844517185
main: BH vs NPNS,C1D,J1828-106,SVM,"{'C': 0.1, 'gamma': 0.585}",0.5270049099836334
main: BH vs NPNS,C1D,J1828-106,SVM,"{'C': 0.1, 'gamma': 3.0}",0.5057283142389526
main: BH vs NPNS,C1D,J1828-106,SVM,"{'C': 1.0, 'gamma': 0.1}",0.5319148936170213
main: BH vs NPNS,C1D,J1828-106,SVM,"{'C': 1.0, 'gamma': 0.585}",0.5204582651391162
main: BH vs NPNS,C1D,J1828-106,SVM,"{'C': 1.0, 'gamma': 3.0}",0.5220949263502455
main: BH vs NPNS,C1D,J1828-106,SVM,"{'C': 10.0, 'gamma': 0.1}",0.530278232405892
main: BH vs NPNS,C1D,J1828-106,SVM,"{'C': 10.0, 'gamma': 0.585}",0.5237315875613748
main: BH vs NPNS,C1D,J1828-106,SVM,"{'C': 10.0, 'gamma': 3.0}",0.5368248772504092
main: BH vs NPNS,C1D,J1829-237,SVM,"{'C': 0.1, 'gamma': 0.1}",0.5286415711947627
main: BH vs NPNS,C1D,J1829-237,SVM,"{'C': 0.1, 'gamma': 0.585}",0.48117839607201307
main: BH vs NPNS,C1D,J1829-237,SVM,"{'C': 0.1, 'gamma': 3.0}",0.486088379705401
main: BH vs NPNS,C1D,J1829-237,SVM,"{'C': 1.0, 'gamma': 0.1}",0.5008183306055647
main: BH vs NPNS,C1D,J1829-237,SVM,"{'C': 1.0, 'gamma': 0.585}",0.5073649754500819
main: BH vs NPNS,C1D,J1829-237,SVM,"{'C': 1.0, 'gamma': 3.0}",0.48117839607201307
main: BH vs NPNS,C1D,J1829-237,SVM,"{'C': 10.0, 'gamma': 0.1}",0.5106382978723404
main: BH vs NPNS,C1D,J1829-237,SVM,"{'C': 10.0, 'gamma': 0.585}",0.4959083469721768
main: BH vs NPNS,C1D,J1829-237,SVM,"{'C': 10.0, 'gamma': 3.0}",0.5090016366612111
main: BH vs NPNS,C1D,J1835-329,SVM,"{'C': 0.1, 'gamma': 0.1}",0.5188216039279869
main: BH vs NPNS,C1D,J1835-329,SVM,"{'C': 0.1, 'gamma': 0.585}",0.5106382978723404
main: BH vs NPNS,C1D,J1835-329,SVM,"{'C': 0.1, 'gamma': 3.0}",0.45990180032733224
main: BH vs NPNS,C1D,J1835-329,SVM,"{'C': 1.0, 'gamma': 0.1}",0.486088379705401
main: BH vs NPNS,C1D,J1835-329,SVM,"{'C': 1.0, 'gamma': 0.585}",0.486088379705401
main: BH vs NPNS,C1D,J1835-329,SVM,"{'C': 1.0, 'gamma': 3.0}",0.44680851063829785
main: BH vs NPNS,C1D,J1835-329,SVM,"{'C': 10.0, 'gamma': 0.1}",0.44844517184942717
main: BH vs NPNS,C1D,J1835-329,SVM,"{'C': 10.0, 'gamma': 0.585}",0.48936170212765956
main: BH vs NPNS,C1D,J1835-329,SVM,"{'C': 10.0, 'gamma': 3.0}",0.4386252045826514
main: BH vs NPNS,C1D,J1839+050,SVM,"{'C': 0.1, 'gamma': 0.1}",0.5155482815057283
main: BH vs NPNS,C1D,J1839+050,SVM,"{'C': 0.1, 'gamma': 0.585}",0.469721767594108
main: BH vs NPNS,C1D,J1839+050,SVM,"{'C': 0.1, 'gamma': 3.0}",0.4386252045826514
main: BH vs NPNS,C1D,J1839+050,SVM,"{'C': 1.0, 'gamma': 0.1}",0.4877250409165303
main: BH vs NPNS,C1D,J1839+050,SVM,"{'C': 1.0, 'gamma': 0.585}",0.4779050736497545
main: BH vs NPNS,C1D,J1839+050,SVM,"{'C': 1.0, 'gamma': 3.0}",0.45662847790507366
main: BH vs NPNS,C1D,J1839+050,SVM,"{'C': 10.0, 'gamma': 0.1}",0.4795417348608838
main: BH vs NPNS,C1D,J1839+050,SVM,"{'C': 10.0, 'gamma': 0.585}",0.4451718494271686
main: BH vs NPNS,C1D,J1839+050,SVM,"{'C': 10.0, 'gamma': 3.0}",0.4762684124386252
main: BH vs NPNS,C1D,J1853-087,SVM,"{'C': 0.1, 'gamma': 0.1}",0.5335515548281505
main: BH vs NPNS,C1D,J1853-087,SVM,"{'C': 0.1, 'gamma': 0.585}",0.5171849427168577
main: BH vs NPNS,C1D,J1853-087,SVM,"{'C': 0.1, 'gamma': 3.0}",0.46808510638297873
main: BH vs NPNS,C1D,J1853-087,SVM,"{'C': 1.0, 'gamma': 0.1}",0.5040916530278232
main: BH vs NPNS,C1D,J1853-087,SVM,"{'C': 1.0, 'gamma': 0.585}",0.49918166939443537
main: BH vs NPNS,C1D,J1853-087,SVM,"{'C': 1.0, 'gamma': 3.0}",0.46153846153846156
main: BH vs NPNS,C1D,J1853-087,SVM,"{'C': 10.0, 'gamma': 0.1}",0.4762684124386252
main: BH vs NPNS,C1D,J1853-087,SVM,"{'C': 10.0, 'gamma': 0.585}",0.49427168576104746
main: BH vs NPNS,C1D,J1853-087,SVM,"{'C': 10.0, 'gamma': 3.0}",0.4828150572831424
main: BH vs NPNS,C1D,J1911+049,SVM,"{'C': 0.1, 'gamma': 0.1}",0.5208333333333334
main: BH vs NPNS,C1D,J1911+049,SVM,"{'C': 0.1, 'gamma': 0.585}",0.4635416666666667
main: BH vs NPNS,C1D,J1911+049,SVM,"{'C': 0.1, 'gamma': 3.0}",0.4427083333333333
main: BH vs NPNS,C1D,J1911+049,SVM,"{'C': 1.0, 'gamma': 0.1}",0.5052083333333334
main: BH vs NPNS,C1D,J1911+049,SVM,"{'C': 1.0, 'gamma': 0.585}",0.4670138888888889
main: BH vs NPNS,C1D,J1911+049,SVM,"{'C': 1.0, 'gamma': 3.0}",0.4618055555555556
main: BH vs NPNS,C1D,J1911+049,SVM,"{'C': 10.0, 'gamma': 0.1}",0.4878472222222222
main: BH vs NPNS,C1D,J1911+049,SVM,"{'C': 10.0, 'gamma': 0.585}",0.4739583333333333
main: BH vs NPNS,C1D,J1911+049,SVM,"{'C': 10.0, 'gamma': 3.0}",0.484375
main: BH vs NPNS,C1D,J1915+109,SVM,"{'C': 0.1, 'gamma': 0.1}",0.5711805555555556
main: BH vs NPNS,C1D,J1915+109,SVM,"{'C': 0.1, 'gamma': 0.585}",0.5972222222222222
main: BH vs NPNS,C1D,J1915+109,SVM,"{'C': 0.1, 'gamma': 3.0}",0.5329861111111112
main: BH vs NPNS,C1D,J1915+109,SVM,"{'C': 1.0, 'gamma': 0.1}",0.578125
main: BH vs NPNS,C1D,J1915+109,SVM,"{'C': 1.0, 'gamma': 0.585}",0.578125
main: BH vs NPNS,C1D,J1915+109,SVM,"{'C': 1.0, 'gamma': 3.0}",0.5434027777777778
main: BH vs NPNS,C1D,J1915+109,SVM,"{'C': 10.0, 'gamma': 0.1}",0.6111111111111112
main: BH vs NPNS,C1D,J1915+109,SVM,"{'C': 10.0, 'gamma': 0.585}",0.5694444444444444
main: BH vs NPNS,C1D,J1915+109,SVM,"{'C': 10.0, 'gamma': 3.0}",0.5434027777777778
main: BH vs NPNS,C1D,J1918-052,SVM,"{'C': 0.1, 'gamma': 0.1}",0.5008183306055647
main: BH vs NPNS,C1D,J1918-052,SVM,"{'C': 0.1, 'gamma': 0.585}",0.4746317512274959
main: BH vs NPNS,C1D,J1918-052,SVM,"{'C': 0.1, 'gamma': 3.0}",0.486088379705401
main: BH vs NPNS,C1D,J1918-052,SVM,"{'C': 1.0, 'gamma': 0.1}",0.4713584288052373
main: BH vs NPNS,C1D,J1918-052,SVM,"{'C': 1.0, 'gamma': 0.585}",0.49263502454991814
main: BH vs NPNS,C1D,J1918-052,SVM,"{'C': 1.0, 'gamma': 3.0}",0.5106382978723404
main: BH vs NPNS,C1D,J1918-052,SVM,"{'C': 10.0, 'gamma': 0.1}",0.45171849427168576
main: BH vs NPNS,C1D,J1918-052,SVM,"{'C': 10.0, 'gamma': 0.585}",0.4779050736497545
main: BH vs NPNS,C1D,J1918-052,SVM,"{'C': 10.0, 'gamma': 3.0}",0.486088379705401
main: BH vs NPNS,C1D,J1958+352,SVM,"{'C': 0.1, 'gamma': 0.1}",0.5538194444444444
main: BH vs NPNS,C1D,J1958+352,SVM,"{'C': 0.1, 'gamma': 0.585}",0.609375
main: BH vs NPNS,C1D,J1958+352,SVM,"{'C': 0.1, 'gamma': 3.0}",0.5329861111111112
main: BH vs NPNS,C1D,J1958+352,SVM,"{'C': 1.0, 'gamma': 0.1}",0.5625
main: BH vs NPNS,C1D,J1958+352,SVM,"{'C': 1.0, 'gamma': 0.585}",0.625
main: BH vs NPNS,C1D,J1958+352,SVM,"{'C': 1.0, 'gamma': 3.0}",0.515625
main: BH vs NPNS,C1D,J1958+352,SVM,"{'C': 10.0, 'gamma': 0.1}",0.5885416666666666
main: BH vs NPNS,C1D,J1958+352,SVM,"{'C': 10.0, 'gamma': 0.585}",0.6180555555555556
main: BH vs NPNS,C1D,J1958+352,SVM,"{'C': 10.0, 'gamma': 3.0}",0.4947916666666667
main: BH vs NPNS,C1D,J2129+121,SVM,"{'C': 0.1, 'gamma': 0.1}",0.5335515548281505
main: BH vs NPNS,C1D,J2129+121,SVM,"{'C': 0.1, 'gamma': 0.585}",0.5122749590834698
main: BH vs NPNS,C1D,J2129+121,SVM,"{'C': 0.1, 'gamma': 3.0}",0.4762684124386252
main: BH vs NPNS,C1D,J2129+121,SVM,"{'C': 1.0, 'gamma': 0.1}",0.49754500818330605
main: BH vs NPNS,C1D,J2129+121,SVM,"{'C': 1.0, 'gamma': 0.585}",0.5008183306055647
main: BH vs NPNS,C1D,J2129+121,SVM,"{'C': 1.0, 'gamma': 3.0}",0.45662847790507366
main: BH vs NPNS,C1D,J2129+121,SVM,"{'C': 10.0, 'gamma': 0.1}",0.49918166939443537
main: BH vs NPNS,C1D,J2129+121,SVM,"{'C': 10.0, 'gamma': 0.585}",0.5073649754500819
main: BH vs NPNS,C1D,J2129+121,SVM,"{'C': 10.0, 'gamma': 3.0}",0.47299509001636664
main: BH vs NPNS,C1D,J2144+383,SVM,"{'C': 0.1, 'gamma': 0.1}",0.4402618657937807
main: BH vs NPNS,C1D,J2144+383,SVM,"{'C': 0.1, 'gamma': 0.585}",0.4386252045826514
main: BH vs NPNS,C1D,J2144+383,SVM,"{'C': 0.1, 'gamma': 3.0}",0.4288052373158756
main: BH vs NPNS,C1D,J2144+383,SVM,"{'C': 1.0, 'gamma': 0.1}",0.41898527004909986
main: BH vs NPNS,C1D,J2144+383,SVM,"{'C': 1.0, 'gamma': 0.585}",0.45990180032733224
main: BH vs NPNS,C1D,J2144+383,SVM,"{'C': 1.0, 'gamma': 3.0}",0.41734860883797054
main: BH vs NPNS,C1D,J2144+383,SVM,"{'C': 10.0, 'gamma': 0.1}",0.4238952536824877
main: BH vs NPNS,C1D,J2144+383,SVM,"{'C': 10.0, 'gamma': 0.585}",0.46317512274959083
main: BH vs NPNS,C1D,J2144+383,SVM,"{'C': 10.0, 'gamma': 3.0}",0.4238952536824877
