obsid,source,label,time_bin,rank_in_bin,mjd,exposure_cat,url,bytes,file_bytes,stop,rows_read,n_events,n_bursts,n_seg,n_seg_burst_removed,good_time_s,rate_2_10,mean_n_mpu,cA,cB,cC,c1,c2,T1_var,T1_se,T1,T2_var,T2_se,T2,T3_var,T3_se,T3,STATE_var,STATE_se,STATE,WHITE_var,WHITE_se,WHITE,rms_nuc_band,nu_c,lb0,lb1,lb2,lb3,lb4,lb5,lb6,lb7,lb8,lb9,lb10,lb11,lb12,state,status
0100320102,Cyg X-1,BH,0,0,57936.5289,1567.0,https://nasa-heasarc.s3.amazonaws.com/nicer/data/obs/2017_07/0100320102/xti/event_cl/ni0100320102_0mpu7_cl.evt.gz,300000000,436245439,target segments,13767761,13767761,0,6,0,822.9927172213793,4086.6302083333335,7.0,2601001.0,420861.0,116670.0,0.16180731956658226,0.27721741857763016,0.0044355444335764296,0.0004285900735500182,0.06659988313485565,0.015321664522894959,0.0010700489214360222,0.12378071143314276,0.02444388701227473,0.0007134535290021809,0.1563454093098826,0.048232254076573944,0.0015486792942286753,0.2196184283628629,0.0006340614876316118,0.00020501738478902095,0.025180577587331308,0.24499005678550564,1.1151847888018855,0.002758449465341197,0.0010521278216472122,0.0019920736932654945,0.0017947726518212687,0.0026253476783159157,0.00434557337309294,0.007776000535023589,0.013297549676425628,0.011317650539154072,0.006890651636094553,0.003862441075130735,0.0016890942583272963,0.0006183955201253688,hard-like,ok
2636010102,Cyg X-1,BH,1,0,58800.43889,13039.0,https://nasa-heasarc.s3.amazonaws.com/nicer/data/obs/2019_11/2636010102/xti/event_cl/ni2636010102_0mpu7_cl.evt.gz,300000000,5608436013,cap,13958431,13958431,0,3,0,616.4242337942123,4001.5885416666665,7.0,1419060.0,99081.0,18469.0,0.06982157202655279,0.1864030439741222,0.001956623490111309,0.00033680403752235546,0.044233737012729424,0.004684021383196456,0.0002223048285577772,0.06843991074801645,0.002550001256187661,0.00021641429985661445,0.05049753712992012,0.008251866166880001,0.00036917373933601346,0.0908397829526249,-0.0003574485258332561,0.00023365650186512468,-0.01890630915417539,0.10503347573624364,0.5444290879108319,0.00019462989105578613,0.00048283679296399655,0.000752157386200025,0.0012823748580218786,0.0010992519416466613,0.0015872060203221692,0.001419160746569541,0.0014912995444492237,0.0010763588393219294,0.0008024167383469027,0.000608168826186228,0.000310098918410022,-7.392947825828022e-05,intermediate,ok
4690020110,Cyg X-1,BH,2,0,59684.38472,2440.0,https://nasa-heasarc.s3.amazonaws.com/nicer/data/obs/2022_04/4690020110/xti/event_cl/ni4690020110_0mpu7_cl.evt.gz,50331648,126759555,target segments,2220149,2220149,0,8,0,1039.699048101902,709.67578125,7.0,541325.0,138378.0,47005.0,0.25562831940146863,0.3396854991400367,0.015683239959033778,0.0013949690184988487,0.12523274315862357,0.048039177809076794,0.0023823999694686806,0.21917841547259345,0.02365280110424272,0.0009381984105350593,0.1537946718980951,0.0807996020834435,0.0029328501114325545,0.2842527081373958,0.0004577921954960415,0.0007155355998376085,0.021396078974803806,0.3236993459866582,0.6032194368047268,0.0014812764375918502,0.003013233304009881,0.00507301624850169,0.010156800760742555,0.014544262884168208,0.01599214557717336,0.014787152570772063,0.01355057880285217,0.01025802872413336,0.007439080205174899,0.0044085380839157355,0.0027045836440141736,0.0013725693491403238,hard-like,ok
5100320107,Cyg X-1,BH,3,0,59720.00046,2987.0,https://nasa-heasarc.s3.amazonaws.com/nicer/data/obs/2022_05/5100320107/xti/event_cl/ni5100320107_0mpu7_cl.evt.gz,67108864,181846723,target segments,3013244,3013244,0,7,0,1102.8906730413437,872.2901785714286,7.0,584496.0,147716.0,49360.0,0.25272371410582795,0.33415472934550083,0.009692231336827176,0.0007153104167516071,0.09844913070630526,0.041461177651977967,0.0027492669443606125,0.20362017987414205,0.024555471855610196,0.0011363262902941438,0.15670185657997227,0.07503746608067376,0.0031925080606220223,0.27392967360378057,0.0001524635622787301,0.0012560597855235667,0.012347613626880706,0.30251918723077886,0.7354421743531827,0.0008729945533729203,0.002250841392063083,0.0027676824631568805,0.006963375343211573,0.011721266587244912,0.013959349491262702,0.013331605230013891,0.014488505878700098,0.010226254458762189,0.0073204943465829285,0.004410117138066537,0.0027327026433066883,0.00047266911702665827,hard-like,ok
5100320118,Cyg X-1,BH,4,0,59760.02384,2587.0,https://nasa-heasarc.s3.amazonaws.com/nicer/data/obs/2022_06/5100320118/xti/event_cl/ni5100320118_0mpu7_cl.evt.gz,134217728,344692299,target segments,6062099,6062099,0,6,0,980.4545038044453,1446.8020833333333,7.0,879043.0,177591.0,54510.0,0.20202765962529706,0.3069412301299052,0.0072009239508485775,0.0014766637579604405,0.08485825800031825,0.04729778947839736,0.0015441255828103192,0.21748054965535968,0.031161596613455585,0.0005803842314648911,0.17652647567278848,0.09223337996765761,0.002276813146589288,0.3036994895742461,0.0012058218830489965,0.0008962657504177013,0.034724946120174134,0.3281443640368242,1.0211701827875068,0.0007330074806284261,0.0016181426580647294,0.002314143153953043,0.005368247969624766,0.007756576901894703,0.017247482497250707,0.020046114361830562,0.014883642641149141,0.016425959858933872,0.011598501722421542,0.0052438441768017634,0.0024603244479695034,0.001982735778609031,hard-like,ok
5100320126,Cyg X-1,BH,5,0,59772.14005,3253.0,https://nasa-heasarc.s3.amazonaws.com/nicer/data/obs/2022_07/5100320126/xti/event_cl/ni5100320126_0mpu7_cl.evt.gz,300000000,1242858237,cap,13949590,13949590,0,4,0,635.3008033633232,4084.73046875,7.0,1869428.0,181001.0,40953.0,0.09682159462680563,0.22625841846177647,0.0009623953640701733,0.00024744055515439986,0.031022497708440133,0.0026068933370960593,0.0002645859957811426,0.05105774512349776,0.004613693363110025,0.0002725127126553083,0.06792417362846621,0.011324028012290413,0.0006919904427915702,0.10641441637433535,0.00043241352576567984,0.0002034534175533752,0.02079455519518703,0.1223545388930816,1.6516150695133727,0.0008082876016979161,0.0004543731215693303,0.0001862726215703805,0.0004891257076559574,0.0006264098368032538,0.0008152835273241302,0.0009915039167378544,0.0014190965957227085,0.0032009167368926414,0.0035148542551468108,0.0013250371908689548,0.0007780911002231194,0.0003613809755255581,hard-like,ok
5607010303,Cyg X-1,BH,6,0,59866.0794,4507.53922408819,https://nasa-heasarc.s3.amazonaws.com/nicer/data/obs/2022_10/5607010303/xti/event_cl/ni5607010303_0mpu7_cl.evt.gz,67108864,249645313,target segments,3012345,3012345,0,6,0,815.6351630687714,900.9361979166666,7.0,535731.0,118277.0,37911.0,0.22077684509576634,0.3205272369099656,0.006324427227102409,0.0009379047036971893,0.07952626752905237,0.04502030481552638,0.0022888558333387637,0.21217988786764494,0.028628567782582378,0.0007616442154420974,0.1691997865914209,0.08458530114515932,0.0024004245767325397,0.29083552249537764,-0.00013759349414927042,0.001185955028776178,-0.011730025326028517,0.313577140640411,0.908577686412469,0.0008350073097354081,0.001825502900873527,0.001970541368345303,0.004785681697886874,0.010563565414693051,0.017418900017266467,0.014592954854055474,0.0140194283215095,0.014796725250580975,0.009119280134920832,0.004432204033542505,0.0020373317483352816,0.001933500080470882,hard-like,ok
7706010110,Cyg X-1,BH,7,0,60500.1412,4929.23427313566,https://nasa-heasarc.s3.amazonaws.com/nicer/data/obs/2024_07/7706010110/xti/event_cl/ni7706010110_0mpu7_cl.evt.gz,33554432,106045587,target segments,1492271,1492271,0,11,0,1591.9959207177162,316.73721590909093,5.090909090909091,331350.0,85811.0,28805.0,0.25897389467330617,0.3356795748796774,0.012847118984213935,0.0011624934331108847,0.11334513215932096,0.046808216280642884,0.0017205841025426253,0.2163520655797926,0.022935670499465086,0.0011923604828454365,0.1514452722915611,0.07834353614631598,0.002414517098627757,0.2798991535291166,0.002337262324388902,0.0022833829219169773,0.048345240969395346,0.31365799103260683,0.625363064478193,0.0009629276795348862,0.0018463683887399468,0.005518772634911843,0.009553101141677874,0.015115267534666963,0.01229398260120754,0.015261647193906262,0.013667861075202178,0.009334005194009301,0.0068740642986726665,0.004067600890810082,0.001711094184179706,0.002174642521091617,hard-like,ok
1100070102,LMC X-1,BH,0,0,58423.23432,3326.0,https://nasa-heasarc.s3.amazonaws.com/nicer/data/obs/2018_11/1100070102/xti/event_cl/ni1100070102_0mpu7_cl.evt.gz,16777216,18037933,target segments,719649,719649,0,22,0,3091.903901219368,74.73828125,7.0,185000.0,21737.0,3726.0,0.1174972972972973,0.1714127984542485,0.00020307002096368786,0.00015092802298372895,0.014250263891019277,0.001603054477722422,0.0005857540545348533,0.04003816276657087,0.0009400040043335352,0.0008519105727431508,0.03065948473692171,0.004208887593363707,0.0017952126371625992,0.06487594001911423,-0.0015186158987593853,0.005966447385531291,-0.03896942261259955,0.11212672293754593,10.29255780785332,-1.194901305591182e-05,2.2602587506333305e-05,-8.456160177997402e-05,0.0006858660331023569,0.00022730543498149456,0.0002643720325241591,0.0006458492433644405,-9.344909154970246e-05,0.0010781438648705373,0.0018510555623520212,0.0008777188367498658,0.0016796616720441168,0.005429786435603451,soft-like,ok
5100070101,LMC X-1,BH,1,0,59871.79213,2413.0,https://nasa-heasarc.s3.amazonaws.com/nicer/data/obs/2022_10/5100070101/xti/event_cl/ni5100070101_0mpu7_cl.evt.gz,10745938,10745938,eof,462299,462299,0,16,0,2412.86301279068,61.38232421875,7.0,109181.0,14075.0,2455.0,0.12891437154816315,0.1744227353463588,0.004297920644867392,0.0010019266810279682,0.06555852839156316,0.005243832847770702,0.0010772834228584467,0.07241431383207814,0.002460345734343808,0.0012724875774046166,0.049601872286676923,0.008092521456527552,0.0026694476886832837,0.0899584429418804,-0.002019788613309698,0.004961740692936903,-0.04494205840089768,0.042239506606234045,,0.0022852823196199542,0.001515848803102882,0.0015823152728221363,0.0017482573289939157,0.0021475604050838633,0.0010347514150766744,0.001524862099446502,0.0005024347827318473,0.001946069119724083,0.001746865456257417,-0.002003048573195544,-0.005276928581876064,-0.006970093929449579,intermediate,ok
5100070103,LMC X-1,BH,2,0,59873.0125,3240.0,https://nasa-heasarc.s3.amazonaws.com/nicer/data/obs/2022_10/5100070103/xti/event_cl/ni5100070103_0mpu7_cl.evt.gz,16160782,16160782,eof,696163,696163,0,20,0,3239.560628116131,66.826171875,7.0,149785.0,18349.0,2941.0,0.12250225322962914,0.1602812142351082,0.005439350439687694,0.0015070460996389743,0.07375195210764048,0.004201992719780908,0.0010870731641695992,0.06482277932780195,0.0010775954483322556,0.0013350964082024068,0.03282674897598383,0.0076378598111645065,0.002336327255913312,0.08739485002655767,-0.002838954618249444,0.00531716735036556,-0.05328184135565741,0.069072755898825,0.2134965034500678,0.0016246287478070796,0.0027212999513379307,0.0014746838595382852,0.0014733295281321283,0.0016594963942106221,0.0011732700847177755,0.0011318799503385348,0.0010354689241111215,4.9509915414460275e-05,0.00019205977854894692,0.002583332122321405,-0.0043020143315218055,-0.006045899317497821,intermediate,ok
5100070105,LMC X-1,BH,3,0,59875.01376,3946.0,https://nasa-heasarc.s3.amazonaws.com/nicer/data/obs/2022_10/5100070105/xti/event_cl/ni5100070105_0mpu7_cl.evt.gz,16777216,21345150,target segments,725824,725824,0,18,0,3065.575058043003,76.45833333333333,7.0,154325.0,18469.0,3366.0,0.11967600842378098,0.18225134008338298,0.002140934977786724,0.0006470413734102165,0.0462702385749925,0.0027329267735783026,0.000855934907449472,0.05227740213111496,0.0003171927725724713,0.001170492264218024,0.017809906585169708,0.0031114382468509063,0.0018215473608990248,0.055780267540151744,0.0002653155817960797,0.006179011066245186,0.016288510729838983,0.05415159662392893,0.06853684511283707,0.0035083291086589583,0.0008526188964220682,0.0007861792761974519,0.0009064368861655308,0.0008492144338220579,0.0007150384821108837,0.0008554824813808327,-0.00018613007387157477,0.0004122141417102476,0.0004474370207162436,-0.0028983148281616846,-0.0007621837713167309,-0.002553926636913573,soft-like,ok
5100070106,LMC X-1,BH,4,0,59876.36971,2110.0,https://nasa-heasarc.s3.amazonaws.com/nicer/data/obs/2022_10/5100070106/xti/event_cl/ni5100070106_0mpu7_cl.evt.gz,11305267,11305267,eof,489510,489510,0,14,0,2109.8860009908676,73.109375,7.0,115953.0,13268.0,1791.0,0.11442567247074245,0.13498643352426892,0.0026459149873339495,0.001160035153460335,0.05143845825191449,0.002584644315583768,0.0008296317567517474,0.05083939727793562,0.0005783700269816698,0.0011541576016159604,0.02404932487579786,-0.00016930385895359677,0.0023248238682991953,-0.01301168163434676,-0.011399841650090416,0.007428210070360236,-0.10677004097634513,0.0,,0.0013984774759490857,0.0012918587019072503,0.0008823078543795325,0.000631017193824905,0.0009418757527509388,0.00066294359828524,0.0008156073968996855,-0.00011067058456504395,0.0006939894164168787,-0.0013440694874344013,-0.0033080294842550437,-0.0005954711519420073,-0.006878152274078561,soft-like,ok
5100070107,LMC X-1,BH,5,0,59877.20816,2576.0,https://nasa-heasarc.s3.amazonaws.com/nicer/data/obs/2022_10/5100070107/xti/event_cl/ni5100070107_0mpu7_cl.evt.gz,13673311,13673311,eof,591599,591599,0,14,0,2575.655001938343,72.03962053571429,7.0,114374.0,12997.0,1724.0,0.11363596621609806,0.13264599522966838,0.0014609262346457525,0.0004958611264685047,0.03822206476167598,0.001820381354595835,0.0006391093360382511,0.042665927326097516,0.001303795266033121,0.0011816908247730522,0.036108105267835935,0.0009443143073706039,0.0030331061429785407,0.03072969748257545,-0.0123180382864938,0.007200779640107906,-0.11098665814634569,0.0,,0.000774335770004489,0.0007798024444356917,0.000493149743820651,0.0003281632741962906,0.0005625678907075275,0.001271858778733998,-0.00013629396105667628,0.0005928478365204836,0.0006930068479167415,-0.0022448145047745645,-0.0002534590388081503,-0.00016976872557544585,-0.005574606446558173,soft-like,ok
5100070108,LMC X-1,BH,6,0,59878.2419,2791.0,https://nasa-heasarc.s3.amazonaws.com/nicer/data/obs/2022_10/5100070108/xti/event_cl/ni5100070108_0mpu7_cl.evt.gz,14619458,14619458,eof,631780,631780,0,20,0,2790.150291979313,71.186328125,7.0,160872.0,18654.0,2711.0,0.115955542294495,0.1453307601586791,0.00190659126658844,0.00038459619357040863,0.04366453099013477,0.0023831804789421146,0.0006904469927604729,0.04881782951895869,-0.001125468659770433,0.0008335190156761505,-0.03354800530240856,5.672048452129982e-05,0.002123914652035941,0.007531300320748059,0.0013174542060393618,0.006829197077637348,0.03629675200399289,0.0,,0.0011803221401887561,0.000665676570240703,0.00078925753046641,0.0006312749007987281,0.0009261898447440251,0.0004021239154424813,0.0008595041302122647,-0.000832637786524986,-0.0002770860196195042,-0.003013268569046333,0.001551753638381968,0.0010496840454809566,-0.0058090010414767095,soft-like,ok
5100070110,LMC X-1,BH,7,0,59880.03941,1120.0,https://nasa-heasarc.s3.amazonaws.com/nicer/data/obs/2022_10/5100070110/xti/event_cl/ni5100070110_0mpu7_cl.evt.gz,5530017,5530017,eof,234931,234931,0,7,0,1119.9369269609451,66.21763392857143,7.0,51733.0,6527.0,1071.0,0.12616705004542556,0.16408763597364792,0.0038795817533628586,0.0007293110051560782,0.06228628864656216,0.0035654310419003356,0.0011400780244139807,0.05971123045039631,0.003942717408570708,0.0015879162415606664,0.06279106153403291,0.004454953647365806,0.0026364655119246517,0.06674543915029556,0.0027742025282220385,0.011374641321765244,0.05267069895323242,0.014626174027402484,,0.001750641351441804,0.0014814350556511115,0.0008314705540046621,0.0018172051665255738,0.0008261359518389039,0.0009016559239609195,0.0015541849735592355,0.0014200971164010081,0.002555545461892488,-0.0030925247361698114,-0.00804521660759738,-0.0030039198213525587,0.0012172145765239064,soft-like,ok
1101010119,LMC X-3,BH,0,0,58265.86964,1639.47890621424,https://nasa-heasarc.s3.amazonaws.com/nicer/data/obs/2018_05/1101010119/xti/event_cl/ni1101010119_0mpu7_cl.evt.gz,14402757,14402757,eof,631761,631761,0,12,0,1639.9858078062534,64.71614583333333,7.0,87064.0,10992.0,1348.0,0.12625195258660296,0.12263464337700146,-0.0001795044237946004,0.00024528785272988845,-0.013397926100505272,0.00035440123093584,0.001171863501643333,0.01882554729445707,-0.0007132092257801724,0.0010939784839574208,-0.026705977341789467,-0.0017213769915197684,0.0030339615592446167,-0.04148948049228585,0.00538597117844158,0.009645970540831694,0.07338917616679982,0.09752675892309216,16.314989482744203,9.12191215800731e-05,-8.42375123967408e-05,-0.0001769209665382445,0.00016439987103893116,-0.00029554439901832214,-3.933014841418087e-05,0.000642956532474723,-0.0016759749569332507,0.0009263391611481524,-0.002308907723074015,0.003784568899820841,0.003035750130951232,0.005447150695403739,soft-like,ok
1101010136,LMC X-3,BH,1,0,58532.17014,16943.706597209,https://nasa-heasarc.s3.amazonaws.com/nicer/data/obs/2019_02/1101010136/xti/event_cl/ni1101010136_0mpu7_cl.evt.gz,16777216,271873530,target segments,741810,741810,0,13,0,1905.3281928896904,64.93569711538461,7.0,93509.0,12162.0,2382.0,0.13006234693986676,0.19585594474592993,-9.51131935046818e-05,0.00024751230648549353,-0.00975259932042129,-0.0010469216366595692,0.0006551105499086624,-0.032356168448374245,-0.0015639995469222724,0.0016189031768069505,-0.039547434138288574,-0.0033413250741155484,0.002827124836276077,-0.05780419599056411,0.011656382052261003,0.009182020558197605,0.1079647259629783,0.07712017486599143,22.190670286752393,-3.678149562079199e-05,-0.00015735482876051124,0.00020775200772193115,0.00015088488783647873,-0.0004945063070075612,-0.00011458290997910629,-0.0007126161155126344,-0.0009447564639279441,-0.0006408546474571761,0.00030165129719383655,-0.0001248931495635001,0.005091386177477448,0.003422192918960626,soft-like,ok
2101010106,LMC X-3,BH,2,0,58678.13981,1503.0,https://nasa-heasarc.s3.amazonaws.com/nicer/data/obs/2019_07/2101010106/xti/event_cl/ni2101010106_0mpu7_cl.evt.gz,16814736,16814736,eof,748457,748457,0,4,0,1502.4581989347935,94.212890625,7.0,41369.0,5981.0,887.0,0.14457685706688583,0.14830295937134258,0.00035133910266051013,0.0005650458543508502,0.018744041790940132,0.002034838596705913,0.0020740585659914964,0.04510918528089277,-0.0005510641046706728,0.004001834578885974,-0.023474754624291026,-0.005272864482966031,0.005910299516559025,-0.07261449223788617,0.011169637801010164,0.020986959210017597,0.1056865071852134,0.0,,3.417586896481653e-05,-6.850414957753568e-05,0.00040349291556906846,0.00011537792298036139,0.000108037353864525,-0.0008916109325100859,0.0027947540271425608,-0.0003126975198665965,-0.0003137360229065468,-0.0053319272765710605,-0.009394134788911735,0.0006683392586528154,-0.0002134244983167935,soft-like,ok
3609010301,LMC X-3,BH,3,0,58984.41801,3607.0,https://nasa-heasarc.s3.amazonaws.com/nicer/data/obs/2020_05/3609010301/xti/event_cl/ni3609010301_0mpu7_cl.evt.gz,16777216,34052327,target segments,735646,735646,0,6,0,1776.7391699552536,72.48307291666667,7.0,48251.0,6576.0,840.0,0.13628733083252162,0.12773722627737227,-0.00023512460438454178,0.00017342037956385702,-0.01533377332506718,-0.0013945503274286036,0.0011099501939870423,-0.03734367854709286,-0.0017448486686440243,0.0016121057839405199,-0.0417713857639895,-0.003525054262830816,0.004196328199126905,-0.0593721674089031,0.00993175607932008,0.013261045568073877,0.09965819624757453,0.0,,-0.00014033883349189263,-3.4617983700043816e-05,4.9695628663425304e-05,-0.00015375116404960716,-0.0007078297290197446,-0.00027917864376696166,-0.0004922730038878027,-0.001137850789286716,-0.0006187179154097187,-0.0004528414336884267,0.0012930766826595745,0.0019046004649002633,-0.005168197551478513,soft-like,ok
5101010101,LMC X-3,BH,4,0,59900.22186,5360.0,https://nasa-heasarc.s3.amazonaws.com/nicer/data/obs/2022_11/5101010101/xti/event_cl/ni5101010101_0mpu7_cl.evt.gz,16777216,48620482,target segments,737992,737992,0,13,0,1811.9794554710388,69.77283653846153,7.0,99274.0,13776.0,3052.0,0.13876745169933719,0.22154471544715448,-9.385608122608768e-05,0.00017594934236165387,-0.009687934827716776,-0.0005310926810203231,0.0009487026966477879,-0.023045448162713675,-0.001084466430830234,0.0007936740635230166,-0.032931237918278046,-0.004786555487116156,0.002122087798485573,-0.069184936851284,0.013381544517662328,0.010384688156532504,0.11567862601908067,0.0,,0.00010824265378629417,4.6307680876339416e-05,2.1032995704144967e-05,-0.00019404266301934468,0.00024079356456055024,-0.00015600680565970246,-0.000499077798662114,-0.0020669715345811575,0.0008985493677046387,-0.001814092692314857,0.0013803365655054212,0.0010589684408077056,-0.0005164016086145724,soft-like,ok
6101010109,LMC X-3,BH,5,0,60083.60741,2981.0,https://nasa-heasarc.s3.amazonaws.com/nicer/data/obs/2023_05/6101010109/xti/event_cl/ni6101010109_0mpu7_cl.evt.gz,16777216,35103058,target segments,744814,744814,0,10,0,1434.6928043961525,98.40078125,7.0,106726.0,16631.0,2596.0,0.1558289451492607,0.1560940412482713,0.000370665287174686,0.0002761226023219125,0.01925266961163272,-0.0008006433350829762,0.00040666781135153065,-0.028295641626988707,-0.0010088239995532037,0.000685644025982088,-0.03176198985506424,-0.0007786461903834327,0.0021581479100033158,-0.027904232481532846,-0.0011688267316229308,0.006544981337610718,-0.03418810804392268,0.04033087256665626,,-9.901214527478624e-06,-7.840463558570458e-05,0.00019803942488896378,0.00023063072673754846,-0.00010449976693433593,-0.0003118950429278048,-0.00033801583044442963,-0.00033286265690502854,-0.000701794266290703,-0.0006359657173195598,0.0014295660480373599,0.0003287555373112552,0.0019529266759477839,soft-like,ok
7101010102,LMC X-3,BH,6,1,60412.70741,1525.0,https://nasa-heasarc.s3.amazonaws.com/nicer/data/obs/2024_04/7101010102/xti/event_cl/ni7101010102_0mpu7_cl.evt.gz,8464329,8464329,eof,377267,377267,0,9,0,1524.9465792775154,35.15625,7.0,33645.0,5067.0,1788.0,0.15060187249219795,0.35287152161042035,0.00038539804000418764,0.0007737244131152947,0.0196315572485778,0.004663366649912435,0.0015078483388393945,0.06828884718541114,0.0013635247161222974,0.0028926741585148523,0.03692593554836895,0.01625367545747671,0.005542713046350067,0.12748990335503715,0.023728115228454902,0.015346025797027861,0.15403933013504992,0.20370490240166025,11.7171290643337,0.00021222387253271336,4.716288490101594e-05,0.00025340718765157964,0.00015426800692076078,0.0018487566541598428,0.0011787869239226966,0.0015404622416373974,-0.0009390084461426089,0.0023284539529882346,0.00883823427625762,-0.0011094382095229187,0.009786417062142769,0.01735596085502082,hard-like,ok
8101010101,LMC X-3,BH,7,0,60772.35926,3002.0,https://nasa-heasarc.s3.amazonaws.com/nicer/data/obs/2025_04/8101010101/xti/event_cl/ni8101010101_0mpu7_cl.evt.gz,16777216,60821512,target segments,759782,759782,0,7,0,1449.559986770153,101.43526785714286,7.0,76712.0,12398.0,1776.0,0.16161747836062154,0.14324891111469593,-0.00020369991520215625,0.00015449543460944372,-0.014272347921843702,0.0008857826804719956,0.0005187392855107179,0.029762101412232227,-0.0006949544144069617,0.0007184134266665015,-0.026361988058698486,0.0018030496173194123,0.0021903052547250323,0.042462331746141925,-0.008874829322203652,0.009163783126158532,-0.09420631253904195,0.055257939998745564,5.383475293127792,1.3944265866023766e-07,3.304574854297121e-06,-5.469897648172547e-05,-0.00024206932128653509,0.00019812144966100515,0.00028838672105538154,0.0005745249023076254,0.000634281218170571,-0.001414722217417742,-0.0003657037369287992,0.0030562025868099488,0.0008534938851082936,-0.00047782059560601606,soft-like,ok
1200300109,SAX J1819.3-2525,BH,0,0,58358.38758,1130.0,https://nasa-heasarc.s3.amazonaws.com/nicer/data/obs/2018_08/1200300109/xti/event_cl/ni1200300109_0mpu7_cl.evt.gz,3302481,3302481,eof,137220,137220,0,8,0,1129.9465762376785,40.826171875,7.0,32767.0,6938.0,2101.0,0.21173741874446853,0.3028250216200634,0.000332217160253876,0.00048804651671084627,0.01822682529278964,-0.0007952461805233726,0.0013811990569635698,-0.028200109583534822,0.0024218834628738192,0.003883287942679813,0.049212635195382694,0.006507016956572589,0.005346625797204162,0.08066608306204405,-0.018662127049267802,0.04054298263264361,-0.1366093959040439,0.09327644818261165,10.99052071031513,-0.0001845911086874629,0.0007529328654470733,-0.00043796473622806923,-0.000397162899658001,-0.0008453061686836885,0.000716305079539695,-0.00030365123402027126,0.0013749086239474178,0.001098792912260166,0.0032720398166863544,0.0040478837258035305,-0.009934895882504681,0.009541204791661375,intermediate,ok
2200300109,SAX J1819.3-2525,BH,1,2,58896.11852,1509.0,https://nasa-heasarc.s3.amazonaws.com/nicer/data/obs/2020_02/2200300109/xti/event_cl/ni2200300109_0mpu7_cl.evt.gz,6148224,6148224,eof,260117,260117,0,10,0,1508.8810672163963,60.0203125,6.9,61277.0,13561.0,2817.0,0.22130652610277918,0.20772804365459774,7.346453246895947e-05,0.00039665993147644377,0.008571145341724143,0.00010099586681583027,0.0006942110987646789,0.010049669985418938,0.0007037668270860406,0.002649086868374809,0.02652860394152019,0.0032961918079869525,0.00426970809233052,0.057412470840288284,0.0078018059432812354,0.008943581033166243,0.08832783221205667,0.06090868598773919,4.543517805719874,0.0003101563530675933,0.0002248024847899975,-0.00017115234269654377,0.00014867350008196557,-0.0002441574677923898,0.0004133317575381037,-0.00014756779935825893,0.000194408506846054,0.0004598885869619023,0.002095934252598726,0.0005517205563721664,0.002608285593248715,-0.0027344559529050155,soft-like,ok
3200300116,SAX J1819.3-2525,BH,2,0,58943.85279,1531.0,https://nasa-heasarc.s3.amazonaws.com/nicer/data/obs/2020_04/3200300116/xti/event_cl/ni3200300116_0mpu7_cl.evt.gz,5327564,5327564,eof,222534,222534,0,8,0,1530.2929442226887,24.544921875,7.0,19799.0,4382.0,953.0,0.22132430930855093,0.21748060246462803,0.00017127919714015656,0.0005259007721556048,0.013087367846139137,-0.0013816498517216788,0.002042847859626225,-0.037170550866535174,-0.0045651479508915516,0.005136431686069315,-0.06756587859927192,-0.0023454580793024634,0.010500930884897067,-0.04842992958184498,-0.0015393793364911496,0.027630762369741324,-0.03923492495839835,0.14520386445543068,26.477999969242283,0.00031602472788771346,0.00016509757946950497,-0.00017772537974600455,-0.00035123780450039757,-0.0005997124470340291,0.0004780621828695689,-0.0008882090495703549,-0.0034758250673100114,-0.0009259686196513501,-0.0011421917900426117,0.009307275752548895,-0.007007560417994284,0.02538613258586445,soft-like,ok
4702010103,SAX J1819.3-2525,BH,4,0,59509.15845,5520.0,https://nasa-heasarc.s3.amazonaws.com/nicer/data/obs/2021_10/4702010103/xti/event_cl/ni4702010103_0mpu7_cl.evt.gz,16777216,21505016,target segments,744722,744722,0,19,0,4492.892080157995,41.88322368421053,7.0,83072.0,15662.0,3126.0,0.1885352465331279,0.1995913676414251,0.0005346420212678389,0.00029254483984014334,0.023122327332425665,0.0003820863604254595,0.0011710198353491424,0.019547029452718884,-0.002279907666650562,0.0018881330178772398,-0.04774837868085745,-0.0021380456536534433,0.0037943207445496913,-0.04623900575978514,-0.007626364942530097,0.012725034934680064,-0.08732906127132077,0.0,,-0.000148527900475456,0.00016570609208234167,8.310249240682531e-05,0.00020421719164286399,0.0003605101289381694,0.0002202458141040221,-2.8849430791980614e-05,-0.0015339264119936429,-0.0008341851613458625,0.0011936260990750723,0.0011841308330025591,-0.0004976255023870267,-0.0014915563731404235,soft-like,ok
4200300114,SAX J1819.3-2525,BH,5,0,59519.12593,4306.0,https://nasa-heasarc.s3.amazonaws.com/nicer/data/obs/2021_11/4200300114/xti/event_cl/ni4200300114_0mpu7_cl.evt.gz,16777216,32113702,target segments,721750,721750,0,12,0,2244.4940518140793,86.77669270833333,7.0,109675.0,19816.0,3798.0,0.18067927968999317,0.1916633023819136,-4.7563515432994305e-05,0.0001134989832656505,-0.006896630730508507,0.0004540678133468533,0.0004739411115171281,0.02130886701227574,0.001706990431853352,0.001310970047344708,0.041315740727395314,0.002409047699009932,0.0021745507262978386,0.04908205068056888,-0.008018653903108233,0.005050525489233099,-0.08954693687172238,0.09118497823479213,12.55107259821396,-3.787006403384357e-05,-2.999297102322276e-05,-2.9472659415423488e-05,-8.878637590674307e-05,0.0001666319933994809,0.00042787952723670724,-9.448269411592212e-06,9.776473610090534e-05,0.0015789187487871,0.0001598468532021855,0.0012241395255977612,0.0016856929415996614,0.003169396269546538,soft-like,ok
4200300122,SAX J1819.3-2525,BH,6,0,59528.99684,2488.0,https://nasa-heasarc.s3.amazonaws.com/nicer/data/obs/2021_11/4200300122/xti/event_cl/ni4200300122_0mpu7_cl.evt.gz,12100759,12100759,eof,517482,517482,0,15,0,2487.905503630638,62.46666666666667,7.0,98610.0,17984.0,3342.0,0.18237501267619916,0.18583185053380782,-0.00019366180022720687,0.00020200122132079035,-0.013916242317062708,0.0004431227907355868,0.0009517210674516062,0.021050481959698376,-0.001504404491440734,0.001747348612385643,-0.038786653522065215,0.003043155268337499,0.0032125289476549863,0.05516480099064529,0.007312849592171426,0.007274289325596307,0.08551520094212155,0.043464459762575486,,-9.211841500835968e-05,-8.839627928909903e-05,-0.00018402861365892015,-3.909209094439805e-05,0.00017290465384557863,0.00011961018222449481,0.0003763886423099613,-0.0007101003385794394,-0.0009022296568405315,0.003385674671216623,-0.0006159761577728071,0.0028535987685983557,-0.0023870761036489147,soft-like,ok
7200300114,SAX J1819.3-2525,BH,7,1,60581.01031,3125.0,https://nasa-heasarc.s3.amazonaws.com/nicer/data/obs/2024_09/7200300114/xti/event_cl/ni7200300114_0mpu7_cl.evt.gz,4800406,4800406,eof,200921,200921,0,23,0,3124.8180301189423,21.026834239130434,7.0,48722.0,10695.0,2486.0,0.21951069332129222,0.2324450677886863,0.0005874958623194426,0.00064200970736434,0.024238313933098617,0.0019191361704651495,0.0019330644642705727,0.04380794643058665,0.0045518424995977715,0.0030608792740435715,0.06746734394948249,0.005240424364788872,0.005997580856215625,0.07239077541226419,-0.005740443658066162,0.025295837055828482,-0.07576571558472976,0.08977490843324204,1.4051084315612254,0.00023571167699254624,0.00016237282580814865,0.0005467951729475846,-0.00026537637741333886,-6.541792424469997e-05,0.0018843373113427622,0.00028004904731786706,0.004530625260835833,-1.491078421179282e-05,-0.0009418032066444493,0.0011827122565349131,0.0014407854320996844,-0.0009163465071680653,soft-like,ok
4202230114,4U 1543-475,BH,1,1,59389.99236,2443.29907599092,https://nasa-heasarc.s3.amazonaws.com/nicer/data/obs/2021_06/4202230114/xti/event_cl/ni4202230114_0mpu7_cl.evt.gz,100663296,1333174848,target segments,4634499,4634499,0,6,0,1116.0217886269093,1345.83203125,7.0,887583.0,131453.0,14563.0,0.1481022056528798,0.11078484325196078,0.018651455007278096,0.0025593463755925437,0.13657032989371481,0.1672226742021901,0.004728633563147888,0.4089286908523173,0.40644838874697037,0.005472946874325511,0.6375330491409605,1.2071634122517583,0.02197685344034932,1.0987098853891133,1.1374958123256518,0.021259182998636196,1.066534487171255,2.7539601264053184,20.274835049790333,0.002714821635570073,0.0029716568770766978,0.007109446317523193,0.01204042789163034,0.024634915473557298,0.04709385191155341,0.0868230498303339,0.15189467948005986,0.2597544901747039,0.4358736229406599,0.7363167362209676,2.9143656586219624,2.902703020454798,hard-like,ok
4202230162,4U 1543-475,BH,2,0,59461.04882,1225.0,https://nasa-heasarc.s3.amazonaws.com/nicer/data/obs/2021_09/4202230162/xti/event_cl/ni4202230162_0mpu7_cl.evt.gz,300000000,670989595,cap,13879285,13879285,0,3,0,546.0490442216396,6839.192708333333,7.0,2370418.0,239571.0,16261.0,0.10106698481027397,0.06787549411239256,4.4698350020333956e-07,2.751808156421328e-06,0.0006685682464814939,-1.4249159712780304e-05,1.4987152880436125e-05,-0.0037748059172334016,-5.397550700803981e-06,2.43839837260085e-05,-0.0023232629426743717,-8.51394005625675e-05,4.31740537743234e-05,-0.009227101417160618,-0.00010267491467405857,0.0001462516873362313,-0.010132863103489485,0.006885588954140358,,3.1652387985761566e-06,3.3131659228145363e-06,3.866446396810428e-06,-8.795779904280166e-06,-4.408990045323372e-06,-4.473341454497979e-06,-3.7369257662541305e-06,8.128730689046035e-06,-1.3093032751696303e-05,-4.9792657540279394e-05,5.3616590516588186e-05,1.1510703752509372e-05,4.8111186631366334e-05,soft-like,ok
4202230170,4U 1543-475,BH,3,1,59470.13704,2619.0,https://nasa-heasarc.s3.amazonaws.com/nicer/data/obs/2021_09/4202230170/xti/event_cl/ni4202230170_0mpu7_cl.evt.gz,300000000,1384622440,cap,13695411,13695411,0,3,0,568.4796410799026,6356.184895833333,7.0,2209917.0,213952.0,16906.0,0.09681449574803036,0.07901772360155548,2.3428268043560936e-05,1.4094643575644353e-05,0.00484027561648724,5.788666556124917e-05,1.4395267555795372e-05,0.007608328696977357,4.558988608758418e-05,5.02147000755877e-05,0.0067520282943412035,0.00017885599624394477,1.557299949586698e-05,0.013373705404409983,0.00021181819360893274,0.00021314752533853443,0.01455397518236625,0.019527196951285013,,9.032481525191915e-06,5.309268075848961e-06,6.849844229069897e-06,1.1764556684438888e-05,1.651013734044349e-05,1.807277318525865e-05,2.1551031880742147e-05,1.837926196781019e-05,2.8467946328782067e-05,5.7151001610233216e-05,4.8645574144927184e-05,-6.078720130042642e-05,0.00020036474510195458,soft-like,ok
4681010101,4U 1543-475,BH,4,1,59636.39028,3039.0,https://nasa-heasarc.s3.amazonaws.com/nicer/data/obs/2022_02/4681010101/xti/event_cl/ni4681010101_0mpu7_cl.evt.gz,10800521,10800521,eof,461291,461291,0,21,0,3038.812188833952,41.294642857142854,7.0,82881.0,20826.0,7293.0,0.2512759257248344,0.350187265917603,0.035566840397439105,0.0023408037515013943,0.18859172939829336,0.06861474538015887,0.004115933325085315,0.26194416462322434,0.03178020303483408,0.001599358462699815,0.17827002842551543,0.1136602621376306,0.004594594308099848,0.3371353765739078,-0.004154116305351701,0.0112199820015738,-0.06445243444084715,0.4004769074595872,0.44267000530685324,0.004249854818891411,0.0064185168409267865,0.01674553925134763,0.017595386323539814,0.019667791661505014,0.023440453681639502,0.02014956186517245,0.014156760041628821,0.017787779146672036,0.013627823028184417,0.00032060723107633606,-0.0003802430994622451,0.0066019226172728,hard-like,ok
5202230222,4U 1543-475,BH,6,1,59738.3775,2178.0,https://nasa-heasarc.s3.amazonaws.com/nicer/data/obs/2022_06/5202230222/xti/event_cl/ni5202230222_0mpu7_cl.evt.gz,7714600,7714600,eof,330523,330523,1,14,1,2177.9373340010643,34.84765625,7.0,47157.0,11422.0,3868.0,0.24221218482939966,0.33864472071441076,0.01350420904100137,0.0017477724749375052,0.116207611803192,0.05276923854368475,0.002127725340493283,0.22971556008177754,0.036205726811295504,0.004555417516066333,0.19027802503519817,0.10592292725745003,0.007025153264143803,0.3254580268751257,-0.010566789998126415,0.014220471693197923,-0.10279489286013394,0.3790144826866386,1.2341464337242465,0.0012247471474281099,0.002187868481454564,0.005395224704287485,0.010071711382413969,0.014191132173317073,0.012848698915690186,0.02129774259907209,0.02021644184615557,0.01627035429359067,0.013461206897945659,0.00935212822663485,0.006616475401675545,0.010518246016554508,hard-like,ok
1133010121,GX 339-4,BH,0,1,58138.27084,1988.67046886683,https://nasa-heasarc.s3.amazonaws.com/nicer/data/obs/2018_01/1133010121/xti/event_cl/ni1133010121_0mpu7_cl.evt.gz,33554432,52506545,target segments,2689223,2689223,0,9,0,1731.2127181887627,20.26996527777778,7.0,17115.0,4465.0,1771.0,0.2608822670172363,0.39664053751399775,0.06536974482246517,0.01234914021718324,0.2556750766548534,0.0772063104427036,0.004200630212584304,0.27786023544707433,0.032886453949272164,0.006313251244816349,0.18134622673017534,0.13476142054588872,0.011425302989003636,0.36709865233461253,-0.06268364750724346,0.043526059324204405,-0.25036702559890645,0.74790584015908,4.78789361435387,0.012946726956233102,0.01773878961928625,0.01862568601089667,0.04089289056274044,0.020554223644280577,0.021140714866202146,0.022474455423762404,0.021470082193743526,0.012565666893528912,0.01704474784856165,0.024030296528732634,0.20382346509919225,0.12605540009689872,hard-like,ok
3133010113,GX 339-4,BH,1,0,59246.44258,2348.0,https://nasa-heasarc.s3.amazonaws.com/nicer/data/obs/2021_02/3133010113/xti/event_cl/ni3133010113_0mpu7_cl.evt.gz,13562117,13562117,eof,578767,578767,2,11,5,2347.957032471895,87.48508522727273,7.0,90723.0,24002.0,8454.0,0.26456356161061695,0.35222064827931004,0.08086723594384657,0.008199602928299906,0.28437165109034085,0.06706262692917474,0.004350084790029706,0.25896452832226796,0.05045259207957987,0.0024997357072167226,0.22461654453663885,0.13907311379161683,0.004471737173368032,0.37292507798700913,-0.007956770244662207,0.007473847400768195,-0.08920073006798883,0.5064310942353285,0.2703893905578941,0.02625829036397172,0.022273493430222207,0.03985752980387308,0.024192433270516966,0.018045035001725256,0.01791133072921228,0.02555807343308135,0.027644525069752002,0.022900034214218008,0.017641112169913303,0.004582110878259531,0.003120218733539362,0.006488266110107049,hard-like,ok
3558011301,GX 339-4,BH,2,0,59276.1139,3371.0,https://nasa-heasarc.s3.amazonaws.com/nicer/data/obs/2021_03/3558011301/xti/event_cl/ni3558011301_0mpu7_cl.evt.gz,33554432,73886073,target segments,1463135,1463135,0,9,0,1532.3105404675007,309.74305555555554,7.0,267760.0,66319.0,22745.0,0.24768075888855692,0.34296355493900693,0.025170110499316327,0.0020183885502071284,0.15865090765361642,0.07239193946754326,0.004128048100778366,0.26905750215807633,0.03130444734483238,0.0011251495477164265,0.17693062862272427,0.11688148888570592,0.0042112941695279325,0.34187934843407247,0.0029072609262583682,0.0019496544876978778,0.053919021933436145,0.3922820743328556,0.43500709054634773,0.0057090594589731996,0.005769466436018615,0.008335658071246175,0.018044584533984807,0.026352228412922733,0.023304087346006558,0.01565573989187064,0.015904012329328792,0.015500720290313656,0.010507354755222615,0.0046717262909268115,0.0031678209557653592,0.0009627670703080834,hard-like,ok
4133010115,GX 339-4,BH,3,0,59311.01969,5350.0,https://nasa-heasarc.s3.amazonaws.com/nicer/data/obs/2021_04/4133010115/xti/event_cl/ni4133010115_0mpu7_cl.evt.gz,150994944,751872426,target segments,6850574,6850574,0,6,0,1071.5073379278183,1748.2369791666667,7.0,1232877.0,102569.0,7200.0,0.08319483614342713,0.07019664811005275,5.541329781359238e-06,7.65263085439822e-06,0.0023540029272197684,4.647415552059457e-06,4.4611128268979074e-05,0.002155786527478882,2.396567626465624e-05,8.107939114008973e-05,0.004895475080587811,3.611444821960047e-05,7.289515215644185e-05,0.0060095297835688,0.00018566498568412,0.000751279699736841,0.013625893940733576,0.0,,-5.0736723022207155e-06,2.014300206944254e-06,-1.5700741004302562e-06,5.84397448589093e-06,2.021151162234121e-06,1.553139460389748e-05,-1.2347697263512093e-05,-1.0319171344703412e-06,2.3693289637520837e-05,4.423530598594953e-05,0.00012990029289164351,-0.00017210735431181167,-0.0002570916059668111,soft-like,ok
4133010165,GX 339-4,BH,4,0,59370.3051,1887.0,https://nasa-heasarc.s3.amazonaws.com/nicer/data/obs/2021_06/4133010165/xti/event_cl/ni4133010165_0mpu7_cl.evt.gz,134217728,266510252,target segments,6138853,6138853,0,6,0,951.4446963965893,1781.05078125,7.0,1257567.0,104504.0,5776.0,0.08310014496245528,0.05527061165122866,2.3478295349561866e-05,1.1039717780043727e-05,0.004845440676508368,-5.977076244425905e-06,6.268951698350013e-05,-0.00244480597275651,3.658534424222554e-05,8.987122117072813e-05,0.006048582002604043,-9.345328301368168e-05,0.0001640578596465952,-0.009667123823231068,0.0008593408087086806,0.0006889334698428435,0.029314515324471605,0.0,,-1.2718539381283418e-06,4.899419521198683e-06,2.9561728316678067e-06,1.4023729601997658e-05,6.456348685042443e-06,2.865534894013867e-06,-1.3524280142309325e-05,-7.866598311198279e-05,0.00011507562106773312,-0.00014752294391379858,-4.7744596150114986e-05,-0.00020118071786647855,7.833406091354512e-05,soft-like,ok
4133010243,GX 339-4,BH,5,0,59472.15116,2266.0,https://nasa-heasarc.s3.amazonaws.com/nicer/data/obs/2021_09/4133010243/xti/event_cl/ni4133010243_0mpu7_cl.evt.gz,33554432,90879963,target segments,1511253,1511253,0,6,0,838.1206795871258,311.3932291666667,7.0,230629.0,8057.0,464.0,0.0349348954381279,0.05758967357577262,8.464766917184418e-05,7.701323503155134e-05,0.009200416793376492,0.0003616625079441258,0.00024446560460635817,0.01901742642799298,0.0002553363290456187,0.0004032411848436984,0.01597924682347759,0.0014019306011329657,0.0009709100198044281,0.03744236372256653,-0.0026922335128241213,0.0015405179252693682,-0.051886737349963734,0.06060944663094399,9.351480138719806,-3.230037430662529e-05,8.362348640827832e-05,5.9135425154907925e-06,-3.729620915302071e-05,0.00026303971016254483,-0.00012887956040483024,0.00026852893161160034,0.00012809453429171676,0.00011862207072980898,0.0004087546137987614,0.00018672148082026502,0.0013988503520214798,0.0010098324424137781,soft-like,ok
5133010210,GX 339-4,BH,6,0,59843.02963,1202.15224581957,https://nasa-heasarc.s3.amazonaws.com/nicer/data/obs/2022_09/5133010210/xti/event_cl/ni5133010210_0mpu7_cl.evt.gz,5841399,5841399,eof,245258,245258,1,5,0,1197.5266423225403,68.7375,7.0,32029.0,8646.0,3317.0,0.2699428642792469,0.38364561647004397,0.08182169539185766,0.011423270026587233,0.28604491848634134,0.08453449940348247,0.00955010825013021,0.29074817179731755,0.05575498493002394,0.00568775207907345,0.23612493500268866,0.15810223146383395,0.006665239331822466,0.39762071307193486,-0.015300576480574061,0.011161719175357724,-0.1236954990311857,0.5097808050305308,0.25268696770208127,0.020703239187846577,0.028431256517413222,0.036710132294120276,0.024449705416902136,0.021630170084410736,0.024599365572169067,0.03059889975619304,0.02800969137123023,0.02768195871292534,0.017206847802045094,0.0011563210615497467,0.0041741252135648775,-0.005475243812794322,hard-like,ok
6133010216,GX 339-4,BH,7,0,60350.3544,1112.47630137205,https://nasa-heasarc.s3.amazonaws.com/nicer/data/obs/2024_02/6133010216/xti/event_cl/ni6133010216_0mpu7_cl.evt.gz,100663296,125132738,target segments,4610978,4610978,0,6,0,904.5815390348434,1311.2122395833333,6.666666666666667,919831.0,79030.0,8150.0,0.08591795666812709,0.10312539541946096,1.928465053349383e-06,1.890984021553822e-05,0.0013886918496734194,0.0001429011498946986,3.722904080742032e-05,0.011954126898050673,0.0001848639242734164,0.00012071312056771993,0.013596467345359103,0.0006570243693926206,0.0002600496440067624,0.02563248660182271,-0.0007007935463724437,0.0005712617101384539,-0.02647250547969428,0.034360190011997006,,4.914870105070014e-06,1.8702530166905028e-05,-3.5465007455544537e-06,-1.708170214264061e-05,4.591282422074422e-05,4.4254448107256285e-05,6.0105727548903876e-05,5.88593879805176e-06,0.00017546027326779829,0.00020640861345631997,3.205056199520263e-06,0.0005829912388570984,5.3409339821066024e-05,soft-like,ok
6203980107,Swift J1727.8-1613,BH,0,2,60187.54398,5409.75694102049,https://nasa-heasarc.s3.amazonaws.com/nicer/data/obs/2023_08/6203980107/xti/event_cl/ni6203980107_0mpu7_cl.evt.gz,300000000,2377081493,cap,14569677,14569677,0,4,0,570.6861399412155,5841.150390625,7.0,2322591.0,509185.0,158893.0,0.21923145314866027,0.31205357581232757,0.0022803168808286835,0.0003453669112456089,0.04775266359930809,0.010754985928868317,0.000621821088428299,0.1037062482633921,0.024926085184262963,0.0010017621363586104,0.157879970814106,0.03888392865748985,0.001543135915628739,0.19719008255358547,0.00018667156232639111,0.00010875189042459073,0.013662780182905348,0.2087371042035072,1.2194339333682538,0.0001612006401665082,0.00038235044768260886,0.0008235863676625873,0.0016994823199417992,0.0019436606791078015,0.002870825062703822,0.005221418795032733,0.018481402026715353,0.006538662295113259,0.00270659109806202,0.0015424337095656093,0.0007595651965060713,0.0004400000330056432,hard-like,ok
6750010301,Swift J1727.8-1613,BH,1,0,60193.03102,7349.0,https://nasa-heasarc.s3.amazonaws.com/nicer/data/obs/2023_09/6750010301/xti/event_cl/ni6750010301_0mpu7_cl.evt.gz,300000000,3561650646,cap,14463057,14463057,0,4,0,599.194862484932,5338.873046875,7.0,2158807.0,442054.0,132642.0,0.2047677258782281,0.3000583639102915,0.0015643637695080574,0.00013528536874513435,0.03955203875286402,0.008108637544064148,0.0003262041882433929,0.09004797357000405,0.02327234052779926,0.00027074132844724945,0.1525527467068334,0.035131061983765886,0.0003672460147635083,0.18743281992160787,0.00011597205734350201,0.0001978980770779115,0.010769032330878295,0.196806476481766,1.3697899649517462,0.00013179255714966716,0.0003287677866728815,0.000511415624438375,0.001219223602061618,0.0018463016561172602,0.002482141078544129,0.0032506428311859527,0.016225461771245384,0.007081387491105865,0.00313258836458497,0.0014694436549657556,0.0007235149552239105,0.0003301078118721521,hard-like,ok
6203980119,Swift J1727.8-1613,BH,2,0,60200.17959,4922.0,https://nasa-heasarc.s3.amazonaws.com/nicer/data/obs/2023_09/6203980119/xti/event_cl/ni6203980119_0mpu7_cl.evt.gz,201326592,1352194939,target segments,9802253,9802253,0,6,0,843.7367802858353,2667.7747395833335,4.666666666666667,1674469.0,296013.0,78369.0,0.17678022107306854,0.264748507666893,0.0008397183609352666,0.00011081214009852386,0.028977894349577347,0.004784264654809266,0.00021530307053634138,0.06916837900955368,0.011604421396364138,0.0002502080029055717,0.10772382000451032,0.020720482656730568,0.0004199011336441051,0.14394611025217238,0.00024168549929416637,0.000390245365606,0.015546237464228004,0.1521586302049186,1.9812807058688977,7.04801417507265e-05,0.00031385195831528425,0.0001894617007145832,0.0004713899116797745,0.0008918663255363746,0.0017218870076590941,0.0020012480256201425,0.002283994040655791,0.009354705441927626,0.0036920205001540946,0.0012502636865284254,0.0004529509904467589,0.00045812901484848533,hard-like,ok
6203980133,Swift J1727.8-1613,BH,3,0,60223.0511,5152.0,https://nasa-heasarc.s3.amazonaws.com/nicer/data/obs/2023_10/6203980133/xti/event_cl/ni6203980133_0mpu7_cl.evt.gz,300000000,2422961855,cap,14430077,14430077,0,4,0,615.7543507218361,5621.765625,7.0,2536075.0,302982.0,39287.0,0.11946886428831954,0.12966776904238536,1.8623497534497997e-05,8.431945483060995e-06,0.004315495050918028,6.158136765026404e-05,2.4480283345945396e-05,0.00784737966777854,9.432771524001291e-05,2.4938458503028443e-05,0.009712245633220614,0.0002855392226433007,5.523434089989626e-05,0.016897905865618398,-0.00014019342341032367,0.00021397220264006108,-0.011840330375894232,0.01681284211691873,,4.624401491711028e-06,6.158290161989589e-07,1.2866465646248734e-05,1.1838173218303856e-05,7.3022334724414994e-06,3.26495616648968e-05,1.591356360285706e-05,2.4926760113102274e-05,6.841999369072576e-05,9.787852196054445e-05,2.1457962792303695e-05,7.383356740091543e-05,-8.965537402181331e-05,soft-like,ok
6203980146,Swift J1727.8-1613,BH,4,0,60326.21568,1240.0,https://nasa-heasarc.s3.amazonaws.com/nicer/data/obs/2024_01/6203980146/xti/event_cl/ni6203980146_0mpu7_cl.evt.gz,234881024,253107768,target segments,11080916,11080916,0,6,0,1159.1232288479805,1025.6015625,6.0,760323.0,26257.0,1082.0,0.0345340072574419,0.04120805880336672,0.0002723048896718377,0.00032903116840504455,0.016501663239559754,0.00014993725334575556,0.00020207539256441865,0.01224488682453846,-3.518286743584474e-05,8.192322789935695e-05,-0.005931514767396668,2.0850059722763344e-05,0.00035831515261123143,0.004566186562413251,0.000764034209570508,0.00033210113667121423,0.027641168744655283,0.018479493355184947,,4.185953065608288e-05,4.592693771519728e-05,9.097276230625955e-05,0.00017866935889634014,6.248219890207411e-05,-4.7790634411105106e-05,8.865266619064306e-05,9.87728415787955e-06,-4.173129817554006e-05,-8.522464384555124e-05,0.00011977885172743019,9.63419387288022e-05,-0.00021832327818418785,soft-like,ok
6588020103,Swift J1727.8-1613,BH,5,0,60383.5331,4870.23825800419,https://nasa-heasarc.s3.amazonaws.com/nicer/data/obs/2024_03/6588020103/xti/event_cl/ni6588020103_0mpu7_cl.evt.gz,83886080,356391378,target segments,3948950,3948950,0,7,0,1161.1378514766693,199.52678571428572,7.0,173326.0,4551.0,899.0,0.02625688009877341,0.1975390024170512,3.694195274260286e-05,0.00014762098602372605,0.006077989202244675,0.00029963107952953353,0.0003710608075549431,0.017309854982914603,-0.0002104933912105695,0.0003747989708221564,-0.014508390372834938,0.00017125893296623452,0.0012576969541977642,0.013086593634946969,0.0014290827893700762,0.0023489192955869374,0.03780321136319077,0.020003129976057712,,7.190940758238168e-05,3.4460060703815976e-06,-1.5082476313496676e-05,-7.450868585231297e-05,-0.00011676109042189632,0.00041283317345989037,0.00016142586168775642,0.0001966393672911084,-0.00044191251485986387,-0.00018181182969380328,0.0001491099825270727,0.00112475505341603,-0.0008899170460541894,soft-like,ok
6588020104,Swift J1727.8-1613,BH,6,0,60391.16736,1385.0,https://nasa-heasarc.s3.amazonaws.com/nicer/data/obs/2024_03/6588020104/xti/event_cl/ni6588020104_0mpu7_cl.evt.gz,24664185,24664185,eof,1181164,1181164,0,4,0,1384.9711019992828,94.326171875,5.0,40165.0,6226.0,1904.0,0.1550105813519233,0.30581432701574046,0.002797241364453935,0.001021259753734861,0.05288895314197413,0.03271307451415352,0.0024610035524976594,0.18086756070161814,0.027030442391989744,0.0018700861969683361,0.16440937440422837,0.07334896942329376,0.004353882533148979,0.27083014866017735,-0.0016881136214486287,0.0037954682222385142,-0.04108665989647526,0.28415674300170884,1.3455537149996757,-3.454001804888856e-05,0.0006070994590849834,0.000997301417190205,0.001771849846932851,0.003318470055030449,0.009791609541907264,0.018667064536204925,0.015395801100961566,0.01199156231328496,0.013235010126807665,0.00046720356929142023,0.004564260804277039,-2.7638159585226756e-05,hard-like,ok
7203980106,Swift J1727.8-1613,BH,7,0,60414.18881,1712.0,https://nasa-heasarc.s3.amazonaws.com/nicer/data/obs/2024_04/7203980106/xti/event_cl/ni7203980106_0mpu7_cl.evt.gz,14580036,14580036,eof,648617,648617,0,12,0,1711.981733739376,81.14322916666667,7.0,91296.0,23825.0,9515.0,0.260964335786891,0.3993704092339979,0.015118706150630058,0.0018763555669924202,0.12295814796356547,0.04207084354081841,0.0036704990529921777,0.2051117830374901,0.01814043741717594,0.0018490491308665105,0.13468644110368325,0.06601848323056551,0.005382148065546243,0.2569406219938091,0.0007752333785440289,0.004701028954524791,0.027843013101028217,0.297007556171243,0.5243577704439408,0.0009407573950407913,0.003069548813713052,0.006257983178445441,0.009340719411302491,0.013468139861773615,0.014157425617971106,0.010796838666943722,0.010536323466090394,0.00770300809238458,0.005323557958686762,0.0037887926295531887,-0.00047210834928145673,0.003302501680190373,hard-like,ok
1200120116,MAXI J1820+070,BH,0,0,58208.35299,9926.5719294548,https://nasa-heasarc.s3.amazonaws.com/nicer/data/obs/2018_03/1200120116/xti/event_cl/ni1200120116_0mpu7_cl.evt.gz,300000000,4052576507,cap,14082447,14082447,0,5,0,742.2828354090452,2968.70625,7.0,1447314.0,336496.0,116162.0,0.23249688733750934,0.3452106414340735,0.03557343277602004,0.002783931871889132,0.18860920649856952,0.04925790248949303,0.003583364882237025,0.22194121403987369,0.028433891147379254,0.0010435313748491251,0.1686235189627451,0.09254170996588001,0.0028202814269729587,0.30420668954820834,0.0012344302899441558,0.00019732266487781328,0.03513446014875077,0.3802472703600766,0.5515792982339127,0.0022701491845359373,0.005092718972797343,0.014295232028057084,0.023892083592303083,0.01548547439654477,0.013756840879669508,0.012112918935089052,0.014066994849080123,0.014562962759351362,0.011880740516501799,0.007444888857472167,0.006121648331410652,0.0036053333134763114,hard-like,ok
1200120132,MAXI J1820+070,BH,1,0,58228.1231,3775.74775239825,https://nasa-heasarc.s3.amazonaws.com/nicer/data/obs/2018_04/1200120132/xti/event_cl/ni1200120132_0mpu7_cl.evt.gz,300000000,1504709308,cap,14086814,14086814,0,5,0,748.8022015094757,2919.3875,7.0,1432405.0,325377.0,110626.0,0.2271543313518174,0.3399933000796,0.019473809217908238,0.0025585242252831237,0.13954859088471025,0.05930413376349823,0.0037252545542624787,0.2435244007558549,0.023359164510207597,0.000721036748216021,0.15283705215100032,0.09530100944678077,0.0037846682418927343,0.3087086157637664,0.00038348882425512485,0.00026371367524660234,0.01958287068473682,0.35691762618983824,0.6070156126963322,0.0010952371425334995,0.0035899387065125438,0.007465428550659607,0.01474422141506577,0.021038144565362772,0.019485893534635524,0.01233471189383652,0.011523972845457319,0.011954795980084008,0.010450309266805754,0.00620114616770111,0.004500366612996726,0.0030060252033379782,hard-like,ok
1200120173,MAXI J1820+070,BH,2,0,58277.28243,3285.0,https://nasa-heasarc.s3.amazonaws.com/nicer/data/obs/2018_06/1200120173/xti/event_cl/ni1200120173_0mpu7_cl.evt.gz,150994944,635232552,target segments,7119290,7119290,0,6,0,781.2671522200108,1255.2239583333333,7.0,742272.0,166243.0,55497.0,0.2239650694085187,0.33383059737853626,0.009491418157857518,0.0011092483444583537,0.09742390958002824,0.04992937907205827,0.003034925165754601,0.2234488287551722,0.025615149789424408,0.0012623336172819912,0.16004733608974692,0.0879093463045243,0.0039925123845362355,0.29649510333987694,0.0012918204939539202,0.0011203507067978548,0.03594190442859032,0.3282892211598202,0.9509750730834045,0.00020308301245733606,0.0009374275677880291,0.003766360268082034,0.00786250699337181,0.010120532648684852,0.016107559494395934,0.020489643823341733,0.01438139211994196,0.011370524103733841,0.009899136186501397,0.005922243649193902,0.003810929774502878,0.0029024730877256068,hard-like,ok
1200120267,MAXI J1820+070,BH,3,0,58389.15565,2349.0,https://nasa-heasarc.s3.amazonaws.com/nicer/data/obs/2018_09/1200120267/xti/event_cl/ni1200120267_0mpu7_cl.evt.gz,218103808,519184577,target segments,10348181,10348181,0,6,0,942.175488859415,788.76171875,7.0,503394.0,78971.0,23404.0,0.1568771181221866,0.2963619556546074,0.002043718827840894,0.0002027164891647704,0.04520750853388067,0.026260116587713215,0.0010594469626796481,0.1620497349202189,0.02354118313129505,0.0006331126154987743,0.15343136293240392,0.06337595693348431,0.0016303178216234622,0.25174581810525537,0.002369682666044985,0.0009178391792907229,0.048679386459208634,0.2734072721323968,1.7206345043325837,0.00019137908782613502,0.00040512503941393305,0.0008048507920389924,0.0018429427930409202,0.00354514821164141,0.008122520975081633,0.013425290843117537,0.011563904631725888,0.01213523526078885,0.011013326200994393,0.006335830364941812,0.0033768335166881416,0.001989148737578834,hard-like,ok
2200120308,MAXI J1820+070,BH,4,0,58564.34837,3973.0,https://nasa-heasarc.s3.amazonaws.com/nicer/data/obs/2019_03/2200120308/xti/event_cl/ni2200120308_0mpu7_cl.evt.gz,16777216,26737882,target segments,731862,731862,1,13,3,2456.944472551346,61.95733173076923,7.0,77804.0,18560.0,6733.0,0.2385481466248522,0.36276939655172413,0.06780319446485918,0.010052564395377057,0.2603904653877695,0.0774547626046741,0.00459725577906642,0.2783069575211409,0.029384352827397455,0.0020538737505470194,0.17141864784030195,0.11657490624020429,0.005220890056115875,0.34143067559931445,-0.004176767431397177,0.014178650467529266,-0.06462791526420435,0.46122564014950607,0.2242883881391533,0.017467828522980032,0.033196388969172416,0.02218446148154602,0.018777527118717417,0.026170181865257394,0.026314961884349432,0.018264502002867188,0.015909649420875475,0.01382463715414537,0.010289219832301875,-0.000774091646928615,0.00021850446765248283,0.010885320058385158,hard-like,ok
2200120309,MAXI J1820+070,BH,5,1,58565.68514,5903.0,https://nasa-heasarc.s3.amazonaws.com/nicer/data/obs/2019_03/2200120309/xti/event_cl/ni2200120309_0mpu7_cl.evt.gz,16777216,38676071,target segments,730720,730720,0,19,0,2593.69965544343,58.51233552631579,7.0,107686.0,25793.0,8823.0,0.23952045762680385,0.34206955375489473,0.07137813013736599,0.005416498708519676,0.26716685823164144,0.07511085233750989,0.0046666379360450795,0.27406359177663475,0.027393128854549236,0.002069940179698019,0.16550869721724365,0.11372728308314814,0.005455317932717149,0.33723475960100574,0.003475398103483634,0.011694213176742047,0.05895250718573074,0.4605436824989664,0.16223297365201292,0.02520836943390963,0.033701027946264846,0.024887070147487082,0.019245295176244657,0.02397355036471043,0.022753004260664032,0.021820167992048486,0.01527490556948866,0.012227089872516906,0.009367625426611053,0.005715317171153638,0.0003048644352574203,-0.0023778043066480983,hard-like,ok
2200120350,MAXI J1820+070,BH,6,0,58713.04383,4436.0,https://nasa-heasarc.s3.amazonaws.com/nicer/data/obs/2019_08/2200120350/xti/event_cl/ni2200120350_0mpu7_cl.evt.gz,12035239,12035239,eof,508758,508758,1,23,2,4435.37166044116,23.1328125,7.0,50990.0,12517.0,4596.0,0.24547950578544814,0.36718063433730125,0.06255413360281627,0.005866950780028872,0.2501082437722041,0.07410899076250424,0.004775914082303197,0.2722296654710949,0.019496107255884677,0.0055623598464625565,0.13962846148219452,0.10114400688824664,0.008750292459033542,0.31803145581568915,0.04116132878217418,0.02187660544874865,0.20288254923027307,0.4933956741606705,0.16275481217918394,0.05536716977427061,0.022941948632861774,0.02168239189477678,0.027966142259686032,0.02369180229414877,0.02102604433719621,0.018908357296234378,0.013055426021572714,0.006887118884728511,0.007800785697203446,0.005649694211331364,0.01355818922450666,0.004904220751945319,hard-like,ok
0103010107,GRS 1915+105,BH,0,0,57940.76156,2560.0,https://nasa-heasarc.s3.amazonaws.com/nicer/data/obs/2017_07/0103010107/xti/event_cl/ni0103010107_0mpu7_cl.evt.gz,33554432,56444558,target segments,1436860,1436860,0,11,0,1531.5667314976454,847.5085227272727,7.0,724000.0,370673.0,98619.0,0.5119792817679558,0.26605390735230244,0.026148647585493325,0.0037634991124195776,0.1617054346195369,0.032060680601185845,0.0020418437277864884,0.17905496530726492,0.0027745319788849993,0.0005839816145083705,0.05267382631710933,0.035421285739281806,0.0024144416060161208,0.188205434935556,-0.00014414857080098688,0.0008541618211917386,-0.012006188854127978,0.3341944897476124,0.04345694576635059,0.050144127943860625,0.009530994464331342,0.004719649590434944,0.018715356282254122,0.013263101495202202,0.0073823857364373295,0.004558411754999496,0.001876582047787879,0.0009373787941168628,0.0004381830731840087,0.00042555619108543513,-6.901926917376597e-05,-0.00023675112685344767,hard-like,ok
1103010218,GRS 1915+105,BH,1,0,58459.25419,1262.0,https://nasa-heasarc.s3.amazonaws.com/nicer/data/obs/2018_12/1103010218/xti/event_cl/ni1103010218_0mpu7_cl.evt.gz,4588417,4588417,eof,203074,203074,0,9,0,1261.9700051248074,92.54340277777777,7.0,65970.0,29990.0,10650.0,0.45460057601940274,0.35511837279093034,0.0019320646665095377,0.0005468652161108905,0.04395525755253332,0.014621491423799598,0.0010563141888708895,0.1209193591770962,0.027977201556751076,0.0009699426170730268,0.16726386805509155,0.053933619068849935,0.002944866381983707,0.2322361278286605,-0.010776190603944373,0.005599457132237675,-0.10380843223912195,0.2478978103385225,1.7696719237957703,0.0002068954118008706,0.0002674805220721332,0.0005067870080881032,0.0016013571395683,0.0028196140626397764,0.004079838425025757,0.007147833832371805,0.016563509756600748,0.011544336900693593,0.007928480469774441,0.00903734537913991,-0.0005079304546774516,0.0002577759175361001,hard-like,ok
3103010252,GRS 1915+105,BH,3,2,59054.24377,3781.0,https://nasa-heasarc.s3.amazonaws.com/nicer/data/obs/2020_07/3103010252/xti/event_cl/ni3103010252_0mpu7_cl.evt.gz,2754323,2754323,eof,108836,108836,0,28,0,3779.6760496795177,25.001953125,7.0,48797.0,27610.0,13200.0,0.5658134721396807,0.47808764940239046,0.00023741377263802695,0.00047029552319977877,0.015408237168411802,-0.00045801327961619425,0.0011489887869157206,-0.021401244814640907,-0.0030002225149821484,0.0026314685934786283,-0.054774286987437346,-0.00651632360812713,0.004818346723224303,-0.08072374872444373,-0.01434083926385318,0.01713710352567444,-0.11975324322895468,0.0,,0.0001289517990849149,2.9810811205032933e-05,0.00020073166520353296,-0.00014807545225121644,-0.000248323190557026,-0.0006013446588661416,0.0005022538732947345,-0.0008851729631721892,-0.0020707021068170433,2.1575066883645767e-05,-0.010413441938439058,-0.0027258510151698724,-0.005423996788786211,soft-like,ok
4103010225,GRS 1915+105,BH,4,0,59407.06991,7377.0,https://nasa-heasarc.s3.amazonaws.com/nicer/data/obs/2021_07/4103010225/xti/event_cl/ni4103010225_0mpu7_cl.evt.gz,16777216,47071513,target segments,700696,700696,0,18,0,2703.6187879145145,236.1953125,7.0,328477.0,172964.0,42753.0,0.5265635036851896,0.24717860364006383,0.006848292651413482,0.003771926347136174,0.08275441167341764,0.01937226876726871,0.002473000464118669,0.13918429784738187,0.0024566030906426175,0.0004986549629737921,0.049564131089353494,0.023040989968931204,0.0028060525625107626,0.15179258864954903,-0.002364015638243953,0.0016861960530510946,-0.048621143942157025,0.17469197295519912,0.24350924724745643,0.0012527534825746076,0.0011621914391895295,0.0020456611252705954,0.005031997971232712,0.009095210018629103,0.005343542613433524,0.003521618812196455,0.0014673516369723952,0.0010095908924004917,0.0009966565457554422,0.0009862216775794628,9.763844981195738e-05,-0.0014931492500662562,hard-like,ok
4647012701,GRS 1915+105,BH,5,0,59459.2375,4421.0,https://nasa-heasarc.s3.amazonaws.com/nicer/data/obs/2021_09/4647012701/xti/event_cl/ni4647012701_0mpu7_cl.evt.gz,16777216,17455378,target segments,700156,700156,0,31,0,4257.8530687093735,147.83291330645162,7.0,378068.0,171733.0,36800.0,0.4542383909772845,0.21428613021376205,0.05720502694038263,0.004220985562780873,0.23917572397796277,0.11065415145093489,0.0028647867230057415,0.33264718764921924,0.05611254740735577,0.0029194648177187153,0.23688087176333122,0.17113050946268898,0.00363144275400378,0.41367923499093956,0.004257020343866646,0.0029606215606152422,0.06524584541460587,0.5091220900931327,0.22388928650657558,0.03346664807873235,0.03235360535733419,0.017580455606215715,0.009734541770426094,0.012536641657419932,0.0339560820559128,0.060952239616998936,0.0476518687088331,0.009206291025532512,0.003749153908360494,0.0018489482497597574,-0.0018561139017134304,-0.0019750595130125555,hard-like,ok
8103010208,GRS 1915+105,BH,7,0,60767.08205,1136.0,https://nasa-heasarc.s3.amazonaws.com/nicer/data/obs/2025_04/8103010208/xti/event_cl/ni8103010208_0mpu7_cl.evt.gz,974758,974758,eof,37604,37604,0,4,0,1046.8420099020004,24.583984375,7.0,3320.0,3057.0,6210.0,0.9207831325301205,2.031403336604514,0.029236376753471842,0.026349590759881483,0.17098648120091786,0.01618931244697031,0.01499519990509858,0.12723722901325032,-0.0010203179986670665,0.0052074071162413645,-0.03194241691962377,0.005304807244735352,0.022056435476447537,0.07283410770192322,-0.008367417191758961,0.051590225675669676,-0.09147358739963662,0.27484860160258856,0.056185131935587856,0.05196507351805469,0.015156910552904714,0.008235464537579475,0.006795737617208686,0.006727010210731259,0.004131399716021437,0.004595333380795084,-0.0013601823348735249,0.00012369752140795504,-0.006054019063240708,-0.0018041775323715495,0.011690632102614687,-0.024661126423933734,soft-like,ok
5202800107,1A 1744-361,NS,0,0,59739.02498,5206.0,https://nasa-heasarc.s3.amazonaws.com/nicer/data/obs/2022_06/5202800107/xti/event_cl/ni5202800107_0mpu7_cl.evt.gz,16777216,91281860,target segments,732628,732628,0,8,0,1078.6346841156483,274.98828125,7.0,204907.0,59290.0,17391.0,0.2893507786459223,0.2933209647495362,0.0007705663526827247,0.00022508712451976652,0.027759076942195406,0.0008984038511240177,0.00022790972533228218,0.029973385713396104,0.0009945241782926928,0.0003455553473150047,0.031536077408147845,0.0028599013095063626,0.0004860959610159075,0.05347804511672395,-0.0003883567680346309,0.002994865448577236,-0.019706769599166448,0.05647887368357442,0.686451074175255,0.00021084408730171234,0.00026187842039655844,0.00032412704464908923,0.00016374576706882913,0.0001032974705995541,0.0003393187898681566,0.0004790094767629987,0.0006832543466592379,0.00030886306609501145,0.0011048186239890144,-0.0005849599101236452,2.4289457040372684e-05,-0.00022862346774173416,soft-like,ok
5202800112,1A 1744-361,NS,1,0,59747.03751,2248.0,https://nasa-heasarc.s3.amazonaws.com/nicer/data/obs/2022_06/5202800112/xti/event_cl/ni5202800112_0mpu7_cl.evt.gz,16777216,37594364,target segments,733572,733572,0,7,0,1064.1654665470123,273.8549107142857,7.0,181319.0,50076.0,13979.0,0.27617624187205975,0.2791556833612908,0.000416357813307617,0.00013815270319696027,0.020404847789376353,0.000951490246067527,0.00021926900325110627,0.030846235525060866,0.0010865943820686833,0.0004821594481534793,0.032963531092234086,0.0017621343981664916,0.0008376923986627966,0.041977784579066243,-0.0033026490422961617,0.0025357554711271353,-0.05746867879372347,0.0,,8.755713320175922e-05,0.0002350158855074418,4.4670103766807176e-05,0.00024020396972616103,0.0002522345024852776,0.0003957783250452039,0.00018048601445161478,0.0009843514044984092,0.0001217022359629115,-0.00018592140269623736,-0.0008508758032845403,-0.0011840202345030657,-0.0023836416396027225,soft-like,ok
5202800128,1A 1744-361,NS,2,0,59767.2859,1721.0,https://nasa-heasarc.s3.amazonaws.com/nicer/data/obs/2022_07/5202800128/xti/event_cl/ni5202800128_0mpu7_cl.evt.gz,16777216,24919123,target segments,733775,733775,0,6,0,1128.5928352475166,259.7942708333333,7.0,149343.0,39674.0,10505.0,0.2656569106017691,0.2647829812975752,0.0003797157287625479,0.00011522680081901708,0.019486295922071694,0.0007200697869407071,0.00037203846608024324,0.02683411610134955,-0.0005993528015009365,0.0005784482917631035,-0.024481682979340627,0.00040833026278974584,0.0008022613677468542,0.020207183445244067,-0.006838987072854901,0.0022922191117706317,-0.08269816849758464,0.0,,0.0001486881330929267,0.00019341748116479394,0.00011295133599480402,1.012785816170914e-05,9.029491531552095e-05,0.00041472672906617855,0.0003055498852641983,-0.00011855522787642185,-0.000508080262888465,0.00029636204931765114,-6.638428923808508e-05,-0.0007521819924671451,-0.0014596035045237145,soft-like,ok
5202800141,1A 1744-361,NS,3,0,59805.49398,1816.0,https://nasa-heasarc.s3.amazonaws.com/nicer/data/obs/2022_08/5202800141/xti/event_cl/ni5202800141_0mpu7_cl.evt.gz,9176757,9176757,eof,390522,390522,0,14,0,1815.9762614369392,71.48549107142857,7.0,100896.0,21080.0,6126.0,0.20892800507453219,0.29060721062618594,0.00019900575373800523,0.00025232741355911946,0.014106939914028315,-0.0005538799342727163,0.0005675783372807702,-0.02353465390169816,-0.00314479276780694,0.0009709617012535279,-0.05607845190273123,-0.006362255361020492,0.0016618317014072677,-0.07976374716010082,-0.005947043010466284,0.009201143875494344,-0.07711707340444322,0.0,,-2.7679504818285244e-05,0.0001081562012579692,6.253597372221908e-05,3.069843594586976e-05,-1.625354418537995e-05,1.9981357265489505e-05,-0.0006676852103433208,-0.00035262334288009746,-0.0026844768191244006,-0.0019510077603388258,-0.0014332388636316533,-0.0033970498589137024,-0.0038219810778484142,soft-like,ok
5202800144,1A 1744-361,NS,4,2,59808.65486,1730.0,https://nasa-heasarc.s3.amazonaws.com/nicer/data/obs/2022_08/5202800144/xti/event_cl/ni5202800144_0mpu7_cl.evt.gz,5827521,5827521,eof,244684,244684,0,13,0,1729.9337732195854,43.03245192307692,7.0,56536.0,11625.0,3445.0,0.2056211971133437,0.29634408602150536,-0.00022897289497491162,0.0003299803849349047,-0.015131850348682134,0.0030683744328882665,0.0016270621290035358,0.05539290959038229,0.004876575604081019,0.0019047699258025305,0.06983248244249247,0.00682301025646212,0.0032497776298696054,0.08260151485573446,0.027065669313491556,0.01451170129325872,0.16451647125285526,0.0,,0.0003443930335764342,0.00011924822337430185,-7.255573396210726e-05,-0.00036245612987255286,0.00045261667410445973,0.0011318800204910275,0.0016962208129837556,0.0023484557215511922,0.0024025675533242965,-0.002346767113367763,0.004314374576209316,-0.0067993685409167975,-0.004207332792302375,intermediate,ok
7202800102,1A 1744-361,NS,6,0,60513.18588,1299.0,https://nasa-heasarc.s3.amazonaws.com/nicer/data/obs/2024_07/7202800102/xti/event_cl/ni7202800102_0mpu7_cl.evt.gz,3151603,3151603,eof,132063,132063,1,6,3,1298.914834201336,30.213541666666668,7.0,16347.0,4881.0,1976.0,0.2985868966782896,0.4048350747797582,-0.00044014153493237516,0.0007417150718832068,-0.020979550398718634,0.012028569722879825,0.0021625349677199808,0.10967483632483718,0.025376459289935503,0.0018405441230540142,0.15929990360931015,0.04687871968346646,0.006113392387109209,0.21651494101670318,0.0681172795842845,0.03389936198646386,0.26099287266951277,0.19938899190858428,2.0682881882064352,0.0001947046634662716,-0.0003540716305920072,-0.00010748360855488698,-7.117700251392512e-05,0.0014547448269886336,0.001737994074418962,0.008742198479751924,0.01626178020570665,0.009300902132677603,0.00971949420996517,-0.002150129088381041,0.004406082156775901,-0.00937906932538777,hard-like,ok
7202800106,1A 1744-361,NS,7,0,60517.56944,2031.0,https://nasa-heasarc.s3.amazonaws.com/nicer/data/obs/2024_07/7202800106/xti/event_cl/ni7202800106_0mpu7_cl.evt.gz,16777216,23934286,target segments,738223,738223,0,10,0,1436.3194789290428,198.7953125,7.0,191928.0,48744.0,13786.0,0.2539702388395648,0.2828245527654686,0.0005552215847522677,0.00010200584298114922,0.02356314038391886,0.00045606135848283436,0.0002400173474011919,0.02135559314284748,-8.428261933770339e-05,0.0003631684647041708,-0.00918055659193403,0.0009580562840552475,0.0008997180034232833,0.030952484295371955,0.002525647061277091,0.00319957275872228,0.05025581619352223,0.051950565588740255,2.673975545543497,0.0003634533915042517,0.00015351822007932597,0.00021403280342154908,0.00025098657147288895,0.00018189395852096326,0.00013803185297874929,5.795705170445492e-05,-0.0002818054661665955,0.0002123853318860627,0.0002861558787997541,-0.0008531952054617875,0.0007195689868031221,0.0012558778894472644,soft-like,ok
3050450124,2S 0918-549,NS,2,2,59051.24234,1941.0,https://nasa-heasarc.s3.amazonaws.com/nicer/data/obs/2020_07/3050450124/xti/event_cl/ni3050450124_0mpu7_cl.evt.gz,4694317,4694317,eof,195580,195580,0,6,0,1939.7476493418217,20.240885416666668,7.0,12611.0,2293.0,641.0,0.18182539053207517,0.27954644570431747,-0.0006914442713056158,0.0007929215789481513,-0.02629532793683349,-0.0033574676244566195,0.0021855206057438343,-0.05794365905305446,-0.00028661624307602297,0.007781886800356955,-0.01692974432990714,0.009558473720062308,0.008109143610292524,0.09776744713892405,0.06662074500311943,0.02515710574684186,0.2581099475090401,0.20839090665731047,13.736017247412363,-0.00023324187267131263,-0.00035332678352182473,-0.00017757975216214217,0.0004005758222218719,-0.0014941595096361303,-0.002543946637809922,-7.170137464134022e-05,0.0003291000555325232,-0.0004244899588212935,0.011788072487642928,0.01933800374004505,0.0045217332613270685,0.012347730499950407,intermediate,ok
3050450169,2S 0918-549,NS,4,0,59263.99074,3542.0,https://nasa-heasarc.s3.amazonaws.com/nicer/data/obs/2021_02/3050450169/xti/event_cl/ni3050450169_0mpu7_cl.evt.gz,14094931,14094931,eof,600765,600765,0,19,0,3541.1069320738316,36.35608552631579,7.0,69315.0,14468.0,4635.0,0.20872826949433745,0.3203621786010506,0.000371743013026391,0.00047946672652416695,0.01928063829406047,-0.00037983878258973446,0.0013221279532151739,-0.019489453111612303,0.004221358172732601,0.002351393652213212,0.06497197990466815,0.008483242469970472,0.003671312132810449,0.09210451927006878,0.007041169548142123,0.014421691495641618,0.08391167706667602,0.14709403600323992,9.890714619450893,0.00012106267619907669,0.0003236688240821267,0.0002747074383707924,-2.6526458288994803e-05,-0.0007629262245026175,0.00032574650892311136,0.0001240913239138434,0.00027019009153811125,0.0036843108991328833,0.0038629347962058865,0.003973156590555024,0.0027929358875728315,0.006673303074020366,intermediate,ok
4050450150,2S 0918-549,NS,5,0,59590.00139,5425.0,https://nasa-heasarc.s3.amazonaws.com/nicer/data/obs/2022_01/4050450150/xti/event_cl/ni4050450150_0mpu7_cl.evt.gz,16777216,20638176,target segments,704841,704841,0,25,0,4493.721866160631,34.1096875,7.0,86395.0,17734.0,5022.0,0.20526650847849992,0.2831848426750874,0.00018598056912505603,0.0003195833510783426,0.013637469307941852,0.0012512056143174175,0.0009239509090029608,0.035372384911360126,0.0008024334696600358,0.002057649693913006,0.028327256656090715,0.0005150279378808871,0.0034700700700798074,0.022694226972533944,0.004164433064789169,0.01226125731868234,0.06453241871175425,0.05936820724971628,3.2228591345333935,4.91345683260341e-05,0.0002036438838921162,-0.0002695633668699857,0.00011255697781733269,0.0001613308314633535,-4.539398838039245e-05,0.0013099668272226104,-0.0012247905675282277,0.0019918690554857022,-0.0007882084803001061,-2.2163808647437925e-05,0.001431734346820307,0.0006144677527439588,soft-like,ok
5050450128,2S 0918-549,NS,6,1,59761.20531,2938.0,https://nasa-heasarc.s3.amazonaws.com/nicer/data/obs/2022_07/5050450128/xti/event_cl/ni5050450128_0mpu7_cl.evt.gz,9139199,9139199,eof,381458,381458,0,17,0,2937.809658706188,25.98207720588235,7.0,45347.0,8880.0,2310.0,0.19582331797031777,0.26013513513513514,0.00026673660457680995,0.0006357284820487927,0.01633207288058714,0.0014201446056896847,0.0014991066510639257,0.03768480603226829,0.0024120387499387058,0.002073435427032126,0.04911251113452361,0.007963785335808953,0.004615426814473688,0.08924004334271109,0.013492610521251665,0.02193254081333728,0.11615769678007422,0.1600193163406692,13.28218536508398,-1.72493951017238e-05,-0.00020045873913494727,0.00014244395831597466,0.00023678694232932287,0.000814325522794212,0.00044826558720643006,6.203479860582043e-05,0.0007648681607508561,0.0018306537293375303,0.001461733169564418,0.004098212298975155,0.008362824591360654,0.007601740977131456,intermediate,ok
5050450152,2S 0918-549,NS,7,2,59898.02407,1198.0,https://nasa-heasarc.s3.amazonaws.com/nicer/data/obs/2022_11/5050450152/xti/event_cl/ni5050450152_0mpu7_cl.evt.gz,3780113,3780113,eof,163972,163972,0,8,0,1197.9648556113243,24.6064453125,7.0,20301.0,3811.0,1085.0,0.18772474262351607,0.2847021779060614,3.249288354468773e-05,0.0009050079294519506,0.005700252936904443,0.005473704036238574,0.003295050403785524,0.07398448510490949,0.010733772722297192,0.0024637749139451194,0.10360392233065885,0.02876182955272541,0.007120652381700485,0.16959312943844573,0.021088484901373907,0.03283621005458489,0.14521874844996396,0.23082094875783302,6.948405799533919,-5.0578218642493836e-05,-0.00017262958071763483,-0.00010192200392459596,0.00017108770078920067,0.00019217143441689583,0.002356541081731254,0.003206864498917504,0.0029144623318319096,0.007673394179035921,0.01274760795224495,0.00530738694963027,0.011969522573559429,0.007064401486593564,hard-like,ok
1050010106,4U 0513-40,NS,0,1,58467.08618,13927.4887757003,https://nasa-heasarc.s3.amazonaws.com/nicer/data/obs/2018_12/1050010106/xti/event_cl/ni1050010106_0mpu7_cl.evt.gz,16777216,42929849,target segments,726121,726121,1,34,3,5317.45050150156,21.79296875,7.0,74324.0,15601.0,4918.0,0.20990527958667457,0.31523620280751236,0.0003814886285853992,0.00038315216284983235,0.019531733885792095,-0.00196140900258326,0.0012308376610952114,-0.04428779744560865,0.001626622185458674,0.002091092169899977,0.040331404456808516,0.0030603900885259115,0.0040130649347880935,0.05532079255149831,0.009880091724810568,0.015145799554293049,0.09939865051805567,0.1299085428856126,28.65150821444996,6.42258714259662e-05,9.35175263049285e-05,0.0001821490016309011,-9.0880714795974e-05,-0.00012544880987302534,-0.0007839855083587658,-0.0007869481608015931,0.0004682954892159659,0.0010900029881383765,0.001389484344706376,0.0012464888238436793,-0.007090597314439009,0.02121992597766522,soft-like,ok
1050010108,4U 0513-40,NS,1,0,58469.06712,5548.0,https://nasa-heasarc.s3.amazonaws.com/nicer/data/obs/2018_12/1050010108/xti/event_cl/ni1050010108_0mpu7_cl.evt.gz,16348683,16348683,eof,702342,702342,0,39,0,5547.8620839715,23.078525641025642,7.0,89124.0,19755.0,6329.0,0.2216574660024236,0.32037458871171853,0.00011501275541993033,0.0004341975216426251,0.01072440000279411,-0.00012119720168902208,0.0010814270360926792,-0.011008960063921663,0.00044892298690439185,0.0022785430248148802,0.021187802786140707,0.006835756186791373,0.004056891905732796,0.08267863198427616,-0.011461419143935692,0.017836917279763668,-0.10705801765368016,0.0931554841927256,8.530816376896892,-1.730760334240449e-05,0.00010120029569837011,0.00018316505799082687,-0.0004946675100473428,-0.0003978933089394532,0.0006479890531999183,2.3288113817160393e-05,-0.0011183997737265886,0.0014980566126424095,0.005680603172389574,0.0012716542487467113,-0.0030841863934991717,0.004384442270251139,intermediate,ok
1050010109,4U 0513-40,NS,2,0,58470.03257,7565.0,https://nasa-heasarc.s3.amazonaws.com/nicer/data/obs/2018_12/1050010109/xti/event_cl/ni1050010109_0mpu7_cl.evt.gz,16777216,23560785,target segments,721410,721410,0,38,0,5423.692440509796,24.514597039473685,7.0,92039.0,20377.0,6823.0,0.22139527808863635,0.33483829808116994,0.0005704663811768706,0.00033930699312842335,0.023884438054450237,0.00028187644779976046,0.0011774586066754444,0.01678917650749317,-0.0017165722663809052,0.003063762306172848,-0.04143153709894077,-0.0011984785009282787,0.0052312555099122,-0.034619048238336635,-0.03352939382218937,0.018314028682726767,-0.1831103323741983,0.0,,0.0006625073254484475,0.000322969290398497,0.0003460151495514468,0.00023841318250098685,0.0009769169841637043,-0.000324761198462896,-0.0006277567962174724,0.0018465211286384248,-0.0036425471779769655,-0.0009877932059181467,0.00013103658804406273,-0.001034796767109418,-0.0032771823182271825,soft-like,ok
1050010112,4U 0513-40,NS,3,0,58472.99216,2623.0,https://nasa-heasarc.s3.amazonaws.com/nicer/data/obs/2018_12/1050010112/xti/event_cl/ni1050010112_0mpu7_cl.evt.gz,9867373,9867373,eof,425054,425054,0,18,0,2622.9251383543015,30.91362847222222,7.0,55158.0,12307.0,3760.0,0.22312266579643933,0.3055171853416755,0.00014337187239793077,0.0003412666648730585,0.011973799413633534,0.0008482862407363179,0.0012533510701488826,0.029125353916069723,0.002626863908951917,0.0033915176228231318,0.051252940490784694,-0.002220418162517777,0.005004624801237942,-0.04712131325120064,-0.004902431460022836,0.01969212398422188,-0.0700173654176079,0.0,,0.00024502112591363916,7.842479082863639e-05,1.667483079720939e-05,0.0003410191427180426,-0.00015611933802882387,0.0005199772625725137,0.0001612858894242717,-0.000578710608243711,0.003235970052018026,-0.0031258382975378196,-0.001066194215986335,-0.003994487088693931,-0.0008263458558987219,soft-like,ok
1050020123,4U 0614+09,NS,0,0,58046.9875,21986.4259372205,https://nasa-heasarc.s3.amazonaws.com/nicer/data/obs/2017_10/1050020123/xti/event_cl/ni1050020123_0mpu7_cl.evt.gz,16777216,228656284,target segments,733950,733950,0,9,0,1274.610460639,105.17274305555556,7.0,98630.0,17808.0,4721.0,0.18055358410220015,0.2651055705300988,6.514700551556186e-06,0.00010530577159324495,0.002552391143919009,0.002081469555825249,0.000615434912015136,0.04562312523079989,0.005728569740857169,0.0009398330505373697,0.07568731558760139,0.015972959326540866,0.0017990709500392138,0.12638417356038242,0.02344062231469156,0.0069334250677046275,0.1531033060214297,0.1820992808009933,8.600437783497823,2.028961704676313e-05,-4.136912262400238e-05,4.625270726078207e-05,5.8676789205520155e-05,0.0003227066109000947,0.0002789772400742827,0.0014240976121914918,0.0013687315956425108,0.004358480564583295,0.005187482135903191,0.008517789580244923,0.008348440673928642,0.003269592063881516,hard-like,ok
1050020141,4U 0614+09,NS,1,0,58073.18032,1740.64814960957,https://nasa-heasarc.s3.amazonaws.com/nicer/data/obs/2017_11/1050020141/xti/event_cl/ni1050020141_0mpu7_cl.evt.gz,33554432,43987975,target segments,1497534,1497534,0,9,0,1345.3615002334118,264.7829861111111,7.0,242654.0,47829.0,14547.0,0.1971078160673222,0.30414602019695164,0.0002622178747826078,9.115624923037995e-05,0.01619314283215608,0.00019240222663404158,0.00018614903616005106,0.013870912970458778,0.00016107847763929752,0.00036154676787280497,0.012691669615905447,0.0012066159204888005,0.0006589462090968335,0.034736377480802466,0.0037184892592065024,0.002147567725459026,0.060979416684701915,0.055811616890427976,4.6731299427385515,0.00019667246758011322,6.607922953229172e-05,0.0001637557822359242,5.849839809384888e-05,1.6216790568133796e-05,-7.567524807865943e-05,0.00024664573595282037,0.000293174916399772,-0.00015299702564818481,0.001104195192038315,-0.00012446885540443603,-8.516899395616288e-05,0.0014080081906101293,soft-like,ok
1050020160,4U 0614+09,NS,2,0,58099.37431,1772.77974578738,https://nasa-heasarc.s3.amazonaws.com/nicer/data/obs/2017_12/1050020160/xti/event_cl/ni1050020160_0mpu7_cl.evt.gz,16777216,74200234,target segments,739784,739784,0,6,0,862.9395719915628,188.17317708333334,7.0,117193.0,21866.0,5458.0,0.18658110979324705,0.24961126863623892,2.8607196725405272e-05,4.562070487661198e-05,0.005348569596200958,0.00026691483010425984,0.00047678144251603387,0.01633752827401562,-0.0005209486187442958,0.0008010816463590769,-0.0228242988664339,-0.0013323259496632954,0.0019423530660481877,-0.03650104039151891,0.0005861005701026544,0.005578063930801234,0.0242095140410264,0.0,,6.733353498331818e-05,2.6493569574906864e-05,1.0285845675506684e-06,5.8997921236473524e-05,-4.15710226189873e-05,0.00013889903008789759,9.038746909607655e-05,-0.0003753558080149038,-0.00012430633584364483,-0.0008133389209374324,0.0008115908698785251,0.0010543628415788982,-0.00265763898671013,soft-like,ok
1050020190,4U 0614+09,NS,3,0,58132.05947,3872.0,https://nasa-heasarc.s3.amazonaws.com/nicer/data/obs/2018_01/1050020190/xti/event_cl/ni1050020190_0mpu7_cl.evt.gz,33554432,69641890,target segments,1474681,1474681,0,12,0,1771.596158578992,169.427734375,7.0,210682.0,39147.0,10412.0,0.185810842881689,0.26597184969474036,3.229835157721214e-05,8.565673293147253e-05,0.005683163870346529,0.00036402507718034043,0.00037319963532249443,0.01907944121771758,4.823536596744576e-05,0.00032310690780999664,0.006945168534128294,-0.0013052124405272007,0.0009397033375513302,-0.036127723987641414,0.0027765559798176775,0.0028447711337379594,0.052693035401442545,0.06972594556519204,23.67830797113807,1.0044694420923857e-05,6.221485499439366e-06,2.710473396268493e-05,7.588415512543564e-05,5.625330587890088e-05,1.1950581377802668e-05,0.0002497043047376093,0.00011127639678475618,-9.383616864163042e-05,-0.0004626057185479692,-0.0030776402047297613,0.004208099865768113,0.003739250053323819,soft-like,ok
1050020229,4U 0614+09,NS,4,0,58411.08542,5101.0,https://nasa-heasarc.s3.amazonaws.com/nicer/data/obs/2018_10/1050020229/xti/event_cl/ni1050020229_0mpu7_cl.evt.gz,33554432,114294793,target segments,1493640,1493640,0,9,0,1431.5243679881096,240.34635416666666,7.0,223192.0,42725.0,10962.0,0.19142711208287036,0.2565710942071387,0.00014507693472733541,9.762469981004253e-05,0.012044788695835864,0.00017499262683702172,0.0002427340185620794,0.013228477873021586,-3.8459889130307776e-05,0.0005505293905974719,-0.00620160375469989,0.0007701822973279034,0.0006934431749845478,0.027752158426470244,0.004860972120972502,0.0024475791741681596,0.06972067212077421,0.06794550331232244,9.763682352433147,0.00011668384646783657,0.00016073168884451615,-2.511232454685976e-05,6.761832786737331e-05,-7.008697610159627e-05,1.4544817717873747e-05,0.00017911737418925804,1.1456496146267632e-05,-5.6659731682783495e-05,0.00013313080031472554,0.0023006730660769656,0.000539193875774622,0.0012453001592966208,soft-like,ok
1050020233,4U 0614+09,NS,5,0,58415.08477,2532.0,https://nasa-heasarc.s3.amazonaws.com/nicer/data/obs/2018_10/1050020233/xti/event_cl/ni1050020233_0mpu7_cl.evt.gz,16777216,44998275,target segments,743473,743473,0,8,0,1124.5458407700062,121.7880859375,7.0,102338.0,17936.0,4437.0,0.1752623658855948,0.24737957181088313,-9.369213968280463e-06,0.00021161389347188673,-0.003060917177625109,0.0004630481324089667,0.0005577182361048141,0.021518553213656505,0.0021742652763827347,0.0008572329052154843,0.04662901753610872,0.005942112693952286,0.0013814417250867283,0.07708510033691521,0.007638645891556497,0.007169629761583402,0.0873993472032629,0.13397201507358816,9.123679258345502,2.2116136641351943e-05,1.9174733086625143e-05,-0.00011083213258479254,-4.494005236002821e-06,0.00031877534560335023,0.00014042972666398438,0.00016549410100503325,0.001299430171623024,0.0007999662546621987,0.0030499099143406054,0.006592868124646033,0.00469940863935709,0.0009562538130692343,intermediate,ok
5050020204,4U 0614+09,NS,6,0,59859.99398,5685.0,https://nasa-heasarc.s3.amazonaws.com/nicer/data/obs/2022_10/5050020204/xti/event_cl/ni5050020204_0mpu7_cl.evt.gz,16777216,66250564,target segments,735300,735300,0,12,0,1723.867762863636,77.34440104166667,7.0,96326.0,17797.0,4678.0,0.1847580092602205,0.2628532898803169,5.900782625498316e-05,0.0001907579559855791,0.007681655176782095,0.0017520113334883107,0.0005961070648339795,0.04185703445644842,0.006329413590873733,0.0013824164984744083,0.07955761177205946,0.014599963644069696,0.002589632094115678,0.12083030929394203,0.006405654025190729,0.009088362316408877,0.08003532985619993,0.19937136218535234,9.50812333962748,5.251066905726779e-05,-0.00013792801831353073,2.9451655588284197e-05,0.000298694341506152,0.0007584808597212498,-6.342853154302345e-05,0.0009834800442126783,0.0018079424398455548,0.004463739959599662,0.0045112418962799505,0.01238982814292913,0.009132026114551833,0.005522900486207738,hard-like,ok
5050020226,4U 0614+09,NS,7,0,59932.54074,1466.0,https://nasa-heasarc.s3.amazonaws.com/nicer/data/obs/2022_12/5050020226/xti/event_cl/ni5050020226_0mpu7_cl.evt.gz,16777216,28603881,target segments,756395,756395,0,6,0,898.8804567456245,156.87760416666666,7.0,98338.0,17757.0,4387.0,0.18057109154141837,0.24705749845131497,0.00020828393716453212,0.00017259638236054008,0.014432045494819233,0.00038251872794271575,0.0004896402368366245,0.019558085998960015,0.0004322566235473518,0.0013504496154092879,0.020790782177382162,0.00409410782424378,0.0019486630004429384,0.06398521566927613,0.011396293242054871,0.010214305635684843,0.10675342262454572,0.14278846581985857,24.857467817577152,-4.3502000578885645e-05,3.1461815193861215e-05,-3.00726483237741e-05,0.00022557083051510298,-4.681250816566349e-05,1.7816399452637295e-05,0.0003565939397255408,-0.0002570126370944329,0.0007255140973513279,0.0011543461522057752,0.002175128446553449,0.0025940815260692457,0.013485432558284735,soft-like,ok
1050530104,4U 0836-429,NS,0,0,58482.0715,2001.0,https://nasa-heasarc.s3.amazonaws.com/nicer/data/obs/2018_12/1050530104/xti/event_cl/ni1050530104_0mpu7_cl.evt.gz,1829173,1829173,eof,74650,74650,0,12,0,2000.1620826125145,22.173828125,5.5,9019.0,9031.0,16326.0,1.0013305244483868,1.8077732255564167,0.011361323818440862,0.005325345699882658,0.10658951082747711,0.001167425129914805,0.0016682132330210356,0.034167603514364375,-0.0020930060120589876,0.00182532926016387,-0.04574938264128804,-0.0008363435193116042,0.002867363330239429,-0.028919604411395468,0.012135696203161864,0.008937198025362,0.11016213597766641,0.22974158034343856,0.13626592957575623,0.031379968635055724,0.006975456285608504,0.0025178631636023512,0.002424427415916829,0.000731217237954278,0.0003907856302021978,-0.0005206897373851505,-0.0010150803431075556,-0.0010682367164947775,-0.003102067157695208,0.011438505445740469,-0.005001499064906544,0.0076305429442095184,soft-like,ok
2200970102,4U 1246-588,NS,0,2,58809.16846,1475.0,https://nasa-heasarc.s3.amazonaws.com/nicer/data/obs/2019_11/2200970102/xti/event_cl/ni2200970102_0mpu7_cl.evt.gz,5861948,5861948,eof,171084,171084,0,7,0,1474.9461682736874,31.549107142857142,7.0,22010.0,4941.0,1317.0,0.22448886869604726,0.2665452337583485,0.0004142273366792264,0.0006574844222755428,0.020352575676784165,0.002247009717543887,0.002205868609982162,0.047402634078117296,0.0028615934417897046,0.006240996240468334,0.05349386359003904,0.013993074030583372,0.009138261536368408,0.11829232447873941,0.006415245955139266,0.03972123366192553,0.08009523053927285,0.21096050577506842,10.008600197609107,9.38633260427343e-05,1.3638410551559602e-05,0.0006057867384724803,0.00040565071931412,0.0006014475089880869,-0.000981006242936645,0.0020979648839864677,0.00034648231941195186,0.0024328661582247975,0.0029419408606253497,0.01451024327207814,0.021319271317669072,0.00011618572444456277,hard-like,ok
8200970113,4U 1246-588,NS,5,0,60822.28171,1679.0,https://nasa-heasarc.s3.amazonaws.com/nicer/data/obs/2025_05/8200970113/xti/event_cl/ni8200970113_0mpu7_cl.evt.gz,16777216,26418124,target segments,724976,724976,0,9,0,1623.6428650021553,32.09288194444444,5.444444444444445,14738.0,10412.0,11821.0,0.7064730628307776,1.1353246254321936,0.3048578433394779,0.008636563883957971,0.5521393332660497,0.0821194696809436,0.0024687638798766513,0.28656494845138264,0.0025807632321321636,0.00017904716562829704,0.05080121290020705,0.0829161078159144,0.0019810586063465987,0.28795157199764404,0.01969487687829941,0.0023750533004193645,0.14033843692409934,0.9473121326653358,0.02173715926434571,0.508034651190467,0.17236822689271272,0.08835124566405254,0.06008172070181168,0.05298384082401708,0.006695383921531305,0.00643343506496608,0.0014232646694027826,0.0012209585140594134,-0.0017773099255447818,0.0009452857906973951,0.0034654893350919724,-0.002825915948318613,hard-like,ok
8200970115,4U 1246-588,NS,6,0,60824.02175,2738.0,https://nasa-heasarc.s3.amazonaws.com/nicer/data/obs/2025_05/8200970115/xti/event_cl/ni8200970115_0mpu7_cl.evt.gz,33554432,80208409,target segments,1429301,1429301,1,11,0,2304.0313880443573,354.36008522727275,5.181818181818182,119156.0,117750.0,262033.0,0.9882003424082715,2.2253333333333334,0.09859580427043078,0.044003030602961186,0.31399968832855674,0.04510071408070992,0.016538521446237252,0.21236928704666763,0.008516670141755004,0.0034435251734964427,0.09228580682724188,0.05447909766295838,0.020031732255837615,0.23340757841800763,-0.0007674374925900463,0.0005423707969034725,-0.027702662193190862,0.48878877703389584,0.04245151599991739,0.08572765472161364,0.05426120083338917,0.01716394114262996,0.02983141978985025,0.014951744440961468,0.017016047570967967,0.010414836484681793,0.005732176858156219,0.0028418213722588913,0.0008952799743663442,0.0003887337835842219,0.0004748082575951047,-0.000785196675763516,hard-like,ok
8200970119,4U 1246-588,NS,7,0,60828.20532,1291.0,https://nasa-heasarc.s3.amazonaws.com/nicer/data/obs/2025_06/8200970119/xti/event_cl/ni8200970119_0mpu7_cl.evt.gz,2447839,2447839,eof,99059,99059,0,6,0,1290.6468163132668,29.919270833333332,7.0,7964.0,5274.0,9740.0,0.662230035158212,1.8467956010618127,0.025509799961001268,0.016431184084934672,0.15971787614729063,0.022793333505020396,0.014209471840785814,0.1509746121207814,0.010931325122656705,0.007072882088197456,0.10455297758866891,0.0408062465540461,0.02113087958183976,0.20200556070080372,-0.017103069205935503,0.007618754740559314,-0.13077870318188473,0.2913746726898884,0.1112249812066509,0.03534495948451205,0.013338094439932408,0.007881779361145523,0.0055950823631246895,0.004142843611947488,0.0069410718809487775,0.010332732856672988,0.0034671011102828126,0.007535752964623677,0.005330738799650389,0.006172883349789644,-0.0169498571664624,-0.004233983171028445,hard-like,ok
1050470102,4U 1254-69,NS,0,0,58087.99424,1302.0,https://nasa-heasarc.s3.amazonaws.com/nicer/data/obs/2017_11/1050470102/xti/event_cl/ni1050470102_0mpu7_cl.evt.gz,11191832,11191832,eof,508953,508953,0,8,0,1301.9709461033344,102.59765625,7.0,80244.0,19602.0,5214.0,0.24427994616419918,0.265993265993266,0.0007954124200492818,0.00029178550479746227,0.02820305692738434,-0.0003327004002935575,0.0004504698378071295,-0.01824007676227152,0.0013809696460661623,0.0012067103569999508,0.03716139994760911,0.0006046637911046887,0.0026498898906274827,0.02458991238505515,0.006015144574257505,0.006766023393553628,0.07755736312083789,0.06533131310072714,7.747315790060187,3.171176716608631e-05,0.00010185846621316712,0.00046521718165244875,0.00023737373775894243,0.00010328519899183261,8.5514895729083e-05,-0.0005341331727478934,0.0006663076164133805,0.0007182577418109259,-0.0014979094895560304,-0.00012029837028653893,0.00042962137453706877,0.003581373523782769,soft-like,ok
3050470108,4U 1254-69,NS,1,0,58961.06898,1804.0,https://nasa-heasarc.s3.amazonaws.com/nicer/data/obs/2020_04/3050470108/xti/event_cl/ni3050470108_0mpu7_cl.evt.gz,11033744,11033744,eof,468836,468836,0,10,0,1803.8681972026825,86.7046875,7.0,84426.0,20690.0,5866.0,0.2450666856181745,0.2835186080231996,0.00021131811351832026,0.00013545272043888424,0.014536784841164854,0.0005779137328756948,0.000693297269194032,0.024039836373729643,-0.0006641198479711218,0.0013327580945813923,-0.02577052285016976,-0.00022836872935236074,0.0013895207252502865,-0.015111873786938559,0.005260034795227143,0.007354066874603395,0.07252609733900717,0.06319175259480109,5.06804864619467,0.00010317476237683501,1.0354261138058695e-05,0.0001595321869338144,0.00010456258904445112,0.00047021120935450183,0.0002121127529225461,-0.00021740570099239176,0.0004405517835449203,-0.001054807083523008,0.001073651625260039,0.0008248861458701648,0.0004228210824131944,0.0014435519816594238,soft-like,ok
3050470110,4U 1254-69,NS,2,0,58963.3912,1309.0,https://nasa-heasarc.s3.amazonaws.com/nicer/data/obs/2020_04/3050470110/xti/event_cl/ni3050470110_0mpu7_cl.evt.gz,7421712,7421712,eof,314490,314490,0,4,0,1308.5725809633732,79.53125,7.0,30720.0,7774.0,2226.0,0.2530598958333333,0.28633907898121946,4.390648011443521e-05,0.00016940127521624873,0.006626196504363209,-0.0005402880661743213,0.001273318817114893,-0.02324409744804735,0.005177935935565715,0.0013631875897537973,0.07195787611905811,-0.0006044464587091808,0.002253700493442542,-0.02458549285064631,-0.020345763575786383,0.020238526909361714,-0.14263857674481467,0.0,,-7.370089201142257e-05,0.00018125117708767268,0.0001130954203618714,-0.00019789835228547757,0.0002230202293032154,-0.00010671295991863218,-0.0006588425587548254,0.0020624886110489522,0.0030651527826630522,-0.004933401218192611,0.0033780719513563026,-0.011589003758669192,0.007221834122904701,soft-like,ok
3050470160,4U 1254-69,NS,3,1,59246.39699,1844.0,https://nasa-heasarc.s3.amazonaws.com/nicer/data/obs/2021_02/3050470160/xti/event_cl/ni3050470160_0mpu7_cl.evt.gz,10651709,10651709,eof,448339,448339,0,10,0,1843.9040860533714,76.88359375,7.0,76600.0,17447.0,4364.0,0.22776762402088774,0.2501289619991976,0.00022465880516235191,0.00018940711425445236,0.014988622523846275,-0.0009943080834506493,0.0006427060655732549,-0.03153265106917985,-0.0022518557788068607,0.0008430165462928862,-0.04745372249683749,-0.0019058663014835356,0.0026090644329270834,-0.04365622866766592,0.004335439895899448,0.005446669910271043,0.06584405740763132,0.0,,0.00019361053641738096,0.00017638398938063106,4.254847065292501e-05,-0.00011095599102577855,-0.00017038194232685546,-0.0008480217851074352,0.00011367567196597501,-0.0018884776709182174,-0.0003362757997164026,-0.00010120755255938102,0.0011770434100616118,-0.002022352060891849,-0.012551880602510349,soft-like,ok
4050470135,4U 1254-69,NS,4,0,59487.63116,1331.0,https://nasa-heasarc.s3.amazonaws.com/nicer/data/obs/2021_09/4050470135/xti/event_cl/ni4050470135_0mpu7_cl.evt.gz,8198979,8198979,eof,356109,356109,0,7,0,1330.8499158620834,76.21875,7.0,52045.0,12803.0,3444.0,0.2459986550100874,0.2689994532531438,0.0013062515440371398,0.0008299792499026444,0.036142102097652534,-0.0006523016471768719,0.0014572676226651115,-0.0255401966941696,0.002161288416205674,0.0015579509532033058,0.0464896592395091,0.0003439320116413665,0.0031899213091023224,0.018545404057107154,-0.0010614548611363338,0.006609790829116068,-0.0325799763832992,0.06395169608193085,4.0716814529675895,0.00022142243585903887,0.00017954345519636072,0.0007638150419688867,0.00032012199997957027,0.00013771164107336187,-0.00046134170266900386,-0.00036226748301453754,0.0004284756173320129,0.001809179743199291,-0.004024171295458261,0.0020410020454691646,0.001338486470186645,0.001697841462633121,soft-like,ok
4050470160,4U 1254-69,NS,5,0,59599.16759,1217.0,https://nasa-heasarc.s3.amazonaws.com/nicer/data/obs/2022_01/4050470160/xti/event_cl/ni4050470160_0mpu7_cl.evt.gz,7105988,7105988,eof,298561,298561,0,6,0,1216.6991775035858,76.38151041666667,7.0,44964.0,10727.0,2970.0,0.23856863268392492,0.2768714458842174,0.0006139274853180178,0.0003730435633056969,0.024777560116323354,-0.0004787206512927359,0.0012180613184045762,-0.021879685813391742,0.0027796959561853483,0.0015878632365114377,0.05272282196720267,0.006190378765069774,0.0025246907412072774,0.07867896011685573,-0.005574509365034943,0.009482603739107445,-0.07466263700831188,0.11687451230472254,10.847841770691176,7.419298950020157e-05,0.0003114750867030825,0.00030673053068334624,0.00016062404212587505,0.00012414610402165807,-0.0005165442980670317,-0.0003068114847697214,0.0006307278392030051,0.0022045549703104167,0.003462257135875754,0.0005624318377137646,-0.0016798064653074335,0.008325673338473824,intermediate,ok
5050470121,4U 1254-69,NS,6,0,59769.10509,1071.0,https://nasa-heasarc.s3.amazonaws.com/nicer/data/obs/2022_07/5050470121/xti/event_cl/ni5050470121_0mpu7_cl.evt.gz,5339569,5339569,eof,229849,229849,0,5,0,1070.8755244612694,68.2296875,7.0,34160.0,7605.0,1902.0,0.2226288056206089,0.25009861932938854,0.0005658157480732512,0.00022086629591696474,0.023786881848473777,-0.0007044011185530205,0.0008649691448956226,-0.026540556108586355,-0.002981199315055548,0.0020270269538987034,-0.05460036002679422,-0.005186402529084999,0.0021760896553807366,-0.07201668229712473,-0.012344726432057711,0.02141588320594783,-0.1111068244171244,0.06733788379039721,19.79269304549363,0.0003622641490183524,1.158135409796954e-05,0.00025876328344492694,0.0004922172684258877,4.188504199643724e-05,0.00034987442129187245,-0.0012800658665958855,-0.0011388420838476195,-0.0018551981043489064,-0.0020077420457638552,-0.0017709641942784892,0.0007414876760781395,0.01032912969385021,soft-like,ok
5050470125,4U 1254-69,NS,7,0,59778.17779,1920.0,https://nasa-heasarc.s3.amazonaws.com/nicer/data/obs/2022_07/5050470125/xti/event_cl/ni5050470125_0mpu7_cl.evt.gz,10311433,10311433,eof,436827,436827,0,13,0,1919.9180440306664,75.75120192307692,7.0,94824.0,23861.0,7365.0,0.2516346072724205,0.30866267130463937,0.0003267465367634549,0.0002038801260638608,0.018076131686936087,0.0006812689536759758,0.0007534921591528717,0.026101129356331996,-0.00040475809685205314,0.0011034787246365263,-0.020118600767748566,-0.0001390963461993247,0.0021307849236894467,-0.011793911403742386,-0.008887196586346183,0.00741583768820764,-0.09427192894147327,0.08297637454144319,17.389964956044274,7.59203234394187e-05,0.00020897632680070446,8.484954480979327e-05,5.934663753354532e-05,0.0002582483051967401,-0.00019087758545470186,0.0006249489322127501,0.00026807169280936754,-0.0007103064603208213,-0.0008107916659550698,-0.0035648523080491954,0.00503276706534337,0.00554877792367596,soft-like,ok
1105010106,4U 1323-62,NS,0,1,58028.00972,4304.0,https://nasa-heasarc.s3.amazonaws.com/nicer/data/obs/2017_10/1105010106/xti/event_cl/ni1105010106_0mpu7_cl.evt.gz,9329295,9329295,eof,462019,462019,1,22,2,4303.537333324552,25.480113636363637,7.0,21640.0,18162.0,31950.0,0.839279112754159,1.7591674925668979,0.7786171961647274,0.13033691017161708,0.8823928808443138,0.92696507564319,0.11373055593578074,0.9627902552701653,0.13116799999361564,0.01820010753643588,0.36217123021247233,1.0627710567603486,0.11706008125686669,1.0309078798614106,0.0143277037252982,0.011398755620384967,0.11969838647742166,1.4900409810870623,0.09329919801170974,0.37743482210797036,0.1154861210224438,0.4654824619668191,0.3102779425953993,0.4636819268962149,0.12413907407439286,0.2174114304914346,0.12333083690904896,0.016940477845779456,0.0031363192832847774,0.003252021392888369,0.0022949510019631045,-0.0026462602687437357,hard-like,ok
1105010151,4U 1323-62,NS,1,1,58488.11551,1738.0,https://nasa-heasarc.s3.amazonaws.com/nicer/data/obs/2019_01/1105010151/xti/event_cl/ni1105010151_0mpu7_cl.evt.gz,5207409,5207409,eof,219799,219799,1,8,3,1737.7617618441582,61.6416015625,7.0,16981.0,15734.0,30406.0,0.9265649843943231,1.932502860048303,0.23926300069471998,0.040309039232707414,0.48914517343496294,0.17737609788064335,0.033774443131945345,0.42116041822640854,0.01102896512604599,0.002696089744607217,0.10501887985522408,0.19097667717657155,0.03686681650120449,0.4370087838666078,-0.007666990001768208,0.006909478484126099,-0.0875613499311666,0.7798331733244478,0.051013457354147286,0.18264095298396685,0.08284936272212569,0.09786556516259104,0.07457405112668546,0.08092958455578646,0.05943197365104604,0.020970593815939968,0.007256498970595667,0.0037904336966389273,-9.42990706289483e-05,0.002161158282079298,-0.001054550578130968,-0.0031815471014172993,hard-like,ok
1105010165,4U 1323-62,NS,2,2,58542.28883,1003.0,https://nasa-heasarc.s3.amazonaws.com/nicer/data/obs/2019_02/1105010165/xti/event_cl/ni1105010165_0mpu7_cl.evt.gz,1413580,1413580,eof,55895,55895,0,6,0,1001.7567153871059,34.518229166666664,7.0,9344.0,7629.0,9537.0,0.8164597602739726,1.2500983090837594,0.03722754022545241,0.03740981381980093,0.1929443967195016,0.0010867083279993532,0.0042307976694634245,0.032965259410466546,-0.00127033611919467,0.003096997271668058,-0.03564177491644699,-0.009747885270699183,0.004677301581634846,-0.09873137936187858,-0.010710547542452119,0.012007015739498727,-0.10349177524060604,0.3097773584511196,0.04160285693741019,0.053287219558513135,0.020872844481443654,0.01320249427601375,0.003392828535630039,0.0013392693223465584,-0.0002617925008078646,-0.00017982391989210145,0.0005000812181168114,-0.0018219889785937625,-0.001872587163528418,-0.0036507768977186786,0.0017110991606116644,0.009443144716818647,soft-like,ok
1050060102,4U 1543-624,NS,0,0,57981.00757,6223.96552278101,https://nasa-heasarc.s3.amazonaws.com/nicer/data/obs/2017_08/1050060102/xti/event_cl/ni1050060102_0mpu7_cl.evt.gz,16777216,84023227,target segments,713220,713220,0,16,0,2512.213345736265,80.95751953125,7.0,117714.0,28784.0,19303.0,0.24452486535161494,0.6706156197887715,0.0018946102944103513,0.0006258680562264192,0.043527121365998366,0.009450449843008416,0.0011096516937662126,0.09721342419135547,0.017204799408396025,0.002136733717327367,0.13116706678277146,0.035603165071007435,0.003129174993906362,0.1886880098761112,-0.0020984896240155,0.005890364292044832,-0.04580927443231884,0.24427595232919544,3.417395758060213,0.0013329328379249215,0.0007195388158704318,0.0005775653544124835,0.0008751131380936088,0.002142361011046002,0.003027290412310552,0.003933297596234471,0.0057752997641921655,0.011499393453655079,0.007681126908604149,0.008342658902764586,0.008304707053073986,0.005459455638152929,hard-like,ok
1050060103,4U 1543-624,NS,1,0,57982.03975,5749.0,https://nasa-heasarc.s3.amazonaws.com/nicer/data/obs/2017_08/1050060103/xti/event_cl/ni1050060103_0mpu7_cl.evt.gz,16777216,37219230,target segments,714700,714700,0,16,0,2516.009334743023,79.96044921875,7.0,119739.0,28221.0,15799.0,0.2356876205747501,0.5598313312781262,0.0017213556197635711,0.00037010590582223506,0.04148922293516198,0.010340400764881363,0.0012231365954344564,0.10168776113614343,0.01567227771337017,0.0016216844583490184,0.12518896801783364,0.03868885040864028,0.003497854512535406,0.19669481540864334,-0.0016469670154559397,0.004587878485021114,-0.040582841392095004,0.2465449840631675,3.5490586935608164,0.0013539053331110217,0.000670745443859543,0.0005039953146378335,0.0009006245143012918,0.001523873024180637,0.0030519995654263335,0.005408232530991178,0.005143803194771354,0.010530760509846932,0.00991143824410527,0.008963426744333043,0.0049564397372343074,0.007865185009908772,hard-like,ok
1050060105,4U 1543-624,NS,2,0,57984.01428,9308.0,https://nasa-heasarc.s3.amazonaws.com/nicer/data/obs/2017_08/1050060105/xti/event_cl/ni1050060105_0mpu7_cl.evt.gz,16777216,62612210,target segments,720245,720245,0,18,0,2552.02674767375,73.91710069444444,7.0,133366.0,28282.0,8657.0,0.21206304455408426,0.30609574994696276,0.0014005382525836415,0.0002691922869105045,0.03742376587923296,0.01196112302351463,0.001070693273788332,0.10936691923755844,0.017954919706215558,0.0010684481592340691,0.13399596899241245,0.04788191448323812,0.0010936358483133967,0.2188193649639769,-0.00020287891917385853,0.007682299684896142,-0.014243557110983848,0.2674248309330621,3.932044018744873,0.00014345230029483037,0.0003871865177941433,0.0002771003611553682,0.0010753877047961521,0.0021206188821874606,0.0039300531744708295,0.005513981722957322,0.007071259540140459,0.010940993078812092,0.01321347206697234,0.014251317636541336,0.008821547572128845,0.0037696696413256616,hard-like,ok
1050060107,4U 1543-624,NS,3,0,57986.00655,12314.0,https://nasa-heasarc.s3.amazonaws.com/nicer/data/obs/2017_08/1050060107/xti/event_cl/ni1050060107_0mpu7_cl.evt.gz,16777216,88311633,target segments,720825,720825,0,18,0,2412.2487625032663,76.57248263888889,7.0,138150.0,29363.0,8910.0,0.21254433586681143,0.3034431086741818,0.0010046352005200505,0.00023814353404229453,0.03169598082596673,0.010536730285203372,0.0009711995735278711,0.10264857663505798,0.015377476990306548,0.0009972824885571808,0.12400595546306051,0.0415595209407147,0.0018795489387698388,0.20386152393405357,-8.245040566408074e-05,0.005918255368322004,-0.009080220573536787,0.25292802224058025,4.725331387289963,0.00013711136829030245,0.0002101216520530943,0.0004075545719637967,0.0008119135975776745,0.0011155422550205693,0.0029503056041874187,0.005877919626962615,0.0072452012723371205,0.00830028389592768,0.011274784161234893,0.009906530154182835,0.005276051611846905,0.01045926466294654,hard-like,ok
1050060111,4U 1543-624,NS,4,0,57990.33642,2508.0,https://nasa-heasarc.s3.amazonaws.com/nicer/data/obs/2017_08/1050060111/xti/event_cl/ni1050060111_0mpu7_cl.evt.gz,16777216,19208518,target segments,724983,724983,0,15,0,2171.3825434595346,79.31875,7.0,119463.0,25505.0,7324.0,0.21349706603718305,0.2871593805136248,0.00043279158612724415,0.00025190052993798515,0.020803643578163035,0.004307244210856355,0.001002215356063565,0.06562959858826165,0.011494906213670155,0.001059042881782335,0.10721430041589673,0.028049847163902734,0.0019483354351206275,0.1674808859658401,0.003339097293305913,0.006925196446277364,0.05778492271610228,0.2250984929483088,6.550795062499394,-1.3360524569068277e-06,3.416109732459002e-05,-3.2049535656108015e-05,0.0005398832024676156,0.0007009401288710415,0.0011296838019330111,0.002373314276638525,0.0044188928058032425,0.007070116233271837,0.007322560059655181,0.011400800389465377,0.013241782311105987,0.0024705828091764336,hard-like,ok
1050060115,4U 1543-624,NS,5,0,58167.16242,4572.0,https://nasa-heasarc.s3.amazonaws.com/nicer/data/obs/2018_02/1050060115/xti/event_cl/ni1050060115_0mpu7_cl.evt.gz,16777216,31423256,target segments,717510,717510,0,18,0,2596.953369781375,67.49696180555556,7.0,117922.0,28310.0,9281.0,0.24007394718542766,0.32783468738961496,0.023163394215762037,0.02200371518621824,0.1521952503061841,0.030251082179845023,0.02788707451154408,0.17392838232975383,0.010620995773084793,0.010048675466488792,0.10305821545653114,0.041654564169988806,0.03948772524361308,0.2040944981374775,-6.748141029176514e-05,0.008762885125579942,-0.008214706951058274,0.2769274783487189,0.214944830376451,0.006553473041532669,0.006994709671669594,0.008921525611790418,0.011116361699043157,0.013342742454694727,0.0052088942357878185,0.007962519829871308,0.00801835509939361,0.00247036356644123,7.953934237176962e-05,0.0008280095793276193,0.0041882584953935155,0.0010040756372627418,hard-like,ok
1050060116,4U 1543-624,NS,6,0,58168.00162,4649.0,https://nasa-heasarc.s3.amazonaws.com/nicer/data/obs/2018_02/1050060116/xti/event_cl/ni1050060116_0mpu7_cl.evt.gz,16777216,28955673,target segments,715085,715085,0,18,0,2660.667407542467,66.10546875,7.0,116525.0,27732.0,8050.0,0.2379918472430809,0.29027837876821,0.000311953593523949,0.0001988818541333901,0.01766220805912865,0.0007218221536160968,0.0007989293118911435,0.02686674810274025,-0.0007067733315447481,0.0009931170248844603,-0.026585208886611145,-0.0012151190481952702,0.002253412310945476,-0.03485855774691876,0.00040924932267110613,0.00916885264245969,0.020229911583373422,0.058157146300069386,4.445997451187295,0.00011144053755997871,0.0001643203808270539,-5.891594069685715e-05,0.00012239627605640705,0.00032251417082363473,0.0008255470280022208,-0.00031211105618589785,-2.2939197519165912e-06,-0.0007344545234793472,-0.00038826348887648033,0.0014531416504268149,0.002330685068509003,-0.0004517525174469401,soft-like,ok
3604010101,4U 1543-624,NS,7,0,58958.29797,10027.0,https://nasa-heasarc.s3.amazonaws.com/nicer/data/obs/2020_04/3604010101/xti/event_cl/ni3604010101_0mpu7_cl.evt.gz,16777216,51885922,target segments,725658,725658,0,21,0,3273.257993400097,42.59188988095238,7.0,90985.0,18449.0,5053.0,0.20276968731109524,0.27389018374979673,0.0002038584394499766,0.0002446110019710241,0.014277900386610653,0.0013098139319396892,0.0008651017454315638,0.03619135161802733,0.003190696932642381,0.0014334171809632867,0.05648625436902664,0.011363197594016576,0.0025292083943332386,0.1065983001459994,0.008301047695734576,0.01167408491749546,0.09111008558735184,0.12336996358398786,7.480834300164062,-0.00010756796639516842,-1.7975483981143665e-05,0.0002941706156571825,-1.8722545700984513e-05,0.0002505728682051921,0.00019171366223379787,0.0007375110334523896,0.0012227898109036935,0.002044309343261919,0.004702901460345798,0.0009459334275216271,0.008782937567958891,-0.003808425878748702,hard-like,ok
1050070103,4U 1608-522,NS,0,0,58024.03852,13869.9450189471,https://nasa-heasarc.s3.amazonaws.com/nicer/data/obs/2017_09/1050070103/xti/event_cl/ni1050070103_0mpu7_cl.evt.gz,16777216,68726106,target segments,696022,696022,0,17,0,2387.180382311344,122.01746323529412,7.0,200465.0,45415.0,19630.0,0.22654827526002044,0.43223604535946275,0.01031702480451469,0.00928558523599947,0.10157275621206058,0.00898619820986579,0.00805804244657769,0.09479556007464585,0.002143691793012464,0.0014954638937455318,0.046300019362981525,0.01302629143735733,0.009514824340318202,0.1141327798546821,-0.0004511526994769551,0.004085168484781406,-0.021240355446106713,0.17938675686618885,0.08626370716982887,0.008871678339153592,0.007252462735999347,0.0021722019395872174,0.0023955422784758965,0.0025700875860222654,0.0023205397010419623,0.0025263432205252672,0.0007882239529716147,0.0014215133927693755,0.0016647927816578448,0.0004234187867471636,-0.0006866548084623085,0.0004594586324799122,hard-like,ok
1050070128,4U 1608-522,NS,1,0,58299.16049,3039.02647218108,https://nasa-heasarc.s3.amazonaws.com/nicer/data/obs/2018_06/1050070128/xti/event_cl/ni1050070128_0mpu7_cl.evt.gz,33554432,114207227,target segments,1476542,1476542,0,6,0,888.9163037240505,931.6770833333334,7.0,537101.0,141600.0,36827.0,0.26363756537411026,0.26007768361581923,0.00021780611390721,6.416520776193987e-05,0.01475825578810755,6.2643408055389e-05,9.626072059814831e-05,0.007914758875378895,0.0002105611742772228,0.00026502842747341257,0.014510726180216578,-0.000105466468808968,0.00029671982189554693,-0.010269686889529204,0.00019934418479114268,0.0013684391511446094,0.014118930015802993,0.0,,8.679147422461653e-05,7.856336903451054e-05,5.45753829462291e-05,0.00010353053694047256,6.842503683832355e-05,1.7245001704490937e-05,-4.418143567785348e-05,-4.3923129847510686e-05,0.00025677593430115933,-0.0003687324989791875,0.0003801901378382858,-0.0003079589089365545,-0.00040920427748405557,soft-like,ok
2050070108,4U 1608-522,NS,2,1,58580.37436,1063.0,https://nasa-heasarc.s3.amazonaws.com/nicer/data/obs/2019_04/2050070108/xti/event_cl/ni2050070108_0mpu7_cl.evt.gz,3240672,3240672,eof,134348,134348,0,7,0,1062.9282928407192,69.2109375,7.0,46334.0,11909.0,3770.0,0.25702507877584496,0.31656730204047356,0.0006742136022217477,0.0002793171057003164,0.025965623470691934,0.0030928745784996083,0.0011104056178328123,0.055613618642375795,0.00805963056009787,0.0017430569257695617,0.08977544519576537,0.014439789438178396,0.002432745287462037,0.12016567495827749,0.003478884526511729,0.012281983783759585,0.05898206953398404,0.15364723861494728,3.5344597964211677,3.190369984356239e-05,3.228168443828652e-05,0.0005802832408801609,0.00034239108823490684,0.00099676448696516,0.0013758778652545086,0.0004689705180083587,0.0022322100154416064,0.005797939841596239,0.004417404758831756,0.0033605691401055464,0.004530174875452754,-0.0005592972810542963,hard-like,ok
3657020901,4U 1608-522,NS,3,0,59013.18042,1955.0,https://nasa-heasarc.s3.amazonaws.com/nicer/data/obs/2020_06/3657020901/xti/event_cl/ni3657020901_0mpu7_cl.evt.gz,67108864,140005711,target segments,2962941,2962941,0,7,0,933.306825786829,1898.3861607142858,7.0,1231493.0,367392.0,102069.0,0.2983305629833056,0.2778204206950614,0.00011682263188062856,3.265515800817621e-05,0.010808451872522195,9.367258364575955e-05,2.549559348633107e-05,0.009678459776522272,-1.0944041104953006e-05,5.246878147877768e-05,-0.003308177913134813,0.0002937899299919517,7.8940163690924e-05,0.017140301339006608,0.0007700427747574824,0.00024656074837650226,0.027749644587948912,0.004786229181770336,,3.486136782659861e-05,4.8011231710122096e-05,5.7050816657125155e-05,1.7799579755026955e-05,3.488799958186169e-05,3.3683932892370845e-05,2.055018057656055e-05,-3.635807314577286e-05,2.392550639414065e-05,0.0002104504105945541,-4.678026632564755e-05,-0.0001208062702575825,-0.0002543684264789278,soft-like,ok
3657021501,4U 1608-522,NS,4,0,59019.56865,2648.0,https://nasa-heasarc.s3.amazonaws.com/nicer/data/obs/2020_06/3657021501/xti/event_cl/ni3657021501_0mpu7_cl.evt.gz,67108864,187180793,target segments,2961251,2961251,1,3,3,955.1766040623188,1764.6770833333333,7.0,497744.0,142437.0,37455.0,0.28616517727988683,0.26295836053834326,0.0001457162177634961,6.377003373486583e-05,0.012071297269287013,6.23080694284811e-05,8.044547180995321e-05,0.0078935460617191,0.0002531923608857387,2.4576161700054906e-05,0.015912019384281138,0.0002734136727642881,0.00030986375686038205,0.016535225210570555,-0.0011273806857328833,0.0004698884490759594,-0.03357649007464722,0.0226892753535379,,5.143178028003139e-05,8.30590302702596e-05,5.867137717145138e-05,2.2244062308946803e-05,1.2610372795867143e-05,5.2973966211738875e-05,-2.359371259726965e-05,5.3404892843052894e-05,0.0002018466590736689,1.1080289948024673e-05,0.00010753014820319471,0.00013695143156694617,-0.0002534070820072507,soft-like,ok
3657023001,4U 1608-522,NS,5,0,59034.15631,2504.0,https://nasa-heasarc.s3.amazonaws.com/nicer/data/obs/2020_07/3657023001/xti/event_cl/ni3657023001_0mpu7_cl.evt.gz,50331648,145607452,target segments,2219176,2219176,0,6,0,840.1691084504128,1538.5052083333333,7.0,868181.0,246901.0,66490.0,0.28438885439787326,0.26929822074434695,0.00017470116111362914,3.628144241907464e-05,0.013217456680981753,0.0001008987256630207,7.160454903762747e-05,0.010044835770833722,0.00012932443663448237,5.836842475036859e-05,0.011372090249135484,0.0003593719485129541,0.00015404489420734347,0.01895710812631911,0.0003142931220452922,0.00040778267573925603,0.017728314134324567,0.027884446635187885,,9.752582352219487e-05,7.628613541472112e-05,6.315004173854464e-05,2.6804263790960117e-05,1.0206078567380056e-05,3.0514744277869607e-05,6.599505593069612e-05,3.6771997207176986e-05,9.519600648378354e-05,6.698681079840142e-06,0.0002596702464473366,-4.49080159593542e-05,5.363130564949147e-05,soft-like,ok
3657024701,4U 1608-522,NS,6,0,59051.12867,1911.0,https://nasa-heasarc.s3.amazonaws.com/nicer/data/obs/2020_07/3657024701/xti/event_cl/ni3657024701_0mpu7_cl.evt.gz,33554432,81222506,target segments,1469296,1469296,0,6,0,791.7295480668545,1045.1953125,7.0,603411.0,158514.0,40785.0,0.26269656999955254,0.2572958855369242,0.00025434820052792597,4.1124393674471705e-05,0.015948297731354463,6.507076405887728e-05,5.55788453062552e-05,0.008066645155135888,0.00016271112886316865,0.00019586143378610388,0.012755827251227913,0.00016056866008915473,0.0003219554080306645,0.012671568967146678,-0.0004218028008491457,0.0005842764316167068,-0.020537838271082614,0.026589848432448635,,6.343664902680652e-05,0.00016095927841263378,9.081031593930259e-05,1.3772320657542685e-05,1.1910268418172644e-06,4.5416983430951806e-05,7.189251511897237e-06,0.00016437806218405027,-1.5871455282236794e-06,-4.097223675031878e-05,-0.0001219447409977478,0.00038298902178962,-5.86187468577408e-05,soft-like,ok
3657027601,4U 1608-522,NS,7,0,59080.08037,1052.0,https://nasa-heasarc.s3.amazonaws.com/nicer/data/obs/2020_08/3657027601/xti/event_cl/ni3657027601_0mpu7_cl.evt.gz,3285608,3285608,eof,135894,135894,0,4,0,1051.779487758875,61.333984375,7.0,23883.0,5673.0,1847.0,0.23753297324456726,0.3255772959633351,-0.00020822520961263818,0.00034558096365154957,-0.014430010728084653,0.001809123118182469,0.001579572009238227,0.042533787959485446,0.006902802685541814,0.002947259692440856,0.0830831071009132,0.01058115108434119,0.00197561978841364,0.10286472225375029,0.02383561220703015,0.037032681090407596,0.15438786288769643,0.12922029144245112,4.618411250857043,3.9579643413987326e-05,0.00011997202199991754,-0.00010228036832657938,7.063333722884127e-05,0.0002323010229588653,0.0004987013903877706,0.0008187498954064854,0.002588058631137577,0.004277564663318766,0.0032049748144072367,0.005263888251530544,0.002850213591076457,-0.0031644731740678622,hard-like,ok
1050080118,4U 1636-536,NS,0,0,57981.33426,1140.0,https://nasa-heasarc.s3.amazonaws.com/nicer/data/obs/2017_08/1050080118/xti/event_cl/ni1050080118_0mpu7_cl.evt.gz,15859086,15859086,eof,690162,690162,0,6,0,1139.9821713417768,160.02213541666666,7.0,99105.0,18601.0,5191.0,0.18768982392412087,0.2790710176872211,-0.00010282246174935431,0.00019743247814737975,-0.010140141110919232,0.00024490651141670144,0.0004860608885060548,0.015649489174305385,0.0016200045639249189,0.0008038943986579459,0.04024928029076941,0.0011958732389973324,0.0014462464715042415,0.03458140018850209,0.003648186920259615,0.0052967130124458184,0.06040022284942014,0.0659676566453423,8.504429926307282,-4.280831922355844e-05,6.409081845507909e-05,-0.00015614317106785804,2.603766664504792e-06,-8.093552529110801e-05,0.0005618118138283161,-0.00026887113227814504,-0.00027073997968506597,0.0019102720229665427,0.00013911058133173824,-0.00025488948915502216,0.0003671003383687914,0.0023811299983635607,soft-like,ok
1050080133,4U 1636-536,NS,1,0,58059.07112,1776.72085669637,https://nasa-heasarc.s3.amazonaws.com/nicer/data/obs/2017_11/1050080133/xti/event_cl/ni1050080133_0mpu7_cl.evt.gz,16777216,41399211,target segments,967836,967836,0,7,0,1029.9418645501137,117.16964285714286,7.0,83853.0,16341.0,4790.0,0.19487674859575685,0.2931277155620831,0.002809742248660721,0.0014204554718921035,0.05300700188334293,0.00015169097142983152,0.0004094682726939387,0.012316288865962487,0.00025438166345927035,0.0010481465522742353,0.01594934680352993,0.0039127809936342515,0.004038761425338921,0.06255222612852601,0.017831120978762535,0.00734411778679543,0.1335332205062191,0.2459081173359644,14.817987270897753,0.0007455739954145388,0.002420848982654467,0.00021548205255792554,0.0001468353710868841,0.0004771598759297332,-0.0002888405254498548,-4.173750693499344e-05,7.012919080757511e-05,0.00021593744289808678,0.001960980319367043,0.007180091582345216,0.033606780911543226,0.013761560479498582,soft-like,ok
1050080139,4U 1636-536,NS,2,0,58134.08935,3308.42172823846,https://nasa-heasarc.s3.amazonaws.com/nicer/data/obs/2018_01/1050080139/xti/event_cl/ni1050080139_0mpu7_cl.evt.gz,16777216,82193131,target segments,1236833,1236833,0,6,0,866.8816024363041,49.649739583333336,7.0,29041.0,6901.0,2189.0,0.23762955821080542,0.3172004057382988,0.000679602876964838,0.0003463791127503152,0.026069194022156458,0.0029573471950405284,0.002274882106186645,0.054381496807650746,0.008667602695603033,0.003090326751077145,0.09309996077122178,0.030306101133654322,0.0026231974118992585,0.17408647602170113,0.03234854823248668,0.010637529706359325,0.1798570216379852,0.47128226500826564,18.00970347480724,0.0005348691061929202,0.0003703433149185253,-0.00010706905463038942,-1.5027804313825964e-05,0.0006652612843014919,0.0005429629060051663,0.0021778835842269375,0.005392672645360293,0.0032775258917402002,0.013740831250706902,0.043900274452993215,0.09362969504357514,0.05799675069024453,hard-like,ok
1050080160,4U 1636-536,NS,3,0,58312.16262,3795.59502139688,https://nasa-heasarc.s3.amazonaws.com/nicer/data/obs/2018_07/1050080160/xti/event_cl/ni1050080160_0mpu7_cl.evt.gz,16777216,38394737,target segments,728664,728664,0,13,0,1853.1024732291698,109.91045673076923,7.0,139114.0,33176.0,10601.0,0.23848067052920627,0.31953822040028934,0.00013893332982711125,0.00014020689097147147,0.011786998338301031,0.0014169673495196995,0.0007156987707790827,0.03764262676168734,0.0036134386947080997,0.0010028195874181086,0.06011188480415582,0.010085537879878542,0.0017334773658970544,0.10042677869910267,0.0141453310786112,0.004478090033785935,0.11893414597419531,0.12948320500854765,5.871193573520442,6.955944884923298e-05,7.100119533363698e-05,0.00016306155337853005,-7.837799127952285e-05,9.618980577072092e-05,0.0003519886103109858,0.0009281408507070054,0.001467259694596953,0.0021700756552366016,0.0035388434356669754,0.004077124223114817,0.0027930694398210264,0.0011179644577786205,hard-like,ok
1050080175,4U 1636-536,NS,4,0,58348.41222,12219.7785322368,https://nasa-heasarc.s3.amazonaws.com/nicer/data/obs/2018_08/1050080175/xti/event_cl/ni1050080175_0mpu7_cl.evt.gz,16777216,123418544,target segments,723105,723105,1,13,3,2142.4957647919655,92.70733173076923,7.0,116258.0,28565.0,9442.0,0.24570352147809182,0.33054437248380886,-0.00020301256606134127,0.0001595970278701274,-0.014248247824253383,0.0028386208457597335,0.0007356836693527434,0.05327870912249783,0.004946911854484981,0.000880981301946596,0.07033428647882184,0.016260551130991247,0.002533828171575595,0.1275168660648122,0.005269547985586638,0.005173157363492503,0.07259165231337993,0.16033148322280646,5.981363692837519,1.286917197231213e-05,-5.7915903881477e-05,-0.0001336110252300192,0.00015952750260750628,0.0003152201940041786,0.001435079442509843,0.0008580588834240853,0.0025225381180119582,0.0024836229227372985,0.006750909678821674,0.00464563871080191,0.004211993160973827,0.0025022536556719736,hard-like,ok
1050080183,4U 1636-536,NS,5,0,58385.47735,4500.0,https://nasa-heasarc.s3.amazonaws.com/nicer/data/obs/2018_09/1050080183/xti/event_cl/ni1050080183_0mpu7_cl.evt.gz,16777216,27369092,target segments,703299,703299,0,18,0,2742.544697523117,95.33680555555556,7.0,160109.0,44270.0,15277.0,0.27649913496430556,0.3450869663428959,0.0005045336734452062,0.00014353324897450645,0.022461827028209577,0.007065452289434478,0.0005200304774819184,0.08405624479736457,0.011019148686836818,0.0009876410077533037,0.104972132906009,0.02479167822114304,0.0011358661255143354,0.15745373358908654,0.007316184896620031,0.005935413694977872,0.08553469995633368,0.1886955576251369,3.4410744931164188,0.000133582645760394,0.00013179406388295195,0.000193339023193343,0.0003359089722356947,0.0010253538020082353,0.0019820653329077624,0.0039221367909865485,0.004047476380740091,0.006951060283761877,0.005012834525493895,0.003786527409137249,0.008079980725031204,3.953512322106213e-06,hard-like,ok
1050080189,4U 1636-536,NS,6,0,58391.00579,5074.0,https://nasa-heasarc.s3.amazonaws.com/nicer/data/obs/2018_09/1050080189/xti/event_cl/ni1050080189_0mpu7_cl.evt.gz,16777216,32281014,target segments,703457,703457,0,15,0,2635.4283186793327,101.54479166666667,7.0,138348.0,39819.0,16799.0,0.28781767716193946,0.4218840252140938,0.0009155696187175968,0.00031866097293054533,0.030258380966561922,0.008374013792542895,0.0006937913518643521,0.09150963770304686,0.009763053260365553,0.0010172787240381805,0.09880816393580823,0.02322321201908428,0.0027388347201092486,0.15239164025327728,0.007125802946682021,0.005343689191938775,0.08441447119233775,0.18855530856950908,3.236738046178521,0.00019318096231900133,0.00023855056638219318,0.00016286677614674766,0.0007102310066580815,0.0012261084531033693,0.0029227682804652743,0.004013114843835748,0.004403413604872919,0.005375583140161715,0.0026052312576840667,0.005331343187735211,0.005988204927312999,0.0023825073830654546,hard-like,ok
2050080212,4U 1636-536,NS,7,0,58601.00255,20345.0,https://nasa-heasarc.s3.amazonaws.com/nicer/data/obs/2019_04/2050080212/xti/event_cl/ni2050080212_0mpu7_cl.evt.gz,16777216,159720579,target segments,719957,719957,0,15,0,2218.776060014963,110.228125,7.0,153250.0,41952.0,16436.0,0.2737487765089723,0.3917810831426392,0.00022432921063021572,0.00013364453292815412,0.014977623664327252,0.004489955708074586,0.0005993726405656243,0.06700713177024209,0.007713851843671965,0.0010694152814226276,0.08782853661351739,0.01799738387797121,0.0016723876516824738,0.13415432858454926,0.0020231681052580966,0.006581924649541491,0.04497964100855071,0.16127926490759315,4.301561274538677,7.19260866252463e-05,5.253523257054514e-05,3.429679453603976e-05,0.00025213023895739146,0.0006454808622525,0.0013300898570141736,0.0024442685774269126,0.003077995338567945,0.004591339861051259,0.0037956809087637817,0.0038542791709075767,0.002266815545663198,0.003594162814797038,hard-like,ok
0050110107,4U 1702-429,NS,0,0,57934.63889,1459.0,https://nasa-heasarc.s3.amazonaws.com/nicer/data/obs/2017_06/0050110107/xti/event_cl/ni0050110107_0mpu7_cl.evt.gz,3352445,3352445,eof,136639,136639,0,11,0,1458.9267472326756,64.1903409090909,7.0,62903.0,20609.0,6868.0,0.3276314325230911,0.33325246251637636,0.0011355406023960406,0.00044669832237620433,0.03369778334543744,0.008272713541554748,0.0008813175587717816,0.09095445861283959,0.008991107003552762,0.0020474657008667206,0.09482144801442742,0.026950798921309308,0.00424160937081736,0.1641669848700076,-0.018735657955312894,0.006718166849176191,-0.1368782596152979,0.22836527407487847,6.498848291101364,2.7738386468356995e-05,0.00040531361894658856,0.0005351990200792712,0.00017499848430415073,0.0017543834056308466,0.0024866262802901496,0.0038862467191184322,0.004039426653980466,0.005117166965153645,0.007386651579350725,0.004882194392886039,0.006944992960613125,0.014509759936472568,hard-like,ok
1050110105,4U 1702-429,NS,1,0,57996.18583,1574.24158586562,https://nasa-heasarc.s3.amazonaws.com/nicer/data/obs/2017_08/1050110105/xti/event_cl/ni1050110105_0mpu7_cl.evt.gz,16777216,77822011,target segments,719672,719672,0,7,0,1169.8205164819956,47.012276785714285,7.0,27491.0,9490.0,5142.0,0.34520388490778803,0.5418335089567966,0.0004530507675805409,0.00020884657506337796,0.02128498925488432,0.0017459302055600817,0.0008867764426277532,0.041784329665079965,0.0036969614505552293,0.002708355329272117,0.0608026434503898,0.009803610230697778,0.007371283808161343,0.0990131821057064,0.008626548410246376,0.014104520217380722,0.09287921409145523,0.14087444890659,5.355020479585509,0.0010086660224883763,0.00038933773223960057,0.00021192357772187182,-4.872317032507606e-05,0.0005466157298335915,0.0007879533745778618,0.00014489546262154383,0.0016823325350708979,0.00218160718195556,-0.0010787322844109618,0.012441514417239032,0.00556306468943584,-0.0039848449137127,intermediate,ok
1050110130,4U 1702-429,NS,2,0,58393.58565,1778.0,https://nasa-heasarc.s3.amazonaws.com/nicer/data/obs/2018_10/1050110130/xti/event_cl/ni1050110130_0mpu7_cl.evt.gz,6485871,6485871,eof,267241,267241,0,12,0,1777.895947366953,83.603515625,7.0,94801.0,25785.0,7829.0,0.2719908017847913,0.30362613922823345,4.00279348919606e-05,0.0001585250706001955,0.006326763382011422,-0.0004105358616970265,0.0006786316251262249,-0.02026168457204451,0.0014854584789992392,0.0010999555886592324,0.038541646033858484,0.002071142269811249,0.0017036225785612485,0.045509804106491705,-0.011228063554801762,0.004972738291165257,-0.10596255732475393,0.0,,-1.5849666863217845e-05,-3.5457153960619586e-05,0.00013547899068957467,-9.677674277387131e-05,0.0004012750997462718,0.0002889187126009775,-0.0011395106269553215,0.00044341027050654033,0.0011176120023406217,0.0011433014859541814,-0.0008293878221564029,0.0019604523121811573,-0.0033814496712338852,soft-like,ok
2050110108,4U 1702-429,NS,3,0,58580.71339,1034.0,https://nasa-heasarc.s3.amazonaws.com/nicer/data/obs/2019_04/2050110108/xti/event_cl/ni2050110108_0mpu7_cl.evt.gz,2374479,2374479,eof,96215,96215,0,6,0,1033.695473909378,66.0859375,7.0,34946.0,12007.0,3801.0,0.3435872488983002,0.31656533688681604,0.004511976305038241,0.0008581658730871665,0.06717124611795021,0.016717551243704595,0.0024884643973297413,0.12929636980095224,0.01451737746015895,0.003161511984054915,0.12048808015799302,0.036183369594100845,0.0023997273819335464,0.1902192671474182,0.01333078859195738,0.01211613071849081,0.11545903425872477,0.2554117474964481,3.0426464741388,0.0002825732316010785,0.0005627851331321504,0.0017178098250372077,0.002678358488133607,0.004268260003804835,0.004321380398122503,0.0075125051915124145,0.0096884728214549,0.004997333147704162,0.004324814931285364,0.0021405130042709023,0.008046856400231929,0.014693498182898314,hard-like,ok
2050110115,4U 1702-429,NS,4,0,58590.03684,1127.0,https://nasa-heasarc.s3.amazonaws.com/nicer/data/obs/2019_04/2050110115/xti/event_cl/ni2050110115_0mpu7_cl.evt.gz,2645102,2645102,eof,108042,108042,0,8,0,1126.9045601785183,68.08203125,7.0,47656.0,16361.0,5699.0,0.3433145878798053,0.3483283417883992,0.004248386759644024,0.0007993092555810579,0.06517964988893407,0.014408837492074616,0.0013130485063350922,0.12003681723569072,0.010493942813173077,0.0010629168683112505,0.10243994735049934,0.03204259850000692,0.00494586872252576,0.17900446502812975,0.022589881319421627,0.010689620446365707,0.15029930578489584,0.2449572177172922,3.1453975381926784,0.0007102583947843201,0.0012247860922127212,0.0018080054912939603,0.0021622165305140396,0.0031621072776641837,0.004316969084233027,0.00593309074326944,0.005699409448060242,0.004844582397644104,0.0037137399122928708,0.008914135341351964,0.00332618820121234,0.014188549597263681,hard-like,ok
2050110124,4U 1702-429,NS,5,0,58603.62407,4068.0,https://nasa-heasarc.s3.amazonaws.com/nicer/data/obs/2019_04/2050110124/xti/event_cl/ni2050110124_0mpu7_cl.evt.gz,10032119,10032119,eof,410052,410052,0,28,0,4067.8833741247654,70.697265625,7.0,169049.0,59898.0,24432.0,0.3543233027110483,0.4078934188119804,0.0027872063142378102,0.0003482384116767646,0.0527939988468179,0.01194749328365264,0.0006168517630358939,0.10930458949034409,0.010464923110055176,0.001379050263344404,0.10229820677829683,0.027973055796911367,0.0021879374286491436,0.1672514747226803,0.00556584615034686,0.0073412633980126105,0.0746045987211704,0.20438017112486986,1.9041983859947098,0.0005717778826987632,0.0005971077116261475,0.0007321812210197175,0.0019936678777522253,0.003036899461273836,0.003657682278785955,0.004682496053889976,0.006452533326104244,0.004047054777493524,0.004289327151379914,0.004447857873535437,0.004025852992995237,0.003236815740476112,hard-like,ok
2587030102,4U 1702-429,NS,6,0,58704.02398,18154.0,https://nasa-heasarc.s3.amazonaws.com/nicer/data/obs/2019_08/2587030102/xti/event_cl/ni2587030102_0mpu7_cl.evt.gz,16777216,46539126,target segments,688810,688810,0,48,0,7158.132309317589,64.48453776041667,7.0,278634.0,89075.0,28484.0,0.31968460417608763,0.31977547010945834,0.0006203765484567196,0.00014970810638782628,0.02490735932323456,0.005497887670364233,0.0004423138890930056,0.07414774217981443,0.0076500285912766,0.000788616689819174,0.08746444186797626,0.0220412451966209,0.0014279638579546788,0.14846294216612071,0.0055118216850273275,0.004260762065236184,0.07424164387341735,0.1844795072091047,4.432935732801884,3.909781342719823e-06,0.00013783548034731997,0.0002332175019258091,0.0004112777458357617,0.0006451983123790448,0.0015702478469649082,0.00307135950506116,0.004188630730164254,0.003510525687419294,0.006680909340300105,0.0063039035080242195,0.004254588057855654,0.0030210850824938587,hard-like,ok
2587030103,4U 1702-429,NS,7,0,58704.99064,14927.0,https://nasa-heasarc.s3.amazonaws.com/nicer/data/obs/2019_08/2587030103/xti/event_cl/ni2587030103_0mpu7_cl.evt.gz,16777216,38036548,target segments,690410,690410,0,47,0,6601.363683491945,68.92320478723404,7.0,291529.0,93584.0,29529.0,0.3210109457378168,0.315534706787485,0.00040689971723906215,0.00014747937427408663,0.020171755432759494,0.004148067545514052,0.00046548861412871605,0.06440549313151832,0.009057477358946056,0.0008298043530308404,0.09517077996394721,0.020035332275740468,0.001309703815542726,0.14154621957417468,0.008675096112777477,0.00502011894225389,0.0931401960099799,0.18077305526145526,5.056062715039323,-3.2421938359931715e-05,2.603194362743867e-05,0.0001538783893243794,0.0002655872372350326,0.00043605558493218507,0.0015390093381196202,0.0020718361235382843,0.004159065550521474,0.004960980454400756,0.005472918247102809,0.004665696817856027,0.006135377255738794,0.0028248825045242894,hard-like,ok
4202170107,4U 1705-32,NS,0,1,59370.11106,3262.0,https://nasa-heasarc.s3.amazonaws.com/nicer/data/obs/2021_06/4202170107/xti/event_cl/ni4202170107_0mpu7_cl.evt.gz,6399910,6399910,eof,267544,267544,0,23,0,3261.7922620773315,28.87805706521739,7.0,64164.0,15982.0,4871.0,0.24908048126675394,0.3047803779251658,0.00036402457883460135,0.00043265245929720807,0.01907942815795592,-0.001292452379863972,0.0012237190187149131,-0.03595069373272193,0.00286871435163805,0.0023228673606280805,0.05356038042842909,-0.002494198530562963,0.0049244262552666776,-0.0499419516094732,0.016476890194261035,0.014957553706947416,0.12836233947019288,0.14433303236124218,26.317071824424247,0.00011859506623540728,-2.8731189780142837e-05,-0.00038400280930797127,0.0007912584820955208,0.00016542239521539917,-0.000956151264945942,-0.0005236854881771275,0.0020216792230740503,0.0008544972024348935,-0.0029678664067975245,-0.002901303612546054,-0.0013193420176765096,0.02596165465076738,soft-like,ok
4202170110,4U 1705-32,NS,1,0,59373.0375,3102.0,https://nasa-heasarc.s3.amazonaws.com/nicer/data/obs/2021_06/4202170110/xti/event_cl/ni4202170110_0mpu7_cl.evt.gz,6200928,6200928,eof,257818,257818,0,21,0,3101.5946700274944,29.771205357142858,7.0,59991.0,15223.0,4811.0,0.2537547298761481,0.31603494711949026,0.00027498879398305697,0.000509602814741322,0.016582786074211323,2.363210302156794e-05,0.0014568589232101241,0.004861286148908326,-0.001346421397697518,0.002232135426536122,-0.0366936152170581,0.004670911360323038,0.00440013968090428,0.06834406602129432,-0.02136274224087611,0.014681759770746775,-0.14615998850874376,0.0,,-0.00010461739501808564,-2.1503317673727036e-05,0.0001553932423730343,0.0004943897489131021,0.0001288804923202772,0.0005595246571556454,-0.0008637096093652081,-0.0006978496023325856,-0.0008029261120834314,0.005867629492044567,0.0006622102218691403,-0.008583654334720537,-0.018528297641529946,soft-like,ok
4202170111,4U 1705-32,NS,2,0,59374.7037,1601.0,https://nasa-heasarc.s3.amazonaws.com/nicer/data/obs/2021_06/4202170111/xti/event_cl/ni4202170111_0mpu7_cl.evt.gz,3050130,3050130,eof,126616,126616,0,7,0,1600.059681326151,27.3125,7.0,18453.0,4615.0,1404.0,0.2500948355280984,0.30422535211267604,0.0007813174840163563,0.0009856392687443375,0.02795205688346309,-0.002245871192440265,0.0020562150807659513,-0.04739062346540996,0.001036851515199918,0.005661722477722816,0.032200178806955686,-0.005456671225790567,0.00885454266594806,-0.07386928472505042,-0.010738378101817983,0.033286059944459295,-0.1036261458407963,0.0,,-5.695957165823241e-05,7.872647768857163e-05,0.00026977919036795636,0.0006365020971427649,0.0003208450670251754,-0.0015695921225699948,-0.001208289983737274,-0.0004929785768359879,0.001537305657694798,-0.0029493956596742085,-0.0014508577449339063,-0.0038080732195866595,0.007196649964709793,soft-like,ok
1050120113,4U 1705-44,NS,0,0,58351.17756,2992.0,https://nasa-heasarc.s3.amazonaws.com/nicer/data/obs/2018_08/1050120113/xti/event_cl/ni1050120113_0mpu7_cl.evt.gz,33554432,64859244,target segments,1450902,1450902,0,10,0,1627.3962431252003,616.1984375,7.0,564423.0,176006.0,48305.0,0.3118335007609541,0.27445087099303433,0.0001044462373540529,5.0460896477474965e-05,0.010219894194856074,4.042568472596894e-05,6.510377890944693e-05,0.006358119590411063,5.087399818297422e-05,0.00018974290360164727,0.00713260108116066,0.0007832723692138419,0.0002373223774111633,0.027987003576907657,0.0001986181169235362,0.0010317730363012209,0.014093193992971792,0.04292964779318456,,7.482910630559117e-05,7.035160475214694e-05,1.2700004486852947e-05,2.166553826256512e-05,1.9123083677863544e-05,4.466850307271728e-05,-1.5419164565869323e-05,1.7387758389195395e-05,2.5268592187524162e-05,0.00045758575176961226,0.0008275025248148041,0.0005939747672791065,-0.00030668341078523426,soft-like,ok
1050120115,4U 1705-44,NS,1,0,58541.58426,2557.0,https://nasa-heasarc.s3.amazonaws.com/nicer/data/obs/2019_02/1050120115/xti/event_cl/ni1050120115_0mpu7_cl.evt.gz,33554432,58535618,target segments,1456438,1456438,0,11,0,1475.0807280242443,685.8927556818181,7.0,670882.0,223388.0,71467.0,0.3329765890275786,0.319923182982076,0.0001404645215389939,3.884177711888858e-05,0.011851772928089447,-9.019383898073133e-05,8.17613198914637e-05,-0.00949704369689491,6.662017520106001e-05,0.00013451940539377074,0.008162118303544737,0.00013353202305778342,0.0003065202332281967,0.01155560569843846,6.91190293307338e-05,0.001024200238565726,0.008313785499442105,0.02153011450861058,,0.00024852084395599386,3.189317343277044e-05,5.129716481156102e-05,9.408139838056498e-05,-3.802008657050698e-05,-3.619457158488796e-05,-6.32519622750468e-05,2.0712424839097547e-05,5.637331672577029e-05,0.00013214435110546661,0.0005708256356972621,-0.00017255358190412654,-0.0004322822758600349,soft-like,ok
2050120102,4U 1705-44,NS,2,0,58557.65079,8705.0,https://nasa-heasarc.s3.amazonaws.com/nicer/data/obs/2019_03/2050120102/xti/event_cl/ni2050120102_0mpu7_cl.evt.gz,33554432,229001560,target segments,1448146,1448146,0,9,0,1297.7212525606155,799.7065972222222,7.0,630616.0,224310.0,66336.0,0.35569982366448044,0.29573358298782937,0.00018802438976068931,5.2081860097628236e-05,0.013712198575016675,-3.2949371098878703e-05,9.747705101328277e-05,-0.005740154274832577,0.00018547655080976418,8.465269977390519e-05,0.013618977597814169,6.285458499920962e-06,0.00024578027247778954,0.0025070816699742675,-0.00028892909970875655,0.0009595525317616288,-0.016997914569403992,0.0,,0.00016447577949586358,0.00010253766429543486,6.332300946719304e-05,1.9927338251313583e-05,-5.298385937527291e-06,4.00876434071141e-05,-6.248705775620385e-05,0.000165643093782576,1.6818263961674286e-05,5.211342229231572e-06,-0.00025408505048834823,0.0002250878882504664,-0.0008693770824538604,soft-like,ok
2050120103,4U 1705-44,NS,3,0,58558.03741,8867.0,https://nasa-heasarc.s3.amazonaws.com/nicer/data/obs/2019_03/2050120103/xti/event_cl/ni2050120103_0mpu7_cl.evt.gz,33554432,225676675,target segments,1446718,1446718,0,9,0,1426.285877943039,714.4930555555555,7.0,573151.0,194589.0,55356.0,0.3395073898501442,0.2844765120330543,8.826825920691775e-05,3.1106276018659904e-05,0.009395118903287905,0.00012580325139598908,9.140966124190653e-05,0.011216204857080183,0.00020463118504583988,0.00014638173406989938,0.014304935688280458,0.00023806469287587014,0.0002936098683794932,0.015429345186231014,0.00013703605564448776,0.0015924712795685873,0.011706240030192775,0.03199282040469937,,8.80153799545684e-05,5.6014280619215984e-05,3.7597254206292354e-05,8.054722393043863e-06,7.569131716436581e-07,2.6239866137100068e-05,8.45036247957067e-05,7.344457812889653e-05,0.00013209145619684756,-0.00010942665510205776,0.00026510042019130075,0.00017919110127451017,0.0001819576154802802,soft-like,ok
3050120101,4U 1705-44,NS,4,0,59069.03023,6632.0,https://nasa-heasarc.s3.amazonaws.com/nicer/data/obs/2020_08/3050120101/xti/event_cl/ni3050120101_0mpu7_cl.evt.gz,16777216,65189009,target segments,714666,714666,0,11,0,1653.7608879506588,283.0447443181818,7.0,291728.0,83750.0,23049.0,0.28708248779685186,0.2752119402985075,7.387811813768548e-05,6.0633168849005e-05,0.008595238108260031,5.811452442390542e-05,0.00010746283642526879,0.00762328829468658,3.785603409849145e-05,0.00030102446400823184,0.0061527257454311625,-0.0003717645802923836,0.00024290293220993668,-0.01928119758449624,-0.0021954102694280516,0.0016431802670739705,-0.046855205361070094,0.07018339885388276,16.06786437226349,0.0002437208571302194,1.129233105028116e-05,9.047356445195536e-05,3.0263349314532735e-05,1.784818217147728e-05,-0.00019267817197172896,0.00016986810006819973,-5.611435398507289e-05,9.889567556043791e-05,-0.00041654521491244986,0.0008806791474476728,0.0008075235322129531,0.003240482476144714,soft-like,ok
3050120102,4U 1705-44,NS,5,0,59075.35299,1273.0,https://nasa-heasarc.s3.amazonaws.com/nicer/data/obs/2020_08/3050120102/xti/event_cl/ni3050120102_0mpu7_cl.evt.gz,12201690,12201690,eof,518309,518309,0,8,0,1272.9561871290207,260.6748046875,7.0,199074.0,53310.0,14547.0,0.26778986708460173,0.27287563308947665,7.28862803555351e-05,8.544227675732874e-05,0.008537346212701878,-9.309902001544233e-06,0.00024747659346822275,-0.003051213201587892,8.00726899247823e-06,0.0005205468557003082,0.002829711821454303,0.00016521300999671905,0.0010132811851022527,0.012853521307280704,0.0002528548381879046,0.0033090790415737825,0.015901409943395103,0.07378415392581121,27.18829946308815,2.9956908006511325e-05,2.2882897687678714e-05,-3.526436337629392e-05,9.359202659781666e-05,1.8525940188394277e-05,-3.877892673505175e-05,1.7008020917034147e-05,0.000205285934816602,-0.000211667882749711,-0.0002879534106722924,0.0009081364520301806,-0.00016719923049246958,0.004889577004329402,soft-like,ok
3050120104,4U 1705-44,NS,6,0,59110.65925,6601.0,https://nasa-heasarc.s3.amazonaws.com/nicer/data/obs/2020_09/3050120104/xti/event_cl/ni3050120104_0mpu7_cl.evt.gz,16777216,31923286,target segments,692744,692744,1,17,1,3555.550500124693,116.3984375,7.0,186015.0,52199.0,15069.0,0.2806171545305486,0.2886836912584532,0.00012252370807325964,0.00014538801839486203,0.01106904278035186,-1.331149772134137e-07,0.00034755590550867205,-0.00036484925272420895,0.0005274754949145518,0.0006016643381113576,0.02296683467338396,0.0003302070054518535,0.0013268975546439604,0.018171598868890252,-0.002613962495943374,0.0046369676947705125,-0.05112692535194517,0.04516510402749482,,0.00011351518177556318,0.00016550677725397423,-6.289741105865958e-05,-4.428138678292914e-06,0.0001995924914717294,0.00010840278930926063,-0.00023846636195360354,-6.366240121254824e-05,0.0005458183428787384,-0.0006599374628616805,0.0019711297774024283,-0.0009991664091291278,0.0009644794466166478,soft-like,ok
3050120105,4U 1705-44,NS,7,0,59110.98194,6944.0,https://nasa-heasarc.s3.amazonaws.com/nicer/data/obs/2020_09/3050120105/xti/event_cl/ni3050120105_0mpu7_cl.evt.gz,16777216,32475283,target segments,692045,692045,0,22,0,3762.8271310925484,112.47230113636364,7.0,235176.0,63376.0,18170.0,0.26948328060686466,0.2867015905074476,0.000424294472171638,0.00015576684605792576,0.020598409457325533,-0.00020334431710003427,0.0004170785149295713,-0.014259884890840959,0.0005379496595068373,0.0005802945445672935,0.02319374181771534,0.00018454447357456742,0.0011906999415599879,0.013584714703466077,0.004192813062130792,0.004076613655865378,0.06475193481380145,0.0,,0.0001340160585794864,0.0002570234376017819,0.00022494029608645106,2.5741653095127942e-05,7.655902741588594e-05,-0.00021096855414585482,-0.00010962444604637249,-0.0005856068853142336,0.0010808352858856553,-0.00025273633572899906,0.0011074852880354968,0.0011321415842896637,-0.003965081956242529,soft-like,ok
1050140102,4U 1722-30,NS,0,0,58298.006,2632.0,https://nasa-heasarc.s3.amazonaws.com/nicer/data/obs/2018_06/1050140102/xti/event_cl/ni1050140102_0mpu7_cl.evt.gz,3891771,3891771,eof,158884,158884,0,19,0,2631.8776879012585,33.93009868421053,7.0,60179.0,16477.0,5862.0,0.2737998305056581,0.35576864720519513,0.0003350851190592935,0.00034900319046217784,0.018305330345538523,0.011590586236460773,0.0019745755931648095,0.10765958497254563,0.006239210939129077,0.0021399746174142506,0.07898867601833238,0.02270978887898987,0.004844043465860621,0.1506976737676792,0.00987703009267442,0.015598450601795603,0.09938324855162675,0.18190767148850132,2.3480325309631387,0.0005287553269885016,-0.00011869678155598653,0.00026277943846817966,0.0010628012368240748,0.0021288900165955973,0.0038428306664024707,0.004808892829569105,0.0049398397004791475,0.0012375451878665529,0.004435335759635775,0.001237434762652369,0.005001997248069359,0.003721995554373378,hard-like,ok
1050140113,4U 1722-30,NS,1,0,58354.7158,1384.0,https://nasa-heasarc.s3.amazonaws.com/nicer/data/obs/2018_08/1050140113/xti/event_cl/ni1050140113_0mpu7_cl.evt.gz,1967556,1967556,eof,79497,79497,0,9,0,1383.7312869131565,32.650173611111114,7.0,27880.0,7451.0,2282.0,0.26725251076040174,0.30626761508522343,0.002746640008035268,0.000884121448549664,0.052408396350539746,0.013101432214041149,0.0017722120087004876,0.11446148790768514,0.018020837890754964,0.00316380433223496,0.1342417144212445,0.03885863716789242,0.004943853894263458,0.19712594240204007,0.002002956072379899,0.023048873757031046,0.04475439724071702,0.2519453731370204,2.8594480645305658,0.00047387846299437705,0.0002011490777284527,0.0016309193921298815,0.0013699341004986794,0.0030736397516664573,0.0025059362746524872,0.006959729604715346,0.007805225875398305,0.01032237603604177,0.002442103898749473,0.020680944162940376,0.0034763084986596513,0.0025343259089772073,hard-like,ok
1050140115,4U 1722-30,NS,2,0,58357.61286,4544.61264699697,https://nasa-heasarc.s3.amazonaws.com/nicer/data/obs/2018_08/1050140115/xti/event_cl/ni1050140115_0mpu7_cl.evt.gz,16577767,16577767,eof,693366,693366,0,31,0,4546.7652759552,54.689264112903224,7.0,113316.0,47336.0,56355.0,0.4177344770376646,1.1905315193510224,2.03333161354232,0.20144323890343682,1.4259493727136037,0.10155347290865684,0.008806815761774587,0.31867455641870257,0.009900628491172616,0.00028001608869102524,0.09950190194751363,0.11693572671591876,0.009066496241197385,0.3419586622911003,0.007115342080321093,0.0014098939771283272,0.08435248710216607,1.8768603403048847,0.02108996733328569,1.377392923343743,1.441409754704176,0.48802563627455675,0.11767447549674356,0.0518251203878886,0.02558737728008034,0.010318663637291623,0.006160327822303095,0.0037843593391096173,0.003573094461479886,0.001685417265655145,-0.0011444300880037413,-0.0036879829156556904,hard-like,ok
1050140116,4U 1722-30,NS,3,0,58358.70742,1050.0,https://nasa-heasarc.s3.amazonaws.com/nicer/data/obs/2018_08/1050140116/xti/event_cl/ni1050140116_0mpu7_cl.evt.gz,1659039,1659039,eof,66702,66702,0,5,0,1049.6783977746964,34.55625,7.0,15712.0,4377.0,2027.0,0.278576883910387,0.4631025816769477,0.001877646069809435,0.0008320505174925622,0.04333181359935717,0.009405520700942646,0.0019630446837996334,0.09698206381049357,0.00993448611251814,0.002360691117954882,0.0996718922892414,0.02617406527614958,0.009509697879907667,0.16178400809767812,0.030016285211799238,0.043332921663665945,0.17325208573578338,0.24512470500483208,5.500494187858919,0.0012328102173301558,0.0005324900758331397,0.0004275661855475767,0.0014269258066107902,0.0027815074822597373,0.005796761988840552,0.0002878150359411613,0.004976847540955796,0.00498773876728147,0.004053435621671044,0.003593977436355667,0.016179325033000423,0.013808919812078433,hard-like,ok
1050140119,4U 1722-30,NS,4,0,58361.34569,1036.0,https://nasa-heasarc.s3.amazonaws.com/nicer/data/obs/2018_08/1050140119/xti/event_cl/ni1050140119_0mpu7_cl.evt.gz,1482904,1482904,eof,59687,59687,0,7,0,1035.9333963096142,32.247767857142854,7.0,21407.0,5675.0,1812.0,0.26510020086887465,0.319295154185022,0.005211676644481474,0.0010721931414559957,0.07219194307179627,0.016752608846092778,0.001864588828572455,0.12943186951478672,0.00902220365346542,0.004176754408196154,0.0949852812464406,0.045465591824623106,0.009676257201315938,0.21322662081603017,0.026040662663233495,0.03622037442422366,0.161371195271131,0.26389746335826164,2.557724847255632,0.0002939063180693703,0.0009310876949620119,0.0020070124971713513,0.002525825023122567,0.0034957580340363057,0.007262701480770017,0.005963298477466455,0.007564619292208153,0.0012361866443028132,0.01149979136196534,0.014925570509855154,0.010400716936614506,0.0015353968963809947,hard-like,ok
1050140120,4U 1722-30,NS,5,0,58365.60046,1005.0,https://nasa-heasarc.s3.amazonaws.com/nicer/data/obs/2018_09/1050140120/xti/event_cl/ni1050140120_0mpu7_cl.evt.gz,1651781,1651781,eof,66284,66284,0,7,0,1004.9668220281601,36.88392857142857,7.0,22830.0,6672.0,3546.0,0.29224704336399476,0.5314748201438849,0.002483635601459544,0.0010789802381809036,0.04983608734099763,0.011702346760360303,0.0029888186527910615,0.108177385623615,0.005691591591828273,0.004789273486367194,0.07544263775762532,0.017443049887695173,0.006372754349934826,0.13207213895328254,-0.04046092684370123,0.017531759464821522,-0.20114901651189157,0.1896732614688822,3.3609141854354045,0.0005416262448086652,0.0006036001490254914,0.00016235644982897477,0.0017471101165936111,0.0028913247684493703,0.0037791662223675363,0.004832697936221915,0.003491888544390598,0.0023694297667706246,-0.004615481152530421,0.013297435024932832,-0.0027552301443729194,0.009630022189756674,hard-like,ok
5402780101,4U 1722-30,NS,6,0,59982.64006,1184.0,https://nasa-heasarc.s3.amazonaws.com/nicer/data/obs/2023_02/5402780101/xti/event_cl/ni5402780101_0mpu7_cl.evt.gz,15998455,15998455,eof,784591,784591,0,8,0,1183.98964625597,202.591796875,7.0,149485.0,44604.0,13365.0,0.2983844532896277,0.29963680387409203,-7.2671837127579495e-06,0.00010892560657181748,-0.0026957714503937366,0.0003795325814578453,0.0003064327329711076,0.01948159596793459,-0.0009880745657347614,0.000359505342132778,-0.03143365339464634,-0.00042998880186785664,0.0010132246763034684,-0.02073617134062739,0.0015611562194480602,0.0036513872261832994,0.039511469467080826,0.060333238571840975,11.93240599644682,0.00036741709203528145,2.3695525300388277e-05,-2.6775391962470477e-05,4.506903964349667e-05,7.881425908457269e-05,-2.2016799176232875e-05,0.00023870758853845143,-0.0001238836629490903,-0.0008294197264687895,0.00028837957699992506,1.0722450254233567e-05,0.0009031887897389305,0.002686200935527983,soft-like,ok
7402780101,4U 1722-30,NS,7,0,60404.25403,1012.0,https://nasa-heasarc.s3.amazonaws.com/nicer/data/obs/2024_04/7402780101/xti/event_cl/ni7402780101_0mpu7_cl.evt.gz,3729830,3729830,eof,157308,157308,0,7,0,1011.9741467833519,76.92410714285714,7.0,52484.0,12626.0,3814.0,0.24056855422604984,0.30207508316172976,0.000974286558932578,0.0007345034278531433,0.031213563701259394,0.002216690555027177,0.00080179498747643,0.04708174333037358,0.003547071393416793,0.001649610046235414,0.05955729504785113,0.009720284266103187,0.00229491716773041,0.09859150199739929,0.0011346949191583552,0.0029049664597569315,0.03368523295389769,0.13827285986794716,3.1813045290277255,0.001175066541450436,0.00047386520962415746,0.00017504057735012897,0.0006692071049938201,-1.9358879702066238e-05,0.0003888229118259729,0.001637211180641823,0.000266177676055251,0.0031470827265874597,0.0032447275266369543,0.003920502252115909,0.002182666828250119,0.0018583721202309863,intermediate,ok
0050150109,4U 1728-34,NS,0,0,57947.38068,1110.0,https://nasa-heasarc.s3.amazonaws.com/nicer/data/obs/2017_07/0050150109/xti/event_cl/ni0050150109_0mpu7_cl.evt.gz,6620933,6620933,eof,272463,272463,0,7,0,1109.9681260436773,185.90848214285714,7.0,102121.0,44117.0,20336.0,0.43200712879819037,0.4609560940227123,0.0005482842565124347,0.00025818941338287305,0.023415470452511404,0.002154399624684842,0.0004069260481901155,0.04641551060459038,0.006068274883850346,0.0009597983213664011,0.07789913275416066,0.014062192341978523,0.0017614899747442178,0.11858411504910142,0.0025209499700622954,0.0028671283578730502,0.05020906262879537,0.17938279758635356,6.734936858995144,0.001011233937364917,0.000312357633737916,0.0002606777249253186,6.456618643473613e-05,0.0002673668274586596,0.0002237524426925008,0.0014928397215620956,0.0023938465688676377,0.0037555516593687577,0.003901983072661398,0.0061959789817305575,0.005926258305739352,0.006371775007362843,hard-like,ok
1050150109,4U 1728-34,NS,1,0,57977.06457,3442.0,https://nasa-heasarc.s3.amazonaws.com/nicer/data/obs/2017_08/1050150109/xti/event_cl/ni1050150109_0mpu7_cl.evt.gz,14969989,14969989,eof,616745,616745,0,25,0,3441.9572045505047,147.23625,7.0,292158.0,131285.0,47713.0,0.4493630159023542,0.36343070419316753,0.0005644979605041149,9.978760963370711e-05,0.023759165820880893,0.005603128576211315,0.00030858163570595044,0.07485404849579824,0.008157480291379582,0.0005075541071354932,0.09031877042663713,0.021473336892926912,0.0007969875783587277,0.14653783433955517,0.0037335313770768463,0.003007034237208118,0.06110262987038157,0.17964127475740663,3.9366695415097674,7.730758190794765e-05,4.732157046468027e-05,0.00020777464954373242,0.0005547308890541721,0.0008164344503425324,0.0013455263769120926,0.003149483409889529,0.004075394405973577,0.004128441075914698,0.005212274450527942,0.007354932457509192,0.003088438256739051,0.002212928021686914,hard-like,ok
1050150112,4U 1728-34,NS,2,0,57980.03122,1188.0,https://nasa-heasarc.s3.amazonaws.com/nicer/data/obs/2017_08/1050150112/xti/event_cl/ni1050150112_0mpu7_cl.evt.gz,6949390,6949390,eof,288550,288550,0,8,0,1187.9428045600653,190.412109375,7.0,125767.0,50639.0,18576.0,0.4026413924161346,0.36683188846541204,0.0002715561679425495,9.203037266012949e-05,0.016478961373295027,0.0008780633579221359,0.0004087498411191193,0.029632133873923692,0.004474986779816275,0.0006799729264228571,0.0668953419889328,0.010902189631573047,0.0009244741918197283,0.10441355099589826,0.013763444896176417,0.0038609789176805255,0.11731770921807337,0.16123106062612416,9.143273503092189,-1.69457974118947e-05,0.00011224963537038935,1.1801400461711444e-05,0.000257949927643023,0.00024772366199211405,8.424464834886014e-05,0.0003869495011696642,0.0014030491821955253,0.003120638348499673,0.004531071289211931,0.005066631702937899,0.008226347083895635,0.0025637443263103947,hard-like,ok
1050150118,4U 1728-34,NS,3,0,57986.32461,1274.0,https://nasa-heasarc.s3.amazonaws.com/nicer/data/obs/2017_08/1050150118/xti/event_cl/ni1050150118_0mpu7_cl.evt.gz,11322463,11322463,eof,473496,473496,0,8,0,1273.9649037271738,291.51953125,7.0,204475.0,71391.0,22650.0,0.3491429270081917,0.31726688238013195,-5.723292902118227e-06,5.493374593309832e-05,-0.002392340465343139,0.0002989486719537435,0.00025893035743625994,0.0172901322133101,2.588435703782549e-05,0.0003100066541527097,0.005087667150848755,0.00043231424571401483,0.0005987052054673201,0.020792167893560663,0.004435751343846883,0.002391219540476352,0.06660143649987502,0.055232253783206536,22.169002552368163,2.1293320767132736e-05,1.277456872221082e-05,-5.995911547835505e-05,0.0001009588493886928,0.00020103479439741599,-0.00015813936201961333,0.00020162739415376975,5.494793757256856e-05,-3.413533064723867e-05,0.00012352136833833878,-0.0005568162492947202,-0.0007716121751709994,0.00391510585724333,soft-like,ok
1050150134,4U 1728-34,NS,4,0,58006.0836,6806.0,https://nasa-heasarc.s3.amazonaws.com/nicer/data/obs/2017_09/1050150134/xti/event_cl/ni1050150134_0mpu7_cl.evt.gz,16777216,35781137,target segments,690321,690321,0,24,0,3398.3774642050266,154.44759114583334,7.0,317486.0,116394.0,40583.0,0.36661144113441224,0.34866917538704745,5.5940351240434954e-05,7.842468261070533e-05,0.0074793282613103,0.0008528297558946556,0.00026207636287864334,0.029203249064010936,0.0033877507183976306,0.00045226438202891785,0.05820438744972436,0.008873561622455395,0.0007429726429332479,0.09419958398239026,0.0023029697244903126,0.0034804434833586367,0.0479892667634161,0.14442672409416063,11.097606298242326,1.2147258851455306e-05,1.0607894476033113e-05,-2.0906478660245666e-05,7.892691367027829e-05,-7.27155366279306e-05,0.00038882791098227845,0.0004820261266754036,0.0011245044226968679,0.0023052495723200356,0.003086055809919945,0.003544532982430342,0.004710874093784961,0.005208947662051375,intermediate,ok
1050150149,4U 1728-34,NS,5,0,58156.11429,2042.0,https://nasa-heasarc.s3.amazonaws.com/nicer/data/obs/2018_02/1050150149/xti/event_cl/ni1050150149_0mpu7_cl.evt.gz,16777216,17847025,target segments,906368,906368,1,11,2,1912.096856340766,162.41264204545453,7.0,151936.0,57670.0,19071.0,0.37956771272114576,0.33069186752210855,0.000356444476244563,0.00017375093669925044,0.01887973718685096,-0.00020858716360387268,0.0003313131447763821,-0.014442546991575713,-0.000731165370635966,0.0005593080603448869,-0.027040069723208295,-0.0006973848741843008,0.0016611926865505093,-0.02640804563356215,0.0011109537261764742,0.005636188099962206,0.03333097247570905,0.007604614158285022,,0.0002758714063774892,0.00024044238665741664,0.00012748370663448024,-8.346917940402427e-05,-6.591225355509967e-05,-6.593738902231722e-05,-3.1929057703819376e-05,-0.0006543306110714237,-4.965566053048869e-05,-5.182845299490062e-07,0.0012429085218616358,-0.00025417543018750935,-0.0006229479990300015,soft-like,ok
2587010101,4U 1728-34,NS,6,0,58724.27066,15692.0,https://nasa-heasarc.s3.amazonaws.com/nicer/data/obs/2019_08/2587010101/xti/event_cl/ni2587010101_0mpu7_cl.evt.gz,16777216,104270126,target segments,700266,700266,0,20,0,2683.710893779993,201.2984375,7.0,352006.0,123320.0,39998.0,0.3503349374726567,0.3243431722348362,-0.00014258468815005293,4.223933314191067e-05,-0.011940883055706262,-1.987114188098299e-05,0.0001788521373001338,-0.0044577058988882375,0.00024598342374097245,0.00023788536964703788,0.015683858700618687,0.000711609824678166,0.00041326556577511253,0.026676015907143368,-0.001656730320940759,0.002882122845972896,-0.04070295223863693,0.058829500121248615,20.757418687865457,1.7470456012132037e-05,-3.8973689518105645e-05,-2.7423513287245608e-05,-7.434420751174432e-05,1.1242599231649608e-05,0.00012025172632171542,-0.00016186315880240758,0.00011655985989104103,0.0001380779773850335,0.0006984458784113011,-0.0009184234229891453,0.0008927840023134781,0.0026871055770582887,soft-like,ok
2587010103,4U 1728-34,NS,7,0,58726.0765,9017.0,https://nasa-heasarc.s3.amazonaws.com/nicer/data/obs/2019_08/2587010103/xti/event_cl/ni2587010103_0mpu7_cl.evt.gz,16777216,61025088,target segments,699833,699833,0,15,0,2502.271830379963,216.7515625,7.0,284411.0,99385.0,32367.0,0.349441477298698,0.3256728882628163,5.2824045703133065e-05,6.708965489872632e-05,0.007268015251988198,-0.00027772366481797884,0.0001573483978969948,-0.016665043198803263,0.0006835509828705544,0.000330568343995069,0.02614480795245118,0.0005702469820986595,0.0008137106304294308,0.023879844683302686,0.0002883573160231194,0.002525833434346866,0.016981087009467898,0.037658633692437916,,-2.1930842751206567e-05,-3.774452592022144e-05,5.0979015034809383e-05,2.184567281084122e-05,1.638192655339736e-05,-0.00011711142918459628,-0.00017105027345434826,-0.0001839126406202663,0.0008792636185360928,0.000394748993975272,-0.0006381285152021361,0.0003330020282479173,0.0008918296635556651,soft-like,ok
1050500102,4U 1735-444,NS,0,0,58270.40949,9084.83835712075,https://nasa-heasarc.s3.amazonaws.com/nicer/data/obs/2018_06/1050500102/xti/event_cl/ni1050500102_0mpu7_cl.evt.gz,16777216,153708671,target segments,738056,738056,0,7,0,972.9475965797901,249.87388392857142,6.857142857142857,168926.0,43184.0,13891.0,0.2556385636314126,0.3216700629862912,0.001264327967263941,0.001272116863090029,0.035557389770115876,0.00022927075644395395,0.00027448904521434246,0.01514168935237921,-0.0008370310887271515,0.0002694296982351366,-0.028931489569794907,-0.0012070747750780408,0.0008437120311524623,-0.034742981666489724,-0.0008538908170289083,0.0036630764127405092,-0.02922141025051509,0.0424223656190564,,0.0019475014107760724,0.0007830805990796954,0.00036991457965419074,0.000178051951642452,8.017122597506386e-05,-0.00013672868545682552,0.00021107108867111468,-0.00043976909184038606,-0.00038922403274456127,-0.0005843734740803566,-2.6617910601513148e-05,0.00013608905207203564,-0.000329509608430084,soft-like,ok
1050500104,4U 1735-444,NS,1,0,58340.0006,6362.0,https://nasa-heasarc.s3.amazonaws.com/nicer/data/obs/2018_08/1050500104/xti/event_cl/ni1050500104_0mpu7_cl.evt.gz,16777216,123505349,target segments,738741,738741,0,6,0,872.2368939220905,273.4283854166667,7.0,159292.0,38692.0,12009.0,0.24289983175551816,0.3103742375684896,0.0003209888551512723,0.00010768172200089833,0.01791616184207076,-0.00021888262859642624,0.00021901661616664136,-0.014794682443243796,0.0004277595315414172,0.00047235871300231456,0.020682348308193082,0.000987938107142349,0.0009699923470996555,0.03143148273852745,-0.002309795305234947,0.00391367061724198,-0.048060329849418916,0.03353483815019518,,1.9925650430856307e-05,0.00011840745706876518,0.00013776254195479125,0.00013257159120050205,-3.477626843768533e-05,-9.313358890246399e-05,-0.00016183848436466283,0.0002023508662750727,0.00022852164330194424,0.0007803765075211867,0.0006409258406590438,0.0020174725378991243,-0.0028639809248466883,soft-like,ok
3050500102,4U 1735-444,NS,2,0,58916.02797,1187.0,https://nasa-heasarc.s3.amazonaws.com/nicer/data/obs/2020_03/3050500102/xti/event_cl/ni3050500102_0mpu7_cl.evt.gz,31561328,31561328,eof,1376473,1376473,0,8,0,1186.9968743026257,425.4521484375,7.0,316359.0,89412.0,29892.0,0.2826282798972054,0.33431754126962826,0.00014961545035850014,7.780499746013948e-05,0.012231739465771012,0.00030374576089330167,0.00016349124796549616,0.017428303442770948,-0.00012486676130144886,0.00022337301107980357,-0.011174379683071847,0.0006527466261196766,0.0002855914049946886,0.02554890655428675,0.0014479969641178008,0.0013728141424224555,0.03805255529025352,0.04600137995836769,,0.00022866428266472524,0.00012569341585736023,3.149192421522065e-05,-2.2611086755563617e-05,-1.4332006675766317e-05,0.00019648711774062532,0.0001205777760350557,4.3008160811403126e-05,-0.00015182085127798207,0.00026914248411000804,0.0007942394824824848,-0.0008233906975707573,0.0013189769564372986,soft-like,ok
4050500101,4U 1735-444,NS,3,0,59310.85324,1717.0,https://nasa-heasarc.s3.amazonaws.com/nicer/data/obs/2021_04/4050500101/xti/event_cl/ni4050500101_0mpu7_cl.evt.gz,33554432,43860275,target segments,1473572,1473572,0,8,0,1322.4281902313232,366.3095703125,7.0,285788.0,68631.0,20682.0,0.24014654219211443,0.3013507015780041,-1.2685744771544078e-05,6.721084546118954e-05,-0.003561705317898166,0.0003454547749109158,0.00018906944179753794,0.01858641371838354,0.0007569217361957484,0.00027449376826656154,0.027512210674457777,0.0015793822283592868,0.0005413509225770287,0.039741442202809986,0.0016500456691804037,0.0011369832194735427,0.0406207541680408,0.045403410328856066,,1.4494662905165824e-05,1.1413633572032449e-06,-1.958918568369649e-06,-1.9497977658519943e-05,9.618563289210258e-05,9.173225414691058e-05,0.00013914771877698422,0.000252203837846405,0.000530736855542404,0.0002982856144751504,0.0007004194583262289,0.00045796695842511924,-0.0004993877909763108,soft-like,ok
4050500102,4U 1735-444,NS,4,0,59311.04676,1550.0,https://nasa-heasarc.s3.amazonaws.com/nicer/data/obs/2021_04/4050500102/xti/event_cl/ni4050500102_0mpu7_cl.evt.gz,33554432,41713127,target segments,1472304,1472304,0,7,0,1246.4191314280033,395.1674107142857,7.0,267797.0,66377.0,19896.0,0.2478631201992554,0.29974238064389774,5.352495778153804e-05,5.8541493662588564e-05,0.007316075299061515,8.547909792884819e-05,0.000170994979325391,0.009245490680804788,-9.642131046017724e-05,0.00034456193296044605,-0.009819435343245416,0.0005500990747342479,0.0005305853346909878,0.02345419098443278,-0.0005141178681405855,0.0018689247771965902,-0.02267416741890616,0.06194541646975632,16.76760545470246,4.4283035986344224e-05,8.691870980658681e-05,-9.501346292339502e-06,-9.607777863161754e-06,7.714257242564255e-05,-3.81177906737578e-05,2.2346883352343635e-06,-0.00025420457338762846,0.0001877182628996328,6.0392926135657836e-05,0.0006562956124785881,0.0015798355410172283,0.0014538447607435304,soft-like,ok
4050500104,4U 1735-444,NS,5,0,59451.02774,11411.0,https://nasa-heasarc.s3.amazonaws.com/nicer/data/obs/2021_08/4050500104/xti/event_cl/ni4050500104_0mpu7_cl.evt.gz,33554432,370769059,target segments,1480184,1480184,0,7,0,1029.985707193613,504.75892857142856,7.0,335167.0,89408.0,27689.0,0.26675657209689496,0.3096926449534717,8.786290248624351e-05,6.462890832857658e-05,0.00937352134932457,0.00012001464788266372,0.00014408867216673664,0.010955119711014741,1.903526788249488e-05,0.0002821904299817469,0.0043629425715329875,0.0008940555771094281,0.0005984376134455772,0.029900762149306967,0.0006042645713506536,0.0017690627701645659,0.02458179349336931,0.0523071447025194,8.122791534058731,2.568530763027209e-05,6.899194441755534e-05,2.5223469147123292e-05,3.460795118716821e-06,1.2775985847416231e-05,-1.929643610483148e-07,7.748314490066809e-05,0.00019389222241277757,-0.00015472177923180682,0.0006614921492814273,0.0008387921139611293,0.000614704391843076,0.00036845060596299586,soft-like,ok
5050500101,4U 1735-444,NS,6,0,59710.07773,1734.0,https://nasa-heasarc.s3.amazonaws.com/nicer/data/obs/2022_05/5050500101/xti/event_cl/ni5050500101_0mpu7_cl.evt.gz,33554432,54799836,target segments,1472709,1472709,0,6,0,1072.4931640923023,468.2708333333333,7.0,269699.0,69164.0,20769.0,0.25644885594681477,0.3002862760973917,0.00013364832350659789,6.141461180188692e-05,0.011560636812329928,0.0001882925024789523,0.00020524579003833895,0.013721971523033864,8.942821785493999e-05,0.0005333265847572748,0.00945664939896473,4.709253929686244e-06,0.0005999409450670349,0.0021700815490866337,-0.0009604338795526044,0.0016432961760536491,-0.03099086767989248,0.0,,2.0830811232687463e-05,6.014364943641277e-05,4.691304743855966e-05,-1.705708630685145e-05,0.00012122132961550454,0.00011484166232522877,1.3122952801542505e-07,7.275148125627802e-06,7.790006367799264e-05,-0.00028832336748713447,0.0005786532981976915,0.0005912929890061602,-0.001718336391449591,soft-like,ok
7700030101,4U 1735-444,NS,7,0,60550.06704,1813.0,https://nasa-heasarc.s3.amazonaws.com/nicer/data/obs/2024_08/7700030101/xti/event_cl/ni7700030101_0mpu7_cl.evt.gz,33554432,51594913,target segments,1497904,1497904,0,8,0,1231.1323924660683,457.62109375,6.25,336540.0,98796.0,33268.0,0.29356391513638797,0.3367342807401109,-3.448867752095316e-05,3.44854643012169e-05,-0.005872706149719494,-8.963253833523416e-05,0.0001314305356814392,-0.009467446241475795,0.00010425375354651442,0.0003088182845430947,0.010210472738640185,8.245094927383534e-05,0.00026949786157320026,0.009080250507218142,0.00024227826146724853,0.0019688455539198613,0.015565290278926652,0.038280216238218305,,4.2283186987223545e-06,-1.3038244416506875e-05,9.157352380193263e-06,-7.131581254380053e-05,2.7881156926808976e-05,-6.131888508526332e-05,-2.341245450654023e-05,6.277914898269143e-05,4.940027595274435e-05,0.00022669081316596519,-0.00011509068213316068,0.00029380802922330374,0.0010756059385995946,soft-like,ok
2560010103,4U 1812-12,NS,0,0,58549.98374,18307.0,https://nasa-heasarc.s3.amazonaws.com/nicer/data/obs/2019_03/2560010103/xti/event_cl/ni2560010103_0mpu7_cl.evt.gz,16777216,17504265,target segments,675676,675676,0,127,0,17519.25847402215,20.64308562992126,7.0,251713.0,62276.0,21585.0,0.24740875520930583,0.346602222364956,0.013291111317783738,0.0006386352349557878,0.11528708218089197,0.018042377551129682,0.0009548837465658662,0.13432191761261333,0.015003174975125344,0.0016375932427306293,0.12248744823501445,0.038845237267578554,0.002868416899131606,0.19709195130085488,-0.005259101678262098,0.009963683353335851,-0.07251966407990386,0.24116969920944853,0.6064359701583877,0.0018222809082661703,0.003523198625938486,0.004812557228603415,0.0066251824613053345,0.006606092402976672,0.004844764616283323,0.00484293570829348,0.006690845533131988,0.008391087267506068,0.0021493987767788303,0.0027066168853668486,-0.00019452350617590866,0.005342386908501167,hard-like,ok
2560010203,4U 1812-12,NS,1,0,58660.11778,17011.0,https://nasa-heasarc.s3.amazonaws.com/nicer/data/obs/2019_06/2560010203/xti/event_cl/ni2560010203_0mpu7_cl.evt.gz,16345206,16345206,eof,664279,664279,0,113,0,16999.91321387887,21.91019081858407,7.0,237852.0,59129.0,19928.0,0.24859576543396733,0.33702582489133925,0.01141289212428492,0.0006064811589964894,0.1068311383646403,0.018903431689301316,0.0009971686018200086,0.13748975121550447,0.008392524350306184,0.0017294784580095379,0.09161072180867359,0.038024029984330215,0.0026195042243436434,0.19499751276447147,0.00875933402551998,0.009287395185166638,0.09359131383584686,0.2577157761075702,1.218356809348255,0.0017829764701007087,0.0028763287668286,0.0050236372685594066,0.005644612087942665,0.0055099747212760475,0.006054346099786938,0.005123065396654617,0.004204737269402628,0.004272146553441516,0.008164745538831711,0.0025560380136864544,0.007380642165898584,0.007824170902317368,hard-like,ok
3580010103,4U 1812-12,NS,2,0,58964.05204,25410.0,https://nasa-heasarc.s3.amazonaws.com/nicer/data/obs/2020_04/3580010103/xti/event_cl/ni3580010103_0mpu7_cl.evt.gz,16777216,35036925,target segments,684704,684704,0,85,0,11503.545490682125,34.79908088235294,7.0,285746.0,70690.0,22178.0,0.24738753998306187,0.3137360305559485,0.0038391655997099088,0.0003184477768536707,0.06196100063515686,0.011559824404883394,0.0008346964751534439,0.10751662385363202,0.009152657823551636,0.0010024032804322456,0.09566952400608898,0.02558353521295704,0.0020006879899581234,0.15994853926484304,0.007756562534398525,0.007346168546289115,0.08807134911194744,0.21546421493894066,2.334505569033431,0.0006491308453811356,0.0007592978208974514,0.0014780861167331442,0.002934395895063873,0.0034411378523595826,0.0030892911282925086,0.003616325164639221,0.003820830285885039,0.005412283564274116,0.003826229358939243,0.0041030689348132325,0.009931082169756078,0.003363668782219401,hard-like,ok
3580010205,4U 1812-12,NS,3,0,59043.00436,9933.0,https://nasa-heasarc.s3.amazonaws.com/nicer/data/obs/2020_07/3580010205/xti/event_cl/ni3580010205_0mpu7_cl.evt.gz,11610445,11610445,eof,471442,471442,0,58,0,9927.747309088707,27.08539870689655,7.0,150971.0,37784.0,12327.0,0.25027323128282913,0.32624920601312724,0.009262908438355685,0.0006158198364944195,0.09624400468785411,0.016069029448806223,0.0009248525956812436,0.12676367558889345,0.009725070498756623,0.0016928742415410704,0.09861577205881736,0.028323078893753777,0.002696630110499267,0.16829461932502113,0.000268782565350948,0.01011460833660119,0.016394589514560833,0.2532038561399064,2.1390807188247343,0.0011191432750282846,0.002107005027718047,0.003776852822124344,0.004729607005144929,0.005186373192100324,0.005057071843675571,0.004464070544298592,0.00482679690144964,0.004909231049407083,0.003558132392695743,0.0031488867093142723,0.0009268097373134403,0.020302212263848176,hard-like,ok
3580010310,4U 1812-12,NS,4,0,59086.0669,2381.0,https://nasa-heasarc.s3.amazonaws.com/nicer/data/obs/2020_08/3580010310/xti/event_cl/ni3580010310_0mpu7_cl.evt.gz,2697415,2697415,eof,108509,108509,0,16,0,2380.4231356680393,26.0751953125,7.0,40275.0,9781.0,3346.0,0.24285536933581625,0.34209181065330746,0.00935723367601577,0.0012193574324531472,0.09673279524554106,0.01615705710965549,0.0030156120561806543,0.12711041306539558,0.007515915214435246,0.0042403316267388596,0.08669437821701731,0.03388558753572204,0.006464187018051609,0.18408038335390883,-0.0020428096651263386,0.021400713708715328,-0.045197451976038854,0.19649758784054794,1.191320933315302,0.0016641510670196826,0.0017467110250461682,0.0031076486143782785,0.0055962485981606944,0.005563211913144117,0.004136570054862226,0.005245834404053234,0.0039010198472879155,0.0037329615431738695,0.005384303671886049,0.005504287801972989,-0.016112829666462564,0.009141183152631195,hard-like,ok
3580010317,4U 1812-12,NS,5,0,59098.65933,2207.0,https://nasa-heasarc.s3.amazonaws.com/nicer/data/obs/2020_09/3580010317/xti/event_cl/ni3580010317_0mpu7_cl.evt.gz,2373467,2373467,eof,96002,96002,0,16,0,2206.68537196517,24.8505859375,7.0,38183.0,9451.0,3260.0,0.24751852918838227,0.34493704369907946,0.009345443388518795,0.0014861914863987299,0.09667183348069279,0.018989129500317708,0.0020020795745623998,0.13780105043256277,0.00852137801880331,0.003006111222601871,0.0923113103514586,0.035377285802618806,0.005882557543039899,0.1880885052378768,0.011782866599292546,0.024173157817660246,0.1085489133952641,0.2683418014401182,2.276522368757987,0.0007839441135457858,0.0015434525975146175,0.0038061540030805575,0.005867007168629106,0.00607323929672524,0.004755100274420009,0.006192561503833866,0.006624276029835825,0.001994160033600592,0.0019126212675281572,0.0054103260124040015,0.016646271103123868,0.01039820899588622,hard-like,ok
3580010325,4U 1812-12,NS,6,0,59120.67694,1376.0,https://nasa-heasarc.s3.amazonaws.com/nicer/data/obs/2020_09/3580010325/xti/event_cl/ni3580010325_0mpu7_cl.evt.gz,1558381,1558381,eof,61838,61838,0,10,0,1375.856872588396,25.296875,7.0,23945.0,6092.0,2343.0,0.2544163708498643,0.3846027577150361,0.00931928162170697,0.0023607030346869218,0.09653642639805438,0.014970268509760295,0.003862198253374058,0.12235304863288161,0.010325467970738533,0.003450080349486757,0.10161430987188041,0.03244901741895801,0.011076290847658042,0.18013610803766691,0.014217245464005317,0.02197364456335789,0.11923609128114405,0.15915661519137259,0.5668008335159955,0.0005393107125696606,0.0015072250940770316,0.005582184595129604,0.0032957465910516057,0.005720922275770903,0.004615630177387757,0.003338843150931412,0.004224692462382018,0.006329773755475466,0.009323030173283753,-0.0017451267685932616,-0.00623010015155654,-0.01117130390873475,hard-like,ok
4202290104,4U 1812-12,NS,7,0,59464.33385,2671.0,https://nasa-heasarc.s3.amazonaws.com/nicer/data/obs/2021_09/4202290104/xti/event_cl/ni4202290104_0mpu7_cl.evt.gz,3740562,3740562,eof,151520,151520,0,15,0,2669.5415827929974,32.38697916666667,7.0,46262.0,11804.0,4117.0,0.25515541913449485,0.3487800745509997,0.0031324223344867917,0.0007933873312219047,0.055968047442150344,0.011655175461951805,0.0018591120698638907,0.10795913792705,0.0055636931356310496,0.001668518967922566,0.07459016782144312,0.023338545798756348,0.006106768492725864,0.15276958401054952,0.010734334729537921,0.020684008205250935,0.10360663458262662,0.19062536145549316,2.74795443978256,0.0003439328279188053,0.0008716096534368186,0.001105184422711538,0.0021889172457627004,0.0041857665323839915,0.003985413656278101,0.0022590859576077705,0.003983688442943619,0.0017716250209451087,0.004405945685402998,0.007405509997684456,-0.006822485582829851,0.01065383456979136,hard-like,ok
1050300109,4U 1820-303,NS,0,0,57995.00972,27144.0,https://nasa-heasarc.s3.amazonaws.com/nicer/data/obs/2017_08/1050300109/xti/event_cl/ni1050300109_0mpu7_cl.evt.gz,33554432,990504601,target segments,1491887,1491887,0,7,0,940.7646101117134,374.234375,7.0,261560.0,55909.0,17845.0,0.21375210276800735,0.31917938077948094,4.2816288804453955e-05,4.294672465042137e-05,0.006543415683299813,0.0004896701712144666,0.00028268596841766016,0.022128492294199952,0.00044704049543909443,0.0003848881312366735,0.0211433321744491,0.001985384450178188,0.0004572149496782866,0.04455765310446891,-0.00021386399046383853,0.0017655610691355282,-0.014624089389218001,0.0671098742829928,6.1888932252144215,0.00013904694128266575,3.108655182591394e-05,3.336363884935469e-05,-4.646315362612539e-06,6.351860354525969e-05,0.0001275928892786214,0.0002373448521687126,6.403743130269784e-05,0.0004272293038500675,0.0008752575869592848,0.0015701382917788572,-8.424983083005656e-06,0.0009481904338832809,soft-like,ok
1050300121,4U 1820-303,NS,1,0,58064.54421,1131.40969131887,https://nasa-heasarc.s3.amazonaws.com/nicer/data/obs/2017_11/1050300121/xti/event_cl/ni1050300121_0mpu7_cl.evt.gz,67108864,82996012,target segments,3144492,3144492,0,6,0,975.3319205343723,825.6927083333334,7.0,478776.0,118910.0,36446.0,0.2483624910187645,0.3065007148263392,0.0004336189573036418,0.0002699889861405213,0.020823519330402385,0.00032402479892095095,6.437847505554564e-05,0.018000688845734514,0.0020204170383419386,0.0007244635753693503,0.04494904935971326,0.01244414323550504,0.004008428560227713,0.11155332014559244,0.0012777306961282203,0.0011028316139916395,0.03574535908517664,0.22626542667313843,14.155554301222432,0.0002925052853493318,0.0002776472645318217,8.274375569135951e-05,0.00014340100531224848,8.104490490584828e-05,7.331979317476637e-05,-2.903527512066676e-07,0.0002081909995891231,0.0019120034241125706,0.006577312265916785,0.014328205723551812,0.018919935455232077,0.008300023782960837,hard-like,ok
2050300120,4U 1820-303,NS,2,0,58661.26009,4291.0,https://nasa-heasarc.s3.amazonaws.com/nicer/data/obs/2019_06/2050300120/xti/event_cl/ni2050300120_0mpu7_cl.evt.gz,33554432,109574132,target segments,1501984,1501984,0,9,0,1397.8945441246033,225.07899305555554,7.0,198529.0,45454.0,15308.0,0.2289539563489465,0.33678004136049633,0.00021346132680827854,9.921806145680773e-05,0.014610315766891506,0.0007184525807911214,0.00024515591543116245,0.026803965766116055,0.0018949869732033523,0.000736999766894764,0.04353144809449087,0.00784254601949352,0.001458738133994081,0.08855815049724966,-0.0006786774543894986,0.002546371473130298,-0.026051438624181557,0.12396569843627853,7.489890066926275,9.986092573885402e-05,9.708733196054898e-05,4.827651219594265e-05,0.00010336840130055305,6.473716110100951e-05,0.0002776851737144632,0.0002968020314707604,0.0006167659174927983,0.0013221783515666762,0.004117995324263988,0.004541508253903526,0.002148076502130276,0.0016331525019549515,intermediate,ok
4680010103,4U 1820-303,NS,3,0,59338.60139,1844.0,https://nasa-heasarc.s3.amazonaws.com/nicer/data/obs/2021_05/4680010103/xti/event_cl/ni4680010103_0mpu7_cl.evt.gz,33554432,50073526,target segments,1505649,1505649,0,7,0,1249.414594590664,254.5625,7.0,174970.0,39683.0,13435.0,0.2267988798079671,0.33855807272635635,0.00017426023893043918,0.0001551283114472842,0.013200766603892335,0.0003263209320581654,0.00027805078579955006,0.018064355290410047,0.002472119172929337,0.00054441945604704,0.04972041002374515,0.005431443252521937,0.001153994215971251,0.07369832598181547,0.00031785646831597187,0.0022963968015232814,0.017828529617328847,0.11188592761484725,7.502684153603127,8.43965316323393e-05,9.660365805246832e-05,5.8015503440516176e-05,-4.428406532033768e-06,-5.11913771208818e-05,0.00016511465708049885,0.0002495460778694969,0.0010518412759519744,0.0014071989551759027,0.0018122832859292027,0.003783190801240616,0.004158670645853742,-0.0002927808103390036,soft-like,ok
4680010119,4U 1820-303,NS,4,0,59518.09259,5472.0,https://nasa-heasarc.s3.amazonaws.com/nicer/data/obs/2021_10/4680010119/xti/event_cl/ni4680010119_0mpu7_cl.evt.gz,50331648,219742099,target segments,2224123,2224123,0,6,0,1307.8981393575668,448.8020833333333,7.0,267973.0,58745.0,17962.0,0.219219846775608,0.3057621925270236,9.703318174821493e-05,9.33757626230307e-05,0.009850542205798365,-4.920766017098096e-05,0.00012744368421686733,-0.0070148171872815735,0.0004586892549809209,0.00029411712854835245,0.02141703189008507,0.0007628347839131123,0.0004756948813035033,0.027619463859986714,0.002356393715939042,0.0014510360039667078,0.04854269992428359,0.03453665352662808,,3.753253536992303e-05,2.755869564403213e-05,6.135843582570054e-05,-1.7469893961277246e-05,2.0580946715046045e-05,-0.00010750992206111337,5.6997575189600203e-05,0.000245789168694466,0.00021920977051170058,8.522982438520702e-05,0.0003108083833151436,0.0003867143699333551,-0.00013401945274343194,soft-like,ok
5604010301,4U 1820-303,NS,5,0,59699.33981,2574.0,https://nasa-heasarc.s3.amazonaws.com/nicer/data/obs/2022_04/5604010301/xti/event_cl/ni5604010301_0mpu7_cl.evt.gz,50331648,141474819,target segments,2273826,2273826,0,6,0,935.0906402468681,708.0442708333334,7.0,414009.0,100060.0,29709.0,0.2416855672219686,0.29691185288826705,0.00010748190379527545,4.020491246135173e-05,0.010367347963451186,-7.068123833171065e-06,3.8953470770089854e-05,-0.0026585943340741297,-0.00010608471163555861,0.00023331650652002993,-0.010299743280080266,0.0005373106847890814,0.0004122912047713898,0.023179963002323393,-0.0016046674344137785,0.001755812834014607,-0.040058300443400974,0.05295872444154515,9.367018524130902,9.010155423374299e-05,6.185852649988348e-05,3.406149045808007e-05,1.2051910565941779e-05,1.0229703168037072e-05,7.042587531352005e-05,-8.275642634239748e-05,3.1392699004135587e-05,-0.00014293471034065478,0.00024171298223032907,0.0009550556764164561,0.0013083472469703097,0.00021507996629812874,soft-like,ok
5604010901,4U 1820-303,NS,6,0,59812.20369,9805.0,https://nasa-heasarc.s3.amazonaws.com/nicer/data/obs/2022_08/5604010901/xti/event_cl/ni5604010901_0mpu7_cl.evt.gz,33554432,343661031,target segments,1504729,1504729,0,7,0,1003.7488191127777,363.88058035714283,7.0,253955.0,54838.0,17244.0,0.2159358941544762,0.3144534811626974,6.504269228865243e-05,7.092186027059861e-05,0.008064904977038009,0.00010825377058598979,0.00013302214487595748,0.010404507224563294,0.0005724322078207847,0.0005671281295770908,0.023925555538394185,0.0017960064276659332,0.0007232560952168392,0.04237931603584387,-0.0004281801047919604,0.0012352096576054923,-0.020692513254603955,0.062433471580873236,12.115514924001745,1.622401946810972e-05,3.261043506120208e-05,3.233913883315001e-05,1.7225556065201892e-05,5.660652390639267e-05,-2.965231611608413e-05,7.110394536301306e-05,0.0002985491258687451,0.00026694626171380634,0.00048860217049343,0.0004347163741689634,0.0006601287668892738,0.0015525383719245023,soft-like,ok
8050300119,4U 1820-303,NS,7,0,60839.75718,1025.99555540085,https://nasa-heasarc.s3.amazonaws.com/nicer/data/obs/2025_06/8050300119/xti/event_cl/ni8050300119_0mpu7_cl.evt.gz,214819400,214819400,eof,9423618,9423618,0,5,0,1025.961331307888,7949.03125,6.0,1317475.0,1375882.0,2394023.0,1.0443325300290327,1.7399915108999173,0.08474468158065676,0.021485363937334443,0.2911093979600397,0.03668275550106845,0.015892958820453197,0.19152742754255445,0.015618961598465892,0.006850032059878152,0.12497584405982579,0.0569135140749704,0.024506258270370396,0.23856553413049925,0.00015891876693088124,8.751910253475822e-05,0.012606298700684561,0.4519122427939,0.05829704086493599,0.05905075227761455,0.05702592971547154,0.015381336119907617,0.019013176161609455,0.011246451036356438,0.009760458861805882,0.008753768588899093,0.008646234703536851,0.007219043492604235,0.0038375947506539706,0.0019453451244604725,0.0014909656650671438,0.0008536186890255497,hard-like,ok
6403520101,4U 1850-086,NS,2,0,60171.65942,2309.0,https://nasa-heasarc.s3.amazonaws.com/nicer/data/obs/2023_08/6403520101/xti/event_cl/ni6403520101_0mpu7_cl.evt.gz,16777216,16982648,target segments,721751,721751,0,15,0,2246.56118452549,141.54479166666667,7.0,199580.0,59411.0,12775.0,0.2976801282693657,0.21502752015620002,-3.1797881166426765e-05,2.2704753631485977e-05,-0.005638961000612326,-7.079096231092362e-05,0.00017384432334722704,-0.008413736524928958,-0.00045932557937979697,0.0002946598988036787,-0.021431882310702366,-0.0005653479566543777,0.0005295931533623515,-0.02377704684468569,-0.0006730841277037285,0.0014039853328927621,-0.02594386493380908,0.0,,0.0001344980653342513,2.1425996274263007e-05,-9.775534497605019e-06,1.541868104617207e-05,4.470899014450922e-05,-3.619397023353933e-05,-0.00013272588732028044,5.10602447936525e-05,-0.0005158329430643193,-0.0004839149210939754,0.0003417707294982046,-0.00034268710899089383,-0.0002318228047213742,soft-like,ok
7403520101,4U 1850-086,NS,4,0,60424.52867,6252.71453392506,https://nasa-heasarc.s3.amazonaws.com/nicer/data/obs/2024_04/7403520101/xti/event_cl/ni7403520101_0mpu7_cl.evt.gz,16777216,23507231,target segments,728251,728251,0,27,0,3891.689527988434,60.0552662037037,6.074074074074074,162953.0,37081.0,7517.0,0.22755641197155008,0.2027183732909037,0.019362474205236416,0.01286908583610431,0.1391491078132965,0.0010792539410974585,0.0008485239041887789,0.03285200056461491,-0.0004070423037486806,0.0003156223171610382,-0.02017528943407456,0.00039517621589594594,0.0017976798143133409,0.019879039612012095,0.0009224882936414585,0.002631068052390011,0.030372492384416833,0.28083981986226353,0.018039606908870902,0.057550059521447275,0.014477285790675903,0.0037093051729230344,0.0014986291086583588,0.0005271590982096088,0.00021898069166553306,3.6251820456086394e-05,0.00026417895364550225,-0.000697104793648837,-0.0010400579876259286,0.0008356154251823216,0.0008915598281752683,0.0005991417905044896,soft-like,ok
7204410101,4U 1850-086,NS,5,0,60424.90046,2197.0,https://nasa-heasarc.s3.amazonaws.com/nicer/data/obs/2024_04/7204410101/xti/event_cl/ni7204410101_0mpu7_cl.evt.gz,7994620,7994620,eof,348795,348795,0,16,0,2196.9378151893616,23.55078125,7.0,39832.0,6622.0,1778.0,0.1662482426189998,0.26849894291754756,0.0006876675482191049,0.0005601814074713121,0.026223416028791992,0.004119093082006505,0.0016329848988418795,0.06418016112480947,5.5195264535064836e-05,0.002851715727027941,0.007429351555490212,0.012373859571119993,0.006570462133560322,0.11123785134170829,0.012494285865874366,0.029274318014202758,0.11177784156922321,0.11927224783323587,3.478014424504078,9.378238719707908e-06,1.4146618540789612e-05,0.00028555963694758377,0.0001874523002763849,0.0003602558789768389,0.0003141939111934965,0.003404695535198525,0.00014264176239594563,0.00015301025123110967,0.008262695530339799,0.0025145974816399214,0.001308728852042228,-0.002731486894309493,hard-like,ok
7204410102,4U 1850-086,NS,6,0,60425.09653,5696.2385596633,https://nasa-heasarc.s3.amazonaws.com/nicer/data/obs/2024_04/7204410102/xti/event_cl/ni7204410102_0mpu7_cl.evt.gz,16777216,21268710,target segments,735876,735876,0,29,0,4580.050137400627,23.041217672413794,6.517241379310345,69597.0,12355.0,3577.0,0.17752201962728278,0.2895184135977337,0.00013747415329593438,0.00044744346192257485,0.011724937240596828,-0.0012239672872268416,0.0011544082522475167,-0.03498524384975531,0.0027096468284012686,0.0026352675783419214,0.0520542681093613,0.007331562979690018,0.004882065581620312,0.0856245465955296,-0.008906732765020419,0.017590823125759124,-0.09437548815778607,0.13595472276874565,9.474719558882486,0.00012059545123462973,-0.00039643305397837956,6.2211020284897e-05,0.0002864707464576089,-0.00047206299874415284,-0.000898937567340188,0.00039099779377483717,0.0012332966218414375,0.0014176111321743013,0.0016849825737889604,0.009855209734533897,0.007676563433982363,-0.0024768182448837257,intermediate,ok
7204410103,4U 1850-086,NS,7,0,60426.00255,3121.0,https://nasa-heasarc.s3.amazonaws.com/nicer/data/obs/2024_04/7204410103/xti/event_cl/ni7204410103_0mpu7_cl.evt.gz,16246576,16246576,eof,715311,715311,0,20,0,3120.0868825912476,34.984375,7.0,71896.0,13309.0,4355.0,0.18511460999221097,0.32722218047937485,-0.00018266592342945645,0.0003731727049014366,-0.013515395792556593,-0.0008335268837796553,0.0012631453346740977,-0.02887086565691537,0.0015335881505044297,0.0021818626925735485,0.03916105400144932,0.0023233708443489037,0.004253879755823276,0.048201357287413635,0.004962084598620664,0.013268842282717339,0.07044206554765883,0.1274138161692537,16.46710178209448,5.603246734414762e-05,1.5899442438500568e-05,-0.00025255478375971554,-0.00031711177271347575,0.00048227535438764277,0.00021335318272869958,-0.0011581442781388204,-0.00023264340468642357,0.0017663216030389122,0.0005332309962945193,0.002351223762851851,0.006970366670933232,0.005806031310093304,soft-like,ok
1050340105,Aql X-1,NS,0,0,58179.03573,1182.0,https://nasa-heasarc.s3.amazonaws.com/nicer/data/obs/2018_03/1050340105/xti/event_cl/ni1050340105_0mpu7_cl.evt.gz,73024516,73024516,eof,3271038,3271038,0,5,0,1181.9889706671238,921.0109375,7.0,468737.0,97708.0,23002.0,0.2084495143331975,0.23541572849715478,0.00011209487110028571,2.74377001013586e-05,0.0105874865336531,7.683334865363414e-05,8.540423641624171e-05,0.008765463402104542,-6.087624069476045e-06,0.00016600103064282697,-0.002467311101072592,6.535489774032468e-05,0.00011865272120311169,0.008084237610333127,0.0005374061675438804,0.0011980471978570687,0.02318202250762173,0.0,,0.0001088762493277352,9.908364422320213e-05,2.5273852360049824e-05,3.3303276697156124e-06,7.512017789602956e-05,-3.368060044429752e-05,2.6595237635653026e-05,-1.897897978613441e-05,6.096936130225597e-06,7.763088200726318e-06,-0.00013989625826585722,-0.0006019802081347149,8.123358995970542e-05,soft-like,ok
2050340113,Aql X-1,NS,1,0,58727.06597,1934.0,https://nasa-heasarc.s3.amazonaws.com/nicer/data/obs/2019_09/2050340113/xti/event_cl/ni2050340113_0mpu7_cl.evt.gz,150994944,151804181,target segments,6749689,6749689,0,6,0,1923.7991753518581,1314.6901041666667,7.0,783504.0,181184.0,44994.0,0.23124834078702852,0.24833318615330272,0.00018875890720587422,3.822240166641237e-05,0.013738955826622132,8.23718270475928e-05,7.64454397785308e-05,0.00907589263089823,-4.240663436398159e-05,0.00011472246725054529,-0.006512037650688269,0.0002542137525483584,9.586908692810594e-05,0.0159440820541152,-3.6086932768118014e-05,0.0005552956126238735,-0.00600724002917463,0.025715312064846483,,0.00021380908112027323,5.422402357387079e-05,5.778470752762602e-05,9.201801507804469e-05,3.2204248196940334e-05,5.043680224184432e-05,-1.2932536413910756e-05,-2.4537498886010013e-05,-2.047366142891996e-05,0.0001887103118507419,0.00015123723082340716,7.4720432676575e-05,-0.0001959238817680437,soft-like,ok
3050340119,Aql X-1,NS,2,0,59092.99583,3406.0,https://nasa-heasarc.s3.amazonaws.com/nicer/data/obs/2020_08/3050340119/xti/event_cl/ni3050340119_0mpu7_cl.evt.gz,33554432,107369949,target segments,1492828,1492828,0,6,0,1187.946035027504,357.9908854166667,7.0,225030.0,39707.0,10200.0,0.17645202861840645,0.25688165814591885,-3.109578302905772e-05,1.780334214087958e-05,-0.00557635929877709,0.0007658840098033308,0.00016879409933286314,0.02767460947878634,0.0003304562450891638,0.0004203591656018912,0.01817845551990498,0.0017552242400032641,0.0007016681028528403,0.04189539640584947,-0.0026579965374625737,0.0015244349628980875,-0.05155576143810286,0.04840666593881927,,8.918351976128007e-05,9.005171335307625e-06,-4.2086371284271926e-05,-1.9420422195491475e-05,2.513862865110828e-06,0.0002943497773493286,0.0005068863047187997,0.0001138779815667161,0.0002001181675079375,0.00038402523618961097,0.0005646932792796073,0.00035620988757069664,-0.00011615108735218619,soft-like,ok
3050340151,Aql X-1,NS,3,0,59142.06644,1144.0,https://nasa-heasarc.s3.amazonaws.com/nicer/data/obs/2020_10/3050340151/xti/event_cl/ni3050340151_0mpu7_cl.evt.gz,1973216,1973216,eof,80751,80751,0,8,0,1143.787428945303,22.458984375,7.0,18522.0,3409.0,1067.0,0.18405139833711262,0.312995013200352,0.0009458418166745738,0.000997710665713503,0.030754541399191336,0.0019076185609325882,0.0024561730922505105,0.04367629289365786,0.003169706257647687,0.003983197795301558,0.05630014438389734,0.017612186960135494,0.007635845464597952,0.1327109149999935,0.027475740031399392,0.02634373742442754,0.1657580768210086,0.05518238567411519,9.957892058226696,-0.0003075715760776613,4.381235921551401e-05,-6.951955256738349e-05,0.00075232831174105,0.0010781859393531432,0.0002878552130787127,0.0009793958888354788,-0.0004097407774920021,0.0033608492530903355,-0.0003876243394120084,0.017174287942969994,0.016761243922280667,-0.03621840689632905,hard-like,ok
6050340101,Aql X-1,NS,4,0,60163.91318,1390.0,https://nasa-heasarc.s3.amazonaws.com/nicer/data/obs/2023_08/6050340101/xti/event_cl/ni6050340101_0mpu7_cl.evt.gz,100663296,159731874,target segments,4504753,4504753,0,6,0,877.7405164241791,2044.0247395833333,7.0,1187074.0,302970.0,79767.0,0.2552241898988606,0.26328349341518964,0.00010445568188982964,3.030575936224421e-05,0.010220356250631855,3.5451360850998316e-05,4.074668184764279e-05,0.005954104538131516,0.00011725287989463877,3.136482361811035e-05,0.01082833689421597,0.00014476401322232146,8.831323279097776e-05,0.012031791771067245,-0.00020865843681867815,0.00025428525297105847,-0.014445014254706644,0.02581092287501909,,9.558883006670686e-05,5.8729092582677994e-05,2.4574783970802764e-05,2.5836054833353e-05,3.423043802793245e-05,2.501034555870846e-05,-2.8952300160629218e-05,2.4963128469474094e-05,9.276837935314719e-05,2.2268156626165177e-05,5.192742523509947e-05,2.5261214195338886e-05,0.0002139981909014065,soft-like,ok
6634020121,Aql X-1,NS,5,0,60175.08993,2340.0,https://nasa-heasarc.s3.amazonaws.com/nicer/data/obs/2023_08/6634020121/xti/event_cl/ni6634020121_0mpu7_cl.evt.gz,83886080,221345353,target segments,3776148,3776148,0,6,0,878.0549055933952,1682.70703125,7.0,982946.0,244794.0,64579.0,0.24904114773344618,0.2638095704960089,0.0001854747473476624,5.273989069042456e-05,0.01361891138629158,0.00010013865329413394,2.4805360189698502e-05,0.010006930263279241,2.8231042940603806e-05,0.00011023498278848612,0.005313289276954889,0.00014441559243622432,0.0001593367808827046,0.012017303875504868,-0.0005041033761787413,0.000686622555447655,-0.022452246573087985,0.0196834562795016,,4.60068372883576e-05,0.0001224412869792207,3.212110470964736e-05,5.988667023492568e-05,6.542278540790568e-06,5.710677666102567e-05,9.921116269209677e-06,9.683460569541873e-06,1.6141749618038575e-05,-1.0145072135221838e-05,-9.815409984872565e-05,2.1311217746731843e-06,0.00013375522044556756,soft-like,ok
6634020142,Aql X-1,NS,6,1,60197.02514,2931.0,https://nasa-heasarc.s3.amazonaws.com/nicer/data/obs/2023_09/6634020142/xti/event_cl/ni6634020142_0mpu7_cl.evt.gz,33554432,77725812,target segments,1502835,1502835,0,8,0,1238.1934268474579,379.42578125,7.0,315390.0,59173.0,13969.0,0.18761850407432068,0.23607050512902844,0.00019570444270745028,0.00010142122006753907,0.013989440400082138,0.0003259766593303871,0.00023118317970639957,0.018054823713633626,3.280021816575847e-05,0.00016776695708629126,0.005727147471975771,0.0007138435229224216,0.0004755888192431116,0.026717850267609887,0.001075351949383292,0.002489907405952435,0.032792559360063554,0.060787048283600924,9.733991209478882,0.00010737089234894228,0.00014441686188466875,6.207981827818768e-05,-2.5070160075288998e-05,8.03510699704028e-05,6.489852552571814e-05,0.00021315092859551678,0.0002501635692208558,-0.00023550929319646497,-0.00012056743086208731,0.0009271895939409787,5.779877580557257e-05,0.0021687920875958283,soft-like,ok
7050340124,Aql X-1,NS,7,0,60618.51204,1944.0,https://nasa-heasarc.s3.amazonaws.com/nicer/data/obs/2024_11/7050340124/xti/event_cl/ni7050340124_0mpu7_cl.evt.gz,11071948,11071948,eof,482665,482665,0,13,0,1943.916560292244,62.64242788461539,7.0,81264.0,17454.0,5519.0,0.21478145304193738,0.31620258966426035,0.0015590854983475282,0.0007194023513847586,0.03948525672130711,0.0033817860988390835,0.0007331109397129835,0.0581531263032271,0.00619176651672881,0.0008441405766337599,0.0786877786999278,0.015331894504935864,0.002618707243592104,0.12382202754330857,-0.005161256940892123,0.006957620890994686,-0.07184188848361465,0.1762121286827819,4.17120495469126,0.0006856006176531702,0.00045685007112711165,0.000721640986985496,0.0004737284685591155,0.0006794492633724602,0.0008512479989307762,0.001776648561644974,0.0021782202584983016,0.003994852504797185,0.005645048072877072,0.007110796164985242,0.0019860497704190364,0.004490581555067351,hard-like,ok
1030110106,Cen X-4,NS,0,1,58229.0197,17713.4373747408,https://nasa-heasarc.s3.amazonaws.com/nicer/data/obs/2018_04/1030110106/xti/event_cl/ni1030110106_0mpu7_cl.evt.gz,16777216,290266794,target segments,720695,720695,1,7,1,6011.019182831049,258.01004464285717,5.571428571428571,61378.0,69564.0,100493.0,1.13337026296067,1.444612155712725,1.6556189370986043,0.0008570643190831223,1.2867085672748917,0.39854947723569956,0.00024059938020066807,0.6313077516043182,0.033120845986523276,0.00026121057674223356,0.1819913349215376,0.4422739198333798,0.0005876765476911218,0.6650367808124449,-0.001330340344663106,0.00013062166120404213,-0.036473830956770995,1.834781830900151,0.028914728976407084,1.2578913939047263,1.0149969971653952,0.41341879540639553,0.2980879592143433,0.21126529490387985,0.0646116398601306,0.0516540918051559,0.021558514229086213,0.011695967736440693,0.008001529635401121,0.005905575189137842,0.005305271533355679,0.00203133641786161,hard-like,ok
1050050107,Cir X-1,NS,0,0,58326.24693,2133.0,https://nasa-heasarc.s3.amazonaws.com/nicer/data/obs/2018_07/1050050107/xti/event_cl/ni1050050107_0mpu7_cl.evt.gz,2561533,2561533,eof,104229,104229,0,13,0,2129.8127154409885,25.40204326923077,7.0,36846.0,4191.0,1232.0,0.11374368995277642,0.29396325459317585,0.0007059001127246598,0.0008620453017175461,0.02656878079108373,-0.003369345476382651,0.0018725191657195986,-0.05804606340125617,0.0008616253137684032,0.004089671544672278,0.02935345488640823,0.0037900007653850877,0.005820001320938999,0.06156298210276276,0.0064824733837438,0.018097014798839087,0.08051380865257711,0.0,,0.0001899393780659387,2.6744562749617257e-05,0.0002616874770138911,0.0003193911690570789,-0.00017452246904952498,-0.0005200676876795964,-0.002607555738103295,0.0014280960114414324,-0.0005355933753191924,0.007449202047913946,-0.004119516402179104,-0.008523189768657213,0.001763003866548001,soft-like,ok
2050050121,Cir X-1,NS,1,0,58892.05023,2187.0,https://nasa-heasarc.s3.amazonaws.com/nicer/data/obs/2020_02/2050050121/xti/event_cl/ni2050050121_0mpu7_cl.evt.gz,50331648,59819927,target segments,2187242,2187242,0,8,0,1799.87090036273,808.0419921875,7.0,591901.0,186596.0,48938.0,0.315248664894974,0.2622671439902249,0.00017346635361730576,2.408744816401959e-05,0.013170662611171306,0.0010281876664668893,0.00018452111258798417,0.032065365528353006,0.0018455659734039264,0.0002177166951788061,0.04296005090085353,0.0037062473336777237,0.00037794528332044553,0.06087895641087915,0.0008252491176427214,0.0010729968876422367,0.028727149486900392,0.08493528667975804,5.04221135669585,1.4279039285162342e-05,2.5999795680825572e-05,6.243035229052216e-05,0.00010787175348443218,0.0002295929371164296,0.000250088476914987,0.0005254480306630443,0.0008602089931547556,0.0009855796541831253,0.0004638869980833418,0.0010649966700549231,0.002781546646868995,-0.00015792642440785998,soft-like,ok
3578010901,Cir X-1,NS,2,0,59069.04884,5108.0,https://nasa-heasarc.s3.amazonaws.com/nicer/data/obs/2020_08/3578010901/xti/event_cl/ni3578010901_0mpu7_cl.evt.gz,16777216,48516849,target segments,701029,701029,0,21,0,3676.226059257984,160.6063988095238,7.0,178011.0,194036.0,59663.0,1.0900225266977883,0.30748417819373725,0.0008794024199149512,0.0003220779813682647,0.029654720027593433,0.0009935412349096342,0.00043253042229173357,0.03152048912865462,0.0017899636372934505,0.0005979727228060346,0.042307961866455475,0.004743138959790011,0.0014992139396400525,0.06887045055602592,0.002687315186369801,0.0012216748550895535,0.0518393208517415,0.08988933576723436,1.1993264877688548,0.0014591250442664927,0.0005262969960982064,0.00018557074120693616,0.00021479837600954654,0.00028700738936177306,0.00029648230278772473,0.00033643293366220604,0.000600311713633764,0.0012160068393578787,0.0017073336197433522,0.0014152138240450132,0.001442372089037002,-0.0016068591845352972,soft-like,ok
3668010102,Cir X-1,NS,3,0,59269.03494,2360.0,https://nasa-heasarc.s3.amazonaws.com/nicer/data/obs/2021_02/3668010102/xti/event_cl/ni3668010102_0mpu7_cl.evt.gz,50331648,71318501,target segments,2202042,2202042,0,6,0,1652.524523973465,1035.9934895833333,7.0,538155.0,203566.0,53922.0,0.37826648456299766,0.2648870636550308,7.636116301643959e-05,4.422917336057162e-05,0.008738487455872418,0.0003821100630096218,9.409243865036354e-05,0.01954763573963925,0.0005280234840060562,0.000145765247522216,0.02297876158556105,0.0013168391408763104,0.00015057308803885318,0.03628827828481685,0.0010019274104870462,0.0010140192806587847,0.031653236966968264,0.04379581352494926,,2.735873340881841e-05,1.9824479873121876e-05,2.3964776719917655e-05,2.816878502501494e-05,-7.105777323321696e-06,0.00013974656386283977,0.0002448831909334121,0.00026143075369977826,0.0002755819372413546,0.0003444916658295013,-3.8002848624490144e-05,0.0005241409420999693,7.359007956621175e-05,soft-like,ok
5571030102,Cir X-1,NS,4,0,59704.03218,2357.0,https://nasa-heasarc.s3.amazonaws.com/nicer/data/obs/2022_05/5571030102/xti/event_cl/ni5571030102_0mpu7_cl.evt.gz,16777216,38849168,target segments,726391,726391,0,6,0,1002.3789030015469,539.8893229166666,7.0,288542.0,99726.0,26367.0,0.3456203949511683,0.2643944407677035,0.00027936463912260975,0.00023153371758077192,0.016714204711041736,0.0001646745468986264,7.123425184748621e-05,0.012832558080859265,0.0002630702759856658,0.00021529427825380947,0.016219441296964142,0.0005047313727924578,0.0003087852117355909,0.022466227382283342,-0.0017753082433365085,0.001885931325356051,-0.042134406882457814,0.049659883056644975,,0.0002739068409346865,0.00019292925422116966,3.6014245367707866e-05,8.806387694593467e-05,4.522881149279423e-05,-3.069323368038438e-06,7.741413837508427e-05,-0.0001402083184172922,0.0004107367773895419,0.0004135777595958464,5.5658791420995255e-05,0.0005511653552316193,0.00046468577600960505,soft-like,ok
5571070102,Cir X-1,NS,5,0,59770.0,1837.0,https://nasa-heasarc.s3.amazonaws.com/nicer/data/obs/2022_07/5571070102/xti/event_cl/ni5571070102_0mpu7_cl.evt.gz,32532124,32532124,eof,1399057,1399057,0,10,0,1836.9469649791718,553.69765625,7.0,478445.0,178661.0,51627.0,0.3734201423361097,0.2889662545267294,0.0003449879261071196,0.00021015217077140374,0.018573850599892302,8.914683798732283e-05,9.743033487819677e-05,0.009441760322488748,-0.00034987006877080904,0.00010889791126855233,-0.018704814053360944,-8.729273961618676e-06,0.00025545338568863077,-0.002954534474603178,0.00047052055901698314,0.0010295625943037249,0.0216914858646655,0.031160131113687404,,0.00022459230748938123,0.00017283090223952605,0.00014947053478686487,3.232006225285269e-05,-4.633911918623838e-05,-1.9928878019748798e-05,0.00012493927897906204,-4.9751815153847565e-05,-0.0002792762705748375,0.0003750161551010507,-4.475816299791659e-05,0.0004782043053888263,-0.00014636552928278546,soft-like,ok
6689030101,Cir X-1,NS,6,0,60158.44514,4357.0,https://nasa-heasarc.s3.amazonaws.com/nicer/data/obs/2023_08/6689030101/xti/event_cl/ni6689030101_0mpu7_cl.evt.gz,16777216,64055420,target segments,718726,718726,0,13,0,1904.954338490963,349.9020432692308,7.0,304116.0,214768.0,63353.0,0.7062042115508556,0.29498342397377636,0.00014661998618290342,0.00010087665582039845,0.012108674005972058,7.776167885558841e-06,9.07980972256435e-05,0.0027885781117908174,-0.00022701144545294902,0.00020902606733828397,-0.015066898999228376,-0.00032679127191786805,0.0004036329541558337,-0.01807736905409269,-0.002428246600957774,0.0013347525041390441,-0.04927724222151412,0.0,,0.0005169686224187614,0.0001636259868061611,2.627198529130489e-05,-5.0382734823657576e-05,0.000123467487455192,-5.288839987632496e-05,-5.8094007134366465e-05,-4.781204161947421e-05,-0.00017680356748332144,0.00018235655150542442,-0.00029596564892178634,0.0003188894104424005,-0.0008478129653010136,soft-like,ok
6689030202,Cir X-1,NS,7,0,60168.11574,5903.0,https://nasa-heasarc.s3.amazonaws.com/nicer/data/obs/2023_08/6689030202/xti/event_cl/ni6689030202_0mpu7_cl.evt.gz,16777216,93955235,target segments,728998,728998,0,7,0,1125.4952464103699,474.04017857142856,7.0,286308.0,106809.0,31623.0,0.37305628903139276,0.29607055585203496,9.705118764118847e-05,3.9044800722475264e-05,0.009851456117812659,-9.277777470117957e-05,0.00012376614835619471,-0.009632122024828152,8.68777277937871e-05,0.000226178950500891,0.00932082227026066,0.000611714968847009,0.00058744521368088,0.024732872232052002,-4.0030383075408e-05,0.0023554109104272644,-0.006326956857400562,0.03168593246997729,,1.9512838783766896e-05,3.738193114086419e-05,2.549022119672142e-05,1.4332574437830613e-05,-4.946464053644343e-05,-2.90870517767091e-05,-5.368085742120381e-06,-4.938634237625177e-05,0.00014725253438990443,0.0006429438925326875,0.000155071254099792,0.0002799505908229034,-0.00018463140048098444,soft-like,ok
0034150107,Cyg X-2,NS,0,0,57931.00417,6322.61157652736,https://nasa-heasarc.s3.amazonaws.com/nicer/data/obs/2017_06/0034150107/xti/event_cl/ni0034150107_0mpu7_cl.evt.gz,83886080,423670362,target segments,3751599,3751599,0,6,0,1094.8772368878126,1033.0520833333333,7.0,612610.0,143080.0,37694.0,0.23355805487993994,0.2634470226446743,4.045931422058206e-05,1.864380364589553e-05,0.006360763650740535,0.0005428416782927293,6.037140315630781e-05,0.02329896303041681,0.000679376423913854,0.00013025154651365305,0.02606485035279992,0.0014750843484688527,0.00016267593735970357,0.03840682684717461,8.932146271105246e-05,0.0008523310934027307,0.009451003264789006,0.062660721592163,7.167547396306166,3.454932047982814e-05,1.3295354524313788e-05,1.0368003857816508e-05,3.98791470091183e-05,0.00010989784211430942,0.00014934155737839658,0.00026708942470596,0.0002761728571615406,0.00039663322967571017,0.0002162414326515625,0.0005450076602968492,0.0011816443103243631,0.000686245890270795,soft-like,ok
1034150111,Cyg X-2,NS,1,0,58047.98218,23698.0,https://nasa-heasarc.s3.amazonaws.com/nicer/data/obs/2017_10/1034150111/xti/event_cl/ni1034150111_0mpu7_cl.evt.gz,134217728,3733692659,target segments,6019306,6019306,0,6,0,844.8125765621662,2445.2174479166665,7.0,1446307.0,348305.0,83315.0,0.2408236978732731,0.2392012747448357,0.0002770980495499671,4.489820987091064e-05,0.01664626232972336,0.0005582907842559763,4.454809152477813e-05,0.02362817775995382,0.000890975054852819,5.175760184192827e-05,0.029849205263336894,0.0024139750450693455,0.0001243691420199479,0.04913222002992889,-0.00041430736731487783,0.00023715911044067358,-0.020354541687664644,0.07101649347422594,4.384688674899157,0.00014157985206949788,9.426563445129419e-05,0.0001065052568903275,0.00010491424073678624,7.718109808288058e-05,0.00017880611248700668,0.00026497717619969406,0.0003905484025862019,0.0005091659672245713,0.0007128959324109325,0.000954503184054275,0.0007423687866521446,0.000765630701529163,soft-like,ok
1034150134,Cyg X-2,NS,2,0,58085.01281,14870.8775117248,https://nasa-heasarc.s3.amazonaws.com/nicer/data/obs/2017_11/1034150134/xti/event_cl/ni1034150134_0mpu7_cl.evt.gz,67108864,1314001485,target segments,3009313,3009313,0,6,0,825.4605760276318,1206.4544270833333,7.0,713066.0,171001.0,42490.0,0.23981090109470932,0.24847807907556096,3.224033337776199e-05,1.9470356206582017e-05,0.005678057183382533,0.0001528029540625051,7.043769000167798e-05,0.012361349200734728,0.00016172908275773163,5.2065517822840986e-05,0.012717274973740703,0.000700664064676668,0.00021981749054780366,0.026470059778486862,0.0010611516093729353,0.0007030238926973291,0.03257532209162229,0.03592725525909835,,3.778711640551013e-06,1.9104519377011324e-05,-8.927886122283006e-07,1.4576915568986788e-05,2.5810526314830692e-05,3.5205617457141154e-05,8.681970198888816e-05,8.672138256998325e-05,7.942649553338561e-05,0.00035425648099992154,0.000141661015040809,-0.0001883383727390807,0.0006326374653122107,soft-like,ok
1034150142,Cyg X-2,NS,3,0,58113.12237,6594.0,https://nasa-heasarc.s3.amazonaws.com/nicer/data/obs/2017_12/1034150142/xti/event_cl/ni1034150142_0mpu7_cl.evt.gz,100663296,592505064,target segments,4475870,4475870,0,7,0,1063.7282274216413,1322.439732142857,7.0,919567.0,216227.0,49112.0,0.2351400169862555,0.22713167180786858,0.00030405597205182235,0.00010154180925074223,0.017437200808955042,8.930955983651565e-05,4.7398023387638786e-05,0.009450373528941364,0.00030393921071693205,0.00011055462856572213,0.01743385243475842,0.00047681199193464813,0.0002088873431232826,0.021836025094660615,0.00010942723276717687,0.0006149847999137053,0.01046074723751496,0.03735818569323799,,0.0006371031216077252,0.0001153419042643743,0.0001462564120039788,7.003127674047805e-05,1.4612109430460502e-05,3.606484488742794e-05,2.134531199420557e-06,0.00015087407027964664,0.00016198959379948332,0.00010504567453036221,-7.37028727009127e-05,0.00021161991682583982,-0.00018173654457783278,soft-like,ok
5034150103,Cyg X-2,NS,4,0,59700.05103,4519.0,https://nasa-heasarc.s3.amazonaws.com/nicer/data/obs/2022_05/5034150103/xti/event_cl/ni5034150103_0mpu7_cl.evt.gz,83886080,320633881,target segments,3786783,3786783,0,6,0,1168.3250062167645,994.58984375,7.0,597653.0,135528.0,30664.0,0.22676703705996623,0.22625582905377487,6.0985071311365436e-05,3.20556061098202e-05,0.007809293906068937,0.00013296907712423067,6.554571623408002e-05,0.011531221840040658,0.00011075681818621418,0.0001772073645599593,0.010524106526742029,0.0014751943240581583,0.00030938443502463107,0.03840825853977447,0.0001882105388347287,0.0007507814404538264,0.01371898461383818,0.04879732328118202,,5.6405995909314394e-05,1.162611182074219e-05,2.7836475675453334e-05,2.914285850608583e-05,4.031154099490107e-05,6.628204502663331e-05,2.5702107940482557e-05,6.99083461854775e-05,3.390148047203442e-05,0.0009001597739372988,0.0008001292025906526,0.00025122890324264614,6.854391710646668e-05,soft-like,ok
7034150103,Cyg X-2,NS,5,0,60539.18981,2963.0,https://nasa-heasarc.s3.amazonaws.com/nicer/data/obs/2024_08/7034150103/xti/event_cl/ni7034150103_0mpu7_cl.evt.gz,83886080,257222035,target segments,3803774,3803774,0,6,0,1086.795073568821,1125.6171875,7.0,661128.0,164654.0,38692.0,0.24905010829975435,0.23498973605257084,0.0010733856863367342,0.0004565761399790771,0.03276256531983926,0.00021435608713006428,0.00014693088683566196,0.014640904587151173,0.0002520288632706545,7.386468671011509e-05,0.01587541694793099,0.0007537052541862533,0.0001751065551818618,0.02745369290616935,0.00038575052591028605,0.0009149183023390819,0.019640532729798498,0.057693129662135516,0.08949661431320834,0.001411191147393307,0.0006480558577390313,0.00024208917553859206,0.0002337747385294435,3.4493747770659314e-05,6.713447173445105e-05,6.648648881023198e-05,6.232781406683738e-05,0.00018540834254820643,0.0003188472912127115,4.323424033992931e-05,0.0002594623012807799,-0.00024400840675220013,soft-like,ok
7034150113,Cyg X-2,NS,6,0,60550.03935,2487.0,https://nasa-heasarc.s3.amazonaws.com/nicer/data/obs/2024_08/7034150113/xti/event_cl/ni7034150113_0mpu7_cl.evt.gz,50331648,157877239,target segments,2270451,2270451,0,6,0,980.626414835453,701.5091145833334,5.333333333333333,413385.0,99227.0,26147.0,0.24003531816587442,0.26350690840194707,0.00010142810817812423,2.5890686872262207e-05,0.010071152276583064,0.00026883665716396956,0.0001969720873878985,0.016396239116455016,0.0004273876818875068,0.00012346732257032772,0.020673356812271847,0.0011733393400105395,0.00031540816176452776,0.03425404122159223,0.000708465944345743,0.0007261189543664213,0.026617023581643064,0.049923290773913505,,1.4238442198265238e-05,4.8766655663361475e-05,2.857029446187199e-05,2.5033033368145404e-05,1.9518776258002383e-07,6.95275992369114e-05,0.0001837495391008824,0.0002197065954088463,0.00022210354222700158,0.00032557228851506117,0.00040538992187398495,0.0006923133854770777,0.00025716847640272733,soft-like,ok
7034150116,Cyg X-2,NS,7,0,60553.00509,5664.4649014473,https://nasa-heasarc.s3.amazonaws.com/nicer/data/obs/2024_08/7034150116/xti/event_cl/ni7034150116_0mpu7_cl.evt.gz,67108864,296473197,target segments,3027976,3027976,0,8,0,1285.4246654510498,649.8876953125,7.0,513451.0,118639.0,33395.0,0.23106197085992627,0.2814841662522442,7.747914282628308e-05,4.178989692555167e-05,0.008802223743252785,0.0002958032005465032,0.00011139391856757089,0.017198930215176267,0.000579078896336438,0.0001565236702485908,0.02406405818511163,0.001460107938899103,0.00035811297451971016,0.038211358768029995,-0.0007927783180869835,0.0008751230594003632,-0.028156319327763413,0.05571722180164156,7.787351193727752,1.8927416395975778e-05,2.0040334023391243e-05,2.501478988117761e-05,3.517546119627568e-05,2.734089463005271e-05,6.334973896414573e-05,0.00021472124064949162,0.00017868520825064894,0.0003880335721140407,0.00047462308825702585,0.0003916803108194642,0.0002640893211492554,0.0010027274289623762,soft-like,ok
2050030103,EXO 0748-676,NS,1,1,58559.01421,18057.4765983522,https://nasa-heasarc.s3.amazonaws.com/nicer/data/obs/2019_03/2050030103/xti/event_cl/ni2050030103_0mpu7_cl.evt.gz,16777216,36779726,target segments,692527,692527,1,11,2,3390.2150201797485,104.75213068181819,7.0,33175.0,35380.0,78936.0,1.06646571213263,2.2310910118711136,0.20401040353880076,0.05165797203163672,0.4516751083896485,0.15012782436790778,0.008849963543176338,0.3874633200290161,0.036937890836493174,0.008462980656474817,0.19219232772536257,0.19300700630138082,0.011386371338696511,0.43932562672962844,0.008514643242839206,0.009898343361840584,0.09227482453431816,0.74811809742168,0.1240104962548078,0.11159818456389392,0.0908470517305347,0.08576358960030098,0.04685994460683853,0.04276432207887973,0.05045677271956424,0.036651671188158735,0.027047251648202424,0.010685515170722441,0.004366211534209285,0.00727827876613795,0.024976360272348733,0.02038553381004264,hard-like,ok
7050030111,EXO 0748-676,NS,3,1,60481.01736,6242.0,https://nasa-heasarc.s3.amazonaws.com/nicer/data/obs/2024_06/7050030111/xti/event_cl/ni7050030111_0mpu7_cl.evt.gz,4573258,4573258,eof,186502,186502,0,38,0,6221.789865732193,20.54995888157895,7.0,50319.0,28509.0,21127.0,0.5665653133011387,0.7410642253323512,0.5145804736069051,0.08081366614881806,0.717342647280158,0.07005089470996816,0.00418644195843265,0.2646712955912827,0.009333318558190178,0.002433172901020894,0.09660910183926863,0.08168155664350074,0.006200017028131105,0.2857998541698381,-0.008342357849245481,0.0036697836956384646,-0.0913365088518577,1.1635719930371256,0.019498868671816678,0.7673818743450718,0.3134636929764676,0.17553302439725044,0.04557787268088117,0.0365205053191995,0.006974261860536898,0.0065799695424576254,0.0053782891687542056,0.003937070929516162,0.003035158248254264,-0.0004674186401025342,-0.008485910574976763,-0.0015286072729214456,hard-like,ok
7050030142,EXO 0748-676,NS,5,1,60598.57593,1080.0,https://nasa-heasarc.s3.amazonaws.com/nicer/data/obs/2024_10/7050030142/xti/event_cl/ni7050030142_0mpu7_cl.evt.gz,3747089,3747089,eof,159116,159116,0,7,0,1079.972217977047,62.94642857142857,5.285714285714286,17435.0,12820.0,26145.0,0.7353025523372526,2.0393915756630263,1.9582928735862684,0.09003049595766935,1.3993901791802987,0.44079507850941146,0.019612478912406178,0.6639240005523309,0.047505424335570784,0.002185437760572681,0.21795739110103787,0.4966689152117205,0.02208258467119702,0.7047474123483679,-0.014969527240091299,0.0016324111126693713,-0.12235001937102952,1.9650208659224295,0.03077457173169938,1.3924737682153667,1.1884232770321133,0.40567541794997336,0.41131431841465393,0.11186582213267068,0.2436476363069424,0.037970994989964944,0.035449087042621535,0.012246822562310829,0.007495121089427213,0.008263410550416548,-0.0005065116937818172,0.006987838917854589,hard-like,ok
7050030148,EXO 0748-676,NS,6,2,60720.59516,1106.0,https://nasa-heasarc.s3.amazonaws.com/nicer/data/obs/2025_02/7050030148/xti/event_cl/ni7050030148_0mpu7_cl.evt.gz,8089468,8089468,eof,351599,351599,0,7,0,1101.079062640667,217.77678571428572,6.0,37916.0,42638.0,114574.0,1.124538453423357,2.687133542849102,1.0652791356488505,0.00015736194324183784,1.0321236048307636,0.3277880874927953,5.046997097285024e-05,0.5725278049953516,0.1233711572883188,1.3031471784203041e-05,0.35124230566422204,0.46320467856852354,7.082115234883826e-05,0.6805914182301475,0.0027484321843986317,4.514561619766375e-05,0.05242549174207746,1.5727213968824303,0.034499437848159904,0.9423188050173045,0.6843105190037354,0.30281345221217887,0.11905928857317005,0.1276202308442014,0.10012312927447718,0.05693653712526966,0.08579670271904855,0.03977852067788358,0.010149022034635415,0.004519204929759989,0.0008515002514038121,-0.0008243204512457297,hard-like,ok
2050440104,GRS 1747-312,NS,0,0,58646.17228,2645.0,https://nasa-heasarc.s3.amazonaws.com/nicer/data/obs/2019_06/2050440104/xti/event_cl/ni2050440104_0mpu7_cl.evt.gz,3649841,3649841,eof,148576,148576,0,15,0,2635.598618388176,43.424479166666664,7.0,55643.0,20743.0,6989.0,0.3727872328954226,0.3369329412331871,9.975205225494513e-05,0.0002705748306243149,0.009987594918444836,0.0009304929853490233,0.0010876212279654306,0.03050398310629324,-0.0008739584511889911,0.0012465991357148477,-0.029562788285088928,-0.000852355108309991,0.0016852944923759043,-0.029195121310074925,0.002700589251052169,0.01420100188981543,0.051967193988632567,0.019751221559666184,,8.911768177098813e-05,0.00019362287807280588,9.904603902803294e-06,-0.0001230587062447565,0.0005527139974564021,-0.00013445992265806423,0.0005789261920891877,0.0006414011935898159,-0.0015627636497932168,-0.0016162011326975381,-0.0015974188247263033,-0.0014261515747775939,0.004784478017114492,soft-like,ok
2050440107,GRS 1747-312,NS,1,0,58649.2674,2622.0,https://nasa-heasarc.s3.amazonaws.com/nicer/data/obs/2019_06/2050440107/xti/event_cl/ni2050440107_0mpu7_cl.evt.gz,3027797,3027797,eof,123217,123217,0,15,0,2611.5998366475105,36.932291666666664,6.933333333333334,47051.0,17788.0,6121.0,0.3780578521179146,0.3441083876770857,0.004208573614532611,0.0034181148341172374,0.06487352013366171,-0.0010422565053225957,0.0007634121467728535,-0.03228399766637638,0.0037833494956910512,0.002019212686970689,0.061508938339814086,0.0019108014889778592,0.004022919500660411,0.04371271541528688,0.011297884139391095,0.010449618101196946,0.1062915054902841,0.20116100877960405,0.08234135410157337,0.02639131610003044,0.0025017344987214316,0.001229310368239249,0.0007097753143333848,0.00026244385663081745,-0.00030678736322663187,-0.0012449825630990174,0.00012672212194668006,0.0036714503713551542,0.00013194876460402978,0.004633291981836791,-0.0008265905719040572,0.003186118573759657,soft-like,ok
6739015501,GRS 1747-312,NS,7,0,60112.41622,1627.0,https://nasa-heasarc.s3.amazonaws.com/nicer/data/obs/2023_06/6739015501/xti/event_cl/ni6739015501_0mpu7_cl.evt.gz,3984192,3984192,eof,164824,164824,0,12,0,1626.9931183457375,69.02083333333333,7.0,71843.0,25696.0,8477.0,0.357668805589967,0.32989570361145704,0.0004912419963062194,0.0003670832697405474,0.022163979703704373,-0.0010008921868647055,0.0006617930606196272,-0.031636880169585394,0.0010223182178284522,0.0012630707339558779,0.03197371135524389,0.002298414594742551,0.002144034191141846,0.04794178339134404,0.011259723311242089,0.010403200017642854,0.106111843407049,0.06798387990027435,4.890781613859315,0.00010562647145893971,0.00011387943946825752,8.462146830093536e-05,0.00018106638595527787,-0.00022732837290811363,1.5264786084908258e-05,-0.0005400073380625221,0.00033875774065358997,0.000546413917777633,0.00285969474252686,0.00041557336521079447,0.0015526936894604735,-0.0008244483696321085,soft-like,ok
0050310107,GS 1826-24,NS,0,0,57930.60208,3107.0,https://nasa-heasarc.s3.amazonaws.com/nicer/data/obs/2017_06/0050310107/xti/event_cl/ni0050310107_0mpu7_cl.evt.gz,33554432,97946379,target segments,1483485,1483485,0,7,0,1064.0283558815718,479.8794642857143,7.0,351360.0,64650.0,13962.0,0.18399931693989072,0.21596287703016243,0.00012400917767918922,3.698736120878773e-05,0.011135940807995938,3.238701664254621e-05,0.00011367607360668776,0.005690959202326634,0.00020621428663887786,0.00029518258794617407,0.014360163182877759,-0.0004798616136287573,0.0004136671200089611,-0.021905743850158508,-0.0001498932074552948,0.002103271031128441,-0.012243088150270535,0.0,,0.00012458824511309537,7.432248105655684e-05,5.3212781902747896e-05,-9.340482781639033e-06,-5.4963858970675637e-05,6.671389645394409e-05,1.885287069635328e-05,2.8726985418830193e-05,0.00018508580718449563,-0.0006153521121265087,-0.0009167506964749373,-0.0002002382050538275,5.141360697914513e-05,soft-like,ok
1050310102,GS 1826-24,NS,1,0,58008.07407,2532.0,https://nasa-heasarc.s3.amazonaws.com/nicer/data/obs/2017_09/1050310102/xti/event_cl/ni1050310102_0mpu7_cl.evt.gz,33554432,80337981,target segments,1471367,1471367,0,7,0,1039.8180910497904,500.61941964285717,7.0,359112.0,70677.0,18766.0,0.19681046581567868,0.26551777806075527,0.00013822033547507306,4.574821164418116e-05,0.011756714484713536,-2.295851885828346e-05,0.00016408794506613832,-0.004791504863639758,0.00028924646480394403,0.00023511274683781977,0.017007247419966114,0.0004334180656483841,0.0003453326444229545,0.02081869509955857,0.0007522333305627226,0.0019262679123543726,0.02742687241671428,0.04829563998286734,,0.00015388355039169834,4.819542948565472e-05,1.2636468246007442e-05,9.110146884507991e-05,6.769144017691286e-05,-6.048681627215192e-05,-4.846511470715793e-05,1.6133824666956616e-05,0.00027770158097943187,-0.00011136820031239447,0.0005796038112023975,0.0004979528784203383,0.0008078885202319606,soft-like,ok
1050310106,GS 1826-24,NS,2,0,58064.02082,6886.54963868856,https://nasa-heasarc.s3.amazonaws.com/nicer/data/obs/2017_11/1050310106/xti/event_cl/ni1050310106_0mpu7_cl.evt.gz,33554432,295368556,target segments,1609791,1609791,0,6,0,909.3145200759172,487.4010416666667,7.0,299168.0,61010.0,14146.0,0.20393223874211144,0.2318636289132929,0.0005248826767229229,0.00014769633834202847,0.022910318127929236,0.00020545658296744487,0.00011942134650108932,0.014333756763927763,0.000491261827590494,0.0003481163406453722,0.022164427075620385,0.0026002268815694305,0.0020528152791152677,0.050992419844222245,0.0028107262032858065,0.0025029434199295,0.0530162824355481,0.09431224132346193,7.133417483331019,0.0003129296303944295,0.00023718615685141352,0.0002688636641705977,4.9235795419016296e-05,-1.762091239755959e-05,3.655638666303769e-05,0.00013110254535093934,8.389340846548893e-07,0.0005154385171387619,0.001501718515715463,0.0019519065368123064,0.00274183297634423,0.0011648101169076293,soft-like,ok
1050310110,GS 1826-24,NS,3,0,58068.07128,5981.00315059721,https://nasa-heasarc.s3.amazonaws.com/nicer/data/obs/2017_11/1050310110/xti/event_cl/ni1050310110_0mpu7_cl.evt.gz,33554432,304918388,target segments,1863547,1863547,0,6,0,873.5598371773958,376.4934895833333,7.0,232257.0,46576.0,10314.0,0.2005364746810645,0.221444520783236,0.0008068307705524173,0.0004278093627846344,0.028404766687167442,0.00049128519798328,0.00017884378267793771,0.022164954274333164,0.001736134177034226,0.000603547305874403,0.04166694345682469,0.01580422470945276,0.0023876950699162776,0.12571485476845112,0.008274643133365664,0.0025015533567169434,0.09096506545573231,0.43470441436352764,17.316009716312973,0.0031707975950321914,0.0005149458949393697,0.0002126569290858818,5.010400905757125e-05,0.00011032375863816216,0.00021133509640694736,0.00014767428065898285,0.00027606405806422483,0.0015111461187187832,0.0045418984785674365,0.05372269981640073,0.0838675452116216,0.04063073661994563,hard-like,ok
1050310116,GS 1826-24,NS,4,0,58164.99043,6426.16899546981,https://nasa-heasarc.s3.amazonaws.com/nicer/data/obs/2018_02/1050310116/xti/event_cl/ni1050310116_0mpu7_cl.evt.gz,50331648,322663495,target segments,2601661,2601661,0,8,0,1112.4470336288214,561.068359375,7.0,449583.0,100241.0,24710.0,0.2229643914471855,0.2465059207310382,0.0004975837566514248,0.00019211138445288315,0.02230658549961031,0.00022059269609926986,0.00011650156997996515,0.01485236331696979,0.0008958062399382117,0.0003218284040682622,0.029930022384525738,0.022969419596828265,0.004221629758605628,0.15155665474279995,0.002628426959945167,0.0024667949425993354,0.05126818662626138,0.33495816566559794,16.57014404614525,0.0009023985028543077,0.00039331225386437656,9.46438348879786e-05,9.899630685526127e-06,4.3833750041350885e-05,1.8528399127352265e-05,0.00013421438135598524,0.0001836975167691973,0.0007358529259571395,0.009977501798802638,0.03214413445490439,0.047068833893184586,0.020490121403627326,hard-like,ok
1050310122,GS 1826-24,NS,5,0,58233.00619,2738.0,https://nasa-heasarc.s3.amazonaws.com/nicer/data/obs/2018_04/1050310122/xti/event_cl/ni1050310122_0mpu7_cl.evt.gz,33554432,84193513,target segments,1491131,1491131,0,6,0,1104.1100358068943,467.2786458333333,7.0,290561.0,54310.0,13999.0,0.18691427961770507,0.2577610016571534,0.00012073823746735411,5.4612559303252256e-05,0.010988095261115736,0.00021284861806321404,0.00021203315516678907,0.014589332337814984,0.00011008463925216113,0.0003031785758621442,0.010492122723841974,0.0007194402812498638,0.0006975808565211444,0.026822383959108926,-0.00018978603086928695,0.0020058605321416666,-0.013776285089576469,0.045509249353744556,,0.00021293345907419077,5.710152653148691e-05,-1.1914409082521526e-05,6.777436084316437e-05,1.4185836353001834e-05,0.00011645936045425778,6.843164809080515e-05,0.00025510955271453164,-0.00012347638112199686,0.0004683566301320149,-0.00010903348256692423,0.0004443731201774077,0.0006107905551418814,soft-like,ok
3050310101,GS 1826-24,NS,6,0,59021.38144,2416.0,https://nasa-heasarc.s3.amazonaws.com/nicer/data/obs/2020_06/3050310101/xti/event_cl/ni3050310101_0mpu7_cl.evt.gz,50331648,80381799,target segments,2232150,2232150,0,8,0,1501.125968426466,540.900390625,7.0,443413.0,90470.0,19999.0,0.20403100495474874,0.22105670387973914,0.00021449845594639618,9.501307011962975e-05,0.01464576580266106,-3.51548575466999e-05,9.39692022584087e-05,-0.005929153189680622,0.0004907969698627324,0.00024182908265746493,0.02215393802155121,0.0005425546335704842,0.0003655138043757368,0.023292802183732298,0.0018710623699367231,0.0009872545198967692,0.04325577845718099,0.043872637789325965,,0.00022489306430609177,0.00012867595328004604,8.89281533007033e-05,-2.1924657074451586e-06,5.0367481031696525e-05,1.662380534240965e-05,-0.00011172332628430428,0.00012500688876700345,0.0003744540785323192,0.00019828924032998943,-8.116153000270579e-05,0.00021818723053682764,0.0006944597731607608,soft-like,ok
5050310104,GS 1826-24,NS,7,0,59669.01389,1196.0,https://nasa-heasarc.s3.amazonaws.com/nicer/data/obs/2022_03/5050310104/xti/event_cl/ni5050310104_0mpu7_cl.evt.gz,44269264,44269264,eof,1948551,1948551,0,7,0,1195.982806444168,612.5859375,7.0,428180.0,96609.0,24088.0,0.22562707272642346,0.24933494808972248,0.00045075632496689705,0.0003023849196808728,0.021231022701860055,0.0008880101736789254,0.000733662421065619,0.029799499554169117,0.00019476938811327832,0.00032913959695985193,0.013955980370911902,0.001324209551197054,0.00096221301322844,0.03638969017726111,-0.000826673222006542,0.0015360025961481873,-0.028751925535632255,0.05037427911889463,0.702879650256711,0.00029498394568209065,0.00030637054795252074,0.00010636291174587323,8.279751809798658e-05,0.00030045961685026357,0.000275895464489985,0.00027685950580469827,0.00029613635923003153,-0.0001113460374122583,6.061082407902838e-05,1.3625705391480618e-06,-7.71609866378437e-05,0.00072423575632678,soft-like,ok
1108020103,GX 13+1,NS,0,0,58248.32394,3630.43699729443,https://nasa-heasarc.s3.amazonaws.com/nicer/data/obs/2018_05/1108020103/xti/event_cl/ni1108020103_0mpu7_cl.evt.gz,33554432,78939705,target segments,1455272,1455272,0,10,0,1558.4433591365814,753.4921875,7.0,670484.0,237035.0,56951.0,0.35352819754088094,0.24026409601957516,0.002531460498526698,0.0005326110421082616,0.05031362140143261,0.0014445423593269354,0.00012587508142195312,0.03800713563696869,0.00038140672212436306,0.00010403764620234507,0.01952963701978004,0.0019024792645062603,0.00034065444208912916,0.043617419278383036,-0.00011748547460053429,0.0009111012553553173,-0.010839071666915681,0.08009034520389896,0.10746366386167944,0.0016352703832265563,0.0011553808521092169,0.0009668523998845967,0.000673865729484413,0.00048919449043727,0.00037973282898620247,0.00030265471143876756,0.0002669533410142276,0.00012277522662330198,0.0001406478095913436,-0.0001518167571115838,0.0006776734729411428,-0.00024472109374575307,soft-like,ok
5670010101,GX 13+1,NS,1,0,59999.8792,2336.0,https://nasa-heasarc.s3.amazonaws.com/nicer/data/obs/2023_02/5670010101/xti/event_cl/ni5670010101_0mpu7_cl.evt.gz,16777216,41787551,target segments,720480,720480,0,7,0,912.3321699500084,613.8861607142857,7.0,372613.0,140591.0,36838.0,0.37731104389809267,0.26202246231977866,0.001012963389681252,0.0002825810304371643,0.03182708578681454,0.0010268389473316836,0.00017143898367117527,0.03204432784958492,0.0007098881995162666,0.00022163265532516952,0.026643727207661217,0.0019266459612041124,0.00046875077670084663,0.04389357539782004,-0.0004743712229103531,0.000924669165390775,-0.021780064805008114,0.06925345601654564,1.0647130554634914,0.00019639693537815606,0.00042102784012822245,0.0003724718359623254,0.00028696925370435894,0.0002720713091748162,0.00024818334086016146,0.0004467303097732733,0.0006564646910451015,4.5771955880942886e-05,-9.488339117468129e-06,0.0011981566681363582,0.00024421021531486047,0.0004170751539945129,soft-like,ok
5670010202,GX 13+1,NS,2,0,60020.19829,12991.0,https://nasa-heasarc.s3.amazonaws.com/nicer/data/obs/2023_03/5670010202/xti/event_cl/ni5670010202_0mpu7_cl.evt.gz,16777216,250174283,target segments,733274,733274,0,6,0,812.8760750889778,765.5221354166666,7.0,390543.0,160408.0,36970.0,0.41073070058866756,0.23047478928731735,0.0017189326093971704,0.00019025991286400495,0.04146001217314305,0.0019512643819899326,0.00016251396190836734,0.04417311831861016,0.0008735766456887153,0.00022692617823179533,0.029556330044319023,0.003606237085049981,0.0005479677214681129,0.06005195321594445,0.001215973604563346,0.001246222646209396,0.034870813075742094,0.09488614229310974,1.4076027713014894,0.0004215412894441003,0.0006805184680346068,0.0005194015241688755,0.0006579445137062079,0.0007490673679052068,0.0007217805324688498,0.0003363282298832054,0.00023509994164511557,0.0006436330592637504,0.0005906106446258337,0.0010767981359312262,0.0006796138203106908,0.0016910424718805986,soft-like,ok
5670010402,GX 13+1,NS,3,0,60057.13542,1558.0,https://nasa-heasarc.s3.amazonaws.com/nicer/data/obs/2023_04/5670010402/xti/event_cl/ni5670010402_0mpu7_cl.evt.gz,16777216,29544321,target segments,729832,729832,0,6,0,866.1772202849388,691.41796875,7.0,361729.0,137609.0,31671.0,0.3804201487854167,0.2301520976098947,0.0013021224081679558,0.00019103453733775434,0.03608493325708052,0.0009725532524510254,0.0001701426187622635,0.031185786064343888,0.00043018401490505474,0.00018842182752707497,0.020740877872092462,0.0018879951629225896,0.00021453572715727595,0.0434510663036316,-4.13755997284915e-05,0.001196835560790259,-0.006432386783184878,0.06673197961264721,0.2581023202223446,0.0009680206604365193,0.0005634916732558367,0.0004723813540944715,0.00034061010123227477,0.0004207070204718202,0.00018302397895725842,0.00029105009961208426,0.00015790744122915447,0.00027568800667113555,0.0004635692503428869,0.00020033483607223714,0.0005197449478462799,-0.0004033722671991958,soft-like,ok
5670010403,GX 13+1,NS,4,0,60058.54583,2499.0,https://nasa-heasarc.s3.amazonaws.com/nicer/data/obs/2023_04/5670010403/xti/event_cl/ni5670010403_0mpu7_cl.evt.gz,16777216,50098765,target segments,734590,734590,0,6,0,814.2364190816879,736.1901041666666,7.0,388794.0,144261.0,32339.0,0.3710473927066776,0.2241700806177692,0.001567355683431859,0.00023017470015321146,0.03958984318523956,0.0013783817750931896,0.00011832851844222589,0.03712656427806362,0.00046783584456836164,0.00027385618749082875,0.021629513276270496,0.0015021742527166822,0.0003042075763577511,0.03875789277962209,-0.001249204120917279,0.001632179857556488,-0.03534408183723661,0.048621032863925745,,0.0008749624485585236,0.0009195854220925178,0.0003550320203896948,0.0003918453303680729,0.00039579665229751035,0.0005328532518533627,0.00033453070259617556,0.00019375194820294477,0.0002901779752931313,-0.00022718567461135923,0.00041848252811153163,-0.00045067227627241136,-0.0016651554921247465,soft-like,ok
5670010406,GX 13+1,NS,5,0,60061.0588,3439.0,https://nasa-heasarc.s3.amazonaws.com/nicer/data/obs/2023_04/5670010406/xti/event_cl/ni5670010406_0mpu7_cl.evt.gz,16777216,55172203,target segments,734504,734504,0,6,0,891.9525504112244,665.02734375,7.0,357348.0,127170.0,26223.0,0.3558715873602203,0.20620429346543998,0.002195540653557682,0.0005022442327562067,0.04685659669201,0.0019162840867219821,0.0002348414424293643,0.04377538219961057,0.0008946938533401532,0.00011304766350023233,0.02991143348855339,0.0035540969204963034,0.00023894571783576355,0.05961624711851882,-0.0005446857147631687,0.0011078232728315802,-0.023338502838939106,0.09043788432302746,0.7427577382525392,0.0003972533853755324,0.0010236607567045855,0.0007098376485697399,0.0006572763132816689,0.0006224082401352241,0.0005590967020363382,0.0005434872491351904,0.0004899449161493584,0.000400806767607712,0.0003123618350973286,0.00097977562002639,0.0003490261938976219,0.001134075292808607,soft-like,ok
7701010101,GX 13+1,NS,6,0,60420.2044,3247.47683829069,https://nasa-heasarc.s3.amazonaws.com/nicer/data/obs/2024_04/7701010101/xti/event_cl/ni7701010101_0mpu7_cl.evt.gz,16777216,51846978,target segments,726998,726998,0,8,0,1276.042621254921,463.7841796875,7.0,323365.0,123231.0,28319.0,0.3810894809271257,0.22980418888104454,0.002525994121231823,0.0005211671485698246,0.05025926900813245,0.001963998055958858,0.00028433292327391824,0.0443170176789781,0.0001728369619073942,0.0002753969497568623,0.013146747198733008,0.0016508261468799574,0.0005745702431714982,0.04063035991570783,0.0016363592911132925,0.0016522121198400514,0.04045193803902716,0.06414291211664871,0.22410639928725723,0.0007492225813944905,0.0008164110253274546,0.0011926866376809997,0.0008973037334576658,0.0006915199715790537,0.00047194430538578715,0.000430355103670207,8.542176772788187e-05,7.718659426902525e-05,-0.000367413657687648,-0.0004561131694949072,0.0013042615807453293,-0.0017784732992512195,soft-like,ok
7108020103,GX 13+1,NS,7,0,60430.06175,2548.0,https://nasa-heasarc.s3.amazonaws.com/nicer/data/obs/2024_04/7108020103/xti/event_cl/ni7108020103_0mpu7_cl.evt.gz,16777216,49624482,target segments,732582,732582,0,6,0,950.6762469410896,605.1015625,7.0,318455.0,115905.0,30358.0,0.3639603711670409,0.26192140114749146,0.0009897927657702803,0.00014010186635261967,0.03146097210466136,0.0014272995671226357,0.00016072280740554037,0.037779618408907145,0.0005515035372716204,0.00020172534638859547,0.02348411244376973,0.0022103719593566068,0.0005715587391746284,0.047014593046804165,0.0019136284299127821,0.0014497252383214826,0.043745038917719366,0.05860668039113134,0.2926612018139468,0.0004176919090459447,0.00038020446652717543,0.0004072718470479001,0.00033331413321187656,0.0005526265828289905,0.0004285565114834124,0.0003120630042270738,0.00042436170078016024,0.0001301976240579475,0.00025794945110259917,1.2317968643926443e-05,0.0003839577903242384,-0.0006057700028130272,soft-like,ok
1050410107,GX 17+2,NS,0,0,58059.12755,2962.0,https://nasa-heasarc.s3.amazonaws.com/nicer/data/obs/2017_11/1050410107/xti/event_cl/ni1050410107_0mpu7_cl.evt.gz,50331648,118492575,target segments,2207850,2207850,0,8,0,1304.1123676598072,1206.5859375,7.0,840427.0,310715.0,84402.0,0.3697108731632849,0.2716379962344914,6.173778551020382e-05,2.5083266334178345e-05,0.007857339594939486,8.088890630858203e-05,6.253121071888864e-05,0.008993826010579815,3.8540756263714284e-05,0.00011444227040532202,0.006208120187602225,0.0002877472008485,0.00023541300842881143,0.01696311294687682,-0.0004060599716468045,0.00032360390693479365,-0.020150929796086445,0.034679001823114765,,4.364580937536961e-05,2.9599872097802108e-05,1.8510957726223828e-05,1.942200633829956e-05,1.6796285143931104e-05,2.1856884870201826e-05,2.7098940884868874e-05,1.9022669873605176e-05,2.8859831147567657e-05,6.782629419749309e-05,0.000354850198452356,0.00036951717238242233,0.00018562624495745624,soft-like,ok
1050410112,GX 17+2,NS,1,0,58064.21064,3208.83134751022,https://nasa-heasarc.s3.amazonaws.com/nicer/data/obs/2017_11/1050410112/xti/event_cl/ni1050410112_0mpu7_cl.evt.gz,50331648,253211838,target segments,2506855,2506855,0,8,0,1082.8741001188755,1194.935546875,7.0,824800.0,311737.0,87077.0,0.3779546556741028,0.2793284082415626,0.0002734426767407767,0.00012308764542325067,0.016536102223340805,9.762864981556938e-05,5.958250212030292e-05,0.009880721118196252,0.0024622097561789943,0.000547071228466522,0.04962065856252811,0.015034751656814541,0.002483702478960904,0.1226162781070056,0.0033720378030554737,0.0013651332981756766,0.05806925006451757,0.27513737949443184,15.986692829225289,0.0004372494198153678,0.00016518134472841864,8.763112219180422e-05,2.2952896534906027e-05,-1.248626302093818e-05,1.5100721443786407e-05,4.8522945145789026e-05,0.0001798176084560225,0.0023265607072555515,0.008502441840469792,0.0190491112645866,0.03130588393158321,0.013572610055872692,hard-like,ok
1050410118,GX 17+2,NS,2,0,58192.14828,2607.0,https://nasa-heasarc.s3.amazonaws.com/nicer/data/obs/2018_03/1050410118/xti/event_cl/ni1050410118_0mpu7_cl.evt.gz,33554432,96652507,target segments,1440763,1440763,0,6,0,880.1554676145315,1275.29296875,7.0,669049.0,244885.0,65491.0,0.36601952921235964,0.26743573514098457,8.405509236342613e-06,1.974687752515047e-05,0.002899225627015361,1.6791809371525512e-05,4.141000325545075e-05,0.004097781030207142,-3.716077347953743e-05,6.697039073140455e-05,-0.006095963703922246,6.588787207160621e-05,0.0001865404832156354,0.008117134474160584,-0.00011488365322375813,0.0009883323587037206,-0.010718379225599275,0.013479146966018868,,7.585287573140456e-06,6.1504106061899625e-06,8.632692170022751e-06,-1.6412793187984062e-05,2.0003374462268388e-05,-1.155265252671643e-05,2.039344975665392e-05,-6.873941115664481e-06,-3.230399503643934e-05,-1.995479104848098e-05,0.00010959617526371626,-0.00015872132586901608,0.0002551455118838453,soft-like,ok
1050410119,GX 17+2,NS,3,0,58193.0524,1243.0,https://nasa-heasarc.s3.amazonaws.com/nicer/data/obs/2018_03/1050410119/xti/event_cl/ni1050410119_0mpu7_cl.evt.gz,45630804,45630804,eof,1958801,1958801,0,7,0,1231.095767274499,1271.7410714285713,7.0,768371.0,289601.0,81508.0,0.3769025639957781,0.2814493043877611,9.666633565025767e-05,2.6174772578366638e-05,0.009831903968726387,8.740439957013184e-05,4.341961928709827e-05,0.009349032012466951,0.00018852358144622083,0.0001466944757604418,0.013730388976508306,0.0003529026869632659,0.00018700179923053435,0.018785704324386292,0.000515780233075219,0.000539006266714188,0.022710795518326058,0.030803398289771484,,6.578211442460057e-05,7.796125893104691e-05,2.111342742122299e-05,8.194728953625042e-06,2.2494691863366777e-05,5.145797115278338e-06,4.440991974797855e-05,4.243661298337836e-05,0.00015083787965071332,3.0045797735525134e-05,0.00032598517158193984,-0.000282452248711129,0.0004368941945007498,soft-like,ok
1050410133,GX 17+2,NS,4,0,58424.49674,3849.0,https://nasa-heasarc.s3.amazonaws.com/nicer/data/obs/2018_11/1050410133/xti/event_cl/ni1050410133_0mpu7_cl.evt.gz,33554432,146084176,target segments,1443540,1443540,0,6,0,872.5700663328171,1268.4505208333333,7.0,652291.0,249079.0,72800.0,0.381852578067151,0.29227674753792976,2.3692301884638343e-05,2.2400530450334172e-05,0.0048674738709764374,-3.473196137416296e-05,4.06979688283147e-05,-0.005893382846393314,-4.8952306720021365e-05,0.00011015169680328759,-0.006996592507787013,0.0003688984626696607,0.00013034690999161682,0.01920672961931991,0.00029001608943157216,0.0003048621752018159,0.017029858761351258,0.017394764569197044,,1.6079911721308042e-05,1.1681932087260807e-05,-7.043102422043999e-06,1.420330561539189e-05,1.1405705657501862e-05,2.3707424931826602e-05,-6.155008924812066e-05,6.77026741298007e-05,-0.0001200998169611632,0.0004739852168210338,0.00018930550903772489,3.904946183659695e-05,-0.00035585029878932483,soft-like,ok
3050410103,GX 17+2,NS,5,0,59100.86296,2681.0,https://nasa-heasarc.s3.amazonaws.com/nicer/data/obs/2020_09/3050410103/xti/event_cl/ni3050410103_0mpu7_cl.evt.gz,33554432,95169293,target segments,1463347,1463347,0,6,0,949.0746970772743,1183.0338541666667,7.0,622029.0,226584.0,59957.0,0.36426597473751227,0.2646126822723582,-1.677075235286963e-07,1.499118505802572e-05,-0.0004095210904565189,2.064886169093776e-05,6.379949184996386e-05,0.004544101857456296,0.00029501339847380056,9.726447832183853e-05,0.017175954077541095,0.0006109483729613412,0.00015185039750680712,0.0247173698633439,-0.0009926418128594276,0.0007745957525888613,-0.03150621863790429,0.025044198729253717,,2.110702074085909e-06,-3.006598806417218e-06,1.1344231677512832e-05,-2.5653026659794648e-05,-1.2295571268855918e-05,1.9318712244891233e-05,3.340748897305656e-05,0.000146564282717254,0.0001458150337635627,0.00013946761713380524,0.00029691152886515134,-4.1063348859654085e-05,-8.570916186424441e-05,soft-like,ok
7050410103,GX 17+2,NS,6,0,60427.35278,6389.0,https://nasa-heasarc.s3.amazonaws.com/nicer/data/obs/2024_04/7050410103/xti/event_cl/ni7050410103_0mpu7_cl.evt.gz,33554432,232827639,target segments,1476476,1476476,0,6,0,932.2611868977547,1223.109375,7.0,627075.0,240541.0,71732.0,0.3835920743132799,0.29821111577652043,-2.9819504292264924e-06,1.1353442306800748e-05,-0.0017268324844137292,7.038452021805183e-05,4.38005105599724e-05,0.008389548272586065,0.00021191685130157888,9.669767959325633e-05,0.014557364160505805,0.00039858918369198065,0.00019530376924059862,0.019964698437291276,-5.98851613398005e-05,0.0009495175039954906,-0.007738550338390292,0.0,,1.926756204496301e-05,1.6472584361557212e-06,-1.117793954035165e-05,6.847690186864215e-07,-2.5082550320742577e-05,0.00010708349065875431,-4.22867663418466e-06,6.649781047964103e-05,0.00014389525899244563,0.00015877572250624718,-0.0002331799181090995,6.766232809090266e-05,-0.0004007841515514522,soft-like,ok
7050410107,GX 17+2,NS,7,0,60470.05185,2074.0,https://nasa-heasarc.s3.amazonaws.com/nicer/data/obs/2024_06/7050410107/xti/event_cl/ni7050410107_0mpu7_cl.evt.gz,33554432,68053877,target segments,1475926,1475926,0,6,0,1114.6441205739975,1048.7747395833333,6.0,537422.0,208062.0,59975.0,0.38714827454030537,0.2882554238640405,-2.605434552857135e-06,2.2402221670791654e-05,-0.0016141358532840832,8.981977140249449e-07,4.6499222457388193e-05,0.0009477329339138452,-4.0679159127865054e-05,0.00013374021152379417,-0.006378021568469728,-0.00015285255601618487,0.0002621828382569258,-0.012363355370456066,0.00046557704746309173,0.0009564238303429957,0.021577234472079404,0.022687397564394876,,7.4536257373671386e-06,2.3202793689231236e-05,4.285776594388669e-06,-4.9224806147612886e-05,-1.4808039639594742e-05,2.1298588822936666e-05,-3.4631375321259827e-06,5.1294121304674774e-05,-7.497169305859497e-05,6.871726958400672e-05,0.0001462519777697553,0.00010001957915807824,0.00023466195196240037,soft-like,ok
7700040101,GX 3+1,NS,0,0,60538.6499,1776.0,https://nasa-heasarc.s3.amazonaws.com/nicer/data/obs/2024_08/7700040101/xti/event_cl/ni7700040101_0mpu7_cl.evt.gz,30020353,30020353,eof,1303949,1303949,0,9,0,1775.9671592116356,541.0625,5.666666666666667,426765.0,149873.0,46666.0,0.3511839068339719,0.3113702935151762,0.0002739080366021569,6.211920974642118e-05,0.016550167268102062,0.00019222354278914495,0.00014811382504940053,0.013864470519610367,0.00014038705151917216,0.00022981528495578027,0.01184850418910219,0.0003089619885141603,0.00027852697464730863,0.017577314599055236,-0.0024083031519837477,0.0013617949102517743,-0.04907446537644346,0.04316207237496902,,0.00038128439970981057,0.0001477505195975042,8.114506848870478e-05,1.7652236102625443e-05,0.00010705652277010924,1.8370504417009696e-05,9.26426641632376e-05,-2.8306176986613773e-05,0.00017020729235789684,6.074255917926342e-05,-2.1998835407928613e-06,-0.0004997170193569352,0.0013163358048002437,soft-like,ok
7700040102,GX 3+1,NS,1,0,60539.03704,2333.53885936737,https://nasa-heasarc.s3.amazonaws.com/nicer/data/obs/2024_08/7700040102/xti/event_cl/ni7700040102_0mpu7_cl.evt.gz,16777216,32632790,target segments,727457,727457,0,7,0,1120.75934112072,431.03794642857144,5.285714285714286,267791.0,92041.0,26378.0,0.3437046054572409,0.28658967199400265,0.00018001403233826012,6.807389718288483e-05,0.013416930809177639,-2.9532258479145495e-05,0.00014418545652204696,-0.0054343590679256275,7.780609222822426e-05,0.0003000435420936072,0.00882077616926222,-0.00023620590264232012,0.0003132483929456746,-0.015368991594841872,-0.0004945752845137532,0.0026897982763357297,-0.022239048642281288,0.0,,0.00023736085166151162,8.007431042588997e-05,7.383449478411576e-05,-1.0697300462908019e-05,3.369634683634969e-05,-9.554089208926197e-05,8.680815577165756e-05,-0.00021775136255831022,0.00027786411337980615,-0.00011837139181775791,-0.0007498172393778381,-0.0005200435878776695,-0.00023512442355836597,soft-like,ok
8611010102,GX 3+1,NS,2,0,60812.03194,4700.0,https://nasa-heasarc.s3.amazonaws.com/nicer/data/obs/2025_05/8611010102/xti/event_cl/ni8611010102_0mpu7_cl.evt.gz,50331648,136870918,target segments,2217111,2217111,0,9,0,1749.8067674040794,879.4027777777778,7.0,704291.0,239736.0,69045.0,0.3403933885283214,0.2880043047352087,5.965291991435622e-05,3.700216876221146e-05,0.007723530275357003,-2.2442469314570797e-05,7.406486290826808e-05,-0.004737348342118278,0.00022631651605542748,8.142186473400454e-05,0.015043819862502592,0.000634363599449676,0.00020166437949207177,0.025186575778570534,-0.0016947202134266275,0.0008704822457732965,-0.04116697964906616,0.013960777525522921,,4.608169137771038e-05,3.133899833316495e-05,1.8767526553592024e-05,3.2685503965142544e-06,2.143646742655579e-05,1.4188492606641666e-05,-5.138412695981176e-05,0.00010488953016909904,0.00012102152812945692,0.00029904252263026157,0.00024651104523373504,4.21678312817823e-05,-0.0007024267480615563,soft-like,ok
8611010103,GX 3+1,NS,3,0,60813.13032,3411.0,https://nasa-heasarc.s3.amazonaws.com/nicer/data/obs/2025_05/8611010103/xti/event_cl/ni8611010103_0mpu7_cl.evt.gz,33554432,99251646,target segments,1477680,1477680,0,8,0,1191.9848892092705,864.5390625,7.0,617037.0,209582.0,58669.0,0.33965872386907103,0.27993339122634575,0.00014271038719628994,4.829364352878009e-05,0.011946145286086635,0.00015575770518429544,5.613813553745745e-05,0.01248029267222109,3.597041813320011e-05,0.0001460266989800331,0.005997534337809173,-1.0135405792938413e-05,0.0003338125184674959,-0.003183615208051754,0.00017106815729811518,0.0007422065257585902,0.013079302630420139,0.02229899058702307,,3.893045460460862e-05,6.434384681033543e-05,6.676781609170637e-05,2.6818254330135134e-05,6.668420478134653e-05,1.9002286973299326e-05,4.9632846929934646e-05,4.38092124047818e-05,-2.6199578077537817e-06,-0.000252622814273859,0.00014476860496276438,-0.0001374362641499726,0.0003691664895428166,soft-like,ok
8611010104,GX 3+1,NS,4,0,60814.01622,4686.0,https://nasa-heasarc.s3.amazonaws.com/nicer/data/obs/2025_05/8611010104/xti/event_cl/ni8611010104_0mpu7_cl.evt.gz,33554432,144590631,target segments,1477698,1477698,0,6,0,1083.0028830766678,958.5104166666666,7.0,506737.0,178169.0,51230.0,0.3516005343995011,0.2875359911095645,0.00020587507066747087,3.950978269158171e-05,0.014348347314846783,0.00015984837581045747,4.500818270479731e-05,0.012643115747728384,0.0004443281890403314,0.00020920968700317188,0.021079093648454894,0.001000077333337165,0.0002938800028313382,0.03162399932546744,-0.0001526085526748467,0.0009463096345844595,-0.012353483422696883,0.02773547488000222,,7.363815048340083e-05,8.8767597527218e-05,7.420980481790554e-05,5.883453351659076e-05,1.7350198438572887e-05,6.987040440176276e-05,6.422177266405799e-05,0.0002439592348102691,0.00019283808934188282,0.00036123058833318695,0.00036499996368015046,-9.443281609868049e-05,-0.0007462309550970834,soft-like,ok
8611010105,GX 3+1,NS,5,0,60814.9942,4962.0,https://nasa-heasarc.s3.amazonaws.com/nicer/data/obs/2025_05/8611010105/xti/event_cl/ni8611010105_0mpu7_cl.evt.gz,33554432,152670419,target segments,1477123,1477123,0,8,0,1149.3093121647835,905.7802734375,7.0,641525.0,222359.0,63635.0,0.3466100307860177,0.2861813553757662,0.00010237742416796076,4.7028494636613736e-05,0.010118172965904506,0.0001725331075759822,6.716283164264863e-05,0.013135185859971003,3.700519667776105e-05,9.8481979877311e-05,0.006083189679581021,0.0005295665638653714,0.00020916882491660833,0.023012313309734234,-6.792833946186887e-05,0.0004956246083424278,-0.008241865047540445,0.03779164798661307,,7.731801212579305e-05,6.236246527797927e-05,3.844329764815644e-05,6.374630724949531e-06,8.999456505926632e-05,2.117020920801398e-06,7.703920761024354e-05,6.393299061530819e-05,-2.8348449435000667e-05,0.00016672459253440513,0.0005421162353466442,5.293410078566838e-05,0.0002771999883298603,soft-like,ok
8611010106,GX 3+1,NS,6,0,60816.08104,3699.0,https://nasa-heasarc.s3.amazonaws.com/nicer/data/obs/2025_05/8611010106/xti/event_cl/ni8611010106_0mpu7_cl.evt.gz,33554432,115819350,target segments,1476675,1476675,0,7,0,1026.1728039979935,1038.3705357142858,7.0,627752.0,231938.0,70690.0,0.36947393238094023,0.3047797256163285,0.00020943609237639808,5.802464230678965e-05,0.014471907005519282,0.00010033621022422004,7.881201989016894e-05,0.010016796405249537,2.4282822470673343e-05,0.0001138539622630283,0.004927760390955849,8.695783152748572e-05,0.0001582744957083941,0.009325118311715177,-0.0006185772554524115,0.0003681803890274255,-0.024871213389225936,0.023129687446027645,,0.00031787601734621635,3.599179785022396e-05,0.00011045858134405405,8.166968811060018e-05,1.9496158199719374e-05,0.00010270294169849365,-3.697003241178991e-05,-1.4692430875490324e-05,3.539842115548045e-05,-0.00010723257610780407,-0.00014231580217884617,0.00024957663734938307,-0.00011697696012931167,soft-like,ok
3034100101,IGR J17062-6143,NS,2,1,59022.47377,1798.0,https://nasa-heasarc.s3.amazonaws.com/nicer/data/obs/2020_06/3034100101/xti/event_cl/ni3034100101_0mpu7_cl.evt.gz,5006217,5006217,eof,211466,211466,0,10,0,1797.7019774317741,31.18359375,7.0,35155.0,3984.0,776.0,0.11332669606030436,0.19477911646586346,0.0012727936031443187,0.00045663169732185427,0.03567623302906739,0.00245445485120271,0.0018570032492366188,0.049542455038105546,0.005867340629308437,0.0016447503192325676,0.07659856806304173,0.007229068530098392,0.003963448338349659,0.08502392916172713,-0.004688025950553592,0.011165422881905829,-0.06846916058017355,0.13052932897975011,8.109745004183619,0.0001842854373791979,0.0008103092470406829,0.00016118418774764567,0.00021520392200833605,0.0005532274908378579,0.0006338478340306497,0.0013769369422252718,0.0012190479621898458,0.004624831497575177,-0.00271850070625552,0.005583410826183478,-0.007481461807829188,0.011875582890770403,intermediate,ok
1200140123,IGR J17380-3749,NS,5,2,58243.68056,2369.0,https://nasa-heasarc.s3.amazonaws.com/nicer/data/obs/2018_05/1200140123/xti/event_cl/ni1200140123_0mpu7_cl.evt.gz,997199,997199,eof,39992,39992,0,3,0,1793.3236630558968,40.622395833333336,7.0,4080.0,4004.0,7515.0,0.9813725490196078,1.876873126873127,0.0024563458498011227,0.0007164154027283974,0.049561535991140576,-0.0015013808995457884,0.0009122118583950316,-0.03874765669748028,0.004566387512290871,0.0018960761124372592,0.06757505096032759,0.005744472419007975,0.00743697555109203,0.07579229788710706,-0.009895250900552693,0.010525093360466812,-0.09947487572524377,0.15542721709942323,0.588881931270706,0.013830442515683397,0.0008688935906938905,0.0009018827140268505,0.0008454814236342022,-0.000571231849450721,-0.0008695315006371008,-0.00018581456468948868,0.0004664977544184416,0.00406517489455013,0.004567431086897953,-0.011601347560512596,0.009734393473364534,0.002105347837291753,intermediate,ok
6560010103,IGR J17498-2921,NS,0,0,60057.00972,3940.0,https://nasa-heasarc.s3.amazonaws.com/nicer/data/obs/2023_04/6560010103/xti/event_cl/ni6560010103_0mpu7_cl.evt.gz,6394560,6394560,eof,260863,260863,0,27,0,3939.649950504303,45.7884837962963,7.0,109348.0,36635.0,12262.0,0.3350312762922047,0.33470724716800876,-0.00020799229394011384,0.0002748407318093529,-0.014421937939823269,4.911877342460471e-06,0.0007899325598182344,0.0022162755565273175,0.0014406806763145323,0.0014673581952142278,0.0379562995603435,0.007350161995853944,0.0025632245091091964,0.0857330857712117,-0.005028414291514324,0.009280381709164476,-0.07091131285989792,0.16372973274392938,13.846500943677484,8.052813887111872e-05,2.6001044460454914e-05,-0.0001932572897996081,-8.121471350255443e-06,0.00023087102937654835,-1.7435832406759717e-05,-0.0003396303552826889,0.0016172963745706207,-7.812323985143302e-05,0.0025401745063321204,0.007473578081896962,0.013135968803027278,0.002339575594554185,intermediate,ok
6560010105,IGR J17498-2921,NS,1,0,60059.00648,9244.0,https://nasa-heasarc.s3.amazonaws.com/nicer/data/obs/2023_04/6560010105/xti/event_cl/ni6560010105_0mpu7_cl.evt.gz,16474262,16474262,eof,676835,676835,0,66,0,9243.425289332867,49.93300189393939,7.0,294933.0,94820.0,32081.0,0.3214967467187463,0.3383357941362582,0.000255274492134783,0.00013197525101807546,0.01597731179312662,0.0007752390081905624,0.00048291968890416234,0.02784311419706069,0.006573151090722075,0.0009001479155916907,0.08107497203651738,0.014245347622313468,0.001944369917286894,0.11935387560659046,0.006296280413578635,0.006303853371613229,0.07934910468038461,0.18171774676146507,9.390680086302204,8.017899996924874e-06,5.453102022261703e-05,0.00015378037039333407,0.00016397604563189567,0.00030835968448091706,-0.00016550583067957047,0.0005047516110148886,0.0021193735229602453,0.004464398167023094,0.005185190793487444,0.00698095510971929,0.00811635671740733,0.0051271543764055336,hard-like,ok
6560010109,IGR J17498-2921,NS,2,0,60062.99427,5726.0,https://nasa-heasarc.s3.amazonaws.com/nicer/data/obs/2023_04/6560010109/xti/event_cl/ni6560010109_0mpu7_cl.evt.gz,6593122,6593122,eof,268581,268581,0,40,0,5725.774023652077,32.676171875,7.0,115238.0,38882.0,13182.0,0.3374060639719537,0.33902577027930664,-0.0004924718176859508,0.0002389035530987133,-0.022191706056226296,0.0006391248666830855,0.0009821034434049005,0.02528091902370413,0.003630305944833112,0.0016784442097992562,0.06025202025520067,0.013539446583537904,0.002246049019946111,0.11635912763310793,0.015429906225554508,0.010527208117303693,0.12421717363373917,0.17925102873984194,9.959071593655729,-3.388494379347755e-05,-0.000149929932987206,-0.00011241049541729343,-0.00011654002325120519,-6.120595884379524e-05,0.0004880828070463324,8.631094160779502e-05,0.0021200601102416574,0.0015225915454339608,0.007269942010094354,0.009473628239793225,0.00982654581852657,0.0018177411858407203,hard-like,ok
6560010113,IGR J17498-2921,NS,3,0,60067.12406,1148.0,https://nasa-heasarc.s3.amazonaws.com/nicer/data/obs/2023_05/6560010113/xti/event_cl/ni6560010113_0mpu7_cl.evt.gz,1159830,1159830,eof,46710,46710,0,6,0,1147.615197956562,27.540364583333332,7.0,14886.0,4789.0,1476.0,0.3217116753997044,0.3082063061181875,0.0008460672415673767,0.00046648621403483055,0.029087235027884253,0.006036365064292064,0.002229533962597852,0.07769404780478402,0.012891410201047619,0.004160706539308984,0.11354034613760704,0.0343444200947619,0.006630353762408029,0.1853224759568086,-0.01339165359658901,0.03564833580962387,-0.11572231244055318,0.26781411708952885,10.536804135012376,-0.00033655329587705285,7.506337346972632e-05,3.74806164741702e-05,0.0005340906318623309,0.00046332017843209416,0.0017331001241194936,0.004069165005463821,0.004331947480236976,0.008529675096848448,0.009207957355129566,0.013230466580141657,-0.002190566857914225,0.03203925502405687,hard-like,ok
6560010124,IGR J17498-2921,NS,4,1,60094.22455,2636.2365322113,https://nasa-heasarc.s3.amazonaws.com/nicer/data/obs/2023_05/6560010124/xti/event_cl/ni6560010124_0mpu7_cl.evt.gz,24235338,24235338,eof,1046660,1046660,0,3,0,1520.2925835847855,76.0390625,6.333333333333333,6956.0,8490.0,13753.0,1.2205290396779758,1.6199057714958776,0.2548401981631141,0.024194291960835862,0.504816994724934,0.33869760688987005,0.12858373345988797,0.5819773250650493,0.10703002698962584,0.043517970471627324,0.3271544390492445,0.46002676234494116,0.1696142948497374,0.6782527274880221,-0.020258749348155573,0.0365572776292572,-0.14233323346343107,1.0734400944892297,0.07350364066254941,0.43328816297137934,0.041941332783021236,0.17890127186280133,0.059560299600883417,0.09303494293407226,0.08973355506186441,0.1270431770892022,0.08605290934116534,0.024300343369599832,0.00881008419012863,0.0010595437532415564,0.0004573774036767538,0.008090636096010132,hard-like,ok
1200310107,IGR J17591-2342,NS,1,0,58360.6375,3282.0,https://nasa-heasarc.s3.amazonaws.com/nicer/data/obs/2018_08/1200310107/xti/event_cl/ni1200310107_0mpu7_cl.evt.gz,2627095,2627095,eof,104901,104901,0,24,0,3281.7119205892086,22.606119791666668,7.0,44793.0,16578.0,8075.0,0.37010247136829416,0.4870913258535408,0.0006983029980933547,0.0005337725977250863,0.0264254233285553,0.012202712693154809,0.0020412362787889174,0.11046588927426787,0.012582269027573808,0.0039753896830782105,0.11217071376956557,0.03195630514247808,0.004719772215597935,0.17876326564056186,0.020559515697279616,0.013986006289127387,0.1433858978326656,0.2636782852544467,6.520108172694827,0.00011057273148038463,0.00044095426053472256,0.00012939253006051586,5.188208614925677e-06,0.0028643855109379535,0.002066981946653348,0.0074570421020667,0.005959808723687347,0.006559531436266459,0.00546683520225629,0.011054695433962388,0.010141808234423115,0.0172690417937812,hard-like,ok
1200310110,IGR J17591-2342,NS,2,0,58363.27789,7135.0,https://nasa-heasarc.s3.amazonaws.com/nicer/data/obs/2018_09/1200310110/xti/event_cl/ni1200310110_0mpu7_cl.evt.gz,5461011,5461011,eof,217933,217933,0,48,0,7134.185089766979,21.546875,7.0,89806.0,30965.0,11613.0,0.3447987884996548,0.37503633134183756,0.0005655061547474168,0.0004022482492777049,0.023780373309673187,0.004317904487889633,0.0014716783423327454,0.06571076386627714,0.004823020303697512,0.002508052720081566,0.0694479683194369,0.018986568398677798,0.004509006940984073,0.13779175736842098,0.011204849029517752,0.014045582394773043,0.10585295947453596,0.12066506717947462,3.6307340833186026,9.936062476434483e-05,0.00016136147788350211,-9.734835434457621e-05,0.0005577963662528959,0.00044495452810964673,0.0006058005215341392,0.002880325256909455,0.005325388975160887,-0.000171847825171388,0.006175514416406113,0.007594933856105414,0.002508529049134281,-0.011524710455317591,hard-like,ok
1200310120,IGR J17591-2342,NS,4,0,58374.21902,2424.0,https://nasa-heasarc.s3.amazonaws.com/nicer/data/obs/2018_09/1200310120/xti/event_cl/ni1200310120_0mpu7_cl.evt.gz,2025373,2025373,eof,81188,81188,0,15,0,2406.5482418835163,25.0546875,7.0,32139.0,11742.0,4224.0,0.365350508727714,0.35973428717424627,0.0022987969620350325,0.0007941611333751207,0.047945771054755525,0.01715909415811777,0.0014968449098170615,0.13099272559236932,0.005830157812582141,0.002936484840772583,0.07635547008945817,0.029053996911532112,0.004029306443311618,0.17045233032004026,-0.03199036543939416,0.026717111898137767,-0.17885850675714074,0.23630511642414442,4.472932747522549,7.315252869715953e-05,6.469455514520173e-05,0.0011976355178204732,0.001194246790846273,0.004570328099333156,0.006266155042168873,0.005875786118015088,0.0023786927202402598,0.0037405100891656157,0.005184642937175393,0.0017277458574214701,0.0005783783410367586,0.022988139451162733,hard-like,ok
1200310124,IGR J17591-2342,NS,5,0,58380.26862,1109.0,https://nasa-heasarc.s3.amazonaws.com/nicer/data/obs/2018_09/1200310124/xti/event_cl/ni1200310124_0mpu7_cl.evt.gz,1845213,1845213,eof,73054,73054,0,7,0,1108.8527464270592,37.222098214285715,7.0,20831.0,8147.0,4373.0,0.39109980317795595,0.536761998281576,0.00595738027213025,0.0041125875883980855,0.07718406747593864,0.009743898679270281,0.0032076840537739334,0.09871118821729521,0.013459847418660197,0.004253190567045627,0.11601658251586364,0.03446389877490853,0.0070361980508766055,0.1856445495426907,-0.014707793435767268,0.014273700478849571,-0.12127569185853886,0.26932465913557313,1.662238146135347,0.010898341017641639,0.0042199146449509945,0.0014818971684747606,0.0006284990769351681,0.0009313102509221286,0.0032377763759226254,0.0051868121858695765,0.0045586555751048075,0.008916261091880668,0.010870261819556786,-0.004088224612680058,0.015277339698558531,0.010416927725355025,hard-like,ok
1200310128,IGR J17591-2342,NS,6,0,58385.09519,1240.0,https://nasa-heasarc.s3.amazonaws.com/nicer/data/obs/2018_09/1200310128/xti/event_cl/ni1200310128_0mpu7_cl.evt.gz,1165605,1165605,eof,45991,45991,0,9,0,1239.8707315325737,27.235243055555557,7.0,21227.0,7454.0,2694.0,0.35115654590851275,0.3614166890260263,0.000545196863339868,0.0009635061500235579,0.023349451028661636,0.009786190259948658,0.002882413981992768,0.09892517505644687,0.014422882141119944,0.004262232120742439,0.12009530440912311,0.03609129830710215,0.0076777343515206055,0.1899770994280683,0.021458836738827737,0.024815852316339405,0.14648835018126097,0.2022774961965679,2.330635988056736,0.0004156013508117595,-0.0003839491260707595,0.00023400414437893194,0.0015164415668208074,0.0009929559952878396,0.002224564491107849,0.005679666163392607,0.007626487664824207,0.006864098364666988,0.005457387878101785,0.007757512570740206,0.000689838716698916,0.0018415756867914135,hard-like,ok
1034140105,M15 X-2,NS,0,0,58049.60046,2282.0,https://nasa-heasarc.s3.amazonaws.com/nicer/data/obs/2017_10/1034140105/xti/event_cl/ni1034140105_0mpu7_cl.evt.gz,4443497,4443497,eof,184891,184891,0,14,0,2281.7243799865246,24.8203125,7.0,34273.0,8072.0,2133.0,0.23552067224929243,0.2642467789890981,0.0006265658043247385,0.00079103380276823,0.02503129649708018,0.006048603696285361,0.002277348115119629,0.07777276963234214,0.0017445982696611198,0.002932962180981842,0.041768388401530646,0.008894531194328032,0.00801628697385692,0.09431082225454315,-0.03074919520434121,0.027448980911571694,-0.17535448441468843,0.06825493885882535,1.0435315317529588,8.203715904527772e-05,0.00013689047592528076,0.00014090572247768822,0.0007479079674495317,0.001385713989032051,0.0018262831353810594,0.00237103667739328,0.003584020163083944,-0.0017729903604716153,0.004415268215183688,-0.0030580571155780683,-0.0006895781121981716,-0.004510701238101961,intermediate,ok
1034140114,M15 X-2,NS,1,1,58247.0537,1894.0,https://nasa-heasarc.s3.amazonaws.com/nicer/data/obs/2018_05/1034140114/xti/event_cl/ni1034140114_0mpu7_cl.evt.gz,3548261,3548261,eof,145303,145303,0,12,0,1883.4664982259274,23.259114583333332,7.0,27730.0,6282.0,1714.0,0.2265416516408222,0.2728430436166826,0.0019486913024651378,0.000992399701343967,0.04414398376296749,0.0011524357294924051,0.002042599318305858,0.03394754379174442,0.0021880553498010466,0.004654218834827103,0.046776653897014124,-0.0036191313540978047,0.009324947459965989,-0.06015921670116562,-0.002794931569950451,0.025616486561482844,-0.0528671123662949,0.0,,0.00013004818767828718,0.0006275892794469394,0.0004326303146551449,0.0013098314523465845,0.00014332018300987088,0.002553649857359305,-0.002060464510161971,0.0008426003504593954,0.001440025454643321,-0.002594395752582934,-0.005767436109830166,-0.009682878966092536,0.0022606903505783668,soft-like,ok
5034140105,M15 X-2,NS,2,0,59831.1419,1379.0,https://nasa-heasarc.s3.amazonaws.com/nicer/data/obs/2022_09/5034140105/xti/event_cl/ni5034140105_0mpu7_cl.evt.gz,16641831,16641831,eof,745979,745979,0,4,0,1378.846059679985,101.244140625,7.0,41559.0,8210.0,2068.0,0.1975504704155538,0.2518879415347138,0.0005761413284485759,0.0003567062901942282,0.024002944162093448,-0.00033036215359284044,0.0010192910918704334,-0.01817586734086823,0.0016327539913210815,0.0016160564686278783,0.040407350709011865,0.0035620392240574136,0.002456493853210744,0.059682821850658284,0.011398163212980804,0.006021445207511412,0.10676218063050606,0.0852987401753197,4.977743805180021,-0.00011659872936226854,0.0005880986457453949,8.975352793618119e-05,-5.020247805696134e-05,-0.00019560522916899287,0.00024788453273241474,-0.0004888593484003898,0.0017823524586879495,-9.488894329877934e-05,0.0017524314199669625,0.0005847087178891811,0.0017428337540194199,0.0014339667468065878,soft-like,ok
5034140111,M15 X-2,NS,3,0,59836.99398,4693.0,https://nasa-heasarc.s3.amazonaws.com/nicer/data/obs/2022_09/5034140111/xti/event_cl/ni5034140111_0mpu7_cl.evt.gz,16777216,50568880,target segments,751122,751122,0,12,0,1621.0812270641327,74.94075520833333,7.0,91940.0,17907.0,5262.0,0.1947683271698934,0.2938515664265371,0.00028472181920014076,0.00019729012861050457,0.016873702000454457,-3.577016808890158e-05,0.0008535564221666993,-0.005980816674075672,-0.0020079998453719095,0.0018213658523133379,-0.04481071127946877,-0.0012358968094433713,0.002229479129643396,-0.0351553240554453,-0.001561427680682345,0.010182768684625695,-0.039514904538444036,0.08341717519349875,14.580718817244543,0.00018620215098964253,0.0001798325192276564,4.3853914130067064e-06,4.284380386443982e-05,0.00021630397897305878,6.835471981758286e-05,-0.0002251683673567295,-0.0018974057715189154,-0.0001481944686807688,2.256956876532516e-06,0.001291405827056334,0.005640066324831448,0.0015975420517695762,soft-like,ok
5034140122,M15 X-2,NS,4,0,59848.49167,1293.0,https://nasa-heasarc.s3.amazonaws.com/nicer/data/obs/2022_09/5034140122/xti/event_cl/ni5034140122_0mpu7_cl.evt.gz,12791598,12791598,eof,573046,573046,0,9,0,1292.9705900549889,78.27256944444444,7.0,71774.0,14759.0,3637.0,0.20563156574804248,0.24642590961447253,0.0003174889633342065,0.00021206733251144123,0.017818219982203794,-0.0016755424502026127,0.0007325785781336701,-0.0409333904068868,-4.509447189997119e-05,0.0018706973661240626,-0.006715241760351685,-0.004261708225025109,0.003193317255987048,-0.06528176027823629,-0.012481748273744856,0.006465182067815232,-0.11172174485633876,0.0,,4.1708245304558636e-05,-0.00011571210913206044,0.00022847072808088338,3.184537540364659e-05,-9.843015688925206e-05,-0.0006312015382602158,-0.000760308856079151,-0.00011734528331161523,5.953388141938692e-05,-0.0022144589906926563,-0.00263624208986694,0.005737697841486259,-0.007123941197666062,soft-like,ok
5034140128,M15 X-2,NS,5,0,59854.41066,1279.0,https://nasa-heasarc.s3.amazonaws.com/nicer/data/obs/2022_10/5034140128/xti/event_cl/ni5034140128_0mpu7_cl.evt.gz,13727690,13727690,eof,614484,614484,0,9,0,1278.980529308319,76.60069444444444,7.0,71934.0,13011.0,3299.0,0.1808741346234048,0.25355468449773266,0.00025454547417947076,0.0003392688405591093,0.015954481319662848,0.0007690399737571026,0.0008177837024038345,0.02773156998363242,0.0009668559630001454,0.0016799431687127674,0.03109430756585754,0.0026357127982253735,0.001360065416157977,0.051339193587602965,-0.0032032015205581544,0.009837149807594453,-0.05659683313188252,0.061549510724707525,4.863450545705697,0.00011265219921345562,2.817328548877502e-05,0.00022536724466898803,-6.413887764763312e-05,-8.141773963140716e-05,0.000271643918121203,0.0006874702705654881,0.0008627545882608038,6.058872111050102e-05,-0.00021905629591541158,-0.0005304062109335296,0.0005732876210882801,0.001861423546061373,soft-like,ok
5034140133,M15 X-2,NS,6,0,59859.18632,1919.0,https://nasa-heasarc.s3.amazonaws.com/nicer/data/obs/2022_10/5034140133/xti/event_cl/ni5034140133_0mpu7_cl.evt.gz,16777216,25503222,target segments,752328,752328,1,7,1,1201.4833206534386,105.1640625,7.0,75611.0,14711.0,3905.0,0.19456163785692557,0.2654476242267691,0.0007920880921085648,0.00029828434996181875,0.028144059623809867,0.0009301573887511048,0.00047114215153595904,0.0304984817450165,0.00011498623849635634,0.0011909473730905911,0.010723163642151338,-0.0029031500566196293,0.0027187854312727285,-0.053880887674755594,-8.57487651567164e-05,0.0076147858402101885,-0.009260062913215893,0.023597676266189194,,0.00047143691912961914,0.000423715940998085,0.00017840752521907226,0.00016252169042388183,-0.00013981066444281333,0.0002996819376487954,0.0006987456406997018,0.0002463829284062455,-3.241327959694259e-05,-0.0023804726937703526,-0.002497614103028681,0.0034867313738326374,-0.0003604628903553799,soft-like,ok
1034170103,MAXI J1621-501,NS,0,0,58177.32634,4163.0,https://nasa-heasarc.s3.amazonaws.com/nicer/data/obs/2018_02/1034170103/xti/event_cl/ni1034170103_0mpu7_cl.evt.gz,4578334,4578334,eof,183802,183802,0,27,0,4162.367214486003,37.498842592592595,7.0,83246.0,34715.0,11635.0,0.41701703385147637,0.33515771280426326,0.0003502946513501241,0.00030102394450620906,0.018716160165753126,6.225233478221811e-07,0.0008577758703012733,0.0007890014878453532,-0.0014668910389397645,0.001456343843519362,-0.0383000135631799,-0.0034801984892574465,0.0027802540101569324,-0.05899320714503871,-0.0006874088437435333,0.014601115952955402,-0.026218482865023547,0.04317386740320259,,0.0002460674588413117,-9.063541445294122e-06,6.560127777965511e-05,0.0004860359414348512,0.000621739081956479,0.00010307850336461174,-0.0009495733550594599,-0.0008600718100332123,-0.0005737199622394488,-0.0018048804122393124,-0.002176540368436447,-0.002413936817854819,0.009129246830480404,soft-like,ok
1034170104,MAXI J1621-501,NS,1,0,58178.29093,5340.0,https://nasa-heasarc.s3.amazonaws.com/nicer/data/obs/2018_03/1034170104/xti/event_cl/ni1034170104_0mpu7_cl.evt.gz,4703526,4703526,eof,188340,188340,0,35,0,5339.355556502938,29.031026785714285,7.0,82569.0,33746.0,13744.0,0.40870060192081775,0.4072778996029159,0.0006608261191033554,0.0004013018530775717,0.02570653845042843,0.0006874814670307492,0.0010180256756500152,0.02621986779201507,0.0008421077398038252,0.00178137210809376,0.0290190926771294,-0.002099251096345698,0.0036521327259492896,-0.04581758501215115,-0.0015239994178835121,0.009224692955760233,-0.03903843513620278,0.08807332689690744,10.687705834061418,0.000568596550844788,0.00034315809793558985,0.000107492104076545,0.00013815317834556224,0.00015812407207323786,0.0002759967053894953,0.00036457225648555124,-2.527634195552787e-05,0.0008281952535874751,-0.003496312799293813,0.00021329809536162336,0.0014432095535034319,0.0068377041843355624,soft-like,ok
1034170105,MAXI J1621-501,NS,2,0,58179.00206,5660.0,https://nasa-heasarc.s3.amazonaws.com/nicer/data/obs/2018_03/1034170105/xti/event_cl/ni1034170105_0mpu7_cl.evt.gz,3690551,3690551,eof,147521,147521,1,37,3,5659.1119389384985,21.04032939189189,7.0,63656.0,26042.0,9949.0,0.4091051903983913,0.3820367099301129,0.00012137614187595562,0.0004379903525708056,0.011017084091353557,0.0014242598091683447,0.001580295538224068,0.037739366835816746,0.003835635358612124,0.0024668903069191023,0.061932506477714304,0.009507733430636878,0.004094475253325869,0.09750760703984525,-0.03449742790777133,0.014740141774143303,-0.18573483224148163,0.20634388118251987,14.658896134421626,0.0007190800815853086,8.062106546442906e-05,3.514095318249246e-05,0.0002462593977131505,0.00013377224607835807,-0.0003869762772387601,0.0013581855690959772,0.001257811309624893,0.0026564570457358835,0.003867240576126226,0.005917060558457379,0.008219859473337272,0.018473285302303275,intermediate,ok
2200840102,MAXI J1807+132,NS,0,0,58742.99919,7523.0,https://nasa-heasarc.s3.amazonaws.com/nicer/data/obs/2019_09/2200840102/xti/event_cl/ni2200840102_0mpu7_cl.evt.gz,16777216,41719269,target segments,744378,744378,0,21,0,3007.769233673811,31.017113095238095,7.0,66086.0,13039.0,4249.0,0.19730351360348636,0.3258685482015492,0.0006189533931201602,0.0002944869623945945,0.024878773947286072,0.0054666206132247,0.0014513013872837009,0.07393659860464707,0.009739138755851385,0.0030030120193350975,0.0986870749179009,0.020443419815492348,0.005780376185004765,0.14298048753411197,0.010422105316461382,0.018207133074472363,0.1020887129728913,0.16163570368499783,4.191353073932443,-1.0294746436446032e-05,-3.368798891402342e-05,0.0002427263896471264,0.0005294109678454443,0.0008030610600827806,0.0013693102863484344,0.002980244308282762,0.004075892622752406,0.005857755116151317,0.001193646563621195,0.010042626463341852,0.006394444491938569,-0.007319034828916989,hard-like,ok
6200840106,MAXI J1807+132,NS,2,2,60135.26167,4567.0,https://nasa-heasarc.s3.amazonaws.com/nicer/data/obs/2023_07/6200840106/xti/event_cl/ni6200840106_0mpu7_cl.evt.gz,16777216,27359619,target segments,764189,764189,0,20,0,2801.332572698593,36.18046875,7.0,72828.0,14715.0,5079.0,0.20205140879881364,0.345158002038736,0.000676726227576883,0.00041010355232055354,0.026013962166053888,0.004720789518431058,0.0011477796815950706,0.06870800185153879,0.011003544236392531,0.0029540685996869696,0.10489777994024721,0.024662800909428694,0.005097147196859151,0.15704394579043374,0.009818685339469736,0.011688948828841705,0.0990892796394733,0.2130827961800165,5.9390244641113945,0.00021254032752520232,0.00044541208168519063,0.0002837689486079948,0.00019462443356612377,0.0002632902492545837,0.0009120865511233024,0.003271245985284678,0.005514866435980234,0.005515765296898365,0.00830109277374735,0.0056597027486395704,0.007006467204840629,0.007823414990741236,hard-like,ok
6634010102,MAXI J1807+132,NS,3,0,60136.74905,2406.0,https://nasa-heasarc.s3.amazonaws.com/nicer/data/obs/2023_07/6634010102/xti/event_cl/ni6634010102_0mpu7_cl.evt.gz,16777216,17666672,target segments,773633,773633,0,17,0,2294.4668180942535,40.02711397058823,7.0,69077.0,13636.0,4386.0,0.1974028982150354,0.32164857729539453,0.0008427282841535883,0.0004108742002571216,0.029029782709376045,0.0049799575978267735,0.0011951727606540768,0.07056881462676537,0.012196897922874225,0.0016217585753167108,0.11043956683577777,0.0317146847289716,0.0034619629404431702,0.17808617220034687,0.03181499492654518,0.01189861818437741,0.1783675837324293,0.17434712433147628,2.783398287057799,2.8747464904808286e-05,0.00014113557690311734,0.0007812692584350461,0.00017512896335536128,0.0007761126188279846,0.0010729239949543745,0.0029157002567307146,0.005784328493322317,0.0063729846423256735,0.00914256677654775,-0.0008233497921907281,0.0012627437504043096,0.0027666277581345133,hard-like,ok
6634010107,MAXI J1807+132,NS,4,0,60141.71948,2145.0,https://nasa-heasarc.s3.amazonaws.com/nicer/data/obs/2023_07/6634010107/xti/event_cl/ni6634010107_0mpu7_cl.evt.gz,16777216,18648299,target segments,772925,772925,0,13,0,1934.3257930278778,41.07572115384615,7.0,54765.0,10419.0,3166.0,0.19024924678170363,0.30386793358287745,0.00017292336521071463,0.000491133169404223,0.013150032897704653,0.00405887337246759,0.00153604842687312,0.06370928796076432,0.006626968788469402,0.0019542524266458663,0.08140619625353712,0.01878182405501122,0.004111656976067222,0.1370467951285663,0.010470370544546794,0.017202452548071376,0.10232482858303157,0.10349953641129643,2.8493645071966185,-0.00011387457910453635,0.00033148808643427815,-0.0001009792204283998,-0.00012263144860140022,0.0015086141562177056,-0.0006221973200550491,0.0030960254794359632,0.003191292453005537,0.003577153340139072,0.005986960478253156,0.0036304998735264783,0.0015779722880844,-0.011228169549553928,hard-like,ok
6634010108,MAXI J1807+132,NS,5,0,60142.30164,1588.0,https://nasa-heasarc.s3.amazonaws.com/nicer/data/obs/2023_07/6634010108/xti/event_cl/ni6634010108_0mpu7_cl.evt.gz,13971473,13971473,eof,643275,643275,0,11,0,1587.979860842228,39.85582386363637,7.0,44246.0,8662.0,3209.0,0.1957691090720065,0.37046871392288155,0.0005737026728907154,0.00045997802162575223,0.02395209120078486,0.00463729083444817,0.00205619021536706,0.06809765660026908,0.0028275780538213704,0.0030149814570394986,0.05317497582342065,0.007386290966153611,0.005553340699201463,0.08594353359126916,0.03942375598616693,0.011982297244123282,0.19855416386005842,0.08288858597031264,1.9450454975955886,4.104887624407966e-05,-5.0531674087950993e-05,0.0005363781066697478,0.00029757294790043134,0.000562094863384995,0.0020487362787797976,0.0020099533084602366,0.0010144697533679122,0.0016198979766850869,0.0001295435915050251,-0.0005814469341774996,0.003918452450157251,-0.004675651860731204,intermediate,ok
1200100101,MXB 1730-335,NS,0,0,58177.72103,1416.0,https://nasa-heasarc.s3.amazonaws.com/nicer/data/obs/2018_02/1200100101/xti/event_cl/ni1200100101_0mpu7_cl.evt.gz,11661657,11661657,eof,488467,488467,0,9,0,1415.9891932755709,267.00086805555554,7.0,204372.0,77193.0,26020.0,0.37770829663554695,0.3370771961188191,0.00026187770329739963,0.0001038032411835206,0.016182635857529503,0.0005832459814277924,0.00022968752138097261,0.02415048615303204,0.0017158258407273903,0.000495907849176056,0.0414225281788472,0.004059960690709722,0.000895350658778578,0.06371782082517984,0.0004137362260149736,0.0024226089287888077,0.020340507024530476,0.1044741844257352,8.782001519881947,6.090222604173982e-06,3.962473660777061e-05,0.00024721037757323184,-3.286844452824869e-05,8.617050085643799e-06,0.00017097878603143248,0.0004007661356132522,0.0007619007770551412,0.000964720107014359,0.0013873236493777887,0.0021152888485420126,0.0031839190602474055,0.0016612839051985673,soft-like,ok
1200100108,MXB 1730-335,NS,1,0,58294.01644,1832.0,https://nasa-heasarc.s3.amazonaws.com/nicer/data/obs/2018_06/1200100108/xti/event_cl/ni1200100108_0mpu7_cl.evt.gz,9520943,9520943,eof,404570,404570,0,13,0,1831.768772304058,179.42247596153845,7.0,172817.0,91465.0,34277.0,0.5292592742612128,0.3747553709069043,1.2673346791841182,0.23483991354895484,1.1257596009735462,0.16576144460153727,0.04342016765204968,0.4071381148965757,0.010621379280597495,0.002909618767888573,0.10306007607506165,0.18077919640675882,0.04580788801371388,0.42518136883776886,-0.0022342259402939038,0.004128472330164412,-0.04726759926518274,1.5133466766448187,0.025081026052316352,0.8382820328677701,0.8068467199050671,0.34301681775043663,0.1514602763830898,0.07686955575387915,0.039229280805772385,0.015614396901271817,0.005646623606592714,0.005033831960143298,0.003139231857332838,0.0018753403454154075,0.001091328940866649,0.002112726634278806,hard-like,ok
3200100101,MXB 1730-335,NS,3,0,58921.58009,1124.0,https://nasa-heasarc.s3.amazonaws.com/nicer/data/obs/2020_03/3200100101/xti/event_cl/ni3200100101_0mpu7_cl.evt.gz,6796839,6796839,eof,281202,281202,0,7,0,1123.9408665895462,190.33035714285714,7.0,113473.0,42444.0,14619.0,0.37404492698703656,0.3444303081707662,-8.180644453756573e-05,7.873075968189457e-05,-0.009044691511464928,0.000924373663845274,0.0003411722188083397,0.030403514004885588,0.0017177785495699634,0.0009696338566504679,0.04144609209044881,0.004084046547286233,0.0024720453469814743,0.06390654541818258,0.0034757138187166605,0.0064313195516011315,0.058955184833199024,0.12901803448184046,16.315094992861347,2.9427189949641832e-05,-3.5700943136885268e-06,-5.578450841216105e-05,2.0902386165747163e-06,0.00022337424294333592,0.0001930127812519753,0.000476025971062001,0.0007686033018947346,0.0009565938358348994,0.0005059934591986745,0.003609192606041449,0.001815573176742426,0.00812512102074751,soft-like,ok
3200100110,MXB 1730-335,NS,5,0,58936.03981,2767.0,https://nasa-heasarc.s3.amazonaws.com/nicer/data/obs/2020_03/3200100110/xti/event_cl/ni3200100110_0mpu7_cl.evt.gz,3472148,3472148,eof,143036,143036,12,6,7,2751.918371528387,37.444010416666664,7.0,17517.0,8299.0,2941.0,0.47376833932751045,0.35438004578864923,4.139104850720355,0.19062033578133142,2.03447901211105,2.8218553041843046,0.13381158106186006,1.6798378803278322,0.149010948845945,0.023115849946319447,0.3860193633044138,3.0017708434870083,0.14978419995111258,1.7325619306353837,0.07593253714959457,0.048602428297928206,0.27555859113733794,2.6760865834900125,0.09530170656688744,0.03786184713238448,1.1356093111676704,1.5539590471021079,1.949006577098688,1.3428201826173247,0.7378909732016143,0.24002580598161835,0.08541636636270657,0.0652428402188751,0.023143221213776807,0.009503669551243769,0.038896794840301355,-0.05793723415306451,hard-like,ok
3200100112,MXB 1730-335,NS,6,0,58938.0456,2785.0,https://nasa-heasarc.s3.amazonaws.com/nicer/data/obs/2020_03/3200100112/xti/event_cl/ni3200100112_0mpu7_cl.evt.gz,3041749,3041749,eof,124118,124118,4,7,6,2762.6101306676865,22.234375,7.0,12154.0,5634.0,2134.0,0.4635510942899457,0.3787717429889954,4.094586836117616,1.211306181256902,2.023508546094534,4.682093187022472,0.48010402659557316,2.1638144992171746,0.42375480245754277,0.0977501988317504,0.6509645170495415,5.22304034923074,0.5689622852932963,2.285397197257129,-0.00741935862730998,0.11017574939967482,-0.08613569891345853,3.1150170910501314,0.1263595536200169,0.3846596180768121,0.9184390122694062,1.7553595091600318,2.0306123098748947,1.8874693239397338,1.4072306088514985,0.7753723071702623,0.21922596057388416,0.20672579375791816,0.12181759993575536,-0.0025373488488973778,-0.010670178096541461,0.009626960869660932,hard-like,ok
2200600101,SAX J1747.0-2853,NS,0,0,58556.67642,1780.0,https://nasa-heasarc.s3.amazonaws.com/nicer/data/obs/2019_03/2200600101/xti/event_cl/ni2200600101_0mpu7_cl.evt.gz,5049007,5049007,eof,204961,204961,0,3,0,1778.515961766243,110.61979166666667,7.0,23358.0,14898.0,4222.0,0.6378114564603133,0.2833937441267284,0.0005256996569711688,0.00010431117677713716,0.02292814115821797,0.0011382300331321932,0.0006306526175972742,0.03373766490337162,-0.0022418260029933284,0.000945350938887831,-0.04734792501254229,-0.00038963580346743575,0.003985570270319748,-0.019739194600272722,-0.013035209825172882,0.004740071116748487,-0.11417184339920627,0.04633502003004232,,0.0002031053295664424,0.0002793594532627939,2.604605608974404e-05,0.0003443889004096578,0.0003682939483178152,-0.00020666841774074393,0.0005341178762132278,0.0011402826021233432,-0.0030637167315658046,-0.00017903042340103323,0.006015183153721551,-0.004299377149746823,0.0009849494839342522,soft-like,ok
5200600105,SAX J1747.0-2853,NS,1,0,59698.04399,8567.0,https://nasa-heasarc.s3.amazonaws.com/nicer/data/obs/2022_04/5200600105/xti/event_cl/ni5200600105_0mpu7_cl.evt.gz,16777216,27590273,target segments,693779,693779,0,37,0,5055.048915654421,132.25401182432432,7.0,337906.0,227166.0,61283.0,0.6722757216503998,0.2697718848771383,0.00025978028178745804,7.697400756727196e-05,0.016117700884042303,6.10015890915472e-06,0.00028053457329141286,0.002469849977054218,-0.000583437749658779,0.00036621564060705414,-0.024154456103559423,0.00010404528295145853,0.00081066626610416,0.010200258964921358,0.00586293892684452,0.0029428772685246014,0.07656983039581922,0.01857209853520085,,0.00011733609986399143,0.00010148197118435147,9.847092775919035e-05,5.3430257525524175e-05,-0.00011733644576088765,8.182404907058669e-05,8.142862715707525e-05,5.267452838659403e-05,-0.0006695312242846006,0.0005288038004132356,2.576069570115337e-05,0.00018578275985182293,-0.00019520320286682744,soft-like,ok
5200600106,SAX J1747.0-2853,NS,2,2,59699.01296,3888.0,https://nasa-heasarc.s3.amazonaws.com/nicer/data/obs/2022_04/5200600106/xti/event_cl/ni5200600106_0mpu7_cl.evt.gz,12374174,12374174,eof,511121,511121,0,27,0,3887.8687453866005,126.76099537037037,7.0,236732.0,158843.0,42511.0,0.6709823766960107,0.26762904251367703,0.0003142069341094967,0.00012549742061637948,0.017725883168674465,0.0003123086988050552,0.00018933653364701784,0.017672257886446066,-8.204548746159517e-05,0.000592268223869677,-0.009057896414819236,0.00039749912029582164,0.0009308076405952589,0.019937379975709487,0.00033848076194349934,0.0025488588075063576,0.018397846665941624,0.0,,6.92708264733815e-05,0.0002346458486101812,8.496426486533848e-05,4.010207309979215e-05,0.00012848040388213001,-7.019811401992506e-05,0.00021562917246194482,-0.00016370600292052762,7.455249947402262e-05,-0.00021404933017417886,0.00023704420058931667,-0.0013661569419965644,-0.0012266148097110868,soft-like,ok
8200600101,SAX J1747.0-2853,NS,6,0,60807.81597,1400.0,https://nasa-heasarc.s3.amazonaws.com/nicer/data/obs/2025_05/8200600101/xti/event_cl/ni8200600101_0mpu7_cl.evt.gz,2156298,2156298,eof,87482,87482,0,9,0,1399.8514510393143,59.619791666666664,7.0,38759.0,23694.0,6229.0,0.6113160814262494,0.2628935595509412,0.0005801711904317105,0.000172213478251884,0.024086743043253284,0.00033368591709049015,0.001001334207171187,0.018267071935329157,0.0009546437767035815,0.0023192191139716177,0.03089731018557411,0.0036963669238720136,0.0026966303093673384,0.06079775426668335,0.01463220527529299,0.008480039717409,0.12096365270316943,0.15038139806974718,14.018398874875894,0.00010453999319102009,-0.00022308989167578637,0.0005190339396397647,0.00033270124147274525,-0.00029223968154596487,0.0006686129066889643,-0.00011435211546547947,-0.0002660655021241705,0.001243899987235709,0.001534284214324395,0.0014796200491085294,0.013092954263017318,0.0045346654815447175,soft-like,ok
8200600102,SAX J1747.0-2853,NS,7,0,60808.01046,4161.0,https://nasa-heasarc.s3.amazonaws.com/nicer/data/obs/2025_05/8200600102/xti/event_cl/ni8200600102_0mpu7_cl.evt.gz,7338128,7338128,eof,299971,299971,0,28,0,4160.621295750141,68.49135044642857,7.0,133854.0,88098.0,23521.0,0.6581648661974988,0.26698676473926763,0.0012343335299567157,0.0004680941864296351,0.03513308312626029,0.000754374264317448,0.0004925289628444579,0.027465874541282097,-0.0002211013916642694,0.001122897706234181,-0.014869478526978322,0.0020041232132686215,0.0016575793837494972,0.044767434740764646,-0.00242549748000217,0.005192322722918162,-0.049249339894075435,0.0,,0.0007247290977358877,0.0005437244374444915,0.00036792955937329716,0.00045576317402763674,-3.717943296813703e-05,0.0002824287787554625,0.00032606768226618103,0.0007700321846974251,-0.0009411599809864625,0.0013315097447340906,-0.002185183742533449,-0.001408881935116358,-0.005066652564347163,soft-like,ok
1200350101,SAX J1750.8-2900,NS,0,0,58380.71659,1425.0,https://nasa-heasarc.s3.amazonaws.com/nicer/data/obs/2018_09/1200350101/xti/event_cl/ni1200350101_0mpu7_cl.evt.gz,2064413,2064413,eof,82463,82463,1,7,1,1424.4064027667046,37.504464285714285,7.0,21784.0,8782.0,3038.0,0.40313991920675724,0.34593486677294466,2.7339456691617076e-05,0.0006587421813909221,0.0052287146309219325,0.0014410311716688776,0.0007629623459113712,0.03796091637024688,0.012970827872479121,0.00545105830679793,0.11388954241930696,0.020516569428159007,0.009307055296688262,0.14323606189838858,-0.026082972605663383,0.025348824695870853,-0.16150223715374157,0.1322501567452419,3.1846964680279872,-0.000164681354622093,-5.8004156628636624e-05,0.00036756230047024617,-0.0004690841167606436,-0.00025090966329532763,-0.00016044586877099893,0.0019479302224001906,0.0037582408117241986,0.00930390897170059,0.007700776703952625,-0.0008357789056528252,0.0021594351334885747,-0.005808846118864844,hard-like,ok
1200350102,SAX J1750.8-2900,NS,1,0,58381.03819,3433.0,https://nasa-heasarc.s3.amazonaws.com/nicer/data/obs/2018_09/1200350102/xti/event_cl/ni1200350102_0mpu7_cl.evt.gz,4315773,4315773,eof,172708,172708,1,22,0,3432.3000498116016,35.75355113636363,7.0,64306.0,26699.0,9677.0,0.4151867632880291,0.3624480317614892,-0.0002529936087975948,0.00029111954783229776,-0.015905772813591762,0.0026734402522597314,0.0010534378160191678,0.0517053213147325,0.009452493106118644,0.0022626516408930405,0.09722393278467316,0.020858202127282743,0.004295613298629946,0.14442368963325491,0.018319199918497182,0.011966310327948496,0.13534843892153756,0.16473691429867993,4.68312587187198,5.222871471487515e-05,-3.459187281206443e-05,-0.0004558134359606934,0.00025995245851712654,0.0005244111130292242,0.00022351905976484616,0.00192552719493099,0.0032568573202253555,0.006173077911885997,0.006635861233795708,0.007931644537885616,0.0038388896335790857,-0.003193312936905454,hard-like,ok
1200350103,SAX J1750.8-2900,NS,2,0,58382.07153,6469.0,https://nasa-heasarc.s3.amazonaws.com/nicer/data/obs/2018_09/1200350103/xti/event_cl/ni1200350103_0mpu7_cl.evt.gz,7520695,7520695,eof,298888,298888,0,44,0,6468.355177670717,35.29509943181818,7.0,125686.0,51671.0,21425.0,0.4111118183409449,0.4146426428751137,0.0006817597852214871,0.0005027593292361406,0.026110530159716924,0.0021307463725687473,0.0007732548975035039,0.04616000836837822,0.005906691279336628,0.001637609749023032,0.07685500165465244,0.014200031543502554,0.0027912634694989076,0.11916388523165294,-0.0011096612617892134,0.009472981034498168,-0.03331157849440962,0.15508591107288702,4.486779977134668,0.0008569176002323029,0.00015872353592367872,0.00030979556836734063,8.424777320365724e-05,0.00041872022557377887,0.00035150043566587407,0.001408354033234761,0.001446273664908446,0.004541582200249327,0.0034014870619830584,0.005346029064507069,0.0065727587894737795,-0.0008447501400156492,hard-like,ok
1200350104,SAX J1750.8-2900,NS,3,0,58383.1628,4513.26872852445,https://nasa-heasarc.s3.amazonaws.com/nicer/data/obs/2018_09/1200350104/xti/event_cl/ni1200350104_0mpu7_cl.evt.gz,12472185,12472185,eof,509154,509154,1,30,3,4513.788710027933,36.998697916666664,7.0,89998.0,36401.0,15676.0,0.4044645436565257,0.4306475096837999,0.001323514984446443,0.0007339612729671417,0.03638014547038595,0.0031906652283543485,0.0011538082745286696,0.0564859737311339,0.004818922452230587,0.0017728283421608517,0.0694184590165367,0.012118712357704885,0.0024913356658501002,0.1100850233124601,0.015321310869370157,0.010512302626504553,0.1237792828762962,0.15998487345684467,5.24028917257525,0.0007325025283263082,9.533050476395945e-05,0.0008688131432108804,0.0005522455452101937,0.000894196736401374,0.0013386756405083726,0.0007872636945818025,0.00016993727260175212,0.004626640127753042,0.0029650780670605,0.0019485981887198964,0.0027164263437513174,0.0078994519421132,hard-like,ok
1200350105,SAX J1750.8-2900,NS,4,0,58383.99936,1393.0,https://nasa-heasarc.s3.amazonaws.com/nicer/data/obs/2018_09/1200350105/xti/event_cl/ni1200350105_0mpu7_cl.evt.gz,1808781,1808781,eof,71910,71910,0,10,0,1392.966560870409,38.45234375,7.0,32840.0,12118.0,4261.0,0.3690012180267966,0.35162568080541345,0.0007372942575584426,0.0005303293065184516,0.027153162938384223,0.0018660125450152634,0.0007954355730899469,0.04319736733893934,0.008124906710807117,0.0021585675571053377,0.09013826440977837,0.012148649266629667,0.0029880128305440025,0.11022091120395289,0.012293321525924088,0.01864429498475279,0.11087525208956275,0.18682797632038453,12.295377016587285,0.00019979982791562775,0.00010872274887543492,1.0606144181032119e-05,0.00046560726454498237,0.0002981500819002623,-0.00013949632148027477,0.001703946465543777,-0.0008059326541465594,0.009086609783962168,0.0006443131983547604,-0.0005719122918435484,0.00969348569603926,0.014210792792123249,hard-like,ok
2584010104,SAX J1808.4-3658,NS,0,1,58706.02663,3992.0,https://nasa-heasarc.s3.amazonaws.com/nicer/data/obs/2019_08/2584010104/xti/event_cl/ni2584010104_0mpu7_cl.evt.gz,16777216,23854161,target segments,724452,724452,0,8,0,2866.1412563323975,57.482421875,7.0,47003.0,8990.0,2869.0,0.19126438737952897,0.31913236929922134,0.0033639691499935836,0.0009428048500562635,0.05799973405105909,0.030672652017905463,0.00222312161875689,0.1751360957024721,0.019552403293014123,0.002807854063880759,0.13982990843526333,0.06372421120981449,0.004647592227814276,0.2524365488787519,-0.008860711126126112,0.020894001953120904,-0.09413135038936875,0.3128995736107225,2.8202284548111898,0.00012997863809818824,0.001214328706273162,0.0005580251867086011,0.0026705159127740317,0.005494327596508048,0.010286740609097378,0.013664930152379559,0.008885422891796288,0.010814733405376097,0.01030664086644242,0.010930771154315759,0.009083446815386056,0.013866281230616362,hard-like,ok
2584010109,SAX J1808.4-3658,NS,1,0,58711.04971,11630.0,https://nasa-heasarc.s3.amazonaws.com/nicer/data/obs/2019_08/2584010109/xti/event_cl/ni2584010109_0mpu7_cl.evt.gz,16777216,48347446,target segments,719171,719171,0,29,0,3843.397795319557,41.921066810344826,7.0,126581.0,22475.0,6555.0,0.1775542932983623,0.2916573971078977,0.006403689907540113,0.0005341951208310087,0.08002305859900703,0.03901533889430056,0.0016850105587004572,0.197523008518756,0.0210078277534486,0.001889195733982551,0.14494077326083438,0.06897561497858316,0.0037846020355040448,0.26263209053461684,0.01310298073576437,0.009837941625070548,0.11446825208661295,0.2957705176894061,1.1077881352511774,0.00039437237032246484,0.001162648206176351,0.0022405879840300034,0.004590289463239291,0.009164893145039786,0.014062434279782966,0.013938896580509527,0.009418121650250943,0.011848985246260406,0.005961565927249349,0.0062494823850470504,0.006721985059104351,0.001725936837246804,hard-like,ok
5574010105,SAX J1808.4-3658,NS,5,0,59818.03194,9753.0,https://nasa-heasarc.s3.amazonaws.com/nicer/data/obs/2022_08/5574010105/xti/event_cl/ni5574010105_0mpu7_cl.evt.gz,16777216,21993345,target segments,715419,715419,0,50,0,7144.696213066578,20.16015625,7.0,102573.0,18460.0,7992.0,0.17996938765562087,0.4329360780065005,0.0022103081346966347,0.0005255088678338615,0.047013914266912885,0.024262456831559625,0.0019084579221815294,0.155764106364591,0.020164474077875433,0.003146165245345236,0.1420016692784822,0.049942159080678776,0.004718732380161622,0.2234774240962133,-0.005031544321584997,0.014615737386394918,-0.070933379459779,0.2583410234203831,1.8088443177668583,0.000437978287055828,0.0006051487213315988,0.000728762460773331,0.0013302703104151065,0.00431871384176653,0.008113945552323682,0.011161584833583763,0.010413806567564,0.009965006756373676,0.004711777394942873,0.005598953868551889,0.0032515661405359063,0.006102569646672765,hard-like,ok
1200170101,SAX J1810.8-2609,NS,0,0,58239.83102,1464.0,https://nasa-heasarc.s3.amazonaws.com/nicer/data/obs/2018_05/1200170101/xti/event_cl/ni1200170101_0mpu7_cl.evt.gz,4436771,4436771,eof,187965,187965,0,11,0,1463.9481440782547,30.467329545454547,7.0,33792.0,7069.0,2037.0,0.20919152462121213,0.2881595699533173,-0.0004894820601670436,0.00041527573117882484,-0.022124241459698536,0.000750262561310188,0.0021599050967987263,0.027390921147529668,0.007082999573762667,0.004532530726359891,0.08416055830234652,0.011028859890963182,0.006232411009109099,0.10501837882467611,-0.02938185599967024,0.021601696024377014,-0.17141136484979705,0.20038869072984325,11.745340324655619,-1.2107050330656541e-05,0.00032378826443531564,-0.0004462446439357652,-0.00045199165035328636,-0.00035120755821757034,0.0009955080066028903,0.00018053356063039852,0.004716467153860194,0.002376926941883634,0.0022688822633288534,0.009102879227141644,0.01088126382843015,0.010570929028944966,hard-like,ok
4200170102,SAX J1810.8-2609,NS,1,0,59352.36069,3689.0,https://nasa-heasarc.s3.amazonaws.com/nicer/data/obs/2021_05/4200170102/xti/event_cl/ni4200170102_0mpu7_cl.evt.gz,16777216,21620351,target segments,718353,718353,0,17,0,2894.362431317568,93.56847426470588,7.0,152986.0,38310.0,12309.0,0.2504150706600604,0.3212999216914644,0.0014430489903592947,0.0002702745548295994,0.03798748465428179,0.009682635561561823,0.0006062473435141369,0.09840038395027645,0.011313844322929992,0.0008172513263701671,0.10636655641191921,0.031831497436399604,0.00171099178381789,0.1784138375698466,0.00026490816659423115,0.006804875584470822,0.016275999711054038,0.2103868050211206,3.041905101288668,8.226175757201207e-05,0.00011390772817983179,0.00046103506600310597,0.0012475138288790381,0.0018350454900661162,0.0026674723282879165,0.004830115471611039,0.004285171033106324,0.006999267928717737,0.008023086961136364,0.008005754773716699,0.006825326676124475,-0.00111335131640564,hard-like,ok
4200170104,SAX J1810.8-2609,NS,2,0,59354.16528,5428.0,https://nasa-heasarc.s3.amazonaws.com/nicer/data/obs/2021_05/4200170104/xti/event_cl/ni4200170104_0mpu7_cl.evt.gz,16777216,42637566,target segments,724859,724859,0,15,0,2220.3945240080357,114.29270833333334,7.0,164176.0,41844.0,13422.0,0.2548728194133125,0.32076283338112993,0.0008279012494039398,0.00035619442373302257,0.028773273178488747,0.006408125172132429,0.00044258467081667217,0.08005076621827194,0.01024798816989743,0.001282730186317692,0.10123234744832024,0.027418768931562972,0.0019239920721767993,0.16558613749817033,0.0008220508193689754,0.005097689744278066,0.028671428624485656,0.20142000862875356,3.660128058161481,0.00063843506923777,0.00023081666739446744,0.00017799343806998742,0.000581856070296503,0.0010699622280292411,0.001993302373025482,0.0031344487112578857,0.00595668723181207,0.004338947871548164,0.008193985116017904,0.006092227153776346,0.004750340252932581,0.003411017692608755,hard-like,ok
4200170106,SAX J1810.8-2609,NS,3,0,59358.4331,1099.0,https://nasa-heasarc.s3.amazonaws.com/nicer/data/obs/2021_05/4200170106/xti/event_cl/ni4200170106_0mpu7_cl.evt.gz,11880421,11880421,eof,521219,521219,0,8,0,1098.989999204874,135.8515625,7.0,105668.0,25536.0,7908.0,0.24166256577204073,0.30968045112781956,0.0007169828259176429,0.0006694862741494154,0.02677653498714206,0.00482049512036501,0.0006506353911939542,0.0694297855416896,0.010837667215390293,0.0009405278701819434,0.10410411718750749,0.024136089576318385,0.0016671991366488774,0.15535794017789495,0.001355648213853147,0.008008648787681823,0.03681912836900335,0.20373984218075822,4.786290233549713,0.0007060222204694604,0.00043780530311216263,0.0002056362212486677,0.0002314910192303217,0.0007920715487016016,0.0016433695383474608,0.00218337156288986,0.003982516570113951,0.00689888339802892,0.005821178442118567,0.006454079663529453,0.008289379185659557,0.003864118618390292,hard-like,ok
4200170107,SAX J1810.8-2609,NS,4,0,59359.28194,1671.0,https://nasa-heasarc.s3.amazonaws.com/nicer/data/obs/2021_05/4200170107/xti/event_cl/ni4200170107_0mpu7_cl.evt.gz,14168687,14168687,eof,613469,613469,0,10,0,1670.894633203745,119.94921875,7.0,115562.0,28949.0,9024.0,0.25050622176840137,0.31172061211095375,0.0001425825397179791,0.00017832988142788627,0.011940793094178422,0.006159402255802746,0.0008627669731445094,0.07848185940587,0.010909433314553206,0.0008501913033761192,0.10444823270191414,0.027914850157702717,0.0017008923782487794,0.16707737775564566,-0.009672670159795402,0.0040351622823395486,-0.09834973390810675,0.20075077676005873,4.138889753642474,3.917647243993934e-05,-5.0013716222956286e-05,6.175361692811652e-05,0.0003626445643774933,0.0013870501369408004,0.0019406884259555357,0.0025137802077036834,0.006266168700559924,0.004729346173831333,0.007060589570906501,0.010025853406799002,0.003644016447323154,0.002319820362224408,hard-like,ok
4200170112,SAX J1810.8-2609,NS,5,0,59368.4967,2092.0,https://nasa-heasarc.s3.amazonaws.com/nicer/data/obs/2021_06/4200170112/xti/event_cl/ni4200170112_0mpu7_cl.evt.gz,13956055,13956055,eof,606173,606173,0,14,0,2091.9672308564186,76.50948660714286,7.0,106030.0,23903.0,7172.0,0.2254361973026502,0.3000460193281178,0.00027738180368059483,0.00019838111883734312,0.01665478320725295,0.0019213026251604889,0.0007194447563870284,0.04383266618813518,0.007242743084449755,0.0009943435781958174,0.08510430708518667,0.017138017452420957,0.0018762231661176756,0.13091225096384584,-0.0074327668977051745,0.0064479421234628605,-0.08621349602994402,0.19865328683563885,9.951780031657751,-7.27812739285106e-05,-4.017783226046041e-05,8.199606460422619e-05,0.00044598957001701275,0.00015584592776333469,0.0008250384416251305,0.0007888859213971101,0.002734064825597732,0.004449784594546753,0.005193537266506259,0.00662762939234125,0.009580996088348736,0.008692319384044033,hard-like,ok
4200170114,SAX J1810.8-2609,NS,6,0,59370.69218,3011.0,https://nasa-heasarc.s3.amazonaws.com/nicer/data/obs/2021_06/4200170114/xti/event_cl/ni4200170114_0mpu7_cl.evt.gz,16777216,27600009,target segments,737320,737320,0,13,0,1859.9546492099762,90.1610576923077,7.0,121246.0,22319.0,6463.0,0.18408029955627403,0.2895739056409337,0.00038569022081534236,0.00023132161566314475,0.019638997449344057,0.000579286698569602,0.00035259265324041834,0.024068375486717048,0.0006045280481763926,0.000672170235895112,0.024587152095685922,0.003567408426651369,0.0016043655327639907,0.059727786051814856,-0.0010948252745536615,0.005961535357317842,-0.03308814401796604,0.143877933712716,15.573276177305086,0.0001873130125760651,0.0002174242437505784,2.798984838370653e-05,-6.46003645995267e-05,2.4369821339055257e-05,0.00028685482245662924,0.00040744747339449197,-3.018193025716926e-05,0.000700201053093571,0.0008630243938433058,0.005435006958589347,0.006177641476680071,0.006468369000190579,soft-like,ok
4200170116,SAX J1810.8-2609,NS,7,0,59372.629,2489.0,https://nasa-heasarc.s3.amazonaws.com/nicer/data/obs/2021_06/4200170116/xti/event_cl/ni4200170116_0mpu7_cl.evt.gz,11491260,11491260,eof,494058,494058,0,16,0,2488.900138169527,46.107421875,7.0,74230.0,15554.0,4644.0,0.20953792267277382,0.29857271441429856,1.1171874652076975e-05,0.00027464923278023115,0.0033424354372339005,0.0027149263679308337,0.0013737325247609822,0.05210495531070758,0.007785035176526227,0.0019919409070704806,0.08823284635852018,0.020760458375635664,0.004688729332287788,0.14408489988765535,-0.0008819301267692667,0.015363169531468445,-0.029697308409505175,0.1910817611702753,6.8385351058558435,-0.0001265106343645852,-0.00016100134563363144,0.00034499122523114017,-0.00032236629592581265,0.0008457790830857109,0.0008879638858845639,0.0011670472262303498,0.0024812595235557244,0.0052674601166810935,0.004942969521869175,0.011864413652219758,0.011395050263357612,-0.002074816770256967,hard-like,ok
3050560102,SLX 1732-304,NS,0,0,58953.34699,4384.0,https://nasa-heasarc.s3.amazonaws.com/nicer/data/obs/2020_04/3050560102/xti/event_cl/ni3050560102_0mpu7_cl.evt.gz,7001870,7001870,eof,283470,283470,0,32,0,4383.793182700872,40.175537109375,7.0,120874.0,33478.0,10207.0,0.27696609692737895,0.30488679132564667,0.004032927767592121,0.0005105853820202753,0.06350533652845343,0.016405927908597927,0.001162776919747151,0.12808562725223283,0.012607196259852703,0.0015239869067548751,0.11228177171675152,0.03776540481554049,0.0029938416898780836,0.1943332313721472,-0.008974369319593726,0.00815843699821295,-0.09473314794512915,0.2397575254322216,2.102826492316628,0.0004061336557863405,0.0008158366021632244,0.0013023176759965557,0.0027760119066531654,0.004575639132989734,0.005466456325372363,0.0054908965014745514,0.006188601098097924,0.006430292693295233,0.005921701309458086,0.0075343138894193515,0.005350051434993748,0.005225418775682106,hard-like,ok
3050560106,SLX 1732-304,NS,1,0,58958.06296,2036.0,https://nasa-heasarc.s3.amazonaws.com/nicer/data/obs/2020_04/3050560106/xti/event_cl/ni3050560106_0mpu7_cl.evt.gz,2553255,2553255,eof,103052,103052,0,14,0,2035.9385491907597,31.125,7.0,41396.0,11022.0,3358.0,0.2662576094308629,0.3046634004717837,0.0075452993001534855,0.0013526846946127775,0.08686368228525364,0.021897951741931,0.0019305680917530495,0.14797956528497777,0.014328313356956118,0.0029406304659086386,0.11970093298281395,0.04500122284058221,0.003281415693262145,0.212134916599277,-0.00022278699958887374,0.01238148394270866,-0.01492605103799641,0.265405377982548,1.5175917038235227,0.0005309203352328002,0.0015738588726646923,0.002974666741089911,0.004833514173826599,0.0065583038294273754,0.0065124685276409565,0.00685828487670725,0.007084944676031058,0.00737552270165276,0.009039033527471874,0.002956860700135139,0.010937585835166293,0.003204049865012471,hard-like,ok
3050560108,SLX 1732-304,NS,2,0,58961.03037,6093.0,https://nasa-heasarc.s3.amazonaws.com/nicer/data/obs/2020_04/3050560108/xti/event_cl/ni3050560108_0mpu7_cl.evt.gz,7613898,7613898,eof,309154,309154,0,40,0,6091.980894416571,30.5501953125,7.0,116262.0,30797.0,9358.0,0.2648930863050696,0.3038607656589928,0.004078121524051866,0.0005881744873212131,0.06386017165692452,0.016561069242436808,0.0011623148094596334,0.1286898179439104,0.014800362159030803,0.0018410985340317398,0.12165673906130643,0.039932648839236584,0.003271193773311115,0.1998315511605627,0.004110763920333405,0.012376024489240555,0.06411523937671453,0.23835717117279123,1.7489598257493564,0.0005212836316806134,0.0005716301673489406,0.0014906994332450371,0.0029938263123681723,0.005523116491146349,0.005254296710941599,0.004637781874412947,0.007425673538770894,0.007542528397285535,0.006419533282374584,0.008349387185905418,0.00767349159177045,-0.0015891075677552438,hard-like,ok
6050560102,SLX 1732-304,NS,3,0,60025.10463,11673.0,https://nasa-heasarc.s3.amazonaws.com/nicer/data/obs/2023_03/6050560102/xti/event_cl/ni6050560102_0mpu7_cl.evt.gz,16777216,64804824,target segments,714880,714880,0,22,0,3099.5123527646065,129.3877840909091,7.0,271638.0,71295.0,21423.0,0.2624632783336647,0.30048390490216703,0.00039285548969059087,0.000144016523214588,0.019820582476067418,-0.0002257132522752287,0.00019424748081394688,-0.015023756263838572,6.617042913127172e-05,0.0006396278922547796,0.008134520829850504,0.0005041588136052852,0.0009277394515969607,0.0224534811021651,0.0010487654178861032,0.004205879260585925,0.032384647873430754,0.08008366201154582,13.116792968442866,0.0003326019354593795,0.0002490321262761027,6.6419035115056e-05,9.70946327862477e-05,-0.00014490836961145737,0.00013175025759504865,-0.00019933690367912048,-0.00022682451281373452,0.00026008640087849135,-3.383011428263696e-05,-4.011419659123488e-05,0.002379735381406055,0.0035416872486413093,soft-like,ok
6050560104,SLX 1732-304,NS,4,0,60027.04815,1216.0,https://nasa-heasarc.s3.amazonaws.com/nicer/data/obs/2023_03/6050560104/xti/event_cl/ni6050560104_0mpu7_cl.evt.gz,6133812,6133812,eof,257858,257858,0,8,0,1215.9673819541931,113.107421875,7.0,84992.0,22096.0,8734.0,0.2599774096385542,0.39527516292541637,5.276984747154701e-05,0.00013620994593935715,0.0072642857509563185,-0.0012921278120856868,0.00041185425699240253,-0.03594617938092568,0.0004764782136288648,0.0011669580717970417,0.021828380920921844,-0.0008402530613673135,0.0018451701133034705,-0.028987118886969664,0.002692974080428323,0.0071702845085987585,0.051893873245579994,0.08602045297983335,22.325225392475424,-2.7015879895733285e-05,5.02550630536714e-05,7.471045732261724e-05,-0.0001837869539643456,-8.234676502451215e-05,-2.4471950164463036e-05,-0.001031634849031689,0.0001662298069246569,0.0002681654398987893,0.0007615372680504049,-0.003084056611701332,0.006574021850725428,0.003937911454662227,soft-like,ok
6050560106,SLX 1732-304,NS,5,0,60030.28287,1089.0,https://nasa-heasarc.s3.amazonaws.com/nicer/data/obs/2023_03/6050560106/xti/event_cl/ni6050560106_0mpu7_cl.evt.gz,7782850,7782850,eof,328278,328278,0,8,0,1088.9864127635956,174.3251953125,7.0,130754.0,35810.0,11945.0,0.27387307462869204,0.3335660430047473,1.1670325502299436e-05,7.044635972048964e-05,0.0034161858120277115,-0.0008899188552890198,0.0004416601401452123,-0.029831507760906418,-0.0009905056508175615,0.0007682145562106661,-0.031472299738302595,-0.0004726592813399308,0.0015520619931256971,-0.02174072862946251,-2.19701576509867e-05,0.004127510949651128,-0.004687233475194797,0.056108917466475734,14.792559692695423,0.00010622463530630228,0.00014838888344862616,1.5397320116813912e-06,-0.000193174912708716,2.7958827922408683e-05,-0.00048426851952312216,-0.0003699656344890852,-0.0006371818753771674,-0.0003620506818889069,0.0012146189094426663,0.00022286253307189063,0.0011447135373059384,0.0023285451847372693,soft-like,ok
8050560104,SLX 1732-304,NS,6,0,60822.39862,1692.0,https://nasa-heasarc.s3.amazonaws.com/nicer/data/obs/2025_05/8050560104/xti/event_cl/ni8050560104_0mpu7_cl.evt.gz,2130533,2130533,eof,86890,86890,0,11,0,1691.6844174265862,29.17684659090909,7.0,29914.0,8279.0,2888.0,0.2767600454636625,0.3488344002898901,0.001530589870036763,0.0007435242061063044,0.03912275386570791,0.007756068331080235,0.001314840414593314,0.08806854336867526,0.0014651513105446092,0.004961980956800364,0.038277294974235175,0.01806946669479173,0.00654933901125832,0.1344227164388212,-0.0009104931203181998,0.019402881149090768,-0.030174378540712313,0.0,,0.00024328233353616645,0.0003143974220024486,0.0005094104819550791,0.00048224334842525364,0.002171614425832311,0.00307578220652666,0.0030011882559124394,-0.0003984403756595493,0.001595613746666965,0.006927753536839064,-0.0020904495454871063,-0.008139831167440976,-0.011723920997436662,hard-like,ok
8050560106,SLX 1732-304,NS,7,0,60828.0787,5836.0,https://nasa-heasarc.s3.amazonaws.com/nicer/data/obs/2025_06/8050560106/xti/event_cl/ni8050560106_0mpu7_cl.evt.gz,16777216,68501033,target segments,717589,717589,1,27,0,5228.038595318794,25.06741898148148,5.962962962962963,51243.0,17893.0,17497.0,0.3491794001131862,0.9778684401721344,0.36247066374354064,0.13875896240994978,0.6020553660117487,0.19239012080968185,0.0665807741618373,0.4386229825370324,0.08540673603431882,0.027551544287078417,0.2922443088142502,0.29557096639250646,0.10273102973769,0.5436643876441665,-0.014552936831172794,0.00645914506346489,-0.12063555376079141,0.8505291630392052,0.11920001976041042,0.05720133978435658,0.14217382066233128,0.13197159128586503,0.10434714936127601,0.05136416136474966,0.06348353170054816,0.06102198510085479,0.06477889083112316,0.021126390280793193,0.013171063807120674,0.010003466706786049,0.003125316748045628,-0.00036885045367930733,hard-like,ok
0050320109,Ser X-1,NS,0,0,57930.99934,3468.0,https://nasa-heasarc.s3.amazonaws.com/nicer/data/obs/2017_06/0050320109/xti/event_cl/ni0050320109_0mpu7_cl.evt.gz,50331648,114895859,target segments,2214709,2214709,0,9,0,1494.2553058564663,620.46875,7.0,537983.0,137213.0,39584.0,0.25505081015571124,0.288485784874611,0.00033609112971887,0.00010200595223037164,0.018332788378172864,8.22912906599115e-06,7.888964240826365e-05,0.0028686458592846816,-0.0001974030338564747,0.00016564563957697267,-0.014050018998438212,1.7988468570626725e-05,0.00025991260412132014,0.0042412814774106565,3.955406957168251e-06,0.001270205882312096,0.0019888204939532,0.04899352153045455,,0.0005277246094570559,0.00027120470110694826,3.6637424063923525e-05,1.278638864810421e-05,9.479046394200281e-05,1.7282327018041188e-05,-9.248612949754032e-05,0.00013748418366642913,-0.00033078213401952243,0.00010274912331217608,0.0003654930232764465,0.000247019904386645,0.001010461266594403,soft-like,ok
1050320103,Ser X-1,NS,1,0,57962.57847,1411.0,https://nasa-heasarc.s3.amazonaws.com/nicer/data/obs/2017_07/1050320103/xti/event_cl/ni1050320103_0mpu7_cl.evt.gz,33554432,44843860,target segments,1476041,1476041,0,7,0,1026.509448736906,600.2388392857143,7.0,412544.0,99403.0,25867.0,0.24095126822835866,0.2602235345009708,0.00026281714205497953,8.884552727770625e-05,0.01621163600797216,-1.5064965203000106e-06,0.00011188315358937666,-0.0012273941992285977,-9.747623669018993e-06,0.00016956435230309626,-0.0031221184585180288,0.0003640011636885179,0.00027953481106269694,0.01907881452524024,-0.0015083750107925623,0.001860448963478704,-0.03883780388735391,0.042514999508859015,,0.00011797689326170862,0.00011932742487064743,8.121216424250243e-05,6.391929680106445e-05,-4.3535481292001833e-05,-2.6333224775860587e-05,7.286556250743951e-05,-1.6374455271928683e-05,4.817347837977163e-07,0.00028031843634954005,0.00033497899541285305,0.0004855895233691884,0.0003370983129793317,soft-like,ok
1050320111,Ser X-1,NS,2,0,57980.07956,2022.0,https://nasa-heasarc.s3.amazonaws.com/nicer/data/obs/2017_08/1050320111/xti/event_cl/ni1050320111_0mpu7_cl.evt.gz,33554432,73557987,target segments,1471856,1471856,0,7,0,947.2975612729788,641.4308035714286,7.0,437999.0,108005.0,28718.0,0.24658732097561867,0.26589509744919215,0.00027690263861214096,4.302647053993227e-05,0.01664039178060844,9.731583001960402e-05,0.00012249643074757594,0.009864878611498675,-0.00026673665933170463,0.00022138089416065402,-0.01633207455688666,-0.00025484556719814746,0.000191110399673805,-0.015963883211742295,-0.0007075167209896404,0.001039421852331448,-0.026599186472327317,0.051528963195673815,8.475205452772498,0.00010277602723481009,8.900064839383155e-05,0.00010181464513308129,0.00010819735059181207,-4.284700686119508e-05,7.437141925054343e-05,4.298797454158675e-05,-0.00017960752643839852,-8.643569531122111e-05,-6.359662251384194e-05,0.0009606440460569927,0.0004131915632034412,0.0011347372247396646,soft-like,ok
1050320113,Ser X-1,NS,3,0,58082.99152,8725.24345859885,https://nasa-heasarc.s3.amazonaws.com/nicer/data/obs/2017_11/1050320113/xti/event_cl/ni1050320113_0mpu7_cl.evt.gz,50331648,500000303,target segments,2911149,2911149,0,7,0,1153.9380020201206,428.109375,7.0,290408.0,73089.0,20089.0,0.2516769510481805,0.2748566815799915,0.0007708047223091589,0.0003766601195580455,0.02776337015402055,3.0388652030476067e-05,0.00016363258313475707,0.005512590319484667,0.0013763971493068233,0.0003653274773192192,0.03709982680966076,0.008062372125257036,0.0019848360264956696,0.08979071291206589,0.02750065846389343,0.0051264288134626156,0.16583322484922444,0.6204188871864954,24.761757083393682,0.001201479153961793,0.0005794838365206779,0.00012930525044390793,9.72733617668843e-05,-2.7483577124084966e-05,-1.8414282687764378e-05,-5.716196309644408e-05,0.00041763541641332485,0.001056952481409957,0.003405302685156622,0.028374294614772567,0.23871255250968207,0.11104837609050974,intermediate,ok
1050320116,Ser X-1,NS,4,0,58168.02024,4231.0,https://nasa-heasarc.s3.amazonaws.com/nicer/data/obs/2018_02/1050320116/xti/event_cl/ni1050320116_0mpu7_cl.evt.gz,33554432,150125462,target segments,1556881,1556881,1,5,1,935.9616581201553,554.11875,7.0,272141.0,65094.0,17401.0,0.23919218346371918,0.2673211048637355,0.00016736859543668478,7.49827938638948e-05,0.012937101508324219,8.65732246236504e-05,9.661810600184259e-05,0.009304473366271215,-3.716570408419461e-05,0.0002972381539595998,-0.006096368106027933,0.00010517048719235735,0.0005548923460781138,0.010255266315038208,0.0010532058216874138,0.0006862865325540427,0.03245313269450908,0.04624030055369006,,1.443794568641843e-05,5.124742431306118e-05,8.732993040586337e-05,7.005752598144373e-05,-5.265188786852224e-06,4.9727562689306404e-05,1.0640867736389937e-05,-0.00011617690259086456,6.921489622779256e-05,-0.00026748128587530506,0.00012913203703632259,-0.00010549470105673857,0.002150795283528751,soft-like,ok
1050320118,Ser X-1,NS,5,0,58223.03449,1076.0,https://nasa-heasarc.s3.amazonaws.com/nicer/data/obs/2018_04/1050320118/xti/event_cl/ni1050320118_0mpu7_cl.evt.gz,39576415,39576415,eof,1753200,1753200,0,6,0,1075.9941442608833,691.1510416666666,7.0,397852.0,102284.0,30668.0,0.25709057639524246,0.29983184075710767,0.00039469915831538444,0.0001612196635586264,0.019867036978759172,0.00010099291598555929,8.462323757509227e-05,0.010049523172049473,-0.0003129570978631647,0.00014828042136943764,-0.017690593485328997,-7.302360724013655e-05,0.0005487708067118558,-0.008545385142878965,0.0013752228448199917,0.0014919721148053421,0.03708399715268018,0.04029387955550726,,0.0005194862785872851,0.0002918933549317312,7.433976144297498e-05,2.2582499674446196e-05,8.103390479311372e-05,2.4355234623982975e-05,-1.1806370011257277e-06,-3.0130591409020953e-05,-0.0002801585506183236,0.00011307599561614969,-0.00010469722667378147,0.00034418248895736186,0.0005688142167089321,soft-like,ok
6648010101,Ser X-1,NS,6,0,60097.90046,3330.0,https://nasa-heasarc.s3.amazonaws.com/nicer/data/obs/2023_06/6648010101/xti/event_cl/ni6648010101_0mpu7_cl.evt.gz,33554432,92651261,target segments,1500141,1500141,0,9,0,1215.5448913574219,468.5078125,7.0,424326.0,92319.0,23076.0,0.2175662108850271,0.24995937997595294,0.00010664541465993063,4.154054612583602e-05,0.010326926680282504,-0.0001555910653486117,0.00016566876120303404,-0.012473614766723064,-4.0317134457414265e-05,0.00017473243487698778,-0.006349577502276373,-0.0002672678081350977,0.0003896011309194494,-0.016348327380349883,0.003113585154527388,0.002000186834661214,0.05579950855094862,0.02713833073455931,,0.00011786320989432652,2.804813630039068e-05,1.105066122757934e-05,5.368074981752433e-05,-0.00012210649829853416,-6.879366701755041e-05,2.223431748313384e-05,2.9692853493479206e-05,-4.3069338152118195e-05,-0.00021899203433365047,-0.0003027811981997876,0.0002036667792349118,0.0010259950236086216,soft-like,ok
7700020102,Ser X-1,NS,7,0,60415.03247,4519.0,https://nasa-heasarc.s3.amazonaws.com/nicer/data/obs/2024_04/7700020102/xti/event_cl/ni7700020102_0mpu7_cl.evt.gz,33554432,147339590,target segments,1497934,1497934,0,6,0,1036.5952968001366,593.8763020833334,7.0,343932.0,87903.0,24262.0,0.25558249886605494,0.2760087824078814,0.00022390146635610338,0.0001274311716793325,0.014963337407012627,0.00013277812576908857,0.0001811343167660481,0.011522939111576029,7.465564039929525e-05,0.0001895640115880344,0.008640349553073374,0.0002256588826771083,0.0003748982260139353,0.015021946700647966,-9.372517605471492e-05,0.0018095302572566454,-0.00968117637762658,0.007654742632980141,,3.130220390728662e-05,0.00016926465769515314,4.034394384211385e-05,1.620423592604283e-05,3.979011835989679e-06,7.998688186721196e-05,5.966228338269435e-05,0.0001720652215322847,-0.00011017100355700349,1.5309165449741122e-05,-2.6601098917101254e-05,0.0002824125685584731,-0.0006751629867457229,soft-like,ok
4658010104,Swift J1749.4-2807,NS,0,0,59277.01006,11637.0,https://nasa-heasarc.s3.amazonaws.com/nicer/data/obs/2021_03/4658010104/xti/event_cl/ni4658010104_0mpu7_cl.evt.gz,14792913,14792913,eof,609134,609134,1,75,4,11636.206225842237,33.24854166666667,7.0,230233.0,69067.0,19886.0,0.2999874040645781,0.28792332083339367,0.02034679351785728,0.017059848863908638,0.14264218702003023,0.0032424105847340206,0.002814062597918181,0.056942168774415505,0.0005688860142466669,0.0011039321644914484,0.023851331498402073,0.007073879961121653,0.002064046500352036,0.08410636100273065,-0.0006898048081183534,0.007327106640201243,-0.026264135396360442,0.28403794600592397,0.04143726678174285,0.04743941058551969,0.013243751479971855,0.004947858498890352,0.0030564060241675337,0.001618380898851668,0.0002872164273756406,0.00046856452348441736,0.0005779129593106245,-4.200069521413741e-05,0.002442235448203223,0.0035358004108121503,-0.0012187391019792709,0.004320757311870423,intermediate,ok
4658010105,Swift J1749.4-2807,NS,1,0,59278.04248,16957.0,https://nasa-heasarc.s3.amazonaws.com/nicer/data/obs/2021_03/4658010105/xti/event_cl/ni4658010105_0mpu7_cl.evt.gz,16777216,18775239,target segments,677352,677352,0,91,0,15102.639619708061,30.73480425824176,7.0,258445.0,77236.0,22318.0,0.29884888467565635,0.2889585167538454,0.0512148405453042,0.038957265825258575,0.22630696088566124,0.0008401147689119808,0.0007099819381142239,0.02898473337658949,0.002292323539756096,0.0009191234143505561,0.04787821571190906,0.001883335162248877,0.002517805999723725,0.043397409626023495,0.009689408618246735,0.010974371506351817,0.09843479373802098,0.3860193278309876,0.018788473310113026,0.09286143321465076,0.036271365478872095,0.0137840748276909,0.0014989396358865926,0.0006325301812852806,0.0002991917214094223,-0.0003846688004413481,0.001111779379878949,0.0011340664293903906,-0.00044814330494554724,3.334905619773108e-05,0.00137588552632805,0.0008411181128841845,soft-like,ok
3200400112,Swift J1858.6-0814,NS,3,1,58920.01647,2735.0,https://nasa-heasarc.s3.amazonaws.com/nicer/data/obs/2020_03/3200400112/xti/event_cl/ni3200400112_0mpu7_cl.evt.gz,12338144,12338144,eof,523549,523549,0,13,0,2733.853965431452,65.52163461538461,7.0,81053.0,21072.0,6903.0,0.2599780390608614,0.32759111617312076,0.00213957421953386,0.00186505668364291,0.046255531772252494,-0.00010568637910689532,0.0008229333413382779,-0.010280388081531519,0.00010096414204328817,0.0011251949915232506,0.010048091462725057,-0.0018539774595409768,0.0020116380691876773,-0.0430578385377271,-0.0003734043835290618,0.009572939069477817,-0.01932367417260656,0.12512169761795186,5.198529828723886,0.0024627846618953527,0.0013764756762974885,0.0003910536689886981,0.0004307899082506206,-0.0001843900498323079,0.00012213054009953793,-7.987006789836222e-05,0.0008619193359318028,-0.0007832570293672254,-0.0012516968899800355,-0.0015068693705148155,0.0031100511640628535,0.010706317666864572,soft-like,ok
3200400116,Swift J1858.6-0814,NS,4,0,58924.01799,2102.0,https://nasa-heasarc.s3.amazonaws.com/nicer/data/obs/2020_03/3200400116/xti/event_cl/ni3200400116_0mpu7_cl.evt.gz,5968796,5968796,eof,253839,253839,0,10,0,2080.84940841794,42.2171875,6.8,41017.0,10029.0,3274.0,0.24450837457639515,0.3264532854721308,0.00034906214278168055,0.0005008279295281826,0.01868320483165778,-0.0011101216460154366,0.0015197002871161426,-0.03331848805116217,-0.002974399951237846,0.0020796095240040767,-0.05453805965780086,-0.005825797098424406,0.0019728083718811144,-0.07632690939913922,0.012734505700896478,0.018108101474066624,0.11284726713968965,0.0,,0.0013320456854743693,-0.00015533554296890404,0.0002808061760076128,0.00021271847873745547,-9.402449679994525e-05,0.000175378526283525,-0.0010482285759598495,-0.002891340013753128,-0.00021543400601836888,-0.0009905554272841217,-0.002685660269219481,-0.0016256931736164338,0.0021088613721068467,soft-like,ok
7204180115,Swift J1922.7-1716,NS,4,0,60407.67824,1398.0,https://nasa-heasarc.s3.amazonaws.com/nicer/data/obs/2024_04/7204180115/xti/event_cl/ni7204180115_0mpu7_cl.evt.gz,50331648,56344798,target segments,2171762,2171762,0,7,0,992.4299411177635,1197.8604910714287,7.0,206212.0,231268.0,635803.0,1.1215060229278606,2.749204386253178,0.07942873081541968,0.026275015368099203,0.28183103238539875,0.019883404013801707,0.0038900803394463107,0.1410085246139456,0.004725290555922789,0.0012648129313538377,0.06874074887519621,0.025155382858537433,0.00526812194949455,0.15860448561922022,2.4247295104238636e-05,9.313018034341679e-05,0.004924154252685291,0.4329808497211608,0.027598552961159293,0.08246274638840954,0.05697707762243708,0.012323817273127,0.01378529839268882,0.005893217549310885,0.005418530300732339,0.004819028604030084,0.003335527216963796,0.0014849284258541717,0.0003648759877142172,0.000465916368855553,0.00017391444933480081,-3.2462354199855706e-05,hard-like,ok
1050350150,XB 2129+47,NS,3,0,58433.99236,5753.0,https://nasa-heasarc.s3.amazonaws.com/nicer/data/obs/2018_11/1050350150/xti/event_cl/ni1050350150_0mpu7_cl.evt.gz,4533781,4533781,eof,185537,185537,0,13,0,4417.71321362257,49.16947115384615,7.0,19707.0,18755.0,43356.0,0.9516922920789567,2.3117035457211412,0.04730510701538092,0.02028745870553743,0.21749737243328002,0.00977599454843057,0.004379301219238624,0.09887362918610083,0.00212713838113573,0.0011778569120862378,0.04612091045432354,0.014393353825789067,0.0037060837593059738,0.119972304411431,0.008021758894713153,0.005156554054359984,0.08956427242328915,0.41620406642073415,0.0317519696389329,0.10216125077071453,0.029398552157617414,0.010348830050180178,0.008619034703280383,0.003028853106900974,0.003467886896828963,0.0021789424363859986,0.001165105149045054,0.001001035444708252,0.002714109325098317,0.0001954742955663856,0.004567389772101468,0.00437936079672698,hard-like,ok
3050550102,XMMU J181227.8-181234,NS,0,0,58934.21777,1639.0,https://nasa-heasarc.s3.amazonaws.com/nicer/data/obs/2020_03/3050550102/xti/event_cl/ni3050550102_0mpu7_cl.evt.gz,2879483,2879483,eof,115370,115370,0,12,0,1638.969827145338,68.21940104166667,7.0,43933.0,44357.0,16495.0,1.0096510595679784,0.3718691525576572,-0.00017068032551882464,0.00017883975266918262,-0.013064468053419728,-0.00010855301223009525,0.0008442646433682616,-0.010418877685724852,-0.0013049816981432008,0.001481020944631647,-0.036124530421075385,-0.0030764881685088155,0.0029547515650733356,-0.055466099272517944,-0.006305925588982625,0.004928832361097666,-0.07940985826068843,0.015790339857320486,,4.810601344416328e-05,-9.511365856864232e-05,-3.517777276573721e-05,-4.0043330564809205e-05,0.00013065478718241247,0.00022792922535752776,-0.0004398475539231404,-2.2875226029460807e-05,-0.0013097415065802713,-0.0017560912634581327,0.0018892085559485904,0.0002550107353959564,0.001397315827371228,soft-like,ok
3050550105,XMMU J181227.8-181234,NS,1,0,58937.13611,2726.0,https://nasa-heasarc.s3.amazonaws.com/nicer/data/obs/2020_03/3050550105/xti/event_cl/ni3050550105_0mpu7_cl.evt.gz,6022295,6022295,eof,241147,241147,0,14,0,2725.1350698769093,86.39229910714286,7.0,64526.0,65664.0,24625.0,1.0176363016458483,0.3750152290448343,0.00022627265618095378,0.00017118627202138972,0.015042362054576196,-0.00013778393133804495,0.0007405475110536134,-0.011738140028899167,0.001170930353123971,0.0009750139406137287,0.03421885961168155,-0.00018511503336355144,0.002448286270914017,-0.013605698562130187,-0.001992083869923599,0.005062525498099606,-0.044632766774238844,0.06330476390748171,6.662212510627135,0.00013925774117416146,0.00010237180501546531,4.9835891623964825e-05,0.00011201858234489474,8.023011249078501e-06,0.00011801616859623387,-0.0003195994052298217,0.00014467691225297926,0.0010440761121140844,-0.00016561390550026757,0.0011306090314210603,6.292119057616183e-05,0.001580899997744004,soft-like,ok
3050550109,XMMU J181227.8-181234,NS,2,0,58941.01782,4825.0,https://nasa-heasarc.s3.amazonaws.com/nicer/data/obs/2020_04/3050550109/xti/event_cl/ni3050550109_0mpu7_cl.evt.gz,11457950,11457950,eof,460918,460918,0,27,0,4822.720667123795,92.81857638888889,7.0,135633.0,134921.0,50227.0,0.9947505400603098,0.37226969856434505,0.0003739582248341296,0.00015909193394531972,0.019337999504450545,-0.000785176714685763,0.0003627713389389149,-0.028021004883582654,0.00022471144008295166,0.0005419334371501752,0.014990378250162724,0.0006215302996457333,0.0012748386566578478,0.024930509414084045,0.0017715028280769496,0.004333885313144551,0.042089224607694424,0.05440570422304487,14.434167262931519,0.00021615416432236336,0.000192946514836168,8.638402277856933e-05,7.522215826428925e-05,-0.00032458115132709094,-5.879285080197018e-05,-0.00031203016491539317,8.540474286960207e-05,6.893967852714366e-05,0.000601178165814359,-0.0005817819394058032,-0.0010785575652629293,0.003989494876306135,soft-like,ok
3050550110,XMMU J181227.8-181234,NS,3,0,58942.16204,4056.0,https://nasa-heasarc.s3.amazonaws.com/nicer/data/obs/2020_04/3050550110/xti/event_cl/ni3050550110_0mpu7_cl.evt.gz,9342177,9342177,eof,371318,371318,0,23,0,4054.1954349279404,82.9836956521739,7.0,108193.0,101014.0,35097.0,0.9336463542003641,0.347446888550102,0.00035910284473460305,0.00012028139781015355,0.018950009095897634,-0.00013106975147289876,0.00043732474459574574,-0.01144856984399793,0.0005237455993679384,0.000792800865049138,0.02288548883829966,0.0015972045517102197,0.00183811042493535,0.03996504162027383,-0.0031110131334263886,0.005038078906767362,-0.05577645680236769,0.08632388206583211,10.443501828903775,5.459047681466516e-05,0.00011328350886634634,0.00015403782490101286,9.775239411733874e-05,1.8184929844859337e-05,-0.00016761076227512716,1.157885833521808e-05,0.00027107567172085013,0.0002534762671191445,-0.00030541386910422065,0.004866209275592832,0.00012671791648105442,0.001957930122501716,soft-like,ok
3050550112,XMMU J181227.8-181234,NS,4,0,58953.40856,2604.0,https://nasa-heasarc.s3.amazonaws.com/nicer/data/obs/2020_04/3050550112/xti/event_cl/ni3050550112_0mpu7_cl.evt.gz,5240400,5240400,eof,210294,210294,0,18,0,2603.616945385933,78.37413194444444,7.0,75644.0,75576.0,29354.0,0.9991010522976046,0.3884037260505981,0.00031017988297497417,0.0003515909649514982,0.017611924454044598,0.0005537023327263283,0.00046004457516822604,0.02353088040695308,-0.0003256427164182109,0.000818264744803562,-0.018045573319188584,-0.002383371104922811,0.0019446246195984715,-0.04881978190163093,0.01185444762332464,0.007909200236366877,0.10887813197940457,0.0,,0.00014377980188435793,0.00010369433602238388,8.703783576828508e-05,0.0001254817335604489,0.00035466775789437885,-0.00031862291199970727,0.00048031746744252226,0.0004334427082607035,-0.0007277794276659238,-0.0011581226695548546,-0.002403616605785074,-0.0022125054304407477,0.005000233451555081,soft-like,ok
3050550113,XMMU J181227.8-181234,NS,5,0,58957.46606,1015.0,https://nasa-heasarc.s3.amazonaws.com/nicer/data/obs/2020_04/3050550113/xti/event_cl/ni3050550113_0mpu7_cl.evt.gz,2062807,2062807,eof,83021,83021,0,5,0,1013.9843765795231,78.7890625,7.0,20399.0,21163.0,8863.0,1.0374528163145251,0.418796956953173,0.00032674444755190034,0.0002533617261142757,0.01807607389761118,0.000758867306661436,0.0009233297818358215,0.02754754629112067,0.002209825792867943,0.0016894834101484101,0.047008784209634086,0.004315937529457789,0.0016998350327815303,0.0656957953712244,0.009311185484077384,0.014487988659000944,0.09649448421582128,0.06382382986814612,4.828380002791224,0.00043644779424684046,0.0003102218330681191,-0.00014727229598009029,0.00027937736366842066,0.0003060826139476159,-3.876787509844226e-05,0.00038553372640695983,0.0017054898380056158,0.0004947723430630792,0.0014414865451378616,0.004118581345824251,0.0037671312289002845,-0.008985603202152454,soft-like,ok
3050550116,XMMU J181227.8-181234,NS,6,0,58970.51068,1032.0,https://nasa-heasarc.s3.amazonaws.com/nicer/data/obs/2020_05/3050550116/xti/event_cl/ni3050550116_0mpu7_cl.evt.gz,1317170,1317170,eof,52477,52477,0,7,0,1031.8989296853542,49.033482142857146,7.0,19033.0,18187.0,6714.0,0.9555508853044712,0.3691647880354099,3.469727507255859e-05,0.0004972260361102279,0.005890439293682484,-0.00139227647177887,0.000815034838823613,-0.03731322113914678,0.001439166442651818,0.002529457065604334,0.037936347249726325,-0.005041750060415737,0.0058136556117944485,-0.07100528191913427,-0.039682037942558784,0.014491639052626775,-0.19920350886106095,0.06997721557150177,19.40578128841397,0.0001755066551010167,-0.00011127943634063855,0.00014933020201123566,-1.7618443944167645e-05,-0.0008855747129723298,0.00010811339088772022,-0.000633019977074388,0.00115643580115025,0.0003152004222278248,-0.004606679835937995,0.0009627367433169474,0.00029724821398478395,0.007986411676730169,soft-like,ok
2050090101,XTE J1701-407,NS,0,0,58571.62292,1538.0,https://nasa-heasarc.s3.amazonaws.com/nicer/data/obs/2019_03/2050090101/xti/event_cl/ni2050090101_0mpu7_cl.evt.gz,1417957,1417957,eof,56838,56838,0,10,0,1537.7829394936562,29.128125,7.0,26137.0,8700.0,2447.0,0.33286146076443357,0.28126436781609193,0.000409031554608657,0.00040469958072774823,0.020224528538600274,0.004826192535143032,0.002401130672035197,0.06947080347270379,0.001151306838163253,0.0036005170966281106,0.03393091272222504,0.0016494292202463563,0.006615993614672281,0.04061316560238017,0.04256021912561178,0.022572274478429123,0.20630128241388074,0.12968882253921635,5.8106193661778285,0.00014066382728024598,-6.311771099325594e-05,0.0007736880131310523,-0.0007009291943714196,-0.0002757041358345262,0.003062289986525586,0.002353748193674455,0.0011207381445235297,0.00011581763125952201,-0.005202959139606535,0.0038049715473123945,0.009633123193100227,0.002056860335607075,soft-like,ok
3050090101,XTE J1701-407,NS,1,0,58934.53957,2080.0,https://nasa-heasarc.s3.amazonaws.com/nicer/data/obs/2020_03/3050090101/xti/event_cl/ni3050090101_0mpu7_cl.evt.gz,3158837,3158837,eof,127483,127483,0,15,0,2079.888034284115,49.50208333333333,7.0,59661.0,26225.0,9158.0,0.4395668862405927,0.349208770257388,0.0006157192491769317,0.00031039051764263255,0.024813690760887058,-0.0008779365662237321,0.0004988811613507841,-0.02962999436759535,0.0010004489511759138,0.0016802462965084012,0.031629874346508456,0.0006728314077117383,0.003901393255136319,0.025938993961056745,-0.0049808671860313335,0.012300637735024315,-0.07057525902206334,0.0,,9.597467174583052e-05,0.0005091230093390925,8.2438223703514e-06,-0.00011215058087372198,-0.0003272099502890542,-0.00035882820912691056,-1.4505193341077754e-05,7.440795616679401e-05,0.00095915077988364,0.002022178205074757,-0.0013619718926428832,0.0019233135502866056,-0.00595567338746458,soft-like,ok
3050090102,XTE J1701-407,NS,2,0,58936.02455,1124.0,https://nasa-heasarc.s3.amazonaws.com/nicer/data/obs/2020_03/3050090102/xti/event_cl/ni3050090102_0mpu7_cl.evt.gz,1664416,1664416,eof,66880,66880,0,8,0,1123.891544163227,48.0859375,7.0,30142.0,13969.0,5129.0,0.46343971866498573,0.3671701625026845,0.0009526188855556921,0.00044080641632249457,0.030864524709700164,-0.001126031680502036,0.001302258291199799,-0.03355639552308972,0.003263351820421424,0.002873476246384297,0.05712575444071986,0.0027032136598806153,0.006122045003866086,0.05199243848753985,-0.009729492788465752,0.011834683786237617,-0.09863819132803354,0.0,,2.458771451189012e-05,0.0005340635397646832,0.00010724598502196515,0.0004197927255347797,0.00039147709457227947,-0.0001740485365925136,-0.001616437037210486,0.0006730508431472546,0.0027547944112371187,0.0014388373034049432,-0.0066848084073297745,-0.009023444637514368,-0.002153943834727456,soft-like,ok
3050090103,XTE J1701-407,NS,3,0,58936.99286,2281.0,https://nasa-heasarc.s3.amazonaws.com/nicer/data/obs/2020_03/3050090103/xti/event_cl/ni3050090103_0mpu7_cl.evt.gz,2936637,2936637,eof,118282,118282,0,16,0,2280.9568432569504,41.24462890625,7.0,54723.0,22395.0,7351.0,0.40924291431390825,0.3282429113641438,0.0006295634349778263,0.0004398588772699396,0.025091102705497546,6.739111790532983e-05,0.0008829309360370464,0.008209209334968248,0.0038493513219215432,0.0021651162314250964,0.06204314081283718,0.005118093836463998,0.004268395052175766,0.07154085431740383,0.0025492350425263912,0.01395016332006483,0.05048994991606143,0.11107499024271747,6.514531986611806,-0.00010091142095975692,4.6803086111032495e-05,1.0840110847884978e-05,0.0006319044719714013,-0.00010078750751918677,-0.0008985838551177176,0.0009822401586268472,-0.001173536994110105,0.0050474264039945425,0.0027422262694381592,-0.0014741546759478666,0.004360659346199854,0.002263528063884691,soft-like,ok
3050090104,XTE J1701-407,NS,4,0,58938.09032,1967.0,https://nasa-heasarc.s3.amazonaws.com/nicer/data/obs/2020_03/3050090104/xti/event_cl/ni3050090104_0mpu7_cl.evt.gz,2077479,2077479,eof,83434,83434,0,15,0,1966.9109481573105,33.200520833333336,7.0,42399.0,16377.0,4969.0,0.3862591098846671,0.30341332356353423,0.0007978097433771438,0.0003845370019490411,0.028245526077188644,-0.0013513096204101481,0.0013322923575523212,-0.03676016349814223,0.000904022275569148,0.0033469306808215893,0.030066963191668492,-0.0027676221411887404,0.005108187864816401,-0.05260819462012302,0.0009954676773012454,0.01831496181296534,0.031551032903872504,0.16973068987733184,16.982550705768748,9.548058395454416e-05,-0.00020808701313776228,0.0006225199467823435,0.000401358916948257,0.0003214340286891402,-0.0007006272671901283,-0.0009586188284155576,-0.0001453003184927712,0.0010178429333526225,-0.0034081209826053753,0.013786321393293404,0.0032021338502941214,0.014782169842762162,soft-like,ok
5203390106,XTE J1701-462,NS,0,0,59835.10139,5905.0,https://nasa-heasarc.s3.amazonaws.com/nicer/data/obs/2022_09/5203390106/xti/event_cl/ni5203390106_0mpu7_cl.evt.gz,33554432,124627870,target segments,1444914,1444914,0,9,0,1627.5983307361603,649.4366319444445,7.0,518551.0,180806.0,48794.0,0.3486754436882775,0.2698693627423869,5.4213035682916824e-05,1.5037462848610321e-05,0.007362950202392844,6.82705324706831e-05,0.00010110692340210449,0.008262598409137595,0.00020293812863729296,0.00014736069266130228,0.014245635424132297,2.4379847969726027e-05,0.0002508349046521407,0.0049375953631019655,-0.0003587813889565879,0.0009664041082927944,-0.018941525518199106,0.020178898100052568,,7.238339928330343e-05,2.04579797451932e-05,3.520282190759256e-05,4.184470866772374e-05,2.9683207502647254e-05,1.1460637113168562e-05,-2.2168757250120545e-05,6.295408378893317e-05,0.00014598701531575494,-0.00021193544165229038,-0.00020016767816776425,-0.0002445454949664598,0.0006660314472446232,soft-like,ok
5203390114,XTE J1701-462,NS,1,0,59843.23958,1075.0,https://nasa-heasarc.s3.amazonaws.com/nicer/data/obs/2022_09/5203390114/xti/event_cl/ni5203390114_0mpu7_cl.evt.gz,33554432,37515427,target segments,1449428,1449428,0,6,0,948.0478445291519,1089.0247395833333,7.0,584005.0,198169.0,54197.0,0.3393275742502205,0.2734887898712715,7.086641038383158e-05,1.4067696824971708e-05,0.008418218955564863,0.00043272949147141236,0.000105566787350869,0.020802151126059352,0.0006360348178867573,0.00016119332851761962,0.02521973072589708,0.0014779701544360188,0.00023390461104039255,0.03844437740991547,0.0007073619292106492,0.000342044021680968,0.026596276604266417,0.05483060021641686,6.878402664843619,1.4936825753768415e-05,5.745742221553054e-06,4.3959418867523413e-05,2.4373813261527707e-05,2.7922169716977967e-05,0.0001682776685703665,0.00021667431407565283,0.0001484089730539751,0.0005042686199744247,0.00039468506461592446,0.00016836363964414173,0.0002884873336300945,0.0010002911367066024,soft-like,ok
5203390125,XTE J1701-462,NS,2,0,59859.00351,2879.0,https://nasa-heasarc.s3.amazonaws.com/nicer/data/obs/2022_10/5203390125/xti/event_cl/ni5203390125_0mpu7_cl.evt.gz,50331648,137937325,target segments,2220268,2220268,0,6,0,1047.8772902488708,1542.2408854166667,7.0,850953.0,271471.0,62017.0,0.3190199693755119,0.22844797418508792,0.00011345352537270275,4.2930674807149114e-05,0.01065145649067313,9.793268583907467e-05,2.7263413899617748e-05,0.009896094474037456,-1.1391904002521139e-05,0.00013136192418381274,-0.003375189476536264,0.0002022600668001573,0.00017313353064481697,0.0142218165787693,0.000319932543676265,0.0008183614386493175,0.017886658259056245,0.01139285455625229,,5.71857625428635e-05,5.0009849238315516e-05,4.3587810372407485e-05,1.4982652275202873e-05,5.4763471109248e-05,-1.187000544478815e-05,5.268739304373211e-05,4.281476353474631e-05,-4.698162691960785e-05,5.359181041784223e-06,0.0001383080230121339,5.444829669468263e-06,-0.0002764949685355876,soft-like,ok
5203390143,XTE J1701-462,NS,3,1,59969.33079,1604.0,https://nasa-heasarc.s3.amazonaws.com/nicer/data/obs/2023_01/5203390143/xti/event_cl/ni5203390143_0mpu7_cl.evt.gz,33554432,43546473,target segments,1836856,1836856,0,8,0,1493.994057416916,499.75,7.0,344332.0,129046.0,38366.0,0.37477202235052215,0.2973048370348558,0.00010380514667510823,3.56681248676887e-05,0.01018848107791874,2.3249175023886864e-05,7.983818035623421e-05,0.004821739833699747,-0.0002907760324750716,9.029075767315618e-05,-0.01705215624122274,-3.395968880067135e-06,0.00024585677140995623,-0.0018428154764021099,0.000974607012845695,0.0018331357726444142,0.031218696527012382,0.014869664768390977,,9.553953882427029e-06,2.3659079964192506e-05,5.1183401520358656e-05,1.0236231583554103e-05,3.864156947269052e-06,-2.2241204646261538e-05,6.590299665800413e-05,-9.99865568599672e-05,-0.00019633981594322614,1.5166848064903605e-05,0.0004143559055922047,-0.0008280697009095503,0.0007738216344704193,soft-like,ok
5203390152,XTE J1701-462,NS,4,0,59981.13958,1775.0,https://nasa-heasarc.s3.amazonaws.com/nicer/data/obs/2023_02/5203390152/xti/event_cl/ni5203390152_0mpu7_cl.evt.gz,11930563,11930563,eof,502559,502559,0,12,0,1774.9736716151237,200.39778645833334,4.0,205475.0,77713.0,24623.0,0.37821146124832705,0.3168453154555866,7.750499976671108e-05,7.507561276886294e-05,0.008803692393916946,0.0003104387857238236,0.00020166211391004342,0.01761927313267558,-0.00014209474173656835,0.00040672323250701164,-0.011920349899921913,0.0007414239740416129,0.0012496029952171342,0.02722910160180855,-0.002540796907572446,0.0030166279238707672,-0.05040631813148473,0.0,,7.51417720947345e-05,8.156209356910737e-05,3.275718551817525e-05,-3.280823830026389e-05,1.601041291808104e-05,0.00011173421393143661,0.00019657586533154722,-0.00011294617948071279,-4.703630973340439e-05,0.0005845430385277794,0.0001633815182848199,0.0014408983804817745,-0.004043318832357188,soft-like,ok
6203390101,XTE J1701-462,NS,5,0,60005.05,3731.0,https://nasa-heasarc.s3.amazonaws.com/nicer/data/obs/2023_03/6203390101/xti/event_cl/ni6203390101_0mpu7_cl.evt.gz,16777216,26356112,target segments,701271,701271,0,16,0,2333.7284163832664,223.251953125,7.0,299134.0,118195.0,39891.0,0.39512392439508714,0.3375015863615212,0.00010861158900708386,7.564063377487926e-05,0.01042168839522099,0.00012285378482614306,0.00016900030545839517,0.011083942657111821,0.0002586756998816829,0.0004003543158621499,0.016083398269074945,3.1737078165306975e-05,0.0008424668287644279,0.00563356709069014,0.0012031543058425797,0.0029960593286160312,0.034686514754909865,0.0,,9.785486186500199e-05,7.154811941958414e-05,6.416372084955168e-05,-1.4235753780556865e-05,9.831866944844152e-06,8.7152393402234e-05,-1.4299122217886326e-06,0.0003871522049416064,-0.00011404156584056513,-9.452303341325661e-05,-0.0008717986105562344,-0.00018148835714515183,-0.00018195514102424502,soft-like,ok
6203390102,XTE J1701-462,NS,6,0,60008.01177,2572.0,https://nasa-heasarc.s3.amazonaws.com/nicer/data/obs/2023_03/6203390102/xti/event_cl/ni6203390102_0mpu7_cl.evt.gz,14675493,14675493,eof,609758,609758,0,18,0,2571.8871588110924,168.73741319444446,7.0,267988.0,91818.0,28965.0,0.34261981879785663,0.3154610207148925,0.00029498106253333576,0.0001300098883886449,0.01717501273750141,0.00017627165586652071,0.0003002244103327292,0.01327673362941807,0.0004404922267665563,0.0006939179799914924,0.020987906679003417,0.00042642446366091176,0.000954384479148753,0.02065004754621431,-0.002336613543540037,0.0033652525135412547,-0.04833853063075084,0.048357423956825775,,9.8156320031841e-05,0.00013850315319384357,0.0001378844520200454,1.3484498079393988e-05,1.6070975929437914e-05,-4.391137744605331e-05,0.00024001405113985216,0.00018091789030527596,0.00022878130194461705,-0.00013579514622828932,0.0009820510991648639,0.0012749401134679124,-0.0007926568798625529,soft-like,ok
6203390109,XTE J1701-462,NS,7,1,60017.118,2393.0,https://nasa-heasarc.s3.amazonaws.com/nicer/data/obs/2023_03/6203390109/xti/event_cl/ni6203390109_0mpu7_cl.evt.gz,7042242,7042242,eof,286049,286049,0,17,0,2392.9392727017403,79.15625,7.0,113387.0,38549.0,20308.0,0.33997724606877333,0.5268100339827233,0.006158290021886623,0.004086381835169275,0.07847477315600615,0.003909913224041431,0.002682688754834453,0.06252929892491545,0.00011718815098428188,0.0012246549254413014,0.010825347614939756,0.0054472766717020525,0.004576525400094525,0.07380566828978688,-0.008235406238415816,0.006546437536091111,-0.09074913905054866,0.13993176753235514,0.2870181751484688,0.005097003697293528,0.0011239020586409321,0.0017755389332736137,0.0038892386344475545,0.0019988464023437185,0.0010921820195874629,0.00018577944911573422,-0.00029519961696813,0.00041510351647144997,0.0005494676779205242,0.004989091925644186,-0.0026315085068151635,0.0013914533737736745,soft-like,ok
1050130104,XTE J1709-267,NS,0,0,57997.00043,3757.62410226464,https://nasa-heasarc.s3.amazonaws.com/nicer/data/obs/2017_09/1050130104/xti/event_cl/ni1050130104_0mpu7_cl.evt.gz,16777216,27673291,target segments,705927,705927,0,23,0,3192.0821809470654,71.15421195652173,7.0,76605.0,45756.0,87117.0,0.5972978265126297,1.9039470233412013,0.4376873862304672,0.0021373236858890136,0.6615794632774412,0.03569617067326358,0.00017280886912962416,0.1889343025320272,0.002190499998993729,1.8995020968680528e-05,0.04680277768459613,0.0378078380195136,0.00015537201738564412,0.19444237711855306,-0.0009765270744388525,0.00023591675345284894,-0.03124943318588119,1.3278917922189337,0.014891004151473871,1.2866341582293348,0.32700895770580624,0.0894320760610311,0.02665516237543125,0.015897508923400396,0.009229005921819066,0.00516537886756956,0.0014055168328110717,0.0007804502148556952,0.0002784559885055468,-0.0004058893721477164,0.0003206372859203072,0.0008951928080747558,hard-like,ok
1050130111,XTE J1709-267,NS,2,0,58005.04954,6554.0,https://nasa-heasarc.s3.amazonaws.com/nicer/data/obs/2017_09/1050130111/xti/event_cl/ni1050130111_0mpu7_cl.evt.gz,6349036,6349036,eof,256258,256258,2,9,4,5245.650346040726,61.830729166666664,7.0,15676.0,17373.0,38180.0,1.108254656800204,2.197663040349968,0.2115981050496578,0.08206908738575383,0.4599979402667557,0.1624780553491369,0.05321775403458272,0.4030856675064705,0.006973577244840323,0.003774541839509651,0.08350794719570302,0.16987187984253171,0.05734575830803571,0.4121551647650818,0.003868666765672205,0.007522827399825003,0.06219860742550596,0.6715503744399473,0.06546535553140422,0.08130829343901576,0.06792721741834208,0.09643328898305846,0.06948057378535914,0.06445472455460716,0.04706639192777183,0.028740331759015247,0.0054456157212643365,0.001501593494216753,0.0002883593140368935,-0.0033621829593707634,-0.00014080278149009262,-0.008163499245393368,hard-like,ok
1050130117,XTE J1709-267,NS,6,0,58011.03588,4117.0,https://nasa-heasarc.s3.amazonaws.com/nicer/data/obs/2017_09/1050130117/xti/event_cl/ni1050130117_0mpu7_cl.evt.gz,4234982,4234982,eof,167540,167540,1,16,0,3931.783791154623,32.40771484375,7.0,15903.0,15740.0,34728.0,0.9897503615669999,2.206353240152478,0.20808467500367267,0.08770161034353365,0.456162991707649,0.16978698046086094,0.04617485611017445,0.41205215745201595,0.01053044849223524,0.004571298744485799,0.10261797353405124,0.18114044667642715,0.04995427246451095,0.4256059758467063,0.00812564911289474,0.010239509135121588,0.09014238244518913,0.6719326356585442,0.08180685291283418,0.05913346380854788,0.09959354906720977,0.060903484058329516,0.06287013555799743,0.05872279736543491,0.06479137837498625,0.0308407023264257,0.00967230386704234,0.001007753339342957,-0.002367420761020748,0.0027798847824767265,0.005326349707457214,-0.001780914631192019,hard-like,ok
2050280105,XTE J1739-285,NS,0,0,58757.04257,12420.0,https://nasa-heasarc.s3.amazonaws.com/nicer/data/obs/2019_10/2050280105/xti/event_cl/ni2050280105_0mpu7_cl.evt.gz,16777216,166687206,target segments,710608,710608,0,6,0,1236.0801745057106,393.046875,7.0,216399.0,68295.0,17166.0,0.31559757669859845,0.25135075774214805,0.0002568168134975242,9.934293381063174e-05,0.016025505093366768,0.00035140437162925416,0.00022137696764304763,0.018745782769179157,0.0003539770238654905,0.00031856574555616746,0.018814277128433355,0.0017877758787037798,0.0008104281467128461,0.04228209879728985,-0.000858494672679824,0.0027120212190409037,-0.029300079738455047,0.046831880757961956,,8.692223428379606e-05,6.659988632774288e-05,4.154769318345684e-05,0.00023491946182532307,5.309200881281296e-05,0.00013649680537959911,5.146992275630458e-05,0.00022122632551676544,0.00015684610519026406,0.0009120098786922535,-2.456778023108373e-05,-0.0007889046695600507,0.001045567183150783,soft-like,ok
2050280129,XTE J1739-285,NS,1,0,58898.19005,6709.0,https://nasa-heasarc.s3.amazonaws.com/nicer/data/obs/2020_02/2050280129/xti/event_cl/ni2050280129_0mpu7_cl.evt.gz,6368364,6368364,eof,259706,259706,0,37,0,6707.225126922131,25.07516891891892,7.0,80293.0,28371.0,10092.0,0.35334337987122166,0.3557153431320715,0.0008307408617483788,0.0004524730460423103,0.028822575557163152,0.007834331173292523,0.0011488506015566976,0.08851175726022234,0.010511902908507365,0.0027708000767130083,0.10252757145523035,0.028174242708093926,0.003787352062546789,0.16785184749681467,-0.009286706860924308,0.01271210096996591,-0.09636756124819341,0.2221109937158067,5.3674465432581275,2.0353313654131865e-05,0.00014841732913003578,0.00023536194655325685,0.00034016909208521226,-0.0003839999978352215,0.0025144379064120366,0.005712711852189454,0.00778632860805261,0.00282354820696088,0.005750056860228148,0.009798433723903995,0.006676483665802613,0.007910991022285964,hard-like,ok
3050280105,XTE J1739-285,NS,2,0,58912.99662,9742.92627191544,https://nasa-heasarc.s3.amazonaws.com/nicer/data/obs/2020_03/3050280105/xti/event_cl/ni3050280105_0mpu7_cl.evt.gz,15325319,15325319,eof,610737,610737,1,67,0,9741.86171773076,40.069496268656714,7.0,234762.0,80703.0,28171.0,0.3437651749431339,0.34907004696231864,0.06643065682698399,0.0543381435394543,0.257741453450903,0.007632105343701306,0.0033749847289005516,0.08736192158887822,0.0150829073700779,0.0011113145268531258,0.12281248865680518,0.03000912717077989,0.0033281767903970867,0.1732314266257133,-0.0009320165900177826,0.006202813762159577,-0.03052894675578872,0.3814706763820551,0.11804430165255676,0.033020385845632994,0.037408778950910625,0.026469980908075872,0.004593373489154703,0.0017679880872014948,0.0015122034110063834,0.0021873980117343397,0.005728429670407891,0.009477517012271897,0.0051436529048186665,0.005738305696958903,0.0038439791612133287,0.008627883789995525,hard-like,ok
3050280133,XTE J1739-285,NS,4,1,58964.69005,1467.0,https://nasa-heasarc.s3.amazonaws.com/nicer/data/obs/2020_04/3050280133/xti/event_cl/ni3050280133_0mpu7_cl.evt.gz,12473846,12473846,eof,528699,528699,0,5,0,1466.7458817660809,241.6859375,7.0,110494.0,34700.0,9485.0,0.3140442014951038,0.27334293948126803,0.0003887314630697415,0.0001377796510147789,0.019716274066611608,-0.00033807190257382065,0.00019833610153789202,-0.018386731699076394,0.00018098017380692812,0.0004985734715199471,0.01345288719223231,-9.338903317490566e-05,0.0011860594034273394,-0.0096638001415026,0.0036274073281850343,0.002824387192583351,0.060227961348405565,0.0,,3.454761084255821e-05,5.5859800815991355e-05,0.0002909189859548155,9.527621663341646e-06,6.5178822134388e-05,7.016029880837394e-06,-0.00039395261084035875,1.1430503257631068e-05,0.0001856605814362027,-0.00042982006087722094,0.0014648124559299073,-0.0016325107429780545,-0.0019012227336067651,soft-like,ok
3050280144,XTE J1739-285,NS,5,0,58987.69097,1473.0,https://nasa-heasarc.s3.amazonaws.com/nicer/data/obs/2020_05/3050280144/xti/event_cl/ni3050280144_0mpu7_cl.evt.gz,11801934,11801934,eof,499375,499375,0,11,0,1472.9682973623276,229.6669034090909,7.0,231576.0,72201.0,19594.0,0.3117810135765364,0.27138128280771734,8.510250163990132e-05,9.292162537898834e-05,0.009225101714339053,-0.0004479006931781616,0.00019178210007423703,-0.021163664455338578,0.00011899780112425356,0.0003289349104854775,0.010908611328865538,0.0002993023620425555,0.0006595522034797561,0.01730035728077763,-0.006594781019035178,0.0024932141796591635,-0.08120825708654987,0.050609420193787946,10.978059995766912,0.00020549194158633896,5.4474896078945895e-05,3.5379370721953205e-05,7.352473624503837e-05,-5.857796906932975e-05,-4.523377788766353e-05,-0.0004335707077962778,9.175127550272291e-06,0.0001210279337430546,0.00043006642287368404,0.0003812457646949027,-0.00016212561151980417,0.0019504352851302763,soft-like,ok
3050280165,XTE J1739-285,NS,6,0,59022.7351,2016.0,https://nasa-heasarc.s3.amazonaws.com/nicer/data/obs/2020_06/3050280165/xti/event_cl/ni3050280165_0mpu7_cl.evt.gz,14755441,14755441,eof,623466,623466,0,12,0,2015.8843613564968,204.00260416666666,7.0,229525.0,66462.0,17361.0,0.2895632284064917,0.26121693599350004,0.00020652375940575425,7.85468029626563e-05,0.014370934534878177,0.0006193560293521874,0.00027606307617491864,0.02488686459464485,0.000490963092599293,0.0004187458285314335,0.02215768698667108,0.0011961826223761485,0.0009244724405457602,0.03458587316197393,0.0008604299485132385,0.0026195153477466654,0.029333086242556178,0.02736163252258867,,0.00010106123151417537,0.00017719740769969188,1.169916480114123e-05,6.807546499501892e-05,0.00018519169840949581,0.00018543284461004238,0.0001983033466262931,0.000278600367687945,0.0002123425865276063,0.00014310320520270458,0.0004854025380532615,-0.001191755045527948,-0.00010599587629824572,soft-like,ok
3050280187,XTE J1739-285,NS,7,1,59067.35556,1701.0,https://nasa-heasarc.s3.amazonaws.com/nicer/data/obs/2020_08/3050280187/xti/event_cl/ni3050280187_0mpu7_cl.evt.gz,8690024,8690024,eof,364026,364026,1,10,3,1700.9798111617565,133.39375,7.0,126410.0,35002.0,9332.0,0.276892650897872,0.2666133363807782,4.6846102549088435e-05,0.00014871318393659352,0.006844421272035235,-0.000558002202953344,0.0003325785380858036,-0.023622070251215155,0.0007102289049038926,0.0007695105237051871,0.026650120166781473,0.0012088774966019485,0.0016400742410920947,0.034768915666180164,-0.0016652050396078336,0.007466846846061209,-0.0408069239174902,0.03143896375460209,,9.194931585097916e-05,8.718342980449269e-05,-0.00017819357051772174,-2.1612664963001728e-05,0.00019380116262398593,-0.00019497141083845066,-0.0004073103317135644,2.3382343932740378e-05,0.0006967938461711567,0.0005470036208931469,0.00047652464311817973,0.0008539080136073017,-0.0011800499560060608,soft-like,ok
3201750105,XTE J1810-189,NS,1,0,59097.10927,5909.0,https://nasa-heasarc.s3.amazonaws.com/nicer/data/obs/2020_09/3201750105/xti/event_cl/ni3201750105_0mpu7_cl.evt.gz,3757639,3757639,eof,149800,149800,0,39,0,5906.669251173735,20.10516826923077,7.0,65712.0,25771.0,8882.0,0.3921810323837351,0.34465096426215514,0.0025900913905600553,0.00061440994656803,0.050892940478617026,0.009908766395623646,0.001625571274442751,0.09954278675837665,0.011328116028604195,0.003135954569850453,0.10643362264155155,0.03421393419263879,0.004869842586531041,0.18497008999467668,-0.023757144602215192,0.017459973027358338,-0.15413352848168757,0.17306572276239615,2.9598331929542425,0.0003268928194448469,0.0006130717086221346,0.0007912289919161728,0.0016039595513525479,0.0018883276541159983,0.004121826982356557,0.003536663426716462,0.005224547416026481,0.006047348083681549,0.006757156724638026,0.011414562860143338,0.008545691925197732,-0.020919533748941278,hard-like,ok
3201750106,XTE J1810-189,NS,2,0,59098.27569,1785.0,https://nasa-heasarc.s3.amazonaws.com/nicer/data/obs/2020_09/3201750106/xti/event_cl/ni3201750106_0mpu7_cl.evt.gz,1180745,1180745,eof,46750,46750,0,12,0,1784.0125470757484,20.944010416666668,7.0,20939.0,8382.0,2849.0,0.4003056497444959,0.33989501312335957,0.0028094610086132326,0.000879631188680725,0.05300434895943193,0.018610245987507372,0.0020164112441273863,0.13641937541092677,0.01304537923488878,0.0036917298864913594,0.11421637025789595,0.03964737288300136,0.006029541014549108,0.19911648069158253,0.024970291745788,0.023472106883207507,0.15801990933356466,0.2025615945911693,2.5567882447438772,-8.76334271998875e-05,0.0014938579730683094,0.001002891724645921,0.0014140787957495815,0.00319768390855329,0.005233556296542301,0.009183046632304926,0.006346992960749047,0.006592977939396006,0.003853030025366,0.020285677923165435,0.007562210170335626,-0.025047171319359338,hard-like,ok
3201750109,XTE J1810-189,NS,3,0,59108.40523,1904.0,https://nasa-heasarc.s3.amazonaws.com/nicer/data/obs/2020_09/3201750109/xti/event_cl/ni3201750109_0mpu7_cl.evt.gz,2284980,2284980,eof,90744,90744,1,10,0,1901.9429710805416,32.24609375,7.0,26081.0,11218.0,3976.0,0.43012154441930905,0.35443037974683544,0.0031177251415044826,0.0008851577800800716,0.055836593211839876,0.01428548788845694,0.0018182167972939454,0.11952191384201033,0.010928253956699337,0.0036065836215014822,0.10453828942879895,0.030553426867592555,0.008263783128623978,0.17479538571596379,-0.023329231375383026,0.01626530727826973,-0.15273909576589428,0.21164345127775824,1.9039924894284084,0.0003671174800757911,0.0007762982474819225,0.0014181608169025314,0.00118798560713752,0.0023054263943145725,0.004785021737868906,0.006824883089982761,0.007236106504447642,0.0037975845885249056,0.00293807230977441,0.0043685240345192585,0.005119165047199293,0.0036686046105313067,hard-like,ok
3201750110,XTE J1810-189,NS,4,0,59109.95454,1080.0,https://nasa-heasarc.s3.amazonaws.com/nicer/data/obs/2020_09/3201750110/xti/event_cl/ni3201750110_0mpu7_cl.evt.gz,1127307,1127307,eof,44322,44322,0,6,0,1079.8741708397865,33.446614583333336,7.0,16313.0,6992.0,2382.0,0.42861521485931464,0.340675057208238,0.0027708714797227856,0.0013931442992382384,0.052639067998234784,0.012612819342030075,0.0019963321887591094,0.11230680897447881,0.012289695302745192,0.0033698600504137744,0.11085889816674704,0.02842144043117955,0.007915970718292743,0.1685865962381931,0.0032995050074688687,0.02659165029359619,0.057441317946830474,0.2469952389641371,4.2625673600273295,0.0003433795879041372,0.0008707062094682207,0.001019046315380583,0.00154597119494119,0.003479378816707918,0.004128775241462874,0.004711854028930295,0.008882641718773742,0.0030350125988332327,0.0037308449000562484,0.00517453480479381,0.007022605906560044,0.01706189674713891,hard-like,ok
3201750113,XTE J1810-189,NS,5,0,59114.47302,3694.0,https://nasa-heasarc.s3.amazonaws.com/nicer/data/obs/2020_09/3201750113/xti/event_cl/ni3201750113_0mpu7_cl.evt.gz,3961667,3961667,eof,156167,156167,0,17,0,3690.981715261936,34.1204044117647,7.0,47263.0,19856.0,7127.0,0.4201172164272264,0.35893432715551976,0.0012058346623682445,0.0006407480190331705,0.03472513012744869,0.008770214071042207,0.0014514079238995793,0.09364942109293686,0.009707402791216065,0.0023904817434525624,0.09852615282865797,0.029223795601448905,0.0036850453795294323,0.17094968733943008,0.000969107278517468,0.01802521015858552,0.031130487926106586,0.17922173998220897,1.8336860024010668,6.467023018905219e-05,0.0004584768687123044,0.00042902716468924066,0.0005745680298533528,0.0019042652174790626,0.003211507723949512,0.0035400378187756417,0.003766937497058064,0.005798631204109337,0.010174261327373646,0.0009889724940963208,0.0015978646462416104,-0.00038878814027662424,hard-like,ok
3201750116,XTE J1810-189,NS,6,0,59119.64185,1263.0,https://nasa-heasarc.s3.amazonaws.com/nicer/data/obs/2020_09/3201750116/xti/event_cl/ni3201750116_0mpu7_cl.evt.gz,1352031,1352031,eof,52958,52958,0,6,0,1262.5865200161934,32.938802083333336,7.0,16078.0,6692.0,2527.0,0.41622092300037317,0.3776150627615063,0.00095640574592796,0.0008466942932581078,0.03092581035200145,0.007744008372883523,0.002339696801205409,0.08800004757318898,-0.0004887837399624459,0.003124234009313092,-0.022108454038273367,0.012539019463503389,0.007811429241842865,0.11197776325460064,0.0005093800342716034,0.0315089112930932,0.02256944913531572,0.2036299470698805,15.602497747269437,3.7821283790336014e-05,0.0006721641060792266,-4.632873554363635e-05,0.0005398862876014119,0.0006517498147384084,0.0022524605658482554,0.004407400848959481,-0.003928688627104986,0.003662986118270876,0.004764824518946431,-0.020314412701801378,0.011939751563978562,0.03682554029991935,hard-like,ok
6201750101,XTE J1810-189,NS,7,0,60061.82909,2253.0,https://nasa-heasarc.s3.amazonaws.com/nicer/data/obs/2023_04/6201750101/xti/event_cl/ni6201750101_0mpu7_cl.evt.gz,5519555,5519555,eof,229117,229117,1,15,1,2252.942009806633,74.00260416666667,7.0,102105.0,32172.0,7808.0,0.315087410019098,0.24269551162501554,0.0009703816624688636,0.0002158270955819268,0.031150949623869634,0.0009545978257759905,0.0005316395468026474,0.030896566569377747,0.0005774987802323022,0.0008709501531392405,0.024031204302579226,-0.0009601232671485109,0.001985946673168462,-0.03098585592086349,-0.009828709605438727,0.0067338792327815,-0.09913984872612389,0.0,,0.0006168583981667775,0.00027369427311975234,0.0006819672830451201,0.00015631132289479227,0.00014595048640298324,-0.0001827308891379505,0.0008052020750422086,-0.00027344032832668817,0.0008955240454369386,-0.0020693810561132554,-0.002151077259769065,-0.002324638437236349,-5.802912247076302e-05,soft-like,ok
