obs_id,source_id,label,time_bin,rank_in_bin,mjd,cat_exposure,cat_npcu,cat_std1rate,pointing_sep_deg
50110-01-06-03,CYGX1,BH,0,0,51684.28195,1176.0,2,810.75,0.0014
50109-03-03-00,CYGX1,BH,0,1,51855.39523,3179.0,1,1415.8199462890625,0.0005
50110-01-06-01,CYGX1,BH,0,2,51684.14523,1742.0,2,787.72998046875,0.0014
50119-01-05-02,CYGX1,BH,0,3,51899.45382,2101.0,3,2583.320068359375,0.0007
50110-01-17-00,CYGX1,BH,0,4,51837.59835,2080.0,3,1099.3299560546875,0.0014
50109-03-08-00,CYGX1,BH,0,5,51860.49288,2355.0,3,1133.6600341796875,0.0005
50119-01-03-02,CYGX1,BH,0,6,51851.73898,1840.0,3,1545.43994140625,0.0014
50110-01-07-03,CYGX1,BH,0,7,51697.23117,1840.0,4,1152.550048828125,0.0014
50119-01-03-03,CYGX1,BH,0,8,51851.84054,3872.0,1,1917.6300048828125,0.0014
50110-01-17-01,CYGX1,BH,0,9,51837.73507,1317.0,3,990.0,0.0014
50109-01-01-00,CYGX1,BH,0,10,51900.44601,2128.0,2,3276.1298828125,0.0005
50110-01-21-04,CYGX1,BH,0,11,51895.73117,1634.0,3,1432.25,0.0014
50110-01-13-03,CYGX1,BH,0,12,51784.04757,1070.0,3,1231.7900390625,0.0014
50109-03-07-00,CYGX1,BH,0,13,51859.43038,2943.0,3,1722.8599853515625,0.0005
50110-01-17-02,CYGX1,BH,0,14,51837.80148,1168.0,3,1029.8699951171875,0.0014
50110-01-09-01,CYGX1,BH,0,15,51728.98507,1769.0,3,903.6500244140625,0.0014
50109-01-03-00,CYGX1,BH,0,16,51904.80929,1264.0,2,1347.449951171875,0.0005
50110-01-20-01,CYGX1,BH,0,17,51879.59835,1650.0,1,909.9400024414062,0.0014
50110-01-15-02,CYGX1,BH,0,18,51810.69992,2640.0,2,1069.699951171875,0.0014
50110-01-13-02,CYGX1,BH,0,19,51783.94601,1079.0,3,1526.81005859375,0.0014
50110-01-19-02,CYGX1,BH,0,20,51866.59835,2992.0,2,1181.739990234375,0.0014
50110-01-12-00,CYGX1,BH,0,21,51767.91085,10392.0,1,715.72998046875,0.0014
40100-01-24-01,CYGX1,BH,0,22,51881.23117,6021.0,1,965.4000244140625,0.0005
50110-01-10-02,CYGX1,BH,0,23,51739.96554,1919.0,1,638.0700073242188,0.0014
50110-01-10-00,CYGX1,BH,0,24,51739.89523,2175.0,1,657.4500122070312,0.0014
50109-03-01-00,CYGX1,BH,0,25,51853.52413,2103.0,3,1441.75,0.0005
50109-03-06-00,CYGX1,BH,0,26,51858.43038,1854.0,2,1476.6500244140625,0.0005
50110-01-08-00,CYGX1,BH,0,27,51712.0046,5879.0,1,849.6699829101562,0.0014
50110-01-20-04,CYGX1,BH,0,28,51879.79757,1236.0,3,926.9400024414062,0.0014
50109-01-01-02,CYGX1,BH,0,29,51901.4421,2127.0,4,1858.719970703125,0.0005
50109-03-11-00,CYGX1,BH,0,30,51863.41867,3036.0,1,1342.8499755859375,0.0005
50110-01-19-00G,CYGX1,BH,0,31,51866.72726,9829.0,1,1189.739990234375,0.0014
50110-01-03-04,CYGX1,BH,0,32,51740.03195,1647.0,4,605.47998046875,0.0014
40100-01-23-01,CYGX1,BH,0,33,51873.4382,1652.0,2,1194.6600341796875,0.0005
50110-01-11-00,CYGX1,BH,0,34,51753.87179,3755.0,1,965.1599731445312,0.0014
50109-03-02-00,CYGX1,BH,0,35,51854.52023,7722.0,1,1253.0799560546875,0.0005
50110-01-13-00,CYGX1,BH,0,36,51783.80929,1536.0,3,1147.8800048828125,0.0014
50119-01-01-00,CYGX1,BH,0,37,51845.49288,7958.0,1,1409.219970703125,0.0005
50119-01-03-00,CYGX1,BH,0,38,51851.60226,2134.0,3,1974.449951171875,0.0014
50109-01-02-00,CYGX1,BH,0,39,51902.4382,2128.0,3,2241.090087890625,0.0005
50110-01-17-03,CYGX1,BH,0,40,51837.66476,1589.0,3,881.1799926757812,0.0014
50110-01-06-02,CYGX1,BH,0,41,51684.21163,1301.0,2,831.4299926757812,0.0014
50119-01-05-00,CYGX1,BH,0,42,51899.27804,4998.0,3,1544.0,0.0007
50110-01-11-01,CYGX1,BH,0,43,51753.98507,2240.0,1,839.3800048828125,0.0014
50109-01-01-01,CYGX1,BH,0,44,51900.86007,1344.0,1,1768.25,0.0005
50110-01-11-03,CYGX1,BH,0,45,51754.09835,2321.0,3,977.6300048828125,0.0014
50119-01-02-00,CYGX1,BH,0,46,51846.55538,7004.0,1,1928.1800537109375,0.0005
50110-01-10-03,CYGX1,BH,0,47,51740.16867,1267.0,2,598.5900268554688,0.0014
40100-01-23-00,CYGX1,BH,0,48,51873.36398,3184.0,4,1140.300048828125,0.0005
50110-01-21-00,CYGX1,BH,0,49,51895.47335,1896.0,3,1103.97998046875,0.0014
50110-01-08-02,CYGX1,BH,0,50,51712.23898,2048.0,3,740.7899780273438,0.0014
50110-01-15-01,CYGX1,BH,0,51,51810.9382,4266.0,1,1055.969970703125,0.0014
50109-03-09-00,CYGX1,BH,0,52,51861.48898,2598.0,3,1747.969970703125,0.0005
50110-01-16-00,CYGX1,BH,0,53,51826.66085,6594.0,1,932.3400268554688,0.0014
50119-01-04-01,CYGX1,BH,0,54,51897.13742,2750.0,1,1620.760009765625,0.0007
50110-01-13-01,CYGX1,BH,0,55,51783.8796,1222.0,1,1421.72998046875,0.0014
50110-01-20-02,CYGX1,BH,0,56,51879.66476,1232.0,1,964.9400024414062,0.0014
50110-01-09-00,CYGX1,BH,0,57,51728.93038,1734.0,3,787.0499877929688,0.0014
50109-01-01-03,CYGX1,BH,0,58,51901.97726,1673.0,3,1625.0999755859375,0.0005
50119-01-05-01,CYGX1,BH,0,59,51899.38351,1888.0,3,1948.949951171875,0.0007
50110-01-08-01,CYGX1,BH,0,60,51712.14523,4739.0,1,790.27001953125,0.0014
50110-01-16-01,CYGX1,BH,0,61,51826.76242,1597.0,1,962.739990234375,0.0014
50119-01-04-00,CYGX1,BH,0,62,51897.05929,3420.0,4,2082.389892578125,0.0007
50110-01-16-02,CYGX1,BH,0,63,51826.8132,1203.0,1,1029.1800537109375,0.0014
50110-01-21-01,CYGX1,BH,0,64,51895.54367,1904.0,3,1031.02001953125,0.0014
50110-01-11-02,CYGX1,BH,0,65,51754.03976,1399.0,3,887.780029296875,0.0014
50110-01-07-02,CYGX1,BH,0,66,51697.16476,1357.0,2,889.9099731445312,0.0014
50119-01-03-01,CYGX1,BH,0,67,51851.67257,1883.0,3,1429.77001953125,0.0014
50110-01-09-02,CYGX1,BH,0,68,51729.10226,2110.0,1,765.1199951171875,0.0014
50110-01-06-00,CYGX1,BH,0,69,51684.03585,3136.0,1,928.7100219726562,0.0014
40100-01-24-00,CYGX1,BH,0,70,51881.09835,5443.0,1,979.030029296875,0.0005
50110-01-15-00,CYGX1,BH,0,71,51810.80538,5332.0,1,1025.7099609375,0.0014
50109-03-05-00,CYGX1,BH,0,72,51857.30148,14549.0,1,1545.1099853515625,0.0005
50109-03-04-00,CYGX1,BH,0,73,51856.35226,6544.0,1,1295.75,0.0005
50110-01-20-00,CYGX1,BH,0,74,51879.5046,5586.0,1,909.1500244140625,0.0014
50110-01-21-03,CYGX1,BH,0,75,51895.67648,1312.0,3,1042.239990234375,0.0014
50109-03-10-00,CYGX1,BH,0,76,51862.34445,9347.0,1,1169.0899658203125,0.0005
50110-01-10-01,CYGX1,BH,0,77,51740.10226,1346.0,2,601.5399780273438,0.0014
50110-01-19-01,CYGX1,BH,0,78,51866.52804,2848.0,2,1265.5999755859375,0.0014
50110-01-16-03,CYGX1,BH,0,79,51826.88742,1024.0,2,1013.3599853515625,0.0014
50110-01-21-02,CYGX1,BH,0,80,51895.61007,1410.0,3,1320.18994140625,0.0014
50110-01-25-02,CYGX1,BH,1,0,51950.47335,1491.0,2,1539.9599609375,0.0014
50110-01-25-04,CYGX1,BH,1,1,51950.61007,1136.0,2,2032.050048828125,0.0014
50109-01-06-02,CYGX1,BH,1,2,51936.86398,1536.0,4,2705.280029296875,0.0005
50109-01-08-02,CYGX1,BH,1,3,51942.44992,1296.0,3,1403.1300048828125,0.0005
50119-01-06-00,CYGX1,BH,1,4,51913.30929,1949.0,2,1138.4300537109375,0.0007
50110-01-29-01,CYGX1,BH,1,5,51996.23117,1663.0,2,800.0700073242188,0.0014
50110-01-23-03,CYGX1,BH,1,6,51925.44601,3081.0,2,1249.739990234375,0.0014
50109-03-12-00,CYGX1,BH,1,7,51919.08663,3296.0,3,1433.1099853515625,0.0005
50110-01-32-01,CYGX1,BH,1,8,52034.26242,1024.0,2,929.3699951171875,0.0014
50110-01-34-02,CYGX1,BH,1,9,52064.16476,1946.0,2,846.6099853515625,0.0014
50109-01-05-00,CYGX1,BH,1,10,51932.41867,3152.0,2,1509.6400146484375,0.0005
50119-01-06-02,CYGX1,BH,1,11,51913.44992,2512.0,2,1046.8800048828125,0.0007
50110-01-29-03,CYGX1,BH,1,12,51996.36788,1083.0,2,822.1699829101562,0.0014
50119-01-06-04,CYGX1,BH,1,13,51913.57882,2309.0,2,1095.9100341796875,0.0007
50110-01-22-01,CYGX1,BH,1,14,51911.46163,2286.0,2,1340.22998046875,0.0014
50110-01-26-00,CYGX1,BH,1,15,51963.39913,2243.0,2,1232.510009765625,0.0014
50110-01-30-01,CYGX1,BH,1,16,52006.30929,1652.0,2,865.739990234375,0.0014
50110-01-22-03,CYGX1,BH,1,17,51911.59445,2168.0,3,1467.1099853515625,0.0014
50109-01-08-00,CYGX1,BH,1,18,51942.30929,2000.0,3,1112.969970703125,0.0005
50110-01-25-01,CYGX1,BH,1,19,51950.40695,1639.0,2,1396.97998046875,0.0014
50110-01-23-01,CYGX1,BH,1,20,51925.51632,2816.0,2,1429.5999755859375,0.0014
50109-01-07-04,CYGX1,BH,1,21,51941.63351,1074.0,1,1156.25,0.0005
50110-01-32-00,CYGX1,BH,1,22,52034.1296,10020.0,1,1028.8599853515625,0.0014
50109-01-07-01,CYGX1,BH,1,23,51939.39523,1327.0,2,1994.5,0.0005
50110-01-25-00,CYGX1,BH,1,24,51950.33663,1953.0,2,1486.5400390625,0.0014
50110-01-24-02,CYGX1,BH,1,25,51938.46945,1008.0,2,1586.6800537109375,0.0014
50110-01-36-00,CYGX1,BH,1,26,52091.91476,3520.0,3,890.3599853515625,0.0014
50110-01-33-00,CYGX1,BH,1,27,52048.0632,1462.0,2,702.3499755859375,0.0014
50109-01-04-00,CYGX1,BH,1,28,51907.93429,2368.0,3,1199.260009765625,0.0005
50109-01-06-01,CYGX1,BH,1,29,51935.9421,2973.0,1,1481.02001953125,0.0005
50109-01-07-00,CYGX1,BH,1,30,51937.86007,2304.0,1,2959.010009765625,0.0005
50109-01-05-01,CYGX1,BH,1,31,51934.00851,3430.0,3,1325.9300537109375,0.0005
50109-01-08-05,CYGX1,BH,1,32,51943.3757,1727.0,3,2257.2900390625,0.0005
50110-01-35-00,CYGX1,BH,1,33,52076.11788,13120.0,1,840.6099853515625,0.0014
50109-03-13-00,CYGX1,BH,1,34,51920.01242,2944.0,3,1090.47998046875,0.0005
50109-01-08-06,CYGX1,BH,1,35,51943.4421,1440.0,3,2108.840087890625,0.0005
50110-01-22-02,CYGX1,BH,1,36,51911.52413,2320.0,3,1195.1099853515625,0.0014
50110-01-23-02,CYGX1,BH,1,37,51925.57492,1408.0,2,1689.8399658203125,0.0014
50109-01-08-01,CYGX1,BH,1,38,51942.3757,1480.0,3,1383.9100341796875,0.0005
50110-01-33-02,CYGX1,BH,1,39,52048.19992,1179.0,2,687.8699951171875,0.0014
50109-01-05-03,CYGX1,BH,1,40,51934.98898,1771.0,3,3192.550048828125,0.0005
60136-03-01-00,CYGX1,BH,1,41,52088.19992,1402.0,2,1031.050048828125,0.0014
50110-01-34-00,CYGX1,BH,1,42,52064.03195,2326.0,2,851.97998046875,0.0014
50109-01-08-04,CYGX1,BH,1,43,51943.30538,2128.0,3,1738.1099853515625,0.0005
50110-01-26-01,CYGX1,BH,1,44,51963.26632,2404.0,2,854.780029296875,0.0014
50110-01-24-04,CYGX1,BH,1,45,51938.64132,1280.0,2,1587.68994140625,0.0014
50110-01-24-01,CYGX1,BH,1,46,51938.39913,1354.0,2,1642.18994140625,0.0014
50110-01-25-03,CYGX1,BH,1,47,51950.54367,1344.0,2,1458.5699462890625,0.0014
50109-01-09-03,CYGX1,BH,1,48,51947.28585,2303.0,3,1399.469970703125,0.0005
50110-01-33-03,CYGX1,BH,1,49,52048.27023,1091.0,2,718.0,0.0014
50110-01-41-01,CYGX1,BH,1,50,51979.5007,1650.0,3,1203.760009765625,0.0014
50110-01-30-00,CYGX1,BH,1,51,52006.17257,2074.0,4,733.0700073242188,0.0014
50110-01-29-02,CYGX1,BH,1,52,51996.30148,1360.0,2,899.7899780273438,0.0014
50109-01-09-02,CYGX1,BH,1,53,51946.28585,1389.0,3,1303.3499755859375,0.0005
50110-01-29-00,CYGX1,BH,1,54,51996.16476,1894.0,2,890.72998046875,0.0014
50109-01-10-02G,CYGX1,BH,1,55,51955.57882,1262.0,1,966.47998046875,0.0005
50110-01-30-03,CYGX1,BH,1,56,52006.4421,1334.0,2,847.52001953125,0.0014
50110-01-22-00,CYGX1,BH,1,57,51911.39132,2495.0,2,1345.22998046875,0.0014
50110-01-24-00,CYGX1,BH,1,58,51938.32882,2016.0,2,2187.429931640625,0.0014
50119-01-06-01,CYGX1,BH,1,59,51913.3796,2553.0,2,994.6699829101562,0.0007
50109-01-06-03,CYGX1,BH,1,60,51936.91085,1366.0,4,2480.5,0.0005
50109-01-10-01,CYGX1,BH,1,61,51952.07101,1022.0,1,1078.280029296875,0.0005
50110-01-41-00,CYGX1,BH,1,62,51979.34054,6349.0,1,964.47998046875,0.0014
50110-01-34-03,CYGX1,BH,1,63,52064.26242,5452.0,1,878.4600219726562,0.0014
50109-01-06-00,CYGX1,BH,1,64,51935.02413,1489.0,1,3838.610107421875,0.0005
50110-01-30-04,CYGX1,BH,1,65,52006.24288,1952.0,2,830.0499877929688,0.0014
50110-01-26-02,CYGX1,BH,1,66,51963.33273,1829.0,2,866.4600219726562,0.0014
50110-01-35-01,CYGX1,BH,1,67,52075.94992,2951.0,3,886.6900024414062,0.0014
50119-01-06-05,CYGX1,BH,1,68,51913.63351,1217.0,2,1110.6199951171875,0.0007
50110-01-26-03,CYGX1,BH,1,69,51963.46163,1398.0,2,1268.52001953125,0.0014
50109-01-09-04,CYGX1,BH,1,70,51948.28195,2183.0,3,936.760009765625,0.0005
50110-01-34-01,CYGX1,BH,1,71,52064.09835,1984.0,2,885.510009765625,0.0014
50110-01-33-01,CYGX1,BH,1,72,52048.13351,1394.0,2,727.5900268554688,0.0014
50110-01-41-02,CYGX1,BH,1,73,51979.57101,1408.0,3,1387.050048828125,0.0014
50109-01-05-02,CYGX1,BH,1,74,51932.36007,1390.0,4,1428.3900146484375,0.0005
50119-01-06-03,CYGX1,BH,1,75,51913.51632,2442.0,2,1104.1199951171875,0.0007
50109-01-07-02,CYGX1,BH,1,76,51940.52413,1024.0,2,2580.389892578125,0.0005
50109-01-09-05,CYGX1,BH,1,77,51948.34835,2000.0,3,873.030029296875,0.0005
50110-01-23-00,CYGX1,BH,1,78,51925.38351,3302.0,2,1285.4000244140625,0.0014
50110-01-36-03,CYGX1,BH,1,79,52092.17648,1099.0,3,863.2100219726562,0.0014
50110-01-26-04,CYGX1,BH,1,80,51963.52804,2763.0,2,1016.2999877929688,0.0014
50110-01-44-01,CYGX1,BH,2,0,52314.3757,1935.0,2,1586.1199951171875,0.0014
60089-03-01-02,CYGX1,BH,2,1,52189.94992,1536.0,1,1630.0,0.0014
50110-01-47-02,CYGX1,BH,2,2,52258.64913,1339.0,1,1167.56005859375,0.0014
50110-01-42-00,CYGX1,BH,2,3,52161.74679,1175.0,2,958.72998046875,0.0014
60089-01-01-02,CYGX1,BH,2,4,52140.93038,1142.0,1,1221.8199462890625,0.0005
50110-01-37-01,CYGX1,BH,2,5,52103.92257,1815.0,2,1660.300048828125,0.0014
50110-01-50-01,CYGX1,BH,2,6,52290.6296,1536.0,1,1803.9000244140625,0.0014
60089-01-08-01,CYGX1,BH,2,7,52146.16476,1704.0,2,841.0999755859375,0.0005
50110-01-49-00,CYGX1,BH,2,8,52275.4382,2401.0,2,1180.0899658203125,0.0014
60089-02-02-01,CYGX1,BH,2,9,52210.7507,1542.0,3,1633.72998046875,0.0005
40100-01-25-01,CYGX1,BH,2,10,52113.78585,2304.0,2,1026.93994140625,0.0005
60089-01-06-00,CYGX1,BH,2,11,52143.7546,7024.0,1,1075.6300048828125,0.0005
60089-03-01-00,CYGX1,BH,2,12,52189.69601,8068.0,1,1464.6800537109375,0.0014
60091-01-02-01,CYGX1,BH,2,13,52202.67648,1429.0,3,2359.239990234375,0.0007
60089-01-09-00,CYGX1,BH,2,14,52149.83273,1321.0,3,935.6799926757812,0.0005
50110-01-37-00,CYGX1,BH,2,15,52103.85226,1999.0,3,1701.27001953125,0.0014
60089-03-05-01,CYGX1,BH,2,16,52320.38351,1926.0,2,1382.72998046875,0.0005
50110-01-40-00,CYGX1,BH,2,17,52146.78195,1614.0,3,924.6699829101562,0.0014
50110-01-43-00,CYGX1,BH,2,18,52300.35226,3487.0,2,1941.93994140625,0.0014
60089-01-03-01,CYGX1,BH,2,19,52142.33273,2664.0,2,1246.3499755859375,0.0005
60089-03-04-00,CYGX1,BH,2,20,52319.95773,6592.0,1,1800.8399658203125,0.0005
60089-03-03-01,CYGX1,BH,2,21,52235.29367,3262.0,1,1610.31005859375,0.0005
50110-01-47-01,CYGX1,BH,2,22,52258.57882,1575.0,1,1275.5899658203125,0.0014
60089-01-05-00,CYGX1,BH,2,23,52143.25851,2292.0,2,1073.47998046875,0.0005
50110-01-42-02,CYGX1,BH,2,24,52161.88351,1640.0,2,1161.56005859375,0.0014
60089-02-02-00,CYGX1,BH,2,25,52210.68429,1753.0,3,1500.02001953125,0.0005
50110-01-37-03,CYGX1,BH,2,26,52104.05929,1455.0,2,1423.8499755859375,0.0014
50110-01-31-02,CYGX1,BH,2,27,52216.70382,1823.0,2,1868.4300537109375,0.0014
60089-02-02-03,CYGX1,BH,2,28,52210.87179,1568.0,2,1605.56005859375,0.0005
50110-01-44-02,CYGX1,BH,2,29,52314.4421,1598.0,2,1591.8699951171875,0.0014
40100-01-25-02,CYGX1,BH,2,30,52113.85226,1703.0,2,1024.5,0.0005
50110-01-50-00,CYGX1,BH,2,31,52290.46945,13200.0,1,1832.9200439453125,0.0014
60089-01-09-03,CYGX1,BH,2,32,52150.89523,1264.0,3,1056.1500244140625,0.0005
60089-01-08-00,CYGX1,BH,2,33,52145.10226,1408.0,2,1249.800048828125,0.0005
50110-01-42-03,CYGX1,BH,2,34,52161.95382,1520.0,2,1261.0899658203125,0.0014
50110-01-31-04,CYGX1,BH,2,35,52216.84054,1566.0,4,1516.0899658203125,0.0014
50110-01-44-04,CYGX1,BH,2,36,52314.57492,1199.0,2,1432.6199951171875,0.0014
50110-01-49-01,CYGX1,BH,2,37,52275.60617,11181.0,1,1572.4000244140625,0.0014
50110-01-31-03,CYGX1,BH,2,38,52216.77023,1712.0,2,1420.9599609375,0.0014
60089-01-04-00,CYGX1,BH,2,39,52142.70773,6518.0,1,951.4299926757812,0.0005
50110-01-38-01,CYGX1,BH,2,40,52118.95773,2192.0,2,817.6599731445312,0.0014
50110-01-43-01,CYGX1,BH,2,41,52300.43038,1018.0,3,1666.77001953125,0.0014
60089-01-05-02,CYGX1,BH,2,42,52143.39523,2944.0,1,949.3900146484375,0.0005
40100-01-25-00,CYGX1,BH,2,43,52113.64132,4762.0,1,1224.780029296875,0.0005
60089-03-03-00,CYGX1,BH,2,44,52233.7546,8328.0,1,1318.239990234375,0.0005
50110-01-37-02,CYGX1,BH,2,45,52103.99288,1695.0,3,1777.1700439453125,0.0014
50110-01-47-03,CYGX1,BH,2,46,52258.71945,1116.0,1,1672.550048828125,0.0014
60089-03-01-01,CYGX1,BH,2,47,52189.8171,1744.0,1,1788.4000244140625,0.0014
50110-01-44-00,CYGX1,BH,2,48,52314.30538,2175.0,3,1408.75,0.0014
50110-01-42-01,CYGX1,BH,2,49,52161.8171,1686.0,2,1047.9000244140625,0.0014
60089-01-02-00,CYGX1,BH,2,50,52141.3796,5784.0,1,1353.3499755859375,0.0005
60089-02-01-02,CYGX1,BH,2,51,52175.94992,5735.0,1,1713.4599609375,0.0005
50110-01-31-01,CYGX1,BH,2,52,52216.63742,2112.0,2,2003.1199951171875,0.0014
60089-01-01-00,CYGX1,BH,2,53,52140.34835,2048.0,2,1149.81005859375,0.0005
60089-02-01-00,CYGX1,BH,2,54,52175.71554,1771.0,2,1956.5899658203125,0.0005
60089-01-03-00,CYGX1,BH,2,55,52142.26632,2304.0,2,1226.9599609375,0.0005
60089-02-02-04,CYGX1,BH,2,56,52210.9382,1856.0,2,1292.02001953125,0.0005
60091-01-02-03,CYGX1,BH,2,57,52202.86788,3248.0,1,2073.320068359375,0.0007
50110-01-38-00,CYGX1,BH,2,58,52119.02413,2202.0,3,838.2899780273438,0.0014
60091-01-02-00,CYGX1,BH,2,59,52202.60617,1872.0,3,2503.909912109375,0.0007
60089-01-07-00,CYGX1,BH,2,60,52144.61788,6944.0,1,876.6199951171875,0.0005
60089-03-06-00,CYGX1,BH,2,61,52322.22726,1999.0,3,1499.6800537109375,0.0005
60089-02-02-05,CYGX1,BH,2,62,52211.00851,2688.0,1,1255.280029296875,0.0005
50110-01-39-00,CYGX1,BH,2,63,52134.90695,14096.0,1,1488.489990234375,0.0014
60089-01-09-02,CYGX1,BH,2,64,52150.75851,1709.0,3,995.6400146484375,0.0005
50110-01-47-00,CYGX1,BH,2,65,52258.41867,3884.0,1,1162.0999755859375,0.0014
50110-01-40-01,CYGX1,BH,2,66,52146.90304,1376.0,3,794.4000244140625,0.0014
60089-03-05-00,CYGX1,BH,2,67,52320.05538,3207.0,1,1746.8900146484375,0.0005
60089-01-03-02,CYGX1,BH,2,68,52142.40304,2944.0,1,1058.25,0.0005
60091-01-02-02,CYGX1,BH,2,69,52202.74288,1150.0,3,3449.830078125,0.0007
60089-01-05-01,CYGX1,BH,2,70,52143.32492,2560.0,1,1042.97998046875,0.0005
60091-01-03-00,CYGX1,BH,2,71,52204.32101,10708.0,1,1367.25,0.0007
50110-01-37-04,CYGX1,BH,2,72,52104.1257,1264.0,3,1668.4100341796875,0.0014
50110-01-31-00,CYGX1,BH,2,73,52216.57101,2217.0,2,2379.22998046875,0.0014
50110-01-38-02,CYGX1,BH,2,74,52119.08663,2929.0,3,858.6099853515625,0.0014
50110-01-47-04,CYGX1,BH,2,75,52258.51242,1806.0,2,1264.6700439453125,0.0014
60089-01-09-04,CYGX1,BH,2,76,52151.19992,1708.0,3,1086.739990234375,0.0005
60091-01-01-00,CYGX1,BH,2,77,52197.5632,10576.0,1,2364.64990234375,0.0007
60089-02-01-01,CYGX1,BH,2,78,52175.8132,5318.0,1,1742.0999755859375,0.0005
60089-03-02-00,CYGX1,BH,2,79,52226.39913,6130.0,1,1822.2099609375,0.0005
60089-02-02-02,CYGX1,BH,2,80,52210.8171,1424.0,2,1843.1700439453125,0.0005
60089-03-06-02,CYGX1,BH,3,0,52322.36398,1953.0,2,2019.739990234375,0.0005
60090-01-11-01,CYGX1,BH,3,1,52481.93038,2222.0,1,985.9500122070312,0.0014
60090-01-04-00,CYGX1,BH,3,2,52385.09445,1195.0,1,953.1699829101562,0.0014
60090-01-19-03,CYGX1,BH,3,3,52594.6921,3195.0,1,911.5599975585938,0.0014
60090-01-11-00,CYGX1,BH,3,4,52482.0632,8692.0,1,1309.4000244140625,0.0014
60090-01-13-00,CYGX1,BH,3,5,52511.80929,1312.0,2,1493.8699951171875,0.0014
60089-03-08-01,CYGX1,BH,3,6,52325.11007,6052.0,1,1810.9100341796875,0.0005
70104-01-04-01,CYGX1,BH,3,7,52552.75851,2528.0,1,1622.52001953125,0.0005
70104-01-01-01,CYGX1,BH,3,8,52407.99288,2025.0,1,1917.52001953125,0.0005
50110-01-46-01,CYGX1,BH,3,9,52341.39132,1393.0,1,1370.47998046875,0.0014
50110-01-51-00,CYGX1,BH,3,10,52370.44601,1503.0,2,1085.780029296875,0.0014
50110-01-45-00,CYGX1,BH,3,11,52330.28976,2521.0,2,990.0999755859375,0.0014
60090-01-20-00,CYGX1,BH,3,12,52607.53195,3331.0,3,703.1699829101562,0.0014
70104-01-02-00,CYGX1,BH,3,13,52548.83663,3280.0,3,1054.3800048828125,0.0005
60090-01-09-03,CYGX1,BH,3,14,52457.99679,1166.0,2,935.47998046875,0.0014
50110-01-48-03,CYGX1,BH,3,15,52358.45382,1744.0,1,1388.469970703125,0.0014
60090-01-14-03,CYGX1,BH,3,16,52524.92648,1550.0,2,1932.97998046875,0.0014
60090-01-08-00,CYGX1,BH,3,17,52440.05148,3248.0,1,1659.300048828125,0.0014
60090-01-18-01,CYGX1,BH,3,18,52580.60617,2320.0,2,715.3400268554688,0.0014
60090-01-11-02,CYGX1,BH,3,19,52481.86398,2479.0,1,815.5499877929688,0.0014
70015-04-01-00,CYGX1,BH,3,20,52532.89523,2485.0,2,1150.530029296875,0.0014
60090-01-19-02,CYGX1,BH,3,21,52594.5632,2535.0,1,777.1099853515625,0.0014
60090-01-07-00,CYGX1,BH,3,22,52426.0007,2383.0,2,1385.1700439453125,0.0014
60090-01-10-03,CYGX1,BH,3,23,52470.0671,1535.0,2,1283.1800537109375,0.0014
70015-04-01-01,CYGX1,BH,3,24,52533.88351,2654.0,3,1671.06005859375,0.0014
70104-01-01-00,CYGX1,BH,3,25,52407.07101,1567.0,3,1948.5899658203125,0.0005
60090-01-10-01,CYGX1,BH,3,26,52469.93038,1967.0,1,1849.469970703125,0.0014
60090-01-01-00,CYGX1,BH,3,27,52341.24679,3290.0,2,1938.0899658203125,0.0014
50110-01-48-01,CYGX1,BH,3,28,52358.29757,1241.0,2,1376.760009765625,0.0014
70414-01-01-02,CYGX1,BH,3,29,52486.01632,5133.0,1,1152.0799560546875,0.0014
50110-01-53-00,CYGX1,BH,3,30,52400.0632,3408.0,2,698.469970703125,0.0014
60090-01-09-00,CYGX1,BH,3,31,52457.93038,1346.0,2,1108.530029296875,0.0014
50110-01-45-01,CYGX1,BH,3,32,52330.45382,12285.0,1,1593.239990234375,0.0014
60090-01-08-01,CYGX1,BH,3,33,52440.21163,6528.0,1,1423.72998046875,0.0014
60089-03-06-01,CYGX1,BH,3,34,52322.29367,1709.0,3,1508.1199951171875,0.0005
70414-01-02-01,CYGX1,BH,3,35,52602.85226,1657.0,4,1071.6199951171875,0.0014
60090-01-10-02,CYGX1,BH,3,36,52470.0007,1775.0,2,1560.1800537109375,0.0014
60090-01-03-00,CYGX1,BH,3,37,52370.24288,1657.0,2,1413.6600341796875,0.0014
60090-01-06-01,CYGX1,BH,3,38,52415.12179,1774.0,2,1294.9200439453125,0.0014
70414-01-02-00,CYGX1,BH,3,39,52604.53585,6720.0,1,900.469970703125,0.0014
60090-01-17-02,CYGX1,BH,3,40,52565.78976,1246.0,1,1113.9100341796875,0.0014
70104-01-01-02,CYGX1,BH,3,41,52408.05929,1712.0,2,1610.1800537109375,0.0005
60090-01-12-00,CYGX1,BH,3,42,52497.8132,3296.0,2,1443.6400146484375,0.0014
70104-01-04-00,CYGX1,BH,3,43,52551.80538,2064.0,1,1224.27001953125,0.0005
60089-03-08-02,CYGX1,BH,3,44,52326.2546,1999.0,1,1793.6099853515625,0.0005
60090-01-07-01,CYGX1,BH,3,45,52426.0671,2169.0,2,1367.989990234375,0.0014
50110-01-52-00,CYGX1,BH,3,46,52385.2546,12719.0,1,912.6699829101562,0.0014
60090-01-14-01,CYGX1,BH,3,47,52524.78976,2079.0,2,1546.9000244140625,0.0014
50110-01-51-02,CYGX1,BH,3,48,52370.3757,1343.0,2,684.0700073242188,0.0014
60090-01-05-00,CYGX1,BH,3,49,52400.16085,5008.0,1,905.22998046875,0.0014
70104-01-03-00,CYGX1,BH,3,50,52550.8132,3292.0,3,1772.6700439453125,0.0005
70414-01-01-01,CYGX1,BH,3,51,52485.88351,2624.0,4,1582.31005859375,0.0014
60090-01-06-00,CYGX1,BH,3,52,52415.05538,1999.0,3,1418.8399658203125,0.0014
60090-01-19-00,CYGX1,BH,3,53,52594.6257,3007.0,1,815.47998046875,0.0014
60090-01-17-01,CYGX1,BH,3,54,52565.72335,1504.0,1,1160.6500244140625,0.0014
60090-01-18-00,CYGX1,BH,3,55,52580.67257,2047.0,1,859.1599731445312,0.0014
60090-01-06-02,CYGX1,BH,3,56,52415.1882,1416.0,2,1544.31005859375,0.0014
60090-01-12-03,CYGX1,BH,3,57,52498.07101,1602.0,2,999.6699829101562,0.0014
60090-01-07-02,CYGX1,BH,3,58,52426.13742,1852.0,1,1499.3699951171875,0.0014
60090-01-10-00,CYGX1,BH,3,59,52469.86398,2240.0,1,1645.6199951171875,0.0014
60090-01-14-00,CYGX1,BH,3,60,52524.72335,2287.0,2,1278.0799560546875,0.0014
60089-03-07-00,CYGX1,BH,3,61,52324.13742,7603.0,1,1578.8900146484375,0.0005
60090-01-14-02,CYGX1,BH,3,62,52524.86007,1729.0,2,1409.06005859375,0.0014
60090-01-12-01,CYGX1,BH,3,63,52497.8796,3296.0,1,1264.1400146484375,0.0014
60089-03-08-00,CYGX1,BH,3,64,52324.27804,2254.0,2,1875.469970703125,0.0005
60089-03-06-03,CYGX1,BH,3,65,52322.43038,1743.0,3,1961.4300537109375,0.0005
50110-01-46-00,CYGX1,BH,3,66,52341.48117,2832.0,1,1303.010009765625,0.0014
70015-04-01-02,CYGX1,BH,3,67,52534.87179,2700.0,1,1152.1199951171875,0.0014
60090-01-13-03,CYGX1,BH,3,68,52511.8757,1231.0,2,1499.9300537109375,0.0014
70104-01-01-03,CYGX1,BH,3,69,52409.04757,1789.0,2,1591.3599853515625,0.0005
60090-01-12-02,CYGX1,BH,3,70,52498.0007,1577.0,2,851.280029296875,0.0014
60090-01-15-01,CYGX1,BH,3,71,52537.70382,2561.0,2,1779.550048828125,0.0014
50110-01-51-01,CYGX1,BH,3,72,52370.30929,1584.0,2,1112.3499755859375,0.0014
60090-01-14-04,CYGX1,BH,3,73,52524.99288,1471.0,2,1520.97998046875,0.0014
60090-01-17-00,CYGX1,BH,3,74,52565.65695,1774.0,1,943.5800170898438,0.0014
60090-01-16-00,CYGX1,BH,3,75,52553.71554,8533.0,1,1669.1300048828125,0.0014
50110-01-48-02,CYGX1,BH,3,76,52358.36788,1014.0,2,1583.0,0.0014
70414-01-01-00,CYGX1,BH,3,77,52485.8171,2197.0,3,1335.030029296875,0.0014
50110-01-48-00,CYGX1,BH,3,78,52358.23117,1488.0,2,1488.5899658203125,0.0014
60090-01-19-01,CYGX1,BH,3,79,52594.75851,3243.0,1,850.8499755859375,0.0014
60090-01-02-00,CYGX1,BH,3,80,52358.16476,1895.0,2,1659.18994140625,0.0014
60090-01-39-02,CYGX1,BH,4,0,52874.95773,1279.0,2,1950.530029296875,0.0014
60090-01-25-02,CYGX1,BH,4,1,52677.45773,1726.0,2,680.8699951171875,0.0014
60090-01-36-03,CYGX1,BH,4,2,52833.07882,1678.0,2,2387.469970703125,0.0014
60090-01-38-00,CYGX1,BH,4,3,52864.8132,3456.0,2,1245.8800048828125,0.0014
60090-01-29-02,CYGX1,BH,4,4,52735.41867,1994.0,2,849.9000244140625,0.0014
60090-01-37-02,CYGX1,BH,4,5,52847.14132,1975.0,1,1562.8399658203125,0.0014
60090-01-34-02,CYGX1,BH,4,6,52806.22726,1529.0,1,2490.909912109375,0.0014
80111-01-01-00,CYGX1,BH,4,7,52749.2546,6496.0,1,866.4000244140625,0.0014
60090-01-37-01,CYGX1,BH,4,8,52846.86788,2236.0,1,1933.0799560546875,0.0014
60090-01-27-00,CYGX1,BH,4,9,52710.24288,6880.0,1,803.47998046875,0.0014
60090-01-32-01,CYGX1,BH,4,10,52776.13351,1840.0,2,1120.510009765625,0.0014
60090-01-29-04,CYGX1,BH,4,11,52735.28585,1710.0,2,911.3499755859375,0.0014
60090-01-39-00,CYGX1,BH,4,12,52874.7546,2062.0,2,1569.719970703125,0.0014
60090-01-25-03,CYGX1,BH,4,13,52677.52413,1433.0,2,700.6799926757812,0.0014
70414-01-04-01,CYGX1,BH,4,14,52614.59445,1126.0,4,987.2000122070312,0.0014
60090-01-23-01,CYGX1,BH,4,15,52649.47335,2377.0,2,482.29998779296875,0.0014
60090-01-36-00,CYGX1,BH,4,16,52832.87179,1703.0,2,2669.969970703125,0.0014
60090-01-38-02,CYGX1,BH,4,17,52865.07492,1144.0,2,1889.530029296875,0.0014
70414-01-04-03,CYGX1,BH,4,18,52615.58273,1260.0,2,1029.1199951171875,0.0014
70414-01-03-02,CYGX1,BH,4,19,52610.8171,1234.0,3,796.8300170898438,0.0014
70414-01-04-00,CYGX1,BH,4,20,52614.52804,1520.0,3,988.7000122070312,0.0014
70414-01-05-01,CYGX1,BH,4,21,52637.82101,9259.0,1,566.3200073242188,0.0014
60090-01-23-02,CYGX1,BH,4,22,52649.40695,3216.0,2,488.30999755859375,0.0014
60090-01-26-00,CYGX1,BH,4,23,52693.43429,9694.0,1,969.25,0.0014
60090-01-21-04,CYGX1,BH,4,24,52621.70773,1196.0,2,669.9199829101562,0.0014
60090-01-41-00,CYGX1,BH,4,25,52904.87179,11552.0,1,833.6099853515625,0.0014
60090-01-40-00,CYGX1,BH,4,26,52889.73507,2311.0,2,728.3499755859375,0.0014
60090-01-34-00,CYGX1,BH,4,27,52805.97335,3058.0,1,1780.43994140625,0.0014
60090-01-31-03,CYGX1,BH,4,28,52791.02023,4839.0,1,1364.2099609375,0.0014
60090-01-25-01,CYGX1,BH,4,29,52677.38742,1836.0,2,718.4299926757812,0.0014
60090-01-32-02,CYGX1,BH,4,30,52776.20382,1572.0,2,1286.030029296875,0.0014
60090-01-30-00,CYGX1,BH,4,31,52748.16867,9704.0,1,852.3900146484375,0.0014
60090-01-39-01,CYGX1,BH,4,32,52875.02413,1004.0,1,1941.47998046875,0.0014
60090-01-25-04,CYGX1,BH,4,33,52677.59054,1239.0,2,736.8699951171875,0.0014
60090-01-35-00,CYGX1,BH,4,34,52819.92648,1758.0,3,2269.080078125,0.0014
60090-01-21-02,CYGX1,BH,4,35,52621.57492,1641.0,2,709.6300048828125,0.0014
60090-01-40-02,CYGX1,BH,4,36,52889.86788,1536.0,2,997.3200073242188,0.0014
60090-01-34-03,CYGX1,BH,4,37,52806.03976,3280.0,2,2841.570068359375,0.0014
60090-01-28-00,CYGX1,BH,4,38,52720.22726,1802.0,2,867.1099853515625,0.0014
60090-01-40-03,CYGX1,BH,4,39,52889.96945,5222.0,1,896.3900146484375,0.0014
60090-01-40-01,CYGX1,BH,4,40,52889.80148,2112.0,2,822.1199951171875,0.0014
60090-01-29-03,CYGX1,BH,4,41,52735.21554,1352.0,2,922.47998046875,0.0014
70414-01-04-02,CYGX1,BH,4,42,52615.51632,1564.0,3,1234.550048828125,0.0014
60090-01-39-03,CYGX1,BH,4,43,52874.88742,1448.0,2,1317.3299560546875,0.0014
60090-01-34-01,CYGX1,BH,4,44,52806.13351,4256.0,1,2949.909912109375,0.0014
60090-01-29-01,CYGX1,BH,4,45,52735.35617,1935.0,1,882.9299926757812,0.0014
60090-01-36-04,CYGX1,BH,4,46,52833.14523,1402.0,2,2827.31005859375,0.0014
60090-01-21-03,CYGX1,BH,4,47,52621.64132,1504.0,2,637.7000122070312,0.0014
60090-01-35-03,CYGX1,BH,4,48,52820.0632,1167.0,1,2192.159912109375,0.0014
60090-01-33-00,CYGX1,BH,4,49,52791.1882,8894.0,1,1264.8800048828125,0.0014
80111-01-01-03,CYGX1,BH,4,50,52749.35226,3248.0,2,927.2999877929688,0.0014
60090-01-36-02,CYGX1,BH,4,51,52833.00851,1873.0,2,1842.239990234375,0.0014
80111-01-01-01G,CYGX1,BH,4,52,52748.39523,5357.0,1,850.9099731445312,0.0014
60090-01-31-02,CYGX1,BH,4,53,52762.29757,1041.0,2,867.489990234375,0.0014
60090-01-41-01,CYGX1,BH,4,54,52904.71163,3248.0,2,812.8099975585938,0.0014
60090-01-22-00,CYGX1,BH,4,55,52637.5632,13919.0,1,644.7000122070312,0.0014
60090-01-26-01,CYGX1,BH,4,56,52693.5671,2957.0,2,959.6199951171875,0.0014
60090-01-21-01,CYGX1,BH,4,57,52621.5007,1262.0,2,616.8099975585938,0.0014
60090-01-32-00,CYGX1,BH,4,58,52776.0671,2014.0,2,956.760009765625,0.0014
60090-01-37-00,CYGX1,BH,4,59,52847.0046,9192.0,1,2004.43994140625,0.0014
70414-01-04-04,CYGX1,BH,4,60,52616.5046,1688.0,2,854.239990234375,0.0014
80111-01-01-001,CYGX1,BH,4,61,52749.03585,16160.0,1,842.0599975585938,0.0014
80111-01-01-000,CYGX1,BH,4,62,52748.70382,13370.0,1,814.4400024414062,0.0014
70414-01-05-00,CYGX1,BH,4,63,52637.17648,9450.0,1,742.77001953125,0.0014
60090-01-28-01,CYGX1,BH,4,64,52720.36398,1213.0,2,797.6799926757812,0.0014
60090-01-30-01G,CYGX1,BH,4,65,52748.30148,2959.0,2,812.6099853515625,0.0014
60090-01-24-00,CYGX1,BH,4,66,52663.37179,1535.0,2,1257.75,0.0014
60090-01-25-00,CYGX1,BH,4,67,52677.32492,2218.0,2,702.9299926757812,0.0014
60090-01-20-02,CYGX1,BH,4,68,52607.78976,1225.0,2,702.7000122070312,0.0014
60090-01-36-01,CYGX1,BH,4,69,52832.9421,1951.0,2,2646.219970703125,0.0014
60090-01-24-02,CYGX1,BH,4,70,52663.4421,1143.0,1,954.7100219726562,0.0014
60090-01-39-04,CYGX1,BH,4,71,52874.82101,1759.0,2,1747.18994140625,0.0014
60090-01-53-00,CYGX1,BH,4,72,52909.77413,3184.0,2,953.0800170898438,0.0014
60090-01-29-00,CYGX1,BH,4,73,52735.14913,1953.0,2,998.9000244140625,0.0014
60090-01-23-00,CYGX1,BH,4,74,52649.60226,8208.0,1,592.8499755859375,0.0014
60090-01-31-00,CYGX1,BH,4,75,52762.11007,3456.0,1,827.8800048828125,0.0014
80111-01-01-02,CYGX1,BH,4,76,52748.5007,2048.0,2,896.739990234375,0.0014
60090-01-35-04,CYGX1,BH,4,77,52819.99679,1455.0,2,1988.5,0.0014
60090-01-32-03,CYGX1,BH,4,78,52776.27023,1359.0,1,1371.1500244140625,0.0014
60090-01-28-03,CYGX1,BH,4,79,52720.42648,1087.0,2,784.6599731445312,0.0014
70414-01-03-00,CYGX1,BH,4,80,52610.57882,1024.0,3,688.75,0.0014
90026-01-01-01,CYGX1,BH,5,0,53206.90695,3179.0,1,945.1900024414062,0.0005
80113-01-01-00,CYGX1,BH,5,1,53142.59445,9566.0,1,1057.1099853515625,0.0005
80110-01-05-02,CYGX1,BH,5,2,53141.21945,1810.0,1,893.0900268554688,0.0014
60090-01-46-00,CYGX1,BH,5,3,52973.59054,1376.0,2,1398.739990234375,0.0014
80110-01-05-01,CYGX1,BH,5,4,53141.14913,1999.0,1,883.3800048828125,0.0014
80110-01-02-03,CYGX1,BH,5,5,53083.38742,1061.0,2,1526.3399658203125,0.0014
60090-01-53-08,CYGX1,BH,5,6,52909.83273,1408.0,2,897.4600219726562,0.0014
80110-01-01-02,CYGX1,BH,5,7,53073.34445,1072.0,2,1552.699951171875,0.0014
60090-01-43-03,CYGX1,BH,5,8,52929.76632,1524.0,2,738.8900146484375,0.0014
80110-01-05-00,CYGX1,BH,5,9,53141.08663,2190.0,1,860.72998046875,0.0014
90126-01-02-01,CYGX1,BH,5,10,53104.72335,1280.0,1,1204.449951171875,0.0005
80110-01-08-01,CYGX1,BH,5,11,53182.04367,1481.0,2,995.2100219726562,0.0014
60090-01-43-04,CYGX1,BH,5,12,52929.83663,1311.0,2,807.52001953125,0.0014
80110-01-06-00,CYGX1,BH,5,13,53154.00851,2876.0,1,992.52001953125,0.0014
60090-01-53-11,CYGX1,BH,5,14,52912.85226,1126.0,2,980.5599975585938,0.0014
80110-01-06-01,CYGX1,BH,5,15,53154.17257,12866.0,1,948.5999755859375,0.0014
60090-01-53-04,CYGX1,BH,5,16,52913.77413,1017.0,2,1118.1400146484375,0.0014
60090-01-42-06,CYGX1,BH,5,17,52919.94992,1087.0,2,1089.300048828125,0.0014
60090-01-50-03,CYGX1,BH,5,18,53027.57882,1167.0,3,2192.989990234375,0.0014
60090-01-35-01,CYGX1,BH,5,19,53002.40695,2643.0,2,2179.199951171875,0.0014
80110-01-07-00,CYGX1,BH,5,20,53168.04367,7745.0,1,1181.8499755859375,0.0014
60090-01-45-00,CYGX1,BH,5,21,52963.55538,6720.0,1,732.719970703125,0.0014
80113-01-02-00,CYGX1,BH,5,22,53146.63351,5520.0,1,1030.239990234375,0.0005
60090-01-45-01,CYGX1,BH,5,23,52963.64132,1082.0,2,657.0700073242188,0.0014
80110-01-02-01,CYGX1,BH,5,24,53083.1882,2142.0,1,1198.93994140625,0.0014
80110-01-07-02,CYGX1,BH,5,25,53181.91085,2063.0,2,966.02001953125,0.0014
60090-01-47-00,CYGX1,BH,5,26,52985.53976,1923.0,1,1482.6700439453125,0.0014
60090-01-51-01,CYGX1,BH,5,27,53043.39523,1827.0,3,1571.0,0.0014
60090-01-54-00,CYGX1,BH,5,28,53098.34835,9087.0,1,1150.9599609375,0.0014
60090-01-47-02,CYGX1,BH,5,29,52985.67257,1628.0,1,1301.4000244140625,0.0014
60090-01-43-01,CYGX1,BH,5,30,52929.90304,1112.0,1,841.77001953125,0.0014
60090-01-53-01,CYGX1,BH,5,31,52910.75851,3265.0,3,869.0399780273438,0.0014
90126-01-01-01,CYGX1,BH,5,32,53102.61007,1754.0,1,1539.800048828125,0.0005
60090-01-53-02,CYGX1,BH,5,33,52911.74288,3344.0,1,971.1199951171875,0.0014
60090-01-50-02,CYGX1,BH,5,34,53027.44601,1582.0,2,1855.050048828125,0.0014
60090-01-47-03,CYGX1,BH,5,35,52985.73898,1471.0,1,1037.43994140625,0.0014
90126-01-03-01,CYGX1,BH,5,36,53106.6882,1664.0,2,1305.1300048828125,0.0005
60090-01-53-03,CYGX1,BH,5,37,52912.73117,3360.0,2,824.489990234375,0.0014
60090-01-50-01,CYGX1,BH,5,38,53027.51242,1376.0,2,2169.639892578125,0.0014
80110-01-05-03,CYGX1,BH,5,39,53141.28585,1711.0,1,927.4500122070312,0.0014
80110-01-04-02,CYGX1,BH,5,40,53127.24288,1182.0,2,963.6900024414062,0.0014
80110-01-03-00,CYGX1,BH,5,41,53113.11007,3168.0,2,1130.449951171875,0.0014
60090-01-54-02,CYGX1,BH,5,42,53098.14913,1888.0,2,1293.5999755859375,0.0014
60090-01-51-04,CYGX1,BH,5,43,53043.59445,2774.0,1,1582.6600341796875,0.0014
60090-01-46-01,CYGX1,BH,5,44,52973.65695,1007.0,2,922.0800170898438,0.0014
60090-01-43-00,CYGX1,BH,5,45,52929.63351,1991.0,2,833.530029296875,0.0014
80110-01-01-00,CYGX1,BH,5,46,53073.20773,1982.0,2,1152.9300537109375,0.0014
80110-01-01-01,CYGX1,BH,5,47,53073.27804,1390.0,2,1228.4000244140625,0.0014
60090-01-44-01,CYGX1,BH,5,48,53002.48507,1717.0,2,2317.590087890625,0.0014
80110-01-03-01,CYGX1,BH,5,49,53113.3757,1024.0,1,1171.530029296875,0.0014
60090-01-42-02,CYGX1,BH,5,50,52919.64523,1823.0,2,862.4099731445312,0.0014
80110-01-08-02,CYGX1,BH,5,51,53182.11007,1150.0,2,968.260009765625,0.0014
90126-01-03-00,CYGX1,BH,5,52,53106.61788,1920.0,2,1195.010009765625,0.0005
60090-01-51-02,CYGX1,BH,5,53,53043.46163,2047.0,2,1769.0999755859375,0.0014
60090-01-53-10,CYGX1,BH,5,54,52911.86788,1271.0,2,881.780029296875,0.0014
80110-01-09-00,CYGX1,BH,5,55,53196.02023,1958.0,1,1211.18994140625,0.0014
80110-01-07-01,CYGX1,BH,5,56,53168.17648,1142.0,1,1082.449951171875,0.0014
80110-01-09-01,CYGX1,BH,5,57,53195.94992,2184.0,1,1129.0699462890625,0.0014
90126-01-02-00G,CYGX1,BH,5,58,53104.64523,2432.0,1,1115.5799560546875,0.0005
60090-01-52-00,CYGX1,BH,5,59,53055.46163,14924.0,1,2123.7099609375,0.0014
80110-01-02-04,CYGX1,BH,5,60,53083.45773,1342.0,2,1426.06005859375,0.0014
60090-01-44-00,CYGX1,BH,5,61,52952.68429,16117.0,1,968.1199951171875,0.0014
80113-01-02-01,CYGX1,BH,5,62,53146.52804,3008.0,3,1032.7099609375,0.0005
60090-01-51-03,CYGX1,BH,5,63,53043.52804,2178.0,2,1492.280029296875,0.0014
60090-01-46-04,CYGX1,BH,5,64,52973.52413,1581.0,2,947.22998046875,0.0014
80110-01-02-00,CYGX1,BH,5,65,53083.2546,1951.0,1,1191.4000244140625,0.0014
60090-01-48-00,CYGX1,BH,5,66,53002.60617,9696.0,1,2348.840087890625,0.0014
80110-01-02-02,CYGX1,BH,5,67,53083.32101,1727.0,2,1264.530029296875,0.0014
60090-01-42-03,CYGX1,BH,5,68,52919.71163,1230.0,2,931.97998046875,0.0014
60090-01-47-01,CYGX1,BH,5,69,52985.60617,1823.0,1,1282.9300537109375,0.0014
60090-01-54-01,CYGX1,BH,5,70,53098.21945,2462.0,2,1256.0699462890625,0.0014
60090-01-43-02,CYGX1,BH,5,71,52929.69992,1823.0,2,767.8599853515625,0.0014
60090-01-53-06,CYGX1,BH,5,72,52913.84445,1136.0,1,1049.1300048828125,0.0014
60090-01-49-00,CYGX1,BH,5,73,53017.39913,4182.0,1,2022.550048828125,0.0014
60090-01-51-00,CYGX1,BH,5,74,53043.32882,1897.0,2,1641.719970703125,0.0014
60090-01-53-09,CYGX1,BH,5,75,52910.88351,1280.0,2,853.52001953125,0.0014
90026-01-01-00,CYGX1,BH,5,76,53205.92257,3170.0,1,984.530029296875,0.0005
60090-01-50-00,CYGX1,BH,5,77,53027.3796,1840.0,3,1680.6099853515625,0.0014
80110-01-07-03,CYGX1,BH,5,78,53181.97726,1606.0,2,949.0499877929688,0.0014
80110-01-08-00,CYGX1,BH,5,79,53181.84445,2447.0,2,946.5399780273438,0.0014
80110-01-12-03,CYGX1,BH,6,0,53241.95773,1710.0,2,1183.510009765625,0.0014
80110-01-15-02,CYGX1,BH,6,1,53279.82492,1151.0,1,1488.8800048828125,0.0014
80110-01-12-02,CYGX1,BH,6,2,53241.89132,1801.0,2,1199.719970703125,0.0014
90104-01-03-00,CYGX1,BH,6,3,53335.89913,1661.0,2,1060.9000244140625,0.0014
90104-01-03-02,CYGX1,BH,6,4,53336.23507,2442.0,1,1291.72998046875,0.0014
90104-01-01-01,CYGX1,BH,6,5,53323.49288,3440.0,2,1007.260009765625,0.0014
90414-03-03-00,CYGX1,BH,6,6,53357.33663,2350.0,2,903.010009765625,0.0014
80110-01-23-04,CYGX1,BH,6,7,53391.65695,1311.0,2,2107.0400390625,0.0014
90026-01-03-01,CYGX1,BH,6,8,53210.90695,2634.0,1,994.2899780273438,0.0005
90026-01-02-00,CYGX1,BH,6,9,53207.95382,3229.0,4,923.5700073242188,0.0005
80110-01-20-04,CYGX1,BH,6,10,53352.74679,2624.0,1,1668.8599853515625,0.0014
80110-01-14-00,CYGX1,BH,6,11,53267.73117,3312.0,1,1660.0999755859375,0.0014
90104-01-02-01,CYGX1,BH,6,12,53329.98507,1820.0,2,872.530029296875,0.0014
80110-01-22-02,CYGX1,BH,6,13,53378.47335,1184.0,1,1601.8299560546875,0.0014
80110-01-17-02,CYGX1,BH,6,14,53309.58663,2093.0,2,997.719970703125,0.0014
80110-01-13-02,CYGX1,BH,6,15,53251.89132,5910.0,1,911.3099975585938,0.0014
80110-01-19-03,CYGX1,BH,6,16,53339.71163,1503.0,2,1138.969970703125,0.0014
90127-01-01-06,CYGX1,BH,6,17,53403.11788,15174.0,1,1223.699951171875,0.0014
80110-01-19-04,CYGX1,BH,6,18,53339.78195,1295.0,2,1240.2099609375,0.0014
90127-01-01-09,CYGX1,BH,6,19,53403.38351,2429.0,2,1262.8199462890625,0.0014
90104-01-02-02,CYGX1,BH,6,20,53329.91867,1359.0,3,935.4400024414062,0.0014
80110-01-16-04,CYGX1,BH,6,21,53293.92257,1818.0,1,1778.1400146484375,0.0014
90127-01-01-05,CYGX1,BH,6,22,53402.40304,2303.0,2,1555.5699462890625,0.0014
80110-01-12-00,CYGX1,BH,6,23,53241.75851,2334.0,2,937.4000244140625,0.0014
80110-01-20-02,CYGX1,BH,6,24,53352.48898,2127.0,1,1324.969970703125,0.0014
80110-01-19-00,CYGX1,BH,6,25,53339.50851,1943.0,2,1075.02001953125,0.0014
90026-01-02-01,CYGX1,BH,6,26,53208.9382,3170.0,1,901.739990234375,0.0005
80110-01-20-00,CYGX1,BH,6,27,53352.68429,2947.0,1,1487.1800537109375,0.0014
80110-01-10-00,CYGX1,BH,6,28,53213.89132,6408.0,1,1173.050048828125,0.0014
90104-01-02-00,CYGX1,BH,6,29,53330.21945,13816.0,1,1329.510009765625,0.0014
90127-01-01-04,CYGX1,BH,6,30,53402.33273,2510.0,2,1643.719970703125,0.0014
80110-01-15-01,CYGX1,BH,6,31,53279.7546,1319.0,2,1603.5400390625,0.0014
90104-01-04-02,CYGX1,BH,6,32,53342.24679,1342.0,2,997.4400024414062,0.0014
80110-01-20-01,CYGX1,BH,6,33,53352.55538,2063.0,1,1359.010009765625,0.0014
80110-01-23-03,CYGX1,BH,6,34,53391.59054,1487.0,2,1503.0999755859375,0.0014
80110-01-17-01,CYGX1,BH,6,35,53309.65695,3167.0,3,1036.6300048828125,0.0014
80110-01-14-01,CYGX1,BH,6,36,53267.79757,3291.0,1,1987.77001953125,0.0014
90104-01-04-00,CYGX1,BH,6,37,53342.09445,8786.0,1,1224.8199462890625,0.0014
90127-01-01-00,CYGX1,BH,6,38,53402.59835,15382.0,1,1575.030029296875,0.0014
90127-01-01-07,CYGX1,BH,6,39,53404.29757,2526.0,2,1168.25,0.0014
80110-01-16-03,CYGX1,BH,6,40,53293.86007,1625.0,1,1503.6500244140625,0.0014
80110-01-22-03,CYGX1,BH,6,41,53378.65695,1248.0,1,849.6300048828125,0.0014
80110-01-20-03,CYGX1,BH,6,42,53352.61788,2381.0,1,1640.9300537109375,0.0014
80110-01-23-01,CYGX1,BH,6,43,53391.45382,1806.0,2,1697.4000244140625,0.0014
90104-01-03-01,CYGX1,BH,6,44,53336.05929,12880.0,1,1290.5,0.0014
80110-01-11-01,CYGX1,BH,6,45,53226.0671,1152.0,2,1017.5599975585938,0.0014
90127-01-01-01,CYGX1,BH,6,46,53404.04757,15284.0,1,1698.239990234375,0.0014
80110-01-22-01,CYGX1,BH,6,47,53378.40695,1647.0,1,1339.02001953125,0.0014
80110-01-14-03,CYGX1,BH,6,48,53267.92257,1024.0,1,1419.199951171875,0.0014
80110-01-14-02,CYGX1,BH,6,49,53267.98898,1152.0,1,1612.6800537109375,0.0014
80110-01-15-00,CYGX1,BH,6,50,53279.6882,1711.0,3,1432.8900146484375,0.0014
90104-01-02-03,CYGX1,BH,6,51,53330.05148,2100.0,2,897.1699829101562,0.0014
80110-01-10-02G,CYGX1,BH,6,52,53214.11788,1536.0,1,1040.81005859375,0.0014
90104-01-01-00,CYGX1,BH,6,53,53324.11788,10900.0,1,1534.2900390625,0.0014
80110-01-10-03,CYGX1,BH,6,54,53213.98898,3264.0,1,1259.449951171875,0.0014
80110-01-10-01,CYGX1,BH,6,55,53214.05148,1408.0,1,1147.739990234375,0.0014
80110-01-19-01,CYGX1,BH,6,56,53339.57882,1920.0,2,963.6500244140625,0.0014
80110-01-23-02,CYGX1,BH,6,57,53391.52413,1575.0,2,1747.0999755859375,0.0014
80110-01-19-02,CYGX1,BH,6,58,53339.64523,1711.0,2,1271.77001953125,0.0014
90026-01-03-00,CYGX1,BH,6,59,53209.92257,3248.0,2,1310.8299560546875,0.0005
80110-01-13-01,CYGX1,BH,6,60,53251.79367,2527.0,2,936.3300170898438,0.0014
80110-01-12-01,CYGX1,BH,6,61,53241.82492,2127.0,2,1177.68994140625,0.0014
80110-01-23-00,CYGX1,BH,6,62,53391.38742,1942.0,2,1634.260009765625,0.0014
90127-01-01-08,CYGX1,BH,6,63,53403.3171,2535.0,2,1206.949951171875,0.0014
80110-01-18-00,CYGX1,BH,6,64,53321.59835,2188.0,2,1007.739990234375,0.0014
90104-01-01-03,CYGX1,BH,6,65,53323.55929,3456.0,2,1018.7000122070312,0.0014
80110-01-13-00,CYGX1,BH,6,66,53251.72726,2628.0,2,1002.3400268554688,0.0014
80110-01-17-00,CYGX1,BH,6,67,53309.78585,9547.0,1,2008.3699951171875,0.0014
80110-01-18-04,CYGX1,BH,6,68,53321.66085,1318.0,2,1030.97998046875,0.0014
80110-01-21-00,CYGX1,BH,6,69,53366.54367,11232.0,1,1601.3499755859375,0.0014
80110-01-16-02,CYGX1,BH,6,70,53293.79367,1667.0,2,1312.989990234375,0.0014
90127-01-01-11,CYGX1,BH,6,71,53403.77023,2688.0,2,1378.3299560546875,0.0014
80110-01-11-00,CYGX1,BH,6,72,53226.1257,1071.0,2,1380.68994140625,0.0014
90026-01-03-03,CYGX1,BH,6,73,53210.97335,3248.0,1,1010.3800048828125,0.0005
90127-01-01-10,CYGX1,BH,6,74,53403.53976,11168.0,1,1392.72998046875,0.0014
80110-01-18-03,CYGX1,BH,6,75,53321.84445,1224.0,2,1291.780029296875,0.0014
80110-01-16-00,CYGX1,BH,6,76,53293.65695,2191.0,2,1516.489990234375,0.0014
80110-01-16-01,CYGX1,BH,6,77,53293.72335,1864.0,2,1771.8299560546875,0.0014
90026-01-03-02,CYGX1,BH,6,78,53209.98898,3164.0,1,1389.219970703125,0.0005
90104-01-04-01,CYGX1,BH,6,79,53341.93038,7172.0,1,1348.68994140625,0.0014
91096-01-01-01,CYGX1,BH,7,0,53435.32492,1648.0,1,2024.489990234375,0.0011
80110-01-28-01,CYGX1,BH,7,1,53622.96945,1280.0,2,662.4600219726562,0.0014
90127-01-02-000,CYGX1,BH,7,2,53408.50851,16488.0,1,1498.02001953125,0.0014
80110-01-27-01,CYGX1,BH,7,3,53605.78195,4993.0,1,1031.1199951171875,0.0014
80110-01-30-01,CYGX1,BH,7,4,53643.76632,1867.0,2,1024.8599853515625,0.0014
91096-01-08-00,CYGX1,BH,7,5,53539.94992,1995.0,1,898.7999877929688,0.0011
90127-01-02-02,CYGX1,BH,7,6,53409.34445,3155.0,2,1788.6600341796875,0.0014
90127-01-02-04,CYGX1,BH,7,7,53410.26242,2942.0,2,1739.550048828125,0.0014
80110-01-24-00,CYGX1,BH,7,8,53584.11788,1376.0,1,764.3800048828125,0.0014
90127-01-01-13,CYGX1,BH,7,9,53404.6921,3164.0,3,2055.4599609375,0.0014
80110-01-25-01,CYGX1,BH,7,10,53420.55148,1470.0,2,1651.6700439453125,0.0014
90127-01-02-06,CYGX1,BH,7,11,53411.24679,3022.0,2,2656.72998046875,0.0014
91429-01-01-00,CYGX1,BH,7,12,53648.32101,6470.0,1,1291.5899658203125,0.0011
80110-01-24-04,CYGX1,BH,7,13,53584.0007,1115.0,1,646.3099975585938,0.0014
90127-01-01-14,CYGX1,BH,7,14,53404.7546,2560.0,1,2031.1700439453125,0.0014
91096-01-09-01,CYGX1,BH,7,15,53552.92257,2351.0,1,642.0599975585938,0.0011
91096-01-06-01,CYGX1,BH,7,16,53513.16085,6379.0,1,1052.8800048828125,0.0011
90127-01-02-11,CYGX1,BH,7,17,53410.32882,3152.0,1,1814.18994140625,0.0014
91096-01-04-02,CYGX1,BH,7,18,53476.41085,1200.0,1,1022.760009765625,0.0011
90127-01-01-02,CYGX1,BH,7,19,53404.49679,9209.0,1,1522.93994140625,0.0014
91096-01-01-02,CYGX1,BH,7,20,53435.39132,1450.0,1,1953.969970703125,0.0011
90127-01-02-03,CYGX1,BH,7,21,53409.60617,3160.0,2,1889.22998046875,0.0014
91096-01-10-00,CYGX1,BH,7,22,53565.90695,9605.0,1,650.0700073242188,0.0011
91096-01-03-00,CYGX1,BH,7,23,53461.2546,10809.0,1,2504.3701171875,0.0011
91096-01-08-01,CYGX1,BH,7,24,53540.01632,1758.0,1,826.6500244140625,0.0011
91096-01-01-03,CYGX1,BH,7,25,53435.45773,1198.0,1,1843.8900146484375,0.0011
91096-01-02-04,CYGX1,BH,7,26,53447.45382,1816.0,1,1331.9200439453125,0.0011
90127-01-02-01,CYGX1,BH,7,27,53409.18038,6268.0,1,2051.5400390625,0.0014
91096-01-08-02,CYGX1,BH,7,28,53540.08273,1695.0,1,818.5499877929688,0.0011
90127-01-02-010,CYGX1,BH,7,29,53408.96554,14400.0,1,1690.6099853515625,0.0014
90127-01-01-15,CYGX1,BH,7,30,53405.11398,11581.0,1,1509.68994140625,0.0014
80110-01-29-01,CYGX1,BH,7,31,53635.77413,1536.0,1,955.97998046875,0.0014
91096-01-02-01,CYGX1,BH,7,32,53447.1882,2266.0,2,1041.4000244140625,0.0011
80110-01-27-00,CYGX1,BH,7,33,53605.8796,2351.0,1,1017.5,0.0014
80110-01-30-00,CYGX1,BH,7,34,53643.69992,2006.0,2,1030.8800048828125,0.0014
80110-01-24-01,CYGX1,BH,7,35,53566.09054,3232.0,2,651.1599731445312,0.0014
91096-01-08-03,CYGX1,BH,7,36,53540.15304,1468.0,1,846.4500122070312,0.0011
80110-01-30-04,CYGX1,BH,7,37,53643.96554,1216.0,1,1052.550048828125,0.0014
80110-01-25-00,CYGX1,BH,7,38,53420.32492,6624.0,1,1347.949951171875,0.0014
91096-01-02-03,CYGX1,BH,7,39,53447.38742,1758.0,1,1158.5999755859375,0.0011
80110-01-26-03,CYGX1,BH,7,40,53591.99679,1381.0,1,733.0999755859375,0.0014
90127-01-01-16,CYGX1,BH,7,41,53405.28195,2719.0,2,2026.6400146484375,0.0014
80110-01-26-04,CYGX1,BH,7,42,53592.0632,1310.0,1,763.6400146484375,0.0014
90127-01-02-07,CYGX1,BH,7,43,53410.78976,2176.0,2,1852.0400390625,0.0014
90127-01-01-12,CYGX1,BH,7,44,53404.36788,2510.0,2,1160.030029296875,0.0014
80110-01-24-02,CYGX1,BH,7,45,53583.86788,1583.0,1,677.9600219726562,0.0014
91096-01-05-03,CYGX1,BH,7,46,53489.28585,1448.0,2,1109.3199462890625,0.0011
91096-01-05-01,CYGX1,BH,7,47,53489.21554,1647.0,2,1322.2900390625,0.0011
80110-01-29-02,CYGX1,BH,7,48,53635.84054,1116.0,1,855.5900268554688,0.0014
91096-01-04-00,CYGX1,BH,7,49,53476.1882,4928.0,1,1177.9599609375,0.0011
91096-01-02-02,CYGX1,BH,7,50,53447.32101,1896.0,2,1329.0,0.0011
80110-01-30-03,CYGX1,BH,7,51,53643.89913,1309.0,2,1027.56005859375,0.0014
90127-01-02-05,CYGX1,BH,7,52,53410.49288,12864.0,1,2391.449951171875,0.0014
90127-01-01-03,CYGX1,BH,7,53,53404.90304,8500.0,1,1681.1400146484375,0.0014
91096-01-09-00,CYGX1,BH,7,54,53553.15304,5694.0,1,613.280029296875,0.0011
91096-01-05-02,CYGX1,BH,7,55,53489.14913,1877.0,1,974.3499755859375,0.0011
90127-01-02-08,CYGX1,BH,7,56,53411.57492,3216.0,2,2100.909912109375,0.0014
90127-01-02-12,CYGX1,BH,7,57,53409.4421,6408.0,1,1442.5899658203125,0.0014
90127-01-02-09,CYGX1,BH,7,58,53408.11007,9634.0,2,1227.43994140625,0.0014
91096-01-05-00,CYGX1,BH,7,59,53489.08273,2140.0,1,889.1599731445312,0.0011
91096-01-01-00,CYGX1,BH,7,60,53435.25851,1918.0,1,2463.830078125,0.0011
80110-01-26-00,CYGX1,BH,7,61,53591.86007,1879.0,1,816.8400268554688,0.0014
80110-01-27-03G,CYGX1,BH,7,62,53606.00851,3216.0,1,857.530029296875,0.0014
90127-01-02-10,CYGX1,BH,7,63,53410.99288,14594.0,1,1880.5400390625,0.0014
91096-01-02-00,CYGX1,BH,7,64,53447.2546,2158.0,1,1160.4000244140625,0.0011
91096-01-06-00,CYGX1,BH,7,65,53513.0632,3216.0,1,1068.510009765625,0.0011
80110-01-30-02,CYGX1,BH,7,66,53643.83273,1531.0,2,1000.8300170898438,0.0014
90127-01-02-00,CYGX1,BH,7,67,53408.6921,1792.0,2,1558.6099853515625,0.0014
80110-01-24-03,CYGX1,BH,7,68,53583.93429,1315.0,1,626.0499877929688,0.0014
91096-01-03-01,CYGX1,BH,7,69,53461.40304,3168.0,1,2479.81005859375,0.0011
90127-01-02-15,CYGX1,BH,7,70,53409.80929,2432.0,1,2683.489990234375,0.0014
91096-01-10-01,CYGX1,BH,7,71,53566.02413,3232.0,1,635.6400146484375,0.0011
91096-01-05-04,CYGX1,BH,7,72,53489.35226,1279.0,2,1076.1500244140625,0.0011
80110-01-27-02,CYGX1,BH,7,73,53605.94601,2691.0,1,897.5399780273438,0.0014
80110-01-28-00,CYGX1,BH,7,74,53622.80538,11216.0,1,821.6699829101562,0.0014
90127-01-02-13,CYGX1,BH,7,75,53411.41085,12928.0,1,2202.7099609375,0.0014
91096-01-09-02,CYGX1,BH,7,76,53552.98898,2184.0,2,595.3499755859375,0.0011
90127-01-02-14,CYGX1,BH,7,77,53409.73898,2304.0,1,3135.919921875,0.0014
80110-01-29-00,CYGX1,BH,7,78,53635.70773,1791.0,1,912.5599975585938,0.0014
80110-01-25-02,CYGX1,BH,7,79,53420.48507,1271.0,1,1548.6300048828125,0.0014
92090-01-09-00,CYGX1,BH,8,0,53913.10617,12287.0,1,702.8900146484375,0.0011
92090-01-03-02,CYGX1,BH,8,1,53828.43429,1280.0,1,1295.6400146484375,0.0011
92090-01-01-02,CYGX1,BH,8,2,53799.37179,1834.0,1,1014.1400146484375,0.0011
92090-01-08-02,CYGX1,BH,8,3,53897.10226,1770.0,2,361.1700134277344,0.0011
92090-01-02-02,CYGX1,BH,8,4,53811.34835,2905.0,2,1956.030029296875,0.0011
80110-01-39-04,CYGX1,BH,8,5,53773.46945,1534.0,2,1331.0699462890625,0.0014
92090-01-10-02,CYGX1,BH,8,6,53927.14132,1460.0,1,905.5,0.0011
80110-01-34-04,CYGX1,BH,8,7,53699.79367,1824.0,1,1360.449951171875,0.0014
92090-01-05-02,CYGX1,BH,8,8,53857.20773,2069.0,1,1346.1500244140625,0.0011
80110-01-36-01,CYGX1,BH,8,9,53727.61007,1090.0,1,1357.6500244140625,0.0014
92090-01-05-00,CYGX1,BH,8,10,53857.07492,2480.0,1,1371.2900390625,0.0011
80110-01-37-01,CYGX1,BH,8,11,53747.48507,1903.0,1,1352.5899658203125,0.0014
92090-01-04-01,CYGX1,BH,8,12,53841.22726,1590.0,1,1766.9000244140625,0.0011
92090-01-02-00,CYGX1,BH,8,13,53811.21945,2496.0,1,1457.3399658203125,0.0011
80110-01-38-02,CYGX1,BH,8,14,53758.48507,2066.0,2,1212.1099853515625,0.0014
80110-01-40-01,CYGX1,BH,8,15,53785.35617,1292.0,1,1022.2899780273438,0.0014
80110-01-34-02,CYGX1,BH,8,16,53699.52023,1949.0,2,1230.760009765625,0.0014
80110-01-40-00,CYGX1,BH,8,17,53785.28585,1431.0,1,1001.3900146484375,0.0014
80110-01-34-01,CYGX1,BH,8,18,53699.65695,1855.0,2,1211.77001953125,0.0014
92090-01-02-01,CYGX1,BH,8,19,53811.28585,2736.0,1,2041.9599609375,0.0011
92090-01-11-01,CYGX1,BH,8,20,53937.90304,1384.0,1,893.8599853515625,0.0011
80110-01-32-00,CYGX1,BH,8,21,53673.63742,8623.0,1,1124.989990234375,0.0014
80110-01-39-03,CYGX1,BH,8,22,53773.60226,1626.0,2,1098.050048828125,0.0014
92090-01-11-02,CYGX1,BH,8,23,53937.96945,1231.0,1,895.3099975585938,0.0011
80110-01-34-00,CYGX1,BH,8,24,53699.59054,2047.0,2,1226.489990234375,0.0014
80110-01-35-02,CYGX1,BH,8,25,53715.63742,2642.0,2,1532.5899658203125,0.0014
92090-01-06-01,CYGX1,BH,8,26,53870.82882,3232.0,1,1276.77001953125,0.0011
80110-01-32-03,CYGX1,BH,8,27,53673.7546,1197.0,1,1227.280029296875,0.0014
92090-01-01-03,CYGX1,BH,8,28,53799.4382,1679.0,1,1063.0899658203125,0.0011
92090-01-05-03,CYGX1,BH,8,29,53857.27413,2444.0,1,1122.489990234375,0.0011
92090-01-07-02,CYGX1,BH,8,30,53882.27413,1024.0,1,851.1599731445312,0.0011
80110-01-38-01,CYGX1,BH,8,31,53758.42257,2296.0,2,1200.4200439453125,0.0014
92090-01-01-00,CYGX1,BH,8,32,53799.23507,2011.0,1,1029.699951171875,0.0011
80110-01-33-00,CYGX1,BH,8,33,53685.57101,1711.0,1,1468.3599853515625,0.0014
92090-01-08-04,CYGX1,BH,8,34,53897.23507,1311.0,2,504.5400085449219,0.0011
80110-01-40-04,CYGX1,BH,8,35,53785.58663,1016.0,1,1154.3299560546875,0.0014
80110-01-32-01,CYGX1,BH,8,36,53673.82492,1408.0,2,1162.5899658203125,0.0014
92090-01-10-01,CYGX1,BH,8,37,53927.07882,1152.0,1,939.280029296875,0.0011
92090-01-04-00,CYGX1,BH,8,38,53841.16476,1838.0,4,1561.5699462890625,0.0011
80110-01-36-02,CYGX1,BH,8,39,53727.68038,1232.0,2,1249.239990234375,0.0014
92090-01-03-03,CYGX1,BH,8,40,53828.30538,1024.0,1,2608.610107421875,0.0011
92090-01-02-04,CYGX1,BH,8,41,53811.41476,2671.0,2,1532.4100341796875,0.0011
80110-01-37-00,CYGX1,BH,8,42,53747.41867,1949.0,1,1240.780029296875,0.0014
92090-01-09-01,CYGX1,BH,8,43,53912.9421,2607.0,1,799.4000244140625,0.0011
80110-01-37-04,CYGX1,BH,8,44,53747.55148,1562.0,1,1140.0899658203125,0.0014
80110-01-37-02,CYGX1,BH,8,45,53747.61788,1486.0,1,1239.739990234375,0.0014
80110-01-36-04,CYGX1,BH,8,46,53727.48898,3376.0,1,1222.4300537109375,0.0014
80110-01-35-00,CYGX1,BH,8,47,53715.5046,2855.0,3,1380.5999755859375,0.0014
80110-01-38-00,CYGX1,BH,8,48,53758.35226,2430.0,2,1199.1500244140625,0.0014
92090-01-08-00,CYGX1,BH,8,49,53896.96945,2078.0,2,488.0,0.0011
80110-01-36-00,CYGX1,BH,8,50,53727.43038,2530.0,1,1202.3900146484375,0.0014
80110-01-31-00,CYGX1,BH,8,51,53658.79757,12175.0,1,1058.8299560546875,0.0014
92090-01-08-03,CYGX1,BH,8,52,53897.16867,1423.0,2,412.6499938964844,0.0011
92090-01-05-01,CYGX1,BH,8,53,53857.14132,2271.0,2,1546.3299560546875,0.0011
80110-01-34-03,CYGX1,BH,8,54,53699.71945,1280.0,2,1479.1500244140625,0.0014
80110-01-35-04,CYGX1,BH,8,55,53715.72335,5489.0,1,1297.300048828125,0.0014
92090-01-05-04,CYGX1,BH,8,56,53857.33273,2852.0,1,1047.1600341796875,0.0011
92090-01-03-00,CYGX1,BH,8,57,53828.18038,3261.0,2,2869.9599609375,0.0011
92090-01-03-01,CYGX1,BH,8,58,53828.37179,1115.0,1,2152.530029296875,0.0011
92090-01-10-00,CYGX1,BH,8,59,53926.94992,9851.0,1,840.469970703125,0.0011
80110-01-36-03,CYGX1,BH,8,60,53727.74679,1382.0,2,1567.81005859375,0.0014
80110-01-39-00,CYGX1,BH,8,61,53773.35226,3280.0,1,1064.56005859375,0.0014
80110-01-33-01,CYGX1,BH,8,62,53685.64132,1319.0,1,1483.5899658203125,0.0014
92090-01-07-00,CYGX1,BH,8,63,53882.02023,3440.0,2,826.9000244140625,0.0011
92090-01-04-02,CYGX1,BH,8,64,53841.29757,1355.0,1,1833.6500244140625,0.0011
92090-01-01-01,CYGX1,BH,8,65,53799.30148,2048.0,1,989.47998046875,0.0011
92090-01-01-04,CYGX1,BH,8,66,53799.5046,1390.0,1,1082.0799560546875,0.0011
80110-01-32-02,CYGX1,BH,8,67,53673.88742,1517.0,2,1062.5999755859375,0.0014
80110-01-39-01,CYGX1,BH,8,68,53773.54367,1152.0,2,1226.02001953125,0.0014
92090-01-06-00,CYGX1,BH,8,69,53871.17257,11424.0,1,1226.77001953125,0.0011
80110-01-33-03,CYGX1,BH,8,70,53685.70773,1168.0,2,1258.5799560546875,0.0014
92090-01-07-03,CYGX1,BH,8,71,53882.08663,1568.0,1,890.22998046875,0.0011
80110-01-37-03,CYGX1,BH,8,72,53747.68429,1408.0,1,1151.0,0.0014
80110-01-35-03,CYGX1,BH,8,73,53715.57101,2493.0,3,1367.6099853515625,0.0014
92090-01-02-03,CYGX1,BH,8,74,53811.47335,2794.0,1,1407.3800048828125,0.0011
92090-01-04-03,CYGX1,BH,8,75,53841.36398,1210.0,1,1955.93994140625,0.0011
80110-01-39-02,CYGX1,BH,8,76,53773.41867,3126.0,2,1110.81005859375,0.0014
92090-01-08-01,CYGX1,BH,8,77,53897.03585,1983.0,2,425.8800048828125,0.0011
92090-01-11-00,CYGX1,BH,8,78,53937.83663,1935.0,2,929.1300048828125,0.0011
92090-01-03-04,CYGX1,BH,8,79,53828.24679,3301.0,1,2504.239990234375,0.0011
80110-01-51-00,CYGX1,BH,9,0,54149.27804,2174.0,2,748.9500122070312,0.0011
92090-01-17-02,CYGX1,BH,9,1,54233.3171,1325.0,2,480.67999267578125,0.0011
80110-01-51-03,CYGX1,BH,9,2,54149.47335,1199.0,1,621.6199951171875,0.0011
80110-01-43-02,CYGX1,BH,9,3,54038.6257,1356.0,2,1055.72998046875,0.0011
80110-01-47-00,CYGX1,BH,9,4,54092.44992,1839.0,1,997.9299926757812,0.0011
80110-01-41-02,CYGX1,BH,9,5,54009.67257,2176.0,1,997.9299926757812,0.0011
80110-01-44-00,CYGX1,BH,9,6,54053.55148,2162.0,2,809.5700073242188,0.0011
92090-01-15-00,CYGX1,BH,9,7,53996.71163,2078.0,2,903.1500244140625,0.0011
80110-01-47-01,CYGX1,BH,9,8,54092.58273,1327.0,2,967.4299926757812,0.0011
80110-01-47-02,CYGX1,BH,9,9,54092.51632,1429.0,2,974.4000244140625,0.0011
92090-01-19-01,CYGX1,BH,9,10,54262.13351,2163.0,1,675.760009765625,0.0011
80110-01-50-01,CYGX1,BH,9,11,54135.41085,2370.0,1,807.2100219726562,0.0011
92090-01-14-03,CYGX1,BH,9,12,53981.04367,1280.0,1,812.1099853515625,0.0011
92090-01-15-02,CYGX1,BH,9,13,53996.84835,1527.0,1,873.5800170898438,0.0011
92090-01-18-02,CYGX1,BH,9,14,54246.16867,1390.0,2,606.5800170898438,0.0011
80110-01-46-01,CYGX1,BH,9,15,54079.55929,4173.0,2,850.6799926757812,0.0011
80110-01-46-00,CYGX1,BH,9,16,54079.46945,2485.0,2,883.510009765625,0.0011
80110-01-52-01,CYGX1,BH,9,17,54162.23117,2352.0,1,564.22998046875,0.0011
80110-01-55-02,CYGX1,BH,9,18,54205.2507,1778.0,2,492.9200134277344,0.0011
80110-01-48-01,CYGX1,BH,9,19,54105.67257,1798.0,2,791.6300048828125,0.0011
80110-01-44-03,CYGX1,BH,9,20,54053.7507,1591.0,1,864.0700073242188,0.0011
80110-01-44-02,CYGX1,BH,9,21,54053.68429,1712.0,2,807.2899780273438,0.0011
80110-01-53-01,CYGX1,BH,9,22,54176.49288,1617.0,1,625.1500244140625,0.0011
80110-01-47-03,CYGX1,BH,9,23,54092.70773,1019.0,1,896.4299926757812,0.0011
80110-01-55-03,CYGX1,BH,9,24,54205.3171,1678.0,1,517.260009765625,0.0011
92090-01-12-02,CYGX1,BH,9,25,53953.94601,1782.0,1,1008.2000122070312,0.0011
92090-01-19-02,CYGX1,BH,9,26,54262.0671,2018.0,1,590.6599731445312,0.0011
80110-01-52-00,CYGX1,BH,9,27,54162.46163,5784.0,1,533.4000244140625,0.0011
80110-01-45-01,CYGX1,BH,9,28,54065.78585,3195.0,2,996.260009765625,0.0011
80110-01-41-01,CYGX1,BH,9,29,54009.74288,2111.0,1,1005.2000122070312,0.0011
92090-01-15-03,CYGX1,BH,9,30,53996.91476,1390.0,2,866.9299926757812,0.0011
92090-01-17-11,CYGX1,BH,9,31,54238.35617,1133.0,2,384.4200134277344,0.0011
80110-01-41-03,CYGX1,BH,9,32,54009.80538,2187.0,2,1111.5,0.0011
92090-01-17-01,CYGX1,BH,9,33,54233.2507,1152.0,2,489.4800109863281,0.0011
92090-01-14-00,CYGX1,BH,9,34,53980.8171,4976.0,1,839.2100219726562,0.0011
80110-01-49-00,CYGX1,BH,9,35,54121.50851,14509.0,1,734.280029296875,0.0011
80110-01-48-00,CYGX1,BH,9,36,54105.40695,2286.0,2,871.469970703125,0.0011
80110-01-55-00,CYGX1,BH,9,37,54205.11788,2271.0,2,502.4700012207031,0.0011
92090-01-14-02,CYGX1,BH,9,38,53980.97726,1138.0,2,731.5900268554688,0.0011
80110-01-55-04,CYGX1,BH,9,39,54205.38351,1573.0,2,532.3599853515625,0.0011
92090-01-12-00,CYGX1,BH,9,40,53953.8132,2166.0,1,949.219970703125,0.0011
80110-01-41-00G,CYGX1,BH,9,41,54009.89913,5264.0,1,998.25,0.0011
92130-01-01-00,CYGX1,BH,9,42,54171.02023,4695.0,1,660.9299926757812,0.0
92090-01-12-01,CYGX1,BH,9,43,53953.8796,1981.0,2,1023.969970703125,0.0011
80110-01-44-04,CYGX1,BH,9,44,54053.8171,1627.0,1,926.8599853515625,0.0011
92090-01-18-00,CYGX1,BH,9,45,54246.03585,1903.0,2,696.0399780273438,0.0011
92090-01-18-03,CYGX1,BH,9,46,54246.23507,1232.0,1,680.1099853515625,0.0011
80110-01-53-02,CYGX1,BH,9,47,54176.23117,2297.0,1,683.5399780273438,0.0011
80110-01-44-01,CYGX1,BH,9,48,54053.61788,2047.0,2,799.52001953125,0.0011
80110-01-48-04,CYGX1,BH,9,49,54105.60617,1655.0,2,861.8099975585938,0.0011
80110-01-46-02,CYGX1,BH,9,50,54079.72726,1354.0,2,837.219970703125,0.0011
80110-01-48-03,CYGX1,BH,9,51,54105.53976,1782.0,1,817.3400268554688,0.0011
80110-01-54-00,CYGX1,BH,9,52,54191.17648,1678.0,2,733.239990234375,0.0011
92090-01-19-03,CYGX1,BH,9,53,54262.0007,2366.0,1,611.25,0.0011
80110-01-52-03,CYGX1,BH,9,54,54162.36788,2256.0,1,508.8299865722656,0.0011
80110-01-43-00,CYGX1,BH,9,55,54038.48117,3547.0,2,1233.06005859375,0.0011
92090-01-13-00,CYGX1,BH,9,56,53967.91867,12801.0,1,834.0999755859375,0.0011
80110-01-51-01,CYGX1,BH,9,57,54149.34445,1936.0,2,665.0399780273438,0.0011
80110-01-51-02,CYGX1,BH,9,58,54149.41085,1599.0,2,631.3200073242188,0.0011
92090-01-12-03,CYGX1,BH,9,59,53954.01242,1534.0,2,998.4099731445312,0.0011
80110-01-51-04,CYGX1,BH,9,60,54149.53976,1231.0,2,588.010009765625,0.0011
92090-01-16-01,CYGX1,BH,9,61,54221.09054,1723.0,2,843.6300048828125,0.0011
92090-01-12-04,CYGX1,BH,9,62,53954.07882,1830.0,1,1186.5799560546875,0.0011
80110-01-50-03,CYGX1,BH,9,63,54135.5671,1040.0,1,670.9199829101562,0.0011
80110-01-55-01,CYGX1,BH,9,64,54205.18429,2110.0,2,481.95001220703125,0.0011
80110-01-53-00,CYGX1,BH,9,65,54176.36398,7065.0,1,594.5599975585938,0.0011
92090-01-11-03,CYGX1,BH,9,66,53938.08663,1120.0,2,843.010009765625,0.0011
80110-01-50-00,CYGX1,BH,9,67,54135.3171,3424.0,1,697.3599853515625,0.0011
80110-01-48-02,CYGX1,BH,9,68,54105.47335,2111.0,2,843.719970703125,0.0011
92090-01-16-00,CYGX1,BH,9,69,54221.24288,12830.0,1,810.3900146484375,0.0011
80110-01-52-02,CYGX1,BH,9,70,54162.30148,2235.0,1,548.7100219726562,0.0011
80110-01-54-01,CYGX1,BH,9,71,54191.24288,1233.0,2,748.280029296875,0.0011
80110-01-42-00,CYGX1,BH,9,72,54024.72726,12948.0,1,921.260009765625,0.0011
80110-01-43-01,CYGX1,BH,9,73,54038.55538,2047.0,1,1051.0799560546875,0.0011
80110-01-45-00,CYGX1,BH,9,74,54065.59054,8891.0,1,991.5999755859375,0.0011
92090-01-18-01,CYGX1,BH,9,75,54246.10226,1507.0,1,721.0399780273438,0.0011
92090-01-19-00,CYGX1,BH,9,76,54262.21945,5806.0,1,604.5800170898438,0.0011
92090-01-15-04,CYGX1,BH,9,77,53996.98117,1078.0,2,898.8900146484375,0.0011
92090-01-17-00,CYGX1,BH,9,78,54233.11398,7657.0,1,457.0400085449219,0.0011
92090-01-15-01,CYGX1,BH,9,79,53996.77804,1866.0,2,913.5399780273438,0.0011
93121-01-18-04,CYGX1,BH,10,0,54528.4421,3116.0,1,574.22998046875,0.0011
93121-01-16-02,CYGX1,BH,10,1,54497.5046,1200.0,1,785.030029296875,0.0011
93121-01-18-03,CYGX1,BH,10,2,54528.3757,3097.0,1,612.469970703125,0.0011
93121-01-23-00,CYGX1,BH,10,3,54599.1296,1497.0,1,829.1099853515625,0.0011
93121-01-12-00,CYGX1,BH,10,4,54445.47335,1773.0,2,612.0900268554688,0.0011
93121-01-20-01,CYGX1,BH,10,5,54555.28585,1774.0,1,667.1599731445312,0.0011
93121-01-02-01,CYGX1,BH,10,6,54301.93429,1899.0,1,1022.8699951171875,0.0011
93121-01-15-03,CYGX1,BH,10,7,54485.5046,1104.0,1,998.5599975585938,0.0011
93121-01-22-00,CYGX1,BH,10,8,54582.14132,5192.0,1,902.739990234375,0.0011
93121-01-14-00,CYGX1,BH,10,9,54470.55929,12272.0,1,959.6900024414062,0.0011
93120-01-01-00,CYGX1,BH,10,10,54574.96554,9469.0,1,883.0800170898438,0.0011
93121-01-05-01,CYGX1,BH,10,11,54343.82882,1418.0,1,1012.72998046875,0.0011
92090-01-20-01,CYGX1,BH,10,12,54275.93429,3184.0,1,939.8699951171875,0.0011
93121-01-17-03,CYGX1,BH,10,13,54511.5046,1791.0,1,652.9000244140625,0.0011
93121-01-22-01,CYGX1,BH,10,14,54582.35226,1536.0,1,855.47998046875,0.0011
93121-01-09-04,CYGX1,BH,10,15,54399.79367,1386.0,1,1205.75,0.0011
93121-01-17-02,CYGX1,BH,10,16,54511.4382,1870.0,1,731.1099853515625,0.0011
93120-01-01-000,CYGX1,BH,10,17,54574.71945,13455.0,1,812.77001953125,0.0011
93121-01-06-00,CYGX1,BH,10,18,54357.69992,2367.0,1,1225.1700439453125,0.0011
93121-01-18-00,CYGX1,BH,10,19,54528.30929,3205.0,1,619.1300048828125,0.0011
93121-01-20-03,CYGX1,BH,10,20,54555.41867,1250.0,1,562.280029296875,0.0011
93121-01-12-02,CYGX1,BH,10,21,54445.60617,1199.0,1,686.3499755859375,0.0011
93121-01-17-04,CYGX1,BH,10,22,54511.57101,1693.0,1,603.5800170898438,0.0011
93121-01-10-02,CYGX1,BH,10,23,54414.63742,2000.0,1,1009.1300048828125,0.0011
93121-01-16-01,CYGX1,BH,10,24,54497.4382,1436.0,1,796.6500244140625,0.0011
93121-01-02-02,CYGX1,BH,10,25,54302.0007,1711.0,1,1011.510009765625,0.0011
93121-01-05-00,CYGX1,BH,10,26,54343.76242,1708.0,1,999.9600219726562,0.0011
93121-01-21-03,CYGX1,BH,10,27,54568.42648,3200.0,1,848.2000122070312,0.0011
93121-01-08-02,CYGX1,BH,10,28,54385.89523,1259.0,2,1255.6600341796875,0.0011
93121-01-13-00,CYGX1,BH,10,29,54457.44601,2077.0,2,760.0800170898438,0.0011
93121-01-20-02,CYGX1,BH,10,30,54555.35226,1473.0,1,639.52001953125,0.0011
93121-01-19-00,CYGX1,BH,10,31,54541.19992,3472.0,1,670.9299926757812,0.0011
93121-01-09-01,CYGX1,BH,10,32,54399.59054,1823.0,2,1086.72998046875,0.0011
93121-01-02-04,CYGX1,BH,10,33,54302.13742,1245.0,1,1068.6500244140625,0.0011
93121-01-17-00,CYGX1,BH,10,34,54511.30148,1990.0,2,624.6500244140625,0.0011
93121-01-15-02,CYGX1,BH,10,35,54485.63351,1385.0,2,1055.02001953125,0.0011
93121-01-09-03,CYGX1,BH,10,36,54399.72726,1599.0,1,1242.7099609375,0.0011
93121-01-08-01,CYGX1,BH,10,37,54385.82492,1152.0,2,1130.0799560546875,0.0011
93121-01-13-01,CYGX1,BH,10,38,54457.51242,2010.0,1,732.3200073242188,0.0011
92090-01-20-00G,CYGX1,BH,10,39,54276.0671,9675.0,1,920.6199951171875,0.0011
93121-01-03-00,CYGX1,BH,10,40,54317.99679,12287.0,1,894.1699829101562,0.0011
93121-01-18-01,CYGX1,BH,10,41,54528.24679,3053.0,1,648.6699829101562,0.0011
93121-01-15-01,CYGX1,BH,10,42,54485.5671,1152.0,1,995.8800048828125,0.0011
93121-01-07-00,CYGX1,BH,10,43,54372.66476,1006.0,1,1041.530029296875,0.0011
93121-01-01-00,CYGX1,BH,10,44,54287.91867,3256.0,1,1089.9599609375,0.0011
93121-01-12-03,CYGX1,BH,10,45,54445.67257,1006.0,1,581.0800170898438,0.0011
93121-01-06-03,CYGX1,BH,10,46,54357.89913,1470.0,1,1231.02001953125,0.0011
93121-01-14-01,CYGX1,BH,10,47,54470.39913,2550.0,1,998.1199951171875,0.0011
93121-01-23-02,CYGX1,BH,10,48,54599.26242,1166.0,2,1058.6700439453125,0.0011
93121-01-17-01,CYGX1,BH,10,49,54511.37179,2094.0,1,686.0599975585938,0.0011
93121-01-10-00,CYGX1,BH,10,50,54414.78585,8551.0,1,996.7999877929688,0.0011
93121-01-03-01,CYGX1,BH,10,51,54317.83273,2374.0,2,905.9600219726562,0.0011
93121-01-06-04,CYGX1,BH,10,52,54357.96945,1631.0,1,1316.7900390625,0.0011
93121-01-21-00,CYGX1,BH,10,53,54568.33273,5790.0,1,1046.300048828125,0.0011
93121-01-05-03,CYGX1,BH,10,54,54343.89523,1103.0,1,1079.75,0.0011
93121-01-06-01,CYGX1,BH,10,55,54357.76632,2062.0,2,1221.47998046875,0.0011
93121-01-02-03,CYGX1,BH,10,56,54302.07101,1374.0,1,1058.9599609375,0.0011
93121-01-09-02,CYGX1,BH,10,57,54399.65695,1710.0,1,1212.3499755859375,0.0011
93121-01-13-03,CYGX1,BH,10,58,54457.64523,1615.0,1,730.1099853515625,0.0011
93120-01-01-01,CYGX1,BH,10,59,54575.13351,6127.0,1,914.5499877929688,0.0011
93121-01-08-00,CYGX1,BH,10,60,54385.69601,7648.0,1,1149.1300048828125,0.0011
93121-01-16-03,CYGX1,BH,10,61,54497.57101,1053.0,2,760.25,0.0011
93121-01-16-00,CYGX1,BH,10,62,54497.37179,1599.0,1,903.8800048828125,0.0011
93121-01-02-00,CYGX1,BH,10,63,54301.86788,2123.0,2,952.219970703125,0.0011
93121-01-13-04,CYGX1,BH,10,64,54457.71163,1504.0,1,662.760009765625,0.0011
93121-01-12-01,CYGX1,BH,10,65,54445.53976,1519.0,2,655.8099975585938,0.0011
93121-01-04-00,CYGX1,BH,10,66,54331.86788,10560.0,1,1138.489990234375,0.0011
93121-01-21-01,CYGX1,BH,10,67,54568.23507,2018.0,1,1194.550048828125,0.0011
93121-01-06-02,CYGX1,BH,10,68,54357.83273,1916.0,1,1241.8900146484375,0.0011
93120-01-01-02,CYGX1,BH,10,69,54575.79367,6032.0,1,1014.030029296875,0.0011
93121-01-20-00,CYGX1,BH,10,70,54555.21945,1999.0,1,580.5,0.0011
93121-01-21-02,CYGX1,BH,10,71,54568.16476,1358.0,1,1137.0999755859375,0.0011
93121-01-15-00,CYGX1,BH,10,72,54485.41476,6274.0,1,980.5,0.0011
93121-01-13-02,CYGX1,BH,10,73,54457.57882,1807.0,2,704.010009765625,0.0011
93121-01-23-01,CYGX1,BH,10,74,54599.19601,1336.0,1,920.1099853515625,0.0011
93121-01-22-02,CYGX1,BH,10,75,54582.26242,4888.0,1,872.239990234375,0.0011
93121-01-11-00,CYGX1,BH,10,76,54429.61398,14400.0,1,1011.469970703125,0.0011
93121-01-10-01,CYGX1,BH,10,77,54414.57492,2298.0,2,1068.6500244140625,0.0011
93121-01-09-00,CYGX1,BH,10,78,54399.52413,2352.0,2,1044.6099853515625,0.0011
93121-01-04-01,CYGX1,BH,10,79,54332.02804,1408.0,1,1283.3699951171875,0.0011
94121-01-03-03,CYGX1,BH,11,0,54863.52023,1359.0,2,797.1599731445312,0.0011
93121-01-33-02,CYGX1,BH,11,1,54739.72335,3360.0,1,858.9400024414062,0.0011
93121-01-25-01,CYGX1,BH,11,2,54626.00851,3127.0,2,1045.280029296875,0.0011
93121-01-27-01,CYGX1,BH,11,3,54652.97726,1775.0,1,902.280029296875,0.0011
93121-01-32-00,CYGX1,BH,11,4,54722.88742,12335.0,1,903.8200073242188,0.0011
93121-01-39-00,CYGX1,BH,11,5,54821.61007,5677.0,1,740.8200073242188,0.0011
94121-01-07-03,CYGX1,BH,11,6,54919.3171,2126.0,2,1015.4500122070312,0.0011
93121-01-28-02,CYGX1,BH,11,7,54665.99679,2063.0,1,707.030029296875,0.0011
93121-01-28-01,CYGX1,BH,11,8,54665.92648,1822.0,1,702.6099853515625,0.0011
93121-01-38-03,CYGX1,BH,11,9,54807.71945,1375.0,2,810.9600219726562,0.0011
93121-01-28-03,CYGX1,BH,11,10,54666.09835,5333.0,1,748.4000244140625,0.0011
93121-01-39-03,CYGX1,BH,11,11,54821.70382,3039.0,2,779.5999755859375,0.0011
94121-01-06-01,CYGX1,BH,11,12,54903.29757,1630.0,1,859.5599975585938,0.0011
93121-01-36-03,CYGX1,BH,11,13,54779.76632,2990.0,1,815.02001953125,0.0011
94121-01-03-00,CYGX1,BH,11,14,54863.3171,1401.0,1,806.8400268554688,0.0011
93121-01-24-00,CYGX1,BH,11,15,54611.03195,2173.0,1,1219.25,0.0011
93121-01-35-02,CYGX1,BH,11,16,54763.7507,1761.0,1,1017.5599975585938,0.0011
93121-01-38-00,CYGX1,BH,11,17,54807.52023,1976.0,1,809.5700073242188,0.0011
93121-01-38-02,CYGX1,BH,11,18,54807.65304,1615.0,1,766.3599853515625,0.0011
94121-01-03-04,CYGX1,BH,11,19,54863.58663,1347.0,1,740.5599975585938,0.0011
93121-01-27-03,CYGX1,BH,11,20,54653.11007,1319.0,1,839.27001953125,0.0011
93121-01-38-04,CYGX1,BH,11,21,54807.78585,1151.0,2,829.260009765625,0.0011
94121-01-07-00,CYGX1,BH,11,22,54919.44601,3146.0,1,1047.489990234375,0.0011
93121-01-29-01,CYGX1,BH,11,23,54680.11398,1782.0,1,1092.050048828125,0.0011
94121-01-03-02,CYGX1,BH,11,24,54863.45382,1918.0,1,827.3699951171875,0.0011
94121-01-04-02,CYGX1,BH,11,25,54875.54757,3199.0,1,837.530029296875,0.0011
93121-01-34-02,CYGX1,BH,11,26,54751.78195,1439.0,1,942.7899780273438,0.0011
94121-01-07-02,CYGX1,BH,11,27,54919.2507,2071.0,1,1146.1099853515625,0.0011
94121-01-08-02,CYGX1,BH,11,28,54933.30929,2926.0,1,823.8900146484375,0.0011
93121-01-26-03,CYGX1,BH,11,29,54639.21163,1203.0,1,779.52001953125,0.0011
94121-01-08-00,CYGX1,BH,11,30,54933.17648,9664.0,1,855.4000244140625,0.0011
93121-01-24-01,CYGX1,BH,11,31,54611.09835,2046.0,1,1240.1700439453125,0.0011
93121-01-31-01,CYGX1,BH,11,32,54713.82492,2095.0,2,930.280029296875,0.0011
94121-01-02-00,CYGX1,BH,11,33,54849.39132,1556.0,1,820.72998046875,0.0011
93121-01-34-01,CYGX1,BH,11,34,54751.71554,1647.0,1,971.6500244140625,0.0011
93121-01-34-03,CYGX1,BH,11,35,54751.84445,1214.0,1,962.4600219726562,0.0011
93121-01-35-04,CYGX1,BH,11,36,54763.8796,2027.0,1,1057.68994140625,0.0011
94121-01-05-00,CYGX1,BH,11,37,54888.82492,8021.0,1,819.6500244140625,0.0011
93121-01-36-02,CYGX1,BH,11,38,54779.82101,1618.0,1,872.7100219726562,0.0011
93121-01-31-00,CYGX1,BH,11,39,54713.75851,2254.0,2,847.719970703125,0.0011
93121-01-30-00,CYGX1,BH,11,40,54696.8171,1531.0,1,929.8099975585938,0.0011
93121-01-38-01,CYGX1,BH,11,41,54807.58663,1787.0,1,787.0800170898438,0.0011
94121-01-06-03,CYGX1,BH,11,42,54903.43038,1215.0,1,861.5999755859375,0.0011
93121-01-25-00,CYGX1,BH,11,43,54626.14132,9564.0,1,1004.02001953125,0.0011
94121-01-07-04,CYGX1,BH,11,44,54919.38351,2361.0,2,1064.8800048828125,0.0011
93121-01-28-00,CYGX1,BH,11,45,54665.86398,2429.0,1,686.8800048828125,0.0011
93121-01-33-03,CYGX1,BH,11,46,54739.91085,1254.0,1,912.8800048828125,0.0011
93121-01-30-01,CYGX1,BH,11,47,54696.88351,1113.0,1,944.5,0.0011
93121-01-24-02,CYGX1,BH,11,48,54611.16476,1703.0,1,1353.6199951171875,0.0011
93121-01-35-01,CYGX1,BH,11,49,54763.68429,2047.0,1,966.469970703125,0.0011
93121-01-33-04,CYGX1,BH,11,50,54739.84835,1102.0,1,890.2000122070312,0.0011
93121-01-39-02,CYGX1,BH,11,51,54821.51242,2135.0,1,726.010009765625,0.0011
94121-01-03-01,CYGX1,BH,11,52,54863.38742,1833.0,1,886.3699951171875,0.0011
93121-01-36-00,CYGX1,BH,11,53,54779.57101,3200.0,1,889.52001953125,0.0011
93121-01-35-00,CYGX1,BH,11,54,54763.61788,2163.0,1,1003.2000122070312,0.0011
94121-01-06-02,CYGX1,BH,11,55,54903.36398,1293.0,1,829.8699951171875,0.0011
93121-01-39-01,CYGX1,BH,11,56,54821.44601,2442.0,1,783.77001953125,0.0011
93121-01-33-00,CYGX1,BH,11,57,54739.65695,3344.0,1,865.27001953125,0.0011
94121-01-04-00,CYGX1,BH,11,58,54875.41867,9264.0,1,1082.18994140625,0.0011
93121-01-24-04,CYGX1,BH,11,59,54611.29757,1916.0,1,1333.06005859375,0.0011
94121-01-01-00,CYGX1,BH,11,60,54833.51242,12865.0,1,862.780029296875,0.0011
94121-01-07-01,CYGX1,BH,11,61,54919.18429,2255.0,1,1152.1300048828125,0.0011
93121-01-27-00,CYGX1,BH,11,62,54652.91085,1863.0,1,798.9000244140625,0.0011
93121-01-37-02,CYGX1,BH,11,63,54792.77804,1084.0,1,883.8599853515625,0.0011
93121-01-27-02,CYGX1,BH,11,64,54653.04757,1550.0,1,836.6799926757812,0.0011
94121-01-02-01,CYGX1,BH,11,65,54849.45773,1212.0,1,761.989990234375,0.0011
93121-01-24-03,CYGX1,BH,11,66,54611.23117,1726.0,1,1432.02001953125,0.0011
94121-01-04-01,CYGX1,BH,11,67,54875.28585,2624.0,1,927.47998046875,0.0011
93121-01-34-00,CYGX1,BH,11,68,54751.64913,1770.0,1,901.030029296875,0.0011
94121-01-06-00,CYGX1,BH,11,69,54903.23117,1808.0,1,847.219970703125,0.0011
93121-01-27-04,CYGX1,BH,11,70,54653.17648,1116.0,1,868.27001953125,0.0011
93121-01-32-01,CYGX1,BH,11,71,54722.71945,2503.0,1,877.6799926757812,0.0011
93121-01-26-02,CYGX1,BH,11,72,54639.14913,1051.0,1,769.1699829101562,0.0011
94121-01-02-02,CYGX1,BH,11,73,54849.52413,1119.0,2,740.75,0.0011
93121-01-29-00,CYGX1,BH,11,74,54679.95382,12880.0,1,920.47998046875,0.0011
94121-01-01-01,CYGX1,BH,11,75,54833.66867,1644.0,2,1458.0799560546875,0.0011
93121-01-37-00,CYGX1,BH,11,76,54792.55538,5104.0,1,818.989990234375,0.0011
93121-01-36-01,CYGX1,BH,11,77,54779.66867,6197.0,1,861.969970703125,0.0011
93121-01-26-00,CYGX1,BH,11,78,54638.99288,5264.0,1,778.1300048828125,0.0011
93121-01-35-03,CYGX1,BH,11,79,54763.8132,1780.0,1,1195.3199462890625,0.0011
94121-01-12-01,CYGX1,BH,12,0,54986.9421,5056.0,1,1162.8900146484375,0.0011
94121-01-17-03,CYGX1,BH,12,1,55058.98117,1102.0,1,976.219970703125,0.0011
95121-01-02-04,CYGX1,BH,12,2,55211.63742,1296.0,2,939.0499877929688,0.0011
95121-01-01-01,CYGX1,BH,12,3,55198.48898,1007.0,1,961.9299926757812,0.0011
94121-01-23-01,CYGX1,BH,12,4,55143.72726,1098.0,1,672.3499755859375,0.0011
94108-01-01-00,CYGX1,BH,12,5,55167.34054,9512.0,1,849.5399780273438,0.0011
94121-01-14-02,CYGX1,BH,12,6,55017.05148,1918.0,1,1235.3599853515625,0.0011
94121-01-10-03,CYGX1,BH,12,7,54965.24288,1590.0,2,880.6699829101562,0.0011
95121-01-02-00,CYGX1,BH,12,8,55211.37179,2034.0,2,952.260009765625,0.0011
94121-01-09-00,CYGX1,BH,12,9,54945.0632,4746.0,1,887.0900268554688,0.0011
95121-01-03-02,CYGX1,BH,12,10,55227.3171,1893.0,2,1530.18994140625,0.0011
94121-01-17-01,CYGX1,BH,12,11,55058.84835,1918.0,1,922.469970703125,0.0011
95121-01-01-00,CYGX1,BH,12,12,55198.41085,3340.0,1,943.2000122070312,0.0011
94121-01-10-01,CYGX1,BH,12,13,54965.11007,2079.0,2,850.280029296875,0.0011
94121-01-17-00,CYGX1,BH,12,14,55058.78195,2175.0,1,879.3599853515625,0.0011
94121-01-12-00,CYGX1,BH,12,15,54987.11007,6184.0,1,1213.1700439453125,0.0011
95121-01-02-03,CYGX1,BH,12,16,55211.57101,1294.0,1,945.1400146484375,0.0011
94121-01-28-02,CYGX1,BH,12,17,55166.63742,1855.0,1,883.8300170898438,0.0011
95121-01-06-00,CYGX1,BH,12,18,55267.21945,2267.0,1,907.0800170898438,0.0011
95121-01-02-01,CYGX1,BH,12,19,55211.4382,1919.0,1,907.47998046875,0.0011
95121-01-05-00,CYGX1,BH,12,20,55253.29367,1582.0,1,1115.050048828125,0.0011
95121-01-06-02,CYGX1,BH,12,21,55267.35226,1839.0,2,1033.219970703125,0.0011
94121-01-16-01,CYGX1,BH,12,22,55044.04757,1069.0,1,1164.3199462890625,0.0011
95121-01-01-04,CYGX1,BH,12,23,55198.72726,1185.0,1,969.0,0.0011
94121-01-14-04,CYGX1,BH,12,24,55017.17648,1397.0,1,1537.6400146484375,0.0011
94121-01-11-02,CYGX1,BH,12,25,54971.05929,2414.0,1,1041.1099853515625,0.0011
94121-01-21-04,CYGX1,BH,12,26,55113.92648,1472.0,1,770.010009765625,0.0011
94121-01-24-04,CYGX1,BH,12,27,55159.84835,1056.0,1,973.1099853515625,0.0011
95121-01-05-01,CYGX1,BH,12,28,55253.36007,1184.0,2,1125.6199951171875,0.0011
94121-01-24-01,CYGX1,BH,12,29,55159.64523,1560.0,1,1008.1500244140625,0.0011
95121-01-04-01,CYGX1,BH,12,30,55241.5671,1522.0,1,1257.7099609375,0.0011
94121-01-24-00,CYGX1,BH,12,31,55159.57492,1785.0,1,1141.6400146484375,0.0011
94121-01-21-01,CYGX1,BH,12,32,55113.72726,1983.0,1,798.6699829101562,0.0011
95121-01-04-02,CYGX1,BH,12,33,55241.3757,3192.0,1,1181.1099853515625,0.0011
94121-01-13-01,CYGX1,BH,12,34,55003.05538,1308.0,1,1198.93994140625,0.0011
95121-01-03-01,CYGX1,BH,12,35,55227.38742,2542.0,1,1435.0899658203125,0.0011
94121-01-18-02,CYGX1,BH,12,36,55072.77413,2338.0,1,1078.719970703125,0.0011
94121-01-25-00,CYGX1,BH,12,37,55173.76242,8796.0,1,970.0,0.0011
95121-01-03-04,CYGX1,BH,12,38,55227.57882,2734.0,1,1335.8199462890625,0.0011
94121-01-23-02,CYGX1,BH,12,39,55143.79367,1152.0,2,670.8800048828125,0.0011
94121-01-11-01,CYGX1,BH,12,40,54971.1257,2284.0,1,1036.77001953125,0.0011
95121-01-03-03,CYGX1,BH,12,41,55227.44992,3056.0,1,1320.68994140625,0.0011
94121-01-26-00,CYGX1,BH,12,42,55182.19992,9449.0,1,1649.6199951171875,0.0011
95121-01-02-02,CYGX1,BH,12,43,55211.5046,1706.0,1,918.5499877929688,0.0011
94121-01-23-03,CYGX1,BH,12,44,55143.85617,1332.0,2,637.219970703125,0.0011
95121-01-05-02,CYGX1,BH,12,45,55253.42648,1082.0,2,1152.050048828125,0.0011
94121-01-14-00,CYGX1,BH,12,46,55016.91476,2185.0,1,1022.5900268554688,0.0011
94121-01-24-03,CYGX1,BH,12,47,55159.77413,1171.0,1,971.8300170898438,0.0011
94121-01-16-02,CYGX1,BH,12,48,55044.11398,1221.0,2,1180.3599853515625,0.0011
95121-01-06-01,CYGX1,BH,12,49,55267.28195,2062.0,1,963.8499755859375,0.0011
94121-01-13-02,CYGX1,BH,12,50,55003.12179,1208.0,2,1196.3499755859375,0.0011
94121-01-21-02,CYGX1,BH,12,51,55113.79367,1624.0,2,749.72998046875,0.0011
94121-01-21-03,CYGX1,BH,12,52,55113.86007,1461.0,2,872.47998046875,0.0011
94121-01-14-03,CYGX1,BH,12,53,55017.11398,1858.0,2,1612.2099609375,0.0011
94121-01-09-01,CYGX1,BH,12,54,54945.16085,1190.0,1,940.969970703125,0.0011
94121-01-28-00,CYGX1,BH,12,55,55166.80929,4959.0,1,972.2999877929688,0.0011
94121-01-18-00,CYGX1,BH,12,56,55073.0046,6389.0,1,911.0499877929688,0.0011
94121-01-27-00,CYGX1,BH,12,57,54958.04757,6528.0,1,1075.280029296875,0.0011
94121-01-23-00,CYGX1,BH,12,58,55143.60226,3344.0,1,661.5,0.0011
94121-01-23-04,CYGX1,BH,12,59,55143.65695,1003.0,1,691.5399780273438,0.0011
94121-01-13-03,CYGX1,BH,12,60,55003.1882,1040.0,2,1309.2900390625,0.0011
94121-01-11-00,CYGX1,BH,12,61,54971.22726,5646.0,1,1041.199951171875,0.0011
94121-01-14-01,CYGX1,BH,12,62,55016.98117,2127.0,2,1211.43994140625,0.0011
94121-01-12-02,CYGX1,BH,12,63,54987.01632,2452.0,1,1187.4300537109375,0.0011
94121-01-17-04,CYGX1,BH,12,64,55059.04757,1230.0,2,1076.2900390625,0.0011
95121-01-03-00,CYGX1,BH,12,65,55227.51242,2624.0,1,1306.3900146484375,0.0011
94121-01-16-00,CYGX1,BH,12,66,55043.89132,4727.0,1,1250.260009765625,0.0011
94121-01-17-02,CYGX1,BH,12,67,55058.91476,1580.0,1,900.6099853515625,0.0011
95121-01-04-00,CYGX1,BH,12,68,55241.30929,3192.0,1,1230.1400146484375,0.0011
94121-01-28-01,CYGX1,BH,12,69,55166.70382,1679.0,2,936.9199829101562,0.0011
94121-01-10-02,CYGX1,BH,12,70,54965.17648,1817.0,2,878.1500244140625,0.0011
95338-07-01-00,CYGX1,BH,12,71,55210.2546,11075.0,1,878.6300048828125,0.0004
94121-01-28-04,CYGX1,BH,12,72,55166.57101,2079.0,1,915.2100219726562,0.0011
94121-01-21-00,CYGX1,BH,12,73,55113.65695,1956.0,1,774.1400146484375,0.0011
94121-01-18-03,CYGX1,BH,12,74,55072.90695,2526.0,1,1106.300048828125,0.0011
94121-01-10-00,CYGX1,BH,12,75,54965.04367,2205.0,1,838.3499755859375,0.0011
94121-01-19-01,CYGX1,BH,12,76,55086.76632,3217.0,1,968.9000244140625,0.0011
94121-01-24-02,CYGX1,BH,12,77,55159.71163,1439.0,1,953.6900024414062,0.0011
94121-01-18-01,CYGX1,BH,12,78,55072.84054,2291.0,1,1119.93994140625,0.0011
94121-01-13-00,CYGX1,BH,12,79,55002.98898,1678.0,1,1201.5400390625,0.0011
95121-01-17-02,CYGX1,BH,13,0,55422.94992,1052.0,1,1242.5400390625,0.0011
95121-01-26-00,CYGX1,BH,13,1,55547.45773,3344.0,1,810.52001953125,0.0011
95121-01-22-00,CYGX1,BH,13,2,55495.66085,6624.0,1,766.780029296875,0.0011
95121-01-09-03,CYGX1,BH,13,3,55311.29367,1460.0,2,760.4099731445312,0.0011
95121-01-23-00,CYGX1,BH,13,4,55505.57882,1727.0,1,1251.8599853515625,0.0011
95429-01-01-00,CYGX1,BH,13,5,55387.8171,4347.0,1,1874.469970703125,0.0011
95121-01-13-00,CYGX1,BH,13,6,55366.92648,2204.0,2,761.4500122070312,0.0011
95121-01-25-01,CYGX1,BH,13,7,55533.66867,9568.0,1,2039.969970703125,0.0011
95121-01-09-02,CYGX1,BH,13,8,55311.22726,1553.0,2,764.4199829101562,0.0011
95429-01-01-02,CYGX1,BH,13,9,55388.09054,8064.0,1,1352.1700439453125,0.0011
95121-01-14-00,CYGX1,BH,13,10,55381.16085,1617.0,1,1270.739990234375,0.0011
95121-01-16-00,CYGX1,BH,13,11,55408.83663,1982.0,1,1761.81005859375,0.0011
95121-01-22-03,CYGX1,BH,13,12,55495.7546,1151.0,1,920.8099975585938,0.0011
95121-01-24-02,CYGX1,BH,13,13,55518.64913,1855.0,1,768.8499755859375,0.0011
95121-01-15-01,CYGX1,BH,13,14,55397.11007,1209.0,2,1622.199951171875,0.0011
95121-01-22-01,CYGX1,BH,13,15,55495.82101,1256.0,1,1083.31005859375,0.0011
95121-01-19-02,CYGX1,BH,13,16,55450.92257,1232.0,1,1467.219970703125,0.0011
95121-01-22-02,CYGX1,BH,13,17,55495.88351,1348.0,1,872.9500122070312,0.0011
95121-01-15-00,CYGX1,BH,13,18,55396.89132,6720.0,1,1560.9200439453125,0.0011
96121-01-02-03,CYGX1,BH,13,19,55577.39523,2414.0,1,1487.1099853515625,0.0011
95121-01-23-02,CYGX1,BH,13,20,55505.71163,1167.0,2,1369.6500244140625,0.0011
95121-01-24-04,CYGX1,BH,13,21,55518.78195,1524.0,1,1312.06005859375,0.0011
95429-01-01-01,CYGX1,BH,13,22,55387.96554,2798.0,2,1968.22998046875,0.0011
95121-01-08-01,CYGX1,BH,13,23,55297.21945,1584.0,1,926.77001953125,0.0011
95121-01-10-00,CYGX1,BH,13,24,55324.03195,2372.0,1,949.3800048828125,0.0011
95121-01-20-02,CYGX1,BH,13,25,55463.8796,1390.0,1,1788.199951171875,0.0011
95121-01-26-03,CYGX1,BH,13,26,55547.64523,1080.0,1,836.7100219726562,0.0011
95121-01-19-01,CYGX1,BH,13,27,55450.78976,1471.0,1,990.260009765625,0.0011
96121-01-01-04,CYGX1,BH,13,28,55563.68038,1137.0,1,1995.3199462890625,0.0011
96121-01-01-00,CYGX1,BH,13,29,55563.41476,2094.0,1,1053.9100341796875,0.0011
96378-03-01-01,CYGX1,BH,13,30,55567.73117,1561.0,1,1346.550048828125,0.0004
95121-01-11-00,CYGX1,BH,13,31,55338.1296,10680.0,1,980.1300048828125,0.0011
95429-01-02-02,CYGX1,BH,13,32,55399.33663,2172.0,1,1912.1600341796875,0.0011
95121-01-09-04,CYGX1,BH,13,33,55311.36007,1286.0,1,744.0700073242188,0.0011
95121-01-17-01,CYGX1,BH,13,34,55422.82101,2270.0,2,1045.1300048828125,0.0011
95121-01-23-01,CYGX1,BH,13,35,55505.64523,1261.0,1,1319.3299560546875,0.0011
96121-01-01-03,CYGX1,BH,13,36,55563.61398,1453.0,1,1751.6500244140625,0.0011
95121-01-08-00,CYGX1,BH,13,37,55297.15695,3080.0,3,971.3200073242188,0.0011
95121-01-12-00,CYGX1,BH,13,38,55353.0046,1567.0,1,870.0,0.0011
95121-01-14-01,CYGX1,BH,13,39,55381.10226,2372.0,1,1364.300048828125,0.0011
95121-01-16-04,CYGX1,BH,13,40,55409.10617,1056.0,1,1324.3199462890625,0.0011
95121-01-17-03,CYGX1,BH,13,41,55422.88742,2111.0,1,1080.1800537109375,0.0011
95121-01-09-01,CYGX1,BH,13,42,55311.16085,1902.0,1,783.969970703125,0.0011
95121-01-26-04,CYGX1,BH,13,43,55547.71554,1176.0,1,849.5,0.0011
95121-01-24-01,CYGX1,BH,13,44,55518.58273,2111.0,1,897.6400146484375,0.0011
95121-01-18-00,CYGX1,BH,13,45,55436.89913,12864.0,1,1821.5699462890625,0.0011
95121-01-16-02,CYGX1,BH,13,46,55408.96945,1503.0,2,1529.6700439453125,0.0011
95121-01-06-03,CYGX1,BH,13,47,55267.41476,1473.0,2,991.5999755859375,0.0011
95121-01-17-00,CYGX1,BH,13,48,55423.04367,4471.0,1,2301.719970703125,0.0011
95121-01-13-02,CYGX1,BH,13,49,55367.05929,1919.0,1,759.3300170898438,0.0011
95121-01-15-02,CYGX1,BH,13,50,55396.98898,1536.0,2,1625.5400390625,0.0011
95121-01-09-00,CYGX1,BH,13,51,55311.09445,1955.0,1,751.1500244140625,0.0011
95429-01-02-00,CYGX1,BH,13,52,55399.71945,8038.0,1,2338.080078125,0.0011
95121-01-20-00,CYGX1,BH,13,53,55463.71163,3962.0,1,1817.8299560546875,0.0011
95121-01-24-00,CYGX1,BH,13,54,55518.51242,1359.0,1,774.969970703125,0.0011
95429-01-02-01,CYGX1,BH,13,55,55396.32882,2140.0,1,1840.8199462890625,0.0011
95121-01-12-01,CYGX1,BH,13,56,55353.07101,1199.0,1,925.75,0.0011
95121-01-06-04,CYGX1,BH,13,57,55267.48117,1143.0,1,959.8499755859375,0.0011
95121-01-25-00,CYGX1,BH,13,58,55533.53585,2671.0,1,1700.6099853515625,0.0011
95121-01-20-03,CYGX1,BH,13,59,55463.94601,1161.0,1,1939.6199951171875,0.0011
95121-01-24-03,CYGX1,BH,13,60,55518.71554,1694.0,1,1339.8499755859375,0.0011
96121-01-01-01,CYGX1,BH,13,61,55563.48117,1839.0,1,1708.77001953125,0.0011
96378-03-01-00,CYGX1,BH,13,62,55567.8171,6489.0,1,909.7999877929688,0.0004
95121-01-13-01,CYGX1,BH,13,63,55366.99288,2079.0,1,767.3499755859375,0.0011
95121-01-21-00,CYGX1,BH,13,64,55478.67257,5053.0,1,1056.97998046875,0.0011
95121-01-21-01,CYGX1,BH,13,65,55478.84054,8757.0,1,1166.1800537109375,0.0011
95121-01-26-01,CYGX1,BH,13,66,55547.52413,2439.0,1,929.5399780273438,0.0011
95121-01-19-00,CYGX1,BH,13,67,55450.72335,2816.0,1,1458.27001953125,0.0011
95121-01-20-01,CYGX1,BH,13,68,55463.8132,1677.0,1,1825.489990234375,0.0011
95121-01-11-01,CYGX1,BH,13,69,55338.27023,1644.0,1,965.47998046875,0.0011
95429-01-03-00,CYGX1,BH,13,70,55401.79367,7003.0,1,1846.0899658203125,0.0011
95121-01-12-02,CYGX1,BH,13,71,55353.14132,1007.0,2,854.780029296875,0.0011
96121-01-01-02,CYGX1,BH,13,72,55563.54757,1663.0,1,1625.52001953125,0.0011
96378-03-01-03,CYGX1,BH,13,73,55567.59835,1614.0,1,1237.3199462890625,0.0004
95121-01-07-00,CYGX1,BH,13,74,55285.26242,9648.0,1,930.9500122070312,0.0011
95121-01-16-03,CYGX1,BH,13,75,55409.03976,1156.0,1,1881.02001953125,0.0011
96378-03-01-02,CYGX1,BH,13,76,55567.66476,1309.0,1,1489.22998046875,0.0004
95121-01-16-01,CYGX1,BH,13,77,55408.90304,1727.0,2,1943.1700439453125,0.0011
95121-01-14-02,CYGX1,BH,13,78,55381.03976,3121.0,1,1729.06005859375,0.0011
95121-01-23-03,CYGX1,BH,13,79,55505.80148,1440.0,1,1571.780029296875,0.0011
96121-01-12-00,CYGX1,BH,14,0,55716.99679,1814.0,1,549.4299926757812,0.0011
96121-01-05-03,CYGX1,BH,14,1,55621.4382,1115.0,1,650.3900146484375,0.0011
96121-01-26-03,CYGX1,BH,14,2,55911.67257,1312.0,1,1246.97998046875,0.0011
96121-01-18-02,CYGX1,BH,14,3,55799.96554,1124.0,2,1915.3699951171875,0.0011
96121-01-03-00,CYGX1,BH,14,4,55597.37179,7724.0,1,1473.0799560546875,0.0011
96121-01-23-02,CYGX1,BH,14,5,55871.70773,1823.0,1,1854.530029296875,0.0011
96121-01-21-02,CYGX1,BH,14,6,55842.84835,1649.0,1,1364.93994140625,0.0011
96439-01-01-00,CYGX1,BH,14,7,55831.02023,6294.0,1,1412.18994140625,0.0011
96121-01-09-01,CYGX1,BH,14,8,55673.17648,2142.0,1,1641.27001953125,0.0011
96121-01-09-02,CYGX1,BH,14,9,55673.23898,1589.0,1,1387.449951171875,0.0011
96121-01-20-02,CYGX1,BH,14,10,55829.68038,2373.0,1,851.6900024414062,0.0011
96121-01-13-01,CYGX1,BH,14,11,55729.98898,2332.0,1,720.3200073242188,0.0011
96121-01-04-03,CYGX1,BH,14,12,55609.48898,1150.0,2,1667.5799560546875,0.0011
96121-01-14-00,CYGX1,BH,14,13,55744.98117,6725.0,1,894.7899780273438,0.0011
96121-01-12-03,CYGX1,BH,14,14,55717.19992,1487.0,1,601.5,0.0011
96121-01-09-00,CYGX1,BH,14,15,55673.11007,2311.0,1,1485.72998046875,0.0011
96121-01-14-02,CYGX1,BH,14,16,55745.19601,1280.0,1,827.1099853515625,0.0011
96121-01-12-02,CYGX1,BH,14,17,55717.13351,1597.0,1,597.530029296875,0.0011
96121-01-04-01,CYGX1,BH,14,18,55609.35617,1517.0,1,1306.27001953125,0.0011
96121-01-02-02,CYGX1,BH,14,19,55577.46163,2188.0,1,1983.52001953125,0.0011
96121-01-16-00,CYGX1,BH,14,20,55771.84445,2269.0,1,1340.9000244140625,0.0011
96381-01-01-06,CYGX1,BH,14,21,55860.15304,3472.0,1,1137.56005859375,0.0003
96121-01-20-01,CYGX1,BH,14,22,55829.7507,2207.0,1,960.5999755859375,0.0011
96121-01-26-01,CYGX1,BH,14,23,55911.55148,1583.0,2,1276.8599853515625,0.0011
96121-01-08-03,CYGX1,BH,14,24,55663.38742,1112.0,2,990.2100219726562,0.0011
96121-01-15-01,CYGX1,BH,14,25,55757.94601,1470.0,1,981.6300048828125,0.0011
96381-01-01-00,CYGX1,BH,14,26,55856.10226,2016.0,1,1140.8499755859375,0.0003
96121-01-04-00,CYGX1,BH,14,27,55609.28976,1817.0,1,1587.489990234375,0.0011
96381-01-01-08,CYGX1,BH,14,28,55855.66085,1180.0,1,1223.1099853515625,0.0003
96381-01-01-05,CYGX1,BH,14,29,55859.17648,3488.0,1,981.5,0.0003
96121-01-12-01,CYGX1,BH,14,30,55717.0671,1904.0,1,589.9099731445312,0.0011
96121-01-21-01,CYGX1,BH,14,31,55842.74288,1174.0,2,1890.3199462890625,0.0011
96121-01-09-03,CYGX1,BH,14,32,55673.30929,1527.0,1,993.8499755859375,0.0011
96121-01-02-00,CYGX1,BH,14,33,55577.58663,3184.0,1,1444.5,0.0011
96439-01-02-00,CYGX1,BH,14,34,55833.43429,6365.0,1,1294.6300048828125,0.0011
96121-01-26-00,CYGX1,BH,14,35,55911.48507,1821.0,2,1411.1400146484375,0.0011
96121-01-02-01,CYGX1,BH,14,36,55577.52413,2476.0,1,1580.6300048828125,0.0011
96121-01-16-03,CYGX1,BH,14,37,55772.04757,1559.0,1,1021.280029296875,0.0011
96381-01-01-02,CYGX1,BH,14,38,55858.05929,1691.0,1,1014.1799926757812,0.0003
96121-01-20-00,CYGX1,BH,14,39,55829.90304,6203.0,1,624.75,0.0011
96121-01-23-00,CYGX1,BH,14,40,55871.57492,2010.0,1,1761.3299560546875,0.0011
96121-01-25-02,CYGX1,BH,14,41,55926.53585,1299.0,1,1075.1500244140625,0.0011
96121-01-06-00,CYGX1,BH,14,42,55633.35617,12494.0,1,1015.0,0.0011
96121-01-18-03,CYGX1,BH,14,43,55800.02804,1024.0,1,1884.6099853515625,0.0011
96121-01-15-00,CYGX1,BH,14,44,55757.8757,1677.0,1,825.5700073242188,0.0011
96121-01-24-00,CYGX1,BH,14,45,55886.59835,6326.0,1,1362.050048828125,0.0011
96121-01-18-00,CYGX1,BH,14,46,55799.84054,1928.0,1,1481.9300537109375,0.0011
96121-01-23-03,CYGX1,BH,14,47,55871.77413,1509.0,1,1797.050048828125,0.0011
96121-01-07-00,CYGX1,BH,14,48,55647.19992,6624.0,1,951.2100219726562,0.0011
96121-01-21-00,CYGX1,BH,14,49,55842.66867,3205.0,1,1654.1400146484375,0.0011
96121-01-09-04,CYGX1,BH,14,50,55673.3757,1825.0,1,1291.06005859375,0.0011
96381-01-01-07,CYGX1,BH,14,51,55858.12179,2108.0,1,714.8499755859375,0.0003
96121-01-02-04,CYGX1,BH,14,52,55577.64913,2896.0,1,1395.3399658203125,0.0011
96121-01-16-04,CYGX1,BH,14,53,55772.16085,2587.0,1,813.22998046875,0.0011
96121-01-24-01,CYGX1,BH,14,54,55886.74288,5947.0,1,1231.050048828125,0.0011
96439-01-03-00,CYGX1,BH,14,55,55835.71945,6014.0,1,800.97998046875,0.0011
96121-01-04-02,CYGX1,BH,14,56,55609.42257,1296.0,1,1440.739990234375,0.0011
96381-01-01-01,CYGX1,BH,14,57,55856.16085,2391.0,1,716.4500122070312,0.0003
96121-01-05-04,CYGX1,BH,14,58,55621.5046,1479.0,1,979.9500122070312,0.0011
96121-01-16-02,CYGX1,BH,14,59,55771.97726,1837.0,2,1045.219970703125,0.0011
96121-01-14-01,CYGX1,BH,14,60,55745.1257,1276.0,1,761.1099853515625,0.0011
96381-01-01-03,CYGX1,BH,14,61,55859.10226,1863.0,1,1530.22998046875,0.0003
96121-01-13-00,CYGX1,BH,14,62,55730.14913,6160.0,1,710.9400024414062,0.0011
96121-01-05-01,CYGX1,BH,14,63,55621.30538,1831.0,1,552.25,0.0011
96121-01-16-01,CYGX1,BH,14,64,55771.91085,2077.0,2,1030.260009765625,0.0011
96121-01-17-00,CYGX1,BH,14,65,55786.91867,15819.0,1,1253.5699462890625,0.0011
96121-01-08-00,CYGX1,BH,14,66,55663.1882,1878.0,1,1098.5999755859375,0.0011
96121-01-25-00,CYGX1,BH,14,67,55926.43429,4143.0,1,1096.010009765625,0.0011
96121-01-25-01,CYGX1,BH,14,68,55926.63351,5143.0,1,923.9500122070312,0.0011
96121-01-10-00,CYGX1,BH,14,69,55689.16867,9616.0,1,1004.02001953125,0.0011
96121-01-11-00,CYGX1,BH,14,70,55703.01632,3398.0,1,1004.1799926757812,0.0011
96121-01-04-04,CYGX1,BH,14,71,55609.55538,1007.0,1,2038.3399658203125,0.0011
96121-01-23-01,CYGX1,BH,14,72,55871.64132,1895.0,1,2103.5400390625,0.0011
96381-01-01-04,CYGX1,BH,14,73,55860.08663,2123.0,1,795.6199951171875,0.0003
96121-01-15-02,CYGX1,BH,14,74,55758.01242,1209.0,2,962.8599853515625,0.0011
96121-01-05-00,CYGX1,BH,14,75,55621.23898,2071.0,1,838.0700073242188,0.0011
96121-01-21-03,CYGX1,BH,14,76,55842.91867,1408.0,1,2084.68994140625,0.0011
96121-01-05-02,CYGX1,BH,14,77,55621.3757,1919.0,1,491.0299987792969,0.0011
96121-01-08-02,CYGX1,BH,14,78,55663.32101,1334.0,2,1099.4599609375,0.0011
96121-01-08-01,CYGX1,BH,14,79,55663.2546,1597.0,1,878.4000244140625,0.0011
80118-01-01-01,LMCX1,BH,0,0,53011.55929,3472.0,1,29.479999542236328,0.0002
80118-01-01-00,LMCX1,BH,0,1,53011.49288,3472.0,1,28.649999618530273,0.0002
80118-01-01-02,LMCX1,BH,0,2,53011.63351,2035.0,2,28.690000534057617,0.0002
80118-01-02-00,LMCX1,BH,1,0,53012.22335,3488.0,1,27.68000030517578,0.0002
80118-01-02-01,LMCX1,BH,1,1,53012.30148,4541.0,1,30.969999313354492,0.0002
80118-01-03-00,LMCX1,BH,2,0,53012.61788,2078.0,2,29.06999969482422,0.0002
80118-01-03-01,LMCX1,BH,2,1,53012.75851,1422.0,1,28.75,0.0002
80118-01-04-02,LMCX1,BH,3,0,53013.05929,1279.0,2,30.43000030517578,0.0002
80118-01-03-02,LMCX1,BH,3,1,53012.88742,1006.0,2,28.520000457763672,0.0002
80118-01-04-00,LMCX1,BH,4,0,53013.23898,7024.0,1,30.540000915527344,0.0002
80118-01-04-01,LMCX1,BH,4,1,53013.66867,1838.0,2,29.670000076293945,0.0002
80118-01-05-01,LMCX1,BH,5,0,53014.19601,1910.0,2,30.690000534057617,0.0002
80118-01-05-00,LMCX1,BH,5,1,53014.04757,1322.0,2,30.420000076293945,0.0002
80118-01-05-03,LMCX1,BH,6,0,53014.58663,2223.0,2,31.979999542236328,0.0002
80118-01-08-00,LMCX1,BH,6,1,53014.29757,5880.0,1,30.329999923706055,0.0002
80118-01-05-02,LMCX1,BH,7,0,53014.72335,1615.0,2,32.310001373291016,0.0002
80118-01-05-05,LMCX1,BH,7,1,53014.97335,1776.0,2,29.920000076293945,0.0002
80118-01-06-00,LMCX1,BH,8,0,53015.77413,1369.0,2,30.34000015258789,0.0002
80118-01-06-02,LMCX1,BH,8,1,53015.43038,9915.0,1,31.739999771118164,0.0002
80118-01-06-01,LMCX1,BH,9,0,53015.90695,1008.0,3,30.920000076293945,0.0002
80118-01-07-00,LMCX1,BH,9,1,53016.34054,9390.0,1,33.36000061035156,0.0002
80118-01-07-02,LMCX1,BH,10,0,53016.75851,1503.0,2,30.8799991607666,0.0002
80118-01-07-03,LMCX1,BH,10,1,53016.82492,1276.0,2,30.0,0.0002
80118-01-05-04,LMCX1,BH,11,0,53016.89132,1060.0,2,32.13999938964844,0.0002
95338-06-01-00,LMCX1,BH,11,1,55214.63351,6686.0,1,29.229999542236328,0.0002
95338-06-02-00,LMCX1,BH,12,0,55217.27804,1396.0,1,31.270000457763672,0.0002
95338-06-01-01,LMCX1,BH,12,1,55214.74679,4712.0,1,28.440000534057617,0.0002
95338-06-02-01,LMCX1,BH,13,0,55217.34835,1756.0,1,30.920000076293945,0.0002
95338-06-02-02,LMCX1,BH,13,1,55217.40695,2117.0,1,30.600000381469727,0.0002
95338-06-04-00,LMCX1,BH,14,0,55253.59835,4884.0,1,28.8799991607666,0.0002
95338-06-03-00,LMCX1,BH,14,1,55242.17648,9582.0,1,37.52000045776367,0.0002
60097-01-10-04,LMCX3,BH,0,0,52200.11398,1615.0,2,32.4900016784668,0.0013
60097-01-09-00,LMCX3,BH,0,1,52174.7507,2176.0,3,18.510000228881836,0.0013
60097-01-06-01,LMCX3,BH,0,2,52098.05929,1184.0,3,18.979999542236328,0.0013
60098-01-03-00,LMCX3,BH,0,3,52097.1921,2631.0,2,19.889999389648438,0.0013
60097-01-11-03,LMCX3,BH,0,4,52224.66085,2878.0,2,66.66000366210938,0.0013
60097-01-03-01,LMCX3,BH,0,5,52027.92257,1664.0,2,10.880000114440918,0.0013
50411-01-05-06,LMCX3,BH,0,6,51839.55538,1536.0,1,32.380001068115234,0.0013
60097-01-03-03,LMCX3,BH,0,7,52028.19601,3424.0,2,10.760000228881836,0.0013
60097-01-01-02,LMCX3,BH,0,8,51977.34054,2608.0,2,52.58000183105469,0.0013
60097-01-06-04,LMCX3,BH,0,9,52098.86788,1820.0,1,18.670000076293945,0.0013
60098-01-03-01,LMCX3,BH,0,10,52097.32882,3087.0,2,20.229999542236328,0.0013
60097-01-01-03,LMCX3,BH,0,11,51977.27804,3369.0,2,52.290000915527344,0.0013
60097-01-13-01,LMCX3,BH,0,12,52278.63742,3392.0,3,60.11000061035156,0.0013
60097-01-06-02,LMCX3,BH,0,13,52098.16867,1752.0,3,18.489999771118164,0.0013
60097-01-10-03,LMCX3,BH,0,14,52200.03976,1061.0,2,32.0099983215332,0.0013
60097-01-03-02,LMCX3,BH,0,15,52028.1296,3424.0,2,10.800000190734863,0.0013
60097-01-10-01,LMCX3,BH,0,16,52199.90304,1357.0,2,31.40999984741211,0.0013
50411-01-05-01,LMCX3,BH,0,17,51839.01242,2801.0,1,31.15999984741211,0.0013
60097-01-08-01,LMCX3,BH,0,18,52149.72335,1653.0,3,18.530000686645508,0.0013
60097-01-01-00G,LMCX3,BH,0,19,51977.21554,2909.0,1,53.33000183105469,0.0013
60097-01-04-00,LMCX3,BH,0,20,52049.6921,8077.0,1,19.219999313354492,0.0013
60097-01-11-00,LMCX3,BH,0,21,52225.52804,2130.0,2,68.73999786376953,0.0013
60097-01-10-02,LMCX3,BH,0,22,52199.97335,1240.0,2,31.850000381469727,0.0013
50411-01-03-00,LMCX3,BH,0,23,51677.94992,6625.0,4,6.429999828338623,0.0013
60097-01-02-00,LMCX3,BH,0,24,52002.66476,13526.0,3,36.720001220703125,0.0013
60097-01-01-01,LMCX3,BH,0,25,51977.14523,3408.0,2,52.5099983215332,0.0013
60097-01-07-05,LMCX3,BH,0,26,52149.92648,1813.0,2,18.239999771118164,0.0013
60097-01-03-00,LMCX3,BH,0,27,52028.0632,3417.0,1,10.579999923706055,0.0013
60097-01-11-05,LMCX3,BH,0,28,52224.39132,1306.0,2,66.05000305175781,0.0013
60097-01-09-02,LMCX3,BH,0,29,52174.88742,3036.0,3,18.6299991607666,0.0013
60097-01-04-01,LMCX3,BH,0,30,52049.53195,1107.0,2,18.770000457763672,0.0013
60097-01-07-01,LMCX3,BH,0,31,52125.65695,1514.0,3,34.970001220703125,0.0013
50411-01-05-00,LMCX3,BH,0,32,51838.83273,5498.0,1,30.020000457763672,0.0013
60097-01-05-00,LMCX3,BH,0,33,52074.11007,8368.0,1,6.480000019073486,0.0013
60097-01-12-00,LMCX3,BH,0,34,52253.07101,12805.0,2,67.75,0.0013
50411-01-05-04,LMCX3,BH,0,35,51839.13351,1053.0,1,31.020000457763672,0.0013
60097-01-10-00,LMCX3,BH,0,36,52199.67648,6528.0,2,31.540000915527344,0.0013
60097-01-08-00,LMCX3,BH,0,37,52149.78585,2365.0,3,18.459999084472656,0.0013
60097-01-08-02,LMCX3,BH,0,38,52149.18038,1118.0,3,18.59000015258789,0.0013
60098-01-01-00,LMCX3,BH,0,39,52042.24288,1834.0,2,14.149999618530273,0.0013
60097-01-13-02,LMCX3,BH,0,40,52278.5671,3168.0,3,60.029998779296875,0.0013
60097-01-11-01,LMCX3,BH,0,41,52225.58663,2407.0,2,68.66000366210938,0.0013
60097-01-07-06,LMCX3,BH,0,42,52150.07882,3221.0,1,18.420000076293945,0.0013
60097-01-09-03,LMCX3,BH,0,43,52174.95382,3381.0,1,18.860000610351562,0.0013
60097-01-07-02,LMCX3,BH,0,44,52125.59445,1152.0,3,34.83000183105469,0.0013
60097-01-11-04,LMCX3,BH,0,45,52225.45382,1750.0,2,69.01000213623047,0.0013
50411-01-05-02,LMCX3,BH,0,46,51839.07882,2381.0,1,31.290000915527344,0.0013
60097-01-09-01,LMCX3,BH,0,47,52174.82101,3423.0,1,18.549999237060547,0.0013
60097-01-07-00,LMCX3,BH,0,48,52125.92257,7945.0,1,35.0099983215332,0.0013
60097-01-06-03,LMCX3,BH,0,49,52097.90304,1089.0,3,19.489999771118164,0.0013
50411-01-05-03,LMCX3,BH,0,50,51839.23117,4437.0,1,31.3700008392334,0.0013
60097-01-05-01,LMCX3,BH,0,51,52073.98507,2628.0,2,6.619999885559082,0.0013
60097-01-06-00,LMCX3,BH,0,52,52097.46554,3288.0,3,19.799999237060547,0.0013
60097-01-11-02,LMCX3,BH,0,53,52225.38742,1279.0,3,69.05000305175781,0.0013
60097-01-05-02,LMCX3,BH,0,54,52073.92648,1408.0,2,7.110000133514404,0.0013
60097-01-06-05,LMCX3,BH,0,55,52098.65304,1421.0,2,16.829999923706055,0.0013
91105-03-04-00,LMCX3,BH,1,0,53444.97726,1121.0,1,71.94999694824219,0.0013
80103-01-03-00,LMCX3,BH,1,1,52923.07882,1510.0,3,13.079999923706055,0.0013
80103-01-06-00,LMCX3,BH,1,2,52932.5632,2215.0,2,20.829999923706055,0.0013
80103-01-02-00,LMCX3,BH,1,3,52918.91867,4431.0,1,10.390000343322754,0.0013
90099-01-02-00,LMCX3,BH,1,4,53134.04757,7168.0,1,41.20000076293945,0.0005
80103-01-11-00,LMCX3,BH,1,5,52955.32882,1408.0,2,43.380001068115234,0.0013
91105-03-02-00,LMCX3,BH,1,6,53439.52804,1888.0,1,73.16000366210938,0.0013
80103-01-10-00,LMCX3,BH,1,7,52951.39132,1536.0,2,41.56999969482422,0.0013
90099-02-01-06,LMCX3,BH,1,8,53116.36007,1904.0,2,64.16000366210938,0.0005
80103-01-03-01,LMCX3,BH,1,9,52923.14523,1648.0,2,12.800000190734863,0.0013
80103-01-06-02,LMCX3,BH,1,10,52932.41476,1152.0,2,21.049999237060547,0.0013
80103-01-07-02,LMCX3,BH,1,11,52934.92257,1731.0,1,24.030000686645508,0.0013
90099-01-01-00,LMCX3,BH,1,12,53129.82492,12263.0,2,44.11000061035156,0.0005
80103-01-04-00,LMCX3,BH,1,13,52925.89523,1535.0,3,15.850000381469727,0.0013
90099-02-01-09,LMCX3,BH,1,14,53116.55929,1053.0,3,66.26000213623047,0.0005
80103-01-04-02,LMCX3,BH,1,15,52926.03195,1349.0,3,15.529999732971191,0.0013
90099-02-01-010,LMCX3,BH,1,16,53116.03976,17166.0,1,61.31999969482422,0.0005
80103-01-08-00,LMCX3,BH,1,17,52940.10226,3488.0,1,27.790000915527344,0.0013
60097-01-13-00,LMCX3,BH,1,18,52278.72726,6080.0,1,60.16999816894531,0.0013
80103-01-05-00,LMCX3,BH,1,19,52928.8171,5788.0,2,17.260000228881836,0.0013
80103-01-11-01,LMCX3,BH,1,20,52955.39913,1786.0,2,43.849998474121094,0.0013
91105-03-03-01,LMCX3,BH,1,21,53441.55538,1168.0,2,69.70999908447266,0.0013
80103-01-07-01,LMCX3,BH,1,22,52934.86007,1536.0,1,23.489999771118164,0.0013
60097-01-15-00,LMCX3,BH,1,23,52331.37179,3215.0,2,44.20000076293945,0.0013
80103-01-04-03,LMCX3,BH,1,24,52926.09835,1397.0,2,14.989999771118164,0.0013
80103-01-10-02,LMCX3,BH,1,25,52951.52413,1920.0,1,42.290000915527344,0.0013
90099-02-01-08,LMCX3,BH,1,26,53116.49288,1343.0,3,66.69999694824219,0.0005
60097-01-14-02,LMCX3,BH,1,27,52305.28585,1541.0,3,52.66999816894531,0.0013
90099-02-01-02,LMCX3,BH,1,28,53115.50851,1503.0,3,60.81999969482422,0.0005
80103-01-01-00,LMCX3,BH,1,29,52916.80148,5238.0,1,10.899999618530273,0.0013
80103-01-04-01,LMCX3,BH,1,30,52925.96163,1353.0,3,15.09000015258789,0.0013
80103-01-08-01,LMCX3,BH,1,31,52940.03976,1494.0,1,28.15999984741211,0.0013
80103-01-11-02,LMCX3,BH,1,32,52955.46163,1858.0,2,44.77000045776367,0.0013
90099-02-01-07,LMCX3,BH,1,33,53116.42648,1671.0,3,63.369998931884766,0.0005
60097-01-15-02,LMCX3,BH,1,34,52331.43429,3342.0,2,43.84000015258789,0.0013
90099-01-02-000,LMCX3,BH,1,35,53133.8171,22528.0,2,40.7599983215332,0.0005
91105-03-02-01,LMCX3,BH,1,36,53439.59054,1503.0,2,71.12999725341797,0.0013
90099-02-01-00,LMCX3,BH,1,37,53115.19992,6880.0,1,67.47000122070312,0.0005
80103-01-06-01,LMCX3,BH,1,38,52932.48117,1152.0,2,21.56999969482422,0.0013
80103-01-09-02,LMCX3,BH,1,39,52946.46945,1536.0,2,36.959999084472656,0.0013
91105-03-01-01,LMCX3,BH,1,40,53436.13351,1408.0,2,73.2300033569336,0.0013
60097-01-14-01,LMCX3,BH,1,41,52305.69601,4802.0,1,53.959999084472656,0.0013
60097-01-15-01,LMCX3,BH,1,42,52332.62179,2904.0,3,43.36000061035156,0.0013
90099-02-01-01,LMCX3,BH,1,43,53116.22335,2624.0,1,62.0,0.0005
91105-03-03-00,LMCX3,BH,1,44,53441.49288,1256.0,2,68.19999694824219,0.0013
60097-01-15-03,LMCX3,BH,1,45,52331.5007,3164.0,2,44.040000915527344,0.0013
90099-02-01-03,LMCX3,BH,1,46,53115.3757,1929.0,2,61.220001220703125,0.0005
80103-01-10-01,LMCX3,BH,1,47,52951.45773,1788.0,1,41.61000061035156,0.0013
80103-01-03-03,LMCX3,BH,1,48,52923.40695,1333.0,3,12.970000267028809,0.0013
80103-01-07-00,LMCX3,BH,1,49,52934.79367,1152.0,2,23.65999984741211,0.0013
80103-01-09-01,LMCX3,BH,1,50,52946.40304,1399.0,2,36.33000183105469,0.0013
60097-01-14-00,LMCX3,BH,1,51,52305.5632,4901.0,2,54.0099983215332,0.0013
90099-01-01-000,LMCX3,BH,1,52,53129.58663,25319.0,2,44.13999938964844,0.0005
91105-03-01-00,LMCX3,BH,1,53,53436.19992,1408.0,2,75.06999969482422,0.0013
80103-01-07-03,LMCX3,BH,1,54,52934.99288,2048.0,1,24.3700008392334,0.0013
80103-01-09-00,LMCX3,BH,1,55,52946.53195,2048.0,3,37.130001068115234,0.0013
91105-03-34-00,LMCX3,BH,2,0,53550.78585,1256.0,1,60.47999954223633,0.0013
91105-03-22-00,LMCX3,BH,2,1,53507.84054,1280.0,2,8.859999656677246,0.0013
91105-03-26-00,LMCX3,BH,2,2,53522.20382,2352.0,1,33.2400016784668,0.0013
91105-03-18-01,LMCX3,BH,2,3,53494.93429,1024.0,2,6.0,0.0013
91105-03-07-01,LMCX3,BH,2,4,53455.27413,1733.0,1,65.80000305175781,0.0013
91105-03-05-02,LMCX3,BH,2,5,53448.1296,1280.0,2,72.94000244140625,0.0013
91105-03-13-01,LMCX3,BH,2,6,53478.27413,1694.0,2,44.119998931884766,0.0013
91105-03-40-00,LMCX3,BH,2,7,53572.07882,1357.0,1,59.13999938964844,0.0013
91105-03-30-00,LMCX3,BH,2,8,53536.22335,1653.0,1,49.20000076293945,0.0013
91105-03-17-00,LMCX3,BH,2,9,53492.43038,1216.0,1,8.510000228881836,0.0013
91105-03-40-01,LMCX3,BH,2,10,53572.21554,1233.0,1,58.22999954223633,0.0013
91105-03-07-00,LMCX3,BH,2,11,53455.21163,1408.0,2,65.13999938964844,0.0013
91105-03-27-00,LMCX3,BH,2,12,53525.14913,2175.0,2,35.04999923706055,0.0013
91105-03-10-00,LMCX3,BH,2,13,53467.13351,2966.0,2,60.939998626708984,0.0013
91105-03-35-00,LMCX3,BH,2,14,53554.71163,1024.0,1,61.970001220703125,0.0013
91105-03-17-01,LMCX3,BH,2,15,53492.36788,1262.0,2,8.399999618530273,0.0013
91105-03-30-01,LMCX3,BH,2,16,53536.28976,1463.0,1,48.029998779296875,0.0013
91105-03-33-00,LMCX3,BH,2,17,53547.12179,2432.0,2,58.7400016784668,0.0013
91105-03-36-01,LMCX3,BH,2,18,53554.77804,1508.0,2,63.290000915527344,0.0013
91105-03-34-01,LMCX3,BH,2,19,53550.71554,1024.0,1,60.43000030517578,0.0013
91105-03-25-00,LMCX3,BH,2,20,53518.19601,2854.0,1,29.610000610351562,0.0013
91105-03-06-00,LMCX3,BH,2,21,53452.3796,1877.0,1,73.86000061035156,0.0013
91105-03-12-01,LMCX3,BH,2,22,53473.36007,1286.0,2,54.63999938964844,0.0013
91105-03-08-01,LMCX3,BH,2,23,53459.13742,1280.0,1,66.55000305175781,0.0013
91105-03-12-00,LMCX3,BH,2,24,53473.29367,1686.0,1,56.54999923706055,0.0013
91105-03-41-01,LMCX3,BH,2,25,53574.18038,1143.0,2,58.0,0.0013
91105-03-29-00,LMCX3,BH,2,26,53532.36007,1289.0,1,42.5,0.0013
91105-03-19-01,LMCX3,BH,2,27,53497.03976,1152.0,2,5.699999809265137,0.0013
91105-03-06-01,LMCX3,BH,2,28,53452.4421,1014.0,2,72.87999725341797,0.0013
91105-03-42-00,LMCX3,BH,2,29,53576.99288,2013.0,2,57.40999984741211,0.0013
91105-03-39-00,LMCX3,BH,2,30,53567.30929,1251.0,1,60.09000015258789,0.0013
91105-03-37-00,LMCX3,BH,2,31,53562.69992,1536.0,1,61.689998626708984,0.0013
91105-03-08-00,LMCX3,BH,2,32,53459.07101,1408.0,1,67.1500015258789,0.0013
91105-03-36-00,LMCX3,BH,2,33,53558.98507,2639.0,1,60.849998474121094,0.0013
91105-03-15-00,LMCX3,BH,2,34,53484.55929,2880.0,2,24.06999969482422,0.0013
91105-03-16-00,LMCX3,BH,2,35,53487.38351,1657.0,2,16.209999084472656,0.0013
91105-03-29-01,LMCX3,BH,2,36,53532.43038,1292.0,1,42.93000030517578,0.0013
91105-03-04-01,LMCX3,BH,2,37,53445.03976,1325.0,1,68.94999694824219,0.0013
91105-03-18-00,LMCX3,BH,2,38,53494.87179,1152.0,2,6.190000057220459,0.0013
91105-03-13-00,LMCX3,BH,2,39,53478.16867,1037.0,1,44.529998779296875,0.0013
91105-03-41-00,LMCX3,BH,2,40,53574.11007,1111.0,3,58.11000061035156,0.0013
91105-03-28-00,LMCX3,BH,2,41,53530.10226,3093.0,1,39.59000015258789,0.0013
91105-03-14-00,LMCX3,BH,2,42,53481.6921,2006.0,2,32.290000915527344,0.0013
91105-03-27-01,LMCX3,BH,2,43,53525.34835,1069.0,3,34.599998474121094,0.0013
91105-03-43-01,LMCX3,BH,2,44,53580.20773,1408.0,2,55.790000915527344,0.0013
91105-03-05-01,LMCX3,BH,2,45,53448.1921,1408.0,2,74.04000091552734,0.0013
91105-03-19-00,LMCX3,BH,2,46,53497.10226,1280.0,2,5.920000076293945,0.0013
91105-03-32-01,LMCX3,BH,2,47,53542.18429,1327.0,1,55.70000076293945,0.0013
91105-03-22-01,LMCX3,BH,2,48,53507.90695,1648.0,2,9.140000343322754,0.0013
91105-03-23-00,LMCX3,BH,2,49,53510.07492,2864.0,1,13.289999961853027,0.0013
91105-03-38-00,LMCX3,BH,2,50,53564.80148,2176.0,1,62.13999938964844,0.0013
91105-03-24-00,LMCX3,BH,2,51,53514.19992,2888.0,1,23.469999313354492,0.0013
91105-03-31-01,LMCX3,BH,2,52,53538.85617,1664.0,1,50.25,0.0013
91105-03-09-00,LMCX3,BH,2,53,53464.24679,2885.0,2,65.80000305175781,0.0013
91105-03-16-01,LMCX3,BH,2,54,53487.32101,1714.0,3,16.079999923706055,0.0013
91105-03-21-00,LMCX3,BH,2,55,53503.13351,2560.0,1,5.539999961853027,0.0013
91105-03-81-00,LMCX3,BH,3,0,53714.41476,1152.0,3,44.65999984741211,0.0013
91105-03-55-00,LMCX3,BH,3,1,53623.07882,1494.0,2,16.049999237060547,0.0013
91105-03-75-00,LMCX3,BH,3,2,53692.85226,1644.0,3,44.86000061035156,0.0013
91105-03-50-00,LMCX3,BH,3,3,53603.94601,2176.0,1,50.91999816894531,0.0013
91105-03-66-01,LMCX3,BH,3,4,53663.6921,1375.0,2,23.670000076293945,0.0013
91105-03-84-00,LMCX3,BH,3,5,53723.65695,2446.0,2,43.709999084472656,0.0013
91105-03-74-00,LMCX3,BH,3,6,53688.99288,1791.0,1,39.630001068115234,0.0013
91105-03-67-00,LMCX3,BH,3,7,53666.98507,1622.0,2,24.440000534057617,0.0013
91105-03-56-00,LMCX3,BH,3,8,53626.93429,1439.0,2,12.770000457763672,0.0013
91105-03-48-00,LMCX3,BH,3,9,53598.03195,1272.0,2,60.86000061035156,0.0013
91105-03-82-01,LMCX3,BH,3,10,53716.85226,1519.0,1,46.15999984741211,0.0013
91105-03-82-00,LMCX3,BH,3,11,53716.90695,1065.0,3,45.650001525878906,0.0013
91105-03-78-00,LMCX3,BH,3,12,53704.39132,1470.0,2,48.20000076293945,0.0013
91105-03-65-00,LMCX3,BH,3,13,53660.89523,1678.0,2,24.239999771118164,0.0013
91105-03-70-00,LMCX3,BH,3,14,53674.84054,1871.0,2,28.3700008392334,0.0013
91105-03-45-00,LMCX3,BH,3,15,53590.09835,1638.0,2,58.52000045776367,0.0013
91105-03-73-00,LMCX3,BH,3,16,53686.04757,1345.0,2,37.45000076293945,0.0013
91105-03-74-01,LMCX3,BH,3,17,53688.92257,1353.0,1,40.88999938964844,0.0013
91105-03-63-00,LMCX3,BH,3,18,53650.59835,1152.0,2,26.479999542236328,0.0013
91105-03-58-00,LMCX3,BH,3,19,53633.00851,1061.0,1,9.869999885559082,0.0013
91105-03-57-01,LMCX3,BH,3,20,53629.61007,1408.0,1,13.069999694824219,0.0013
91105-03-83-01,LMCX3,BH,3,21,53720.43038,1477.0,2,45.900001525878906,0.0013
91105-03-46-00,LMCX3,BH,3,22,53593.91085,2729.0,2,62.119998931884766,0.0013
91105-03-53-00,LMCX3,BH,3,23,53616.50851,1374.0,2,23.229999542236328,0.0013
91105-03-49-00,LMCX3,BH,3,24,53601.63742,1278.0,2,52.40999984741211,0.0013
91105-03-45-01,LMCX3,BH,3,25,53590.16476,1413.0,2,57.38999938964844,0.0013
91105-03-43-00,LMCX3,BH,3,26,53580.27804,1288.0,2,56.65999984741211,0.0013
91105-03-80-00,LMCX3,BH,3,27,53710.89132,1304.0,1,44.56999969482422,0.0013
91105-03-57-00,LMCX3,BH,3,28,53629.5671,1148.0,1,12.819999694824219,0.0013
91105-03-71-00,LMCX3,BH,3,29,53679.03976,1327.0,1,30.209999084472656,0.0013
91105-03-83-00,LMCX3,BH,3,30,53720.30148,1408.0,2,45.65999984741211,0.0013
91105-03-71-01,LMCX3,BH,3,31,53685.97726,1438.0,2,38.2400016784668,0.0013
91105-03-61-02,LMCX3,BH,3,32,53643.65695,1024.0,2,20.1299991607666,0.0013
91105-03-59-01,LMCX3,BH,3,33,53636.71163,1408.0,2,12.40999984741211,0.0013
91105-03-77-01,LMCX3,BH,3,34,53700.25851,1060.0,1,47.279998779296875,0.0013
91105-03-79-00,LMCX3,BH,3,35,53707.46945,2144.0,2,46.810001373291016,0.0013
91105-03-77-00,LMCX3,BH,3,36,53700.39523,1305.0,2,47.720001220703125,0.0013
91105-03-76-00,LMCX3,BH,3,37,53695.74679,3288.0,1,47.0099983215332,0.0013
91105-03-44-01,LMCX3,BH,3,38,53586.10226,1537.0,2,54.58000183105469,0.0013
91105-03-60-00,LMCX3,BH,3,39,53639.97335,1695.0,2,16.020000457763672,0.0013
91105-03-65-01,LMCX3,BH,3,40,53660.94992,1175.0,2,24.799999237060547,0.0013
91105-03-47-00,LMCX3,BH,3,41,53595.14523,1192.0,2,62.310001373291016,0.0013
91105-03-49-01,LMCX3,BH,3,42,53601.77413,1405.0,2,52.959999084472656,0.0013
91105-03-51-00,LMCX3,BH,3,43,53609.76632,2418.0,1,38.560001373291016,0.0013
91105-03-80-01,LMCX3,BH,3,44,53710.95382,1297.0,1,44.5,0.0013
91105-03-59-00,LMCX3,BH,3,45,53636.65304,1024.0,2,13.079999923706055,0.0013
91105-03-64-02,LMCX3,BH,3,46,53654.52804,1152.0,3,25.639999389648438,0.0013
91105-03-48-01,LMCX3,BH,3,47,53598.09445,1016.0,2,60.540000915527344,0.0013
91105-03-72-00,LMCX3,BH,3,48,53682.87179,1300.0,2,31.200000762939453,0.0013
91105-03-68-00,LMCX3,BH,3,49,53668.88351,2030.0,2,25.1299991607666,0.0013
91105-03-44-00,LMCX3,BH,3,50,53586.03195,1052.0,1,54.20000076293945,0.0013
91105-03-81-01,LMCX3,BH,3,51,53714.20773,1024.0,3,44.72999954223633,0.0013
91105-03-67-01,LMCX3,BH,3,52,53666.91085,1422.0,2,25.1200008392334,0.0013
91105-03-66-00,LMCX3,BH,3,53,53663.6296,1421.0,1,24.1299991607666,0.0013
91105-03-56-01,LMCX3,BH,3,54,53626.86398,1222.0,2,13.140000343322754,0.0013
91105-03-54-01,LMCX3,BH,3,55,53620.1296,1345.0,2,17.40999984741211,0.0013
91105-03-91-00,LMCX3,BH,4,0,53750.78585,2806.0,2,33.5099983215332,0.0013
92095-03-15-00,LMCX3,BH,4,1,53848.97335,1405.0,1,31.559999465942383,0.0013
92095-03-08-00,LMCX3,BH,4,2,53823.43038,2143.0,2,17.690000534057617,0.0013
92095-03-17-00,LMCX3,BH,4,3,53854.01632,1536.0,1,35.790000915527344,0.0013
91105-03-02-10,LMCX3,BH,4,4,53780.71945,1271.0,2,45.61000061035156,0.0013
92095-03-05-00,LMCX3,BH,4,5,53813.27804,3135.0,1,12.539999961853027,0.0013
91105-03-93-00,LMCX3,BH,4,6,53757.46163,2560.0,2,37.2599983215332,0.0013
92095-03-20-00,LMCX3,BH,4,7,53864.10226,2600.0,1,43.29999923706055,0.0013
91105-03-05-10,LMCX3,BH,4,8,53791.58273,1454.0,1,34.56999969482422,0.0013
91105-03-86-00,LMCX3,BH,4,9,53731.52804,2879.0,1,36.56999969482422,0.0013
92095-03-16-00,LMCX3,BH,4,10,53851.00851,1408.0,1,32.459999084472656,0.0013
92095-03-10-01,LMCX3,BH,4,11,53830.70773,1087.0,2,22.030000686645508,0.0013
91105-03-85-00,LMCX3,BH,4,12,53727.32101,2439.0,1,38.63999938964844,0.0013
92095-03-24-01,LMCX3,BH,4,13,53878.44992,1036.0,2,49.66999816894531,0.0013
91105-03-97-00,LMCX3,BH,4,14,53771.34054,2276.0,1,47.880001068115234,0.0013
92095-03-10-00,LMCX3,BH,4,15,53830.63742,1134.0,2,22.479999542236328,0.0013
92095-03-01-00,LMCX3,BH,4,16,53799.1257,1512.0,1,24.110000610351562,0.0013
92095-03-12-01,LMCX3,BH,4,17,53836.32492,1823.0,1,24.959999084472656,0.0013
92095-03-22-00,LMCX3,BH,4,18,53873.08273,2134.0,2,53.34000015258789,0.0013
92095-03-13-01,LMCX3,BH,4,19,53840.45382,1391.0,1,28.1299991607666,0.0013
91105-03-06-10,LMCX3,BH,4,20,53794.59054,1769.0,1,29.049999237060547,0.0013
92095-03-19-00,LMCX3,BH,4,21,53861.02413,2013.0,2,40.439998626708984,0.0013
91105-03-03-10,LMCX3,BH,4,22,53784.4421,1454.0,1,45.02000045776367,0.0013
91105-03-96-00,LMCX3,BH,4,23,53768.40304,1621.0,2,42.52000045776367,0.0013
91105-03-06-11,LMCX3,BH,4,24,53794.52804,1718.0,1,29.5,0.0013
92095-03-27-00,LMCX3,BH,4,25,53888.39913,1111.0,1,42.310001373291016,0.0013
91105-03-88-00,LMCX3,BH,4,26,53737.86788,1285.0,2,31.610000610351562,0.0013
91105-03-98-00,LMCX3,BH,4,27,53774.49288,2546.0,1,45.52000045776367,0.0013
92095-03-28-00,LMCX3,BH,4,28,53892.12179,1364.0,2,34.029998779296875,0.0013
91105-03-04-11,LMCX3,BH,4,29,53788.70382,1109.0,1,39.65999984741211,0.0013
92095-03-25-01,LMCX3,BH,4,30,53882.44601,1351.0,2,51.97999954223633,0.0013
91105-03-05-11,LMCX3,BH,4,31,53791.65304,1446.0,1,34.16999816894531,0.0013
92095-03-14-00,LMCX3,BH,4,32,53844.0671,1152.0,2,28.1299991607666,0.0013
92095-03-11-01,LMCX3,BH,4,33,53834.18038,1234.0,1,24.8700008392334,0.0013
91105-03-92-00,LMCX3,BH,4,34,53754.3132,1792.0,2,36.90999984741211,0.0013
91105-03-60-01,LMCX3,BH,4,35,53737.93038,1230.0,2,31.329999923706055,0.0013
91105-03-87-00,LMCX3,BH,4,36,53734.27023,2275.0,1,34.18000030517578,0.0013
91105-03-03-11,LMCX3,BH,4,37,53784.50851,1652.0,1,44.59000015258789,0.0013
92095-03-23-00,LMCX3,BH,4,38,53876.55929,1039.0,1,50.2599983215332,0.0013
92095-03-13-00,LMCX3,BH,4,39,53840.52023,1511.0,2,27.149999618530273,0.0013
92095-03-06-00,LMCX3,BH,4,40,53817.39523,2110.0,1,13.760000228881836,0.0013
91105-03-04-10,LMCX3,BH,4,41,53788.64132,1500.0,1,40.40999984741211,0.0013
92095-03-01-01,LMCX3,BH,4,42,53798.99288,1223.0,1,24.040000915527344,0.0013
91105-03-90-00,LMCX3,BH,4,43,53746.64132,1157.0,2,31.190000534057617,0.0013
92095-03-21-01,LMCX3,BH,4,44,53868.43429,1626.0,1,45.5,0.0013
92095-03-14-01,LMCX3,BH,4,45,53844.23898,1475.0,2,28.389999389648438,0.0013
92095-03-03-01,LMCX3,BH,4,46,53806.19601,1920.0,1,16.780000686645508,0.0013
91105-03-89-00,LMCX3,BH,4,47,53742.05929,1722.0,2,30.649999618530273,0.0013
92095-03-25-00,LMCX3,BH,4,48,53882.30929,1230.0,1,50.36000061035156,0.0013
92095-03-04-00,LMCX3,BH,4,49,53809.40695,1645.0,2,13.850000381469727,0.0013
92095-03-18-00,LMCX3,BH,4,50,53858.99288,1673.0,1,40.16999816894531,0.0013
92095-03-03-00,LMCX3,BH,4,51,53806.14132,1024.0,1,17.030000686645508,0.0013
92095-03-27-01,LMCX3,BH,4,52,53888.33273,1414.0,2,41.47999954223633,0.0013
92095-03-07-00,LMCX3,BH,4,53,53820.21945,2712.0,1,15.25,0.0013
91105-03-95-00,LMCX3,BH,4,54,53764.33273,2408.0,1,41.59000015258789,0.0013
92095-03-24-02,LMCX3,BH,4,55,53878.52023,1062.0,2,52.4900016784668,0.0013
92095-03-63-01,LMCX3,BH,5,0,54015.58663,1920.0,1,59.880001068115234,0.0013
92095-03-41-01,LMCX3,BH,5,1,53938.3132,1566.0,2,15.9399995803833,0.0013
92095-03-52-01,LMCX3,BH,5,2,53975.96554,1774.0,2,35.869998931884766,0.0013
92095-03-55-00,LMCX3,BH,5,3,53987.16867,1421.0,1,46.25,0.0013
92095-03-40-00,LMCX3,BH,5,4,53934.11398,1085.0,2,13.75,0.0013
92095-03-31-02,LMCX3,BH,5,5,53902.88351,1024.0,1,22.209999084472656,0.0013
92095-03-65-01,LMCX3,BH,5,6,54022.14913,1056.0,2,58.189998626708984,0.0013
92095-03-53-00,LMCX3,BH,5,7,53980.23117,1085.0,1,40.439998626708984,0.0013
92095-03-55-01,LMCX3,BH,5,8,53987.36007,1215.0,2,46.9900016784668,0.0013
92095-03-67-01,LMCX3,BH,5,9,54028.10226,1151.0,3,46.40999984741211,0.0013
92095-03-54-00,LMCX3,BH,5,10,53984.02023,1151.0,1,44.79999923706055,0.0013
92095-03-59-00,LMCX3,BH,5,11,54003.47726,1161.0,1,52.869998931884766,0.0013
92095-03-62-00,LMCX3,BH,5,12,54012.57492,1280.0,1,56.959999084472656,0.0013
92095-03-40-01,LMCX3,BH,5,13,53934.18038,1223.0,2,13.5,0.0013
92095-03-33-01,LMCX3,BH,5,14,53910.87179,1023.0,1,16.989999771118164,0.0013
92095-03-51-02,LMCX3,BH,5,15,53974.20773,1050.0,2,32.02000045776367,0.0013
92095-03-68-01,LMCX3,BH,5,16,54031.95773,1094.0,1,37.16999816894531,0.0013
92095-03-66-01,LMCX3,BH,5,17,54024.95773,1439.0,1,55.02000045776367,0.0013
92095-03-28-01,LMCX3,BH,5,18,53892.25851,1666.0,1,34.529998779296875,0.0013
92095-03-39-01,LMCX3,BH,5,19,53930.39523,1046.0,2,11.630000114440918,0.0013
92095-03-57-00,LMCX3,BH,5,20,53993.59054,1661.0,1,51.18000030517578,0.0013
92095-03-49-00,LMCX3,BH,5,21,53967.64132,1706.0,1,30.469999313354492,0.0013
92095-03-41-00,LMCX3,BH,5,22,53938.24288,1175.0,2,16.610000610351562,0.0013
92095-03-65-00,LMCX3,BH,5,23,54022.07882,1014.0,1,58.7599983215332,0.0013
92095-03-67-00,LMCX3,BH,5,24,54028.03585,1359.0,2,47.060001373291016,0.0013
92095-03-45-00,LMCX3,BH,5,25,53951.61007,1242.0,1,20.889999389648438,0.0013
92095-03-54-01,LMCX3,BH,5,26,53984.08663,1142.0,1,43.5,0.0013
92095-03-42-00,LMCX3,BH,5,27,53942.10226,1526.0,2,18.399999618530273,0.0013
92095-03-58-01,LMCX3,BH,5,28,53996.66867,1142.0,1,52.47999954223633,0.0013
92095-03-61-02,LMCX3,BH,5,29,54008.65695,1152.0,1,58.040000915527344,0.0013
92095-03-29-01,LMCX3,BH,5,30,53895.8757,1255.0,2,28.700000762939453,0.0013
92095-03-63-00,LMCX3,BH,5,31,54015.52413,1023.0,2,60.349998474121094,0.0013
92095-03-66-00,LMCX3,BH,5,32,54024.88742,1455.0,1,57.40999984741211,0.0013
92095-03-35-00,LMCX3,BH,5,33,53917.9382,2520.0,2,12.180000305175781,0.0013
92095-03-36-00,LMCX3,BH,5,34,53920.23898,1455.0,1,12.289999961853027,0.0013
92095-03-51-00,LMCX3,BH,5,35,53974.07101,1053.0,2,33.540000915527344,0.0013
92095-03-56-00,LMCX3,BH,5,36,53992.61007,1536.0,1,50.7599983215332,0.0013
92095-03-37-00,LMCX3,BH,5,37,53924.23507,1626.0,2,10.890000343322754,0.0013
92095-03-31-01,LMCX3,BH,5,38,53902.8171,1024.0,1,22.010000228881836,0.0013
92095-03-59-01,LMCX3,BH,5,39,54003.53585,1319.0,2,54.689998626708984,0.0013
92095-03-32-00,LMCX3,BH,5,40,53905.89523,1699.0,2,19.75,0.0013
92095-03-47-00,LMCX3,BH,5,41,53959.72726,1720.0,2,24.639999389648438,0.0013
92095-03-57-01,LMCX3,BH,5,42,53993.65695,1280.0,2,51.209999084472656,0.0013
92095-03-29-00,LMCX3,BH,5,43,53895.80538,1644.0,2,27.829999923706055,0.0013
92095-03-34-00,LMCX3,BH,5,44,53914.20773,2174.0,2,13.069999694824219,0.0013
92095-03-56-01,LMCX3,BH,5,45,53992.54367,1766.0,1,50.529998779296875,0.0013
92095-03-43-00,LMCX3,BH,5,46,53944.87179,1536.0,2,18.540000915527344,0.0013
92095-03-33-00,LMCX3,BH,5,47,53910.80538,1024.0,1,16.75,0.0013
92095-03-50-00,LMCX3,BH,5,48,53970.01242,1837.0,2,31.200000762939453,0.0013
92095-03-44-01,LMCX3,BH,5,49,53949.17257,1192.0,2,19.68000030517578,0.0013
92095-03-43-02,LMCX3,BH,5,50,53944.73507,1408.0,2,18.729999542236328,0.0013
92095-03-45-01,LMCX3,BH,5,51,53951.67648,1280.0,1,21.260000228881836,0.0013
92095-03-39-00,LMCX3,BH,5,52,53930.05148,1343.0,2,12.270000457763672,0.0013
92095-03-64-00,LMCX3,BH,5,53,54019.57492,2158.0,1,59.81999969482422,0.0013
92095-03-58-00,LMCX3,BH,5,54,53996.60617,1408.0,1,52.470001220703125,0.0013
92095-03-03-10,LMCX3,BH,6,0,54148.11788,1536.0,1,42.599998474121094,0.0013
92095-03-05-12,LMCX3,BH,6,1,54154.27413,1024.0,2,29.270000457763672,0.0013
92095-03-89-00,LMCX3,BH,6,2,54107.32101,1664.0,2,46.33000183105469,0.0013
92095-03-05-10,LMCX3,BH,6,3,54154.07492,1280.0,2,29.959999084472656,0.0013
92095-03-86-00,LMCX3,BH,6,4,54094.74679,1525.0,3,33.040000915527344,0.0013
92095-03-94-00,LMCX3,BH,6,5,54124.27413,1898.0,1,44.650001525878906,0.0013
92095-03-90-00,LMCX3,BH,6,6,54109.28585,1526.0,2,45.15999984741211,0.0013
92095-03-76-00,LMCX3,BH,6,7,54059.98507,2718.0,1,16.989999771118164,0.0013
92095-03-88-00,LMCX3,BH,6,8,54102.36007,1152.0,2,39.7400016784668,0.0013
92095-03-96-00,LMCX3,BH,6,9,54132.59445,1198.0,1,41.20000076293945,0.0013
92095-03-02-10,LMCX3,BH,6,10,54146.53195,1477.0,1,44.810001373291016,0.0013
91105-03-07-10,LMCX3,BH,6,11,54161.27023,2286.0,1,15.850000381469727,0.0013
92095-03-72-00,LMCX3,BH,6,12,54046.4382,1280.0,2,8.140000343322754,0.0013
92095-03-79-01,LMCX3,BH,6,13,54072.49679,1080.0,2,25.239999771118164,0.0013
92095-03-98-00,LMCX3,BH,6,14,54138.68429,1294.0,2,46.66999816894531,0.0013
92095-03-85-00,LMCX3,BH,6,15,54092.26242,1864.0,1,31.600000381469727,0.0013
92095-03-95-01,LMCX3,BH,6,16,54128.53195,1646.0,1,41.54999923706055,0.0013
92095-03-77-00,LMCX3,BH,6,17,54063.92257,3113.0,2,23.040000915527344,0.0013
92095-03-79-00,LMCX3,BH,6,18,54072.41867,1545.0,2,26.010000228881836,0.0013
92095-03-04-10,LMCX3,BH,6,19,54152.55538,1152.0,1,33.810001373291016,0.0013
92095-03-80-00,LMCX3,BH,6,20,54075.36007,1854.0,2,24.959999084472656,0.0013
92095-03-94-01,LMCX3,BH,6,21,54124.21163,1276.0,2,43.41999816894531,0.0013
92095-03-98-01,LMCX3,BH,6,22,54138.7507,1279.0,2,46.88999938964844,0.0013
92095-03-86-01,LMCX3,BH,6,23,54094.68038,1652.0,2,31.860000610351562,0.0013
92095-03-01-11,LMCX3,BH,6,24,54140.71554,1345.0,1,47.72999954223633,0.0013
92095-03-78-00,LMCX3,BH,6,25,54069.74288,3128.0,2,25.850000381469727,0.0013
92095-03-71-00,LMCX3,BH,6,26,54042.2546,3248.0,1,13.0,0.0013
92095-03-70-00,LMCX3,BH,6,27,54038.96554,1462.0,1,20.049999237060547,0.0013
92095-03-87-01,LMCX3,BH,6,28,54098.36007,2048.0,2,34.880001068115234,0.0013
92095-03-82-01,LMCX3,BH,6,29,54082.83663,1023.0,2,24.540000915527344,0.0013
92095-03-95-00,LMCX3,BH,6,30,54128.60226,1086.0,1,41.54999923706055,0.0013
92095-03-93-00,LMCX3,BH,6,31,54120.61788,2754.0,1,44.22999954223633,0.0013
92095-03-72-01,LMCX3,BH,6,32,54046.5046,1024.0,2,7.829999923706055,0.0013
92095-03-92-01,LMCX3,BH,6,33,54118.2546,1764.0,1,45.06999969482422,0.0013
92095-03-69-00,LMCX3,BH,6,34,54035.28195,2856.0,1,27.920000076293945,0.0013
92095-03-01-12,LMCX3,BH,6,35,54146.66867,1342.0,1,43.09000015258789,0.0013
92095-03-91-01,LMCX3,BH,6,36,54112.37179,2133.0,2,46.970001220703125,0.0013
92095-03-97-02,LMCX3,BH,6,37,54134.82882,1240.0,2,43.15999984741211,0.0013
92095-03-92-00,LMCX3,BH,6,38,54118.32492,1280.0,2,45.25,0.0013
92095-03-70-01,LMCX3,BH,6,39,54039.09835,1472.0,1,18.989999771118164,0.0013
92095-03-95-03,LMCX3,BH,6,40,54132.79757,1032.0,1,42.08000183105469,0.0013
92095-03-73-00,LMCX3,BH,6,41,54049.53585,1808.0,2,6.900000095367432,0.0013
92095-03-84-00,LMCX3,BH,6,42,54088.73507,2098.0,2,30.350000381469727,0.0013
92095-03-97-00,LMCX3,BH,6,43,54134.68429,1122.0,1,43.709999084472656,0.0013
92095-03-81-00,LMCX3,BH,6,44,54079.29367,2856.0,2,25.719999313354492,0.0013
92095-03-74-00,LMCX3,BH,6,45,54053.5046,1689.0,2,8.279999732971191,0.0013
92095-03-90-01,LMCX3,BH,6,46,54109.35226,1880.0,2,45.91999816894531,0.0013
92095-03-83-01,LMCX3,BH,6,47,54084.73898,1828.0,2,27.709999084472656,0.0013
92095-03-82-00,LMCX3,BH,6,48,54082.77413,1792.0,2,24.65999984741211,0.0013
92095-03-03-11,LMCX3,BH,6,49,54148.05538,1018.0,1,42.060001373291016,0.0013
92095-03-06-10,LMCX3,BH,6,50,54158.1921,1657.0,1,20.979999542236328,0.0013
92095-03-88-01,LMCX3,BH,6,51,54102.28585,1583.0,2,38.66999816894531,0.0013
92095-03-87-00,LMCX3,BH,6,52,54098.19992,1176.0,2,34.959999084472656,0.0013
92095-03-91-00,LMCX3,BH,6,53,54112.30929,1142.0,2,47.75,0.0013
92095-03-89-01,LMCX3,BH,6,54,54107.26242,1182.0,2,45.77000045776367,0.0013
92095-03-12-11,LMCX3,BH,7,0,54196.62179,1398.0,2,27.290000915527344,0.0013
93113-01-10-00,LMCX3,BH,7,1,54313.99679,1942.0,1,49.22999954223633,0.0013
92095-03-20-10,LMCX3,BH,7,2,54225.5046,1359.0,1,45.95000076293945,0.0013
93113-01-16-00,LMCX3,BH,7,3,54334.09445,1758.0,2,59.11000061035156,0.0013
91105-03-52-00,LMCX3,BH,7,4,54169.58273,2320.0,1,5.590000152587891,0.0013
93113-01-13-00,LMCX3,BH,7,5,54322.96945,1805.0,1,55.560001373291016,0.0013
93113-01-18-00,LMCX3,BH,7,6,54342.27804,1583.0,2,65.79000091552734,0.0013
93113-01-04-00,LMCX3,BH,7,7,54293.77804,1792.0,1,22.170000076293945,0.0013
92095-03-28-10,LMCX3,BH,7,8,54254.75851,1241.0,1,32.279998779296875,0.0013
92095-03-24-10,LMCX3,BH,7,9,54240.35226,1341.0,1,62.349998474121094,0.0013
93113-01-07-00,LMCX3,BH,7,10,54302.20382,1645.0,1,28.3700008392334,0.0013
91105-03-08-11,LMCX3,BH,7,11,54166.30538,1303.0,1,6.75,0.0013
93113-01-22-00,LMCX3,BH,7,12,54355.02804,1510.0,1,48.09000015258789,0.0013
93113-01-05-00,LMCX3,BH,7,13,54295.47335,1682.0,2,22.5,0.0013
93113-01-06-00,LMCX3,BH,7,14,54298.34835,2285.0,2,24.309999465942383,0.0013
92095-03-27-10,LMCX3,BH,7,15,54250.95773,2283.0,2,39.58000183105469,0.0013
93113-01-03-00,LMCX3,BH,7,16,54290.16476,1934.0,2,12.670000076293945,0.0013
91105-03-08-10,LMCX3,BH,7,17,54166.18429,1408.0,1,7.929999828338623,0.0013
92095-03-25-10,LMCX3,BH,7,18,54244.34445,1526.0,2,56.380001068115234,0.0013
93113-01-17-00,LMCX3,BH,7,19,54338.01242,1959.0,2,64.08000183105469,0.0013
92095-03-14-11,LMCX3,BH,7,20,54203.18038,1152.0,1,31.899999618530273,0.0013
93113-01-14-00,LMCX3,BH,7,21,54328.72726,1523.0,2,55.650001525878906,0.0013
92095-03-18-10,LMCX3,BH,7,22,54218.02804,2054.0,1,40.959999084472656,0.0013
92095-03-24-11,LMCX3,BH,7,23,54240.28585,1474.0,2,59.869998931884766,0.0013
92095-03-28-11,LMCX3,BH,7,24,54254.82492,1024.0,1,32.52000045776367,0.0013
92095-03-15-10,LMCX3,BH,7,25,54208.34835,3264.0,1,37.060001373291016,0.0013
92095-03-11-10,LMCX3,BH,7,26,54194.45773,1573.0,1,26.1299991607666,0.0013
92095-03-29-10,LMCX3,BH,7,27,54258.95382,1280.0,2,25.06999969482422,0.0013
92095-03-13-11,LMCX3,BH,7,28,54200.03585,1280.0,1,29.780000686645508,0.0013
92095-03-32-11,LMCX3,BH,7,29,54267.0007,1657.0,1,8.970000267028809,0.0013
93113-01-21-00,LMCX3,BH,7,30,54350.64913,1920.0,1,52.130001068115234,0.0013
93113-01-20-00,LMCX3,BH,7,31,54347.85226,1785.0,1,58.529998779296875,0.0013
92095-03-23-10,LMCX3,BH,7,32,54237.27413,1468.0,2,59.150001525878906,0.0013
93114-01-03-00,LMCX3,BH,7,33,54288.74288,13990.0,1,7.75,0.0014
92095-03-09-11,LMCX3,BH,7,34,54188.64132,1520.0,1,13.989999771118164,0.0013
92095-03-21-11,LMCX3,BH,7,35,54230.27023,1836.0,1,54.0099983215332,0.0013
92095-03-23-11,LMCX3,BH,7,36,54237.40695,1175.0,2,58.869998931884766,0.0013
92095-03-14-10,LMCX3,BH,7,37,54203.04367,1617.0,1,30.860000610351562,0.0013
93113-01-19-00,LMCX3,BH,7,38,54344.82101,1901.0,1,65.23999786376953,0.0013
92095-03-10-10,LMCX3,BH,7,39,54190.60226,1508.0,2,19.81999969482422,0.0013
93113-01-15-00,LMCX3,BH,7,40,54330.09835,1838.0,1,57.029998779296875,0.0013
92095-03-22-10,LMCX3,BH,7,41,54234.19992,2558.0,1,59.709999084472656,0.0013
92095-03-12-10,LMCX3,BH,7,42,54196.48898,1477.0,1,27.530000686645508,0.0013
92095-03-17-01,LMCX3,BH,7,43,54214.95382,1152.0,2,39.97999954223633,0.0013
93114-01-03-02,LMCX3,BH,7,44,54290.72726,11430.0,1,15.390000343322754,0.0014
93114-01-03-01,LMCX3,BH,7,45,54289.75851,9898.0,1,12.119999885559082,0.0014
93113-01-11-00,LMCX3,BH,7,46,54316.8796,1536.0,1,56.2400016784668,0.0013
92095-03-32-10,LMCX3,BH,7,47,54266.86398,1280.0,1,9.100000381469727,0.0013
92095-03-25-11,LMCX3,BH,7,48,54244.13742,1230.0,2,55.400001525878906,0.0013
92095-03-09-10,LMCX3,BH,7,49,54188.5046,1446.0,1,13.680000305175781,0.0013
92095-03-13-10,LMCX3,BH,7,50,54200.10226,1152.0,1,29.559999465942383,0.0013
93113-01-23-00,LMCX3,BH,7,51,54358.64132,1583.0,2,42.650001525878906,0.0013
93113-01-08-00,LMCX3,BH,7,52,54304.03976,1464.0,1,31.200000762939453,0.0013
92095-03-26-10,LMCX3,BH,7,53,54247.16867,2937.0,1,52.630001068115234,0.0013
93113-01-09-00,LMCX3,BH,7,54,54308.82492,1860.0,2,41.97999954223633,0.0013
93113-01-54-00,LMCX3,BH,8,0,54466.88351,1819.0,1,26.280000686645508,0.0013
93113-01-53-00,LMCX3,BH,8,1,54463.36007,1645.0,1,26.479999542236328,0.0013
93113-01-27-00,LMCX3,BH,8,2,54373.7507,1855.0,1,32.939998626708984,0.0013
93113-01-79-00,LMCX3,BH,8,3,54554.10226,1278.0,1,42.77000045776367,0.0013
93113-01-69-00,LMCX3,BH,8,4,54520.16476,1691.0,1,48.68000030517578,0.0013
93113-01-57-00,LMCX3,BH,8,5,54478.34054,1849.0,1,31.81999969482422,0.0013
93113-01-51-00,LMCX3,BH,8,6,54456.28976,1490.0,1,18.420000076293945,0.0013
93113-01-35-00,LMCX3,BH,8,7,54400.0671,1902.0,1,49.02000045776367,0.0013
93113-01-40-00,LMCX3,BH,8,8,54418.59054,1920.0,1,60.5099983215332,0.0013
93113-01-42-00,LMCX3,BH,8,9,54424.53585,1914.0,2,51.5,0.0013
93113-01-75-00,LMCX3,BH,8,10,54540.4421,1834.0,1,45.04999923706055,0.0013
93113-01-30-00,LMCX3,BH,8,11,54383.97335,1726.0,1,35.369998931884766,0.0013
93113-01-78-00,LMCX3,BH,8,12,54550.52023,2381.0,1,45.029998779296875,0.0013
93113-01-68-00,LMCX3,BH,8,13,54516.42257,1831.0,1,47.58000183105469,0.0013
93113-01-77-00,LMCX3,BH,8,14,54547.23898,2070.0,1,46.68000030517578,0.0013
93113-01-26-00,LMCX3,BH,8,15,54369.6296,1792.0,2,32.279998779296875,0.0013
93113-01-58-00,LMCX3,BH,8,16,54480.70382,1775.0,1,32.11000061035156,0.0013
93113-01-25-00,LMCX3,BH,8,17,54365.70773,2176.0,1,35.41999816894531,0.0013
93113-01-76-00,LMCX3,BH,8,18,54543.40695,1296.0,1,43.65999984741211,0.0013
93113-01-31-00,LMCX3,BH,8,19,54386.91085,1943.0,1,37.630001068115234,0.0013
93113-01-24-00,LMCX3,BH,8,20,54361.85617,1664.0,2,38.2599983215332,0.0013
93113-01-70-00,LMCX3,BH,8,21,54522.59054,1786.0,1,47.709999084472656,0.0013
93113-01-52-00,LMCX3,BH,8,22,54459.42648,1919.0,1,21.959999084472656,0.0013
93113-01-80-00,LMCX3,BH,8,23,54557.0671,1638.0,1,40.81999969482422,0.0013
93113-01-56-00,LMCX3,BH,8,24,54474.66867,1827.0,1,30.309999465942383,0.0013
93113-01-36-00,LMCX3,BH,8,25,54403.78585,1272.0,1,50.38999938964844,0.0013
93113-01-61-00,LMCX3,BH,8,26,54492.80929,1567.0,1,38.75,0.0013
93113-01-34-00,LMCX3,BH,8,27,54396.53585,1916.0,1,44.58000183105469,0.0013
93113-01-49-00,LMCX3,BH,8,28,54449.6921,1988.0,1,11.520000457763672,0.0013
93113-01-32-00,LMCX3,BH,8,29,54390.23117,1528.0,1,40.91999816894531,0.0013
93113-01-46-00,LMCX3,BH,8,30,54439.32101,1810.0,1,21.579999923706055,0.0013
93113-01-48-00,LMCX3,BH,8,31,54446.9421,1949.0,1,10.65999984741211,0.0013
93113-01-43-00,LMCX3,BH,8,32,54429.4421,1897.0,1,42.13999938964844,0.0013
93113-01-37-00,LMCX3,BH,8,33,54406.54757,1771.0,1,51.4900016784668,0.0013
93113-01-28-00,LMCX3,BH,8,34,54375.98507,1823.0,1,34.15999984741211,0.0013
93113-01-41-00,LMCX3,BH,8,35,54421.59054,1613.0,2,55.52000045776367,0.0013
93113-01-67-00,LMCX3,BH,8,36,54512.5632,1667.0,1,46.5099983215332,0.0013
93113-01-50-00,LMCX3,BH,8,37,54452.23117,1792.0,1,13.539999961853027,0.0013
93113-01-73-00,LMCX3,BH,8,38,54534.42257,2256.0,1,46.630001068115234,0.0013
93113-01-72-00,LMCX3,BH,8,39,54530.5007,1837.0,1,45.9900016784668,0.0013
93113-01-44-00,LMCX3,BH,8,40,54431.8132,1711.0,1,36.150001525878906,0.0013
93113-01-45-00,LMCX3,BH,8,41,54435.59835,1850.0,1,31.329999923706055,0.0013
93113-01-60-00,LMCX3,BH,8,42,54488.53976,1959.0,1,35.459999084472656,0.0013
93113-01-55-00,LMCX3,BH,8,43,54471.33273,2048.0,1,29.479999542236328,0.0013
93113-01-74-00,LMCX3,BH,8,44,54538.55148,1640.0,2,45.099998474121094,0.0013
93113-01-33-00,LMCX3,BH,8,45,54394.04757,2133.0,1,43.5099983215332,0.0013
93113-01-64-00,LMCX3,BH,8,46,54501.69992,1827.0,1,44.470001220703125,0.0013
93113-01-71-00,LMCX3,BH,8,47,54526.24679,1663.0,1,47.220001220703125,0.0013
93113-01-39-00,LMCX3,BH,8,48,54413.54757,2048.0,1,54.02000045776367,0.0013
93113-01-59-00,LMCX3,BH,8,49,54483.63742,1945.0,1,32.9900016784668,0.0013
93113-01-66-00,LMCX3,BH,8,50,54509.23117,1615.0,1,46.54999923706055,0.0013
93113-01-63-00,LMCX3,BH,8,51,54498.62179,1959.0,1,41.220001220703125,0.0013
93113-01-29-00,LMCX3,BH,8,52,54379.70382,2114.0,1,34.400001525878906,0.0013
93113-01-38-00,LMCX3,BH,8,53,54410.79367,1832.0,1,53.81999969482422,0.0013
93113-01-62-00,LMCX3,BH,8,54,54495.40695,1888.0,1,40.31999969482422,0.0013
93113-01-32-10,LMCX3,BH,9,0,54733.66476,1922.0,1,21.43000030517578,0.0013
93113-01-07-10,LMCX3,BH,9,1,54644.04367,1396.0,1,32.59000015258789,0.0013
93113-01-34-10,LMCX3,BH,9,2,54739.95382,1855.0,1,22.15999984741211,0.0013
93113-01-22-10,LMCX3,BH,9,3,54699.26632,1888.0,1,13.109999656677246,0.0013
93113-01-33-10,LMCX3,BH,9,4,54735.96163,1838.0,1,21.1200008392334,0.0013
93113-01-11-10,LMCX3,BH,9,5,54660.12179,1688.0,1,30.479999542236328,0.0013
93113-01-14-10,LMCX3,BH,9,6,54670.21163,1827.0,1,26.309999465942383,0.0013
93113-01-97-00,LMCX3,BH,9,7,54618.2507,1540.0,1,33.31999969482422,0.0013
93113-01-35-10,LMCX3,BH,9,8,54742.95382,1936.0,1,22.760000228881836,0.0013
93113-01-28-10,LMCX3,BH,9,9,54719.07101,1824.0,1,22.65999984741211,0.0013
93113-01-25-10,LMCX3,BH,9,10,54707.97726,1536.0,1,19.690000534057617,0.0013
93113-01-16-10,LMCX3,BH,9,11,54676.23117,1627.0,1,17.790000915527344,0.0013
93113-01-83-00,LMCX3,BH,9,12,54569.29757,1879.0,1,35.650001525878906,0.0013
93113-01-37-10,LMCX3,BH,9,13,54749.64523,1919.0,1,25.8700008392334,0.0013
93113-01-04-10,LMCX3,BH,9,14,54634.79367,2558.0,1,33.599998474121094,0.0013
93113-01-23-10,LMCX3,BH,9,15,54701.85617,1933.0,1,14.069999694824219,0.0013
93113-01-36-10,LMCX3,BH,9,16,54746.8796,1772.0,1,24.309999465942383,0.0013
93113-01-10-10,LMCX3,BH,9,17,54656.1921,1616.0,1,31.549999237060547,0.0013
93113-01-29-10,LMCX3,BH,9,18,54722.61007,1664.0,1,22.360000610351562,0.0013
93113-01-13-10,LMCX3,BH,9,19,54666.9382,2048.0,1,29.520000457763672,0.0013
93113-01-95-00,LMCX3,BH,9,20,54610.2546,1808.0,1,33.220001220703125,0.0013
93113-01-82-00,LMCX3,BH,9,21,54564.66085,1959.0,1,38.13999938964844,0.0013
93113-01-88-00,LMCX3,BH,9,22,54586.3171,1832.0,1,31.209999084472656,0.0013
93113-01-84-00,LMCX3,BH,9,23,54570.99679,1619.0,1,35.060001373291016,0.0013
93113-01-92-00,LMCX3,BH,9,24,54599.08663,1792.0,1,31.469999313354492,0.0013
93113-01-27-10,LMCX3,BH,9,25,54716.66085,1664.0,1,22.719999313354492,0.0013
93113-01-91-01,LMCX3,BH,9,26,54596.52804,1759.0,2,31.719999313354492,0.0013
93113-01-86-00,LMCX3,BH,9,27,54578.98117,1920.0,1,32.5,0.0013
93113-01-30-10,LMCX3,BH,9,28,54727.0671,1886.0,1,21.420000076293945,0.0013
93113-01-12-10,LMCX3,BH,9,29,54663.02413,2304.0,1,32.34000015258789,0.0013
93113-01-90-00,LMCX3,BH,9,30,54592.13742,1781.0,1,31.149999618530273,0.0013
93113-01-85-00,LMCX3,BH,9,31,54576.03585,2144.0,1,33.91999816894531,0.0013
93113-01-24-10,LMCX3,BH,9,32,54705.52804,2176.0,1,17.059999465942383,0.0013
93113-01-01-10,LMCX3,BH,9,33,54624.85226,1740.0,1,32.650001525878906,0.0013
93113-01-89-00,LMCX3,BH,9,34,54592.0007,1634.0,1,31.0,0.0013
93113-01-06-10,LMCX3,BH,9,35,54641.14913,1888.0,1,32.54999923706055,0.0013
93113-01-94-00,LMCX3,BH,9,36,54605.88351,1811.0,1,33.09000015258789,0.0013
93113-01-21-10,LMCX3,BH,9,37,54693.8796,2102.0,1,10.390000343322754,0.0013
93113-01-19-10,LMCX3,BH,9,38,54688.0671,1826.0,1,9.350000381469727,0.0013
93113-01-09-10,LMCX3,BH,9,39,54652.0671,1826.0,1,31.799999237060547,0.0013
93113-01-20-10,LMCX3,BH,9,40,54690.9382,2037.0,1,9.670000076293945,0.0013
93113-01-02-10,LMCX3,BH,9,41,54627.86007,1920.0,1,32.9900016784668,0.0013
93113-01-03-10,LMCX3,BH,9,42,54631.78195,1802.0,1,33.40999984741211,0.0013
93113-01-05-10,LMCX3,BH,9,43,54638.27413,1536.0,1,32.11000061035156,0.0013
93113-01-96-00,LMCX3,BH,9,44,54615.17648,2010.0,1,33.560001373291016,0.0013
93113-01-87-00,LMCX3,BH,9,45,54581.34054,1830.0,1,32.72999954223633,0.0013
93113-01-17-10,LMCX3,BH,9,46,54681.13351,1968.0,1,13.140000343322754,0.0013
93113-01-81-00,LMCX3,BH,9,47,54561.39913,1849.0,1,40.54999923706055,0.0013
93113-01-15-10,LMCX3,BH,9,48,54672.95382,1864.0,1,23.09000015258789,0.0013
93113-01-08-10,LMCX3,BH,9,49,54647.1257,1582.0,1,33.029998779296875,0.0013
93113-01-26-10,LMCX3,BH,9,50,54712.80929,1792.0,1,22.540000915527344,0.0013
93113-01-98-00,LMCX3,BH,9,51,54621.91085,1912.0,1,33.619998931884766,0.0013
93113-01-31-10,LMCX3,BH,9,52,54730.01242,1998.0,1,21.010000228881836,0.0013
93113-01-18-10,LMCX3,BH,9,53,54685.11788,1834.0,1,9.609999656677246,0.0013
93113-01-93-00,LMCX3,BH,9,54,54602.47335,1469.0,1,32.439998626708984,0.0013
94113-01-05-00,LMCX3,BH,10,0,54842.19992,1842.0,1,11.789999961853027,0.0013
94113-01-45-00,LMCX3,BH,10,1,54981.86788,1664.0,1,9.5,0.0013
93113-01-50-10,LMCX3,BH,10,2,54796.48507,1692.0,1,14.760000228881836,0.0013
94113-01-51-00,LMCX3,BH,10,3,55003.36007,2235.0,1,10.960000038146973,0.0013
94113-01-25-00,LMCX3,BH,10,4,54911.23117,1920.0,1,9.920000076293945,0.0013
93113-01-48-10,LMCX3,BH,10,5,54788.6882,1917.0,1,22.770000457763672,0.0013
94113-01-36-00,LMCX3,BH,10,6,54951.59054,2055.0,1,21.809999465942383,0.0013
93113-01-47-10,LMCX3,BH,10,7,54786.86398,1711.0,1,25.030000686645508,0.0013
93113-01-45-10,LMCX3,BH,10,8,54779.46163,1792.0,1,38.79999923706055,0.0013
93113-01-44-10,LMCX3,BH,10,9,54774.62179,1884.0,1,41.34000015258789,0.0013
94113-01-56-00,LMCX3,BH,10,10,55021.11788,1887.0,1,49.779998779296875,0.0013
93113-01-58-10,LMCX3,BH,10,11,54823.43038,2048.0,1,13.039999961853027,0.0013
93113-01-52-10,LMCX3,BH,10,12,54802.78585,1788.0,1,16.350000381469727,0.0013
94113-01-29-00,LMCX3,BH,10,13,54925.36788,1187.0,1,10.710000038146973,0.0013
93113-01-40-10,LMCX3,BH,10,14,54761.40695,1233.0,1,32.2400016784668,0.0013
94113-01-08-00,LMCX3,BH,10,15,54853.65304,1925.0,1,13.420000076293945,0.0013
94113-01-10-00,LMCX3,BH,10,16,54860.33663,1920.0,1,5.820000171661377,0.0013
93113-01-57-10,LMCX3,BH,10,17,54820.42257,2139.0,1,15.670000076293945,0.0013
93113-01-53-10,LMCX3,BH,10,18,54806.33273,1933.0,1,16.700000762939453,0.0013
94113-01-09-00,LMCX3,BH,10,19,54856.72726,1942.0,1,14.029999732971191,0.0013
94113-01-39-00,LMCX3,BH,10,20,54960.9421,1627.0,1,10.220000267028809,0.0013
94113-01-28-00,LMCX3,BH,10,21,54923.45382,1711.0,1,10.850000381469727,0.0013
94113-01-46-00,LMCX3,BH,10,22,54986.17648,1664.0,1,31.190000534057617,0.0013
94113-01-30-00,LMCX3,BH,10,23,54930.40304,1773.0,1,8.989999771118164,0.0013
94113-01-52-00,LMCX3,BH,10,24,55006.86788,1920.0,1,25.709999084472656,0.0013
93113-01-38-10,LMCX3,BH,10,25,54753.5671,1920.0,1,26.670000076293945,0.0013
94113-01-06-00,LMCX3,BH,10,26,54846.1257,2027.0,1,17.729999542236328,0.0013
93113-01-39-10,LMCX3,BH,10,27,54757.6882,2048.0,1,29.600000381469727,0.0013
94113-01-54-00,LMCX3,BH,10,28,55013.40304,1968.0,1,53.0099983215332,0.0013
93113-01-41-10,LMCX3,BH,10,29,54764.8757,1905.0,1,37.970001220703125,0.0013
94113-01-49-00,LMCX3,BH,10,30,54995.28585,1855.0,1,13.40999984741211,0.0013
94113-01-26-00,LMCX3,BH,10,31,54916.19992,1915.0,1,12.0,0.0013
94113-01-37-00,LMCX3,BH,10,32,54953.28195,2061.0,1,21.540000915527344,0.0013
94113-01-04-00,LMCX3,BH,10,33,54838.53585,2200.0,1,5.320000171661377,0.0013
94113-01-55-00,LMCX3,BH,10,34,55017.27023,1767.0,1,54.0099983215332,0.0013
94113-01-24-00,LMCX3,BH,10,35,54907.42257,1962.0,1,8.960000038146973,0.0013
94113-01-02-00,LMCX3,BH,10,36,54831.66476,1911.0,1,6.230000019073486,0.0013
94113-01-21-00,LMCX3,BH,10,37,54897.62179,1885.0,1,5.739999771118164,0.0013
93113-01-54-10,LMCX3,BH,10,38,54810.34835,1501.0,1,18.309999465942383,0.0013
93113-01-49-10,LMCX3,BH,10,39,54793.65695,1894.0,1,15.640000343322754,0.0013
94113-01-48-00,LMCX3,BH,10,40,54993.91476,1449.0,1,11.069999694824219,0.0013
94113-01-23-00,LMCX3,BH,10,41,54904.67648,1470.0,1,7.03000020980835,0.0013
94113-01-27-00,LMCX3,BH,10,42,54919.59445,1952.0,1,11.399999618530273,0.0013
94113-01-35-00,LMCX3,BH,10,43,54947.08663,1554.0,2,10.5600004196167,0.0013
93113-01-55-10,LMCX3,BH,10,44,54813.74679,1759.0,1,19.709999084472656,0.0013
93113-01-46-10,LMCX3,BH,10,45,54782.80538,1950.0,1,32.56999969482422,0.0013
94113-01-38-00,LMCX3,BH,10,46,54958.44992,1955.0,1,11.300000190734863,0.0013
93113-01-42-10,LMCX3,BH,10,47,54767.6296,1920.0,1,38.439998626708984,0.0013
93113-01-51-10,LMCX3,BH,10,48,54799.77023,1920.0,1,14.0600004196167,0.0013
93113-01-56-10,LMCX3,BH,10,49,54816.7546,1880.0,1,18.649999618530273,0.0013
93113-01-43-10,LMCX3,BH,10,50,54771.73898,1864.0,1,41.939998626708984,0.0013
94113-01-47-00,LMCX3,BH,10,51,54987.96945,1867.0,1,19.06999969482422,0.0013
94113-01-53-00,LMCX3,BH,10,52,55008.69601,1664.0,1,38.59000015258789,0.0013
94113-01-01-00,LMCX3,BH,10,53,54827.34835,1984.0,1,8.6899995803833,0.0013
94113-01-22-00,LMCX3,BH,10,54,54902.65695,1836.0,1,7.139999866485596,0.0013
94113-01-94-00,LMCX3,BH,11,0,55154.8132,1943.0,1,17.18000030517578,0.0013
95113-01-05-00,LMCX3,BH,11,1,55213.12179,1055.0,1,38.970001220703125,0.0013
94113-01-76-00,LMCX3,BH,11,2,55091.49679,1787.0,1,92.83000183105469,0.0013
94113-01-05-10,LMCX3,BH,11,3,55185.5007,2045.0,1,31.950000762939453,0.0013
94113-01-92-00,LMCX3,BH,11,4,55147.23898,1296.0,1,14.239999771118164,0.0013
94113-01-71-00,LMCX3,BH,11,5,55073.97726,1788.0,1,85.2699966430664,0.0013
94113-01-64-00,LMCX3,BH,11,6,55049.1882,1918.0,1,42.400001525878906,0.0013
95113-01-01-00,LMCX3,BH,11,7,55199.61398,1982.0,1,30.15999984741211,0.0013
94113-01-83-00,LMCX3,BH,11,8,55115.64523,1912.0,1,56.20000076293945,0.0013
94113-01-63-00,LMCX3,BH,11,9,55045.71945,1560.0,1,35.459999084472656,0.0013
95113-01-07-00,LMCX3,BH,11,10,55220.80148,1816.0,1,30.09000015258789,0.0013
94113-01-95-00,LMCX3,BH,11,11,55156.97335,1885.0,1,22.0,0.0013
94113-01-61-00,LMCX3,BH,11,12,55038.72335,1652.0,1,35.18000030517578,0.0013
94113-01-08-10,LMCX3,BH,11,13,55194.71554,1729.0,1,29.65999984741211,0.0013
95113-01-08-00,LMCX3,BH,11,14,55222.3757,1920.0,2,29.030000686645508,0.0013
94113-01-67-00,LMCX3,BH,11,15,55060.70382,1792.0,1,56.380001068115234,0.0013
94113-01-03-10,LMCX3,BH,11,16,55177.63351,1824.0,1,12.079999923706055,0.0013
95113-01-12-00,LMCX3,BH,11,17,55236.42648,1943.0,1,32.63999938964844,0.0013
94113-01-93-00,LMCX3,BH,11,18,55150.24288,1520.0,1,13.25,0.0013
95113-01-03-00,LMCX3,BH,11,19,55206.60617,1927.0,1,39.84000015258789,0.0013
94113-01-89-00,LMCX3,BH,11,20,55136.89913,1821.0,1,9.579999923706055,0.0013
94113-01-98-00,LMCX3,BH,11,21,55168.49288,2038.0,1,6.639999866485596,0.0013
94113-01-06-10,LMCX3,BH,11,22,55189.67648,1990.0,1,30.420000076293945,0.0013
94113-01-77-00,LMCX3,BH,11,23,55094.4382,2079.0,1,87.62999725341797,0.0013
95113-01-14-00,LMCX3,BH,11,24,55244.68038,1390.0,1,35.20000076293945,0.0013
95113-01-02-00,LMCX3,BH,11,25,55202.37179,1624.0,1,35.310001373291016,0.0013
94113-01-65-00,LMCX3,BH,11,26,55051.14913,2379.0,1,42.63999938964844,0.0013
94113-01-60-00,LMCX3,BH,11,27,55034.91085,1815.0,1,34.880001068115234,0.0013
94113-01-58-00,LMCX3,BH,11,28,55028.83663,2048.0,1,42.939998626708984,0.0013
94113-01-73-00,LMCX3,BH,11,29,55081.11398,1642.0,2,93.27999877929688,0.0013
94113-01-68-00,LMCX3,BH,11,30,55062.97726,1605.0,1,65.58999633789062,0.0013
94113-01-75-00,LMCX3,BH,11,31,55087.97335,1959.0,1,87.69999694824219,0.0013
94113-01-74-00,LMCX3,BH,11,32,55083.73117,1722.0,1,93.62999725341797,0.0013
95113-01-04-00,LMCX3,BH,11,33,55210.59445,1896.0,2,38.7400016784668,0.0013
94113-01-59-00,LMCX3,BH,11,34,55031.20382,2006.0,1,39.900001525878906,0.0013
94113-01-82-00,LMCX3,BH,11,35,55111.76632,1056.0,1,63.20000076293945,0.0013
94113-01-91-00,LMCX3,BH,11,36,55142.91867,1615.0,1,6.769999980926514,0.0013
94113-01-04-10,LMCX3,BH,11,37,55182.41085,1792.0,1,30.739999771118164,0.0013
94113-01-70-00,LMCX3,BH,11,38,55069.78976,2176.0,1,84.55000305175781,0.0013
94113-01-69-00,LMCX3,BH,11,39,55065.73898,1667.0,1,73.47000122070312,0.0013
94113-01-72-00,LMCX3,BH,11,40,55077.84445,1727.0,1,91.01000213623047,0.0013
94113-01-90-00,LMCX3,BH,11,41,55140.49679,1588.0,1,7.800000190734863,0.0013
94113-01-97-00,LMCX3,BH,11,42,55164.49679,1902.0,1,9.539999961853027,0.0013
94113-01-86-00,LMCX3,BH,11,43,55124.85617,1720.0,2,29.030000686645508,0.0013
94113-01-84-00,LMCX3,BH,11,44,55119.11398,1950.0,1,56.0,0.0013
94113-01-57-00,LMCX3,BH,11,45,55025.1296,1584.0,1,41.439998626708984,0.0013
94113-01-85-00,LMCX3,BH,11,46,55121.0007,1910.0,1,41.029998779296875,0.0013
95113-01-06-00,LMCX3,BH,11,47,55216.36007,1792.0,1,33.209999084472656,0.0013
94113-01-07-10,LMCX3,BH,11,48,55192.21163,1813.0,1,28.049999237060547,0.0013
95113-01-11-00,LMCX3,BH,11,49,55233.35226,1822.0,1,33.880001068115234,0.0013
94113-01-62-00,LMCX3,BH,11,50,55041.73117,1640.0,1,33.52000045776367,0.0013
94113-01-81-00,LMCX3,BH,11,51,55106.09054,1950.0,1,79.44999694824219,0.0013
95113-01-09-00,LMCX3,BH,11,52,55226.43429,1606.0,1,30.639999389648438,0.0013
95113-01-13-00,LMCX3,BH,11,53,55241.46554,1759.0,1,34.20000076293945,0.0013
94113-01-66-00,LMCX3,BH,11,54,55056.84445,1664.0,1,45.16999816894531,0.0013
95113-01-32-00,LMCX3,BH,12,0,55308.42648,1943.0,1,59.79999923706055,0.0013
95113-01-22-00,LMCX3,BH,12,1,55272.27804,2048.0,1,80.36000061035156,0.0013
95113-01-35-00,LMCX3,BH,12,2,55317.0671,1762.0,1,60.869998931884766,0.0013
95113-01-18-00,LMCX3,BH,12,3,55258.53195,1783.0,1,52.279998779296875,0.0013
95113-01-16-00,LMCX3,BH,12,4,55251.87179,1855.0,1,44.36000061035156,0.0013
95113-01-64-00,LMCX3,BH,12,5,55418.27413,1694.0,1,32.869998931884766,0.0013
95113-01-40-00,LMCX3,BH,12,6,55335.9421,1528.0,1,62.20000076293945,0.0013
95113-01-42-00,LMCX3,BH,12,7,55341.90695,1866.0,1,57.619998931884766,0.0013
95113-01-37-00,LMCX3,BH,12,8,55325.16867,1999.0,1,60.81999969482422,0.0013
95113-01-39-00,LMCX3,BH,12,9,55331.3757,1871.0,1,63.470001220703125,0.0013
95113-01-34-00,LMCX3,BH,12,10,55314.37179,1312.0,1,59.810001373291016,0.0013
95113-01-23-00,LMCX3,BH,12,11,55275.14913,1914.0,1,82.79000091552734,0.0013
95113-01-52-00,LMCX3,BH,12,12,55376.94992,2298.0,1,48.22999954223633,0.0013
95113-01-25-00,LMCX3,BH,12,13,55282.54367,1823.0,1,68.30000305175781,0.0013
95113-01-59-00,LMCX3,BH,12,14,55402.89132,1942.0,1,43.369998931884766,0.0013
95113-01-26-00,LMCX3,BH,12,15,55287.23117,1564.0,1,76.54000091552734,0.0013
95113-01-56-00,LMCX3,BH,12,16,55392.91085,1757.0,1,45.22999954223633,0.0013
95113-01-36-00,LMCX3,BH,12,17,55320.07492,1792.0,1,60.709999084472656,0.0013
95113-01-66-00,LMCX3,BH,12,18,55426.83663,1792.0,1,16.270000457763672,0.0013
95113-01-48-00,LMCX3,BH,12,19,55364.25851,1509.0,1,48.130001068115234,0.0013
95113-01-28-00,LMCX3,BH,12,20,55294.95773,1923.0,1,64.2300033569336,0.0013
95113-01-45-00,LMCX3,BH,12,21,55354.24288,1608.0,1,49.349998474121094,0.0013
95113-01-15-00,LMCX3,BH,12,22,55248.53195,1839.0,2,37.58000183105469,0.0013
95113-01-21-00,LMCX3,BH,12,23,55269.45382,1856.0,1,82.69999694824219,0.0013
95113-01-41-00,LMCX3,BH,12,24,55339.21945,1951.0,1,59.209999084472656,0.0013
95113-01-47-00,LMCX3,BH,12,25,55360.13742,1955.0,1,48.95000076293945,0.0013
95113-01-51-00,LMCX3,BH,12,26,55373.87179,1822.0,1,48.540000915527344,0.0013
95113-01-20-00,LMCX3,BH,12,27,55264.30148,1914.0,1,66.93000030517578,0.0013
95113-01-44-00,LMCX3,BH,12,28,55349.22726,1886.0,1,51.90999984741211,0.0013
95113-01-49-00,LMCX3,BH,12,29,55367.52804,1686.0,1,47.63999938964844,0.0013
95113-01-30-00,LMCX3,BH,12,30,55301.03976,1583.0,1,62.47999954223633,0.0013
95113-01-57-00,LMCX3,BH,12,31,55396.17257,1700.0,1,46.939998626708984,0.0013
95113-01-38-00,LMCX3,BH,12,32,55328.38351,1821.0,1,60.790000915527344,0.0013
95113-01-46-00,LMCX3,BH,12,33,55357.02023,1920.0,1,49.54999923706055,0.0013
95113-01-65-00,LMCX3,BH,12,34,55422.77413,1792.0,1,22.170000076293945,0.0013
95113-01-27-00,LMCX3,BH,12,35,55289.21163,1933.0,1,72.13999938964844,0.0013
95113-01-17-00,LMCX3,BH,12,36,55254.47726,1522.0,2,44.65999984741211,0.0013
95113-01-58-00,LMCX3,BH,12,37,55399.24679,1582.0,1,47.09000015258789,0.0013
95113-01-31-00,LMCX3,BH,12,38,55305.28195,1821.0,1,60.33000183105469,0.0013
95113-01-62-01,LMCX3,BH,12,39,55412.3757,1051.0,1,39.15999984741211,0.0013
95113-01-61-00,LMCX3,BH,12,40,55410.08663,1821.0,1,41.849998474121094,0.0013
95113-01-53-00,LMCX3,BH,12,41,55380.80148,1792.0,1,49.27000045776367,0.0013
95113-01-69-00,LMCX3,BH,12,42,55436.1882,1360.0,1,6.309999942779541,0.0013
95113-01-50-00,LMCX3,BH,12,43,55370.14523,1695.0,1,47.70000076293945,0.0013
95113-01-24-00,LMCX3,BH,12,44,55280.51632,1843.0,1,69.45999908447266,0.0013
95113-01-43-00,LMCX3,BH,12,45,55345.30929,1775.0,1,54.86000061035156,0.0013
95113-01-33-00,LMCX3,BH,12,46,55312.21163,1560.0,1,59.220001220703125,0.0013
95113-01-54-00,LMCX3,BH,12,47,55384.98117,1783.0,1,47.279998779296875,0.0013
95113-01-29-00,LMCX3,BH,12,48,55298.28976,1871.0,1,64.16000366210938,0.0013
95113-01-63-00,LMCX3,BH,12,49,55415.85226,2032.0,1,36.2400016784668,0.0013
95113-01-70-00,LMCX3,BH,12,50,55438.99288,1451.0,1,5.489999771118164,0.0013
95113-01-55-00,LMCX3,BH,12,51,55388.91867,1660.0,1,45.4900016784668,0.0013
95113-01-19-00,LMCX3,BH,12,52,55261.53585,1951.0,1,59.16999816894531,0.0013
95113-01-60-00,LMCX3,BH,12,53,55406.30538,2047.0,1,44.63999938964844,0.0013
95113-01-67-00,LMCX3,BH,12,54,55428.78976,1529.0,1,14.199999809265137,0.0013
96113-01-15-00,LMCX3,BH,13,0,55611.58663,1951.0,1,57.119998931884766,0.0013
95113-01-87-00,LMCX3,BH,13,1,55500.88742,1902.0,1,23.760000228881836,0.0013
95113-01-89-00,LMCX3,BH,13,2,55507.60617,2006.0,1,18.34000015258789,0.0013
96113-01-23-00,LMCX3,BH,13,3,55639.48898,1943.0,1,41.630001068115234,0.0013
96113-01-06-00,LMCX3,BH,13,4,55580.54367,1872.0,1,32.150001525878906,0.0013
96113-01-29-00,LMCX3,BH,13,5,55662.28195,2477.0,1,19.780000686645508,0.0013
95113-01-96-00,LMCX3,BH,13,6,55531.61007,1950.0,1,14.359999656677246,0.0013
96113-01-16-00,LMCX3,BH,13,7,55614.52413,1891.0,1,59.400001525878906,0.0013
95113-01-04-10,LMCX3,BH,13,8,55552.91476,1486.0,1,23.190000534057617,0.0013
95113-01-84-00,LMCX3,BH,13,9,55489.50851,1316.0,1,26.1200008392334,0.0013
95113-01-02-10,LMCX3,BH,13,10,55546.77023,1710.0,1,22.709999084472656,0.0013
96113-01-24-00,LMCX3,BH,13,11,55644.38351,1622.0,1,24.969999313354492,0.0013
95113-01-76-00,LMCX3,BH,13,12,55462.73117,1664.0,1,22.010000228881836,0.0013
96113-01-18-00,LMCX3,BH,13,13,55622.24288,2013.0,1,56.130001068115234,0.0013
96113-01-02-00,LMCX3,BH,13,14,55566.03585,1465.0,1,19.010000228881836,0.0013
95113-01-94-00,LMCX3,BH,13,15,55523.03976,1792.0,1,7.980000019073486,0.0013
96113-01-27-00,LMCX3,BH,13,16,55654.71945,1392.0,1,16.780000686645508,0.0013
96113-01-03-00,LMCX3,BH,13,17,55570.05538,1064.0,1,22.450000762939453,0.0013
95113-01-90-00,LMCX3,BH,13,18,55510.5046,1792.0,1,14.84000015258789,0.0013
95113-01-97-00,LMCX3,BH,13,19,55534.48117,1664.0,1,16.290000915527344,0.0013
96113-01-14-00,LMCX3,BH,13,20,55608.51242,1656.0,1,55.439998626708984,0.0013
95113-01-03-10,LMCX3,BH,13,21,55549.4382,1872.0,1,23.549999237060547,0.0013
95113-01-80-00,LMCX3,BH,13,22,55476.89913,1890.0,1,26.899999618530273,0.0013
95113-01-77-00,LMCX3,BH,13,23,55466.64913,1856.0,1,21.68000030517578,0.0013
95113-01-92-00,LMCX3,BH,13,24,55516.39132,1527.0,1,9.239999771118164,0.0013
96113-01-01-00,LMCX3,BH,13,25,55563.27804,1885.0,1,18.65999984741211,0.0013
96113-01-22-00,LMCX3,BH,13,26,55635.57492,1927.0,1,49.56999969482422,0.0013
96113-01-11-00,LMCX3,BH,13,27,55598.58663,1822.0,1,54.18000030517578,0.0013
96113-01-20-00,LMCX3,BH,13,28,55628.51242,1947.0,1,56.45000076293945,0.0013
95113-01-05-10,LMCX3,BH,13,29,55556.55929,1998.0,1,20.1299991607666,0.0013
95113-01-93-00,LMCX3,BH,13,30,55520.49679,1821.0,1,8.229999542236328,0.0013
96113-01-10-00,LMCX3,BH,13,31,55594.60617,1912.0,1,52.63999938964844,0.0013
96113-01-08-00,LMCX3,BH,13,32,55588.53195,1507.0,1,43.380001068115234,0.0013
96113-01-17-00,LMCX3,BH,13,33,55618.57492,1640.0,1,56.83000183105469,0.0013
96113-01-05-00,LMCX3,BH,13,34,55577.28195,1664.0,1,29.219999313354492,0.0013
95113-01-88-00,LMCX3,BH,13,35,55503.96163,1933.0,1,23.270000457763672,0.0013
95113-01-06-10,LMCX3,BH,13,36,55559.5671,2086.0,1,19.110000610351562,0.0013
96113-01-13-00,LMCX3,BH,13,37,55604.58273,1719.0,1,54.959999084472656,0.0013
95113-01-91-00,LMCX3,BH,13,38,55513.54757,1639.0,1,11.5600004196167,0.0013
95113-01-86-00,LMCX3,BH,13,39,55497.74679,1815.0,1,23.15999984741211,0.0013
95113-01-85-00,LMCX3,BH,13,40,55495.01242,1406.0,1,22.920000076293945,0.0013
96113-01-12-00,LMCX3,BH,13,41,55602.64132,1871.0,1,57.31999969482422,0.0013
95113-01-01-10,LMCX3,BH,13,42,55541.53976,1835.0,1,19.860000610351562,0.0013
95113-01-78-00,LMCX3,BH,13,43,55469.97726,1695.0,1,23.139999389648438,0.0013
95113-01-82-00,LMCX3,BH,13,44,55482.91085,1912.0,1,29.420000076293945,0.0013
96113-01-25-00,LMCX3,BH,13,45,55647.46163,1887.0,1,19.3700008392334,0.0013
95113-01-81-00,LMCX3,BH,13,46,55479.78195,1877.0,1,29.459999084472656,0.0013
96113-01-21-00,LMCX3,BH,13,47,55632.16867,1792.0,1,54.83000183105469,0.0013
96113-01-09-00,LMCX3,BH,13,48,55591.59835,1839.0,1,49.040000915527344,0.0013
96113-01-28-00,LMCX3,BH,13,49,55657.52023,1926.0,1,18.209999084472656,0.0013
96113-01-30-01,LMCX3,BH,13,50,55666.02023,1360.0,1,21.920000076293945,0.0013
95113-01-83-00,LMCX3,BH,13,51,55486.90304,1859.0,1,27.649999618530273,0.0013
96113-01-26-00,LMCX3,BH,13,52,55650.53195,1295.0,1,15.399999618530273,0.0013
95113-01-75-00,LMCX3,BH,13,53,55457.53585,1958.0,1,11.960000038146973,0.0013
95113-01-95-00,LMCX3,BH,13,54,55528.74288,1757.0,1,12.65999984741211,0.0013
96113-01-62-00,LMCX3,BH,14,0,55777.04757,1805.0,1,11.739999771118164,0.0013
96113-01-71-00,LMCX3,BH,14,1,55808.23117,1951.0,1,18.15999984741211,0.0013
96113-01-69-00,LMCX3,BH,14,2,55801.95382,1476.0,1,18.899999618530273,0.0013
96113-01-54-00,LMCX3,BH,14,3,55749.92257,1407.0,1,48.439998626708984,0.0013
96113-01-91-00,LMCX3,BH,14,4,55878.05929,1713.0,1,9.0600004196167,0.0013
96113-01-44-00,LMCX3,BH,14,5,55714.26632,1896.0,1,46.189998626708984,0.0013
96113-01-60-00,LMCX3,BH,14,6,55768.72726,1528.0,1,13.010000228881836,0.0013
96113-01-43-00,LMCX3,BH,14,7,55710.35226,1924.0,1,42.279998779296875,0.0013
96113-01-42-00,LMCX3,BH,14,8,55707.21554,1838.0,1,38.11000061035156,0.0013
96113-01-38-00,LMCX3,BH,14,9,55692.00851,1949.0,1,28.700000762939453,0.0013
96113-01-78-00,LMCX3,BH,14,10,55833.6882,1792.0,1,26.399999618530273,0.0013
96113-01-34-00,LMCX3,BH,14,11,55676.32882,1943.0,1,25.84000015258789,0.0013
96113-01-70-01,LMCX3,BH,14,12,55806.00851,1373.0,1,17.020000457763672,0.0013
96113-01-37-00,LMCX3,BH,14,13,55689.39913,1870.0,1,28.200000762939453,0.0013
96113-01-53-00,LMCX3,BH,14,14,55745.93429,1830.0,1,53.29999923706055,0.0013
96113-01-84-00,LMCX3,BH,14,15,55854.7546,1716.0,1,14.5,0.0013
96113-01-61-00,LMCX3,BH,14,16,55773.24288,1755.0,1,12.039999961853027,0.0013
96113-01-58-00,LMCX3,BH,14,17,55763.03976,1955.0,1,15.489999771118164,0.0013
96113-01-52-00,LMCX3,BH,14,18,55741.94601,1680.0,1,56.279998779296875,0.0013
96113-01-47-00,LMCX3,BH,14,19,55724.08663,1792.0,1,51.959999084472656,0.0013
96113-01-66-00,LMCX3,BH,14,20,55791.69992,2079.0,1,17.690000534057617,0.0013
96113-01-85-00,LMCX3,BH,14,21,55856.91085,1165.0,1,13.3100004196167,0.0013
96113-01-48-00,LMCX3,BH,14,22,55727.26242,1831.0,1,51.650001525878906,0.0013
96113-01-80-00,LMCX3,BH,14,23,55837.91476,1830.0,1,24.34000015258789,0.0013
96113-01-72-00,LMCX3,BH,14,24,55812.14132,1951.0,1,19.969999313354492,0.0013
96113-01-36-00,LMCX3,BH,14,25,55684.15695,1364.0,1,26.56999969482422,0.0013
96113-01-82-00,LMCX3,BH,14,26,55847.84445,1658.0,1,16.100000381469727,0.0013
96113-01-88-00,LMCX3,BH,14,27,55867.34445,1712.0,1,14.1899995803833,0.0013
96113-01-51-00,LMCX3,BH,14,28,55738.96554,1568.0,1,54.95000076293945,0.0013
96113-01-83-00,LMCX3,BH,14,29,55850.84445,1774.0,1,15.15999984741211,0.0013
96113-01-33-00,LMCX3,BH,14,30,55673.0632,1792.0,1,25.690000534057617,0.0013
96113-01-63-00,LMCX3,BH,14,31,55780.67257,1510.0,1,9.979999542236328,0.0013
96113-01-41-00,LMCX3,BH,14,32,55704.48507,1459.0,1,36.599998474121094,0.0013
96113-01-86-00,LMCX3,BH,14,33,55860.50851,1792.0,1,14.270000457763672,0.0013
96113-01-67-00,LMCX3,BH,14,34,55795.11007,1691.0,1,17.8799991607666,0.0013
96113-01-76-00,LMCX3,BH,14,35,55826.70773,2048.0,1,27.420000076293945,0.0013
96113-01-56-00,LMCX3,BH,14,36,55756.93038,1567.0,1,28.329999923706055,0.0013
96113-01-35-00,LMCX3,BH,14,37,55680.12179,1664.0,1,27.5,0.0013
96113-01-59-00,LMCX3,BH,14,38,55765.0632,1799.0,1,15.100000381469727,0.0013
96113-01-89-00,LMCX3,BH,14,39,55871.91476,1752.0,1,13.210000038146973,0.0013
96113-01-79-00,LMCX3,BH,14,40,55836.55148,1280.0,1,23.8799991607666,0.0013
96113-01-55-00,LMCX3,BH,14,41,55752.07882,1956.0,1,42.04999923706055,0.0013
96113-01-75-00,LMCX3,BH,14,42,55822.45773,1101.0,1,26.329999923706055,0.0013
96113-01-87-00,LMCX3,BH,14,43,55864.93429,1827.0,1,14.6899995803833,0.0013
96113-01-40-00,LMCX3,BH,14,44,55699.2546,1927.0,1,31.649999618530273,0.0013
96113-01-65-00,LMCX3,BH,14,45,55788.1257,1941.0,1,12.350000381469727,0.0013
96113-01-49-00,LMCX3,BH,14,46,55730.99288,2304.0,1,54.81999969482422,0.0013
96113-01-68-00,LMCX3,BH,14,47,55799.09054,1759.0,1,19.260000228881836,0.0013
96113-01-50-00,LMCX3,BH,14,48,55735.16085,1851.0,1,52.959999084472656,0.0013
96113-01-64-00,LMCX3,BH,14,49,55784.65304,1528.0,1,9.670000076293945,0.0013
96113-01-39-00,LMCX3,BH,14,50,55695.07882,1643.0,1,29.18000030517578,0.0013
96113-01-46-00,LMCX3,BH,14,51,55720.27804,1718.0,1,49.040000915527344,0.0013
96113-01-31-00,LMCX3,BH,14,52,55669.46945,1672.0,1,23.31999969482422,0.0013
96113-01-77-00,LMCX3,BH,14,53,55829.05538,1873.0,1,27.299999237060547,0.0013
96113-01-57-00,LMCX3,BH,14,54,55759.05929,1951.0,1,22.920000076293945,0.0013
