Energy grid: 45 bins, 4.908-25.008 keV (reference 91702-01-66-05)
4U1254-690 bin 0 accepted 60044-01-01-02 
4U1254-690 bin 2 accepted 60044-01-01-00 
4U1254-690 bin 4 accepted 60044-01-01-03 
4U1254-690 bin 6 accepted 60044-01-01-05 
4U1254-690 bin 8 accepted 60044-01-02-100 
4U1254-690 bin 10 accepted 60044-01-02-000 
4U1254-690 bin 5 accepted 60044-01-01-06 
4U1254-690 bin 12 accepted 90036-01-01-01 
4U1254-690 bin 1 accepted 60044-01-01-01 
4U1254-690 bin 7 accepted 60044-01-01-08 
4U1254-690 bin 15 accepted 90036-01-01-03 
4U1254-690 bin 3 accepted 60044-01-01-04 
4U1254-690 bin 17 accepted 93406-13-01-00 
4U1254-690 bin 18 accepted 95324-01-01-010 
4U1254-690 bin 19 accepted 95324-01-01-000 
4U1254-690 bin 20 accepted 95324-01-01-00 
4U1254-690 bin 21 accepted 95324-01-02-000 
4U1254-690 bin 22 accepted 95324-01-02-00 
4U1254-690 bin 23 accepted 95324-01-02-01 
4U1323-619 bin 0 accepted 70050-03-01-01 
4U1254-690 bin 13 accepted 90036-01-01-02 
4U1323-619 bin 2 accepted 70050-03-01-02 
4U1254-690 bin 11 accepted 60044-01-02-00 
4U1323-619 bin 4 accepted 90062-03-01-02 
4U1254-690 bin 9 accepted 60044-01-02-10 
4U1323-619 bin 6 accepted 90062-03-01-01 
4U1254-690 bin 16 accepted 90036-01-02-00 
4U1323-619 bin 8 accepted 95442-01-01-01 
4U1254-690 bin 14 accepted 90036-01-01-00 
4U1323-619 bin 9 accepted 95442-01-01-02 
4U1323-619 bin 10 accepted 96405-01-01-00 
4U1323-619 bin 11 accepted 96405-01-01-01 
4U1323-619 bin 12 accepted 96405-01-02-00 
4U1323-619 bin 13 accepted 96405-01-02-01 
4U1323-619 bin 14 accepted 96405-01-04-00 
4U1323-619 bin 15 accepted 96405-01-05-00 
4U1323-619 bin 16 accepted 96405-01-05-01 
4U1323-619 bin 17 accepted 96405-01-05-02 
4U1323-619 bin 18 accepted 96405-01-05-03 
4U1543-47 bin 0 accepted 70133-01-01-00 
4U1323-619 bin 7 accepted 95442-01-01-00 
4U1323-619 bin 3 accepted 90062-03-01-00 
4U1323-619 bin 1 accepted 70050-03-01-00 
4U1323-619 bin 5 accepted 90062-03-01-010 
4U1543-47 bin 6 accepted 70132-01-01-02G 
4U1543-47 bin 1 accepted 70133-01-02-00 
4U1543-47 bin 2 accepted 70133-01-03-00 
4U1543-47 bin 3 accepted 70133-01-04-00 
4U1543-47 bin 10 accepted 70133-01-14-00 
4U1543-47 bin 4 accepted 70132-01-01-00 
4U1543-47 bin 5 accepted 70132-01-01-01G 
4U1543-47 bin 7 accepted 70132-01-01-03G 
4U1543-47 bin 14 accepted 70132-01-02-00 
4U1543-47 bin 8 accepted 70133-01-12-00 
4U1543-47 bin 9 accepted 70133-01-13-00 
4U1543-47 bin 17 accepted 70133-01-10-00 
4U1543-47 bin 13 accepted 70132-01-02-01 
4U1543-47 bin 12 accepted 70133-01-06-00 
4U1543-47 bin 11 accepted 70133-01-05-00 
4U1543-47 bin 16 accepted 70133-01-09-00 
4U1543-47 bin 22 accepted 70133-01-19-00 
4U1543-47 bin 15 accepted 70133-01-08-00 
4U1543-47 bin 18 accepted 70133-01-11-00 
4U1543-47 bin 25 accepted 70133-01-22-00 
4U1543-47 bin 19 accepted 70133-01-15-00 
4U1543-47 bin 23 accepted 70133-01-20-00 
4U1543-47 bin 28 accepted 70133-01-24-00 
4U1543-47 bin 24 accepted 70133-01-21-00 
4U1543-47 bin 21 accepted 70133-01-18-00 
4U1543-47 bin 26 accepted 70133-01-23-00 
4U1543-47 bin 20 accepted 70133-01-17-00 
4U1543-47 bin 27 accepted 70133-01-23-01 
4U1543-47 bin 34 accepted 70133-01-27-01 
4U1543-47 bin 30 accepted 70133-01-25-01 
4U1543-47 bin 36 accepted 70133-01-28-00 
4U1543-47 bin 29 accepted 70133-01-24-01 
4U1543-47 bin 31 accepted 70133-01-25-00 
4U1543-47 bin 32 accepted 70133-01-26-01 
4U1543-47 bin 33 accepted 70133-01-27-00 
4U1543-47 bin 41 accepted 70133-01-31-01 
4U1543-47 bin 35 accepted 70133-01-28-01 
4U1543-47 bin 37 accepted 70133-01-29-00 
4U1543-47 bin 38 accepted 70132-01-03-00G 
4U1543-47 bin 39 accepted 70132-01-03-01G 
4U1543-47 bin 46 accepted 70128-01-01-01 
4U1543-47 bin 40 accepted 70132-01-03-02G 
4U1543-47 bin 43 accepted 70124-02-01-00 
4U1543-47 bin 49 accepted 70124-02-09-00 
4U1543-47 bin 42 accepted 70133-01-31-00 
4U1543-47 bin 45 accepted 70124-02-03-00 
4U1543-47 bin 52 accepted 70124-02-10-00 
4U1543-47 bin 44 accepted 70124-02-02-00 
4U1543-47 bin 48 accepted 70124-02-06-00 
4U1543-47 bin 55 accepted 70124-02-14-00 
4U1543-47 bin 53 accepted 70124-02-12-00 
4U1543-47 bin 51 accepted 70128-01-02-01 
4U1543-47 bin 54 accepted 70124-02-13-00 
4U1543-47 bin 47 accepted 70128-01-01-00 
4U1543-47 bin 50 accepted 70128-01-02-00 
4U1543-47 bin 57 accepted 70124-02-16-00 
4U1543-47 bin 56 accepted 70124-02-15-00 
4U1608-52 bin 0 accepted 50052-01-33-00 
4U1608-52 bin 2 accepted 50052-01-35-00 
4U1608-52 bin 3 accepted 50052-05-01-02 
4U1608-52 bin 4 accepted 50052-05-01-03 
4U1608-52 bin 7 accepted 50052-01-36-00 
4U1608-52 bin 1 accepted 50052-04-01-00 
4U1608-52 bin 8 accepted 50052-01-37-00 
4U1608-52 bin 11 accepted 60052-02-01-00 
4U1608-52 bin 5 accepted 50052-05-01-00 
4U1608-52 bin 9 accepted 50052-01-38-00 
4U1608-52 bin 10 accepted 50052-01-39-00 
4U1608-52 bin 6 accepted 50052-05-01-01 
4U1608-52 bin 17 accepted 60052-02-03-00 
4U1608-52 bin 12 accepted 60052-02-01-01 
4U1608-52 bin 13 accepted 60052-02-01-02 
4U1608-52 bin 15 accepted 60052-02-02-01 
4U1608-52 bin 16 accepted 60052-02-02-02 
4U1608-52 bin 14 accepted 60052-02-02-00G 
4U1608-52 bin 18 accepted 60052-02-03-01 
4U1608-52 bin 21 accepted 60052-02-04-01 
4U1608-52 bin 19 accepted 60052-02-03-02 
4U1608-52 bin 20 accepted 60052-02-04-02 
4U1608-52 bin 22 accepted 60052-02-04-00 
4U1608-52 bin 23 accepted 60052-02-04-03 
4U1608-52 bin 24 accepted 60052-02-04-04 
4U1608-52 bin 25 accepted 60052-02-05-00 
4U1608-52 bin 26 accepted 60052-02-05-01 
4U1608-52 bin 30 accepted 60052-03-01-00 
4U1608-52 bin 28 accepted 60052-02-05-04 
4U1608-52 bin 27 accepted 60052-02-05-03 
4U1608-52 bin 29 accepted 60052-02-07-00 
4U1608-52 bin 31 accepted 60052-03-01-01 
4U1608-52 bin 33 accepted 60052-03-01-03 
4U1608-52 bin 36 accepted 60052-03-02-00 
4U1608-52 bin 32 accepted 60052-03-01-02 
4U1608-52 bin 35 accepted 60052-03-01-06 
4U1608-52 bin 34 accepted 60052-03-01-05 
4U1608-52 bin 39 accepted 60052-03-02-03 
4U1608-52 bin 37 accepted 60052-03-02-01 
4U1608-52 bin 41 accepted 60052-03-02-06 
4U1608-52 bin 42 accepted 60052-03-02-07F 
4U1608-52 bin 40 accepted 60052-03-02-04 
4U1608-52 bin 45 accepted 70058-01-05-00 
4U1608-52 bin 44 accepted 60052-03-03-00 
4U1608-52 bin 46 accepted 70058-01-06-00 
4U1608-52 bin 47 accepted 70058-01-07-00 
4U1608-52 bin 51 accepted 70059-01-01-00G 
4U1608-52 bin 48 accepted 70058-01-09-00 
4U1608-52 bin 49 accepted 70058-01-10-00 
4U1608-52 bin 43 accepted 60052-03-03-000 
4U1608-52 bin 50 accepted 70058-01-14-00G 
4U1608-52 bin 53 accepted 70059-01-01-03 
4U1608-52 bin 52 accepted 70059-01-01-01G 
4U1608-52 bin 54 accepted 70059-01-01-02 
4U1608-52 bin 57 accepted 70058-01-16-00 
4U1608-52 bin 55 accepted 70058-01-15-00 
4U1608-52 bin 60 accepted 70059-01-03-01 
4U1608-52 bin 58 accepted 70058-01-18-00G 
4U1608-52 bin 56 accepted 70059-01-02-00G 
4U1608-52 bin 59 accepted 70058-01-19-00G 
4U1608-52 bin 61 accepted 70059-01-03-02 
4U1608-52 bin 62 accepted 70058-01-20-00 
4U1608-52 bin 64 accepted 70058-01-21-00 
4U1608-52 bin 66 accepted 70058-01-22-00 
4U1608-52 bin 65 accepted 70059-01-05-00 
4U1608-52 bin 67 accepted 70058-01-23-01 
4U1608-52 bin 68 accepted 70059-01-06-00G 
4U1608-52 bin 63 accepted 70059-01-04-00 
4U1608-52 bin 69 accepted 70058-01-23-00 
4U1608-52 bin 71 accepted 70058-01-25-00 
4U1608-52 bin 70 accepted 70059-01-07-00 
4U1608-52 bin 73 accepted 70058-01-24-00 
4U1608-52 bin 75 accepted 70058-01-26-00 
4U1608-52 bin 38 accepted 60052-03-02-02 
4U1608-52 bin 72 accepted 70059-01-08-00 
4U1608-52 bin 77 accepted 70058-01-27-00 
4U1608-52 bin 74 accepted 70059-01-09-00 
4U1608-52 bin 78 accepted 70059-01-11-00 
4U1608-52 bin 76 accepted 70059-01-10-00 
4U1608-52 bin 80 accepted 70059-01-12-00 
4U1608-52 bin 79 accepted 70058-01-28-00 
4U1608-52 bin 82 accepted 70058-01-29-00 
4U1608-52 bin 81 accepted 70059-01-12-01 
4U1608-52 bin 84 accepted 70058-01-30-00 
4U1608-52 bin 89 accepted 70058-01-32-00 
4U1608-52 bin 83 accepted 70059-01-13-00 
4U1608-52 bin 85 accepted 70059-01-14-01 
4U1608-52 bin 86 accepted 70059-01-14-00 
4U1608-52 bin 93 accepted 70059-01-17-01 
4U1608-52 bin 87 accepted 70058-01-31-00 
4U1608-52 bin 88 accepted 70059-01-15-00 
4U1608-52 bin 90 accepted 70059-01-16-00 
4U1608-52 bin 91 accepted 70058-01-33-01 
4U1608-52 bin 92 accepted 70058-01-33-00 
4U1608-52 bin 94 accepted 70059-01-17-00 
4U1608-52 bin 96 accepted 70058-01-34-00 
4U1608-52 bin 95 accepted 70059-01-17-02 
4U1608-52 bin 98 accepted 70058-01-35-00 
4U1608-52 bin 99 accepted 70059-01-19-00 
4U1608-52 bin 97 accepted 70059-01-18-00 
4U1608-52 bin 100 accepted 70058-01-36-00 
4U1608-52 bin 102 accepted 70058-01-37-00 
4U1608-52 bin 101 accepted 70059-01-20-00 
4U1608-52 bin 104 accepted 70058-01-38-00 
4U1608-52 bin 103 accepted 70059-01-21-00 
4U1608-52 bin 105 accepted 70059-01-22-00 
4U1608-52 bin 106 accepted 70059-03-01-01 
4U1608-52 bin 108 accepted 70059-03-01-00 
4U1608-52 bin 107 accepted 70059-03-01-000 
4U1608-52 bin 110 accepted 70059-03-02-02 
4U1608-52 bin 109 accepted 70059-03-02-00 
4U1608-52 bin 115 accepted 70058-01-39-00 
4U1608-52 bin 111 accepted 70059-03-02-01 
4U1608-52 bin 114 accepted 70059-03-02-07 
4U1608-52 bin 113 accepted 70059-03-02-05 
4U1608-52 bin 112 accepted 70059-03-02-03 
4U1608-52 bin 116 accepted 70069-01-01-01 
4U1608-52 bin 118 accepted 70069-01-01-02 
4U1608-52 bin 119 accepted 70069-01-01-03 
4U1608-52 bin 121 accepted 70059-01-25-00G 
4U1608-52 bin 120 accepted 70069-01-01-00 
4U1608-52 bin 122 accepted 70069-01-01-04 
4U1608-52 bin 117 accepted 70059-01-23-00 
4U1608-52 bin 123 accepted 70069-01-02-00 
4U1608-52 bin 124 accepted 70059-01-26-00 
4U1608-52 bin 126 accepted 70069-01-03-01 
4U1608-52 bin 125 accepted 70059-01-27-00 
4U1608-52 bin 127 accepted 70069-01-03-02 
4U1608-52 bin 128 accepted 70069-01-03-03 
4U1608-52 bin 129 accepted 70059-01-28-00 
4U1608-52 bin 130 accepted 70069-01-03-05 
4U1608-52 bin 131 accepted 70069-01-03-00 
4U1608-52 bin 133 accepted 70069-01-03-04 
4U1608-52 bin 134 accepted 70069-01-03-06 
4U1608-52 bin 135 accepted 70069-01-03-07 
4U1608-52 bin 137 accepted 70069-01-03-08 
4U1608-52 bin 139 accepted 70069-01-04-01 
4U1608-52 bin 142 accepted 70069-01-04-03 
4U1608-52 bin 132 accepted 70059-01-24-00 
4U1608-52 bin 138 accepted 70069-01-04-00 
4U1608-52 bin 136 accepted 70059-01-29-00 
4U1608-52 bin 140 accepted 70069-01-04-07 
4U1608-52 bin 143 accepted 80406-01-01-00 
4U1608-52 bin 144 accepted 80406-01-02-00 
4U1608-52 bin 141 accepted 70069-01-04-02 
4U1608-52 bin 145 accepted 80406-01-02-01 
4U1608-52 bin 147 accepted 80406-01-02-03 
4U1608-52 bin 146 accepted 80406-01-02-02 
4U1608-52 bin 151 accepted 80406-01-03-02 
4U1608-52 bin 150 accepted 80406-01-03-01 
4U1608-52 bin 149 accepted 80406-01-03-00 
4U1608-52 bin 148 accepted 80406-01-02-04 
4U1608-52 bin 152 accepted 80406-01-03-03 
4U1608-52 bin 153 accepted 80406-01-03-06 
4U1608-52 bin 154 accepted 80406-01-04-00 
4U1608-52 bin 155 accepted 80406-01-04-07 
4U1608-52 bin 156 accepted 80406-01-04-01 
4U1608-52 bin 157 accepted 80406-01-04-02 
4U1608-52 bin 158 accepted 80406-01-04-04 
4U1608-52 bin 159 accepted 80406-01-04-05 
4U1608-52 bin 163 accepted 80406-01-07-00 
4U1608-52 bin 160 accepted 80406-01-04-06 
4U1608-52 bin 161 accepted 80406-01-05-00 
4U1608-52 bin 162 accepted 80406-01-06-00 
4U1608-52 bin 164 accepted 80406-01-07-01 
4U1608-52 bin 166 accepted 80406-01-07-05 
4U1608-52 bin 165 accepted 80406-01-07-02 
4U1608-52 bin 167 accepted 80406-01-07-06 
4U1608-52 bin 168 accepted 80406-01-07-07 
4U1608-52 bin 169 accepted 80406-01-08-02 
4U1608-52 bin 170 accepted 80406-01-08-04 
4U1608-52 bin 172 accepted 80406-01-09-03 
4U1608-52 bin 171 accepted 80406-01-09-02 
4U1608-52 bin 173 accepted 80406-01-10-00 
4U1608-52 bin 179 accepted 90408-01-01-03 
4U1608-52 bin 174 accepted 80406-01-10-01 
4U1608-52 bin 175 accepted 80406-01-10-02 
4U1608-52 bin 176 accepted 90408-01-01-00 
4U1608-52 bin 183 accepted 90408-01-02-08 
4U1608-52 bin 177 accepted 90408-01-01-01 
4U1608-52 bin 178 accepted 90408-01-01-02 
4U1608-52 bin 181 accepted 90408-01-02-01 
4U1608-52 bin 187 accepted 90408-01-03-03 
4U1608-52 bin 182 accepted 90408-01-02-06 
4U1608-52 bin 180 accepted 90408-01-02-00 
4U1608-52 bin 185 accepted 90408-01-02-04 
4U1608-52 bin 184 accepted 90408-01-02-07 
4U1608-52 bin 189 accepted 90408-01-06-01 
4U1608-52 bin 188 accepted 90408-01-05-03 
4U1608-52 bin 186 accepted 90408-01-03-02 
4U1608-52 bin 190 accepted 90408-01-06-02 
4U1608-52 bin 191 accepted 91405-01-01-01 
4U1608-52 bin 192 accepted 91405-01-03-00 
4U1608-52 bin 193 accepted 91405-01-03-01 
4U1608-52 bin 197 accepted 91405-01-16-00 
4U1608-52 bin 194 accepted 91405-01-03-02 
4U1608-52 bin 196 accepted 91405-01-07-01 
4U1608-52 bin 195 accepted 91405-01-04-04 
4U1608-52 bin 201 accepted 91405-01-26-00 
4U1608-52 bin 198 accepted 91405-01-17-01 
4U1608-52 bin 199 accepted 91405-01-21-00 
4U1608-52 bin 200 accepted 91405-01-25-00 
4U1608-52 bin 202 accepted 91405-01-27-00 
4U1608-52 bin 203 accepted 91405-01-32-00 
4U1608-52 bin 204 accepted 91405-01-35-00 
4U1608-52 bin 206 accepted 91405-01-36-00 
4U1608-52 bin 205 accepted 91405-01-35-03 
4U1608-52 bin 207 accepted 91405-01-36-01 
4U1608-52 bin 208 accepted 91405-01-37-00 
4U1608-52 bin 209 accepted 91405-01-37-01 
4U1608-52 bin 210 accepted 91405-01-39-00 
4U1608-52 bin 211 accepted 91405-01-39-01 
4U1608-52 bin 213 accepted 92401-01-11-00 
4U1608-52 bin 212 accepted 91405-01-43-01G 
4U1608-52 bin 214 accepted 92401-01-11-01 
4U1608-52 bin 215 accepted 93408-01-01-01 
4U1608-52 bin 216 accepted 93408-01-01-02 
4U1608-52 bin 217 accepted 93408-01-02-01 
4U1608-52 bin 218 accepted 93408-01-02-02 
4U1608-52 bin 219 accepted 93408-01-03-00 
4U1608-52 bin 220 accepted 93408-01-03-01 
4U1608-52 bin 221 accepted 93408-01-03-02 
4U1608-52 bin 222 accepted 93408-01-03-03 
4U1608-52 bin 223 accepted 93408-01-04-00 
4U1608-52 bin 225 accepted 93408-01-05-01 
4U1608-52 bin 224 accepted 93408-01-05-00 
4U1608-52 bin 227 accepted 93408-01-05-03 
4U1608-52 bin 226 accepted 93408-01-05-02 
4U1608-52 bin 228 accepted 93408-01-06-00 
4U1608-52 bin 229 accepted 93408-01-06-01 
4U1608-52 bin 230 accepted 93408-01-06-02 
4U1608-52 bin 231 accepted 93408-01-08-00 
4U1608-52 bin 232 accepted 93408-01-08-02 
4U1608-52 bin 233 accepted 93408-01-09-00 
4U1608-52 bin 235 accepted 93408-01-09-02 
4U1608-52 bin 234 accepted 93408-01-09-01 
4U1608-52 bin 237 accepted 93408-01-10-00 
4U1608-52 bin 236 accepted 93408-01-09-03 
4U1608-52 bin 238 accepted 93408-01-10-01 
4U1608-52 bin 239 accepted 93408-01-11-00 
4U1608-52 bin 240 accepted 93408-01-11-01 
4U1608-52 bin 241 accepted 93408-01-11-02 
4U1608-52 bin 242 accepted 93408-01-11-04 
4U1608-52 bin 243 accepted 93408-01-11-03 
4U1608-52 bin 245 accepted 93408-01-12-00 
4U1608-52 bin 244 accepted 93408-01-12-03 
4U1608-52 bin 251 accepted 93408-01-14-00 
4U1608-52 bin 248 accepted 93408-01-13-01 
4U1608-52 bin 247 accepted 93408-01-12-02 
4U1608-52 bin 246 accepted 93408-01-12-01 
4U1608-52 bin 249 accepted 93408-01-13-02 
4U1608-52 bin 250 accepted 93408-01-13-03 
4U1608-52 bin 257 accepted 93408-01-17-01 
4U1608-52 bin 252 accepted 93408-01-14-02 
4U1608-52 bin 253 accepted 93408-01-15-00 
4U1608-52 bin 254 accepted 93408-01-15-01 
4U1608-52 bin 255 accepted 93408-01-15-03 
4U1608-52 bin 256 accepted 93408-01-16-01 
4U1608-52 bin 258 accepted 93408-01-18-00 
4U1608-52 bin 259 accepted 93408-01-18-03 
4U1608-52 bin 262 accepted 93408-01-18-05 
4U1608-52 bin 260 accepted 93408-01-18-04 
4U1608-52 bin 261 accepted 93408-01-18-01 
4U1608-52 bin 263 accepted 93408-01-18-06 
4U1608-52 bin 264 accepted 93408-01-18-07 
4U1608-52 bin 265 accepted 93408-01-18-08 
4U1608-52 bin 267 accepted 93408-01-18-02 
4U1608-52 bin 268 accepted 93408-01-19-00 
4U1608-52 bin 269 accepted 93408-01-19-01 
4U1608-52 bin 266 accepted 93408-01-18-09 
4U1608-52 bin 270 accepted 93408-01-19-03 
4U1608-52 bin 271 accepted 93408-01-19-06 
4U1608-52 bin 272 accepted 93408-01-19-05 
4U1608-52 bin 273 accepted 93408-01-19-04 
4U1608-52 bin 275 accepted 93408-01-19-10 
4U1608-52 bin 274 accepted 93408-01-19-08 
4U1608-52 bin 276 accepted 93408-01-19-13 
4U1608-52 bin 277 accepted 93408-01-19-14 
4U1608-52 bin 279 accepted 93408-01-20-00 
4U1608-52 bin 281 accepted 93408-01-20-02 
4U1608-52 bin 280 accepted 93408-01-20-01 
4U1608-52 bin 283 accepted 93408-01-20-04 
4U1608-52 bin 278 accepted 93408-01-19-15 
4U1608-52 bin 282 accepted 93408-01-20-03 
4U1608-52 bin 289 accepted 93408-01-22-01 
4U1608-52 bin 284 accepted 93408-01-20-07 
4U1608-52 bin 285 accepted 93408-01-20-05 
4U1608-52 bin 286 accepted 93408-01-20-08 
4U1608-52 bin 290 accepted 93408-01-22-02 
4U1608-52 bin 287 accepted 93408-01-20-06 
4U1608-52 bin 288 accepted 93408-01-21-05 
4U1608-52 bin 291 accepted 93408-01-22-04 
4U1608-52 bin 292 accepted 93408-01-22-07 
4U1608-52 bin 293 accepted 93408-01-22-06 
4U1608-52 bin 295 accepted 93408-01-22-09 
4U1608-52 bin 296 accepted 93408-01-22-12 
4U1608-52 bin 294 accepted 93408-01-22-08 
4U1608-52 bin 297 accepted 93408-01-23-02 
4U1608-52 bin 298 accepted 93408-01-23-03 
4U1608-52 bin 299 accepted 93408-01-23-06 
4U1608-52 bin 300 accepted 93408-01-23-08 
4U1608-52 bin 301 accepted 93408-01-23-01 
4U1608-52 bin 302 accepted 93408-01-24-04 
4U1608-52 bin 304 accepted 93408-01-25-02 
4U1608-52 bin 305 accepted 93408-01-25-04 
4U1608-52 bin 303 accepted 93408-01-25-00 
4U1608-52 bin 307 accepted 93408-01-25-05 
4U1608-52 bin 308 accepted 93408-01-25-06 
4U1608-52 bin 309 accepted 93408-01-25-08 
4U1608-52 bin 310 accepted 93408-01-25-07 
4U1608-52 bin 306 accepted 93408-01-25-03 
4U1608-52 bin 311 accepted 93408-01-25-09 
4U1608-52 bin 312 accepted 93408-01-25-10 
4U1608-52 bin 314 accepted 93408-01-26-00 
4U1608-52 bin 315 accepted 93408-01-26-06 
4U1608-52 bin 313 accepted 93408-01-25-11 
4U1608-52 bin 316 accepted 93408-01-26-01 
4U1608-52 bin 317 accepted 93408-01-26-07 
4U1608-52 bin 318 accepted 93408-01-26-03 
4U1608-52 bin 319 accepted 93408-01-26-08 
4U1608-52 bin 320 accepted 93408-01-26-09 
4U1608-52 bin 326 accepted 93408-01-27-03 
4U1608-52 bin 322 accepted 93408-01-26-11 
4U1608-52 bin 321 accepted 93408-01-26-04 
4U1608-52 bin 323 accepted 93408-01-26-05 
4U1608-52 bin 324 accepted 93408-01-27-00 
4U1608-52 bin 325 accepted 93408-01-27-02 
4U1608-52 bin 327 accepted 93408-01-27-04 
4U1608-52 bin 328 accepted 93408-01-27-01 
4U1608-52 bin 329 accepted 93408-01-27-05 
4U1608-52 bin 331 accepted 93408-01-27-07 
4U1608-52 bin 332 accepted 93408-01-27-08 
4U1608-52 bin 330 accepted 93408-01-27-06 
4U1608-52 bin 334 accepted 93408-01-28-03 
4U1608-52 bin 333 accepted 93408-01-28-00 
4U1608-52 bin 335 accepted 93408-01-28-06 
4U1608-52 bin 336 accepted 93408-01-28-13 
4U1608-52 bin 338 accepted 93408-01-30-00 
4U1608-52 bin 337 accepted 93408-01-29-01 
4U1608-52 bin 339 accepted 93408-01-31-00 
4U1608-52 bin 340 accepted 93408-01-31-01 
4U1608-52 bin 341 accepted 93408-01-31-03 
4U1608-52 bin 342 accepted 93408-01-31-02 
4U1608-52 bin 343 accepted 93408-01-33-01 
4U1608-52 bin 344 accepted 93408-01-34-00 
4U1608-52 bin 346 accepted 93408-01-35-01 
4U1608-52 bin 345 accepted 93408-01-35-00 
4U1608-52 bin 347 accepted 93408-01-37-01 
4U1608-52 bin 349 accepted 93408-01-37-04 
4U1608-52 bin 350 accepted 93408-01-37-05 
4U1608-52 bin 352 accepted 93408-01-41-01 
4U1608-52 bin 353 accepted 93408-01-41-02 
4U1608-52 bin 348 accepted 93408-01-37-03 
4U1608-52 bin 351 accepted 93408-01-38-01 
4U1608-52 bin 354 accepted 93408-01-42-03 
4U1608-52 bin 355 accepted 93408-01-42-04 
4U1608-52 bin 357 accepted 93408-01-43-00 
4U1608-52 bin 356 accepted 93408-01-42-05 
4U1608-52 bin 358 accepted 93408-01-43-01 
4U1608-52 bin 359 accepted 93408-01-43-02 
4U1608-52 bin 360 accepted 93408-01-44-01 
4U1608-52 bin 361 accepted 93408-01-44-00 
4U1608-52 bin 362 accepted 93408-01-44-02 
4U1608-52 bin 363 accepted 93408-01-46-00 
4U1608-52 bin 364 accepted 93408-01-47-01 
4U1608-52 bin 365 accepted 93408-01-47-02 
4U1608-52 bin 366 accepted 93408-01-48-00 
4U1608-52 bin 367 accepted 93408-01-49-00 
4U1608-52 bin 368 accepted 93408-01-50-01 
4U1608-52 bin 369 accepted 93408-01-51-03 
4U1608-52 bin 374 accepted 93408-01-55-01 
4U1608-52 bin 370 accepted 93408-01-52-03 
4U1608-52 bin 371 accepted 93408-01-52-02 
4U1608-52 bin 372 accepted 93408-01-53-01 
4U1608-52 bin 373 accepted 93408-01-55-00 
4U1608-52 bin 375 accepted 93408-01-56-00 
4U1608-52 bin 376 accepted 93408-01-56-01 
4U1608-52 bin 377 accepted 93408-01-57-00 
4U1608-52 bin 378 accepted 93408-01-58-03 
4U1608-52 bin 379 accepted 93408-01-58-02 
4U1608-52 bin 380 accepted 93408-01-59-00 
4U1608-52 bin 381 accepted 93408-01-59-01 
4U1608-52 bin 382 accepted 93408-01-59-03 
4U1608-52 bin 383 accepted 93408-01-60-01 
4U1608-52 bin 384 accepted 93408-01-61-01 
4U1608-52 bin 386 accepted 93408-01-63-00 
4U1608-52 bin 385 accepted 93408-01-62-01 
4U1608-52 bin 387 accepted 93408-01-64-00 
4U1608-52 bin 388 accepted 93408-01-66-01 
4U1608-52 bin 389 accepted 93408-01-67-02 
4U1608-52 bin 390 accepted 93408-01-69-00 
4U1608-52 bin 391 accepted 93408-01-69-01 
4U1608-52 bin 392 accepted 93408-01-70-02 
4U1608-52 bin 394 accepted 93408-01-73-00 
4U1608-52 bin 393 accepted 93408-01-72-02 
4U1608-52 bin 395 accepted 93408-01-74-00 
4U1608-52 bin 396 accepted 93408-01-76-02 
4U1608-52 bin 397 accepted 93408-01-76-00 
4U1608-52 bin 398 accepted 93408-01-76-01 
4U1608-52 bin 399 accepted 93408-01-77-00 
4U1608-52 bin 401 accepted 93408-01-78-04 
4U1608-52 bin 400 accepted 93408-01-78-00 
4U1608-52 bin 402 accepted 93408-01-78-05 
4U1608-52 bin 404 accepted 93408-01-78-02 
4U1608-52 bin 403 accepted 93408-01-78-01 
4U1608-52 bin 410 accepted 94401-01-03-02 
4U1608-52 bin 405 accepted 93408-01-78-03 
4U1608-52 bin 406 accepted 94401-01-01-02 
4U1608-52 bin 407 accepted 94401-01-02-00 
4U1608-52 bin 408 accepted 94401-01-02-03 
4U1608-52 bin 409 accepted 94401-01-03-01 
4U1608-52 bin 411 accepted 94401-01-04-00 
4U1608-52 bin 412 accepted 94401-01-05-01 
4U1608-52 bin 413 accepted 94401-01-05-02 
4U1608-52 bin 414 accepted 94401-01-06-00 
4U1608-52 bin 415 accepted 94401-01-07-00 
4U1608-52 bin 416 accepted 94401-01-07-01 
4U1608-52 bin 417 accepted 94401-01-07-02 
4U1608-52 bin 418 accepted 94401-01-08-00 
4U1608-52 bin 419 accepted 94401-01-08-01 
4U1608-52 bin 420 accepted 94401-01-10-00 
4U1608-52 bin 421 accepted 94401-01-10-01 
4U1608-52 bin 422 accepted 94401-01-14-00 
4U1608-52 bin 425 accepted 94401-01-17-01 
4U1608-52 bin 423 accepted 94401-01-14-02 
4U1608-52 bin 424 accepted 94401-01-16-00 
4U1608-52 bin 427 accepted 94401-01-19-00 
4U1608-52 bin 426 accepted 94401-01-18-00 
4U1608-52 bin 428 accepted 94401-01-20-01 
4U1608-52 bin 430 accepted 94401-01-22-01 
4U1608-52 bin 429 accepted 94401-01-22-00 
4U1608-52 bin 431 accepted 94401-01-22-02 
4U1608-52 bin 433 accepted 94401-01-25-06 
4U1608-52 bin 432 accepted 94401-01-24-01 
4U1608-52 bin 434 accepted 94401-01-25-02 
4U1608-52 bin 436 accepted 94401-01-26-01 
4U1608-52 bin 435 accepted 94401-01-26-00 
4U1608-52 bin 437 accepted 94401-01-28-01 
4U1608-52 bin 439 accepted 94401-01-30-02 
4U1608-52 bin 438 accepted 94401-01-29-00 
4U1608-52 bin 440 accepted 94401-01-31-00 
4U1608-52 bin 442 accepted 94401-01-31-01 
4U1608-52 bin 441 accepted 94401-01-31-02 
4U1608-52 bin 448 accepted 94401-01-38-02 
4U1608-52 bin 443 accepted 94401-01-32-01 
4U1608-52 bin 445 accepted 94401-01-34-01 
4U1608-52 bin 444 accepted 94401-01-32-02 
4U1608-52 bin 446 accepted 94401-01-36-00 
4U1608-52 bin 447 accepted 94401-01-37-01 
4U1608-52 bin 449 accepted 95334-01-01-00 
4U1608-52 bin 452 accepted 95334-01-02-06 
4U1608-52 bin 451 accepted 95334-01-02-03 
4U1608-52 bin 450 accepted 95334-01-02-02 
4U1608-52 bin 453 accepted 95334-01-02-00 
4U1608-52 bin 454 accepted 95334-01-02-05 
4U1608-52 bin 456 accepted 95334-01-02-14 
4U1608-52 bin 455 accepted 95334-01-02-04 
4U1608-52 bin 457 accepted 95334-01-02-08 
4U1608-52 bin 459 accepted 95334-01-02-11 
4U1608-52 bin 458 accepted 95334-01-02-01 
4U1608-52 bin 460 accepted 95334-01-02-12 
4U1608-52 bin 461 accepted 95334-01-03-00 
4U1608-52 bin 462 accepted 95334-01-03-01 
4U1608-52 bin 464 accepted 95334-01-03-07 
4U1608-52 bin 463 accepted 95334-01-03-02 
4U1608-52 bin 465 accepted 95334-01-03-08 
4U1608-52 bin 466 accepted 95334-01-03-09 
4U1608-52 bin 467 accepted 95334-01-03-11 
4U1608-52 bin 469 accepted 95334-01-03-04 
4U1608-52 bin 470 accepted 95334-01-03-05 
4U1608-52 bin 468 accepted 95334-01-03-03 
4U1608-52 bin 471 accepted 95334-01-03-06 
4U1608-52 bin 477 accepted 96423-01-03-00 
4U1608-52 bin 472 accepted 95334-01-04-00 
4U1608-52 bin 473 accepted 95334-01-04-01 
4U1608-52 bin 474 accepted 95334-01-04-02 
4U1608-52 bin 475 accepted 95334-01-04-04 
4U1608-52 bin 476 accepted 96423-01-02-03 
4U1608-52 bin 478 accepted 96423-01-03-02 
4U1608-52 bin 479 accepted 96423-01-04-00 
4U1608-52 bin 480 accepted 96423-01-04-01 
4U1608-52 bin 482 accepted 96423-01-04-03 
4U1608-52 bin 481 accepted 96423-01-04-02 
4U1608-52 bin 483 accepted 96423-01-05-00 
4U1608-52 bin 484 accepted 96423-01-05-03 
4U1608-52 bin 485 accepted 96423-01-07-00 
4U1608-52 bin 486 accepted 96423-01-07-01 
4U1608-52 bin 487 accepted 96423-01-07-04 
4U1608-52 bin 489 accepted 96423-01-08-02 
4U1608-52 bin 488 accepted 96423-01-07-05 
4U1608-52 bin 490 accepted 96423-01-09-01 
4U1608-52 bin 491 accepted 96423-01-09-02 
4U1608-52 bin 492 accepted 96423-01-10-02 
4U1608-52 bin 493 accepted 96423-01-11-00 
4U1608-52 bin 494 accepted 96423-01-12-00 
4U1608-52 bin 495 accepted 96423-01-12-01 
4U1608-52 bin 496 accepted 96423-01-12-02 
4U1608-52 bin 497 accepted 96423-01-13-00 
4U1608-52 bin 498 accepted 96423-01-13-01 
4U1608-52 bin 499 accepted 96423-01-14-00 
4U1608-52 bin 500 accepted 96423-01-14-01 
4U1608-52 bin 501 accepted 96423-01-15-00 
4U1608-52 bin 502 accepted 96423-01-15-01 
4U1608-52 bin 503 accepted 96423-01-16-02 
4U1608-52 bin 504 accepted 96423-01-18-00 
4U1608-52 bin 505 accepted 96423-01-18-01 
4U1608-52 bin 506 accepted 96423-01-19-00 
4U1608-52 bin 512 accepted 96423-01-21-03 
4U1608-52 bin 507 accepted 96423-01-19-01 
4U1608-52 bin 509 accepted 96423-01-20-01 
4U1608-52 bin 508 accepted 96423-01-20-00 
4U1608-52 bin 510 accepted 96423-01-20-03 
4U1608-52 bin 511 accepted 96423-01-21-02 
4U1608-52 bin 513 accepted 96423-01-22-01 
4U1608-52 bin 514 accepted 96423-01-23-02 
4U1608-52 bin 515 accepted 96423-01-24-00 
4U1608-52 bin 516 accepted 96423-01-25-00 
4U1608-52 bin 517 accepted 96423-01-25-01 
4U1608-52 bin 518 accepted 96423-01-26-00 
4U1608-52 bin 519 accepted 96423-01-26-01 
4U1608-52 bin 520 accepted 96423-01-27-00 
4U1608-52 bin 521 accepted 96423-01-27-01 
4U1608-52 bin 522 accepted 96423-01-29-00 
4U1608-52 bin 523 accepted 96423-01-29-01 
4U1608-52 bin 524 accepted 96423-01-30-02 
4U1608-52 bin 525 accepted 96423-01-31-01 
4U1608-52 bin 526 accepted 96423-01-33-01 
4U1608-52 bin 527 accepted 96423-01-33-02 
4U1608-52 bin 528 accepted 96423-01-34-00 
4U1608-52 bin 529 accepted 96423-01-34-01 
4U1608-52 bin 530 accepted 96423-01-35-01 
4U1608-52 bin 531 accepted 96423-01-36-00 
4U1608-52 bin 532 accepted 96423-01-37-01 
4U1608-52 bin 533 accepted 96423-01-37-02 
4U1608-52 bin 534 accepted 96423-01-37-03 
4U1608-52 bin 535 accepted 96423-01-38-00 
4U1608-52 bin 536 accepted 96423-01-38-01 
4U1608-52 bin 537 accepted 96423-01-38-02 
4U1608-52 bin 538 accepted 96423-01-39-00 
4U1608-52 bin 539 accepted 96423-01-39-02 
4U1636-53 bin 4 EMPTY 40028-01-16-01 fetch_or_read_error: FileNotFoundError: StdProd Std2 files not found (HTTP Error 404: Not Found)
4U1636-53 bin 5 EMPTY 40028-01-16-02 fetch_or_read_error: FileNotFoundError: StdProd Std2 files not found (HTTP Error 404: Not Found)
4U1636-53 bin 1 accepted 40028-01-15-01 
4U1636-53 bin 3 accepted 40028-01-16-00 
4U1636-53 bin 0 accepted 40028-01-15-00 
4U1636-53 bin 7 accepted 40028-01-16-04 
4U1636-53 bin 6 accepted 40028-01-16-03 
4U1636-53 bin 8 accepted 40028-01-17-03 
4U1636-53 bin 9 accepted 40028-01-17-02 
4U1636-53 bin 10 accepted 40028-01-17-01 
4U1636-53 bin 13 accepted 40028-01-18-00 
4U1636-53 bin 11 accepted 40028-01-17-00 
4U1636-53 bin 12 accepted 40028-01-18-000 
4U1636-53 bin 17 accepted 50030-02-01-01 
4U1636-53 bin 15 accepted 40028-01-20-00 
4U1636-53 bin 14 accepted 40028-01-19-00 
4U1636-53 bin 21 accepted 50030-02-04-00 
4U1636-53 bin 16 accepted 50030-02-01-00 
4U1636-53 bin 18 accepted 50030-02-02-00 
4U1636-53 bin 19 accepted 50030-02-02-01 
4U1636-53 bin 22 accepted 50030-02-04-01 
4U1636-53 bin 23 accepted 50030-02-05-01 
4U1636-53 bin 25 accepted 50030-02-03-01 
4U1636-53 bin 24 accepted 50030-02-05-00 
4U1636-53 bin 26 accepted 50030-02-04-03 
4U1636-53 bin 20 accepted 50030-02-03-00 
4U1636-53 bin 28 accepted 50030-02-07-00 
4U1636-53 bin 29 accepted 50030-02-04-02 
4U1636-53 bin 27 accepted 50030-02-06-00 
4U1636-53 bin 30 accepted 50030-02-07-01 
4U1636-53 bin 31 accepted 50030-02-07-02 
4U1636-53 bin 32 accepted 50030-02-07-03 
4U1636-53 bin 33 accepted 50030-02-07-04 
4U1636-53 bin 35 accepted 50030-02-08-01 
4U1636-53 bin 34 accepted 50030-02-08-00G 
4U1636-53 bin 36 accepted 50030-02-08-02 
4U1636-53 bin 2 accepted 40028-01-15-02 
4U1636-53 bin 37 accepted 50030-02-08-03 
4U1636-53 bin 39 accepted 50030-02-09-00 
4U1636-53 bin 38 accepted 50030-02-09-000 
4U1636-53 bin 43 accepted 60032-01-01-00 
4U1636-53 bin 41 accepted 60032-01-01-02 
4U1636-53 bin 44 accepted 60032-01-01-01 
4U1636-53 bin 45 accepted 60032-01-02-00G 
4U1636-53 bin 42 accepted 60032-01-01-000 
4U1636-53 bin 46 accepted 60032-01-03-00 
4U1636-53 bin 47 accepted 60032-01-03-01 
4U1636-53 bin 40 accepted 50030-02-10-00 
4U1636-53 bin 48 accepted 60032-01-04-00 
4U1636-53 bin 49 accepted 60032-01-04-01 
4U1636-53 bin 50 accepted 60032-01-04-02 
4U1636-53 bin 53 accepted 60032-01-06-00 
4U1636-53 bin 54 accepted 60032-01-04-04 
4U1636-53 bin 55 accepted 60032-01-04-05 
4U1636-53 bin 51 accepted 60032-01-05-00 
4U1636-53 bin 52 accepted 60032-01-06-000 
4U1636-53 bin 61 accepted 60032-01-06-02 
4U1636-53 bin 56 accepted 60032-01-04-06 
4U1636-53 bin 57 accepted 60032-01-04-07 
4U1636-53 bin 59 accepted 60032-01-05-01 
4U1636-53 bin 60 accepted 60032-01-06-01 
4U1636-53 bin 62 accepted 60032-01-08-01 
4U1636-53 bin 63 accepted 60032-01-08-03 
4U1636-53 bin 66 accepted 60032-01-09-05 
4U1636-53 bin 65 accepted 60032-01-08-02 
4U1636-53 bin 58 accepted 60032-01-07-00 
4U1636-53 bin 64 accepted 60032-01-08-00 
4U1636-53 bin 67 accepted 60032-01-09-03 
4U1636-53 bin 68 accepted 60032-01-09-00 
4U1636-53 bin 69 accepted 60032-01-09-01 
4U1636-53 bin 70 accepted 60032-01-09-02 
4U1636-53 bin 71 accepted 60032-01-09-04 
4U1636-53 bin 73 accepted 60032-01-10-00 
4U1636-53 bin 72 accepted 60032-01-10-03 
4U1636-53 bin 75 accepted 60032-01-10-02 
4U1636-53 bin 76 accepted 60032-01-11-00 
4U1636-53 bin 74 accepted 60032-01-10-01 
4U1636-53 bin 78 accepted 60032-01-11-02 
4U1636-53 bin 77 accepted 60032-01-11-01 
4U1636-53 bin 79 accepted 60032-01-11-03 
4U1636-53 bin 82 accepted 60032-01-10-04 
4U1636-53 bin 83 accepted 60032-01-14-02 
4U1636-53 bin 80 accepted 60032-01-12-000 
4U1636-53 bin 86 accepted 60032-01-14-03 
4U1636-53 bin 81 accepted 60032-01-12-00 
4U1636-53 bin 84 accepted 60032-01-14-00 
4U1636-53 bin 85 accepted 60032-01-14-01 
4U1636-53 bin 88 accepted 60032-01-15-01 
4U1636-53 bin 87 accepted 60032-01-15-00G 
4U1636-53 bin 89 accepted 60032-01-16-00 
4U1636-53 bin 90 accepted 60032-01-16-01 
4U1636-53 bin 92 accepted 60032-01-18-00G 
4U1636-53 bin 97 accepted 60032-01-20-000 
4U1636-53 bin 94 accepted 60032-01-18-02 
4U1636-53 bin 93 accepted 60032-01-18-01 
4U1636-53 bin 96 accepted 60032-01-19-00 
4U1636-53 bin 98 accepted 60032-01-20-00 
4U1636-53 bin 95 accepted 60032-01-19-000 
4U1636-53 bin 99 accepted 60032-01-20-01 
4U1636-53 bin 100 accepted 60032-01-21-000 
4U1636-53 bin 103 accepted 60032-01-23-00 
4U1636-53 bin 101 accepted 60032-01-21-00 
4U1636-53 bin 102 accepted 60032-01-22-00 
4U1636-53 bin 104 accepted 60032-01-23-03 
4U1636-53 bin 106 accepted 60032-05-01-00 
4U1636-53 bin 107 accepted 60032-05-01-01 
4U1636-53 bin 109 accepted 60032-05-02-01 
4U1636-53 bin 105 accepted 60032-01-23-01G 
4U1636-53 bin 108 accepted 60032-05-02-00 
4U1636-53 bin 111 accepted 60032-05-03-01 
4U1636-53 bin 110 accepted 60032-05-03-00 
4U1636-53 bin 112 accepted 60032-05-04-00 
4U1636-53 bin 115 accepted 60032-05-06-00 
4U1636-53 bin 114 accepted 60032-05-05-00 
4U1636-53 bin 113 accepted 60032-05-05-000 
4U1636-53 bin 116 accepted 60032-05-07-00 
4U1636-53 bin 118 accepted 60032-05-08-00 
4U1636-53 bin 91 accepted 60032-01-17-00 
4U1636-53 bin 117 accepted 60032-05-07-01 
4U1636-53 bin 119 accepted 60032-05-08-01 
4U1636-53 bin 121 accepted 60032-05-09-01 
4U1636-53 bin 120 accepted 60032-05-09-00 
4U1636-53 bin 125 accepted 60032-05-11-00 
4U1636-53 bin 124 accepted 60032-05-11-01 
4U1636-53 bin 123 accepted 60032-05-10-00 
4U1636-53 bin 122 accepted 60032-05-10-000 
4U1636-53 bin 126 accepted 60032-05-11-02 
4U1636-53 bin 127 accepted 60032-05-12-02 
4U1636-53 bin 128 accepted 60032-05-12-01 
4U1636-53 bin 130 accepted 60032-05-13-01 
4U1636-53 bin 131 accepted 60032-05-13-03 
4U1636-53 bin 133 accepted 60032-05-14-01 
4U1636-53 bin 135 accepted 60032-05-14-03 
4U1636-53 bin 129 accepted 60032-05-12-00 
4U1636-53 bin 132 accepted 60032-05-13-00 
4U1636-53 bin 134 accepted 60032-05-14-00 
4U1636-53 bin 136 accepted 60032-05-15-000 
4U1636-53 bin 138 accepted 60032-05-16-01 
4U1636-53 bin 137 accepted 60032-05-15-00 
4U1636-53 bin 140 accepted 60032-05-16-02 
4U1636-53 bin 139 accepted 60032-05-16-00 
4U1636-53 bin 141 accepted 60032-05-17-04 
4U1636-53 bin 142 accepted 60032-05-17-03 
4U1636-53 bin 143 accepted 60032-05-17-00 
4U1636-53 bin 144 accepted 60032-05-17-01 
4U1636-53 bin 145 accepted 60032-05-17-02 
4U1636-53 bin 148 accepted 60032-05-20-01 
4U1636-53 bin 149 accepted 70036-01-01-01 
4U1636-53 bin 146 accepted 60032-05-18-00 
4U1636-53 bin 150 accepted 70036-01-01-00 
4U1636-53 bin 147 accepted 60032-05-19-00 
4U1636-53 bin 155 accepted 60032-05-21-00 
4U1636-53 bin 151 accepted 60032-05-20-03 
4U1636-53 bin 152 accepted 60032-05-20-00 
4U1636-53 bin 153 accepted 60032-05-20-02 
4U1636-53 bin 158 accepted 60032-01-24-00 
4U1636-53 bin 157 accepted 60032-05-22-00 
4U1636-53 bin 159 accepted 60032-01-24-01 
4U1636-53 bin 154 accepted 60032-05-21-000 
4U1636-53 bin 156 accepted 60032-05-22-000 
4U1636-53 bin 160 accepted 60032-05-24-01 
4U1636-53 bin 163 accepted 60032-05-23-00 
4U1636-53 bin 164 accepted 80425-01-01-00 
4U1636-53 bin 165 accepted 80425-01-02-01 
4U1636-53 bin 166 accepted 80425-01-02-02 
4U1636-53 bin 161 accepted 60032-05-24-00 
4U1636-53 bin 162 accepted 60032-05-23-000 
4U1636-53 bin 168 accepted 80425-01-03-00 
4U1636-53 bin 167 accepted 80425-01-02-00 
4U1636-53 bin 169 accepted 80425-01-04-01 
4U1636-53 bin 171 accepted 80425-01-04-00 
4U1636-53 bin 170 accepted 80425-01-04-02 
4U1636-53 bin 172 accepted 90409-01-01-00 
4U1636-53 bin 173 accepted 90409-01-01-01 
4U1636-53 bin 174 accepted 90409-01-01-02 
4U1636-53 bin 175 accepted 90409-01-02-00 
4U1636-53 bin 180 accepted 91024-01-05-00 
4U1636-53 bin 178 accepted 91024-01-03-00 
4U1636-53 bin 177 accepted 91024-01-02-00 
4U1636-53 bin 176 accepted 91024-01-01-00 
4U1636-53 bin 179 accepted 91024-01-04-00 
4U1636-53 bin 181 accepted 91024-01-06-00 
4U1636-53 bin 183 accepted 91024-01-08-00 
4U1636-53 bin 182 accepted 91024-01-07-00 
4U1636-53 bin 184 accepted 91024-01-09-00 
4U1636-53 bin 185 accepted 91024-01-11-00 
4U1636-53 bin 186 accepted 91024-01-12-00 
4U1636-53 bin 187 accepted 91024-01-13-00 
4U1636-53 bin 188 accepted 91024-01-14-00 
4U1636-53 bin 189 accepted 91024-01-15-00 
4U1636-53 bin 190 accepted 91024-01-16-00 
4U1636-53 bin 191 accepted 91024-01-17-00 
4U1636-53 bin 192 accepted 91024-01-18-00 
4U1636-53 bin 193 accepted 91024-01-19-00 
4U1636-53 bin 194 accepted 91024-01-20-00 
4U1636-53 bin 195 accepted 91024-01-21-00 
4U1636-53 bin 197 accepted 91024-01-23-00 
4U1636-53 bin 196 accepted 91024-01-22-00 
4U1636-53 bin 198 accepted 91024-01-24-00 
4U1636-53 bin 199 accepted 91024-01-25-00 
4U1636-53 bin 200 accepted 91024-01-26-00 
4U1636-53 bin 202 accepted 91024-01-28-00 
4U1636-53 bin 204 accepted 91024-01-30-00 
4U1636-53 bin 203 accepted 91024-01-29-00 
4U1636-53 bin 201 accepted 91024-01-27-00 
4U1636-53 bin 205 accepted 91024-01-31-00 
4U1636-53 bin 206 accepted 91024-01-32-00 
4U1636-53 bin 207 accepted 91024-01-33-00 
4U1636-53 bin 209 accepted 91024-01-35-00 
4U1636-53 bin 208 accepted 91024-01-34-00 
4U1636-53 bin 210 accepted 91024-01-36-00 
4U1636-53 bin 211 accepted 91024-01-37-00 
4U1636-53 bin 212 accepted 91024-01-38-00 
4U1636-53 bin 213 accepted 91024-01-39-00 
4U1636-53 bin 214 accepted 91024-01-40-00 
4U1636-53 bin 215 accepted 91024-01-43-00 
4U1636-53 bin 216 accepted 91024-01-44-00 
4U1636-53 bin 217 accepted 91024-01-45-00 
4U1636-53 bin 218 accepted 91024-01-46-00 
4U1636-53 bin 219 accepted 91024-01-47-00 
4U1636-53 bin 220 accepted 91024-01-48-00 
4U1636-53 bin 225 accepted 91024-01-58-00 
4U1636-53 bin 221 accepted 91024-01-49-00 
4U1636-53 bin 222 accepted 91024-01-51-00 
4U1636-53 bin 223 accepted 91024-01-54-00 
4U1636-53 bin 224 accepted 91024-01-55-00 
4U1636-53 bin 226 accepted 91024-01-59-00 
4U1636-53 bin 227 accepted 91024-01-61-00 
4U1636-53 bin 228 accepted 91024-01-63-00 
4U1636-53 bin 230 accepted 91024-01-66-00 
4U1636-53 bin 229 accepted 91024-01-65-00 
4U1636-53 bin 236 accepted 91024-01-74-00 
4U1636-53 bin 231 accepted 91024-01-69-00 
4U1636-53 bin 232 accepted 91024-01-70-00 
4U1636-53 bin 233 accepted 91024-01-71-00 
4U1636-53 bin 234 accepted 91024-01-72-00 
4U1636-53 bin 237 accepted 91024-01-75-00 
4U1636-53 bin 238 accepted 91024-01-76-00 
4U1636-53 bin 235 accepted 91024-01-73-00 
4U1636-53 bin 241 accepted 91024-01-80-00 
4U1636-53 bin 243 accepted 91024-01-82-00 
4U1636-53 bin 240 accepted 91024-01-79-00 
4U1636-53 bin 239 accepted 91024-01-77-00 
4U1636-53 bin 242 accepted 91024-01-81-00 
4U1636-53 bin 244 accepted 91024-01-83-00 
4U1636-53 bin 246 accepted 91024-01-85-00 
4U1636-53 bin 245 accepted 91024-01-84-00 
4U1636-53 bin 247 accepted 91024-01-86-00 
4U1636-53 bin 249 accepted 91024-01-88-00 
4U1636-53 bin 248 accepted 91024-01-87-00 
4U1636-53 bin 250 accepted 91024-01-89-00 
4U1636-53 bin 251 accepted 70034-01-01-01 
4U1636-53 bin 253 accepted 91027-01-01-00 
4U1636-53 bin 256 accepted 91024-01-91-00 
4U1636-53 bin 252 accepted 91027-01-01-000 
4U1636-53 bin 257 accepted 91024-01-94-00 
4U1636-53 bin 255 accepted 70034-01-01-00 
4U1636-53 bin 258 accepted 91024-01-95-00 
4U1636-53 bin 259 accepted 91024-01-96-00 
4U1636-53 bin 261 accepted 91024-01-98-00 
4U1636-53 bin 260 accepted 91024-01-97-00 
4U1636-53 bin 254 accepted 70034-01-01-000 
4U1636-53 bin 262 accepted 91024-01-01-10 
4U1636-53 bin 263 accepted 91024-01-02-10 
4U1636-53 bin 264 accepted 91024-01-03-10 
4U1636-53 bin 265 accepted 91024-01-04-10 
4U1636-53 bin 266 accepted 91024-01-05-10 
4U1636-53 bin 272 accepted 91024-01-12-10 
4U1636-53 bin 268 accepted 91024-01-07-10 
4U1636-53 bin 267 accepted 91024-01-06-10 
4U1636-53 bin 269 accepted 91024-01-08-10 
4U1636-53 bin 271 accepted 91024-01-11-10 
4U1636-53 bin 270 accepted 91024-01-09-10 
4U1636-53 bin 273 accepted 91024-01-13-10 
4U1636-53 bin 275 accepted 91024-01-16-10 
4U1636-53 bin 274 accepted 91024-01-15-10 
4U1636-53 bin 276 accepted 91024-01-21-10 
4U1636-53 bin 277 accepted 91024-01-22-10 
4U1636-53 bin 278 accepted 91024-01-23-10 
4U1636-53 bin 279 accepted 91024-01-24-10 
4U1636-53 bin 280 accepted 91024-01-25-10 
4U1636-53 bin 282 accepted 91024-01-27-10 
4U1636-53 bin 281 accepted 91024-01-26-10 
4U1636-53 bin 283 accepted 91024-01-28-10 
4U1636-53 bin 284 accepted 91024-01-29-10 
4U1636-53 bin 288 accepted 91024-01-33-10 
4U1636-53 bin 286 accepted 91024-01-31-10 
4U1636-53 bin 285 accepted 91024-01-30-10 
4U1636-53 bin 287 accepted 91024-01-32-10 
4U1636-53 bin 289 accepted 91024-01-34-10 
4U1636-53 bin 291 accepted 91024-01-36-10 
4U1636-53 bin 290 accepted 91024-01-35-10 
4U1636-53 bin 293 accepted 91024-01-39-10 
4U1636-53 bin 292 accepted 91024-01-38-10 
4U1636-53 bin 294 accepted 91024-01-40-10 
4U1636-53 bin 295 accepted 91024-01-41-10 
4U1636-53 bin 296 accepted 91024-01-42-10 
4U1636-53 bin 297 accepted 91024-01-44-10 
4U1636-53 bin 300 accepted 91024-01-47-10 
4U1636-53 bin 298 accepted 91024-01-45-10 
4U1636-53 bin 299 accepted 91024-01-46-10 
4U1636-53 bin 301 accepted 91024-01-48-10 
4U1636-53 bin 303 accepted 91024-01-50-10 
4U1636-53 bin 302 accepted 91024-01-49-10 
4U1636-53 bin 304 accepted 91024-01-51-10 
4U1636-53 bin 306 accepted 91024-01-53-10 
4U1636-53 bin 305 accepted 91024-01-52-10 
4U1636-53 bin 307 accepted 91024-01-54-10 
4U1636-53 bin 308 accepted 91024-01-55-10 
4U1636-53 bin 309 accepted 91024-01-56-10 
4U1636-53 bin 310 accepted 91024-01-57-10 
4U1636-53 bin 312 accepted 91024-01-59-10 
4U1636-53 bin 311 accepted 91024-01-58-10 
4U1636-53 bin 313 accepted 91024-01-60-10 
4U1636-53 bin 314 accepted 91024-01-61-10 
4U1636-53 bin 315 accepted 91024-01-62-10 
4U1636-53 bin 316 accepted 91024-01-63-10 
4U1636-53 bin 318 accepted 91024-01-65-10 
4U1636-53 bin 317 accepted 91024-01-64-10 
4U1636-53 bin 319 accepted 91024-01-67-10 
4U1636-53 bin 320 accepted 91024-01-68-10 
4U1636-53 bin 321 accepted 91024-01-69-10 
4U1636-53 bin 322 accepted 91024-01-71-10 
4U1636-53 bin 324 accepted 91024-01-73-10 
4U1636-53 bin 323 accepted 91024-01-72-10 
4U1636-53 bin 325 accepted 91024-01-74-10 
4U1636-53 bin 326 accepted 91024-01-75-10 
4U1636-53 bin 327 accepted 91024-01-76-10 
4U1636-53 bin 328 accepted 91024-01-77-10 
4U1636-53 bin 329 accepted 91024-01-78-10 
4U1636-53 bin 330 accepted 91024-01-79-10 
4U1636-53 bin 331 accepted 91024-01-80-10 
4U1636-53 bin 332 accepted 91024-01-81-10 
4U1636-53 bin 333 accepted 91024-01-82-10 
4U1636-53 bin 334 accepted 91024-01-41-00 
4U1636-53 bin 335 accepted 91024-01-14-10 
4U1636-53 bin 336 accepted 92023-02-01-00 
4U1636-53 bin 337 accepted 92023-01-01-00 
4U1636-53 bin 339 accepted 92023-01-02-00 
4U1636-53 bin 338 accepted 92023-02-02-00 
4U1636-53 bin 341 accepted 92023-01-03-00 
4U1636-53 bin 340 accepted 92023-02-03-00 
4U1636-53 bin 344 accepted 92023-01-05-00 
4U1636-53 bin 343 accepted 92023-02-05-00 
4U1636-53 bin 342 accepted 92023-02-04-00 
4U1636-53 bin 346 accepted 92023-01-07-00 
4U1636-53 bin 345 accepted 92023-02-06-00 
4U1636-53 bin 347 accepted 92023-02-08-00 
4U1636-53 bin 348 accepted 92023-01-08-00 
4U1636-53 bin 350 accepted 92023-02-10-00 
4U1636-53 bin 352 accepted 92023-02-11-00 
4U1636-53 bin 349 accepted 92023-02-09-00 
4U1636-53 bin 353 accepted 92023-01-11-00 
4U1636-53 bin 357 accepted 92023-01-13-00 
4U1636-53 bin 355 accepted 92023-01-12-00 
4U1636-53 bin 354 accepted 92023-02-12-00 
4U1636-53 bin 356 accepted 92023-02-13-00 
4U1636-53 bin 358 accepted 92023-02-14-00 
4U1636-53 bin 351 accepted 91152-05-01-00 
4U1636-53 bin 359 accepted 92023-01-14-00 
4U1636-53 bin 360 accepted 92023-02-15-00 
4U1636-53 bin 362 accepted 92023-02-16-00 
4U1636-53 bin 361 accepted 92023-01-15-00 
4U1636-53 bin 363 accepted 92023-01-16-00 
4U1636-53 bin 364 accepted 92023-01-17-00 
4U1636-53 bin 365 accepted 92023-02-18-00 
4U1636-53 bin 366 accepted 92023-01-18-00 
4U1636-53 bin 367 accepted 92023-02-19-00 
4U1636-53 bin 368 accepted 92023-01-19-00 
4U1636-53 bin 369 accepted 92023-02-20-00 
4U1636-53 bin 370 accepted 92023-01-20-00 
4U1636-53 bin 371 accepted 92023-01-10-00 
4U1636-53 bin 372 accepted 92023-01-21-00 
4U1636-53 bin 373 accepted 92023-01-22-00 
4U1636-53 bin 374 accepted 92023-01-23-00 
4U1636-53 bin 375 accepted 92023-01-24-00 
4U1636-53 bin 378 accepted 92023-01-27-00 
4U1636-53 bin 376 accepted 92023-01-25-00 
4U1636-53 bin 379 accepted 92023-01-28-00G 
4U1636-53 bin 377 accepted 92023-01-26-00 
4U1636-53 bin 380 accepted 92023-01-29-00 
4U1636-53 bin 381 accepted 92023-01-30-00 
4U1636-53 bin 382 accepted 92023-01-31-00 
4U1636-53 bin 383 accepted 92023-01-32-00 
4U1636-53 bin 385 accepted 92023-01-34-00 
4U1636-53 bin 384 accepted 92023-01-33-00 
4U1636-53 bin 386 accepted 92023-01-36-00 
4U1636-53 bin 391 accepted 92023-01-42-00 
4U1636-53 bin 387 accepted 92023-01-38-00 
4U1636-53 bin 388 accepted 92023-01-39-00 
4U1636-53 bin 389 accepted 92023-01-40-00 
4U1636-53 bin 390 accepted 92023-01-41-00 
4U1636-53 bin 392 accepted 92023-01-43-00 
4U1636-53 bin 393 accepted 92023-01-44-00 
4U1636-53 bin 399 accepted 92023-01-50-00 
4U1636-53 bin 394 accepted 92023-01-45-00 
4U1636-53 bin 395 accepted 92023-01-46-00 
4U1636-53 bin 396 accepted 92023-01-47-00 
4U1636-53 bin 397 accepted 92023-01-48-00 
4U1636-53 bin 398 accepted 92023-01-49-00 
4U1636-53 bin 400 accepted 92023-01-51-00 
4U1636-53 bin 401 accepted 92023-01-52-00 
4U1636-53 bin 402 accepted 92023-01-53-00 
4U1636-53 bin 403 accepted 92023-01-54-00 
4U1636-53 bin 404 accepted 92023-01-55-00 
4U1636-53 bin 405 accepted 92023-01-56-00 
4U1636-53 bin 406 accepted 92023-01-57-00 
4U1636-53 bin 407 accepted 92023-01-58-00 
4U1636-53 bin 409 accepted 92023-01-60-00 
4U1636-53 bin 408 accepted 92023-01-59-00 
4U1636-53 bin 410 accepted 92023-01-61-00 
4U1636-53 bin 412 accepted 92023-01-62-00 
4U1636-53 bin 413 accepted 92023-01-63-00 
4U1636-53 bin 414 accepted 92023-01-64-00 
4U1636-53 bin 415 accepted 92023-01-65-00 
4U1636-53 bin 416 accepted 92023-01-66-00 
4U1636-53 bin 417 accepted 92023-01-67-00 
4U1636-53 bin 418 accepted 92023-01-68-00 
4U1636-53 bin 419 accepted 92023-01-69-00 
4U1636-53 bin 411 accepted 91152-05-02-00 
4U1636-53 bin 420 accepted 92023-01-70-00 
4U1636-53 bin 421 accepted 92023-01-71-00 
4U1636-53 bin 424 accepted 92023-01-75-00 
4U1636-53 bin 422 accepted 92023-01-72-00 
4U1636-53 bin 423 accepted 92023-01-74-00 
4U1636-53 bin 425 accepted 92023-01-76-00 
4U1636-53 bin 426 accepted 92023-01-77-00 
4U1636-53 bin 427 accepted 92023-01-78-00 
4U1636-53 bin 430 accepted 92023-01-81-00 
4U1636-53 bin 428 accepted 92023-01-79-00 
4U1636-53 bin 429 accepted 92023-01-80-00 
4U1636-53 bin 431 accepted 92023-01-83-00 
4U1636-53 bin 432 accepted 92023-01-84-00 
4U1636-53 bin 433 accepted 92023-01-86-00 
4U1636-53 bin 434 accepted 92023-01-87-00 
4U1636-53 bin 435 accepted 92023-01-90-00 
4U1636-53 bin 436 accepted 92023-01-91-00 
4U1636-53 bin 437 accepted 92023-01-92-00 
4U1636-53 bin 438 accepted 92023-01-93-00 
4U1636-53 bin 439 accepted 92023-01-94-00 
4U1636-53 bin 440 accepted 92023-01-95-00 
4U1636-53 bin 441 accepted 92023-01-96-00 
4U1636-53 bin 442 accepted 92023-01-97-00 
4U1636-53 bin 443 accepted 92023-01-98-00 
4U1636-53 bin 445 accepted 92023-01-02-10 
4U1636-53 bin 444 accepted 92023-01-01-10 
4U1636-53 bin 446 accepted 92023-01-03-10 
4U1636-53 bin 448 accepted 92023-01-05-10 
4U1636-53 bin 447 accepted 92023-01-04-10 
4U1636-53 bin 449 accepted 92023-01-06-10 
4U1636-53 bin 450 accepted 92023-01-07-10 
4U1636-53 bin 451 accepted 92023-01-08-10 
4U1636-53 bin 452 accepted 92023-01-09-10 
4U1636-53 bin 453 accepted 92023-01-10-10 
4U1636-53 bin 454 accepted 92023-01-11-10 
4U1636-53 bin 459 accepted 92023-01-17-10 
4U1636-53 bin 456 accepted 92023-01-13-10 
4U1636-53 bin 455 accepted 92023-01-12-10 
4U1636-53 bin 457 accepted 92023-01-14-10 
4U1636-53 bin 458 accepted 92023-01-15-10 
4U1636-53 bin 460 accepted 92023-01-18-10 
4U1636-53 bin 461 accepted 92023-01-19-10 
4U1636-53 bin 462 accepted 92023-01-20-10 
4U1636-53 bin 465 accepted 92023-01-23-10 
4U1636-53 bin 463 accepted 92023-01-21-10 
4U1636-53 bin 464 accepted 92023-01-22-10 
4U1636-53 bin 466 accepted 92023-01-24-10 
4U1636-53 bin 467 accepted 92023-01-25-10 
4U1636-53 bin 468 accepted 92023-01-26-10 
4U1636-53 bin 470 accepted 92023-01-28-10 
4U1636-53 bin 471 accepted 92023-01-29-10 
4U1636-53 bin 469 accepted 92023-01-27-10 
4U1636-53 bin 472 accepted 92023-01-30-10 
4U1636-53 bin 473 accepted 92023-01-31-10 
4U1636-53 bin 476 accepted 92023-01-34-10 
4U1636-53 bin 474 accepted 92023-01-32-10 
4U1636-53 bin 477 accepted 92023-01-36-10 
4U1636-53 bin 475 accepted 92023-01-33-10 
4U1636-53 bin 478 accepted 92023-01-37-10 
4U1636-53 bin 479 accepted 92023-01-38-10 
4U1636-53 bin 480 accepted 92023-01-39-10 
4U1636-53 bin 483 accepted 92023-01-44-10 
4U1636-53 bin 482 accepted 92023-01-43-10 
4U1636-53 bin 481 accepted 92023-01-40-10 
4U1636-53 bin 484 accepted 92023-01-45-10 
4U1636-53 bin 485 accepted 92023-01-46-10 
4U1636-53 bin 486 accepted 92023-01-47-10 
4U1636-53 bin 489 accepted 92023-01-50-10 
4U1636-53 bin 487 accepted 92023-01-48-10 
4U1636-53 bin 488 accepted 92023-01-49-10 
4U1636-53 bin 490 accepted 92023-01-51-10 
4U1636-53 bin 491 accepted 92023-01-52-10 
4U1636-53 bin 492 accepted 92023-01-53-10 
4U1636-53 bin 493 accepted 92023-01-54-10 
4U1636-53 bin 494 accepted 92023-01-55-10 
4U1636-53 bin 495 accepted 92023-01-56-10 
4U1636-53 bin 496 accepted 92023-01-57-10 
4U1636-53 bin 497 accepted 92023-01-58-10 
4U1636-53 bin 498 accepted 92023-01-59-10 
4U1636-53 bin 499 accepted 92023-01-60-11 
4U1636-53 bin 500 accepted 92023-01-60-10 
4U1636-53 bin 501 accepted 92023-01-61-10 
4U1636-53 bin 502 accepted 92023-01-62-10 
4U1636-53 bin 503 accepted 92023-01-65-10 
4U1636-53 bin 504 accepted 92023-01-66-10 
4U1636-53 bin 505 accepted 92023-01-67-10 
4U1636-53 bin 506 accepted 92023-01-68-10 
4U1636-53 bin 507 accepted 92023-01-69-10 
4U1636-53 bin 508 accepted 92023-01-70-10 
4U1636-53 bin 510 accepted 92023-01-72-10 
4U1636-53 bin 511 accepted 92023-01-73-10 
4U1636-53 bin 509 accepted 92023-01-71-10 
4U1636-53 bin 517 accepted 92023-01-79-10 
4U1636-53 bin 512 accepted 92023-01-74-10 
4U1636-53 bin 513 accepted 92023-01-75-10 
4U1636-53 bin 514 accepted 92023-01-76-10 
4U1636-53 bin 515 accepted 92023-01-77-10 
4U1636-53 bin 518 accepted 92023-01-80-10 
4U1636-53 bin 519 accepted 92023-01-81-10 
4U1636-53 bin 516 accepted 92023-01-78-10 
4U1636-53 bin 520 accepted 92023-01-82-10 
4U1636-53 bin 521 accepted 92023-01-73-00 
4U1636-53 bin 522 accepted 92023-02-17-00 
4U1636-53 bin 523 accepted 91024-01-10-10 
4U1636-53 bin 524 accepted 91024-01-66-10 
4U1636-53 bin 525 accepted 91024-01-83-10 
4U1636-53 bin 526 accepted 91024-01-85-10 
4U1636-53 bin 527 accepted 91024-01-86-10 
4U1636-53 bin 528 accepted 91024-01-87-10 
4U1636-53 bin 530 accepted 92023-01-01-20 
4U1636-53 bin 531 accepted 92023-01-02-20 
4U1636-53 bin 529 accepted 91024-01-88-10 
4U1636-53 bin 532 accepted 92023-01-03-20 
4U1636-53 bin 533 accepted 92023-01-04-20 
4U1636-53 bin 535 accepted 92023-01-06-20 
4U1636-53 bin 537 accepted 92023-01-08-20 
4U1636-53 bin 536 accepted 92023-01-07-20 
4U1636-53 bin 534 accepted 92023-01-05-20 
4U1636-53 bin 538 accepted 92023-01-09-20 
4U1636-53 bin 539 accepted 92023-01-10-20 
4U1636-53 bin 541 accepted 92023-01-12-20 
4U1636-53 bin 540 accepted 92023-01-11-20 
4U1636-53 bin 542 accepted 92023-01-13-20 
4U1636-53 bin 543 accepted 92023-01-14-20 
4U1636-53 bin 544 accepted 92023-01-15-20 
4U1636-53 bin 545 accepted 92023-01-16-20 
4U1636-53 bin 546 accepted 92023-01-17-20 
4U1636-53 bin 547 accepted 92023-01-18-20 
4U1636-53 bin 548 accepted 92023-01-19-20 
4U1636-53 bin 550 accepted 92023-01-21-20 
4U1636-53 bin 549 accepted 92023-01-20-20 
4U1636-53 bin 551 accepted 92023-01-22-20 
4U1636-53 bin 552 accepted 92023-01-23-20 
4U1636-53 bin 553 accepted 92023-01-24-20 
4U1636-53 bin 554 accepted 92023-01-25-20 
4U1636-53 bin 555 accepted 92023-01-26-20 
4U1636-53 bin 556 accepted 92023-01-27-20 
4U1636-53 bin 557 accepted 92023-01-28-20 
4U1636-53 bin 559 accepted 92023-01-31-20 
4U1636-53 bin 558 accepted 92023-01-29-20 
4U1636-53 bin 562 accepted 92023-01-34-20 
4U1636-53 bin 560 accepted 92023-01-32-20 
4U1636-53 bin 561 accepted 92023-01-33-20 
4U1636-53 bin 563 accepted 92023-01-82-00 
4U1636-53 bin 565 accepted 92023-01-84-10 
4U1636-53 bin 564 accepted 92023-01-83-10 
4U1636-53 bin 567 accepted 92023-01-86-10 
4U1636-53 bin 566 accepted 92023-01-85-10 
4U1636-53 bin 568 accepted 92023-01-87-10 
4U1636-53 bin 569 accepted 92023-01-88-10 
4U1636-53 bin 570 accepted 92023-01-89-10 
4U1636-53 bin 571 accepted 92023-01-90-10 
4U1636-53 bin 572 accepted 92023-01-91-10 
4U1636-53 bin 573 accepted 92023-01-92-10 
4U1636-53 bin 575 accepted 92023-01-94-10 
4U1636-53 bin 574 accepted 92023-01-93-10 
4U1636-53 bin 578 accepted 92023-01-96-10 
4U1636-53 bin 580 accepted 92023-01-98-10 
4U1636-53 bin 579 accepted 92023-01-97-10 
4U1636-53 bin 577 accepted 70036-01-02-00 
4U1636-53 bin 581 accepted 93087-01-01-00 
4U1636-53 bin 582 accepted 93406-15-01-00 
4U1636-53 bin 576 accepted 70036-01-02-010 
4U1636-53 bin 583 accepted 93087-01-02-00 
4U1636-53 bin 584 accepted 93087-01-03-00 
4U1636-53 bin 585 accepted 93087-01-04-00 
4U1636-53 bin 586 accepted 93087-01-05-00 
4U1636-53 bin 587 accepted 93087-01-06-00 
4U1636-53 bin 588 accepted 93087-01-07-00 
4U1636-53 bin 590 accepted 93087-01-09-00 
4U1636-53 bin 589 accepted 93087-01-08-00 
4U1636-53 bin 591 accepted 93087-01-10-00 
4U1636-53 bin 592 accepted 93087-01-11-00 
4U1636-53 bin 593 accepted 93087-01-12-00 
4U1636-53 bin 594 accepted 93087-01-13-00 
4U1636-53 bin 595 accepted 93087-01-14-00 
4U1636-53 bin 596 accepted 93087-01-15-00 
4U1636-53 bin 597 accepted 93087-01-16-00 
4U1636-53 bin 598 accepted 93087-01-17-00 
4U1636-53 bin 604 accepted 93087-01-27-00 
4U1636-53 bin 599 accepted 93087-01-18-00 
4U1636-53 bin 600 accepted 93087-01-19-00 
4U1636-53 bin 601 accepted 93087-01-20-00 
4U1636-53 bin 602 accepted 93087-01-24-00 
4U1636-53 bin 603 accepted 93087-01-26-00 
4U1636-53 bin 605 accepted 93087-01-28-00 
4U1636-53 bin 606 accepted 93087-01-29-00 
4U1636-53 bin 607 accepted 93087-01-30-00 
4U1636-53 bin 609 accepted 93087-01-32-00 
4U1636-53 bin 608 accepted 93087-01-31-00 
4U1636-53 bin 610 accepted 93087-01-33-00 
4U1636-53 bin 611 accepted 93087-01-34-00 
4U1636-53 bin 612 accepted 93087-01-35-00 
4U1636-53 bin 613 accepted 93087-01-36-00 
4U1636-53 bin 614 accepted 93087-01-37-00 
4U1636-53 bin 616 accepted 93087-01-39-00 
4U1636-53 bin 615 accepted 93087-01-38-00 
4U1636-53 bin 617 accepted 93087-01-40-00 
4U1636-53 bin 618 accepted 93087-01-41-00 
4U1636-53 bin 619 accepted 93087-01-42-00 
4U1636-53 bin 620 accepted 93087-01-43-00 
4U1636-53 bin 622 accepted 93087-01-45-00 
4U1636-53 bin 621 accepted 93087-01-44-00 
4U1636-53 bin 623 accepted 93087-01-46-00 
4U1636-53 bin 625 accepted 93091-01-01-00 
4U1636-53 bin 626 accepted 93087-01-47-00 
4U1636-53 bin 628 accepted 93087-01-49-00 
4U1636-53 bin 627 accepted 93087-01-48-00 
4U1636-53 bin 629 accepted 93087-01-50-00 
4U1636-53 bin 630 accepted 93087-01-51-00 
4U1636-53 bin 631 accepted 93087-01-52-00 
4U1636-53 bin 624 accepted 93091-01-01-000 
4U1636-53 bin 632 accepted 93087-01-53-00 
4U1636-53 bin 633 accepted 93087-01-54-00 
4U1636-53 bin 634 accepted 93087-01-55-00 
4U1636-53 bin 635 accepted 93087-01-56-00 
4U1636-53 bin 638 accepted 93087-01-59-00 
4U1636-53 bin 636 accepted 93087-01-57-00 
4U1636-53 bin 637 accepted 93087-01-58-00 
4U1636-53 bin 639 accepted 93087-01-60-00 
4U1636-53 bin 640 accepted 93087-01-61-00 
4U1636-53 bin 641 accepted 93087-01-62-00 
4U1636-53 bin 644 accepted 93087-01-65-00 
4U1636-53 bin 645 accepted 93087-01-66-00 
4U1636-53 bin 643 accepted 93087-01-64-00 
4U1636-53 bin 642 accepted 93087-01-63-00 
4U1636-53 bin 646 accepted 93087-01-67-00 
4U1636-53 bin 647 accepted 93087-01-68-00 
4U1636-53 bin 649 accepted 93087-01-70-00 
4U1636-53 bin 648 accepted 93087-01-69-00 
4U1636-53 bin 651 EMPTY 93087-01-73-00 short_exposure
4U1636-53 bin 650 accepted 93087-01-72-00 
4U1636-53 bin 652 accepted 93087-01-74-00 
4U1636-53 bin 653 accepted 93087-01-75-00 
4U1636-53 bin 659 accepted 93087-01-80-00 
4U1636-53 bin 656 accepted 93087-01-78-00 
4U1636-53 bin 654 accepted 93087-01-76-00 
4U1636-53 bin 657 accepted 93087-01-78-01 
4U1636-53 bin 655 accepted 93087-01-77-00 
4U1636-53 bin 658 accepted 93087-01-79-00 
4U1636-53 bin 660 accepted 93087-01-81-00 
4U1636-53 bin 662 accepted 93087-01-83-00 
4U1636-53 bin 661 accepted 93087-01-82-00 
4U1636-53 bin 664 accepted 93087-01-85-00 
4U1636-53 bin 663 accepted 93087-01-84-00 
4U1636-53 bin 665 accepted 93087-01-86-00 
4U1636-53 bin 666 accepted 93087-01-87-00 
4U1636-53 bin 667 accepted 93087-01-88-00 
4U1636-53 bin 668 accepted 93087-01-89-00 
4U1636-53 bin 669 accepted 93087-01-90-00 
4U1636-53 bin 670 accepted 93087-01-91-00 
4U1636-53 bin 671 accepted 93087-01-92-00 
4U1636-53 bin 672 accepted 93087-01-93-00 
4U1636-53 bin 674 accepted 93087-01-95-00 
4U1636-53 bin 675 accepted 93087-01-96-00 
4U1636-53 bin 673 accepted 93087-01-94-00 
4U1636-53 bin 676 accepted 93087-01-97-00 
4U1636-53 bin 677 accepted 93087-01-98-00 
4U1636-53 bin 678 accepted 93087-01-01-10 
4U1636-53 bin 680 accepted 93087-01-04-10 
4U1636-53 bin 679 accepted 93087-01-03-10 
4U1636-53 bin 681 accepted 93087-01-05-10 
4U1636-53 bin 682 accepted 93087-01-06-10 
4U1636-53 bin 683 accepted 93087-01-07-10 
4U1636-53 bin 684 accepted 93087-01-08-10 
4U1636-53 bin 687 accepted 93087-01-11-10G 
4U1636-53 bin 688 accepted 93087-01-12-10 
4U1636-53 bin 686 accepted 93087-01-10-10 
4U1636-53 bin 685 accepted 93087-01-09-10 
4U1636-53 bin 689 accepted 93087-01-13-10 
4U1636-53 bin 690 accepted 93087-01-14-10 
4U1636-53 bin 691 accepted 93087-01-15-10 
4U1636-53 bin 692 accepted 93087-01-16-10 
4U1636-53 bin 694 accepted 93087-01-18-10 
4U1636-53 bin 693 accepted 93087-01-17-10 
4U1636-53 bin 695 accepted 93087-01-19-10 
4U1636-53 bin 696 accepted 93087-01-21-10 
4U1636-53 bin 697 accepted 93087-01-22-10 
4U1636-53 bin 698 accepted 93087-01-23-10 
4U1636-53 bin 699 accepted 93087-01-24-10 
4U1636-53 bin 702 accepted 93087-01-25-10 
4U1636-53 bin 701 accepted 93091-01-02-00 
4U1636-53 bin 703 accepted 93087-01-26-10 
4U1636-53 bin 704 accepted 93087-01-28-10 
4U1636-53 bin 705 accepted 93087-01-29-10 
4U1636-53 bin 700 accepted 93091-01-02-000 
4U1636-53 bin 706 accepted 93087-01-30-10 
4U1636-53 bin 708 accepted 93087-01-32-10 
4U1636-53 bin 707 accepted 93087-01-31-10 
4U1636-53 bin 710 accepted 93087-01-34-10 
4U1636-53 bin 709 accepted 93087-01-33-10 
4U1636-53 bin 711 accepted 93087-01-35-10 
4U1636-53 bin 712 accepted 93087-01-36-10 
4U1636-53 bin 713 accepted 93087-01-37-10 
4U1636-53 bin 714 accepted 93087-01-38-10 
4U1636-53 bin 715 accepted 93087-01-39-10 
4U1636-53 bin 716 accepted 93087-01-40-10 
4U1636-53 bin 717 accepted 93087-01-41-10 
4U1636-53 bin 718 accepted 93087-01-42-10 
4U1636-53 bin 719 accepted 93087-01-43-10 
4U1636-53 bin 720 accepted 93087-01-44-10 
4U1636-53 bin 721 accepted 93087-01-45-10 
4U1636-53 bin 722 accepted 93087-01-46-10 
4U1636-53 bin 723 accepted 93087-01-47-10 
4U1636-53 bin 724 accepted 93087-01-48-10 
4U1636-53 bin 725 accepted 93087-01-49-10 
4U1636-53 bin 726 accepted 93087-01-51-10 
4U1636-53 bin 728 accepted 93087-01-54-10 
4U1636-53 bin 727 accepted 93087-01-52-10 
4U1636-53 bin 729 accepted 93087-01-55-10 
4U1636-53 bin 730 accepted 93087-01-56-10 
4U1636-53 bin 731 accepted 93087-01-58-10 
4U1636-53 bin 732 accepted 93087-01-59-10 
4U1636-53 bin 734 accepted 93087-01-61-10 
4U1636-53 bin 733 accepted 93087-01-60-10 
4U1636-53 bin 735 accepted 93087-01-62-10 
4U1636-53 bin 736 accepted 93087-01-63-10 
4U1636-53 bin 737 accepted 93087-01-64-10 
4U1636-53 bin 740 accepted 93087-01-68-10 
4U1636-53 bin 738 accepted 93087-01-65-10 
4U1636-53 bin 739 accepted 93087-01-67-10 
4U1636-53 bin 741 accepted 93087-01-69-10 
4U1636-53 bin 742 accepted 93087-01-70-10 
4U1636-53 bin 743 accepted 93087-01-71-10 
4U1636-53 bin 745 accepted 93087-01-73-10 
4U1636-53 bin 744 accepted 93087-01-72-10 
4U1636-53 bin 746 accepted 93087-01-74-10 
4U1636-53 bin 747 accepted 93087-01-76-10 
4U1636-53 bin 748 accepted 93087-01-77-10 
4U1636-53 bin 749 accepted 93087-01-78-10 
4U1636-53 bin 751 accepted 93087-01-80-10 
4U1636-53 bin 750 accepted 93087-01-79-10 
4U1636-53 bin 752 accepted 93087-01-81-10 
4U1636-53 bin 753 accepted 93087-01-82-10 
4U1636-53 bin 754 accepted 93087-01-83-10 
4U1636-53 bin 755 accepted 93087-01-84-10 
4U1636-53 bin 756 accepted 93087-01-85-10 
4U1636-53 bin 757 accepted 93087-01-86-10 
4U1636-53 bin 758 accepted 93087-01-87-10 
4U1636-53 bin 759 accepted 93087-01-88-10 
4U1636-53 bin 761 accepted 93087-01-89-10 
4U1636-53 bin 760 accepted 93087-01-90-10 
4U1636-53 bin 763 accepted 93087-01-92-10 
4U1636-53 bin 762 accepted 93087-01-91-10 
4U1636-53 bin 764 accepted 93087-01-93-10 
4U1636-53 bin 765 accepted 93087-01-94-10 
4U1636-53 bin 766 accepted 93087-01-95-10 
4U1636-53 bin 767 accepted 93087-01-96-10 
4U1636-53 bin 768 accepted 93087-01-97-10 
4U1636-53 bin 769 accepted 93087-01-98-10 
4U1636-53 bin 770 accepted 93087-01-01-20 
4U1636-53 bin 771 accepted 93087-01-02-20 
4U1636-53 bin 772 accepted 93087-01-03-20 
4U1636-53 bin 773 accepted 93087-01-04-20 
4U1636-53 bin 774 accepted 93087-01-07-20 
4U1636-53 bin 776 accepted 93087-01-09-20 
4U1636-53 bin 775 accepted 93087-01-08-20 
4U1636-53 bin 777 accepted 93087-01-10-20 
4U1636-53 bin 778 accepted 93087-01-11-20 
4U1636-53 bin 779 accepted 93087-01-12-20 
4U1636-53 bin 780 accepted 93087-01-13-20 
4U1636-53 bin 781 accepted 93087-01-14-20 
4U1636-53 bin 782 accepted 93087-01-15-20 
4U1636-53 bin 783 accepted 93087-01-16-20 
4U1636-53 bin 784 accepted 93087-01-18-20 
4U1636-53 bin 785 accepted 93087-01-20-20 
4U1636-53 bin 786 accepted 93087-01-21-20 
4U1636-53 bin 787 accepted 93087-01-22-20 
4U1636-53 bin 788 accepted 93087-01-23-20 
4U1636-53 bin 789 accepted 93087-01-24-20 
4U1636-53 bin 791 accepted 93087-01-26-20 
4U1636-53 bin 790 accepted 93087-01-25-20 
4U1636-53 bin 797 accepted 93087-01-33-20 
4U1636-53 bin 792 accepted 93087-01-27-20 
4U1636-53 bin 794 accepted 93087-01-29-20 
4U1636-53 bin 793 accepted 93087-01-28-20 
4U1636-53 bin 795 accepted 93087-01-30-20 
4U1636-53 bin 796 accepted 93087-01-32-20 
4U1636-53 bin 798 accepted 93087-01-34-20 
4U1636-53 bin 800 accepted 93087-01-36-20 
4U1636-53 bin 799 accepted 93087-01-35-20 
4U1636-53 bin 801 accepted 93087-01-38-20 
4U1636-53 bin 802 accepted 93087-01-39-20 
4U1636-53 bin 803 accepted 93087-01-40-20 
4U1636-53 bin 804 accepted 93087-01-41-20 
4U1636-53 bin 805 accepted 93087-01-43-20 
4U1636-53 bin 806 accepted 93087-01-44-20 
4U1636-53 bin 807 accepted 93087-01-45-20 
4U1636-53 bin 808 accepted 93087-01-46-20 
4U1636-53 bin 810 accepted 93087-01-48-20 
4U1636-53 bin 809 accepted 93087-01-47-20 
4U1636-53 bin 812 accepted 93087-01-50-20 
4U1636-53 bin 813 accepted 93087-01-51-20 
4U1636-53 bin 814 accepted 93087-01-52-20 
4U1636-53 bin 811 accepted 93087-01-49-20 
4U1636-53 bin 815 accepted 93087-01-54-20 
4U1636-53 bin 816 accepted 93087-01-55-20 
4U1636-53 bin 817 accepted 93087-01-56-20 
4U1636-53 bin 819 accepted 93087-01-58-20 
4U1636-53 bin 818 accepted 93087-01-57-20 
4U1636-53 bin 820 accepted 93087-01-59-20 
4U1636-53 bin 821 accepted 93087-01-60-20 
4U1636-53 bin 822 accepted 93087-01-61-20 
4U1636-53 bin 823 accepted 93087-01-62-20 
4U1636-53 bin 824 accepted 93087-01-64-20 
4U1636-53 bin 825 accepted 93087-01-66-20 
4U1636-53 bin 826 accepted 93087-01-67-20 
4U1636-53 bin 827 accepted 93087-01-68-20 
4U1636-53 bin 828 accepted 93087-01-69-20 
4U1636-53 bin 831 accepted 93087-01-72-20 
4U1636-53 bin 830 accepted 93087-01-71-20 
4U1636-53 bin 829 accepted 93087-01-70-20 
4U1636-53 bin 832 accepted 93087-01-73-20 
4U1636-53 bin 833 accepted 93087-01-74-20 
4U1636-53 bin 834 accepted 93087-01-75-20 
4U1636-53 bin 836 accepted 93087-01-77-20 
4U1636-53 bin 835 accepted 93087-01-76-20 
4U1636-53 bin 838 accepted 94087-01-03-00 
4U1636-53 bin 837 accepted 94087-01-02-00 
4U1636-53 bin 839 accepted 94087-01-04-00 
4U1636-53 bin 840 accepted 94087-01-05-00 
4U1636-53 bin 841 accepted 94087-01-06-00 
4U1636-53 bin 843 accepted 94087-01-08-00 
4U1636-53 bin 844 accepted 94087-01-09-00 
4U1636-53 bin 842 accepted 94087-01-07-00 
4U1636-53 bin 845 accepted 94087-01-10-00 
4U1636-53 bin 851 accepted 94087-01-16-00 
4U1636-53 bin 846 accepted 94087-01-11-00 
4U1636-53 bin 849 accepted 94087-01-14-00 
4U1636-53 bin 848 accepted 94087-01-13-00 
4U1636-53 bin 847 accepted 94087-01-12-00 
4U1636-53 bin 850 accepted 94087-01-15-00 
4U1636-53 bin 852 accepted 94087-01-17-00 
4U1636-53 bin 853 accepted 94087-01-18-00 
4U1636-53 bin 855 accepted 94087-01-20-00 
4U1636-53 bin 854 accepted 94087-01-19-00 
4U1636-53 bin 856 accepted 94087-01-22-00 
4U1636-53 bin 857 accepted 94087-01-23-00 
4U1636-53 bin 858 accepted 94087-01-24-00 
4U1636-53 bin 859 accepted 94087-01-25-00 
4U1636-53 bin 860 accepted 94087-01-26-00 
4U1636-53 bin 861 accepted 94087-01-27-00 
4U1636-53 bin 862 accepted 94087-01-28-00 
4U1636-53 bin 863 accepted 94087-01-29-00 
4U1636-53 bin 864 accepted 94087-01-30-00 
4U1636-53 bin 866 accepted 94087-01-32-00 
4U1636-53 bin 867 accepted 94087-01-33-00 
4U1636-53 bin 865 accepted 94087-01-31-00 
4U1636-53 bin 868 accepted 94087-01-34-00 
4U1636-53 bin 869 accepted 94087-01-35-00 
4U1636-53 bin 870 accepted 94087-01-36-00 
4U1636-53 bin 871 accepted 94087-01-37-00 
4U1636-53 bin 872 accepted 94087-01-38-00 
4U1636-53 bin 874 accepted 94087-01-40-00 
4U1636-53 bin 873 accepted 94087-01-39-00 
4U1636-53 bin 875 accepted 94310-01-01-02 
4U1636-53 bin 876 accepted 94310-01-01-04 
4U1636-53 bin 878 accepted 94310-01-01-01 
4U1636-53 bin 877 accepted 94310-01-01-00 
4U1636-53 bin 879 accepted 94310-01-01-03 
4U1636-53 bin 880 accepted 94087-01-41-00 
4U1636-53 bin 881 accepted 94087-01-42-00 
4U1636-53 bin 882 accepted 94087-01-43-00 
4U1636-53 bin 883 accepted 94087-01-44-00 
4U1636-53 bin 884 accepted 94087-01-45-00 
4U1636-53 bin 886 accepted 94310-01-02-03 
4U1636-53 bin 887 accepted 94310-01-02-04 
4U1636-53 bin 885 accepted 94310-01-02-00 
4U1636-53 bin 888 accepted 94310-01-02-05 
4U1636-53 bin 889 accepted 94310-01-02-02 
4U1636-53 bin 890 accepted 94087-01-47-00 
4U1636-53 bin 891 accepted 94087-01-48-00 
4U1636-53 bin 892 accepted 94087-01-49-00 
4U1636-53 bin 893 accepted 94087-01-50-00 
4U1636-53 bin 894 accepted 94087-01-51-00 
4U1636-53 bin 895 accepted 94087-01-53-00 
4U1636-53 bin 896 accepted 94087-01-56-00 
4U1636-53 bin 897 accepted 94087-01-57-00 
4U1636-53 bin 898 accepted 94087-01-58-00 
4U1636-53 bin 899 accepted 94087-01-59-00 
4U1636-53 bin 901 accepted 94087-01-61-00 
4U1636-53 bin 900 accepted 94087-01-60-00 
4U1636-53 bin 902 accepted 94087-01-63-00 
4U1636-53 bin 904 accepted 94087-01-65-00 
4U1636-53 bin 903 accepted 94087-01-64-00 
4U1636-53 bin 905 accepted 94087-01-67-00 
4U1636-53 bin 906 accepted 94087-01-69-00 
4U1636-53 bin 908 accepted 94087-01-71-00 
4U1636-53 bin 907 accepted 94087-01-70-00 
4U1636-53 bin 909 accepted 94087-01-72-00 
4U1636-53 bin 910 accepted 94087-01-73-00 
4U1636-53 bin 911 accepted 94087-01-74-00 
4U1636-53 bin 912 accepted 94087-01-75-00 
4U1636-53 bin 915 accepted 94087-01-81-00 
4U1636-53 bin 914 accepted 94087-01-80-00 
4U1636-53 bin 913 accepted 94087-01-76-00 
4U1636-53 bin 916 accepted 94087-01-82-00 
4U1636-53 bin 917 accepted 94089-01-01-00 
4U1636-53 bin 918 accepted 94089-01-01-01 
4U1636-53 bin 920 accepted 94087-01-85-00 
4U1636-53 bin 919 accepted 94087-01-83-00 
4U1636-53 bin 921 accepted 94087-01-86-00 
4U1636-53 bin 922 accepted 94087-01-87-00G 
4U1636-53 bin 923 accepted 93082-06-01-01 
4U1636-53 bin 924 accepted 93082-06-01-00 
4U1636-53 bin 925 accepted 94087-01-88-00 
4U1636-53 bin 926 accepted 94087-01-89-00 
4U1636-53 bin 927 accepted 94087-01-90-00 
4U1636-53 bin 928 accepted 93082-06-02-00 
4U1636-53 bin 929 accepted 94087-01-92-00 
4U1636-53 bin 931 accepted 94087-01-93-00 
4U1636-53 bin 932 accepted 94087-01-94-00 
4U1636-53 bin 930 accepted 93082-06-03-00 
4U1636-53 bin 933 accepted 94087-01-95-00 
4U1636-53 bin 935 accepted 94087-01-98-00 
4U1636-53 bin 934 accepted 94087-01-97-00 
4U1636-53 bin 936 accepted 94087-01-01-10 
4U1636-53 bin 937 accepted 94087-01-02-10 
4U1636-53 bin 938 accepted 94087-01-03-10 
4U1636-53 bin 939 accepted 94087-01-04-10 
4U1636-53 bin 941 accepted 94087-01-07-10 
4U1636-53 bin 940 accepted 94087-01-06-10 
4U1636-53 bin 942 accepted 94087-01-08-10 
4U1636-53 bin 944 accepted 94087-01-10-10 
4U1636-53 bin 943 accepted 94087-01-09-10 
4U1636-53 bin 945 accepted 94087-01-11-10 
4U1636-53 bin 947 accepted 94087-01-13-10 
4U1636-53 bin 946 accepted 94087-01-12-10 
4U1636-53 bin 948 accepted 94087-01-14-10 
4U1636-53 bin 949 accepted 94087-01-15-10 
4U1636-53 bin 950 accepted 94087-01-16-10 
4U1636-53 bin 951 accepted 94087-01-18-10 
4U1636-53 bin 952 accepted 94087-01-17-10 
4U1636-53 bin 953 accepted 94087-01-19-10 
4U1636-53 bin 959 accepted 94087-01-25-10 
4U1636-53 bin 954 accepted 94087-01-20-10 
4U1636-53 bin 955 accepted 94087-01-21-10 
4U1636-53 bin 956 accepted 94087-01-22-10 
4U1636-53 bin 957 accepted 94087-01-23-10 
4U1636-53 bin 960 accepted 94087-01-26-10 
4U1636-53 bin 958 accepted 94087-01-24-10 
4U1636-53 bin 961 accepted 94087-01-27-10 
4U1636-53 bin 962 accepted 94087-01-28-10 
4U1636-53 bin 963 accepted 94087-01-29-10 
4U1636-53 bin 966 accepted 94087-01-30-10 
4U1636-53 bin 965 accepted 94310-01-03-00 
4U1636-53 bin 967 accepted 94087-01-31-10 
4U1636-53 bin 968 accepted 94087-01-32-10 
4U1636-53 bin 964 accepted 94310-01-03-000 
4U1636-53 bin 970 accepted 94437-01-01-00 
4U1636-53 bin 971 accepted 94437-01-01-010 
4U1636-53 bin 972 accepted 94437-01-01-01 
4U1636-53 bin 969 accepted 94437-01-01-000 
4U1636-53 bin 974 accepted 94437-01-02-00 
4U1636-53 bin 977 accepted 94087-01-36-10 
4U1636-53 bin 980 accepted 94087-01-44-10 
4U1636-53 bin 976 accepted 94087-01-35-10 
4U1636-53 bin 973 accepted 94437-01-02-000 
4U1636-53 bin 978 accepted 94087-01-37-10 
4U1636-53 bin 979 accepted 94087-01-43-10 
4U1636-53 bin 981 accepted 94087-01-45-10 
4U1636-53 bin 982 accepted 94087-01-46-10 
4U1636-53 bin 975 accepted 94310-01-04-00 
4U1636-53 bin 983 accepted 94087-01-47-10 
4U1636-53 bin 984 accepted 94087-01-48-10 
4U1636-53 bin 985 accepted 94087-01-49-10 
4U1636-53 bin 989 accepted 94087-01-53-10 
4U1636-53 bin 987 accepted 94087-01-51-10 
4U1636-53 bin 986 accepted 94087-01-50-10 
4U1636-53 bin 988 accepted 94087-01-52-10 
4U1636-53 bin 990 accepted 94087-01-57-10 
4U1636-53 bin 991 accepted 94087-01-59-10 
4U1636-53 bin 992 accepted 94087-01-60-10 
4U1636-53 bin 994 accepted 94087-01-62-10 
4U1636-53 bin 993 accepted 94087-01-61-10 
4U1636-53 bin 996 accepted 94087-01-64-10 
4U1636-53 bin 995 accepted 94087-01-63-10 
4U1636-53 bin 997 accepted 94087-01-65-10 
4U1636-53 bin 998 accepted 94087-01-67-10 
4U1636-53 bin 1000 accepted 94087-01-69-10 
4U1636-53 bin 999 accepted 94087-01-68-10 
4U1636-53 bin 1001 accepted 94087-01-70-10 
4U1636-53 bin 1002 accepted 94087-01-71-10 
4U1636-53 bin 1003 accepted 94087-01-72-10 
4U1636-53 bin 1004 accepted 94087-01-73-10 
4U1636-53 bin 1005 accepted 94087-01-74-10 
4U1636-53 bin 1006 accepted 94087-01-75-10 
4U1636-53 bin 1007 accepted 94087-01-76-10 
4U1636-53 bin 1008 accepted 94087-01-77-10 
4U1636-53 bin 1009 accepted 94087-01-78-10 
4U1636-53 bin 1010 accepted 94087-01-79-10 
4U1636-53 bin 1012 accepted 94087-01-81-10 
4U1636-53 bin 1011 accepted 94087-01-80-10 
4U1636-53 bin 1014 accepted 94087-01-83-10 
4U1636-53 bin 1013 accepted 94087-01-82-10 
4U1636-53 bin 1015 accepted 94087-01-84-10 
4U1636-53 bin 1016 accepted 94087-01-85-10 
4U1636-53 bin 1017 accepted 94087-01-86-10 
4U1636-53 bin 1018 accepted 94087-01-87-10 
4U1636-53 bin 1019 accepted 94087-01-88-10 
4U1636-53 bin 1020 accepted 95087-01-01-00 
4U1636-53 bin 1021 accepted 95087-01-03-00 
4U1636-53 bin 1022 accepted 95087-01-04-00 
4U1636-53 bin 1023 accepted 95087-01-05-00 
4U1636-53 bin 1024 accepted 95087-01-06-00 
4U1636-53 bin 1025 accepted 95087-01-07-00 
4U1636-53 bin 1026 accepted 95087-01-08-00 
4U1636-53 bin 1027 accepted 95087-01-09-00 
4U1636-53 bin 1030 accepted 95087-01-15-00 
4U1636-53 bin 1028 accepted 95087-01-10-00 
4U1636-53 bin 1029 accepted 95087-01-13-00 
4U1636-53 bin 1031 accepted 95087-01-16-00 
4U1636-53 bin 1032 accepted 95087-01-17-00 
4U1636-53 bin 1033 accepted 95087-01-20-00 
4U1636-53 bin 1035 accepted 95087-01-22-00 
4U1636-53 bin 1034 accepted 95087-01-21-00 
4U1636-53 bin 1036 accepted 95087-01-24-00 
4U1636-53 bin 1037 accepted 95087-01-26-00 
4U1636-53 bin 1038 accepted 95087-01-27-00 
4U1636-53 bin 1039 accepted 95087-01-28-00 
4U1636-53 bin 1040 accepted 95087-01-30-00 
4U1636-53 bin 1041 accepted 95087-01-31-00 
4U1636-53 bin 1042 accepted 95087-01-33-00 
4U1636-53 bin 1043 accepted 95087-01-35-00 
4U1636-53 bin 1044 accepted 95087-01-36-00 
4U1636-53 bin 1045 accepted 95087-01-37-00 
4U1636-53 bin 1047 accepted 95087-01-39-00 
4U1636-53 bin 1046 accepted 95087-01-38-00 
4U1636-53 bin 1048 accepted 95087-01-40-00 
4U1636-53 bin 1049 accepted 95087-01-41-00 
4U1636-53 bin 1050 accepted 95087-01-42-00 
4U1636-53 bin 1051 accepted 95087-01-44-00 
4U1636-53 bin 1052 accepted 95087-01-46-00 
4U1636-53 bin 1054 accepted 95087-01-48-00 
4U1636-53 bin 1053 accepted 95087-01-47-00 
4U1636-53 bin 1055 accepted 95087-01-49-00 
4U1636-53 bin 1056 accepted 95087-01-50-00 
4U1636-53 bin 1057 accepted 95087-01-56-00 
4U1636-53 bin 1058 accepted 95087-01-57-00 
4U1636-53 bin 1059 accepted 95087-01-58-00 
4U1636-53 bin 1060 accepted 95087-01-59-00 
4U1636-53 bin 1061 accepted 95087-01-60-00 
4U1636-53 bin 1062 accepted 95087-01-61-00 
4U1636-53 bin 1063 accepted 95087-01-62-00 
4U1636-53 bin 1064 accepted 95087-01-63-00 
4U1636-53 bin 1065 accepted 95087-01-65-00 
4U1636-53 bin 1066 accepted 95087-01-67-00 
4U1636-53 bin 1067 accepted 95087-01-69-00 
4U1636-53 bin 1068 accepted 93082-06-04-00 
4U1636-53 bin 1070 accepted 95087-01-71-00 
4U1636-53 bin 1071 accepted 95087-01-72-00 
4U1636-53 bin 1069 accepted 93082-06-05-00 
4U1636-53 bin 1072 accepted 95087-01-73-00 
4U1636-53 bin 1073 accepted 95087-01-74-00 
4U1636-53 bin 1074 accepted 95087-01-75-00 
4U1636-53 bin 1075 accepted 95087-01-76-00 
4U1636-53 bin 1076 accepted 95087-01-77-00 
4U1636-53 bin 1078 accepted 95087-01-79-00 
4U1636-53 bin 1077 accepted 95087-01-78-00 
4U1636-53 bin 1079 accepted 95087-01-80-00 
4U1636-53 bin 1080 accepted 93082-06-06-03 
4U1636-53 bin 1081 accepted 93082-06-06-02 
4U1636-53 bin 1082 accepted 93082-06-06-01 
4U1636-53 bin 1084 accepted 95087-01-81-00 
4U1636-53 bin 1083 accepted 93082-06-07-00 
4U1636-53 bin 1085 accepted 93082-06-07-01 
4U1636-53 bin 1086 accepted 95087-01-82-00 
4U1636-53 bin 1087 accepted 95087-01-83-00 
4U1636-53 bin 1088 accepted 95087-01-84-00 
4U1636-53 bin 1089 accepted 95087-01-85-00 
4U1636-53 bin 1090 accepted 95087-01-86-00 
4U1636-53 bin 1091 accepted 95087-01-87-00 
4U1636-53 bin 1092 accepted 95087-01-88-00 
4U1636-53 bin 1093 accepted 95087-01-89-00 
4U1636-53 bin 1094 accepted 95087-01-90-00 
4U1636-53 bin 1096 accepted 95087-01-92-00 
4U1636-53 bin 1095 accepted 95087-01-91-00 
4U1636-53 bin 1097 accepted 95087-01-94-00 
4U1636-53 bin 1098 accepted 95087-01-95-00 
4U1636-53 bin 1100 accepted 95087-01-98-00 
4U1636-53 bin 1101 accepted 95087-01-01-10 
4U1636-53 bin 1099 accepted 95087-01-96-00 
4U1636-53 bin 1103 accepted 95087-01-03-10 
4U1636-53 bin 1102 accepted 95087-01-02-10 
4U1636-53 bin 1104 accepted 95087-01-04-10 
4U1636-53 bin 1105 accepted 95087-01-05-10 
4U1636-53 bin 1107 accepted 95087-01-07-10 
4U1636-53 bin 1106 accepted 95087-01-06-10 
4U1636-53 bin 1108 accepted 95087-01-08-10 
4U1636-53 bin 1109 accepted 95087-01-09-10 
4U1636-53 bin 1110 accepted 95087-01-10-10 
4U1636-53 bin 1111 accepted 95087-01-11-10 
4U1636-53 bin 1112 accepted 95087-01-12-10 
4U1636-53 bin 1113 accepted 95087-01-13-10 
4U1636-53 bin 1114 accepted 95087-01-14-10 
4U1636-53 bin 1115 accepted 95087-01-15-10 
4U1636-53 bin 1116 accepted 95087-01-16-10 
4U1636-53 bin 1117 accepted 95087-01-17-10 
4U1636-53 bin 1118 accepted 95087-01-18-10 
4U1636-53 bin 1119 accepted 95087-01-19-10 
4U1636-53 bin 1120 accepted 95087-01-20-10 
4U1636-53 bin 1121 accepted 95087-01-21-10 
4U1636-53 bin 1122 accepted 95087-01-22-10 
4U1636-53 bin 1123 accepted 95087-01-23-10 
4U1636-53 bin 1124 accepted 95087-01-24-10 
4U1636-53 bin 1125 accepted 95087-01-25-10 
4U1636-53 bin 1126 accepted 95087-01-26-10 
4U1636-53 bin 1127 accepted 95087-01-27-10 
4U1636-53 bin 1128 accepted 95087-01-28-10 
4U1636-53 bin 1129 accepted 95087-01-29-10 
4U1636-53 bin 1130 accepted 95087-01-30-10 
4U1636-53 bin 1131 accepted 95087-01-31-10 
4U1636-53 bin 1132 accepted 95087-01-32-10 
4U1636-53 bin 1133 accepted 95087-01-34-10 
4U1636-53 bin 1134 accepted 95087-01-35-10 
4U1636-53 bin 1135 accepted 95087-01-36-10 
4U1636-53 bin 1137 accepted 95087-01-38-10 
4U1636-53 bin 1142 accepted 95087-01-47-10 
4U1636-53 bin 1136 accepted 95087-01-37-10 
4U1636-53 bin 1139 accepted 95087-01-40-10 
4U1636-53 bin 1138 accepted 95087-01-39-10 
4U1636-53 bin 1140 accepted 95087-01-42-10 
4U1636-53 bin 1141 accepted 95087-01-43-10 
4U1636-53 bin 1143 accepted 95087-01-48-10 
4U1636-53 bin 1144 accepted 95087-01-49-11 
4U1636-53 bin 1146 accepted 95087-01-51-10 
4U1636-53 bin 1145 accepted 95087-01-50-10 
4U1636-53 bin 1147 accepted 95087-01-52-10 
4U1636-53 bin 1148 accepted 95087-01-53-10 
4U1636-53 bin 1150 accepted 95087-01-55-10 
4U1636-53 bin 1149 accepted 95087-01-54-10 
4U1636-53 bin 1152 accepted 95087-01-57-10 
4U1636-53 bin 1151 accepted 95087-01-56-10 
4U1636-53 bin 1153 accepted 95087-01-58-10 
4U1636-53 bin 1154 accepted 95087-01-59-10 
4U1636-53 bin 1155 accepted 95087-01-60-10 
4U1636-53 bin 1156 accepted 95087-01-61-10 
4U1636-53 bin 1157 accepted 95087-01-62-10 
4U1636-53 bin 1158 accepted 95087-01-63-10 
4U1636-53 bin 1159 accepted 95087-01-64-10 
4U1636-53 bin 1160 accepted 95087-01-65-10 
4U1636-53 bin 1161 accepted 95087-01-66-10 
4U1636-53 bin 1162 accepted 95087-01-67-10 
4U1636-53 bin 1163 accepted 95087-01-68-10 
4U1636-53 bin 1164 accepted 95087-01-69-10 
4U1636-53 bin 1165 accepted 95087-01-70-10 
4U1636-53 bin 1166 accepted 95087-01-71-10 
4U1636-53 bin 1167 accepted 95087-01-72-10 
4U1636-53 bin 1168 accepted 95087-01-74-10 
4U1636-53 bin 1169 accepted 95087-01-75-10 
4U1636-53 bin 1170 accepted 95087-01-76-10 
4U1636-53 bin 1171 accepted 95087-01-77-10 
4U1636-53 bin 1172 accepted 95087-01-78-10 
4U1636-53 bin 1174 accepted 95087-01-80-10 
4U1636-53 bin 1173 accepted 95087-01-79-10 
4U1636-53 bin 1176 accepted 95087-01-82-10 
4U1636-53 bin 1175 accepted 95087-01-81-10 
4U1636-53 bin 1177 accepted 95087-01-83-10 
4U1636-53 bin 1178 accepted 95087-01-84-10 
4U1636-53 bin 1180 accepted 96087-01-02-00 
4U1636-53 bin 1179 accepted 96087-01-01-00 
4U1636-53 bin 1181 accepted 96087-01-03-00 
4U1636-53 bin 1182 accepted 96087-01-04-00 
4U1636-53 bin 1183 accepted 96087-01-05-00 
4U1636-53 bin 1184 accepted 96087-01-06-00 
4U1636-53 bin 1185 accepted 96087-01-07-00 
4U1636-53 bin 1186 accepted 96087-01-08-00 
4U1636-53 bin 1188 accepted 96087-01-11-00 
4U1636-53 bin 1187 accepted 96087-01-09-00 
4U1636-53 bin 1189 accepted 96087-01-12-00 
4U1636-53 bin 1190 accepted 96087-01-16-00 
4U1636-53 bin 1191 accepted 96087-01-17-00 
4U1636-53 bin 1192 accepted 96087-01-18-00 
4U1636-53 bin 1194 accepted 96087-01-20-00 
4U1636-53 bin 1193 accepted 96087-01-19-00 
4U1636-53 bin 1195 accepted 96087-01-21-00 
4U1636-53 bin 1196 accepted 96087-01-22-00 
4U1636-53 bin 1197 accepted 96087-01-23-00 
4U1636-53 bin 1198 accepted 96087-01-24-00 
4U1636-53 bin 1200 accepted 96087-01-26-00 
4U1636-53 bin 1199 accepted 96087-01-25-00 
4U1636-53 bin 1201 accepted 96087-01-27-00 
4U1636-53 bin 1202 accepted 96087-01-29-00 
4U1636-53 bin 1203 accepted 96087-01-30-00 
4U1636-53 bin 1205 accepted 96087-01-33-00 
4U1636-53 bin 1204 accepted 96087-01-32-00 
4U1636-53 bin 1206 accepted 96087-01-34-00 
4U1636-53 bin 1207 accepted 96087-01-35-00 
4U1636-53 bin 1208 accepted 96087-01-36-00 
4U1636-53 bin 1209 accepted 96087-01-37-00 
4U1636-53 bin 1211 accepted 96087-01-39-00 
4U1636-53 bin 1210 accepted 96087-01-38-00 
4U1636-53 bin 1212 accepted 96087-01-40-00 
4U1636-53 bin 1213 accepted 96087-01-41-00 
4U1636-53 bin 1214 accepted 96087-01-42-00 
4U1636-53 bin 1217 accepted 96087-01-45-00 
4U1636-53 bin 1216 accepted 96087-01-44-00 
4U1636-53 bin 1215 accepted 96087-01-43-00 
4U1636-53 bin 1223 accepted 96087-01-52-00 
4U1636-53 bin 1218 accepted 96087-01-46-00 
4U1636-53 bin 1219 accepted 96087-01-47-00 
4U1636-53 bin 1220 accepted 96087-01-48-00 
4U1636-53 bin 1221 accepted 96087-01-50-00 
4U1636-53 bin 1224 accepted 96087-01-53-00 
4U1636-53 bin 1222 accepted 96087-01-51-00 
4U1636-53 bin 1225 accepted 96087-01-54-00 
4U1636-53 bin 1226 accepted 96087-01-55-00 
4U1636-53 bin 1227 accepted 96087-01-56-00 
4U1636-53 bin 1228 accepted 96087-01-57-00 
4U1636-53 bin 1229 accepted 96087-01-58-00 
4U1636-53 bin 1230 accepted 96087-01-59-00 
4U1636-53 bin 1231 accepted 96087-01-60-00 
4U1636-53 bin 1232 accepted 96087-01-61-00 
4U1636-53 bin 1233 accepted 96087-01-63-00 
4U1636-53 bin 1234 accepted 96087-01-64-00 
4U1636-53 bin 1236 accepted 96087-01-66-00 
4U1636-53 bin 1235 accepted 96087-01-65-00 
4U1636-53 bin 1237 accepted 96087-01-67-00 
4U1636-53 bin 1238 accepted 96087-01-68-00 
4U1636-53 bin 1239 accepted 96087-01-69-00 
4U1636-53 bin 1241 accepted 96087-01-71-00 
4U1636-53 bin 1242 accepted 96087-01-72-00 
4U1636-53 bin 1240 accepted 96087-01-70-00 
4U1636-53 bin 1243 accepted 96087-01-73-00 
4U1636-53 bin 1244 accepted 96087-01-74-00 
4U1636-53 bin 1246 accepted 96087-01-76-00 
4U1636-53 bin 1245 accepted 96087-01-75-00 
4U1636-53 bin 1247 accepted 96087-01-77-00 
4U1636-53 bin 1248 accepted 96087-01-78-00 
4U1636-53 bin 1249 accepted 96087-01-79-00 
4U1636-53 bin 1250 accepted 96087-01-80-00 
4U1636-53 bin 1251 accepted 96087-01-81-00 
4U1636-53 bin 1252 accepted 96087-01-82-00 
4U1636-53 bin 1253 accepted 96087-01-83-00 
4U1636-53 bin 1254 accepted 96087-01-84-00 
4U1636-53 bin 1255 accepted 96087-01-85-00 
4U1636-53 bin 1256 accepted 96087-01-86-00 
4U1636-53 bin 1257 accepted 96087-01-87-00 
4U1636-53 bin 1259 accepted 96087-01-92-00 
4U1636-53 bin 1258 accepted 96087-01-91-00G 
4U1636-53 bin 1260 accepted 96087-01-93-00 
4U1636-53 bin 1261 accepted 96087-01-94-00 
4U1636-53 bin 1262 accepted 96087-01-96-00 
4U1636-53 bin 1263 accepted 96087-01-97-00 
4U1636-53 bin 1264 accepted 96087-01-98-00 
4U1636-53 bin 1265 accepted 96087-01-01-10 
4U1636-53 bin 1266 accepted 96087-01-02-10 
4U1636-53 bin 1268 accepted 96087-01-04-10 
4U1636-53 bin 1267 accepted 96087-01-03-10 
4U1636-53 bin 1269 accepted 96087-01-05-10 
4U1636-53 bin 1275 accepted 96087-01-11-10 
4U1636-53 bin 1270 accepted 96087-01-06-10 
4U1636-53 bin 1271 accepted 96087-01-07-10 
4U1636-53 bin 1272 accepted 96087-01-08-10 
4U1636-53 bin 1273 accepted 96087-01-09-10 
4U1636-53 bin 1274 accepted 96087-01-10-10 
4U1636-53 bin 1276 accepted 96087-01-12-10 
4U1636-53 bin 1278 accepted 96087-01-14-10 
4U1636-53 bin 1277 accepted 96087-01-13-10 
4U1636-53 bin 1279 accepted 96087-01-16-10 
4U1636-53 bin 1281 accepted 96331-03-01-00 
4U1636-53 bin 1280 accepted 96087-01-17-10 
4U1636-53 bin 1282 accepted 96331-03-01-01 
4U1636-53 bin 1283 accepted 96087-01-21-10 
4U1636-53 bin 1284 accepted 96087-01-22-10 
4U1636-53 bin 1285 accepted 96087-01-24-10 
4U1636-53 bin 1286 accepted 96087-01-26-10 
4U1636-53 bin 1287 accepted 96087-01-27-10 
4U1636-53 bin 1288 accepted 96087-01-28-10 
4U1636-53 bin 1289 accepted 96087-01-32-10 
4U1636-53 bin 1290 accepted 96087-01-33-10 
4U1636-53 bin 1291 accepted 96087-01-34-10 
4U1636-53 bin 1292 accepted 96087-01-35-10 
4U1636-53 bin 1293 accepted 96087-01-36-10 
4U1636-53 bin 1294 accepted 96087-01-38-10 
4U1636-53 bin 1295 accepted 96087-01-41-10 
4U1636-53 bin 1296 accepted 96087-01-44-10 
4U1636-53 bin 1297 accepted 96087-01-45-10 
4U1636-53 bin 1298 accepted 96087-01-46-10 
4U1636-53 bin 1299 accepted 96087-01-47-10 
4U1636-53 bin 1300 accepted 96087-01-48-10 
4U1636-53 bin 1301 accepted 96087-01-50-10 
4U1636-53 bin 1302 accepted 96087-01-51-10 
4U1636-53 bin 1303 accepted 96087-01-52-10 
4U1636-53 bin 1304 accepted 96087-01-53-10 
4U1636-53 bin 1305 accepted 96087-01-54-10 
4U1636-53 bin 1306 accepted 96087-01-55-10 
4U1636-53 bin 1308 accepted 96087-01-59-10 
4U1636-53 bin 1307 accepted 96087-01-58-10 
4U1636-53 bin 1309 accepted 96087-01-60-10 
4U1636-53 bin 1310 accepted 96087-01-61-10 
4U1636-53 bin 1311 accepted 96087-01-62-10 
4U1636-53 bin 1312 accepted 96087-01-63-10 
4U1636-53 bin 1314 accepted 96087-01-65-10 
4U1636-53 bin 1313 accepted 96087-01-64-10 
4U1636-53 bin 1315 accepted 96087-01-66-10 
4U1636-53 bin 1316 accepted 96087-01-67-10 
4U1636-53 bin 1317 accepted 96087-01-68-10 
4U1636-53 bin 1318 accepted 96087-01-69-10 
4U1636-53 bin 1319 accepted 96087-01-71-10 
4U1636-53 bin 1320 accepted 96087-01-72-10 
4U1636-53 bin 1321 accepted 96087-01-73-10 
4U1636-53 bin 1322 accepted 96087-01-74-10 
4U1636-53 bin 1323 accepted 96087-01-75-10 
4U1636-53 bin 1325 accepted 96087-01-77-10 
4U1636-53 bin 1326 accepted 96087-01-78-10 
4U1636-53 bin 1327 accepted 96087-01-79-10 
4U1636-53 bin 1324 accepted 96087-01-76-10 
4U1636-53 bin 1328 accepted 96087-01-80-10 
4U1636-53 bin 1329 accepted 96087-01-81-10 
4U1636-53 bin 1330 accepted 96087-01-83-10 
4U1636-53 bin 1331 accepted 96087-01-84-10 
4U1702-429 bin 0 accepted 50030-01-01-00 
4U1702-429 bin 1 accepted 50030-01-01-01 
4U1702-429 bin 2 accepted 50030-01-01-02 
4U1702-429 bin 3 accepted 50030-01-01-03 
4U1702-429 bin 5 accepted 50030-01-01-05 
4U1702-429 bin 10 accepted 50029-27-01-000 
4U1702-429 bin 4 accepted 50030-01-01-04 
4U1702-429 bin 6 accepted 50030-01-01-06 
4U1702-429 bin 9 accepted 50029-27-01-01 
4U1702-429 bin 7 accepted 50030-01-02-000 
4U1702-429 bin 8 accepted 50030-01-02-00 
4U1702-429 bin 13 accepted 50030-01-03-02 
4U1702-429 bin 11 accepted 50029-27-01-00 
4U1702-429 bin 12 accepted 50030-01-03-00 
4U1702-429 bin 14 accepted 50030-01-03-01 
4U1702-429 bin 15 accepted 50025-01-01-01 
4U1702-429 bin 16 accepted 50025-01-01-02 
4U1702-429 bin 18 accepted 50025-01-01-03 
4U1702-429 bin 23 accepted 50030-01-04-00 
4U1702-429 bin 20 accepted 50025-01-01-05 
4U1702-429 bin 19 accepted 50025-01-01-04 
4U1702-429 bin 21 accepted 50025-01-01-07 
4U1702-429 bin 17 accepted 50025-01-01-00 
4U1702-429 bin 25 accepted 50030-01-05-00 
4U1702-429 bin 22 accepted 50030-01-04-000 
4U1702-429 bin 26 accepted 50030-01-06-01 
4U1702-429 bin 28 accepted 50030-01-07-01 
4U1702-429 bin 24 accepted 50030-01-05-000 
4U1702-429 bin 31 accepted 50030-01-08-01 
4U1702-429 bin 27 accepted 50030-01-06-00 
4U1702-429 bin 35 accepted 50030-01-09-03 
4U1702-429 bin 29 accepted 50030-01-07-00 
4U1702-429 bin 30 accepted 50030-01-08-00 
4U1702-429 bin 32 accepted 50030-01-09-01 
4U1702-429 bin 33 accepted 50030-01-09-00 
4U1702-429 bin 34 accepted 50030-01-09-02 
4U1702-429 bin 36 accepted 50030-01-09-04 
4U1702-429 bin 38 accepted 50030-01-10-00 
4U1702-429 bin 37 accepted 50030-01-09-05 
4U1702-429 bin 39 accepted 50030-01-10-01 
4U1702-429 bin 41 accepted 50030-01-10-03 
4U1702-429 bin 40 accepted 50030-01-10-02 
4U1702-429 bin 43 accepted 50030-01-11-01 
4U1702-429 bin 42 accepted 50030-01-11-00 
4U1702-429 bin 44 accepted 50030-01-12-00 
4U1702-429 bin 45 accepted 50030-01-13-00G 
4U1702-429 bin 46 accepted 50030-01-13-01 
4U1702-429 bin 48 accepted 50030-01-14-02 
4U1702-429 bin 47 accepted 50030-01-13-02 
4U1702-429 bin 54 accepted 80033-01-01-01 
4U1702-429 bin 50 accepted 50030-01-14-03 
4U1702-429 bin 56 accepted 80033-01-02-000 
4U1702-429 bin 51 accepted 50030-01-14-01 
4U1702-429 bin 49 accepted 50030-01-14-00 
4U1702-429 bin 53 accepted 80033-01-01-08 
4U1702-429 bin 52 accepted 80033-01-01-00 
4U1702-429 bin 58 accepted 80033-01-01-09 
4U1702-429 bin 57 accepted 80033-01-02-00 
4U1702-429 bin 55 accepted 80033-01-01-02 
4U1702-429 bin 59 accepted 80033-01-01-07 
4U1702-429 bin 61 accepted 80033-01-01-03 
4U1702-429 bin 63 accepted 80033-01-01-05 
4U1702-429 bin 62 accepted 80033-01-01-04 
4U1702-429 bin 64 accepted 80033-01-01-06 
4U1702-429 bin 66 accepted 80033-01-03-01 
4U1702-429 bin 70 accepted 80033-01-04-03 
4U1702-429 bin 65 accepted 80033-01-03-00 
4U1702-429 bin 60 accepted 80033-01-01-030 
4U1702-429 bin 68 accepted 80033-01-04-01 
4U1702-429 bin 69 accepted 80033-01-04-02 
4U1702-429 bin 71 accepted 80033-01-05-03 
4U1702-429 bin 73 accepted 80033-01-05-02 
4U1702-429 bin 72 accepted 80033-01-05-00 
4U1702-429 bin 67 accepted 80033-01-04-00 
4U1702-429 bin 76 accepted 80033-01-06-02 
4U1702-429 bin 75 accepted 80033-01-06-00 
4U1702-429 bin 77 accepted 80033-01-06-01 
4U1702-429 bin 74 accepted 80033-01-05-01 
4U1702-429 bin 78 accepted 80033-01-04-04 
4U1702-429 bin 79 accepted 80033-01-06-03 
4U1702-429 bin 81 accepted 80033-01-07-00 
4U1702-429 bin 83 accepted 80033-01-07-03 
4U1702-429 bin 84 accepted 80033-01-08-02 
4U1702-429 bin 82 accepted 80033-01-07-02 
4U1702-429 bin 80 accepted 80033-01-07-000 
4U1702-429 bin 90 accepted 80033-01-08-00G 
4U1702-429 bin 85 accepted 80033-01-12-01 
4U1702-429 bin 86 accepted 80033-01-09-02 
4U1702-429 bin 88 accepted 80033-01-09-03 
4U1702-429 bin 87 accepted 80033-01-11-05 
4U1702-429 bin 89 accepted 80033-01-09-04 
4U1702-429 bin 92 accepted 80033-01-08-03 
4U1702-429 bin 93 accepted 80033-01-09-01 
4U1702-429 bin 94 accepted 80033-01-08-05 
4U1702-429 bin 96 accepted 80033-01-10-05 
4U1702-429 bin 95 accepted 80033-01-09-05 
4U1702-429 bin 97 accepted 80033-01-08-01 
4U1702-429 bin 91 accepted 80033-01-09-00 
4U1702-429 bin 100 accepted 80033-01-10-03 
4U1702-429 bin 101 accepted 80033-01-12-05 
4U1702-429 bin 99 accepted 80033-01-10-00 
4U1702-429 bin 102 accepted 80033-01-12-04 
4U1702-429 bin 107 accepted 80033-01-10-04G 
4U1702-429 bin 103 accepted 80033-01-14-05 
4U1702-429 bin 106 accepted 80033-01-14-06 
4U1702-429 bin 98 accepted 80033-01-10-000 
4U1702-429 bin 104 accepted 80033-01-15-02 
4U1702-429 bin 112 accepted 80033-01-11-02 
4U1702-429 bin 109 accepted 80033-01-10-02 
4U1702-429 bin 108 accepted 80033-01-10-01 
4U1702-429 bin 105 accepted 80033-01-11-00 
4U1702-429 bin 110 accepted 80033-01-11-01 
4U1702-429 bin 111 accepted 80033-01-11-07 
4U1702-429 bin 113 accepted 80033-01-11-06 
4U1702-429 bin 114 accepted 80033-01-11-03 
4U1702-429 bin 116 accepted 80033-01-12-00 
4U1702-429 bin 117 accepted 80033-01-14-03 
4U1702-429 bin 118 accepted 80033-01-14-04 
4U1702-429 bin 120 accepted 80033-01-13-07 
4U1702-429 bin 115 accepted 80033-01-12-000 
4U1702-429 bin 119 accepted 80033-01-13-06 
4U1702-429 bin 121 accepted 80033-01-15-03 
4U1702-429 bin 124 accepted 80033-01-14-07 
4U1702-429 bin 128 accepted 80033-01-12-02 
4U1702-429 bin 125 accepted 80033-01-14-08 
4U1702-429 bin 126 accepted 80033-01-15-04 
4U1702-429 bin 123 accepted 80033-01-13-00 
4U1702-429 bin 127 accepted 80033-01-13-05 
4U1702-429 bin 122 accepted 80033-01-13-000 
4U1702-429 bin 129 accepted 80033-01-14-09 
4U1702-429 bin 131 accepted 80033-01-14-02 
4U1702-429 bin 133 accepted 80033-01-15-05 
4U1702-429 bin 132 accepted 80033-01-13-01 
4U1702-429 bin 134 accepted 80033-01-13-02 
4U1702-429 bin 136 accepted 80033-01-15-07 
4U1702-429 bin 135 accepted 80033-01-15-06 
4U1702-429 bin 137 accepted 80033-01-15-08 
4U1702-429 bin 130 accepted 80033-01-14-00 
4U1702-429 bin 143 accepted 80033-01-16-05 
4U1702-429 bin 139 accepted 80033-01-14-01 
4U1702-429 bin 138 accepted 80033-01-15-00 
4U1702-429 bin 141 accepted 80033-01-16-03 
4U1702-429 bin 142 accepted 80033-01-16-04 
4U1702-429 bin 140 accepted 80033-01-16-01 
4U1702-429 bin 144 accepted 80033-01-16-06 
4U1702-429 bin 145 accepted 80033-01-16-02 
4U1702-429 bin 148 accepted 80033-01-16-07 
4U1702-429 bin 149 accepted 80033-01-16-08 
4U1702-429 bin 150 accepted 80033-01-16-09 
4U1702-429 bin 147 accepted 80033-01-16-00 
4U1702-429 bin 151 accepted 80033-01-16-10 
4U1702-429 bin 152 accepted 80033-01-17-01 
4U1702-429 bin 157 accepted 80033-01-18-02 
4U1702-429 bin 146 accepted 80033-01-16-000 
4U1702-429 bin 154 accepted 80033-01-17-00 
4U1702-429 bin 155 accepted 80033-01-17-03 
4U1702-429 bin 156 accepted 80033-01-17-02 
4U1702-429 bin 158 accepted 80033-01-18-03 
4U1702-429 bin 153 accepted 80033-01-17-000 
4U1702-429 bin 161 accepted 80033-01-19-01 
4U1702-429 bin 159 accepted 80033-01-18-01 
4U1702-429 bin 162 accepted 80033-01-19-02 
4U1702-429 bin 167 accepted 80033-01-20-01 
4U1702-429 bin 160 accepted 80033-01-18-00 
4U1702-429 bin 163 accepted 80033-01-19-03 
4U1702-429 bin 166 accepted 80033-01-19-04 
4U1702-429 bin 165 accepted 80033-01-19-040 
4U1702-429 bin 164 accepted 80033-01-19-00 
4U1702-429 bin 169 accepted 80033-01-20-00 
4U1702-429 bin 168 accepted 80033-01-20-04 
4U1702-429 bin 175 accepted 80033-01-21-03 
4U1702-429 bin 170 accepted 80033-01-20-02 
4U1702-429 bin 171 accepted 80033-01-20-07 
4U1702-429 bin 174 accepted 80033-01-21-00 
4U1702-429 bin 173 accepted 80033-01-21-000 
4U1702-429 bin 172 accepted 80033-01-20-03 
4U1702-429 bin 178 accepted 91023-02-01-01 
4U1702-429 bin 177 accepted 91023-02-01-00 
4U1702-429 bin 179 accepted 91023-02-02-01 
4U1702-429 bin 176 accepted 80033-01-21-02 
4U1702-429 bin 180 accepted 91023-02-02-02 
4U1702-429 bin 181 accepted 91023-02-02-00 
4U1702-429 bin 182 accepted 91023-02-03-00 
4U1702-429 bin 183 accepted 91023-02-03-01 
4U1702-429 bin 184 accepted 91023-02-04-00 
4U1702-429 bin 186 accepted 91023-02-04-02 
4U1702-429 bin 185 accepted 91023-02-04-01 
4U1702-429 bin 188 accepted 91023-02-05-00 
4U1702-429 bin 187 accepted 91023-02-04-03 
4U1702-429 bin 194 accepted 94415-01-01-00 
4U1702-429 bin 189 accepted 91023-02-06-00 
4U1702-429 bin 191 accepted 91023-02-07-00 
4U1702-429 bin 192 accepted 91023-02-08-00 
4U1702-429 bin 190 accepted 91023-02-06-01 
4U1702-429 bin 193 accepted 91023-02-09-00 
4U1702-429 bin 195 accepted 94415-01-01-01 
4U1702-429 bin 196 accepted 94415-01-02-00 
4U1702-429 bin 197 accepted 94415-01-02-01 
4U1702-429 bin 200 accepted 95338-04-01-01 
4U1702-429 bin 199 accepted 95338-04-01-00 
4U1705-44 bin 1 accepted 70038-01-01-01 
4U1705-44 bin 0 accepted 70038-01-01-00 
4U1702-429 bin 198 accepted 95338-04-01-000 
4U1705-44 bin 2 accepted 70038-03-01-02 
4U1705-44 bin 3 accepted 70038-03-01-00 
4U1705-44 bin 6 accepted 70038-04-01-02 
4U1705-44 bin 4 accepted 70038-03-01-01 
4U1705-44 bin 9 accepted 70038-04-01-03 
4U1705-44 bin 5 accepted 70038-03-02-00 
4U1705-44 bin 8 accepted 70038-04-01-01 
4U1705-44 bin 7 accepted 70038-04-01-00 
4U1705-44 bin 10 accepted 70038-04-01-04 
4U1705-44 bin 11 accepted 91039-01-01-00 
4U1705-44 bin 12 accepted 91039-01-01-10 
4U1705-44 bin 13 accepted 91039-01-01-11 
4U1705-44 bin 15 accepted 91039-01-01-20 
4U1705-44 bin 14 accepted 91039-01-01-12 
4U1705-44 bin 16 accepted 91039-01-01-21 
4U1705-44 bin 17 accepted 91039-01-01-22 
4U1705-44 bin 18 accepted 91039-01-01-30 
4U1705-44 bin 19 accepted 91039-01-01-31 
4U1705-44 bin 25 accepted 91039-01-01-61 
4U1705-44 bin 20 accepted 91039-01-01-40 
4U1705-44 bin 21 accepted 91039-01-01-43 
4U1705-44 bin 22 accepted 91039-01-01-51 
4U1705-44 bin 23 accepted 91039-01-01-52 
4U1705-44 bin 24 accepted 91039-01-01-60 
4U1705-44 bin 26 accepted 91039-01-01-63 
4U1705-44 bin 27 accepted 91039-01-02-00 
4U1705-44 bin 28 accepted 91039-01-02-01 
4U1705-44 bin 29 accepted 91039-01-02-02 
4U1705-44 bin 30 accepted 91039-01-02-10 
4U1705-44 bin 31 accepted 91039-01-02-11 
4U1705-44 bin 33 accepted 91039-01-02-13 
4U1705-44 bin 32 accepted 91039-01-02-12 
4U1705-44 bin 34 accepted 91039-01-02-30 
4U1705-44 bin 35 accepted 91039-01-02-31 
4U1705-44 bin 36 accepted 91039-01-02-32 
4U1705-44 bin 37 accepted 91039-01-02-40 
4U1705-44 bin 39 accepted 91039-01-02-42 
4U1705-44 bin 44 accepted 90170-01-01-00 
4U1705-44 bin 38 accepted 91039-01-02-41 
4U1705-44 bin 40 accepted 91039-01-02-50 
4U1705-44 bin 41 accepted 91039-01-02-51 
4U1705-44 bin 42 accepted 90170-01-01-02 
4U1705-44 bin 45 accepted 90170-01-01-01 
4U1705-44 bin 46 accepted 91039-01-02-53 
4U1705-44 bin 48 accepted 91039-01-02-61 
4U1705-44 bin 47 accepted 91039-01-02-60 
4U1705-44 bin 49 accepted 91039-01-03-10 
4U1705-44 bin 50 accepted 91039-01-03-00 
4U1705-44 bin 51 accepted 91039-01-03-01 
4U1705-44 bin 54 accepted 91039-01-03-20 
4U1705-44 bin 43 accepted 90170-01-01-000 
4U1705-44 bin 53 accepted 91039-01-03-03 
4U1705-44 bin 52 accepted 91039-01-03-02 
4U1705-44 bin 55 accepted 91039-01-03-21 
4U1705-44 bin 57 accepted 91039-01-03-30 
4U1705-44 bin 60 accepted 91039-01-03-40 
4U1705-44 bin 58 accepted 91039-01-03-32 
4U1705-44 bin 59 accepted 91039-01-03-33 
4U1705-44 bin 56 accepted 91039-01-03-22 
4U1705-44 bin 61 accepted 91039-01-03-41 
4U1705-44 bin 63 accepted 91039-01-03-50 
4U1705-44 bin 68 accepted 93060-01-05-00 
4U1705-44 bin 62 accepted 91039-01-03-42 
4U1705-44 bin 64 accepted 91039-01-03-51 
4U1705-44 bin 65 accepted 93060-01-02-00 
4U1705-44 bin 67 accepted 93060-01-04-00 
4U1705-44 bin 66 accepted 93060-01-03-00 
4U1705-44 bin 69 accepted 93060-01-06-00 
4U1705-44 bin 71 accepted 93060-01-08-00 
4U1705-44 bin 70 accepted 93060-01-07-00 
4U1705-44 bin 72 accepted 93060-01-09-00 
4U1705-44 bin 74 accepted 93060-01-11-00 
4U1705-44 bin 73 accepted 93060-01-10-00 
4U1705-44 bin 76 accepted 93060-01-13-00 
4U1705-44 bin 77 accepted 93060-01-14-00 
4U1705-44 bin 78 accepted 93060-01-15-00 
4U1705-44 bin 75 accepted 93060-01-12-00 
4U1705-44 bin 79 accepted 93060-01-16-00 
4U1705-44 bin 80 accepted 93060-01-17-00 
4U1705-44 bin 83 accepted 93060-01-19-01 
4U1705-44 bin 82 accepted 93060-01-19-00 
4U1705-44 bin 81 accepted 93060-01-18-00 
4U1705-44 bin 86 accepted 93060-01-21-00 
4U1705-44 bin 84 accepted 93060-01-19-02 
4U1705-44 bin 85 accepted 93060-01-20-00 
4U1705-44 bin 87 accepted 93060-01-22-00 
4U1705-44 bin 88 accepted 93060-01-23-00 
4U1705-44 bin 89 accepted 93060-01-24-00 
4U1705-44 bin 91 accepted 93060-01-26-00 
4U1705-44 bin 90 accepted 93060-01-25-00 
4U1705-44 bin 92 accepted 93060-01-27-00 
4U1705-44 bin 93 accepted 93060-01-28-00 
4U1705-44 bin 94 accepted 93060-01-29-00 
4U1705-44 bin 95 accepted 93060-01-30-00 
4U1705-44 bin 96 accepted 93060-01-31-00 
4U1705-44 bin 97 accepted 93060-01-32-00 
4U1705-44 bin 98 accepted 93060-01-33-00 
4U1705-44 bin 99 accepted 93060-01-34-00 
4U1705-44 bin 105 accepted 93060-01-50-00 
4U1705-44 bin 100 accepted 93060-01-35-00 
4U1705-44 bin 101 accepted 93060-01-36-00 
4U1705-44 bin 102 accepted 93060-01-37-00 
4U1705-44 bin 104 accepted 93060-01-01-00 
4U1705-44 bin 103 accepted 93060-01-38-00 
4U1705-44 bin 106 accepted 93060-01-51-00 
4U1705-44 bin 107 accepted 93060-01-52-00 
4U1705-44 bin 108 accepted 93060-01-52-01 
4U1705-44 bin 110 accepted 93060-01-54-00 
4U1705-44 bin 109 accepted 93060-01-53-00 
4U1705-44 bin 111 accepted 93060-01-55-00 
4U1705-44 bin 113 accepted 93060-01-57-00 
4U1705-44 bin 112 accepted 93060-01-56-00 
4U1705-44 bin 114 accepted 93060-01-58-00 
4U1705-44 bin 115 accepted 93060-01-59-00 
4U1705-44 bin 116 accepted 93060-01-60-00 
4U1705-44 bin 117 accepted 93060-01-61-00 
4U1705-44 bin 118 accepted 93060-01-62-00 
4U1705-44 bin 119 accepted 93060-01-63-00 
4U1705-44 bin 120 accepted 93060-01-64-00 
4U1705-44 bin 121 accepted 93060-01-65-00 
4U1705-44 bin 122 accepted 93060-01-66-00 
4U1705-44 bin 123 accepted 93060-01-67-00 
4U1705-44 bin 124 accepted 93060-01-68-00 
4U1705-44 bin 125 accepted 93060-01-69-00 
4U1705-44 bin 126 accepted 93060-01-70-00 
4U1705-44 bin 128 accepted 93060-01-72-00 
4U1705-44 bin 133 accepted 93060-01-77-00 
4U1705-44 bin 127 accepted 93060-01-71-00 
4U1705-44 bin 129 accepted 93060-01-73-00 
4U1705-44 bin 130 accepted 93060-01-74-00 
4U1705-44 bin 131 accepted 93060-01-75-00 
4U1705-44 bin 132 accepted 93060-01-76-00 
4U1705-44 bin 134 accepted 93060-01-78-00 
4U1705-44 bin 135 accepted 93060-01-79-00 
4U1705-44 bin 136 accepted 93060-01-80-00 
4U1705-44 bin 137 accepted 93060-01-81-00 
4U1705-44 bin 138 accepted 93060-01-82-00 
4U1705-44 bin 139 accepted 93060-01-83-00 
4U1705-44 bin 140 accepted 93060-01-84-00 
4U1705-44 bin 141 accepted 93060-01-85-00 
4U1705-44 bin 142 accepted 93060-01-86-00 
4U1705-44 bin 143 accepted 93060-01-87-00 
4U1705-44 bin 149 accepted 93060-01-93-00 
4U1705-44 bin 144 accepted 93060-01-88-00 
4U1705-44 bin 145 accepted 93060-01-89-00 
4U1705-44 bin 146 accepted 93060-01-90-00 
4U1705-44 bin 147 accepted 93060-01-91-00 
4U1705-44 bin 148 accepted 93060-01-92-00 
4U1705-44 bin 150 accepted 93060-01-94-00 
4U1705-44 bin 151 accepted 93060-01-95-00 
4U1705-44 bin 152 accepted 93060-01-96-00 
4U1705-44 bin 153 accepted 93060-01-97-00 
4U1705-44 bin 154 accepted 93060-01-98-00 
4U1705-44 bin 155 accepted 93060-01-01-10 
4U1705-44 bin 156 accepted 93060-01-02-10 
4U1705-44 bin 157 accepted 93060-01-03-10 
4U1705-44 bin 158 accepted 93060-01-04-10 
4U1705-44 bin 160 accepted 93060-01-06-10 
4U1705-44 bin 159 accepted 93060-01-05-10 
4U1705-44 bin 161 accepted 93060-01-07-10 
4U1705-44 bin 162 accepted 93060-01-08-10 
4U1705-44 bin 164 accepted 93060-01-10-10 
4U1705-44 bin 163 accepted 93060-01-09-10 
4U1705-44 bin 165 accepted 93060-01-11-10 
4U1705-44 bin 167 accepted 93060-01-13-10 
4U1705-44 bin 168 accepted 93060-01-14-10 
4U1705-44 bin 166 accepted 93060-01-12-10 
4U1705-44 bin 169 accepted 93060-01-15-10 
4U1705-44 bin 170 accepted 93060-01-16-10 
4U1705-44 bin 172 accepted 93060-01-18-10 
4U1705-44 bin 171 accepted 93060-01-17-10 
4U1705-44 bin 173 accepted 93060-01-19-10 
4U1705-44 bin 174 accepted 93060-01-21-10 
4U1705-44 bin 175 accepted 93060-01-22-10 
4U1705-44 bin 177 accepted 93060-01-24-10 
4U1705-44 bin 176 accepted 93060-01-23-10 
4U1705-44 bin 178 accepted 93060-01-25-10 
4U1705-44 bin 180 accepted 93060-01-27-10 
4U1705-44 bin 179 accepted 93060-01-26-10 
4U1705-44 bin 181 accepted 93060-01-28-10 
4U1705-44 bin 182 accepted 93060-01-39-00 
4U1705-44 bin 188 accepted 93060-01-45-00 
4U1705-44 bin 184 accepted 93060-01-41-00 
4U1705-44 bin 185 accepted 93060-01-42-00 
4U1705-44 bin 183 accepted 93060-01-40-00 
4U1705-44 bin 186 accepted 93060-01-43-00 
4U1705-44 bin 187 accepted 93060-01-44-00 
4U1705-44 bin 190 accepted 93060-01-47-00 
4U1705-44 bin 189 accepted 93060-01-46-00 
4U1705-44 bin 191 accepted 93060-01-48-00 
4U1705-44 bin 192 accepted 93060-01-49-00 
4U1705-44 bin 193 accepted 94060-01-01-00 
4U1705-44 bin 194 accepted 94060-01-02-00 
4U1705-44 bin 195 accepted 94060-01-03-00 
4U1705-44 bin 196 accepted 94060-01-04-00 
4U1705-44 bin 197 accepted 94060-01-05-00 
4U1705-44 bin 198 accepted 94060-01-06-00 
4U1705-44 bin 199 accepted 94060-01-07-00 
4U1705-44 bin 200 accepted 94060-01-08-00 
4U1705-44 bin 201 accepted 94060-01-09-00 
4U1705-44 bin 202 accepted 94060-01-10-00 
4U1705-44 bin 203 accepted 94060-01-11-00 
4U1705-44 bin 204 accepted 94060-01-12-00 
4U1705-44 bin 205 accepted 94060-01-13-00 
4U1705-44 bin 206 accepted 94060-01-14-00 
4U1705-44 bin 208 accepted 94060-01-16-00 
4U1705-44 bin 207 accepted 94060-01-15-00 
4U1705-44 bin 209 accepted 94060-01-17-00 
4U1705-44 bin 215 accepted 94060-01-23-00 
4U1705-44 bin 210 accepted 94060-01-18-00 
4U1705-44 bin 211 accepted 94060-01-19-00 
4U1705-44 bin 212 accepted 94060-01-20-00 
4U1705-44 bin 213 accepted 94060-01-21-00 
4U1705-44 bin 214 accepted 94060-01-22-00 
4U1705-44 bin 216 accepted 94060-01-24-00 
4U1705-44 bin 217 accepted 94060-01-25-00 
4U1705-44 bin 218 accepted 94060-01-26-00 
4U1705-44 bin 219 accepted 94060-01-27-00 
4U1705-44 bin 220 accepted 94060-01-28-00G 
4U1705-44 bin 222 accepted 94060-01-31-00 
4U1705-44 bin 223 accepted 94060-01-32-00 
4U1705-44 bin 221 accepted 94060-01-30-00 
4U1705-44 bin 224 accepted 94060-01-33-00 
4U1705-44 bin 225 accepted 94060-01-34-00 
4U1705-44 bin 227 accepted 94060-01-36-00 
4U1705-44 bin 226 accepted 94060-01-35-00 
4U1705-44 bin 228 accepted 94060-01-37-00 
4U1705-44 bin 229 accepted 94060-01-39-00 
4U1705-44 bin 235 accepted 94060-01-46-00 
4U1705-44 bin 230 accepted 94060-01-40-00 
4U1705-44 bin 231 accepted 94060-01-41-00 
4U1705-44 bin 232 accepted 94060-01-42-00 
4U1705-44 bin 233 accepted 94060-01-44-00 
4U1705-44 bin 234 accepted 94060-01-45-00 
4U1705-44 bin 236 accepted 94060-01-47-00 
4U1705-44 bin 237 accepted 94060-01-48-00 
4U1705-44 bin 238 accepted 94060-01-49-00 
4U1705-44 bin 244 accepted 94060-01-55-00 
4U1705-44 bin 241 accepted 94060-01-52-00 
4U1705-44 bin 242 accepted 94060-01-53-00 
4U1705-44 bin 240 accepted 94060-01-51-00 
4U1705-44 bin 239 accepted 94060-01-50-00 
4U1705-44 bin 245 accepted 94060-01-55-01 
4U1705-44 bin 243 accepted 94060-01-54-00 
4U1705-44 bin 247 accepted 94060-01-58-00 
4U1705-44 bin 248 accepted 94060-01-61-00 
4U1705-44 bin 246 accepted 94060-01-56-00 
4U1705-44 bin 249 accepted 94060-01-62-00 
4U1705-44 bin 250 accepted 94060-01-64-00 
4U1705-44 bin 251 accepted 94060-01-66-00 
4U1705-44 bin 252 accepted 94060-01-65-00 
4U1705-44 bin 253 accepted 94060-01-68-00 
4U1705-44 bin 254 accepted 94060-01-69-00 
4U1705-44 bin 255 accepted 94060-01-70-00 
4U1705-44 bin 256 accepted 94060-01-72-00 
4U1705-44 bin 257 accepted 94060-01-73-00 
4U1705-44 bin 258 accepted 95060-01-02-00 
4U1705-44 bin 259 accepted 95060-01-03-00 
4U1705-44 bin 260 accepted 95060-01-04-00 
4U1705-44 bin 261 accepted 95060-01-05-00 
4U1705-44 bin 262 accepted 95060-01-07-00 
4U1705-44 bin 263 accepted 95060-01-08-00 
4U1705-44 bin 265 accepted 95060-01-10-00 
4U1705-44 bin 264 accepted 95060-01-09-00 
4U1705-44 bin 266 accepted 95060-01-11-00 
4U1705-44 bin 267 accepted 95060-01-12-00 
4U1705-44 bin 268 accepted 95060-01-14-00 
4U1705-44 bin 269 accepted 95060-01-15-00 
4U1705-44 bin 271 accepted 95060-01-18-00 
4U1705-44 bin 270 accepted 95060-01-16-00 
4U1705-44 bin 272 accepted 95060-01-21-00 
4U1705-44 bin 273 accepted 95060-01-22-00 
4U1705-44 bin 275 accepted 95060-01-23-01 
4U1705-44 bin 274 accepted 95060-01-23-00 
4U1705-44 bin 276 accepted 95060-01-24-00 
4U1705-44 bin 278 accepted 95060-01-26-00 
4U1705-44 bin 277 accepted 95060-01-25-00 
4U1705-44 bin 279 accepted 95060-01-29-00 
4U1705-44 bin 285 accepted 95060-01-35-00 
4U1705-44 bin 280 accepted 95060-01-30-00 
4U1705-44 bin 281 accepted 95060-01-31-00 
4U1705-44 bin 284 accepted 95060-01-34-00 
4U1705-44 bin 283 accepted 95060-01-33-00 
4U1705-44 bin 282 accepted 95060-01-32-00 
4U1705-44 bin 288 accepted 95060-01-38-00 
4U1705-44 bin 286 accepted 95060-01-36-00 
4U1705-44 bin 287 accepted 95060-01-37-00 
4U1705-44 bin 289 accepted 95060-01-39-00 
4U1705-44 bin 291 accepted 95060-01-41-00 
4U1705-44 bin 290 accepted 95060-01-40-00 
4U1705-44 bin 293 accepted 95060-01-43-00 
4U1705-44 bin 292 accepted 95060-01-42-00 
4U1705-44 bin 294 accepted 95060-01-44-00 
4U1705-44 bin 295 accepted 95060-01-45-00 
4U1705-44 bin 296 accepted 95060-01-46-00 
4U1705-44 bin 297 accepted 95060-01-47-00 
4U1705-44 bin 298 accepted 95060-01-48-00 
4U1705-44 bin 300 accepted 95060-01-50-00 
4U1705-44 bin 299 accepted 95060-01-49-00 
4U1705-44 bin 301 accepted 95060-01-51-00 
4U1705-44 bin 302 accepted 95060-01-52-00 
4U1705-44 bin 303 accepted 95060-01-53-00 
4U1705-44 bin 304 accepted 95060-01-54-00 
4U1705-44 bin 305 accepted 95060-01-55-00 
4U1705-44 bin 306 accepted 95060-01-56-00 
4U1705-44 bin 307 accepted 95060-01-57-00 
4U1705-44 bin 308 accepted 95060-01-58-00 
4U1705-44 bin 309 accepted 95060-01-59-00 
4U1705-44 bin 310 accepted 95060-01-60-00 
4U1705-44 bin 316 accepted 95060-01-66-00 
4U1705-44 bin 312 accepted 95060-01-62-00 
4U1705-44 bin 311 accepted 95060-01-61-00 
4U1705-44 bin 314 accepted 95060-01-64-00 
4U1705-44 bin 313 accepted 95060-01-63-00 
4U1705-44 bin 315 accepted 95060-01-65-00 
4U1705-44 bin 317 accepted 95060-01-67-00 
4U1705-44 bin 319 accepted 95060-01-71-00 
4U1705-44 bin 318 accepted 95060-01-68-00 
4U1705-44 bin 321 accepted 95060-01-73-00 
4U1705-44 bin 326 accepted 95060-01-78-00 
4U1705-44 bin 320 accepted 95060-01-72-00 
4U1705-44 bin 322 accepted 95060-01-74-00 
4U1705-44 bin 323 accepted 95060-01-75-00 
4U1705-44 bin 324 accepted 95060-01-76-00 
4U1705-44 bin 325 accepted 95060-01-77-00 
4U1705-44 bin 327 accepted 95060-01-79-00 
4U1705-44 bin 328 accepted 95060-01-80-00 
4U1705-44 bin 329 accepted 95060-01-81-00 
4U1705-44 bin 330 accepted 96060-01-01-00 
4U1705-44 bin 331 accepted 96060-01-02-00 
4U1705-44 bin 332 accepted 96060-01-03-00 
4U1705-44 bin 333 accepted 96060-01-04-00 
4U1705-44 bin 334 accepted 96060-01-05-00 
4U1705-44 bin 335 accepted 96060-01-06-00 
4U1705-44 bin 336 accepted 96060-01-07-00 
4U1705-44 bin 337 accepted 96060-01-08-00 
4U1705-44 bin 338 accepted 96060-01-09-00 
4U1705-44 bin 340 accepted 96060-01-11-00 
4U1705-44 bin 339 accepted 96060-01-10-00 
4U1705-44 bin 341 accepted 96060-01-12-00 
4U1705-44 bin 343 accepted 96060-01-14-00 
4U1705-44 bin 342 accepted 96060-01-13-00 
4U1705-44 bin 345 accepted 96060-01-16-00 
4U1705-44 bin 346 accepted 96060-01-17-00 
4U1705-44 bin 344 accepted 96060-01-15-00 
4U1705-44 bin 347 accepted 96060-01-18-00 
4U1705-44 bin 348 accepted 96060-01-20-00 
4U1705-44 bin 349 accepted 96060-01-21-00 
4U1705-44 bin 352 accepted 96060-01-24-00 
4U1705-44 bin 351 accepted 96060-01-23-00 
4U1705-44 bin 350 accepted 96060-01-22-00 
4U1705-44 bin 353 accepted 96060-01-25-00 
4U1705-44 bin 354 accepted 96060-01-26-00 
4U1705-44 bin 355 accepted 96060-01-27-00 
4U1705-44 bin 357 accepted 96060-01-29-00 
4U1705-44 bin 356 accepted 96060-01-28-00 
4U1705-44 bin 358 accepted 96060-01-29-01 
4U1705-44 bin 360 accepted 96060-01-31-00 
4U1705-44 bin 359 accepted 96060-01-30-00 
4U1705-44 bin 361 accepted 96060-01-32-00 
4U1705-44 bin 362 accepted 96060-01-34-00 
4U1705-44 bin 368 accepted 96060-01-40-00 
4U1705-44 bin 363 accepted 96060-01-35-00 
4U1705-44 bin 364 accepted 96060-01-36-00 
4U1705-44 bin 365 accepted 96060-01-37-00 
4U1705-44 bin 367 accepted 96060-01-39-00 
4U1705-44 bin 366 accepted 96060-01-38-00 
4U1705-44 bin 369 accepted 96060-01-41-00 
4U1705-44 bin 371 accepted 96060-01-44-00 
4U1705-44 bin 370 accepted 96060-01-43-00 
4U1705-44 bin 372 accepted 96060-01-45-00 
4U1705-44 bin 373 accepted 96060-01-46-00 
4U1705-44 bin 374 accepted 96060-01-48-00 
4U1705-44 bin 375 accepted 96060-01-49-00 
4U1705-44 bin 377 accepted 96060-01-51-00 
4U1705-44 bin 376 accepted 96060-01-50-00 
4U1705-44 bin 378 accepted 96060-01-52-00 
4U1705-44 bin 380 accepted 96060-01-54-00 
4U1705-44 bin 379 accepted 96060-01-53-00 
4U1705-44 bin 381 accepted 96060-01-55-00 
4U1705-44 bin 382 accepted 96060-01-56-00 
4U1705-44 bin 383 accepted 96060-01-57-00 
4U1705-44 bin 384 accepted 96060-01-58-00 
4U1705-44 bin 385 accepted 96060-01-59-00 
4U1705-44 bin 386 accepted 96060-01-60-00 
4U1705-44 bin 387 accepted 96060-01-62-00 
4U1705-44 bin 389 accepted 96060-01-65-00 
4U1705-44 bin 394 accepted 96060-01-73-00 
4U1705-44 bin 388 accepted 96060-01-63-00 
4U1705-44 bin 390 accepted 96060-01-66-00 
4U1705-44 bin 391 accepted 96060-01-67-00 
4U1705-44 bin 392 accepted 96060-01-68-00 
4U1705-44 bin 393 accepted 96060-01-72-00 
4U1705-44 bin 395 accepted 96060-01-42-00 
4U1705-44 bin 396 accepted 96060-01-74-00 
4U1724-307 bin 0 accepted 60034-02-01-01 
4U1705-44 bin 397 accepted 96060-01-64-00 
4U1705-44 bin 398 accepted 96060-01-70-00 
4U1705-44 bin 399 accepted 96060-01-76-00 
4U1705-44 bin 400 accepted 96060-01-77-00 
4U1705-44 bin 401 accepted 96060-01-78-00 
4U1724-307 bin 1 accepted 60034-02-01-00 
4U1724-307 bin 2 accepted 50060-05-01-10 
4U1724-307 bin 3 accepted 50060-05-01-04 
4U1724-307 bin 4 accepted 50060-05-01-00 
4U1724-307 bin 5 accepted 50060-05-01-01 
4U1724-307 bin 11 accepted 50060-05-01-07 
4U1724-307 bin 12 accepted 50060-05-01-05 
4U1724-307 bin 6 accepted 50060-05-01-02 
4U1724-307 bin 7 accepted 50060-05-01-06 
4U1724-307 bin 9 accepted 50060-05-01-08G 
4U1724-307 bin 10 accepted 50060-05-01-09 
4U1724-307 bin 17 accepted 60034-02-02-02 
4U1724-307 bin 8 accepted 50060-05-01-03 
4U1724-307 bin 14 accepted 50060-05-01-11 
4U1724-307 bin 13 accepted 50060-05-01-12 
4U1724-307 bin 15 accepted 60034-02-02-08 
4U1724-307 bin 16 accepted 60034-02-02-01 
4U1724-307 bin 18 accepted 60034-02-02-06 
4U1724-307 bin 24 accepted 60034-02-03-10 
4U1724-307 bin 21 accepted 60034-02-02-03 
4U1724-307 bin 19 accepted 60034-02-02-04 
4U1724-307 bin 22 accepted 60034-02-02-07 
4U1724-307 bin 20 accepted 60034-02-02-00 
4U1724-307 bin 23 accepted 60034-02-03-00 
4U1724-307 bin 26 accepted 60034-02-03-09 
4U1724-307 bin 25 accepted 60034-02-03-08 
4U1724-307 bin 31 accepted 60034-02-05-01 
4U1724-307 bin 27 accepted 60034-02-03-02 
4U1724-307 bin 34 accepted 80105-10-01-00 
4U1724-307 bin 29 accepted 60034-02-03-03 
4U1724-307 bin 28 accepted 60034-02-04-00 
4U1724-307 bin 30 accepted 60034-02-05-00 
4U1724-307 bin 38 accepted 80138-06-03-00 
4U1724-307 bin 35 accepted 80138-06-01-00 
4U1724-307 bin 33 accepted 60034-02-06-00 
4U1724-307 bin 36 accepted 80138-06-02-00 
4U1724-307 bin 37 accepted 80138-06-02-01 
4U1724-307 bin 39 accepted 80138-06-04-00 
4U1724-307 bin 44 accepted 90058-06-03-00 
4U1724-307 bin 32 accepted 60034-02-05-03 
4U1724-307 bin 40 accepted 80138-06-05-00 
4U1724-307 bin 41 accepted 80138-06-06-00 
4U1724-307 bin 48 accepted 91050-07-01-00 
4U1724-307 bin 42 accepted 90058-06-01-00 
4U1724-307 bin 43 accepted 90058-06-02-00 
4U1724-307 bin 46 accepted 90058-06-05-00 
4U1724-307 bin 45 accepted 90058-06-04-00 
4U1724-307 bin 53 accepted 93044-06-04-00 
4U1724-307 bin 47 accepted 90058-06-06-00 
4U1724-307 bin 49 accepted 92052-05-01-00 
4U1724-307 bin 50 accepted 93044-06-01-00 
4U1724-307 bin 57 accepted 93044-06-07-00 
4U1724-307 bin 51 accepted 93044-06-02-00 
4U1724-307 bin 52 accepted 93044-06-03-00 
4U1724-307 bin 55 accepted 93044-06-06-00 
4U1724-307 bin 54 accepted 93044-06-05-00 
4U1724-307 bin 56 accepted 93044-06-07-01 
4U1724-307 bin 58 accepted 93044-06-08-00 
4U1724-307 bin 64 accepted 93438-01-02-03 
4U1724-307 bin 59 accepted 93044-06-08-01 
4U1724-307 bin 60 accepted 93438-01-01-00 
4U1724-307 bin 61 accepted 93438-01-02-00 
4U1724-307 bin 62 accepted 93438-01-02-04 
4U1724-307 bin 69 accepted 93438-01-04-00 
4U1724-307 bin 63 accepted 93438-01-02-01 
4U1724-307 bin 65 accepted 93438-01-02-02 
4U1724-307 bin 67 accepted 93438-01-03-01 
4U1724-307 bin 66 accepted 93438-01-03-00 
4U1724-307 bin 70 accepted 93438-01-04-02 
4U1724-307 bin 68 accepted 93438-01-04-01 
4U1724-307 bin 76 accepted 93438-01-07-01 
4U1724-307 bin 71 accepted 93438-01-05-00 
4U1724-307 bin 72 accepted 93438-01-05-01 
4U1724-307 bin 75 accepted 93438-01-07-00 
4U1724-307 bin 73 accepted 93438-01-06-00 
4U1728-34 bin 0 accepted 50023-01-16-00 
4U1724-307 bin 74 accepted 93438-01-06-01 
4U1728-34 bin 1 accepted 50023-01-17-00 
4U1728-34 bin 2 accepted 50023-01-18-00 
4U1728-34 bin 7 accepted 50023-01-23-00 
4U1728-34 bin 5 accepted 50023-01-21-00 
4U1728-34 bin 3 accepted 50023-01-19-00 
4U1728-34 bin 4 accepted 50023-01-20-00 
4U1728-34 bin 6 accepted 50023-01-22-00 
4U1728-34 bin 13 accepted 50023-01-29-00 
4U1728-34 bin 8 accepted 50023-01-24-00 
4U1728-34 bin 10 accepted 50023-01-26-00 
4U1728-34 bin 9 accepted 50023-01-25-00 
4U1728-34 bin 11 accepted 50023-01-27-00 
4U1728-34 bin 12 accepted 50023-01-28-00 
4U1728-34 bin 14 accepted 50023-01-30-00 
4U1728-34 bin 15 accepted 50023-01-31-00 
4U1728-34 bin 18 accepted 50030-03-01-00 
4U1728-34 bin 16 accepted 50023-01-32-00 
4U1728-34 bin 20 accepted 50030-03-02-00 
4U1728-34 bin 17 accepted 50030-03-01-000 
4U1728-34 bin 23 accepted 50030-03-03-02 
4U1728-34 bin 22 accepted 50030-03-03-01 
4U1728-34 bin 19 accepted 50030-03-02-000 
4U1728-34 bin 21 accepted 50030-03-03-00 
4U1728-34 bin 29 accepted 50030-03-05-03 
4U1728-34 bin 24 accepted 50030-03-04-00 
4U1728-34 bin 26 accepted 50030-03-04-02 
4U1728-34 bin 27 accepted 50030-03-04-03 
4U1728-34 bin 30 accepted 50030-03-05-01 
4U1728-34 bin 28 accepted 50030-03-05-00 
4U1728-34 bin 25 accepted 50030-03-04-01 
4U1728-34 bin 35 accepted 50030-03-06-00 
4U1728-34 bin 33 accepted 60029-02-02-00 
4U1728-34 bin 32 accepted 60029-02-01-00 
4U1728-34 bin 36 accepted 50030-03-06-01 
4U1728-34 bin 34 accepted 50030-03-06-03 
4U1728-34 bin 31 accepted 50030-03-05-02 
4U1728-34 bin 39 accepted 50030-03-08-02 
4U1728-34 bin 37 accepted 50030-03-06-02 
4U1728-34 bin 40 accepted 50030-03-08-01 
4U1728-34 bin 41 accepted 50030-03-08-03 
4U1728-34 bin 38 accepted 50030-03-07-00G 
4U1728-34 bin 42 accepted 50030-03-08-00 
4U1728-34 bin 43 accepted 50030-03-09-01 
4U1728-34 bin 45 accepted 50030-03-10-03 
4U1728-34 bin 46 accepted 50030-03-10-02 
4U1728-34 bin 44 accepted 50030-03-09-00 
4U1728-34 bin 48 accepted 50030-03-10-04 
4U1728-34 bin 50 accepted 70028-01-01-01 
4U1728-34 bin 47 accepted 50030-03-10-00 
4U1728-34 bin 55 accepted 70028-01-01-08 
4U1728-34 bin 49 accepted 50030-03-10-01 
4U1728-34 bin 52 accepted 70028-01-01-07 
4U1728-34 bin 51 accepted 70028-01-01-070 
4U1728-34 bin 53 accepted 70028-01-01-04 
4U1728-34 bin 54 accepted 70028-01-01-06 
4U1728-34 bin 61 accepted 70028-01-01-05 
4U1728-34 bin 56 accepted 70028-01-01-02 
4U1728-34 bin 58 accepted 70028-01-01-09 
4U1728-34 bin 57 accepted 70028-01-01-03 
4U1728-34 bin 63 accepted 70028-01-01-11 
4U1728-34 bin 64 accepted 70028-01-01-12 
4U1728-34 bin 62 accepted 70028-01-01-10 
4U1728-34 bin 65 accepted 70028-01-01-13 
4U1728-34 bin 59 accepted 70028-01-01-000 
4U1728-34 bin 66 accepted 70028-01-01-14 
4U1728-34 bin 60 accepted 70028-01-01-00 
4U1728-34 bin 68 accepted 91023-01-01-00 
4U1728-34 bin 71 accepted 91023-01-04-01 
4U1728-34 bin 67 accepted 90406-01-01-00 
4U1728-34 bin 69 accepted 91023-01-02-00 
4U1728-34 bin 70 accepted 91023-01-04-00 
4U1728-34 bin 73 accepted 92023-03-01-00 
4U1728-34 bin 72 accepted 91023-01-05-00G 
4U1728-34 bin 75 accepted 92023-03-03-00 
4U1728-34 bin 80 accepted 92023-03-08-00 
4U1728-34 bin 74 accepted 92023-03-02-00 
4U1728-34 bin 76 accepted 92023-03-04-00 
4U1728-34 bin 79 accepted 92023-03-07-00 
4U1728-34 bin 77 accepted 92023-03-05-00 
4U1728-34 bin 78 accepted 92023-03-06-00 
4U1728-34 bin 81 accepted 92023-03-09-00 
4U1728-34 bin 82 accepted 92023-03-11-00 
4U1728-34 bin 83 accepted 92023-03-12-00 
4U1728-34 bin 84 accepted 92023-03-13-00 
4U1728-34 bin 85 accepted 92023-03-15-00 
4U1728-34 bin 86 accepted 92023-03-16-00 
4U1728-34 bin 88 accepted 92023-03-18-00 
4U1728-34 bin 89 accepted 92023-03-19-00 
4U1728-34 bin 87 accepted 92023-03-17-00 
4U1728-34 bin 92 accepted 92023-03-22-00 
4U1728-34 bin 90 accepted 92023-03-20-00 
4U1728-34 bin 91 accepted 92023-03-21-00 
4U1728-34 bin 94 accepted 92023-03-24-00 
4U1728-34 bin 93 accepted 92023-03-23-00 
4U1728-34 bin 95 accepted 92023-03-26-00 
4U1728-34 bin 96 accepted 92023-03-27-00 
4U1728-34 bin 97 accepted 92023-03-28-00 
4U1728-34 bin 98 accepted 92023-03-29-00 
4U1728-34 bin 100 accepted 92023-03-31-00 
4U1728-34 bin 104 accepted 92023-03-35-00 
4U1728-34 bin 106 accepted 92023-03-37-00 
4U1728-34 bin 99 accepted 92023-03-30-00 
4U1728-34 bin 103 accepted 92023-03-34-00 
4U1728-34 bin 101 accepted 92023-03-32-00 
4U1728-34 bin 102 accepted 92023-03-33-00 
4U1728-34 bin 105 accepted 92023-03-36-00 
4U1728-34 bin 107 accepted 92023-03-38-00 
4U1728-34 bin 108 accepted 92023-03-39-00 
4U1728-34 bin 110 accepted 92023-03-41-00 
4U1728-34 bin 109 accepted 92023-03-40-00 
4U1728-34 bin 111 accepted 92023-03-42-00 
4U1728-34 bin 114 accepted 92023-03-51-00 
4U1728-34 bin 112 accepted 92023-03-43-00 
4U1728-34 bin 113 accepted 92023-03-50-00 
4U1728-34 bin 115 accepted 92023-03-52-00 
4U1728-34 bin 116 accepted 92023-03-53-00 
4U1728-34 bin 122 accepted 92023-03-76-00 
4U1728-34 bin 117 accepted 92023-03-54-00 
4U1728-34 bin 118 accepted 92023-03-55-00 
4U1728-34 bin 119 accepted 92023-03-72-00 
4U1728-34 bin 120 accepted 92023-03-74-00 
4U1728-34 bin 121 accepted 92023-03-75-00 
4U1728-34 bin 123 accepted 92023-03-77-00 
4U1728-34 bin 124 accepted 92023-03-78-00 
4U1728-34 bin 125 accepted 92023-03-79-00 
4U1728-34 bin 126 accepted 92023-03-80-00 
4U1728-34 bin 128 accepted 92023-03-83-00 
4U1728-34 bin 127 accepted 92023-03-81-00 
4U1728-34 bin 129 accepted 92023-03-84-00 
4U1728-34 bin 132 accepted 92023-03-88-00 
4U1728-34 bin 131 accepted 92023-03-86-00 
4U1728-34 bin 130 accepted 92023-03-85-00 
4U1728-34 bin 133 accepted 92023-03-89-00 
4U1728-34 bin 134 accepted 92023-03-90-00 
4U1728-34 bin 135 accepted 92023-03-91-00 
4U1728-34 bin 136 accepted 92023-03-92-00 
4U1728-34 bin 142 accepted 92023-03-98-00 
4U1728-34 bin 138 accepted 92023-03-94-00 
4U1728-34 bin 137 accepted 92023-03-93-00 
4U1728-34 bin 139 accepted 92023-03-95-00 
4U1728-34 bin 140 accepted 92023-03-96-00 
4U1728-34 bin 144 accepted 92023-03-02-10 
4U1728-34 bin 143 accepted 92023-03-01-10 
4U1728-34 bin 141 accepted 92023-03-97-00 
4U1728-34 bin 145 accepted 92023-03-03-10 
4U1728-34 bin 146 accepted 92023-03-04-10 
4U1728-34 bin 150 accepted 92023-03-08-10 
4U1728-34 bin 147 accepted 92023-03-05-10 
4U1728-34 bin 148 accepted 92023-03-06-10 
4U1728-34 bin 149 accepted 92023-03-07-10 
4U1728-34 bin 151 accepted 92023-03-09-10 
4U1728-34 bin 152 accepted 92023-03-10-10 
4U1728-34 bin 153 accepted 92023-03-11-10 
4U1728-34 bin 155 accepted 92023-03-13-10 
4U1728-34 bin 160 accepted 92023-03-19-10 
4U1728-34 bin 154 accepted 92023-03-12-10 
4U1728-34 bin 156 accepted 92023-03-14-10 
4U1728-34 bin 159 accepted 92023-03-18-10 
4U1728-34 bin 157 accepted 92023-03-15-10 
4U1728-34 bin 158 accepted 92023-03-16-10 
4U1728-34 bin 161 accepted 92023-03-20-10 
4U1728-34 bin 162 accepted 92023-03-21-10 
4U1728-34 bin 163 accepted 92023-03-22-10 
4U1728-34 bin 164 accepted 92023-03-23-10 
4U1728-34 bin 165 accepted 92023-03-24-10 
4U1728-34 bin 171 accepted 92023-03-30-10 
4U1728-34 bin 167 accepted 92023-03-26-10 
4U1728-34 bin 166 accepted 92023-03-25-10 
4U1728-34 bin 168 accepted 92023-03-27-10 
4U1728-34 bin 169 accepted 92023-03-28-10 
4U1728-34 bin 170 accepted 92023-03-29-10 
4U1728-34 bin 172 accepted 92023-03-31-10 
4U1728-34 bin 173 accepted 92023-03-32-10 
4U1728-34 bin 174 accepted 92023-03-82-00 
4U1728-34 bin 175 accepted 92023-03-10-00 
4U1728-34 bin 176 accepted 92023-03-33-10 
4U1728-34 bin 177 accepted 92023-03-34-10 
4U1728-34 bin 178 accepted 92023-03-35-10 
4U1728-34 bin 179 accepted 92023-03-36-10 
4U1728-34 bin 181 accepted 92023-03-38-10 
4U1728-34 bin 182 accepted 92023-03-39-10 
4U1728-34 bin 180 accepted 92023-03-37-10 
4U1728-34 bin 183 accepted 92023-03-40-10 
4U1728-34 bin 184 accepted 92023-03-41-10 
4U1728-34 bin 185 accepted 92023-03-42-10 
4U1728-34 bin 186 accepted 92023-03-44-10 
4U1728-34 bin 187 accepted 92023-03-45-10 
4U1728-34 bin 188 accepted 92023-03-46-10 
4U1728-34 bin 189 accepted 92023-03-47-10 
4U1728-34 bin 190 accepted 92023-03-48-10 
4U1728-34 bin 191 accepted 92023-03-49-10 
4U1728-34 bin 192 accepted 92023-03-50-10 
4U1728-34 bin 193 accepted 92023-03-51-10 
4U1728-34 bin 199 accepted 92023-03-44-00 
4U1728-34 bin 194 accepted 92023-03-52-10 
4U1728-34 bin 195 accepted 92023-03-53-10 
4U1728-34 bin 196 accepted 92023-03-54-10 
4U1728-34 bin 197 accepted 92023-03-17-10 
4U1728-34 bin 204 accepted 92023-03-49-00 
4U1728-34 bin 201 accepted 92023-03-47-00 
4U1728-34 bin 198 accepted 92023-03-14-00 
4U1728-34 bin 202 accepted 92023-03-48-00 
4U1728-34 bin 200 accepted 92023-03-46-00 
4U1728-34 bin 205 accepted 92023-03-55-10 
4U1728-34 bin 203 accepted 91023-01-06-00 
4U1728-34 bin 207 accepted 92023-03-57-00 
4U1728-34 bin 208 accepted 92023-03-57-10 
4U1728-34 bin 209 accepted 92023-03-58-00 
4U1728-34 bin 206 accepted 92023-03-56-10 
4U1728-34 bin 210 accepted 92023-03-58-10 
4U1728-34 bin 212 accepted 92023-03-59-10 
4U1728-34 bin 211 accepted 92023-03-59-00 
4U1728-34 bin 213 accepted 92023-03-60-00 
4U1728-34 bin 214 accepted 92023-03-61-00 
4U1728-34 bin 215 accepted 92023-03-61-10 
4U1728-34 bin 216 accepted 92023-03-62-00 
4U1728-34 bin 217 accepted 92023-03-62-10 
4U1728-34 bin 219 accepted 92023-03-63-10 
4U1728-34 bin 218 accepted 92023-03-63-00 
4U1728-34 bin 220 accepted 92023-03-64-00 
4U1728-34 bin 221 accepted 92023-03-64-10 
4U1728-34 bin 227 accepted 92023-03-70-00 
4U1728-34 bin 222 accepted 92023-03-65-00 
4U1728-34 bin 223 accepted 92023-03-66-00 
4U1728-34 bin 226 accepted 92023-03-69-00 
4U1728-34 bin 225 accepted 92023-03-68-00 
4U1728-34 bin 224 accepted 92023-03-67-00 
4U1728-34 bin 228 accepted 92023-03-71-00 
4U1728-34 bin 229 accepted 92023-03-73-00 
4U1728-34 bin 230 accepted 92023-03-65-10 
4U1728-34 bin 232 accepted 92023-03-68-10 
4U1728-34 bin 233 accepted 92023-03-69-10 
4U1728-34 bin 231 accepted 92023-03-66-10 
4U1728-34 bin 234 accepted 92023-03-71-10 
4U1728-34 bin 235 accepted 92023-03-72-10 
4U1728-34 bin 236 accepted 92023-03-73-10 
4U1728-34 bin 239 accepted 92023-03-76-10 
4U1728-34 bin 237 accepted 92023-03-74-10 
4U1728-34 bin 238 accepted 92023-03-75-10 
4U1728-34 bin 240 accepted 92023-03-77-10 
4U1728-34 bin 241 accepted 92023-03-78-10 
4U1728-34 bin 242 accepted 92023-03-79-10 
4U1728-34 bin 243 accepted 92023-03-80-10 
4U1728-34 bin 244 accepted 92023-03-82-10 
4U1728-34 bin 245 accepted 92023-03-83-10 
4U1728-34 bin 247 accepted 92023-03-85-10 
4U1728-34 bin 246 accepted 92023-03-84-10 
4U1728-34 bin 253 accepted 95337-01-02-00 
4U1728-34 bin 248 accepted 92023-03-86-10 
4U1728-34 bin 249 accepted 92023-03-87-10 
4U1728-34 bin 250 accepted 92023-03-88-10 
4U1728-34 bin 254 accepted 95337-01-03-000 
4U1728-34 bin 252 accepted 95337-01-02-000 
4U1728-34 bin 257 accepted 96322-01-01-03 
4U1728-34 bin 259 accepted 96322-01-01-05 
4U1728-34 bin 255 accepted 95337-01-03-00 
4U1728-34 bin 256 accepted 96322-01-01-00 
4U1728-34 bin 251 accepted 95337-01-01-00 
4U1728-34 bin 258 accepted 96322-01-01-04 
4U1728-34 bin 260 accepted 96322-01-01-06 
4U1728-34 bin 263 accepted 96322-01-02-02 
4U1728-34 bin 262 accepted 96322-01-02-01 
4U1728-34 bin 261 accepted 96322-01-02-00 
4U1728-34 bin 264 accepted 96322-01-03-00 
4U1728-34 bin 268 accepted 96322-01-04-00 
4U1728-34 bin 265 accepted 96322-01-03-010 
4U1728-34 bin 269 accepted 96322-01-04-02 
4U1728-34 bin 266 accepted 96322-01-03-01 
4U1728-34 bin 271 accepted 96322-01-05-01 
4U1728-34 bin 270 accepted 96322-01-04-01 
4U1728-34 bin 272 accepted 96322-01-05-02 
4U1728-34 bin 267 accepted 96322-01-04-000 
4U1728-34 bin 273 accepted 96322-01-05-03 
4U1735-44 bin 3 accepted 50029-34-01-02 
4U1735-44 bin 0 accepted 50029-34-01-00 
4U1735-44 bin 2 accepted 50029-34-01-01 
4U1735-44 bin 6 accepted 50025-02-01-01 
4U1735-44 bin 1 accepted 50029-34-01-03 
4U1728-34 bin 275 accepted 96322-01-05-00 
4U1728-34 bin 274 accepted 96322-01-05-000 
4U1735-44 bin 4 accepted 50029-34-01-04 
4U1735-44 bin 7 accepted 50025-02-01-02 
4U1735-44 bin 9 accepted 50025-02-01-03 
4U1735-44 bin 10 accepted 50025-02-01-04 
4U1735-44 bin 11 accepted 50025-02-01-05 
4U1735-44 bin 5 accepted 50029-34-02-00 
4U1735-44 bin 12 accepted 50025-02-01-06 
4U1735-44 bin 13 accepted 50025-02-01-09 
4U1735-44 bin 8 accepted 50025-02-01-00 
4U1735-44 bin 14 accepted 50025-02-01-10 
4U1735-44 bin 20 accepted 50026-01-01-00 
4U1735-44 bin 15 accepted 50025-02-01-11 
4U1735-44 bin 16 accepted 60042-01-01-00 
4U1735-44 bin 18 accepted 60042-01-01-02 
4U1735-44 bin 17 accepted 60042-01-01-01 
4U1735-44 bin 19 accepted 50026-01-01-04 
4U1735-44 bin 21 accepted 50026-01-01-01 
4U1735-44 bin 22 accepted 50026-01-01-02 
4U1735-44 bin 24 accepted 50026-01-01-05 
4U1735-44 bin 23 accepted 50026-01-01-03 
4U1735-44 bin 25 accepted 50026-01-01-06 
4U1735-44 bin 26 accepted 70036-03-01-00 
4U1735-44 bin 30 accepted 91152-06-01-10 
4U1735-44 bin 27 accepted 70036-03-01-02 
4U1735-44 bin 28 accepted 70036-03-01-01 
4U1735-44 bin 35 accepted 91025-01-01-04 
4U1735-44 bin 32 accepted 91025-01-01-01 
4U1735-44 bin 33 accepted 91025-01-01-12 
4U1735-44 bin 29 accepted 91152-06-01-00 
4U1735-44 bin 31 accepted 91025-01-01-000 
4U1735-44 bin 36 accepted 91025-01-01-09 
4U1735-44 bin 34 accepted 91025-01-02-00 
4U1735-44 bin 37 accepted 91025-01-01-10 
4U1735-44 bin 38 accepted 91025-01-01-05 
4U1735-44 bin 39 accepted 91025-01-01-06 
4U1735-44 bin 41 accepted 91025-01-01-14 
4U1735-44 bin 40 accepted 91025-01-01-13 
4U1735-44 bin 42 accepted 91025-01-01-03 
4U1735-44 bin 43 accepted 91025-01-01-07 
4U1735-44 bin 44 accepted 91025-01-03-00 
4U1735-44 bin 45 accepted 91025-01-03-01 
4U1735-44 bin 46 accepted 91025-01-03-02 
4U1735-44 bin 52 accepted 91025-01-04-04 
4U1735-44 bin 47 accepted 91025-01-03-03 
4U1735-44 bin 48 accepted 91025-01-04-01 
4U1735-44 bin 55 accepted 91025-01-04-06 
4U1735-44 bin 49 accepted 91025-01-04-00 
4U1735-44 bin 50 accepted 91025-01-04-02 
4U1735-44 bin 53 accepted 91025-01-04-05 
4U1735-44 bin 54 accepted 91025-01-04-060 
4U1735-44 bin 56 accepted 91025-01-04-07 
4U1735-44 bin 59 accepted 91152-06-02-02 
4U1735-44 bin 51 accepted 91025-01-04-03 
4U1735-44 bin 57 accepted 91025-01-04-08 
4U1735-44 bin 60 accepted 91152-06-02-01 
4U1735-44 bin 58 accepted 91025-01-04-09 
4U1735-44 bin 62 accepted 91025-01-06-00 
4U1735-44 bin 63 accepted 91025-01-06-01 
4U1735-44 bin 64 accepted 91025-01-06-02 
4U1735-44 bin 61 accepted 91152-06-02-00 
4U1735-44 bin 65 accepted 91025-01-06-03 
4U1735-44 bin 66 accepted 91025-01-06-04 
4U1735-44 bin 67 accepted 91025-01-06-07 
4U1735-44 bin 68 accepted 91025-01-06-05 
4U1735-44 bin 74 accepted 91025-01-05-01 
4U1735-44 bin 69 accepted 91025-01-06-08 
4U1735-44 bin 70 accepted 91025-01-06-09 
4U1735-44 bin 71 accepted 91025-01-05-10 
4U1735-44 bin 72 accepted 91025-01-05-00 
4U1735-44 bin 73 accepted 91025-01-05-11 
4U1735-44 bin 76 accepted 91025-01-05-04 
4U1735-44 bin 75 accepted 93406-16-01-00 
4U1735-44 bin 82 accepted 91025-01-08-07 
4U1735-44 bin 78 accepted 91025-01-08-00 
4U1735-44 bin 77 accepted 91025-01-05-05 
4U1735-44 bin 79 accepted 91025-01-08-05 
4U1735-44 bin 80 accepted 91025-01-08-09 
4U1735-44 bin 81 accepted 91025-01-08-10 
4U1735-44 bin 83 accepted 91025-01-08-12 
4U1735-44 bin 85 accepted 91025-01-07-00 
4U1735-44 bin 84 accepted 91025-01-08-04 
4U1735-44 bin 86 accepted 91025-01-07-01 
4U1735-44 bin 87 accepted 91025-01-07-02 
4U1735-44 bin 88 accepted 91025-01-07-04 
4U1735-44 bin 89 accepted 91025-01-07-05 
4U1735-44 bin 90 accepted 91025-01-09-01 
4U1735-44 bin 91 accepted 91025-01-09-02 
4U1735-44 bin 94 accepted 91025-01-09-06 
4U1735-44 bin 98 accepted 91025-01-09-12 
4U1735-44 bin 92 accepted 91025-01-09-00 
4U1735-44 bin 100 accepted 91025-01-09-10 
4U1735-44 bin 95 accepted 91025-01-09-13 
4U1735-44 bin 93 accepted 91025-01-09-04 
4U1735-44 bin 97 accepted 91025-01-09-11 
4U1735-44 bin 99 accepted 91025-01-09-05 
4U1735-44 bin 101 accepted 91025-01-09-16 
4U1735-44 bin 102 accepted 91025-01-09-17 
4U1735-44 bin 96 accepted 91025-01-09-07 
4U1735-44 bin 104 accepted 91025-01-10-00 
4U1735-44 bin 105 accepted 91025-01-10-03 
4U1735-44 bin 106 accepted 91025-01-10-05 
4U1735-44 bin 107 accepted 91025-01-10-07 
4U1735-44 bin 103 accepted 91025-01-09-15 
4U1735-44 bin 108 accepted 91025-01-10-01 
4U1735-44 bin 109 accepted 91025-01-10-02 
4U1735-44 bin 110 accepted 91025-01-11-09 
4U1735-44 bin 112 accepted 91025-01-11-07 
4U1735-44 bin 114 accepted 91025-01-11-05 
4U1735-44 bin 115 accepted 91025-01-11-10 
4U1735-44 bin 111 accepted 91025-01-11-08 
4U1735-44 bin 120 accepted 91025-01-13-03 
4U1735-44 bin 113 accepted 91025-01-11-00 
4U1735-44 bin 116 accepted 91025-01-11-03 
4U1735-44 bin 118 accepted 91025-01-13-00 
4U1735-44 bin 121 accepted 91025-01-13-10 
4U1735-44 bin 125 accepted 91025-01-13-08 
4U1735-44 bin 117 accepted 91025-01-11-11 
4U1735-44 bin 122 accepted 91025-01-13-09 
4U1735-44 bin 119 accepted 91025-01-13-05 
4U1735-44 bin 123 accepted 91025-01-13-06 
4U1735-44 bin 124 accepted 91025-01-13-07 
4U1735-44 bin 126 accepted 91025-01-12-00 
4U1735-44 bin 129 accepted 91025-01-14-02 
4U1735-44 bin 127 accepted 91025-01-14-00 
4U1735-44 bin 128 accepted 91025-01-14-01 
4U1735-44 bin 130 accepted 93200-01-01-00 
4U1735-44 bin 131 accepted 93200-01-01-03 
4U1735-44 bin 132 accepted 93200-01-01-01 
4U1735-44 bin 133 accepted 93200-01-01-04 
4U1735-44 bin 134 accepted 93200-01-01-02 
4U1735-44 bin 140 accepted 93200-01-03-01 
4U1735-44 bin 138 accepted 93200-01-03-00 
4U1735-44 bin 137 accepted 93200-01-02-01 
4U1735-44 bin 136 accepted 93200-01-02-00 
4U1735-44 bin 135 accepted 93200-01-02-000 
4U1735-44 bin 139 accepted 93200-01-03-010 
4U1735-44 bin 141 accepted 91025-01-16-09 
4U1735-44 bin 143 accepted 91025-01-16-00 
4U1735-44 bin 144 accepted 91025-01-16-04 
4U1735-44 bin 149 accepted 96325-01-01-04 
4U1735-44 bin 145 accepted 96325-01-01-02 
4U1735-44 bin 142 accepted 91025-01-16-05 
4U1735-44 bin 146 accepted 96325-01-01-03 
4U1735-44 bin 152 accepted 96325-02-01-00 
4U1735-44 bin 150 accepted 96325-01-01-01 
4U1735-44 bin 153 accepted 96325-02-01-01 
4U1735-44 bin 148 accepted 96325-01-01-00 
4U1735-44 bin 147 accepted 96325-01-01-000 
4U1735-44 bin 158 accepted 96331-01-02-01 
4U1735-44 bin 151 accepted 96325-02-01-000 
4U1735-44 bin 156 accepted 96331-01-01-01 
4U1735-44 bin 155 accepted 96331-01-01-00 
4U1735-44 bin 157 accepted 96331-01-02-00 
4U1746-371 bin 2 accepted 60044-02-01-10 
4U1735-44 bin 159 accepted 96331-01-03-01 
4U1746-371 bin 4 accepted 60044-02-01-05 
4U1735-44 bin 154 accepted 96325-02-01-02 
4U1735-44 bin 160 accepted 96331-01-03-02 
4U1746-371 bin 0 accepted 60044-02-01-01 
4U1746-371 bin 8 accepted 60044-02-01-07 
4U1746-371 bin 1 accepted 60044-02-01-02 
4U1746-371 bin 3 accepted 60044-02-01-09G 
4U1746-371 bin 11 accepted 60044-02-01-06 
4U1746-371 bin 5 accepted 60044-02-01-08 
4U1746-371 bin 13 accepted 60044-02-02-00 
4U1746-371 bin 10 accepted 60044-02-01-04 
4U1746-371 bin 15 accepted 60044-02-02-010 
4U1746-371 bin 9 accepted 60044-02-01-040 
4U1746-371 bin 6 accepted 60044-02-01-00 
4U1746-371 bin 7 accepted 60044-02-01-03 
4U1746-371 bin 14 accepted 60044-02-02-05 
4U1746-371 bin 20 accepted 60044-02-02-09 
4U1746-371 bin 16 accepted 60044-02-02-01 
4U1746-371 bin 22 accepted 60044-02-02-10 
4U1746-371 bin 12 accepted 60044-02-02-000 
4U1746-371 bin 17 accepted 60044-02-02-06 
4U1746-371 bin 25 accepted 70050-01-01-03 
4U1746-371 bin 19 accepted 60044-02-02-04 
4U1746-371 bin 21 accepted 60044-02-02-08 
4U1746-371 bin 28 accepted 70050-01-01-06 
4U1746-371 bin 18 accepted 60044-02-02-02 
4U1746-371 bin 23 accepted 60044-02-02-07 
4U1746-371 bin 31 accepted 70050-01-01-00 
4U1746-371 bin 24 accepted 70050-01-01-01 
4U1746-371 bin 33 accepted 70050-01-01-08 
4U1746-371 bin 26 accepted 70050-01-01-05 
4U1746-371 bin 27 accepted 70050-01-01-10 
4U1746-371 bin 29 accepted 70050-01-01-04 
4U1746-371 bin 37 accepted 90044-01-02-01 
4U1746-371 bin 32 accepted 70050-01-01-07 
4U1746-371 bin 34 accepted 70050-01-01-09 
4U1746-371 bin 40 accepted 90044-01-04-000 
4U1746-371 bin 41 accepted 90044-01-04-00 
4U1746-371 bin 36 accepted 90044-01-02-00 
4U1746-371 bin 35 accepted 90044-01-01-00 
4U1746-371 bin 38 accepted 90044-01-03-000 
4U1820-30 bin 2 accepted 40017-01-21-02 
4U1820-30 bin 1 EMPTY 40017-01-21-01 fetch_or_read_error: FileNotFoundError: StdProd Std2 files not found (HTTP Error 404: Not Found)
4U1746-371 bin 42 accepted 91037-15-01-00 
4U1746-371 bin 39 accepted 90044-01-03-00 
4U1746-371 bin 30 accepted 70050-01-01-000 
4U1820-30 bin 4 EMPTY 40017-01-22-01 fetch_or_read_error: FileNotFoundError: StdProd Std2 files not found (HTTP Error 404: Not Found)
4U1820-30 bin 3 EMPTY 40017-01-22-00 fetch_or_read_error: FileNotFoundError: StdProd Std2 files not found (HTTP Error 404: Not Found)
4U1820-30 bin 6 accepted 60030-01-01-01G 
4U1820-30 bin 10 accepted 60030-01-02-01 
4U1820-30 bin 0 accepted 40017-01-21-00 
4U1820-30 bin 5 accepted 60030-01-01-00 
4U1820-30 bin 8 accepted 60030-01-01-03 
4U1820-30 bin 7 accepted 60030-01-01-02G 
4U1820-30 bin 9 accepted 60030-01-02-00 
4U1820-30 bin 12 accepted 40017-01-23-00 
4U1820-30 bin 14 accepted 70031-05-01-00 
4U1820-30 bin 11 accepted 60030-01-02-02 
4U1820-30 bin 13 accepted 40017-01-23-01 
4U1820-30 bin 15 accepted 70030-03-02-000 
4U1820-30 bin 16 accepted 70030-03-02-00 
4U1820-30 bin 18 accepted 70030-03-02-03G 
4U1820-30 bin 19 accepted 70030-03-01-01G 
4U1820-30 bin 22 accepted 70030-03-01-00G 
4U1820-30 bin 25 accepted 70030-03-03-00 
4U1820-30 bin 23 accepted 70030-03-01-02 
4U1820-30 bin 17 accepted 70030-03-02-01 
4U1820-30 bin 21 accepted 70030-03-02-02 
4U1820-30 bin 29 accepted 70030-03-05-00 
4U1820-30 bin 20 accepted 70030-03-02-020 
4U1820-30 bin 24 accepted 70030-03-01-03 
4U1820-30 bin 27 accepted 70030-03-04-00 
4U1820-30 bin 32 accepted 70030-03-05-03 
4U1820-30 bin 28 accepted 70030-03-04-01 
4U1820-30 bin 30 accepted 70030-03-05-01 
4U1820-30 bin 31 accepted 70030-03-05-02 
4U1820-30 bin 26 accepted 40017-01-24-00 
4U1820-30 bin 33 accepted 70030-03-05-04 
4U1820-30 bin 35 accepted 90027-01-01-00 
4U1820-30 bin 40 accepted 90027-01-01-06 
4U1820-30 bin 37 accepted 90027-01-01-03 
4U1820-30 bin 36 accepted 90027-01-01-01 
4U1820-30 bin 38 accepted 90027-01-01-04 
4U1820-30 bin 34 accepted 80105-07-01-00 
4U1820-30 bin 41 accepted 90027-01-02-00 
4U1820-30 bin 39 accepted 90027-01-01-05 
4U1820-30 bin 42 accepted 90027-01-02-01 
4U1820-30 bin 43 accepted 90027-01-02-07 
4U1820-30 bin 44 accepted 90027-01-02-08 
4U1820-30 bin 50 accepted 90027-01-03-00 
4U1820-30 bin 46 accepted 90027-01-02-04 
4U1820-30 bin 47 accepted 90027-01-02-06 
4U1820-30 bin 45 accepted 90027-01-02-03 
4U1820-30 bin 48 accepted 90027-01-03-07 
4U1820-30 bin 49 accepted 90027-01-03-08 
4U1820-30 bin 51 accepted 90027-01-03-09 
4U1820-30 bin 53 accepted 90027-01-03-01 
4U1820-30 bin 54 accepted 90027-01-03-03 
4U1820-30 bin 55 accepted 90027-01-03-04 
4U1820-30 bin 56 accepted 90027-01-03-05 
4U1820-30 bin 52 accepted 90027-01-03-02 
4U1820-30 bin 62 accepted 90027-01-04-04 
4U1820-30 bin 57 accepted 90027-01-03-06 
4U1820-30 bin 59 accepted 90027-01-04-05 
4U1820-30 bin 58 accepted 90027-01-04-00 
4U1820-30 bin 61 accepted 90027-01-04-03 
4U1820-30 bin 63 accepted 90027-01-04-02 
4U1820-30 bin 60 accepted 90027-01-04-01 
4U1820-30 bin 64 accepted 90027-01-05-00 
4U1820-30 bin 68 accepted 91435-01-01-02 
4U1820-30 bin 71 accepted 92030-02-02-00 
4U1820-30 bin 65 accepted 90027-01-06-00 
4U1820-30 bin 67 accepted 91435-01-01-01 
4U1820-30 bin 66 accepted 91435-01-01-00 
4U1820-30 bin 69 accepted 92030-02-01-00 
4U1820-30 bin 72 accepted 92030-02-03-02 
4U1820-30 bin 77 accepted 91152-04-01-00 
4U1820-30 bin 73 accepted 92030-02-03-01 
4U1820-30 bin 74 accepted 92030-02-03-00 
4U1820-30 bin 76 accepted 92030-02-11-00 
4U1820-30 bin 70 accepted 92030-02-02-000 
4U1820-30 bin 79 accepted 92030-02-04-00 
4U1820-30 bin 75 accepted 92030-02-11-000 
4U1820-30 bin 80 accepted 70030-03-07-03 
4U1820-30 bin 85 accepted 92030-02-05-00 
4U1820-30 bin 78 accepted 91152-04-02-00 
4U1820-30 bin 84 accepted 70030-03-07-02 
4U1820-30 bin 86 accepted 92030-02-06-01 
4U1820-30 bin 81 accepted 70030-03-07-01 
4U1820-30 bin 90 accepted 94090-01-01-00 
4U1820-30 bin 82 accepted 70030-03-07-00 
4U1820-30 bin 83 accepted 70030-03-07-020 
4U1820-30 bin 87 accepted 92030-02-07-00 
4U1820-30 bin 88 accepted 92030-02-10-00 
4U1820-30 bin 89 accepted 92030-02-09-00 
4U1820-30 bin 91 accepted 94090-01-01-01 
4U1820-30 bin 93 accepted 94090-01-01-03 
4U1820-30 bin 92 accepted 94090-01-01-02 
4U1820-30 bin 99 accepted 94090-01-02-01 
4U1820-30 bin 94 accepted 94090-01-01-04 
4U1820-30 bin 97 accepted 94090-01-02-03 
4U1820-30 bin 95 accepted 94090-01-01-05 
4U1820-30 bin 96 accepted 94090-01-02-00 
4U1820-30 bin 100 accepted 94090-01-02-02 
4U1820-30 bin 98 accepted 94090-01-02-04 
4U1820-30 bin 101 accepted 94090-01-03-00 
4U1820-30 bin 103 accepted 94090-01-04-01 
4U1820-30 bin 102 accepted 94090-01-04-00 
4U1820-30 bin 105 accepted 94090-01-04-03 
4U1820-30 bin 107 accepted 94090-01-05-00 
4U1820-30 bin 106 accepted 94090-01-05-01 
4U1820-30 bin 104 accepted 94090-01-04-02 
4U1820-30 bin 113 accepted 92030-02-12-00 
4U1820-30 bin 109 accepted 94090-02-01-01 
4U1820-30 bin 108 accepted 94090-02-01-00 
4U1820-30 bin 111 accepted 92030-02-12-03 
4U1820-30 bin 110 accepted 94090-02-02-00 
4U1820-30 bin 112 accepted 92030-02-12-02 
4U1820-30 bin 114 accepted 92030-02-12-04 
4U1820-30 bin 120 accepted 96090-01-01-020 
4U1820-30 bin 115 accepted 92030-02-12-01 
4U1820-30 bin 117 accepted 92030-02-14-00 
4U1820-30 bin 119 accepted 96090-01-01-01G 
4U1820-30 bin 121 accepted 96090-01-01-02 
4U1820-30 bin 118 accepted 96090-01-01-00G 
4U1820-30 bin 116 accepted 92030-02-13-00 
4U1820-30 bin 127 accepted 96324-01-02-01 
4U1820-30 bin 123 accepted 96324-01-01-00 
4U1820-30 bin 125 accepted 96324-01-01-02 
4U1820-30 bin 124 accepted 96324-01-01-01 
4U1820-30 bin 126 accepted 96324-01-02-00 
4U1820-30 bin 128 accepted 96324-01-02-02 
4U1820-30 bin 122 accepted 96090-01-01-03 
4U1820-30 bin 129 accepted 96324-01-03-00 
4U1820-30 bin 131 accepted 96324-01-04-00 
4U1820-30 bin 132 accepted 96324-01-04-01 
4U1820-30 bin 130 accepted 96324-01-03-01 
4U1915-05 bin 5 accepted 50026-03-01-00 
4U1915-05 bin 6 accepted 50026-03-01-01 
4U1915-05 bin 7 accepted 70034-02-01-01 
4U1915-05 bin 8 accepted 70034-02-01-00 
4U1915-05 bin 9 accepted 70034-02-02-01 
4U1915-05 bin 10 accepted 70034-02-02-00 
AQLX1 bin 0 accepted 50049-01-03-00 
4U1915-05 bin 0 EMPTY 30066-01-05-00 fetch_or_read_error: FileNotFoundError: StdProd Std2 files not found (HTTP Error 404: Not Found)
AQLX1 bin 1 accepted 50049-01-03-01 
4U1915-05 bin 2 EMPTY 30066-01-06-01 fetch_or_read_error: FileNotFoundError: StdProd Std2 files not found (HTTP Error 404: Not Found)
4U1915-05 bin 1 EMPTY 30066-01-06-00 fetch_or_read_error: FileNotFoundError: StdProd Std2 files not found (HTTP Error 404: Not Found)
4U1915-05 bin 3 EMPTY 30066-01-07-00 fetch_or_read_error: FileNotFoundError: StdProd Std2 files not found (HTTP Error 404: Not Found)
4U1915-05 bin 4 EMPTY 30066-01-07-01 fetch_or_read_error: FileNotFoundError: StdProd Std2 files not found (HTTP Error 404: Not Found)
AQLX1 bin 2 accepted 50049-01-03-02 
AQLX1 bin 3 accepted 50049-01-04-00 
AQLX1 bin 5 accepted 50049-01-04-02 
AQLX1 bin 4 accepted 50049-01-04-01 
AQLX1 bin 6 accepted 50049-01-04-03 
AQLX1 bin 8 accepted 50049-01-05-00 
AQLX1 bin 7 accepted 50049-01-04-04 
AQLX1 bin 9 accepted 50049-01-05-01 
AQLX1 bin 10 accepted 50049-01-05-02 
AQLX1 bin 11 accepted 50049-02-01-00 
AQLX1 bin 14 accepted 50049-02-03-00 
AQLX1 bin 13 accepted 50049-02-03-01 
AQLX1 bin 19 accepted 50049-02-06-01 
AQLX1 bin 12 accepted 50049-02-02-00 
AQLX1 bin 16 accepted 50049-02-03-02 
AQLX1 bin 20 accepted 50049-02-06-02 
AQLX1 bin 18 accepted 50049-02-06-00 
AQLX1 bin 17 accepted 50049-02-05-00 
AQLX1 bin 21 accepted 50049-02-07-00 
AQLX1 bin 15 accepted 50049-02-04-00 
AQLX1 bin 22 accepted 50049-02-07-01 
AQLX1 bin 23 accepted 50049-02-07-02 
AQLX1 bin 25 accepted 50049-02-07-04 
AQLX1 bin 24 accepted 50049-02-07-03 
AQLX1 bin 27 accepted 50049-02-08-01 
AQLX1 bin 26 accepted 50049-02-08-00 
AQLX1 bin 28 accepted 50049-02-08-03 
AQLX1 bin 30 accepted 50049-02-10-03 
AQLX1 bin 31 accepted 50049-02-10-02 
AQLX1 bin 29 accepted 50049-02-09-00G 
AQLX1 bin 32 accepted 50049-02-10-01 
AQLX1 bin 33 accepted 50049-02-10-00 
AQLX1 bin 36 accepted 50049-02-11-01 
AQLX1 bin 37 accepted 50049-02-12-01 
AQLX1 bin 34 accepted 50049-02-10-05 
AQLX1 bin 35 accepted 50049-02-11-00 
AQLX1 bin 39 accepted 50049-02-13-00 
AQLX1 bin 38 accepted 50049-02-12-00 
AQLX1 bin 40 accepted 50049-02-13-01 
AQLX1 bin 43 accepted 50049-02-15-01 
AQLX1 bin 42 accepted 50049-02-15-00 
AQLX1 bin 41 accepted 50049-02-14-00 
AQLX1 bin 49 accepted 50049-02-15-06 
AQLX1 bin 44 accepted 50049-02-15-08 
AQLX1 bin 46 accepted 50049-02-15-03 
AQLX1 bin 47 accepted 50049-02-15-04 
AQLX1 bin 50 accepted 50049-02-15-07 
AQLX1 bin 45 accepted 50049-02-15-02 
AQLX1 bin 51 accepted 50049-03-01-00 
AQLX1 bin 48 accepted 50049-02-15-05 
AQLX1 bin 53 accepted 50049-03-03-00 
AQLX1 bin 52 accepted 50049-03-02-00 
AQLX1 bin 56 accepted 60054-02-01-00 
AQLX1 bin 54 accepted 50049-03-04-00 
AQLX1 bin 57 accepted 60054-02-01-01 
AQLX1 bin 55 accepted 50049-03-05-00 
AQLX1 bin 60 accepted 60054-02-01-04 
AQLX1 bin 58 accepted 60054-02-01-02 
AQLX1 bin 59 accepted 60054-02-01-03 
AQLX1 bin 61 accepted 60054-02-01-05 
AQLX1 bin 62 accepted 60054-02-02-00 
AQLX1 bin 63 accepted 60054-02-02-01 
AQLX1 bin 64 accepted 60054-02-02-02 
AQLX1 bin 70 accepted 60054-02-03-03 
AQLX1 bin 66 accepted 60054-02-02-04 
AQLX1 bin 65 accepted 60054-02-02-03 
AQLX1 bin 67 accepted 60054-02-03-00 
AQLX1 bin 71 accepted 60054-02-03-04 
AQLX1 bin 68 accepted 60054-02-03-01 
AQLX1 bin 69 accepted 60054-02-03-02 
AQLX1 bin 72 accepted 60054-02-03-05 
AQLX1 bin 73 accepted 60054-02-04-00 
AQLX1 bin 74 accepted 60054-02-04-01 
AQLX1 bin 75 accepted 60054-02-04-05 
AQLX1 bin 76 accepted 60054-02-05-00 
AQLX1 bin 77 accepted 60054-02-05-01 
AQLX1 bin 78 accepted 60054-02-05-02 
AQLX1 bin 79 accepted 60054-02-05-03 
AQLX1 bin 80 accepted 60054-02-05-04 
AQLX1 bin 81 accepted 60054-02-05-05 
AQLX1 bin 82 accepted 60429-01-02-00 
AQLX1 bin 84 accepted 60429-01-04-00 
AQLX1 bin 85 accepted 60429-01-05-00 
AQLX1 bin 90 accepted 70069-03-01-00 
AQLX1 bin 86 accepted 60429-01-06-00 
AQLX1 bin 88 accepted 60429-01-08-00 
AQLX1 bin 83 accepted 60429-01-03-00 
AQLX1 bin 87 accepted 60429-01-07-00 
AQLX1 bin 91 accepted 70069-03-01-01 
AQLX1 bin 89 accepted 60429-01-09-00 
AQLX1 bin 92 accepted 70069-03-01-02 
AQLX1 bin 94 accepted 70069-03-02-02 
AQLX1 bin 95 accepted 70069-03-02-03 
AQLX1 bin 93 accepted 70069-03-02-00 
AQLX1 bin 96 accepted 70069-03-03-00 
AQLX1 bin 97 accepted 70069-03-03-03 
AQLX1 bin 101 accepted 70069-03-03-12 
AQLX1 bin 98 accepted 70069-03-03-04 
AQLX1 bin 100 accepted 70069-03-03-09 
AQLX1 bin 99 accepted 70069-03-03-07 
AQLX1 bin 102 accepted 70069-03-03-13 
AQLX1 bin 105 accepted 70069-03-04-01 
AQLX1 bin 103 accepted 70069-03-03-14 
AQLX1 bin 106 accepted 70069-03-04-02 
AQLX1 bin 107 accepted 70069-03-04-04 
AQLX1 bin 108 accepted 70069-03-04-08 
AQLX1 bin 104 accepted 70069-03-04-00 
AQLX1 bin 109 accepted 70069-03-04-05 
AQLX1 bin 110 accepted 70069-03-04-10 
AQLX1 bin 111 accepted 70069-03-04-09 
AQLX1 bin 112 accepted 70069-03-04-06 
AQLX1 bin 113 accepted 70069-03-04-07G 
AQLX1 bin 119 accepted 80403-01-03-00 
AQLX1 bin 114 accepted 70069-03-05-00 
AQLX1 bin 115 accepted 70069-03-05-01 
AQLX1 bin 117 accepted 80403-01-01-00G 
AQLX1 bin 116 accepted 70426-01-01-00 
AQLX1 bin 121 accepted 90403-01-01-00 
AQLX1 bin 122 accepted 90403-01-01-01 
AQLX1 bin 118 accepted 80403-01-02-00 
AQLX1 bin 123 accepted 90403-01-02-00 
AQLX1 bin 120 accepted 80403-01-05-00 
AQLX1 bin 124 accepted 90403-01-02-01 
AQLX1 bin 126 accepted 90403-01-03-01 
AQLX1 bin 127 accepted 90403-01-04-00 
AQLX1 bin 125 accepted 90403-01-03-00 
AQLX1 bin 128 accepted 90017-01-01-01 
AQLX1 bin 133 accepted 90017-01-03-01 
AQLX1 bin 130 accepted 90017-01-02-00 
AQLX1 bin 129 accepted 90017-01-01-02 
AQLX1 bin 132 accepted 90017-01-03-00 
AQLX1 bin 131 accepted 90017-01-02-01 
AQLX1 bin 134 accepted 90017-01-04-00 
AQLX1 bin 135 accepted 90017-01-05-00 
AQLX1 bin 136 accepted 90017-01-06-00 
AQLX1 bin 138 accepted 90017-01-07-00 
AQLX1 bin 137 accepted 90017-01-06-01 
AQLX1 bin 139 accepted 90017-01-07-01 
AQLX1 bin 140 accepted 90017-01-08-00 
AQLX1 bin 141 accepted 90017-01-08-01 
AQLX1 bin 146 accepted 90017-11-01-00 
AQLX1 bin 142 accepted 90017-01-09-00 
AQLX1 bin 143 accepted 90017-01-09-01 
AQLX1 bin 145 accepted 90017-01-09-03 
AQLX1 bin 151 accepted 90017-11-06-00 
AQLX1 bin 144 accepted 90017-01-09-02 
AQLX1 bin 147 accepted 90017-11-02-00 
AQLX1 bin 153 accepted 91028-01-01-00 
AQLX1 bin 148 accepted 90017-11-03-00 
AQLX1 bin 149 accepted 90017-11-04-00 
AQLX1 bin 150 accepted 90017-11-05-00 
AQLX1 bin 152 accepted 90017-11-07-00 
AQLX1 bin 154 accepted 91028-01-02-00 
AQLX1 bin 155 accepted 91028-01-03-00 
AQLX1 bin 156 accepted 91028-01-04-00 
AQLX1 bin 157 accepted 91028-01-05-00 
AQLX1 bin 159 accepted 91028-01-07-00 
AQLX1 bin 158 accepted 91028-01-06-00 
AQLX1 bin 160 accepted 91028-01-08-00 
AQLX1 bin 162 accepted 91028-01-10-00 
AQLX1 bin 163 accepted 91028-01-11-00 
AQLX1 bin 161 accepted 91028-01-09-00 
AQLX1 bin 164 accepted 91028-01-12-00 
AQLX1 bin 168 accepted 91028-01-16-00 
AQLX1 bin 165 accepted 91028-01-13-00 
AQLX1 bin 166 accepted 91028-01-14-00 
AQLX1 bin 169 accepted 91028-01-18-00 
AQLX1 bin 167 accepted 91028-01-15-00 
AQLX1 bin 170 accepted 91028-01-19-00 
AQLX1 bin 171 accepted 91028-01-20-00 
AQLX1 bin 173 accepted 91028-01-22-00 
AQLX1 bin 175 accepted 91028-01-24-00 
AQLX1 bin 172 accepted 91028-01-21-00 
AQLX1 bin 180 accepted 91028-01-29-00 
AQLX1 bin 174 accepted 91028-01-23-00 
AQLX1 bin 176 accepted 91028-01-25-00 
AQLX1 bin 177 accepted 91028-01-26-00 
AQLX1 bin 179 accepted 91028-01-28-00 
AQLX1 bin 181 accepted 91028-01-17-00 
AQLX1 bin 178 accepted 91028-01-27-00 
AQLX1 bin 182 accepted 91028-01-30-00 
AQLX1 bin 183 accepted 91028-01-31-00 
AQLX1 bin 184 accepted 91414-01-01-00 
AQLX1 bin 185 accepted 91414-01-02-00 
AQLX1 bin 186 accepted 91414-01-02-01 
AQLX1 bin 187 accepted 91414-01-02-02 
AQLX1 bin 188 accepted 91414-01-03-00 
AQLX1 bin 189 accepted 91414-01-06-00 
AQLX1 bin 192 accepted 91414-01-07-03 
AQLX1 bin 190 accepted 91414-01-07-01 
AQLX1 bin 193 accepted 91414-01-07-04 
AQLX1 bin 191 accepted 91414-01-07-02 
AQLX1 bin 194 accepted 91414-01-08-08 
AQLX1 bin 195 accepted 91414-01-08-00 
AQLX1 bin 196 accepted 91414-01-08-07 
AQLX1 bin 197 accepted 91414-01-08-09 
AQLX1 bin 199 accepted 91414-01-08-05 
AQLX1 bin 200 accepted 91414-01-08-04 
AQLX1 bin 198 accepted 91414-01-08-06 
AQLX1 bin 201 accepted 91414-01-08-01 
AQLX1 bin 203 accepted 91414-01-08-02 
AQLX1 bin 202 accepted 91414-01-08-03 
AQLX1 bin 204 accepted 91414-01-09-00 
AQLX1 bin 206 accepted 91414-01-09-02 
AQLX1 bin 205 accepted 91414-01-09-01 
AQLX1 bin 212 accepted 92034-01-02-00 
AQLX1 bin 207 accepted 91414-01-09-07 
AQLX1 bin 209 accepted 91414-01-09-09 
AQLX1 bin 208 accepted 91414-01-09-03 
AQLX1 bin 210 accepted 91414-01-09-04 
AQLX1 bin 211 accepted 91414-01-09-06 
AQLX1 bin 213 accepted 92034-01-03-00 
AQLX1 bin 216 accepted 92034-01-04-01 
AQLX1 bin 215 accepted 92034-01-04-00 
AQLX1 bin 214 accepted 92034-01-03-01 
AQLX1 bin 217 accepted 92034-01-04-02 
AQLX1 bin 218 accepted 92034-01-05-00 
AQLX1 bin 219 accepted 92034-01-05-04 
AQLX1 bin 221 accepted 92034-01-05-05 
AQLX1 bin 220 accepted 92034-01-05-01 
AQLX1 bin 222 accepted 92034-01-05-02 
AQLX1 bin 228 accepted 93076-01-02-00 
AQLX1 bin 223 accepted 92034-01-05-03 
AQLX1 bin 225 accepted 92034-01-06-00 
AQLX1 bin 224 accepted 92034-01-05-06 
AQLX1 bin 226 accepted 93076-01-01-00 
AQLX1 bin 230 accepted 93076-01-03-01 
AQLX1 bin 229 accepted 93076-01-02-01 
AQLX1 bin 227 accepted 93076-01-01-02 
AQLX1 bin 231 accepted 93076-01-03-00 
AQLX1 bin 232 accepted 93076-01-04-01 
AQLX1 bin 233 accepted 93076-01-04-00 
AQLX1 bin 234 accepted 93076-01-05-01 
AQLX1 bin 235 accepted 93076-01-05-00 
AQLX1 bin 236 accepted 93076-01-06-01 
AQLX1 bin 237 accepted 93076-01-06-02 
AQLX1 bin 238 accepted 93076-01-06-00 
AQLX1 bin 239 accepted 93076-01-07-00 
AQLX1 bin 240 accepted 93076-01-08-01 
AQLX1 bin 242 accepted 93076-01-08-02 
AQLX1 bin 241 accepted 93076-01-08-00 
AQLX1 bin 243 accepted 93076-01-09-00 
AQLX1 bin 244 accepted 92438-01-01-00 
AQLX1 bin 246 accepted 92438-01-01-02 
AQLX1 bin 248 accepted 92438-01-01-04 
AQLX1 bin 247 accepted 92438-01-01-03 
AQLX1 bin 245 accepted 92438-01-01-01 
AQLX1 bin 250 accepted 92438-01-01-06 
AQLX1 bin 249 accepted 92438-01-01-05 
AQLX1 bin 251 accepted 92438-01-01-07 
AQLX1 bin 257 accepted 92438-01-02-02 
AQLX1 bin 252 accepted 92438-01-01-08 
AQLX1 bin 253 accepted 92438-01-01-09 
AQLX1 bin 254 accepted 92438-01-01-10 
AQLX1 bin 256 accepted 92438-01-02-00 
AQLX1 bin 255 accepted 92438-01-02-01 
AQLX1 bin 258 accepted 92438-01-02-03 
AQLX1 bin 259 accepted 92438-01-02-04 
AQLX1 bin 261 accepted 93405-01-01-00 
AQLX1 bin 260 accepted 92438-01-02-07 
AQLX1 bin 262 accepted 93405-01-01-01 
AQLX1 bin 263 accepted 93405-01-03-00 
AQLX1 bin 264 accepted 93405-01-03-01 
AQLX1 bin 265 accepted 93405-01-03-03 
AQLX1 bin 268 accepted 93405-01-03-04 
AQLX1 bin 269 accepted 93405-01-03-05 
AQLX1 bin 270 accepted 93405-01-04-01 
AQLX1 bin 267 accepted 93405-01-03-07 
AQLX1 bin 271 accepted 93405-01-04-02 
AQLX1 bin 266 accepted 93405-01-03-02 
AQLX1 bin 272 accepted 93405-01-04-03 
AQLX1 bin 273 accepted 93405-01-04-00 
AQLX1 bin 274 accepted 93405-01-04-04 
AQLX1 bin 275 accepted 93405-01-05-02 
AQLX1 bin 276 accepted 93405-01-05-01 
AQLX1 bin 277 accepted 93405-01-05-00 
AQLX1 bin 279 accepted 93405-01-08-00 
AQLX1 bin 278 accepted 93405-01-06-00 
AQLX1 bin 280 accepted 93405-01-08-01 
AQLX1 bin 281 accepted 94076-01-01-01 
AQLX1 bin 282 accepted 94076-01-01-00 
AQLX1 bin 288 accepted 94076-01-03-04 
AQLX1 bin 283 accepted 94076-01-02-00 
AQLX1 bin 284 accepted 94076-01-03-00 
AQLX1 bin 285 accepted 94076-01-03-01 
AQLX1 bin 286 accepted 94076-01-03-02 
AQLX1 bin 289 accepted 94076-01-03-05 
AQLX1 bin 287 accepted 94076-01-03-03 
AQLX1 bin 290 accepted 94076-01-04-00 
AQLX1 bin 292 accepted 94076-01-04-07 
AQLX1 bin 293 accepted 94076-01-04-02 
AQLX1 bin 291 accepted 94076-01-04-01 
AQLX1 bin 294 accepted 94076-01-04-03 
AQLX1 bin 295 accepted 94076-01-04-04 
AQLX1 bin 296 accepted 94076-01-04-05 
AQLX1 bin 297 accepted 94076-01-04-06 
AQLX1 bin 298 accepted 94076-01-05-00 
AQLX1 bin 299 accepted 94076-01-05-01 
AQLX1 bin 300 accepted 94076-01-05-02 
AQLX1 bin 301 accepted 94076-01-05-03 
AQLX1 bin 302 accepted 94076-01-05-04 
AQLX1 bin 303 accepted 94076-01-05-05 
AQLX1 bin 304 accepted 94076-01-05-06 
AQLX1 bin 310 accepted 94441-01-01-00 
AQLX1 bin 305 accepted 94076-01-06-00 
AQLX1 bin 306 accepted 94076-01-06-01 
AQLX1 bin 307 accepted 94076-01-06-02 
AQLX1 bin 308 accepted 94076-01-06-03 
AQLX1 bin 309 accepted 94076-01-06-04 
AQLX1 bin 312 accepted 94441-01-01-02 
AQLX1 bin 311 accepted 94441-01-01-01 
AQLX1 bin 313 accepted 94441-01-02-00 
AQLX1 bin 314 accepted 94441-01-02-01 
AQLX1 bin 315 accepted 94441-01-02-02 
AQLX1 bin 317 accepted 94441-01-02-04 
AQLX1 bin 322 accepted 95413-01-02-01 
AQLX1 bin 316 accepted 94441-01-02-03 
AQLX1 bin 318 accepted 94441-01-02-05 
AQLX1 bin 319 accepted 94441-01-02-06 
AQLX1 bin 320 accepted 95413-01-01-00 
AQLX1 bin 321 accepted 95413-01-02-00 
AQLX1 bin 323 accepted 95413-01-03-00 
AQLX1 bin 325 accepted 95413-01-03-02 
AQLX1 bin 324 accepted 95413-01-03-01 
AQLX1 bin 326 accepted 95413-01-04-00 
AQLX1 bin 327 accepted 95413-01-04-01 
AQLX1 bin 328 accepted 95413-01-05-00 
AQLX1 bin 329 accepted 95413-01-06-00 
AQLX1 bin 330 accepted 95413-01-06-01 
AQLX1 bin 331 accepted 95413-01-06-02 
AQLX1 bin 332 accepted 95413-01-06-03 
AQLX1 bin 333 accepted 95413-01-06-04 
AQLX1 bin 334 accepted 95413-01-06-05 
AQLX1 bin 335 accepted 95413-01-06-06 
AQLX1 bin 336 accepted 95413-01-07-00 
AQLX1 bin 337 accepted 95413-01-07-01 
AQLX1 bin 338 accepted 95413-01-08-00 
AQLX1 bin 339 accepted 95413-01-08-02 
AQLX1 bin 340 accepted 95413-01-08-01 
AQLX1 bin 341 accepted 95413-01-08-04 
AQLX1 bin 345 accepted 96440-01-01-02 
AQLX1 bin 342 accepted 95413-01-09-00 
AQLX1 bin 344 accepted 96440-01-01-00 
AQLX1 bin 346 accepted 96440-01-01-01 
AQLX1 bin 343 accepted 95086-02-01-00 
AQLX1 bin 347 accepted 96440-01-02-02 
AQLX1 bin 348 accepted 96440-01-02-00 
AQLX1 bin 349 accepted 96440-01-02-03 
AQLX1 bin 350 accepted 96440-01-02-01 
AQLX1 bin 351 accepted 96440-01-03-02 
AQLX1 bin 352 accepted 96440-01-03-05 
AQLX1 bin 353 accepted 96440-01-03-00 
AQLX1 bin 354 accepted 96440-01-03-03 
AQLX1 bin 355 accepted 96440-01-03-01 
AQLX1 bin 356 accepted 96440-01-03-04 
AQLX1 bin 357 accepted 96440-01-04-03 
AQLX1 bin 358 accepted 96440-01-04-04 
AQLX1 bin 364 accepted 96440-01-05-02 
AQLX1 bin 359 accepted 96440-01-04-01 
AQLX1 bin 360 accepted 96440-01-04-05 
AQLX1 bin 361 accepted 96440-01-04-06 
AQLX1 bin 362 accepted 96440-01-05-00 
AQLX1 bin 363 accepted 96440-01-05-01 
AQLX1 bin 365 accepted 96440-01-05-03 
AQLX1 bin 366 accepted 96440-01-05-04 
AQLX1 bin 367 accepted 96440-01-05-05 
AQLX1 bin 368 accepted 96440-01-06-00 
AQLX1 bin 369 accepted 96440-01-06-01 
AQLX1 bin 371 accepted 96440-01-06-03 
AQLX1 bin 370 accepted 96440-01-06-02 
AQLX1 bin 372 accepted 96440-01-06-04 
AQLX1 bin 374 accepted 96440-01-07-00 
AQLX1 bin 373 accepted 96440-01-06-05 
AQLX1 bin 375 accepted 96440-01-07-01 
AQLX1 bin 377 accepted 96440-01-07-03 
AQLX1 bin 378 accepted 96440-01-07-04 
AQLX1 bin 376 accepted 96440-01-07-02 
AQLX1 bin 380 accepted 96440-01-07-06 
AQLX1 bin 379 accepted 96440-01-07-05 
AQLX1 bin 386 accepted 96440-01-08-06 
AQLX1 bin 381 accepted 96440-01-08-00 
AQLX1 bin 382 accepted 96440-01-08-02 
AQLX1 bin 383 accepted 96440-01-08-03 
AQLX1 bin 384 accepted 96440-01-08-04 
AQLX1 bin 387 accepted 96440-01-09-00 
AQLX1 bin 385 accepted 96440-01-08-05 
AQLX1 bin 388 accepted 96440-01-09-07 
AQLX1 bin 389 accepted 96440-01-09-08 
AQLX1 bin 391 accepted 96440-01-09-02 
AQLX1 bin 392 accepted 96440-01-09-09 
AQLX1 bin 390 accepted 96440-01-09-01 
AQLX1 bin 393 accepted 96440-01-09-03 
AQLX1 bin 394 accepted 96440-01-09-10 
AQLX1 bin 396 accepted 96440-01-09-05 
AQLX1 bin 395 accepted 96440-01-09-04 
AQLX1 bin 397 accepted 96440-01-09-11 
AQLX1 bin 398 accepted 96440-01-09-06 
AQLX1 bin 399 accepted 96440-01-10-01 
CYGX2 bin 3 EMPTY 40019-04-05-03 fetch_or_read_error: FileNotFoundError: StdProd Std2 files not found (HTTP Error 404: Not Found)
CYGX2 bin 0 accepted 40019-04-05-01 
CYGX2 bin 2 accepted 40019-04-05-02 
CYGX2 bin 4 accepted 40019-04-05-04 
CYGX2 bin 5 accepted 40019-04-05-05 
CYGX2 bin 9 accepted 40019-04-05-09 
CYGX2 bin 6 accepted 40019-04-05-06 
CYGX2 bin 1 accepted 40019-04-05-00 
CYGX2 bin 7 accepted 40019-04-05-07 
CYGX2 bin 8 accepted 40019-04-05-08 
CYGX2 bin 12 accepted 60417-01-01-00 
CYGX2 bin 10 accepted 40019-04-05-10 
CYGX2 bin 13 accepted 60417-01-01-01 
CYGX2 bin 14 accepted 60417-01-01-02 
CYGX2 bin 15 accepted 60417-01-02-00 
CYGX2 bin 16 accepted 60417-01-02-01 
CYGX2 bin 19 accepted 60417-01-03-01 
CYGX2 bin 11 accepted 40017-02-21-00 
CYGX2 bin 17 accepted 60417-01-02-02 
CYGX2 bin 18 accepted 60417-01-03-00 
CYGX2 bin 20 accepted 60417-01-03-02 
CYGX2 bin 24 accepted 70016-01-01-03 
CYGX2 bin 23 accepted 70016-01-01-01 
CYGX2 bin 21 accepted 70016-01-01-07 
CYGX2 bin 27 accepted 70016-01-01-08 
CYGX2 bin 22 accepted 70016-01-01-01G 
CYGX2 bin 26 accepted 70016-01-01-00 
CYGX2 bin 25 accepted 70016-01-01-000 
CYGX2 bin 28 accepted 70016-01-01-02 
CYGX2 bin 30 accepted 70016-01-01-04 
CYGX2 bin 31 accepted 70016-01-01-06 
CYGX2 bin 29 accepted 70016-01-01-05 
CYGX2 bin 32 accepted 70014-02-01-00 
CYGX2 bin 33 accepted 70014-02-01-03 
CYGX2 bin 34 accepted 70014-02-01-01 
CYGX2 bin 35 accepted 70014-02-01-05 
CYGX2 bin 37 accepted 70015-02-01-00 
CYGX2 bin 38 accepted 70015-02-01-01G 
CYGX2 bin 36 accepted 70014-02-01-02 
CYGX2 bin 39 accepted 70015-02-02-00 
CYGX2 bin 41 accepted 70104-02-02-00 
CYGX2 bin 40 accepted 70104-02-01-00 
CYGX2 bin 42 accepted 70104-02-02-01 
CYGX2 bin 44 accepted 70104-02-01-01 
CYGX2 bin 49 accepted 80018-02-01-00G 
CYGX2 bin 45 accepted 70104-02-04-00 
CYGX2 bin 43 accepted 70104-02-03-00 
CYGX2 bin 46 accepted 70104-02-04-01 
CYGX2 bin 47 accepted 70014-02-02-00 
CYGX2 bin 50 accepted 80018-02-01-01G 
CYGX2 bin 48 accepted 70014-02-02-01 
CYGX2 bin 52 accepted 80018-02-02-01 
CYGX2 bin 51 accepted 80018-02-02-00G 
CYGX2 bin 54 accepted 90030-01-02-01 
CYGX2 bin 53 accepted 90030-01-01-00 
CYGX2 bin 55 accepted 90030-01-02-00 
CYGX2 bin 56 accepted 90030-01-03-00 
CYGX2 bin 58 accepted 90030-01-05-00 
CYGX2 bin 57 accepted 90030-01-04-00 
CYGX2 bin 59 accepted 90030-01-05-01 
CYGX2 bin 61 accepted 90030-01-07-00 
CYGX2 bin 62 accepted 90030-01-08-00 
CYGX2 bin 63 accepted 90030-01-08-01 
CYGX2 bin 60 accepted 90030-01-06-00 
CYGX2 bin 65 accepted 90030-01-13-00 
CYGX2 bin 64 accepted 90030-01-12-00 
CYGX2 bin 68 accepted 90030-01-17-00 
CYGX2 bin 67 accepted 90030-01-16-00 
CYGX2 bin 69 accepted 90030-01-18-00 
CYGX2 bin 66 accepted 90030-01-14-00 
CYGX2 bin 71 accepted 90030-01-20-00 
CYGX2 bin 76 accepted 90030-01-23-00 
CYGX2 bin 70 accepted 90030-01-19-00 
CYGX2 bin 73 accepted 90030-01-21-01 
CYGX2 bin 72 accepted 90030-01-21-00 
CYGX2 bin 75 accepted 90030-01-22-01 
CYGX2 bin 74 accepted 90030-01-22-00 
CYGX2 bin 77 accepted 90030-01-24-00 
CYGX2 bin 78 accepted 90030-01-25-00 
CYGX2 bin 80 accepted 90030-01-28-00 
CYGX2 bin 79 accepted 90030-01-26-00 
CYGX2 bin 81 accepted 90030-01-29-00 
CYGX2 bin 82 accepted 90030-01-30-00 
CYGX2 bin 83 accepted 90030-01-31-00 
CYGX2 bin 84 accepted 90030-01-32-00 
CYGX2 bin 86 accepted 90030-01-33-01 
CYGX2 bin 85 accepted 90030-01-33-00 
CYGX2 bin 88 accepted 90030-01-35-00 
CYGX2 bin 89 accepted 90030-01-36-00 
CYGX2 bin 90 accepted 90030-01-36-01 
CYGX2 bin 87 accepted 90030-01-34-00 
CYGX2 bin 92 accepted 90030-01-38-00 
CYGX2 bin 91 accepted 90030-01-37-00 
CYGX2 bin 96 accepted 90030-01-42-00 
CYGX2 bin 95 accepted 90030-01-41-00 
CYGX2 bin 100 accepted 90030-01-45-00 
CYGX2 bin 93 accepted 90030-01-39-00 
CYGX2 bin 98 accepted 90030-01-38-01 
CYGX2 bin 97 accepted 90030-01-43-00 
CYGX2 bin 94 accepted 90030-01-40-00 
CYGX2 bin 105 accepted 90030-01-50-00 
CYGX2 bin 102 accepted 90030-01-47-00 
CYGX2 bin 99 accepted 90030-01-44-00 
CYGX2 bin 101 accepted 90030-01-46-00 
CYGX2 bin 104 accepted 90030-01-49-00 
CYGX2 bin 103 accepted 90030-01-48-00 
CYGX2 bin 106 accepted 90030-01-50-01 
CYGX2 bin 112 accepted 90030-01-55-01 
CYGX2 bin 108 accepted 90030-01-51-01 
CYGX2 bin 107 accepted 90030-01-51-00 
CYGX2 bin 111 accepted 90030-01-55-00 
CYGX2 bin 109 accepted 90030-01-52-00 
CYGX2 bin 110 accepted 90030-01-53-00 
CYGX2 bin 114 accepted 90030-01-56-00 
CYGX2 bin 115 accepted 90030-01-56-01 
CYGX2 bin 116 accepted 90030-01-57-00 
CYGX2 bin 113 accepted 90022-08-01-00 
CYGX2 bin 117 accepted 90030-01-57-01 
CYGX2 bin 118 accepted 90030-01-58-00 
CYGX2 bin 119 accepted 90030-01-58-01 
CYGX2 bin 120 accepted 90022-08-02-00 
CYGX2 bin 121 accepted 90030-01-60-00 
CYGX2 bin 123 accepted 90030-01-62-00 
CYGX2 bin 124 accepted 90030-01-63-00 
CYGX2 bin 122 accepted 90030-01-61-00 
CYGX2 bin 125 accepted 90030-01-64-00 
CYGX2 bin 126 accepted 90030-01-66-00 
CYGX2 bin 127 accepted 90030-01-67-00 
CYGX2 bin 128 accepted 90030-01-68-00 
CYGX2 bin 129 accepted 90030-01-69-00 
CYGX2 bin 130 accepted 90030-01-70-00 
CYGX2 bin 131 accepted 90030-01-71-00 
CYGX2 bin 132 accepted 90030-01-72-01 
CYGX2 bin 134 accepted 90030-01-73-00 
CYGX2 bin 133 accepted 90030-01-72-00 
CYGX2 bin 135 accepted 90030-01-73-01 
CYGX2 bin 136 accepted 90030-01-74-01 
CYGX2 bin 137 accepted 90030-01-74-00 
CYGX2 bin 138 accepted 90030-01-27-00 
CYGX2 bin 140 accepted 91009-01-02-00 
CYGX2 bin 139 accepted 91009-01-01-00 
CYGX2 bin 141 accepted 91009-01-03-00 
CYGX2 bin 144 accepted 91009-01-06-00 
CYGX2 bin 142 accepted 91009-01-04-00 
CYGX2 bin 143 accepted 91009-01-05-00 
CYGX2 bin 145 accepted 91009-01-06-01 
CYGX2 bin 146 accepted 91009-01-07-01 
CYGX2 bin 147 accepted 91009-01-07-00 
CYGX2 bin 148 accepted 91009-01-08-00 
CYGX2 bin 149 accepted 91009-01-09-00 
CYGX2 bin 150 accepted 91009-01-11-00 
CYGX2 bin 152 accepted 91009-01-12-01 
CYGX2 bin 151 accepted 91009-01-11-01 
CYGX2 bin 153 accepted 91009-01-12-00 
CYGX2 bin 159 accepted 91010-01-01-05 
CYGX2 bin 154 accepted 91009-01-13-01 
CYGX2 bin 156 accepted 91009-01-15-00 
CYGX2 bin 155 accepted 91009-01-14-00 
CYGX2 bin 157 accepted 91009-01-16-00 
CYGX2 bin 160 accepted 91010-01-01-02 
CYGX2 bin 161 accepted 91010-01-01-03 
CYGX2 bin 158 accepted 91010-01-01-00 
CYGX2 bin 162 accepted 91010-01-01-04 
CYGX2 bin 165 accepted 91010-01-01-07 
CYGX2 bin 164 accepted 91010-01-01-06 
CYGX2 bin 166 accepted 91010-01-01-08 
CYGX2 bin 167 accepted 91010-01-01-09 
CYGX2 bin 168 accepted 91009-01-17-00 
CYGX2 bin 163 accepted 91010-01-01-01 
CYGX2 bin 170 accepted 91009-01-19-00 
CYGX2 bin 171 accepted 91009-01-20-00 
CYGX2 bin 169 accepted 91009-01-18-00 
CYGX2 bin 172 accepted 91009-01-21-01 
CYGX2 bin 173 accepted 91009-01-21-00 
CYGX2 bin 174 accepted 91009-01-23-00 
CYGX2 bin 176 accepted 91009-01-25-00 
CYGX2 bin 175 accepted 91009-01-24-00 
CYGX2 bin 179 accepted 91009-01-28-00 
CYGX2 bin 183 accepted 91009-01-28-01 
CYGX2 bin 177 accepted 91009-01-26-00 
CYGX2 bin 178 accepted 91009-01-27-00 
CYGX2 bin 181 accepted 91009-01-29-01 
CYGX2 bin 180 accepted 91009-01-29-00 
CYGX2 bin 182 accepted 91009-01-30-00 
CYGX2 bin 184 accepted 91009-01-31-00 
CYGX2 bin 186 accepted 91009-01-33-00 
CYGX2 bin 185 accepted 91009-01-32-00 
CYGX2 bin 188 accepted 91009-01-35-00 
CYGX2 bin 189 accepted 91009-01-36-00 
CYGX2 bin 190 accepted 91009-01-37-01 
CYGX2 bin 187 accepted 91009-01-34-00 
CYGX2 bin 196 accepted 90030-01-15-00 
CYGX2 bin 191 accepted 91009-01-38-00 
CYGX2 bin 192 accepted 91009-01-38-01 
CYGX2 bin 193 accepted 91009-01-39-00 
CYGX2 bin 194 accepted 91009-01-39-01 
CYGX2 bin 197 accepted 90030-01-59-01 
CYGX2 bin 195 accepted 91009-01-40-00 
CYGX2 bin 199 accepted 90030-01-65-00 
CYGX2 bin 198 accepted 90030-01-59-00 
CYGX2 bin 200 accepted 90030-01-75-00 
CYGX2 bin 201 accepted 90030-01-76-00 
CYGX2 bin 202 accepted 90030-01-77-00 
CYGX2 bin 203 accepted 90030-01-78-00 
CYGX2 bin 206 accepted 90030-01-81-00 
CYGX2 bin 204 accepted 90030-01-79-00 
CYGX2 bin 205 accepted 90030-01-80-00 
CYGX2 bin 207 accepted 90030-01-82-00 
CYGX2 bin 208 accepted 90030-01-83-00 
CYGX2 bin 209 accepted 90030-01-83-01 
CYGX2 bin 210 accepted 90030-01-84-00 
CYGX2 bin 212 accepted 90030-01-85-01 
CYGX2 bin 211 accepted 90030-01-85-00 
CYGX2 bin 214 accepted 90030-01-86-01 
CYGX2 bin 213 accepted 90030-01-86-00 
CYGX2 bin 215 accepted 90030-01-87-00G 
CYGX2 bin 216 accepted 90030-01-87-01 
CYGX2 bin 217 accepted 90030-01-88-00 
CYGX2 bin 218 accepted 90030-01-89-00 
CYGX2 bin 220 accepted 90030-01-91-00 
CYGX2 bin 219 accepted 90030-01-90-00 
CYGX2 bin 221 accepted 90030-01-92-00 
CYGX2 bin 222 accepted 90030-01-93-00 
CYGX2 bin 223 accepted 90030-01-94-00 
CYGX2 bin 229 accepted 90030-01-09-00 
CYGX2 bin 225 accepted 90030-01-96-00 
CYGX2 bin 226 accepted 90030-01-97-00 
CYGX2 bin 227 accepted 90030-01-98-00 
CYGX2 bin 224 accepted 90030-01-95-00 
CYGX2 bin 228 accepted 90030-01-99-00 
CYGX2 bin 230 accepted 90030-01-99-01 
CYGX2 bin 231 accepted 91009-01-41-00 
CYGX2 bin 232 accepted 91009-01-42-00 
CYGX2 bin 233 accepted 91009-01-42-01 
CYGX2 bin 234 accepted 91009-01-43-00 
CYGX2 bin 235 accepted 91009-01-43-01 
CYGX2 bin 236 accepted 92039-01-01-01 
CYGX2 bin 237 accepted 92039-01-01-02G 
CYGX2 bin 239 accepted 92039-01-02-01 
CYGX2 bin 240 accepted 92039-01-02-02 
CYGX2 bin 241 accepted 92039-01-02-03 
CYGX2 bin 238 accepted 92039-01-01-00 
CYGX2 bin 243 accepted 92039-01-03-01 
CYGX2 bin 248 accepted 92039-01-04-01 
CYGX2 bin 244 accepted 92039-01-03-02 
CYGX2 bin 242 accepted 92039-01-02-00 
CYGX2 bin 245 accepted 92039-01-03-03G 
CYGX2 bin 247 accepted 92039-01-04-00 
CYGX2 bin 246 accepted 92039-01-03-00 
CYGX2 bin 250 accepted 92039-01-05-01 
CYGX2 bin 249 accepted 92039-01-04-03 
CYGX2 bin 252 accepted 92039-01-06-01 
CYGX2 bin 251 accepted 92039-01-05-00G 
CYGX2 bin 253 accepted 92039-01-06-02 
CYGX2 bin 255 accepted 92039-01-07-01 
CYGX2 bin 254 accepted 92039-01-06-00 
CYGX2 bin 256 accepted 92039-01-07-00 
CYGX2 bin 258 accepted 92039-01-08-01 
CYGX2 bin 257 accepted 92039-01-07-02G 
CYGX2 bin 259 accepted 92039-01-08-00G 
CYGX2 bin 260 accepted 92039-01-09-00 
CYGX2 bin 261 accepted 92039-01-10-00 
CYGX2 bin 262 accepted 92039-01-11-00 
CYGX2 bin 263 accepted 92039-01-12-00 
CYGX2 bin 264 accepted 92039-01-13-00 
CYGX2 bin 265 accepted 92039-01-14-00 
CYGX2 bin 267 accepted 92039-01-16-00 
CYGX2 bin 266 accepted 92039-01-15-00 
CYGX2 bin 268 accepted 92039-01-17-00 
CYGX2 bin 269 accepted 92039-01-18-00 
CYGX2 bin 270 accepted 91009-01-44-00 
CYGX2 bin 271 accepted 91009-01-44-01 
CYGX2 bin 274 accepted 91009-01-45-00 
CYGX2 bin 275 accepted 90030-01-02-10 
CYGX2 bin 272 accepted 90030-01-01-10 
CYGX2 bin 273 accepted 91009-01-45-000 
CYGX2 bin 277 accepted 90030-01-03-10 
CYGX2 bin 276 accepted 90030-01-03-100 
CYGX2 bin 282 accepted 92038-01-01-00 
CYGX2 bin 278 accepted 90030-01-04-10 
CYGX2 bin 280 accepted 90030-01-05-10 
CYGX2 bin 279 accepted 91009-01-46-00 
CYGX2 bin 281 accepted 92038-01-01-02 
CYGX2 bin 283 accepted 92038-01-02-00 
CYGX2 bin 284 accepted 92038-01-02-02 
CYGX2 bin 285 accepted 92038-01-03-01 
CYGX2 bin 291 accepted 92038-01-06-01 
CYGX2 bin 286 accepted 92038-01-03-00 
CYGX2 bin 287 accepted 92038-01-04-00 
CYGX2 bin 288 accepted 92038-01-05-00 
CYGX2 bin 289 accepted 92038-01-05-02 
CYGX2 bin 293 accepted 92038-01-07-00 
CYGX2 bin 290 accepted 92038-01-06-00 
CYGX2 bin 292 accepted 92038-01-06-02 
CYGX2 bin 294 accepted 92038-01-07-01 
CYGX2 bin 295 accepted 92038-01-08-00 
CYGX2 bin 296 accepted 92038-01-08-01 
CYGX2 bin 299 accepted 92038-01-09-01 
CYGX2 bin 297 accepted 92038-01-08-02 
CYGX2 bin 300 accepted 92038-01-09-02 
CYGX2 bin 298 accepted 92038-01-09-00 
CYGX2 bin 301 accepted 92038-01-10-00 
CYGX2 bin 302 accepted 92038-01-10-01 
CYGX2 bin 303 accepted 92038-01-10-02 
CYGX2 bin 304 accepted 92038-01-10-03 
CYGX2 bin 305 accepted 92038-01-11-00 
CYGX2 bin 306 accepted 92038-01-11-01 
CYGX2 bin 312 accepted 93082-02-02-01 
CYGX2 bin 307 accepted 93082-02-01-00 
CYGX2 bin 308 accepted 93082-02-01-01 
CYGX2 bin 310 accepted 93082-02-01-03 
CYGX2 bin 309 accepted 93082-02-01-02 
CYGX2 bin 311 accepted 93082-02-02-00 
CYGX2 bin 313 accepted 93082-02-02-02 
CYGX2 bin 314 accepted 93082-02-03-02 
CYGX2 bin 315 accepted 93082-02-03-00 
CYGX2 bin 318 accepted 93082-02-04-02 
CYGX2 bin 316 accepted 93082-02-03-01 
CYGX2 bin 317 accepted 93082-02-04-00 
CYGX2 bin 319 accepted 90022-08-03-00 
CYGX2 bin 320 accepted 90022-08-03-01 
CYGX2 bin 322 accepted 90022-08-04-00 
CYGX2 bin 321 accepted 90022-08-04-02 
CYGX2 bin 324 accepted 90022-08-04-03 
CYGX2 bin 325 accepted 93443-01-01-03 
CYGX2 bin 326 accepted 93443-01-01-04 
CYGX2 bin 323 accepted 90022-08-04-01 
CYGX2 bin 332 accepted 93443-01-01-09 
CYGX2 bin 327 accepted 93443-01-01-05 
CYGX2 bin 328 accepted 93443-01-01-06 
CYGX2 bin 329 accepted 93443-01-01-08 
CYGX2 bin 330 accepted 93443-01-01-000 
CYGX2 bin 333 accepted 93443-01-01-10 
CYGX2 bin 334 accepted 93443-01-01-11 
CYGX2 bin 331 accepted 93443-01-01-00 
CYGX2 bin 336 accepted 93443-01-01-01 
CYGX2 bin 337 accepted 93443-01-01-14 
CYGX2 bin 335 accepted 93443-01-01-010 
CYGX2 bin 338 accepted 93443-01-01-15 
CYGX2 bin 339 accepted 93443-01-01-16 
CYGX2 bin 340 accepted 93443-01-01-17 
CYGX2 bin 341 accepted 93443-01-01-18 
CYGX2 bin 342 accepted 93443-01-01-19 
CYGX2 bin 343 accepted 93443-01-01-21 
CYGX2 bin 345 accepted 93071-04-01-00 
CYGX2 bin 344 accepted 93443-01-01-02 
CYGX2 bin 346 accepted 93071-04-02-00 
CYGX2 bin 347 accepted 95424-01-01-00 
CYGX2 bin 349 accepted 95345-01-02-00 
CYGX2 bin 348 accepted 95345-01-01-00 
CYGX2 bin 355 accepted 95345-01-06-00 
CYGX2 bin 350 accepted 95345-01-02-01 
CYGX2 bin 351 accepted 95345-01-03-00 
CYGX2 bin 352 accepted 95345-01-04-00 
CYGX2 bin 354 accepted 95345-01-06-01 
CYGX2 bin 353 accepted 95345-01-05-00 
CYGX2 bin 357 accepted 95345-01-08-00 
CYGX2 bin 356 accepted 95345-01-07-00 
CYGX2 bin 358 accepted 95345-01-08-01 
CYGX2 bin 359 accepted 95345-01-09-00 
CYGX2 bin 360 accepted 95345-01-10-00 
CYGX2 bin 361 accepted 95345-01-11-00 
CYGX2 bin 362 accepted 95345-01-12-00 
CYGX2 bin 363 accepted 95345-01-13-00 
CYGX2 bin 365 accepted 95345-01-15-00 
CYGX2 bin 364 accepted 95345-01-14-00 
CYGX2 bin 366 accepted 95345-01-16-00 
CYGX2 bin 367 accepted 95345-01-17-00 
CYGX2 bin 369 accepted 95345-01-19-00 
CYGX2 bin 368 accepted 95345-01-18-00 
CYGX2 bin 370 accepted 95345-01-20-00 
CYGX2 bin 371 accepted 95345-01-21-00 
CYGX2 bin 373 accepted 95345-01-23-00 
CYGX2 bin 372 accepted 95345-01-22-00 
CYGX2 bin 374 accepted 95345-01-23-01 
CYGX2 bin 375 accepted 95345-01-24-00 
CYGX2 bin 376 accepted 95345-01-25-00 
CYGX2 bin 377 accepted 95345-01-26-00 
CYGX2 bin 378 accepted 95345-01-26-01 
CYGX2 bin 379 accepted 95345-01-27-00 
CYGX2 bin 380 accepted 95345-01-28-00 
CYGX2 bin 381 accepted 95345-01-29-00 
CYGX2 bin 382 accepted 95345-01-29-01 
CYGX2 bin 383 accepted 95345-01-30-00 
CYGX2 bin 384 accepted 95345-01-31-00 
CYGX2 bin 385 accepted 95345-01-32-00 
CYGX2 bin 386 accepted 95345-01-32-01 
CYGX2 bin 387 accepted 95345-01-32-02 
CYGX2 bin 388 accepted 95345-01-33-00 
CYGX2 bin 389 accepted 95345-01-34-00 
CYGX2 bin 391 accepted 95345-01-35-00 
CYGX2 bin 390 accepted 95345-01-34-01 
CYGX2 bin 392 accepted 95345-01-35-01 
CYGX2 bin 393 accepted 95345-01-36-00 
CYGX2 bin 399 accepted 95345-01-40-00 
CYGX2 bin 394 accepted 95345-01-37-00 
CYGX2 bin 395 accepted 95345-01-37-01 
CYGX2 bin 397 accepted 95345-01-38-01 
CYGX2 bin 396 accepted 95345-01-38-00 
CYGX2 bin 400 accepted 95345-01-40-01 
CYGX2 bin 398 accepted 95345-01-39-00 
CYGX2 bin 402 accepted 95345-01-42-00 
CYGX2 bin 401 accepted 95345-01-41-00 
EXO0748-676 bin 0 accepted 50045-02-01-00 
EXO0748-676 bin 1 accepted 50045-02-02-00 
EXO0748-676 bin 2 accepted 50045-02-03-00 
EXO0748-676 bin 3 accepted 50045-02-04-00 
EXO0748-676 bin 4 accepted 50045-02-05-00 
EXO0748-676 bin 5 accepted 50045-03-01-00 
EXO0748-676 bin 6 accepted 50045-03-02-00 
EXO0748-676 bin 7 accepted 50045-03-03-00 
EXO0748-676 bin 8 accepted 50045-03-04-00 
EXO0748-676 bin 9 accepted 50045-03-05-00G 
EXO0748-676 bin 10 accepted 50045-04-01-00 
EXO0748-676 bin 11 accepted 50045-04-02-00 
EXO0748-676 bin 12 accepted 50045-04-03-00 
EXO0748-676 bin 13 accepted 50045-04-04-00 
EXO0748-676 bin 15 accepted 50045-04-06-00 
EXO0748-676 bin 14 accepted 50045-04-05-00 
EXO0748-676 bin 16 accepted 50045-05-01-00 
EXO0748-676 bin 17 accepted 50045-05-02-00 
EXO0748-676 bin 18 accepted 50045-05-03-00 
EXO0748-676 bin 24 accepted 50045-06-05-00 
EXO0748-676 bin 20 accepted 50045-05-05-00 
EXO0748-676 bin 19 accepted 50045-05-04-00 
EXO0748-676 bin 21 accepted 50045-06-01-00 
EXO0748-676 bin 22 accepted 50045-06-02-00 
EXO0748-676 bin 23 accepted 50045-06-03-00 
EXO0748-676 bin 25 accepted 60047-01-01-00 
EXO0748-676 bin 27 accepted 60047-01-02-00 
EXO0748-676 bin 26 accepted 60047-01-06-00 
EXO0748-676 bin 28 accepted 60047-01-03-00 
EXO0748-676 bin 29 accepted 60047-01-04-00 
EXO0748-676 bin 30 accepted 60047-01-05-00 
EXO0748-676 bin 31 accepted 60047-02-01-00 
EXO0748-676 bin 32 accepted 60047-02-06-00 
EXO0748-676 bin 33 accepted 60047-02-02-00 
EXO0748-676 bin 34 accepted 60047-02-03-00 
EXO0748-676 bin 35 accepted 60047-02-04-00 
EXO0748-676 bin 36 accepted 60047-02-05-00 
EXO0748-676 bin 37 accepted 60047-03-01-00 
EXO0748-676 bin 38 accepted 60047-03-02-00 
EXO0748-676 bin 39 accepted 60047-03-03-00 
EXO0748-676 bin 40 accepted 60047-03-04-00 
EXO0748-676 bin 41 accepted 60047-03-05-00 
EXO0748-676 bin 42 accepted 60047-04-01-00 
EXO0748-676 bin 43 accepted 60047-04-02-00 
EXO0748-676 bin 44 accepted 60047-04-03-00 
EXO0748-676 bin 45 accepted 60047-04-04-00 
EXO0748-676 bin 46 accepted 60047-04-05-00 
EXO0748-676 bin 47 accepted 60047-05-01-00 
EXO0748-676 bin 49 accepted 60047-05-03-00 
EXO0748-676 bin 48 accepted 60047-05-02-00 
EXO0748-676 bin 50 accepted 60047-05-04-00 
EXO0748-676 bin 51 accepted 60047-05-05-00 
EXO0748-676 bin 52 accepted 60047-06-01-00 
EXO0748-676 bin 53 accepted 60047-06-02-00 
EXO0748-676 bin 54 accepted 60047-06-03-00 
EXO0748-676 bin 55 accepted 60047-06-04-00 
EXO0748-676 bin 56 accepted 60047-06-05-00 
EXO0748-676 bin 57 accepted 60427-01-01-00 
EXO0748-676 bin 58 accepted 70048-01-01-00 
EXO0748-676 bin 59 accepted 70048-01-02-00 
EXO0748-676 bin 60 accepted 70048-01-03-00 
EXO0748-676 bin 61 accepted 70048-01-04-00 
EXO0748-676 bin 67 accepted 70048-03-02-00 
EXO0748-676 bin 63 accepted 70048-02-02-00 
EXO0748-676 bin 62 accepted 70048-02-01-00 
EXO0748-676 bin 64 accepted 70048-02-04-00 
EXO0748-676 bin 65 accepted 70048-03-01-00 
EXO0748-676 bin 66 accepted 70048-03-04-00 
EXO0748-676 bin 68 accepted 70048-03-03-00 
EXO0748-676 bin 69 accepted 70048-04-01-00 
EXO0748-676 bin 70 accepted 70048-04-02-00 
EXO0748-676 bin 71 accepted 70048-04-03-00 
EXO0748-676 bin 72 accepted 70048-05-01-00 
EXO0748-676 bin 73 accepted 70048-05-02-00 
EXO0748-676 bin 74 accepted 70048-05-03-00 
EXO0748-676 bin 75 accepted 70048-05-04-00 
EXO0748-676 bin 76 accepted 70048-06-01-00 
EXO0748-676 bin 77 accepted 70048-06-03-00 
EXO0748-676 bin 78 accepted 70048-06-02-00 
EXO0748-676 bin 79 accepted 70048-06-04-00 
EXO0748-676 bin 81 accepted 70048-07-02-00 
EXO0748-676 bin 82 accepted 70048-07-03-00 
EXO0748-676 bin 80 accepted 70048-07-01-00 
EXO0748-676 bin 83 accepted 70048-08-01-00 
EXO0748-676 bin 84 accepted 70048-08-02-00 
EXO0748-676 bin 85 accepted 70048-08-03-00 
EXO0748-676 bin 91 accepted 60042-03-01-00 
EXO0748-676 bin 87 accepted 70048-09-01-00 
EXO0748-676 bin 86 accepted 70048-08-04-00 
EXO0748-676 bin 88 accepted 70048-09-02-00 
EXO0748-676 bin 89 accepted 70048-09-03-00 
EXO0748-676 bin 90 accepted 70048-09-04-00 
EXO0748-676 bin 94 accepted 60042-03-02-04 
EXO0748-676 bin 92 accepted 60042-03-01-01 
EXO0748-676 bin 93 accepted 60042-03-01-02 
EXO0748-676 bin 95 accepted 60042-03-02-03 
EXO0748-676 bin 97 accepted 60042-03-02-01 
EXO0748-676 bin 96 accepted 60042-03-02-02 
EXO0748-676 bin 98 accepted 60042-03-02-00 
EXO0748-676 bin 99 accepted 70048-10-01-00 
EXO0748-676 bin 100 accepted 70048-10-03-00 
EXO0748-676 bin 101 accepted 70048-10-04-00 
EXO0748-676 bin 102 accepted 70048-11-01-00 
EXO0748-676 bin 103 accepted 70048-11-02-00 
EXO0748-676 bin 105 accepted 70048-11-04-00 
EXO0748-676 bin 104 accepted 70048-11-03-00 
EXO0748-676 bin 107 accepted 70047-01-01-05 
EXO0748-676 bin 106 accepted 70047-01-01-03 
EXO0748-676 bin 108 accepted 70047-01-01-06 
EXO0748-676 bin 109 accepted 70047-01-01-00 
EXO0748-676 bin 110 accepted 70047-01-01-07 
EXO0748-676 bin 111 accepted 70047-01-01-10 
EXO0748-676 bin 112 accepted 70047-01-01-11 
EXO0748-676 bin 118 accepted 70047-02-01-03 
EXO0748-676 bin 113 accepted 70047-01-01-12 
EXO0748-676 bin 114 accepted 70047-01-01-01 
EXO0748-676 bin 115 accepted 70047-01-01-13 
EXO0748-676 bin 116 accepted 70047-02-01-00 
EXO0748-676 bin 120 accepted 70047-02-01-05 
EXO0748-676 bin 117 accepted 70047-02-01-02 
EXO0748-676 bin 119 accepted 70047-02-01-04 
EXO0748-676 bin 121 accepted 70047-02-01-06 
EXO0748-676 bin 122 accepted 70047-02-01-07 
EXO0748-676 bin 123 accepted 70047-02-01-08 
EXO0748-676 bin 124 accepted 70047-01-01-14 
EXO0748-676 bin 125 accepted 70047-02-01-01 
EXO0748-676 bin 127 accepted 70047-02-01-10 
EXO0748-676 bin 126 accepted 70047-02-01-09 
EXO0748-676 bin 128 accepted 70047-02-01-11 
EXO0748-676 bin 129 accepted 70047-02-01-12 
EXO0748-676 bin 130 accepted 70047-02-01-13 
EXO0748-676 bin 131 accepted 70047-02-01-14 
EXO0748-676 bin 132 accepted 70047-02-01-15 
EXO0748-676 bin 133 accepted 70047-02-01-16 
EXO0748-676 bin 134 accepted 70047-01-01-15 
EXO0748-676 bin 135 accepted 70048-12-01-00 
EXO0748-676 bin 136 accepted 70048-12-02-00 
EXO0748-676 bin 137 accepted 70048-12-03-00 
EXO0748-676 bin 139 accepted 70048-13-01-00 
EXO0748-676 bin 138 accepted 70048-12-04-00 
EXO0748-676 bin 140 accepted 70048-13-02-00 
EXO0748-676 bin 141 accepted 70048-13-03-00 
EXO0748-676 bin 142 accepted 70048-13-04-00 
EXO0748-676 bin 143 accepted 70048-13-05-00 
EXO0748-676 bin 144 accepted 80040-01-01-00 
EXO0748-676 bin 146 accepted 80040-01-01-02 
EXO0748-676 bin 147 accepted 70048-13-06-00 
EXO0748-676 bin 148 accepted 70048-13-07-00 
EXO0748-676 bin 149 accepted 70048-13-08-00 
EXO0748-676 bin 145 accepted 80040-01-01-01 
EXO0748-676 bin 150 accepted 70048-13-09-00 
EXO0748-676 bin 151 accepted 70048-13-10-00 
EXO0748-676 bin 153 accepted 80040-01-02-01 
EXO0748-676 bin 155 accepted 80040-01-04-00 
EXO0748-676 bin 154 accepted 80040-01-03-00 
EXO0748-676 bin 156 accepted 80040-01-04-02 
EXO0748-676 bin 157 accepted 80040-01-04-01 
EXO0748-676 bin 162 accepted 70048-13-12-00 
EXO0748-676 bin 158 accepted 80040-01-05-01 
EXO0748-676 bin 152 accepted 80040-01-02-000 
EXO0748-676 bin 159 accepted 80040-01-05-00 
EXO0748-676 bin 160 accepted 80040-01-05-02 
EXO0748-676 bin 164 accepted 70048-13-14-00 
EXO0748-676 bin 163 accepted 70048-13-13-00 
EXO0748-676 bin 161 accepted 70048-13-11-00 
EXO0748-676 bin 165 accepted 70048-13-15-00 
EXO0748-676 bin 168 accepted 70050-02-01-00 
EXO0748-676 bin 171 accepted 70048-13-17-00 
EXO0748-676 bin 170 accepted 70048-13-16-00 
EXO0748-676 bin 166 accepted 70050-02-01-000 
EXO0748-676 bin 167 accepted 70050-02-01-001 
EXO0748-676 bin 169 accepted 80040-01-07-00 
EXO0748-676 bin 172 accepted 70048-13-19-00G 
EXO0748-676 bin 173 accepted 70048-13-20-00 
EXO0748-676 bin 174 accepted 80040-01-06-03 
EXO0748-676 bin 176 accepted 90059-01-01-00 
EXO0748-676 bin 177 accepted 90059-01-02-00 
EXO0748-676 bin 178 accepted 90059-01-03-00 
EXO0748-676 bin 180 accepted 80040-01-06-05 
EXO0748-676 bin 179 accepted 90059-01-04-00 
EXO0748-676 bin 175 accepted 80040-01-06-00 
EXO0748-676 bin 181 accepted 80040-01-08-00 
EXO0748-676 bin 184 accepted 90059-02-02-00 
EXO0748-676 bin 188 accepted 80040-01-09-01 
EXO0748-676 bin 183 accepted 90059-02-01-00 
EXO0748-676 bin 186 accepted 90059-02-04-00 
EXO0748-676 bin 185 accepted 90059-02-03-00 
EXO0748-676 bin 182 accepted 80040-01-06-07 
EXO0748-676 bin 189 accepted 80040-01-10-02 
EXO0748-676 bin 191 accepted 80040-01-10-03 
EXO0748-676 bin 187 accepted 80040-01-09-00 
EXO0748-676 bin 192 accepted 80040-01-10-00 
EXO0748-676 bin 193 accepted 90059-03-01-00 
EXO0748-676 bin 190 accepted 80040-01-10-01 
EXO0748-676 bin 195 accepted 90059-03-03-00 
EXO0748-676 bin 194 accepted 90059-03-02-00 
EXO0748-676 bin 196 accepted 90059-03-04-00 
EXO0748-676 bin 197 accepted 80040-01-11-01 
EXO0748-676 bin 201 accepted 90059-04-02-00 
EXO0748-676 bin 199 accepted 90059-04-04-00 
EXO0748-676 bin 198 accepted 80040-01-11-00G 
EXO0748-676 bin 200 accepted 90059-04-03-00 
EXO0748-676 bin 202 accepted 90059-04-01-00 
EXO0748-676 bin 204 accepted 80040-01-12-03 
EXO0748-676 bin 205 accepted 80040-01-12-02 
EXO0748-676 bin 206 accepted 80040-01-12-06 
EXO0748-676 bin 207 accepted 90059-05-01-00 
EXO0748-676 bin 208 accepted 90059-05-02-00 
EXO0748-676 bin 203 accepted 80040-01-12-00 
EXO0748-676 bin 210 accepted 90059-05-04-00 
EXO0748-676 bin 209 accepted 90059-05-03-00 
EXO0748-676 bin 211 accepted 90059-06-01-00 
EXO0748-676 bin 213 accepted 90059-06-03-00 
EXO0748-676 bin 212 accepted 90059-06-02-00 
EXO0748-676 bin 214 accepted 90059-06-04-00 
EXO0748-676 bin 217 accepted 80040-01-13-03 
EXO0748-676 bin 215 accepted 80040-01-13-00 
EXO0748-676 bin 218 accepted 80040-01-13-04 
EXO0748-676 bin 216 accepted 80040-01-13-01 
EXO0748-676 bin 220 accepted 90039-01-01-00 
EXO0748-676 bin 221 accepted 90039-01-01-01 
EXO0748-676 bin 219 accepted 80040-01-13-02 
EXO0748-676 bin 222 accepted 90039-01-01-02 
EXO0748-676 bin 223 accepted 90039-01-01-03 
EXO0748-676 bin 224 accepted 90039-01-02-01 
EXO0748-676 bin 225 accepted 90039-01-02-06 
EXO0748-676 bin 231 accepted 90039-01-03-02 
EXO0748-676 bin 226 accepted 90039-01-02-05 
EXO0748-676 bin 227 accepted 90039-01-02-04 
EXO0748-676 bin 228 accepted 90039-01-02-07 
EXO0748-676 bin 229 accepted 90039-01-02-09 
EXO0748-676 bin 230 accepted 90039-01-02-03 
EXO0748-676 bin 232 accepted 90039-01-03-00 
EXO0748-676 bin 233 accepted 90039-01-03-03 
EXO0748-676 bin 235 accepted 90059-07-01-00 
EXO0748-676 bin 236 accepted 90059-07-02-00 
EXO0748-676 bin 237 accepted 90059-07-03-00 
EXO0748-676 bin 242 accepted 90039-01-04-01 
EXO0748-676 bin 234 accepted 90039-01-03-01 
EXO0748-676 bin 238 accepted 90059-07-04-00 
EXO0748-676 bin 240 accepted 90039-01-04-00 
EXO0748-676 bin 241 accepted 90039-01-04-05G 
EXO0748-676 bin 239 accepted 90039-01-03-05 
EXO0748-676 bin 243 accepted 90039-01-05-00 
EXO0748-676 bin 244 accepted 90039-01-05-02 
EXO0748-676 bin 245 accepted 90059-08-04-00 
EXO0748-676 bin 246 accepted 90059-08-03-00 
EXO0748-676 bin 247 accepted 90059-08-01-00 
EXO0748-676 bin 248 accepted 90059-08-02-00 
EXO0748-676 bin 249 accepted 90059-09-01-00 
EXO0748-676 bin 250 accepted 90059-09-02-00 
EXO0748-676 bin 251 accepted 90059-09-03-00 
EXO0748-676 bin 252 accepted 90059-09-04-00 
EXO0748-676 bin 253 accepted 91043-01-01-00 
EXO0748-676 bin 255 accepted 91043-01-03-00 
EXO0748-676 bin 254 accepted 91043-01-02-00 
EXO0748-676 bin 256 accepted 91043-01-04-00 
EXO0748-676 bin 257 accepted 91035-01-01-01 
EXO0748-676 bin 258 accepted 91035-01-01-00 
EXO0748-676 bin 259 accepted 91035-01-01-07 
EXO0748-676 bin 260 accepted 91035-01-01-03 
EXO0748-676 bin 262 accepted 91035-01-01-05 
EXO0748-676 bin 261 accepted 91035-01-01-04 
EXO0748-676 bin 263 accepted 91035-01-01-06 
EXO0748-676 bin 264 accepted 91035-01-02-00 
EXO0748-676 bin 265 accepted 91035-01-02-01 
EXO0748-676 bin 266 accepted 91035-01-02-02 
EXO0748-676 bin 269 accepted 91035-01-02-08 
EXO0748-676 bin 267 accepted 91035-01-02-03 
EXO0748-676 bin 268 accepted 91035-01-02-05 
EXO0748-676 bin 270 accepted 91035-01-02-06 
EXO0748-676 bin 271 accepted 91035-01-02-07 
EXO0748-676 bin 272 accepted 91035-01-03-01 
EXO0748-676 bin 278 accepted 91035-01-04-09 
EXO0748-676 bin 273 accepted 91035-01-03-00 
EXO0748-676 bin 274 accepted 91035-01-03-08 
EXO0748-676 bin 275 accepted 91035-01-04-00 
EXO0748-676 bin 276 accepted 91035-01-04-02 
EXO0748-676 bin 277 accepted 91035-01-04-03 
EXO0748-676 bin 279 accepted 91035-01-05-00 
EXO0748-676 bin 280 accepted 91035-01-05-06 
EXO0748-676 bin 282 accepted 91043-02-02-00 
EXO0748-676 bin 281 accepted 91043-02-01-00 
EXO0748-676 bin 283 accepted 91043-02-03-00 
EXO0748-676 bin 284 accepted 91043-02-04-00 
EXO0748-676 bin 285 accepted 91043-03-03-00 
EXO0748-676 bin 287 accepted 91043-03-01-00 
EXO0748-676 bin 286 accepted 91043-03-04-00 
EXO0748-676 bin 288 accepted 91043-03-02-00 
EXO0748-676 bin 289 accepted 91043-04-01-00 
EXO0748-676 bin 291 accepted 91043-04-03-00 
EXO0748-676 bin 290 accepted 91043-04-02-00 
EXO0748-676 bin 292 accepted 91043-04-04-00 
EXO0748-676 bin 293 accepted 91043-05-01-00 
EXO0748-676 bin 294 accepted 91043-05-02-00 
EXO0748-676 bin 296 accepted 91043-05-04-00 
EXO0748-676 bin 297 accepted 91043-06-01-00 
EXO0748-676 bin 295 accepted 91043-05-03-00 
EXO0748-676 bin 298 accepted 91043-06-03-00 
EXO0748-676 bin 299 accepted 91043-07-01-00 
EXO0748-676 bin 300 accepted 91043-07-02-00 
EXO0748-676 bin 302 accepted 91043-07-04-00 
EXO0748-676 bin 303 accepted 90059-10-01-00 
EXO0748-676 bin 301 accepted 91043-07-03-00 
EXO0748-676 bin 305 accepted 90059-10-03-00 
EXO0748-676 bin 304 accepted 90059-10-02-00 
EXO0748-676 bin 306 accepted 90059-10-04-00 
EXO0748-676 bin 307 accepted 90059-11-01-00 
EXO0748-676 bin 308 accepted 90059-11-02-00 
EXO0748-676 bin 309 accepted 90059-11-03-00 
EXO0748-676 bin 310 accepted 90059-11-04-00 
EXO0748-676 bin 311 accepted 90059-12-01-00 
EXO0748-676 bin 312 accepted 90059-12-03-00 
EXO0748-676 bin 315 accepted 91043-08-01-00 
EXO0748-676 bin 314 accepted 92019-01-01-00 
EXO0748-676 bin 313 accepted 92019-01-01-01 
EXO0748-676 bin 316 accepted 92019-01-02-01 
EXO0748-676 bin 317 accepted 91043-08-02-00 
EXO0748-676 bin 318 accepted 92019-01-02-00 
EXO0748-676 bin 319 accepted 92019-01-02-05 
EXO0748-676 bin 321 accepted 92019-01-02-03 
EXO0748-676 bin 320 accepted 91043-08-03-00 
EXO0748-676 bin 322 accepted 91043-08-04-00 
EXO0748-676 bin 324 accepted 92019-01-02-02 
EXO0748-676 bin 323 accepted 92019-01-02-04 
EXO0748-676 bin 325 accepted 92019-01-02-07 
EXO0748-676 bin 327 accepted 92019-01-04-02 
EXO0748-676 bin 326 accepted 92019-01-04-00 
EXO0748-676 bin 328 accepted 92019-01-04-01 
EXO0748-676 bin 334 accepted 92019-01-05-02 
EXO0748-676 bin 329 accepted 92019-01-04-03 
EXO0748-676 bin 331 accepted 92019-01-03-00 
EXO0748-676 bin 332 accepted 92019-01-02-06 
EXO0748-676 bin 333 accepted 92019-01-01-04 
EXO0748-676 bin 330 accepted 92019-01-03-000 
EXO0748-676 bin 340 accepted 92019-01-06-03 
EXO0748-676 bin 335 accepted 92019-01-05-04 
EXO0748-676 bin 337 accepted 92019-01-06-00 
EXO0748-676 bin 338 accepted 92019-01-06-01 
EXO0748-676 bin 339 accepted 92019-01-06-02 
EXO0748-676 bin 341 accepted 92019-01-06-04 
EXO0748-676 bin 343 accepted 92019-01-06-06 
EXO0748-676 bin 342 accepted 92019-01-06-05 
EXO0748-676 bin 344 accepted 92019-01-06-07 
EXO0748-676 bin 336 accepted 92019-01-05-00 
EXO0748-676 bin 345 accepted 92019-01-07-00 
EXO0748-676 bin 346 accepted 92019-01-07-02 
EXO0748-676 bin 347 accepted 92019-01-07-04 
EXO0748-676 bin 348 accepted 92019-01-07-03 
EXO0748-676 bin 349 accepted 92019-01-07-05 
EXO0748-676 bin 350 accepted 92019-01-07-07 
EXO0748-676 bin 352 accepted 92019-01-08-00 
EXO0748-676 bin 353 accepted 91043-09-01-00 
EXO0748-676 bin 354 accepted 91043-09-02-00 
EXO0748-676 bin 355 accepted 91043-09-04-00 
EXO0748-676 bin 356 accepted 91043-09-03-00 
EXO0748-676 bin 357 accepted 92019-01-07-08 
EXO0748-676 bin 351 accepted 92019-01-08-000 
EXO0748-676 bin 358 accepted 92019-01-09-00 
EXO0748-676 bin 359 accepted 91043-10-01-00 
EXO0748-676 bin 360 accepted 91043-10-02-00 
EXO0748-676 bin 361 accepted 92019-01-09-02 
EXO0748-676 bin 362 accepted 92019-01-09-03 
EXO0748-676 bin 363 accepted 91043-10-04-00 
EXO0748-676 bin 364 accepted 92019-01-09-04 
EXO0748-676 bin 365 accepted 92019-01-09-05 
EXO0748-676 bin 366 accepted 92019-01-10-03 
EXO0748-676 bin 367 accepted 92019-01-10-01 
EXO0748-676 bin 370 accepted 92019-01-09-14 
EXO0748-676 bin 369 accepted 92019-01-09-12 
EXO0748-676 bin 368 accepted 92019-01-10-00 
EXO0748-676 bin 371 accepted 91043-12-01-00 
EXO0748-676 bin 373 accepted 91043-12-02-00 
EXO0748-676 bin 372 accepted 92019-01-11-00 
EXO0748-676 bin 375 accepted 91043-12-03-00 
EXO0748-676 bin 374 accepted 92019-01-09-13 
EXO0748-676 bin 376 accepted 91043-12-04-01 
EXO0748-676 bin 377 accepted 91043-12-04-00 
EXO0748-676 bin 378 accepted 92019-01-09-10 
EXO0748-676 bin 379 accepted 92019-01-12-02 
EXO0748-676 bin 381 accepted 92019-01-12-03 
EXO0748-676 bin 380 accepted 92019-01-12-01 
EXO0748-676 bin 382 accepted 92019-01-12-00 
EXO0748-676 bin 383 accepted 92019-01-12-04 
EXO0748-676 bin 384 accepted 92019-01-13-05 
EXO0748-676 bin 385 accepted 92019-01-13-04 
EXO0748-676 bin 386 accepted 92019-01-13-03 
EXO0748-676 bin 387 accepted 92019-01-13-02 
EXO0748-676 bin 388 accepted 92019-01-13-01 
EXO0748-676 bin 389 accepted 92019-01-13-00 
EXO0748-676 bin 392 accepted 91043-11-01-00 
EXO0748-676 bin 391 accepted 92019-01-14-00 
EXO0748-676 bin 390 accepted 92019-01-14-000 
EXO0748-676 bin 394 accepted 91043-11-02-00 
EXO0748-676 bin 399 accepted 92019-01-16-00 
EXO0748-676 bin 393 accepted 92019-01-15-02 
EXO0748-676 bin 395 accepted 92019-01-15-00 
EXO0748-676 bin 396 accepted 91043-11-03-00 
EXO0748-676 bin 397 accepted 92019-01-15-01 
EXO0748-676 bin 398 accepted 91043-11-04-00 
EXO0748-676 bin 401 accepted 92019-01-17-04 
EXO0748-676 bin 400 accepted 92019-01-16-01 
EXO0748-676 bin 402 accepted 92019-01-17-02 
EXO0748-676 bin 403 accepted 92019-01-17-01 
EXO0748-676 bin 404 accepted 92019-01-17-00 
EXO0748-676 bin 410 accepted 92019-01-18-01 
EXO0748-676 bin 406 accepted 92040-01-01-00 
EXO0748-676 bin 405 accepted 92019-01-17-03 
EXO0748-676 bin 407 accepted 92040-01-03-00 
EXO0748-676 bin 409 accepted 92019-01-18-00 
EXO0748-676 bin 411 accepted 92019-01-19-01 
EXO0748-676 bin 413 accepted 92019-01-20-03 
EXO0748-676 bin 408 accepted 92019-01-18-000 
EXO0748-676 bin 412 accepted 92019-01-19-00 
EXO0748-676 bin 416 accepted 92019-01-21-03 
EXO0748-676 bin 415 accepted 92019-01-20-01 
EXO0748-676 bin 417 accepted 92040-02-01-00 
EXO0748-676 bin 418 accepted 92040-02-02-00 
EXO0748-676 bin 419 accepted 92040-02-03-00 
EXO0748-676 bin 420 accepted 92040-02-04-00 
EXO0748-676 bin 421 accepted 92019-01-21-01 
EXO0748-676 bin 422 accepted 92019-01-21-02 
EXO0748-676 bin 414 accepted 92019-01-20-00 
EXO0748-676 bin 423 accepted 92019-01-09-06 
EXO0748-676 bin 424 accepted 92019-01-21-00 
EXO0748-676 bin 427 accepted 93074-01-02-00 
EXO0748-676 bin 426 accepted 93074-01-01-00 
EXO0748-676 bin 425 accepted 92019-01-09-08 
EXO0748-676 bin 429 accepted 93074-01-03-00 
EXO0748-676 bin 428 accepted 93406-12-01-00 
EXO0748-676 bin 431 accepted 92019-01-22-02 
EXO0748-676 bin 433 accepted 92019-01-22-03 
EXO0748-676 bin 430 accepted 92019-01-22-00 
EXO0748-676 bin 432 accepted 92019-01-22-01 
EXO0748-676 bin 434 accepted 92019-01-22-06 
EXO0748-676 bin 435 accepted 92019-01-22-04 
EXO0748-676 bin 437 accepted 92019-01-23-04 
EXO0748-676 bin 436 accepted 92019-01-22-05 
EXO0748-676 bin 438 accepted 92019-01-23-03 
EXO0748-676 bin 439 accepted 92019-01-23-02 
EXO0748-676 bin 441 accepted 92019-01-24-01 
EXO0748-676 bin 443 accepted 92019-01-24-00 
EXO0748-676 bin 440 accepted 92019-01-23-00 
EXO0748-676 bin 442 accepted 92019-01-24-03 
EXO0748-676 bin 444 accepted 92019-01-24-04 
EXO0748-676 bin 445 accepted 92019-01-24-05 
EXO0748-676 bin 448 accepted 93074-02-02-00 
EXO0748-676 bin 446 accepted 93074-02-01-00 
EXO0748-676 bin 447 accepted 93074-02-03-00 
EXO0748-676 bin 449 accepted 93074-02-04-00 
EXO0748-676 bin 451 accepted 92019-01-25-02 
EXO0748-676 bin 453 accepted 92019-01-26-02 
EXO0748-676 bin 455 accepted 92019-01-26-03 
EXO0748-676 bin 458 accepted 92019-01-26-01 
EXO0748-676 bin 450 accepted 92019-01-25-00 
EXO0748-676 bin 456 accepted 93074-03-02-00 
EXO0748-676 bin 454 accepted 92019-01-26-00 
EXO0748-676 bin 457 accepted 93074-03-03-00 
EXO0748-676 bin 452 accepted 92019-01-25-01 
EXO0748-676 bin 459 accepted 93074-03-04-00 
EXO0748-676 bin 460 accepted 92019-01-26-04 
EXO0748-676 bin 463 accepted 93074-04-01-00 
EXO0748-676 bin 464 accepted 93074-04-02-00 
EXO0748-676 bin 465 accepted 93074-04-03-00 
EXO0748-676 bin 462 accepted 92019-01-27-02 
EXO0748-676 bin 466 accepted 93074-04-04-00 
EXO0748-676 bin 461 accepted 92019-01-27-00 
EXO0748-676 bin 468 accepted 92019-01-28-01 
EXO0748-676 bin 467 accepted 92019-01-28-00 
EXO0748-676 bin 469 accepted 92019-01-28-02 
EXO0748-676 bin 472 accepted 93074-05-01-01 
EXO0748-676 bin 471 accepted 92019-01-29-00 
EXO0748-676 bin 473 accepted 93074-05-01-00 
EXO0748-676 bin 474 accepted 93074-05-02-00 
EXO0748-676 bin 476 accepted 93074-05-03-00 
EXO0748-676 bin 475 accepted 93082-05-01-02 
EXO0748-676 bin 470 accepted 92019-01-29-000 
EXO0748-676 bin 477 accepted 93082-05-01-00 
EXO0748-676 bin 478 accepted 93074-05-04-00 
EXO0748-676 bin 479 accepted 93082-05-01-01 
EXO0748-676 bin 480 accepted 93074-05-04-01 
EXO0748-676 bin 481 accepted 93082-05-01-03 
EXO0748-676 bin 482 accepted 93082-05-01-04 
EXO0748-676 bin 483 accepted 92019-01-30-00 
EXO0748-676 bin 485 accepted 92019-01-31-01 
EXO0748-676 bin 484 accepted 92019-01-30-01 
EXO0748-676 bin 491 EMPTY 92019-01-32-00 short_exposure
EXO0748-676 bin 488 accepted 92019-01-32-03 
EXO0748-676 bin 487 accepted 92019-01-31-00 
EXO0748-676 bin 489 accepted 93074-06-01-00 
EXO0748-676 bin 490 accepted 93074-06-02-00 
EXO0748-676 bin 492 accepted 93074-06-03-00 
EXO0748-676 bin 497 accepted 92040-03-01-00 
EXO0748-676 bin 493 accepted 93074-06-04-00 
EXO0748-676 bin 486 accepted 92019-01-31-000 
EXO0748-676 bin 494 accepted 92019-01-32-04 
EXO0748-676 bin 495 accepted 93074-06-04-01 
EXO0748-676 bin 496 accepted 92019-01-32-05 
EXO0748-676 bin 498 accepted 92040-03-02-00 
EXO0748-676 bin 499 accepted 92040-03-04-00 
EXO0748-676 bin 501 accepted 92040-04-02-00 
EXO0748-676 bin 500 accepted 92040-04-01-00 
EXO0748-676 bin 502 accepted 92040-04-03-00 
EXO0748-676 bin 503 accepted 92040-04-04-00 
EXO0748-676 bin 504 accepted 92040-05-01-00 
EXO0748-676 bin 505 accepted 92040-05-02-00 
EXO0748-676 bin 507 accepted 92040-05-03-00 
EXO0748-676 bin 506 accepted 92019-01-33-00 
EXO0748-676 bin 508 accepted 92019-01-33-01 
EXO0748-676 bin 509 accepted 92019-01-33-02 
GROJ1655-40 bin 0 accepted 90058-16-02-00 
GROJ1655-40 bin 1 accepted 90058-16-03-00 
GROJ1655-40 bin 2 accepted 90058-16-04-00 
GROJ1655-40 bin 4 accepted 90058-16-05-00 
GROJ1655-40 bin 3 accepted 90428-01-01-00 
GROJ1655-40 bin 7 accepted 90428-01-01-03 
GROJ1655-40 bin 6 accepted 90058-16-07-00 
GROJ1655-40 bin 8 accepted 90428-01-01-04 
GROJ1655-40 bin 13 accepted 90428-01-01-07 
GROJ1655-40 bin 10 accepted 90428-01-01-05 
GROJ1655-40 bin 9 accepted 90428-01-01-02 
GROJ1655-40 bin 11 accepted 90058-16-06-00 
GROJ1655-40 bin 12 accepted 90428-01-01-06 
GROJ1655-40 bin 14 accepted 90428-01-01-08 
GROJ1655-40 bin 15 accepted 90428-01-01-09 
GROJ1655-40 bin 17 accepted 91404-01-01-00 
GROJ1655-40 bin 18 accepted 91404-01-01-02 
GROJ1655-40 bin 19 accepted 91404-01-01-03 
GROJ1655-40 bin 16 accepted 90428-01-01-10 
GROJ1655-40 bin 20 accepted 91404-01-01-01 
GROJ1655-40 bin 21 accepted 91404-01-01-04 
GROJ1655-40 bin 22 accepted 91702-01-01-00 
GROJ1655-40 bin 24 accepted 91702-01-01-02 
GROJ1655-40 bin 23 accepted 91702-01-01-01 
GROJ1655-40 bin 25 accepted 91702-01-01-03 
GROJ1655-40 bin 26 accepted 91702-01-01-04 
GROJ1655-40 bin 27 accepted 91702-01-01-05 
GROJ1655-40 bin 29 accepted 90704-04-01-00 
GROJ1655-40 bin 33 accepted 91702-01-02-03 
GROJ1655-40 bin 28 accepted 90704-04-01-01 
GROJ1655-40 bin 30 accepted 91702-01-02-00G 
GROJ1655-40 bin 31 accepted 91702-01-02-01 
GROJ1655-40 bin 32 accepted 91702-01-02-02 
GROJ1655-40 bin 34 accepted 91702-01-02-04 
GROJ1655-40 bin 35 accepted 91702-01-02-05 
GROJ1655-40 bin 36 accepted 91702-01-02-06 
GROJ1655-40 bin 38 accepted 91702-01-04-00 
GROJ1655-40 bin 40 accepted 91702-01-05-01 
GROJ1655-40 bin 37 accepted 91702-01-03-00 
GROJ1655-40 bin 41 accepted 91702-01-05-02 
GROJ1655-40 bin 39 accepted 91702-01-05-00 
GROJ1655-40 bin 42 accepted 91702-01-05-03 
GROJ1655-40 bin 5 accepted 90428-01-01-01 
GROJ1655-40 bin 45 accepted 91702-01-07-03 
GROJ1655-40 bin 46 accepted 91702-01-07-02 
GROJ1655-40 bin 44 accepted 91702-01-06-01 
GROJ1655-40 bin 47 accepted 91702-01-07-01 
GROJ1655-40 bin 43 accepted 91702-01-06-00 
GROJ1655-40 bin 49 accepted 91702-01-08-01G 
GROJ1655-40 bin 52 accepted 91702-01-08-03 
GROJ1655-40 bin 51 accepted 91702-01-08-02 
GROJ1655-40 bin 48 accepted 91702-01-07-00 
GROJ1655-40 bin 50 accepted 91702-01-08-00 
GROJ1655-40 bin 54 accepted 91702-01-10-00 
GROJ1655-40 bin 57 accepted 91702-01-11-01 
GROJ1655-40 bin 53 accepted 91702-01-09-00 
GROJ1655-40 bin 55 accepted 91702-01-10-01 
GROJ1655-40 bin 56 accepted 91702-01-11-00 
GROJ1655-40 bin 59 accepted 91702-01-12-01 
GROJ1655-40 bin 58 accepted 91702-01-12-02 
GROJ1655-40 bin 60 accepted 91702-01-12-00 
GROJ1655-40 bin 61 accepted 91702-01-13-02 
GROJ1655-40 bin 64 accepted 91702-01-14-02 
GROJ1655-40 bin 62 accepted 91702-01-13-00 
GROJ1655-40 bin 65 accepted 91702-01-14-00 
GROJ1655-40 bin 66 accepted 91702-01-14-01 
GROJ1655-40 bin 67 accepted 91702-01-15-01 
GROJ1655-40 bin 63 accepted 91702-01-13-01 
GROJ1655-40 bin 69 accepted 91702-01-15-02 
GROJ1655-40 bin 68 accepted 91702-01-15-00 
GROJ1655-40 bin 72 accepted 91702-01-16-02 
GROJ1655-40 bin 71 accepted 91702-01-16-00 
GROJ1655-40 bin 70 accepted 91702-01-16-01 
GROJ1655-40 bin 73 accepted 91702-01-17-03 
GROJ1655-40 bin 74 accepted 91702-01-17-00 
GROJ1655-40 bin 75 accepted 91702-01-17-01 
GROJ1655-40 bin 79 accepted 91702-01-18-02 
GROJ1655-40 bin 76 accepted 91702-01-18-04 
GROJ1655-40 bin 78 accepted 91702-01-18-01 
GROJ1655-40 bin 77 accepted 91702-01-18-00G 
GROJ1655-40 bin 80 accepted 91702-01-18-03 
GROJ1655-40 bin 82 accepted 91702-01-20-00 
GROJ1655-40 bin 83 accepted 91702-01-20-02 
GROJ1655-40 bin 85 accepted 91702-01-19-01 
GROJ1655-40 bin 84 accepted 91702-01-20-01 
GROJ1655-40 bin 89 accepted 91702-01-22-00 
GROJ1655-40 bin 90 accepted 91702-01-22-03 
GROJ1655-40 bin 86 accepted 91702-01-21-01 
GROJ1655-40 bin 81 accepted 91702-01-19-00 
GROJ1655-40 bin 87 accepted 91702-01-21-00 
GROJ1655-40 bin 88 accepted 91702-01-22-02 
GROJ1655-40 bin 92 accepted 91702-01-24-00 
GROJ1655-40 bin 94 accepted 91702-01-24-03 
GROJ1655-40 bin 93 accepted 91702-01-24-02 
GROJ1655-40 bin 95 accepted 91702-01-25-02 
GROJ1655-40 bin 97 accepted 91702-01-25-00 
GROJ1655-40 bin 98 accepted 91702-01-26-02 
GROJ1655-40 bin 96 accepted 91702-01-25-01 
GROJ1655-40 bin 99 accepted 91702-01-26-00 
GROJ1655-40 bin 91 accepted 91702-01-23-00 
GROJ1655-40 bin 101 accepted 91702-01-27-00 
GROJ1655-40 bin 102 accepted 91702-01-27-01 
GROJ1655-40 bin 100 accepted 91702-01-26-01 
GROJ1655-40 bin 104 accepted 91702-01-27-02 
GROJ1655-40 bin 105 accepted 91702-01-28-01 
GROJ1655-40 bin 103 accepted 91702-01-28-00 
GROJ1655-40 bin 106 accepted 91702-01-28-02 
GROJ1655-40 bin 107 accepted 91702-01-29-00 
GROJ1655-40 bin 108 accepted 91702-01-29-01 
GROJ1655-40 bin 110 accepted 91702-01-29-02 
GROJ1655-40 bin 111 accepted 91702-01-30-01 
GROJ1655-40 bin 112 accepted 91702-01-30-02 
GROJ1655-40 bin 109 accepted 91702-01-30-00 
GROJ1655-40 bin 113 accepted 91702-01-30-03 
GROJ1655-40 bin 114 accepted 91702-01-30-04 
GROJ1655-40 bin 115 accepted 91702-01-31-01 
GROJ1655-40 bin 116 accepted 91702-01-31-02 
GROJ1655-40 bin 118 accepted 91702-01-31-04 
GROJ1655-40 bin 117 accepted 91702-01-31-03 
GROJ1655-40 bin 120 accepted 91702-01-32-01 
GROJ1655-40 bin 121 accepted 91702-01-32-02 
GROJ1655-40 bin 119 accepted 91702-01-31-00 
GROJ1655-40 bin 123 accepted 91702-01-33-01 
GROJ1655-40 bin 122 accepted 91702-01-32-00 
GROJ1655-40 bin 124 accepted 91702-01-33-00 
GROJ1655-40 bin 127 accepted 91702-01-35-02 
GROJ1655-40 bin 125 accepted 91702-01-34-00 
GROJ1655-40 bin 126 accepted 91702-01-34-01 
GROJ1655-40 bin 129 accepted 91702-01-35-01 
GROJ1655-40 bin 128 accepted 91702-01-35-00 
GROJ1655-40 bin 130 accepted 91702-01-36-01 
GROJ1655-40 bin 131 accepted 91702-01-36-03 
GROJ1655-40 bin 133 accepted 91702-01-37-01 
GROJ1655-40 bin 135 accepted 91702-01-38-00 
GROJ1655-40 bin 136 accepted 91702-01-38-03 
GROJ1655-40 bin 132 accepted 91702-01-36-00 
GROJ1655-40 bin 137 accepted 91702-01-39-00 
GROJ1655-40 bin 134 accepted 91702-01-37-00 
GROJ1655-40 bin 138 accepted 91702-01-40-03 
GROJ1655-40 bin 139 accepted 91702-01-40-02 
GROJ1655-40 bin 140 accepted 91702-01-40-00 
GROJ1655-40 bin 141 accepted 91702-01-41-01 
GROJ1655-40 bin 147 accepted 91702-01-43-00 
GROJ1655-40 bin 143 accepted 91702-01-41-02 
GROJ1655-40 bin 142 accepted 91702-01-41-00 
GROJ1655-40 bin 144 accepted 91702-01-38-01 
GROJ1655-40 bin 146 accepted 91702-01-43-01 
GROJ1655-40 bin 150 accepted 91702-01-44-01 
GROJ1655-40 bin 148 accepted 91702-01-44-00 
GROJ1655-40 bin 145 accepted 91702-01-42-00 
GROJ1655-40 bin 149 accepted 91702-01-44-03 
GROJ1655-40 bin 151 accepted 91702-01-44-02 
GROJ1655-40 bin 153 accepted 91702-01-45-01 
GROJ1655-40 bin 154 accepted 91702-01-46-02 
GROJ1655-40 bin 152 accepted 91702-01-45-00 
GROJ1655-40 bin 155 accepted 91702-01-47-00 
GROJ1655-40 bin 157 accepted 91702-01-49-01 
GROJ1655-40 bin 156 accepted 91702-01-48-00 
GROJ1655-40 bin 159 accepted 91702-01-49-02 
GROJ1655-40 bin 161 accepted 91702-01-50-03 
GROJ1655-40 bin 165 accepted 91702-01-51-02 
GROJ1655-40 bin 158 accepted 91702-01-49-00 
GROJ1655-40 bin 162 accepted 91702-01-50-01 
GROJ1655-40 bin 163 accepted 91702-01-51-01 
GROJ1655-40 bin 160 accepted 91702-01-50-00 
GROJ1655-40 bin 167 accepted 91702-01-52-01 
GROJ1655-40 bin 164 accepted 91702-01-51-00 
GROJ1655-40 bin 166 accepted 91702-01-52-00G 
GROJ1655-40 bin 169 accepted 91702-01-52-03 
GROJ1655-40 bin 168 accepted 91702-01-52-02 
GROJ1655-40 bin 170 accepted 91702-01-53-01 
GROJ1655-40 bin 172 accepted 91702-01-53-03 
GROJ1655-40 bin 173 accepted 91702-01-53-04 
GROJ1655-40 bin 174 accepted 91702-01-54-00 
GROJ1655-40 bin 171 accepted 91702-01-53-02 
GROJ1655-40 bin 175 accepted 91702-01-54-01 
GROJ1655-40 bin 176 EMPTY 91702-01-54-02 high_deadtime
GROJ1655-40 bin 182 accepted 91702-01-56-03 
GROJ1655-40 bin 177 accepted 91702-01-54-03 
GROJ1655-40 bin 179 accepted 91702-01-55-01 
GROJ1655-40 bin 180 accepted 91702-01-55-02 
GROJ1655-40 bin 181 accepted 91702-01-56-02 
GROJ1655-40 bin 178 accepted 91702-01-55-00 
GROJ1655-40 bin 183 accepted 91702-01-56-04 
GROJ1655-40 bin 186 EMPTY 91702-01-58-04 high_deadtime
GROJ1655-40 bin 185 EMPTY 91702-01-58-03 high_deadtime
GROJ1655-40 bin 184 EMPTY 91702-01-56-00G high_deadtime
GROJ1655-40 bin 187 accepted 91702-01-58-02 
GROJ1655-40 bin 189 EMPTY 91702-01-59-00 high_deadtime
GROJ1655-40 bin 188 accepted 91702-01-57-00G 
GROJ1655-40 bin 193 accepted 91702-01-60-02 
GROJ1655-40 bin 191 EMPTY 91702-01-59-02 high_deadtime
GROJ1655-40 bin 192 accepted 91702-01-58-01 
GROJ1655-40 bin 190 EMPTY 91702-01-58-00 high_deadtime
GROJ1655-40 bin 194 accepted 91702-01-60-00 
GROJ1655-40 bin 195 accepted 91702-01-60-01 
GROJ1655-40 bin 198 accepted 91702-01-61-02 
GROJ1655-40 bin 197 accepted 91702-01-61-01 
GROJ1655-40 bin 200 accepted 91702-01-62-01 
GROJ1655-40 bin 199 accepted 91702-01-61-03 
GROJ1655-40 bin 196 accepted 91702-01-61-00 
GROJ1655-40 bin 202 accepted 91702-01-63-01 
GROJ1655-40 bin 201 accepted 91702-01-62-00 
GROJ1655-40 bin 204 accepted 91702-01-64-02 
GROJ1655-40 bin 205 accepted 91702-01-64-03 
GROJ1655-40 bin 206 accepted 91702-01-64-00 
GROJ1655-40 bin 211 accepted 91702-01-66-05 
GROJ1655-40 bin 203 accepted 91702-01-63-00 
GROJ1655-40 bin 207 accepted 91702-01-65-00 
GROJ1655-40 bin 208 accepted 91702-01-65-03 
GROJ1655-40 bin 209 accepted 91702-01-66-00 
GROJ1655-40 bin 210 accepted 91702-01-66-03 
GROJ1655-40 bin 212 accepted 91702-01-65-02 
GROJ1655-40 bin 214 accepted 91702-01-67-00 
GROJ1655-40 bin 213 accepted 91702-01-66-01 
GROJ1655-40 bin 215 accepted 91702-01-67-01 
GROJ1655-40 bin 218 accepted 91702-01-67-04 
GROJ1655-40 bin 216 accepted 91702-01-67-02 
GROJ1655-40 bin 219 accepted 91702-01-67-05 
GROJ1655-40 bin 217 accepted 91702-01-67-03 
GROJ1655-40 bin 220 accepted 91702-01-68-00 
GROJ1655-40 bin 221 accepted 91702-01-68-03 
GROJ1655-40 bin 222 accepted 91702-01-68-04 
GROJ1655-40 bin 223 accepted 91702-01-69-00 
GROJ1655-40 bin 225 accepted 91702-01-68-01 
GROJ1655-40 bin 224 accepted 91702-01-66-02 
GROJ1655-40 bin 226 accepted 91702-01-68-02 
GROJ1655-40 bin 227 accepted 91702-01-69-01 
GROJ1655-40 bin 228 accepted 91702-01-69-02 
GROJ1655-40 bin 230 accepted 91702-01-70-02 
GROJ1655-40 bin 229 accepted 91702-01-70-00 
GROJ1655-40 bin 231 accepted 91702-01-72-02 
GROJ1655-40 bin 232 accepted 91702-01-72-00 
GROJ1655-40 bin 233 accepted 91702-01-72-01G 
GROJ1655-40 bin 234 accepted 91702-01-73-00 
GROJ1655-40 bin 235 accepted 91702-01-73-02 
GROJ1655-40 bin 236 accepted 91702-01-73-03 
GROJ1655-40 bin 237 accepted 91702-01-73-01 
GROJ1655-40 bin 243 accepted 91702-01-78-00 
GROJ1655-40 bin 238 accepted 91702-01-77-00 
GROJ1655-40 bin 239 accepted 91702-01-77-01 
GROJ1655-40 bin 240 accepted 91702-01-77-02 
GROJ1655-40 bin 241 accepted 91702-01-77-03 
GROJ1655-40 bin 242 accepted 91702-01-78-04 
GROJ1655-40 bin 245 accepted 91702-01-78-02 
GROJ1655-40 bin 244 accepted 91702-01-78-01 
GROJ1655-40 bin 246 accepted 91702-01-78-03 
GROJ1655-40 bin 247 accepted 91702-01-83-00 
GROJ1655-40 bin 248 accepted 91702-01-83-04 
GROJ1655-40 bin 250 accepted 91702-01-84-00 
GROJ1655-40 bin 252 accepted 91702-01-84-04 
GROJ1655-40 bin 251 accepted 91702-01-83-02 
GROJ1655-40 bin 253 accepted 91702-01-84-01 
GROJ1655-40 bin 249 accepted 91702-01-83-01 
GROJ1655-40 bin 254 accepted 91702-01-85-00 
GROJ1655-40 bin 255 accepted 91702-01-84-03 
GROJ1655-40 bin 258 accepted 91702-01-89-01 
GROJ1655-40 bin 256 accepted 91702-01-89-00 
GROJ1655-40 bin 257 accepted 91702-01-90-00 
GROJ1655-40 bin 260 accepted 91702-01-91-01 
GROJ1655-40 bin 259 accepted 91702-01-90-02 
GROJ1655-40 bin 261 accepted 91702-01-91-00 
GROJ1655-40 bin 262 accepted 91702-01-92-01 
GROJ1655-40 bin 263 accepted 91702-01-92-00 
GROJ1655-40 bin 264 accepted 91702-01-93-02 
GROJ1655-40 bin 265 accepted 91702-01-93-00 
GROJ1655-40 bin 266 accepted 91702-01-94-00 
GROJ1655-40 bin 268 accepted 91702-01-95-02 
GROJ1655-40 bin 267 accepted 91702-01-95-00 
GROJ1655-40 bin 269 accepted 91702-01-96-00 
GROJ1655-40 bin 271 accepted 91702-01-97-01 
GROJ1655-40 bin 270 accepted 91702-01-97-00 
GROJ1655-40 bin 272 accepted 91702-01-97-02 
GROJ1655-40 bin 273 accepted 91702-01-98-00 
GROJ1655-40 bin 279 accepted 91702-01-01-13 
GROJ1655-40 bin 274 accepted 91702-01-98-01 
GROJ1655-40 bin 275 accepted 91702-01-96-01 
GROJ1655-40 bin 276 accepted 91702-01-01-14 
GROJ1655-40 bin 277 accepted 91702-01-01-10 
GROJ1655-40 bin 278 accepted 91702-01-02-10 
GROJ1655-40 bin 280 accepted 91702-01-01-11G 
GROJ1655-40 bin 281 accepted 91702-01-01-12 
GROJ1655-40 bin 282 accepted 91702-01-03-10 
GROJ1655-40 bin 284 accepted 91702-01-05-11 
GROJ1655-40 bin 283 accepted 91702-01-04-10 
GROJ1655-40 bin 285 accepted 91702-01-05-12 
GROJ1655-40 bin 287 accepted 91702-01-06-11 
GROJ1655-40 bin 286 accepted 91702-01-05-10 
GROJ1655-40 bin 290 accepted 91702-01-08-10 
GROJ1655-40 bin 289 accepted 91702-01-07-10 
GROJ1655-40 bin 291 accepted 91702-01-08-11 
GROJ1655-40 bin 288 accepted 91702-01-06-10 
GROJ1655-40 bin 295 accepted 91702-01-11-11 
GROJ1655-40 bin 297 accepted 91702-01-10-11 
GROJ1655-40 bin 293 accepted 91702-01-09-11 
GROJ1655-40 bin 296 accepted 91702-01-11-12 
GROJ1655-40 bin 294 accepted 91702-01-10-10 
GROJ1655-40 bin 292 accepted 91702-01-09-10 
GROJ1655-40 bin 300 accepted 91702-01-12-11 
GROJ1655-40 bin 299 accepted 91702-01-12-13 
GROJ1655-40 bin 302 accepted 91702-01-12-12 
GROJ1655-40 bin 298 accepted 91702-01-11-10 
GROJ1655-40 bin 307 accepted 91702-01-17-11 
GROJ1655-40 bin 301 accepted 91702-01-12-10 
GROJ1655-40 bin 303 accepted 91702-01-14-10 
GROJ1655-40 bin 305 accepted 91702-01-15-10 
GROJ1655-40 bin 309 accepted 91702-01-17-13 
GROJ1655-40 bin 308 accepted 91702-01-17-10 
GROJ1655-40 bin 304 accepted 91702-01-13-10 
GROJ1655-40 bin 310 accepted 91702-01-17-14 
GROJ1655-40 bin 311 accepted 91702-01-18-10 
GROJ1655-40 bin 306 accepted 91702-01-16-10 
GROJ1655-40 bin 314 accepted 91702-01-19-13 
GROJ1655-40 bin 312 accepted 91702-01-19-11 
GROJ1655-40 bin 313 accepted 91702-01-19-10 
GROJ1655-40 bin 315 accepted 91702-01-19-12 
GROJ1655-40 bin 316 accepted 91702-01-19-14 
GROJ1655-40 bin 319 accepted 91702-01-22-11 
GROJ1655-40 bin 318 accepted 91702-01-21-11 
GROJ1655-40 bin 321 accepted 91702-01-23-12 
GROJ1655-40 bin 320 accepted 91702-01-22-10 
GROJ1655-40 bin 317 accepted 91702-01-21-10 
GROJ1655-40 bin 322 accepted 91702-01-23-10 
GROJ1655-40 bin 323 accepted 91702-01-21-12 
GROJ1655-40 bin 326 accepted 91702-01-25-10 
GROJ1655-40 bin 327 accepted 91702-01-25-11 
GROJ1655-40 bin 324 accepted 91702-01-24-10 
GROJ1655-40 bin 325 accepted 91702-01-23-11 
GROJ1655-40 bin 328 accepted 91702-01-26-10 
GROJ1655-40 bin 329 accepted 91702-01-27-10 
GROJ1655-40 bin 330 accepted 91702-01-28-10 
GROJ1655-40 bin 333 accepted 91702-01-27-13 
GROJ1655-40 bin 331 accepted 91702-01-27-11 
GROJ1655-40 bin 332 accepted 91702-01-27-12 
GROJ1655-40 bin 334 accepted 91702-01-29-10 
GROJ1655-40 bin 335 accepted 91702-01-31-10 
GROJ1655-40 bin 337 accepted 91702-01-33-10 
GROJ1655-40 bin 339 accepted 91702-01-33-11 
GROJ1655-40 bin 338 accepted 91702-01-33-12 
GROJ1655-40 bin 340 accepted 91702-01-34-10 
GROJ1655-40 bin 341 accepted 91702-01-34-12 
GROJ1655-40 bin 345 accepted 91702-01-39-10 
GROJ1655-40 bin 336 accepted 91702-01-32-10 
GROJ1655-40 bin 342 accepted 91702-01-35-10 
GROJ1655-40 bin 344 accepted 91702-01-39-12 
GROJ1655-40 bin 347 accepted 91702-01-40-10 
GROJ1655-40 bin 346 accepted 91702-01-39-13 
GROJ1655-40 bin 343 accepted 91702-01-35-11 
GROJ1655-40 bin 348 accepted 91702-01-40-13 
GROJ1655-40 bin 349 accepted 91702-01-40-14 
GROJ1655-40 bin 351 accepted 91702-01-40-11 
GROJ1655-40 bin 353 accepted 91702-01-41-10 
GROJ1655-40 bin 352 accepted 91702-01-41-13 
GROJ1655-40 bin 354 accepted 91702-01-41-14 
GROJ1655-40 bin 350 accepted 91702-01-39-11 
GROJ1655-40 bin 355 accepted 91702-01-41-12 
GROJ1655-40 bin 356 accepted 91702-01-41-11 
GROJ1655-40 bin 358 accepted 91702-01-45-11 
GROJ1655-40 bin 359 accepted 91702-01-46-11 
GROJ1655-40 bin 364 accepted 91702-01-48-10 
GROJ1655-40 bin 360 accepted 91702-01-46-10 
GROJ1655-40 bin 357 accepted 91702-01-45-10 
GROJ1655-40 bin 361 accepted 91702-01-47-12 
GROJ1655-40 bin 363 accepted 91702-01-47-10 
GROJ1655-40 bin 365 accepted 91702-01-48-12 
GROJ1655-40 bin 362 accepted 91702-01-46-12 
GROJ1655-40 bin 366 accepted 91702-01-48-11 
GROJ1655-40 bin 367 accepted 91702-01-49-11 
GROJ1655-40 bin 368 accepted 91702-01-49-13 
GROJ1655-40 bin 371 accepted 91702-01-52-13 
GROJ1655-40 bin 370 accepted 91702-01-50-11 
GROJ1655-40 bin 372 accepted 91702-01-52-14 
GROJ1655-40 bin 373 accepted 91702-01-52-17 
GROJ1655-40 bin 369 accepted 91702-01-50-10 
GROJ1655-40 bin 374 accepted 91702-01-52-16 
GROJ1655-40 bin 375 accepted 91702-01-52-15 
GROJ1655-40 bin 376 accepted 91702-01-51-12 
GROJ1655-40 bin 379 accepted 91702-01-51-15 
GROJ1655-40 bin 378 accepted 91702-01-51-13 
GROJ1655-40 bin 380 accepted 91702-01-52-12 
GROJ1655-40 bin 381 accepted 91702-01-52-11 
GROJ1655-40 bin 382 accepted 91702-01-52-10 
GROJ1655-40 bin 383 accepted 91702-01-50-13 
GROJ1655-40 bin 384 accepted 91702-01-50-15 
GROJ1655-40 bin 377 accepted 91702-01-51-10 
GROJ1655-40 bin 387 accepted 91702-01-46-04 
GROJ1655-40 bin 386 accepted 91702-01-46-00 
GROJ1655-40 bin 385 accepted 91702-01-46-01 
GROJ1655-40 bin 390 accepted 91702-01-74-00 
GROJ1655-40 bin 389 accepted 91702-01-71-00 
GROJ1655-40 bin 388 accepted 91702-01-71-01 
GROJ1655-40 bin 391 accepted 91702-01-74-02 
GROJ1655-40 bin 393 accepted 91702-01-75-03 
GROJ1655-40 bin 395 accepted 91702-01-71-02 
GROJ1655-40 bin 394 accepted 91702-01-76-02 
GROJ1655-40 bin 392 accepted 91702-01-75-00 
GROJ1655-40 bin 397 accepted 91702-01-71-04 
GROJ1655-40 bin 402 accepted 91702-01-81-00 
GROJ1655-40 bin 398 accepted 91702-01-79-01 
GROJ1655-40 bin 399 accepted 91702-01-79-00 
GROJ1655-40 bin 401 accepted 91702-01-80-01 
GROJ1655-40 bin 396 accepted 91702-01-76-00 
GROJ1655-40 bin 403 accepted 91702-01-81-01 
GROJ1655-40 bin 404 accepted 91702-01-81-02 
GROJ1655-40 bin 400 accepted 91702-01-80-00 
GROJ1655-40 bin 405 accepted 91702-01-87-03 
GROJ1655-40 bin 406 accepted 91702-01-82-00 
GROJ1655-40 bin 412 accepted 91702-01-86-04 
GROJ1655-40 bin 407 accepted 91704-01-01-00 
GROJ1655-40 bin 410 accepted 91702-01-86-00 
GROJ1655-40 bin 409 accepted 91704-01-01-02 
GROJ1655-40 bin 411 accepted 91702-01-86-01 
GROJ1655-40 bin 413 accepted 91702-01-86-05 
GROJ1655-40 bin 408 accepted 91704-01-01-01 
GROJ1655-40 bin 414 accepted 91702-01-87-00 
GROJ1655-40 bin 416 accepted 91702-01-87-04 
GROJ1655-40 bin 415 accepted 91702-01-87-01 
GROJ1655-40 bin 417 accepted 91702-01-87-02 
GROJ1655-40 bin 418 accepted 91702-01-88-00 
GROJ1655-40 bin 419 accepted 91702-01-88-03 
GROJ1655-40 bin 420 accepted 91702-01-88-02 
GROJ1655-40 bin 422 accepted 91702-01-20-10 
GROJ1655-40 bin 421 accepted 91702-01-88-01 
GROJ1655-40 bin 423 accepted 91702-01-20-12 
GROJ1655-40 bin 425 accepted 91702-01-30-10 
GROJ1655-40 bin 424 accepted 91702-01-20-11 
GROJ1655-40 bin 427 accepted 91702-01-30-14 
GROJ1655-40 bin 426 accepted 91702-01-30-13 
GROJ1655-40 bin 428 accepted 91702-01-88-05 
GROJ1655-40 bin 429 accepted 91702-01-30-12 
GROJ1655-40 bin 430 accepted 91702-01-30-11 
GROJ1655-40 bin 432 accepted 91702-01-37-12 
GROJ1655-40 bin 433 accepted 91702-01-37-11 
GROJ1655-40 bin 435 accepted 91702-01-38-13 
GROJ1655-40 bin 434 accepted 91702-01-38-10 
GROJ1655-40 bin 431 accepted 91702-01-37-10 
GROJ1655-40 bin 436 accepted 91702-01-36-11 
GRS1915+105 bin 2 accepted 50703-01-11-00 
GROJ1655-40 bin 437 accepted 91702-01-38-11 
GRS1915+105 bin 0 accepted 50703-01-10-00 
GROJ1655-40 bin 438 accepted 91702-01-36-12 
GRS1915+105 bin 1 accepted 50703-01-10-01 
GROJ1655-40 bin 439 accepted 91702-01-42-11 
GRS1915+105 bin 3 accepted 50703-01-11-01 
GRS1915+105 bin 4 accepted 50703-01-11-02 
GRS1915+105 bin 6 accepted 50703-01-12-01 
GRS1915+105 bin 5 accepted 50703-01-12-00 
GRS1915+105 bin 7 accepted 50703-01-12-03 
GRS1915+105 bin 8 accepted 50703-01-13-00 
GRS1915+105 bin 9 accepted 50703-01-13-01 
GRS1915+105 bin 10 accepted 50703-01-13-02 
GRS1915+105 bin 12 accepted 50703-01-14-01 
GRS1915+105 bin 11 accepted 50703-01-14-00 
GRS1915+105 bin 13 accepted 50703-01-14-02 
GRS1915+105 bin 14 accepted 50703-01-15-00 
GRS1915+105 bin 15 accepted 50703-01-15-01 
GRS1915+105 bin 16 accepted 50703-01-15-02 
GRS1915+105 bin 17 accepted 50703-01-15-03 
GRS1915+105 bin 18 accepted 50703-01-16-01 
GRS1915+105 bin 20 accepted 50703-01-16-03 
GRS1915+105 bin 19 accepted 50703-01-16-00 
GRS1915+105 bin 21 accepted 50703-01-17-00 
GRS1915+105 bin 22 accepted 50703-01-05-02 
GRS1915+105 bin 24 accepted 50703-01-18-01 
GRS1915+105 bin 23 accepted 50703-01-18-00 
GRS1915+105 bin 25 accepted 50125-01-01-00 
GRS1915+105 bin 26 accepted 50125-01-01-01 
GRS1915+105 bin 27 accepted 50125-01-01-02 
GRS1915+105 bin 28 accepted 50125-01-01-03 
GRS1915+105 bin 30 accepted 50125-01-02-02 
GRS1915+105 bin 31 accepted 50125-01-02-01 
GRS1915+105 bin 29 accepted 50125-01-01-04 
GRS1915+105 bin 32 accepted 50125-01-02-00 
GRS1915+105 bin 34 accepted 50703-01-19-00 
GRS1915+105 bin 36 accepted 50703-01-19-02 
GRS1915+105 bin 35 accepted 50703-01-19-01 
GRS1915+105 bin 37 accepted 50703-01-19-03 
GRS1915+105 bin 38 accepted 50703-01-20-00 
GRS1915+105 bin 41 accepted 50703-01-21-00 
GRS1915+105 bin 39 accepted 50703-01-20-01 
GRS1915+105 bin 40 accepted 50703-01-20-02 
GRS1915+105 bin 33 accepted 50125-01-03-00 
GRS1915+105 bin 42 accepted 50703-01-21-01 
GRS1915+105 bin 43 accepted 50703-01-21-02 
GRS1915+105 bin 44 accepted 50703-01-22-00 
GRS1915+105 bin 46 accepted 50703-01-24-00 
GRS1915+105 bin 47 accepted 50703-01-25-00 
GRS1915+105 bin 45 accepted 50703-01-23-00 
GRS1915+105 bin 48 accepted 50703-01-25-02 
GRS1915+105 bin 49 accepted 50703-01-25-01 
GRS1915+105 bin 50 accepted 50703-01-27-03 
GRS1915+105 bin 51 accepted 50703-01-28-00 
GRS1915+105 bin 52 accepted 50703-01-28-01 
GRS1915+105 bin 53 accepted 50703-01-28-02 
GRS1915+105 bin 54 accepted 50703-01-29-00 
GRS1915+105 bin 55 accepted 50703-01-30-00 
GRS1915+105 bin 56 accepted 50703-01-31-00 
GRS1915+105 bin 57 accepted 50703-01-31-01 
GRS1915+105 bin 58 accepted 50703-01-32-00 
GRS1915+105 bin 60 accepted 50703-01-33-01 
GRS1915+105 bin 64 accepted 50703-01-34-01 
GRS1915+105 bin 59 accepted 50703-01-33-00 
GRS1915+105 bin 63 accepted 50703-01-34-00 
GRS1915+105 bin 61 accepted 50405-01-04-00 
GRS1915+105 bin 62 accepted 50405-01-04-01 
GRS1915+105 bin 65 accepted 50703-01-34-02 
GRS1915+105 bin 66 accepted 50703-01-34-03 
GRS1915+105 bin 67 accepted 50703-01-35-00 
GRS1915+105 bin 68 accepted 50703-01-35-01 
GRS1915+105 bin 70 accepted 50703-01-36-01 
GRS1915+105 bin 72 accepted 50703-01-37-01 
GRS1915+105 bin 71 accepted 50703-01-36-00G 
GRS1915+105 bin 69 accepted 50703-01-35-02 
GRS1915+105 bin 73 accepted 50703-01-37-00 
GRS1915+105 bin 74 accepted 50703-01-38-00 
GRS1915+105 bin 76 accepted 50703-01-39-00 
GRS1915+105 bin 77 accepted 50703-01-40-00 
GRS1915+105 bin 75 accepted 50703-01-38-01 
GRS1915+105 bin 78 accepted 50703-01-41-00 
GRS1915+105 bin 79 accepted 50703-01-41-01 
GRS1915+105 bin 80 accepted 50703-01-41-02 
GRS1915+105 bin 81 accepted 50703-01-42-00 
GRS1915+105 bin 82 accepted 50703-01-42-01 
GRS1915+105 bin 83 accepted 50703-01-42-02 
GRS1915+105 bin 84 accepted 50703-01-43-00 
GRS1915+105 bin 85 accepted 50703-01-43-02 
GRS1915+105 bin 86 accepted 50703-01-43-01 
GRS1915+105 bin 88 accepted 50703-01-45-00 
GRS1915+105 bin 87 accepted 50703-01-44-00G 
GRS1915+105 bin 89 accepted 50703-01-46-00 
GRS1915+105 bin 90 accepted 50703-01-46-01 
GRS1915+105 bin 91 accepted 50703-01-46-02 
GRS1915+105 bin 92 accepted 50703-01-47-00 
GRS1915+105 bin 93 accepted 50703-01-47-01 
GRS1915+105 bin 95 accepted 50703-01-47-03 
GRS1915+105 bin 94 accepted 50703-01-47-02 
GRS1915+105 bin 96 accepted 50703-01-48-00 
GRS1915+105 bin 97 accepted 50703-01-48-01 
GRS1915+105 bin 98 accepted 50703-01-48-02 
GRS1915+105 bin 99 accepted 50703-01-44-01 
GRS1915+105 bin 101 accepted 50703-01-50-02 
GRS1915+105 bin 102 accepted 50703-01-50-00 
GRS1915+105 bin 103 accepted 50703-01-50-01 
GRS1915+105 bin 104 accepted 50703-01-51-00 
GRS1915+105 bin 100 accepted 50703-01-49-00 
GRS1915+105 bin 105 accepted 50703-01-51-01 
GRS1915+105 bin 106 accepted 60405-01-01-00 
GRS1915+105 bin 108 accepted 50703-01-52-00 
GRS1915+105 bin 109 accepted 50703-01-52-01 
GRS1915+105 bin 110 accepted 50703-01-53-00 
GRS1915+105 bin 107 accepted 60405-01-01-01 
GRS1915+105 bin 111 accepted 50703-01-53-01 
GRS1915+105 bin 112 accepted 50703-01-53-02 
GRS1915+105 bin 114 accepted 50703-01-54-01 
GRS1915+105 bin 115 accepted 50703-01-54-02 
GRS1915+105 bin 116 accepted 50703-01-55-00 
GRS1915+105 bin 113 accepted 50703-01-54-00 
GRS1915+105 bin 118 accepted 50703-01-56-00 
GRS1915+105 bin 121 accepted 50703-01-60-00 
GRS1915+105 bin 117 accepted 50703-01-55-01 
GRS1915+105 bin 122 accepted 50703-01-60-01 
GRS1915+105 bin 120 accepted 50703-01-58-00 
GRS1915+105 bin 119 accepted 50703-01-57-00 
GRS1915+105 bin 123 accepted 50703-01-60-02 
GRS1915+105 bin 129 accepted 50703-01-62-01 
GRS1915+105 bin 125 accepted 50703-01-61-00 
GRS1915+105 bin 127 accepted 50703-01-61-02 
GRS1915+105 bin 128 accepted 50703-01-62-00 
GRS1915+105 bin 126 accepted 50703-01-61-01 
GRS1915+105 bin 130 accepted 50703-01-62-02 
GRS1915+105 bin 124 accepted 60405-01-02-00 
GRS1915+105 bin 134 accepted 50703-01-65-00 
GRS1915+105 bin 133 accepted 50703-01-64-00 
GRS1915+105 bin 132 accepted 50703-01-63-00 
GRS1915+105 bin 131 accepted 50703-01-62-03 
GRS1915+105 bin 135 accepted 50703-01-66-00 
GRS1915+105 bin 136 EMPTY 50703-01-65-01 short_exposure
GRS1915+105 bin 139 accepted 60405-01-04-06 
GRS1915+105 bin 137 accepted 60405-01-04-01 
GRS1915+105 bin 138 accepted 60405-01-04-05 
GRS1915+105 bin 140 accepted 60702-01-01-02 
GRS1915+105 bin 141 accepted 60702-01-01-00 
GRS1915+105 bin 142 accepted 60702-01-01-03 
GRS1915+105 bin 143 accepted 60702-01-01-04 
GRS1915+105 bin 144 accepted 60702-01-01-05 
GRS1915+105 bin 145 accepted 60702-01-01-06 
GRS1915+105 bin 146 accepted 60702-01-01-07 
GRS1915+105 bin 147 accepted 60702-01-01-10 
GRS1915+105 bin 148 accepted 60702-01-01-11 
GRS1915+105 bin 152 accepted 60702-01-01-15 
GRS1915+105 bin 151 accepted 60702-01-01-14 
GRS1915+105 bin 149 accepted 60702-01-01-12 
GRS1915+105 bin 150 accepted 60702-01-01-13 
GRS1915+105 bin 153 accepted 60702-01-01-16 
GRS1915+105 bin 154 accepted 60702-01-01-17 
GRS1915+105 bin 155 accepted 60702-01-01-18 
GRS1915+105 bin 156 accepted 60702-01-01-19 
GRS1915+105 bin 158 accepted 60702-01-01-23G 
GRS1915+105 bin 157 accepted 60702-01-01-22 
GRS1915+105 bin 159 accepted 60702-01-01-24 
GRS1915+105 bin 160 accepted 60702-01-01-25 
GRS1915+105 bin 162 accepted 60702-01-01-27 
GRS1915+105 bin 161 accepted 60702-01-01-26G 
GRS1915+105 bin 163 accepted 60702-01-01-28 
GRS1915+105 bin 164 accepted 60702-01-01-29 
GRS1915+105 bin 165 accepted 50703-01-67-00 
GRS1915+105 bin 169 accepted 60701-01-01-01 
GRS1915+105 bin 167 accepted 50703-01-67-02 
GRS1915+105 bin 166 accepted 50703-01-67-01 
GRS1915+105 bin 168 accepted 60701-01-01-00 
GRS1915+105 bin 170 accepted 60405-01-03-00 
GRS1915+105 bin 172 accepted 60100-01-01-00 
GRS1915+105 bin 175 accepted 60100-01-03-01 
GRS1915+105 bin 174 accepted 60100-01-02-00 
GRS1915+105 bin 176 accepted 60100-01-01-01 
GRS1915+105 bin 178 accepted 60701-01-02-00 
GRS1915+105 bin 171 accepted 60100-01-01-000 
GRS1915+105 bin 179 accepted 60701-01-01-02 
GRS1915+105 bin 180 accepted 60701-01-03-00 
GRS1915+105 bin 173 accepted 60100-01-02-000 
GRS1915+105 bin 177 accepted 60100-01-03-00 
GRS1915+105 bin 181 accepted 60701-01-04-00 
GRS1915+105 bin 183 accepted 60701-01-05-00 
GRS1915+105 bin 182 accepted 60701-01-04-01 
GRS1915+105 bin 184 accepted 60701-01-05-01 
GRS1915+105 bin 185 accepted 60701-01-06-00 
GRS1915+105 bin 186 accepted 60701-01-06-02 
GRS1915+105 bin 187 accepted 60701-01-06-01 
GRS1915+105 bin 188 accepted 60701-01-06-03 
GRS1915+105 bin 189 accepted 60701-01-07-00 
GRS1915+105 bin 190 accepted 60701-01-07-01 
GRS1915+105 bin 191 accepted 60701-01-07-02 
GRS1915+105 bin 192 accepted 60701-01-08-00 
GRS1915+105 bin 194 accepted 60701-01-11-00 
GRS1915+105 bin 193 accepted 60701-01-09-00 
GRS1915+105 bin 195 accepted 60701-01-11-01 
GRS1915+105 bin 197 accepted 60701-01-12-00 
GRS1915+105 bin 196 accepted 60701-01-11-02 
GRS1915+105 bin 203 accepted 60701-01-13-03 
GRS1915+105 bin 198 accepted 60701-01-12-01 
GRS1915+105 bin 199 accepted 60701-01-12-02 
GRS1915+105 bin 200 accepted 60701-01-12-03 
GRS1915+105 bin 201 accepted 60701-01-13-02 
GRS1915+105 bin 202 accepted 60701-01-13-01 
GRS1915+105 bin 204 accepted 60701-01-13-00 
GRS1915+105 bin 208 accepted 60701-01-17-01 
GRS1915+105 bin 206 accepted 60701-01-15-00 
GRS1915+105 bin 209 accepted 60701-01-18-00 
GRS1915+105 bin 207 accepted 60701-01-17-00 
GRS1915+105 bin 205 accepted 60701-01-14-00 
GRS1915+105 bin 210 accepted 60701-01-18-01 
GRS1915+105 bin 211 accepted 60701-01-18-02 
GRS1915+105 bin 212 accepted 60701-01-19-00 
GRS1915+105 bin 214 accepted 60701-01-19-02 
GRS1915+105 bin 213 accepted 60701-01-19-01 
GRS1915+105 bin 215 accepted 60701-01-20-02 
GRS1915+105 bin 216 accepted 60701-01-20-00 
GRS1915+105 bin 217 accepted 60701-01-20-01 
GRS1915+105 bin 218 accepted 60701-01-21-01 
GRS1915+105 bin 219 accepted 60701-01-21-00 
GRS1915+105 bin 220 accepted 60701-01-21-02 
GRS1915+105 bin 221 accepted 60701-01-22-00 
GRS1915+105 bin 222 accepted 60701-01-23-00 
GRS1915+105 bin 223 accepted 60701-01-23-01 
GRS1915+105 bin 224 accepted 60701-01-24-00 
GRS1915+105 bin 225 accepted 60701-01-25-00 
GRS1915+105 bin 226 accepted 60701-01-25-01 
GRS1915+105 bin 227 accepted 60701-01-25-02 
GRS1915+105 bin 228 accepted 60701-01-25-03 
GRS1915+105 bin 229 accepted 60701-01-26-00 
GRS1915+105 bin 230 accepted 60701-01-26-01 
GRS1915+105 bin 231 accepted 60701-01-26-02 
GRS1915+105 bin 232 accepted 60701-01-26-03 
GRS1915+105 bin 233 accepted 60701-01-16-00 
GRS1915+105 bin 234 accepted 60701-01-16-01 
GRS1915+105 bin 238 accepted 60701-01-30-01 
GRS1915+105 bin 237 accepted 60701-01-30-00 
GRS1915+105 bin 235 accepted 60701-01-28-00 
GRS1915+105 bin 236 accepted 60701-01-29-00 
GRS1915+105 bin 239 accepted 60701-01-30-02 
GRS1915+105 bin 243 accepted 70703-01-01-02 
GRS1915+105 bin 244 accepted 70703-01-01-03 
GRS1915+105 bin 240 accepted 70703-01-01-14 
GRS1915+105 bin 241 accepted 70703-01-01-000 
GRS1915+105 bin 245 accepted 70703-01-01-04 
GRS1915+105 bin 242 accepted 70703-01-01-01 
GRS1915+105 bin 248 accepted 70703-01-01-07 
GRS1915+105 bin 246 accepted 70703-01-01-05 
GRS1915+105 bin 251 accepted 70703-01-01-10 
GRS1915+105 bin 247 accepted 70703-01-01-06 
GRS1915+105 bin 252 accepted 70703-01-01-11 
GRS1915+105 bin 250 accepted 70703-01-01-09 
GRS1915+105 bin 253 accepted 70703-01-01-12 
GRS1915+105 bin 249 accepted 70703-01-01-08 
GRS1915+105 bin 254 accepted 70703-01-01-13 
GRS1915+105 bin 255 accepted 60701-01-31-00 
GRS1915+105 bin 256 accepted 60701-01-31-01 
GRS1915+105 bin 262 accepted 70702-01-02-00 
GRS1915+105 bin 257 accepted 60701-01-32-00 
GRS1915+105 bin 259 accepted 60701-01-33-00 
GRS1915+105 bin 258 accepted 60701-01-32-01 
GRS1915+105 bin 260 accepted 60701-01-33-01 
GRS1915+105 bin 261 accepted 70702-01-01-00 
GRS1915+105 bin 263 accepted 70702-01-03-00 
GRS1915+105 bin 264 accepted 70702-01-04-00 
GRS1915+105 bin 265 accepted 70702-01-04-01 
GRS1915+105 bin 266 accepted 70702-01-04-02 
GRS1915+105 bin 267 accepted 70702-01-05-00 
GRS1915+105 bin 268 accepted 70702-01-05-01 
GRS1915+105 bin 270 accepted 70702-01-05-03 
GRS1915+105 bin 269 accepted 70702-01-05-02 
GRS1915+105 bin 271 accepted 70702-01-06-01 
GRS1915+105 bin 272 accepted 70702-01-07-00 
GRS1915+105 bin 273 accepted 70702-01-09-00 
GRS1915+105 bin 274 accepted 70702-01-11-01 
GRS1915+105 bin 276 accepted 70702-01-12-01 
GRS1915+105 bin 275 accepted 70702-01-12-00 
GRS1915+105 bin 277 accepted 70702-01-13-00 
GRS1915+105 bin 278 accepted 50125-01-04-01G 
GRS1915+105 bin 283 accepted 70702-01-14-00 
GRS1915+105 bin 280 accepted 50125-01-05-00G 
GRS1915+105 bin 279 accepted 50125-01-04-00 
GRS1915+105 bin 284 accepted 70702-01-15-00 
GRS1915+105 bin 281 accepted 50125-01-05-01 
GRS1915+105 bin 285 accepted 70702-01-16-00 
GRS1915+105 bin 287 accepted 70702-01-19-00 
GRS1915+105 bin 291 accepted 70702-01-21-01 
GRS1915+105 bin 286 accepted 70702-01-18-00 
GRS1915+105 bin 282 accepted 50125-01-06-00G 
GRS1915+105 bin 288 accepted 70702-01-20-00 
GRS1915+105 bin 290 accepted 70702-01-21-00 
GRS1915+105 bin 289 accepted 70702-01-20-01 
GRS1915+105 bin 292 accepted 70702-01-22-00 
GRS1915+105 bin 293 accepted 70702-01-23-00 
GRS1915+105 bin 295 accepted 70702-01-25-00 
GRS1915+105 bin 294 accepted 70702-01-24-00 
GRS1915+105 bin 296 accepted 70702-01-26-00 
GRS1915+105 bin 297 accepted 70702-01-26-01 
GRS1915+105 bin 298 accepted 70702-01-27-00 
GRS1915+105 bin 299 accepted 70702-01-12-02 
GRS1915+105 bin 301 accepted 70702-01-28-01 
GRS1915+105 bin 300 accepted 70702-01-28-00 
GRS1915+105 bin 302 accepted 70702-01-29-00 
GRS1915+105 bin 303 accepted 70702-01-30-00 
GRS1915+105 bin 304 accepted 70702-01-31-00 
GRS1915+105 bin 305 accepted 70702-01-33-00 
GRS1915+105 bin 306 accepted 70702-01-34-00 
GRS1915+105 bin 307 accepted 70702-01-35-00 
GRS1915+105 bin 309 accepted 70702-01-36-00 
GRS1915+105 bin 308 accepted 70702-01-35-01 
GRS1915+105 bin 312 accepted 70702-01-38-01G 
GRS1915+105 bin 311 accepted 70702-01-38-00 
GRS1915+105 bin 310 accepted 70702-01-37-00 
GRS1915+105 bin 314 accepted 70702-01-40-00 
GRS1915+105 bin 313 accepted 70702-01-39-00 
GRS1915+105 bin 315 accepted 70702-01-41-00 
GRS1915+105 bin 316 accepted 70702-01-41-01 
GRS1915+105 bin 317 accepted 70702-01-42-00 
GRS1915+105 bin 320 accepted 80127-01-02-01 
GRS1915+105 bin 319 accepted 60701-01-27-00 
GRS1915+105 bin 318 accepted 70702-01-43-00 
GRS1915+105 bin 321 accepted 80127-01-02-00 
GRS1915+105 bin 322 accepted 70702-01-46-00 
GRS1915+105 bin 324 accepted 70702-01-48-00 
GRS1915+105 bin 325 accepted 70702-01-48-01 
GRS1915+105 bin 327 accepted 80127-02-02-02 
GRS1915+105 bin 326 accepted 80127-02-01-00 
GRS1915+105 bin 323 accepted 80127-01-03-00 
GRS1915+105 bin 328 accepted 80127-02-02-01 
GRS1915+105 bin 329 accepted 80127-02-02-00 
GRS1915+105 bin 332 accepted 70702-01-50-00 
GRS1915+105 bin 330 accepted 80127-02-03-00 
GRS1915+105 bin 333 accepted 70702-01-50-01 
GRS1915+105 bin 331 accepted 80127-02-01-01 
GRS1915+105 bin 334 accepted 70702-01-51-00 
GRS1915+105 bin 335 accepted 70702-01-52-00 
GRS1915+105 bin 336 accepted 70702-01-08-00 
GRS1915+105 bin 338 accepted 70702-01-32-00 
GRS1915+105 bin 339 accepted 70702-01-32-01 
GRS1915+105 bin 340 accepted 80701-01-01-00 
GRS1915+105 bin 341 accepted 80701-01-01-01 
GRS1915+105 bin 342 accepted 80701-01-01-02 
GRS1915+105 bin 343 accepted 80701-01-02-00 
GRS1915+105 bin 344 accepted 80701-01-02-01 
GRS1915+105 bin 345 accepted 80701-01-02-02 
GRS1915+105 bin 346 accepted 80701-01-03-00G 
GRS1915+105 bin 337 accepted 80127-03-01-00 
GRS1915+105 bin 349 accepted 80701-01-09-00 
GRS1915+105 bin 350 accepted 80701-01-09-02 
GRS1915+105 bin 348 accepted 80701-01-06-00 
GRS1915+105 bin 354 EMPTY 40116-01-07-01 fetch_or_read_error: FileNotFoundError: StdProd Std2 files not found (HTTP Error 404: Not Found)
GRS1915+105 bin 347 accepted 80701-01-05-00 
GRS1915+105 bin 351 accepted 40116-01-06-01 
GRS1915+105 bin 352 accepted 40116-01-06-00 
GRS1915+105 bin 355 accepted 80701-01-11-00 
GRS1915+105 bin 357 accepted 80701-01-11-01 
GRS1915+105 bin 356 accepted 80701-01-11-02 
GRS1915+105 bin 353 accepted 40116-01-07-00 
GRS1915+105 bin 358 accepted 80701-01-12-00 
GRS1915+105 bin 360 accepted 80701-01-17-00 
GRS1915+105 bin 361 accepted 80701-01-18-00 
GRS1915+105 bin 362 accepted 80701-01-20-00 
GRS1915+105 bin 359 accepted 80701-01-16-00 
GRS1915+105 bin 363 accepted 80701-01-20-01 
GRS1915+105 bin 364 accepted 80701-01-20-02 
GRS1915+105 bin 365 accepted 80701-01-21-00 
GRS1915+105 bin 367 accepted 80701-01-25-00 
GRS1915+105 bin 366 accepted 80701-01-22-00 
GRS1915+105 bin 368 accepted 80701-01-27-00 
GRS1915+105 bin 369 accepted 80701-01-27-01 
GRS1915+105 bin 370 accepted 80701-01-28-00 
GRS1915+105 bin 371 accepted 80701-01-28-01 
GRS1915+105 bin 372 accepted 80701-01-28-02 
GRS1915+105 bin 378 accepted 80127-04-01-02 
GRS1915+105 bin 373 accepted 80701-01-29-00 
GRS1915+105 bin 374 accepted 80701-01-29-01 
GRS1915+105 bin 375 accepted 80701-01-29-02 
GRS1915+105 bin 376 accepted 80127-04-01-00G 
GRS1915+105 bin 381 accepted 80701-01-30-00 
GRS1915+105 bin 379 accepted 80127-04-01-03 
GRS1915+105 bin 380 accepted 80127-04-03-00 
GRS1915+105 bin 383 accepted 80701-01-33-00 
GRS1915+105 bin 382 accepted 80701-01-31-00 
GRS1915+105 bin 377 accepted 80127-04-02-00 
GRS1915+105 bin 386 accepted 80127-05-03-00 
GRS1915+105 bin 387 accepted 80127-05-04-00 
GRS1915+105 bin 385 accepted 80127-05-01-00 
GRS1915+105 bin 388 accepted 80701-01-34-00 
GRS1915+105 bin 389 accepted 80701-01-35-00 
GRS1915+105 bin 390 accepted 80701-01-36-00 
GRS1915+105 bin 391 accepted 80701-01-38-01 
GRS1915+105 bin 392 accepted 80701-01-38-02 
GRS1915+105 bin 393 accepted 80701-01-38-03 
GRS1915+105 bin 384 accepted 80127-05-01-000 
GRS1915+105 bin 394 accepted 80701-01-39-01 
GRS1915+105 bin 395 accepted 80701-01-39-00 
GRS1915+105 bin 396 accepted 80701-01-40-00 
GRS1915+105 bin 398 accepted 80701-01-41-00 
GRS1915+105 bin 400 accepted 80701-01-43-00 
GRS1915+105 bin 397 accepted 80701-01-40-01 
GRS1915+105 bin 401 accepted 80701-01-44-00 
GRS1915+105 bin 399 accepted 80701-01-42-00 
GRS1915+105 bin 402 accepted 80701-01-45-00 
GRS1915+105 bin 403 accepted 80701-01-45-01 
GRS1915+105 bin 404 accepted 80701-01-46-00 
GRS1915+105 bin 405 accepted 80701-01-46-01 
GRS1915+105 bin 406 accepted 70702-01-44-00 
GRS1915+105 bin 408 accepted 70702-01-45-00 
GRS1915+105 bin 407 accepted 70702-01-44-01 
GRS1915+105 bin 409 accepted 70702-01-45-01 
GRS1915+105 bin 411 accepted 70702-01-49-01 
GRS1915+105 bin 410 accepted 70702-01-49-00 
GRS1915+105 bin 415 accepted 80188-01-01-00 
GRS1915+105 bin 412 accepted 70702-01-53-00 
GRS1915+105 bin 413 accepted 70702-01-54-00 
GRS1915+105 bin 414 accepted 80188-01-01-01 
GRS1915+105 bin 417 accepted 90701-01-01-02 
GRS1915+105 bin 416 accepted 90701-01-01-00 
GRS1915+105 bin 419 accepted 90701-01-02-01 
GRS1915+105 bin 418 accepted 90701-01-02-00 
GRS1915+105 bin 421 accepted 90701-01-02-03 
GRS1915+105 bin 420 accepted 90701-01-02-02 
GRS1915+105 bin 423 accepted 90701-01-03-00 
GRS1915+105 bin 425 accepted 80188-03-01-01 
GRS1915+105 bin 422 accepted 80188-02-01-00 
GRS1915+105 bin 426 accepted 90701-01-04-00 
GRS1915+105 bin 427 accepted 90701-01-05-00 
GRS1915+105 bin 424 accepted 80188-03-01-00 
GRS1915+105 bin 428 accepted 90701-01-06-00 
GRS1915+105 bin 429 accepted 90108-01-01-00 
GRS1915+105 bin 431 accepted 90108-01-03-00 
GRS1915+105 bin 430 accepted 90108-01-02-00 
GRS1915+105 bin 432 accepted 90108-01-04-00 
GRS1915+105 bin 434 accepted 90108-01-06-00 
GRS1915+105 bin 433 accepted 90108-01-05-00 
GRS1915+105 bin 435 accepted 90701-01-07-00 
GRS1915+105 bin 436 accepted 90701-01-07-01 
GRS1915+105 bin 438 accepted 90701-01-08-00 
GRS1915+105 bin 439 accepted 90105-01-02-01 
GRS1915+105 bin 440 accepted 90105-01-02-03G 
GRS1915+105 bin 441 accepted 90105-01-01-00G 
GRS1915+105 bin 443 accepted 90105-01-02-00 
GRS1915+105 bin 444 accepted 90105-02-01-00 
GRS1915+105 bin 445 accepted 90105-02-03-00 
GRS1915+105 bin 437 accepted 90412-01-01-00 
GRS1915+105 bin 446 accepted 90105-02-01-01 
GRS1915+105 bin 442 accepted 80127-03-02-00 
GRS1915+105 bin 447 accepted 90105-02-01-02 
GRS1915+105 bin 448 accepted 90105-02-02-00 
GRS1915+105 bin 451 accepted 80127-05-05-00 
GRS1915+105 bin 450 accepted 80127-05-06-00 
GRS1915+105 bin 453 accepted 80127-05-05-01 
GRS1915+105 bin 452 accepted 80127-05-05-02 
GRS1915+105 bin 454 accepted 90105-01-03-00 
GRS1915+105 bin 449 accepted 80127-05-06-000 
GRS1915+105 bin 456 accepted 90701-01-09-00 
GRS1915+105 bin 457 accepted 90701-01-09-01 
GRS1915+105 bin 458 accepted 90701-01-10-01 
GRS1915+105 bin 459 accepted 90701-01-10-00 
GRS1915+105 bin 455 accepted 90105-01-03-01 
GRS1915+105 bin 463 accepted 90701-01-14-00 
GRS1915+105 bin 460 accepted 90701-01-11-00 
GRS1915+105 bin 461 accepted 90701-01-12-00 
GRS1915+105 bin 468 accepted 90701-01-16-00 
GRS1915+105 bin 462 accepted 90701-01-13-00 
GRS1915+105 bin 464 accepted 90701-01-14-01 
GRS1915+105 bin 465 accepted 90701-01-15-00 
GRS1915+105 bin 467 accepted 90701-01-15-02 
GRS1915+105 bin 466 accepted 90701-01-15-01 
GRS1915+105 bin 469 accepted 90701-01-16-02 
GRS1915+105 bin 470 accepted 90701-01-16-01 
GRS1915+105 bin 471 accepted 90701-01-17-00 
GRS1915+105 bin 472 accepted 90701-01-17-01 
GRS1915+105 bin 475 accepted 90024-02-09-00 
GRS1915+105 bin 473 accepted 90701-01-18-00 
GRS1915+105 bin 476 accepted 90701-01-20-00 
GRS1915+105 bin 477 accepted 90701-01-23-00 
GRS1915+105 bin 478 accepted 90701-01-23-01 
GRS1915+105 bin 474 accepted 90701-01-19-00 
GRS1915+105 bin 480 accepted 90701-01-24-01 
GRS1915+105 bin 479 accepted 90701-01-24-00 
GRS1915+105 bin 481 accepted 90701-01-25-00 
GRS1915+105 bin 482 accepted 90701-01-26-00 
GRS1915+105 bin 484 accepted 90701-01-28-00 
GRS1915+105 bin 483 accepted 90701-01-27-00 
GRS1915+105 bin 487 accepted 90701-01-29-00 
GRS1915+105 bin 485 accepted 90105-01-04-00 
GRS1915+105 bin 488 accepted 90701-01-29-01 
GRS1915+105 bin 490 accepted 90701-01-30-00 
GRS1915+105 bin 489 accepted 90701-01-29-02 
GRS1915+105 bin 486 accepted 90105-01-04-01 
GRS1915+105 bin 491 accepted 90701-01-30-01 
GRS1915+105 bin 493 accepted 90105-03-02-01 
GRS1915+105 bin 495 accepted 90105-03-02-03 
GRS1915+105 bin 494 accepted 90105-03-02-02 
GRS1915+105 bin 492 accepted 90105-03-02-00 
GRS1915+105 bin 496 accepted 90105-03-02-04 
GRS1915+105 bin 498 accepted 90105-03-01-00 
GRS1915+105 bin 502 accepted 90701-01-31-00 
GRS1915+105 bin 499 accepted 90105-03-03-00 
GRS1915+105 bin 500 accepted 90105-03-03-01 
GRS1915+105 bin 501 accepted 90701-01-31-01 
GRS1915+105 bin 503 accepted 90024-02-14-00 
GRS1915+105 bin 497 accepted 90105-03-01-000 
GRS1915+105 bin 504 accepted 90701-01-32-00 
GRS1915+105 bin 505 accepted 90701-01-33-00 
GRS1915+105 bin 506 accepted 90701-01-34-00 
GRS1915+105 bin 508 accepted 90105-05-02-00 
GRS1915+105 bin 510 accepted 90105-06-02-00 
GRS1915+105 bin 512 accepted 90701-01-36-01 
GRS1915+105 bin 511 accepted 90701-01-36-00 
GRS1915+105 bin 509 accepted 90105-06-01-00 
GRS1915+105 bin 507 accepted 90105-05-01-00 
GRS1915+105 bin 518 accepted 90701-01-40-00 
GRS1915+105 bin 513 accepted 90701-01-37-00 
GRS1915+105 bin 514 accepted 90701-01-38-00 
GRS1915+105 bin 516 accepted 90701-01-39-00 
GRS1915+105 bin 515 accepted 90701-01-38-01 
GRS1915+105 bin 517 accepted 90701-01-39-01 
GRS1915+105 bin 519 accepted 70702-01-55-00 
GRS1915+105 bin 521 accepted 90701-01-41-00 
GRS1915+105 bin 522 accepted 90701-01-42-00 
GRS1915+105 bin 523 accepted 80701-01-48-00 
GRS1915+105 bin 520 accepted 80701-01-47-00 
GRS1915+105 bin 526 accepted 80701-01-49-00 
GRS1915+105 bin 524 accepted 80701-01-48-01 
GRS1915+105 bin 525 accepted 80701-01-49-01 
GRS1915+105 bin 527 accepted 90701-01-44-00 
GRS1915+105 bin 528 accepted 90701-01-46-00 
GRS1915+105 bin 529 accepted 90024-02-19-00 
GRS1915+105 bin 530 accepted 90701-01-47-00 
GRS1915+105 bin 531 accepted 80701-01-37-00 
GRS1915+105 bin 532 accepted 90701-01-48-00 
GRS1915+105 bin 533 accepted 90701-01-49-00 
GRS1915+105 bin 534 accepted 90701-01-50-01 
GRS1915+105 bin 535 accepted 91701-01-01-00 
GRS1915+105 bin 536 accepted 91701-01-01-01 
GRS1915+105 bin 537 accepted 90105-05-03-00 
GRS1915+105 bin 538 accepted 90105-05-03-01 
GRS1915+105 bin 539 accepted 90105-05-03-02 
GRS1915+105 bin 540 accepted 90105-05-03-03 
GRS1915+105 bin 541 accepted 90105-05-03-04 
GRS1915+105 bin 542 accepted 90105-05-03-05 
GRS1915+105 bin 543 accepted 91701-01-02-01 
GRS1915+105 bin 544 accepted 91701-01-02-02 
GRS1915+105 bin 546 accepted 91701-01-03-01 
GRS1915+105 bin 545 accepted 91701-01-03-00 
GRS1915+105 bin 548 accepted 91701-01-06-00 
GRS1915+105 bin 547 accepted 91701-01-04-00 
GRS1915+105 bin 549 accepted 90105-07-01-00 
GRS1915+105 bin 552 accepted 91701-01-08-00 
GRS1915+105 bin 550 accepted 90105-07-02-00 
GRS1915+105 bin 553 accepted 91701-01-08-01 
GRS1915+105 bin 551 accepted 90105-07-03-00 
GRS1915+105 bin 554 accepted 91102-01-01-00 
GRS1915+105 bin 555 accepted 91701-01-09-00 
GRS1915+105 bin 557 accepted 91701-01-10-00 
GRS1915+105 bin 556 accepted 91412-01-01-00 
GRS1915+105 bin 558 accepted 91701-01-10-01 
GRS1915+105 bin 560 accepted 90105-08-02-00 
GRS1915+105 bin 563 accepted 91701-01-12-00 
GRS1915+105 bin 564 accepted 91701-01-12-01 
GRS1915+105 bin 562 accepted 91701-01-11-00 
GRS1915+105 bin 561 accepted 90105-08-03-00 
GRS1915+105 bin 559 accepted 90105-08-01-00 
GRS1915+105 bin 565 accepted 91701-01-13-00 
GRS1915+105 bin 566 accepted 91701-01-14-00 
GRS1915+105 bin 569 accepted 91701-01-09-01 
GRS1915+105 bin 567 accepted 91701-01-16-00 
GRS1915+105 bin 568 accepted 91701-01-17-00 
GRS1915+105 bin 570 accepted 90024-02-30-00 
GRS1915+105 bin 571 accepted 91701-01-18-00 
GRS1915+105 bin 572 accepted 91701-01-19-00 
GRS1915+105 bin 574 accepted 91701-01-21-00 
GRS1915+105 bin 573 accepted 91701-01-20-00 
GRS1915+105 bin 575 accepted 91701-01-23-00 
GRS1915+105 bin 576 accepted 91701-01-23-01 
GRS1915+105 bin 577 accepted 91701-01-24-00 
GRS1915+105 bin 579 accepted 91701-01-27-00 
GRS1915+105 bin 580 accepted 91701-01-28-00 
GRS1915+105 bin 581 accepted 91701-01-29-00 
GRS1915+105 bin 578 accepted 91701-01-25-00 
GRS1915+105 bin 587 accepted 90024-02-37-00 
GRS1915+105 bin 583 accepted 90105-04-02-00 
GRS1915+105 bin 584 accepted 90105-04-03-00 
GRS1915+105 bin 582 accepted 90105-04-01-00 
GRS1915+105 bin 586 accepted 91701-01-31-00 
GRS1915+105 bin 588 accepted 91701-01-32-01 
GRS1915+105 bin 585 accepted 90105-04-03-01 
GRS1915+105 bin 589 accepted 91701-01-32-00 
GRS1915+105 bin 591 accepted 90024-02-38-00 
GRS1915+105 bin 594 accepted 91701-01-34-01 
GRS1915+105 bin 593 accepted 91701-01-34-00 
GRS1915+105 bin 590 accepted 91701-01-33-01 
GRS1915+105 bin 596 accepted 91701-01-36-00 
GRS1915+105 bin 592 accepted 91701-01-33-00 
GRS1915+105 bin 597 accepted 90105-06-03-01 
GRS1915+105 bin 595 accepted 91701-01-35-00 
GRS1915+105 bin 598 accepted 90105-06-03-00 
GRS1915+105 bin 599 accepted 90105-06-03-02 
GRS1915+105 bin 600 accepted 91701-01-38-00 
GRS1915+105 bin 601 accepted 91701-01-38-01 
GRS1915+105 bin 602 accepted 90024-02-40-00 
GRS1915+105 bin 603 accepted 91701-01-39-00 
GRS1915+105 bin 605 accepted 92092-01-01-01 
GRS1915+105 bin 604 accepted 91701-01-39-01 
GRS1915+105 bin 607 accepted 92092-02-01-00G 
GRS1915+105 bin 608 accepted 92092-02-01-01 
GRS1915+105 bin 609 accepted 92092-03-01-00 
GRS1915+105 bin 611 accepted 91701-01-41-00 
GRS1915+105 bin 610 accepted 91701-01-40-00 
GRS1915+105 bin 612 accepted 91701-01-42-00 
GRS1915+105 bin 606 accepted 92092-01-01-00 
GRS1915+105 bin 613 accepted 91701-01-42-01 
GRS1915+105 bin 614 accepted 91701-01-43-00 
GRS1915+105 bin 615 accepted 91701-01-44-00 
GRS1915+105 bin 616 accepted 91701-01-14-01 
GRS1915+105 bin 617 accepted 91701-01-46-00 
GRS1915+105 bin 618 accepted 91701-01-49-00 
GRS1915+105 bin 619 accepted 91701-01-50-00 
GRS1915+105 bin 620 accepted 91701-01-30-01 
GRS1915+105 bin 621 accepted 91701-01-22-00 
GRS1915+105 bin 622 accepted 92702-01-01-00 
GRS1915+105 bin 623 accepted 92702-01-01-01 
GRS1915+105 bin 629 accepted 92702-01-06-00 
GRS1915+105 bin 624 accepted 92702-01-02-00 
GRS1915+105 bin 625 accepted 92702-01-02-01 
GRS1915+105 bin 626 accepted 92702-01-03-00 
GRS1915+105 bin 627 accepted 92702-01-05-00 
GRS1915+105 bin 628 accepted 92082-03-01-00 
GRS1915+105 bin 630 accepted 92702-01-07-00 
GRS1915+105 bin 631 accepted 92702-01-07-01 
GRS1915+105 bin 634 accepted 92702-01-08-02 
GRS1915+105 bin 633 accepted 92702-01-08-01 
GRS1915+105 bin 632 accepted 92702-01-08-00 
GRS1915+105 bin 635 accepted 90105-02-04-00 
GRS1915+105 bin 636 accepted 92702-01-09-00 
GRS1915+105 bin 639 accepted 92702-01-13-00 
GRS1915+105 bin 640 accepted 92702-01-14-01 
GRS1915+105 bin 638 accepted 92702-01-11-00 
GRS1915+105 bin 637 accepted 92702-01-10-00 
GRS1915+105 bin 642 accepted 92702-01-15-01 
GRS1915+105 bin 641 accepted 92702-01-15-00 
GRS1915+105 bin 643 accepted 92702-01-15-02 
GRS1915+105 bin 644 accepted 92702-01-16-00 
GRS1915+105 bin 645 accepted 92702-01-16-01 
GRS1915+105 bin 646 accepted 92702-01-16-02 
GRS1915+105 bin 648 accepted 92702-01-18-00 
GRS1915+105 bin 647 accepted 92702-01-17-00 
GRS1915+105 bin 649 accepted 92702-01-18-01 
GRS1915+105 bin 651 accepted 92702-01-20-00 
GRS1915+105 bin 650 accepted 92702-01-19-00 
GRS1915+105 bin 652 accepted 92702-01-21-00 
GRS1915+105 bin 653 accepted 92702-01-22-01 
GRS1915+105 bin 654 accepted 92702-01-22-00 
GRS1915+105 bin 655 accepted 92702-01-23-00 
GRS1915+105 bin 657 accepted 92702-01-24-00 
GRS1915+105 bin 656 accepted 92702-01-23-01 
GRS1915+105 bin 658 accepted 92702-01-24-01 
GRS1915+105 bin 659 accepted 92702-01-25-01 
GRS1915+105 bin 661 accepted 92702-01-04-00 
GRS1915+105 bin 663 accepted 92702-01-26-01 
GRS1915+105 bin 660 accepted 92702-01-25-00 
GRS1915+105 bin 662 accepted 90105-02-07-00 
GRS1915+105 bin 664 accepted 92702-01-26-00 
GRS1915+105 bin 666 accepted 92702-01-27-00 
GRS1915+105 bin 665 accepted 90105-02-05-00 
GRS1915+105 bin 667 accepted 92702-01-27-01 
GRS1915+105 bin 672 accepted 92702-01-28-00 
GRS1915+105 bin 670 accepted 92702-01-28-02 
GRS1915+105 bin 668 accepted 92702-01-27-02 
GRS1915+105 bin 671 accepted 92702-01-28-01 
GRS1915+105 bin 669 accepted 90105-02-06-00 
GRS1915+105 bin 673 accepted 92702-01-05-01 
GRS1915+105 bin 676 accepted 92702-01-30-00 
GRS1915+105 bin 675 accepted 90105-09-01-00 
GRS1915+105 bin 674 accepted 92702-01-29-00 
GRS1915+105 bin 677 accepted 90105-09-02-00 
GRS1915+105 bin 678 accepted 80701-01-04-01 
GRS1915+105 bin 679 accepted 80701-01-04-00 
GRS1915+105 bin 680 accepted 80701-01-08-00 
GRS1915+105 bin 681 accepted 90105-09-03-00 
GRS1915+105 bin 682 accepted 80701-01-10-00 
GRS1915+105 bin 683 accepted 90105-09-03-01 
GRS1915+105 bin 685 accepted 80701-01-13-03 
GRS1915+105 bin 686 accepted 80701-01-13-01 
GRS1915+105 bin 684 accepted 80701-01-13-00 
GRS1915+105 bin 688 accepted 80701-01-19-00 
GRS1915+105 bin 689 accepted 80701-01-19-01 
GRS1915+105 bin 687 accepted 90105-09-04-00 
GRS1915+105 bin 690 accepted 80701-01-19-02 
GRS1915+105 bin 691 accepted 80701-01-19-03 
GRS1915+105 bin 694 accepted 80701-01-23-01 
GRS1915+105 bin 693 accepted 80701-01-23-00 
GRS1915+105 bin 699 accepted 80701-01-53-00 
GRS1915+105 bin 692 accepted 90105-09-05-00 
GRS1915+105 bin 695 accepted 80701-01-23-02 
GRS1915+105 bin 696 accepted 80701-01-26-00 
GRS1915+105 bin 697 accepted 80701-01-32-00 
GRS1915+105 bin 700 accepted 80701-01-53-01 
GRS1915+105 bin 702 accepted 80701-01-54-02 
GRS1915+105 bin 701 accepted 80701-01-54-00 
GRS1915+105 bin 698 accepted 80701-01-51-00 
GRS1915+105 bin 703 accepted 80701-01-54-01 
GRS1915+105 bin 705 accepted 80701-01-55-01 
GRS1915+105 bin 704 accepted 80701-01-55-00 
GRS1915+105 bin 707 accepted 80701-01-56-00 
GRS1915+105 bin 708 accepted 80701-01-57-00 
GRS1915+105 bin 706 accepted 80701-01-55-02 
GRS1915+105 bin 709 accepted 80701-01-58-00 
GRS1915+105 bin 710 accepted 80701-01-58-02 
GRS1915+105 bin 711 accepted 80701-01-58-01 
GRS1915+105 bin 712 accepted 80701-01-59-00 
GRS1915+105 bin 714 accepted 80701-01-61-00 
GRS1915+105 bin 713 accepted 80701-01-60-00 
GRS1915+105 bin 715 accepted 80701-01-61-01 
GRS1915+105 bin 716 accepted 80701-01-61-02 
GRS1915+105 bin 717 accepted 80701-01-62-00 
GRS1915+105 bin 718 accepted 80701-01-62-01 
GRS1915+105 bin 719 accepted 80701-01-62-02 
GRS1915+105 bin 720 accepted 91701-01-05-01 
GRS1915+105 bin 721 accepted 91701-01-05-02 
GRS1915+105 bin 722 accepted 91701-01-05-03 
GRS1915+105 bin 723 accepted 91701-01-05-00 
GRS1915+105 bin 724 accepted 90105-09-06-00 
GRS1915+105 bin 725 accepted 90105-09-07-00 
GRS1915+105 bin 727 accepted 90105-09-08-01 
GRS1915+105 bin 726 accepted 91701-01-15-00 
GRS1915+105 bin 728 accepted 90105-09-08-00 
GRS1915+105 bin 729 accepted 91701-01-48-00 
GRS1915+105 bin 731 accepted 91701-01-51-00 
GRS1915+105 bin 730 accepted 90105-10-01-00 
GRS1915+105 bin 733 accepted 91701-01-52-01 
GRS1915+105 bin 732 accepted 91701-01-52-00 
GRS1915+105 bin 734 accepted 91701-01-52-02 
GRS1915+105 bin 735 accepted 90105-10-03-00 
GRS1915+105 bin 736 accepted 91701-01-53-00 
GRS1915+105 bin 737 accepted 91701-01-53-01 
GRS1915+105 bin 739 accepted 91701-01-53-03 
GRS1915+105 bin 738 accepted 91701-01-53-02 
GRS1915+105 bin 740 accepted 90105-10-04-00 
GRS1915+105 bin 741 accepted 91701-01-54-00 
GRS1915+105 bin 742 accepted 91701-01-54-01 
GRS1915+105 bin 743 accepted 90105-10-05-00 
GRS1915+105 bin 744 accepted 91701-01-55-00 
GRS1915+105 bin 745 accepted 90105-10-06-00 
GRS1915+105 bin 746 accepted 92437-01-01-00 
GRS1915+105 bin 749 accepted 91701-01-57-02 
GRS1915+105 bin 748 accepted 90105-10-07-00 
GRS1915+105 bin 750 accepted 91701-01-59-01 
GRS1915+105 bin 747 accepted 91701-01-56-00 
GRS1915+105 bin 751 accepted 91701-01-60-00 
GRS1915+105 bin 753 accepted 91701-01-60-02 
GRS1915+105 bin 752 accepted 91701-01-60-01 
GRS1915+105 bin 754 accepted 91701-01-62-00 
GRS1915+105 bin 755 accepted 91701-01-63-00 
GRS1915+105 bin 756 accepted 93701-01-01-00 
GRS1915+105 bin 757 accepted 93701-01-03-00 
GRS1915+105 bin 758 accepted 93701-01-04-00 
GRS1915+105 bin 759 accepted 93701-01-04-01 
GRS1915+105 bin 765 accepted 93701-01-08-00 
GRS1915+105 bin 760 accepted 93701-01-05-01 
GRS1915+105 bin 761 accepted 93701-01-06-00 
GRS1915+105 bin 762 accepted 93411-01-01-01 
GRS1915+105 bin 763 accepted 93411-01-01-00 
GRS1915+105 bin 764 accepted 93701-01-07-01 
GRS1915+105 bin 766 accepted 93701-01-10-00 
GRS1915+105 bin 767 accepted 93701-01-10-01 
GRS1915+105 bin 768 accepted 93701-01-11-02 
GRS1915+105 bin 769 accepted 93701-01-11-00 
GRS1915+105 bin 770 accepted 93701-01-11-01 
GRS1915+105 bin 773 accepted 93701-01-12-00 
GRS1915+105 bin 771 accepted 90105-10-08-00 
GRS1915+105 bin 774 accepted 93701-01-13-00 
GRS1915+105 bin 772 accepted 90105-10-09-00 
GRS1915+105 bin 775 accepted 93411-01-02-00 
GRS1915+105 bin 776 accepted 93411-01-02-01 
GRS1915+105 bin 777 accepted 93411-01-02-02 
GRS1915+105 bin 778 accepted 93411-01-03-00 
GRS1915+105 bin 779 accepted 93411-01-03-02 
GRS1915+105 bin 780 accepted 93411-01-03-03 
GRS1915+105 bin 781 accepted 93411-01-03-04 
GRS1915+105 bin 782 accepted 93701-01-14-00 
GRS1915+105 bin 785 accepted 93701-01-17-00 
GRS1915+105 bin 784 accepted 93701-01-17-01 
GRS1915+105 bin 786 accepted 93701-01-18-00 
GRS1915+105 bin 783 accepted 93701-01-15-00 
GRS1915+105 bin 787 accepted 93701-01-18-01 
GRS1915+105 bin 788 accepted 93701-01-19-00 
GRS1915+105 bin 790 accepted 93701-01-20-01 
GRS1915+105 bin 792 accepted 93701-01-21-00 
GRS1915+105 bin 789 accepted 93701-01-19-01 
GRS1915+105 bin 793 accepted 93701-01-22-00 
GRS1915+105 bin 794 accepted 93701-01-23-00 
GRS1915+105 bin 791 accepted 93701-01-20-00 
GRS1915+105 bin 795 accepted 93701-01-25-00 
GRS1915+105 bin 797 accepted 93701-01-26-01 
GRS1915+105 bin 796 accepted 93701-01-25-01 
GRS1915+105 bin 798 accepted 93701-01-26-00 
GRS1915+105 bin 799 accepted 93701-01-27-00 
GRS1915+105 bin 801 accepted 93701-01-28-00 
GRS1915+105 bin 800 accepted 93701-01-27-01 
GRS1915+105 bin 802 accepted 93701-01-29-00 
GRS1915+105 bin 803 accepted 93701-01-30-00 
GRS1915+105 bin 804 accepted 93701-01-31-00 
GRS1915+105 bin 805 accepted 93701-01-32-00 
GRS1915+105 bin 806 accepted 93701-01-32-01 
GRS1915+105 bin 807 accepted 93701-01-34-00 
GRS1915+105 bin 808 accepted 93701-01-34-01 
GRS1915+105 bin 810 accepted 93701-01-36-00 
GRS1915+105 bin 809 accepted 93701-01-35-00 
GRS1915+105 bin 811 accepted 93701-01-37-00 
GRS1915+105 bin 812 accepted 93701-01-38-00 
GRS1915+105 bin 813 accepted 93701-01-40-00 
GRS1915+105 bin 814 accepted 93701-01-41-00 
GRS1915+105 bin 815 accepted 93701-01-42-00 
GRS1915+105 bin 816 accepted 93701-01-43-00 
GRS1915+105 bin 817 accepted 93701-01-44-00 
GRS1915+105 bin 818 accepted 92702-01-31-00 
GRS1915+105 bin 819 accepted 92702-01-32-00 
GRS1915+105 bin 820 accepted 92702-01-33-00 
GRS1915+105 bin 821 accepted 91701-01-64-00 
GRS1915+105 bin 822 accepted 91701-01-64-01 
GRS1915+105 bin 823 accepted 91701-01-65-00 
GRS1915+105 bin 824 accepted 91701-01-65-01 
GRS1915+105 bin 825 accepted 91701-01-66-00 
GRS1915+105 bin 827 accepted 91701-01-68-00 
GRS1915+105 bin 826 accepted 91701-01-67-00 
GRS1915+105 bin 828 accepted 91701-01-70-00 
GRS1915+105 bin 829 accepted 91701-01-70-01 
GRS1915+105 bin 830 accepted 91701-01-71-00 
GRS1915+105 bin 831 accepted 91701-01-71-01 
GRS1915+105 bin 832 accepted 91701-01-72-00 
GRS1915+105 bin 833 accepted 91701-01-73-00 
GRS1915+105 bin 834 accepted 91701-01-74-00 
GRS1915+105 bin 835 accepted 91701-01-75-00 
GRS1915+105 bin 836 accepted 91701-01-77-00 
GRS1915+105 bin 837 accepted 91701-01-78-00 
GRS1915+105 bin 838 accepted 91701-01-79-00 
GRS1915+105 bin 839 accepted 91701-01-79-01 
GRS1915+105 bin 845 accepted 91701-01-83-00 
GRS1915+105 bin 840 accepted 91701-01-80-00 
GRS1915+105 bin 841 accepted 91701-01-81-00G 
GRS1915+105 bin 842 accepted 91701-01-81-01 
GRS1915+105 bin 843 accepted 91701-01-82-01 
GRS1915+105 bin 844 accepted 91701-01-82-00 
GRS1915+105 bin 847 accepted 91701-01-85-00 
GRS1915+105 bin 846 accepted 91701-01-84-01 
GRS1915+105 bin 849 accepted 91701-01-86-00 
GRS1915+105 bin 848 accepted 91701-01-85-01 
GRS1915+105 bin 850 accepted 94701-01-54-00 
GRS1915+105 bin 851 accepted 94701-01-55-01 
GRS1915+105 bin 852 accepted 94701-01-55-00 
GRS1915+105 bin 853 accepted 94701-01-56-00 
GRS1915+105 bin 854 accepted 94701-01-57-00 
GRS1915+105 bin 855 accepted 94701-01-57-01 
GRS1915+105 bin 856 accepted 94701-01-58-00 
GRS1915+105 bin 857 accepted 94701-01-59-01 
GRS1915+105 bin 859 accepted 94701-01-60-00 
GRS1915+105 bin 858 accepted 94701-01-59-00 
GRS1915+105 bin 861 accepted 94701-01-61-00 
GRS1915+105 bin 862 accepted 94701-01-01-01 
GRS1915+105 bin 863 accepted 94701-01-01-00 
GRS1915+105 bin 860 accepted 94701-01-61-01 
GRS1915+105 bin 864 accepted 94410-01-01-00 
GRS1915+105 bin 865 accepted 94701-01-02-00 
GRS1915+105 bin 866 accepted 94701-01-04-00 
GRS1915+105 bin 867 accepted 94701-01-04-01 
GRS1915+105 bin 869 accepted 94701-01-05-00 
GRS1915+105 bin 868 accepted 94701-01-05-02 
GRS1915+105 bin 871 accepted 94701-01-06-01 
GRS1915+105 bin 870 accepted 94701-01-06-00 
GRS1915+105 bin 872 accepted 94701-01-07-00 
GRS1915+105 bin 873 accepted 94701-01-08-00 
GRS1915+105 bin 874 accepted 94701-01-09-00 
GRS1915+105 bin 875 accepted 94701-01-10-00 
GRS1915+105 bin 876 accepted 94701-01-11-00 
GRS1915+105 bin 877 accepted 94701-01-12-00 
GRS1915+105 bin 878 accepted 94701-01-12-01 
GRS1915+105 bin 879 accepted 94701-01-13-00 
GRS1915+105 bin 881 accepted 94701-01-17-00 
GRS1915+105 bin 880 accepted 94701-01-16-00 
GRS1915+105 bin 882 accepted 94701-01-18-00 
GRS1915+105 bin 883 accepted 94701-01-19-00 
GRS1915+105 bin 884 accepted 94701-01-20-00 
GRS1915+105 bin 885 accepted 94701-01-21-00 
GRS1915+105 bin 886 accepted 94701-01-23-00 
GRS1915+105 bin 887 accepted 94701-01-24-00 
GRS1915+105 bin 888 accepted 94701-01-25-00 
GRS1915+105 bin 889 accepted 94701-01-26-00 
GRS1915+105 bin 890 accepted 94701-01-27-00 
GRS1915+105 bin 891 accepted 94701-01-28-00 
GRS1915+105 bin 892 accepted 94701-01-30-00 
GRS1915+105 bin 893 accepted 94701-01-31-00 
GRS1915+105 bin 894 accepted 94701-01-32-00 
GRS1915+105 bin 895 accepted 94701-01-33-00 
GRS1915+105 bin 896 accepted 94701-01-34-00 
GRS1915+105 bin 897 accepted 94701-01-35-00 
GRS1915+105 bin 900 accepted 94701-01-42-00 
GRS1915+105 bin 899 accepted 94701-01-41-00 
GRS1915+105 bin 898 accepted 94701-01-36-00 
GRS1915+105 bin 902 accepted 94701-01-47-00 
GRS1915+105 bin 901 accepted 94701-01-43-00 
GRS1915+105 bin 904 accepted 94701-01-49-00 
GRS1915+105 bin 903 accepted 94701-01-48-00 
GRS1915+105 bin 905 accepted 94701-01-51-00 
GRS1915+105 bin 906 accepted 94701-01-52-00 
GRS1915+105 bin 908 accepted 95701-01-01-00 
GRS1915+105 bin 907 accepted 94701-01-53-00 
GRS1915+105 bin 909 accepted 95701-01-02-00 
GRS1915+105 bin 910 accepted 95701-01-03-01 
GRS1915+105 bin 911 accepted 95701-01-03-00 
GRS1915+105 bin 912 accepted 95701-01-05-00 
GRS1915+105 bin 913 accepted 95701-01-06-00 
GRS1915+105 bin 914 accepted 95701-01-07-00 
GRS1915+105 bin 915 accepted 95701-01-08-01 
GRS1915+105 bin 916 accepted 95701-01-09-00 
GRS1915+105 bin 917 accepted 95701-01-09-01 
GRS1915+105 bin 919 accepted 95701-01-11-00 
GRS1915+105 bin 918 accepted 95701-01-11-01 
GRS1915+105 bin 920 accepted 95701-01-12-00 
GRS1915+105 bin 922 accepted 95701-01-16-00 
GRS1915+105 bin 921 accepted 95701-01-13-00 
GRS1915+105 bin 923 accepted 95701-01-17-01 
GRS1915+105 bin 924 accepted 95701-01-18-00 
GRS1915+105 bin 925 accepted 95701-01-19-00 
GRS1915+105 bin 928 accepted 95701-01-23-00 
GRS1915+105 bin 926 accepted 95701-01-20-00 
GRS1915+105 bin 929 accepted 95701-01-23-01 
GRS1915+105 bin 927 accepted 95701-01-21-00 
GRS1915+105 bin 930 accepted 95701-01-24-00 
GRS1915+105 bin 931 accepted 95701-01-25-00 
GRS1915+105 bin 932 accepted 95701-01-25-01 
GRS1915+105 bin 933 accepted 95701-01-26-00 
GRS1915+105 bin 934 accepted 95701-01-27-00 
GRS1915+105 bin 935 accepted 95701-01-28-00 
GRS1915+105 bin 936 accepted 95701-01-29-00 
GRS1915+105 bin 937 accepted 95701-01-30-00 
GRS1915+105 bin 938 accepted 95701-01-31-00 
GRS1915+105 bin 939 accepted 95701-01-32-00 
GRS1915+105 bin 940 accepted 95701-01-33-01 
GRS1915+105 bin 941 accepted 95701-01-33-00 
GRS1915+105 bin 942 accepted 95701-01-35-00 
GRS1915+105 bin 943 accepted 95701-01-36-00 
GRS1915+105 bin 944 accepted 95701-01-37-00 
GRS1915+105 bin 945 accepted 95701-01-38-00 
GRS1915+105 bin 951 accepted 95701-01-44-00 
GRS1915+105 bin 947 accepted 95701-01-40-00 
GRS1915+105 bin 946 accepted 95701-01-39-00 
GRS1915+105 bin 948 accepted 95701-01-41-00 
GRS1915+105 bin 950 accepted 95701-01-43-00 
GRS1915+105 bin 949 accepted 95701-01-42-00 
GRS1915+105 bin 952 accepted 95701-01-45-00 
GRS1915+105 bin 953 accepted 95701-01-45-01 
GRS1915+105 bin 954 accepted 95701-01-46-00 
GRS1915+105 bin 955 accepted 95701-01-47-00 
GRS1915+105 bin 956 accepted 95701-01-48-00 
GRS1915+105 bin 957 accepted 95701-01-49-00 
GRS1915+105 bin 959 accepted 95701-01-51-00 
GRS1915+105 bin 958 accepted 95701-01-50-00 
GRS1915+105 bin 960 accepted 95701-01-52-00 
GRS1915+105 bin 961 accepted 95701-01-52-01 
GRS1915+105 bin 962 accepted 96701-01-01-00 
GRS1915+105 bin 963 accepted 96701-01-01-01 
GRS1915+105 bin 964 accepted 96701-01-02-01 
GRS1915+105 bin 965 accepted 96701-01-02-00 
GRS1915+105 bin 967 accepted 96701-01-03-00 
GRS1915+105 bin 966 accepted 96701-01-03-01 
GRS1915+105 bin 968 accepted 96701-01-04-00 
GRS1915+105 bin 969 accepted 96701-01-05-00 
GRS1915+105 bin 971 accepted 96701-01-07-00 
GRS1915+105 bin 970 accepted 96701-01-06-00 
GRS1915+105 bin 972 accepted 96701-01-07-01 
GRS1915+105 bin 973 accepted 96701-01-08-00 
GRS1915+105 bin 974 accepted 96701-01-08-01 
GRS1915+105 bin 975 accepted 96701-01-09-00 
GRS1915+105 bin 976 accepted 96701-01-10-00 
GRS1915+105 bin 977 accepted 96701-01-10-01 
GRS1915+105 bin 978 accepted 96701-01-11-00 
GRS1915+105 bin 979 accepted 96701-01-12-00 
GRS1915+105 bin 981 accepted 96701-01-14-00 
GRS1915+105 bin 980 accepted 96701-01-13-00 
GRS1915+105 bin 982 accepted 96701-01-15-00 
GRS1915+105 bin 983 accepted 96701-01-15-01 
GRS1915+105 bin 984 accepted 96701-01-16-00 
GRS1915+105 bin 985 accepted 96701-01-16-01 
GRS1915+105 bin 987 accepted 96701-01-17-01 
GRS1915+105 bin 986 accepted 96701-01-17-00 
GRS1915+105 bin 989 accepted 96701-01-19-00 
GRS1915+105 bin 988 accepted 96701-01-18-00 
GRS1915+105 bin 991 accepted 96701-01-21-00 
GRS1915+105 bin 990 accepted 96701-01-20-00 
GRS1915+105 bin 993 accepted 96701-01-23-00 
GRS1915+105 bin 992 accepted 96701-01-22-00 
GRS1915+105 bin 994 accepted 96701-01-23-01 
GRS1915+105 bin 995 accepted 96701-01-24-00 
GRS1915+105 bin 996 accepted 96701-01-24-01 
GRS1915+105 bin 1000 accepted 96378-01-01-01 
GRS1915+105 bin 999 accepted 96378-01-01-010 
GRS1915+105 bin 997 accepted 96378-01-01-00 
GRS1915+105 bin 1001 accepted 96378-01-01-03 
GRS1915+105 bin 1002 accepted 96701-01-26-00 
GRS1915+105 bin 998 accepted 96378-01-01-02 
GRS1915+105 bin 1003 accepted 96701-01-27-00 
GRS1915+105 bin 1005 accepted 96701-01-29-00 
GRS1915+105 bin 1004 accepted 96701-01-28-00 
GRS1915+105 bin 1006 accepted 96701-01-30-00 
GRS1915+105 bin 1007 accepted 96701-01-31-00 
GRS1915+105 bin 1008 accepted 96701-01-32-00 
GRS1915+105 bin 1009 accepted 96701-01-34-00 
GRS1915+105 bin 1014 accepted 96701-01-39-00 
GRS1915+105 bin 1010 accepted 96701-01-35-00 
GRS1915+105 bin 1011 accepted 96701-01-36-00 
GRS1915+105 bin 1012 accepted 96701-01-37-00 
GRS1915+105 bin 1013 accepted 96701-01-38-00 
GRS1915+105 bin 1015 accepted 96701-01-40-00 
GRS1915+105 bin 1016 accepted 96701-01-41-00 
GRS1915+105 bin 1017 accepted 96701-01-44-00 
GRS1915+105 bin 1019 accepted 96701-01-45-00 
GRS1915+105 bin 1018 accepted 96701-01-43-01 
GRS1915+105 bin 1020 accepted 96701-01-45-01 
GRS1915+105 bin 1021 accepted 96701-01-46-00 
GRS1915+105 bin 1022 accepted 96701-01-47-00 
GRS1915+105 bin 1023 accepted 96701-01-48-00 
GRS1915+105 bin 1024 accepted 96701-01-49-00 
GRS1915+105 bin 1025 accepted 96701-01-50-00 
GRS1915+105 bin 1026 accepted 96701-01-50-01 
GRS1915+105 bin 1028 accepted 96701-01-51-00 
GRS1915+105 bin 1027 accepted 96701-01-25-00 
GRS1915+105 bin 1029 accepted 96701-01-51-01 
GRS1915+105 bin 1030 accepted 96701-01-52-00 
GRS1915+105 bin 1031 accepted 96701-01-52-01 
GRS1915+105 bin 1032 accepted 96701-01-33-00 
GS1826-238 bin 1 accepted 50035-01-01-02 
GS1826-238 bin 4 accepted 50035-01-02-01 
GS1826-238 bin 6 accepted 50035-01-02-00 
GS1826-238 bin 0 accepted 50035-01-01-00 
GS1826-238 bin 5 accepted 50035-01-02-05 
GS1826-238 bin 3 accepted 50035-01-01-01 
GS1826-238 bin 2 accepted 50035-01-01-03 
GS1826-238 bin 10 accepted 50035-01-01-05 
GS1826-238 bin 9 accepted 50035-01-02-03 
GS1826-238 bin 14 accepted 50035-01-03-02 
GS1826-238 bin 7 accepted 50035-01-02-06 
GS1826-238 bin 12 accepted 50035-01-01-04 
GS1826-238 bin 17 accepted 50035-01-03-04 
GS1826-238 bin 8 accepted 50035-01-02-02 
GS1826-238 bin 11 accepted 50035-01-02-04 
GS1826-238 bin 16 accepted 50035-01-03-03 
GS1826-238 bin 13 accepted 50035-01-03-01 
GS1826-238 bin 15 accepted 50035-01-03-00 
GS1826-238 bin 19 accepted 50035-01-03-06 
GS1826-238 bin 20 accepted 50035-01-03-07 
GS1826-238 bin 25 accepted 50035-01-03-090 
GS1826-238 bin 21 accepted 50035-01-03-11 
GS1826-238 bin 18 accepted 50035-01-03-05 
GS1826-238 bin 23 accepted 50035-01-03-12 
GS1826-238 bin 26 accepted 50035-01-03-09 
GS1826-238 bin 22 accepted 50035-01-03-120 
GS1826-238 bin 24 accepted 50035-01-03-08 
GS1826-238 bin 27 accepted 50035-01-03-10 
GS1826-238 bin 30 accepted 70044-01-01-05 
GS1826-238 bin 31 accepted 70044-01-01-01 
GS1826-238 bin 32 accepted 70044-01-01-02 
GS1826-238 bin 28 accepted 70044-01-01-000 
GS1826-238 bin 37 accepted 80048-01-01-09 
GS1826-238 bin 29 accepted 70044-01-01-00 
GS1826-238 bin 35 accepted 80048-01-01-17 
GS1826-238 bin 34 accepted 80048-01-01-02 
GS1826-238 bin 36 accepted 80048-01-01-11 
GS1826-238 bin 38 accepted 80048-01-01-10 
GS1826-238 bin 42 accepted 80048-01-01-12 
GS1826-238 bin 39 accepted 80048-01-01-00 
GS1826-238 bin 45 accepted 80048-01-01-14 
GS1826-238 bin 43 accepted 80048-01-01-13 
GS1826-238 bin 33 accepted 70025-01-01-00 
GS1826-238 bin 41 accepted 80048-01-01-01 
GS1826-238 bin 40 accepted 80048-01-01-010 
GS1826-238 bin 50 accepted 80049-01-01-00 
GS1826-238 bin 46 accepted 80048-01-01-05 
GS1826-238 bin 47 accepted 80048-01-01-06 
GS1826-238 bin 44 accepted 80048-01-01-03 
GS1826-238 bin 51 accepted 80049-01-03-00 
GS1826-238 bin 49 accepted 80048-01-01-07 
GS1826-238 bin 48 accepted 80048-01-01-04 
GS1826-238 bin 54 accepted 80049-01-03-03 
GS1826-238 bin 52 accepted 80049-01-03-01 
GS1826-238 bin 55 accepted 80105-11-01-00 
GS1826-238 bin 53 accepted 80049-01-03-02 
GS1826-238 bin 56 accepted 80049-01-02-00 
GS1826-238 bin 62 accepted 90043-01-01-02 
GS1826-238 bin 57 accepted 80049-01-04-00 
GS1826-238 bin 58 accepted 70044-01-02-00 
GS1826-238 bin 59 accepted 70044-01-02-01 
GS1826-238 bin 66 accepted 70044-01-03-00 
GS1826-238 bin 60 accepted 70044-01-02-02 
GS1826-238 bin 63 accepted 70044-01-02-03 
GS1826-238 bin 67 accepted 92703-01-01-01 
GS1826-238 bin 65 accepted 90043-01-01-03 
GS1826-238 bin 64 accepted 90043-01-01-01 
GS1826-238 bin 68 accepted 92703-01-02-01 
GS1826-238 bin 69 accepted 92703-01-02-02 
GS1826-238 bin 70 accepted 92703-01-02-03 
GS1826-238 bin 71 accepted 92703-01-03-01 
GS1826-238 bin 61 accepted 90043-01-01-020 
GS1826-238 bin 77 accepted 92703-01-04-02 
GS1826-238 bin 72 accepted 92703-01-03-00 
GS1826-238 bin 73 accepted 92703-01-03-03 
GS1826-238 bin 74 accepted 92703-01-03-02 
GS1826-238 bin 75 accepted 92703-01-04-00 
GS1826-238 bin 76 accepted 92703-01-04-01 
GS1826-238 bin 80 accepted 90043-01-02-03 
GS1826-238 bin 79 accepted 90043-01-02-02 
GS1826-238 bin 81 accepted 90043-01-02-000 
GS1826-238 bin 86 accepted 70044-01-04-00 
GS1826-238 bin 78 accepted 90043-01-02-01 
GS1826-238 bin 83 accepted 90043-01-02-00 
GS1826-238 bin 85 accepted 90043-01-03-00 
GS1826-238 bin 88 accepted 91017-01-01-02 
GS1826-238 bin 84 accepted 90043-01-03-000 
GS1826-238 bin 90 accepted 91017-01-01-05 
GS1826-238 bin 82 accepted 90043-01-02-001 
GS1826-238 bin 94 accepted 91017-01-02-05 
GS1826-238 bin 87 accepted 90043-01-03-01 
GS1826-238 bin 96 accepted 91017-01-02-03 
GS1826-238 bin 89 accepted 91017-01-01-01 
GS1826-238 bin 92 accepted 91017-01-01-00 
GS1826-238 bin 93 accepted 91017-01-02-17 
GS1826-238 bin 95 accepted 91017-01-02-04 
GS1826-238 bin 97 accepted 91017-01-02-00 
GS1826-238 bin 98 accepted 91017-01-02-11 
GS1826-238 bin 91 accepted 91017-01-01-000 
GS1826-238 bin 99 accepted 91017-01-02-12 
GS1826-238 bin 101 accepted 91017-01-02-14 
GS1826-238 bin 100 accepted 91017-01-02-13 
GS1826-238 bin 104 accepted 91017-01-02-07 
GS1826-238 bin 108 accepted 91017-01-02-10 
GS1826-238 bin 103 accepted 91017-01-02-01 
GS1826-238 bin 105 accepted 91017-01-02-06 
GS1826-238 bin 106 accepted 91017-01-02-08 
GS1826-238 bin 112 accepted 96306-01-01-01 
GS1826-238 bin 107 accepted 91017-01-02-09 
GS1826-238 bin 102 accepted 91017-01-02-010 
GS1826-238 bin 111 accepted 96306-01-01-00 
GS1826-238 bin 109 accepted 94438-01-01-00 
GS1826-238 bin 110 accepted 96306-01-01-000 
GX17+2 bin 0 accepted 70023-01-01-01 
GS1826-238 bin 113 accepted 96306-01-01-020 
GS1826-238 bin 114 accepted 96306-01-01-02 
GS1826-238 bin 117 accepted 96306-01-01-04 
GX17+2 bin 1 accepted 70023-01-01-03 
GS1826-238 bin 116 accepted 96306-01-01-03 
GX17+2 bin 3 accepted 70023-01-02-00 
GS1826-238 bin 115 accepted 96306-01-01-030 
GX17+2 bin 8 accepted 80022-01-01-09 
GX17+2 bin 2 accepted 70023-01-01-00 
GX17+2 bin 5 accepted 70023-01-03-00 
GX17+2 bin 7 accepted 80022-01-01-07 
GX17+2 bin 9 accepted 80022-01-01-10 
GX17+2 bin 4 accepted 70023-01-02-01 
GX17+2 bin 10 accepted 80022-01-01-11 
GX17+2 bin 12 accepted 80022-01-01-12 
GX17+2 bin 11 accepted 80022-01-01-00 
GX17+2 bin 17 accepted 80022-01-01-03 
GX17+2 bin 13 accepted 80022-01-01-14 
GX17+2 bin 6 accepted 70023-01-03-01 
GX17+2 bin 19 accepted 80022-01-01-02 
GX17+2 bin 14 accepted 80022-01-01-15 
GX17+2 bin 16 accepted 80022-01-01-16 
GX17+2 bin 20 accepted 80022-01-01-08 
GX17+2 bin 18 accepted 80022-01-01-04 
GX17+2 bin 25 accepted 80022-01-03-01 
GX17+2 bin 15 accepted 80022-01-01-05 
GX17+2 bin 21 accepted 80022-01-01-01 
GX17+2 bin 22 accepted 80022-01-02-00 
GX17+2 bin 24 accepted 80022-01-02-02 
GX17+2 bin 26 accepted 80022-01-03-03 
GX17+2 bin 23 accepted 80022-01-02-01 
GX17+2 bin 28 accepted 80022-01-03-05 
GX17+2 bin 30 accepted 80022-01-03-06 
GX17+2 bin 27 accepted 80022-01-03-04 
GX17+2 bin 35 accepted 90022-07-03-00 
GX17+2 bin 31 accepted 80022-01-03-10 
GX17+2 bin 37 accepted 90022-07-04-02 
GX17+2 bin 29 accepted 80022-01-03-08 
GX17+2 bin 34 accepted 90022-07-02-00 
GX17+2 bin 32 accepted 80022-01-04-00 
GX17+2 bin 36 accepted 90022-07-04-01 
GX17+2 bin 33 accepted 80022-01-05-00 
GX17+2 bin 38 accepted 90022-07-04-00 
GX17+2 bin 39 accepted 90022-07-05-00 
GX17+2 bin 45 accepted 92042-01-02-00G 
GX17+2 bin 40 accepted 90022-07-05-01 
GX17+2 bin 41 accepted 90022-07-05-03 
GX17+2 bin 42 accepted 90022-07-05-02 
GX17+2 bin 43 accepted 91152-02-01-00 
GX17+2 bin 44 accepted 92042-01-01-00 
GX17+2 bin 51 accepted 92042-01-05-01 
GX17+2 bin 46 accepted 92042-01-03-00 
GX17+2 bin 47 accepted 92042-01-03-01 
GX17+2 bin 48 accepted 92042-01-03-02 
GX17+2 bin 55 accepted 93406-11-01-00 
GX17+2 bin 49 accepted 92042-01-04-00 
GX17+2 bin 50 accepted 92042-01-05-00 
GX17+2 bin 52 accepted 92042-01-05-02 
GX17+2 bin 53 accepted 92042-01-05-03 
GX17+2 bin 54 accepted 91152-02-02-00 
GX17+2 bin 57 accepted 90022-07-06-01 
GX17+2 bin 56 accepted 90022-07-06-00 
GX17+2 bin 58 accepted 90022-07-07-00 
GX17+2 bin 64 accepted 93439-01-05-01 
GX17+2 bin 60 accepted 93439-01-02-00 
GX17+2 bin 66 accepted 93439-01-06-00 
GX17+2 bin 59 accepted 93439-01-01-00 
GX17+2 bin 61 accepted 93439-01-03-00 
GX17+2 bin 63 accepted 93439-01-05-00 
GX17+2 bin 62 accepted 93439-01-04-00 
GX17+2 bin 65 accepted 93439-01-05-02 
GX17+2 bin 72 accepted 95318-01-02-01 
GX17+2 bin 67 accepted 93071-03-02-00 
GX17+2 bin 68 accepted 95318-01-01-00 
GX17+2 bin 70 accepted 95318-01-02-00 
GX17+2 bin 71 accepted 95318-01-02-02 
GX17+2 bin 73 accepted 95338-03-01-00 
GX17+2 bin 69 accepted 95318-01-01-01 
GX17+2 bin 75 accepted 96332-15-01-00 
GX17+2 bin 74 accepted 95338-03-01-01 
GX17+2 bin 81 accepted 96310-01-01-000 
GX17+2 bin 76 accepted 96310-01-01-010 
GX17+2 bin 77 accepted 96310-01-01-01 
GX17+2 bin 79 accepted 96310-01-01-07 
GX17+2 bin 85 accepted 96310-01-01-02 
GX17+2 bin 78 accepted 96310-01-01-06 
GX17+2 bin 80 accepted 96310-01-01-03 
GX17+2 bin 82 accepted 96310-01-01-00 
GX17+2 bin 84 accepted 96310-01-01-12 
GX17+2 bin 83 accepted 96310-01-01-08 
GX3+1 bin 1 accepted 60022-01-01-01 
GX17+2 bin 86 accepted 96310-01-02-02 
GX17+2 bin 87 accepted 96310-01-02-03 
GX17+2 bin 89 accepted 96310-01-02-00 
GX3+1 bin 5 accepted 60022-01-02-01 
GX17+2 bin 88 accepted 96310-01-02-000 
GX3+1 bin 0 accepted 60022-01-01-00 
GX3+1 bin 3 accepted 60022-01-01-03 
GX3+1 bin 2 accepted 60022-01-01-02 
GX3+1 bin 6 accepted 60022-01-01-04 
GX3+1 bin 7 accepted 60022-01-01-05 
GX3+1 bin 12 accepted 60022-01-04-03 
GX3+1 bin 8 accepted 60022-01-01-06 
GX3+1 bin 9 accepted 60022-01-03-00 
GX3+1 bin 4 accepted 60022-01-02-00 
GX3+1 bin 10 accepted 60022-01-03-01 
GX3+1 bin 17 accepted 60022-01-04-04 
GX3+1 bin 11 accepted 60022-01-03-02 
GX3+1 bin 13 accepted 60022-01-04-00 
GX3+1 bin 20 accepted 60022-01-05-01 
GX3+1 bin 14 accepted 60022-01-04-02 
GX3+1 bin 16 accepted 60022-01-03-03 
GX3+1 bin 15 accepted 60022-01-01-07 
GX3+1 bin 18 accepted 60022-01-03-04 
GX3+1 bin 25 accepted 60022-01-06-05 
GX3+1 bin 19 accepted 60022-01-04-01 
GX3+1 bin 21 accepted 60022-01-05-00 
GX3+1 bin 22 accepted 60022-01-06-01 
GX3+1 bin 23 accepted 60022-01-06-03 
GX3+1 bin 24 accepted 60022-01-06-04 
GX3+1 bin 26 accepted 60022-01-06-06 
GX3+1 bin 27 accepted 60022-01-06-07 
GX3+1 bin 29 accepted 60022-01-06-09 
GX3+1 bin 34 accepted 60022-01-06-13 
GX3+1 bin 28 accepted 60022-01-06-00 
GX3+1 bin 30 accepted 60022-01-06-08 
GX3+1 bin 37 accepted 60022-01-07-02 
GX3+1 bin 32 accepted 60022-01-06-11 
GX3+1 bin 33 accepted 60022-01-06-12 
GX3+1 bin 31 accepted 60022-01-06-10 
GX3+1 bin 35 accepted 60022-01-07-00 
GX3+1 bin 40 accepted 60022-01-08-04 
GX3+1 bin 43 accepted 60022-01-08-03 
GX3+1 bin 38 accepted 60022-01-07-04 
GX3+1 bin 41 accepted 60022-01-08-00 
GX3+1 bin 36 accepted 60022-01-07-01 
GX3+1 bin 39 accepted 60022-01-07-03 
GX3+1 bin 42 accepted 60022-01-08-01 
GX3+1 bin 49 accepted 60022-01-10-03 
GX3+1 bin 50 accepted 60022-01-10-04 
GX3+1 bin 45 accepted 60022-01-09-00 
GX3+1 bin 47 accepted 60022-01-10-02 
GX3+1 bin 46 accepted 60022-01-10-01 
GX3+1 bin 48 accepted 60022-01-10-00 
GX3+1 bin 44 accepted 60022-01-09-000 
GX3+1 bin 51 accepted 60022-01-11-00 
GX3+1 bin 57 accepted 60022-01-13-01 
GX3+1 bin 53 accepted 60022-01-11-03 
GX3+1 bin 54 accepted 60022-01-11-02 
GX3+1 bin 52 accepted 60022-01-11-01 
GX3+1 bin 59 accepted 90022-05-01-00 
GX3+1 bin 55 accepted 60022-01-12-00 
GX3+1 bin 58 accepted 80105-03-01-00 
GX3+1 bin 64 accepted 90022-05-05-00 
GX3+1 bin 65 accepted 90022-05-06-00 
GX3+1 bin 60 accepted 90022-05-01-01 
GX3+1 bin 61 accepted 90022-05-03-00 
GX3+1 bin 62 accepted 90022-05-04-00 
GX3+1 bin 63 accepted 90022-05-04-01 
GX3+1 bin 66 accepted 90022-05-06-01 
GX3+1 bin 56 accepted 60022-01-13-00 
GX3+1 bin 67 accepted 90022-05-06-02 
GX3+1 bin 68 accepted 90022-05-06-03 
GX3+1 bin 74 accepted 94307-05-01-02 
GX3+1 bin 69 accepted 90022-05-07-00 
GX3+1 bin 70 accepted 90022-05-07-01 
GX3+1 bin 72 accepted 94307-05-01-00 
GX3+1 bin 73 accepted 94307-05-01-01 
GX339-4 bin 0 accepted 70109-01-02-00 
GX339-4 bin 1 accepted 70109-01-01-00 
GX339-4 bin 2 accepted 70109-01-03-00 
GX3+1 bin 71 accepted 94307-05-01-000 
GX339-4 bin 3 accepted 70110-01-03-00 
GX339-4 bin 4 accepted 70110-01-04-00 
GX339-4 bin 8 EMPTY 40031-03-02-02 fetch_or_read_error: FileNotFoundError: StdProd Std2 files not found (HTTP Error 404: Not Found)
GX339-4 bin 9 EMPTY 40031-03-02-03 fetch_or_read_error: FileNotFoundError: StdProd Std2 files not found (HTTP Error 404: Not Found)
GX339-4 bin 5 accepted 40031-03-01-00 
GX339-4 bin 6 accepted 40031-03-02-00 
GX339-4 bin 12 accepted 40031-03-02-05 
GX339-4 bin 7 accepted 40031-03-02-01 
GX339-4 bin 10 accepted 40031-03-02-04 
GX339-4 bin 13 accepted 70109-01-05-01G 
GX339-4 bin 14 accepted 70109-01-05-00 
GX339-4 bin 11 accepted 70109-01-04-00 
GX339-4 bin 16 accepted 70110-01-08-00 
GX339-4 bin 15 accepted 70109-01-05-02 
GX339-4 bin 17 accepted 70110-01-09-00 
GX339-4 bin 18 accepted 70109-01-06-00 
GX339-4 bin 20 accepted 70110-01-10-00 
GX339-4 bin 19 accepted 70108-03-01-00 
GX339-4 bin 26 accepted 40031-03-03-04 
GX339-4 bin 23 accepted 70110-01-12-00 
GX339-4 bin 21 accepted 70109-04-01-00 
GX339-4 bin 25 accepted 40031-03-03-03 
GX339-4 bin 24 accepted 70109-01-07-00 
GX339-4 bin 27 accepted 70108-03-02-00 
GX339-4 bin 28 accepted 70109-01-08-00G 
GX339-4 bin 29 accepted 70109-01-09-00 
GX339-4 bin 30 accepted 70109-01-09-01 
GX339-4 bin 22 accepted 70109-04-01-01 
GX339-4 bin 31 accepted 70109-01-09-02 
GX339-4 bin 32 accepted 70110-01-19-00 
GX339-4 bin 34 accepted 70109-01-10-02 
GX339-4 bin 33 accepted 70109-01-10-00 
GX339-4 bin 37 accepted 70109-03-01-01 
GX339-4 bin 35 accepted 70108-03-03-00 
GX339-4 bin 36 accepted 70109-03-01-00 
GX339-4 bin 38 accepted 70109-03-01-02 
GX339-4 bin 39 accepted 70109-01-12-00 
GX339-4 bin 40 accepted 70109-01-13-00 
GX339-4 bin 43 accepted 70109-01-17-00 
GX339-4 bin 42 accepted 70109-01-16-00 
GX339-4 bin 44 accepted 70109-01-18-00 
GX339-4 bin 41 accepted 70109-01-15-00 
GX339-4 bin 46 accepted 70110-01-38-00 
GX339-4 bin 47 accepted 70110-01-39-00 
GX339-4 bin 45 accepted 70109-01-19-00 
GX339-4 bin 49 accepted 70109-01-20-01 
GX339-4 bin 48 accepted 70109-01-20-00 
GX339-4 bin 50 accepted 70109-01-21-00 
GX339-4 bin 51 accepted 70130-01-01-00 
GX339-4 bin 52 accepted 70109-01-22-00 
GX339-4 bin 53 accepted 70110-01-45-00 
GX339-4 bin 55 accepted 70110-01-47-00 
GX339-4 bin 54 accepted 70109-01-23-00 
GX339-4 bin 61 accepted 70110-01-54-00 
GX339-4 bin 56 accepted 70109-01-24-00 
GX339-4 bin 57 accepted 70109-01-25-00 
GX339-4 bin 60 accepted 70109-01-14-00 
GX339-4 bin 59 accepted 70109-01-11-00 
GX339-4 bin 62 accepted 70109-01-26-00 
GX339-4 bin 63 accepted 70109-01-11-02 
GX339-4 bin 58 accepted 70130-01-02-00 
GX339-4 bin 64 accepted 70109-01-27-00 
GX339-4 bin 65 accepted 70109-01-28-00 
GX339-4 bin 66 accepted 70109-01-29-00G 
GX339-4 bin 67 accepted 70109-01-30-00 
GX339-4 bin 68 accepted 70109-01-31-00 
GX339-4 bin 70 accepted 70109-01-33-00 
GX339-4 bin 69 accepted 70109-01-32-00 
GX339-4 bin 72 accepted 70109-01-35-01 
GX339-4 bin 71 accepted 70109-01-34-00 
GX339-4 bin 74 accepted 70110-01-83-00 
GX339-4 bin 73 accepted 70109-01-35-00 
GX339-4 bin 75 accepted 70109-01-36-00 
GX339-4 bin 76 accepted 70109-01-36-02 
GX339-4 bin 78 accepted 70111-01-01-00 
GX339-4 bin 79 accepted 70128-02-01-01 
GX339-4 bin 80 accepted 70109-01-37-00 
GX339-4 bin 77 accepted 70111-01-01-000 
GX339-4 bin 82 accepted 70110-01-87-00 
GX339-4 bin 83 accepted 50117-01-03-01 
GX339-4 bin 81 accepted 70128-02-02-00 
GX339-4 bin 86 accepted 70109-02-01-01 
GX339-4 bin 88 accepted 70110-01-90-00 
GX339-4 bin 87 accepted 60705-01-56-00 
GX339-4 bin 85 accepted 70109-02-01-00 
GX339-4 bin 84 accepted 50117-01-03-00 
GX339-4 bin 89 accepted 70109-02-02-00 
GX339-4 bin 94 accepted 50117-01-04-02 
GX339-4 bin 92 accepted 70110-01-92-00 
GX339-4 bin 91 accepted 60705-01-57-00 
GX339-4 bin 93 accepted 50117-01-04-01 
GX339-4 bin 90 accepted 50117-01-04-00 
GX339-4 bin 95 accepted 60705-01-59-00 
GX339-4 bin 97 accepted 80116-02-01-01G 
GX339-4 bin 98 accepted 80116-02-01-02 
GX339-4 bin 96 accepted 80116-02-01-00 
GX339-4 bin 100 accepted 80116-02-02-01 
GX339-4 bin 99 accepted 80116-02-02-00 
GX339-4 bin 104 accepted 60705-01-61-00 
GX339-4 bin 105 accepted 60705-01-62-00 
GX339-4 bin 103 accepted 80116-02-02-02G 
GX339-4 bin 108 accepted 80102-04-56-00 
GX339-4 bin 101 accepted 70128-02-03-00 
GX339-4 bin 102 accepted 70128-02-03-01 
GX339-4 bin 106 accepted 60705-01-63-00 
GX339-4 bin 107 accepted 60705-01-64-00 
GX339-4 bin 109 accepted 80132-01-01-00 
GX339-4 bin 110 accepted 80102-04-57-00 
GX339-4 bin 114 accepted 80132-01-05-00 
GX339-4 bin 111 accepted 80132-01-02-00 
GX339-4 bin 116 accepted 80132-01-06-00 
GX339-4 bin 115 accepted 80132-01-05-01 
GX339-4 bin 113 accepted 80132-01-04-00 
GX339-4 bin 112 accepted 80132-01-03-00 
GX339-4 bin 117 accepted 80132-01-06-01 
GX339-4 bin 118 accepted 80132-01-07-01 
GX339-4 bin 120 accepted 80132-01-07-00 
GX339-4 bin 121 accepted 80132-01-08-00 
GX339-4 bin 122 accepted 80132-01-08-01 
GX339-4 bin 123 accepted 80132-01-08-02 
GX339-4 bin 124 accepted 80132-01-09-00 
GX339-4 bin 119 accepted 90109-01-01-00 
GX339-4 bin 125 accepted 80132-01-09-01 
GX339-4 bin 128 accepted 80132-01-11-01 
GX339-4 bin 126 accepted 80132-01-09-03 
GX339-4 bin 130 accepted 80132-01-12-00 
GX339-4 bin 129 accepted 80132-01-11-02 
GX339-4 bin 131 accepted 80132-01-12-01 
GX339-4 bin 127 accepted 80132-01-10-00 
GX339-4 bin 132 accepted 80132-01-13-00 
GX339-4 bin 133 accepted 80132-01-13-01 
GX339-4 bin 135 accepted 90118-01-02-00 
GX339-4 bin 134 accepted 90118-01-01-00 
GX339-4 bin 136 accepted 80132-01-14-00 
GX339-4 bin 137 accepted 90118-01-03-00 
GX339-4 bin 138 accepted 90118-01-04-00 
GX339-4 bin 139 accepted 90118-01-05-00 
GX339-4 bin 140 accepted 90118-01-06-00 
GX339-4 bin 143 accepted 80102-04-66-00 
GX339-4 bin 142 accepted 80132-01-15-00 
GX339-4 bin 144 accepted 80132-01-15-02 
GX339-4 bin 145 accepted 80132-01-15-03 
GX339-4 bin 141 accepted 90118-01-07-00 
GX339-4 bin 146 accepted 80132-01-15-01 
GX339-4 bin 147 accepted 80132-01-16-00 
GX339-4 bin 148 accepted 80132-01-16-01 
GX339-4 bin 150 accepted 80132-01-17-01 
GX339-4 bin 151 accepted 80132-01-18-00 
GX339-4 bin 149 accepted 80132-01-17-00 
GX339-4 bin 152 accepted 80102-04-68-00 
GX339-4 bin 153 accepted 80132-01-18-01 
GX339-4 bin 154 accepted 80132-01-18-02 
GX339-4 bin 156 accepted 80132-01-19-05 
GX339-4 bin 155 accepted 80132-01-19-01 
GX339-4 bin 157 accepted 80132-01-19-02 
GX339-4 bin 158 accepted 80132-01-21-00 
GX339-4 bin 164 accepted 80132-01-22-00 
GX339-4 bin 159 accepted 80132-01-21-01 
GX339-4 bin 160 accepted 80132-01-21-02 
GX339-4 bin 162 accepted 90019-01-01-00 
GX339-4 bin 161 accepted 80132-01-21-03 
GX339-4 bin 163 accepted 90019-01-02-00 
GX339-4 bin 165 accepted 80132-01-22-01 
GX339-4 bin 167 accepted 80132-01-23-00 
GX339-4 bin 166 accepted 80132-01-22-02 
GX339-4 bin 168 accepted 80132-01-23-01 
GX339-4 bin 169 accepted 80132-01-23-02 
GX339-4 bin 170 accepted 80132-01-23-03 
GX339-4 bin 171 accepted 90019-01-03-00 
GX339-4 bin 173 accepted 80102-04-81-00G 
GX339-4 bin 172 accepted 90019-01-03-01 
GX339-4 bin 174 accepted 90019-01-03-02G 
GX339-4 bin 175 accepted 90019-01-04-00 
GX339-4 bin 176 accepted 80102-04-86-00 
GX339-4 bin 177 accepted 80102-04-95-00 
GX339-4 bin 178 accepted 90418-01-01-01 
GX339-4 bin 180 accepted 90418-01-01-03 
GX339-4 bin 179 accepted 90418-01-01-02 
GX339-4 bin 181 accepted 60705-01-67-01 
GX339-4 bin 182 accepted 60705-01-68-01 
GX339-4 bin 183 accepted 60705-01-69-00 
GX339-4 bin 184 accepted 90704-01-01-00 
GX339-4 bin 185 accepted 90110-02-01-01 
GX339-4 bin 186 accepted 90110-02-01-02 
GX339-4 bin 188 accepted 90110-02-01-03 
GX339-4 bin 189 accepted 90704-01-02-00 
GX339-4 bin 187 accepted 90110-02-01-00 
GX339-4 bin 190 accepted 90704-01-03-00 
GX339-4 bin 196 accepted 90704-01-05-00 
GX339-4 bin 191 accepted 90704-01-04-00 
GX339-4 bin 192 accepted 90704-02-01-00 
GX339-4 bin 193 accepted 90704-02-01-01 
GX339-4 bin 194 accepted 90704-02-01-02 
GX339-4 bin 195 accepted 90704-02-01-03 
GX339-4 bin 198 accepted 90704-01-06-00 
GX339-4 bin 200 accepted 90704-01-09-00 
GX339-4 bin 199 accepted 90704-01-07-00 
GX339-4 bin 197 accepted 90118-01-08-00 
GX339-4 bin 201 accepted 90704-01-10-00 
GX339-4 bin 203 accepted 60705-01-80-00 
GX339-4 bin 202 accepted 90118-01-09-00 
GX339-4 bin 204 accepted 60705-01-80-01 
GX339-4 bin 205 accepted 90118-01-10-01 
GX339-4 bin 207 accepted 60705-01-84-01 
GX339-4 bin 208 accepted 60705-01-84-02 
GX339-4 bin 209 accepted 60705-01-60-00 
GX339-4 bin 206 accepted 90118-01-10-00G 
GX339-4 bin 210 accepted 60705-01-60-01 
GX339-4 bin 211 accepted 60705-01-60-02 
GX339-4 bin 212 accepted 60705-01-86-00 
GX339-4 bin 213 accepted 60705-01-86-01 
GX339-4 bin 214 accepted 60705-01-87-01 
GX339-4 bin 215 accepted 60705-01-88-00 
GX339-4 bin 216 accepted 60705-01-88-01 
GX339-4 bin 217 accepted 90704-01-11-00 
GX339-4 bin 218 accepted 90704-01-13-00 
GX339-4 bin 219 accepted 91105-04-15-00 
GX339-4 bin 221 accepted 90704-01-13-01 
GX339-4 bin 222 accepted 91095-08-02-00 
GX339-4 bin 220 accepted 91095-08-01-00 
GX339-4 bin 224 accepted 91095-08-04-00 
GX339-4 bin 223 accepted 91095-08-03-00 
GX339-4 bin 225 accepted 90704-01-13-02 
GX339-4 bin 226 accepted 91095-08-05-00 
GX339-4 bin 230 accepted 91095-08-09-00 
GX339-4 bin 228 accepted 91095-08-07-00 
GX339-4 bin 229 accepted 91095-08-08-00 
GX339-4 bin 227 accepted 91095-08-06-00 
GX339-4 bin 231 accepted 90165-01-01-01 
GX339-4 bin 234 accepted 90165-01-01-02 
GX339-4 bin 235 accepted 90704-01-14-00 
GX339-4 bin 236 accepted 90704-01-14-01 
GX339-4 bin 233 accepted 90165-01-01-03 
GX339-4 bin 237 accepted 90704-01-14-02 
GX339-4 bin 232 accepted 90165-01-01-00 
GX339-4 bin 241 accepted 91105-04-04-10 
GX339-4 bin 244 accepted 92034-08-01-00 
GX339-4 bin 240 accepted 91105-04-96-00 
GX339-4 bin 242 accepted 91105-04-83-00 
GX339-4 bin 239 accepted 90165-01-02-01 
GX339-4 bin 243 accepted 60705-01-91-00 
GX339-4 bin 245 accepted 91105-04-17-10 
GX339-4 bin 246 accepted 92052-07-01-00 
GX339-4 bin 238 accepted 90165-01-02-00 
GX339-4 bin 247 accepted 92052-07-01-02 
GX339-4 bin 248 accepted 92052-07-01-03 
GX339-4 bin 249 accepted 92052-07-02-05 
GX339-4 bin 250 accepted 92052-07-04-00 
GX339-4 bin 251 accepted 92052-07-05-00 
GX339-4 bin 252 accepted 92428-01-01-00 
GX339-4 bin 254 accepted 92052-07-06-00 
GX339-4 bin 253 accepted 92428-01-01-01 
GX339-4 bin 255 accepted 92052-07-06-01 
GX339-4 bin 256 accepted 92428-01-02-00 
GX339-4 bin 258 accepted 92035-01-01-00 
GX339-4 bin 260 accepted 92035-01-01-02 
GX339-4 bin 261 accepted 92035-01-01-04 
GX339-4 bin 257 accepted 92035-01-01-01 
GX339-4 bin 259 accepted 92035-01-01-03 
GX339-4 bin 262 accepted 92035-01-02-00 
GX339-4 bin 264 accepted 92035-01-02-02 
GX339-4 bin 263 accepted 92035-01-02-01 
GX339-4 bin 265 accepted 92035-01-02-03 
GX339-4 bin 266 accepted 92035-01-02-04 
GX339-4 bin 272 accepted 92035-01-03-03 
GX339-4 bin 267 accepted 92035-01-02-07 
GX339-4 bin 269 accepted 92035-01-03-00 
GX339-4 bin 268 accepted 92035-01-02-06 
GX339-4 bin 270 accepted 92035-01-03-01 
GX339-4 bin 271 accepted 92035-01-03-02 
GX339-4 bin 273 accepted 92428-01-04-00 
GX339-4 bin 274 accepted 92428-01-04-01 
GX339-4 bin 275 accepted 92428-01-04-02 
GX339-4 bin 276 accepted 92428-01-04-03 
GX339-4 bin 277 accepted 92035-01-03-05 
GX339-4 bin 278 accepted 92428-01-04-04 
GX339-4 bin 279 accepted 92035-01-03-06 
GX339-4 bin 280 accepted 92035-01-04-00 
GX339-4 bin 281 accepted 92035-01-04-01 
GX339-4 bin 282 accepted 92035-01-04-02 
GX339-4 bin 283 accepted 92085-01-01-00 
GX339-4 bin 284 accepted 92085-01-01-04 
GX339-4 bin 285 accepted 92085-01-01-05 
GX339-4 bin 286 accepted 92085-01-01-06 
GX339-4 bin 287 accepted 92085-01-02-00 
GX339-4 bin 288 accepted 92085-01-02-01 
GX339-4 bin 289 accepted 92085-01-02-02 
GX339-4 bin 290 accepted 92085-01-02-03 
GX339-4 bin 292 accepted 92085-01-02-05 
GX339-4 bin 291 accepted 92085-01-02-04 
GX339-4 bin 293 accepted 92085-01-02-06 
GX339-4 bin 294 accepted 92085-01-03-00 
GX339-4 bin 295 accepted 92085-01-03-01 
GX339-4 bin 296 accepted 92085-01-03-02 
GX339-4 bin 297 accepted 92085-01-03-03 
GX339-4 bin 299 accepted 92085-01-03-05 
GX339-4 bin 298 accepted 92085-01-03-04 
GX339-4 bin 300 accepted 92085-02-01-00 
GX339-4 bin 301 accepted 92085-02-01-02 
GX339-4 bin 302 accepted 92085-02-01-03 
GX339-4 bin 303 accepted 92085-02-01-04 
GX339-4 bin 304 accepted 92085-02-01-05 
GX339-4 bin 305 accepted 92085-02-01-06 
GX339-4 bin 306 accepted 92085-02-02-03 
GX339-4 bin 307 accepted 92085-02-02-00 
GX339-4 bin 308 accepted 92085-02-02-02 
GX339-4 bin 309 accepted 92085-02-02-01 
GX339-4 bin 312 accepted 92085-02-03-02 
GX339-4 bin 310 accepted 92085-02-03-00 
GX339-4 bin 311 accepted 92085-02-03-01 
GX339-4 bin 313 accepted 92085-02-04-00 
GX339-4 bin 314 accepted 92085-02-04-01 
GX339-4 bin 315 accepted 92085-02-04-02 
GX339-4 bin 316 accepted 92085-02-05-00 
GX339-4 bin 317 accepted 92085-02-05-01 
GX339-4 bin 318 accepted 92085-02-05-02 
GX339-4 bin 319 accepted 92085-02-05-03 
GX339-4 bin 320 accepted 92704-03-01-01 
GX339-4 bin 321 accepted 92704-03-01-00 
GX339-4 bin 322 accepted 92704-03-02-01 
GX339-4 bin 323 accepted 92704-03-02-00 
GX339-4 bin 324 accepted 92704-03-03-00 
GX339-4 bin 325 accepted 92704-03-01-02 
GX339-4 bin 326 accepted 92704-03-04-00 
GX339-4 bin 327 accepted 92704-03-04-01 
GX339-4 bin 328 accepted 92704-03-05-00 
GX339-4 bin 329 accepted 92704-03-05-01 
GX339-4 bin 330 accepted 92704-03-06-00 
GX339-4 bin 331 accepted 92704-03-07-01 
GX339-4 bin 332 accepted 92704-03-08-00 
GX339-4 bin 333 accepted 92704-03-08-01 
GX339-4 bin 335 accepted 92704-03-09-01 
GX339-4 bin 334 accepted 92704-03-09-00 
GX339-4 bin 336 accepted 92704-03-09-02 
GX339-4 bin 337 accepted 92704-03-10-00 
GX339-4 bin 338 accepted 92704-03-10-11 
GX339-4 bin 339 accepted 92704-03-10-12 
GX339-4 bin 341 accepted 92704-04-01-00 
GX339-4 bin 340 accepted 92704-03-11-00 
GX339-4 bin 342 accepted 92704-04-01-01 
GX339-4 bin 343 accepted 92704-04-01-02 
GX339-4 bin 349 accepted 92704-03-13-00 
GX339-4 bin 344 accepted 92704-04-01-03 
GX339-4 bin 345 accepted 92704-04-01-04 
GX339-4 bin 346 accepted 92704-04-01-05 
GX339-4 bin 347 accepted 92704-03-12-01 
GX339-4 bin 348 accepted 92704-04-01-06 
GX339-4 bin 350 accepted 92704-03-13-01 
GX339-4 bin 351 accepted 92704-03-13-02 
GX339-4 bin 354 accepted 92704-03-14-03 
GX339-4 bin 352 accepted 92704-03-14-01 
GX339-4 bin 355 accepted 92704-04-02-00 
GX339-4 bin 353 accepted 92704-03-14-02 
GX339-4 bin 356 accepted 92704-04-02-02 
GX339-4 bin 357 accepted 92704-03-15-00 
GX339-4 bin 359 accepted 92704-03-17-00 
GX339-4 bin 358 accepted 92704-03-16-00 
GX339-4 bin 360 accepted 92704-03-18-00 
GX339-4 bin 366 accepted 92704-03-22-00 
GX339-4 bin 361 accepted 92704-03-19-00 
GX339-4 bin 362 accepted 92704-04-02-01 
GX339-4 bin 363 accepted 92704-04-02-03 
GX339-4 bin 364 accepted 92704-04-02-04 
GX339-4 bin 365 accepted 92704-03-21-00 
GX339-4 bin 369 accepted 92704-03-26-00 
GX339-4 bin 368 accepted 92704-03-25-00 
GX339-4 bin 367 accepted 92704-04-03-00 
GX339-4 bin 371 accepted 92704-03-27-01 
GX339-4 bin 370 accepted 92704-03-27-00 
GX339-4 bin 374 accepted 92704-03-29-01 
GX339-4 bin 373 accepted 92704-03-29-00 
GX339-4 bin 372 accepted 92704-03-28-00 
GX339-4 bin 375 accepted 93119-01-01-00 
GX339-4 bin 376 accepted 92704-03-30-00 
GX339-4 bin 377 accepted 93119-01-02-00 
GX339-4 bin 379 accepted 92704-03-32-00 
GX339-4 bin 378 accepted 92704-03-31-00 
GX339-4 bin 381 accepted 92704-03-32-01 
GX339-4 bin 380 accepted 93119-01-03-00 
GX339-4 bin 382 accepted 92704-03-32-02 
GX339-4 bin 383 accepted 93119-01-04-00 
GX339-4 bin 384 accepted 92704-03-33-00 
GX339-4 bin 387 accepted 92704-03-36-00 
GX339-4 bin 386 accepted 92704-03-35-00 
GX339-4 bin 385 accepted 92704-03-33-01 
GX339-4 bin 388 accepted 92704-03-37-00 
GX339-4 bin 390 accepted 92704-03-39-00 
GX339-4 bin 389 accepted 92704-03-38-00 
GX339-4 bin 391 accepted 92704-03-40-00 
GX339-4 bin 392 accepted 92704-03-41-00 
GX339-4 bin 398 accepted 92704-03-45-01 
GX339-4 bin 393 accepted 92704-03-42-00 
GX339-4 bin 394 accepted 92704-03-42-01 
GX339-4 bin 395 accepted 92704-03-43-00 
GX339-4 bin 396 accepted 92704-03-44-02 
GX339-4 bin 397 accepted 92704-03-45-00 
GX339-4 bin 399 accepted 92704-03-45-02 
GX339-4 bin 400 accepted 92704-03-46-01 
GX339-4 bin 401 accepted 92704-03-46-02 
GX339-4 bin 402 accepted 92704-03-47-02 
GX339-4 bin 403 accepted 92704-03-47-03 
GX339-4 bin 404 accepted 93409-01-01-00 
GX339-4 bin 405 accepted 93409-01-01-01 
GX339-4 bin 406 accepted 93409-01-01-02 
GX339-4 bin 407 accepted 93409-01-01-03 
GX339-4 bin 408 accepted 93409-01-02-00 
GX339-4 bin 409 accepted 93409-01-02-01 
GX339-4 bin 410 accepted 93409-01-02-02 
GX339-4 bin 412 accepted 93409-01-03-01 
GX339-4 bin 411 accepted 93409-01-03-00 
GX339-4 bin 413 accepted 93409-01-03-03 
GX339-4 bin 414 accepted 93409-01-04-00 
GX339-4 bin 415 accepted 93409-01-05-00 
GX339-4 bin 416 accepted 93409-01-05-01 
GX339-4 bin 417 accepted 93409-01-05-02 
GX339-4 bin 418 accepted 93409-01-05-03 
GX339-4 bin 419 accepted 93409-01-06-00 
GX339-4 bin 420 accepted 93409-01-06-01 
GX339-4 bin 421 accepted 93409-01-06-02 
GX339-4 bin 422 accepted 93409-01-08-00 
GX339-4 bin 423 accepted 93409-01-09-00 
GX339-4 bin 425 accepted 93409-01-10-00 
GX339-4 bin 424 accepted 93409-01-10-03 
GX339-4 bin 426 accepted 93409-01-11-02 
GX339-4 bin 427 accepted 93409-01-11-03 
GX339-4 bin 428 accepted 93409-01-12-00 
GX339-4 bin 429 accepted 93409-01-12-01 
GX339-4 bin 431 accepted 93409-01-13-00 
GX339-4 bin 432 accepted 93409-01-13-01 
GX339-4 bin 430 accepted 93409-01-12-03 
GX339-4 bin 433 accepted 93409-01-14-00 
GX339-4 bin 434 accepted 93409-01-14-01 
GX339-4 bin 435 accepted 93409-01-15-00 
GX339-4 bin 437 accepted 93409-01-15-02 
GX339-4 bin 438 accepted 93076-08-01-00 
GX339-4 bin 436 accepted 93409-01-15-01 
GX339-4 bin 439 accepted 93076-08-02-00 
GX339-4 bin 440 accepted 93076-08-02-03 
GX339-4 bin 441 accepted 93076-08-02-01 
GX339-4 bin 442 accepted 93076-08-02-02 
GX339-4 bin 443 accepted 93076-08-04-02 
GX339-4 bin 444 accepted 93076-08-03-00 
GX339-4 bin 445 accepted 93076-08-03-01 
GX339-4 bin 446 accepted 93076-08-04-00 
GX339-4 bin 447 accepted 93076-08-04-01 
GX339-4 bin 448 accepted 93076-08-05-00 
GX339-4 bin 450 accepted 93076-08-06-01 
GX339-4 bin 449 accepted 93076-08-05-06 
GX339-4 bin 451 accepted 93076-08-06-02 
GX339-4 bin 452 accepted 93076-08-06-03 
GX339-4 bin 458 accepted 93108-01-01-02 
GX339-4 bin 453 accepted 93076-08-06-05 
GX339-4 bin 454 accepted 93076-08-06-06 
GX339-4 bin 456 accepted 93409-01-24-01 
GX339-4 bin 455 accepted 93409-01-24-00 
GX339-4 bin 457 accepted 93108-01-01-01 
GX339-4 bin 459 accepted 93108-01-01-00 
GX339-4 bin 460 accepted 93702-04-01-00 
GX339-4 bin 461 accepted 93702-04-01-01 
GX339-4 bin 463 accepted 93702-04-01-03 
GX339-4 bin 462 accepted 93702-04-01-02 
GX339-4 bin 464 accepted 93702-04-02-00 
GX339-4 bin 465 accepted 93702-04-02-01 
GX339-4 bin 467 accepted 94331-07-01-02 
GX339-4 bin 468 accepted 94331-07-01-01 
GX339-4 bin 466 accepted 94331-07-01-00 
GX339-4 bin 469 EMPTY 94331-07-01-03 short_exposure
GX339-4 bin 470 accepted 94331-07-01-06 
GX339-4 bin 471 accepted 94331-07-01-05 
GX339-4 bin 472 accepted 94331-07-01-04 
GX339-4 bin 474 accepted 94331-07-02-01 
GX339-4 bin 473 accepted 94331-07-02-00 
GX339-4 bin 475 accepted 93108-01-02-00 
GX339-4 bin 476 accepted 94405-01-03-00 
GX339-4 bin 477 accepted 94405-01-03-01 
GX339-4 bin 478 accepted 94405-01-03-02 
GX339-4 bin 480 accepted 94311-01-01-03 
GX339-4 bin 481 accepted 94311-01-01-00 
GX339-4 bin 479 accepted 93108-01-03-00 
GX339-4 bin 486 accepted 95409-01-02-02 
GX339-4 bin 482 accepted 94311-01-01-02 
GX339-4 bin 483 accepted 94311-01-01-01 
GX339-4 bin 484 accepted 95409-01-02-00 
GX339-4 bin 485 accepted 95409-01-02-01 
GX339-4 bin 488 accepted 95409-01-03-04 
GX339-4 bin 487 accepted 95409-01-03-00 
GX339-4 bin 489 accepted 95409-01-03-01 
GX339-4 bin 490 accepted 95409-01-04-00 
GX339-4 bin 491 accepted 95409-01-04-04 
GX339-4 bin 493 accepted 95409-01-04-05 
GX339-4 bin 494 accepted 95409-01-04-02 
GX339-4 bin 492 accepted 95409-01-04-01 
GX339-4 bin 495 accepted 95409-01-04-03 
GX339-4 bin 496 accepted 95409-01-05-01 
GX339-4 bin 498 accepted 95409-01-05-04 
GX339-4 bin 499 accepted 95409-01-05-05 
GX339-4 bin 500 accepted 95409-01-06-00 
GX339-4 bin 497 accepted 95409-01-05-03 
GX339-4 bin 501 accepted 95409-01-06-01 
GX339-4 bin 502 accepted 95409-01-06-02 
GX339-4 bin 503 accepted 95409-01-07-04 
GX339-4 bin 504 accepted 95409-01-07-00 
GX339-4 bin 506 accepted 95409-01-08-00 
GX339-4 bin 505 accepted 95409-01-07-02 
GX339-4 bin 507 accepted 95409-01-08-02 
GX339-4 bin 508 accepted 95409-01-08-03 
GX339-4 bin 509 accepted 95409-01-09-04 
GX339-4 bin 511 accepted 95409-01-09-06 
GX339-4 bin 513 accepted 95409-01-10-00 
GX339-4 bin 510 accepted 95409-01-09-00 
GX339-4 bin 512 accepted 95409-01-09-03 
GX339-4 bin 515 accepted 95409-01-10-02 
GX339-4 bin 514 accepted 95409-01-10-01 
GX339-4 bin 516 accepted 95409-01-10-03 
GX339-4 bin 518 accepted 95409-01-10-05 
GX339-4 bin 517 accepted 95409-01-10-04 
GX339-4 bin 519 accepted 95409-01-10-06 
GX339-4 bin 521 accepted 95409-01-12-00 
GX339-4 bin 520 accepted 95409-01-11-00 
GX339-4 bin 523 accepted 95409-01-12-02 
GX339-4 bin 524 accepted 95409-01-12-04 
GX339-4 bin 527 accepted 95409-01-13-00 
GX339-4 bin 525 accepted 95409-01-12-03 
GX339-4 bin 522 accepted 95409-01-12-01 
GX339-4 bin 526 accepted 95409-01-13-03 
GX339-4 bin 528 accepted 95409-01-13-04 
GX339-4 bin 529 accepted 95409-01-13-02 
GX339-4 bin 530 accepted 95409-01-13-01 
GX339-4 bin 531 accepted 95409-01-14-00 
GX339-4 bin 532 accepted 95409-01-14-02 
GX339-4 bin 533 accepted 95409-01-14-06 
GX339-4 bin 535 accepted 95409-01-15-02 
GX339-4 bin 534 accepted 95409-01-14-07 
GX339-4 bin 536 accepted 95409-01-15-05 
GX339-4 bin 537 accepted 95409-01-15-06 
GX339-4 bin 538 accepted 95409-01-16-00 
GX339-4 bin 539 accepted 95409-01-16-06 
GX339-4 bin 540 accepted 95409-01-16-03 
GX339-4 bin 541 accepted 95409-01-16-05 
GX339-4 bin 542 accepted 95409-01-17-01 
GX339-4 bin 543 accepted 95409-01-17-02 
GX339-4 bin 544 accepted 95409-01-17-05 
GX339-4 bin 545 accepted 95409-01-17-06 
GX339-4 bin 546 accepted 95409-01-18-00 
GX339-4 bin 547 accepted 95335-01-01-07 
GX339-4 bin 548 accepted 95335-01-01-00 
GX339-4 bin 549 accepted 95335-01-01-01 
GX339-4 bin 550 accepted 95335-01-01-02 
GX339-4 bin 551 accepted 95335-01-01-03 
GX339-4 bin 552 accepted 95335-01-01-04 
GX339-4 bin 553 accepted 95335-01-01-05 
GX339-4 bin 559 accepted 95409-01-20-00 
GX339-4 bin 555 accepted 95409-01-18-06 
GX339-4 bin 554 accepted 95335-01-01-06 
GX339-4 bin 556 accepted 95335-01-02-00 
GX339-4 bin 557 accepted 95335-01-02-01 
GX339-4 bin 560 accepted 95409-01-20-01 
GX339-4 bin 558 accepted 95335-01-02-02 
GX339-4 bin 561 accepted 95409-01-20-03 
GX339-4 bin 562 accepted 95409-01-21-00 
GX339-4 bin 563 accepted 95409-01-21-01 
GX339-4 bin 564 accepted 95409-01-21-03 
GX339-4 bin 565 accepted 95409-01-21-04 
GX339-4 bin 567 accepted 95409-01-22-01 
GX339-4 bin 566 accepted 95409-01-21-05 
GX339-4 bin 568 accepted 95409-01-22-03 
GX339-4 bin 569 accepted 95409-01-22-04 
GX339-4 bin 570 accepted 95409-01-22-06 
GX339-4 bin 573 accepted 95409-01-23-00 
GX339-4 bin 571 accepted 95335-01-03-00 
GX339-4 bin 572 accepted 95335-01-03-01 
GX339-4 bin 574 accepted 95335-01-03-02 
GX339-4 bin 575 accepted 95409-01-23-01 
GX339-4 bin 576 accepted 95409-01-23-03 
GX339-4 bin 577 accepted 95409-01-23-05 
GX339-4 bin 578 accepted 95409-01-23-06 
GX339-4 bin 580 accepted 95409-01-24-01 
GX339-4 bin 579 accepted 95409-01-24-00 
GX339-4 bin 581 accepted 95409-01-25-00 
GX339-4 bin 582 accepted 95409-01-25-01 
GX339-4 bin 583 accepted 95409-01-25-02 
GX339-4 bin 585 accepted 95409-01-25-04 
GX339-4 bin 584 accepted 95409-01-25-03 
GX339-4 bin 586 accepted 95409-01-26-00 
GX339-4 bin 592 accepted 95409-01-29-00 
GX339-4 bin 587 accepted 95409-01-26-01 
GX339-4 bin 588 accepted 95409-01-26-02 
GX339-4 bin 589 accepted 95409-01-28-00 
GX339-4 bin 590 accepted 95409-01-27-01 
GX339-4 bin 591 accepted 95409-01-27-00 
GX339-4 bin 593 accepted 95409-01-29-02 
GX339-4 bin 594 accepted 95409-01-34-01 
GX339-4 bin 595 accepted 95409-01-34-02 
GX339-4 bin 596 accepted 95409-01-34-03 
GX339-4 bin 597 accepted 95409-01-35-02 
GX339-4 bin 598 accepted 95409-01-35-01 
GX339-4 bin 599 accepted 95409-01-36-00 
GX339-4 bin 600 accepted 95409-01-36-01 
GX339-4 bin 601 accepted 95409-01-36-02 
GX339-4 bin 602 accepted 95409-01-36-03 
GX339-4 bin 603 accepted 95409-01-36-04 
GX339-4 bin 604 accepted 95409-01-36-06 
GX339-4 bin 605 accepted 95409-01-37-00 
GX339-4 bin 606 accepted 95409-01-37-01 
GX339-4 bin 607 accepted 95409-01-37-02 
GX339-4 bin 608 accepted 95409-01-37-05 
GX339-4 bin 609 accepted 95409-01-37-06 
GX339-4 bin 610 accepted 95409-01-38-01 
GX339-4 bin 611 accepted 95409-01-38-03 
GX339-4 bin 612 accepted 95409-01-39-01 
GX339-4 bin 613 accepted 95409-01-39-02 
GX339-4 bin 614 accepted 95409-01-39-07 
GX339-4 bin 617 accepted 95409-01-40-03 
GX339-4 bin 615 accepted 95409-01-39-05 
GX339-4 bin 618 accepted 95409-01-41-00 
GX339-4 bin 616 accepted 95409-01-40-00 
GX339-4 bin 619 accepted 95409-01-41-03 
GX339-4 bin 621 accepted 95409-01-42-03 
GX339-4 bin 620 accepted 95409-01-42-01 
GX339-4 bin 622 accepted 95409-01-42-05 
GX339-4 bin 623 accepted 95409-01-43-02 
GX339-4 bin 624 accepted 95409-01-43-05 
GX339-4 bin 625 accepted 95409-01-44-00 
GX339-4 bin 626 accepted 95409-01-44-01 
GX339-4 bin 627 accepted 95409-01-44-02 
GX339-4 bin 628 accepted 95409-01-44-03 
GX339-4 bin 629 EMPTY 95409-01-44-05 short_exposure
GX339-4 bin 630 accepted 96409-01-02-03 
GX339-4 bin 631 accepted 96409-01-03-00 
GX339-4 bin 632 accepted 96409-01-03-01 
GX339-4 bin 633 accepted 96409-01-03-02 
GX339-4 bin 634 accepted 96409-01-04-01 
GX339-4 bin 635 accepted 96409-01-04-03 
GX339-4 bin 636 accepted 96409-01-05-01 
GX339-4 bin 637 accepted 96409-01-05-02 
GX339-4 bin 638 accepted 96409-01-05-03 
GX339-4 bin 640 accepted 96409-01-06-02 
GX339-4 bin 642 accepted 96409-01-07-01 
GX339-4 bin 639 accepted 96409-01-06-01 
GX339-4 bin 641 accepted 96409-01-07-03 
GX339-4 bin 648 accepted 96409-01-10-02 
GX339-4 bin 643 accepted 96409-01-07-02 
GX339-4 bin 644 accepted 96409-01-07-04 
GX339-4 bin 645 accepted 96409-01-08-00 
GX339-4 bin 646 accepted 96409-01-09-00 
GX339-4 bin 649 accepted 96409-01-10-03 
GX339-4 bin 647 accepted 96409-01-10-00G 
GX339-4 bin 650 accepted 96409-01-11-00 
GX339-4 bin 651 accepted 96409-01-11-01 
HETEJ1900.1-245 bin 0 accepted 91015-01-03-00 
HETEJ1900.1-245 bin 2 accepted 91015-01-03-02 
HETEJ1900.1-245 bin 4 accepted 91015-01-03-04 
HETEJ1900.1-245 bin 1 accepted 91015-01-03-01 
HETEJ1900.1-245 bin 5 accepted 91015-01-03-05 
HETEJ1900.1-245 bin 3 accepted 91015-01-03-03 
HETEJ1900.1-245 bin 6 accepted 91015-01-03-06 
HETEJ1900.1-245 bin 8 accepted 91015-01-04-01 
HETEJ1900.1-245 bin 7 accepted 91015-01-04-00 
HETEJ1900.1-245 bin 9 accepted 91015-01-04-07 
HETEJ1900.1-245 bin 10 accepted 91015-01-04-03 
HETEJ1900.1-245 bin 12 accepted 91015-01-04-06 
HETEJ1900.1-245 bin 11 accepted 91015-01-04-04 
HETEJ1900.1-245 bin 14 accepted 91015-01-05-01 
HETEJ1900.1-245 bin 19 accepted 91015-01-07-00 
HETEJ1900.1-245 bin 15 accepted 91015-01-05-02 
HETEJ1900.1-245 bin 13 accepted 91015-01-05-00 
HETEJ1900.1-245 bin 16 accepted 91015-01-06-00 
HETEJ1900.1-245 bin 17 accepted 91015-01-06-01 
HETEJ1900.1-245 bin 18 accepted 91015-01-06-02 
HETEJ1900.1-245 bin 22 accepted 91059-03-01-01 
HETEJ1900.1-245 bin 23 accepted 91059-03-01-02 
HETEJ1900.1-245 bin 21 accepted 91059-03-01-00 
HETEJ1900.1-245 bin 20 accepted 91015-01-07-01 
HETEJ1900.1-245 bin 24 accepted 91059-03-01-03 
HETEJ1900.1-245 bin 25 accepted 91059-03-01-04 
HETEJ1900.1-245 bin 26 accepted 91059-03-02-00 
HETEJ1900.1-245 bin 32 accepted 91059-03-03-00 
HETEJ1900.1-245 bin 29 accepted 91059-03-02-03 
HETEJ1900.1-245 bin 27 accepted 91059-03-02-01 
HETEJ1900.1-245 bin 28 accepted 91059-03-02-02 
HETEJ1900.1-245 bin 30 accepted 91059-03-02-04 
HETEJ1900.1-245 bin 31 accepted 91059-03-02-05 
HETEJ1900.1-245 bin 33 accepted 91059-03-03-01 
HETEJ1900.1-245 bin 35 accepted 91059-03-03-03 
HETEJ1900.1-245 bin 34 accepted 91059-03-03-02 
HETEJ1900.1-245 bin 36 accepted 91059-03-04-00 
HETEJ1900.1-245 bin 37 accepted 91057-01-01-00 
HETEJ1900.1-245 bin 38 accepted 91057-01-01-01 
HETEJ1900.1-245 bin 39 accepted 91057-01-02-00 
HETEJ1900.1-245 bin 40 accepted 91057-01-02-01 
HETEJ1900.1-245 bin 41 accepted 91057-01-02-03 
HETEJ1900.1-245 bin 42 accepted 91057-01-03-00 
HETEJ1900.1-245 bin 44 accepted 91057-01-03-02 
HETEJ1900.1-245 bin 43 accepted 91057-01-03-01 
HETEJ1900.1-245 bin 45 accepted 91057-01-04-00 
HETEJ1900.1-245 bin 46 accepted 91057-01-04-01 
HETEJ1900.1-245 bin 47 accepted 91057-01-04-02 
HETEJ1900.1-245 bin 48 accepted 91057-01-04-03 
HETEJ1900.1-245 bin 49 accepted 91057-01-04-04 
HETEJ1900.1-245 bin 50 accepted 91057-01-05-00 
HETEJ1900.1-245 bin 52 accepted 91057-01-05-02 
HETEJ1900.1-245 bin 51 accepted 91057-01-05-01 
HETEJ1900.1-245 bin 53 accepted 91057-01-05-03 
HETEJ1900.1-245 bin 54 accepted 91057-01-05-04 
HETEJ1900.1-245 bin 56 accepted 91057-01-06-01 
HETEJ1900.1-245 bin 58 accepted 91057-01-06-03 
HETEJ1900.1-245 bin 55 accepted 91057-01-06-00 
HETEJ1900.1-245 bin 59 accepted 91057-01-06-04 
HETEJ1900.1-245 bin 64 accepted 91057-01-07-04 
HETEJ1900.1-245 bin 57 accepted 91057-01-06-02 
HETEJ1900.1-245 bin 60 accepted 91057-01-07-00 
HETEJ1900.1-245 bin 61 accepted 91057-01-07-01 
HETEJ1900.1-245 bin 63 accepted 91057-01-07-02 
HETEJ1900.1-245 bin 62 accepted 91057-01-07-03 
HETEJ1900.1-245 bin 65 accepted 91057-01-08-00 
HETEJ1900.1-245 bin 66 accepted 91057-01-08-01 
HETEJ1900.1-245 bin 67 accepted 91057-01-08-02 
HETEJ1900.1-245 bin 68 accepted 91057-01-08-03 
HETEJ1900.1-245 bin 70 accepted 91057-01-09-00 
HETEJ1900.1-245 bin 69 accepted 91057-01-08-04 
HETEJ1900.1-245 bin 71 accepted 91057-01-09-01 
HETEJ1900.1-245 bin 72 accepted 91057-01-09-03 
HETEJ1900.1-245 bin 73 accepted 91057-01-10-00 
HETEJ1900.1-245 bin 74 accepted 91057-01-10-01 
HETEJ1900.1-245 bin 75 accepted 91057-01-10-02 
HETEJ1900.1-245 bin 76 accepted 91057-01-10-03 
HETEJ1900.1-245 bin 78 accepted 91057-01-12-00 
HETEJ1900.1-245 bin 77 accepted 91057-01-11-00 
HETEJ1900.1-245 bin 79 accepted 91432-01-01-00 
HETEJ1900.1-245 bin 80 accepted 91432-01-01-01G 
HETEJ1900.1-245 bin 82 accepted 91057-01-14-00 
HETEJ1900.1-245 bin 83 accepted 91057-01-15-00 
HETEJ1900.1-245 bin 81 accepted 91057-01-13-00 
HETEJ1900.1-245 bin 84 accepted 91057-01-16-00 
HETEJ1900.1-245 bin 90 accepted 92049-01-05-00 
HETEJ1900.1-245 bin 86 accepted 91057-01-18-00 
HETEJ1900.1-245 bin 92 accepted 92049-01-07-00 
HETEJ1900.1-245 bin 85 accepted 91057-01-17-00 
HETEJ1900.1-245 bin 87 accepted 92049-01-01-00 
HETEJ1900.1-245 bin 88 accepted 92049-01-02-00 
HETEJ1900.1-245 bin 91 accepted 92049-01-06-00 
HETEJ1900.1-245 bin 89 accepted 92049-01-04-00 
HETEJ1900.1-245 bin 94 accepted 92049-01-09-00 
HETEJ1900.1-245 bin 93 accepted 92049-01-08-00 
HETEJ1900.1-245 bin 96 accepted 92049-01-11-00 
HETEJ1900.1-245 bin 95 accepted 92049-01-10-00 
HETEJ1900.1-245 bin 97 accepted 92049-01-12-00 
HETEJ1900.1-245 bin 99 accepted 92049-01-14-00 
HETEJ1900.1-245 bin 98 accepted 92049-01-13-00 
HETEJ1900.1-245 bin 100 accepted 92049-01-15-00 
HETEJ1900.1-245 bin 101 accepted 92049-01-16-00 
HETEJ1900.1-245 bin 102 accepted 92049-01-17-00 
HETEJ1900.1-245 bin 103 accepted 92049-01-18-00 
HETEJ1900.1-245 bin 104 accepted 92049-01-19-00 
HETEJ1900.1-245 bin 106 accepted 92049-01-21-00 
HETEJ1900.1-245 bin 105 accepted 92049-01-20-00 
HETEJ1900.1-245 bin 107 accepted 92049-01-22-00 
HETEJ1900.1-245 bin 108 accepted 92049-01-23-00 
HETEJ1900.1-245 bin 109 accepted 92049-01-24-00 
HETEJ1900.1-245 bin 110 accepted 92049-01-25-00 
HETEJ1900.1-245 bin 112 accepted 92049-01-27-00 
HETEJ1900.1-245 bin 111 accepted 92049-01-26-00 
HETEJ1900.1-245 bin 113 accepted 92049-01-28-00 
HETEJ1900.1-245 bin 114 accepted 92049-01-29-00 
HETEJ1900.1-245 bin 115 accepted 92049-01-30-00 
HETEJ1900.1-245 bin 116 accepted 92049-01-31-00 
HETEJ1900.1-245 bin 117 accepted 92049-01-32-00 
HETEJ1900.1-245 bin 118 accepted 92049-01-33-00 
HETEJ1900.1-245 bin 119 accepted 92049-01-34-00 
HETEJ1900.1-245 bin 125 accepted 92049-01-40-00 
HETEJ1900.1-245 bin 120 accepted 92049-01-35-00 
HETEJ1900.1-245 bin 121 accepted 92049-01-36-00 
HETEJ1900.1-245 bin 122 accepted 92049-01-37-00 
HETEJ1900.1-245 bin 123 accepted 92049-01-38-00 
HETEJ1900.1-245 bin 126 accepted 92049-01-41-00 
HETEJ1900.1-245 bin 124 accepted 92049-01-39-00 
HETEJ1900.1-245 bin 127 accepted 92049-01-42-00 
HETEJ1900.1-245 bin 128 accepted 92049-01-43-00 
HETEJ1900.1-245 bin 129 accepted 92049-01-44-00 
HETEJ1900.1-245 bin 130 accepted 92049-01-45-00 
HETEJ1900.1-245 bin 131 accepted 92049-01-46-00 
HETEJ1900.1-245 bin 132 accepted 92049-01-47-00 
HETEJ1900.1-245 bin 133 accepted 92049-01-48-00 
HETEJ1900.1-245 bin 134 accepted 92049-01-49-00 
HETEJ1900.1-245 bin 135 accepted 92049-01-50-00 
HETEJ1900.1-245 bin 141 accepted 92049-01-56-00 
HETEJ1900.1-245 bin 136 accepted 92049-01-51-00 
HETEJ1900.1-245 bin 138 accepted 92049-01-53-00 
HETEJ1900.1-245 bin 137 accepted 92049-01-52-00 
HETEJ1900.1-245 bin 139 accepted 92049-01-54-00 
HETEJ1900.1-245 bin 140 accepted 92049-01-55-00 
HETEJ1900.1-245 bin 142 accepted 92049-01-57-00 
HETEJ1900.1-245 bin 143 accepted 92049-01-58-00 
HETEJ1900.1-245 bin 145 accepted 93030-01-65-00 
HETEJ1900.1-245 bin 146 accepted 93030-01-62-00 
HETEJ1900.1-245 bin 144 accepted 92049-01-59-00 
HETEJ1900.1-245 bin 148 accepted 93030-01-61-00 
HETEJ1900.1-245 bin 147 accepted 93030-01-63-00 
HETEJ1900.1-245 bin 149 accepted 93030-01-60-00 
HETEJ1900.1-245 bin 151 accepted 93030-01-01-00 
HETEJ1900.1-245 bin 152 accepted 93030-01-02-00 
HETEJ1900.1-245 bin 150 accepted 93030-01-59-00 
HETEJ1900.1-245 bin 153 accepted 93030-01-03-00 
HETEJ1900.1-245 bin 155 accepted 93030-01-05-00 
HETEJ1900.1-245 bin 154 accepted 93030-01-04-00 
HETEJ1900.1-245 bin 156 accepted 93030-01-06-00 
HETEJ1900.1-245 bin 157 accepted 93030-01-07-00 
HETEJ1900.1-245 bin 163 accepted 93030-01-14-00 
HETEJ1900.1-245 bin 158 accepted 93030-01-08-00 
HETEJ1900.1-245 bin 159 accepted 93030-01-09-00 
HETEJ1900.1-245 bin 161 accepted 93030-01-11-00 
HETEJ1900.1-245 bin 160 accepted 93030-01-10-00 
HETEJ1900.1-245 bin 162 accepted 93030-01-12-00 
HETEJ1900.1-245 bin 164 accepted 93030-01-15-00 
HETEJ1900.1-245 bin 165 accepted 93030-01-16-00 
HETEJ1900.1-245 bin 166 accepted 93030-01-17-00 
HETEJ1900.1-245 bin 167 accepted 93030-01-18-00 
HETEJ1900.1-245 bin 168 accepted 93030-01-19-00 
HETEJ1900.1-245 bin 169 accepted 93030-01-20-00 
HETEJ1900.1-245 bin 170 accepted 93030-01-21-00 
HETEJ1900.1-245 bin 171 accepted 93030-01-22-00 
HETEJ1900.1-245 bin 172 accepted 93030-01-23-00 
HETEJ1900.1-245 bin 173 accepted 93030-01-24-00 
HETEJ1900.1-245 bin 176 accepted 93030-01-26-00 
HETEJ1900.1-245 bin 174 accepted 93030-01-25-00 
HETEJ1900.1-245 bin 175 accepted 93030-01-25-01 
HETEJ1900.1-245 bin 177 accepted 93030-01-27-00 
HETEJ1900.1-245 bin 178 accepted 93030-01-28-00 
HETEJ1900.1-245 bin 181 accepted 93030-01-31-00 
HETEJ1900.1-245 bin 180 accepted 93030-01-30-00 
HETEJ1900.1-245 bin 182 accepted 93030-01-32-00 
HETEJ1900.1-245 bin 179 accepted 93030-01-29-00 
HETEJ1900.1-245 bin 183 accepted 93030-01-33-00 
HETEJ1900.1-245 bin 185 accepted 93030-01-35-00 
HETEJ1900.1-245 bin 188 accepted 93030-01-38-00 
HETEJ1900.1-245 bin 186 accepted 93030-01-36-00 
HETEJ1900.1-245 bin 187 accepted 93030-01-37-00 
HETEJ1900.1-245 bin 184 accepted 93030-01-34-00 
HETEJ1900.1-245 bin 189 accepted 93030-01-39-00 
HETEJ1900.1-245 bin 190 accepted 93030-01-40-00 
HETEJ1900.1-245 bin 191 accepted 93030-01-41-00 
HETEJ1900.1-245 bin 197 accepted 93030-01-47-00 
HETEJ1900.1-245 bin 193 accepted 93030-01-43-00 
HETEJ1900.1-245 bin 194 accepted 93030-01-44-00 
HETEJ1900.1-245 bin 195 accepted 93030-01-45-00 
HETEJ1900.1-245 bin 192 accepted 93030-01-42-00 
HETEJ1900.1-245 bin 196 accepted 93030-01-46-00 
HETEJ1900.1-245 bin 198 accepted 93030-01-48-00 
HETEJ1900.1-245 bin 199 accepted 93030-01-49-00 
HETEJ1900.1-245 bin 200 accepted 93030-01-50-00 
HETEJ1900.1-245 bin 202 accepted 93030-01-52-00 
HETEJ1900.1-245 bin 201 accepted 93030-01-51-00 
HETEJ1900.1-245 bin 203 accepted 93030-01-53-00 
HETEJ1900.1-245 bin 204 accepted 93030-01-54-00 
HETEJ1900.1-245 bin 205 accepted 93030-01-55-00 
HETEJ1900.1-245 bin 207 accepted 93030-01-57-00 
HETEJ1900.1-245 bin 208 accepted 93030-01-58-00 
HETEJ1900.1-245 bin 206 accepted 93030-01-56-00 
HETEJ1900.1-245 bin 209 accepted 93030-01-64-00 
HETEJ1900.1-245 bin 210 accepted 93451-01-01-00 
HETEJ1900.1-245 bin 213 accepted 93451-01-04-00 
HETEJ1900.1-245 bin 211 accepted 93451-01-02-00 
HETEJ1900.1-245 bin 212 accepted 93451-01-03-00 
HETEJ1900.1-245 bin 214 accepted 93451-01-05-00 
HETEJ1900.1-245 bin 216 accepted 93451-01-07-00 
HETEJ1900.1-245 bin 215 accepted 93451-01-06-00 
HETEJ1900.1-245 bin 217 accepted 93451-01-08-00 
HETEJ1900.1-245 bin 223 accepted 94030-01-05-00 
HETEJ1900.1-245 bin 218 accepted 93451-01-09-00 
HETEJ1900.1-245 bin 220 accepted 94030-01-02-00 
HETEJ1900.1-245 bin 219 accepted 94030-01-01-00 
HETEJ1900.1-245 bin 222 accepted 94030-01-04-00 
HETEJ1900.1-245 bin 221 accepted 94030-01-03-00 
HETEJ1900.1-245 bin 224 accepted 94030-01-06-00 
HETEJ1900.1-245 bin 225 accepted 94030-01-07-00 
HETEJ1900.1-245 bin 226 accepted 94030-01-08-00 
HETEJ1900.1-245 bin 227 accepted 94030-01-09-00 
HETEJ1900.1-245 bin 229 accepted 94028-01-01-03 
HETEJ1900.1-245 bin 228 accepted 94030-01-10-00 
HETEJ1900.1-245 bin 232 accepted 94030-01-11-00 
HETEJ1900.1-245 bin 231 accepted 94028-01-01-01 
HETEJ1900.1-245 bin 233 accepted 94030-01-12-00 
HETEJ1900.1-245 bin 235 accepted 94030-01-14-00 
HETEJ1900.1-245 bin 234 accepted 94030-01-13-00 
HETEJ1900.1-245 bin 230 accepted 94028-01-01-00 
HETEJ1900.1-245 bin 236 accepted 94030-01-15-00 
HETEJ1900.1-245 bin 237 accepted 94030-01-16-00 
HETEJ1900.1-245 bin 238 accepted 94030-01-17-00 
HETEJ1900.1-245 bin 240 accepted 94030-01-19-00 
HETEJ1900.1-245 bin 239 accepted 94030-01-18-00 
HETEJ1900.1-245 bin 241 accepted 94030-01-20-00 
HETEJ1900.1-245 bin 243 accepted 94030-01-22-00 
HETEJ1900.1-245 bin 248 accepted 94030-01-27-00 
HETEJ1900.1-245 bin 242 accepted 94030-01-21-00 
HETEJ1900.1-245 bin 244 accepted 94030-01-23-00 
HETEJ1900.1-245 bin 245 accepted 94030-01-24-00 
HETEJ1900.1-245 bin 246 accepted 94030-01-25-00 
HETEJ1900.1-245 bin 247 accepted 94030-01-26-00 
HETEJ1900.1-245 bin 250 accepted 94030-01-29-00 
HETEJ1900.1-245 bin 255 accepted 94030-01-36-00 
HETEJ1900.1-245 bin 249 accepted 94030-01-28-00 
HETEJ1900.1-245 bin 251 accepted 94030-01-30-00 
HETEJ1900.1-245 bin 252 accepted 94030-01-31-00 
HETEJ1900.1-245 bin 254 accepted 94030-01-34-00 
HETEJ1900.1-245 bin 253 accepted 94030-01-32-00 
HETEJ1900.1-245 bin 256 accepted 94030-01-37-00 
HETEJ1900.1-245 bin 258 accepted 94030-01-40-00 
HETEJ1900.1-245 bin 257 accepted 94030-01-38-00 
HETEJ1900.1-245 bin 259 accepted 94030-01-41-00 
HETEJ1900.1-245 bin 261 accepted 94030-01-43-00 
HETEJ1900.1-245 bin 262 accepted 94030-01-44-00 
HETEJ1900.1-245 bin 263 accepted 94030-01-45-00 
HETEJ1900.1-245 bin 260 accepted 94030-01-42-00 
HETEJ1900.1-245 bin 264 accepted 95030-01-01-00 
HETEJ1900.1-245 bin 265 accepted 95030-01-02-00 
HETEJ1900.1-245 bin 266 accepted 95030-01-03-00 
HETEJ1900.1-245 bin 268 accepted 95030-01-05-00 
HETEJ1900.1-245 bin 267 accepted 95030-01-04-00 
HETEJ1900.1-245 bin 269 accepted 95030-01-06-00 
HETEJ1900.1-245 bin 270 accepted 95030-01-07-00 
HETEJ1900.1-245 bin 271 accepted 95030-01-07-01 
HETEJ1900.1-245 bin 272 accepted 95030-01-08-00 
HETEJ1900.1-245 bin 275 accepted 95030-01-11-00 
HETEJ1900.1-245 bin 273 accepted 95030-01-09-00 
HETEJ1900.1-245 bin 280 accepted 95030-01-16-00 
HETEJ1900.1-245 bin 274 accepted 95030-01-10-00 
HETEJ1900.1-245 bin 276 accepted 95030-01-12-00 
HETEJ1900.1-245 bin 277 accepted 95030-01-13-00 
HETEJ1900.1-245 bin 278 accepted 95030-01-14-00 
HETEJ1900.1-245 bin 281 accepted 95030-01-17-00 
HETEJ1900.1-245 bin 283 accepted 95030-01-19-00 
HETEJ1900.1-245 bin 279 accepted 95030-01-15-00 
HETEJ1900.1-245 bin 282 accepted 95030-01-18-00 
HETEJ1900.1-245 bin 284 accepted 95030-01-20-00 
HETEJ1900.1-245 bin 285 accepted 95030-01-21-00 
HETEJ1900.1-245 bin 287 accepted 95030-01-23-00 
HETEJ1900.1-245 bin 286 accepted 95030-01-22-00 
HETEJ1900.1-245 bin 288 accepted 95030-01-24-00 
HETEJ1900.1-245 bin 289 accepted 95030-01-25-00 
HETEJ1900.1-245 bin 290 accepted 95030-01-26-00 
HETEJ1900.1-245 bin 291 accepted 95030-01-27-00 
HETEJ1900.1-245 bin 292 accepted 95030-01-28-00 
HETEJ1900.1-245 bin 294 accepted 95030-01-30-00 
HETEJ1900.1-245 bin 293 accepted 95030-01-29-00 
HETEJ1900.1-245 bin 296 accepted 95030-01-33-00 
HETEJ1900.1-245 bin 295 accepted 95030-01-32-00 
HETEJ1900.1-245 bin 297 accepted 95030-01-34-00 
HETEJ1900.1-245 bin 299 accepted 95030-01-36-00 
HETEJ1900.1-245 bin 298 accepted 95030-01-35-00 
HETEJ1900.1-245 bin 300 accepted 95030-01-37-00 
HETEJ1900.1-245 bin 301 accepted 95030-01-38-00 
HETEJ1900.1-245 bin 302 accepted 95030-01-39-00 
HETEJ1900.1-245 bin 308 accepted 96030-01-01-01 
HETEJ1900.1-245 bin 303 accepted 95030-01-40-00 
HETEJ1900.1-245 bin 305 accepted 95030-01-42-00 
HETEJ1900.1-245 bin 306 accepted 95030-01-44-00 
HETEJ1900.1-245 bin 304 accepted 95030-01-41-00 
HETEJ1900.1-245 bin 307 accepted 95030-01-45-00 
HETEJ1900.1-245 bin 309 accepted 96030-01-02-00 
HETEJ1900.1-245 bin 310 accepted 96030-01-02-01 
HETEJ1900.1-245 bin 311 accepted 96030-01-03-00 
HETEJ1900.1-245 bin 312 accepted 96030-01-06-00 
HETEJ1900.1-245 bin 313 accepted 96030-01-07-00 
HETEJ1900.1-245 bin 315 accepted 96030-01-09-00 
HETEJ1900.1-245 bin 314 accepted 96030-01-08-00 
HETEJ1900.1-245 bin 316 accepted 96030-01-09-01 
HETEJ1900.1-245 bin 317 accepted 96030-01-11-00 
HETEJ1900.1-245 bin 318 accepted 96030-01-12-00 
HETEJ1900.1-245 bin 319 accepted 96030-01-13-00 
HETEJ1900.1-245 bin 320 accepted 96030-01-14-00 
HETEJ1900.1-245 bin 321 accepted 96030-01-16-00 
HETEJ1900.1-245 bin 322 accepted 96030-01-17-00 
HETEJ1900.1-245 bin 323 accepted 96030-01-18-00 
HETEJ1900.1-245 bin 324 accepted 96030-01-19-00 
HETEJ1900.1-245 bin 330 accepted 96030-01-25-00 
HETEJ1900.1-245 bin 325 accepted 96030-01-20-00 
HETEJ1900.1-245 bin 326 accepted 96030-01-21-00 
HETEJ1900.1-245 bin 327 accepted 96030-01-22-00 
HETEJ1900.1-245 bin 328 accepted 96030-01-23-00 
HETEJ1900.1-245 bin 331 accepted 96030-01-26-00 
HETEJ1900.1-245 bin 329 accepted 96030-01-24-00 
HETEJ1900.1-245 bin 333 accepted 96030-01-28-00 
HETEJ1900.1-245 bin 332 accepted 96030-01-27-00 
HETEJ1900.1-245 bin 334 accepted 96030-01-32-00 
HETEJ1900.1-245 bin 335 accepted 96030-01-33-00 
HETEJ1900.1-245 bin 338 accepted 96030-01-36-00 
HETEJ1900.1-245 bin 337 accepted 96030-01-35-00 
HETEJ1900.1-245 bin 336 accepted 96030-01-34-00 
HETEJ1900.1-245 bin 340 accepted 96030-01-39-00 
HETEJ1900.1-245 bin 339 accepted 96030-01-37-00 
KS1731-260 bin 2 accepted 50031-02-01-09 
HETEJ1900.1-245 bin 341 accepted 96030-01-41-00 
HETEJ1900.1-245 bin 342 accepted 96030-01-44-00 
KS1731-260 bin 5 accepted 50031-02-01-12 
HETEJ1900.1-245 bin 343 accepted 96030-01-45-00 
KS1731-260 bin 7 accepted 50031-02-01-02 
KS1731-260 bin 1 accepted 50031-02-01-07 
KS1731-260 bin 3 accepted 50031-02-01-10 
KS1731-260 bin 10 accepted 50031-02-01-05 
KS1731-260 bin 11 accepted 50031-02-01-08 
KS1731-260 bin 4 accepted 50031-02-01-11 
KS1731-260 bin 0 accepted 50031-02-01-00 
KS1731-260 bin 14 accepted 50031-02-02-06 
KS1731-260 bin 8 accepted 50031-02-01-03 
KS1731-260 bin 16 accepted 50031-02-02-02 
KS1731-260 bin 12 accepted 50031-02-02-04 
KS1731-260 bin 18 accepted 50031-02-02-03 
KS1731-260 bin 9 accepted 50031-02-01-04 
KS1731-260 bin 20 accepted 50031-02-02-080 
KS1731-260 bin 6 accepted 50031-02-01-01 
KS1731-260 bin 22 accepted 50031-02-03-00 
KS1731-260 bin 23 accepted 50031-02-03-05 
KS1731-260 bin 15 accepted 50031-02-02-01 
KS1731-260 bin 25 accepted 50031-02-03-04 
KS1731-260 bin 13 accepted 50031-02-02-05 
KS1731-260 bin 19 accepted 50031-02-02-07 
KS1731-260 bin 28 accepted 50031-02-03-07 
KS1731-260 bin 24 accepted 50031-02-03-06 
KS1731-260 bin 30 accepted 50031-02-03-08 
KS1731-260 bin 31 accepted 50031-02-03-01 
KS1731-260 bin 21 accepted 50031-02-02-08 
MXB1658-298 bin 0 accepted 50410-01-01-00 
KS1731-260 bin 17 accepted 50031-02-02-030 
KS1731-260 bin 27 accepted 50031-02-03-03 
MXB1658-298 bin 3 accepted 50410-01-04-00 
MXB1658-298 bin 4 accepted 50410-01-05-00 
KS1731-260 bin 29 accepted 50031-02-03-02 
KS1731-260 bin 32 accepted 50031-02-03-09 
MXB1658-298 bin 7 accepted 50410-01-08-00 
MXB1658-298 bin 8 accepted 50410-01-09-00 
MXB1658-298 bin 1 accepted 50410-01-02-00 
MXB1658-298 bin 10 accepted 60048-01-02-00 
MXB1658-298 bin 2 accepted 50410-01-03-00 
MXB1658-298 bin 12 accepted 60048-01-04-00 
MXB1658-298 bin 5 accepted 50410-01-06-00 
MXB1658-298 bin 14 accepted 60048-02-01-00 
MXB1658-298 bin 6 accepted 50410-01-07-00 
MXB1658-298 bin 16 accepted 60048-02-03-00 
KS1731-260 bin 26 accepted 50031-02-03-030 
MXB1658-298 bin 9 accepted 60048-01-01-00 
MXB1658-298 bin 19 accepted 60048-03-01-00 
MXB1658-298 bin 20 accepted 60048-03-02-00 
MXB1658-298 bin 11 accepted 60048-01-03-00G 
MXB1658-298 bin 13 accepted 60048-01-05-00 
MXB1658-298 bin 23 accepted 60048-03-05-00 
MXB1658-298 bin 24 accepted 60048-04-01-00 
MXB1658-298 bin 15 accepted 60048-02-02-00 
MXB1658-298 bin 26 accepted 60048-04-03-00 
MXB1658-298 bin 17 accepted 60048-02-04-00 
MXB1658-298 bin 28 accepted 60048-04-05-00 
MXB1658-298 bin 18 accepted 60048-02-05-00 
MXB1658-298 bin 21 accepted 60048-03-03-00 
MXB1658-298 bin 22 accepted 60048-03-04-00 
MXB1658-298 bin 25 accepted 60048-04-02-00 
MXB1658-298 bin 27 accepted 60048-04-04-00 
SAXJ1808.4-3658 bin 0 accepted 70080-03-04-00 
MXB1658-298 bin 29 accepted 60419-01-01-00 
SAXJ1808.4-3658 bin 2 accepted 70080-01-01-00 
SAXJ1808.4-3658 bin 3 accepted 70080-01-01-03 
SAXJ1808.4-3658 bin 4 accepted 70080-01-01-04 
SAXJ1808.4-3658 bin 1 accepted 70080-01-01-000 
SAXJ1808.4-3658 bin 8 accepted 70080-01-02-01 
SAXJ1808.4-3658 bin 7 accepted 70080-01-01-02 
SAXJ1808.4-3658 bin 6 accepted 70080-01-01-020 
SAXJ1808.4-3658 bin 13 accepted 70080-01-02-04 
SAXJ1808.4-3658 bin 5 accepted 70080-01-01-01 
SAXJ1808.4-3658 bin 10 accepted 70080-01-02-00 
SAXJ1808.4-3658 bin 9 accepted 70080-01-02-000 
SAXJ1808.4-3658 bin 11 accepted 70080-01-02-02 
SAXJ1808.4-3658 bin 12 accepted 70080-01-02-03 
SAXJ1808.4-3658 bin 14 accepted 70080-01-02-05 
SAXJ1808.4-3658 bin 16 accepted 70080-01-02-07 
SAXJ1808.4-3658 bin 17 accepted 70080-01-02-10 
SAXJ1808.4-3658 bin 19 accepted 70080-01-02-20 
SAXJ1808.4-3658 bin 15 accepted 70080-01-02-06 
SAXJ1808.4-3658 bin 21 accepted 70080-01-02-19 
SAXJ1808.4-3658 bin 18 accepted 70080-01-02-08 
SAXJ1808.4-3658 bin 22 accepted 70080-01-02-23 
SAXJ1808.4-3658 bin 27 accepted 70080-01-02-22 
SAXJ1808.4-3658 bin 23 accepted 70080-01-02-21 
SAXJ1808.4-3658 bin 20 accepted 70080-01-02-09 
SAXJ1808.4-3658 bin 26 accepted 70080-01-02-12 
SAXJ1808.4-3658 bin 25 accepted 70080-01-02-18 
SAXJ1808.4-3658 bin 24 accepted 70080-01-02-11 
SAXJ1808.4-3658 bin 28 accepted 70080-01-02-13 
SAXJ1808.4-3658 bin 29 accepted 70080-01-02-15 
SAXJ1808.4-3658 bin 32 accepted 70080-01-02-17 
SAXJ1808.4-3658 bin 30 accepted 70080-01-02-14 
SAXJ1808.4-3658 bin 31 accepted 70080-01-02-16 
SAXJ1808.4-3658 bin 35 accepted 70080-01-03-04 
SAXJ1808.4-3658 bin 39 accepted 70080-01-03-010 
SAXJ1808.4-3658 bin 34 accepted 70080-01-03-00 
SAXJ1808.4-3658 bin 33 accepted 70080-01-03-000 
SAXJ1808.4-3658 bin 36 accepted 70080-01-03-05 
SAXJ1808.4-3658 bin 37 accepted 70080-01-03-06 
SAXJ1808.4-3658 bin 38 accepted 70080-01-03-07 
SAXJ1808.4-3658 bin 40 accepted 70080-01-03-01 
SAXJ1808.4-3658 bin 41 accepted 70080-01-03-08 
SAXJ1808.4-3658 bin 42 accepted 70080-01-03-09 
SAXJ1808.4-3658 bin 44 accepted 70080-01-03-11 
SAXJ1808.4-3658 bin 45 accepted 70080-01-03-12 
SAXJ1808.4-3658 bin 43 accepted 70080-01-03-10 
SAXJ1808.4-3658 bin 46 accepted 70080-01-03-13 
SAXJ1808.4-3658 bin 48 accepted 70080-01-03-14 
SAXJ1808.4-3658 bin 49 accepted 70080-01-03-03 
SAXJ1808.4-3658 bin 50 accepted 70080-03-05-00 
SAXJ1808.4-3658 bin 47 accepted 70080-01-03-02 
SAXJ1808.4-3658 bin 56 accepted 70080-02-01-03 
SAXJ1808.4-3658 bin 51 accepted 70080-02-01-04 
SAXJ1808.4-3658 bin 53 accepted 70080-02-01-00 
SAXJ1808.4-3658 bin 55 accepted 70080-02-01-02 
SAXJ1808.4-3658 bin 52 accepted 70080-02-01-000 
SAXJ1808.4-3658 bin 58 accepted 70080-02-02-20 
SAXJ1808.4-3658 bin 54 accepted 70080-02-01-01 
SAXJ1808.4-3658 bin 59 accepted 70080-02-02-24 
SAXJ1808.4-3658 bin 60 accepted 70080-02-02-25 
SAXJ1808.4-3658 bin 57 accepted 70080-02-02-00 
SAXJ1808.4-3658 bin 61 accepted 70080-02-02-26 
SAXJ1808.4-3658 bin 62 accepted 70080-02-02-01 
SAXJ1808.4-3658 bin 63 accepted 70080-02-02-020 
SAXJ1808.4-3658 bin 65 accepted 70080-02-02-27 
SAXJ1808.4-3658 bin 66 accepted 70080-02-02-28 
SAXJ1808.4-3658 bin 68 accepted 70080-02-02-04 
SAXJ1808.4-3658 bin 64 accepted 70080-02-02-02 
SAXJ1808.4-3658 bin 67 accepted 70080-02-02-03 
SAXJ1808.4-3658 bin 71 accepted 70080-02-02-18 
SAXJ1808.4-3658 bin 70 accepted 70080-02-02-33 
SAXJ1808.4-3658 bin 72 accepted 70080-02-02-34 
SAXJ1808.4-3658 bin 74 accepted 70080-02-02-30 
SAXJ1808.4-3658 bin 78 accepted 70080-02-02-35 
SAXJ1808.4-3658 bin 69 accepted 70080-02-02-29 
SAXJ1808.4-3658 bin 73 accepted 70080-02-02-05 
SAXJ1808.4-3658 bin 76 accepted 70080-02-02-23 
SAXJ1808.4-3658 bin 77 accepted 70080-02-02-17 
SAXJ1808.4-3658 bin 75 accepted 70080-02-02-06 
SAXJ1808.4-3658 bin 80 accepted 70080-02-02-16 
SAXJ1808.4-3658 bin 79 accepted 70080-02-02-09 
SAXJ1808.4-3658 bin 86 accepted 70080-02-02-12 
SAXJ1808.4-3658 bin 82 accepted 70080-02-02-31 
SAXJ1808.4-3658 bin 84 accepted 70080-02-02-10 
SAXJ1808.4-3658 bin 81 accepted 70080-02-02-07 
SAXJ1808.4-3658 bin 85 accepted 70080-02-02-11 
SAXJ1808.4-3658 bin 87 accepted 70080-02-02-19 
SAXJ1808.4-3658 bin 83 accepted 70080-02-02-08 
SAXJ1808.4-3658 bin 88 accepted 70080-02-02-21 
SAXJ1808.4-3658 bin 90 accepted 70080-02-02-13 
SAXJ1808.4-3658 bin 89 accepted 70080-02-02-22 
SAXJ1808.4-3658 bin 91 accepted 70080-02-02-14 
SAXJ1808.4-3658 bin 93 accepted 70080-02-02-15 
SAXJ1808.4-3658 bin 92 accepted 70080-02-02-32 
SAXJ1808.4-3658 bin 95 accepted 70080-03-07-00 
SAXJ1808.4-3658 bin 94 accepted 70080-03-06-00 
SAXJ1808.4-3658 bin 101 accepted 70080-03-13-00 
SAXJ1808.4-3658 bin 96 accepted 70080-03-08-00 
SAXJ1808.4-3658 bin 97 accepted 70080-03-09-00 
SAXJ1808.4-3658 bin 98 accepted 70080-03-10-00 
SAXJ1808.4-3658 bin 99 accepted 70080-03-11-00 
SAXJ1808.4-3658 bin 103 accepted 70080-03-15-00 
SAXJ1808.4-3658 bin 102 accepted 70080-03-14-00 
SAXJ1808.4-3658 bin 106 accepted 70080-03-18-00 
SAXJ1808.4-3658 bin 100 accepted 70080-03-12-00 
SAXJ1808.4-3658 bin 104 accepted 70080-03-16-00 
SAXJ1808.4-3658 bin 105 accepted 70080-03-17-00 
SAXJ1808.4-3658 bin 107 accepted 70080-03-19-00 
SAXJ1808.4-3658 bin 110 accepted 70080-03-20-02 
SAXJ1808.4-3658 bin 109 accepted 70080-03-20-01 
SAXJ1808.4-3658 bin 111 accepted 70080-03-20-03 
SAXJ1808.4-3658 bin 112 accepted 70080-03-20-04 
SAXJ1808.4-3658 bin 108 accepted 70080-03-20-00 
SAXJ1808.4-3658 bin 113 accepted 70080-03-20-07 
SAXJ1808.4-3658 bin 114 accepted 70080-03-20-05 
SAXJ1808.4-3658 bin 117 accepted 70080-03-20-09 
SAXJ1808.4-3658 bin 121 accepted 70080-03-20-13 
SAXJ1808.4-3658 bin 115 accepted 70080-03-20-06 
SAXJ1808.4-3658 bin 116 accepted 70080-03-20-08 
SAXJ1808.4-3658 bin 118 accepted 70080-03-20-11 
SAXJ1808.4-3658 bin 119 accepted 70080-03-20-18 
SAXJ1808.4-3658 bin 122 accepted 70080-03-20-14 
SAXJ1808.4-3658 bin 123 accepted 70080-03-20-15 
SAXJ1808.4-3658 bin 128 accepted 70080-03-22-00 
SAXJ1808.4-3658 bin 120 accepted 70080-03-20-12 
SAXJ1808.4-3658 bin 125 accepted 70080-03-20-10 
SAXJ1808.4-3658 bin 124 accepted 70080-03-20-16 
SAXJ1808.4-3658 bin 126 accepted 70080-03-20-17 
SAXJ1808.4-3658 bin 127 accepted 70080-03-21-01 
SAXJ1808.4-3658 bin 129 accepted 70080-03-22-01 
SAXJ1808.4-3658 bin 130 accepted 70080-03-24-02 
SAXJ1808.4-3658 bin 131 accepted 70080-03-24-00 
SAXJ1808.4-3658 bin 132 accepted 70080-03-25-01 
SAXJ1808.4-3658 bin 134 accepted 91056-01-01-01 
SAXJ1808.4-3658 bin 133 accepted 91056-01-01-00 
SAXJ1808.4-3658 bin 135 accepted 91056-01-01-02 
SAXJ1808.4-3658 bin 137 accepted 91056-01-01-04 
SAXJ1808.4-3658 bin 138 accepted 91056-01-01-05 
SAXJ1808.4-3658 bin 139 accepted 91056-01-02-00 
SAXJ1808.4-3658 bin 136 accepted 91056-01-01-03 
SAXJ1808.4-3658 bin 140 accepted 91056-01-02-01 
SAXJ1808.4-3658 bin 143 accepted 91056-01-02-03 
SAXJ1808.4-3658 bin 142 accepted 91056-01-02-030 
SAXJ1808.4-3658 bin 141 accepted 91056-01-02-02 
SAXJ1808.4-3658 bin 144 accepted 91056-01-02-04 
SAXJ1808.4-3658 bin 146 accepted 91056-01-02-06 
SAXJ1808.4-3658 bin 148 accepted 91056-01-03-03 
SAXJ1808.4-3658 bin 152 accepted 91056-01-03-05 
SAXJ1808.4-3658 bin 145 accepted 91056-01-02-05 
SAXJ1808.4-3658 bin 147 accepted 91056-01-02-08 
SAXJ1808.4-3658 bin 149 accepted 91056-01-03-02 
SAXJ1808.4-3658 bin 153 accepted 91056-01-03-04 
SAXJ1808.4-3658 bin 154 accepted 91056-01-03-07 
SAXJ1808.4-3658 bin 150 accepted 91056-01-03-00 
SAXJ1808.4-3658 bin 155 accepted 91056-01-03-08 
SAXJ1808.4-3658 bin 151 accepted 91056-01-03-01 
SAXJ1808.4-3658 bin 156 accepted 91056-01-03-06 
SAXJ1808.4-3658 bin 158 accepted 91056-01-03-11 
SAXJ1808.4-3658 bin 157 accepted 91056-01-03-09 
SAXJ1808.4-3658 bin 161 accepted 91056-01-04-03 
SAXJ1808.4-3658 bin 160 accepted 91056-01-04-00 
SAXJ1808.4-3658 bin 162 accepted 91056-01-04-01 
SAXJ1808.4-3658 bin 159 accepted 91056-01-03-10 
SAXJ1808.4-3658 bin 163 accepted 91418-01-01-00 
SAXJ1808.4-3658 bin 164 accepted 91418-01-01-02 
SAXJ1808.4-3658 bin 165 accepted 91418-01-02-02 
SAXJ1808.4-3658 bin 171 accepted 91418-01-04-00 
SAXJ1808.4-3658 bin 166 accepted 91418-01-02-03 
SAXJ1808.4-3658 bin 167 accepted 91418-01-02-05 
SAXJ1808.4-3658 bin 168 accepted 91418-01-03-01 
SAXJ1808.4-3658 bin 169 accepted 91418-01-03-02 
SAXJ1808.4-3658 bin 170 accepted 91418-01-03-05 
SAXJ1808.4-3658 bin 172 accepted 91418-01-05-00 
SAXJ1808.4-3658 bin 178 accepted 93027-01-01-03 
SAXJ1808.4-3658 bin 173 accepted 93027-01-01-01 
SAXJ1808.4-3658 bin 174 accepted 93027-01-01-00 
SAXJ1808.4-3658 bin 175 accepted 93027-01-01-02 
SAXJ1808.4-3658 bin 176 accepted 93027-01-01-080 
SAXJ1808.4-3658 bin 177 accepted 93027-01-01-08 
SAXJ1808.4-3658 bin 179 accepted 93027-01-01-04 
SAXJ1808.4-3658 bin 180 accepted 93027-01-01-07 
SAXJ1808.4-3658 bin 181 accepted 93027-01-01-05 
SAXJ1808.4-3658 bin 183 accepted 93027-01-02-01 
SAXJ1808.4-3658 bin 182 accepted 93027-01-02-00 
SAXJ1808.4-3658 bin 185 accepted 93027-01-02-06 
SAXJ1808.4-3658 bin 186 accepted 93027-01-02-03 
SAXJ1808.4-3658 bin 184 accepted 93027-01-02-05 
SAXJ1808.4-3658 bin 188 accepted 93027-01-02-07 
SAXJ1808.4-3658 bin 187 accepted 93027-01-02-04 
SAXJ1808.4-3658 bin 189 accepted 93027-01-02-09 
SAXJ1808.4-3658 bin 190 accepted 93027-01-02-02 
SAXJ1808.4-3658 bin 191 accepted 93027-01-02-08 
SAXJ1808.4-3658 bin 192 accepted 93027-01-03-00 
SAXJ1808.4-3658 bin 193 accepted 93027-01-03-01 
SAXJ1808.4-3658 bin 194 accepted 93027-01-03-08 
SAXJ1808.4-3658 bin 196 accepted 93027-01-03-10 
SAXJ1808.4-3658 bin 195 accepted 93027-01-03-03 
SAXJ1808.4-3658 bin 202 accepted 93027-01-05-08 
SAXJ1808.4-3658 bin 197 accepted 93027-01-03-05 
SAXJ1808.4-3658 bin 198 accepted 93027-01-03-04 
SAXJ1808.4-3658 bin 199 accepted 93027-01-04-00 
SAXJ1808.4-3658 bin 200 accepted 93027-01-04-01 
SAXJ1808.4-3658 bin 201 accepted 93027-01-05-02 
SAXJ1808.4-3658 bin 203 accepted 93027-01-06-11 
SAXJ1808.4-3658 bin 209 accepted 96027-01-01-00 
SAXJ1808.4-3658 bin 204 accepted 93027-01-07-00 
SAXJ1808.4-3658 bin 205 accepted 93027-01-07-01 
SAXJ1808.4-3658 bin 207 accepted 93027-01-07-05 
SAXJ1808.4-3658 bin 206 accepted 93027-01-07-04 
SAXJ1808.4-3658 bin 208 accepted 96027-01-01-01 
SAXJ1808.4-3658 bin 210 accepted 96027-01-01-02 
SAXJ1808.4-3658 bin 211 accepted 96027-01-01-03 
SAXJ1808.4-3658 bin 213 accepted 96027-01-01-05 
SAXJ1808.4-3658 bin 214 accepted 96027-01-01-06 
SAXJ1808.4-3658 bin 219 accepted 96027-01-02-00 
SAXJ1808.4-3658 bin 212 accepted 96027-01-01-04 
SAXJ1808.4-3658 bin 216 accepted 96027-01-01-07 
SAXJ1808.4-3658 bin 217 accepted 96027-01-01-08 
SAXJ1808.4-3658 bin 215 accepted 96027-01-01-070 
SAXJ1808.4-3658 bin 218 accepted 96027-01-01-09 
SAXJ1808.4-3658 bin 220 accepted 96027-01-02-01 
SAXJ1808.4-3658 bin 221 accepted 96027-01-02-02 
SAXJ1808.4-3658 bin 222 accepted 96027-01-02-03 
SAXJ1808.4-3658 bin 224 accepted 96027-01-02-05 
SAXJ1808.4-3658 bin 223 accepted 96027-01-02-04 
SAXJ1808.4-3658 bin 225 accepted 96027-01-02-06 
SAXJ1808.4-3658 bin 226 accepted 96027-01-02-07 
SAXJ1808.4-3658 bin 227 accepted 96027-01-02-08 
SAXJ1808.4-3658 bin 228 accepted 96027-01-02-09 
SLX1735-269 bin 0 accepted 60034-01-01-00 
SAXJ1808.4-3658 bin 229 accepted 96027-01-02-10 
SAXJ1808.4-3658 bin 230 accepted 96027-01-03-00 
SAXJ1808.4-3658 bin 232 accepted 96027-01-03-02 
SAXJ1808.4-3658 bin 231 accepted 96027-01-03-01 
SAXJ1808.4-3658 bin 233 accepted 96027-01-03-04 
SLX1735-269 bin 1 accepted 60034-01-01-01 
SLX1735-269 bin 2 accepted 60034-01-01-03 
SLX1735-269 bin 3 accepted 60034-01-01-02 
SLX1735-269 bin 9 accepted 60034-01-02-02 
SLX1735-269 bin 6 accepted 60034-01-01-06 
SLX1735-269 bin 5 accepted 60034-01-01-05 
SLX1735-269 bin 4 accepted 60034-01-01-04 
SLX1735-269 bin 10 accepted 60034-01-02-01 
SLX1735-269 bin 14 accepted 60034-01-03-01 
SLX1735-269 bin 8 accepted 60034-01-02-00 
SLX1735-269 bin 13 accepted 60034-01-03-00 
SLX1735-269 bin 11 accepted 60034-01-02-03 
SLX1735-269 bin 7 accepted 60034-01-02-000 
SLX1735-269 bin 12 accepted 60034-01-03-02 
SLX1735-269 bin 19 accepted 80138-03-01-00 
SLX1735-269 bin 20 accepted 80138-03-02-00 
SLX1735-269 bin 15 accepted 60034-01-04-00 
SLX1735-269 bin 16 accepted 70134-08-01-00 
SLX1735-269 bin 18 accepted 70134-08-02-00 
SLX1735-269 bin 21 accepted 80138-03-03-00 
SLX1735-269 bin 26 accepted 80138-03-07-01 
SLX1735-269 bin 22 accepted 80138-03-04-00 
SLX1735-269 bin 28 accepted 80138-03-07-03 
SLX1735-269 bin 23 accepted 80138-03-05-00 
SLX1735-269 bin 17 accepted 70134-08-02-000 
SLX1735-269 bin 25 accepted 80138-03-07-00 
SLX1735-269 bin 32 accepted 90058-05-01-02 
SLX1735-269 bin 27 accepted 80138-03-07-02 
SLX1735-269 bin 29 accepted 80138-03-08-00 
SLX1735-269 bin 31 accepted 90058-05-01-01 
SLX1735-269 bin 36 accepted 92052-02-02-00 
SLX1735-269 bin 24 accepted 80138-03-06-00 
SLX1735-269 bin 30 accepted 90058-05-01-00 
SLX1735-269 bin 33 accepted 90058-05-01-03 
SLX1735-269 bin 34 accepted 90058-05-01-04 
SLX1735-269 bin 38 accepted 94044-05-01-00 
SLX1735-269 bin 39 accepted 96429-01-01-00 
SLX1735-269 bin 43 accepted 96429-01-02-02 
SLX1735-269 bin 37 accepted 92052-02-01-00 
SLX1735-269 bin 35 accepted 90058-05-01-05 
SLX1735-269 bin 45 accepted 96429-01-03-01 
SLX1735-269 bin 40 accepted 96429-01-01-01 
SLX1735-269 bin 41 accepted 96429-01-02-00 
SLX1735-269 bin 44 accepted 96429-01-03-00 
SLX1735-269 bin 42 accepted 96429-01-02-01 
SLX1735-269 bin 51 accepted 96429-01-05-00 
SLX1735-269 bin 46 accepted 96429-01-03-02 
SLX1735-269 bin 47 accepted 96429-01-03-03 
SLX1735-269 bin 48 accepted 96429-01-04-00 
SLX1735-269 bin 55 accepted 96429-01-06-01 
SLX1735-269 bin 49 accepted 96429-01-04-01 
SLX1735-269 bin 52 accepted 96429-01-05-01 
SLX1735-269 bin 53 accepted 96429-01-05-02 
SLX1735-269 bin 59 accepted 96429-01-07-01 
SLX1735-269 bin 50 accepted 96429-01-04-02 
SLX1735-269 bin 54 accepted 96429-01-06-00 
SLX1735-269 bin 56 accepted 96429-01-06-02 
SLX1735-269 bin 63 accepted 96429-01-08-03 
SLX1735-269 bin 57 accepted 96429-01-06-03 
SLX1735-269 bin 60 accepted 96429-01-08-00 
XTEJ1118+480 bin 2 accepted 50407-01-07-01 
SLX1735-269 bin 58 accepted 96429-01-07-00 
SLX1735-269 bin 61 accepted 96429-01-08-01 
XTEJ1118+480 bin 5 accepted 50407-01-09-00 
SLX1735-269 bin 62 accepted 96429-01-08-02 
XTEJ1118+480 bin 7 accepted 50407-01-10-01 
XTEJ1118+480 bin 0 accepted 50407-01-06-00 
XTEJ1118+480 bin 1 accepted 50407-01-07-00 
XTEJ1118+480 bin 10 accepted 50133-01-05-00 
XTEJ1118+480 bin 3 accepted 50407-01-08-00 
XTEJ1118+480 bin 6 accepted 50407-01-10-00 
XTEJ1118+480 bin 9 accepted 50133-01-05-01 
XTEJ1118+480 bin 14 accepted 50407-01-13-02 
XTEJ1118+480 bin 4 accepted 50133-01-04-00 
XTEJ1118+480 bin 8 accepted 50407-01-11-00 
XTEJ1118+480 bin 17 accepted 50133-01-04-01 
XTEJ1118+480 bin 11 accepted 50407-01-12-00 
XTEJ1118+480 bin 13 accepted 50407-01-13-01 
XTEJ1118+480 bin 12 accepted 50407-01-13-00 
XTEJ1118+480 bin 20 accepted 50407-01-14-02 
XTEJ1118+480 bin 21 accepted 50407-01-16-00 
XTEJ1118+480 bin 15 accepted 50407-01-14-00 
XTEJ1118+480 bin 16 accepted 50133-01-06-00 
XTEJ1118+480 bin 25 accepted 90011-01-01-08 
XTEJ1118+480 bin 18 accepted 50407-01-14-01 
XTEJ1118+480 bin 19 accepted 50407-01-15-00 
XTEJ1118+480 bin 23 accepted 90011-01-01-07 
XTEJ1118+480 bin 29 accepted 90011-01-01-10 
XTEJ1118+480 bin 30 accepted 90011-01-01-05 
XTEJ1118+480 bin 22 accepted 90011-01-01-00 
XTEJ1118+480 bin 24 accepted 90011-01-01-02 
XTEJ1118+480 bin 26 accepted 90011-01-01-03 
XTEJ1118+480 bin 34 accepted 90111-01-02-06 
XTEJ1118+480 bin 27 accepted 90011-01-01-09 
XTEJ1118+480 bin 36 accepted 90111-01-02-15 
XTEJ1118+480 bin 37 accepted 90111-01-02-07 
XTEJ1118+480 bin 31 accepted 90011-01-01-12 
XTEJ1118+480 bin 28 accepted 90011-01-01-04 
XTEJ1118+480 bin 40 accepted 90111-01-03-02 
XTEJ1118+480 bin 33 accepted 90111-01-02-00 
XTEJ1118+480 bin 32 accepted 90011-01-01-06 
XTEJ1550-564 bin 2 accepted 50135-01-02-00 
XTEJ1118+480 bin 35 accepted 90111-01-02-14 
XTEJ1118+480 bin 38 accepted 90111-01-02-10 
XTEJ1118+480 bin 39 accepted 90111-01-03-01 
XTEJ1550-564 bin 0 accepted 50134-01-05-00 
XTEJ1550-564 bin 7 accepted 50135-01-08-00 
XTEJ1550-564 bin 1 accepted 50135-01-01-00 
XTEJ1550-564 bin 3 accepted 50135-01-03-00 
XTEJ1550-564 bin 4 accepted 50135-01-05-00 
XTEJ1550-564 bin 5 accepted 50135-01-06-00 
XTEJ1550-564 bin 6 accepted 50135-01-07-00 
XTEJ1550-564 bin 8 accepted 50135-01-09-00 
XTEJ1550-564 bin 14 accepted 50135-01-15-00 
XTEJ1550-564 bin 9 accepted 50135-01-10-00 
XTEJ1550-564 bin 10 accepted 50135-01-11-00 
XTEJ1550-564 bin 17 accepted 50135-01-19-00 
XTEJ1550-564 bin 11 accepted 50135-01-12-00 
XTEJ1550-564 bin 12 accepted 50135-01-13-00 
XTEJ1550-564 bin 13 accepted 50135-01-14-00 
XTEJ1550-564 bin 21 accepted 50135-01-23-00 
XTEJ1550-564 bin 15 accepted 50135-01-16-00 
XTEJ1550-564 bin 16 accepted 50135-01-17-00 
XTEJ1550-564 bin 19 accepted 50135-01-21-00 
XTEJ1550-564 bin 25 accepted 50137-02-09-00 
XTEJ1550-564 bin 18 accepted 50135-01-20-00 
XTEJ1550-564 bin 20 accepted 50135-01-22-00 
XTEJ1550-564 bin 22 accepted 50427-01-01-00 
XTEJ1550-564 bin 29 accepted 60428-01-03-00 
XTEJ1550-564 bin 23 accepted 50137-02-08-01 
XTEJ1550-564 bin 31 accepted 60428-01-05-00 
XTEJ1550-564 bin 24 accepted 50137-02-08-00 
XTEJ1550-564 bin 26 accepted 50137-02-12-00 
XTEJ1550-564 bin 28 accepted 60428-01-02-00 
XTEJ1550-564 bin 35 accepted 60428-01-09-00 
XTEJ1550-564 bin 27 accepted 60428-01-01-00 
XTEJ1550-564 bin 30 accepted 60428-01-04-00 
XTEJ1550-564 bin 32 accepted 60428-01-06-00 
XTEJ1550-564 bin 33 accepted 60428-01-07-00 
XTEJ1550-564 bin 34 accepted 60428-01-08-00 
XTEJ1550-564 bin 41 accepted 60428-01-15-00 
XTEJ1550-564 bin 37 accepted 60428-01-11-00 
XTEJ1550-564 bin 36 accepted 60428-01-10-00 
XTEJ1550-564 bin 38 accepted 60428-01-12-00 
XTEJ1550-564 bin 45 accepted 80135-01-01-01 
XTEJ1550-564 bin 39 accepted 60428-01-13-00 
XTEJ1550-564 bin 40 accepted 60428-01-14-00 
XTEJ1550-564 bin 48 accepted 80135-01-02-01 
XTEJ1550-564 bin 42 accepted 60428-01-16-00 
XTEJ1550-564 bin 43 accepted 60428-01-17-00 
XTEJ1550-564 bin 46 accepted 80135-01-02-10 
XTEJ1550-564 bin 52 accepted 80135-01-03-10 
XTEJ1550-564 bin 44 accepted 80135-01-01-00 
XTEJ1550-564 bin 47 accepted 80135-01-01-02 
XTEJ1550-564 bin 49 accepted 80135-01-02-02 
XTEJ1550-564 bin 56 accepted 80135-01-04-02 
XTEJ1550-564 bin 50 accepted 80135-01-02-00 
XTEJ1550-564 bin 53 accepted 80135-01-03-20 
XTEJ1550-564 bin 51 accepted 80135-01-03-00 
XTEJ1550-564 bin 57 accepted 80135-01-04-03 
XTEJ1550-564 bin 54 accepted 80135-01-04-00 
XTEJ1550-564 bin 62 accepted 80135-01-05-10 
XTEJ1550-564 bin 58 accepted 80135-01-04-10 
XTEJ1550-564 bin 59 accepted 80135-01-04-06 
XTEJ1550-564 bin 60 accepted 80135-01-04-07 
XTEJ1550-564 bin 55 accepted 80135-01-04-01 
XTEJ1650-500 bin 4 accepted 60113-01-06-00 
XTEJ1550-564 bin 61 accepted 80135-01-04-20 
XTEJ1650-500 bin 0 accepted 60113-01-03-00 
XTEJ1650-500 bin 1 accepted 60113-01-04-00 
XTEJ1650-500 bin 2 accepted 60113-01-05-00 
XTEJ1650-500 bin 8 accepted 60113-01-09-00 
XTEJ1650-500 bin 3 accepted 60113-01-05-01 
XTEJ1650-500 bin 5 accepted 60113-01-07-00 
XTEJ1650-500 bin 6 accepted 60113-01-08-00 
XTEJ1650-500 bin 7 accepted 60113-01-08-01 
XTEJ1650-500 bin 14 accepted 60113-01-11-01 
XTEJ1650-500 bin 10 accepted 60113-01-09-02 
XTEJ1650-500 bin 9 accepted 60113-01-09-01 
XTEJ1650-500 bin 11 accepted 60113-01-10-00 
XTEJ1650-500 bin 12 accepted 60113-01-10-01 
XTEJ1650-500 bin 15 accepted 60113-01-11-02 
XTEJ1650-500 bin 13 accepted 60113-01-11-00 
XTEJ1650-500 bin 16 accepted 60113-01-12-00 
XTEJ1650-500 bin 17 accepted 60113-01-12-01 
XTEJ1650-500 bin 18 accepted 60113-01-12-02 
XTEJ1650-500 bin 24 accepted 60113-01-15-00 
XTEJ1650-500 bin 19 accepted 60113-01-12-04 
XTEJ1650-500 bin 21 accepted 60113-01-13-01 
XTEJ1650-500 bin 20 accepted 60113-01-13-00 
XTEJ1650-500 bin 22 accepted 60113-01-14-00 
XTEJ1650-500 bin 23 accepted 60113-01-14-01G 
XTEJ1650-500 bin 25 accepted 60113-01-16-00 
XTEJ1650-500 bin 26 accepted 60113-01-16-01 
XTEJ1650-500 bin 30 accepted 60113-01-19-00 
XTEJ1650-500 bin 28 accepted 60113-01-18-00 
XTEJ1650-500 bin 34 accepted 60113-01-23-00 
XTEJ1650-500 bin 29 accepted 60113-01-18-01 
XTEJ1650-500 bin 31 accepted 60113-01-22-00 
XTEJ1650-500 bin 27 accepted 60113-01-17-00 
XTEJ1650-500 bin 32 accepted 60113-01-22-01 
XTEJ1650-500 bin 33 accepted 60113-01-23-01 
XTEJ1650-500 bin 39 accepted 60113-01-27-00 
XTEJ1650-500 bin 37 accepted 60113-01-25-00 
XTEJ1650-500 bin 36 accepted 60113-01-24-01 
XTEJ1650-500 bin 43 accepted 60113-01-29-02 
XTEJ1650-500 bin 35 accepted 60113-01-24-00 
XTEJ1650-500 bin 38 accepted 60113-01-26-00 
XTEJ1650-500 bin 41 accepted 60113-01-29-00 
XTEJ1650-500 bin 42 accepted 60113-01-29-01 
XTEJ1650-500 bin 44 accepted 60113-01-30-00 
XTEJ1650-500 bin 40 accepted 60113-01-28-00 
XTEJ1650-500 bin 45 accepted 60113-01-30-01 
XTEJ1650-500 bin 47 accepted 60113-01-32-00 
XTEJ1650-500 bin 48 accepted 60113-01-32-01 
XTEJ1650-500 bin 52 accepted 60113-01-34-00 
XTEJ1650-500 bin 46 accepted 60113-01-31-00 
XTEJ1650-500 bin 49 accepted 60113-01-33-00 
XTEJ1650-500 bin 50 accepted 60113-01-33-01 
XTEJ1650-500 bin 57 accepted 60113-01-36-00 
XTEJ1650-500 bin 51 accepted 60113-01-33-02 
XTEJ1650-500 bin 53 accepted 60113-01-35-01 
XTEJ1650-500 bin 54 accepted 60113-01-35-00 
XTEJ1650-500 bin 55 accepted 60118-02-01-00 
XTEJ1650-500 bin 56 accepted 60118-02-02-00 
XTEJ1650-500 bin 58 accepted 60113-01-36-01 
XTEJ1650-500 bin 64 accepted 60113-01-38-00 
XTEJ1650-500 bin 59 accepted 60118-02-03-00 
XTEJ1650-500 bin 66 accepted 60118-02-08-00 
XTEJ1650-500 bin 62 accepted 60118-02-05-00 
XTEJ1650-500 bin 61 accepted 60113-01-37-00 
XTEJ1650-500 bin 60 accepted 60118-02-04-00 
XTEJ1650-500 bin 65 accepted 60118-02-07-00 
XTEJ1650-500 bin 63 accepted 60118-02-06-00 
XTEJ1650-500 bin 67 accepted 60113-01-39-00 
XTEJ1650-500 bin 68 accepted 60118-02-10-00 
XTEJ1650-500 bin 74 accepted 60118-02-14-00 
XTEJ1650-500 bin 69 accepted 60113-01-40-00 
XTEJ1650-500 bin 70 accepted 60118-02-11-00 
XTEJ1650-500 bin 71 accepted 60118-02-12-00 
XTEJ1650-500 bin 72 accepted 60113-01-39-02 
XTEJ1650-500 bin 79 accepted 60118-02-20-00 
XTEJ1650-500 bin 73 accepted 60118-02-13-00 
XTEJ1650-500 bin 75 accepted 60118-02-15-00 
XTEJ1650-500 bin 76 accepted 60118-02-16-00 
XTEJ1650-500 bin 77 accepted 60118-02-17-00 
XTEJ1650-500 bin 84 accepted 60118-02-28-00 
XTEJ1650-500 bin 78 accepted 60118-02-18-00 
XTEJ1650-500 bin 81 accepted 60118-02-22-00 
XTEJ1650-500 bin 80 accepted 60118-02-21-00 
XTEJ1650-500 bin 82 accepted 60118-02-23-00 
XTEJ1650-500 bin 83 accepted 60118-02-24-00 
XTEJ1650-500 bin 85 accepted 60118-02-29-00 
XTEJ1650-500 bin 86 accepted 60118-02-30-00 
XTEJ1650-500 bin 92 accepted 70124-01-02-00 
XTEJ1650-500 bin 89 accepted 60118-02-35-00 
XTEJ1650-500 bin 88 accepted 60118-02-34-00 
XTEJ1814-338 bin 0 accepted 80138-04-02-00 
XTEJ1650-500 bin 90 accepted 60118-02-36-00 
XTEJ1650-500 bin 87 accepted 60118-02-31-00 
XTEJ1650-500 bin 91 accepted 60118-02-37-00 
XTEJ1650-500 bin 94 accepted 70124-01-11-00 
XTEJ1650-500 bin 93 accepted 70124-01-03-00 
XTEJ1814-338 bin 5 accepted 80145-02-01-01 
XTEJ1814-338 bin 1 accepted 80138-04-03-00 
XTEJ1814-338 bin 3 accepted 80145-02-01-00 
XTEJ1814-338 bin 2 accepted 80138-04-04-00 
XTEJ1814-338 bin 7 accepted 80418-01-01-01 
XTEJ1814-338 bin 6 accepted 80418-01-01-00 
XTEJ1814-338 bin 8 accepted 80418-01-01-02 
XTEJ1814-338 bin 13 accepted 80418-01-01-07 
XTEJ1814-338 bin 4 accepted 80145-02-01-010 
XTEJ1814-338 bin 9 accepted 80418-01-01-03 
XTEJ1814-338 bin 11 accepted 80418-01-01-05 
XTEJ1814-338 bin 17 accepted 80418-01-02-00 
XTEJ1814-338 bin 10 accepted 80418-01-01-04 
XTEJ1814-338 bin 14 accepted 80418-01-01-08 
XTEJ1814-338 bin 12 accepted 80418-01-01-06 
XTEJ1814-338 bin 16 accepted 80418-01-02-01 
XTEJ1814-338 bin 19 accepted 80418-01-02-02 
XTEJ1814-338 bin 15 accepted 80418-01-01-09 
XTEJ1814-338 bin 23 accepted 80418-01-02-08 
XTEJ1814-338 bin 25 accepted 80418-01-02-05 
XTEJ1814-338 bin 18 accepted 80418-01-02-03 
XTEJ1814-338 bin 22 accepted 80418-01-02-09 
XTEJ1814-338 bin 26 accepted 80418-01-03-12 
XTEJ1814-338 bin 21 accepted 80418-01-02-07 
XTEJ1814-338 bin 20 accepted 80418-01-02-06 
XTEJ1814-338 bin 27 accepted 80418-01-03-13 
XTEJ1814-338 bin 32 accepted 80418-01-03-02 
XTEJ1814-338 bin 24 accepted 80418-01-02-04 
XTEJ1814-338 bin 28 accepted 80418-01-03-000 
XTEJ1814-338 bin 35 accepted 80418-01-03-08 
XTEJ1814-338 bin 29 accepted 80418-01-03-00 
XTEJ1814-338 bin 30 accepted 80418-01-03-04 
XTEJ1814-338 bin 31 accepted 80418-01-03-05 
XTEJ1814-338 bin 33 accepted 80418-01-03-06 
XTEJ1814-338 bin 36 accepted 80418-01-03-09 
XTEJ1814-338 bin 34 accepted 80418-01-03-07 
XTEJ1814-338 bin 37 accepted 80418-01-03-10 
XTEJ1814-338 bin 38 accepted 80418-01-03-11 
XTEJ1814-338 bin 44 accepted 80418-01-04-03 
XTEJ1814-338 bin 39 accepted 80418-01-04-07 
XTEJ1814-338 bin 41 accepted 80418-01-04-01 
XTEJ1814-338 bin 42 accepted 80418-01-04-02 
XTEJ1814-338 bin 48 accepted 80418-01-05-00 
XTEJ1814-338 bin 40 accepted 80418-01-04-00 
XTEJ1814-338 bin 43 accepted 80418-01-04-08 
XTEJ1814-338 bin 45 accepted 80418-01-04-04 
XTEJ1814-338 bin 46 accepted 80418-01-04-05 
XTEJ1814-338 bin 53 accepted 80418-01-05-08 
XTEJ1814-338 bin 47 accepted 80418-01-04-06 
XTEJ1814-338 bin 50 accepted 80418-01-05-03 
XTEJ1814-338 bin 49 accepted 80418-01-05-01 
XTEJ1814-338 bin 52 accepted 80418-01-05-05 
XTEJ1814-338 bin 51 accepted 80418-01-05-04 
XTEJ1814-338 bin 59 accepted 80418-01-06-00 
XTEJ1814-338 bin 54 accepted 80418-01-05-09 
XTEJ1814-338 bin 55 accepted 80418-01-05-06 
XTEJ1814-338 bin 56 accepted 80418-01-05-10 
XTEJ1814-338 bin 63 accepted 80418-01-06-02 
XTEJ1814-338 bin 57 accepted 80418-01-05-11 
XTEJ1814-338 bin 65 accepted 80418-01-06-06 
XTEJ1814-338 bin 58 accepted 80418-01-05-07 
XTEJ1814-338 bin 60 accepted 80418-01-06-01 
XTEJ1814-338 bin 62 accepted 80418-01-06-11 
XTEJ1814-338 bin 64 accepted 80418-01-06-03 
XTEJ1814-338 bin 70 accepted 80418-01-07-06 
XTEJ1814-338 bin 66 accepted 80418-01-06-05 
XTEJ1814-338 bin 61 accepted 80418-01-06-09 
XTEJ1814-338 bin 68 accepted 80418-01-06-07 
XTEJ1814-338 bin 67 accepted 80418-01-06-10 
XTEJ1814-338 bin 71 accepted 80418-01-07-07 
XTEJ1814-338 bin 72 accepted 80418-01-07-08 
XTEJ1814-338 bin 69 accepted 80418-01-07-01 
                 candidates_tried  accepted  bins_empty
source_id                                              
4U1254-690                     24        24           0
4U1323-619                     19        19           0
4U1543-47                      58        58           0
4U1608-52                     540       540           0
4U1636-53                    1332      1329           3
4U1702-429                    201       201           0
4U1705-44                     402       402           0
4U1724-307                     77        77           0
4U1728-34                     276       276           0
4U1735-44                     161       161           0
4U1746-371                     43        43           0
4U1820-30                     133       130           3
4U1915-05                      11         6           5
AQLX1                         400       400           0
CYGX2                         403       402           1
EXO0748-676                   510       509           1
GROJ1655-40                   440       433           7
GRS1915+105                  1033      1031           2
GS1826-238                    118       118           0
GX17+2                         90        90           0
GX3+1                          75        75           0
GX339-4                       652       648           4
HETEJ1900.1-245               344       344           0
KS1731-260                     33        33           0
MXB1658-298                    30        30           0
SAXJ1808.4-3658               234       234           0
SLX1735-269                    64        64           0
XTEJ1118+480                   41        41           0
XTEJ1550-564                   63        63           0
XTEJ1650-500                   95        95           0
XTEJ1814-338                   73        73           0
reason
fetch_or_read_error    14
high_deadtime           7
short_exposure          5
