obs_id,source_id,label,time_bin,rank_in_bin,mjd,cat_exposure,cat_npcu,cat_std1rate,url_base,path_src,path_bkg,path_rsp,date_obs,obs_mjd_start,exposure_s,bkg_exposure_s,pcus,npcu,n_gti,object_hdr,hdr_sep_deg,src_unit,src_class,bkg_class,poisserr,sys_err,backscal_ratio,rsp_detnam,gain_shift_channels,dtf,dcor,dtf_xe,dtf_std1,dtf_std1_vle150us,std1_npcu_on,std1_covered_s,std1_vle_rate_per_pcu,deadtime_method,net_rate_5_25,net_rate_err,net_snr,src_rate_5_25,bkg_rate_5_25,bkg_fraction,hardness_10_25_over_5_10,n_nonpositive_bins,status,reason,in_dataset
30157-01-26-00,CYGX1,BH,0,0,50972.89132,2617.0,4,786.469970703125,https://heasarc.gsfc.nasa.gov/FTP/xte/data/archive/AO3/P30157/30157-01-26-00/stdprod/,data\raw\spectra\30157-01-26-00\xp30157012600_s2.pha.gz,data\raw\spectra\30157-01-26-00\xp30157012600_b2.pha.gz,data\raw\spectra\30157-01-26-00\xp30157012600.rsp.gz,08/06/98,50972.87610604666,2591.99999999972,2591.99999999972,0123,4,2,CYG_X-1,0.0013923804882579004,count,TOTAL/COUNT,TOTAL/COUNT,False,0,1.0,PCU0,4.211555577639395,0.022561237461419754,1.0230819958508954,0.008232787422840396,0.022561237461419754,0.03061212287808642,4,2592.0,89.4542824074074,std1_gof_recipe,535.9052411675111,0.19812738567507363,2704.8519281750823,534.0716437192957,10.25708795458396,0.019205453191922343,0.6389108889809739,0,accepted,,True
40099-01-06-00,CYGX1,BH,1,0,51264.07882,4743.0,4,999.5499877929688,https://heasarc.gsfc.nasa.gov/FTP/xte/data/archive/AO4/P40099/40099-01-06-00/stdprod/,data\raw\spectra\40099-01-06-00\xp40099010600_s2.pha.gz,data\raw\spectra\40099-01-06-00\xp40099010600_b2.pha.gz,data\raw\spectra\40099-01-06-00\xp40099010600.rsp.gz,1999-03-27T00:48:32,51264.033698639236,4751.99999999923,4751.99999999923,0234,4,2,CYGNUS_X-1,0.0002533076050980086,count,TOTAL/COUNT,TOTAL/COUNT,False,0,1.0,PCU0,0.8778655738797596,0.02729466593013468,1.0280605698088772,0.01023981691919358,0.02729466593013468,0.03628649831649832,4,4752.0,99.90924873737374,std1_gof_recipe,669.4295335080661,0.1487174328503867,4501.352132547422,661.1253184105017,9.967640383304104,0.015076779100320374,0.6157940218787225,0,accepted,,True
40102-01-01-04,CYGX1,BH,2,0,51553.27804,6304.0,3,802.2899780273438,https://heasarc.gsfc.nasa.gov/FTP/xte/data/archive/AO4/P40102/40102-01-01-04/stdprod/,data\raw\spectra\40102-01-01-04\xp40102010104_s2.pha.gz,data\raw\spectra\40102-01-01-04\xp40102010104_b2.pha.gz,data\raw\spectra\40102-01-01-04\xp40102010104.rsp.gz,2000-01-10T05:23:28,51553.22462456516,6415.99999999897,6415.99999999897,023,3,3,CYG_X-1,0.0013923804882579004,count,TOTAL/COUNT,TOTAL/COUNT,False,0,1.0,PCU0,0.8410281536848316,0.022600458545377438,1.0231230500801567,0.008377014754781063,0.022600458545377438,0.029881756255301106,3,6288.0,80.90330788804071,std1_gof_recipe,546.2727089706398,0.13369402572022882,4085.9919209388054,543.9166085145376,9.989913257460048,0.018366626613485808,0.6383811643443082,0,accepted,,True
50109-03-07-00,CYGX1,BH,3,0,51859.43038,2943.0,3,1722.8599853515625,https://heasarc.gsfc.nasa.gov/FTP/xte/data/archive/AO5/P50109/50109-03-07-00/stdprod/,data\raw\spectra\50109-03-07-00\xp50109030700_s2.pha.gz,data\raw\spectra\50109-03-07-00\xp50109030700_b2.pha.gz,data\raw\spectra\50109-03-07-00\xp50109030700.rsp.gz,2000-11-11T09:52:32,51859.411476417015,2943.99999999975,2943.99999999975,234,3,1,CYGNUS_X-1,0.0013923804882579004,count,TOTAL/COUNT,TOTAL/COUNT,False,0,1.0,PCU2,0.29124779237352527,0.03441545318161232,1.0356420919276428,0.017388038949276843,0.03441545318161232,0.0403385399682971,4,2944.0,65.8120754076087,std1_gof_recipe,863.602729828387,0.2647809487558531,3261.5742706802152,844.4555259119286,10.57407539946293,0.012521767073575572,0.3864601034688428,0,accepted,,True
50109-01-08-06,CYGX1,BH,4,0,51943.4421,1440.0,3,2108.840087890625,https://heasarc.gsfc.nasa.gov/FTP/xte/data/archive/AO5/P50109/50109-01-08-06/stdprod/,data\raw\spectra\50109-01-08-06\xp50109010806_s2.pha.gz,data\raw\spectra\50109-01-08-06\xp50109010806_b2.pha.gz,data\raw\spectra\50109-01-08-06\xp50109010806.rsp.gz,2001-02-03T10:23:44,51943.43336299109,1440.0,1440.0,234,3,1,CYG_X-1_LH,0.0013923804882579004,count,TOTAL/COUNT,TOTAL/COUNT,False,0,1.0,PCU2,0.2765040502839824,0.04034121585648149,1.0420370412098978,0.02121474537037037,0.04034121585648149,0.04671418460648149,4,1440.0,70.81076388888889,std1_gof_recipe,998.205859660098,0.41190774832479005,2423.372378207877,968.1577979860432,10.220776379697947,0.010556932352307808,0.3502061553203435,0,accepted,,True
50110-01-48-00,CYGX1,BH,5,0,52358.23117,1488.0,2,1488.5899658203125,https://heasarc.gsfc.nasa.gov/FTP/xte/data/archive/AO5/P50110/50110-01-48-00/stdprod/,data\raw\spectra\50110-01-48-00\xp50110014800_s2.pha.gz,data\raw\spectra\50110-01-48-00\xp50110014800_b2.pha.gz,data\raw\spectra\50110-01-48-00\xp50110014800.rsp.gz,2002-03-25T05:17:52,52358.220932435535,1552.0,1552.0,24,2,1,CYGNUS_X-1,0.0002533076050980086,count,TOTAL/COUNT,TOTAL/COUNT,False,0,1.0,PCU2,0.20365956795809126,0.030394110663082438,1.0313468709269784,0.015006639819587629,0.030394110663082438,0.036407457437275983,3,1488.0,66.81496415770609,std1_gof_recipe,653.5350767039128,0.41142995975480606,1588.4479513679328,642.9716546903543,9.300195429986523,0.01446439413330804,0.30212132825283317,0,accepted,,True
60090-01-25-00,CYGX1,BH,6,0,52677.32492,2218.0,2,702.9299926757812,https://heasarc.gsfc.nasa.gov/FTP/xte/data/archive/AO6/P60090/60090-01-25-00/stdprod/,data\raw\spectra\60090-01-25-00\xp60090012500_s2.pha.gz,data\raw\spectra\60090-01-25-00\xp60090012500_b2.pha.gz,data\raw\spectra\60090-01-25-00\xp60090012500.rsp.gz,2003-02-07T07:25:36,52677.30943937998,2208.0,2208.0,23,2,1,CYGNUS_X-1,0.0002533076050980086,count,TOTAL/COUNT,TOTAL/COUNT,False,0,1.0,PCU2,0.14765957310300593,0.019075310990338167,1.0194462543394607,0.007345362318840581,0.019075310990338167,0.024993340881642515,3,2208.0,65.75588768115942,std1_gof_recipe,488.1606017480737,0.3042655117101244,1604.3901887018576,487.77939090643036,8.930604449931844,0.018308695726845462,0.6640634317073023,0,accepted,,True
60090-01-40-03,CYGX1,BH,7,0,52889.96945,5222.0,1,896.3900146484375,https://heasarc.gsfc.nasa.gov/FTP/xte/data/archive/AO6/P60090/60090-01-40-03/stdprod/,data\raw\spectra\60090-01-40-03\xp60090014003_s2.pha.gz,data\raw\spectra\60090-01-40-03\xp60090014003_b2.pha.gz,data\raw\spectra\60090-01-40-03\xp60090014003.rsp.gz,2003-09-07T22:06:56,52889.92154586146,5328.0,5328.0,2,1,2,CYGNUS_X-1,0.0002533076050980086,count,TOTAL/COUNT,TOTAL/COUNT,False,0,1.0,PCU2,0.11043992000869451,0.021988150484199796,1.0224824990567198,0.009311105480480482,0.021988150484199796,0.028378471585117224,3,5232.0,71.00356778797145,std1_gof_recipe,591.9781174068862,0.3136952243274167,1887.1123035938033,587.7863796208019,8.824766142811583,0.015013560110910868,0.6050247322950828,0,accepted,,True
80110-01-18-04,CYGX1,BH,8,0,53321.66085,1318.0,2,1030.97998046875,https://heasarc.gsfc.nasa.gov/FTP/xte/data/archive/AO8/P80110/80110-01-18-04/stdprod/,data\raw\spectra\80110-01-18-04\xp80110011804_s2.pha.gz,data\raw\spectra\80110-01-18-04\xp80110011804_b2.pha.gz,data\raw\spectra\80110-01-18-04\xp80110011804.rsp.gz,2004-11-12T15:19:44,53321.638768083685,1520.0,1520.0,23,2,3,CYG_X-1,0.0002533076050980086,count,TOTAL/COUNT,TOTAL/COUNT,False,0,1.0,PCU2,0.034592576556569554,0.030013184705284558,1.0309418481076627,0.010621796052631579,0.030013184705284558,0.03987675940040651,3,1312.0,109.5952743902439,std1_gof_recipe,661.7911607363607,0.46777445891303,1414.7654882102122,651.4113323646029,9.48263197174733,0.014557057116776998,0.5480126296741665,0,accepted,,True
80110-01-35-02,CYGX1,BH,9,0,53715.63742,2642.0,2,1532.5899658203125,https://heasarc.gsfc.nasa.gov/FTP/xte/data/archive/AO8/P80110/80110-01-35-02/stdprod/,data\raw\spectra\80110-01-35-02\xp80110013502_s2.pha.gz,data\raw\spectra\80110-01-35-02\xp80110013502_b2.pha.gz,data\raw\spectra\80110-01-35-02\xp80110013502.rsp.gz,2005-12-11T14:50:24,53715.61836299109,2720.00000000001,2720.00000000001,23,2,1,CYG_X-1,0.0002533076050980086,count,TOTAL/COUNT,TOTAL/COUNT,False,0,1.0,PCU2,0.03455374540151723,0.03296320532128515,1.0340868160370638,0.015697597426470533,0.03296320532128515,0.040998698544176704,3,2656.0,89.28325803212851,std1_gof_recipe,1054.1074607723422,0.4400679554483751,2395.328829835693,1028.3814807767737,9.020780664568676,0.008771823329368936,0.6392112963352644,0,accepted,,True
92090-01-15-00,CYGX1,BH,10,0,53996.71163,2078.0,2,903.1500244140624,https://heasarc.gsfc.nasa.gov/FTP/xte/data/archive/AO11/P92090/92090-01-15-00/stdprod/,data\raw\spectra\92090-01-15-00\xp92090011500_s2.pha.gz,data\raw\spectra\92090-01-15-00\xp92090011500_b2.pha.gz,data\raw\spectra\92090-01-15-00\xp92090011500.rsp.gz,2006-09-18T16:46:24,53996.698987991076,2064.0,2064.0,12,2,2,CYG_X-1,0.0003017289698019874,count,TOTAL/COUNT,TOTAL/COUNT,False,0,1.0,PCU1,0.8554774211430853,0.022822105135658917,1.0233551180963087,0.009419149709302327,0.022822105135658917,0.02913470687984496,2,2064.0,70.14001937984496,std1_gof_recipe,617.5785046759481,0.3075822530985834,2007.8483022166029,613.4155066808876,9.931443568176988,0.01619040187281008,0.6688412354512937,0,accepted,,True
93121-01-26-03,CYGX1,BH,11,0,54639.21163,1203.0,1,779.52001953125,https://heasarc.gsfc.nasa.gov/FTP/xte/data/archive/AO12/P93121/93121-01-26-03/stdprod/,data\raw\spectra\93121-01-26-03\xp93121012603_s2.pha.gz,data\raw\spectra\93121-01-26-03\xp93121012603_b2.pha.gz,data\raw\spectra\93121-01-26-03\xp93121012603.rsp.gz,2008-06-22T04:49:52,54639.20129123182,1312.0,1312.0,2,1,1,CYG_X-1,0.0003017289698019874,count,TOTAL/COUNT,TOTAL/COUNT,False,0,1.0,PCU2,0.19658780046814428,0.024319183333333334,1.024925347427059,0.008139474085365854,0.024319183333333334,0.03247475833333334,1,1200.0,90.6175,std1_gof_recipe,534.6333421332138,0.5704781408346024,937.1670952213032,531.0755356067531,9.444039736989772,0.01778285592877098,0.6799758579503714,0,accepted,,True
94121-01-18-02,CYGX1,BH,12,0,55072.77413,2338.0,1,1078.719970703125,https://heasarc.gsfc.nasa.gov/FTP/xte/data/archive/AO13/P94121/94121-01-18-02/stdprod/,data\raw\spectra\94121-01-18-02\xp94121011802_s2.pha.gz,data\raw\spectra\94121-01-18-02\xp94121011802_b2.pha.gz,data\raw\spectra\94121-01-18-02\xp94121011802.rsp.gz,2009-08-29T18:13:52,55072.75985604662,2416.0,2416.0,2,1,1,CYG_X-1,0.0003017289698019874,count,TOTAL/COUNT,TOTAL/COUNT,False,0,1.0,PCU2,0.27253485546154366,0.024159455782312926,1.024757585576321,0.011183129139072849,0.024159455782312926,0.030202542517006804,2,2352.0,67.1454081632653,std1_gof_recipe,778.9683495078252,0.4807983546295526,1620.1560217651072,770.0098238839466,9.860925771877145,0.012806233720679584,0.7329616775725089,0,accepted,,True
95429-01-03-00,CYGX1,BH,13,0,55401.79367,7003.0,1,1846.0899658203125,https://heasarc.gsfc.nasa.gov/FTP/xte/data/archive/AO14/P95429/95429-01-03-00/stdprod/,data\raw\spectra\95429-01-03-00\xp95429010300_s2.pha.gz,data\raw\spectra\95429-01-03-00\xp95429010300_b2.pha.gz,data\raw\spectra\95429-01-03-00\xp95429010300.rsp.gz,2010-07-24T17:44:00,55401.738964842916,6991.99999999967,6991.99999999967,2,1,3,CYG_X-1,0.0003017289698019874,count,TOTAL/COUNT,TOTAL/COUNT,False,0,1.0,PCU2,0.3302428783062439,0.03920206807780321,1.0408015741659378,0.018919585240275497,0.03920206807780321,0.04633384725400458,2,6992.0,79.24199084668192,std1_gof_recipe,862.3660650976987,0.2991516852494328,2882.7050209617155,838.3071751871006,9.747643281349124,0.011627770308865078,0.33604864425254427,0,accepted,,True
96121-01-16-02,CYGX1,BH,14,0,55771.97726,1837.0,2,1045.219970703125,https://heasarc.gsfc.nasa.gov/FTP/xte/data/archive/AO15/P96121/96121-01-16-02/stdprod/,data\raw\spectra\96121-01-16-02\xp96121011602_s2.pha.gz,data\raw\spectra\96121-01-16-02\xp96121011602_b2.pha.gz,data\raw\spectra\96121-01-16-02\xp96121011602.rsp.gz,2011-07-29T23:11:44,55771.9666500281,1840.0,1840.0,23,2,1,CYG_X-1,0.0003017289698019874,count,TOTAL/COUNT,TOTAL/COUNT,False,0,1.0,PCU2,0.39514926696372754,0.02646415217391305,1.02718354155423,0.01081869293478261,0.02646415217391305,0.033366125,2,1840.0,76.68858695652175,std1_gof_recipe,703.2566588143129,0.35287631731480407,1992.9267686925316,694.1103047257058,9.464737147572622,0.013635782501907731,0.6127345955725159,0,accepted,,True
20188-02-12-00,LMCX3,BH,0,0,50663.88742,5981.0,5,31.06999969482422,https://heasarc.gsfc.nasa.gov/FTP/xte/data/archive/AO2/P20188/20188-02-12-00/stdprod/,data\raw\spectra\20188-02-12-00\xp20188021200_s2.pha.gz,data\raw\spectra\20188-02-12-00\xp20188021200_b2.pha.gz,data\raw\spectra\20188-02-12-00\xp20188021200.rsp.gz,03/08/97,50663.824312065175,5935.99999999889,5935.99999999889,01234,5,6,LMC_X-3,0.0007432686812701246,count,TOTAL/COUNT,TOTAL/COUNT,False,0,1.0,PCU0,4.082064740380048,0.01748107412398922,1.0177920991276612,0.0005940090970351516,0.01748107412398922,0.02820133861185984,5,5936.0,119.11404986522912,std1_gof_recipe,9.214478996122926,0.027021738433075978,341.0024495257469,19.292289390126847,10.238889384349088,0.5307244348920565,0.11671840457981111,0,accepted,,True
40066-01-02-08,LMCX3,BH,1,0,51160.2546,1664.0,4,26.170000076293945,https://heasarc.gsfc.nasa.gov/FTP/xte/data/archive/AO4/P40066/40066-01-02-08/stdprod/,data\raw\spectra\40066-01-02-08\xp40066010208_s2.pha.gz,data\raw\spectra\40066-01-02-08\xp40066010208_b2.pha.gz,data\raw\spectra\40066-01-02-08\xp40066010208.rsp.gz,13/12/98,51160.241846787394,1775.99999999991,1775.99999999991,0123,4,1,LMC_X-3,0.004638717457317095,count,TOTAL/COUNT,TOTAL/COUNT,False,0,1.0,PCU0,4.29035223525598,0.018915869891826923,1.0192805788120753,0.0005458065878378655,0.018915869891826923,0.03127133112980769,4,1664.0,137.28290264423077,std1_gof_recipe,8.016403100433564,0.05410978587917946,148.15070823479533,18.00626190166361,10.141496039278286,0.5632205115455589,0.12226427213504673,0,accepted,,True
80103-01-06-02,LMCX3,BH,2,0,52932.41476,1152.0,2,21.049999237060547,https://heasarc.gsfc.nasa.gov/FTP/xte/data/archive/AO8/P80103/80103-01-06-02/stdprod/,data\raw\spectra\80103-01-06-02\xp80103010602_s2.pha.gz,data\raw\spectra\80103-01-06-02\xp80103010602_b2.pha.gz,data\raw\spectra\80103-01-06-02\xp80103010602.rsp.gz,2003-10-20T09:33:52,52932.398513454056,1264.0,1264.0,23,2,1,LMC_X-3,0.00042033072387560573,count,TOTAL/COUNT,TOTAL/COUNT,False,0,1.0,PCU2,0.10289116833021694,0.015218357928240741,1.0154535353606153,0.0004633623417721519,0.015218357928240741,0.024050415219907407,3,1152.0,98.1339699074074,std1_gof_recipe,5.767903245476221,0.08988074175098981,64.17284874501719,14.74711404743207,9.06698881804097,0.6148314028682659,0.02167443190688259,15,accepted,,True
80103-01-07-01,LMCX3,BH,3,0,52934.86007,1536.0,1,23.489999771118164,https://heasarc.gsfc.nasa.gov/FTP/xte/data/archive/AO8/P80103/80103-01-07-01/stdprod/,data\raw\spectra\80103-01-07-01\xp80103010701_s2.pha.gz,data\raw\spectra\80103-01-07-01\xp80103010701_b2.pha.gz,data\raw\spectra\80103-01-07-01\xp80103010701.rsp.gz,2003-10-22T20:18:40,52934.84633752813,1664.0,1664.0,2,1,1,LMC_X-3,0.00042033072387560573,count,TOTAL/COUNT,TOTAL/COUNT,False,0,1.0,PCU2,0.10253993874663081,0.010684443359375,1.0107998335694384,0.0004786117788461539,0.010684443359375,0.016400791015625,2,1536.0,63.514973958333336,std1_gof_recipe,5.628267029445107,0.10889418417951181,51.685653112262834,14.389889063255415,8.821756934097856,0.6130524631092684,0.02155906183248854,14,accepted,,True
91105-03-44-00,LMCX3,BH,4,0,53586.03195,1052.0,1,54.20000076293945,https://heasarc.gsfc.nasa.gov/FTP/xte/data/archive/AO10/P91105/91105-03-44-00/stdprod/,data\raw\spectra\91105-03-44-00\xp91105034400_s2.pha.gz,data\raw\spectra\91105-03-44-00\xp91105034400_b2.pha.gz,data\raw\spectra\91105-03-44-00\xp91105034400.rsp.gz,2005-08-04T00:36:32,53586.025365305904,1056.0,1056.0,2,1,1,LMC_X-3,2.9575586669421963e-06,count,TOTAL/COUNT,TOTAL/COUNT,False,0,1.0,PCU2,0.011936763681269724,0.010984133522727273,1.0111061246791229,0.0008498390151515153,0.010984133522727273,0.01658173295454545,2,1056.0,62.19554924242424,std1_gof_recipe,16.692223559464185,0.1899113637430708,87.89481171883389,27.225115539341303,10.716241592245485,0.39361601888374426,0.021151605481349034,17,accepted,,True
91105-03-06-11,LMCX3,BH,5,0,53794.52804,1718.0,1,29.5,https://heasarc.gsfc.nasa.gov/FTP/xte/data/archive/AO10/P91105/91105-03-06-11/stdprod/,data\raw\spectra\91105-03-06-11\xp91105030611_s2.pha.gz,data\raw\spectra\91105-03-06-11\xp91105030611_b2.pha.gz,data\raw\spectra\91105-03-06-11\xp91105030611.rsp.gz,2006-02-28T12:27:28,53794.5190690096,1728.0,1728.0,2,1,1,LMC_X-3,2.9575586669421963e-06,count,TOTAL/COUNT,TOTAL/COUNT,False,0,1.0,PCU2,0.04840621642959775,0.010813414351851854,1.0109316225156517,0.0005593576388888889,0.010813414351851854,0.016721044560185187,2,1728.0,65.64033564814815,std1_gof_recipe,8.05722197654538,0.12084106655728821,66.67619052108928,17.381708693776773,9.411612796988628,0.5414664900211046,0.05921774438633204,7,accepted,,True
92095-03-55-01,LMCX3,BH,6,0,53987.36007,1215.0,2,46.9900016784668,https://heasarc.gsfc.nasa.gov/FTP/xte/data/archive/AO11/P92095/92095-03-55-01/stdprod/,data\raw\spectra\92095-03-55-01\xp92095035501_s2.pha.gz,data\raw\spectra\92095-03-55-01\xp92095035501_b2.pha.gz,data\raw\spectra\92095-03-55-01\xp92095035501.rsp.gz,2006-09-09T08:28:32,53987.35336299108,1216.0,1216.0,12,2,1,LMC_X-3,2.9575586669421963e-06,count,TOTAL/COUNT,TOTAL/COUNT,False,0,1.0,PCU1,0.8530090607129424,0.011544443530701755,1.0116792742527927,0.0007181825657894738,0.011544443530701755,0.017999081688596492,3,1216.0,71.71820175438596,std1_gof_recipe,13.27741634408825,0.089258054856587,148.7531446368777,22.30859279481127,9.184456833940962,0.41170041151484754,0.03323129323279077,14,accepted,,True
92095-03-83-01,LMCX3,BH,7,0,54084.73898,1828.0,2,27.709999084472656,https://heasarc.gsfc.nasa.gov/FTP/xte/data/archive/AO11/P92095/92095-03-83-01/stdprod/,data\raw\spectra\92095-03-83-01\xp92095038301_s2.pha.gz,data\raw\spectra\92095-03-83-01\xp92095038301_b2.pha.gz,data\raw\spectra\92095-03-83-01\xp92095038301.rsp.gz,2006-12-15T17:24:48,54084.72555049108,1888.0,1888.0,23,2,1,LMC_X-3,2.9575586669421963e-06,count,TOTAL/COUNT,TOTAL/COUNT,False,0,1.0,PCU2,0.09925999143898423,0.010025752717391305,1.0101272863863995,0.0005187235169491526,0.010025752717391305,0.01566218206521739,3,1840.0,62.62699275362319,std1_gof_recipe,8.157023006194269,0.07656539606534823,106.53667877891318,16.76722893049052,8.691986219866426,0.5183913368094119,0.028767275570423002,10,accepted,,True
92095-03-11-10,LMCX3,BH,8,0,54194.45773,1573.0,1,26.1299991607666,https://heasarc.gsfc.nasa.gov/FTP/xte/data/archive/AO11/P92095/92095-03-11-10/stdprod/,data\raw\spectra\92095-03-11-10\xp92095031110_s2.pha.gz,data\raw\spectra\92095-03-11-10\xp92095031110_b2.pha.gz,data\raw\spectra\92095-03-11-10\xp92095031110.rsp.gz,2007-04-04T10:46:24,54194.44917317626,1552.0,1552.0,2,1,2,LMC_X-3,2.9575586669421963e-06,count,TOTAL/COUNT,TOTAL/COUNT,False,0,1.0,PCU2,0.1185466040397003,0.010682807130584194,1.0107981618105715,0.0005506443298969073,0.010682807130584194,0.016400146048109965,3,1552.0,63.525987972508595,std1_gof_recipe,6.501165201411692,0.12037833650118139,54.00610600187094,16.670141445006294,10.238426937565348,0.6141775683992394,0.02606998154361554,9,accepted,,True
93113-01-89-00,LMCX3,BH,9,0,54592.0007,1634.0,1,31.0,https://heasarc.gsfc.nasa.gov/FTP/xte/data/archive/AO12/P93113/93113-01-89-00/stdprod/,data\raw\spectra\93113-01-89-00\xp93113018900_s2.pha.gz,data\raw\spectra\93113-01-89-00\xp93113018900_b2.pha.gz,data\raw\spectra\93113-01-89-00\xp93113018900.rsp.gz,2008-05-05T23:48:32,54591.99203197256,1728.0,1728.0,2,1,1,LMC_X-3,2.9575586669421963e-06,count,TOTAL/COUNT,TOTAL/COUNT,False,0,1.0,PCU2,0.18816969685483542,0.012178143203883496,1.012328278747933,0.0005632928240740741,0.012178143203883496,0.019175807038834952,1,1648.0,77.75182038834951,std1_gof_recipe,8.034876387446262,0.10765754054875866,74.63366101891604,17.058751412478756,9.121724900304313,0.5347240650702971,0.009264241834282134,20,accepted,,True
93113-01-31-10,LMCX3,BH,10,0,54730.01242,1998.0,1,21.01000022888184,https://heasarc.gsfc.nasa.gov/FTP/xte/data/archive/AO12/P93113/93113-01-31-10/stdprod/,data\raw\spectra\93113-01-31-10\xp93113013110_s2.pha.gz,data\raw\spectra\93113-01-31-10\xp93113013110_b2.pha.gz,data\raw\spectra\93113-01-31-10\xp93113013110.rsp.gz,2008-09-20T23:56:32,54729.99778428738,1984.0,1984.0,2,1,1,LMC_X-3,2.9575586669421963e-06,count,TOTAL/COUNT,TOTAL/COUNT,False,0,1.0,PCU2,0.21237518545436984,0.014150433467741936,1.0143535423132723,0.00047055947580645164,0.014150433467741936,0.022142152217741934,1,1984.0,88.796875,std1_gof_recipe,4.868029724941232,0.09301705476692,52.33480824714811,14.190677309200096,9.391532315000637,0.661810011627276,0.014402385827594939,11,accepted,,True
94113-01-71-00,LMCX3,BH,11,0,55073.97726,1788.0,1,85.2699966430664,https://heasarc.gsfc.nasa.gov/FTP/xte/data/archive/AO13/P94113/94113-01-71-00/stdprod/,data\raw\spectra\94113-01-71-00\xp94113017100_s2.pha.gz,data\raw\spectra\94113-01-71-00\xp94113017100_b2.pha.gz,data\raw\spectra\94113-01-71-00\xp94113017100.rsp.gz,2009-08-30T23:11:28,55073.96629123181,1840.0,1840.0,2,1,1,LMC_X-3,2.9575586669421963e-06,count,TOTAL/COUNT,TOTAL/COUNT,False,0,1.0,PCU2,0.2727087665443406,0.01632430803571429,1.0165952134113598,0.0011300000000000001,0.01632430803571429,0.025013526785714287,1,1792.0,96.546875,std1_gof_recipe,29.565517912584067,0.13903029156420038,212.65522484308048,38.77442519234499,9.691543901401378,0.24994681038662367,0.08427704840997151,0,accepted,,True
95113-01-25-00,LMCX3,BH,12,0,55282.54367,1823.0,1,68.30000305175781,https://heasarc.gsfc.nasa.gov/FTP/xte/data/archive/AO14/P95113/95113-01-25-00/stdprod/,data\raw\spectra\95113-01-25-00\xp95113012500_s2.pha.gz,data\raw\spectra\95113-01-25-00\xp95113012500_b2.pha.gz,data\raw\spectra\95113-01-25-00\xp95113012500.rsp.gz,2010-03-27T12:45:36,55282.53171947255,1824.0,1824.0,2,1,1,LMC_X-3,2.9575586669421963e-06,count,TOTAL/COUNT,TOTAL/COUNT,False,0,1.0,PCU2,0.3093687796608364,0.01689902960526316,1.0171895157406647,0.0009563925438596493,0.01689902960526316,0.026208355263157894,1,1824.0,103.43695175438596,std1_gof_recipe,21.77215204739408,0.12546956971244397,173.52535835814487,31.15165194332759,9.747428137952717,0.31290244753907925,0.0553618629354717,5,accepted,,True
96113-01-08-00,LMCX3,BH,13,0,55588.53195,1507.0,1,43.380001068115234,https://heasarc.gsfc.nasa.gov/FTP/xte/data/archive/AO15/P96113/96113-01-08-00/stdprod/,data\raw\spectra\96113-01-08-00\xp96113010800_s2.pha.gz,data\raw\spectra\96113-01-08-00\xp96113010800_b2.pha.gz,data\raw\spectra\96113-01-08-00\xp96113010800.rsp.gz,2011-01-27T12:30:56,55588.52152271329,1600.0,1600.0,2,1,2,LMC_X-3,2.9575586669421963e-06,count,TOTAL/COUNT,TOTAL/COUNT,False,0,1.0,PCU2,0.363047004108509,0.01275558510638298,1.0129203922695855,0.0006916750000000001,0.01275558510638298,0.019966057180851066,1,1504.0,80.11635638297872,std1_gof_recipe,12.655004042706594,0.1122935224775976,112.69576163871118,21.719953534841785,9.226371473223555,0.42478780898049295,0.03429789497948996,12,accepted,,True
96113-01-39-00,LMCX3,BH,14,0,55695.07882,1643.0,1,29.18000030517578,https://heasarc.gsfc.nasa.gov/FTP/xte/data/archive/AO15/P96113/96113-01-39-00/stdprod/,data\raw\spectra\96113-01-39-00\xp96113013900_s2.pha.gz,data\raw\spectra\96113-01-39-00\xp96113013900_b2.pha.gz,data\raw\spectra\96113-01-39-00\xp96113013900.rsp.gz,2011-05-14T01:37:36,55695.067772713286,1744.00000000001,1744.00000000001,2,1,1,LMC_X-3,2.9575586669421963e-06,count,TOTAL/COUNT,TOTAL/COUNT,False,0,1.0,PCU2,0.3818188333218657,0.012906432038834952,1.0130751860388403,0.000548400229357795,0.012906432038834952,0.020440655339805824,1,1648.0,83.7135922330097,std1_gof_recipe,7.579329452989907,0.09675877926457076,78.33221450908857,16.72177533130779,9.240267978802834,0.5525889324384412,0.02369773229693681,12,accepted,,True
90052-03-01-04,IGRJ00291+5934,NS,0,0,53344.95773,15744.0,1,63.52999877929688,https://heasarc.gsfc.nasa.gov/FTP/xte/data/archive/AO9/P90052/90052-03-01-04/stdprod/,data\raw\spectra\90052-03-01-04\xp90052030104_s2.pha.gz,data\raw\spectra\90052-03-01-04\xp90052030104_b2.pha.gz,data\raw\spectra\90052-03-01-04\xp90052030104.rsp.gz,2004-12-05T19:21:04,53344.80631437998,15791.9999999976,15791.9999999976,2,1,8,IGR_J00291+5934,0.0001418549473722216,count,TOTAL/COUNT,TOTAL/COUNT,False,0,1.0,PCU2,0.030551799744230834,0.00821099770642202,1.0082789763623448,0.0008911727456941578,0.00821099770642202,0.012473684633027525,5,15696.0,47.3631880733945,std1_gof_recipe,42.22724735583673,0.060553714042180816,697.3518969690589,50.96945993772743,9.088940413077983,0.17832130111212693,0.6384645972676563,0,accepted,,True
90425-01-01-09,IGRJ00291+5934,NS,1,0,53347.02023,5833.0,1,51.38999938964844,https://heasarc.gsfc.nasa.gov/FTP/xte/data/archive/AO9/P90425/90425-01-01-09/stdprod/,data\raw\spectra\90425-01-01-09\xp90425010109_s2.pha.gz,data\raw\spectra\90425-01-01-09\xp90425010109_b2.pha.gz,data\raw\spectra\90425-01-01-09\xp90425010109.rsp.gz,2004-12-07T23:15:28,53346.9691153059,5839.99999999993,5839.99999999993,2,1,4,IGR_J00291+5934,0.0001418549473722216,count,TOTAL/COUNT,TOTAL/COUNT,False,0,1.0,PCU2,0.03020107939921246,0.014711567679558012,1.0149312294724815,0.0007770702054794615,0.014711567679558012,0.022845198549723757,3,5792.0,90.37367633517495,std1_gof_recipe,34.213338801255,0.09368432919178882,365.19809765851113,43.08672723723239,9.376720285295717,0.21762433321213226,0.6184434962288742,0,accepted,,True
90425-01-02-07,IGRJ00291+5934,NS,2,0,53349.02413,2381.0,2,39.060001373291016,https://heasarc.gsfc.nasa.gov/FTP/xte/data/archive/AO9/P90425/90425-01-02-07/stdprod/,data\raw\spectra\90425-01-02-07\xp90425010207_s2.pha.gz,data\raw\spectra\90425-01-02-07\xp90425010207_b2.pha.gz,data\raw\spectra\90425-01-02-07\xp90425010207.rsp.gz,2004-12-10T00:02:24,53349.002194009605,2416.0,2416.0,23,2,2,IGR_J00291+5934,0.0001418549473722216,count,TOTAL/COUNT,TOTAL/COUNT,False,0,1.0,PCU2,0.02967502798743027,0.015274163123582768,1.0155110819190374,0.0006439114238410596,0.015274163123582768,0.02378691822562358,3,2352.0,94.58616780045351,std1_gof_recipe,26.801753069343153,0.09491590139293844,282.3736874013099,35.448678931563066,9.056300210599051,0.255476381167351,0.653828426085246,0,accepted,,True
90425-01-02-16,IGRJ00291+5934,NS,3,0,53349.90695,12144.0,1,31.459999084472656,https://heasarc.gsfc.nasa.gov/FTP/xte/data/archive/AO9/P90425/90425-01-02-16/stdprod/,data\raw\spectra\90425-01-02-16\xp90425010216_s2.pha.gz,data\raw\spectra\90425-01-02-16\xp90425010216_b2.pha.gz,data\raw\spectra\90425-01-02-16\xp90425010216.rsp.gz,2004-12-10T18:54:24,53349.7878653059,12239.9999999985,12239.9999999985,2,1,5,IGR_J00291+5934,0.0001418549473722216,count,TOTAL/COUNT,TOTAL/COUNT,False,0,1.0,PCU2,0.02967502798743027,0.01057338637862797,1.0106863775777453,0.0005739730392157567,0.01057338637862797,0.016431139305738786,4,12128.0,65.08614363456465,std1_gof_recipe,20.948390762121758,0.055784378023658404,375.52432247675955,30.032633546661017,9.305738214077655,0.30985421906538907,0.6172446851315447,0,accepted,,True
90425-01-02-09,IGRJ00291+5934,NS,4,0,53350.59835,3023.0,1,23.51000022888184,https://heasarc.gsfc.nasa.gov/FTP/xte/data/archive/AO9/P90425/90425-01-02-09/stdprod/,data\raw\spectra\90425-01-02-09\xp90425010209_s2.pha.gz,data\raw\spectra\90425-01-02-09\xp90425010209_b2.pha.gz,data\raw\spectra\90425-01-02-09\xp90425010209.rsp.gz,2004-12-11T13:53:36,53350.57912687998,3024.00000000001,3024.00000000001,2,1,1,IGR_J00291+5934,0.0001418549473722216,count,TOTAL/COUNT,TOTAL/COUNT,False,0,1.0,PCU2,0.02949756679511495,0.009563623236331571,1.0096559692885891,0.0004742361111111095,0.009563623236331571,0.014751629188712522,3,3024.0,57.64451058201058,std1_gof_recipe,15.654235695234485,0.1024556419108914,152.79037252872243,24.184176054401693,8.679651571409158,0.35889796501168786,0.6122537443671779,0,accepted,,True
90425-01-02-120,IGRJ00291+5934,NS,5,0,53351.26242,14480.0,1,17.8700008392334,https://heasarc.gsfc.nasa.gov/FTP/xte/data/archive/AO9/P90425/90425-01-02-120/stdprod/,data\raw\spectra\90425-01-02-120\xp904250102120_s2.pha.gz,data\raw\spectra\90425-01-02-120\xp904250102120_b2.pha.gz,data\raw\spectra\90425-01-02-120\xp904250102120.rsp.gz,2004-12-12T02:22:56,53351.09925419479,14767.9999999979,14767.9999999979,2,1,5,IGR_J00291+5934,0.0001418549473722216,count,TOTAL/COUNT,TOTAL/COUNT,False,0,1.0,PCU2,0.029324374429855027,0.007829497237569061,1.0078912820082535,0.00043329293066095,0.007829497237569061,0.012029739122928177,4,14480.0,46.66935428176796,std1_gof_recipe,11.955624153076968,0.04435225762204742,269.56066712450394,21.03125150291042,9.169233876113378,0.4359813715719433,0.6023207912612071,0,accepted,,True
90425-01-02-25,IGRJ00291+5934,NS,6,0,53355.4382,2246.0,3,5.110000133514404,https://heasarc.gsfc.nasa.gov/FTP/xte/data/archive/AO9/P90425/90425-01-02-25/stdprod/,data\raw\spectra\90425-01-02-25\xp90425010225_s2.pha.gz,data\raw\spectra\90425-01-02-25\xp90425010225_b2.pha.gz,data\raw\spectra\90425-01-02-25\xp90425010225.rsp.gz,2004-12-16T10:12:32,53355.425585213314,2239.99999999991,2239.99999999991,123,3,1,IGR_J00291+5934,0.0001418549473722216,count,TOTAL/COUNT,TOTAL/COUNT,False,0,1.0,PCU1,0.6797606061461821,0.010512917782738095,1.0106246134706283,0.00028655505952382106,0.010512917782738095,0.016619749255952377,4,2240.0,67.85368303571428,std1_gof_recipe,3.6547763323470845,0.04488509693952889,81.42516295043218,12.416060387739384,8.79970641848856,0.7087357940992376,0.6217426698969908,0,accepted,,True
93435-01-01-00,IGRJ00291+5934,NS,7,0,54596.38742,1221.0,1,5.650000095367432,https://heasarc.gsfc.nasa.gov/FTP/xte/data/archive/AO12/P93435/93435-01-01-00/stdprod/,data\raw\spectra\93435-01-01-00\xp93435010100_s2.pha.gz,data\raw\spectra\93435-01-01-00\xp93435010100_b2.pha.gz,data\raw\spectra\93435-01-01-00\xp93435010100.rsp.gz,2008-05-10T09:08:32,54596.38107132441,1232.0,1232.0,2,1,1,IGR_J00291+5934,0.0,count,TOTAL/COUNT,TOTAL/COUNT,False,0,1.0,PCU2,0.18904757239180014,0.011702589285714288,1.011841161535834,0.00036706168831168837,0.011702589285714288,0.018267183441558442,1,1232.0,72.93993506493507,std1_gof_recipe,3.810643246256454,0.1233359935608636,30.89644098400185,14.7549303044803,10.988881451049165,0.7447599700089682,0.532661466597127,0,accepted,,True
93435-01-03-01,IGRJ00291+5934,NS,8,0,54614.10226,1349.0,1,5.619999885559082,https://heasarc.gsfc.nasa.gov/FTP/xte/data/archive/AO12/P93435/93435-01-03-01/stdprod/,data\raw\spectra\93435-01-03-01\xp93435010301_s2.pha.gz,data\raw\spectra\93435-01-03-01\xp93435010301_b2.pha.gz,data\raw\spectra\93435-01-03-01\xp93435010301.rsp.gz,2008-05-28T02:16:32,54614.09482132441,1344.0,1344.0,2,1,1,IGR_J00291+5934,0.0,count,TOTAL/COUNT,TOTAL/COUNT,False,0,1.0,PCU2,0.19220374249885452,0.011619449404761905,1.011756048212163,0.0003329017857142857,0.011619449404761905,0.01822547619047619,1,1344.0,73.40029761904762,std1_gof_recipe,3.865059829770232,0.11280532657381831,34.26309685155681,13.716091720185245,9.895941757553407,0.721484075743681,0.5902143831965433,1,accepted,,True
93013-07-05-00,IGRJ00291+5934,NS,9,0,54694.8757,9642.0,1,28.950000762939453,https://heasarc.gsfc.nasa.gov/FTP/xte/data/archive/AO12/P93013/93013-07-05-00/stdprod/,data\raw\spectra\93013-07-05-00\xp93013070500_s2.pha.gz,data\raw\spectra\93013-07-05-00\xp93013070500_b2.pha.gz,data\raw\spectra\93013-07-05-00\xp93013070500.rsp.gz,2008-08-16T18:35:44,54694.774809750335,9807.99999999902,9807.99999999902,2,1,4,IGR_J00291+5934,0.0,count,TOTAL/COUNT,TOTAL/COUNT,False,0,1.0,PCU2,0.2062348887337535,0.007492852730481728,1.0075494194183843,0.0005511358075041335,0.007492852730481728,0.011472930336378737,4,9632.0,44.223084509966775,std1_gof_recipe,19.258467838677195,0.05295352683224601,363.6862167781007,28.503321275990377,9.389154300643112,0.32940562293531794,0.639145761120014,0,accepted,,True
93013-07-09-00,IGRJ00291+5934,NS,10,0,54697.75851,1933.0,1,7.21999979019165,https://heasarc.gsfc.nasa.gov/FTP/xte/data/archive/AO12/P93013/93013-07-09-00/stdprod/,data\raw\spectra\93013-07-09-00\xp93013070900_s2.pha.gz,data\raw\spectra\93013-07-09-00\xp93013070900_b2.pha.gz,data\raw\spectra\93013-07-09-00\xp93013070900.rsp.gz,2008-08-19T17:40:48,54697.73666160219,2032.00000000001,2032.00000000001,2,1,1,IGR_J00291+5934,0.0,count,TOTAL/COUNT,TOTAL/COUNT,False,0,1.0,PCU2,0.20676031084176572,0.014583001033057852,1.014798812125573,0.0003387893700787385,0.014583001033057852,0.022646694214876032,2,1936.0,89.5965909090909,std1_gof_recipe,4.948984736729578,0.09219089962878323,53.68192258300123,14.521700185687193,9.644886498485931,0.6641706119227057,0.6341884027413993,0,accepted,,True
93013-07-08-02,IGRJ00291+5934,NS,11,0,54699.71163,3440.0,1,5.980000019073486,https://heasarc.gsfc.nasa.gov/FTP/xte/data/archive/AO12/P93013/93013-07-08-02/stdprod/,data\raw\spectra\93013-07-08-02\xp93013070802_s2.pha.gz,data\raw\spectra\93013-07-08-02\xp93013070802_b2.pha.gz,data\raw\spectra\93013-07-08-02\xp93013070802.rsp.gz,2008-08-21T16:16:16,54699.68051576886,3440.0,3440.0,2,1,1,IGR_J00291+5934,0.0,count,TOTAL/COUNT,TOTAL/COUNT,False,0,1.0,PCU2,0.207113892220967,0.013843786337209302,1.0140381271703298,0.00032238953488372094,0.013843786337209302,0.021649638081395348,2,3440.0,86.73168604651163,std1_gof_recipe,3.961510309755257,0.06885396167894373,57.53496550027461,13.41685355097726,9.510185543522907,0.7088238317120337,0.6215027524891213,0,accepted,,True
93013-07-19-02,IGRJ00291+5934,NS,12,0,54739.8132,2134.0,2,22.309999465942383,https://heasarc.gsfc.nasa.gov/FTP/xte/data/archive/AO12/P93013/93013-07-19-02/stdprod/,data\raw\spectra\93013-07-19-02\xp93013071902_s2.pha.gz,data\raw\spectra\93013-07-19-02\xp93013071902_b2.pha.gz,data\raw\spectra\93013-07-19-02\xp93013071902.rsp.gz,2008-09-30T19:13:36,54739.80110604663,2144.0,2144.0,23,2,1,IGR_J00291+5934,0.0,count,TOTAL/COUNT,TOTAL/COUNT,False,0,1.0,PCU2,0.21412551738016106,0.01316174906716418,1.0133372911464698,0.00046658115671641793,0.01316174906716418,0.021063152985074628,2,2144.0,87.79337686567165,std1_gof_recipe,15.519052409742628,0.07457352921441361,208.10403601956787,24.12948904356765,8.81469450740222,0.3653079636906778,0.6541793440272036,0,accepted,,True
93435-01-29-01,IGRJ00291+5934,NS,13,0,54796.60617,1073.0,1,5.010000228881836,https://heasarc.gsfc.nasa.gov/FTP/xte/data/archive/AO12/P93435/93435-01-29-01/stdprod/,data\raw\spectra\93435-01-29-01\xp93435012901_s2.pha.gz,data\raw\spectra\93435-01-29-01\xp93435012901_b2.pha.gz,data\raw\spectra\93435-01-29-01\xp93435012901.rsp.gz,2008-11-26T14:23:28,54796.601464842926,1088.0,1088.0,2,1,1,IGR_J00291+5934,0.0,count,TOTAL/COUNT,TOTAL/COUNT,False,0,1.0,PCU2,0.2241229518230483,0.01045795955882353,1.0105684843406562,0.0002924264705882353,0.01045795955882353,0.016476461397058825,1,1088.0,66.87224264705883,std1_gof_recipe,3.895406106792226,0.11688077637489772,33.328030730200005,12.703376795878714,8.848708688616513,0.6965635067588682,0.6737481124626756,0,accepted,,True
94408-01-40-00,IGRJ00291+5934,NS,14,0,55106.99679,1471.0,1,5.920000076293945,https://heasarc.gsfc.nasa.gov/FTP/xte/data/archive/AO13/P94408/94408-01-40-00/stdprod/,data\raw\spectra\94408-01-40-00\xp94408014000_s2.pha.gz,data\raw\spectra\94408-01-40-00\xp94408014000_b2.pha.gz,data\raw\spectra\94408-01-40-00\xp94408014000.rsp.gz,2009-10-02T23:44:32,55106.98925419477,1472.0,1472.0,2,1,1,IGR_J00291+5934,0.0,count,TOTAL/COUNT,TOTAL/COUNT,False,0,1.0,PCU2,0.2784958000040376,0.011475747282608697,1.0116089688756371,0.0003319497282608696,0.011475747282608697,0.01797421195652174,1,1472.0,72.20516304347827,std1_gof_recipe,3.876158442827242,0.10108375241413659,38.34600863397667,13.618065095977608,9.7863884678676,0.7186328159613675,0.7089636774322418,0,accepted,,True
96435-01-02-00,IGRJ17498-2921,NS,0,0,55788.8796,3392.0,1,90.6500015258789,https://heasarc.gsfc.nasa.gov/FTP/xte/data/archive/AO15/P96435/96435-01-02-00/stdprod/,data\raw\spectra\96435-01-02-00\xp96435010200_s2.pha.gz,data\raw\spectra\96435-01-02-00\xp96435010200_b2.pha.gz,data\raw\spectra\96435-01-02-00\xp96435010200.rsp.gz,2011-08-15T20:25:04,55788.85073567625,3392.0,3392.0,2,1,1,IGR_J17498-2921,3.2867513271436206e-05,count,TOTAL/COUNT,TOTAL/COUNT,False,0,1.0,PCU2,0.3981341820066362,0.012940014740566037,1.0131096538546895,0.001168366745283019,0.012940014740566037,0.019835986143867924,2,3392.0,76.62190448113208,std1_gof_recipe,61.025425346314805,0.1206001237409231,506.014616348251,69.42547142632786,9.189715983543685,0.13236807463807465,0.48973556256548045,0,accepted,,True
96435-01-03-000,IGRJ17498-2921,NS,1,0,55792.47335,15558.0,1,85.73999786376953,https://heasarc.gsfc.nasa.gov/FTP/xte/data/archive/AO15/P96435/96435-01-03-000/stdprod/,data\raw\spectra\96435-01-03-000\xp964350103000_s2.pha.gz,data\raw\spectra\96435-01-03-000\xp964350103000_b2.pha.gz,data\raw\spectra\96435-01-03-000\xp964350103000.rsp.gz,2011-08-19T07:27:28,55792.31257595403,15663.9999999977,15663.9999999977,2,1,5,IGR_J17498-2921,3.2867513271436206e-05,count,TOTAL/COUNT,TOTAL/COUNT,False,0,1.0,PCU2,0.39883331344314854,0.00636920540766461,1.0064100322195406,0.00113588036261508,0.00636920540766461,0.009393450199331275,4,15552.0,33.602719907407405,std1_gof_recipe,56.790893678742805,0.054699937991235216,1038.2259242751359,66.1253235942832,9.696142782665149,0.14663282167292743,0.4858662138695797,0,accepted,,True
96435-01-03-03,IGRJ17498-2921,NS,2,0,55792.93038,3220.0,2,91.1500015258789,https://heasarc.gsfc.nasa.gov/FTP/xte/data/archive/AO15/P96435/96435-01-03-03/stdprod/,data\raw\spectra\96435-01-03-03\xp96435010303_s2.pha.gz,data\raw\spectra\96435-01-03-03\xp96435010303_b2.pha.gz,data\raw\spectra\96435-01-03-03\xp96435010303.rsp.gz,2011-08-19T21:38:24,55792.9016963244,3279.99999999989,3279.99999999989,24,2,1,IGR_J17498-2921,3.2867513271436206e-05,count,TOTAL/COUNT,TOTAL/COUNT,False,0,1.0,PCU2,0.39883331344314854,0.016308248762376236,1.0165786169720934,0.001159157012195161,0.016308248762376236,0.02535890160891089,2,3232.0,100.5628094059406,std1_gof_recipe,58.24601580925338,0.08605851970317237,676.8187044135999,67.02484626021727,9.72872096619848,0.145150962800089,0.4476468379525679,0,accepted,,True
96435-01-03-010,IGRJ17498-2921,NS,3,0,55793.59054,16710.0,1,88.33999633789062,https://heasarc.gsfc.nasa.gov/FTP/xte/data/archive/AO15/P96435/96435-01-03-010/stdprod/,data\raw\spectra\96435-01-03-010\xp964350103010_s2.pha.gz,data\raw\spectra\96435-01-03-010\xp964350103010_b2.pha.gz,data\raw\spectra\96435-01-03-010\xp964350103010.rsp.gz,2011-08-20T10:08:32,55793.422587528104,16879.9999999974,16879.9999999974,2,1,8,IGR_J17498-2921,3.2867513271436206e-05,count,TOTAL/COUNT,TOTAL/COUNT,False,0,1.0,PCU2,0.39900944768840674,0.005671384357005758,1.0057037324158054,0.0011502310426542057,0.005671384357005758,0.008352762476007677,5,16672.0,29.793090211132437,std1_gof_recipe,58.567418569164076,0.05311173076446959,1102.7209568614587,67.57509584352475,9.339835615864041,0.13821416750175447,0.466303714012497,0,accepted,,True
96435-01-03-06,IGRJ17498-2921,NS,4,0,55796.68429,6480.0,1,72.83999633789062,https://heasarc.gsfc.nasa.gov/FTP/xte/data/archive/AO15/P96435/96435-01-03-06/stdprod/,data\raw\spectra\96435-01-03-06\xp96435010306_s2.pha.gz,data\raw\spectra\96435-01-03-06\xp96435010306_b2.pha.gz,data\raw\spectra\96435-01-03-06\xp96435010306.rsp.gz,2011-08-23T14:52:32,55796.621985676255,6463.99999999979,6463.99999999979,2,1,3,IGR_J17498-2921,3.2867513271436206e-05,count,TOTAL/COUNT,TOTAL/COUNT,False,0,1.0,PCU2,0.39953698620442424,0.010191157951732675,1.010296087000641,0.0009894059405940916,0.010191157951732675,0.015558647122524753,2,6464.0,59.63876856435643,std1_gof_recipe,47.94387692975019,0.07966115664706068,601.847612408716,56.68415772234504,9.228884415204364,0.16281241154556864,0.46798068404743215,0,accepted,,True
96435-01-03-08,IGRJ17498-2921,NS,5,0,55798.53585,3181.0,1,70.5199966430664,https://heasarc.gsfc.nasa.gov/FTP/xte/data/archive/AO15/P96435/96435-01-03-08/stdprod/,data\raw\spectra\96435-01-03-08\xp96435010308_s2.pha.gz,data\raw\spectra\96435-01-03-08\xp96435010308_b2.pha.gz,data\raw\spectra\96435-01-03-08\xp96435010308.rsp.gz,2011-08-25T12:23:28,55798.516291231805,3184.0,3184.0,2,1,2,IGR_J17498-2921,3.2867513271436206e-05,count,TOTAL/COUNT,TOTAL/COUNT,False,0,1.0,PCU2,0.39988702195806525,0.010195260416666668,1.0103002743965022,0.0009637154522613066,0.010195260416666668,0.015420402462121213,2,3168.0,58.05713383838384,std1_gof_recipe,46.04155099777288,0.1117207537622451,412.11278520152763,54.71792706436944,9.145781669006102,0.16714415475292266,0.4604486656913073,0,accepted,,True
96435-01-04-01,IGRJ17498-2921,NS,6,0,55800.76242,3216.0,2,69.76000213623047,https://heasarc.gsfc.nasa.gov/FTP/xte/data/archive/AO15/P96435/96435-01-04-01/stdprod/,data\raw\spectra\96435-01-04-01\xp96435010401_s2.pha.gz,data\raw\spectra\96435-01-04-01\xp96435010401_b2.pha.gz,data\raw\spectra\96435-01-04-01\xp96435010401.rsp.gz,2011-08-27T17:37:36,55800.73447410218,3215.9999999999,3215.9999999999,24,2,1,IGR_J17498-2921,3.2867513271436206e-05,count,TOTAL/COUNT,TOTAL/COUNT,False,0,1.0,PCU2,0.400239320571103,0.015593578980099504,1.0158405904788224,0.0009458317786069947,0.015593578980099504,0.02433238028606965,2,3216.0,97.09779228855722,std1_gof_recipe,43.50784986297701,0.07790103451729202,558.5015671816193,52.463203895802884,9.633797125918514,0.18362959961523107,0.4389277640574484,0,accepted,,True
96435-01-04-03,IGRJ17498-2921,NS,7,0,55802.38742,2944.0,2,73.4800033569336,https://heasarc.gsfc.nasa.gov/FTP/xte/data/archive/AO15/P96435/96435-01-04-03/stdprod/,data\raw\spectra\96435-01-04-03\xp96435010403_s2.pha.gz,data\raw\spectra\96435-01-04-03\xp96435010403_b2.pha.gz,data\raw\spectra\96435-01-04-03\xp96435010403.rsp.gz,2011-08-29T08:48:16,55802.36693937996,3071.99999999993,3071.99999999993,24,2,1,IGR_J17498-2921,3.2867513271436206e-05,count,TOTAL/COUNT,TOTAL/COUNT,False,0,1.0,PCU2,0.4005884943750857,0.012602048233695654,1.0127628867480964,0.0009743929036458557,0.012602048233695654,0.01938755604619565,2,2944.0,75.39453125,std1_gof_recipe,46.18971449899617,0.08101786657801559,570.1176351578957,54.941903230082836,9.334273741103656,0.16989352738681207,0.41349125373678686,0,accepted,,True
96435-01-04-05,IGRJ17498-2921,NS,8,0,55804.40695,2864.0,1,64.2300033569336,https://heasarc.gsfc.nasa.gov/FTP/xte/data/archive/AO15/P96435/96435-01-04-05/stdprod/,data\raw\spectra\96435-01-04-05\xp96435010405_s2.pha.gz,data\raw\spectra\96435-01-04-05\xp96435010405_b2.pha.gz,data\raw\spectra\96435-01-04-05\xp96435010405.rsp.gz,2011-08-31T09:20:32,55804.38925419477,2864.0,2864.0,2,1,1,IGR_J17498-2921,3.2867513271436206e-05,count,TOTAL/COUNT,TOTAL/COUNT,False,0,1.0,PCU2,0.40093855775525356,0.013155010474860337,1.0133303716535973,0.0009007018156424583,0.013155010474860337,0.020349448324022346,1,2864.0,79.93819832402235,std1_gof_recipe,41.745703449397595,0.11404260256788713,366.0535844448768,50.359677441795256,9.163139158554902,0.181953888984803,0.4379407512073659,0,accepted,,True
96435-01-04-06,IGRJ17498-2921,NS,9,0,55805.38742,3173.0,2,68.77999877929688,https://heasarc.gsfc.nasa.gov/FTP/xte/data/archive/AO15/P96435/96435-01-04-06/stdprod/,data\raw\spectra\96435-01-04-06\xp96435010406_s2.pha.gz,data\raw\spectra\96435-01-04-06\xp96435010406_b2.pha.gz,data\raw\spectra\96435-01-04-06\xp96435010406.rsp.gz,2011-09-01T08:51:12,55805.36896484292,3183.99999999991,3183.99999999991,24,2,1,IGR_J17498-2921,3.2867513271436206e-05,count,TOTAL/COUNT,TOTAL/COUNT,False,0,1.0,PCU2,0.40111609107732704,0.013094120603015076,1.0132678514500448,0.0009277324120603278,0.013094120603015076,0.020253049623115582,2,3184.0,79.54365577889448,std1_gof_recipe,43.094927374641024,0.0776499703229921,554.9896180949427,51.86323065711131,9.33259345889201,0.1799462420803197,0.40474025801233654,0,accepted,,True
96435-01-05-02,IGRJ17498-2921,NS,10,0,55808.52413,3180.0,1,60.58000183105469,https://heasarc.gsfc.nasa.gov/FTP/xte/data/archive/AO15/P96435/96435-01-05-02/stdprod/,data\raw\spectra\96435-01-05-02\xp96435010502_s2.pha.gz,data\raw\spectra\96435-01-05-02\xp96435010502_b2.pha.gz,data\raw\spectra\96435-01-05-02\xp96435010502.rsp.gz,2011-09-04T12:00:16,55808.50237919477,3184.0,3184.0,2,1,1,IGR_J17498-2921,3.2867513271436206e-05,count,TOTAL/COUNT,TOTAL/COUNT,False,0,1.0,PCU2,0.40164145330179224,0.01515381595477387,1.015386987531931,0.0008717368090452262,0.01515381595477387,0.023619695351758792,1,3184.0,94.06532663316582,std1_gof_recipe,39.697420889176506,0.10691339593355041,371.30446135907545,48.53666180069389,9.440808321551156,0.19450880986249014,0.41769361659098886,0,accepted,,True
96435-01-05-04,IGRJ17498-2921,NS,11,0,55810.14913,1789.0,2,65.61000061035156,https://heasarc.gsfc.nasa.gov/FTP/xte/data/archive/AO15/P96435/96435-01-05-04/stdprod/,data\raw\spectra\96435-01-05-04\xp96435010504_s2.pha.gz,data\raw\spectra\96435-01-05-04\xp96435010504_b2.pha.gz,data\raw\spectra\96435-01-05-04\xp96435010504.rsp.gz,2011-09-06T03:12:00,55810.13332826884,1904.00000000001,1904.00000000001,24,2,1,IGR_J17498-2921,3.2867513271436206e-05,count,TOTAL/COUNT,TOTAL/COUNT,False,0,1.0,PCU2,0.4019915435412713,0.013205382254464286,1.013382097973572,0.0009079359243697432,0.013205382254464286,0.020453671875,2,1792.0,80.53655133928571,std1_gof_recipe,40.94869707946992,0.09916916985887975,412.91761479642275,50.05679484144599,9.648840959732727,0.19275786614575022,0.38304045898448796,0,accepted,,True
96435-01-05-06,IGRJ17498-2921,NS,12,0,55812.26242,1440.0,1,50.709999084472656,https://heasarc.gsfc.nasa.gov/FTP/xte/data/archive/AO15/P96435/96435-01-05-06/stdprod/,data\raw\spectra\96435-01-05-06\xp96435010506_s2.pha.gz,data\raw\spectra\96435-01-05-06\xp96435010506_b2.pha.gz,data\raw\spectra\96435-01-05-06\xp96435010506.rsp.gz,2011-09-08T05:46:24,55812.242737991066,1440.0,1440.0,2,1,1,IGR_J17498-2921,3.2867513271436206e-05,count,TOTAL/COUNT,TOTAL/COUNT,False,0,1.0,PCU2,0.4023438968099029,0.012400767361111113,1.0125564773151716,0.0007613125,0.012400767361111113,0.019108673611111113,2,1440.0,74.53229166666667,std1_gof_recipe,32.62891953789395,0.14758849696575876,221.08037014201733,41.30495942423023,9.080663526770117,0.2198443880190144,0.40786880024385685,0,accepted,,True
96435-01-06-05,IGRJ17498-2921,NS,13,0,55819.49288,2160.0,1,37.869998931884766,https://heasarc.gsfc.nasa.gov/FTP/xte/data/archive/AO15/P96435/96435-01-06-05/stdprod/,data\raw\spectra\96435-01-06-05\xp96435010605_s2.pha.gz,data\raw\spectra\96435-01-06-05\xp96435010605_b2.pha.gz,data\raw\spectra\96435-01-06-05\xp96435010605.rsp.gz,2011-09-15T11:29:36,55819.4788838244,2144.0,2144.0,2,1,2,IGR_J17498-2921,3.2867513271436206e-05,count,TOTAL/COUNT,TOTAL/COUNT,False,0,1.0,PCU2,0.40357003777760525,0.0124772901119403,1.0126349399229053,0.0006281203358208956,0.0124772901119403,0.019444986007462688,1,2144.0,77.41884328358209,std1_gof_recipe,24.59869663282358,0.11059290484292392,222.4256309006561,33.293469333253405,9.001697774693175,0.2703742792494836,0.35634767436135684,0,accepted,,True
96435-01-07-01,IGRJ17498-2921,NS,14,0,55826.41085,2282.0,2,42.0099983215332,https://heasarc.gsfc.nasa.gov/FTP/xte/data/archive/AO15/P96435/96435-01-07-01/stdprod/,data\raw\spectra\96435-01-07-01\xp96435010701_s2.pha.gz,data\raw\spectra\96435-01-07-01\xp96435010701_b2.pha.gz,data\raw\spectra\96435-01-07-01\xp96435010701.rsp.gz,2011-09-22T09:29:04,55826.39518012069,2320.0,2320.0,24,2,1,IGR_J17498-2921,3.2867513271436206e-05,count,TOTAL/COUNT,TOTAL/COUNT,False,0,1.0,PCU2,0.40479942249898926,0.01153986888111888,1.0116745921436978,0.0006561788793103449,0.01153986888111888,0.01803782561188811,2,2288.0,72.19951923076923,std1_gof_recipe,26.14854846179095,0.07684538512216996,340.27480531484866,34.94645696686941,9.099659325759117,0.26038860919108175,0.3072048533505203,0,accepted,,True
94041-01-01-02,IGRJ17511-3057,NS,0,0,55088.3132,5573.0,1,77.26000213623047,https://heasarc.gsfc.nasa.gov/FTP/xte/data/archive/AO13/P94041/94041-01-01-02/stdprod/,data\raw\spectra\94041-01-01-02\xp94041010102_s2.pha.gz,data\raw\spectra\94041-01-01-02\xp94041010102_b2.pha.gz,data\raw\spectra\94041-01-01-02\xp94041010102.rsp.gz,2009-09-14T05:56:32,55088.247622250325,5647.99999999997,5647.99999999997,2,1,3,IGR_J17511-3057,4.353408482428142e-06,count,TOTAL/COUNT,TOTAL/COUNT,False,0,1.0,PCU2,0.2753382327132883,0.00857936175337187,1.0086536041538785,0.0010641342067988725,0.00857936175337187,0.012888691594412333,3,5536.0,47.88144267822736,std1_gof_recipe,51.33454009042392,0.09285829302727402,552.8266611076526,61.03017323785275,10.136050737307558,0.16608261454222573,0.5775004804159505,0,accepted,,True
94041-01-01-05,IGRJ17511-3057,NS,1,0,55089.53976,5786.0,1,71.91000366210938,https://heasarc.gsfc.nasa.gov/FTP/xte/data/archive/AO13/P94041/94041-01-01-05/stdprod/,data\raw\spectra\94041-01-01-05\xp94041010105_s2.pha.gz,data\raw\spectra\94041-01-01-05\xp94041010105_b2.pha.gz,data\raw\spectra\94041-01-01-05\xp94041010105.rsp.gz,2009-09-15T11:49:20,55089.49261067625,5823.99999999994,5823.99999999994,2,1,2,IGR_J17511-3057,4.353408482428142e-06,count,TOTAL/COUNT,TOTAL/COUNT,False,0,1.0,PCU2,0.27551501345900675,0.012869873964088398,1.013037667096405,0.0009845226648351752,0.012869873964088398,0.019887185773480663,1,5792.0,77.9701312154696,std1_gof_recipe,48.15647297081401,0.08850261746722295,544.1248445408839,56.869354581042195,9.332649347917597,0.16410682724767026,0.5982453161192629,0,accepted,,True
94041-01-01-14,IGRJ17511-3057,NS,2,0,55091.80148,3258.0,1,62.790000915527344,https://heasarc.gsfc.nasa.gov/FTP/xte/data/archive/AO13/P94041/94041-01-01-14/stdprod/,data\raw\spectra\94041-01-01-14\xp94041010114_s2.pha.gz,data\raw\spectra\94041-01-01-14\xp94041010114_b2.pha.gz,data\raw\spectra\94041-01-01-14\xp94041010114.rsp.gz,2009-09-17T18:43:12,55091.78005280588,3264.00000000001,3264.00000000001,2,1,1,IGR_J17511-3057,4.353408482428142e-06,count,TOTAL/COUNT,TOTAL/COUNT,False,0,1.0,PCU2,0.27586574134116404,0.017841299019607845,1.01816539323207,0.0009134252450980364,0.017841299019607845,0.027868495710784313,1,3264.0,111.41329656862744,std1_gof_recipe,41.69786021432637,0.11381123732667824,366.3773559955144,51.003262267474824,10.049346045710063,0.1970333974522765,0.5933425200780742,0,accepted,,True
94041-01-02-01,IGRJ17511-3057,NS,3,0,55092.05929,1408.0,1,62.68999862670898,https://heasarc.gsfc.nasa.gov/FTP/xte/data/archive/AO13/P94041/94041-01-02-01/stdprod/,data\raw\spectra\94041-01-02-01\xp94041010201_s2.pha.gz,data\raw\spectra\94041-01-02-01\xp94041010201_b2.pha.gz,data\raw\spectra\94041-01-02-01\xp94041010201.rsp.gz,2009-09-18T01:01:20,55092.04268012069,1520.0,1520.0,2,1,1,IGR_J17511-3057,4.353408482428142e-06,count,TOTAL/COUNT,TOTAL/COUNT,False,0,1.0,PCU2,0.27604252881025104,0.012784339488636366,1.012949895347096,0.0009014934210526316,0.012784339488636366,0.019604492187500003,2,1408.0,75.77947443181819,std1_gof_recipe,42.040142355156064,0.16566586240915293,253.76466668387906,51.1534111016059,9.650724198468751,0.18866237833679442,0.6006364950334112,0,accepted,,True
94041-01-02-04,IGRJ17511-3057,NS,4,0,55093.95382,1205.0,1,59.91999816894531,https://heasarc.gsfc.nasa.gov/FTP/xte/data/archive/AO13/P94041/94041-01-02-04/stdprod/,data\raw\spectra\94041-01-02-04\xp94041010204_s2.pha.gz,data\raw\spectra\94041-01-02-04\xp94041010204_b2.pha.gz,data\raw\spectra\94041-01-02-04\xp94041010204.rsp.gz,2009-09-19T22:30:40,55093.93795789847,1248.0,1248.0,2,1,1,IGR_J17511-3057,4.353408482428142e-06,count,TOTAL/COUNT,TOTAL/COUNT,False,0,1.0,PCU2,0.2762170751082138,0.014380275000000001,1.0145900844263238,0.0008726602564102565,0.014380275000000001,0.02230125,2,1200.0,88.01083333333334,std1_gof_recipe,40.11093976133557,0.1800320404521227,222.79889546662434,49.19572624328453,9.6615928262254,0.19639089742158763,0.5970360476419831,0,accepted,,True
94041-01-02-17,IGRJ17511-3057,NS,5,0,55096.7546,3294.0,1,51.130001068115234,https://heasarc.gsfc.nasa.gov/FTP/xte/data/archive/AO13/P94041/94041-01-02-17/stdprod/,data\raw\spectra\94041-01-02-17\xp94041010217_s2.pha.gz,data\raw\spectra\94041-01-02-17\xp94041010217_b2.pha.gz,data\raw\spectra\94041-01-02-17\xp94041010217.rsp.gz,2009-09-22T16:33:20,55096.68980975033,3536.00000000001,3536.00000000001,2,1,4,IGR_J17511-3057,4.353408482428142e-06,count,TOTAL/COUNT,TOTAL/COUNT,False,0,1.0,PCU2,0.27674461607939094,0.006645516990291261,1.006689975335045,0.0007937584841628938,0.006645516990291261,0.010052950849514563,5,3296.0,37.86037621359223,std1_gof_recipe,33.52636441880566,0.10074466594981679,332.78550385492275,43.31371667472937,10.010152280291571,0.2311081349925304,0.5862025647765745,0,accepted,,True
94041-01-02-20,IGRJ17511-3057,NS,6,0,55097.66867,5006.0,1,47.91999816894531,https://heasarc.gsfc.nasa.gov/FTP/xte/data/archive/AO13/P94041/94041-01-02-20/stdprod/,data\raw\spectra\94041-01-02-20\xp94041010220_s2.pha.gz,data\raw\spectra\94041-01-02-20\xp94041010220_b2.pha.gz,data\raw\spectra\94041-01-02-20\xp94041010220.rsp.gz,2009-09-23T14:32:00,55097.60555049107,5104.00000000001,5104.00000000001,2,1,3,IGR_J17511-3057,4.353408482428142e-06,count,TOTAL/COUNT,TOTAL/COUNT,False,0,1.0,PCU2,0.2769169278044359,0.016719801682692312,1.0170041069791753,0.0007586500783699045,0.016719801682692312,0.026216370192307693,1,4992.0,105.51742788461539,std1_gof_recipe,31.668104622933374,0.08271171345836863,382.8732751241203,41.02897646407379,9.890356270102606,0.24105783576548392,0.5920758911092984,0,accepted,,True
94041-01-02-09,IGRJ17511-3057,NS,7,0,55098.55148,2714.0,1,48.52000045776367,https://heasarc.gsfc.nasa.gov/FTP/xte/data/archive/AO13/P94041/94041-01-02-09/stdprod/,data\raw\spectra\94041-01-02-09\xp94041010209_s2.pha.gz,data\raw\spectra\94041-01-02-09\xp94041010209_b2.pha.gz,data\raw\spectra\94041-01-02-09\xp94041010209.rsp.gz,2009-09-24T12:30:24,55098.521106046624,2832.0,2832.0,2,1,1,IGR_J17511-3057,4.353408482428142e-06,count,TOTAL/COUNT,TOTAL/COUNT,False,0,1.0,PCU2,0.2770937290918667,0.016108492647058825,1.0163722245051154,0.0007609710451977401,0.016108492647058825,0.025182047794117646,1,2720.0,100.8172794117647,std1_gof_recipe,31.99719254121191,0.11117799871978394,287.8014796961628,41.259551700341376,9.777785699906103,0.23698235431446055,0.5755298829822275,0,accepted,,True
94041-01-03-150,IGRJ17511-3057,NS,8,0,55099.76632,5760.0,1,45.959999084472656,https://heasarc.gsfc.nasa.gov/FTP/xte/data/archive/AO13/P94041/94041-01-03-150/stdprod/,data\raw\spectra\94041-01-03-150\xp940410103150_s2.pha.gz,data\raw\spectra\94041-01-03-150\xp940410103150_b2.pha.gz,data\raw\spectra\94041-01-03-150\xp940410103150.rsp.gz,2009-09-25T14:31:28,55099.62788845403,6095.99999999987,6095.99999999987,2,1,10,IGR_J17511-3057,4.353408482428142e-06,count,TOTAL/COUNT,TOTAL/COUNT,False,0,1.0,PCU2,0.2772699323568304,0.01564608672752809,1.0158947777994938,0.0007345193569553963,0.01564608672752809,0.0244737658005618,1,5696.0,98.08532303370787,std1_gof_recipe,30.475587690497616,0.0745751002634277,408.65634216844785,39.785100688601716,9.786336686182015,0.24597994014844266,0.5855714823304449,0,accepted,,True
94041-01-03-040,IGRJ17511-3057,NS,9,0,55101.07101,9064.0,1,45.16999816894531,https://heasarc.gsfc.nasa.gov/FTP/xte/data/archive/AO13/P94041/94041-01-03-040/stdprod/,data\raw\spectra\94041-01-03-040\xp940410103040_s2.pha.gz,data\raw\spectra\94041-01-03-040\xp940410103040_b2.pha.gz,data\raw\spectra\94041-01-03-040\xp940410103040.rsp.gz,2009-09-26T21:45:36,55100.906661602174,9391.99999999912,9391.99999999912,2,1,6,IGR_J17511-3057,4.353408482428142e-06,count,TOTAL/COUNT,TOTAL/COUNT,False,0,1.0,PCU2,0.27744449435716234,0.008354027039007093,1.0084244047440263,0.0007266130749574787,0.008354027039007093,0.012749086879432624,2,9024.0,48.83399822695036,std1_gof_recipe,29.606255191693304,0.05913170003984404,500.6833081366519,39.06254375197818,9.703620016680025,0.24841239419254718,0.5885930102642601,0,accepted,,True
94041-01-03-06,IGRJ17511-3057,NS,10,0,55102.29757,6368.0,1,40.16999816894531,https://heasarc.gsfc.nasa.gov/FTP/xte/data/archive/AO13/P94041/94041-01-03-06/stdprod/,data\raw\spectra\94041-01-03-06\xp94041010306_s2.pha.gz,data\raw\spectra\94041-01-03-06\xp94041010306_b2.pha.gz,data\raw\spectra\94041-01-03-06\xp94041010306.rsp.gz,2009-09-28T05:17:36,55102.22055049107,6367.99999999981,6367.99999999981,2,1,2,IGR_J17511-3057,4.353408482428142e-06,count,TOTAL/COUNT,TOTAL/COUNT,False,0,1.0,PCU2,0.2777958690844642,0.008331480841708544,1.0084014775913026,0.0006676020728643416,0.008331480841708544,0.012717797189070353,4,6368.0,48.7368483040201,std1_gof_recipe,26.47745841852196,0.06901456027950849,383.6503240952118,35.726910406922215,9.470048425951308,0.2650676567911804,0.5940590854975977,0,accepted,,True
94041-01-03-09,IGRJ17511-3057,NS,11,0,55103.74288,2975.0,1,37.18999862670898,https://heasarc.gsfc.nasa.gov/FTP/xte/data/archive/AO13/P94041/94041-01-03-09/stdprod/,data\raw\spectra\94041-01-03-09\xp94041010309_s2.pha.gz,data\raw\spectra\94041-01-03-09\xp94041010309_b2.pha.gz,data\raw\spectra\94041-01-03-09\xp94041010309.rsp.gz,2009-09-29T15:22:24,55103.640550491065,3136.0,3136.0,2,1,7,IGR_J17511-3057,4.353408482428142e-06,count,TOTAL/COUNT,TOTAL/COUNT,False,0,1.0,PCU2,0.2779698361621641,0.013276878396739132,1.0134555257762343,0.0006399585459183674,0.013276878396739132,0.020579167798913042,1,2944.0,81.13654891304348,std1_gof_recipe,24.678091343334216,0.09690923962925407,254.6515836647285,33.923776179243085,9.573332853737945,0.2822012739134735,0.5740286981617179,0,accepted,,True
94041-01-03-12,IGRJ17511-3057,NS,12,0,55104.89132,2624.0,1,35.40999984741211,https://heasarc.gsfc.nasa.gov/FTP/xte/data/archive/AO13/P94041/94041-01-03-12/stdprod/,data\raw\spectra\94041-01-03-12\xp94041010312_s2.pha.gz,data\raw\spectra\94041-01-03-12\xp94041010312_b2.pha.gz,data\raw\spectra\94041-01-03-12\xp94041010312.rsp.gz,2009-09-30T19:49:36,55104.826106046625,2656.0,2656.0,2,1,4,IGR_J17511-3057,4.353408482428142e-06,count,TOTAL/COUNT,TOTAL/COUNT,False,0,1.0,PCU2,0.2781466508838619,0.013097964939024393,1.0132717984903286,0.0006449849397590362,0.013097964939024393,0.02001126143292683,1,2624.0,76.81440548780488,std1_gof_recipe,23.490436878910472,0.10537582029082007,222.92056008751058,33.45097456867605,10.268214608407916,0.30696309272923883,0.5803005437104589,0,accepted,,True
94041-01-04-01,IGRJ17511-3057,NS,13,0,55109.27413,9584.0,1,28.049999237060547,https://heasarc.gsfc.nasa.gov/FTP/xte/data/archive/AO13/P94041/94041-01-04-01/stdprod/,data\raw\spectra\94041-01-04-01\xp94041010401_s2.pha.gz,data\raw\spectra\94041-01-04-01\xp94041010401_b2.pha.gz,data\raw\spectra\94041-01-04-01\xp94041010401.rsp.gz,2009-10-05T04:13:04,55109.1758051207,9583.99999999908,9583.99999999908,2,1,3,IGR_J17511-3057,4.353408482428142e-06,count,TOTAL/COUNT,TOTAL/COUNT,False,0,1.0,PCU2,0.2790228201192946,0.008336836393989983,1.0084069235401207,0.0005499906093489678,0.008336836393989983,0.012924786101836394,3,9584.0,50.977218976071235,std1_gof_recipe,18.056194967599932,0.05077552168375609,355.6082610053498,27.5471751146643,9.641511690407231,0.3500000145305181,0.5590605861686518,0,accepted,,True
94041-01-04-10,IGRJ17511-3057,NS,14,0,55110.38742,3195.0,1,21.709999084472656,https://heasarc.gsfc.nasa.gov/FTP/xte/data/archive/AO13/P94041/94041-01-04-10/stdprod/,data\raw\spectra\94041-01-04-10\xp94041010410_s2.pha.gz,data\raw\spectra\94041-01-04-10\xp94041010410_b2.pha.gz,data\raw\spectra\94041-01-04-10\xp94041010410.rsp.gz,2009-10-06T08:28:00,55110.35277271329,3184.0,3184.0,2,1,2,IGR_J17511-3057,4.353408482428142e-06,count,TOTAL/COUNT,TOTAL/COUNT,False,0,1.0,PCU2,0.2791980092620392,0.015383391959798995,1.0156237380460384,0.00048776695979899505,0.015383391959798995,0.024232817211055274,1,3184.0,98.3269472361809,std1_gof_recipe,13.8101367566311,0.08333005149394962,165.72816779831007,23.312187957233476,9.714497947348066,0.41671326454511454,0.5274343294817767,0,accepted,,True
70096-03-05-01,XTEJ0929-314,NS,0,0,52407.75851,10339.0,1,31.65999984741211,https://heasarc.gsfc.nasa.gov/FTP/xte/data/archive/AO7/P70096/70096-03-05-01/stdprod/,data\raw\spectra\70096-03-05-01\xp70096030501_s2.pha.gz,data\raw\spectra\70096-03-05-01\xp70096030501_b2.pha.gz,data\raw\spectra\70096-03-05-01\xp70096030501.rsp.gz,2002-05-13T16:05:52,52407.670758824424,10447.9999999989,10447.9999999989,2,1,3,XTE_J0929-314,8.537736462515939e-07,count,TOTAL/COUNT,TOTAL/COUNT,False,0,1.0,PCU2,0.19505770533693578,0.008254303902627512,1.0083230045112463,0.0005682034839204275,0.008254303902627512,0.012817090030911901,5,10352.0,50.697623647604324,std1_gof_recipe,18.927699022966006,0.05090411756390488,371.83041232773024,27.869357608437436,9.097893565384457,0.3264479107559362,0.5467489316264339,0,accepted,,True
70096-03-06-00,XTEJ0929-314,NS,1,0,52408.74679,16880.0,1,33.0099983215332,https://heasarc.gsfc.nasa.gov/FTP/xte/data/archive/AO7/P70096/70096-03-06-00/stdprod/,data\raw\spectra\70096-03-06-00\xp70096030600_s2.pha.gz,data\raw\spectra\70096-03-06-00\xp70096030600_b2.pha.gz,data\raw\spectra\70096-03-06-00\xp70096030600.rsp.gz,2002-05-14T14:19:28,52408.59690465776,16863.9999999974,16863.9999999974,2,1,6,XTE_J0929-314,8.537736462515939e-07,count,TOTAL/COUNT,TOTAL/COUNT,False,0,1.0,PCU2,0.194880092040286,0.010204951375711577,1.0103101661196379,0.0005837998102467694,0.010204951375711577,0.0158929004091556,4,16864.0,63.19943370493359,std1_gof_recipe,19.53163856077139,0.04052755897851262,481.93473905316887,28.48621811054891,9.153898971578158,0.32134483194834207,0.5412169532958251,0,accepted,,True
70096-03-05-00,XTEJ0929-314,NS,2,0,52409.51242,4820.0,1,34.38999938964844,https://heasarc.gsfc.nasa.gov/FTP/xte/data/archive/AO7/P70096/70096-03-05-00/stdprod/,data\raw\spectra\70096-03-05-00\xp70096030500_s2.pha.gz,data\raw\spectra\70096-03-05-00\xp70096030500_b2.pha.gz,data\raw\spectra\70096-03-05-00\xp70096030500.rsp.gz,2002-05-15T11:19:12,52409.471673176275,4928.00000000001,4928.00000000001,2,1,3,XTE_J0929-314,8.537736462515939e-07,count,TOTAL/COUNT,TOTAL/COUNT,False,0,1.0,PCU2,0.19470689543862818,0.008809146875,1.0088874376183221,0.0005917390422077911,0.008809146875,0.013575007812499998,4,4800.0,52.95401041666667,std1_gof_recipe,20.16953505880375,0.07517041448916512,268.31746500095375,28.944846231538534,8.952987569468245,0.30931197553618367,0.5435099147919563,0,accepted,,True
70096-03-07-01,XTEJ0929-314,NS,3,0,52410.6921,13326.0,1,30.84000015258789,https://heasarc.gsfc.nasa.gov/FTP/xte/data/archive/AO7/P70096/70096-03-07-01/stdprod/,data\raw\spectra\70096-03-07-01\xp70096030701_s2.pha.gz,data\raw\spectra\70096-03-07-01\xp70096030701_b2.pha.gz,data\raw\spectra\70096-03-07-01\xp70096030701.rsp.gz,2002-05-16T13:45:04,52410.5729578985,13327.9999999982,13327.9999999982,2,1,4,XTE_J0929-314,8.537736462515939e-07,count,TOTAL/COUNT,TOTAL/COUNT,False,0,1.0,PCU2,0.1945310358166239,0.009663655162064827,1.0097579526515774,0.0005612147358944336,0.009663655162064827,0.015048914015606242,5,13328.0,59.83620948379352,std1_gof_recipe,18.265320837402555,0.04476306254510469,408.04448576318555,27.2249647938578,9.136153718452386,0.33558000120953635,0.5490465528535606,0,accepted,,True
70096-03-09-00,XTEJ0929-314,NS,4,0,52418.30538,1696.0,3,22.309999465942383,https://heasarc.gsfc.nasa.gov/FTP/xte/data/archive/AO7/P70096/70096-03-09-00/stdprod/,data\raw\spectra\70096-03-09-00\xp70096030900_s2.pha.gz,data\raw\spectra\70096-03-09-00\xp70096030900_b2.pha.gz,data\raw\spectra\70096-03-09-00\xp70096030900.rsp.gz,2002-05-24T07:01:52,52418.29305049109,1696.0,1696.0,234,3,1,XTE_J0929-314,8.537736462515939e-07,count,TOTAL/COUNT,TOTAL/COUNT,False,0,1.0,PCU2,0.19312723956998212,0.009936207743710693,1.0100359267972692,0.0004561694182389937,0.009936207743710693,0.015426128144654086,4,1696.0,60.99911556603774,std1_gof_recipe,12.939296608236871,0.0661119235313098,195.71804777558737,21.59276094483806,8.782031875758124,0.4067118558017263,0.5454940201348245,0,accepted,,True
70096-03-09-02,XTEJ0929-314,NS,5,0,52420.26632,4654.0,1,25.440000534057617,https://heasarc.gsfc.nasa.gov/FTP/xte/data/archive/AO7/P70096/70096-03-09-02/stdprod/,data\raw\spectra\70096-03-09-02\xp70096030902_s2.pha.gz,data\raw\spectra\70096-03-09-02\xp70096030902_b2.pha.gz,data\raw\spectra\70096-03-09-02\xp70096030902.rsp.gz,2002-05-26T05:13:36,52420.21781900961,4752.00000000001,4752.00000000001,2,1,2,XTE_J0929-314,8.537736462515939e-07,count,TOTAL/COUNT,TOTAL/COUNT,False,0,1.0,PCU2,0.1927741703708108,0.010855937500000001,1.0109750823075885,0.0005029461279461269,0.010855937500000001,0.016799710129310343,4,4640.0,66.04191810344828,std1_gof_recipe,14.558693767792404,0.07081338248940632,205.59240719747265,23.40242675636931,9.0017812582017,0.38465161548905324,0.5296105315846514,0,accepted,,True
70096-03-10-02,XTEJ0929-314,NS,6,0,52421.9382,1024.0,2,25.61000061035156,https://heasarc.gsfc.nasa.gov/FTP/xte/data/archive/AO7/P70096/70096-03-10-02/stdprod/,data\raw\spectra\70096-03-10-02\xp70096031002_s2.pha.gz,data\raw\spectra\70096-03-10-02\xp70096031002_b2.pha.gz,data\raw\spectra\70096-03-10-02\xp70096031002.rsp.gz,2002-05-27T22:08:16,52421.92240234294,1120.0,1120.0,23,2,1,XTE_J0929-314,8.537736462515939e-07,count,TOTAL/COUNT,TOTAL/COUNT,False,0,1.0,PCU2,0.1926009467966736,0.011479638671875,1.0116129511550491,0.0004962946428571429,0.011479638671875,0.017859208984375,3,1024.0,70.88411458333333,std1_gof_recipe,15.380745049314156,0.10373151002619152,148.2745700455977,23.92592887410471,8.72174922046091,0.36453126924992885,0.5319860198142784,0,accepted,,True
70096-03-10-01,XTEJ0929-314,NS,7,0,52422.0007,1353.0,2,25.63999938964844,https://heasarc.gsfc.nasa.gov/FTP/xte/data/archive/AO7/P70096/70096-03-10-01/stdprod/,data\raw\spectra\70096-03-10-01\xp70096031001_s2.pha.gz,data\raw\spectra\70096-03-10-01\xp70096031001_b2.pha.gz,data\raw\spectra\70096-03-10-01\xp70096031001.rsp.gz,2002-05-27T23:41:04,52421.986927805905,1456.0,1456.0,23,2,1,XTE_J0929-314,8.537736462515939e-07,count,TOTAL/COUNT,TOTAL/COUNT,False,0,1.0,PCU2,0.1926009467966736,0.011090172371031746,1.0112145435925355,0.0004995604395604396,0.011090172371031746,0.017104502728174605,3,1344.0,66.82589285714286,std1_gof_recipe,15.369121895437228,0.09106403393801038,168.77268918154212,23.97510315641727,8.776427471991834,0.3660642214856415,0.5454065030527846,0,accepted,,True
70096-03-12-00,XTEJ0929-314,NS,8,0,52425.10617,1792.0,2,25.959999084472656,https://heasarc.gsfc.nasa.gov/FTP/xte/data/archive/AO7/P70096/70096-03-12-00/stdprod/,data\raw\spectra\70096-03-12-00\xp70096031200_s2.pha.gz,data\raw\spectra\70096-03-12-00\xp70096031200_b2.pha.gz,data\raw\spectra\70096-03-12-00\xp70096031200.rsp.gz,2002-05-31T02:10:08,52425.09036530591,1920.0,1920.0,23,2,1,XTE_J0929-314,8.537736462515939e-07,count,TOTAL/COUNT,TOTAL/COUNT,False,0,1.0,PCU2,0.1918969807862041,0.011082206101190477,1.0112063977102677,0.0005002239583333334,0.011082206101190477,0.017083746279761905,3,1792.0,66.68377976190476,std1_gof_recipe,15.041859729115084,0.07883431980975193,190.80344405095485,23.584182954424268,8.709020214972437,0.3692737726722337,0.5057905511765617,0,accepted,,True
70096-03-12-01,XTEJ0929-314,NS,9,0,52426.41476,1036.0,1,23.959999084472656,https://heasarc.gsfc.nasa.gov/FTP/xte/data/archive/AO7/P70096/70096-03-12-01/stdprod/,data\raw\spectra\70096-03-12-01\xp70096031201_s2.pha.gz,data\raw\spectra\70096-03-12-01\xp70096031201_b2.pha.gz,data\raw\spectra\70096-03-12-01\xp70096031201.rsp.gz,2002-06-01T09:48:48,52426.40888382442,1024.0,1024.0,2,1,2,XTE_J0929-314,8.537736462515939e-07,count,TOTAL/COUNT,TOTAL/COUNT,False,0,1.0,PCU2,0.19172109086979106,0.010922350260416666,1.0110429653963897,0.00048478515625000003,0.010922350260416666,0.016837301432291667,3,1024.0,65.7216796875,std1_gof_recipe,13.594354355149619,0.15004224173407182,90.60351403735787,22.372781623795074,8.926909568476615,0.3990075851356007,0.5134610318197225,0,accepted,,True
70096-03-12-02,XTEJ0929-314,NS,10,0,52428.98898,1521.0,2,23.40999984741211,https://heasarc.gsfc.nasa.gov/FTP/xte/data/archive/AO7/P70096/70096-03-12-02/stdprod/,data\raw\spectra\70096-03-12-02\xp70096031202_s2.pha.gz,data\raw\spectra\70096-03-12-02\xp70096031202_b2.pha.gz,data\raw\spectra\70096-03-12-02\xp70096031202.rsp.gz,2002-06-03T23:29:52,52428.979069009605,1616.00000000001,1616.00000000001,23,2,1,XTE_J0929-314,8.537736462515939e-07,count,TOTAL/COUNT,TOTAL/COUNT,False,0,1.0,PCU2,0.19137019487055795,0.011119153508771932,1.0112441792640894,0.00047560334158415555,0.011119153508771932,0.017088462719298245,3,1520.0,66.32565789473684,std1_gof_recipe,13.730443055161494,0.08414616217049331,163.17372891399924,22.309006288225188,8.731234137137484,0.39137709785602937,0.5436527537615564,0,accepted,,True
70096-03-12-05,XTEJ0929-314,NS,11,0,52431.95773,1511.0,2,18.11000061035156,https://heasarc.gsfc.nasa.gov/FTP/xte/data/archive/AO7/P70096/70096-03-12-05/stdprod/,data\raw\spectra\70096-03-12-05\xp70096031205_s2.pha.gz,data\raw\spectra\70096-03-12-05\xp70096031205_b2.pha.gz,data\raw\spectra\70096-03-12-05\xp70096031205.rsp.gz,2002-06-06T22:43:12,52431.946661602204,1520.0,1520.0,24,2,1,XTE_J0929-314,8.537736462515939e-07,count,TOTAL/COUNT,TOTAL/COUNT,False,0,1.0,PCU2,0.19084383342472933,0.01111586214539007,1.011240813478418,0.00043178618421052637,0.01111586214539007,0.01705394725177305,3,1504.0,65.97872340425532,std1_gof_recipe,9.573832360925275,0.08267984007190902,115.79403579637598,18.931892080269243,9.464481120071087,0.49992262157119194,0.5084173202057105,0,accepted,,True
70096-03-13-00,XTEJ0929-314,NS,12,0,52438.36788,2480.0,3,10.699999809265137,https://heasarc.gsfc.nasa.gov/FTP/xte/data/archive/AO7/P70096/70096-03-13-00/stdprod/,data\raw\spectra\70096-03-13-00\xp70096031300_s2.pha.gz,data\raw\spectra\70096-03-13-00\xp70096031300_b2.pha.gz,data\raw\spectra\70096-03-13-00\xp70096031300.rsp.gz,2002-06-13T08:28:32,52438.35316623183,2479.99999999985,2479.99999999985,234,3,1,XTE_J0929-314,8.537736462515939e-07,count,TOTAL/COUNT,TOTAL/COUNT,False,0,1.0,PCU2,0.18961469449060075,0.012646810483870967,1.012808800962165,0.00035037500000002124,0.012646810483870967,0.019837030241935484,4,2480.0,79.89133064516129,std1_gof_recipe,5.889823735351618,0.0485548143553235,121.30256934461666,14.926344775987074,9.111008525199857,0.6103978342947897,0.5369635545825565,0,accepted,,True
70096-03-14-01,XTEJ0929-314,NS,13,0,52441.21163,1532.0,3,7.840000152587891,https://heasarc.gsfc.nasa.gov/FTP/xte/data/archive/AO7/P70096/70096-03-14-01/stdprod/,data\raw\spectra\70096-03-14-01\xp70096031401_s2.pha.gz,data\raw\spectra\70096-03-14-01\xp70096031401_b2.pha.gz,data\raw\spectra\70096-03-14-01\xp70096031401.rsp.gz,2002-06-16T04:47:44,52441.19980975035,1552.0,1552.0,234,3,1,XTE_J0929-314,8.537736462515939e-07,count,TOTAL/COUNT,TOTAL/COUNT,False,0,1.0,PCU2,0.1890882655575652,0.011695030924479167,1.0118334231744468,0.0003178092783505155,0.011695030924479167,0.018403268229166662,4,1536.0,74.53597005208333,std1_gof_recipe,4.152967390483167,0.05859750939718481,70.87276290761066,13.064971238240478,8.960572929817364,0.6858471225401738,0.5186417831234467,0,accepted,,True
70096-03-14-00,XTEJ0929-314,NS,14,0,52442.2507,2965.0,2,6.860000133514404,https://heasarc.gsfc.nasa.gov/FTP/xte/data/archive/AO7/P70096/70096-03-14-00/stdprod/,data\raw\spectra\70096-03-14-00\xp70096031400_s2.pha.gz,data\raw\spectra\70096-03-14-00\xp70096031400_b2.pha.gz,data\raw\spectra\70096-03-14-00\xp70096031400.rsp.gz,2002-06-17T05:37:20,52442.234254194795,2991.99999999995,2991.99999999995,24,2,1,XTE_J0929-314,8.537736462515939e-07,count,TOTAL/COUNT,TOTAL/COUNT,False,0,1.0,PCU2,0.18891455571360183,0.01324254088261649,1.0134202592139119,0.0003232169117647113,0.01324254088261649,0.020500857414874552,3,2976.0,80.64796146953405,std1_gof_recipe,3.32666011450808,0.05220683494844817,63.7207775149174,12.88118760140161,9.598580919462474,0.7451627300589929,0.5095504041806048,1,accepted,,True
70134-03-02-00,XTEJ1751-305,NS,0,0,52370.17257,1330.0,2,118.55999755859376,https://heasarc.gsfc.nasa.gov/FTP/xte/data/archive/AO7/P70134/70134-03-02-00/stdprod/,data\raw\spectra\70134-03-02-00\xp70134030200_s2.pha.gz,data\raw\spectra\70134-03-02-00\xp70134030200_b2.pha.gz,data\raw\spectra\70134-03-02-00\xp70134030200.rsp.gz,2002-04-06T03:54:24,52370.16277271331,1344.0,1344.0,23,2,1,XTE_J1751-305,4.353408482428142e-06,count,TOTAL/COUNT,TOTAL/COUNT,False,0,1.0,PCU2,0.2015527619219526,0.011633751240079366,1.0117706885020366,0.001477652529761905,0.011633751240079366,0.017002077132936506,3,1344.0,59.648065476190474,std1_gof_recipe,82.57038934123158,0.1681449946460583,491.06659115866347,91.62173581205214,10.011949840212981,0.10927483256539641,0.5614698935618552,0,accepted,,True
70131-01-03-01,XTEJ1751-305,NS,1,0,52371.53585,1456.0,3,101.55999755859376,https://heasarc.gsfc.nasa.gov/FTP/xte/data/archive/AO7/P70131/70131-01-03-01/stdprod/,data\raw\spectra\70131-01-03-01\xp70131010301_s2.pha.gz,data\raw\spectra\70131-01-03-01\xp70131010301_b2.pha.gz,data\raw\spectra\70131-01-03-01\xp70131010301.rsp.gz,2002-04-07T12:37:04,52371.525735676274,1456.0,1456.0,234,3,1,XTE_J1751-305,4.353408482428142e-06,count,TOTAL/COUNT,TOTAL/COUNT,False,0,1.0,PCU2,0.2013756994495921,0.015170152815934068,1.0154038312905627,0.0012600412087912089,0.015170152815934068,0.023093073489010987,4,1456.0,88.03245192307692,std1_gof_recipe,66.73601117976709,0.12059961608469034,553.3683551107006,75.07677145213938,9.35315576029521,0.12458121972197143,0.5459815033983129,0,accepted,,True
70131-01-05-01,XTEJ1751-305,NS,2,0,52373.21945,1232.0,1,85.29000091552734,https://heasarc.gsfc.nasa.gov/FTP/xte/data/archive/AO7/P70131/70131-01-05-01/stdprod/,data\raw\spectra\70131-01-05-01\xp70131010501_s2.pha.gz,data\raw\spectra\70131-01-05-01\xp70131010501_b2.pha.gz,data\raw\spectra\70131-01-05-01\xp70131010501.rsp.gz,2002-04-09T04:47:28,52373.1998328985,1232.0,1232.0,2,1,1,XTE_J1751-305,4.353408482428142e-06,count,TOTAL/COUNT,TOTAL/COUNT,False,0,1.0,PCU2,0.20102679593328077,0.011420127164502166,1.011552053079683,0.00113862012987013,0.011420127164502166,0.016990313852813854,3,1232.0,61.8909632034632,std1_gof_recipe,54.84317554128902,0.21176508747254888,258.9811956061848,64.18602123695919,9.969161734456787,0.15531671137011382,0.5300436199174999,0,accepted,,True
70131-01-07-00,XTEJ1751-305,NS,3,0,52375.47335,6624.0,2,62.5,https://heasarc.gsfc.nasa.gov/FTP/xte/data/archive/AO7/P70131/70131-01-07-00/stdprod/,data\raw\spectra\70131-01-07-00\xp70131010700_s2.pha.gz,data\raw\spectra\70131-01-07-00\xp70131010700_b2.pha.gz,data\raw\spectra\70131-01-07-00\xp70131010700.rsp.gz,2002-04-11T10:03:28,52375.41910373183,6607.99999999912,6607.99999999912,23,2,3,XTE_J1751-305,4.353408482428142e-06,count,TOTAL/COUNT,TOTAL/COUNT,False,0,1.0,PCU2,0.20067614032197412,0.011797689164648911,1.0119385363050568,0.0008750877723972111,0.011797689164648911,0.018143213529055686,4,6608.0,70.50582627118644,std1_gof_recipe,41.20739032121271,0.05740154640652957,717.8794457796222,49.63455111307211,8.913312774155429,0.17957879288260462,0.5316247546596923,0,accepted,,True
70131-01-07-01,XTEJ1751-305,NS,4,0,52375.67648,12902.0,1,61.790000915527344,https://heasarc.gsfc.nasa.gov/FTP/xte/data/archive/AO7/P70131/70131-01-07-01/stdprod/,data\raw\spectra\70131-01-07-01\xp70131010701_s2.pha.gz,data\raw\spectra\70131-01-07-01\xp70131010701_b2.pha.gz,data\raw\spectra\70131-01-07-01\xp70131010701.rsp.gz,2002-04-11T13:13:52,52375.551360676276,13023.9999999983,13023.9999999983,2,1,5,XTE_J1751-305,4.353408482428142e-06,count,TOTAL/COUNT,TOTAL/COUNT,False,0,1.0,PCU2,0.20067614032197412,0.011695897642679903,1.0118343105272787,0.0008846598587224744,0.011695897642679903,0.017914755272952852,5,12896.0,69.09841811414393,std1_gof_recipe,39.035861960650614,0.057291719844127696,681.3525945259562,48.07197182758994,9.492669312824882,0.19746785812885576,0.5158681094494464,0,accepted,,True
70131-02-01-00,XTEJ1751-305,NS,5,0,52378.84835,5400.0,1,7.760000228881836,https://heasarc.gsfc.nasa.gov/FTP/xte/data/archive/AO7/P70131/70131-02-01-00/stdprod/,data\raw\spectra\70131-02-01-00\xp70131020100_s2.pha.gz,data\raw\spectra\70131-02-01-00\xp70131020100_b2.pha.gz,data\raw\spectra\70131-02-01-00\xp70131020100.rsp.gz,2002-04-14T19:00:32,52378.792031972574,5408.00000000002,5408.00000000002,2,1,2,XTE_J1751-305,4.353408482428142e-06,count,TOTAL/COUNT,TOTAL/COUNT,False,0,1.0,PCU2,0.20014967596961952,0.009044311205621302,1.0091268573437677,0.00032530510355029466,0.009044311205621302,0.014033186945266271,4,5408.0,55.43195266272189,std1_gof_recipe,4.533116381500394,0.05458892265336286,83.04095705067259,13.55284801034854,9.060730544133733,0.6685480820868969,0.3590797583725802,0,accepted,,True
70131-02-03-00,XTEJ1751-305,NS,6,0,52379.73898,15525.0,1,6.789999961853027,https://heasarc.gsfc.nasa.gov/FTP/xte/data/archive/AO7/P70131/70131-02-03-00/stdprod/,data\raw\spectra\70131-02-03-00\xp70131020300_s2.pha.gz,data\raw\spectra\70131-02-03-00\xp70131020300_b2.pha.gz,data\raw\spectra\70131-02-03-00\xp70131020300.rsp.gz,2002-04-15T13:52:32,52379.5782241022,15519.9999999977,15519.9999999977,2,1,6,XTE_J1751-305,4.353408482428142e-06,count,TOTAL/COUNT,TOTAL/COUNT,False,0,1.0,PCU2,0.1999721289854719,0.009020448711340208,1.0091025578677282,0.0003214233247423157,0.009020448711340208,0.014071300902061854,5,15520.0,56.120579896907216,std1_gof_recipe,3.8360150598217295,0.031968637863467736,119.99307184136701,13.054292904397093,9.252880421678414,0.7087998169982654,0.33910260851842494,0,accepted,,True
70131-02-06-00,XTEJ1751-305,NS,7,0,52382.61007,13799.0,1,6.559999942779541,https://heasarc.gsfc.nasa.gov/FTP/xte/data/archive/AO7/P70131/70131-02-06-00/stdprod/,data\raw\spectra\70131-02-06-00\xp70131020600_s2.pha.gz,data\raw\spectra\70131-02-06-00\xp70131020600_b2.pha.gz,data\raw\spectra\70131-02-06-00\xp70131020600.rsp.gz,2002-04-18T11:32:16,52382.48081669479,13791.9999999981,13791.9999999981,2,1,6,XTE_J1751-305,4.353408482428142e-06,count,TOTAL/COUNT,TOTAL/COUNT,False,0,1.0,PCU2,0.19944610135974727,0.010032232324332173,1.0101338979428458,0.00031825913573090236,0.010032232324332173,0.01572237550813008,4,13776.0,63.223813153310104,std1_gof_recipe,3.7485514119433816,0.03383758950871692,110.78068699242644,12.933911580621926,9.22296650732286,0.7130840851843349,0.34838201682588443,1,accepted,,True
70131-02-08-00,XTEJ1751-305,NS,8,0,52384.76632,9310.0,2,5.940000057220459,https://heasarc.gsfc.nasa.gov/FTP/xte/data/archive/AO7/P70131/70131-02-08-00/stdprod/,data\raw\spectra\70131-02-08-00\xp70131020800_s2.pha.gz,data\raw\spectra\70131-02-08-00\xp70131020800_b2.pha.gz,data\raw\spectra\70131-02-08-00\xp70131020800.rsp.gz,2002-04-20T16:02:24,52384.669775028124,9295.99999999851,9295.99999999851,23,2,3,XTE_J1751-305,4.353408482428142e-06,count,TOTAL/COUNT,TOTAL/COUNT,False,0,1.0,PCU2,0.1990931954767916,0.010143268430866324,1.0102472086185514,0.0002987123493976383,0.010143268430866324,0.01587734437751004,3,9296.0,63.71195496270798,std1_gof_recipe,3.7024585442569036,0.028520173843591838,129.81893324219004,12.412506683120228,8.747603169731878,0.7047410642386801,0.3305894121830245,0,accepted,,True
70131-02-11-00,XTEJ1751-305,NS,9,0,52387.86398,10068.0,1,5.900000095367432,https://heasarc.gsfc.nasa.gov/FTP/xte/data/archive/AO7/P70131/70131-02-11-00/stdprod/,data\raw\spectra\70131-02-11-00\xp70131021100_s2.pha.gz,data\raw\spectra\70131-02-11-00\xp70131021100_b2.pha.gz,data\raw\spectra\70131-02-11-00\xp70131021100.rsp.gz,2002-04-23T18:18:24,52387.762784287384,10063.999999999,10063.999999999,2,1,4,XTE_J1751-305,4.353408482428142e-06,count,TOTAL/COUNT,TOTAL/COUNT,False,0,1.0,PCU2,0.19856667290795826,0.007404582919316375,1.0074598197733915,0.00031887917329096973,0.007404582919316375,0.011448439238871223,4,10064.0,44.93173688394277,std1_gof_recipe,3.618929448797615,0.03979284532524095,90.94422424983257,13.017830137068486,9.42569735145365,0.7240605578815951,0.31001295736540346,2,accepted,,True
70131-02-14-00,XTEJ1751-305,NS,10,0,52390.78195,9336.0,2,6.070000171661377,https://heasarc.gsfc.nasa.gov/FTP/xte/data/archive/AO7/P70131/70131-02-14-00/stdprod/,data\raw\spectra\70131-02-14-00\xp70131021400_s2.pha.gz,data\raw\spectra\70131-02-14-00\xp70131021400_b2.pha.gz,data\raw\spectra\70131-02-14-00\xp70131021400.rsp.gz,2002-04-26T16:25:20,52390.68425419479,9455.99999999848,9455.99999999848,23,2,4,XTE_J1751-305,4.353408482428142e-06,count,TOTAL/COUNT,TOTAL/COUNT,False,0,1.0,PCU2,0.1980401317275451,0.00987613334760274,1.0099746442644533,0.0003055351099831287,0.00987613334760274,0.015395712756849315,3,9344.0,61.328660102739725,std1_gof_recipe,3.739258670494709,0.02851688804877847,131.12435915513163,12.602030648026275,8.899701394782552,0.7062116926510109,0.33883891446620723,1,accepted,,True
70131-02-16-00,XTEJ1751-305,NS,11,0,52392.74679,9608.0,1,7.730000019073486,https://heasarc.gsfc.nasa.gov/FTP/xte/data/archive/AO7/P70131/70131-02-16-00/stdprod/,data\raw\spectra\70131-02-16-00\xp70131021600_s2.pha.gz,data\raw\spectra\70131-02-16-00\xp70131021600_b2.pha.gz,data\raw\spectra\70131-02-16-00\xp70131021600.rsp.gz,2002-04-28T15:34:08,52392.64869863924,9647.99999999906,9647.99999999906,2,1,3,XTE_J1751-305,4.353408482428142e-06,count,TOTAL/COUNT,TOTAL/COUNT,False,0,1.0,PCU2,0.1976893993403479,0.009961242708333333,1.0100614674273793,0.00033108623548925285,0.009961242708333333,0.015515602083333333,3,9600.0,61.71510416666666,std1_gof_recipe,4.509443562294992,0.04124788340019941,109.32545358856382,13.696297021769041,9.231773121277598,0.674034237619447,0.3996519047527739,0,accepted,,True
91050-01-02-00,XTEJ1751-305,NS,12,0,53458.25851,3440.0,1,17.709999084472656,https://heasarc.gsfc.nasa.gov/FTP/xte/data/archive/AO10/P91050/91050-01-02-00/stdprod/,data\raw\spectra\91050-01-02-00\xp91050010200_s2.pha.gz,data\raw\spectra\91050-01-02-00\xp91050010200_b2.pha.gz,data\raw\spectra\91050-01-02-00\xp91050010200.rsp.gz,2005-03-29T05:27:12,53458.2292541948,3424.0,3424.0,2,1,2,XTE_J1751-305,0.022370304619316342,count,TOTAL/COUNT,TOTAL/COUNT,False,0,1.0,PCU2,0.010534341140399306,0.010775141160436139,1.010892509487758,0.000418846378504673,0.010775141160436139,0.016880272585669782,3,3424.0,67.83479361370716,std1_gof_recipe,10.700734511623844,0.09072539349594096,117.94641058352195,19.352502400598603,8.767069813857857,0.4530199574390275,0.43812820041751893,0,accepted,,True
92054-01-01-00,XTEJ1751-305,NS,13,0,54195.16476,1008.0,1,17.40999984741211,https://heasarc.gsfc.nasa.gov/FTP/xte/data/archive/AO11/P92054/92054-01-01-00/stdprod/,data\raw\spectra\92054-01-01-00\xp92054010100_s2.pha.gz,data\raw\spectra\92054-01-01-00\xp92054010100_b2.pha.gz,data\raw\spectra\92054-01-01-00\xp92054010100.rsp.gz,2007-04-05T03:47:44,54195.15833984293,1008.0,1008.0,2,1,1,XTE_J1751-305,0.09000802061169347,count,TOTAL/COUNT,TOTAL/COUNT,False,0,1.0,PCU2,0.1187233426014842,0.011023551587301589,1.011146424775832,0.00042031746031746033,0.011023551587301589,0.016680248015873016,2,1008.0,62.85218253968254,std1_gof_recipe,10.200152875778603,0.15189696662523017,67.15178783619206,19.037265670791946,8.949554706437851,0.47010714990277025,0.48493166664843984,0,accepted,,True
94042-01-02-00,XTEJ1751-305,NS,14,0,55113.19601,3001.0,2,21.280000686645508,https://heasarc.gsfc.nasa.gov/FTP/xte/data/archive/AO13/P94042/94042-01-02-00/stdprod/,data\raw\spectra\94042-01-02-00\xp94042010200_s2.pha.gz,data\raw\spectra\94042-01-02-00\xp94042010200_b2.pha.gz,data\raw\spectra\94042-01-02-00\xp94042010200.rsp.gz,2009-10-09T04:00:00,55113.166661602176,3087.99999999993,3087.99999999993,24,2,1,XTE_J1751-305,0.006775295052498982,count,TOTAL/COUNT,TOTAL/COUNT,False,0,1.0,PCU2,0.2797256593772559,0.01561059175531915,1.0158581468111845,0.00047899449481866375,0.01561059175531915,0.02469130152925532,2,3008.0,100.89677526595744,std1_gof_recipe,12.230468239554975,0.05880334489028812,207.98932887872067,21.984368952395094,9.94482555950421,0.4523589274287888,0.47841107299262203,0,accepted,,True
70134-09-02-00,XTEJ1807-294,NS,0,0,52697.51242,3472.0,3,72.8499984741211,https://heasarc.gsfc.nasa.gov/FTP/xte/data/archive/AO7/P70134/70134-09-02-00/stdprod/,data\raw\spectra\70134-09-02-00\xp70134090200_s2.pha.gz,data\raw\spectra\70134-09-02-00\xp70134090200_b2.pha.gz,data\raw\spectra\70134-09-02-00\xp70134090200.rsp.gz,2003-02-27T11:44:32,52697.48927734294,3471.99999999962,3471.99999999962,234,3,1,XTE_J1807-294,0.0,count,TOTAL/COUNT,TOTAL/COUNT,False,0,1.0,PCU2,0.14414662092070074,0.013791077188940093,1.013983930656022,0.0009657690092166957,0.013791077188940093,0.021248245967741938,4,3472.0,82.85743087557604,std1_gof_recipe,45.40956808163384,0.07007009472595035,648.0591793008733,53.82679391188743,9.043472688783828,0.16801061388846,0.5156054464186158,0,accepted,,True
80145-01-02-01,XTEJ1807-294,NS,1,0,52704.89913,8211.0,1,50.54999923706055,https://heasarc.gsfc.nasa.gov/FTP/xte/data/archive/AO8/P80145/80145-01-02-01/stdprod/,data\raw\spectra\80145-01-02-01\xp80145010201_s2.pha.gz,data\raw\spectra\80145-01-02-01\xp80145010201_b2.pha.gz,data\raw\spectra\80145-01-02-01\xp80145010201.rsp.gz,2003-03-06T19:21:04,52704.80629123183,8335.99999999937,8335.99999999937,2,1,3,XTE_J1807-294,0.0,count,TOTAL/COUNT,TOTAL/COUNT,False,0,1.0,PCU2,0.14292043692096712,0.008680901315789474,1.0087569192677834,0.0007556238003839342,0.008680901315789474,0.013189217105263159,5,8208.0,50.09239766081872,std1_gof_recipe,31.089149359154046,0.06844012280953939,454.2532666937405,39.760038498405834,8.940770976830436,0.22486826759961295,0.5252896178441389,0,accepted,,True
80145-01-01-05,XTEJ1807-294,NS,2,0,52710.11788,6496.0,1,41.369998931884766,https://heasarc.gsfc.nasa.gov/FTP/xte/data/archive/AO8/P80145/80145-01-01-05/stdprod/,data\raw\spectra\80145-01-01-05\xp80145010105_s2.pha.gz,data\raw\spectra\80145-01-01-05\xp80145010105_b2.pha.gz,data\raw\spectra\80145-01-01-05\xp80145010105.rsp.gz,2003-03-12T01:25:04,52710.05906900961,6463.99999999979,6463.99999999979,2,1,4,XTE_J1807-294,0.0,count,TOTAL/COUNT,TOTAL/COUNT,False,0,1.0,PCU2,0.14186580902525492,0.011447391321163368,1.0115799515581294,0.0006666475866336851,0.011447391321163368,0.01767085512066832,4,6464.0,69.14959777227723,std1_gof_recipe,25.305842481100335,0.07335410280013321,344.9819644042375,34.107593187744236,9.091436588236773,0.2665516894784463,0.5187670169725801,0,accepted,,True
80145-01-04-10,XTEJ1807-294,NS,3,0,52714.16867,1296.0,2,40.650001525878906,https://heasarc.gsfc.nasa.gov/FTP/xte/data/archive/AO8/P80145/80145-01-04-10/stdprod/,data\raw\spectra\80145-01-04-10\xp80145010410_s2.pha.gz,data\raw\spectra\80145-01-04-10\xp80145010410_b2.pha.gz,data\raw\spectra\80145-01-04-10\xp80145010410.rsp.gz,2003-03-16T03:50:24,52714.15999493554,1328.0,1328.0,23,2,1,XTE_J1807-294,0.0,count,TOTAL/COUNT,TOTAL/COUNT,False,0,1.0,PCU2,0.1411633062838078,0.015616314300411525,1.015864052327638,0.0006641942771084339,0.015616314300411525,0.024265272633744853,3,1296.0,96.09953703703702,std1_gof_recipe,25.696089741167945,0.11560954612123184,222.26615883624532,34.49840709309394,9.203595565615661,0.2667832036644406,0.5422913500501131,0,accepted,,True
80145-01-05-11,XTEJ1807-294,NS,4,0,52720.82101,1185.0,1,25.6299991607666,https://heasarc.gsfc.nasa.gov/FTP/xte/data/archive/AO8/P80145/80145-01-05-11/stdprod/,data\raw\spectra\80145-01-05-11\xp80145010511_s2.pha.gz,data\raw\spectra\80145-01-05-11\xp80145010511_b2.pha.gz,data\raw\spectra\80145-01-05-11\xp80145010511.rsp.gz,2003-03-22T19:17:20,52720.80501808368,1184.0,1184.0,2,1,1,XTE_J1807-294,0.0,count,TOTAL/COUNT,TOTAL/COUNT,False,0,1.0,PCU2,0.1401088784664637,0.010729481981981984,1.010845852359452,0.0004945692567567568,0.010729481981981984,0.01654203265765766,3,1184.0,64.5838963963964,std1_gof_recipe,15.281734747485459,0.14810212183172952,103.18376643413819,23.79897535538598,8.681205705527091,0.3647722465312959,0.540040143362439,0,accepted,,True
80145-01-05-04,XTEJ1807-294,NS,5,0,52723.77023,3190.0,1,29.739999771118164,https://heasarc.gsfc.nasa.gov/FTP/xte/data/archive/AO8/P80145/80145-01-05-04/stdprod/,data\raw\spectra\80145-01-05-04\xp80145010504_s2.pha.gz,data\raw\spectra\80145-01-05-04\xp80145010504_b2.pha.gz,data\raw\spectra\80145-01-05-04\xp80145010504.rsp.gz,2003-03-25T17:46:56,52723.7409903059,3232.00000000001,3232.00000000001,2,1,1,XTE_J1807-294,0.0,count,TOTAL/COUNT,TOTAL/COUNT,False,0,1.0,PCU2,0.13958240956996093,0.012525269531250001,1.0126841418263983,0.0005481528465346518,0.012525269531250001,0.01942258125,4,3200.0,76.636796875,std1_gof_recipe,17.841537764856206,0.09437794380405355,189.0435100164781,26.67861574169416,9.060548046194757,0.3396183720294998,0.5127287712078835,0,accepted,,True
80145-01-06-02,XTEJ1807-294,NS,6,0,52728.65695,5942.0,1,30.6200008392334,https://heasarc.gsfc.nasa.gov/FTP/xte/data/archive/AO8/P80145/80145-01-06-02/stdprod/,data\raw\spectra\80145-01-06-02\xp80145010602_s2.pha.gz,data\raw\spectra\80145-01-06-02\xp80145010602_b2.pha.gz,data\raw\spectra\80145-01-06-02\xp80145010602.rsp.gz,2003-03-30T14:35:28,52728.60795789849,5951.99999999991,5951.99999999991,2,1,2,XTE_J1807-294,0.0,count,TOTAL/COUNT,TOTAL/COUNT,False,0,1.0,PCU2,0.1387058769494658,0.011397001008064515,1.011528390081444,0.000559069220430116,0.011397001008064515,0.017636331905241935,4,5952.0,69.32589885752688,std1_gof_recipe,18.017459809878293,0.06984328801666506,257.96981100859983,26.93824712967452,9.12613232741217,0.338779738840507,0.5060193270455522,0,accepted,,True
80145-01-07-03,XTEJ1807-294,NS,7,0,52735.61398,2035.0,1,17.299999237060547,https://heasarc.gsfc.nasa.gov/FTP/xte/data/archive/AO8/P80145/80145-01-07-03/stdprod/,data\raw\spectra\80145-01-07-03\xp80145010703_s2.pha.gz,data\raw\spectra\80145-01-07-03\xp80145010703_b2.pha.gz,data\raw\spectra\80145-01-07-03\xp80145010703.rsp.gz,2003-04-06T14:15:44,52735.59428891702,2032.00000000001,2032.00000000001,2,1,2,XTE_J1807-294,0.0,count,TOTAL/COUNT,TOTAL/COUNT,False,0,1.0,PCU2,0.1374769990550746,0.013590474901574806,1.0137777206685212,0.0004309940944881869,0.013590474901574806,0.02137326033464567,4,2032.0,86.47539370078741,std1_gof_recipe,10.125307318002344,0.10637770920850789,95.18260351100454,19.322386868590403,9.334687285564108,0.48310218344391775,0.49892184628048974,0,accepted,,True
80145-01-08-01,XTEJ1807-294,NS,8,0,52743.73117,6848.0,2,14.880000114440918,https://heasarc.gsfc.nasa.gov/FTP/xte/data/archive/AO8/P80145/80145-01-08-01/stdprod/,data\raw\spectra\80145-01-08-01\xp80145010801_s2.pha.gz,data\raw\spectra\80145-01-08-01\xp80145010801_b2.pha.gz,data\raw\spectra\80145-01-08-01\xp80145010801.rsp.gz,2003-04-14T16:00:32,52743.66883752813,6911.99999999905,6911.99999999905,23,2,2,XTE_J1807-294,0.0,count,TOTAL/COUNT,TOTAL/COUNT,False,0,1.0,PCU2,0.13607184738166467,0.008484992114485983,1.0085576033110994,0.0003781626157407928,0.008484992114485983,0.013248052862149532,5,6848.0,52.92289719626168,std1_gof_recipe,9.033559167818625,0.03851631745181158,234.53849603147196,17.355183066159597,8.39827357664565,0.4839057902547405,0.5124894685725383,0,accepted,,True
80145-01-09-01,XTEJ1807-294,NS,9,0,52749.92257,6802.0,1,14.460000038146973,https://heasarc.gsfc.nasa.gov/FTP/xte/data/archive/AO8/P80145/80145-01-09-01/stdprod/,data\raw\spectra\80145-01-09-01\xp80145010901_s2.pha.gz,data\raw\spectra\80145-01-09-01\xp80145010901_b2.pha.gz,data\raw\spectra\80145-01-09-01\xp80145010901.rsp.gz,2003-04-20T20:32:16,52749.855747250345,6815.99999999971,6815.99999999971,2,1,2,XTE_J1807-294,0.0,count,TOTAL/COUNT,TOTAL/COUNT,False,0,1.0,PCU2,0.13501891673956123,0.009882956279342724,1.0099816040356246,0.0003891872065727866,0.009882956279342724,0.015380156983568077,3,6816.0,61.08000782472613,std1_gof_recipe,8.34564652251276,0.055228971216473376,151.10993992268084,17.150842235617397,8.887675372809479,0.5182063510765855,0.5031578130973635,0,accepted,,True
80145-01-12-02,XTEJ1807-294,NS,10,0,52773.59835,6464.0,1,13.3100004196167,https://heasarc.gsfc.nasa.gov/FTP/xte/data/archive/AO8/P80145/80145-01-12-02/stdprod/,data\raw\spectra\80145-01-12-02\xp80145011202_s2.pha.gz,data\raw\spectra\80145-01-12-02\xp80145011202_b2.pha.gz,data\raw\spectra\80145-01-12-02\xp80145011202.rsp.gz,2003-05-14T12:45:20,52773.53153428739,6447.9999999998,6447.9999999998,2,1,3,XTE_J1807-294,0.0,count,TOTAL/COUNT,TOTAL/COUNT,False,0,1.0,PCU2,0.13080640135437704,0.009458365694789082,1.009548680607881,0.00037799162531018546,0.009458365694789082,0.014720758374689825,5,6448.0,58.47102977667494,std1_gof_recipe,7.7759774163665485,0.056386805085732336,137.90420302309553,16.619599186596062,8.917169808267927,0.5365454189448653,0.4833306831563348,0,accepted,,True
80145-01-15-00,XTEJ1807-294,NS,11,0,52790.32882,2519.0,1,10.449999809265137,https://heasarc.gsfc.nasa.gov/FTP/xte/data/archive/AO8/P80145/80145-01-15-00/stdprod/,data\raw\spectra\80145-01-15-00\xp80145011500_s2.pha.gz,data\raw\spectra\80145-01-15-00\xp80145011500_b2.pha.gz,data\raw\spectra\80145-01-15-00\xp80145011500.rsp.gz,2003-05-31T07:22:40,52790.30746021331,2528.00000000001,2528.00000000001,2,1,2,XTE_J1807-294,0.0,count,TOTAL/COUNT,TOTAL/COUNT,False,0,1.0,PCU2,0.12782024126718738,0.011639841759554142,1.0117769232829825,0.0003494264240506316,0.011639841759554142,0.018400706608280255,4,2512.0,75.12072054140127,std1_gof_recipe,5.920505221047152,0.08702947285640131,68.0287381588073,14.781384992901717,8.92979351576417,0.604124276585206,0.4972669969007806,0,accepted,,True
80145-01-17-01,XTEJ1807-294,NS,12,0,52806.68429,1368.0,3,7.28000020980835,https://heasarc.gsfc.nasa.gov/FTP/xte/data/archive/AO8/P80145/80145-01-17-01/stdprod/,data\raw\spectra\80145-01-17-01\xp80145011701_s2.pha.gz,data\raw\spectra\80145-01-17-01\xp80145011701_b2.pha.gz,data\raw\spectra\80145-01-17-01\xp80145011701.rsp.gz,2003-06-16T16:13:04,52806.675735676276,1376.0,1376.0,234,3,1,XTE_J1807-294,0.0,count,TOTAL/COUNT,TOTAL/COUNT,False,0,1.0,PCU2,0.1250122698083942,0.009661417756782947,1.0097556713734195,0.00030275678294573646,0.009661417756782947,0.01524012596899225,4,1376.0,61.98564680232558,std1_gof_recipe,4.183542015340454,0.06460849615653562,64.75219613848354,12.754058441054623,8.610935372827427,0.6751525730123121,0.4784994148656871,0,accepted,,True
80419-01-01-00,XTEJ1807-294,NS,13,0,52814.53195,1024.0,1,8.050000190734863,https://heasarc.gsfc.nasa.gov/FTP/xte/data/archive/AO8/P80419/80419-01-01-00/stdprod/,data\raw\spectra\80419-01-01-00\xp80419010100_s2.pha.gz,data\raw\spectra\80419-01-01-00\xp80419010100_b2.pha.gz,data\raw\spectra\80419-01-01-00\xp80419010100.rsp.gz,2003-06-24T12:28:00,52814.519439379976,1120.0,1120.0,2,1,1,XTE_J1807-294,0.0,count,TOTAL/COUNT,TOTAL/COUNT,False,0,1.0,PCU2,0.12360585431640914,0.0123170751953125,1.0124706774674153,0.00032691964285714285,0.0123170751953125,0.0183621044921875,2,1024.0,67.1669921875,std1_gof_recipe,4.500081833824308,0.12728490602844675,35.3544027664882,13.407595179689213,8.962941192197178,0.6684973011248792,0.5945331469124698,0,accepted,,True
80419-01-04-01,XTEJ1807-294,NS,14,0,52833.91867,1354.0,1,7.28000020980835,https://heasarc.gsfc.nasa.gov/FTP/xte/data/archive/AO8/P80419/80419-01-04-01/stdprod/,data\raw\spectra\80419-01-04-01\xp80419010401_s2.pha.gz,data\raw\spectra\80419-01-04-01\xp80419010401_b2.pha.gz,data\raw\spectra\80419-01-04-01\xp80419010401.rsp.gz,2003-07-13T21:56:32,52833.914254194795,1360.0,1360.0,2,1,1,XTE_J1807-294,0.0,count,TOTAL/COUNT,TOTAL/COUNT,False,0,1.0,PCU2,0.12027206333878837,0.010272252450980393,1.0103788667908107,0.00033888235294117654,0.010272252450980393,0.015774980392156863,3,1360.0,61.14142156862746,std1_gof_recipe,4.015944639353568,0.11760281676150217,34.14837118653272,13.567083231390782,9.592391389201818,0.7070341668581691,0.5667476787879785,0,accepted,,True
10101-01-01-002,4U1626-67,NS,0,0,50124.43429,24658.0,5,33.560001373291016,https://heasarc.gsfc.nasa.gov/FTP/xte/data/archive/AO1/P10101/10101-01-01-002/stdprod/,data\raw\spectra\10101-01-01-002\xp101010101002_s2.pha.gz,data\raw\spectra\10101-01-01-002\xp101010101002_b2.pha.gz,data\raw\spectra\10101-01-01-002\xp101010101002.rsp.gz,11/02/96,50124.27036530592,24847.9999999947,24847.9999999947,01234,5,15,4U_1626-67,2.091309789151873e-06,count,TOTAL/COUNT,TOTAL/COUNT,False,0,1.0,PCU0,16.171658805329983,0.012502563887075718,1.0126608570613505,0.0005925215711527343,0.012502563887075718,0.01940202659921671,5,24512.0,76.66069680156657,std1_gof_recipe,27.891350035899645,0.016941350010902724,1646.34754715238,37.62549743733497,10.082860787155955,0.26797946801763606,0.9664458206813984,0,accepted,,True
10101-01-03-000,4U1626-67,NS,1,0,50127.83663,15872.0,5,35.22999954223633,https://heasarc.gsfc.nasa.gov/FTP/xte/data/archive/AO1/P10101/10101-01-03-000/stdprod/,data\raw\spectra\10101-01-03-000\xp101010103000_s2.pha.gz,data\raw\spectra\10101-01-03-000\xp101010103000_b2.pha.gz,data\raw\spectra\10101-01-03-000\xp101010103000.rsp.gz,14/02/96,50127.68148799111,16319.9999999965,16319.9999999965,01234,5,8,4U_1626-67,2.091309789151873e-06,count,TOTAL/COUNT,TOTAL/COUNT,False,0,1.0,PCU0,16.173673005586565,0.015290492669362993,1.0155279222507079,0.0006269919117648404,0.015290492669362993,0.0270272650404449,5,15824.0,130.40858190091,std1_gof_recipe,29.126809995456135,0.021457021342869344,1357.448898895542,39.34308919735935,10.661642476620662,0.27099149289314717,0.9713742346813063,0,accepted,,True
20146-08-07-00,4U1626-67,NS,2,0,50579.33663,1024.0,5,35.029998779296875,https://heasarc.gsfc.nasa.gov/FTP/xte/data/archive/AO2/P20146/20146-08-07-00/stdprod/,data\raw\spectra\20146-08-07-00\xp20146080700_s2.pha.gz,data\raw\spectra\20146-08-07-00\xp20146080700_b2.pha.gz,data\raw\spectra\20146-08-07-00\xp20146080700.rsp.gz,11/05/97,50579.3235481763,1120.0,1120.0,01234,5,1,4U_1626-67,2.091309789151873e-06,count,TOTAL/COUNT,TOTAL/COUNT,False,0,1.0,PCU0,4.0468683634540525,0.014174166015625,1.0143779616307456,0.000659882142857143,0.014174166015625,0.022854736328125,5,1024.0,96.45078125,std1_gof_recipe,27.557617737613885,0.07953630636374173,346.4784699906129,38.092845924633494,10.925834435827694,0.28682116472590163,0.9156049492128963,0,accepted,,True
20146-08-09-00,4U1626-67,NS,3,0,50646.77413,1119.0,5,35.41999816894531,https://heasarc.gsfc.nasa.gov/FTP/xte/data/archive/AO2/P20146/20146-08-09-00/stdprod/,data\raw\spectra\20146-08-09-00\xp20146080900_s2.pha.gz,data\raw\spectra\20146-08-09-00\xp20146080900_b2.pha.gz,data\raw\spectra\20146-08-09-00\xp20146080900.rsp.gz,17/07/97,50646.76625650962,1104.0,1104.0,01234,5,2,4U_1626-67,2.091309789151873e-06,count,TOTAL/COUNT,TOTAL/COUNT,False,0,1.0,PCU0,4.074942114985127,0.014541137681159421,1.0147557023810647,0.0007600579710144928,0.014541137681159421,0.023040382246376813,5,1104.0,94.43605072463768,std1_gof_recipe,27.712745901273784,0.08501663654801567,325.96850483048917,41.24899482627991,13.939223778679533,0.3379288110506585,0.9200178501699589,0,accepted,,True
30060-01-01-01,4U1626-67,NS,4,0,50991.86007,6384.0,5,32.04999923706055,https://heasarc.gsfc.nasa.gov/FTP/xte/data/archive/AO3/P30060/30060-01-01-01/stdprod/,data\raw\spectra\30060-01-01-01\xp30060010101_s2.pha.gz,data\raw\spectra\30060-01-01-01\xp30060010101_b2.pha.gz,data\raw\spectra\30060-01-01-01\xp30060010101.rsp.gz,27/06/98,50991.80467086147,6399.99999999879,6399.99999999879,01234,5,3,X1627-67,0.0002520729640415127,count,TOTAL/COUNT,TOTAL/COUNT,False,0,1.0,PCU0,4.21951966606256,0.016660883458646615,1.016943171667214,0.000597295937500113,0.016660883458646615,0.027029007518796992,5,6384.0,115.20137844611529,std1_gof_recipe,25.258692705492166,0.031980256999294576,789.8214422119661,34.91155722958839,10.0736966595802,0.2885490496265374,0.899504137641426,0,accepted,,True
30060-01-01-06,4U1626-67,NS,5,0,50992.77023,3568.0,4,30.559999465942383,https://heasarc.gsfc.nasa.gov/FTP/xte/data/archive/AO3/P30060/30060-01-01-06/stdprod/,data\raw\spectra\30060-01-01-06\xp30060010106_s2.pha.gz,data\raw\spectra\30060-01-01-06\xp30060010106_b2.pha.gz,data\raw\spectra\30060-01-01-06\xp30060010106.rsp.gz,28/06/98,50992.73823567628,3567.9999999995,3567.9999999995,0123,4,1,X1627-67,0.0002520729640415127,count,TOTAL/COUNT,TOTAL/COUNT,False,0,1.0,PCU0,4.21993893304635,0.015326426709641258,1.0155649822696335,0.0005839076513453734,0.015326426709641258,0.024966122897982057,5,3568.0,107.10773542600896,std1_gof_recipe,24.548794493924312,0.04731383187468621,518.8502710780941,34.10629475263864,9.933745558335493,0.2912584210739271,0.9097031159608653,0,accepted,,True
93431-01-01-00,4U1626-67,NS,6,0,54530.39132,4646.0,2,47.79999923706055,https://heasarc.gsfc.nasa.gov/FTP/xte/data/archive/AO12/P93431/93431-01-01-00/stdprod/,data\raw\spectra\93431-01-01-00\xp93431010100_s2.pha.gz,data\raw\spectra\93431-01-01-00\xp93431010100_b2.pha.gz,data\raw\spectra\93431-01-01-00\xp93431010100.rsp.gz,2008-03-05T08:42:08,54530.36266854663,4671.99999999957,4671.99999999957,23,2,1,4U_1626-67,0.0002520729640415127,count,TOTAL/COUNT,TOTAL/COUNT,False,0,1.0,PCU2,0.17747328322647604,0.014862184278350517,1.0150864011523741,0.0007316299229452729,0.014862184278350517,0.02374869845360825,2,4656.0,98.73904639175258,std1_gof_recipe,37.28717187275732,0.06688879852172433,557.4501664975652,45.753598416907,9.020595363741121,0.19715597626978787,1.0329501097955747,0,accepted,,True
94423-01-01-01,4U1626-67,NS,7,0,54983.98898,2965.0,1,59.900001525878906,https://heasarc.gsfc.nasa.gov/FTP/xte/data/archive/AO13/P94423/94423-01-01-01/stdprod/,data\raw\spectra\94423-01-01-01\xp94423010101_s2.pha.gz,data\raw\spectra\94423-01-01-01\xp94423010101_b2.pha.gz,data\raw\spectra\94423-01-01-01\xp94423010101.rsp.gz,2009-06-01T23:17:36,54983.97059678736,2976.00000000001,2976.00000000001,2,1,1,4U_1626-67,0.0002520729640415127,count,TOTAL/COUNT,TOTAL/COUNT,False,0,1.0,PCU2,0.2569216117982407,0.012821782594086022,1.0129883159575572,0.0008660987903225778,0.012821782594086022,0.020052599126344085,2,2976.0,80.3424059139785,std1_gof_recipe,45.376971504758664,0.12107809867526215,374.7743976923696,54.247827376336346,9.45266953498974,0.17424973482188016,0.9429380249453482,0,accepted,,True
95338-05-01-01,4U1626-67,NS,8,0,55210.7546,2157.0,1,64.33999633789062,https://heasarc.gsfc.nasa.gov/FTP/xte/data/archive/AO14/P95338/95338-05-01-01/stdprod/,data\raw\spectra\95338-05-01-01\xp95338050101_s2.pha.gz,data\raw\spectra\95338-05-01-01\xp95338050101_b2.pha.gz,data\raw\spectra\95338-05-01-01\xp95338050101.rsp.gz,2010-01-14T17:47:28,55210.74131437996,2256.00000000001,2256.00000000001,2,1,1,4U1626-67,0.00015241712903089026,count,TOTAL/COUNT,TOTAL/COUNT,False,0,1.0,PCU2,0.296740460894263,0.013390802238805972,1.0135725495659196,0.000922154255319145,0.013390802238805972,0.0206289598880597,1,2144.0,80.42397388059702,std1_gof_recipe,49.514729889251356,0.1403050068418011,352.90778999127934,58.35301141686742,9.501323483470923,0.16282490402413896,0.9694709547347514,0,accepted,,True
95338-05-02-01,4U1626-67,NS,9,0,55211.16476,2013.0,1,63.34000015258789,https://heasarc.gsfc.nasa.gov/FTP/xte/data/archive/AO14/P95338/95338-05-02-01/stdprod/,data\raw\spectra\95338-05-02-01\xp95338050201_s2.pha.gz,data\raw\spectra\95338-05-02-01\xp95338050201_b2.pha.gz,data\raw\spectra\95338-05-02-01\xp95338050201.rsp.gz,2010-01-15T03:35:28,55211.14992549107,2016.00000000001,2016.00000000001,2,1,1,4U1626-67,0.00015241712903089026,count,TOTAL/COUNT,TOTAL/COUNT,False,0,1.0,PCU2,0.29691302916792495,0.01467998263888889,1.014898695226151,0.0009035962301587258,0.01467998263888889,0.02247498263888889,2,2016.0,86.61111111111111,std1_gof_recipe,48.85976616712082,0.14786361774676168,330.4380544157955,57.74136410872206,9.598858460674743,0.16623885855209294,1.0129595540181455,0,accepted,,True
95313-01-01-02,4U1626-67,NS,10,0,55535.00851,13049.0,1,61.59000015258789,https://heasarc.gsfc.nasa.gov/FTP/xte/data/archive/AO14/P95313/95313-01-01-02/stdprod/,data\raw\spectra\95313-01-01-02\xp95313010102_s2.pha.gz,data\raw\spectra\95313-01-01-02\xp95313010102_b2.pha.gz,data\raw\spectra\95313-01-01-02\xp95313010102.rsp.gz,2010-12-04T21:24:00,55534.8917426207,13183.9999999982,13183.9999999982,2,1,4,4U_1626-67,2.091309789151873e-06,count,TOTAL/COUNT,TOTAL/COUNT,False,0,1.0,PCU2,0.35357289090558197,0.006625751278118611,1.0066699446725578,0.0008841793082525481,0.006625751278118611,0.010082669222903885,3,13040.0,38.410199386503066,std1_gof_recipe,46.83888575341126,0.055158192002745146,849.1736957418792,56.03474761966656,9.506204673401625,0.1696483892088634,0.9687743760741124,0,accepted,,True
95313-01-01-040,4U1626-67,NS,11,0,55536.96554,14815.0,1,61.29999923706055,https://heasarc.gsfc.nasa.gov/FTP/xte/data/archive/AO14/P95313/95313-01-01-040/stdprod/,data\raw\spectra\95313-01-01-040\xp953130101040_s2.pha.gz,data\raw\spectra\95313-01-01-040\xp953130101040_b2.pha.gz,data\raw\spectra\95313-01-01-040\xp953130101040.rsp.gz,2010-12-06T19:54:40,55536.8298213244,14975.9999999978,14975.9999999978,2,1,4,4U_1626-67,2.091309789151873e-06,count,TOTAL/COUNT,TOTAL/COUNT,False,0,1.0,PCU2,0.35392321526220627,0.005947944880823402,1.0059835346149053,0.0008802991452992746,0.005947944880823402,0.00902170571505959,4,14768.0,34.15289815817985,std1_gof_recipe,47.26889302097493,0.051774857726807705,912.9700224458618,56.48514021984073,9.497399969132111,0.1681397962750581,1.0470620277851979,0,accepted,,True
95313-01-01-06,4U1626-67,NS,12,0,55537.39913,4476.0,2,55.47999954223633,https://heasarc.gsfc.nasa.gov/FTP/xte/data/archive/AO14/P95313/95313-01-01-06/stdprod/,data\raw\spectra\95313-01-01-06\xp95313010106_s2.pha.gz,data\raw\spectra\95313-01-01-06\xp95313010106_b2.pha.gz,data\raw\spectra\95313-01-01-06\xp95313010106.rsp.gz,2010-12-07T08:58:24,55537.3738838244,4543.9999999996,4543.9999999996,23,2,1,4U_1626-67,2.091309789151873e-06,count,TOTAL/COUNT,TOTAL/COUNT,False,0,1.0,PCU2,0.35409954271273136,0.012473033482142858,1.012630575067863,0.0008100847271127474,0.012473033482142858,0.019906470982142856,2,4480.0,82.59375,std1_gof_recipe,45.40812915061949,0.06496658860776008,698.945875467988,53.672822429437666,8.831070394075319,0.1645352339293375,1.15860367551692,0,accepted,,True
95313-01-01-07,4U1626-67,NS,13,0,55538.75851,1664.0,2,56.06999969482422,https://heasarc.gsfc.nasa.gov/FTP/xte/data/archive/AO14/P95313/95313-01-01-07/stdprod/,data\raw\spectra\95313-01-01-07\xp95313010107_s2.pha.gz,data\raw\spectra\95313-01-01-07\xp95313010107_b2.pha.gz,data\raw\spectra\95313-01-01-07\xp95313010107.rsp.gz,2010-12-08T17:56:00,55538.74721715773,1728.0,1728.0,23,2,1,4U_1626-67,2.091309789151873e-06,count,TOTAL/COUNT,TOTAL/COUNT,False,0,1.0,PCU2,0.35427657251968014,0.017931108774038463,1.018258503995228,0.0008247251157407408,0.017931108774038463,0.02871561298076923,2,1664.0,119.82782451923077,std1_gof_recipe,45.23323536002539,0.10670064338247058,423.92654745188327,53.853652452547415,9.431499155964326,0.17513202404005548,1.086267896098706,0,accepted,,True
95313-01-01-11,4U1626-67,NS,14,0,55539.87179,2304.0,1,57.0099983215332,https://heasarc.gsfc.nasa.gov/FTP/xte/data/archive/AO14/P95313/95313-01-01-11/stdprod/,data\raw\spectra\95313-01-01-11\xp95313010111_s2.pha.gz,data\raw\spectra\95313-01-01-11\xp95313010111_b2.pha.gz,data\raw\spectra\95313-01-01-11\xp95313010111.rsp.gz,2010-12-09T20:26:40,55539.85192780588,2400.0,2400.0,2,1,1,4U_1626-67,2.091309789151873e-06,count,TOTAL/COUNT,TOTAL/COUNT,False,0,1.0,PCU2,0.35444988008686806,0.013254466145833334,1.0134325068531724,0.000831125,0.013254466145833334,0.020798528645833335,1,2304.0,83.82291666666667,std1_gof_recipe,45.07000368971863,0.1274211160259119,353.709064049897,53.71731482959129,9.244689977970628,0.17209888482508437,0.9768785754273671,0,accepted,,True
10115-01-01-000,4U1822-371,NS,0,0,50352.5007,16822.0,5,80.87000274658203,https://heasarc.gsfc.nasa.gov/FTP/xte/data/archive/AO1/P10115/10115-01-01-000/stdprod/,data\raw\spectra\10115-01-01-000\xp101150101000_s2.pha.gz,data\raw\spectra\10115-01-01-000\xp101150101000_b2.pha.gz,data\raw\spectra\10115-01-01-000\xp101150101000.rsp.gz,26/09/96,50352.33627965778,16767.9999999964,16767.9999999964,01234,5,9,4U1822-37,0.00031024071458970125,count,TOTAL/COUNT,TOTAL/COUNT,False,0,1.0,PCU0,3.9516829655423678,0.01530233504293893,1.0155401354014648,0.0010862810114506151,0.01530233504293893,0.024451786140267173,5,16768.0,101.66056774809161,std1_gof_recipe,61.7426225534191,0.02648508138091368,2331.2226859122875,70.87574089745209,10.07792464077515,0.14219145384817333,0.644327391548006,0,accepted,,True
30060-02-02-01,4U1822-371,NS,1,0,51018.23898,1424.0,5,79.30999755859375,https://heasarc.gsfc.nasa.gov/FTP/xte/data/archive/AO3/P30060/30060-02-02-01/stdprod/,data\raw\spectra\30060-02-02-01\xp30060020201_s2.pha.gz,data\raw\spectra\30060-02-02-01\xp30060020201_b2.pha.gz,data\raw\spectra\30060-02-02-01\xp30060020201.rsp.gz,24/07/98,51018.229994935544,1439.99999999993,1439.99999999993,01234,5,2,X1822-371,5.663293681020318e-06,count,TOTAL/COUNT,TOTAL/COUNT,False,0,1.0,PCU0,4.230834252759749,0.019296224431818183,1.0196758949160145,0.0010789402777778303,0.019296224431818183,0.03150101704545454,5,1408.0,135.60880681818182,std1_gof_recipe,61.43597289812852,0.09104637374097226,674.7767140393138,70.6242680187372,10.373777441838063,0.14688686669412016,0.700983291963372,0,accepted,,True
50048-01-01-06,4U1822-371,NS,2,0,51976.16476,4587.0,1,69.5,https://heasarc.gsfc.nasa.gov/FTP/xte/data/archive/AO5/P50048/50048-01-01-06/stdprod/,data\raw\spectra\50048-01-01-06\xp50048010106_s2.pha.gz,data\raw\spectra\50048-01-01-06\xp50048010106_b2.pha.gz,data\raw\spectra\50048-01-01-06\xp50048010106.rsp.gz,2001-03-08T02:57:04,51976.122992620716,4592.00000000001,4592.00000000001,2,1,2,X1822-371,5.663293681020318e-06,count,TOTAL/COUNT,TOTAL/COUNT,False,0,1.0,PCU2,0.27071306459293965,0.010225991942508712,1.0103316432430651,0.0009579878048780467,0.010225991942508712,0.015591575566202092,4,4592.0,59.61759581881533,std1_gof_recipe,53.87681675322835,0.10276795065339005,524.2569926780095,62.574470535150404,9.248597675928586,0.14780145316184987,0.6284430305207337,0,accepted,,True
50048-01-02-05,4U1822-371,NS,3,0,52032.80929,3424.0,2,70.16999816894531,https://heasarc.gsfc.nasa.gov/FTP/xte/data/archive/AO5/P50048/50048-01-02-05/stdprod/,data\raw\spectra\50048-01-02-05\xp50048010205_s2.pha.gz,data\raw\spectra\50048-01-02-05\xp50048010205_b2.pha.gz,data\raw\spectra\50048-01-02-05\xp50048010205.rsp.gz,2001-05-03T18:53:36,52032.787321324424,3423.99999999985,3423.99999999985,23,2,1,X1822-371,5.663293681020318e-06,count,TOTAL/COUNT,TOTAL/COUNT,False,0,1.0,PCU2,0.26088453753973795,0.011179843263239876,1.0113062453137431,0.0009575934579439673,0.011179843263239876,0.017027565225856696,3,3424.0,64.97468847352025,std1_gof_recipe,55.63582255420633,0.08530456653391694,652.2021600342536,63.993813558938385,8.979990780709525,0.140325920292888,0.6824778090767448,0,accepted,,True
50048-01-03-05,4U1822-371,NS,4,0,52091.85617,2390.0,1,80.94000244140625,https://heasarc.gsfc.nasa.gov/FTP/xte/data/archive/AO5/P50048/50048-01-03-05/stdprod/,data\raw\spectra\50048-01-03-05\xp50048010305_s2.pha.gz,data\raw\spectra\50048-01-03-05\xp50048010305_b2.pha.gz,data\raw\spectra\50048-01-03-05\xp50048010305.rsp.gz,2001-07-01T20:09:04,52091.839694009606,2480.0,2480.0,2,1,2,X1822-371,5.663293681020318e-06,count,TOTAL/COUNT,TOTAL/COUNT,False,0,1.0,PCU2,0.2505266144225047,0.015516016498881433,1.0157605575701718,0.0010858467741935484,0.015516016498881433,0.023780022371364652,3,2384.0,91.8222874720358,std1_gof_recipe,62.01139141473262,0.15070184060940758,411.4839683707324,70.71937383619385,9.670152193770816,0.13673978811194842,0.6270853797124779,0,accepted,,True
50048-01-04-00,4U1822-371,NS,5,0,52099.40304,1536.0,2,74.61000061035156,https://heasarc.gsfc.nasa.gov/FTP/xte/data/archive/AO5/P50048/50048-01-04-00/stdprod/,data\raw\spectra\50048-01-04-00\xp50048010400_s2.pha.gz,data\raw\spectra\50048-01-04-00\xp50048010400_b2.pha.gz,data\raw\spectra\50048-01-04-00\xp50048010400.rsp.gz,2001-07-09T09:20:16,52099.389150028124,1664.0,1664.0,23,2,1,X1822-371,5.663293681020318e-06,count,TOTAL/COUNT,TOTAL/COUNT,False,0,1.0,PCU2,0.24912243656647348,0.013304743923611112,1.0134841470471012,0.0010037950721153847,0.013304743923611112,0.020456091579861113,3,1536.0,79.45941840277779,std1_gof_recipe,58.65117695443988,0.12627307469951468,464.47888509889356,66.99174863397104,9.120910569728373,0.1361497610633084,0.6633833329023233,0,accepted,,True
70036-02-01-000,4U1822-371,NS,6,0,52435.53195,13355.0,2,85.58999633789062,https://heasarc.gsfc.nasa.gov/FTP/xte/data/archive/AO7/P70036/70036-02-01-000/stdprod/,data\raw\spectra\70036-02-01-000\xp700360201000_s2.pha.gz,data\raw\spectra\70036-02-01-000\xp700360201000_b2.pha.gz,data\raw\spectra\70036-02-01-000\xp700360201000.rsp.gz,2002-06-10T09:32:32,52435.39765697257,13743.9999999975,13743.9999999975,23,2,4,4U_1822-371,5.663293681020318e-06,count,TOTAL/COUNT,TOTAL/COUNT,False,0,1.0,PCU2,0.1901415440377292,0.008981543240407674,1.009062942449907,0.0010995448923168472,0.008981543240407674,0.01364644881594724,5,13344.0,51.832284172661865,std1_gof_recipe,67.61149116951881,0.04799864895419896,1408.6123806116861,75.76495724862528,8.760721610593937,0.11563025874673606,0.6920436399862456,0,accepted,,True
70037-01-02-000,4U1822-371,NS,7,0,52488.49288,13632.0,1,89.0999984741211,https://heasarc.gsfc.nasa.gov/FTP/xte/data/archive/AO7/P70037/70037-01-02-000/stdprod/,data\raw\spectra\70037-01-02-000\xp700370102000_s2.pha.gz,data\raw\spectra\70037-01-02-000\xp700370102000_b2.pha.gz,data\raw\spectra\70037-01-02-000\xp700370102000.rsp.gz,2002-08-02T08:35:12,52488.35781900961,13711.9999999981,13711.9999999981,2,1,4,4U_1822-37,5.663293681020318e-06,count,TOTAL/COUNT,TOTAL/COUNT,False,0,1.0,PCU2,0.1808374067865941,0.0070230088028169005,1.007072680298815,0.0011558335764295653,0.0070230088028169005,0.0103967900528169,5,13632.0,37.48645833333333,std1_gof_recipe,69.21678938204342,0.06947336919232101,996.3067890148336,78.07165204463406,9.340972783723494,0.11964615246495873,0.6709878252499819,0,accepted,,True
70037-01-04-00,4U1822-371,NS,8,0,52491.61398,17208.0,1,82.05999755859375,https://heasarc.gsfc.nasa.gov/FTP/xte/data/archive/AO7/P70037/70037-01-04-00/stdprod/,data\raw\spectra\70037-01-04-00\xp70037010400_s2.pha.gz,data\raw\spectra\70037-01-04-00\xp70037010400_b2.pha.gz,data\raw\spectra\70037-01-04-00\xp70037010400.rsp.gz,2002-08-05T11:01:04,52491.45906900961,17247.9999999973,17247.9999999973,2,1,5,4U_1822-37,5.663293681020318e-06,count,TOTAL/COUNT,TOTAL/COUNT,False,0,1.0,PCU2,0.18031063680295034,0.00650275871282528,1.0065453213583162,0.0010862384044528603,0.00650275871282528,0.009619301463754646,5,17216.0,34.62825278810409,std1_gof_recipe,63.177863394703465,0.059778676799437,1056.8628610946182,72.1137730749186,9.346740081862732,0.1296110255131493,0.6590055010488438,0,accepted,,True
70037-01-06-04,4U1822-371,NS,9,0,52503.45382,11658.0,1,81.4800033569336,https://heasarc.gsfc.nasa.gov/FTP/xte/data/archive/AO7/P70037/70037-01-06-04/stdprod/,data\raw\spectra\70037-01-06-04\xp70037010604_s2.pha.gz,data\raw\spectra\70037-01-06-04\xp70037010604_b2.pha.gz,data\raw\spectra\70037-01-06-04\xp70037010604.rsp.gz,2002-08-17T08:01:36,52503.334508824424,11871.9999999986,11871.9999999986,2,1,5,4U_1822-37,5.663293681020318e-06,count,TOTAL/COUNT,TOTAL/COUNT,False,0,1.0,PCU2,0.17820472737062687,0.00959186932599725,1.009684764319806,0.001073392857142984,0.00959186932599725,0.014546669532324624,5,11632.0,55.0533356258597,std1_gof_recipe,63.29689166028227,0.07203543469999549,878.6910487025385,71.74597633957518,9.056220192840154,0.12622617538824585,0.693356760208331,0,accepted,,True
70037-01-08-03,4U1822-371,NS,10,0,52547.65304,3440.0,2,68.79000091552734,https://heasarc.gsfc.nasa.gov/FTP/xte/data/archive/AO7/P70037/70037-01-08-03/stdprod/,data\raw\spectra\70037-01-08-03\xp70037010803_s2.pha.gz,data\raw\spectra\70037-01-08-03\xp70037010803_b2.pha.gz,data\raw\spectra\70037-01-08-03\xp70037010803.rsp.gz,2002-09-30T15:06:56,52547.629809750346,3423.99999999985,3423.99999999985,23,2,2,4U_1822-37,5.663293681020318e-06,count,TOTAL/COUNT,TOTAL/COUNT,False,0,1.0,PCU2,0.17048121999910393,0.012317330120716511,1.0124709387907171,0.000932717581775742,0.012317330120716511,0.019042385611370716,3,3424.0,74.72283878504673,std1_gof_recipe,55.78621562711967,0.09035247414155238,617.4287550745003,63.79304452690366,8.69396613384872,0.1362839193257532,0.7799533439756718,0,accepted,,True
70037-01-09-00,4U1822-371,NS,11,0,52608.1921,3200.0,3,80.86000061035156,https://heasarc.gsfc.nasa.gov/FTP/xte/data/archive/AO7/P70037/70037-01-09-00/stdprod/,data\raw\spectra\70037-01-09-00\xp70037010900_s2.pha.gz,data\raw\spectra\70037-01-09-00\xp70037010900_b2.pha.gz,data\raw\spectra\70037-01-09-00\xp70037010900.rsp.gz,2002-11-30T04:07:28,52608.17186993553,3231.99999999968,3231.99999999968,234,3,1,4U_1822-37,5.663293681020318e-06,count,TOTAL/COUNT,TOTAL/COUNT,False,0,1.0,PCU2,0.15977225838702935,0.011833617708333332,1.0119753291757303,0.0010373184818482878,0.011833617708333332,0.01810289817708333,4,3200.0,69.658671875,std1_gof_recipe,62.22573855234174,0.08015646337449654,776.3034436988416,70.27377266375929,8.784389713064648,0.1250023925013325,0.6848470921017271,0,accepted,,True
70037-01-11-05,4U1822-371,NS,12,0,52884.0046,1737.0,2,73.36000061035156,https://heasarc.gsfc.nasa.gov/FTP/xte/data/archive/AO7/P70037/70037-01-11-05/stdprod/,data\raw\spectra\70037-01-11-05\xp70037011105_s2.pha.gz,data\raw\spectra\70037-01-11-05\xp70037011105_b2.pha.gz,data\raw\spectra\70037-01-11-05\xp70037011105.rsp.gz,2003-09-01T23:36:48,52883.983883824425,1792.0,1792.0,23,2,3,4U_1822-37,5.663293681020318e-06,count,TOTAL/COUNT,TOTAL/COUNT,False,0,1.0,PCU2,0.11149275539438008,0.012400387731481482,1.0125560880922155,0.0009769866071428573,0.012400387731481482,0.018985353009259257,3,1728.0,73.16628086419753,std1_gof_recipe,59.76387060175434,0.13421987932871848,445.26839765208246,67.59505727258896,8.572281838630461,0.12681817553702524,0.7877110936787318,0,accepted,,True
96344-01-01-02,4U1822-371,NS,13,0,55881.73507,10093.0,1,79.80999755859375,https://heasarc.gsfc.nasa.gov/FTP/xte/data/archive/AO15/P96344/96344-01-01-02/stdprod/,data\raw\spectra\96344-01-01-02\xp96344010102_s2.pha.gz,data\raw\spectra\96344-01-01-02\xp96344010102_b2.pha.gz,data\raw\spectra\96344-01-01-02\xp96344010102.rsp.gz,2011-11-16T15:31:44,55881.64703197255,10111.999999999,10111.999999999,2,1,6,4U_1822-371,0.0002017761752235201,count,TOTAL/COUNT,TOTAL/COUNT,False,0,1.0,PCU2,0.4144489120727428,0.007726239069952305,1.007786398647396,0.001056564477848206,0.007726239069952305,0.011847694753577106,3,10064.0,45.79395204027557,std1_gof_recipe,62.205234971269704,0.06895760487322881,902.0794020561964,70.86983258765787,9.14521013317876,0.12904235553071444,0.7202722549774033,0,accepted,,True
96344-02-02-00,4U1822-371,NS,14,0,55888.49288,6702.0,1,87.6500015258789,https://heasarc.gsfc.nasa.gov/FTP/xte/data/archive/AO15/P96344/96344-02-02-00/stdprod/,data\raw\spectra\96344-02-02-00\xp96344020200_s2.pha.gz,data\raw\spectra\96344-02-02-00\xp96344020200_b2.pha.gz,data\raw\spectra\96344-02-02-00\xp96344020200.rsp.gz,2011-11-23T10:31:44,55888.438906972544,6671.99999999975,6671.99999999975,2,1,3,4U_1822-371,0.0002017761752235201,count,TOTAL/COUNT,TOTAL/COUNT,False,0,1.0,PCU2,0.41567832139787697,0.009479958033573143,1.0095706877518127,0.0011320548561151503,0.009479958033573143,0.014550248051558756,2,6672.0,56.336555755395686,std1_gof_recipe,68.60182588993125,0.08815342199229506,778.2094482495223,76.93929924701129,8.98781578754306,0.11681696968265787,0.719874975654601,0,accepted,,True
10401-01-09-00,GROJ1744-28,NS,0,0,50138.84054,2176.0,5,3234.0,https://heasarc.gsfc.nasa.gov/FTP/xte/data/archive/AO1/P10401/10401-01-09-00/stdprod/,data\raw\spectra\10401-01-09-00\xp10401010900_s2.pha.gz,data\raw\spectra\10401-01-09-00\xp10401010900_b2.pha.gz,data\raw\spectra\10401-01-09-00\xp10401010900.rsp.gz,25/02/96,50138.81184678741,2271.99999999974,2271.99999999974,01234,5,1,J1744-28,0.017147751163741187,count,TOTAL/COUNT,TOTAL/COUNT,False,0,1.0,PCU0,16.180996694008343,0.05287465165441176,1.055826456072337,0.03263763644366571,0.05287465165441176,0.06485650551470587,5,2176.0,133.13170955882353,std1_gof_recipe,2753.613782248044,0.4407855009954759,6247.060704195682,2619.3201155646702,11.302702843779,0.004315128485676664,0.7518395544533376,0,accepted,,True
10401-01-42-00,GROJ1744-28,NS,1,0,50224.60226,2727.0,3,103.04000091552734,https://heasarc.gsfc.nasa.gov/FTP/xte/data/archive/AO1/P10401/10401-01-42-00/stdprod/,data\raw\spectra\10401-01-42-00\xp10401014200_s2.pha.gz,data\raw\spectra\10401-01-42-00\xp10401014200_b2.pha.gz,data\raw\spectra\10401-01-42-00\xp10401014200.rsp.gz,21/05/96,50224.58580512074,2703.9999999998,2703.9999999998,012,3,1,J1744-28,0.017147751163741187,count,TOTAL/COUNT,TOTAL/COUNT,False,0,1.0,PCU0,3.8979901614870442,0.01100904536489152,1.0111315935836374,0.0013093035009862904,0.01100904536489152,0.017312699950690333,5,2704.0,70.04060650887574,std1_gof_recipe,73.51076023403243,0.09086738135541281,808.9895310893487,82.51519388410566,9.81371694429738,0.11893224123160824,0.4167580436387915,0,accepted,,True
10401-01-50-00,GROJ1744-28,NS,2,0,50238.69601,10370.0,5,230.3999938964844,https://heasarc.gsfc.nasa.gov/FTP/xte/data/archive/AO1/P10401/10401-01-50-00/stdprod/,data\raw\spectra\10401-01-50-00\xp10401015000_s2.pha.gz,data\raw\spectra\10401-01-50-00\xp10401015000_b2.pha.gz,data\raw\spectra\10401-01-50-00\xp10401015000.rsp.gz,04/06/96,50238.59795789851,10415.9999999979,10415.9999999979,01234,5,5,J1744-28,0.017147751163741187,count,TOTAL/COUNT,TOTAL/COUNT,False,0,1.0,PCU0,3.9038606678406254,0.014753140286377711,1.0149740546147652,0.002619059523810052,0.014753140286377711,0.02235023045665635,5,10336.0,84.41211300309598,std1_gof_recipe,161.68576226498683,0.050644475183428114,3192.5646712574417,170.49038407571797,11.18999454373638,0.06563416819312634,0.3242566134852859,0,accepted,,True
10401-01-65-00,GROJ1744-28,NS,3,0,50270.0671,1791.0,5,390.8200073242188,https://heasarc.gsfc.nasa.gov/FTP/xte/data/archive/AO1/P10401/10401-01-65-00/stdprod/,data\raw\spectra\10401-01-65-00\xp10401016500_s2.pha.gz,data\raw\spectra\10401-01-65-00\xp10401016500_b2.pha.gz,data\raw\spectra\10401-01-65-00\xp10401016500.rsp.gz,06/07/96,50270.04258752814,1903.99999999982,1903.99999999982,01234,5,3,J1744-28,0.017147751163741187,count,TOTAL/COUNT,TOTAL/COUNT,False,0,1.0,PCU0,3.9172842022186245,0.01854347635135135,1.018893833709938,0.004209555672269306,0.01854347635135135,0.02733083108108108,5,1776.0,97.63727477477478,std1_gof_recipe,314.4443539106753,0.1595180639664686,1971.2147081773317,319.47959466792804,10.866132197811202,0.03401197566030978,0.7329042482609268,0,accepted,,True
10401-01-72-00,GROJ1744-28,NS,4,0,50285.88742,9558.0,5,432.1400146484375,https://heasarc.gsfc.nasa.gov/FTP/xte/data/archive/AO1/P10401/10401-01-72-00/stdprod/,data\raw\spectra\10401-01-72-00\xp10401017200_s2.pha.gz,data\raw\spectra\10401-01-72-00\xp10401017200_b2.pha.gz,data\raw\spectra\10401-01-72-00\xp10401017200.rsp.gz,21/07/96,50285.7831430837,9631.99999999805,9631.99999999805,01234,5,5,J1744-28,0.017147751163741187,count,TOTAL/COUNT,TOTAL/COUNT,False,0,1.0,PCU0,3.923576156349988,0.017881883389261742,1.0182074671944468,0.004602073089701929,0.017881883389261742,0.026373717491610736,5,9536.0,94.35371224832214,std1_gof_recipe,347.8828297778834,0.07414404023662609,4691.986418161689,351.6172795446912,9.955249962022446,0.028312743830205066,0.747802533244688,0,accepted,,True
10401-01-99-01,GROJ1744-28,NS,5,0,50344.89132,2880.0,4,209.75,https://heasarc.gsfc.nasa.gov/FTP/xte/data/archive/AO1/P10401/10401-01-99-01/stdprod/,data\raw\spectra\10401-01-99-01\xp10401019901_s2.pha.gz,data\raw\spectra\10401-01-99-01\xp10401019901_b2.pha.gz,data\raw\spectra\10401-01-99-01\xp10401019901.rsp.gz,18/09/96,50344.861476417034,2911.99999999965,2911.99999999965,0124,4,4,J1744-28,0.017147751163741187,count,TOTAL/COUNT,TOTAL/COUNT,False,0,1.0,PCU0,3.9483274999406177,0.021000640976123596,1.0214511284226606,0.0023835834478024846,0.021000640976123596,0.03288618381320224,5,2848.0,132.06158707865168,std1_gof_recipe,161.65428606602873,0.10660849789926993,1516.3358386192567,168.6949418227504,10.435499380645876,0.06186017949258116,0.6406478827232645,0,accepted,,True
20078-01-03-01,GROJ1744-28,NS,6,0,50466.11788,2467.0,5,2549.6201171875,https://heasarc.gsfc.nasa.gov/FTP/xte/data/archive/AO2/P20078/20078-01-03-01/stdprod/,data\raw\spectra\20078-01-03-01\xp20078010301_s2.pha.gz,data\raw\spectra\20078-01-03-01\xp20078010301_b2.pha.gz,data\raw\spectra\20078-01-03-01\xp20078010301.rsp.gz,18/01/97,50466.088976417035,2447.9999999997,2447.9999999997,01234,5,3,GRO_J1744-28,7.917571076845593e-06,count,TOTAL/COUNT,TOTAL/COUNT,False,0,1.0,PCU0,3.999507170878644,0.0440187704248366,1.0460456430137215,0.02575437908497048,0.0440187704248366,0.05326619689542483,5,2448.0,102.74918300653594,std1_gof_recipe,2091.361338862556,0.3579900641587277,5841.953585436036,2009.2576869496718,9.955502737885567,0.004954816299844239,0.7292719003480089,0,accepted,,True
20077-01-11-00,GROJ1744-28,NS,7,0,50487.88742,2831.0,5,2351.699951171875,https://heasarc.gsfc.nasa.gov/FTP/xte/data/archive/AO2/P20077/20077-01-11-00/stdprod/,data\raw\spectra\20077-01-11-00\xp20077011100_s2.pha.gz,data\raw\spectra\20077-01-11-00\xp20077011100_b2.pha.gz,data\raw\spectra\20077-01-11-00\xp20077011100.rsp.gz,08/02/97,50487.87035373185,2831.99999999961,2831.99999999961,01234,5,1,J1744-28,7.917571076845593e-06,count,TOTAL/COUNT,TOTAL/COUNT,False,0,1.0,PCU0,4.008320159752422,0.042951535310734465,1.0448791643218194,0.02378416101695243,0.042951535310734465,0.0530164018361582,5,2832.0,111.83185028248587,std1_gof_recipe,1916.2885497564014,0.3185803806736888,6015.086508792867,1843.9456853419006,9.964670895917463,0.005403993715828909,0.7290979576051105,0,accepted,,True
20077-01-15-00,GROJ1744-28,NS,8,0,50501.84835,3072.0,5,1740.260009765625,https://heasarc.gsfc.nasa.gov/FTP/xte/data/archive/AO2/P20077/20077-01-15-00/stdprod/,data\raw\spectra\20077-01-15-00\xp20077011500_s2.pha.gz,data\raw\spectra\20077-01-15-00\xp20077011500_b2.pha.gz,data\raw\spectra\20077-01-15-00\xp20077011500.rsp.gz,22/02/97,50501.81462456518,3087.99999999955,3087.99999999955,01234,5,1,J1744-28,7.917571076845593e-06,count,TOTAL/COUNT,TOTAL/COUNT,False,0,1.0,PCU0,4.014186387369882,0.03303291861979167,1.034161368319428,0.01771135038860362,0.03303291861979167,0.041172527994791666,5,3072.0,90.44010416666666,std1_gof_recipe,1414.4576043301456,0.2613373572025484,5412.381985763621,1378.572826301404,10.838884906241285,0.007862395587269125,0.7442301950836259,0,accepted,,True
20401-01-10-00,GROJ1744-28,NS,9,0,50560.21554,3812.0,5,108.19000244140624,https://heasarc.gsfc.nasa.gov/FTP/xte/data/archive/AO2/P20401/20401-01-10-00/stdprod/,data\raw\spectra\20401-01-10-00\xp20401011000_s2.pha.gz,data\raw\spectra\20401-01-10-00\xp20401011000_b2.pha.gz,data\raw\spectra\20401-01-10-00\xp20401011000.rsp.gz,22/04/97,50560.179300491116,3775.99999999939,3775.99999999939,01234,5,4,J1744-28,7.917571076845593e-06,count,TOTAL/COUNT,TOTAL/COUNT,False,0,1.0,PCU0,4.038905989856829,0.020511680084745763,1.0209412196834777,0.001366769597457848,0.020511680084745763,0.03222995656779661,5,3776.0,130.2030720338983,std1_gof_recipe,80.40842403028233,0.062437370620459086,1287.8252756520565,89.07242618576632,10.313314025311723,0.11578570907906603,0.522693377111279,0,accepted,,True
20078-01-23-00,GROJ1744-28,NS,10,0,50607.76242,3512.0,3,124.19000244140624,https://heasarc.gsfc.nasa.gov/FTP/xte/data/archive/AO2/P20078/20078-01-23-00/stdprod/,data\raw\spectra\20078-01-23-00\xp20078012300_s2.pha.gz,data\raw\spectra\20078-01-23-00\xp20078012300_b2.pha.gz,data\raw\spectra\20078-01-23-00\xp20078012300.rsp.gz,08/06/97,50607.735735676295,3503.99999999962,3503.99999999962,012,3,2,GRO_J1744-28,7.917571076845593e-06,count,TOTAL/COUNT,TOTAL/COUNT,False,0,1.0,PCU0,4.058600921090488,0.013818915525114156,1.014012553822681,0.001571723744292408,0.013818915525114156,0.021553069634703197,5,3504.0,85.93504566210046,std1_gof_recipe,95.49451693459986,0.08991436534074755,1062.060734930456,105.32628562145446,11.151399349485427,0.10587479928385456,0.5645684908136314,0,accepted,,True
20401-01-15-00,GROJ1744-28,NS,11,0,50621.76632,3100.0,5,102.6999969482422,https://heasarc.gsfc.nasa.gov/FTP/xte/data/archive/AO2/P20401/20401-01-15-00/stdprod/,data\raw\spectra\20401-01-15-00\xp20401011500_s2.pha.gz,data\raw\spectra\20401-01-15-00\xp20401011500_b2.pha.gz,data\raw\spectra\20401-01-15-00\xp20401011500.rsp.gz,22/06/97,50621.74425419482,3167.99999999953,3167.99999999953,01234,5,3,J1744-28,7.917571076845593e-06,count,TOTAL/COUNT,TOTAL/COUNT,False,0,1.0,PCU0,4.064466606966491,0.017095121093750002,1.0173924470827462,0.0013067070707072645,0.017095121093750002,0.027309031249999997,5,3072.0,113.487890625,std1_gof_recipe,76.56712425144472,0.06658310914267408,1149.9481660938502,85.41364238853201,10.155442397965949,0.11889719386711765,0.5345136168840922,0,accepted,,True
20078-01-36-00,GROJ1744-28,NS,12,0,50702.21163,2652.0,5,61.84999847412109,https://heasarc.gsfc.nasa.gov/FTP/xte/data/archive/AO2/P20078/20078-01-36-00/stdprod/,data\raw\spectra\20078-01-36-00\xp20078013600_s2.pha.gz,data\raw\spectra\20078-01-36-00\xp20078013600_b2.pha.gz,data\raw\spectra\20078-01-36-00\xp20078013600.rsp.gz,11/09/97,50702.18390697258,2767.99999999962,2767.99999999962,01234,5,2,GRO_J1744-28,7.917571076845593e-06,count,TOTAL/COUNT,TOTAL/COUNT,False,0,1.0,PCU0,4.098407871301987,0.016206933333333333,1.0164739251398127,0.0008967210982660192,0.016206933333333333,0.026340858333333328,5,2640.0,112.59916666666666,std1_gof_recipe,44.47404302087321,0.058255540492616026,763.4302702334443,53.86518121255482,10.111926041984702,0.1877265761361224,0.4051927315166393,0,accepted,,True
20078-01-35-00,GROJ1744-28,NS,13,0,50756.04757,3611.0,5,77.25,https://heasarc.gsfc.nasa.gov/FTP/xte/data/archive/AO2/P20078/20078-01-35-00/stdprod/,data\raw\spectra\20078-01-35-00\xp20078013500_s2.pha.gz,data\raw\spectra\20078-01-35-00\xp20078013500_b2.pha.gz,data\raw\spectra\20078-01-35-00\xp20078013500.rsp.gz,04/11/97,50756.01332826888,3663.99999999941,3663.99999999941,01234,5,3,GRO_J1744-28,7.917571076845593e-06,count,TOTAL/COUNT,TOTAL/COUNT,False,0,1.0,PCU0,4.121036308090098,0.017022969444444445,1.0173177693021205,0.0010528406113538813,0.017022969444444445,0.027581289444444445,5,3600.0,117.31466666666668,std1_gof_recipe,56.32766822659543,0.05521143609836847,1020.2174079703017,65.52575028263156,10.156946231134281,0.15500694287855427,0.4134108821449218,0,accepted,,True
30075-01-14-00,GROJ1744-28,NS,14,0,51016.02804,1675.0,3,77.12999725341797,https://heasarc.gsfc.nasa.gov/FTP/xte/data/archive/AO3/P30075/30075-01-14-00/stdprod/,data\raw\spectra\30075-01-14-00\xp30075011400_s2.pha.gz,data\raw\spectra\30075-01-14-00\xp30075011400_b2.pha.gz,data\raw\spectra\30075-01-14-00\xp30075011400.rsp.gz,22/07/98,51016.011291231844,1712.0,1712.0,012,3,3,GRO_J1744-28,0.002101529968768005,count,TOTAL/COUNT,TOTAL/COUNT,False,0,1.0,PCU0,4.229998203083859,0.013697989482200646,1.0138882303149817,0.0010590712616822431,0.013697989482200646,0.022002710355987054,3,1648.0,92.27467637540452,std1_gof_recipe,56.97128891330285,0.10399862136246453,547.8081167512966,66.26552602434118,10.074629227360166,0.15203424513161598,0.47572668378812744,0,accepted,,True
10050-01-01-010,HERX1,NS,0,0,50290.99679,12240.0,4,355.92999267578125,https://heasarc.gsfc.nasa.gov/FTP/xte/data/archive/AO1/P10050/10050-01-01-010/stdprod/,data\raw\spectra\10050-01-01-010\xp100500101010_s2.pha.gz,data\raw\spectra\10050-01-01-010\xp100500101010_b2.pha.gz,data\raw\spectra\10050-01-01-010\xp100500101010.rsp.gz,26/07/96,50290.85583984296,12479.9999999975,12479.9999999975,0123,4,9,HER_X-1,0.0003155476247943925,count,TOTAL/COUNT,TOTAL/COUNT,False,0,1.0,PCU0,3.9256740443917337,0.019246908546587928,1.0196246218485687,0.0038642970753212866,0.019246908546587928,0.02898743610564304,5,12192.0,108.2280839895013,std1_gof_recipe,288.2608309967167,0.06649456298796536,4335.103774558052,292.5568148286519,9.84411368369247,0.03364855366455259,0.9614338586532745,0,accepted,,True
20050-02-06-00,HERX1,NS,1,0,50693.13351,3458.0,5,16.8700008392334,https://heasarc.gsfc.nasa.gov/FTP/xte/data/archive/AO2/P20050/20050-02-06-00/stdprod/,data\raw\spectra\20050-02-06-00\xp20050020600_s2.pha.gz,data\raw\spectra\20050-02-06-00\xp20050020600_b2.pha.gz,data\raw\spectra\20050-02-06-00\xp20050020600.rsp.gz,02/09/97,50693.108351417024,3455.99999999946,3455.99999999946,01234,5,2,HER_X-1,0.0007549203499466068,count,TOTAL/COUNT,TOTAL/COUNT,False,0,1.0,PCU0,4.094637187221828,0.0149509375,1.0151778607474184,0.00045004456018525547,0.0149509375,0.024499026041666667,5,3456.0,106.0898726851852,std1_gof_recipe,14.376889343225306,0.03790761099323954,379.2612872857983,24.31769504404529,10.155753674834973,0.41762813689539324,1.6621833987900663,0,accepted,,True
30034-01-05-00,HERX1,NS,2,0,51004.1296,2127.0,5,90.29000091552734,https://heasarc.gsfc.nasa.gov/FTP/xte/data/archive/AO3/P30034/30034-01-05-00/stdprod/,data\raw\spectra\30034-01-05-00\xp30034010500_s2.pha.gz,data\raw\spectra\30034-01-05-00\xp30034010500_b2.pha.gz,data\raw\spectra\30034-01-05-00\xp30034010500.rsp.gz,10/07/98,51004.105920861475,2127.99999999977,2127.99999999977,01234,5,2,HER_X-1,0.0008148986571819873,count,TOTAL/COUNT,TOTAL/COUNT,False,0,1.0,PCU0,4.22496875321567,0.014364689393939395,1.0145740409656252,0.0012420469924813375,0.014364689393939395,0.022774643939393942,5,2112.0,93.4439393939394,std1_gof_recipe,72.35427511854866,0.08058483582126306,897.8646463837221,83.18254054239644,11.867612112249397,0.1426695077460482,0.8061717019697353,0,accepted,,True
30034-01-18-00,HERX1,NS,3,0,51006.90695,1430.0,3,55.2400016784668,https://heasarc.gsfc.nasa.gov/FTP/xte/data/archive/AO3/P30034/30034-01-18-00/stdprod/,data\raw\spectra\30034-01-18-00\xp30034011800_s2.pha.gz,data\raw\spectra\30034-01-18-00\xp30034011800_b2.pha.gz,data\raw\spectra\30034-01-18-00\xp30034011800.rsp.gz,12/07/98,51006.896557435546,1504.0,1504.0,012,3,2,HER_X-1,0.0008148986571819873,count,TOTAL/COUNT,TOTAL/COUNT,False,0,1.0,PCU0,4.22580706423642,0.013511573033707867,1.0136966361331368,0.0009443993794326242,0.013511573033707867,0.021117015449438198,3,1424.0,84.50491573033707,std1_gof_recipe,46.63300845977979,0.10802981099579745,431.66796303655383,59.391471349964746,13.388548189770784,0.22542880123104966,0.8523898957119677,0,accepted,,True
60018-01-01-00,HERX1,NS,4,0,51869.19992,5108.0,1,119.79000091552734,https://heasarc.gsfc.nasa.gov/FTP/xte/data/archive/AO6/P60018/60018-01-01-00/stdprod/,data\raw\spectra\60018-01-01-00\xp60018010100_s2.pha.gz,data\raw\spectra\60018-01-01-00\xp60018010100_b2.pha.gz,data\raw\spectra\60018-01-01-00\xp60018010100.rsp.gz,2000-11-21T03:43:12,51869.15499493553,5296.00000000001,5296.00000000001,2,1,2,HER_X-1,5.7905745997743736e-06,count,TOTAL/COUNT,TOTAL/COUNT,False,0,1.0,PCU2,0.2894915351290521,0.009067209375,1.0091501759360302,0.0015240200151057375,0.009067209375,0.013086046875,5,5120.0,44.65375,std1_gof_recipe,97.42635166177621,0.12065443385636226,807.4825644431863,107.5986952230264,11.055728690409891,0.1027496538642407,0.9020175942305738,0,accepted,,True
60018-01-03-00,HERX1,NS,5,0,51900.0671,7016.0,1,303.260009765625,https://heasarc.gsfc.nasa.gov/FTP/xte/data/archive/AO6/P60018/60018-01-03-00/stdprod/,data\raw\spectra\60018-01-03-00\xp60018010300_s2.pha.gz,data\raw\spectra\60018-01-03-00\xp60018010300_b2.pha.gz,data\raw\spectra\60018-01-03-00\xp60018010300.rsp.gz,2000-12-22T00:18:24,51900.012830583684,7007.99999999967,7007.99999999967,2,1,2,HER_X-1,5.7905745997743736e-06,count,TOTAL/COUNT,TOTAL/COUNT,False,0,1.0,PCU2,0.28405291058179927,0.016755819634703198,1.0170413616162752,0.003333731449771847,0.016755819634703198,0.024465688641552512,5,7008.0,85.66521118721461,std1_gof_recipe,245.272318470747,0.15751651831784122,1557.121253631506,250.88184421969862,9.719264478632967,0.038740405902476356,0.9198504417191902,0,accepted,,True
30033-01-02-00G,HERX1,NS,6,0,52075.2507,4519.0,1,242.22999572753903,https://heasarc.gsfc.nasa.gov/FTP/xte/data/archive/AO3/P30033/30033-01-02-00G/stdprod/,data\raw\spectra\30033-01-02-00G\xp30033010200G_s2.pha.gz,data\raw\spectra\30033-01-02-00G\xp30033010200G_b2.pha.gz,data\raw\spectra\30033-01-02-00G\xp30033010200G.rsp.gz,2001-06-15T05:15:12,52075.218883824426,4448.0,4448.0,3,1,2,HER_X-1,5.7905745997743736e-06,count,TOTAL/COUNT,TOTAL/COUNT,False,0,1.0,PCU3,1.4055225592344343,0.01654659847122302,1.0168249949062165,0.0026820840827338132,0.01654659847122302,0.02518837904676259,1,4448.0,96.01978417266187,std1_gof_recipe,199.57440951557138,0.18727219818232824,1065.6916053351695,205.17056715744602,8.898435261260268,0.04337091515876003,0.9905680154427403,0,accepted,,True
30033-01-03-001,HERX1,NS,7,0,52244.82882,8688.0,1,357.2799987792969,https://heasarc.gsfc.nasa.gov/FTP/xte/data/archive/AO3/P30033/30033-01-03-001/stdprod/,data\raw\spectra\30033-01-03-001\xp300330103001_s2.pha.gz,data\raw\spectra\30033-01-03-001\xp300330103001_b2.pha.gz,data\raw\spectra\30033-01-03-001\xp300330103001.rsp.gz,2001-12-01T16:37:36,52244.71397641701,8879.99999999924,8879.99999999924,2,1,5,HER_X-1,5.7905745997743736e-06,count,TOTAL/COUNT,TOTAL/COUNT,False,0,1.0,PCU2,0.2236695638213746,0.016081907986111112,1.0163447629600901,0.003875769144144476,0.016081907986111112,0.02254467361111111,2,8640.0,71.80850694444445,std1_gof_recipe,287.5152805603396,0.15643513811272863,1837.9200736419805,292.47174184916736,9.580255575400042,0.032756175057557325,0.936080931287735,0,accepted,,True
60017-03-01-09,HERX1,NS,8,0,52262.34054,1834.0,2,14.220000267028809,https://heasarc.gsfc.nasa.gov/FTP/xte/data/archive/AO6/P60017/60017-03-01-09/stdprod/,data\raw\spectra\60017-03-01-09\xp60017030109_s2.pha.gz,data\raw\spectra\60017-03-01-09\xp60017030109_b2.pha.gz,data\raw\spectra\60017-03-01-09\xp60017030109.rsp.gz,2001-12-19T07:56:32,52262.33092086146,1840.0,1840.0,23,2,1,HER_X-1:SHORT_HIGH,5.7905745997743736e-06,count,TOTAL/COUNT,TOTAL/COUNT,False,0,1.0,PCU2,0.22051044493854732,0.010858587862318842,1.0109777911722975,0.00037957336956521737,0.010858587862318842,0.016941267210144925,3,1840.0,67.58532608695653,std1_gof_recipe,12.456432655995169,0.07445900268241983,167.2924993250843,20.927864655679183,8.606691268130191,0.4112551093832977,1.1917294362048625,0,accepted,,True
60017-03-02-02,HERX1,NS,9,0,52266.11398,3322.0,1,11.710000038146973,https://heasarc.gsfc.nasa.gov/FTP/xte/data/archive/AO6/P60017/60017-03-02-02/stdprod/,data\raw\spectra\60017-03-02-02\xp60017030202_s2.pha.gz,data\raw\spectra\60017-03-02-02\xp60017030202_b2.pha.gz,data\raw\spectra\60017-03-02-02\xp60017030202.rsp.gz,2001-12-23T02:00:00,52266.08332826887,3376.0,3376.0,2,1,1,HER_X-1:SHORT_HIGH,5.7905745997743736e-06,count,TOTAL/COUNT,TOTAL/COUNT,False,0,1.0,PCU2,0.21980741721778685,0.013973657602163462,1.014171687916757,0.0003797215639810427,0.013973657602163462,0.021932843299278845,4,3328.0,88.43539663461539,std1_gof_recipe,9.967972071647534,0.07645819962539545,130.37152483952408,19.286913946761416,9.458230903831014,0.49039628267845325,1.8718991084467205,0,accepted,,True
70010-01-02-01,HERX1,NS,10,0,52492.80148,3040.0,1,438.3800048828125,https://heasarc.gsfc.nasa.gov/FTP/xte/data/archive/AO7/P70010/70010-01-02-01/stdprod/,data\raw\spectra\70010-01-02-01\xp70010010201_s2.pha.gz,data\raw\spectra\70010-01-02-01\xp70010010201_b2.pha.gz,data\raw\spectra\70010-01-02-01\xp70010010201.rsp.gz,2002-08-06T18:41:36,52492.77888382442,3040.00000000001,3040.00000000001,2,1,1,HER_X-1,5.7905745997743736e-06,count,TOTAL/COUNT,TOTAL/COUNT,False,0,1.0,PCU2,0.18013462255804313,0.015467859868421053,1.0157108734574718,0.004670378289473669,0.015467859868421053,0.021392021052631577,5,3040.0,65.82401315789474,std1_gof_recipe,353.09049180865,0.30325244626872694,1164.3450733972286,356.4838081281827,8.854870567700807,0.02483947479745508,0.9426668618535254,0,accepted,,True
70011-02-02-08,HERX1,NS,11,0,52602.55148,13024.0,1,144.75999450683594,https://heasarc.gsfc.nasa.gov/FTP/xte/data/archive/AO7/P70011/70011-02-02-08/stdprod/,data\raw\spectra\70011-02-02-08\xp70011020208_s2.pha.gz,data\raw\spectra\70011-02-02-08\xp70011020208_b2.pha.gz,data\raw\spectra\70011-02-02-08\xp70011020208.rsp.gz,2002-11-24T10:24:48,52602.4338953985,12975.9999999983,12975.9999999983,2,1,7,HER_X-1:LATE_MH,5.7905745997743736e-06,count,TOTAL/COUNT,TOTAL/COUNT,False,0,1.0,PCU2,0.16082553627581575,0.010865373766954378,1.0109847269307852,0.001719069050555096,0.010865373766954378,0.016218080764488288,5,12976.0,59.47452219482121,std1_gof_recipe,124.48197629593389,0.09159097653074796,1359.1074253274733,132.4792470601928,9.349813963963408,0.07057568767518176,1.2985681402376767,0,accepted,,True
80014-01-02-00,HERX1,NS,12,0,53046.21163,2223.0,2,9.510000228881836,https://heasarc.gsfc.nasa.gov/FTP/xte/data/archive/AO8/P80014/80014-01-02-00/stdprod/,data\raw\spectra\80014-01-02-00\xp80014010200_s2.pha.gz,data\raw\spectra\80014-01-02-00\xp80014010200_b2.pha.gz,data\raw\spectra\80014-01-02-00\xp80014010200.rsp.gz,2004-02-11T04:45:36,53046.198548176275,2224.0,2224.0,23,2,1,HER_X-1,5.7905745997743736e-06,count,TOTAL/COUNT,TOTAL/COUNT,False,0,1.0,PCU2,0.08287511578576101,0.010335891037170263,1.0104438374025733,0.0003551506294964029,0.010335891037170263,0.01597984337529976,3,2224.0,62.71058153477218,std1_gof_recipe,8.009750664252445,0.07204146308075934,111.18250965105219,17.224742149580972,9.297779395429142,0.5397920801766737,1.0542176451849852,0,accepted,,True
91053-01-01-01,HERX1,NS,13,0,53529.04367,1280.0,1,28.3799991607666,https://heasarc.gsfc.nasa.gov/FTP/xte/data/archive/AO10/P91053/91053-01-01-01/stdprod/,data\raw\spectra\91053-01-01-01\xp91053010101_s2.pha.gz,data\raw\spectra\91053-01-01-01\xp91053010101_b2.pha.gz,data\raw\spectra\91053-01-01-01\xp91053010101.rsp.gz,2005-06-08T00:37:52,53529.026302805905,1280.0,1280.0,2,1,2,HER_X-1,0.0005978317916561101,count,TOTAL/COUNT,TOTAL/COUNT,False,0,1.0,PCU2,0.0019307457451560595,0.01655176819620253,1.0168303400839351,0.0005579375000000001,0.01655176819620253,0.025271977848101264,2,1264.0,96.89121835443038,std1_gof_recipe,25.327916929806754,0.18933067008207563,133.77609089339302,34.72458241722127,9.81588729732935,0.28267833949419274,1.4917500921054054,0,accepted,,True
96308-01-01-000,HERX1,NS,14,0,55564.91476,16472.0,1,342.8800048828125,https://heasarc.gsfc.nasa.gov/FTP/xte/data/archive/AO15/P96308/96308-01-01-000/stdprod/,data\raw\spectra\96308-01-01-000\xp963080101000_s2.pha.gz,data\raw\spectra\96308-01-01-000\xp963080101000_b2.pha.gz,data\raw\spectra\96308-01-01-000\xp963080101000.rsp.gz,2011-01-03T17:57:04,55564.74795789847,16655.9999999974,16655.9999999974,2,1,8,HER_X-1,0.0003155476247943925,count,TOTAL/COUNT,TOTAL/COUNT,False,0,1.0,PCU2,0.3588363335645397,0.010566394557823131,1.0106792355744791,0.0037314697406345887,0.010566394557823131,0.014524151482021382,3,16464.0,43.97507693553612,std1_gof_recipe,276.2118567545173,0.10453849607921033,2642.2023188972184,282.8780904061181,9.58479711161785,0.03388313707101633,0.9680233972116637,0,accepted,,True
