obs_id,file,url,size_MB,mode,tddes2,timedel,qualifies,chosen,source_id,label,sample,role
90428-01-01-07,SE7_15013fb0-15014a94.evt.gz,https://heasarc.gsfc.nasa.gov/FTP/xte/data/archive/AO9/P90428/90428-01-01-07/pca/SE7_15013fb0-15014a94.evt.gz,6.9,E_125us_64M_0_1s,D[0~4] & E[X1L^X1R^X2L^X2R^X3L^X3R] & C[0~249],0.0001220703125,True,True,GROJ1655-40,BH,S1,S1
91702-01-81-00,SE2_160b3dc0-160b4b4c.evt.gz,https://heasarc.gsfc.nasa.gov/FTP/xte/data/archive/AO10/P91702/91702-01-81-00/pca/SE2_160b3dc0-160b4b4c.evt.gz,3.5,E_62us_32M_36_1s,D[0~4] & E[X1L^X1R^X2L^X2R^X3L^X3R] & C[36~249],6.103515625e-05,False,False,GROJ1655-40,BH,S1,S1
91702-01-81-00,SE7_160b3d50-160b3db4.evt.gz,https://heasarc.gsfc.nasa.gov/FTP/xte/data/archive/AO10/P91702/91702-01-81-00/pca/SE7_160b3d50-160b3db4.evt.gz,0.051000000000000004,E_500us_64M_0_1s,D[0~4] & E[X1L^X1R^X2L^X2R^X3L^X3R] & C[0~249],0.00048828125,False,False,GROJ1655-40,BH,S1,S1
91702-01-86-04,SE2_1612c180-1612c96c.evt.gz,https://heasarc.gsfc.nasa.gov/FTP/xte/data/archive/AO10/P91702/91702-01-86-04/pca/SE2_1612c180-1612c96c.evt.gz,1.0,E_62us_32M_36_1s,D[0~4] & E[X1L^X1R^X2L^X2R^X3L^X3R] & C[36~249],6.103515625e-05,False,False,GROJ1655-40,BH,S1,S1
50703-01-62-01,SE2_df8cd92-df8d3c0.evt.gz,https://heasarc.gsfc.nasa.gov/FTP/xte/data/archive/AO5/P50703/50703-01-62-01/pca/SE2_df8cd92-df8d3c0.evt.gz,2.5,E_16us_16B_36_1s,D[0~4] & E[X1L^X1R^X2L^X2R^X3L^X3R] & C[36~249],1.52587890625e-05,False,False,GRS1915+105,BH,S1,S1
70702-01-02-00,SE2_fb3ca70-fb3d82c.evt.gz,https://heasarc.gsfc.nasa.gov/FTP/xte/data/archive/AO7/P70702/70702-01-02-00/pca/SE2_fb3ca70-fb3d82c.evt.gz,4.7,E_16us_16B_36_1s,D[0~4] & E[X1L^X1R^X2L^X2R^X3L^X3R] & C[36~249],1.52587890625e-05,False,False,GRS1915+105,BH,S1,S1
70702-01-02-00,SE2_fb3e0b0-fb3e420.evt.gz,https://heasarc.gsfc.nasa.gov/FTP/xte/data/archive/AO7/P70702/70702-01-02-00/pca/SE2_fb3e0b0-fb3e420.evt.gz,1.2,E_16us_16B_36_1s,D[0~4] & E[X1L^X1R^X2L^X2R^X3L^X3R] & C[36~249],1.52587890625e-05,False,False,GRS1915+105,BH,S1,S1
70702-01-02-00,SE2_fb3eb70-fb3ee70.evt.gz,https://heasarc.gsfc.nasa.gov/FTP/xte/data/archive/AO7/P70702/70702-01-02-00/pca/SE2_fb3eb70-fb3ee70.evt.gz,1.0,E_16us_16B_36_1s,D[0~4] & E[X1L^X1R^X2L^X2R^X3L^X3R] & C[36~249],1.52587890625e-05,False,False,GRS1915+105,BH,S1,S1
70702-01-21-01,SE2_10640b9d-10641520.evt.gz,https://heasarc.gsfc.nasa.gov/FTP/xte/data/archive/AO7/P70702/70702-01-21-01/pca/SE2_10640b9d-10641520.evt.gz,3.8,E_16us_16B_36_1s,D[0~4] & E[X1L^X1R^X2L^X2R^X3L^X3R] & C[36~249],1.52587890625e-05,False,False,GRS1915+105,BH,S1,S1
90701-01-16-00,SE2_13c518ee-13c52074.evt.gz,https://heasarc.gsfc.nasa.gov/FTP/xte/data/archive/AO9/P90701/90701-01-16-00/pca/SE2_13c518ee-13c52074.evt.gz,2.2,E_16us_16B_36_1s,D[0~4] & E[X1L^X1R^X2L^X2R^X3L^X3R] & C[36~249],1.52587890625e-05,False,False,GRS1915+105,BH,S1,S1
92702-01-06-00,SE2_1717bb10-1717c09d.evt.gz,https://heasarc.gsfc.nasa.gov/FTP/xte/data/archive/AO11/P92702/92702-01-06-00/pca/SE2_1717bb10-1717c09d.evt.gz,1.8,E_16us_16B_36_1s,D[0~4] & E[X1L^X1R^X2L^X2R^X3L^X3R] & C[36~249],1.52587890625e-05,False,False,GRS1915+105,BH,S1,S1
80701-01-53-00,SE2_186eece5-186ef321.evt.gz,https://heasarc.gsfc.nasa.gov/FTP/xte/data/archive/AO8/P80701/80701-01-53-00/pca/SE2_186eece5-186ef321.evt.gz,3.6,E_16us_16B_36_1s,D[0~4] & E[X1L^X1R^X2L^X2R^X3L^X3R] & C[36~249],1.52587890625e-05,False,False,GRS1915+105,BH,S1,S1
50135-01-02-00,SE1_bfedc61-bfee370.evt.gz,https://heasarc.gsfc.nasa.gov/FTP/xte/data/archive/AO5/P50135/50135-01-02-00/pca/SE1_bfedc61-bfee370.evt.gz,2.5,E_8us_32M_36_1s,D[0~4] & E[X1L^X1R^X2L^X2R^X3L^X3R] & C[36~249],7.62939453125e-06,False,False,XTEJ1550-564,BH,S1,S1
50135-01-08-00,SE1_c0a04d0-c0a08b8.evt.gz,https://heasarc.gsfc.nasa.gov/FTP/xte/data/archive/AO5/P50135/50135-01-08-00/pca/SE1_c0a04d0-c0a08b8.evt.gz,2.5,E_125us_64M_0_1s,D[0~4] & E[X1L^X1R^X2L^X2R^X3L^X3R] & C[0~249],0.0001220703125,True,True,XTEJ1550-564,BH,S1,S1
50135-01-08-00,SE7_c0a0460-c0a04bc.evt.gz,https://heasarc.gsfc.nasa.gov/FTP/xte/data/archive/AO5/P50135/50135-01-08-00/pca/SE7_c0a0460-c0a04bc.evt.gz,0.241,E_500us_64M_0_1s,D[0~4] & E[X1L^X1R^X2L^X2R^X3L^X3R] & C[0~249],0.00048828125,False,False,XTEJ1550-564,BH,S1,S1
50135-01-15-00,SE1_c1aff12-c1b049c.evt.gz,https://heasarc.gsfc.nasa.gov/FTP/xte/data/archive/AO5/P50135/50135-01-15-00/pca/SE1_c1aff12-c1b049c.evt.gz,1.8,E_125us_64M_0_1s,D[0~4] & E[X1L^X1R^X2L^X2R^X3L^X3R] & C[0~249],0.0001220703125,True,True,XTEJ1550-564,BH,S1,S1
50135-01-19-00,SE1_c25c6d9-c25d020.evt.gz,https://heasarc.gsfc.nasa.gov/FTP/xte/data/archive/AO5/P50135/50135-01-19-00/pca/SE1_c25c6d9-c25d020.evt.gz,2.2,E_125us_64M_0_1s,D[0~4] & E[X1L^X1R^X2L^X2R^X3L^X3R] & C[0~249],0.0001220703125,True,True,XTEJ1550-564,BH,S1,S1
50135-01-23-00,SE1_c2ab225-c2aba40.evt.gz,https://heasarc.gsfc.nasa.gov/FTP/xte/data/archive/AO5/P50135/50135-01-23-00/pca/SE1_c2ab225-c2aba40.evt.gz,1.5,E_125us_64M_0_1s,D[0~4] & E[X1L^X1R^X2L^X2R^X3L^X3R] & C[0~249],0.0001220703125,True,True,XTEJ1550-564,BH,S1,S1
50137-02-09-00,SE1_d5633a1-d563d90.evt.gz,https://heasarc.gsfc.nasa.gov/FTP/xte/data/archive/AO5/P50137/50137-02-09-00/pca/SE1_d5633a1-d563d90.evt.gz,6.0,E_125us_64M_0_1s,D[0~4] & E[X1L^X1R^X2L^X2R^X3L^X3R] & C[0~249],0.0001220703125,True,True,XTEJ1550-564,BH,S1,S1
60428-01-03-00,SE7_f1ed188-f1ee1b7.evt.gz,https://heasarc.gsfc.nasa.gov/FTP/xte/data/archive/AO6/P60428/60428-01-03-00/pca/SE7_f1ed188-f1ee1b7.evt.gz,24.0,E_125us_64M_0_1s,D[0~4] & E[X1L^X1R^X2L^X2R^X3L^X3R] & C[0~249],0.0001220703125,True,True,XTEJ1550-564,BH,S1,S1
60428-01-05-00,SE7_f24924e-f249d9d.evt.gz,https://heasarc.gsfc.nasa.gov/FTP/xte/data/archive/AO6/P60428/60428-01-05-00/pca/SE7_f24924e-f249d9d.evt.gz,9.5,E_125us_64M_0_1s,D[0~4] & E[X1L^X1R^X2L^X2R^X3L^X3R] & C[0~249],0.0001220703125,True,True,XTEJ1550-564,BH,S1,S1
60428-01-09-00,SE7_f2e80bd-f2e8a79.evt.gz,https://heasarc.gsfc.nasa.gov/FTP/xte/data/archive/AO6/P60428/60428-01-09-00/pca/SE7_f2e80bd-f2e8a79.evt.gz,3.4,E_125us_64M_0_1s,D[0~4] & E[X1L^X1R^X2L^X2R^X3L^X3R] & C[0~249],0.0001220703125,True,True,XTEJ1550-564,BH,S1,S1
60428-01-15-00,SE7_f3f39a1-f3f42dc.evt.gz,https://heasarc.gsfc.nasa.gov/FTP/xte/data/archive/AO6/P60428/60428-01-15-00/pca/SE7_f3f39a1-f3f42dc.evt.gz,1.7,E_125us_64M_0_1s,D[0~4] & E[X1L^X1R^X2L^X2R^X3L^X3R] & C[0~249],0.0001220703125,True,True,XTEJ1550-564,BH,S1,S1
60428-01-15-00,SE7_f3f4760-f3f478c.evt.gz,https://heasarc.gsfc.nasa.gov/FTP/xte/data/archive/AO6/P60428/60428-01-15-00/pca/SE7_f3f4760-f3f478c.evt.gz,0.023,E_125us_64M_0_1s,D[0~4] & E[X1L^X1R^X2L^X2R^X3L^X3R] & C[0~249],0.0001220703125,True,True,XTEJ1550-564,BH,S1,S1
80135-01-01-01,,,,,,,False,False,XTEJ1550-564,BH,S1,S1
80135-01-02-01,SE1_116361a0-116369bc.evt.gz,https://heasarc.gsfc.nasa.gov/FTP/xte/data/archive/AO8/P80135/80135-01-02-01/pca/SE1_116361a0-116369bc.evt.gz,8.5,E_125us_64M_0_1s,D[0~4] & E[X1L^X1R^X2L^X2R^X3L^X3R] & C[0~249],0.0001220703125,True,True,XTEJ1550-564,BH,S1,S1
80135-01-03-10,SE1_116b5d9a-116b693c.evt.gz,https://heasarc.gsfc.nasa.gov/FTP/xte/data/archive/AO8/P80135/80135-01-03-10/pca/SE1_116b5d9a-116b693c.evt.gz,18.0,E_125us_64M_0_1s,D[0~4] & E[X1L^X1R^X2L^X2R^X3L^X3R] & C[0~249],0.0001220703125,True,True,XTEJ1550-564,BH,S1,S1
80135-01-04-02,SE1_1172ee38-1172f47c.evt.gz,https://heasarc.gsfc.nasa.gov/FTP/xte/data/archive/AO8/P80135/80135-01-04-02/pca/SE1_1172ee38-1172f47c.evt.gz,7.0,E_125us_64M_0_1s,D[0~4] & E[X1L^X1R^X2L^X2R^X3L^X3R] & C[0~249],0.0001220703125,True,True,XTEJ1550-564,BH,S1,S1
80135-01-04-02,SE1_1172fb20-11730ac0.evt.gz,https://heasarc.gsfc.nasa.gov/FTP/xte/data/archive/AO8/P80135/80135-01-04-02/pca/SE1_1172fb20-11730ac0.evt.gz,18.0,E_125us_64M_0_1s,D[0~4] & E[X1L^X1R^X2L^X2R^X3L^X3R] & C[0~249],0.0001220703125,True,True,XTEJ1550-564,BH,S1,S1
80135-01-04-02,SE1_11733db0-11734d50.evt.gz,https://heasarc.gsfc.nasa.gov/FTP/xte/data/archive/AO8/P80135/80135-01-04-02/pca/SE1_11733db0-11734d50.evt.gz,24.0,E_125us_64M_0_1s,D[0~4] & E[X1L^X1R^X2L^X2R^X3L^X3R] & C[0~249],0.0001220703125,True,True,XTEJ1550-564,BH,S1,S1
80135-01-04-02,SE1_11731160-11732104.evt.gz,https://heasarc.gsfc.nasa.gov/FTP/xte/data/archive/AO8/P80135/80135-01-04-02/pca/SE1_11731160-11732104.evt.gz,23.0,E_125us_64M_0_1s,D[0~4] & E[X1L^X1R^X2L^X2R^X3L^X3R] & C[0~249],0.0001220703125,True,True,XTEJ1550-564,BH,S1,S1
80135-01-04-02,SE1_11732760-1173370c.evt.gz,https://heasarc.gsfc.nasa.gov/FTP/xte/data/archive/AO8/P80135/80135-01-04-02/pca/SE1_11732760-1173370c.evt.gz,18.0,E_125us_64M_0_1s,D[0~4] & E[X1L^X1R^X2L^X2R^X3L^X3R] & C[0~249],0.0001220703125,True,True,XTEJ1550-564,BH,S1,S1
80135-01-05-10,SE1_117e88f0-117e941c.evt.gz,https://heasarc.gsfc.nasa.gov/FTP/xte/data/archive/AO8/P80135/80135-01-05-10/pca/SE1_117e88f0-117e941c.evt.gz,8.4,E_125us_64M_0_1s,D[0~4] & E[X1L^X1R^X2L^X2R^X3L^X3R] & C[0~249],0.0001220703125,True,True,XTEJ1550-564,BH,S1,S1
80135-01-05-10,SE1_117e8135-117e85d0.evt.gz,https://heasarc.gsfc.nasa.gov/FTP/xte/data/archive/AO8/P80135/80135-01-05-10/pca/SE1_117e8135-117e85d0.evt.gz,3.4,E_125us_64M_0_1s,D[0~4] & E[X1L^X1R^X2L^X2R^X3L^X3R] & C[0~249],0.0001220703125,True,True,XTEJ1550-564,BH,S1,S1
70133-01-31-01,SE2_1016d70f-1016dc88.evt.gz,https://heasarc.gsfc.nasa.gov/FTP/xte/data/archive/AO7/P70133/70133-01-31-01/pca/SE2_1016d70f-1016dc88.evt.gz,1.1,E_16us_16B_36_1s,D[0~4] & E[X1L^X1R^X2L^X2R^X3L^X3R] & C[36~249],1.52587890625e-05,False,False,4U1543-47,BH,S1,S1
70128-01-01-01,SE1_101bddb0-101bebec.evt.gz,https://heasarc.gsfc.nasa.gov/FTP/xte/data/archive/AO7/P70128/70128-01-01-01/pca/SE1_101bddb0-101bebec.evt.gz,12.0,E_125us_64M_0_1s,D[0~4] & E[X1L^X1R^X2L^X2R^X3L^X3R] & C[0~249],0.0001220703125,True,True,4U1543-47,BH,S1,S1
70124-02-09-00,SE1_102375a0-10237c90.evt.gz,https://heasarc.gsfc.nasa.gov/FTP/xte/data/archive/AO7/P70124/70124-02-09-00/pca/SE1_102375a0-10237c90.evt.gz,1.7,E_125us_64M_0_1s,D[0~4] & E[X1L^X1R^X2L^X2R^X3L^X3R] & C[0~249],0.0001220703125,True,True,4U1543-47,BH,S1,S1
70124-02-10-00,SE1_10251847-10251f28.evt.gz,https://heasarc.gsfc.nasa.gov/FTP/xte/data/archive/AO7/P70124/70124-02-10-00/pca/SE1_10251847-10251f28.evt.gz,1.5,E_125us_64M_0_1s,D[0~4] & E[X1L^X1R^X2L^X2R^X3L^X3R] & C[0~249],0.0001220703125,True,True,4U1543-47,BH,S1,S1
70124-02-14-00,SE1_102a8cd0-102a9084.evt.gz,https://heasarc.gsfc.nasa.gov/FTP/xte/data/archive/AO7/P70124/70124-02-14-00/pca/SE1_102a8cd0-102a9084.evt.gz,0.47400000000000003,E_125us_64M_0_1s,D[0~4] & E[X1L^X1R^X2L^X2R^X3L^X3R] & C[0~249],0.0001220703125,True,True,4U1543-47,BH,S1,S1
70124-02-14-00,SE1_102a8270-102a8634.evt.gz,https://heasarc.gsfc.nasa.gov/FTP/xte/data/archive/AO7/P70124/70124-02-14-00/pca/SE1_102a8270-102a8634.evt.gz,0.906,E_125us_64M_0_1s,D[0~4] & E[X1L^X1R^X2L^X2R^X3L^X3R] & C[0~249],0.0001220703125,True,True,4U1543-47,BH,S1,S1
80102-04-56-00,,,,,,,False,False,GX339-4,BH,S1,S1
80132-01-22-00,SE1_1365cd20-1365d894.evt.gz,https://heasarc.gsfc.nasa.gov/FTP/xte/data/archive/AO8/P80132/80132-01-22-00/pca/SE1_1365cd20-1365d894.evt.gz,7.7,E_125us_64M_0_1s,D[0~4] & E[X1L^X1R^X2L^X2R^X3L^X3R] & C[0~249],0.0001220703125,True,True,GX339-4,BH,S1,S1
80132-01-22-00,SE7_1365ccb0-1365cd18.evt.gz,https://heasarc.gsfc.nasa.gov/FTP/xte/data/archive/AO8/P80132/80132-01-22-00/pca/SE7_1365ccb0-1365cd18.evt.gz,0.051000000000000004,E_500us_64M_0_1s,D[0~4] & E[X1L^X1R^X2L^X2R^X3L^X3R] & C[0~249],0.00048828125,False,False,GX339-4,BH,S1,S1
92034-08-01-00,SE7_175b90fb-175b9e99.evt.gz,https://heasarc.gsfc.nasa.gov/FTP/xte/data/archive/AO11/P92034/92034-08-01-00/pca/SE7_175b90fb-175b9e99.evt.gz,2.3,E_125us_64M_0_1s,D[0~4] & E[X1L^X1R^X2L^X2R^X3L^X3R] & C[0~249],0.0001220703125,True,True,GX339-4,BH,S1,S1
92035-01-03-03,SE1_18aaf757-18ab04b5.evt.gz,https://heasarc.gsfc.nasa.gov/FTP/xte/data/archive/AO11/P92035/92035-01-03-03/pca/SE1_18aaf757-18ab04b5.evt.gz,43.0,E_125us_64M_0_1s,D[0~4] & E[X1L^X1R^X2L^X2R^X3L^X3R] & C[0~249],0.0001220703125,True,True,GX339-4,BH,S1,S1
92704-03-13-00,SE1_19292a73-19292e85.evt.gz,https://heasarc.gsfc.nasa.gov/FTP/xte/data/archive/AO11/P92704/92704-03-13-00/pca/SE1_19292a73-19292e85.evt.gz,2.7,E_125us_64M_0_1s,D[0~4] & E[X1L^X1R^X2L^X2R^X3L^X3R] & C[0~249],0.0001220703125,True,True,GX339-4,BH,S1,S1
92704-03-22-00,SE1_193e7cf7-193e8285.evt.gz,https://heasarc.gsfc.nasa.gov/FTP/xte/data/archive/AO11/P92704/92704-03-22-00/pca/SE1_193e7cf7-193e8285.evt.gz,1.6,E_125us_64M_0_1s,D[0~4] & E[X1L^X1R^X2L^X2R^X3L^X3R] & C[0~249],0.0001220703125,True,True,GX339-4,BH,S1,S1
92704-03-45-01,SE1_196ad210-196ad6b9.evt.gz,https://heasarc.gsfc.nasa.gov/FTP/xte/data/archive/AO11/P92704/92704-03-45-01/pca/SE1_196ad210-196ad6b9.evt.gz,0.93,E_125us_64M_0_1s,D[0~4] & E[X1L^X1R^X2L^X2R^X3L^X3R] & C[0~249],0.0001220703125,True,True,GX339-4,BH,S1,S1
92704-03-45-01,SE7_196ad1a0-196ad209.evt.gz,https://heasarc.gsfc.nasa.gov/FTP/xte/data/archive/AO11/P92704/92704-03-45-01/pca/SE7_196ad1a0-196ad209.evt.gz,0.0037,E_500us_64M_0_1s,D[0~4] & E[X1L^X1R^X2L^X2R^X3L^X3R] & C[0~249],0.00048828125,False,False,GX339-4,BH,S1,S1
93108-01-01-02,SE2_1b84285d-1b842f45.evt.gz,https://heasarc.gsfc.nasa.gov/FTP/xte/data/archive/AO12/P93108/93108-01-01-02/pca/SE2_1b84285d-1b842f45.evt.gz,0.5650000000000001,E_62us_32M_36_1s,D[0~4] & E[X1L^X1R^X2L^X2R^X3L^X3R] & C[36~249],6.103515625e-05,False,False,GX339-4,BH,S1,S1
60113-01-06-00,SE1_e792ce2-e7935ec.evt.gz,https://heasarc.gsfc.nasa.gov/FTP/xte/data/archive/AO6/P60113/60113-01-06-00/pca/SE1_e792ce2-e7935ec.evt.gz,70.0,E_125us_64M_0_1s,D[0~4] & E[X1L^X1R^X2L^X2R^X3L^X3R] & C[0~249],0.0001220703125,True,True,XTEJ1650-500,BH,S1,S1
60113-01-09-00,SE1_e7e810b-e7e890c.evt.gz,https://heasarc.gsfc.nasa.gov/FTP/xte/data/archive/AO6/P60113/60113-01-09-00/pca/SE1_e7e810b-e7e890c.evt.gz,45.0,E_125us_64M_0_1s,D[0~4] & E[X1L^X1R^X2L^X2R^X3L^X3R] & C[0~249],0.0001220703125,True,True,XTEJ1650-500,BH,S1,S1
60113-01-11-01,SE1_e811f11-e812798.evt.gz,https://heasarc.gsfc.nasa.gov/FTP/xte/data/archive/AO6/P60113/60113-01-11-01/pca/SE1_e811f11-e812798.evt.gz,46.0,E_125us_64M_0_1s,D[0~4] & E[X1L^X1R^X2L^X2R^X3L^X3R] & C[0~249],0.0001220703125,True,True,XTEJ1650-500,BH,S1,S1
60118-02-14-00,SE1_ed9f3f0-ed9fb5c.evt.gz,https://heasarc.gsfc.nasa.gov/FTP/xte/data/archive/AO6/P60118/60118-02-14-00/pca/SE1_ed9f3f0-ed9fb5c.evt.gz,8.2,E_125us_64M_0_1s,D[0~4] & E[X1L^X1R^X2L^X2R^X3L^X3R] & C[0~249],0.0001220703125,True,True,XTEJ1650-500,BH,S1,S1
60118-02-14-00,SE7_ed9f380-ed9f3dc.evt.gz,https://heasarc.gsfc.nasa.gov/FTP/xte/data/archive/AO6/P60118/60118-02-14-00/pca/SE7_ed9f380-ed9f3dc.evt.gz,0.073,E_500us_64M_0_1s,D[0~4] & E[X1L^X1R^X2L^X2R^X3L^X3R] & C[0~249],0.00048828125,False,False,XTEJ1650-500,BH,S1,S1
60118-02-20-00,SE1_f0c709d-f0c7834.evt.gz,https://heasarc.gsfc.nasa.gov/FTP/xte/data/archive/AO6/P60118/60118-02-20-00/pca/SE1_f0c709d-f0c7834.evt.gz,1.7,E_125us_64M_0_1s,D[0~4] & E[X1L^X1R^X2L^X2R^X3L^X3R] & C[0~249],0.0001220703125,True,True,XTEJ1650-500,BH,S1,S1
60118-02-28-00,SE1_f224fc1-f225730.evt.gz,https://heasarc.gsfc.nasa.gov/FTP/xte/data/archive/AO6/P60118/60118-02-28-00/pca/SE1_f224fc1-f225730.evt.gz,2.3,E_125us_64M_0_1s,D[0~4] & E[X1L^X1R^X2L^X2R^X3L^X3R] & C[0~249],0.0001220703125,True,True,XTEJ1650-500,BH,S1,S1
70124-01-02-00,SE1_f49c349-f49d134.evt.gz,https://heasarc.gsfc.nasa.gov/FTP/xte/data/archive/AO7/P70124/70124-01-02-00/pca/SE1_f49c349-f49d134.evt.gz,3.4,E_125us_64M_0_1s,D[0~4] & E[X1L^X1R^X2L^X2R^X3L^X3R] & C[0~249],0.0001220703125,True,True,XTEJ1650-500,BH,S1,S1
50407-01-07-01,SE1_c050e85-c0515b0.evt.gz,https://heasarc.gsfc.nasa.gov/FTP/xte/data/archive/AO5/P50407/50407-01-07-01/pca/SE1_c050e85-c0515b0.evt.gz,4.1,E_125us_64M_0_1s,D[0~4] & E[X1L^X1R^X2L^X2R^X3L^X3R] & C[0~249],0.0001220703125,True,True,XTEJ1118+480,BH,S1,S1
50407-01-09-00,SE1_c15338b-c1538c8.evt.gz,https://heasarc.gsfc.nasa.gov/FTP/xte/data/archive/AO5/P50407/50407-01-09-00/pca/SE1_c15338b-c1538c8.evt.gz,2.9,E_125us_64M_0_1s,D[0~4] & E[X1L^X1R^X2L^X2R^X3L^X3R] & C[0~249],0.0001220703125,True,True,XTEJ1118+480,BH,S1,S1
50407-01-10-01,SE1_c2476d0-c247db0.evt.gz,https://heasarc.gsfc.nasa.gov/FTP/xte/data/archive/AO5/P50407/50407-01-10-01/pca/SE1_c2476d0-c247db0.evt.gz,3.8,E_125us_64M_0_1s,D[0~4] & E[X1L^X1R^X2L^X2R^X3L^X3R] & C[0~249],0.0001220703125,True,True,XTEJ1118+480,BH,S1,S1
50133-01-05-00,SE2_c309bf0-c30a414.evt.gz,https://heasarc.gsfc.nasa.gov/FTP/xte/data/archive/AO5/P50133/50133-01-05-00/pca/SE2_c309bf0-c30a414.evt.gz,1.7,E_16us_16B_36_1s,D[0~4] & E[X1L^X1R^X2L^X2R^X3L^X3R] & C[36~249],1.52587890625e-05,False,False,XTEJ1118+480,BH,S1,S1
50133-01-05-00,SE2_c308571-c309334.evt.gz,https://heasarc.gsfc.nasa.gov/FTP/xte/data/archive/AO5/P50133/50133-01-05-00/pca/SE2_c308571-c309334.evt.gz,2.1,E_16us_16B_36_1s,D[0~4] & E[X1L^X1R^X2L^X2R^X3L^X3R] & C[36~249],1.52587890625e-05,False,False,XTEJ1118+480,BH,S1,S1
50407-01-13-02,SE1_c401c08-c402484.evt.gz,https://heasarc.gsfc.nasa.gov/FTP/xte/data/archive/AO5/P50407/50407-01-13-02/pca/SE1_c401c08-c402484.evt.gz,4.7,E_125us_64M_0_1s,D[0~4] & E[X1L^X1R^X2L^X2R^X3L^X3R] & C[0~249],0.0001220703125,True,True,XTEJ1118+480,BH,S1,S1
50133-01-04-01,SE2_c42d2f2-c42db34.evt.gz,https://heasarc.gsfc.nasa.gov/FTP/xte/data/archive/AO5/P50133/50133-01-04-01/pca/SE2_c42d2f2-c42db34.evt.gz,1.7,E_16us_16B_36_1s,D[0~4] & E[X1L^X1R^X2L^X2R^X3L^X3R] & C[36~249],1.52587890625e-05,False,False,XTEJ1118+480,BH,S1,S1
50407-01-14-02,SE1_c5936ea-c59470c.evt.gz,https://heasarc.gsfc.nasa.gov/FTP/xte/data/archive/AO5/P50407/50407-01-14-02/pca/SE1_c5936ea-c59470c.evt.gz,6.6,E_125us_64M_0_1s,D[0~4] & E[X1L^X1R^X2L^X2R^X3L^X3R] & C[0~249],0.0001220703125,True,True,XTEJ1118+480,BH,S1,S1
50407-01-16-00,SE1_c5ec862-c5ed5b4.evt.gz,https://heasarc.gsfc.nasa.gov/FTP/xte/data/archive/AO5/P50407/50407-01-16-00/pca/SE1_c5ec862-c5ed5b4.evt.gz,3.9,E_125us_64M_0_1s,D[0~4] & E[X1L^X1R^X2L^X2R^X3L^X3R] & C[0~249],0.0001220703125,True,True,XTEJ1118+480,BH,S1,S1
90011-01-01-08,,,,,,,False,False,XTEJ1118+480,BH,S1,S1
90011-01-01-10,,,,,,,False,False,XTEJ1118+480,BH,S1,S1
90011-01-01-05,,,,,,,False,False,XTEJ1118+480,BH,S1,S1
90111-01-02-06,,,,,,,False,False,XTEJ1118+480,BH,S1,S1
90111-01-02-15,,,,,,,False,False,XTEJ1118+480,BH,S1,S1
90111-01-02-07,,,,,,,False,False,XTEJ1118+480,BH,S1,S1
90111-01-03-02,,,,,,,False,False,XTEJ1118+480,BH,S1,S1
94087-01-16-00,SE7_1c57e9ed-1c57f182.evt.gz,https://heasarc.gsfc.nasa.gov/FTP/xte/data/archive/AO13/P94087/94087-01-16-00/pca/SE7_1c57e9ed-1c57f182.evt.gz,2.0,E_125us_64M_0_1s,D[0~4] & E[X1L^X1R^X2L^X2R^X3L^X3R] & C[0~249],0.0001220703125,True,True,4U1636-53,NS,S1,S1
94087-01-16-00,SE7_1c57f430-1c57f5ba.evt.gz,https://heasarc.gsfc.nasa.gov/FTP/xte/data/archive/AO13/P94087/94087-01-16-00/pca/SE7_1c57f430-1c57f5ba.evt.gz,0.264,E_125us_64M_0_1s,D[0~4] & E[X1L^X1R^X2L^X2R^X3L^X3R] & C[0~249],0.0001220703125,True,True,4U1636-53,NS,S1,S1
70069-01-04-03,SE7_108562dd-10856c5b.evt.gz,https://heasarc.gsfc.nasa.gov/FTP/xte/data/archive/AO7/P70069/70069-01-04-03/pca/SE7_108562dd-10856c5b.evt.gz,1.8,E_125us_64M_0_1s,D[0~4] & E[X1L^X1R^X2L^X2R^X3L^X3R] & C[0~249],0.0001220703125,True,True,4U1608-52,NS,S1,S1
90408-01-03-03,SE7_134e9ed0-134ea639.evt.gz,https://heasarc.gsfc.nasa.gov/FTP/xte/data/archive/AO9/P90408/90408-01-03-03/pca/SE7_134e9ed0-134ea639.evt.gz,2.9,E_125us_64M_0_1s,D[0~4] & E[X1L^X1R^X2L^X2R^X3L^X3R] & C[0~249],0.0001220703125,True,True,4U1608-52,NS,S1,S1
93408-01-14-00,SE7_19d9a1cb-19d9a8a6.evt.gz,https://heasarc.gsfc.nasa.gov/FTP/xte/data/archive/AO12/P93408/93408-01-14-00/pca/SE7_19d9a1cb-19d9a8a6.evt.gz,3.4,E_125us_64M_0_1s,D[0~4] & E[X1L^X1R^X2L^X2R^X3L^X3R] & C[0~249],0.0001220703125,True,True,4U1608-52,NS,S1,S1
93408-01-27-03,SE7_1a560a30-1a560e5a.evt.gz,https://heasarc.gsfc.nasa.gov/FTP/xte/data/archive/AO12/P93408/93408-01-27-03/pca/SE7_1a560a30-1a560e5a.evt.gz,2.7,E_125us_64M_0_1s,D[0~4] & E[X1L^X1R^X2L^X2R^X3L^X3R] & C[0~249],0.0001220703125,True,True,4U1608-52,NS,S1,S1
50030-03-05-03,SE7_dc1e680-dc1f29c.evt.gz,https://heasarc.gsfc.nasa.gov/FTP/xte/data/archive/AO5/P50030/50030-03-05-03/pca/SE7_dc1e680-dc1f29c.evt.gz,15.0,E_125us_64M_0_1s,D[0~4] & E[X1L^X1R^X2L^X2R^X3L^X3R] & C[0~249],0.0001220703125,True,True,4U1728-34,NS,S1,S1
92023-03-44-00,SE7_18c989c2-18c99280.evt.gz,https://heasarc.gsfc.nasa.gov/FTP/xte/data/archive/AO11/P92023/92023-03-44-00/pca/SE7_18c989c2-18c99280.evt.gz,6.9,E_125us_64M_0_1s,D[0~4] & E[X1L^X1R^X2L^X2R^X3L^X3R] & C[0~249],0.0001220703125,True,True,4U1728-34,NS,S1,S1
92023-03-49-00,SE7_18d6a456-18d6ad1e.evt.gz,https://heasarc.gsfc.nasa.gov/FTP/xte/data/archive/AO11/P92023/92023-03-49-00/pca/SE7_18d6a456-18d6ad1e.evt.gz,9.8,E_125us_64M_0_1s,D[0~4] & E[X1L^X1R^X2L^X2R^X3L^X3R] & C[0~249],0.0001220703125,True,True,4U1728-34,NS,S1,S1
92023-03-70-00,SE7_19196280-19196969.evt.gz,https://heasarc.gsfc.nasa.gov/FTP/xte/data/archive/AO11/P92023/92023-03-70-00/pca/SE7_19196280-19196969.evt.gz,9.0,E_125us_64M_0_1s,D[0~4] & E[X1L^X1R^X2L^X2R^X3L^X3R] & C[0~249],0.0001220703125,True,True,4U1728-34,NS,S1,S1
80403-01-03-00,SE7_1174a710-1174b2bc.evt.gz,https://heasarc.gsfc.nasa.gov/FTP/xte/data/archive/AO8/P80403/80403-01-03-00/pca/SE7_1174a710-1174b2bc.evt.gz,1.3,E_125us_64M_0_1s,D[0~4] & E[X1L^X1R^X2L^X2R^X3L^X3R] & C[0~249],0.0001220703125,True,True,AQLX1,NS,S1,S1
80403-01-03-00,SE7_11749110-11749e94.evt.gz,https://heasarc.gsfc.nasa.gov/FTP/xte/data/archive/AO8/P80403/80403-01-03-00/pca/SE7_11749110-11749e94.evt.gz,1.5,E_125us_64M_0_1s,D[0~4] & E[X1L^X1R^X2L^X2R^X3L^X3R] & C[0~249],0.0001220703125,True,True,AQLX1,NS,S1,S1
90017-11-06-00,,,,,,,False,False,AQLX1,NS,S1,S1
91028-01-29-00,SE7_15486440-15486f32.evt.gz,https://heasarc.gsfc.nasa.gov/FTP/xte/data/archive/AO10/P91028/91028-01-29-00/pca/SE7_15486440-15486f32.evt.gz,9.7,E_125us_64M_0_1s,D[0~4] & E[X1L^X1R^X2L^X2R^X3L^X3R] & C[0~249],0.0001220703125,True,True,AQLX1,NS,S1,S1
92438-01-02-02,SE7_194610a2-19461d3c.evt.gz,https://heasarc.gsfc.nasa.gov/FTP/xte/data/archive/AO11/P92438/92438-01-02-02/pca/SE7_194610a2-19461d3c.evt.gz,1.4,E_125us_64M_0_1s,D[0~4] & E[X1L^X1R^X2L^X2R^X3L^X3R] & C[0~249],0.0001220703125,True,True,AQLX1,NS,S1,S1
94076-01-03-04,SE7_1dd3e13a-1dd3e80e.evt.gz,https://heasarc.gsfc.nasa.gov/FTP/xte/data/archive/AO13/P94076/94076-01-03-04/pca/SE7_1dd3e13a-1dd3e80e.evt.gz,4.1,E_125us_64M_0_1s,D[0~4] & E[X1L^X1R^X2L^X2R^X3L^X3R] & C[0~249],0.0001220703125,True,True,AQLX1,NS,S1,S1
50045-06-05-00,SE7_d1966c0-d19671c.evt.gz,https://heasarc.gsfc.nasa.gov/FTP/xte/data/archive/AO5/P50045/50045-06-05-00/pca/SE7_d1966c0-d19671c.evt.gz,0.10300000000000001,E_500us_64M_0_1s,D[0~4] & E[X1L^X1R^X2L^X2R^X3L^X3R] & C[0~249],0.00048828125,False,False,EXO0748-676,NS,S1,S1
70048-03-02-00,,,,,,,False,False,EXO0748-676,NS,S1,S1
60042-03-01-00,SE3_10c84f81-10c85440.evt.gz,https://heasarc.gsfc.nasa.gov/FTP/xte/data/archive/AO6/P60042/60042-03-01-00/pca/SE3_10c84f81-10c85440.evt.gz,1.6,E_125us_64M_0_1s,D[0~4] & E[X1L^X1R^X2L^X2R^X3L^X3R] & C[0~249],0.0001220703125,True,True,EXO0748-676,NS,S1,S1
70048-13-12-00,,,,,,,False,False,EXO0748-676,NS,S1,S1
92019-01-06-03,SE7_17f9e322-17f9eaf8.evt.gz,https://heasarc.gsfc.nasa.gov/FTP/xte/data/archive/AO11/P92019/92019-01-06-03/pca/SE7_17f9e322-17f9eaf8.evt.gz,2.2,E_125us_64M_0_1s,D[0~4] & E[X1L^X1R^X2L^X2R^X3L^X3R] & C[0~249],0.0001220703125,True,True,EXO0748-676,NS,S1,S1
92019-01-26-01,SE7_19f009d0-19f0129e.evt.gz,https://heasarc.gsfc.nasa.gov/FTP/xte/data/archive/AO11/P92019/92019-01-26-01/pca/SE7_19f009d0-19f0129e.evt.gz,2.6,E_125us_64M_0_1s,D[0~4] & E[X1L^X1R^X2L^X2R^X3L^X3R] & C[0~249],0.0001220703125,True,True,EXO0748-676,NS,S1,S1
90062-03-01-02,SE1_14afd9d0-14afd9fd.evt.gz,https://heasarc.gsfc.nasa.gov/FTP/xte/data/archive/AO9/P90062/90062-03-01-02/pca/SE1_14afd9d0-14afd9fd.evt.gz,0.031,E_62us_64M_0_1s_L1R1,D[0~4] & E[X1L^X1R] & C[0~249],6.103515625e-05,False,False,4U1323-619,NS,S1,S1
90062-03-01-02,SE2_14afd9d0-14afd9fd.evt.gz,https://heasarc.gsfc.nasa.gov/FTP/xte/data/archive/AO9/P90062/90062-03-01-02/pca/SE2_14afd9d0-14afd9fd.evt.gz,0.031,E_62us_64M_0_1s_L1R1,D[0~4] & E[X1L^X1R] & C[0~249],6.103515625e-05,False,False,4U1323-619,NS,S1,S1
90062-03-01-02,SE3_14afd9d0-14afd9fd.evt.gz,https://heasarc.gsfc.nasa.gov/FTP/xte/data/archive/AO9/P90062/90062-03-01-02/pca/SE3_14afd9d0-14afd9fd.evt.gz,0.031,E_62us_64M_0_1s_L1R1,D[0~4] & E[X1L^X1R] & C[0~249],6.103515625e-05,False,False,4U1323-619,NS,S1,S1
90062-03-01-02,SE7_14afd9d0-14afd9fc.evt.gz,https://heasarc.gsfc.nasa.gov/FTP/xte/data/archive/AO9/P90062/90062-03-01-02/pca/SE7_14afd9d0-14afd9fc.evt.gz,0.045,E_500us_64M_0_1s,D[0~4] & E[X1L^X1R^X2L^X2R^X3L^X3R] & C[0~249],0.00048828125,False,False,4U1323-619,NS,S1,S1
90062-03-01-02,SE7_14afda10-14afdc18.evt.gz,https://heasarc.gsfc.nasa.gov/FTP/xte/data/archive/AO9/P90062/90062-03-01-02/pca/SE7_14afda10-14afdc18.evt.gz,0.464,E_125us_64M_0_1s,D[0~4] & E[X1L^X1R^X2L^X2R^X3L^X3R] & C[0~249],0.0001220703125,True,True,4U1323-619,NS,S1,S1
90062-03-01-02,SE7_14afe330-14aff3c4.evt.gz,https://heasarc.gsfc.nasa.gov/FTP/xte/data/archive/AO9/P90062/90062-03-01-02/pca/SE7_14afe330-14aff3c4.evt.gz,3.4,E_125us_64M_0_1s,D[0~4] & E[X1L^X1R^X2L^X2R^X3L^X3R] & C[0~249],0.0001220703125,True,True,4U1323-619,NS,S1,S1
90062-03-01-01,SE7_14b08b00-14b09cfc.evt.gz,https://heasarc.gsfc.nasa.gov/FTP/xte/data/archive/AO9/P90062/90062-03-01-01/pca/SE7_14b08b00-14b09cfc.evt.gz,3.9,E_125us_64M_0_1s,D[0~4] & E[X1L^X1R^X2L^X2R^X3L^X3R] & C[0~249],0.0001220703125,True,True,4U1323-619,NS,S1,S1
90062-03-01-01,SE7_14b0824e-14b08898.evt.gz,https://heasarc.gsfc.nasa.gov/FTP/xte/data/archive/AO9/P90062/90062-03-01-01/pca/SE7_14b0824e-14b08898.evt.gz,0.961,E_125us_64M_0_1s,D[0~4] & E[X1L^X1R^X2L^X2R^X3L^X3R] & C[0~249],0.0001220703125,True,True,4U1323-619,NS,S1,S1
95442-01-01-01,SE7_1ff71a10-1ff71a7a.evt.gz,https://heasarc.gsfc.nasa.gov/FTP/xte/data/archive/AO14/P95442/95442-01-01-01/pca/SE7_1ff71a10-1ff71a7a.evt.gz,0.0037,E_500us_64M_0_1s,D[0~4] & E[X1L^X1R^X2L^X2R^X3L^X3R] & C[0~249],0.00048828125,False,False,4U1323-619,NS,S1,S1
95442-01-01-01,SE7_1ff71a90-1ff72902.evt.gz,https://heasarc.gsfc.nasa.gov/FTP/xte/data/archive/AO14/P95442/95442-01-01-01/pca/SE7_1ff71a90-1ff72902.evt.gz,1.7,E_125us_64M_0_1s,D[0~4] & E[X1L^X1R^X2L^X2R^X3L^X3R] & C[0~249],0.0001220703125,True,True,4U1323-619,NS,S1,S1
95442-01-01-01,SE7_1ff73090-1ff73e1b.evt.gz,https://heasarc.gsfc.nasa.gov/FTP/xte/data/archive/AO14/P95442/95442-01-01-01/pca/SE7_1ff73090-1ff73e1b.evt.gz,2.0,E_125us_64M_0_1s,D[0~4] & E[X1L^X1R^X2L^X2R^X3L^X3R] & C[0~249],0.0001220703125,True,True,4U1323-619,NS,S1,S1
95442-01-01-02,SE7_1ff83fc0-1ff8476a.evt.gz,https://heasarc.gsfc.nasa.gov/FTP/xte/data/archive/AO14/P95442/95442-01-01-02/pca/SE7_1ff83fc0-1ff8476a.evt.gz,0.863,E_125us_64M_0_1s,D[0~4] & E[X1L^X1R^X2L^X2R^X3L^X3R] & C[0~249],0.0001220703125,True,True,4U1323-619,NS,S1,S1
96405-01-01-00,SE7_1ff9aff0-1ff9b457.evt.gz,https://heasarc.gsfc.nasa.gov/FTP/xte/data/archive/AO15/P96405/96405-01-01-00/pca/SE7_1ff9aff0-1ff9b457.evt.gz,0.291,E_125us_64M_0_1s,D[0~4] & E[X1L^X1R^X2L^X2R^X3L^X3R] & C[0~249],0.0001220703125,True,True,4U1323-619,NS,S1,S1
96405-01-01-00,SE7_1ff999b8-1ff999da.evt.gz,https://heasarc.gsfc.nasa.gov/FTP/xte/data/archive/AO15/P96405/96405-01-01-00/pca/SE7_1ff999b8-1ff999da.evt.gz,0.0038,E_500us_64M_0_1s,D[0~4] & E[X1L^X1R^X2L^X2R^X3L^X3R] & C[0~249],0.00048828125,False,False,4U1323-619,NS,S1,S1
96405-01-01-00,SE7_1ff999f0-1ff9a826.evt.gz,https://heasarc.gsfc.nasa.gov/FTP/xte/data/archive/AO15/P96405/96405-01-01-00/pca/SE7_1ff999f0-1ff9a826.evt.gz,1.9,E_125us_64M_0_1s,D[0~4] & E[X1L^X1R^X2L^X2R^X3L^X3R] & C[0~249],0.0001220703125,True,True,4U1323-619,NS,S1,S1
96405-01-01-01,SE7_1ffb10b0-1ffb1eae.evt.gz,https://heasarc.gsfc.nasa.gov/FTP/xte/data/archive/AO15/P96405/96405-01-01-01/pca/SE7_1ffb10b0-1ffb1eae.evt.gz,1.9,E_125us_64M_0_1s,D[0~4] & E[X1L^X1R^X2L^X2R^X3L^X3R] & C[0~249],0.0001220703125,True,True,4U1323-619,NS,S1,S1
96405-01-01-01,SE7_1ffb26b0-1ffb31ab.evt.gz,https://heasarc.gsfc.nasa.gov/FTP/xte/data/archive/AO15/P96405/96405-01-01-01/pca/SE7_1ffb26b0-1ffb31ab.evt.gz,0.883,E_125us_64M_0_1s,D[0~4] & E[X1L^X1R^X2L^X2R^X3L^X3R] & C[0~249],0.0001220703125,True,True,4U1323-619,NS,S1,S1
96405-01-02-00,SE7_206915e0-20691c42.evt.gz,https://heasarc.gsfc.nasa.gov/FTP/xte/data/archive/AO15/P96405/96405-01-02-00/pca/SE7_206915e0-20691c42.evt.gz,0.41300000000000003,E_125us_64M_0_1s,D[0~4] & E[X1L^X1R^X2L^X2R^X3L^X3R] & C[0~249],0.0001220703125,True,True,4U1323-619,NS,S1,S1
96405-01-02-00,SE7_20692500-206932fd.evt.gz,https://heasarc.gsfc.nasa.gov/FTP/xte/data/archive/AO15/P96405/96405-01-02-00/pca/SE7_20692500-206932fd.evt.gz,2.2,E_125us_64M_0_1s,D[0~4] & E[X1L^X1R^X2L^X2R^X3L^X3R] & C[0~249],0.0001220703125,True,True,4U1323-619,NS,S1,S1
96405-01-04-00,SE7_20ad4caf-20ad4dae.evt.gz,https://heasarc.gsfc.nasa.gov/FTP/xte/data/archive/AO15/P96405/96405-01-04-00/pca/SE7_20ad4caf-20ad4dae.evt.gz,0.07100000000000001,E_125us_64M_0_1s,D[0~4] & E[X1L^X1R^X2L^X2R^X3L^X3R] & C[0~249],0.0001220703125,True,True,4U1323-619,NS,S1,S1
96405-01-04-00,SE7_20ad6cf0-20ad7ae9.evt.gz,https://heasarc.gsfc.nasa.gov/FTP/xte/data/archive/AO15/P96405/96405-01-04-00/pca/SE7_20ad6cf0-20ad7ae9.evt.gz,2.1,E_125us_64M_0_1s,D[0~4] & E[X1L^X1R^X2L^X2R^X3L^X3R] & C[0~249],0.0001220703125,True,True,4U1323-619,NS,S1,S1
96405-01-04-00,SE7_20ad55c0-20ad646a.evt.gz,https://heasarc.gsfc.nasa.gov/FTP/xte/data/archive/AO15/P96405/96405-01-04-00/pca/SE7_20ad55c0-20ad646a.evt.gz,0.96,E_125us_64M_0_1s,D[0~4] & E[X1L^X1R^X2L^X2R^X3L^X3R] & C[0~249],0.0001220703125,True,True,4U1323-619,NS,S1,S1
96405-01-05-00,SE7_21b5b03a-21b5be52.evt.gz,https://heasarc.gsfc.nasa.gov/FTP/xte/data/archive/AO15/P96405/96405-01-05-00/pca/SE7_21b5b03a-21b5be52.evt.gz,2.9,E_125us_64M_0_1s,D[0~4] & E[X1L^X1R^X2L^X2R^X3L^X3R] & C[0~249],0.0001220703125,True,True,4U1323-619,NS,S1,S1
96405-01-05-00,SE7_21b5c710-21b5d50e.evt.gz,https://heasarc.gsfc.nasa.gov/FTP/xte/data/archive/AO15/P96405/96405-01-05-00/pca/SE7_21b5c710-21b5d50e.evt.gz,0.859,E_125us_64M_0_1s,D[0~4] & E[X1L^X1R^X2L^X2R^X3L^X3R] & C[0~249],0.0001220703125,True,True,4U1323-619,NS,S1,S1
96405-01-05-01,SE7_21b7ed80-21b80e1e.evt.gz,https://heasarc.gsfc.nasa.gov/FTP/xte/data/archive/AO15/P96405/96405-01-05-01/pca/SE7_21b7ed80-21b80e1e.evt.gz,5.0,E_125us_64M_0_1s,D[0~4] & E[X1L^X1R^X2L^X2R^X3L^X3R] & C[0~249],0.0001220703125,True,True,4U1323-619,NS,S1,S1
96405-01-05-01,SE7_21b81480-21b82462.evt.gz,https://heasarc.gsfc.nasa.gov/FTP/xte/data/archive/AO15/P96405/96405-01-05-01/pca/SE7_21b81480-21b82462.evt.gz,1.0,E_125us_64M_0_1s,D[0~4] & E[X1L^X1R^X2L^X2R^X3L^X3R] & C[0~249],0.0001220703125,True,True,4U1323-619,NS,S1,S1
96405-01-05-02,SE7_21b85a60-21b86859.evt.gz,https://heasarc.gsfc.nasa.gov/FTP/xte/data/archive/AO15/P96405/96405-01-05-02/pca/SE7_21b85a60-21b86859.evt.gz,3.2,E_125us_64M_0_1s,D[0~4] & E[X1L^X1R^X2L^X2R^X3L^X3R] & C[0~249],0.0001220703125,True,True,4U1323-619,NS,S1,S1
96405-01-05-02,SE7_21b8437e-21b8519e.evt.gz,https://heasarc.gsfc.nasa.gov/FTP/xte/data/archive/AO15/P96405/96405-01-05-02/pca/SE7_21b8437e-21b8519e.evt.gz,0.9390000000000001,E_125us_64M_0_1s,D[0~4] & E[X1L^X1R^X2L^X2R^X3L^X3R] & C[0~249],0.0001220703125,True,True,4U1323-619,NS,S1,S1
96405-01-05-03,SE7_21b9006b-21b9266f.evt.gz,https://heasarc.gsfc.nasa.gov/FTP/xte/data/archive/AO15/P96405/96405-01-05-03/pca/SE7_21b9006b-21b9266f.evt.gz,5.6,E_125us_64M_0_1s,D[0~4] & E[X1L^X1R^X2L^X2R^X3L^X3R] & C[0~249],0.0001220703125,True,True,4U1323-619,NS,S1,S1
50410-01-05-00,SE7_c6b1112-c6b1b08.evt.gz,https://heasarc.gsfc.nasa.gov/FTP/xte/data/archive/AO5/P50410/50410-01-05-00/pca/SE7_c6b1112-c6b1b08.evt.gz,5.0,E_125us_64M_0_1s,D[0~4] & E[X1L^X1R^X2L^X2R^X3L^X3R] & C[0~249],0.0001220703125,True,True,MXB1658-298,NS,S1,S1
60048-02-03-00,,,,,,,False,False,MXB1658-298,NS,S1,S1
60048-04-05-00,SE7_e559ea0-e559f10.evt.gz,https://heasarc.gsfc.nasa.gov/FTP/xte/data/archive/AO6/P60048/60048-04-05-00/pca/SE7_e559ea0-e559f10.evt.gz,0.058,E_500us_64M_0_1s,D[0~4] & E[X1L^X1R^X2L^X2R^X3L^X3R] & C[0~249],0.00048828125,False,False,MXB1658-298,NS,S1,S1
50029-27-01-000,SE7_c720fd0-c721f48.evt.gz,https://heasarc.gsfc.nasa.gov/FTP/xte/data/archive/AO5/P50029/50029-27-01-000/pca/SE7_c720fd0-c721f48.evt.gz,10.0,E_125us_64M_0_8s,D[0~4] & E[X1L^X1R^X2L^X2R^X3L^X3R] & C[0~249],0.0001220703125,True,True,4U1702-429,NS,S1,S1
50029-27-01-000,SE7_c723c30-c724c08.evt.gz,https://heasarc.gsfc.nasa.gov/FTP/xte/data/archive/AO5/P50029/50029-27-01-000/pca/SE7_c723c30-c724c08.evt.gz,11.0,E_125us_64M_0_8s,D[0~4] & E[X1L^X1R^X2L^X2R^X3L^X3R] & C[0~249],0.0001220703125,True,True,4U1702-429,NS,S1,S1
50029-27-01-000,SE7_c7225b0-c7235c8.evt.gz,https://heasarc.gsfc.nasa.gov/FTP/xte/data/archive/AO5/P50029/50029-27-01-000/pca/SE7_c7225b0-c7235c8.evt.gz,11.0,E_125us_64M_0_8s,D[0~4] & E[X1L^X1R^X2L^X2R^X3L^X3R] & C[0~249],0.0001220703125,True,True,4U1702-429,NS,S1,S1
50029-27-01-000,SE7_c7268f0-c727150.evt.gz,https://heasarc.gsfc.nasa.gov/FTP/xte/data/archive/AO5/P50029/50029-27-01-000/pca/SE7_c7268f0-c727150.evt.gz,5.8,E_125us_64M_0_8s,D[0~4] & E[X1L^X1R^X2L^X2R^X3L^X3R] & C[0~249],0.0001220703125,True,True,4U1702-429,NS,S1,S1
50029-27-01-000,SE7_c725270-c726280.evt.gz,https://heasarc.gsfc.nasa.gov/FTP/xte/data/archive/AO5/P50029/50029-27-01-000/pca/SE7_c725270-c726280.evt.gz,11.0,E_125us_64M_0_8s,D[0~4] & E[X1L^X1R^X2L^X2R^X3L^X3R] & C[0~249],0.0001220703125,True,True,4U1702-429,NS,S1,S1
50030-01-04-00,SE7_ce2ba50-ce2c810.evt.gz,https://heasarc.gsfc.nasa.gov/FTP/xte/data/archive/AO5/P50030/50030-01-04-00/pca/SE7_ce2ba50-ce2c810.evt.gz,9.4,E_125us_64M_0_1s,D[0~4] & E[X1L^X1R^X2L^X2R^X3L^X3R] & C[0~249],0.0001220703125,True,True,4U1702-429,NS,S1,S1
50030-01-04-00,SE7_ce2d360-ce2de55.evt.gz,https://heasarc.gsfc.nasa.gov/FTP/xte/data/archive/AO5/P50030/50030-01-04-00/pca/SE7_ce2d360-ce2de55.evt.gz,7.5,E_125us_64M_0_1s,D[0~4] & E[X1L^X1R^X2L^X2R^X3L^X3R] & C[0~249],0.0001220703125,True,True,4U1702-429,NS,S1,S1
50030-01-09-03,SE7_d60f500-d6102c1.evt.gz,https://heasarc.gsfc.nasa.gov/FTP/xte/data/archive/AO5/P50030/50030-01-09-03/pca/SE7_d60f500-d6102c1.evt.gz,9.3,E_125us_64M_0_1s,D[0~4] & E[X1L^X1R^X2L^X2R^X3L^X3R] & C[0~249],0.0001220703125,True,True,4U1702-429,NS,S1,S1
80033-01-01-01,SE7_1290bfb3-1290c9c4.evt.gz,https://heasarc.gsfc.nasa.gov/FTP/xte/data/archive/AO8/P80033/80033-01-01-01/pca/SE7_1290bfb3-1290c9c4.evt.gz,6.4,E_125us_64M_0_1s,D[0~4] & E[X1L^X1R^X2L^X2R^X3L^X3R] & C[0~249],0.0001220703125,True,True,4U1702-429,NS,S1,S1
80033-01-01-01,SE7_1290d460-1290e170.evt.gz,https://heasarc.gsfc.nasa.gov/FTP/xte/data/archive/AO8/P80033/80033-01-01-01/pca/SE7_1290d460-1290e170.evt.gz,8.5,E_125us_64M_0_1s,D[0~4] & E[X1L^X1R^X2L^X2R^X3L^X3R] & C[0~249],0.0001220703125,True,True,4U1702-429,NS,S1,S1
80033-01-18-02,SE7_13dd356f-13dd3f10.evt.gz,https://heasarc.gsfc.nasa.gov/FTP/xte/data/archive/AO8/P80033/80033-01-18-02/pca/SE7_13dd356f-13dd3f10.evt.gz,5.8,E_125us_64M_0_1s,D[0~4] & E[X1L^X1R^X2L^X2R^X3L^X3R] & C[0~249],0.0001220703125,True,True,4U1702-429,NS,S1,S1
80033-01-21-03,SE7_14633611-14633c14.evt.gz,https://heasarc.gsfc.nasa.gov/FTP/xte/data/archive/AO8/P80033/80033-01-21-03/pca/SE7_14633611-14633c14.evt.gz,3.5,E_125us_64M_0_1s,D[0~4] & E[X1L^X1R^X2L^X2R^X3L^X3R] & C[0~249],0.0001220703125,True,True,4U1702-429,NS,S1,S1
91039-01-01-61,SE7_15a3aa70-15a3b0f4.evt.gz,https://heasarc.gsfc.nasa.gov/FTP/xte/data/archive/AO10/P91039/91039-01-01-61/pca/SE7_15a3aa70-15a3b0f4.evt.gz,8.1,E_125us_64M_0_1s,D[0~4] & E[X1L^X1R^X2L^X2R^X3L^X3R] & C[0~249],0.0001220703125,True,True,4U1705-44,NS,S1,S1
93060-01-05-00,SE1_19701599-197022d1.evt.gz,https://heasarc.gsfc.nasa.gov/FTP/xte/data/archive/AO12/P93060/93060-01-05-00/pca/SE1_19701599-197022d1.evt.gz,6.3,E_125us_64M_0_1s,D[0~4] & E[X1L^X1R^X2L^X2R^X3L^X3R] & C[0~249],0.0001220703125,True,True,4U1705-44,NS,S1,S1
95060-01-35-00,SE1_1ece3ddf-1ece456a.evt.gz,https://heasarc.gsfc.nasa.gov/FTP/xte/data/archive/AO14/P95060/95060-01-35-00/pca/SE1_1ece3ddf-1ece456a.evt.gz,4.2,E_125us_64M_0_1s,D[0~4] & E[X1L^X1R^X2L^X2R^X3L^X3R] & C[0~249],0.0001220703125,True,True,4U1705-44,NS,S1,S1
60034-02-01-01,SE7_e8bc5dc-e8bcff5.evt.gz,https://heasarc.gsfc.nasa.gov/FTP/xte/data/archive/AO6/P60034/60034-02-01-01/pca/SE7_e8bc5dc-e8bcff5.evt.gz,5.7,E_125us_64M_0_1s,D[0~4] & E[X1L^X1R^X2L^X2R^X3L^X3R] & C[0~249],0.0001220703125,True,True,4U1724-307,NS,S1,S1
50060-05-01-07,,,,,,,False,False,4U1724-307,NS,S1,S1
50060-05-01-05,,,,,,,False,False,4U1724-307,NS,S1,S1
60034-02-02-02,SE7_f28c1c0-f28c804.evt.gz,https://heasarc.gsfc.nasa.gov/FTP/xte/data/archive/AO6/P60034/60034-02-02-02/pca/SE7_f28c1c0-f28c804.evt.gz,4.4,E_125us_64M_0_1s,D[0~4] & E[X1L^X1R^X2L^X2R^X3L^X3R] & C[0~249],0.0001220703125,True,True,4U1724-307,NS,S1,S1
60034-02-03-10,SE7_1072fcdb-10730224.evt.gz,https://heasarc.gsfc.nasa.gov/FTP/xte/data/archive/AO6/P60034/60034-02-03-10/pca/SE7_1072fcdb-10730224.evt.gz,2.0,E_125us_64M_0_1s,D[0~4] & E[X1L^X1R^X2L^X2R^X3L^X3R] & C[0~249],0.0001220703125,True,True,4U1724-307,NS,S1,S1
60034-02-05-01,SE7_1179ac20-1179bb54.evt.gz,https://heasarc.gsfc.nasa.gov/FTP/xte/data/archive/AO6/P60034/60034-02-05-01/pca/SE7_1179ac20-1179bb54.evt.gz,5.7,E_125us_64M_0_1s,D[0~4] & E[X1L^X1R^X2L^X2R^X3L^X3R] & C[0~249],0.0001220703125,True,True,4U1724-307,NS,S1,S1
60034-02-05-01,SE7_1179c270-1179cdd9.evt.gz,https://heasarc.gsfc.nasa.gov/FTP/xte/data/archive/AO6/P60034/60034-02-05-01/pca/SE7_1179c270-1179cdd9.evt.gz,4.3,E_125us_64M_0_1s,D[0~4] & E[X1L^X1R^X2L^X2R^X3L^X3R] & C[0~249],0.0001220703125,True,True,4U1724-307,NS,S1,S1
60034-02-05-01,SE7_117995f0-1179a510.evt.gz,https://heasarc.gsfc.nasa.gov/FTP/xte/data/archive/AO6/P60034/60034-02-05-01/pca/SE7_117995f0-1179a510.evt.gz,6.9,E_125us_64M_0_1s,D[0~4] & E[X1L^X1R^X2L^X2R^X3L^X3R] & C[0~249],0.0001220703125,True,True,4U1724-307,NS,S1,S1
60034-02-05-01,SE7_11799570-117995d4.evt.gz,https://heasarc.gsfc.nasa.gov/FTP/xte/data/archive/AO6/P60034/60034-02-05-01/pca/SE7_11799570-117995d4.evt.gz,0.048,E_500us_64M_0_1s,D[0~4] & E[X1L^X1R^X2L^X2R^X3L^X3R] & C[0~249],0.00048828125,False,False,4U1724-307,NS,S1,S1
80105-10-01-00,,,,,,,False,False,4U1724-307,NS,S1,S1
93044-06-04-00,SE7_1aa4bf00-1aa4c4f9.evt.gz,https://heasarc.gsfc.nasa.gov/FTP/xte/data/archive/AO12/P93044/93044-06-04-00/pca/SE7_1aa4bf00-1aa4c4f9.evt.gz,3.4,E_125us_64M_0_1s,D[0~4] & E[X1L^X1R^X2L^X2R^X3L^X3R] & C[0~249],0.0001220703125,True,True,4U1724-307,NS,S1,S1
93044-06-07-00,SE7_1aabfb07-1aac0844.evt.gz,https://heasarc.gsfc.nasa.gov/FTP/xte/data/archive/AO12/P93044/93044-06-07-00/pca/SE7_1aabfb07-1aac0844.evt.gz,4.5,E_125us_64M_0_1s,D[0~4] & E[X1L^X1R^X2L^X2R^X3L^X3R] & C[0~249],0.0001220703125,True,True,4U1724-307,NS,S1,S1
93438-01-02-03,SE7_1b61969a-1b619b66.evt.gz,https://heasarc.gsfc.nasa.gov/FTP/xte/data/archive/AO12/P93438/93438-01-02-03/pca/SE7_1b61969a-1b619b66.evt.gz,1.6,E_125us_64M_0_1s,D[0~4] & E[X1L^X1R^X2L^X2R^X3L^X3R] & C[0~249],0.0001220703125,True,True,4U1724-307,NS,S1,S1
93438-01-04-00,SE7_1b72bbda-1b72c62a.evt.gz,https://heasarc.gsfc.nasa.gov/FTP/xte/data/archive/AO12/P93438/93438-01-04-00/pca/SE7_1b72bbda-1b72c62a.evt.gz,3.4,E_125us_64M_0_1s,D[0~4] & E[X1L^X1R^X2L^X2R^X3L^X3R] & C[0~249],0.0001220703125,True,True,4U1724-307,NS,S1,S1
93438-01-07-01,SE7_1b901150-1b9017ca.evt.gz,https://heasarc.gsfc.nasa.gov/FTP/xte/data/archive/AO12/P93438/93438-01-07-01/pca/SE7_1b901150-1b9017ca.evt.gz,2.8,E_125us_64M_0_1s,D[0~4] & E[X1L^X1R^X2L^X2R^X3L^X3R] & C[0~249],0.0001220703125,True,True,4U1724-307,NS,S1,S1
50031-02-01-09,SE7_c692179-c692ed9.evt.gz,https://heasarc.gsfc.nasa.gov/FTP/xte/data/archive/AO5/P50031/50031-02-01-09/pca/SE7_c692179-c692ed9.evt.gz,16.0,E_125us_64M_0_1s,D[0~4] & E[X1L^X1R^X2L^X2R^X3L^X3R] & C[0~249],0.0001220703125,True,True,KS1731-260,NS,S1,S1
50031-02-01-12,SE7_c696380-c696f10.evt.gz,https://heasarc.gsfc.nasa.gov/FTP/xte/data/archive/AO5/P50031/50031-02-01-12/pca/SE7_c696380-c696f10.evt.gz,13.0,E_125us_64M_0_1s,D[0~4] & E[X1L^X1R^X2L^X2R^X3L^X3R] & C[0~249],0.0001220703125,True,True,KS1731-260,NS,S1,S1
50031-02-01-02,SE7_c6a0290-c6a0f24.evt.gz,https://heasarc.gsfc.nasa.gov/FTP/xte/data/archive/AO5/P50031/50031-02-01-02/pca/SE7_c6a0290-c6a0f24.evt.gz,11.0,E_125us_64M_0_1s,D[0~4] & E[X1L^X1R^X2L^X2R^X3L^X3R] & C[0~249],0.0001220703125,True,True,KS1731-260,NS,S1,S1
50031-02-01-02,SE7_c6a1950-c6a25a4.evt.gz,https://heasarc.gsfc.nasa.gov/FTP/xte/data/archive/AO5/P50031/50031-02-01-02/pca/SE7_c6a1950-c6a25a4.evt.gz,14.0,E_125us_64M_0_1s,D[0~4] & E[X1L^X1R^X2L^X2R^X3L^X3R] & C[0~249],0.0001220703125,True,True,KS1731-260,NS,S1,S1
50031-02-01-02,SE7_c6a3080-c6a3bad.evt.gz,https://heasarc.gsfc.nasa.gov/FTP/xte/data/archive/AO5/P50031/50031-02-01-02/pca/SE7_c6a3080-c6a3bad.evt.gz,14.0,E_125us_64M_0_1s,D[0~4] & E[X1L^X1R^X2L^X2R^X3L^X3R] & C[0~249],0.0001220703125,True,True,KS1731-260,NS,S1,S1
50031-02-01-02,SE7_c69eae0-c69f8e0.evt.gz,https://heasarc.gsfc.nasa.gov/FTP/xte/data/archive/AO5/P50031/50031-02-01-02/pca/SE7_c69eae0-c69f8e0.evt.gz,13.0,E_125us_64M_0_1s,D[0~4] & E[X1L^X1R^X2L^X2R^X3L^X3R] & C[0~249],0.0001220703125,True,True,KS1731-260,NS,S1,S1
50031-02-01-05,SE7_c6b52a0-c6b5fb4.evt.gz,https://heasarc.gsfc.nasa.gov/FTP/xte/data/archive/AO5/P50031/50031-02-01-05/pca/SE7_c6b52a0-c6b5fb4.evt.gz,15.0,E_125us_64M_0_1s,D[0~4] & E[X1L^X1R^X2L^X2R^X3L^X3R] & C[0~249],0.0001220703125,True,True,KS1731-260,NS,S1,S1
50031-02-01-05,SE7_c6b69a0-c6b75f7.evt.gz,https://heasarc.gsfc.nasa.gov/FTP/xte/data/archive/AO5/P50031/50031-02-01-05/pca/SE7_c6b69a0-c6b75f7.evt.gz,14.0,E_125us_64M_0_1s,D[0~4] & E[X1L^X1R^X2L^X2R^X3L^X3R] & C[0~249],0.0001220703125,True,True,KS1731-260,NS,S1,S1
50031-02-01-05,SE7_c6b8060-c6b8c79.evt.gz,https://heasarc.gsfc.nasa.gov/FTP/xte/data/archive/AO5/P50031/50031-02-01-05/pca/SE7_c6b8060-c6b8c79.evt.gz,15.0,E_125us_64M_0_1s,D[0~4] & E[X1L^X1R^X2L^X2R^X3L^X3R] & C[0~249],0.0001220703125,True,True,KS1731-260,NS,S1,S1
50031-02-01-08,SE7_c6b96b8-c6ba0a1.evt.gz,https://heasarc.gsfc.nasa.gov/FTP/xte/data/archive/AO5/P50031/50031-02-01-08/pca/SE7_c6b96b8-c6ba0a1.evt.gz,11.0,E_125us_64M_0_1s,D[0~4] & E[X1L^X1R^X2L^X2R^X3L^X3R] & C[0~249],0.0001220703125,True,True,KS1731-260,NS,S1,S1
50031-02-02-06,SE7_caf2d35-caf3887.evt.gz,https://heasarc.gsfc.nasa.gov/FTP/xte/data/archive/AO5/P50031/50031-02-02-06/pca/SE7_caf2d35-caf3887.evt.gz,13.0,E_125us_64M_0_1s,D[0~4] & E[X1L^X1R^X2L^X2R^X3L^X3R] & C[0~249],0.0001220703125,True,True,KS1731-260,NS,S1,S1
50031-02-02-06,SE7_caf5a20-caf663c.evt.gz,https://heasarc.gsfc.nasa.gov/FTP/xte/data/archive/AO5/P50031/50031-02-02-06/pca/SE7_caf5a20-caf663c.evt.gz,14.0,E_125us_64M_0_1s,D[0~4] & E[X1L^X1R^X2L^X2R^X3L^X3R] & C[0~249],0.0001220703125,True,True,KS1731-260,NS,S1,S1
50031-02-02-06,SE7_caf43a0-caf4ecb.evt.gz,https://heasarc.gsfc.nasa.gov/FTP/xte/data/archive/AO5/P50031/50031-02-02-06/pca/SE7_caf43a0-caf4ecb.evt.gz,13.0,E_125us_64M_0_1s,D[0~4] & E[X1L^X1R^X2L^X2R^X3L^X3R] & C[0~249],0.0001220703125,True,True,KS1731-260,NS,S1,S1
50031-02-02-02,SE7_caf9e21-cafac14.evt.gz,https://heasarc.gsfc.nasa.gov/FTP/xte/data/archive/AO5/P50031/50031-02-02-02/pca/SE7_caf9e21-cafac14.evt.gz,13.0,E_125us_64M_0_1s,D[0~4] & E[X1L^X1R^X2L^X2R^X3L^X3R] & C[0~249],0.0001220703125,True,True,KS1731-260,NS,S1,S1
50031-02-02-03,SE7_cb05408-cb05c19.evt.gz,https://heasarc.gsfc.nasa.gov/FTP/xte/data/archive/AO5/P50031/50031-02-02-03/pca/SE7_cb05408-cb05c19.evt.gz,8.3,E_125us_64M_0_1s,D[0~4] & E[X1L^X1R^X2L^X2R^X3L^X3R] & C[0~249],0.0001220703125,True,True,KS1731-260,NS,S1,S1
50031-02-02-080,SE7_cb0aa70-cb0b68f.evt.gz,https://heasarc.gsfc.nasa.gov/FTP/xte/data/archive/AO5/P50031/50031-02-02-080/pca/SE7_cb0aa70-cb0b68f.evt.gz,11.0,E_125us_64M_0_1s,D[0~4] & E[X1L^X1R^X2L^X2R^X3L^X3R] & C[0~249],0.0001220703125,True,True,KS1731-260,NS,S1,S1
50031-02-02-080,SE7_cb0c0b0-cb0ceb4.evt.gz,https://heasarc.gsfc.nasa.gov/FTP/xte/data/archive/AO5/P50031/50031-02-02-080/pca/SE7_cb0c0b0-cb0ceb4.evt.gz,18.0,E_125us_64M_0_1s,D[0~4] & E[X1L^X1R^X2L^X2R^X3L^X3R] & C[0~249],0.0001220703125,True,True,KS1731-260,NS,S1,S1
50031-02-02-080,SE7_cb0d730-cb0e5e8.evt.gz,https://heasarc.gsfc.nasa.gov/FTP/xte/data/archive/AO5/P50031/50031-02-02-080/pca/SE7_cb0d730-cb0e5e8.evt.gz,18.0,E_125us_64M_0_1s,D[0~4] & E[X1L^X1R^X2L^X2R^X3L^X3R] & C[0~249],0.0001220703125,True,True,KS1731-260,NS,S1,S1
50031-02-02-080,SE7_cb07d89-cb08827.evt.gz,https://heasarc.gsfc.nasa.gov/FTP/xte/data/archive/AO5/P50031/50031-02-02-080/pca/SE7_cb07d89-cb08827.evt.gz,13.0,E_125us_64M_0_1s,D[0~4] & E[X1L^X1R^X2L^X2R^X3L^X3R] & C[0~249],0.0001220703125,True,True,KS1731-260,NS,S1,S1
50031-02-02-080,SE7_cb093f0-cb09ea7.evt.gz,https://heasarc.gsfc.nasa.gov/FTP/xte/data/archive/AO5/P50031/50031-02-02-080/pca/SE7_cb093f0-cb09ea7.evt.gz,13.0,E_125us_64M_0_1s,D[0~4] & E[X1L^X1R^X2L^X2R^X3L^X3R] & C[0~249],0.0001220703125,True,True,KS1731-260,NS,S1,S1
50031-02-03-04,SE7_d43c0b3-d43c0d4.evt.gz,https://heasarc.gsfc.nasa.gov/FTP/xte/data/archive/AO5/P50031/50031-02-03-04/pca/SE7_d43c0b3-d43c0d4.evt.gz,0.042,E_500us_64M_0_1s,D[0~4] & E[X1L^X1R^X2L^X2R^X3L^X3R] & C[0~249],0.00048828125,False,False,KS1731-260,NS,S1,S1
50031-02-03-04,SE7_d43c0f0-d43c908.evt.gz,https://heasarc.gsfc.nasa.gov/FTP/xte/data/archive/AO5/P50031/50031-02-03-04/pca/SE7_d43c0f0-d43c908.evt.gz,2.2,E_125us_64M_0_1s,D[0~4] & E[X1L^X1R^X2L^X2R^X3L^X3R] & C[0~249],0.0001220703125,True,True,KS1731-260,NS,S1,S1
60034-01-01-00,SE7_e6541f2-e654d70.evt.gz,https://heasarc.gsfc.nasa.gov/FTP/xte/data/archive/AO6/P60034/60034-01-01-00/pca/SE7_e6541f2-e654d70.evt.gz,4.3,E_125us_64M_0_1s,D[0~4] & E[X1L^X1R^X2L^X2R^X3L^X3R] & C[0~249],0.0001220703125,True,True,SLX1735-269,NS,S1,S1
60034-01-01-00,SE7_e655790-e6563b5.evt.gz,https://heasarc.gsfc.nasa.gov/FTP/xte/data/archive/AO6/P60034/60034-01-01-00/pca/SE7_e655790-e6563b5.evt.gz,4.6,E_125us_64M_0_1s,D[0~4] & E[X1L^X1R^X2L^X2R^X3L^X3R] & C[0~249],0.0001220703125,True,True,SLX1735-269,NS,S1,S1
60034-01-02-02,SE7_ec30685-ec30cf9.evt.gz,https://heasarc.gsfc.nasa.gov/FTP/xte/data/archive/AO6/P60034/60034-01-02-02/pca/SE7_ec30685-ec30cf9.evt.gz,1.9,E_125us_64M_0_1s,D[0~4] & E[X1L^X1R^X2L^X2R^X3L^X3R] & C[0~249],0.0001220703125,True,True,SLX1735-269,NS,S1,S1
80138-03-02-00,SE7_11a455d0-11a46355.evt.gz,https://heasarc.gsfc.nasa.gov/FTP/xte/data/archive/AO8/P80138/80138-03-02-00/pca/SE7_11a455d0-11a46355.evt.gz,4.9,E_125us_64M_0_1s,D[0~4] & E[X1L^X1R^X2L^X2R^X3L^X3R] & C[0~249],0.0001220703125,True,True,SLX1735-269,NS,S1,S1
96429-01-02-02,SE1_20c1e150-20c1e8c2.evt.gz,https://heasarc.gsfc.nasa.gov/FTP/xte/data/archive/AO15/P96429/96429-01-02-02/pca/SE1_20c1e150-20c1e8c2.evt.gz,1.0,E_125us_64M_0_1s,D[0~4] & E[X1L^X1R^X2L^X2R^X3L^X3R] & C[0~249],0.0001220703125,True,True,SLX1735-269,NS,S1,S1
96429-01-06-01,SE1_20e2a8e0-20e2afda.evt.gz,https://heasarc.gsfc.nasa.gov/FTP/xte/data/archive/AO15/P96429/96429-01-06-01/pca/SE1_20e2a8e0-20e2afda.evt.gz,1.2,E_125us_64M_0_1s,D[0~4] & E[X1L^X1R^X2L^X2R^X3L^X3R] & C[0~249],0.0001220703125,True,True,SLX1735-269,NS,S1,S1
96429-01-08-03,SE1_20f9d059-20f9d822.evt.gz,https://heasarc.gsfc.nasa.gov/FTP/xte/data/archive/AO15/P96429/96429-01-08-03/pca/SE1_20f9d059-20f9d822.evt.gz,1.2,E_125us_64M_0_1s,D[0~4] & E[X1L^X1R^X2L^X2R^X3L^X3R] & C[0~249],0.0001220703125,True,True,SLX1735-269,NS,S1,S1
70080-01-02-04,SE7_108c2a20-108c37a8.evt.gz,https://heasarc.gsfc.nasa.gov/FTP/xte/data/archive/AO7/P70080/70080-01-02-04/pca/SE7_108c2a20-108c37a8.evt.gz,15.0,E_125us_64M_0_1s,D[0~4] & E[X1L^X1R^X2L^X2R^X3L^X3R] & C[0~249],0.0001220703125,True,True,SAXJ1808.4-3658,NS,S1,S1
70080-01-02-04,SE7_108c6cf0-108c7a39.evt.gz,https://heasarc.gsfc.nasa.gov/FTP/xte/data/archive/AO7/P70080/70080-01-02-04/pca/SE7_108c6cf0-108c7a39.evt.gz,16.0,E_125us_64M_0_1s,D[0~4] & E[X1L^X1R^X2L^X2R^X3L^X3R] & C[0~249],0.0001220703125,True,True,SAXJ1808.4-3658,NS,S1,S1
70080-01-02-04,SE7_108c13f1-108c2164.evt.gz,https://heasarc.gsfc.nasa.gov/FTP/xte/data/archive/AO7/P70080/70080-01-02-04/pca/SE7_108c13f1-108c2164.evt.gz,14.0,E_125us_64M_0_1s,D[0~4] & E[X1L^X1R^X2L^X2R^X3L^X3R] & C[0~249],0.0001220703125,True,True,SAXJ1808.4-3658,NS,S1,S1
70080-01-02-04,SE7_108c56b0-108c6430.evt.gz,https://heasarc.gsfc.nasa.gov/FTP/xte/data/archive/AO7/P70080/70080-01-02-04/pca/SE7_108c56b0-108c6430.evt.gz,14.0,E_125us_64M_0_1s,D[0~4] & E[X1L^X1R^X2L^X2R^X3L^X3R] & C[0~249],0.0001220703125,True,True,SAXJ1808.4-3658,NS,S1,S1
70080-01-02-04,SE7_108c4060-108c4dec.evt.gz,https://heasarc.gsfc.nasa.gov/FTP/xte/data/archive/AO7/P70080/70080-01-02-04/pca/SE7_108c4060-108c4dec.evt.gz,14.0,E_125us_64M_0_1s,D[0~4] & E[X1L^X1R^X2L^X2R^X3L^X3R] & C[0~249],0.0001220703125,True,True,SAXJ1808.4-3658,NS,S1,S1
70080-01-02-22,SE7_1091d5e8-1091dc95.evt.gz,https://heasarc.gsfc.nasa.gov/FTP/xte/data/archive/AO7/P70080/70080-01-02-22/pca/SE7_1091d5e8-1091dc95.evt.gz,3.9,E_125us_64M_0_1s,D[0~4] & E[X1L^X1R^X2L^X2R^X3L^X3R] & C[0~249],0.0001220703125,True,True,SAXJ1808.4-3658,NS,S1,S1
70080-01-03-010,SE7_10951bc9-10952944.evt.gz,https://heasarc.gsfc.nasa.gov/FTP/xte/data/archive/AO7/P70080/70080-01-03-010/pca/SE7_10951bc9-10952944.evt.gz,9.0,E_125us_64M_0_1s,D[0~4] & E[X1L^X1R^X2L^X2R^X3L^X3R] & C[0~249],0.0001220703125,True,True,SAXJ1808.4-3658,NS,S1,S1
70080-01-03-010,SE7_10955e80-10956c10.evt.gz,https://heasarc.gsfc.nasa.gov/FTP/xte/data/archive/AO7/P70080/70080-01-03-010/pca/SE7_10955e80-10956c10.evt.gz,9.2,E_125us_64M_0_1s,D[0~4] & E[X1L^X1R^X2L^X2R^X3L^X3R] & C[0~249],0.0001220703125,True,True,SAXJ1808.4-3658,NS,S1,S1
70080-01-03-010,SE7_109574d0-10958253.evt.gz,https://heasarc.gsfc.nasa.gov/FTP/xte/data/archive/AO7/P70080/70080-01-03-010/pca/SE7_109574d0-10958253.evt.gz,8.9,E_125us_64M_0_1s,D[0~4] & E[X1L^X1R^X2L^X2R^X3L^X3R] & C[0~249],0.0001220703125,True,True,SAXJ1808.4-3658,NS,S1,S1
70080-01-03-010,SE7_10953200-10953f88.evt.gz,https://heasarc.gsfc.nasa.gov/FTP/xte/data/archive/AO7/P70080/70080-01-03-010/pca/SE7_10953200-10953f88.evt.gz,9.2,E_125us_64M_0_1s,D[0~4] & E[X1L^X1R^X2L^X2R^X3L^X3R] & C[0~249],0.0001220703125,True,True,SAXJ1808.4-3658,NS,S1,S1
70080-01-03-010,SE7_10954840-109555cc.evt.gz,https://heasarc.gsfc.nasa.gov/FTP/xte/data/archive/AO7/P70080/70080-01-03-010/pca/SE7_10954840-109555cc.evt.gz,9.2,E_125us_64M_0_1s,D[0~4] & E[X1L^X1R^X2L^X2R^X3L^X3R] & C[0~249],0.0001220703125,True,True,SAXJ1808.4-3658,NS,S1,S1
70080-02-01-03,SE7_109cec34-109cf78d.evt.gz,https://heasarc.gsfc.nasa.gov/FTP/xte/data/archive/AO7/P70080/70080-02-01-03/pca/SE7_109cec34-109cf78d.evt.gz,3.0,E_125us_64M_0_1s,D[0~4] & E[X1L^X1R^X2L^X2R^X3L^X3R] & C[0~249],0.0001220703125,True,True,SAXJ1808.4-3658,NS,S1,S1
70080-02-02-35,SE7_10a2aa80-10a2b191.evt.gz,https://heasarc.gsfc.nasa.gov/FTP/xte/data/archive/AO7/P70080/70080-02-02-35/pca/SE7_10a2aa80-10a2b191.evt.gz,1.3,E_125us_64M_0_1s,D[0~4] & E[X1L^X1R^X2L^X2R^X3L^X3R] & C[0~249],0.0001220703125,True,True,SAXJ1808.4-3658,NS,S1,S1
70080-03-13-00,SE7_10a783e0-10a7928d.evt.gz,https://heasarc.gsfc.nasa.gov/FTP/xte/data/archive/AO7/P70080/70080-03-13-00/pca/SE7_10a783e0-10a7928d.evt.gz,3.3,E_125us_64M_0_1s,D[0~4] & E[X1L^X1R^X2L^X2R^X3L^X3R] & C[0~249],0.0001220703125,True,True,SAXJ1808.4-3658,NS,S1,S1
70080-03-13-00,SE7_10a77217-10a77c84.evt.gz,https://heasarc.gsfc.nasa.gov/FTP/xte/data/archive/AO7/P70080/70080-03-13-00/pca/SE7_10a77217-10a77c84.evt.gz,2.3,E_125us_64M_0_1s,D[0~4] & E[X1L^X1R^X2L^X2R^X3L^X3R] & C[0~249],0.0001220703125,True,True,SAXJ1808.4-3658,NS,S1,S1
70080-03-20-13,SE7_10adc4b0-10add1ed.evt.gz,https://heasarc.gsfc.nasa.gov/FTP/xte/data/archive/AO7/P70080/70080-03-20-13/pca/SE7_10adc4b0-10add1ed.evt.gz,3.0,E_125us_64M_0_1s,D[0~4] & E[X1L^X1R^X2L^X2R^X3L^X3R] & C[0~249],0.0001220703125,True,True,SAXJ1808.4-3658,NS,S1,S1
70080-03-22-00,SE7_10b2a470-10b2adfd.evt.gz,https://heasarc.gsfc.nasa.gov/FTP/xte/data/archive/AO7/P70080/70080-03-22-00/pca/SE7_10b2a470-10b2adfd.evt.gz,2.8,E_125us_64M_0_1s,D[0~4] & E[X1L^X1R^X2L^X2R^X3L^X3R] & C[0~249],0.0001220703125,True,True,SAXJ1808.4-3658,NS,S1,S1
96027-01-01-00,SE7_218fcd4e-218fd9c6.evt.gz,https://heasarc.gsfc.nasa.gov/FTP/xte/data/archive/AO15/P96027/96027-01-01-00/pca/SE7_218fcd4e-218fd9c6.evt.gz,7.7,E_125us_64M_0_1s,D[0~4] & E[X1L^X1R^X2L^X2R^X3L^X3R] & C[0~249],0.0001220703125,True,True,SAXJ1808.4-3658,NS,S1,S1
96027-01-01-00,SE7_218fe240-218fefcd.evt.gz,https://heasarc.gsfc.nasa.gov/FTP/xte/data/archive/AO15/P96027/96027-01-01-00/pca/SE7_218fe240-218fefcd.evt.gz,7.3,E_125us_64M_0_1s,D[0~4] & E[X1L^X1R^X2L^X2R^X3L^X3R] & C[0~249],0.0001220703125,True,True,SAXJ1808.4-3658,NS,S1,S1
96027-01-01-00,SE7_218ff850-219005d5.evt.gz,https://heasarc.gsfc.nasa.gov/FTP/xte/data/archive/AO15/P96027/96027-01-01-00/pca/SE7_218ff850-219005d5.evt.gz,13.0,E_125us_64M_0_1s,D[0~4] & E[X1L^X1R^X2L^X2R^X3L^X3R] & C[0~249],0.0001220703125,True,True,SAXJ1808.4-3658,NS,S1,S1
96027-01-01-00,SE7_21900e50-21901bde.evt.gz,https://heasarc.gsfc.nasa.gov/FTP/xte/data/archive/AO15/P96027/96027-01-01-00/pca/SE7_21900e50-21901bde.evt.gz,3.4,E_125us_64M_0_1s,D[0~4] & E[X1L^X1R^X2L^X2R^X3L^X3R] & C[0~249],0.0001220703125,True,True,SAXJ1808.4-3658,NS,S1,S1
96027-01-02-00,SE7_2197b7e0-2197c302.evt.gz,https://heasarc.gsfc.nasa.gov/FTP/xte/data/archive/AO15/P96027/96027-01-02-00/pca/SE7_2197b7e0-2197c302.evt.gz,3.9,E_125us_64M_0_1s,D[0~4] & E[X1L^X1R^X2L^X2R^X3L^X3R] & C[0~249],0.0001220703125,True,True,SAXJ1808.4-3658,NS,S1,S1
96027-01-02-00,SE7_2197cb10-2197d909.evt.gz,https://heasarc.gsfc.nasa.gov/FTP/xte/data/archive/AO15/P96027/96027-01-02-00/pca/SE7_2197cb10-2197d909.evt.gz,2.3,E_125us_64M_0_1s,D[0~4] & E[X1L^X1R^X2L^X2R^X3L^X3R] & C[0~249],0.0001220703125,True,True,SAXJ1808.4-3658,NS,S1,S1
80138-04-02-00,SE7_11bb260a-11bb2698.evt.gz,https://heasarc.gsfc.nasa.gov/FTP/xte/data/archive/AO8/P80138/80138-04-02-00/pca/SE7_11bb260a-11bb2698.evt.gz,0.152,E_500us_64M_0_1s,D[0~4] & E[X1L^X1R^X2L^X2R^X3L^X3R] & C[0~249],0.00048828125,False,False,XTEJ1814-338,NS,S1,S1
80145-02-01-01,SE7_11be2e62-11be3694.evt.gz,https://heasarc.gsfc.nasa.gov/FTP/xte/data/archive/AO8/P80145/80145-02-01-01/pca/SE7_11be2e62-11be3694.evt.gz,3.0,E_125us_64M_0_1s,D[0~4] & E[X1L^X1R^X2L^X2R^X3L^X3R] & C[0~249],0.0001220703125,True,True,XTEJ1814-338,NS,S1,S1
80418-01-01-07,SE7_11c30740-11c31627.evt.gz,https://heasarc.gsfc.nasa.gov/FTP/xte/data/archive/AO8/P80418/80418-01-01-07/pca/SE7_11c30740-11c31627.evt.gz,6.0,E_125us_64M_0_1s,D[0~4] & E[X1L^X1R^X2L^X2R^X3L^X3R] & C[0~249],0.0001220703125,True,True,XTEJ1814-338,NS,S1,S1
80418-01-02-00,SE7_11c55ec0-11c56d38.evt.gz,https://heasarc.gsfc.nasa.gov/FTP/xte/data/archive/AO8/P80418/80418-01-02-00/pca/SE7_11c55ec0-11c56d38.evt.gz,5.8,E_125us_64M_0_1s,D[0~4] & E[X1L^X1R^X2L^X2R^X3L^X3R] & C[0~249],0.0001220703125,True,True,XTEJ1814-338,NS,S1,S1
80418-01-02-00,SE7_11c53180-11c53228.evt.gz,https://heasarc.gsfc.nasa.gov/FTP/xte/data/archive/AO8/P80418/80418-01-02-00/pca/SE7_11c53180-11c53228.evt.gz,0.176,E_500us_64M_0_1s,D[0~4] & E[X1L^X1R^X2L^X2R^X3L^X3R] & C[0~249],0.00048828125,False,False,XTEJ1814-338,NS,S1,S1
80418-01-02-00,SE7_11c53240-11c54073.evt.gz,https://heasarc.gsfc.nasa.gov/FTP/xte/data/archive/AO8/P80418/80418-01-02-00/pca/SE7_11c53240-11c54073.evt.gz,5.8,E_125us_64M_0_1s,D[0~4] & E[X1L^X1R^X2L^X2R^X3L^X3R] & C[0~249],0.0001220703125,True,True,XTEJ1814-338,NS,S1,S1
80418-01-02-00,SE7_11c54880-11c55730.evt.gz,https://heasarc.gsfc.nasa.gov/FTP/xte/data/archive/AO8/P80418/80418-01-02-00/pca/SE7_11c54880-11c55730.evt.gz,6.6,E_125us_64M_0_1s,D[0~4] & E[X1L^X1R^X2L^X2R^X3L^X3R] & C[0~249],0.0001220703125,True,True,XTEJ1814-338,NS,S1,S1
80418-01-02-00,SE7_11c57500-11c5837d.evt.gz,https://heasarc.gsfc.nasa.gov/FTP/xte/data/archive/AO8/P80418/80418-01-02-00/pca/SE7_11c57500-11c5837d.evt.gz,4.4,E_125us_64M_0_1s,D[0~4] & E[X1L^X1R^X2L^X2R^X3L^X3R] & C[0~249],0.0001220703125,True,True,XTEJ1814-338,NS,S1,S1
80418-01-02-08,SE7_11caebd0-11caf94d.evt.gz,https://heasarc.gsfc.nasa.gov/FTP/xte/data/archive/AO8/P80418/80418-01-02-08/pca/SE7_11caebd0-11caf94d.evt.gz,4.2,E_125us_64M_0_1s,D[0~4] & E[X1L^X1R^X2L^X2R^X3L^X3R] & C[0~249],0.0001220703125,True,True,XTEJ1814-338,NS,S1,S1
80418-01-02-05,SE7_11cd2c60-11cd3a18.evt.gz,https://heasarc.gsfc.nasa.gov/FTP/xte/data/archive/AO8/P80418/80418-01-02-05/pca/SE7_11cd2c60-11cd3a18.evt.gz,5.3,E_125us_64M_0_1s,D[0~4] & E[X1L^X1R^X2L^X2R^X3L^X3R] & C[0~249],0.0001220703125,True,True,XTEJ1814-338,NS,S1,S1
80418-01-02-05,SE7_11cd6ee0-11cd70b5.evt.gz,https://heasarc.gsfc.nasa.gov/FTP/xte/data/archive/AO8/P80418/80418-01-02-05/pca/SE7_11cd6ee0-11cd70b5.evt.gz,0.561,E_125us_64M_0_1s,D[0~4] & E[X1L^X1R^X2L^X2R^X3L^X3R] & C[0~249],0.0001220703125,True,True,XTEJ1814-338,NS,S1,S1
80418-01-02-05,SE7_11cd58a0-11cd6664.evt.gz,https://heasarc.gsfc.nasa.gov/FTP/xte/data/archive/AO8/P80418/80418-01-02-05/pca/SE7_11cd58a0-11cd6664.evt.gz,5.5,E_125us_64M_0_1s,D[0~4] & E[X1L^X1R^X2L^X2R^X3L^X3R] & C[0~249],0.0001220703125,True,True,XTEJ1814-338,NS,S1,S1
80418-01-02-05,SE7_11cd4260-11cd505c.evt.gz,https://heasarc.gsfc.nasa.gov/FTP/xte/data/archive/AO8/P80418/80418-01-02-05/pca/SE7_11cd4260-11cd505c.evt.gz,4.6,E_125us_64M_0_1s,D[0~4] & E[X1L^X1R^X2L^X2R^X3L^X3R] & C[0~249],0.0001220703125,True,True,XTEJ1814-338,NS,S1,S1
80418-01-03-02,SE7_11cfb05e-11cfbcfb.evt.gz,https://heasarc.gsfc.nasa.gov/FTP/xte/data/archive/AO8/P80418/80418-01-03-02/pca/SE7_11cfb05e-11cfbcfb.evt.gz,4.2,E_125us_64M_0_1s,D[0~4] & E[X1L^X1R^X2L^X2R^X3L^X3R] & C[0~249],0.0001220703125,True,True,XTEJ1814-338,NS,S1,S1
80418-01-03-02,SE7_11cfc5f0-11cfd3b8.evt.gz,https://heasarc.gsfc.nasa.gov/FTP/xte/data/archive/AO8/P80418/80418-01-03-02/pca/SE7_11cfc5f0-11cfd3b8.evt.gz,4.0,E_125us_64M_0_1s,D[0~4] & E[X1L^X1R^X2L^X2R^X3L^X3R] & C[0~249],0.0001220703125,True,True,XTEJ1814-338,NS,S1,S1
80418-01-03-02,SE7_11cfdb40-11cfdc28.evt.gz,https://heasarc.gsfc.nasa.gov/FTP/xte/data/archive/AO8/P80418/80418-01-03-02/pca/SE7_11cfdb40-11cfdc28.evt.gz,0.111,E_500us_64M_0_1s,D[0~4] & E[X1L^X1R^X2L^X2R^X3L^X3R] & C[0~249],0.00048828125,False,False,XTEJ1814-338,NS,S1,S1
80418-01-03-02,SE7_11cfdc40-11cfe9c1.evt.gz,https://heasarc.gsfc.nasa.gov/FTP/xte/data/archive/AO8/P80418/80418-01-03-02/pca/SE7_11cfdc40-11cfe9c1.evt.gz,5.3,E_125us_64M_0_1s,D[0~4] & E[X1L^X1R^X2L^X2R^X3L^X3R] & C[0~249],0.0001220703125,True,True,XTEJ1814-338,NS,S1,S1
80418-01-03-08,SE7_11d33dab-11d34408.evt.gz,https://heasarc.gsfc.nasa.gov/FTP/xte/data/archive/AO8/P80418/80418-01-03-08/pca/SE7_11d33dab-11d34408.evt.gz,2.0,E_125us_64M_0_1s,D[0~4] & E[X1L^X1R^X2L^X2R^X3L^X3R] & C[0~249],0.0001220703125,True,True,XTEJ1814-338,NS,S1,S1
80418-01-04-03,SE7_11db3723-11db3ed8.evt.gz,https://heasarc.gsfc.nasa.gov/FTP/xte/data/archive/AO8/P80418/80418-01-04-03/pca/SE7_11db3723-11db3ed8.evt.gz,3.1,E_125us_64M_0_1s,D[0~4] & E[X1L^X1R^X2L^X2R^X3L^X3R] & C[0~249],0.0001220703125,True,True,XTEJ1814-338,NS,S1,S1
80418-01-05-00,SE7_11e0803f-11e088d4.evt.gz,https://heasarc.gsfc.nasa.gov/FTP/xte/data/archive/AO8/P80418/80418-01-05-00/pca/SE7_11e0803f-11e088d4.evt.gz,1.7,E_125us_64M_0_1s,D[0~4] & E[X1L^X1R^X2L^X2R^X3L^X3R] & C[0~249],0.0001220703125,True,True,XTEJ1814-338,NS,S1,S1
80418-01-06-00,SE7_11e9f4e0-11e9ff91.evt.gz,https://heasarc.gsfc.nasa.gov/FTP/xte/data/archive/AO8/P80418/80418-01-06-00/pca/SE7_11e9f4e0-11e9ff91.evt.gz,3.2,E_125us_64M_0_1s,D[0~4] & E[X1L^X1R^X2L^X2R^X3L^X3R] & C[0~249],0.0001220703125,True,True,XTEJ1814-338,NS,S1,S1
80418-01-06-02,SE7_11ec32e0-11ec405d.evt.gz,https://heasarc.gsfc.nasa.gov/FTP/xte/data/archive/AO8/P80418/80418-01-06-02/pca/SE7_11ec32e0-11ec405d.evt.gz,2.4,E_125us_64M_0_1s,D[0~4] & E[X1L^X1R^X2L^X2R^X3L^X3R] & C[0~249],0.0001220703125,True,True,XTEJ1814-338,NS,S1,S1
94090-01-02-01,SE1_1cdce6f3-1cdcf436.evt.gz,https://heasarc.gsfc.nasa.gov/FTP/xte/data/archive/AO13/P94090/94090-01-02-01/pca/SE1_1cdce6f3-1cdcf436.evt.gz,8.7,E_125us_64M_0_1s,D[0~4] & E[X1L^X1R^X2L^X2R^X3L^X3R] & C[0~249],0.0001220703125,True,True,4U1820-30,NS,S1,S1
94090-01-02-01,SE1_1cdcfcf0-1cdd0a3e.evt.gz,https://heasarc.gsfc.nasa.gov/FTP/xte/data/archive/AO13/P94090/94090-01-02-01/pca/SE1_1cdcfcf0-1cdd0a3e.evt.gz,4.0,E_125us_64M_0_1s,D[0~4] & E[X1L^X1R^X2L^X2R^X3L^X3R] & C[0~249],0.0001220703125,True,True,4U1820-30,NS,S1,S1
50035-01-02-00,SE7_c382b60-c3838f0.evt.gz,https://heasarc.gsfc.nasa.gov/FTP/xte/data/archive/AO5/P50035/50035-01-02-00/pca/SE7_c382b60-c3838f0.evt.gz,13.0,E_125us_64M_0_1s,D[0~4] & E[X1L^X1R^X2L^X2R^X3L^X3R] & C[0~249],0.0001220703125,True,True,GS1826-238,NS,S1,S1
50035-01-02-00,SE7_c385e10-c3865b5.evt.gz,https://heasarc.gsfc.nasa.gov/FTP/xte/data/archive/AO5/P50035/50035-01-02-00/pca/SE7_c385e10-c3865b5.evt.gz,7.3,E_125us_64M_0_1s,D[0~4] & E[X1L^X1R^X2L^X2R^X3L^X3R] & C[0~249],0.0001220703125,True,True,GS1826-238,NS,S1,S1
50035-01-02-00,SE7_c3814f0-c382270.evt.gz,https://heasarc.gsfc.nasa.gov/FTP/xte/data/archive/AO5/P50035/50035-01-02-00/pca/SE7_c3814f0-c382270.evt.gz,15.0,E_125us_64M_0_1s,D[0~4] & E[X1L^X1R^X2L^X2R^X3L^X3R] & C[0~249],0.0001220703125,True,True,GS1826-238,NS,S1,S1
50035-01-02-00,SE7_c3841b0-c384f70.evt.gz,https://heasarc.gsfc.nasa.gov/FTP/xte/data/archive/AO5/P50035/50035-01-02-00/pca/SE7_c3841b0-c384f70.evt.gz,15.0,E_125us_64M_0_1s,D[0~4] & E[X1L^X1R^X2L^X2R^X3L^X3R] & C[0~249],0.0001220703125,True,True,GS1826-238,NS,S1,S1
50035-01-02-00,SE7_c381469-c3814d8.evt.gz,https://heasarc.gsfc.nasa.gov/FTP/xte/data/archive/AO5/P50035/50035-01-02-00/pca/SE7_c381469-c3814d8.evt.gz,0.133,E_500us_64M_0_1s,D[0~4] & E[X1L^X1R^X2L^X2R^X3L^X3R] & C[0~249],0.00048828125,False,False,GS1826-238,NS,S1,S1
50035-01-02-00,SE7_c385830-c385c18.evt.gz,https://heasarc.gsfc.nasa.gov/FTP/xte/data/archive/AO5/P50035/50035-01-02-00/pca/SE7_c385830-c385c18.evt.gz,3.7,E_125us_64M_0_1s,D[0~4] & E[X1L^X1R^X2L^X2R^X3L^X3R] & C[0~249],0.0001220703125,True,True,GS1826-238,NS,S1,S1
50035-01-03-02,SE7_ca96b2d-ca97471.evt.gz,https://heasarc.gsfc.nasa.gov/FTP/xte/data/archive/AO5/P50035/50035-01-03-02/pca/SE7_ca96b2d-ca97471.evt.gz,6.2,E_125us_64M_0_1s,D[0~4] & E[X1L^X1R^X2L^X2R^X3L^X3R] & C[0~249],0.0001220703125,True,True,GS1826-238,NS,S1,S1
50035-01-03-04,SE7_caa0690-caa0fd3.evt.gz,https://heasarc.gsfc.nasa.gov/FTP/xte/data/archive/AO5/P50035/50035-01-03-04/pca/SE7_caa0690-caa0fd3.evt.gz,8.5,E_125us_64M_0_1s,D[0~4] & E[X1L^X1R^X2L^X2R^X3L^X3R] & C[0~249],0.0001220703125,True,True,GS1826-238,NS,S1,S1
50035-01-03-04,SE7_caa19f0-caa2618.evt.gz,https://heasarc.gsfc.nasa.gov/FTP/xte/data/archive/AO5/P50035/50035-01-03-04/pca/SE7_caa19f0-caa2618.evt.gz,11.0,E_125us_64M_0_1s,D[0~4] & E[X1L^X1R^X2L^X2R^X3L^X3R] & C[0~249],0.0001220703125,True,True,GS1826-238,NS,S1,S1
50035-01-03-090,SE7_cac0aff-cac15cb.evt.gz,https://heasarc.gsfc.nasa.gov/FTP/xte/data/archive/AO5/P50035/50035-01-03-090/pca/SE7_cac0aff-cac15cb.evt.gz,8.2,E_125us_64M_0_1s,D[0~4] & E[X1L^X1R^X2L^X2R^X3L^X3R] & C[0~249],0.0001220703125,True,True,GS1826-238,NS,S1,S1
50035-01-03-090,SE7_cac1da0-cac1e00.evt.gz,https://heasarc.gsfc.nasa.gov/FTP/xte/data/archive/AO5/P50035/50035-01-03-090/pca/SE7_cac1da0-cac1e00.evt.gz,0.268,E_125us_64M_0_1s,D[0~4] & E[X1L^X1R^X2L^X2R^X3L^X3R] & C[0~249],0.0001220703125,True,True,GS1826-238,NS,S1,S1
50035-01-03-090,SE7_cac4aa0-cac590f.evt.gz,https://heasarc.gsfc.nasa.gov/FTP/xte/data/archive/AO5/P50035/50035-01-03-090/pca/SE7_cac4aa0-cac590f.evt.gz,17.0,E_125us_64M_0_1s,D[0~4] & E[X1L^X1R^X2L^X2R^X3L^X3R] & C[0~249],0.0001220703125,True,True,GS1826-238,NS,S1,S1
50035-01-03-090,SE7_cac20e0-cac2c4c.evt.gz,https://heasarc.gsfc.nasa.gov/FTP/xte/data/archive/AO5/P50035/50035-01-03-090/pca/SE7_cac20e0-cac2c4c.evt.gz,7.9,E_125us_64M_0_1s,D[0~4] & E[X1L^X1R^X2L^X2R^X3L^X3R] & C[0~249],0.0001220703125,True,True,GS1826-238,NS,S1,S1
50035-01-03-090,SE7_cac60e0-cac6f8f.evt.gz,https://heasarc.gsfc.nasa.gov/FTP/xte/data/archive/AO5/P50035/50035-01-03-090/pca/SE7_cac60e0-cac6f8f.evt.gz,17.0,E_125us_64M_0_1s,D[0~4] & E[X1L^X1R^X2L^X2R^X3L^X3R] & C[0~249],0.0001220703125,True,True,GS1826-238,NS,S1,S1
50035-01-03-090,SE7_cac3410-cac42cc.evt.gz,https://heasarc.gsfc.nasa.gov/FTP/xte/data/archive/AO5/P50035/50035-01-03-090/pca/SE7_cac3410-cac42cc.evt.gz,10.0,E_125us_64M_0_1s,D[0~4] & E[X1L^X1R^X2L^X2R^X3L^X3R] & C[0~249],0.0001220703125,True,True,GS1826-238,NS,S1,S1
50035-01-03-090,SE7_cac7760-cac7b80.evt.gz,https://heasarc.gsfc.nasa.gov/FTP/xte/data/archive/AO5/P50035/50035-01-03-090/pca/SE7_cac7760-cac7b80.evt.gz,2.8,E_125us_64M_0_1s,D[0~4] & E[X1L^X1R^X2L^X2R^X3L^X3R] & C[0~249],0.0001220703125,True,True,GS1826-238,NS,S1,S1
80048-01-01-09,SE7_116c4391-116c4a3d.evt.gz,https://heasarc.gsfc.nasa.gov/FTP/xte/data/archive/AO8/P80048/80048-01-01-09/pca/SE7_116c4391-116c4a3d.evt.gz,4.5,E_125us_64M_0_1s,D[0~4] & E[X1L^X1R^X2L^X2R^X3L^X3R] & C[0~249],0.0001220703125,True,True,GS1826-238,NS,S1,S1
80048-01-01-14,SE7_116ec570-116ece4d.evt.gz,https://heasarc.gsfc.nasa.gov/FTP/xte/data/archive/AO8/P80048/80048-01-01-14/pca/SE7_116ec570-116ece4d.evt.gz,5.8,E_125us_64M_0_1s,D[0~4] & E[X1L^X1R^X2L^X2R^X3L^X3R] & C[0~249],0.0001220703125,True,True,GS1826-238,NS,S1,S1
80049-01-01-00,SE7_11db7a04-11db86cb.evt.gz,https://heasarc.gsfc.nasa.gov/FTP/xte/data/archive/AO8/P80049/80049-01-01-00/pca/SE7_11db7a04-11db86cb.evt.gz,14.0,E_125us_64M_0_1s,D[0~4] & E[X1L^X1R^X2L^X2R^X3L^X3R] & C[0~249],0.0001220703125,True,True,GS1826-238,NS,S1,S1
80049-01-01-00,SE7_11db8f80-11db9cd4.evt.gz,https://heasarc.gsfc.nasa.gov/FTP/xte/data/archive/AO8/P80049/80049-01-01-00/pca/SE7_11db8f80-11db9cd4.evt.gz,9.4,E_125us_64M_0_1s,D[0~4] & E[X1L^X1R^X2L^X2R^X3L^X3R] & C[0~249],0.0001220703125,True,True,GS1826-238,NS,S1,S1
90043-01-01-02,SE7_13d85d30-13d86bac.evt.gz,https://heasarc.gsfc.nasa.gov/FTP/xte/data/archive/AO9/P90043/90043-01-01-02/pca/SE7_13d85d30-13d86bac.evt.gz,11.0,E_125us_64M_0_1s,D[0~4] & E[X1L^X1R^X2L^X2R^X3L^X3R] & C[0~249],0.0001220703125,True,True,GS1826-238,NS,S1,S1
90043-01-01-02,SE7_13d88af0-13d897f8.evt.gz,https://heasarc.gsfc.nasa.gov/FTP/xte/data/archive/AO9/P90043/90043-01-01-02/pca/SE7_13d88af0-13d897f8.evt.gz,9.4,E_125us_64M_0_1s,D[0~4] & E[X1L^X1R^X2L^X2R^X3L^X3R] & C[0~249],0.0001220703125,True,True,GS1826-238,NS,S1,S1
90043-01-01-02,SE7_13d873f0-13d881f0.evt.gz,https://heasarc.gsfc.nasa.gov/FTP/xte/data/archive/AO9/P90043/90043-01-01-02/pca/SE7_13d873f0-13d881f0.evt.gz,12.0,E_125us_64M_0_1s,D[0~4] & E[X1L^X1R^X2L^X2R^X3L^X3R] & C[0~249],0.0001220703125,True,True,GS1826-238,NS,S1,S1
70044-01-03-00,SE7_151a410a-151a48c7.evt.gz,https://heasarc.gsfc.nasa.gov/FTP/xte/data/archive/AO7/P70044/70044-01-03-00/pca/SE7_151a410a-151a48c7.evt.gz,5.5,E_125us_64M_0_1s,D[0~4] & E[X1L^X1R^X2L^X2R^X3L^X3R] & C[0~249],0.0001220703125,True,True,GS1826-238,NS,S1,S1
92703-01-04-02,SE7_17ae06d0-17ae1449.evt.gz,https://heasarc.gsfc.nasa.gov/FTP/xte/data/archive/AO11/P92703/92703-01-04-02/pca/SE7_17ae06d0-17ae1449.evt.gz,5.9,E_125us_64M_0_1s,D[0~4] & E[X1L^X1R^X2L^X2R^X3L^X3R] & C[0~249],0.0001220703125,True,True,GS1826-238,NS,S1,S1
92703-01-04-02,SE7_17ae1d00-17ae25a2.evt.gz,https://heasarc.gsfc.nasa.gov/FTP/xte/data/archive/AO11/P92703/92703-01-04-02/pca/SE7_17ae1d00-17ae25a2.evt.gz,4.8,E_125us_64M_0_1s,D[0~4] & E[X1L^X1R^X2L^X2R^X3L^X3R] & C[0~249],0.0001220703125,True,True,GS1826-238,NS,S1,S1
70044-01-04-00,SE7_17c1e2a0-17c1ee3d.evt.gz,https://heasarc.gsfc.nasa.gov/FTP/xte/data/archive/AO7/P70044/70044-01-04-00/pca/SE7_17c1e2a0-17c1ee3d.evt.gz,8.7,E_125us_64M_0_1s,D[0~4] & E[X1L^X1R^X2L^X2R^X3L^X3R] & C[0~249],0.0001220703125,True,True,GS1826-238,NS,S1,S1
70044-01-04-00,SE7_17c1f8a0-17c204f9.evt.gz,https://heasarc.gsfc.nasa.gov/FTP/xte/data/archive/AO7/P70044/70044-01-04-00/pca/SE7_17c1f8a0-17c204f9.evt.gz,8.9,E_125us_64M_0_1s,D[0~4] & E[X1L^X1R^X2L^X2R^X3L^X3R] & C[0~249],0.0001220703125,True,True,GS1826-238,NS,S1,S1
70044-01-04-00,SE7_17c20ee0-17c21bb5.evt.gz,https://heasarc.gsfc.nasa.gov/FTP/xte/data/archive/AO7/P70044/70044-01-04-00/pca/SE7_17c20ee0-17c21bb5.evt.gz,8.6,E_125us_64M_0_1s,D[0~4] & E[X1L^X1R^X2L^X2R^X3L^X3R] & C[0~249],0.0001220703125,True,True,GS1826-238,NS,S1,S1
70044-01-04-00,SE7_17c224f0-17c232ad.evt.gz,https://heasarc.gsfc.nasa.gov/FTP/xte/data/archive/AO7/P70044/70044-01-04-00/pca/SE7_17c224f0-17c232ad.evt.gz,6.1,E_125us_64M_0_1s,D[0~4] & E[X1L^X1R^X2L^X2R^X3L^X3R] & C[0~249],0.0001220703125,True,True,GS1826-238,NS,S1,S1
91017-01-02-05,SE7_18cc1fd0-18cc2aba.evt.gz,https://heasarc.gsfc.nasa.gov/FTP/xte/data/archive/AO10/P91017/91017-01-02-05/pca/SE7_18cc1fd0-18cc2aba.evt.gz,8.7,E_125us_64M_0_1s,D[0~4] & E[X1L^X1R^X2L^X2R^X3L^X3R] & C[0~249],0.0001220703125,True,True,GS1826-238,NS,S1,S1
91017-01-02-03,SE7_18cc48bb-18cc56ca.evt.gz,https://heasarc.gsfc.nasa.gov/FTP/xte/data/archive/AO10/P91017/91017-01-02-03/pca/SE7_18cc48bb-18cc56ca.evt.gz,5.6,E_125us_64M_0_1s,D[0~4] & E[X1L^X1R^X2L^X2R^X3L^X3R] & C[0~249],0.0001220703125,True,True,GS1826-238,NS,S1,S1
91017-01-02-10,SE7_18cdc06f-18cdceba.evt.gz,https://heasarc.gsfc.nasa.gov/FTP/xte/data/archive/AO10/P91017/91017-01-02-10/pca/SE7_18cdc06f-18cdceba.evt.gz,11.0,E_125us_64M_0_1s,D[0~4] & E[X1L^X1R^X2L^X2R^X3L^X3R] & C[0~249],0.0001220703125,True,True,GS1826-238,NS,S1,S1
96306-01-01-01,SE7_2098f790-20990466.evt.gz,https://heasarc.gsfc.nasa.gov/FTP/xte/data/archive/AO15/P96306/96306-01-01-01/pca/SE7_2098f790-20990466.evt.gz,2.0,E_125us_64M_0_1s,D[0~4] & E[X1L^X1R^X2L^X2R^X3L^X3R] & C[0~249],0.0001220703125,True,True,GS1826-238,NS,S1,S1
96306-01-01-01,SE7_20990e50-20991aaa.evt.gz,https://heasarc.gsfc.nasa.gov/FTP/xte/data/archive/AO15/P96306/96306-01-01-01/pca/SE7_20990e50-20991aaa.evt.gz,4.7,E_125us_64M_0_1s,D[0~4] & E[X1L^X1R^X2L^X2R^X3L^X3R] & C[0~249],0.0001220703125,True,True,GS1826-238,NS,S1,S1
96306-01-01-01,SE7_20993c00-209946bb.evt.gz,https://heasarc.gsfc.nasa.gov/FTP/xte/data/archive/AO15/P96306/96306-01-01-01/pca/SE7_20993c00-209946bb.evt.gz,1.6,E_125us_64M_0_1s,D[0~4] & E[X1L^X1R^X2L^X2R^X3L^X3R] & C[0~249],0.0001220703125,True,True,GS1826-238,NS,S1,S1
96306-01-01-01,SE7_20992550-209930b2.evt.gz,https://heasarc.gsfc.nasa.gov/FTP/xte/data/archive/AO15/P96306/96306-01-01-01/pca/SE7_20992550-209930b2.evt.gz,4.0,E_125us_64M_0_1s,D[0~4] & E[X1L^X1R^X2L^X2R^X3L^X3R] & C[0~249],0.0001220703125,True,True,GS1826-238,NS,S1,S1
91015-01-07-00,SE7_15b2f282-15b2fe88.evt.gz,https://heasarc.gsfc.nasa.gov/FTP/xte/data/archive/AO10/P91015/91015-01-07-00/pca/SE7_15b2f282-15b2fe88.evt.gz,4.4,E_125us_64M_0_1s,D[0~4] & E[X1L^X1R^X2L^X2R^X3L^X3R] & C[0~249],0.0001220703125,True,True,HETEJ1900.1-245,NS,S1,S1
91059-03-03-00,SE7_15c59e7c-15c5a8f8.evt.gz,https://heasarc.gsfc.nasa.gov/FTP/xte/data/archive/AO10/P91059/91059-03-03-00/pca/SE7_15c59e7c-15c5a8f8.evt.gz,4.6,E_125us_64M_0_1s,D[0~4] & E[X1L^X1R^X2L^X2R^X3L^X3R] & C[0~249],0.0001220703125,True,True,HETEJ1900.1-245,NS,S1,S1
91057-01-07-04,SE7_160dc0b0-160dcdf4.evt.gz,https://heasarc.gsfc.nasa.gov/FTP/xte/data/archive/AO10/P91057/91057-01-07-04/pca/SE7_160dc0b0-160dcdf4.evt.gz,7.4,E_125us_64M_0_1s,D[0~4] & E[X1L^X1R^X2L^X2R^X3L^X3R] & C[0~249],0.0001220703125,True,True,HETEJ1900.1-245,NS,S1,S1
92049-01-05-00,SE7_16e78267-16e78f1e.evt.gz,https://heasarc.gsfc.nasa.gov/FTP/xte/data/archive/AO11/P92049/92049-01-05-00/pca/SE7_16e78267-16e78f1e.evt.gz,3.6,E_125us_64M_0_1s,D[0~4] & E[X1L^X1R^X2L^X2R^X3L^X3R] & C[0~249],0.0001220703125,True,True,HETEJ1900.1-245,NS,S1,S1
92049-01-07-00,SE7_16f9d3b0-16f9df52.evt.gz,https://heasarc.gsfc.nasa.gov/FTP/xte/data/archive/AO11/P92049/92049-01-07-00/pca/SE7_16f9d3b0-16f9df52.evt.gz,10.0,E_125us_64M_0_1s,D[0~4] & E[X1L^X1R^X2L^X2R^X3L^X3R] & C[0~249],0.0001220703125,True,True,HETEJ1900.1-245,NS,S1,S1
92049-01-40-00,SE7_182b63d3-182b7104.evt.gz,https://heasarc.gsfc.nasa.gov/FTP/xte/data/archive/AO11/P92049/92049-01-40-00/pca/SE7_182b63d3-182b7104.evt.gz,6.4,E_125us_64M_0_1s,D[0~4] & E[X1L^X1R^X2L^X2R^X3L^X3R] & C[0~249],0.0001220703125,True,True,HETEJ1900.1-245,NS,S1,S1
93030-01-47-00,SE7_1b55109d-1b551ce1.evt.gz,https://heasarc.gsfc.nasa.gov/FTP/xte/data/archive/AO12/P93030/93030-01-47-00/pca/SE7_1b55109d-1b551ce1.evt.gz,4.4,E_125us_64M_0_1s,D[0~4] & E[X1L^X1R^X2L^X2R^X3L^X3R] & C[0~249],0.0001220703125,True,True,HETEJ1900.1-245,NS,S1,S1
94030-01-05-00,SE7_1c87e270-1c87ec66.evt.gz,https://heasarc.gsfc.nasa.gov/FTP/xte/data/archive/AO13/P94030/94030-01-05-00/pca/SE7_1c87e270-1c87ec66.evt.gz,2.1,E_125us_64M_0_1s,D[0~4] & E[X1L^X1R^X2L^X2R^X3L^X3R] & C[0~249],0.0001220703125,True,True,HETEJ1900.1-245,NS,S1,S1
94030-01-36-00,SE7_1da4f780-1da4f81e.evt.gz,https://heasarc.gsfc.nasa.gov/FTP/xte/data/archive/AO13/P94030/94030-01-36-00/pca/SE7_1da4f780-1da4f81e.evt.gz,0.0037,E_500us_64M_0_1s,D[0~4] & E[X1L^X1R^X2L^X2R^X3L^X3R] & C[0~249],0.00048828125,False,False,HETEJ1900.1-245,NS,S1,S1
94030-01-36-00,SE7_1da4f830-1da5057a.evt.gz,https://heasarc.gsfc.nasa.gov/FTP/xte/data/archive/AO13/P94030/94030-01-36-00/pca/SE7_1da4f830-1da5057a.evt.gz,4.8,E_125us_64M_0_1s,D[0~4] & E[X1L^X1R^X2L^X2R^X3L^X3R] & C[0~249],0.0001220703125,True,True,HETEJ1900.1-245,NS,S1,S1
96030-01-01-01,SE1_202684d0-202684ff.evt.gz,https://heasarc.gsfc.nasa.gov/FTP/xte/data/archive/AO15/P96030/96030-01-01-01/pca/SE1_202684d0-202684ff.evt.gz,0.048,E_62us_64M_0_1s_L1R1,D[0~4] & E[X1L^X1R] & C[0~249],6.103515625e-05,False,False,HETEJ1900.1-245,NS,S1,S1
96030-01-01-01,SE2_202684d0-202684ff.evt.gz,https://heasarc.gsfc.nasa.gov/FTP/xte/data/archive/AO15/P96030/96030-01-01-01/pca/SE2_202684d0-202684ff.evt.gz,0.048,E_62us_64M_0_1s_L1R1,D[0~4] & E[X1L^X1R] & C[0~249],6.103515625e-05,False,False,HETEJ1900.1-245,NS,S1,S1
96030-01-01-01,SE3_202684d0-202684ff.evt.gz,https://heasarc.gsfc.nasa.gov/FTP/xte/data/archive/AO15/P96030/96030-01-01-01/pca/SE3_202684d0-202684ff.evt.gz,0.048,E_62us_64M_0_1s_L1R1,D[0~4] & E[X1L^X1R] & C[0~249],6.103515625e-05,False,False,HETEJ1900.1-245,NS,S1,S1
96030-01-01-01,SE7_202684d0-202684fe.evt.gz,https://heasarc.gsfc.nasa.gov/FTP/xte/data/archive/AO15/P96030/96030-01-01-01/pca/SE7_202684d0-202684fe.evt.gz,0.06,E_500us_64M_0_1s,D[0~4] & E[X1L^X1R^X2L^X2R^X3L^X3R] & C[0~249],0.00048828125,False,False,HETEJ1900.1-245,NS,S1,S1
96030-01-01-01,SE7_20268510-20268daa.evt.gz,https://heasarc.gsfc.nasa.gov/FTP/xte/data/archive/AO15/P96030/96030-01-01-01/pca/SE7_20268510-20268daa.evt.gz,2.5,E_125us_64M_0_1s,D[0~4] & E[X1L^X1R^X2L^X2R^X3L^X3R] & C[0~249],0.0001220703125,True,True,HETEJ1900.1-245,NS,S1,S1
96030-01-25-00,SE7_2100f9c1-2101034b.evt.gz,https://heasarc.gsfc.nasa.gov/FTP/xte/data/archive/AO15/P96030/96030-01-25-00/pca/SE7_2100f9c1-2101034b.evt.gz,2.9,E_125us_64M_0_1s,D[0~4] & E[X1L^X1R^X2L^X2R^X3L^X3R] & C[0~249],0.0001220703125,True,True,HETEJ1900.1-245,NS,S1,S1
40430-01-01-00,,,,,,,False,False,V4641SGR,BH,X,E_v4b2
70119-01-01-00,SE7_fcaece0-fcafa1f.evt.gz,https://heasarc.gsfc.nasa.gov/FTP/xte/data/archive/AO7/P70119/70119-01-01-00/pca/SE7_fcaece0-fcafa1f.evt.gz,1.6,E_125us_64M_0_1s,D[0~4] & E[X1L^X1R^X2L^X2R^X3L^X3R] & C[0~249],0.0001220703125,True,True,V4641SGR,BH,X,E_v4b2
70119-01-01-00,SE7_fcb0310-fcb1063.evt.gz,https://heasarc.gsfc.nasa.gov/FTP/xte/data/archive/AO7/P70119/70119-01-01-00/pca/SE7_fcb0310-fcb1063.evt.gz,1.9,E_125us_64M_0_1s,D[0~4] & E[X1L^X1R^X2L^X2R^X3L^X3R] & C[0~249],0.0001220703125,True,True,V4641SGR,BH,X,E_v4b2
70119-01-01-00,SE7_fcb1cb0-fcb26a9.evt.gz,https://heasarc.gsfc.nasa.gov/FTP/xte/data/archive/AO7/P70119/70119-01-01-00/pca/SE7_fcb1cb0-fcb26a9.evt.gz,1.7,E_125us_64M_0_1s,D[0~4] & E[X1L^X1R^X2L^X2R^X3L^X3R] & C[0~249],0.0001220703125,True,True,V4641SGR,BH,X,E_v4b2
80054-08-02-00,SE2_120d7d70-120d8988.evt.gz,https://heasarc.gsfc.nasa.gov/FTP/xte/data/archive/AO8/P80054/80054-08-02-00/pca/SE2_120d7d70-120d8988.evt.gz,2.0,E_16us_16B_36_1s,D[0~4] & E[X1L^X1R^X2L^X2R^X3L^X3R] & C[36~249],1.52587890625e-05,False,False,V4641SGR,BH,X,E_v4b2
80054-08-02-01,SE7_120d9a57-120da080.evt.gz,https://heasarc.gsfc.nasa.gov/FTP/xte/data/archive/AO8/P80054/80054-08-02-01/pca/SE7_120d9a57-120da080.evt.gz,7.8,E_125us_64M_0_1s,D[0~4] & E[X1L^X1R^X2L^X2R^X3L^X3R] & C[0~249],0.0001220703125,True,True,V4641SGR,BH,X,E_v4b2
91422-01-01-01,SE7_1599b5d6-1599c2ec.evt.gz,https://heasarc.gsfc.nasa.gov/FTP/xte/data/archive/AO10/P91422/91422-01-01-01/pca/SE7_1599b5d6-1599c2ec.evt.gz,2.1,E_125us_64M_0_1s,D[0~4] & E[X1L^X1R^X2L^X2R^X3L^X3R] & C[0~249],0.0001220703125,True,True,V4641SGR,BH,X,E_v4b2
91422-01-01-01,SE7_1599caf0-1599d8f4.evt.gz,https://heasarc.gsfc.nasa.gov/FTP/xte/data/archive/AO10/P91422/91422-01-01-01/pca/SE7_1599caf0-1599d8f4.evt.gz,2.6,E_125us_64M_0_1s,D[0~4] & E[X1L^X1R^X2L^X2R^X3L^X3R] & C[0~249],0.0001220703125,True,True,V4641SGR,BH,X,E_v4b2
40124-01-09-00,SE2_ae107b0-ae1147c.evt.gz,https://heasarc.gsfc.nasa.gov/FTP/xte/data/archive/AO4/P40124/40124-01-09-00/pca/SE2_ae107b0-ae1147c.evt.gz,3.1,E_16us_16B_36_1s,D[0~4] & E[X1L^X1R^X2L^X2R^X3L^X3R] & C[36~249],1.52587890625e-05,False,False,XTEJ1859+226,BH,X,E_v4b2
20071-11-01-00,,,,,,,False,False,2S0918-549,NS,X,E_v4b2
93416-01-17-02,SE7_1b7edda0-1b7ee27a.evt.gz,https://heasarc.gsfc.nasa.gov/FTP/xte/data/archive/AO12/P93416/93416-01-17-02/pca/SE7_1b7edda0-1b7ee27a.evt.gz,0.6950000000000001,E_125us_64M_0_1s,D[0~4] & E[X1L^X1R^X2L^X2R^X3L^X3R] & C[0~249],0.0001220703125,True,True,2S0918-549,NS,X,E_v4b2
96408-01-05-00,SE7_215d7d60-215d8a67.evt.gz,https://heasarc.gsfc.nasa.gov/FTP/xte/data/archive/AO15/P96408/96408-01-05-00/pca/SE7_215d7d60-215d8a67.evt.gz,1.6,E_125us_64M_0_1s,D[0~4] & E[X1L^X1R^X2L^X2R^X3L^X3R] & C[0~249],0.0001220703125,True,True,4U2127+119,NS,X,E_v4b2
50054-06-01-01,SE7_c57a050-c57a9d8.evt.gz,https://heasarc.gsfc.nasa.gov/FTP/xte/data/archive/AO5/P50054/50054-06-01-01/pca/SE7_c57a050-c57a9d8.evt.gz,13.0,E_125us_64M_0_1s,D[0~4] & E[X1L^X1R^X2L^X2R^X3L^X3R] & C[0~249],0.0001220703125,True,True,EXO1745-248,NS,X,E_v4b2
50054-06-02-00,SE7_c5c6c30-c5c6cd4.evt.gz,https://heasarc.gsfc.nasa.gov/FTP/xte/data/archive/AO5/P50054/50054-06-02-00/pca/SE7_c5c6c30-c5c6cd4.evt.gz,0.265,E_500us_64M_0_1s,D[0~4] & E[X1L^X1R^X2L^X2R^X3L^X3R] & C[0~249],0.00048828125,False,False,EXO1745-248,NS,X,E_v4b2
50054-06-02-00,SE7_c5c6cf0-c5c7ae3.evt.gz,https://heasarc.gsfc.nasa.gov/FTP/xte/data/archive/AO5/P50054/50054-06-02-00/pca/SE7_c5c6cf0-c5c7ae3.evt.gz,26.0,E_125us_64M_0_1s,D[0~4] & E[X1L^X1R^X2L^X2R^X3L^X3R] & C[0~249],0.0001220703125,True,True,EXO1745-248,NS,X,E_v4b2
60406-01-06-09,SE7_eb27a42-eb27f3d.evt.gz,https://heasarc.gsfc.nasa.gov/FTP/xte/data/archive/AO6/P60406/60406-01-06-09/pca/SE7_eb27a42-eb27f3d.evt.gz,0.735,E_125us_64M_0_1s,D[0~4] & E[X1L^X1R^X2L^X2R^X3L^X3R] & C[0~249],0.0001220703125,True,True,MXB0513-40,NS,X,E_v4b2
80409-01-11-01,SE7_122b2963-122b3001.evt.gz,https://heasarc.gsfc.nasa.gov/FTP/xte/data/archive/AO8/P80409/80409-01-11-01/pca/SE7_122b2963-122b3001.evt.gz,0.847,E_125us_64M_0_1s,D[0~4] & E[X1L^X1R^X2L^X2R^X3L^X3R] & C[0~249],0.0001220703125,True,True,MXB0513-40,NS,X,E_v4b2
80409-01-15-09,SE7_12703bc9-12704014.evt.gz,https://heasarc.gsfc.nasa.gov/FTP/xte/data/archive/AO8/P80409/80409-01-15-09/pca/SE7_12703bc9-12704014.evt.gz,0.5760000000000001,E_125us_64M_0_1s,D[0~4] & E[X1L^X1R^X2L^X2R^X3L^X3R] & C[0~249],0.0001220703125,True,True,MXB0513-40,NS,X,E_v4b2
60084-02-01-01,SE3_e58a56b-e58a714.evt.gz,https://heasarc.gsfc.nasa.gov/FTP/xte/data/archive/AO6/P60084/60084-02-01-01/pca/SE3_e58a56b-e58a714.evt.gz,0.227,E_125us_64M_0_1s,D[0~4] & E[X1L^X1R^X2L^X2R^X3L^X3R] & C[0~249],0.0001220703125,True,True,NGC6440,NS,X,E_v4b2
60084-02-01-01,SE3_e58af60-e58bd58.evt.gz,https://heasarc.gsfc.nasa.gov/FTP/xte/data/archive/AO6/P60084/60084-02-01-01/pca/SE3_e58af60-e58bd58.evt.gz,3.3,E_125us_64M_0_1s,D[0~4] & E[X1L^X1R^X2L^X2R^X3L^X3R] & C[0~249],0.0001220703125,True,True,NGC6440,NS,X,E_v4b2
60084-02-01-01,SE3_e58c5a0-e58d3d7.evt.gz,https://heasarc.gsfc.nasa.gov/FTP/xte/data/archive/AO6/P60084/60084-02-01-01/pca/SE3_e58c5a0-e58d3d7.evt.gz,3.4,E_125us_64M_0_1s,D[0~4] & E[X1L^X1R^X2L^X2R^X3L^X3R] & C[0~249],0.0001220703125,True,True,NGC6440,NS,X,E_v4b2
94315-01-12-02,SE7_1e818a10-1e819179.evt.gz,https://heasarc.gsfc.nasa.gov/FTP/xte/data/archive/AO13/P94315/94315-01-12-02/pca/SE7_1e818a10-1e819179.evt.gz,0.841,E_125us_64M_0_1s,D[0~4] & E[X1L^X1R^X2L^X2R^X3L^X3R] & C[0~249],0.0001220703125,True,True,NGC6440,NS,X,E_v4b2
94315-01-12-02,SE7_1e8199c0-1e819a27.evt.gz,https://heasarc.gsfc.nasa.gov/FTP/xte/data/archive/AO13/P94315/94315-01-12-02/pca/SE7_1e8199c0-1e819a27.evt.gz,0.028,E_125us_64M_0_1s,D[0~4] & E[X1L^X1R^X2L^X2R^X3L^X3R] & C[0~249],0.0001220703125,True,True,NGC6440,NS,X,E_v4b2
93044-08-08-01,SE7_1ac3368d-1ac33c82.evt.gz,https://heasarc.gsfc.nasa.gov/FTP/xte/data/archive/AO12/P93044/93044-08-08-01/pca/SE7_1ac3368d-1ac33c82.evt.gz,2.0,E_125us_64M_0_1s,D[0~4] & E[X1L^X1R^X2L^X2R^X3L^X3R] & C[0~249],0.0001220703125,True,True,SAXJ1750.8-2900,NS,X,E_v4b2
70134-01-02-00,SE7_f68c659-f68cc39.evt.gz,https://heasarc.gsfc.nasa.gov/FTP/xte/data/archive/AO7/P70134/70134-01-02-00/pca/SE7_f68c659-f68cc39.evt.gz,1.1,E_125us_64M_0_1s,D[0~4] & E[X1L^X1R^X2L^X2R^X3L^X3R] & C[0~249],0.0001220703125,True,True,XTEJ1709-267,NS,X,E_v4b2
80045-01-01-02,,,,,,,False,False,XTEJ1710-281,NS,X,E_v4b2
91045-01-01-02,,,,,,,False,False,XTEJ1710-281,NS,X,E_v4b2
91045-01-01-14,SE7_164bc900-164bc960.evt.gz,https://heasarc.gsfc.nasa.gov/FTP/xte/data/archive/AO10/P91045/91045-01-01-14/pca/SE7_164bc900-164bc960.evt.gz,0.064,E_500us_64M_0_1s,D[0~4] & E[X1L^X1R^X2L^X2R^X3L^X3R] & C[0~249],0.00048828125,False,False,XTEJ1710-281,NS,X,E_v4b2
96329-01-01-06,,,,,,,False,False,XTEJ1710-281,NS,X,E_v4b2
90037-02-01-05,SE7_14211e93-14212cc1.evt.gz,https://heasarc.gsfc.nasa.gov/FTP/xte/data/archive/AO9/P90037/90037-02-01-05/pca/SE7_14211e93-14212cc1.evt.gz,4.3,E_125us_64M_0_1s,D[0~4] & E[X1L^X1R^X2L^X2R^X3L^X3R] & C[0~249],0.0001220703125,True,True,XTEJ1759-220,NS,X,E_v4b2
90037-02-01-07,SE7_14226aeb-142278dd.evt.gz,https://heasarc.gsfc.nasa.gov/FTP/xte/data/archive/AO9/P90037/90037-02-01-07/pca/SE7_14226aeb-142278dd.evt.gz,3.1,E_125us_64M_0_1s,D[0~4] & E[X1L^X1R^X2L^X2R^X3L^X3R] & C[0~249],0.0001220703125,True,True,XTEJ1759-220,NS,X,E_v4b2
30157-01-26-00,SE7_85793e0-8579e24.evt.gz,https://heasarc.gsfc.nasa.gov/FTP/xte/data/archive/AO3/P30157/30157-01-26-00/pca/SE7_85793e0-8579e24.evt.gz,5.7,E_250us_128M_50_1s,D[0~4] & E[X1L^X1R^X2L^X2R^X3L^X3R] & C[50~254],0.000244140625,False,False,CYGX1,BH,X,E_new
40099-01-06-00,SE1_9d76d90-9d77aa8.evt.gz,https://heasarc.gsfc.nasa.gov/FTP/xte/data/archive/AO4/P40099/40099-01-06-00/pca/SE1_9d76d90-9d77aa8.evt.gz,12.0,E_125us_64M_36_1s,D[0~4] & E[X1L^X1R^X2L^X2R^X3L^X3R] & C[36~254],0.0001220703125,False,False,CYGX1,BH,X,E_new
40099-01-06-00,SE1_9d786b0-9d78cf0.evt.gz,https://heasarc.gsfc.nasa.gov/FTP/xte/data/archive/AO4/P40099/40099-01-06-00/pca/SE1_9d786b0-9d78cf0.evt.gz,5.5,E_125us_64M_36_1s,D[0~4] & E[X1L^X1R^X2L^X2R^X3L^X3R] & C[36~254],0.0001220703125,False,False,CYGX1,BH,X,E_new
40102-01-01-04,SE2_b54af90-b54bd14.evt.gz,https://heasarc.gsfc.nasa.gov/FTP/xte/data/archive/AO4/P40102/40102-01-01-04/pca/SE2_b54af90-b54bd14.evt.gz,7.7,E_16us_16B_36_1s,D[0~4] & E[X1L^X1R^X2L^X2R^X3L^X3R] & C[36~249],1.52587890625e-05,False,False,CYGX1,BH,X,E_new
40102-01-01-04,SE2_b54c6c0-b54d394.evt.gz,https://heasarc.gsfc.nasa.gov/FTP/xte/data/archive/AO4/P40102/40102-01-01-04/pca/SE2_b54c6c0-b54d394.evt.gz,7.5,E_16us_16B_36_1s,D[0~4] & E[X1L^X1R^X2L^X2R^X3L^X3R] & C[36~249],1.52587890625e-05,False,False,CYGX1,BH,X,E_new
50109-03-07-00,SE2_ce859a0-ce865b8.evt.gz,https://heasarc.gsfc.nasa.gov/FTP/xte/data/archive/AO5/P50109/50109-03-07-00/pca/SE2_ce859a0-ce865b8.evt.gz,9.2,E_62us_32M_36_1s,D[0~4] & E[X1L^X1R^X2L^X2R^X3L^X3R] & C[36~249],6.103515625e-05,False,False,CYGX1,BH,X,E_new
50109-01-08-06,SE2_d571efa-d5724e4.evt.gz,https://heasarc.gsfc.nasa.gov/FTP/xte/data/archive/AO5/P50109/50109-01-08-06/pca/SE2_d571efa-d5724e4.evt.gz,4.8,E_16us_16B_36_1s,D[0~4] & E[X1L^X1R^X2L^X2R^X3L^X3R] & C[36~249],1.52587890625e-05,False,False,CYGX1,BH,X,E_new
50110-01-48-00,SE1_f79f5c8-f79fcd8.evt.gz,https://heasarc.gsfc.nasa.gov/FTP/xte/data/archive/AO5/P50110/50110-01-48-00/pca/SE1_f79f5c8-f79fcd8.evt.gz,2.6,E_125us_64M_36_1s,D[0~4] & E[X1L^X1R^X2L^X2R^X3L^X3R] & C[36~254],0.0001220703125,False,False,CYGX1,BH,X,E_new
60090-01-25-00,SE1_111ea220-111eab74.evt.gz,https://heasarc.gsfc.nasa.gov/FTP/xte/data/archive/AO6/P60090/60090-01-25-00/pca/SE1_111ea220-111eab74.evt.gz,5.0,E_125us_64M_36_1s,D[0~4] & E[X1L^X1R^X2L^X2R^X3L^X3R] & C[36~254],0.0001220703125,False,False,CYGX1,BH,X,E_new
60090-01-40-03,SE1_1236eebe-1236f778.evt.gz,https://heasarc.gsfc.nasa.gov/FTP/xte/data/archive/AO6/P60090/60090-01-40-03/pca/SE1_1236eebe-1236f778.evt.gz,5.5,E_125us_64M_36_1s,D[0~4] & E[X1L^X1R^X2L^X2R^X3L^X3R] & C[36~254],0.0001220703125,False,False,CYGX1,BH,X,E_new
60090-01-40-03,SE1_12370030-12370dbc.evt.gz,https://heasarc.gsfc.nasa.gov/FTP/xte/data/archive/AO6/P60090/60090-01-40-03/pca/SE1_12370030-12370dbc.evt.gz,8.0,E_125us_64M_36_1s,D[0~4] & E[X1L^X1R^X2L^X2R^X3L^X3R] & C[36~254],0.0001220703125,False,False,CYGX1,BH,X,E_new
80110-01-18-04,SE1_1470174d-14701ab0.evt.gz,https://heasarc.gsfc.nasa.gov/FTP/xte/data/archive/AO8/P80110/80110-01-18-04/pca/SE1_1470174d-14701ab0.evt.gz,2.0,E_125us_64M_36_1s,D[0~4] & E[X1L^X1R^X2L^X2R^X3L^X3R] & C[36~254],0.0001220703125,False,False,CYGX1,BH,X,E_new
80110-01-18-04,SE1_14702150-147024c4.evt.gz,https://heasarc.gsfc.nasa.gov/FTP/xte/data/archive/AO8/P80110/80110-01-18-04/pca/SE1_14702150-147024c4.evt.gz,2.1,E_125us_64M_36_1s,D[0~4] & E[X1L^X1R^X2L^X2R^X3L^X3R] & C[36~254],0.0001220703125,False,False,CYGX1,BH,X,E_new
80110-01-35-02,SE1_16777f70-16778aa0.evt.gz,https://heasarc.gsfc.nasa.gov/FTP/xte/data/archive/AO8/P80110/80110-01-35-02/pca/SE1_16777f70-16778aa0.evt.gz,11.0,E_125us_64M_36_1s,D[0~4] & E[X1L^X1R^X2L^X2R^X3L^X3R] & C[36~254],0.0001220703125,False,False,CYGX1,BH,X,E_new
92090-01-15-00,SE1_17ea1020-17ea18f9.evt.gz,https://heasarc.gsfc.nasa.gov/FTP/xte/data/archive/AO11/P92090/92090-01-15-00/pca/SE1_17ea1020-17ea18f9.evt.gz,3.9,E_125us_64M_36_1s,D[0~4] & E[X1L^X1R^X2L^X2R^X3L^X3R] & C[36~254],0.0001220703125,False,False,CYGX1,BH,X,E_new
94121-01-18-02,SE1_1d74b2aa-1d74bcc6.evt.gz,https://heasarc.gsfc.nasa.gov/FTP/xte/data/archive/AO13/P94121/94121-01-18-02/pca/SE1_1d74b2aa-1d74bcc6.evt.gz,6.0,E_125us_64M_36_1s,D[0~4] & E[X1L^X1R^X2L^X2R^X3L^X3R] & C[36~254],0.0001220703125,False,False,CYGX1,BH,X,E_new
95429-01-03-00,SE1_1f267f40-1f268eaa.evt.gz,https://heasarc.gsfc.nasa.gov/FTP/xte/data/archive/AO14/P95429/95429-01-03-00/pca/SE1_1f267f40-1f268eaa.evt.gz,4.7,E_125us_64M_36_1s,D[0~4] & E[X1L^X1R^X2L^X2R^X3L^X3R] & C[36~254],0.0001220703125,False,False,CYGX1,BH,X,E_new
95429-01-03-00,SE1_1f266940-1f2678a2.evt.gz,https://heasarc.gsfc.nasa.gov/FTP/xte/data/archive/AO14/P95429/95429-01-03-00/pca/SE1_1f266940-1f2678a2.evt.gz,2.2,E_125us_64M_36_1s,D[0~4] & E[X1L^X1R^X2L^X2R^X3L^X3R] & C[36~254],0.0001220703125,False,False,CYGX1,BH,X,E_new
96121-01-16-02,SE1_210e80f3-210e88c6.evt.gz,https://heasarc.gsfc.nasa.gov/FTP/xte/data/archive/AO15/P96121/96121-01-16-02/pca/SE1_210e80f3-210e88c6.evt.gz,3.2,E_125us_64M_36_1s,D[0~4] & E[X1L^X1R^X2L^X2R^X3L^X3R] & C[36~254],0.0001220703125,False,False,CYGX1,BH,X,E_new
90052-03-01-04,,,,,,,False,False,IGRJ00291+5934,NS,X,E_new
90425-01-01-09,SE7_14917c50-14918a4c.evt.gz,https://heasarc.gsfc.nasa.gov/FTP/xte/data/archive/AO9/P90425/90425-01-01-09/pca/SE7_14917c50-14918a4c.evt.gz,5.3,E_125us_64M_0_1s,D[0~4] & E[X1L^X1R^X2L^X2R^X3L^X3R] & C[0~249],0.0001220703125,True,True,IGRJ00291+5934,NS,X,E_new
90425-01-01-09,SE7_14919250-14919cd0.evt.gz,https://heasarc.gsfc.nasa.gov/FTP/xte/data/archive/AO9/P90425/90425-01-01-09/pca/SE7_14919250-14919cd0.evt.gz,4.0,E_125us_64M_0_1s,D[0~4] & E[X1L^X1R^X2L^X2R^X3L^X3R] & C[0~249],0.0001220703125,True,True,IGRJ00291+5934,NS,X,E_new
90425-01-02-07,SE7_14942a50-14943418.evt.gz,https://heasarc.gsfc.nasa.gov/FTP/xte/data/archive/AO9/P90425/90425-01-02-07/pca/SE7_14942a50-14943418.evt.gz,3.2,E_125us_64M_0_1s,D[0~4] & E[X1L^X1R^X2L^X2R^X3L^X3R] & C[0~249],0.0001220703125,True,True,IGRJ00291+5934,NS,X,E_new
90425-01-02-16,SE7_14955ff0-14956dec.evt.gz,https://heasarc.gsfc.nasa.gov/FTP/xte/data/archive/AO9/P90425/90425-01-02-16/pca/SE7_14955ff0-14956dec.evt.gz,4.0,E_125us_64M_0_1s,D[0~4] & E[X1L^X1R^X2L^X2R^X3L^X3R] & C[0~249],0.0001220703125,True,True,IGRJ00291+5934,NS,X,E_new
90425-01-02-16,SE7_149533b0-1495419f.evt.gz,https://heasarc.gsfc.nasa.gov/FTP/xte/data/archive/AO9/P90425/90425-01-02-16/pca/SE7_149533b0-1495419f.evt.gz,4.0,E_125us_64M_0_1s,D[0~4] & E[X1L^X1R^X2L^X2R^X3L^X3R] & C[0~249],0.0001220703125,True,True,IGRJ00291+5934,NS,X,E_new
90425-01-02-16,SE7_149549a0-149557e4.evt.gz,https://heasarc.gsfc.nasa.gov/FTP/xte/data/archive/AO9/P90425/90425-01-02-16/pca/SE7_149549a0-149557e4.evt.gz,4.0,E_125us_64M_0_1s,D[0~4] & E[X1L^X1R^X2L^X2R^X3L^X3R] & C[0~249],0.0001220703125,True,True,IGRJ00291+5934,NS,X,E_new
90425-01-02-16,SE7_149575f0-14957f80.evt.gz,https://heasarc.gsfc.nasa.gov/FTP/xte/data/archive/AO9/P90425/90425-01-02-16/pca/SE7_149575f0-14957f80.evt.gz,2.8,E_125us_64M_0_1s,D[0~4] & E[X1L^X1R^X2L^X2R^X3L^X3R] & C[0~249],0.0001220703125,True,True,IGRJ00291+5934,NS,X,E_new
90425-01-02-09,SE7_14963eab-14964b2d.evt.gz,https://heasarc.gsfc.nasa.gov/FTP/xte/data/archive/AO9/P90425/90425-01-02-09/pca/SE7_14963eab-14964b2d.evt.gz,2.8,E_125us_64M_0_1s,D[0~4] & E[X1L^X1R^X2L^X2R^X3L^X3R] & C[0~249],0.0001220703125,True,True,IGRJ00291+5934,NS,X,E_new
90425-01-02-120,SE7_1496ee37-1496f860.evt.gz,https://heasarc.gsfc.nasa.gov/FTP/xte/data/archive/AO9/P90425/90425-01-02-120/pca/SE7_1496ee37-1496f860.evt.gz,1.6,E_125us_64M_0_1s,D[0~4] & E[X1L^X1R^X2L^X2R^X3L^X3R] & C[0~249],0.0001220703125,True,True,IGRJ00291+5934,NS,X,E_new
90425-01-02-120,SE7_14971a70-14972650.evt.gz,https://heasarc.gsfc.nasa.gov/FTP/xte/data/archive/AO9/P90425/90425-01-02-120/pca/SE7_14971a70-14972650.evt.gz,2.7,E_125us_64M_0_1s,D[0~4] & E[X1L^X1R^X2L^X2R^X3L^X3R] & C[0~249],0.0001220703125,True,True,IGRJ00291+5934,NS,X,E_new
90425-01-02-120,SE7_14970420-14970f1c.evt.gz,https://heasarc.gsfc.nasa.gov/FTP/xte/data/archive/AO9/P90425/90425-01-02-120/pca/SE7_14970420-14970f1c.evt.gz,2.4,E_125us_64M_0_1s,D[0~4] & E[X1L^X1R^X2L^X2R^X3L^X3R] & C[0~249],0.0001220703125,True,True,IGRJ00291+5934,NS,X,E_new
90425-01-02-120,SE7_14973070-14973dfd.evt.gz,https://heasarc.gsfc.nasa.gov/FTP/xte/data/archive/AO9/P90425/90425-01-02-120/pca/SE7_14973070-14973dfd.evt.gz,3.0,E_125us_64M_0_1s,D[0~4] & E[X1L^X1R^X2L^X2R^X3L^X3R] & C[0~249],0.0001220703125,True,True,IGRJ00291+5934,NS,X,E_new
90425-01-02-120,SE7_14974680-149754b8.evt.gz,https://heasarc.gsfc.nasa.gov/FTP/xte/data/archive/AO9/P90425/90425-01-02-120/pca/SE7_14974680-149754b8.evt.gz,3.1,E_125us_64M_0_1s,D[0~4] & E[X1L^X1R^X2L^X2R^X3L^X3R] & C[0~249],0.0001220703125,True,True,IGRJ00291+5934,NS,X,E_new
93013-07-05-00,SE7_1b8260b1-1b8270c9.evt.gz,https://heasarc.gsfc.nasa.gov/FTP/xte/data/archive/AO12/P93013/93013-07-05-00/pca/SE7_1b8260b1-1b8270c9.evt.gz,3.1,E_125us_64M_0_1s,D[0~4] & E[X1L^X1R^X2L^X2R^X3L^X3R] & C[0~249],0.0001220703125,True,True,IGRJ00291+5934,NS,X,E_new
93013-07-05-00,SE7_1b8278d0-1b8286d1.evt.gz,https://heasarc.gsfc.nasa.gov/FTP/xte/data/archive/AO12/P93013/93013-07-05-00/pca/SE7_1b8278d0-1b8286d1.evt.gz,2.6,E_125us_64M_0_1s,D[0~4] & E[X1L^X1R^X2L^X2R^X3L^X3R] & C[0~249],0.0001220703125,True,True,IGRJ00291+5934,NS,X,E_new
93013-07-05-00,SE7_1b829040-1b829cd8.evt.gz,https://heasarc.gsfc.nasa.gov/FTP/xte/data/archive/AO12/P93013/93013-07-05-00/pca/SE7_1b829040-1b829cd8.evt.gz,3.9,E_125us_64M_0_1s,D[0~4] & E[X1L^X1R^X2L^X2R^X3L^X3R] & C[0~249],0.0001220703125,True,True,IGRJ00291+5934,NS,X,E_new
93013-07-09-00,SE7_1b864854-1b86515d.evt.gz,https://heasarc.gsfc.nasa.gov/FTP/xte/data/archive/AO12/P93013/93013-07-09-00/pca/SE7_1b864854-1b86515d.evt.gz,1.1,E_125us_64M_0_1s,D[0~4] & E[X1L^X1R^X2L^X2R^X3L^X3R] & C[0~249],0.0001220703125,True,True,IGRJ00291+5934,NS,X,E_new
93013-07-19-02,,,,,,,False,False,IGRJ00291+5934,NS,X,E_new
96435-01-02-00,,,,,,,False,False,IGRJ17498-2921,NS,X,E_new
96435-01-03-000,SE7_21295330-21295386.evt.gz,https://heasarc.gsfc.nasa.gov/FTP/xte/data/archive/AO15/P96435/96435-01-03-000/pca/SE7_21295330-21295386.evt.gz,0.036000000000000004,E_500us_64M_0_1s,D[0~4] & E[X1L^X1R^X2L^X2R^X3L^X3R] & C[0~249],0.00048828125,False,False,IGRJ17498-2921,NS,X,E_new
96435-01-03-03,,,,,,,False,False,IGRJ17498-2921,NS,X,E_new
96435-01-03-010,,,,,,,False,False,IGRJ17498-2921,NS,X,E_new
96435-01-03-06,SE7_212f0170-212f020e.evt.gz,https://heasarc.gsfc.nasa.gov/FTP/xte/data/archive/AO15/P96435/96435-01-03-06/pca/SE7_212f0170-212f020e.evt.gz,0.057,E_500us_64M_0_1s,D[0~4] & E[X1L^X1R^X2L^X2R^X3L^X3R] & C[0~249],0.00048828125,False,False,IGRJ17498-2921,NS,X,E_new
96435-01-03-08,,,,,,,False,False,IGRJ17498-2921,NS,X,E_new
94041-01-01-02,SE7_1d891dd0-1d892881.evt.gz,https://heasarc.gsfc.nasa.gov/FTP/xte/data/archive/AO13/P94041/94041-01-01-02/pca/SE7_1d891dd0-1d892881.evt.gz,3.5,E_125us_64M_0_1s,D[0~4] & E[X1L^X1R^X2L^X2R^X3L^X3R] & C[0~249],0.0001220703125,True,True,IGRJ17511-3057,NS,X,E_new
94041-01-01-02,SE7_1d8933d0-1d89402e.evt.gz,https://heasarc.gsfc.nasa.gov/FTP/xte/data/archive/AO13/P94041/94041-01-01-02/pca/SE7_1d8933d0-1d89402e.evt.gz,3.8,E_125us_64M_0_1s,D[0~4] & E[X1L^X1R^X2L^X2R^X3L^X3R] & C[0~249],0.0001220703125,True,True,IGRJ17511-3057,NS,X,E_new
94041-01-02-01,SE7_1d8e1ea0-1d8e24ae.evt.gz,https://heasarc.gsfc.nasa.gov/FTP/xte/data/archive/AO13/P94041/94041-01-02-01/pca/SE7_1d8e1ea0-1d8e24ae.evt.gz,1.7,E_125us_64M_0_1s,D[0~4] & E[X1L^X1R^X2L^X2R^X3L^X3R] & C[0~249],0.0001220703125,True,True,IGRJ17511-3057,NS,X,E_new
94041-01-02-04,SE7_1d909e50-1d90a396.evt.gz,https://heasarc.gsfc.nasa.gov/FTP/xte/data/archive/AO13/P94041/94041-01-02-04/pca/SE7_1d909e50-1d90a396.evt.gz,1.5,E_125us_64M_0_1s,D[0~4] & E[X1L^X1R^X2L^X2R^X3L^X3R] & C[0~249],0.0001220703125,True,True,IGRJ17511-3057,NS,X,E_new
94041-01-02-17,SE7_1d943f06-1d944212.evt.gz,https://heasarc.gsfc.nasa.gov/FTP/xte/data/archive/AO13/P94041/94041-01-02-17/pca/SE7_1d943f06-1d944212.evt.gz,0.323,E_125us_64M_0_1s,D[0~4] & E[X1L^X1R^X2L^X2R^X3L^X3R] & C[0~249],0.0001220703125,True,True,IGRJ17511-3057,NS,X,E_new
94041-01-02-17,SE7_1d945dd0-1d9460c6.evt.gz,https://heasarc.gsfc.nasa.gov/FTP/xte/data/archive/AO13/P94041/94041-01-02-17/pca/SE7_1d945dd0-1d9460c6.evt.gz,2.0,E_125us_64M_0_1s,D[0~4] & E[X1L^X1R^X2L^X2R^X3L^X3R] & C[0~249],0.0001220703125,True,True,IGRJ17511-3057,NS,X,E_new
94041-01-02-17,SE7_1d944480-1d944abe.evt.gz,https://heasarc.gsfc.nasa.gov/FTP/xte/data/archive/AO13/P94041/94041-01-02-17/pca/SE7_1d944480-1d944abe.evt.gz,0.6890000000000001,E_125us_64M_0_1s,D[0~4] & E[X1L^X1R^X2L^X2R^X3L^X3R] & C[0~249],0.0001220703125,True,True,IGRJ17511-3057,NS,X,E_new
94041-01-02-17,SE7_1d945380-1d945676.evt.gz,https://heasarc.gsfc.nasa.gov/FTP/xte/data/archive/AO13/P94041/94041-01-02-17/pca/SE7_1d945380-1d945676.evt.gz,0.331,E_125us_64M_0_1s,D[0~4] & E[X1L^X1R^X2L^X2R^X3L^X3R] & C[0~249],0.0001220703125,True,True,IGRJ17511-3057,NS,X,E_new
70096-03-05-01,,,,,,,False,False,XTEJ0929-314,NS,X,E_new
70096-03-06-00,,,,,,,False,False,XTEJ0929-314,NS,X,E_new
70096-03-05-00,,,,,,,False,False,XTEJ0929-314,NS,X,E_new
70096-03-07-01,,,,,,,False,False,XTEJ0929-314,NS,X,E_new
70096-03-09-00,,,,,,,False,False,XTEJ0929-314,NS,X,E_new
70096-03-09-02,SE7_fcbb1ba-fcbb1e0.evt.gz,https://heasarc.gsfc.nasa.gov/FTP/xte/data/archive/AO7/P70096/70096-03-09-02/pca/SE7_fcbb1ba-fcbb1e0.evt.gz,0.032,E_500us_64M_0_1s,D[0~4] & E[X1L^X1R^X2L^X2R^X3L^X3R] & C[0~249],0.00048828125,False,False,XTEJ0929-314,NS,X,E_new
70096-03-10-02,,,,,,,False,False,XTEJ0929-314,NS,X,E_new
70096-03-10-01,,,,,,,False,False,XTEJ0929-314,NS,X,E_new
70096-03-12-00,,,,,,,False,False,XTEJ0929-314,NS,X,E_new
70096-03-12-01,SE7_fd3db34-fd3db90.evt.gz,https://heasarc.gsfc.nasa.gov/FTP/xte/data/archive/AO7/P70096/70096-03-12-01/pca/SE7_fd3db34-fd3db90.evt.gz,0.066,E_500us_64M_0_1s,D[0~4] & E[X1L^X1R^X2L^X2R^X3L^X3R] & C[0~249],0.00048828125,False,False,XTEJ0929-314,NS,X,E_new
70096-03-12-02,,,,,,,False,False,XTEJ0929-314,NS,X,E_new
70096-03-12-05,,,,,,,False,False,XTEJ0929-314,NS,X,E_new
70096-03-13-00,,,,,,,False,False,XTEJ0929-314,NS,X,E_new
70096-03-14-01,,,,,,,False,False,XTEJ0929-314,NS,X,E_new
70134-03-02-00,SE7_f89b430-f89b9fd.evt.gz,https://heasarc.gsfc.nasa.gov/FTP/xte/data/archive/AO7/P70134/70134-03-02-00/pca/SE7_f89b430-f89b9fd.evt.gz,3.9,E_125us_64M_0_1s,D[0~4] & E[X1L^X1R^X2L^X2R^X3L^X3R] & C[0~249],0.0001220703125,True,True,XTEJ1751-305,NS,X,E_new
70131-01-03-01,SE7_f8b8020-f8b8611.evt.gz,https://heasarc.gsfc.nasa.gov/FTP/xte/data/archive/AO7/P70131/70131-01-03-01/pca/SE7_f8b8020-f8b8611.evt.gz,4.8,E_125us_64M_0_1s,D[0~4] & E[X1L^X1R^X2L^X2R^X3L^X3R] & C[0~249],0.0001220703125,True,True,XTEJ1751-305,NS,X,E_new
70131-01-05-01,SE7_f8db529-f8dbaac.evt.gz,https://heasarc.gsfc.nasa.gov/FTP/xte/data/archive/AO7/P70131/70131-01-05-01/pca/SE7_f8db529-f8dbaac.evt.gz,2.9,E_125us_64M_0_1s,D[0~4] & E[X1L^X1R^X2L^X2R^X3L^X3R] & C[0~249],0.0001220703125,True,True,XTEJ1751-305,NS,X,E_new
70131-01-07-00,SE7_f90a230-f90aff0.evt.gz,https://heasarc.gsfc.nasa.gov/FTP/xte/data/archive/AO7/P70131/70131-01-07-00/pca/SE7_f90a230-f90aff0.evt.gz,5.9,E_125us_64M_0_1s,D[0~4] & E[X1L^X1R^X2L^X2R^X3L^X3R] & C[0~249],0.0001220703125,True,True,XTEJ1751-305,NS,X,E_new
70131-01-07-00,SE7_f90b870-f90c635.evt.gz,https://heasarc.gsfc.nasa.gov/FTP/xte/data/archive/AO7/P70131/70131-01-07-00/pca/SE7_f90b870-f90c635.evt.gz,7.9,E_125us_64M_0_1s,D[0~4] & E[X1L^X1R^X2L^X2R^X3L^X3R] & C[0~249],0.0001220703125,True,True,XTEJ1751-305,NS,X,E_new
70131-01-07-01,SE7_f90cecd-f90dc78.evt.gz,https://heasarc.gsfc.nasa.gov/FTP/xte/data/archive/AO7/P70131/70131-01-07-01/pca/SE7_f90cecd-f90dc78.evt.gz,8.0,E_125us_64M_0_1s,D[0~4] & E[X1L^X1R^X2L^X2R^X3L^X3R] & C[0~249],0.0001220703125,True,True,XTEJ1751-305,NS,X,E_new
70131-01-07-01,SE7_f90e4f0-f90f2bc.evt.gz,https://heasarc.gsfc.nasa.gov/FTP/xte/data/archive/AO7/P70131/70131-01-07-01/pca/SE7_f90e4f0-f90f2bc.evt.gz,7.9,E_125us_64M_0_1s,D[0~4] & E[X1L^X1R^X2L^X2R^X3L^X3R] & C[0~249],0.0001220703125,True,True,XTEJ1751-305,NS,X,E_new
70131-01-07-01,SE7_f90fb40-f910900.evt.gz,https://heasarc.gsfc.nasa.gov/FTP/xte/data/archive/AO7/P70131/70131-01-07-01/pca/SE7_f90fb40-f910900.evt.gz,7.9,E_125us_64M_0_1s,D[0~4] & E[X1L^X1R^X2L^X2R^X3L^X3R] & C[0~249],0.0001220703125,True,True,XTEJ1751-305,NS,X,E_new
70131-01-07-01,SE7_f9112b0-f911f43.evt.gz,https://heasarc.gsfc.nasa.gov/FTP/xte/data/archive/AO7/P70131/70131-01-07-01/pca/SE7_f9112b0-f911f43.evt.gz,7.0,E_125us_64M_0_1s,D[0~4] & E[X1L^X1R^X2L^X2R^X3L^X3R] & C[0~249],0.0001220703125,True,True,XTEJ1751-305,NS,X,E_new
70131-02-06-00,SE7_f9a07d0-f9a1608.evt.gz,https://heasarc.gsfc.nasa.gov/FTP/xte/data/archive/AO7/P70131/70131-02-06-00/pca/SE7_f9a07d0-f9a1608.evt.gz,2.4,E_125us_64M_0_1s,D[0~4] & E[X1L^X1R^X2L^X2R^X3L^X3R] & C[0~249],0.0001220703125,True,True,XTEJ1751-305,NS,X,E_new
70131-02-06-00,SE7_f9a1e10-f9a2cc4.evt.gz,https://heasarc.gsfc.nasa.gov/FTP/xte/data/archive/AO7/P70131/70131-02-06-00/pca/SE7_f9a1e10-f9a2cc4.evt.gz,2.4,E_125us_64M_0_1s,D[0~4] & E[X1L^X1R^X2L^X2R^X3L^X3R] & C[0~249],0.0001220703125,True,True,XTEJ1751-305,NS,X,E_new
70131-02-06-00,SE7_f9a3490-f9a4308.evt.gz,https://heasarc.gsfc.nasa.gov/FTP/xte/data/archive/AO7/P70131/70131-02-06-00/pca/SE7_f9a3490-f9a4308.evt.gz,2.3,E_125us_64M_0_1s,D[0~4] & E[X1L^X1R^X2L^X2R^X3L^X3R] & C[0~249],0.0001220703125,True,True,XTEJ1751-305,NS,X,E_new
70131-02-06-00,SE7_f99f190-f9a003c.evt.gz,https://heasarc.gsfc.nasa.gov/FTP/xte/data/archive/AO7/P70131/70131-02-06-00/pca/SE7_f99f190-f9a003c.evt.gz,3.3,E_125us_64M_0_1s,D[0~4] & E[X1L^X1R^X2L^X2R^X3L^X3R] & C[0~249],0.0001220703125,True,True,XTEJ1751-305,NS,X,E_new
70131-02-11-00,SE7_fa0e830-fa0f720.evt.gz,https://heasarc.gsfc.nasa.gov/FTP/xte/data/archive/AO7/P70131/70131-02-11-00/pca/SE7_fa0e830-fa0f720.evt.gz,2.5,E_125us_64M_0_1s,D[0~4] & E[X1L^X1R^X2L^X2R^X3L^X3R] & C[0~249],0.0001220703125,True,True,XTEJ1751-305,NS,X,E_new
70131-02-11-00,SE7_fa0ff70-fa10d64.evt.gz,https://heasarc.gsfc.nasa.gov/FTP/xte/data/archive/AO7/P70131/70131-02-11-00/pca/SE7_fa0ff70-fa10d64.evt.gz,2.4,E_125us_64M_0_1s,D[0~4] & E[X1L^X1R^X2L^X2R^X3L^X3R] & C[0~249],0.0001220703125,True,True,XTEJ1751-305,NS,X,E_new
70131-02-11-00,SE7_fa11660-fa123a8.evt.gz,https://heasarc.gsfc.nasa.gov/FTP/xte/data/archive/AO7/P70131/70131-02-11-00/pca/SE7_fa11660-fa123a8.evt.gz,2.2,E_125us_64M_0_1s,D[0~4] & E[X1L^X1R^X2L^X2R^X3L^X3R] & C[0~249],0.0001220703125,True,True,XTEJ1751-305,NS,X,E_new
70131-02-14-00,SE7_fa4c221-fa4c92c.evt.gz,https://heasarc.gsfc.nasa.gov/FTP/xte/data/archive/AO7/P70131/70131-02-14-00/pca/SE7_fa4c221-fa4c92c.evt.gz,1.1,E_125us_64M_0_1s,D[0~4] & E[X1L^X1R^X2L^X2R^X3L^X3R] & C[0~249],0.0001220703125,True,True,XTEJ1751-305,NS,X,E_new
70131-02-14-00,SE7_fa4d2e0-fa4e0d8.evt.gz,https://heasarc.gsfc.nasa.gov/FTP/xte/data/archive/AO7/P70131/70131-02-14-00/pca/SE7_fa4d2e0-fa4e0d8.evt.gz,2.4,E_125us_64M_0_1s,D[0~4] & E[X1L^X1R^X2L^X2R^X3L^X3R] & C[0~249],0.0001220703125,True,True,XTEJ1751-305,NS,X,E_new
70131-02-14-00,SE7_fa4e920-fa4f80c.evt.gz,https://heasarc.gsfc.nasa.gov/FTP/xte/data/archive/AO7/P70131/70131-02-14-00/pca/SE7_fa4e920-fa4f80c.evt.gz,2.5,E_125us_64M_0_1s,D[0~4] & E[X1L^X1R^X2L^X2R^X3L^X3R] & C[0~249],0.0001220703125,True,True,XTEJ1751-305,NS,X,E_new
70131-02-14-00,SE7_fa4ffe0-fa502d5.evt.gz,https://heasarc.gsfc.nasa.gov/FTP/xte/data/archive/AO7/P70131/70131-02-14-00/pca/SE7_fa4ffe0-fa502d5.evt.gz,0.505,E_125us_64M_0_1s,D[0~4] & E[X1L^X1R^X2L^X2R^X3L^X3R] & C[0~249],0.0001220703125,True,True,XTEJ1751-305,NS,X,E_new
91050-01-02-00,SE2_152429e9-152439a0.evt.gz,https://heasarc.gsfc.nasa.gov/FTP/xte/data/archive/AO10/P91050/91050-01-02-00/pca/SE2_152429e9-152439a0.evt.gz,1.5,E_62us_32M_36_1s,D[0~4] & E[X1L^X1R^X2L^X2R^X3L^X3R] & C[36~249],6.103515625e-05,False,False,XTEJ1751-305,NS,X,E_new
92054-01-01-00,SE7_18efb428-18efb836.evt.gz,https://heasarc.gsfc.nasa.gov/FTP/xte/data/archive/AO11/P92054/92054-01-01-00/pca/SE7_18efb428-18efb836.evt.gz,0.603,E_125us_64M_0_1s,D[0~4] & E[X1L^X1R^X2L^X2R^X3L^X3R] & C[0~249],0.0001220703125,True,True,XTEJ1751-305,NS,X,E_new
94042-01-02-00,SE7_1da9f7f0-1daa04b2.evt.gz,https://heasarc.gsfc.nasa.gov/FTP/xte/data/archive/AO13/P94042/94042-01-02-00/pca/SE7_1da9f7f0-1daa04b2.evt.gz,1.9,E_125us_64M_0_1s,D[0~4] & E[X1L^X1R^X2L^X2R^X3L^X3R] & C[0~249],0.0001220703125,True,True,XTEJ1751-305,NS,X,E_new
80145-01-05-11,SE7_1157f990-1157f9ec.evt.gz,https://heasarc.gsfc.nasa.gov/FTP/xte/data/archive/AO8/P80145/80145-01-05-11/pca/SE7_1157f990-1157f9ec.evt.gz,0.088,E_500us_64M_0_1s,D[0~4] & E[X1L^X1R^X2L^X2R^X3L^X3R] & C[0~249],0.00048828125,False,False,XTEJ1807-294,NS,X,E_new
80145-01-07-03,,,,,,,False,False,XTEJ1807-294,NS,X,E_new
80145-01-08-01,,,,,,,False,False,XTEJ1807-294,NS,X,E_new
80145-01-09-01,,,,,,,False,False,XTEJ1807-294,NS,X,E_new
80145-01-12-02,,,,,,,False,False,XTEJ1807-294,NS,X,E_new
80145-01-15-00,,,,,,,False,False,XTEJ1807-294,NS,X,E_new
80145-01-17-01,,,,,,,False,False,XTEJ1807-294,NS,X,E_new
10101-01-01-002,,,,,,,False,False,4U1626-67,NS,X,stress_slow_pulsar
10101-01-03-000,,,,,,,False,False,4U1626-67,NS,X,stress_slow_pulsar
20146-08-07-00,,,,,,,False,False,4U1626-67,NS,X,stress_slow_pulsar
20146-08-09-00,,,,,,,False,False,4U1626-67,NS,X,stress_slow_pulsar
30060-01-01-01,SE7_870a4a0-870ae28.evt.gz,https://heasarc.gsfc.nasa.gov/FTP/xte/data/archive/AO3/P30060/30060-01-01-01/pca/SE7_870a4a0-870ae28.evt.gz,4.8,E_125us_64M_0_1s,D[0~4] & E[X1L^X1R^X2L^X2R^X3L^X3R] & C[0~249],0.0001220703125,True,True,4U1626-67,NS,X,stress_slow_pulsar
30060-01-01-01,SE7_8709ec0-870a17f.evt.gz,https://heasarc.gsfc.nasa.gov/FTP/xte/data/archive/AO3/P30060/30060-01-01-01/pca/SE7_8709ec0-870a17f.evt.gz,1.4,E_125us_64M_0_1s,D[0~4] & E[X1L^X1R^X2L^X2R^X3L^X3R] & C[0~249],0.0001220703125,True,True,4U1626-67,NS,X,stress_slow_pulsar
30060-01-01-01,SE7_870884a-87097a6.evt.gz,https://heasarc.gsfc.nasa.gov/FTP/xte/data/archive/AO3/P30060/30060-01-01-01/pca/SE7_870884a-87097a6.evt.gz,7.6,E_125us_64M_0_1s,D[0~4] & E[X1L^X1R^X2L^X2R^X3L^X3R] & C[0~249],0.0001220703125,True,True,4U1626-67,NS,X,stress_slow_pulsar
30060-01-01-06,SE7_871c360-871d26b.evt.gz,https://heasarc.gsfc.nasa.gov/FTP/xte/data/archive/AO3/P30060/30060-01-01-06/pca/SE7_871c360-871d26b.evt.gz,7.0,E_125us_64M_0_1s,D[0~4] & E[X1L^X1R^X2L^X2R^X3L^X3R] & C[0~249],0.0001220703125,True,True,4U1626-67,NS,X,stress_slow_pulsar
93431-01-01-00,,,,,,,False,False,4U1626-67,NS,X,stress_slow_pulsar
94423-01-01-01,SE7_1cffa44d-1cffa472.evt.gz,https://heasarc.gsfc.nasa.gov/FTP/xte/data/archive/AO13/P94423/94423-01-01-01/pca/SE7_1cffa44d-1cffa472.evt.gz,0.0038,E_500us_64M_0_1s,D[0~4] & E[X1L^X1R^X2L^X2R^X3L^X3R] & C[0~249],0.00048828125,False,False,4U1626-67,NS,X,stress_slow_pulsar
95338-05-02-01,,,,,,,False,False,4U1626-67,NS,X,stress_slow_pulsar
95313-01-01-02,,,,,,,False,False,4U1626-67,NS,X,stress_slow_pulsar
95313-01-01-040,,,,,,,False,False,4U1626-67,NS,X,stress_slow_pulsar
95313-01-01-06,,,,,,,False,False,4U1626-67,NS,X,stress_slow_pulsar
95313-01-01-07,,,,,,,False,False,4U1626-67,NS,X,stress_slow_pulsar
10401-01-09-00,,,,,,,False,False,GROJ1744-28,NS,X,stress_slow_pulsar
10401-01-65-00,SE7_4b8fd91-4b901ca.evt.gz,https://heasarc.gsfc.nasa.gov/FTP/xte/data/archive/AO1/P10401/10401-01-65-00/pca/SE7_4b8fd91-4b901ca.evt.gz,13.0,E_125us_64M_0_1s,D[0~4] & E[X1L^X1R^X2L^X2R^X3L^X3R] & C[0~249],0.0001220703125,True,True,GROJ1744-28,NS,X,stress_slow_pulsar
10401-01-65-00,SE7_4b90a80-4b90eae.evt.gz,https://heasarc.gsfc.nasa.gov/FTP/xte/data/archive/AO1/P10401/10401-01-65-00/pca/SE7_4b90a80-4b90eae.evt.gz,13.0,E_125us_64M_0_1s,D[0~4] & E[X1L^X1R^X2L^X2R^X3L^X3R] & C[0~249],0.0001220703125,True,True,GROJ1744-28,NS,X,stress_slow_pulsar
10401-01-72-00,SE7_4cdbe06-4cdc43e.evt.gz,https://heasarc.gsfc.nasa.gov/FTP/xte/data/archive/AO1/P10401/10401-01-72-00/pca/SE7_4cdbe06-4cdc43e.evt.gz,21.0,E_125us_64M_0_1s,D[0~4] & E[X1L^X1R^X2L^X2R^X3L^X3R] & C[0~249],0.0001220703125,True,True,GROJ1744-28,NS,X,stress_slow_pulsar
10401-01-72-00,SE7_4cdcf20-4cddabe.evt.gz,https://heasarc.gsfc.nasa.gov/FTP/xte/data/archive/AO1/P10401/10401-01-72-00/pca/SE7_4cdcf20-4cddabe.evt.gz,39.0,E_125us_64M_0_1s,D[0~4] & E[X1L^X1R^X2L^X2R^X3L^X3R] & C[0~249],0.0001220703125,True,True,GROJ1744-28,NS,X,stress_slow_pulsar
10401-01-72-00,SE7_4cde5a0-4cdf13e.evt.gz,https://heasarc.gsfc.nasa.gov/FTP/xte/data/archive/AO1/P10401/10401-01-72-00/pca/SE7_4cde5a0-4cdf13e.evt.gz,39.0,E_125us_64M_0_1s,D[0~4] & E[X1L^X1R^X2L^X2R^X3L^X3R] & C[0~249],0.0001220703125,True,True,GROJ1744-28,NS,X,stress_slow_pulsar
10401-01-72-00,SE7_4cde210-4cde2f2.evt.gz,https://heasarc.gsfc.nasa.gov/FTP/xte/data/archive/AO1/P10401/10401-01-72-00/pca/SE7_4cde210-4cde2f2.evt.gz,3.1,E_125us_64M_0_1s,D[0~4] & E[X1L^X1R^X2L^X2R^X3L^X3R] & C[0~249],0.0001220703125,True,True,GROJ1744-28,NS,X,stress_slow_pulsar
10401-01-72-00,SE7_4cdf890-4ce030e.evt.gz,https://heasarc.gsfc.nasa.gov/FTP/xte/data/archive/AO1/P10401/10401-01-72-00/pca/SE7_4cdf890-4ce030e.evt.gz,35.0,E_125us_64M_0_1s,D[0~4] & E[X1L^X1R^X2L^X2R^X3L^X3R] & C[0~249],0.0001220703125,True,True,GROJ1744-28,NS,X,stress_slow_pulsar
10401-01-99-01,SE7_51ba100-51ba9ce.evt.gz,https://heasarc.gsfc.nasa.gov/FTP/xte/data/archive/AO1/P10401/10401-01-99-01/pca/SE7_51ba100-51ba9ce.evt.gz,16.0,E_125us_64M_0_1s,D[0~4] & E[X1L^X1R^X2L^X2R^X3L^X3R] & C[0~249],0.0001220703125,True,True,GROJ1744-28,NS,X,stress_slow_pulsar
10401-01-99-01,SE7_51babc0-51bafaa.evt.gz,https://heasarc.gsfc.nasa.gov/FTP/xte/data/archive/AO1/P10401/10401-01-99-01/pca/SE7_51babc0-51bafaa.evt.gz,6.5,E_125us_64M_0_1s,D[0~4] & E[X1L^X1R^X2L^X2R^X3L^X3R] & C[0~249],0.0001220703125,True,True,GROJ1744-28,NS,X,stress_slow_pulsar
20078-01-03-01,SE7_5bb72e0-5bb7346.evt.gz,https://heasarc.gsfc.nasa.gov/FTP/xte/data/archive/AO2/P20078/20078-01-03-01/pca/SE7_5bb72e0-5bb7346.evt.gz,5.0,E_62us_64M_0_1s_L1R1,D[0~4] & E[X1L^X1R] & C[0~249],6.103515625e-05,False,False,GROJ1744-28,NS,X,stress_slow_pulsar
20077-01-11-00,,,,,,,False,False,GROJ1744-28,NS,X,stress_slow_pulsar
20077-01-15-00,,,,,,,False,False,GROJ1744-28,NS,X,stress_slow_pulsar
20078-01-23-00,SE1_6763101-6763f82.evt.gz,https://heasarc.gsfc.nasa.gov/FTP/xte/data/archive/AO2/P20078/20078-01-23-00/pca/SE1_6763101-6763f82.evt.gz,18.0,E_125us_64M_0_1s,D[0~4] & E[X1L^X1R^X2L^X2R^X3L^X3R] & C[0~249],0.0001220703125,True,True,GROJ1744-28,NS,X,stress_slow_pulsar
10050-01-01-010,,,,,,,False,False,HERX1,NS,X,stress_slow_pulsar
30034-01-05-00,,,,,,,False,False,HERX1,NS,X,stress_slow_pulsar
30034-01-18-00,,,,,,,False,False,HERX1,NS,X,stress_slow_pulsar
60018-01-01-00,SE2_cf548e0-cf550c0.evt.gz,https://heasarc.gsfc.nasa.gov/FTP/xte/data/archive/AO6/P60018/60018-01-01-00/pca/SE2_cf548e0-cf550c0.evt.gz,1.6,E_1ms_128M_50_1s,D[0~4] & E[X1L^X1R^X2L^X2R^X3L^X3R] & C[50~254],0.0009765625,False,False,HERX1,NS,X,stress_slow_pulsar
60018-01-01-00,SE2_cf53202-cf53f68.evt.gz,https://heasarc.gsfc.nasa.gov/FTP/xte/data/archive/AO6/P60018/60018-01-01-00/pca/SE2_cf53202-cf53f68.evt.gz,1.9,E_1ms_128M_50_1s,D[0~4] & E[X1L^X1R^X2L^X2R^X3L^X3R] & C[50~254],0.0009765625,False,False,HERX1,NS,X,stress_slow_pulsar
60018-01-03-00,SE2_d1de090-d1defbc.evt.gz,https://heasarc.gsfc.nasa.gov/FTP/xte/data/archive/AO6/P60018/60018-01-03-00/pca/SE2_d1de090-d1defbc.evt.gz,4.8,E_1ms_128M_50_1s,D[0~4] & E[X1L^X1R^X2L^X2R^X3L^X3R] & C[50~254],0.0009765625,False,False,HERX1,NS,X,stress_slow_pulsar
60018-01-03-00,SE2_d1df6d0-d1e04d4.evt.gz,https://heasarc.gsfc.nasa.gov/FTP/xte/data/archive/AO6/P60018/60018-01-03-00/pca/SE2_d1df6d0-d1e04d4.evt.gz,3.8,E_1ms_128M_50_1s,D[0~4] & E[X1L^X1R^X2L^X2R^X3L^X3R] & C[50~254],0.0009765625,False,False,HERX1,NS,X,stress_slow_pulsar
30033-01-03-001,SE1_ee47dd0-ee486e4.evt.gz,https://heasarc.gsfc.nasa.gov/FTP/xte/data/archive/AO3/P30033/30033-01-03-001/pca/SE1_ee47dd0-ee486e4.evt.gz,9.8,E_250us_128M_0_1s,D[0~4] & E[X1L^X1R^X2L^X2R^X3L^X3R] & C[0~254],0.000244140625,True,True,HERX1,NS,X,stress_slow_pulsar
30033-01-03-001,SE1_ee45150-ee45930.evt.gz,https://heasarc.gsfc.nasa.gov/FTP/xte/data/archive/AO3/P30033/30033-01-03-001/pca/SE1_ee45150-ee45930.evt.gz,8.4,E_250us_128M_0_1s,D[0~4] & E[X1L^X1R^X2L^X2R^X3L^X3R] & C[0~254],0.000244140625,True,True,HERX1,NS,X,stress_slow_pulsar
30033-01-03-001,SE1_ee46790-ee47028.evt.gz,https://heasarc.gsfc.nasa.gov/FTP/xte/data/archive/AO3/P30033/30033-01-03-001/pca/SE1_ee46790-ee47028.evt.gz,9.0,E_250us_128M_0_1s,D[0~4] & E[X1L^X1R^X2L^X2R^X3L^X3R] & C[0~254],0.000244140625,True,True,HERX1,NS,X,stress_slow_pulsar
30033-01-03-001,SE1_ee49410-ee49ecc.evt.gz,https://heasarc.gsfc.nasa.gov/FTP/xte/data/archive/AO3/P30033/30033-01-03-001/pca/SE1_ee49410-ee49ecc.evt.gz,12.0,E_250us_128M_0_1s,D[0~4] & E[X1L^X1R^X2L^X2R^X3L^X3R] & C[0~254],0.000244140625,True,True,HERX1,NS,X,stress_slow_pulsar
60017-03-02-02,SE3_f007d58-f008b38.evt.gz,https://heasarc.gsfc.nasa.gov/FTP/xte/data/archive/AO6/P60017/60017-03-02-02/pca/SE3_f007d58-f008b38.evt.gz,3.7,E_16us_64M_0_8s,D[0~4] & E[X1L^X1R^X2L^X2R^X3L^X3R] & C[0~249],1.52587890625e-05,True,True,HERX1,NS,X,stress_slow_pulsar
70010-01-02-01,SE2_102b5b10-102b6770.evt.gz,https://heasarc.gsfc.nasa.gov/FTP/xte/data/archive/AO7/P70010/70010-01-02-01/pca/SE2_102b5b10-102b6770.evt.gz,4.5,E_1ms_128M_50_1s,D[0~4] & E[X1L^X1R^X2L^X2R^X3L^X3R] & C[50~254],0.0009765625,False,False,HERX1,NS,X,stress_slow_pulsar
70011-02-02-08,SE3_10bbeba8-10bbf920.evt.gz,https://heasarc.gsfc.nasa.gov/FTP/xte/data/archive/AO7/P70011/70011-02-02-08/pca/SE3_10bbeba8-10bbf920.evt.gz,9.1,E_16us_64M_0_8s,D[0~4] & E[X1L^X1R^X2L^X2R^X3L^X3R] & C[0~249],1.52587890625e-05,True,True,HERX1,NS,X,stress_slow_pulsar
70011-02-02-08,SE3_10bc01e0-10bc0f60.evt.gz,https://heasarc.gsfc.nasa.gov/FTP/xte/data/archive/AO7/P70011/70011-02-02-08/pca/SE3_10bc01e0-10bc0f60.evt.gz,13.0,E_16us_64M_0_8s,D[0~4] & E[X1L^X1R^X2L^X2R^X3L^X3R] & C[0~249],1.52587890625e-05,True,True,HERX1,NS,X,stress_slow_pulsar
70011-02-02-08,SE3_10bc2e30-10bc3bb0.evt.gz,https://heasarc.gsfc.nasa.gov/FTP/xte/data/archive/AO7/P70011/70011-02-02-08/pca/SE3_10bc2e30-10bc3bb0.evt.gz,18.0,E_16us_64M_0_8s,D[0~4] & E[X1L^X1R^X2L^X2R^X3L^X3R] & C[0~249],1.52587890625e-05,True,True,HERX1,NS,X,stress_slow_pulsar
70011-02-02-08,SE3_10bc17e0-10bc2568.evt.gz,https://heasarc.gsfc.nasa.gov/FTP/xte/data/archive/AO7/P70011/70011-02-02-08/pca/SE3_10bc17e0-10bc2568.evt.gz,9.2,E_16us_64M_0_8s,D[0~4] & E[X1L^X1R^X2L^X2R^X3L^X3R] & C[0~249],1.52587890625e-05,True,True,HERX1,NS,X,stress_slow_pulsar
80014-01-02-00,,,,,,,False,False,HERX1,NS,X,stress_slow_pulsar
96308-01-01-000,,,,,,,False,False,HERX1,NS,X,stress_slow_pulsar
80118-01-05-01,,,,,,,False,False,LMCX1,BH,X,v7b2_LMCX1
80118-01-05-02,,,,,,,False,False,LMCX1,BH,X,v7b2_LMCX1
80118-01-05-04,,,,,,,False,False,LMCX1,BH,X,v7b2_LMCX1
20431-01-03-00,SE7_751eb10-7520d34.evt.gz,https://heasarc.gsfc.nasa.gov/FTP/xte/data/archive/AO2/P20431/20431-01-03-00/pca/SE7_751eb10-7520d34.evt.gz,48.0,E_125us_64M_0_1s,D[0~4] & E[X1L^X1R^X2L^X2R^X3L^X3R] & C[0~249],0.0001220703125,True,True,GS1354-64,BH,X,v8b_new
20431-01-04-00,SE1_762cd40-762db9e.evt.gz,https://heasarc.gsfc.nasa.gov/FTP/xte/data/archive/AO2/P20431/20431-01-04-00/pca/SE1_762cd40-762db9e.evt.gz,22.0,E_125us_64M_0_1s,D[0~4] & E[X1L^X1R^X2L^X2R^X3L^X3R] & C[0~249],0.0001220703125,True,True,GS1354-64,BH,X,v8b_new
20431-01-04-00,SE1_762e330-762f21f.evt.gz,https://heasarc.gsfc.nasa.gov/FTP/xte/data/archive/AO2/P20431/20431-01-04-00/pca/SE1_762e330-762f21f.evt.gz,22.0,E_125us_64M_0_1s,D[0~4] & E[X1L^X1R^X2L^X2R^X3L^X3R] & C[0~249],0.0001220703125,True,True,GS1354-64,BH,X,v8b_new
20431-01-05-00,SE1_76cd170-76cdcde.evt.gz,https://heasarc.gsfc.nasa.gov/FTP/xte/data/archive/AO2/P20431/20431-01-05-00/pca/SE1_76cd170-76cdcde.evt.gz,16.0,E_125us_64M_0_1s,D[0~4] & E[X1L^X1R^X2L^X2R^X3L^X3R] & C[0~249],0.0001220703125,True,True,GS1354-64,BH,X,v8b_new
20431-01-05-00,SE1_76ce7f0-76cf66b.evt.gz,https://heasarc.gsfc.nasa.gov/FTP/xte/data/archive/AO2/P20431/20431-01-05-00/pca/SE1_76ce7f0-76cf66b.evt.gz,20.0,E_125us_64M_0_1s,D[0~4] & E[X1L^X1R^X2L^X2R^X3L^X3R] & C[0~249],0.0001220703125,True,True,GS1354-64,BH,X,v8b_new
30401-01-01-00,SE1_78055da-78062ae.evt.gz,https://heasarc.gsfc.nasa.gov/FTP/xte/data/archive/AO3/P30401/30401-01-01-00/pca/SE1_78055da-78062ae.evt.gz,14.0,E_125us_64M_0_1s,D[0~4] & E[X1L^X1R^X2L^X2R^X3L^X3R] & C[0~249],0.0001220703125,True,True,GS1354-64,BH,X,v8b_new
30401-01-01-00,SE1_7806950-78078f3.evt.gz,https://heasarc.gsfc.nasa.gov/FTP/xte/data/archive/AO3/P30401/30401-01-01-00/pca/SE1_7806950-78078f3.evt.gz,18.0,E_125us_64M_0_1s,D[0~4] & E[X1L^X1R^X2L^X2R^X3L^X3R] & C[0~249],0.0001220703125,True,True,GS1354-64,BH,X,v8b_new
30401-01-02-00,SE1_78b0dd5-78b1d8e.evt.gz,https://heasarc.gsfc.nasa.gov/FTP/xte/data/archive/AO3/P30401/30401-01-02-00/pca/SE1_78b0dd5-78b1d8e.evt.gz,15.0,E_125us_64M_0_1s,D[0~4] & E[X1L^X1R^X2L^X2R^X3L^X3R] & C[0~249],0.0001220703125,True,True,GS1354-64,BH,X,v8b_new
30401-01-02-00,SE1_78b25d0-78b340e.evt.gz,https://heasarc.gsfc.nasa.gov/FTP/xte/data/archive/AO3/P30401/30401-01-02-00/pca/SE1_78b25d0-78b340e.evt.gz,13.0,E_125us_64M_0_1s,D[0~4] & E[X1L^X1R^X2L^X2R^X3L^X3R] & C[0~249],0.0001220703125,True,True,GS1354-64,BH,X,v8b_new
30401-01-03-00,SE1_7959a20-7959f7b.evt.gz,https://heasarc.gsfc.nasa.gov/FTP/xte/data/archive/AO3/P30401/30401-01-03-00/pca/SE1_7959a20-7959f7b.evt.gz,5.2,E_125us_64M_0_1s,D[0~4] & E[X1L^X1R^X2L^X2R^X3L^X3R] & C[0~249],0.0001220703125,True,True,GS1354-64,BH,X,v8b_new
30401-01-03-00,SE1_79573be-79579fa.evt.gz,https://heasarc.gsfc.nasa.gov/FTP/xte/data/archive/AO3/P30401/30401-01-03-00/pca/SE1_79573be-79579fa.evt.gz,5.6,E_125us_64M_0_1s,D[0~4] & E[X1L^X1R^X2L^X2R^X3L^X3R] & C[0~249],0.0001220703125,True,True,GS1354-64,BH,X,v8b_new
30401-01-03-00,SE1_79582f0-795912e.evt.gz,https://heasarc.gsfc.nasa.gov/FTP/xte/data/archive/AO3/P30401/30401-01-03-00/pca/SE1_79582f0-795912e.evt.gz,13.0,E_125us_64M_0_1s,D[0~4] & E[X1L^X1R^X2L^X2R^X3L^X3R] & C[0~249],0.0001220703125,True,True,GS1354-64,BH,X,v8b_new
30401-01-04-00,SE1_7a7bf40-7a7c0ce.evt.gz,https://heasarc.gsfc.nasa.gov/FTP/xte/data/archive/AO3/P30401/30401-01-04-00/pca/SE1_7a7bf40-7a7c0ce.evt.gz,1.2,E_125us_64M_0_1s,D[0~4] & E[X1L^X1R^X2L^X2R^X3L^X3R] & C[0~249],0.0001220703125,True,True,GS1354-64,BH,X,v8b_new
30401-01-04-00,SE1_7a7c950-7a7ca2f.evt.gz,https://heasarc.gsfc.nasa.gov/FTP/xte/data/archive/AO3/P30401/30401-01-04-00/pca/SE1_7a7c950-7a7ca2f.evt.gz,0.708,E_125us_64M_0_1s,D[0~4] & E[X1L^X1R^X2L^X2R^X3L^X3R] & C[0~249],0.0001220703125,True,True,GS1354-64,BH,X,v8b_new
30401-01-04-00,SE1_7a7d180-7a7d8f2.evt.gz,https://heasarc.gsfc.nasa.gov/FTP/xte/data/archive/AO3/P30401/30401-01-04-00/pca/SE1_7a7d180-7a7d8f2.evt.gz,5.7,E_125us_64M_0_1s,D[0~4] & E[X1L^X1R^X2L^X2R^X3L^X3R] & C[0~249],0.0001220703125,True,True,GS1354-64,BH,X,v8b_new
30401-01-04-00,SE1_7a7e080-7a7e0ae.evt.gz,https://heasarc.gsfc.nasa.gov/FTP/xte/data/archive/AO3/P30401/30401-01-04-00/pca/SE1_7a7e080-7a7e0ae.evt.gz,0.151,E_125us_64M_0_1s,D[0~4] & E[X1L^X1R^X2L^X2R^X3L^X3R] & C[0~249],0.0001220703125,True,True,GS1354-64,BH,X,v8b_new
30401-01-04-00,SE1_7a7e800-7a7f0da.evt.gz,https://heasarc.gsfc.nasa.gov/FTP/xte/data/archive/AO3/P30401/30401-01-04-00/pca/SE1_7a7e800-7a7f0da.evt.gz,6.0,E_125us_64M_0_1s,D[0~4] & E[X1L^X1R^X2L^X2R^X3L^X3R] & C[0~249],0.0001220703125,True,True,GS1354-64,BH,X,v8b_new
30401-01-04-00,SE1_7a7fe80-7a808c2.evt.gz,https://heasarc.gsfc.nasa.gov/FTP/xte/data/archive/AO3/P30401/30401-01-04-00/pca/SE1_7a7fe80-7a808c2.evt.gz,7.4,E_125us_64M_0_1s,D[0~4] & E[X1L^X1R^X2L^X2R^X3L^X3R] & C[0~249],0.0001220703125,True,True,GS1354-64,BH,X,v8b_new
