representation,model,fold,source_id,obs_id,true_label,BH_score,raw_score,threshold,predicted_label,name
S1-HF,H-LR,,GROJ1655-40,90428-01-01-07,BH,0.7147220925178558,0.7147220925178558,0.5,BH,H-LR
S1-HF,H-LR,,XTEJ1550-564,50135-01-08-00,BH,0.7033727603167133,0.7033727603167133,0.5,BH,H-LR
S1-HF,H-LR,,XTEJ1550-564,50135-01-15-00,BH,0.39945644927974305,0.39945644927974305,0.5,NS,H-LR
S1-HF,H-LR,,XTEJ1550-564,50135-01-19-00,BH,0.5709601015503742,0.5709601015503742,0.5,BH,H-LR
S1-HF,H-LR,,XTEJ1550-564,50135-01-23-00,BH,0.44911426023740875,0.44911426023740875,0.5,NS,H-LR
S1-HF,H-LR,,XTEJ1550-564,50137-02-09-00,BH,0.7480403051498186,0.7480403051498186,0.5,BH,H-LR
S1-HF,H-LR,,XTEJ1550-564,60428-01-03-00,BH,0.6957303203419721,0.6957303203419721,0.5,BH,H-LR
S1-HF,H-LR,,XTEJ1550-564,60428-01-05-00,BH,0.6781177460829995,0.6781177460829995,0.5,BH,H-LR
S1-HF,H-LR,,XTEJ1550-564,60428-01-09-00,BH,0.6855650326211462,0.6855650326211462,0.5,BH,H-LR
S1-HF,H-LR,,XTEJ1550-564,60428-01-15-00,BH,0.5889008551675802,0.5889008551675802,0.5,BH,H-LR
S1-HF,H-LR,,XTEJ1550-564,80135-01-02-01,BH,0.8032428289571429,0.8032428289571429,0.5,BH,H-LR
S1-HF,H-LR,,XTEJ1550-564,80135-01-03-10,BH,0.8050343877079921,0.8050343877079921,0.5,BH,H-LR
S1-HF,H-LR,,XTEJ1550-564,80135-01-04-02,BH,0.7693814485879756,0.7693814485879756,0.5,BH,H-LR
S1-HF,H-LR,,XTEJ1550-564,80135-01-05-10,BH,0.7541462934843641,0.7541462934843641,0.5,BH,H-LR
S1-HF,H-LR,,4U1543-47,70128-01-01-01,BH,0.8296132184785109,0.8296132184785109,0.5,BH,H-LR
S1-HF,H-LR,,4U1543-47,70124-02-09-00,BH,0.5985613070332207,0.5985613070332207,0.5,BH,H-LR
S1-HF,H-LR,,4U1543-47,70124-02-10-00,BH,0.7818015020475346,0.7818015020475346,0.5,BH,H-LR
S1-HF,H-LR,,4U1543-47,70124-02-14-00,BH,0.8540870611076152,0.8540870611076152,0.5,BH,H-LR
S1-HF,H-LR,,GX339-4,80132-01-22-00,BH,0.8495692792284125,0.8495692792284125,0.5,BH,H-LR
S1-HF,H-LR,,GX339-4,92034-08-01-00,BH,0.9739741179528091,0.9739741179528091,0.5,BH,H-LR
S1-HF,H-LR,,GX339-4,92035-01-03-03,BH,0.39581329465906506,0.39581329465906506,0.5,NS,H-LR
S1-HF,H-LR,,GX339-4,92704-03-13-00,BH,0.7650761103054725,0.7650761103054725,0.5,BH,H-LR
S1-HF,H-LR,,GX339-4,92704-03-22-00,BH,0.42818822749537094,0.42818822749537094,0.5,NS,H-LR
S1-HF,H-LR,,GX339-4,92704-03-45-01,BH,0.8028121546053781,0.8028121546053781,0.5,BH,H-LR
S1-HF,H-LR,,XTEJ1650-500,60113-01-06-00,BH,0.5953916355585034,0.5953916355585034,0.5,BH,H-LR
S1-HF,H-LR,,XTEJ1650-500,60113-01-09-00,BH,0.5708812830617,0.5708812830617,0.5,BH,H-LR
S1-HF,H-LR,,XTEJ1650-500,60113-01-11-01,BH,0.5803756994410212,0.5803756994410212,0.5,BH,H-LR
S1-HF,H-LR,,XTEJ1650-500,60118-02-14-00,BH,0.7028039860909743,0.7028039860909743,0.5,BH,H-LR
S1-HF,H-LR,,XTEJ1650-500,60118-02-20-00,BH,0.08163219160096663,0.08163219160096663,0.5,NS,H-LR
S1-HF,H-LR,,XTEJ1650-500,60118-02-28-00,BH,0.709079039822406,0.709079039822406,0.5,BH,H-LR
S1-HF,H-LR,,XTEJ1650-500,70124-01-02-00,BH,0.589280293613503,0.589280293613503,0.5,BH,H-LR
S1-HF,H-LR,,XTEJ1118+480,50407-01-07-01,BH,0.4151533873079818,0.4151533873079818,0.5,NS,H-LR
S1-HF,H-LR,,XTEJ1118+480,50407-01-09-00,BH,0.48123937906451547,0.48123937906451547,0.5,NS,H-LR
S1-HF,H-LR,,XTEJ1118+480,50407-01-10-01,BH,0.556244602972526,0.556244602972526,0.5,BH,H-LR
S1-HF,H-LR,,XTEJ1118+480,50407-01-13-02,BH,0.32257674796239616,0.32257674796239616,0.5,NS,H-LR
S1-HF,H-LR,,XTEJ1118+480,50407-01-14-02,BH,0.058494768666470076,0.0584947686664701,0.5,NS,H-LR
S1-HF,H-LR,,XTEJ1118+480,50407-01-16-00,BH,0.01737827990908175,0.017378279909081744,0.5,NS,H-LR
S1-HF,H-LR,,4U1636-53,94087-01-16-00,NS,0.33825820912892524,0.33825820912892524,0.5,NS,H-LR
S1-HF,H-LR,,4U1608-52,70069-01-04-03,NS,0.4770832741284043,0.4770832741284043,0.5,NS,H-LR
S1-HF,H-LR,,4U1608-52,90408-01-03-03,NS,0.5835210385814791,0.5835210385814791,0.5,BH,H-LR
S1-HF,H-LR,,4U1608-52,93408-01-14-00,NS,0.498276700659357,0.498276700659357,0.5,NS,H-LR
S1-HF,H-LR,,4U1608-52,93408-01-27-03,NS,0.6433917437241045,0.6433917437241045,0.5,BH,H-LR
S1-HF,H-LR,,4U1728-34,50030-03-05-03,NS,0.21884386310444476,0.21884386310444476,0.5,NS,H-LR
S1-HF,H-LR,,4U1728-34,92023-03-44-00,NS,0.1141812320260025,0.11418123202600249,0.5,NS,H-LR
S1-HF,H-LR,,4U1728-34,92023-03-49-00,NS,0.15653939918916498,0.15653939918916498,0.5,NS,H-LR
S1-HF,H-LR,,4U1728-34,92023-03-70-00,NS,0.05352391365458009,0.0535239136545801,0.5,NS,H-LR
S1-HF,H-LR,,AQLX1,80403-01-03-00,NS,0.48062085024326645,0.48062085024326645,0.5,NS,H-LR
S1-HF,H-LR,,AQLX1,91028-01-29-00,NS,0.5958122267285801,0.5958122267285801,0.5,BH,H-LR
S1-HF,H-LR,,AQLX1,92438-01-02-02,NS,0.7502129893487426,0.7502129893487426,0.5,BH,H-LR
S1-HF,H-LR,,AQLX1,94076-01-03-04,NS,0.7101751819217209,0.7101751819217209,0.5,BH,H-LR
S1-HF,H-LR,,EXO0748-676,60042-03-01-00,NS,0.15958306288472962,0.15958306288472962,0.5,NS,H-LR
S1-HF,H-LR,,EXO0748-676,92019-01-06-03,NS,0.36229399626693376,0.36229399626693376,0.5,NS,H-LR
S1-HF,H-LR,,EXO0748-676,92019-01-26-01,NS,0.1773794437553774,0.17737944375537743,0.5,NS,H-LR
S1-HF,H-LR,,4U1323-619,90062-03-01-02,NS,0.3019234756828099,0.3019234756828099,0.5,NS,H-LR
S1-HF,H-LR,,4U1323-619,90062-03-01-01,NS,0.5808289593408303,0.5808289593408303,0.5,BH,H-LR
S1-HF,H-LR,,4U1323-619,95442-01-01-01,NS,0.2957936695087101,0.2957936695087101,0.5,NS,H-LR
S1-HF,H-LR,,4U1323-619,95442-01-01-02,NS,0.35551057699342264,0.35551057699342264,0.5,NS,H-LR
S1-HF,H-LR,,4U1323-619,96405-01-01-00,NS,0.16040914133081863,0.1604091413308186,0.5,NS,H-LR
S1-HF,H-LR,,4U1323-619,96405-01-01-01,NS,0.32569801805280574,0.32569801805280574,0.5,NS,H-LR
S1-HF,H-LR,,4U1323-619,96405-01-02-00,NS,0.16169646320699327,0.16169646320699324,0.5,NS,H-LR
S1-HF,H-LR,,4U1323-619,96405-01-04-00,NS,0.3215746959389718,0.3215746959389718,0.5,NS,H-LR
S1-HF,H-LR,,4U1323-619,96405-01-05-00,NS,0.22426536184825852,0.22426536184825854,0.5,NS,H-LR
S1-HF,H-LR,,4U1323-619,96405-01-05-01,NS,0.5456470942335709,0.5456470942335709,0.5,BH,H-LR
S1-HF,H-LR,,4U1323-619,96405-01-05-02,NS,0.25521785466340596,0.25521785466340596,0.5,NS,H-LR
S1-HF,H-LR,,4U1323-619,96405-01-05-03,NS,0.34333916954611154,0.34333916954611154,0.5,NS,H-LR
S1-HF,H-LR,,MXB1658-298,50410-01-05-00,NS,0.003286491236732303,0.003286491236732281,0.5,NS,H-LR
S1-HF,H-LR,,4U1702-429,50029-27-01-000,NS,0.38200516149606,0.38200516149606,0.5,NS,H-LR
S1-HF,H-LR,,4U1702-429,50030-01-04-00,NS,0.4220347064941659,0.4220347064941659,0.5,NS,H-LR
S1-HF,H-LR,,4U1702-429,50030-01-09-03,NS,0.26510827802113357,0.26510827802113357,0.5,NS,H-LR
S1-HF,H-LR,,4U1702-429,80033-01-01-01,NS,0.29634904827190484,0.29634904827190484,0.5,NS,H-LR
S1-HF,H-LR,,4U1702-429,80033-01-18-02,NS,0.2257979139623082,0.2257979139623082,0.5,NS,H-LR
S1-HF,H-LR,,4U1702-429,80033-01-21-03,NS,0.18221070585171417,0.18221070585171417,0.5,NS,H-LR
S1-HF,H-LR,,4U1705-44,91039-01-01-61,NS,0.23857553216970695,0.23857553216970692,0.5,NS,H-LR
S1-HF,H-LR,,4U1705-44,93060-01-05-00,NS,0.4149459494845038,0.4149459494845038,0.5,NS,H-LR
S1-HF,H-LR,,4U1705-44,95060-01-35-00,NS,0.1287334363450482,0.1287334363450482,0.5,NS,H-LR
S1-HF,H-LR,,4U1724-307,60034-02-01-01,NS,0.25478716427525294,0.25478716427525294,0.5,NS,H-LR
S1-HF,H-LR,,4U1724-307,60034-02-02-02,NS,0.17266546702090302,0.172665467020903,0.5,NS,H-LR
S1-HF,H-LR,,4U1724-307,60034-02-03-10,NS,0.1902033946502667,0.19020339465026673,0.5,NS,H-LR
S1-HF,H-LR,,4U1724-307,60034-02-05-01,NS,0.21221676550160296,0.21221676550160293,0.5,NS,H-LR
S1-HF,H-LR,,4U1724-307,93044-06-04-00,NS,0.006805626688337119,0.006805626688337123,0.5,NS,H-LR
S1-HF,H-LR,,4U1724-307,93044-06-07-00,NS,0.11494791597455561,0.11494791597455561,0.5,NS,H-LR
S1-HF,H-LR,,4U1724-307,93438-01-02-03,NS,0.17854409105870056,0.17854409105870056,0.5,NS,H-LR
S1-HF,H-LR,,4U1724-307,93438-01-04-00,NS,0.16679292037600307,0.16679292037600307,0.5,NS,H-LR
S1-HF,H-LR,,4U1724-307,93438-01-07-01,NS,0.3336009924024734,0.3336009924024734,0.5,NS,H-LR
S1-HF,H-LR,,KS1731-260,50031-02-01-09,NS,0.3733162527201709,0.3733162527201709,0.5,NS,H-LR
S1-HF,H-LR,,KS1731-260,50031-02-01-12,NS,0.39273921238503856,0.39273921238503856,0.5,NS,H-LR
S1-HF,H-LR,,KS1731-260,50031-02-01-02,NS,0.25881282129103494,0.25881282129103494,0.5,NS,H-LR
S1-HF,H-LR,,KS1731-260,50031-02-01-05,NS,0.3140352279166679,0.3140352279166679,0.5,NS,H-LR
S1-HF,H-LR,,KS1731-260,50031-02-01-08,NS,0.3567827392720074,0.3567827392720074,0.5,NS,H-LR
S1-HF,H-LR,,KS1731-260,50031-02-02-06,NS,0.39594981338254726,0.39594981338254726,0.5,NS,H-LR
S1-HF,H-LR,,KS1731-260,50031-02-02-02,NS,0.4262159725391111,0.4262159725391111,0.5,NS,H-LR
S1-HF,H-LR,,KS1731-260,50031-02-02-03,NS,0.18972157394487155,0.18972157394487155,0.5,NS,H-LR
S1-HF,H-LR,,KS1731-260,50031-02-02-080,NS,0.34418008557200064,0.34418008557200064,0.5,NS,H-LR
S1-HF,H-LR,,KS1731-260,50031-02-03-04,NS,0.6988168980704264,0.6988168980704264,0.5,BH,H-LR
S1-HF,H-LR,,SLX1735-269,60034-01-01-00,NS,0.4827617744160544,0.4827617744160544,0.5,NS,H-LR
S1-HF,H-LR,,SLX1735-269,60034-01-02-02,NS,0.2847248121355011,0.2847248121355011,0.5,NS,H-LR
S1-HF,H-LR,,SLX1735-269,80138-03-02-00,NS,0.38514257788599615,0.38514257788599615,0.5,NS,H-LR
S1-HF,H-LR,,SLX1735-269,96429-01-02-02,NS,0.3612618882675096,0.3612618882675096,0.5,NS,H-LR
S1-HF,H-LR,,SLX1735-269,96429-01-06-01,NS,0.6657913769116351,0.6657913769116351,0.5,BH,H-LR
S1-HF,H-LR,,SLX1735-269,96429-01-08-03,NS,0.4758596677997182,0.4758596677997182,0.5,NS,H-LR
S1-HF,H-LR,,SAXJ1808.4-3658,70080-01-02-04,NS,0.4427308974965022,0.4427308974965022,0.5,NS,H-LR
S1-HF,H-LR,,SAXJ1808.4-3658,70080-01-02-22,NS,0.6783664531814153,0.6783664531814153,0.5,BH,H-LR
S1-HF,H-LR,,SAXJ1808.4-3658,70080-01-03-010,NS,0.6248217121251055,0.6248217121251055,0.5,BH,H-LR
S1-HF,H-LR,,SAXJ1808.4-3658,70080-02-01-03,NS,0.5840771795789907,0.5840771795789907,0.5,BH,H-LR
S1-HF,H-LR,,SAXJ1808.4-3658,70080-02-02-35,NS,0.6921977081792863,0.6921977081792863,0.5,BH,H-LR
S1-HF,H-LR,,SAXJ1808.4-3658,70080-03-13-00,NS,0.5768852841143852,0.5768852841143852,0.5,BH,H-LR
S1-HF,H-LR,,SAXJ1808.4-3658,70080-03-20-13,NS,0.4374281715775789,0.4374281715775789,0.5,NS,H-LR
S1-HF,H-LR,,SAXJ1808.4-3658,70080-03-22-00,NS,0.14412316928282953,0.14412316928282956,0.5,NS,H-LR
S1-HF,H-LR,,SAXJ1808.4-3658,96027-01-01-00,NS,0.4788866610646654,0.4788866610646654,0.5,NS,H-LR
S1-HF,H-LR,,SAXJ1808.4-3658,96027-01-02-00,NS,0.5363703504904638,0.5363703504904638,0.5,BH,H-LR
S1-HF,H-LR,,XTEJ1814-338,80145-02-01-01,NS,0.40362550216935816,0.40362550216935816,0.5,NS,H-LR
S1-HF,H-LR,,XTEJ1814-338,80418-01-01-07,NS,0.3410546194859872,0.3410546194859872,0.5,NS,H-LR
S1-HF,H-LR,,XTEJ1814-338,80418-01-02-00,NS,0.38726277288122113,0.38726277288122113,0.5,NS,H-LR
S1-HF,H-LR,,XTEJ1814-338,80418-01-02-08,NS,0.5298900009615278,0.5298900009615278,0.5,BH,H-LR
S1-HF,H-LR,,XTEJ1814-338,80418-01-02-05,NS,0.3934542204778753,0.3934542204778753,0.5,NS,H-LR
S1-HF,H-LR,,XTEJ1814-338,80418-01-03-02,NS,0.4604788624564822,0.4604788624564822,0.5,NS,H-LR
S1-HF,H-LR,,XTEJ1814-338,80418-01-03-08,NS,0.47713364147364384,0.47713364147364384,0.5,NS,H-LR
S1-HF,H-LR,,XTEJ1814-338,80418-01-04-03,NS,0.4588994505146344,0.4588994505146344,0.5,NS,H-LR
S1-HF,H-LR,,XTEJ1814-338,80418-01-05-00,NS,0.5488328610208765,0.5488328610208765,0.5,BH,H-LR
S1-HF,H-LR,,XTEJ1814-338,80418-01-06-00,NS,0.6537073227284302,0.6537073227284302,0.5,BH,H-LR
S1-HF,H-LR,,XTEJ1814-338,80418-01-06-02,NS,0.7568147235587741,0.7568147235587741,0.5,BH,H-LR
S1-HF,H-LR,,4U1820-30,94090-01-02-01,NS,0.0797447573942589,0.07974475739425893,0.5,NS,H-LR
S1-HF,H-LR,,GS1826-238,50035-01-02-00,NS,0.21722951683775948,0.2172295168377595,0.5,NS,H-LR
S1-HF,H-LR,,GS1826-238,50035-01-03-02,NS,0.3820291829528822,0.3820291829528822,0.5,NS,H-LR
S1-HF,H-LR,,GS1826-238,50035-01-03-04,NS,0.28932418413704863,0.28932418413704863,0.5,NS,H-LR
S1-HF,H-LR,,GS1826-238,50035-01-03-090,NS,0.3249324808132386,0.3249324808132386,0.5,NS,H-LR
S1-HF,H-LR,,GS1826-238,80048-01-01-09,NS,0.2738905826878467,0.2738905826878467,0.5,NS,H-LR
S1-HF,H-LR,,GS1826-238,80048-01-01-14,NS,0.1666992772684538,0.16669927726845382,0.5,NS,H-LR
S1-HF,H-LR,,GS1826-238,80049-01-01-00,NS,0.214852152537018,0.214852152537018,0.5,NS,H-LR
S1-HF,H-LR,,GS1826-238,90043-01-01-02,NS,0.19513873028259354,0.19513873028259354,0.5,NS,H-LR
S1-HF,H-LR,,GS1826-238,70044-01-03-00,NS,0.35365877559548886,0.35365877559548886,0.5,NS,H-LR
S1-HF,H-LR,,GS1826-238,92703-01-04-02,NS,0.17089535613068108,0.17089535613068105,0.5,NS,H-LR
S1-HF,H-LR,,GS1826-238,70044-01-04-00,NS,0.20696722652105154,0.20696722652105154,0.5,NS,H-LR
S1-HF,H-LR,,GS1826-238,91017-01-02-05,NS,0.27012266833162946,0.27012266833162946,0.5,NS,H-LR
S1-HF,H-LR,,GS1826-238,91017-01-02-03,NS,0.1313519107651363,0.1313519107651363,0.5,NS,H-LR
S1-HF,H-LR,,GS1826-238,91017-01-02-10,NS,0.2329806131365354,0.2329806131365354,0.5,NS,H-LR
S1-HF,H-LR,,GS1826-238,96306-01-01-01,NS,0.21095927837707945,0.21095927837707945,0.5,NS,H-LR
S1-HF,H-LR,,HETEJ1900.1-245,91015-01-07-00,NS,0.5117443979175863,0.5117443979175863,0.5,BH,H-LR
S1-HF,H-LR,,HETEJ1900.1-245,91059-03-03-00,NS,0.7230944940458327,0.7230944940458327,0.5,BH,H-LR
S1-HF,H-LR,,HETEJ1900.1-245,91057-01-07-04,NS,0.6288751319939911,0.6288751319939911,0.5,BH,H-LR
S1-HF,H-LR,,HETEJ1900.1-245,92049-01-05-00,NS,0.5975714521216205,0.5975714521216205,0.5,BH,H-LR
S1-HF,H-LR,,HETEJ1900.1-245,92049-01-07-00,NS,0.02068596612349871,0.020685966123498704,0.5,NS,H-LR
S1-HF,H-LR,,HETEJ1900.1-245,92049-01-40-00,NS,0.5949084536527175,0.5949084536527175,0.5,BH,H-LR
S1-HF,H-LR,,HETEJ1900.1-245,93030-01-47-00,NS,0.6626935701238648,0.6626935701238648,0.5,BH,H-LR
S1-HF,H-LR,,HETEJ1900.1-245,94030-01-05-00,NS,0.8301006674380584,0.8301006674380584,0.5,BH,H-LR
S1-HF,H-LR,,HETEJ1900.1-245,94030-01-36-00,NS,0.5971795029954728,0.5971795029954728,0.5,BH,H-LR
S1-HF,H-LR,,HETEJ1900.1-245,96030-01-01-01,NS,0.37945233202337325,0.37945233202337325,0.5,NS,H-LR
S1-HF,H-LR,,HETEJ1900.1-245,96030-01-25-00,NS,0.6233915132479653,0.6233915132479653,0.5,BH,H-LR
S1-HF,H+HF-LR,,GROJ1655-40,90428-01-01-07,BH,0.7069691235832978,0.7069691235832978,0.5,BH,H+HF-LR
S1-HF,H+HF-LR,,XTEJ1550-564,50135-01-08-00,BH,0.7420876114853169,0.7420876114853169,0.5,BH,H+HF-LR
S1-HF,H+HF-LR,,XTEJ1550-564,50135-01-15-00,BH,0.47191477312365526,0.47191477312365526,0.5,NS,H+HF-LR
S1-HF,H+HF-LR,,XTEJ1550-564,50135-01-19-00,BH,0.5922514335197802,0.5922514335197802,0.5,BH,H+HF-LR
S1-HF,H+HF-LR,,XTEJ1550-564,50135-01-23-00,BH,0.32364315476826666,0.32364315476826666,0.5,NS,H+HF-LR
S1-HF,H+HF-LR,,XTEJ1550-564,50137-02-09-00,BH,0.717394388065625,0.717394388065625,0.5,BH,H+HF-LR
S1-HF,H+HF-LR,,XTEJ1550-564,60428-01-03-00,BH,0.6776263467777991,0.6776263467777991,0.5,BH,H+HF-LR
S1-HF,H+HF-LR,,XTEJ1550-564,60428-01-05-00,BH,0.6937858954770422,0.6937858954770422,0.5,BH,H+HF-LR
S1-HF,H+HF-LR,,XTEJ1550-564,60428-01-09-00,BH,0.7559957006815909,0.7559957006815909,0.5,BH,H+HF-LR
S1-HF,H+HF-LR,,XTEJ1550-564,60428-01-15-00,BH,0.8964798425308481,0.8964798425308481,0.5,BH,H+HF-LR
S1-HF,H+HF-LR,,XTEJ1550-564,80135-01-02-01,BH,0.8165484250959533,0.8165484250959533,0.5,BH,H+HF-LR
S1-HF,H+HF-LR,,XTEJ1550-564,80135-01-03-10,BH,0.8258881745684368,0.8258881745684368,0.5,BH,H+HF-LR
S1-HF,H+HF-LR,,XTEJ1550-564,80135-01-04-02,BH,0.7876974923913974,0.7876974923913974,0.5,BH,H+HF-LR
S1-HF,H+HF-LR,,XTEJ1550-564,80135-01-05-10,BH,0.7829420011490039,0.7829420011490039,0.5,BH,H+HF-LR
S1-HF,H+HF-LR,,4U1543-47,70128-01-01-01,BH,0.7920374510802995,0.7920374510802995,0.5,BH,H+HF-LR
S1-HF,H+HF-LR,,4U1543-47,70124-02-09-00,BH,0.4261405601696084,0.4261405601696084,0.5,NS,H+HF-LR
S1-HF,H+HF-LR,,4U1543-47,70124-02-10-00,BH,0.3956856452915558,0.3956856452915558,0.5,NS,H+HF-LR
S1-HF,H+HF-LR,,4U1543-47,70124-02-14-00,BH,0.4336749803465093,0.4336749803465093,0.5,NS,H+HF-LR
S1-HF,H+HF-LR,,GX339-4,80132-01-22-00,BH,0.8092098686277786,0.8092098686277786,0.5,BH,H+HF-LR
S1-HF,H+HF-LR,,GX339-4,92034-08-01-00,BH,0.9915690521248762,0.9915690521248762,0.5,BH,H+HF-LR
S1-HF,H+HF-LR,,GX339-4,92035-01-03-03,BH,0.3976832218203194,0.3976832218203194,0.5,NS,H+HF-LR
S1-HF,H+HF-LR,,GX339-4,92704-03-13-00,BH,0.7701445812198138,0.7701445812198138,0.5,BH,H+HF-LR
S1-HF,H+HF-LR,,GX339-4,92704-03-22-00,BH,0.4631034021110635,0.4631034021110635,0.5,NS,H+HF-LR
S1-HF,H+HF-LR,,GX339-4,92704-03-45-01,BH,0.8427076412598197,0.8427076412598197,0.5,BH,H+HF-LR
S1-HF,H+HF-LR,,XTEJ1650-500,60113-01-06-00,BH,0.6171089482828528,0.6171089482828528,0.5,BH,H+HF-LR
S1-HF,H+HF-LR,,XTEJ1650-500,60113-01-09-00,BH,0.6109066201727069,0.6109066201727069,0.5,BH,H+HF-LR
S1-HF,H+HF-LR,,XTEJ1650-500,60113-01-11-01,BH,0.6254012456394112,0.6254012456394112,0.5,BH,H+HF-LR
S1-HF,H+HF-LR,,XTEJ1650-500,60118-02-14-00,BH,0.7024379960340938,0.7024379960340938,0.5,BH,H+HF-LR
S1-HF,H+HF-LR,,XTEJ1650-500,60118-02-20-00,BH,0.07473757081620164,0.07473757081620164,0.5,NS,H+HF-LR
S1-HF,H+HF-LR,,XTEJ1650-500,60118-02-28-00,BH,0.7050695810799912,0.7050695810799912,0.5,BH,H+HF-LR
S1-HF,H+HF-LR,,XTEJ1650-500,70124-01-02-00,BH,0.673699562465862,0.673699562465862,0.5,BH,H+HF-LR
S1-HF,H+HF-LR,,XTEJ1118+480,50407-01-07-01,BH,0.40134405127513645,0.40134405127513645,0.5,NS,H+HF-LR
S1-HF,H+HF-LR,,XTEJ1118+480,50407-01-09-00,BH,0.3759934457558413,0.3759934457558413,0.5,NS,H+HF-LR
S1-HF,H+HF-LR,,XTEJ1118+480,50407-01-10-01,BH,0.5082598070807166,0.5082598070807166,0.5,BH,H+HF-LR
S1-HF,H+HF-LR,,XTEJ1118+480,50407-01-13-02,BH,0.3568886695670995,0.3568886695670995,0.5,NS,H+HF-LR
S1-HF,H+HF-LR,,XTEJ1118+480,50407-01-14-02,BH,0.05387455485833331,0.0538745548583333,0.5,NS,H+HF-LR
S1-HF,H+HF-LR,,XTEJ1118+480,50407-01-16-00,BH,0.029663005453859248,0.029663005453859245,0.5,NS,H+HF-LR
S1-HF,H+HF-LR,,4U1636-53,94087-01-16-00,NS,0.3349474353362733,0.3349474353362733,0.5,NS,H+HF-LR
S1-HF,H+HF-LR,,4U1608-52,70069-01-04-03,NS,0.48876387710013974,0.48876387710013974,0.5,NS,H+HF-LR
S1-HF,H+HF-LR,,4U1608-52,90408-01-03-03,NS,0.6082992559202466,0.6082992559202466,0.5,BH,H+HF-LR
S1-HF,H+HF-LR,,4U1608-52,93408-01-14-00,NS,0.4992070037242093,0.4992070037242093,0.5,NS,H+HF-LR
S1-HF,H+HF-LR,,4U1608-52,93408-01-27-03,NS,0.6370401250902883,0.6370401250902883,0.5,BH,H+HF-LR
S1-HF,H+HF-LR,,4U1728-34,50030-03-05-03,NS,0.1862481746374407,0.18624817463744067,0.5,NS,H+HF-LR
S1-HF,H+HF-LR,,4U1728-34,92023-03-44-00,NS,0.09486821129119916,0.09486821129119913,0.5,NS,H+HF-LR
S1-HF,H+HF-LR,,4U1728-34,92023-03-49-00,NS,0.12717680614658372,0.12717680614658372,0.5,NS,H+HF-LR
S1-HF,H+HF-LR,,4U1728-34,92023-03-70-00,NS,0.04007934896543258,0.04007934896543256,0.5,NS,H+HF-LR
S1-HF,H+HF-LR,,AQLX1,80403-01-03-00,NS,0.2084596488958354,0.2084596488958354,0.5,NS,H+HF-LR
S1-HF,H+HF-LR,,AQLX1,91028-01-29-00,NS,0.5895085227721671,0.5895085227721671,0.5,BH,H+HF-LR
S1-HF,H+HF-LR,,AQLX1,92438-01-02-02,NS,0.5598957911928018,0.5598957911928018,0.5,BH,H+HF-LR
S1-HF,H+HF-LR,,AQLX1,94076-01-03-04,NS,0.7210553509832085,0.7210553509832085,0.5,BH,H+HF-LR
S1-HF,H+HF-LR,,EXO0748-676,60042-03-01-00,NS,0.16279480407997532,0.16279480407997532,0.5,NS,H+HF-LR
S1-HF,H+HF-LR,,EXO0748-676,92019-01-06-03,NS,0.3212274891919143,0.3212274891919143,0.5,NS,H+HF-LR
S1-HF,H+HF-LR,,EXO0748-676,92019-01-26-01,NS,0.23303984798839994,0.2330398479883999,0.5,NS,H+HF-LR
S1-HF,H+HF-LR,,4U1323-619,90062-03-01-02,NS,0.3919255825753132,0.3919255825753132,0.5,NS,H+HF-LR
S1-HF,H+HF-LR,,4U1323-619,90062-03-01-01,NS,0.3475832530545326,0.3475832530545326,0.5,NS,H+HF-LR
S1-HF,H+HF-LR,,4U1323-619,95442-01-01-01,NS,0.39264616256618323,0.39264616256618323,0.5,NS,H+HF-LR
S1-HF,H+HF-LR,,4U1323-619,95442-01-01-02,NS,0.9709613736007199,0.9709613736007199,0.5,BH,H+HF-LR
S1-HF,H+HF-LR,,4U1323-619,96405-01-01-00,NS,0.023920821873135434,0.023920821873135448,0.5,NS,H+HF-LR
S1-HF,H+HF-LR,,4U1323-619,96405-01-01-01,NS,0.16641262153832004,0.16641262153832007,0.5,NS,H+HF-LR
S1-HF,H+HF-LR,,4U1323-619,96405-01-02-00,NS,0.6737992259143689,0.6737992259143689,0.5,BH,H+HF-LR
S1-HF,H+HF-LR,,4U1323-619,96405-01-04-00,NS,0.7723804314944348,0.7723804314944348,0.5,BH,H+HF-LR
S1-HF,H+HF-LR,,4U1323-619,96405-01-05-00,NS,0.35305759980744816,0.35305759980744816,0.5,NS,H+HF-LR
S1-HF,H+HF-LR,,4U1323-619,96405-01-05-01,NS,0.8536687962844034,0.8536687962844034,0.5,BH,H+HF-LR
S1-HF,H+HF-LR,,4U1323-619,96405-01-05-02,NS,0.2066046590791022,0.2066046590791022,0.5,NS,H+HF-LR
S1-HF,H+HF-LR,,4U1323-619,96405-01-05-03,NS,0.5807095141057224,0.5807095141057224,0.5,BH,H+HF-LR
S1-HF,H+HF-LR,,MXB1658-298,50410-01-05-00,NS,0.003374190559302437,0.0033741905593024195,0.5,NS,H+HF-LR
S1-HF,H+HF-LR,,4U1702-429,50029-27-01-000,NS,0.38672283533429186,0.38672283533429186,0.5,NS,H+HF-LR
S1-HF,H+HF-LR,,4U1702-429,50030-01-04-00,NS,0.4189357563710404,0.4189357563710404,0.5,NS,H+HF-LR
S1-HF,H+HF-LR,,4U1702-429,50030-01-09-03,NS,0.2560092356172202,0.2560092356172202,0.5,NS,H+HF-LR
S1-HF,H+HF-LR,,4U1702-429,80033-01-01-01,NS,0.28858532210180493,0.28858532210180493,0.5,NS,H+HF-LR
S1-HF,H+HF-LR,,4U1702-429,80033-01-18-02,NS,0.21859883742361036,0.21859883742361036,0.5,NS,H+HF-LR
S1-HF,H+HF-LR,,4U1702-429,80033-01-21-03,NS,0.16966017250325371,0.16966017250325371,0.5,NS,H+HF-LR
S1-HF,H+HF-LR,,4U1705-44,91039-01-01-61,NS,0.20720958401947098,0.207209584019471,0.5,NS,H+HF-LR
S1-HF,H+HF-LR,,4U1705-44,93060-01-05-00,NS,0.3989545615589092,0.3989545615589092,0.5,NS,H+HF-LR
S1-HF,H+HF-LR,,4U1705-44,95060-01-35-00,NS,0.09491790936689609,0.09491790936689608,0.5,NS,H+HF-LR
S1-HF,H+HF-LR,,4U1724-307,60034-02-01-01,NS,0.22775555076021858,0.2277555507602186,0.5,NS,H+HF-LR
S1-HF,H+HF-LR,,4U1724-307,60034-02-02-02,NS,0.13766247968811263,0.13766247968811263,0.5,NS,H+HF-LR
S1-HF,H+HF-LR,,4U1724-307,60034-02-03-10,NS,0.15046061318092413,0.15046061318092413,0.5,NS,H+HF-LR
S1-HF,H+HF-LR,,4U1724-307,60034-02-05-01,NS,0.18314108932372952,0.18314108932372952,0.5,NS,H+HF-LR
S1-HF,H+HF-LR,,4U1724-307,93044-06-04-00,NS,0.0026890320354534536,0.0026890320354534462,0.5,NS,H+HF-LR
S1-HF,H+HF-LR,,4U1724-307,93044-06-07-00,NS,0.08526635221323631,0.08526635221323632,0.5,NS,H+HF-LR
S1-HF,H+HF-LR,,4U1724-307,93438-01-02-03,NS,0.09704010414404818,0.09704010414404816,0.5,NS,H+HF-LR
S1-HF,H+HF-LR,,4U1724-307,93438-01-04-00,NS,0.12861882464905106,0.12861882464905106,0.5,NS,H+HF-LR
S1-HF,H+HF-LR,,4U1724-307,93438-01-07-01,NS,0.29867776962265535,0.29867776962265535,0.5,NS,H+HF-LR
S1-HF,H+HF-LR,,KS1731-260,50031-02-01-09,NS,0.3507975278567394,0.3507975278567394,0.5,NS,H+HF-LR
S1-HF,H+HF-LR,,KS1731-260,50031-02-01-12,NS,0.3805706137302845,0.3805706137302845,0.5,NS,H+HF-LR
S1-HF,H+HF-LR,,KS1731-260,50031-02-01-02,NS,0.23566190559271005,0.23566190559271002,0.5,NS,H+HF-LR
S1-HF,H+HF-LR,,KS1731-260,50031-02-01-05,NS,0.29409472072767423,0.29409472072767423,0.5,NS,H+HF-LR
S1-HF,H+HF-LR,,KS1731-260,50031-02-01-08,NS,0.33512667966817616,0.33512667966817616,0.5,NS,H+HF-LR
S1-HF,H+HF-LR,,KS1731-260,50031-02-02-06,NS,0.38528428108394236,0.38528428108394236,0.5,NS,H+HF-LR
S1-HF,H+HF-LR,,KS1731-260,50031-02-02-02,NS,0.4136130580039358,0.4136130580039358,0.5,NS,H+HF-LR
S1-HF,H+HF-LR,,KS1731-260,50031-02-02-03,NS,0.1708282777067237,0.17082827770672374,0.5,NS,H+HF-LR
S1-HF,H+HF-LR,,KS1731-260,50031-02-02-080,NS,0.3255675451760582,0.3255675451760582,0.5,NS,H+HF-LR
S1-HF,H+HF-LR,,KS1731-260,50031-02-03-04,NS,0.7451513293178749,0.7451513293178749,0.5,BH,H+HF-LR
S1-HF,H+HF-LR,,SLX1735-269,60034-01-01-00,NS,0.5679801320171758,0.5679801320171758,0.5,BH,H+HF-LR
S1-HF,H+HF-LR,,SLX1735-269,60034-01-02-02,NS,0.31760361875579857,0.31760361875579857,0.5,NS,H+HF-LR
S1-HF,H+HF-LR,,SLX1735-269,80138-03-02-00,NS,0.5181531406640109,0.5181531406640109,0.5,BH,H+HF-LR
S1-HF,H+HF-LR,,SLX1735-269,96429-01-02-02,NS,0.48787656449798955,0.48787656449798955,0.5,NS,H+HF-LR
S1-HF,H+HF-LR,,SLX1735-269,96429-01-06-01,NS,0.6458297747967793,0.6458297747967793,0.5,BH,H+HF-LR
S1-HF,H+HF-LR,,SLX1735-269,96429-01-08-03,NS,0.7569371348511228,0.7569371348511228,0.5,BH,H+HF-LR
S1-HF,H+HF-LR,,SAXJ1808.4-3658,70080-01-02-04,NS,0.45623101335559224,0.45623101335559224,0.5,NS,H+HF-LR
S1-HF,H+HF-LR,,SAXJ1808.4-3658,70080-01-02-22,NS,0.7152802145742354,0.7152802145742354,0.5,BH,H+HF-LR
S1-HF,H+HF-LR,,SAXJ1808.4-3658,70080-01-03-010,NS,0.6628463206679627,0.6628463206679627,0.5,BH,H+HF-LR
S1-HF,H+HF-LR,,SAXJ1808.4-3658,70080-02-01-03,NS,0.5811527947136497,0.5811527947136497,0.5,BH,H+HF-LR
S1-HF,H+HF-LR,,SAXJ1808.4-3658,70080-02-02-35,NS,0.7900638490294488,0.7900638490294488,0.5,BH,H+HF-LR
S1-HF,H+HF-LR,,SAXJ1808.4-3658,70080-03-13-00,NS,0.6482626993402608,0.6482626993402608,0.5,BH,H+HF-LR
S1-HF,H+HF-LR,,SAXJ1808.4-3658,70080-03-20-13,NS,0.42346182044237146,0.42346182044237146,0.5,NS,H+HF-LR
S1-HF,H+HF-LR,,SAXJ1808.4-3658,70080-03-22-00,NS,0.030184043489496826,0.03018404348949684,0.5,NS,H+HF-LR
S1-HF,H+HF-LR,,SAXJ1808.4-3658,96027-01-01-00,NS,0.42021916570902734,0.42021916570902734,0.5,NS,H+HF-LR
S1-HF,H+HF-LR,,SAXJ1808.4-3658,96027-01-02-00,NS,0.6103783801511735,0.6103783801511735,0.5,BH,H+HF-LR
S1-HF,H+HF-LR,,XTEJ1814-338,80145-02-01-01,NS,0.3840810404323628,0.3840810404323628,0.5,NS,H+HF-LR
S1-HF,H+HF-LR,,XTEJ1814-338,80418-01-01-07,NS,0.3916712286812558,0.3916712286812558,0.5,NS,H+HF-LR
S1-HF,H+HF-LR,,XTEJ1814-338,80418-01-02-00,NS,0.4504438213178083,0.4504438213178083,0.5,NS,H+HF-LR
S1-HF,H+HF-LR,,XTEJ1814-338,80418-01-02-08,NS,0.5691597930246818,0.5691597930246818,0.5,BH,H+HF-LR
S1-HF,H+HF-LR,,XTEJ1814-338,80418-01-02-05,NS,0.45453323830369524,0.45453323830369524,0.5,NS,H+HF-LR
S1-HF,H+HF-LR,,XTEJ1814-338,80418-01-03-02,NS,0.5093878694484913,0.5093878694484913,0.5,BH,H+HF-LR
S1-HF,H+HF-LR,,XTEJ1814-338,80418-01-03-08,NS,0.5905239722655072,0.5905239722655072,0.5,BH,H+HF-LR
S1-HF,H+HF-LR,,XTEJ1814-338,80418-01-04-03,NS,0.5100181285220325,0.5100181285220325,0.5,BH,H+HF-LR
S1-HF,H+HF-LR,,XTEJ1814-338,80418-01-05-00,NS,0.6890839269960685,0.6890839269960685,0.5,BH,H+HF-LR
S1-HF,H+HF-LR,,XTEJ1814-338,80418-01-06-00,NS,0.8467424066483971,0.8467424066483971,0.5,BH,H+HF-LR
S1-HF,H+HF-LR,,XTEJ1814-338,80418-01-06-02,NS,0.8282810576540847,0.8282810576540847,0.5,BH,H+HF-LR
S1-HF,H+HF-LR,,4U1820-30,94090-01-02-01,NS,0.058284892936291244,0.058284892936291216,0.5,NS,H+HF-LR
S1-HF,H+HF-LR,,GS1826-238,50035-01-02-00,NS,0.19102938498507094,0.19102938498507094,0.5,NS,H+HF-LR
S1-HF,H+HF-LR,,GS1826-238,50035-01-03-02,NS,0.3551294496392814,0.3551294496392814,0.5,NS,H+HF-LR
S1-HF,H+HF-LR,,GS1826-238,50035-01-03-04,NS,0.25289180525227556,0.25289180525227556,0.5,NS,H+HF-LR
S1-HF,H+HF-LR,,GS1826-238,50035-01-03-090,NS,0.2921830165642929,0.2921830165642929,0.5,NS,H+HF-LR
S1-HF,H+HF-LR,,GS1826-238,80048-01-01-09,NS,0.2463883713037442,0.2463883713037442,0.5,NS,H+HF-LR
S1-HF,H+HF-LR,,GS1826-238,80048-01-01-14,NS,0.1318813684600607,0.1318813684600607,0.5,NS,H+HF-LR
S1-HF,H+HF-LR,,GS1826-238,80049-01-01-00,NS,0.18606382820463252,0.18606382820463252,0.5,NS,H+HF-LR
S1-HF,H+HF-LR,,GS1826-238,90043-01-01-02,NS,0.1605556711598895,0.1605556711598895,0.5,NS,H+HF-LR
S1-HF,H+HF-LR,,GS1826-238,70044-01-03-00,NS,0.33961367358106087,0.33961367358106087,0.5,NS,H+HF-LR
S1-HF,H+HF-LR,,GS1826-238,92703-01-04-02,NS,0.12942939594254477,0.1294293959425448,0.5,NS,H+HF-LR
S1-HF,H+HF-LR,,GS1826-238,70044-01-04-00,NS,0.18769716757307886,0.1876971675730789,0.5,NS,H+HF-LR
S1-HF,H+HF-LR,,GS1826-238,91017-01-02-05,NS,0.2528681809743316,0.2528681809743316,0.5,NS,H+HF-LR
S1-HF,H+HF-LR,,GS1826-238,91017-01-02-03,NS,0.10794384118476458,0.10794384118476456,0.5,NS,H+HF-LR
S1-HF,H+HF-LR,,GS1826-238,91017-01-02-10,NS,0.19870075564213974,0.1987007556421397,0.5,NS,H+HF-LR
S1-HF,H+HF-LR,,GS1826-238,96306-01-01-01,NS,0.17638974546190989,0.17638974546190989,0.5,NS,H+HF-LR
S1-HF,H+HF-LR,,HETEJ1900.1-245,91015-01-07-00,NS,0.5266055324290307,0.5266055324290307,0.5,BH,H+HF-LR
S1-HF,H+HF-LR,,HETEJ1900.1-245,91059-03-03-00,NS,0.7510359658927949,0.7510359658927949,0.5,BH,H+HF-LR
S1-HF,H+HF-LR,,HETEJ1900.1-245,91057-01-07-04,NS,0.599640642596623,0.599640642596623,0.5,BH,H+HF-LR
S1-HF,H+HF-LR,,HETEJ1900.1-245,92049-01-05-00,NS,0.5629039661478143,0.5629039661478143,0.5,BH,H+HF-LR
S1-HF,H+HF-LR,,HETEJ1900.1-245,92049-01-07-00,NS,0.014463517936153247,0.014463517936153249,0.5,NS,H+HF-LR
S1-HF,H+HF-LR,,HETEJ1900.1-245,92049-01-40-00,NS,0.5725693178457184,0.5725693178457184,0.5,BH,H+HF-LR
S1-HF,H+HF-LR,,HETEJ1900.1-245,93030-01-47-00,NS,0.6492367933621059,0.6492367933621059,0.5,BH,H+HF-LR
S1-HF,H+HF-LR,,HETEJ1900.1-245,94030-01-05-00,NS,0.8597026291090266,0.8597026291090266,0.5,BH,H+HF-LR
S1-HF,H+HF-LR,,HETEJ1900.1-245,94030-01-36-00,NS,0.5703155888003522,0.5703155888003522,0.5,BH,H+HF-LR
S1-HF,H+HF-LR,,HETEJ1900.1-245,96030-01-01-01,NS,0.312232547212801,0.312232547212801,0.5,NS,H+HF-LR
S1-HF,H+HF-LR,,HETEJ1900.1-245,96030-01-25-00,NS,0.6324840535665257,0.6324840535665257,0.5,BH,H+HF-LR
S1-HF,H+T-LR,,GROJ1655-40,90428-01-01-07,BH,0.5408290856551006,0.5408290856551006,0.5,BH,H+T-LR
S1-HF,H+T-LR,,XTEJ1550-564,50135-01-08-00,BH,0.5514143769631166,0.5514143769631166,0.5,BH,H+T-LR
S1-HF,H+T-LR,,XTEJ1550-564,50135-01-15-00,BH,0.8539903140571583,0.8539903140571583,0.5,BH,H+T-LR
S1-HF,H+T-LR,,XTEJ1550-564,50135-01-19-00,BH,0.9589280806513988,0.9589280806513988,0.5,BH,H+T-LR
S1-HF,H+T-LR,,XTEJ1550-564,50135-01-23-00,BH,0.663766809312586,0.663766809312586,0.5,BH,H+T-LR
S1-HF,H+T-LR,,XTEJ1550-564,50137-02-09-00,BH,0.9886386024736278,0.9886386024736278,0.5,BH,H+T-LR
S1-HF,H+T-LR,,XTEJ1550-564,60428-01-03-00,BH,0.9899562783874342,0.9899562783874342,0.5,BH,H+T-LR
S1-HF,H+T-LR,,XTEJ1550-564,60428-01-05-00,BH,0.9886581574950345,0.9886581574950345,0.5,BH,H+T-LR
S1-HF,H+T-LR,,XTEJ1550-564,60428-01-09-00,BH,0.9925013076680103,0.9925013076680103,0.5,BH,H+T-LR
S1-HF,H+T-LR,,XTEJ1550-564,60428-01-15-00,BH,0.9910190237976618,0.9910190237976618,0.5,BH,H+T-LR
S1-HF,H+T-LR,,XTEJ1550-564,80135-01-02-01,BH,0.9981475124070279,0.9981475124070279,0.5,BH,H+T-LR
S1-HF,H+T-LR,,XTEJ1550-564,80135-01-03-10,BH,0.9966342601429583,0.9966342601429583,0.5,BH,H+T-LR
S1-HF,H+T-LR,,XTEJ1550-564,80135-01-04-02,BH,0.9982067157059562,0.9982067157059562,0.5,BH,H+T-LR
S1-HF,H+T-LR,,XTEJ1550-564,80135-01-05-10,BH,0.9945494801078165,0.9945494801078165,0.5,BH,H+T-LR
S1-HF,H+T-LR,,4U1543-47,70128-01-01-01,BH,0.9188972166644731,0.9188972166644731,0.5,BH,H+T-LR
S1-HF,H+T-LR,,4U1543-47,70124-02-09-00,BH,0.912809980258677,0.912809980258677,0.5,BH,H+T-LR
S1-HF,H+T-LR,,4U1543-47,70124-02-10-00,BH,0.9374087726816775,0.9374087726816775,0.5,BH,H+T-LR
S1-HF,H+T-LR,,4U1543-47,70124-02-14-00,BH,0.9706930013025242,0.9706930013025242,0.5,BH,H+T-LR
S1-HF,H+T-LR,,GX339-4,80132-01-22-00,BH,0.9977137863013672,0.9977137863013672,0.5,BH,H+T-LR
S1-HF,H+T-LR,,GX339-4,92034-08-01-00,BH,0.9998973464628412,0.9998973464628412,0.5,BH,H+T-LR
S1-HF,H+T-LR,,GX339-4,92035-01-03-03,BH,0.5628309327466867,0.5628309327466867,0.5,BH,H+T-LR
S1-HF,H+T-LR,,GX339-4,92704-03-13-00,BH,0.5799381942247137,0.5799381942247137,0.5,BH,H+T-LR
S1-HF,H+T-LR,,GX339-4,92704-03-22-00,BH,0.8129472773653581,0.8129472773653581,0.5,BH,H+T-LR
S1-HF,H+T-LR,,GX339-4,92704-03-45-01,BH,0.9993411972259795,0.9993411972259795,0.5,BH,H+T-LR
S1-HF,H+T-LR,,XTEJ1650-500,60113-01-06-00,BH,0.2675931461455145,0.2675931461455145,0.5,NS,H+T-LR
S1-HF,H+T-LR,,XTEJ1650-500,60113-01-09-00,BH,0.33019045106372874,0.33019045106372874,0.5,NS,H+T-LR
S1-HF,H+T-LR,,XTEJ1650-500,60113-01-11-01,BH,0.36975138301594335,0.36975138301594335,0.5,NS,H+T-LR
S1-HF,H+T-LR,,XTEJ1650-500,60118-02-14-00,BH,0.4129874514024181,0.4129874514024181,0.5,NS,H+T-LR
S1-HF,H+T-LR,,XTEJ1650-500,60118-02-20-00,BH,0.8596661322388314,0.8596661322388314,0.5,BH,H+T-LR
S1-HF,H+T-LR,,XTEJ1650-500,60118-02-28-00,BH,0.9920525628192803,0.9920525628192803,0.5,BH,H+T-LR
S1-HF,H+T-LR,,XTEJ1650-500,70124-01-02-00,BH,0.9908537862853686,0.9908537862853686,0.5,BH,H+T-LR
S1-HF,H+T-LR,,XTEJ1118+480,50407-01-07-01,BH,0.9749210896894218,0.9749210896894218,0.5,BH,H+T-LR
S1-HF,H+T-LR,,XTEJ1118+480,50407-01-09-00,BH,0.9777975647374093,0.9777975647374093,0.5,BH,H+T-LR
S1-HF,H+T-LR,,XTEJ1118+480,50407-01-10-01,BH,0.9846444031790496,0.9846444031790496,0.5,BH,H+T-LR
S1-HF,H+T-LR,,XTEJ1118+480,50407-01-13-02,BH,0.910264937644805,0.910264937644805,0.5,BH,H+T-LR
S1-HF,H+T-LR,,XTEJ1118+480,50407-01-14-02,BH,0.7384908703289267,0.7384908703289267,0.5,BH,H+T-LR
S1-HF,H+T-LR,,XTEJ1118+480,50407-01-16-00,BH,0.3250329449914447,0.3250329449914447,0.5,NS,H+T-LR
S1-HF,H+T-LR,,4U1636-53,94087-01-16-00,NS,0.020969193834241284,0.020969193834241295,0.5,NS,H+T-LR
S1-HF,H+T-LR,,4U1608-52,70069-01-04-03,NS,0.08337804914692948,0.08337804914692949,0.5,NS,H+T-LR
S1-HF,H+T-LR,,4U1608-52,90408-01-03-03,NS,0.0994104750499002,0.09941047504990017,0.5,NS,H+T-LR
S1-HF,H+T-LR,,4U1608-52,93408-01-14-00,NS,0.20360294614093466,0.20360294614093466,0.5,NS,H+T-LR
S1-HF,H+T-LR,,4U1608-52,93408-01-27-03,NS,0.3115964734537316,0.3115964734537316,0.5,NS,H+T-LR
S1-HF,H+T-LR,,4U1728-34,50030-03-05-03,NS,0.02363664379610786,0.023636643796107845,0.5,NS,H+T-LR
S1-HF,H+T-LR,,4U1728-34,92023-03-44-00,NS,0.010777224721505996,0.010777224721505977,0.5,NS,H+T-LR
S1-HF,H+T-LR,,4U1728-34,92023-03-49-00,NS,0.009432630953197518,0.009432630953197541,0.5,NS,H+T-LR
S1-HF,H+T-LR,,4U1728-34,92023-03-70-00,NS,0.003913262616755786,0.00391326261675579,0.5,NS,H+T-LR
S1-HF,H+T-LR,,AQLX1,80403-01-03-00,NS,0.41783651786519926,0.41783651786519926,0.5,NS,H+T-LR
S1-HF,H+T-LR,,AQLX1,91028-01-29-00,NS,0.23077760246150159,0.2307776024615016,0.5,NS,H+T-LR
S1-HF,H+T-LR,,AQLX1,92438-01-02-02,NS,0.8084443625576848,0.8084443625576848,0.5,BH,H+T-LR
S1-HF,H+T-LR,,AQLX1,94076-01-03-04,NS,0.3241725696458602,0.3241725696458602,0.5,NS,H+T-LR
S1-HF,H+T-LR,,EXO0748-676,60042-03-01-00,NS,0.002473612124276159,0.0024736121242761393,0.5,NS,H+T-LR
S1-HF,H+T-LR,,EXO0748-676,92019-01-06-03,NS,0.008479067304723364,0.008479067304723387,0.5,NS,H+T-LR
S1-HF,H+T-LR,,EXO0748-676,92019-01-26-01,NS,0.0019617154611857868,0.0019617154611857633,0.5,NS,H+T-LR
S1-HF,H+T-LR,,4U1323-619,90062-03-01-02,NS,0.03243409456534746,0.03243409456534748,0.5,NS,H+T-LR
S1-HF,H+T-LR,,4U1323-619,90062-03-01-01,NS,0.1457125084831164,0.1457125084831164,0.5,NS,H+T-LR
S1-HF,H+T-LR,,4U1323-619,95442-01-01-01,NS,0.021417253852062446,0.021417253852062425,0.5,NS,H+T-LR
S1-HF,H+T-LR,,4U1323-619,95442-01-01-02,NS,0.021689845536173147,0.021689845536173126,0.5,NS,H+T-LR
S1-HF,H+T-LR,,4U1323-619,96405-01-01-00,NS,0.00761167591602413,0.007611675916024126,0.5,NS,H+T-LR
S1-HF,H+T-LR,,4U1323-619,96405-01-01-01,NS,0.0018232234736536568,0.0018232234736536815,0.5,NS,H+T-LR
S1-HF,H+T-LR,,4U1323-619,96405-01-02-00,NS,0.001825167890761481,0.0018251678907614873,0.5,NS,H+T-LR
S1-HF,H+T-LR,,4U1323-619,96405-01-04-00,NS,0.017843536023309958,0.017843536023309948,0.5,NS,H+T-LR
S1-HF,H+T-LR,,4U1323-619,96405-01-05-00,NS,0.008570402273079425,0.008570402273079406,0.5,NS,H+T-LR
S1-HF,H+T-LR,,4U1323-619,96405-01-05-01,NS,0.030811908807312216,0.030811908807312206,0.5,NS,H+T-LR
S1-HF,H+T-LR,,4U1323-619,96405-01-05-02,NS,0.048345458469187697,0.04834545846918769,0.5,NS,H+T-LR
S1-HF,H+T-LR,,4U1323-619,96405-01-05-03,NS,0.013210821161176223,0.013210821161176237,0.5,NS,H+T-LR
S1-HF,H+T-LR,,MXB1658-298,50410-01-05-00,NS,0.005171318615116993,0.0051713186151170105,0.5,NS,H+T-LR
S1-HF,H+T-LR,,4U1702-429,50029-27-01-000,NS,0.11836483217791788,0.11836483217791789,0.5,NS,H+T-LR
S1-HF,H+T-LR,,4U1702-429,50030-01-04-00,NS,0.10553582298507908,0.10553582298507908,0.5,NS,H+T-LR
S1-HF,H+T-LR,,4U1702-429,50030-01-09-03,NS,0.05282262626557693,0.05282262626557695,0.5,NS,H+T-LR
S1-HF,H+T-LR,,4U1702-429,80033-01-01-01,NS,0.0571183688670624,0.057118368867062404,0.5,NS,H+T-LR
S1-HF,H+T-LR,,4U1702-429,80033-01-18-02,NS,0.026265405995429758,0.026265405995429772,0.5,NS,H+T-LR
S1-HF,H+T-LR,,4U1702-429,80033-01-21-03,NS,0.032431939909963736,0.03243193990996372,0.5,NS,H+T-LR
S1-HF,H+T-LR,,4U1705-44,91039-01-01-61,NS,0.03096626612220843,0.030966266122208437,0.5,NS,H+T-LR
S1-HF,H+T-LR,,4U1705-44,93060-01-05-00,NS,0.09268010296814122,0.09268010296814119,0.5,NS,H+T-LR
S1-HF,H+T-LR,,4U1705-44,95060-01-35-00,NS,0.013544733506423434,0.01354473350642345,0.5,NS,H+T-LR
S1-HF,H+T-LR,,4U1724-307,60034-02-01-01,NS,0.6159537079627372,0.6159537079627372,0.5,BH,H+T-LR
S1-HF,H+T-LR,,4U1724-307,60034-02-02-02,NS,0.5090257387633866,0.5090257387633866,0.5,BH,H+T-LR
S1-HF,H+T-LR,,4U1724-307,60034-02-03-10,NS,0.435679513995012,0.435679513995012,0.5,NS,H+T-LR
S1-HF,H+T-LR,,4U1724-307,60034-02-05-01,NS,0.621298586674398,0.621298586674398,0.5,BH,H+T-LR
S1-HF,H+T-LR,,4U1724-307,93044-06-04-00,NS,0.0062912611295382614,0.006291261129538256,0.5,NS,H+T-LR
S1-HF,H+T-LR,,4U1724-307,93044-06-07-00,NS,0.12776229934579864,0.12776229934579866,0.5,NS,H+T-LR
S1-HF,H+T-LR,,4U1724-307,93438-01-02-03,NS,0.26203676503543105,0.26203676503543105,0.5,NS,H+T-LR
S1-HF,H+T-LR,,4U1724-307,93438-01-04-00,NS,0.26121974532441516,0.26121974532441516,0.5,NS,H+T-LR
S1-HF,H+T-LR,,4U1724-307,93438-01-07-01,NS,0.60649622903315,0.60649622903315,0.5,BH,H+T-LR
S1-HF,H+T-LR,,KS1731-260,50031-02-01-09,NS,0.03511741301111099,0.035117413011111,0.5,NS,H+T-LR
S1-HF,H+T-LR,,KS1731-260,50031-02-01-12,NS,0.037166197146951296,0.037166197146951296,0.5,NS,H+T-LR
S1-HF,H+T-LR,,KS1731-260,50031-02-01-02,NS,0.025901378347381043,0.025901378347381068,0.5,NS,H+T-LR
S1-HF,H+T-LR,,KS1731-260,50031-02-01-05,NS,0.034620043311460624,0.03462004331146064,0.5,NS,H+T-LR
S1-HF,H+T-LR,,KS1731-260,50031-02-01-08,NS,0.03518719291087585,0.035187192910875874,0.5,NS,H+T-LR
S1-HF,H+T-LR,,KS1731-260,50031-02-02-06,NS,0.06391151065560252,0.06391151065560254,0.5,NS,H+T-LR
S1-HF,H+T-LR,,KS1731-260,50031-02-02-02,NS,0.06295648682874389,0.06295648682874386,0.5,NS,H+T-LR
S1-HF,H+T-LR,,KS1731-260,50031-02-02-03,NS,0.01753601177542702,0.01753601177542704,0.5,NS,H+T-LR
S1-HF,H+T-LR,,KS1731-260,50031-02-02-080,NS,0.051588770430185726,0.0515887704301857,0.5,NS,H+T-LR
S1-HF,H+T-LR,,KS1731-260,50031-02-03-04,NS,0.0915823507952489,0.09158235079524893,0.5,NS,H+T-LR
S1-HF,H+T-LR,,SLX1735-269,60034-01-01-00,NS,0.10241443159192248,0.1024144315919225,0.5,NS,H+T-LR
S1-HF,H+T-LR,,SLX1735-269,60034-01-02-02,NS,0.08897200521860732,0.0889720052186073,0.5,NS,H+T-LR
S1-HF,H+T-LR,,SLX1735-269,80138-03-02-00,NS,0.08850432121925134,0.08850432121925132,0.5,NS,H+T-LR
S1-HF,H+T-LR,,SLX1735-269,96429-01-02-02,NS,0.9941790701721172,0.9941790701721172,0.5,BH,H+T-LR
S1-HF,H+T-LR,,SLX1735-269,96429-01-06-01,NS,0.9897188855222308,0.9897188855222308,0.5,BH,H+T-LR
S1-HF,H+T-LR,,SLX1735-269,96429-01-08-03,NS,0.9593964256116297,0.9593964256116297,0.5,BH,H+T-LR
S1-HF,H+T-LR,,SAXJ1808.4-3658,70080-01-02-04,NS,0.07752781240008777,0.0775278124000878,0.5,NS,H+T-LR
S1-HF,H+T-LR,,SAXJ1808.4-3658,70080-01-02-22,NS,0.1357050655407701,0.13570506554077014,0.5,NS,H+T-LR
S1-HF,H+T-LR,,SAXJ1808.4-3658,70080-01-03-010,NS,0.15377128842472193,0.15377128842472193,0.5,NS,H+T-LR
S1-HF,H+T-LR,,SAXJ1808.4-3658,70080-02-01-03,NS,0.9924228032609934,0.9924228032609934,0.5,BH,H+T-LR
S1-HF,H+T-LR,,SAXJ1808.4-3658,70080-02-02-35,NS,0.11353154673726706,0.11353154673726704,0.5,NS,H+T-LR
S1-HF,H+T-LR,,SAXJ1808.4-3658,70080-03-13-00,NS,0.9907724139323645,0.9907724139323645,0.5,BH,H+T-LR
S1-HF,H+T-LR,,SAXJ1808.4-3658,70080-03-20-13,NS,0.7021349564021023,0.7021349564021023,0.5,BH,H+T-LR
S1-HF,H+T-LR,,SAXJ1808.4-3658,70080-03-22-00,NS,0.025581956741377754,0.025581956741377743,0.5,NS,H+T-LR
S1-HF,H+T-LR,,SAXJ1808.4-3658,96027-01-01-00,NS,0.06816557898327325,0.06816557898327325,0.5,NS,H+T-LR
S1-HF,H+T-LR,,SAXJ1808.4-3658,96027-01-02-00,NS,0.04428219969707414,0.04428219969707416,0.5,NS,H+T-LR
S1-HF,H+T-LR,,XTEJ1814-338,80145-02-01-01,NS,0.034229180054361985,0.034229180054361964,0.5,NS,H+T-LR
S1-HF,H+T-LR,,XTEJ1814-338,80418-01-01-07,NS,0.026082892793928114,0.026082892793928128,0.5,NS,H+T-LR
S1-HF,H+T-LR,,XTEJ1814-338,80418-01-02-00,NS,0.029884166913419052,0.029884166913419063,0.5,NS,H+T-LR
S1-HF,H+T-LR,,XTEJ1814-338,80418-01-02-08,NS,0.031799338210941774,0.031799338210941774,0.5,NS,H+T-LR
S1-HF,H+T-LR,,XTEJ1814-338,80418-01-02-05,NS,0.05008890117487713,0.05008890117487713,0.5,NS,H+T-LR
S1-HF,H+T-LR,,XTEJ1814-338,80418-01-03-02,NS,0.0673785336561501,0.06737853365615011,0.5,NS,H+T-LR
S1-HF,H+T-LR,,XTEJ1814-338,80418-01-03-08,NS,0.06225057779767462,0.06225057779767461,0.5,NS,H+T-LR
S1-HF,H+T-LR,,XTEJ1814-338,80418-01-04-03,NS,0.03150523364521107,0.03150523364521109,0.5,NS,H+T-LR
S1-HF,H+T-LR,,XTEJ1814-338,80418-01-05-00,NS,0.0630850712667903,0.06308507126679032,0.5,NS,H+T-LR
S1-HF,H+T-LR,,XTEJ1814-338,80418-01-06-00,NS,0.07885989999295201,0.078859899992952,0.5,NS,H+T-LR
S1-HF,H+T-LR,,XTEJ1814-338,80418-01-06-02,NS,0.43435677716508814,0.43435677716508814,0.5,NS,H+T-LR
S1-HF,H+T-LR,,4U1820-30,94090-01-02-01,NS,0.003332491289447015,0.003332491289447005,0.5,NS,H+T-LR
S1-HF,H+T-LR,,GS1826-238,50035-01-02-00,NS,0.04999072704430596,0.04999072704430598,0.5,NS,H+T-LR
S1-HF,H+T-LR,,GS1826-238,50035-01-03-02,NS,0.07486155145203882,0.07486155145203884,0.5,NS,H+T-LR
S1-HF,H+T-LR,,GS1826-238,50035-01-03-04,NS,0.07499448937642228,0.07499448937642225,0.5,NS,H+T-LR
S1-HF,H+T-LR,,GS1826-238,50035-01-03-090,NS,0.08836631073074253,0.08836631073074254,0.5,NS,H+T-LR
S1-HF,H+T-LR,,GS1826-238,80048-01-01-09,NS,0.010043789571972161,0.010043789571972168,0.5,NS,H+T-LR
S1-HF,H+T-LR,,GS1826-238,80048-01-01-14,NS,0.009880588720907635,0.009880588720907656,0.5,NS,H+T-LR
S1-HF,H+T-LR,,GS1826-238,80049-01-01-00,NS,0.0471265980910448,0.04712659809104479,0.5,NS,H+T-LR
S1-HF,H+T-LR,,GS1826-238,90043-01-01-02,NS,0.025494882476564784,0.025494882476564798,0.5,NS,H+T-LR
S1-HF,H+T-LR,,GS1826-238,70044-01-03-00,NS,0.05992298237425425,0.05992298237425423,0.5,NS,H+T-LR
S1-HF,H+T-LR,,GS1826-238,92703-01-04-02,NS,0.02615553456802089,0.026155534568020913,0.5,NS,H+T-LR
S1-HF,H+T-LR,,GS1826-238,70044-01-04-00,NS,0.032342707390406955,0.032342707390406934,0.5,NS,H+T-LR
S1-HF,H+T-LR,,GS1826-238,91017-01-02-05,NS,0.03734631879584882,0.03734631879584885,0.5,NS,H+T-LR
S1-HF,H+T-LR,,GS1826-238,91017-01-02-03,NS,0.030373596819247506,0.03037359681924749,0.5,NS,H+T-LR
S1-HF,H+T-LR,,GS1826-238,91017-01-02-10,NS,0.020853317252750525,0.020853317252750518,0.5,NS,H+T-LR
S1-HF,H+T-LR,,GS1826-238,96306-01-01-01,NS,0.028047621708279236,0.028047621708279236,0.5,NS,H+T-LR
S1-HF,H+T-LR,,HETEJ1900.1-245,91015-01-07-00,NS,0.15384360980082445,0.15384360980082448,0.5,NS,H+T-LR
S1-HF,H+T-LR,,HETEJ1900.1-245,91059-03-03-00,NS,0.43340494853698613,0.43340494853698613,0.5,NS,H+T-LR
S1-HF,H+T-LR,,HETEJ1900.1-245,91057-01-07-04,NS,0.5838324390399404,0.5838324390399404,0.5,BH,H+T-LR
S1-HF,H+T-LR,,HETEJ1900.1-245,92049-01-05-00,NS,0.5544495187969387,0.5544495187969387,0.5,BH,H+T-LR
S1-HF,H+T-LR,,HETEJ1900.1-245,92049-01-07-00,NS,0.04741060075699466,0.04741060075699465,0.5,NS,H+T-LR
S1-HF,H+T-LR,,HETEJ1900.1-245,92049-01-40-00,NS,0.31310889210899245,0.31310889210899245,0.5,NS,H+T-LR
S1-HF,H+T-LR,,HETEJ1900.1-245,93030-01-47-00,NS,0.3009000473594764,0.3009000473594764,0.5,NS,H+T-LR
S1-HF,H+T-LR,,HETEJ1900.1-245,94030-01-05-00,NS,0.40979236670559943,0.40979236670559943,0.5,NS,H+T-LR
S1-HF,H+T-LR,,HETEJ1900.1-245,94030-01-36-00,NS,0.34638619385238223,0.34638619385238223,0.5,NS,H+T-LR
S1-HF,H+T-LR,,HETEJ1900.1-245,96030-01-01-01,NS,0.2760671239566406,0.2760671239566406,0.5,NS,H+T-LR
S1-HF,H+T-LR,,HETEJ1900.1-245,96030-01-25-00,NS,0.4117204223803723,0.4117204223803723,0.5,NS,H+T-LR
S1-HF,H+T+HF-LR,,GROJ1655-40,90428-01-01-07,BH,0.548043252820998,0.548043252820998,0.5,BH,H+T+HF-LR
S1-HF,H+T+HF-LR,,XTEJ1550-564,50135-01-08-00,BH,0.6678746964087471,0.6678746964087471,0.5,BH,H+T+HF-LR
S1-HF,H+T+HF-LR,,XTEJ1550-564,50135-01-15-00,BH,0.9410530051411106,0.9410530051411106,0.5,BH,H+T+HF-LR
S1-HF,H+T+HF-LR,,XTEJ1550-564,50135-01-19-00,BH,0.7586584981673956,0.7586584981673956,0.5,BH,H+T+HF-LR
S1-HF,H+T+HF-LR,,XTEJ1550-564,50135-01-23-00,BH,0.258044503231363,0.258044503231363,0.5,NS,H+T+HF-LR
S1-HF,H+T+HF-LR,,XTEJ1550-564,50137-02-09-00,BH,0.990218538616916,0.990218538616916,0.5,BH,H+T+HF-LR
S1-HF,H+T+HF-LR,,XTEJ1550-564,60428-01-03-00,BH,0.9909241287702293,0.9909241287702293,0.5,BH,H+T+HF-LR
S1-HF,H+T+HF-LR,,XTEJ1550-564,60428-01-05-00,BH,0.9897043863971655,0.9897043863971655,0.5,BH,H+T+HF-LR
S1-HF,H+T+HF-LR,,XTEJ1550-564,60428-01-09-00,BH,0.9946107292640219,0.9946107292640219,0.5,BH,H+T+HF-LR
S1-HF,H+T+HF-LR,,XTEJ1550-564,60428-01-15-00,BH,0.9995042278961255,0.9995042278961255,0.5,BH,H+T+HF-LR
S1-HF,H+T+HF-LR,,XTEJ1550-564,80135-01-02-01,BH,0.9986825107604365,0.9986825107604365,0.5,BH,H+T+HF-LR
S1-HF,H+T+HF-LR,,XTEJ1550-564,80135-01-03-10,BH,0.9977569368369247,0.9977569368369247,0.5,BH,H+T+HF-LR
S1-HF,H+T+HF-LR,,XTEJ1550-564,80135-01-04-02,BH,0.9985768422419562,0.9985768422419562,0.5,BH,H+T+HF-LR
S1-HF,H+T+HF-LR,,XTEJ1550-564,80135-01-05-10,BH,0.996365137527952,0.996365137527952,0.5,BH,H+T+HF-LR
S1-HF,H+T+HF-LR,,4U1543-47,70128-01-01-01,BH,0.8882563127514541,0.8882563127514541,0.5,BH,H+T+HF-LR
S1-HF,H+T+HF-LR,,4U1543-47,70124-02-09-00,BH,0.9249329446310122,0.9249329446310122,0.5,BH,H+T+HF-LR
S1-HF,H+T+HF-LR,,4U1543-47,70124-02-10-00,BH,0.7336460074577769,0.7336460074577769,0.5,BH,H+T+HF-LR
S1-HF,H+T+HF-LR,,4U1543-47,70124-02-14-00,BH,0.6428019131167053,0.6428019131167053,0.5,BH,H+T+HF-LR
S1-HF,H+T+HF-LR,,GX339-4,80132-01-22-00,BH,0.9971130015011274,0.9971130015011274,0.5,BH,H+T+HF-LR
S1-HF,H+T+HF-LR,,GX339-4,92034-08-01-00,BH,0.9999462578214505,0.9999462578214505,0.5,BH,H+T+HF-LR
S1-HF,H+T+HF-LR,,GX339-4,92035-01-03-03,BH,0.6206053684681093,0.6206053684681093,0.5,BH,H+T+HF-LR
S1-HF,H+T+HF-LR,,GX339-4,92704-03-13-00,BH,0.6739401105266054,0.6739401105266054,0.5,BH,H+T+HF-LR
S1-HF,H+T+HF-LR,,GX339-4,92704-03-22-00,BH,0.9225917964260008,0.9225917964260008,0.5,BH,H+T+HF-LR
S1-HF,H+T+HF-LR,,GX339-4,92704-03-45-01,BH,0.999759912175267,0.999759912175267,0.5,BH,H+T+HF-LR
S1-HF,H+T+HF-LR,,XTEJ1650-500,60113-01-06-00,BH,0.288548892977319,0.288548892977319,0.5,NS,H+T+HF-LR
S1-HF,H+T+HF-LR,,XTEJ1650-500,60113-01-09-00,BH,0.37467609064849317,0.37467609064849317,0.5,NS,H+T+HF-LR
S1-HF,H+T+HF-LR,,XTEJ1650-500,60113-01-11-01,BH,0.4065343394946576,0.4065343394946576,0.5,NS,H+T+HF-LR
S1-HF,H+T+HF-LR,,XTEJ1650-500,60118-02-14-00,BH,0.39599130445241276,0.39599130445241276,0.5,NS,H+T+HF-LR
S1-HF,H+T+HF-LR,,XTEJ1650-500,60118-02-20-00,BH,0.8986433755150306,0.8986433755150306,0.5,BH,H+T+HF-LR
S1-HF,H+T+HF-LR,,XTEJ1650-500,60118-02-28-00,BH,0.9865940688189286,0.9865940688189286,0.5,BH,H+T+HF-LR
S1-HF,H+T+HF-LR,,XTEJ1650-500,70124-01-02-00,BH,0.9951058773674076,0.9951058773674076,0.5,BH,H+T+HF-LR
S1-HF,H+T+HF-LR,,XTEJ1118+480,50407-01-07-01,BH,0.9798006004033932,0.9798006004033932,0.5,BH,H+T+HF-LR
S1-HF,H+T+HF-LR,,XTEJ1118+480,50407-01-09-00,BH,0.9767929821942737,0.9767929821942737,0.5,BH,H+T+HF-LR
S1-HF,H+T+HF-LR,,XTEJ1118+480,50407-01-10-01,BH,0.9852928393413678,0.9852928393413678,0.5,BH,H+T+HF-LR
S1-HF,H+T+HF-LR,,XTEJ1118+480,50407-01-13-02,BH,0.9525426368804055,0.9525426368804055,0.5,BH,H+T+HF-LR
S1-HF,H+T+HF-LR,,XTEJ1118+480,50407-01-14-02,BH,0.691604341515736,0.691604341515736,0.5,BH,H+T+HF-LR
S1-HF,H+T+HF-LR,,XTEJ1118+480,50407-01-16-00,BH,0.381482442666336,0.381482442666336,0.5,NS,H+T+HF-LR
S1-HF,H+T+HF-LR,,4U1636-53,94087-01-16-00,NS,0.016219993302544256,0.01621999330254426,0.5,NS,H+T+HF-LR
S1-HF,H+T+HF-LR,,4U1608-52,70069-01-04-03,NS,0.06562986788352965,0.06562986788352967,0.5,NS,H+T+HF-LR
S1-HF,H+T+HF-LR,,4U1608-52,90408-01-03-03,NS,0.106669965435359,0.10666996543535903,0.5,NS,H+T+HF-LR
S1-HF,H+T+HF-LR,,4U1608-52,93408-01-14-00,NS,0.22801739570806245,0.22801739570806245,0.5,NS,H+T+HF-LR
S1-HF,H+T+HF-LR,,4U1608-52,93408-01-27-03,NS,0.2942832805841671,0.2942832805841671,0.5,NS,H+T+HF-LR
S1-HF,H+T+HF-LR,,4U1728-34,50030-03-05-03,NS,0.020290650949593148,0.02029065094959312,0.5,NS,H+T+HF-LR
S1-HF,H+T+HF-LR,,4U1728-34,92023-03-44-00,NS,0.009664732991409797,0.009664732991409804,0.5,NS,H+T+HF-LR
S1-HF,H+T+HF-LR,,4U1728-34,92023-03-49-00,NS,0.008813892170957793,0.0088138921709578,0.5,NS,H+T+HF-LR
S1-HF,H+T+HF-LR,,4U1728-34,92023-03-70-00,NS,0.002828561314782596,0.0028285613147825935,0.5,NS,H+T+HF-LR
S1-HF,H+T+HF-LR,,AQLX1,80403-01-03-00,NS,0.13839517907500037,0.13839517907500037,0.5,NS,H+T+HF-LR
S1-HF,H+T+HF-LR,,AQLX1,91028-01-29-00,NS,0.22971241933006314,0.22971241933006312,0.5,NS,H+T+HF-LR
S1-HF,H+T+HF-LR,,AQLX1,92438-01-02-02,NS,0.6557741896842482,0.6557741896842482,0.5,BH,H+T+HF-LR
S1-HF,H+T+HF-LR,,AQLX1,94076-01-03-04,NS,0.32700039457385616,0.32700039457385616,0.5,NS,H+T+HF-LR
S1-HF,H+T+HF-LR,,EXO0748-676,60042-03-01-00,NS,0.00195866616409901,0.0019586661640990147,0.5,NS,H+T+HF-LR
S1-HF,H+T+HF-LR,,EXO0748-676,92019-01-06-03,NS,0.008251443781870926,0.00825144378187094,0.5,NS,H+T+HF-LR
S1-HF,H+T+HF-LR,,EXO0748-676,92019-01-26-01,NS,0.00303522720204219,0.003035227202042194,0.5,NS,H+T+HF-LR
S1-HF,H+T+HF-LR,,4U1323-619,90062-03-01-02,NS,0.028688821991504243,0.028688821991504215,0.5,NS,H+T+HF-LR
S1-HF,H+T+HF-LR,,4U1323-619,90062-03-01-01,NS,0.046860546585886564,0.046860546585886585,0.5,NS,H+T+HF-LR
S1-HF,H+T+HF-LR,,4U1323-619,95442-01-01-01,NS,0.00494988183259959,0.00494988183259958,0.5,NS,H+T+HF-LR
S1-HF,H+T+HF-LR,,4U1323-619,95442-01-01-02,NS,0.034189716411244686,0.034189716411244665,0.5,NS,H+T+HF-LR
S1-HF,H+T+HF-LR,,4U1323-619,96405-01-01-00,NS,0.001438466935925975,0.0014384669359259604,0.5,NS,H+T+HF-LR
S1-HF,H+T+HF-LR,,4U1323-619,96405-01-01-01,NS,0.0002230762238618622,0.00022307622386187354,0.5,NS,H+T+HF-LR
S1-HF,H+T+HF-LR,,4U1323-619,96405-01-02-00,NS,0.004941152991970732,0.004941152991970744,0.5,NS,H+T+HF-LR
S1-HF,H+T+HF-LR,,4U1323-619,96405-01-04-00,NS,0.026728339993367045,0.02672833999336703,0.5,NS,H+T+HF-LR
S1-HF,H+T+HF-LR,,4U1323-619,96405-01-05-00,NS,0.007914116725452724,0.007914116725452704,0.5,NS,H+T+HF-LR
S1-HF,H+T+HF-LR,,4U1323-619,96405-01-05-01,NS,0.038903897642322494,0.03890389764232249,0.5,NS,H+T+HF-LR
S1-HF,H+T+HF-LR,,4U1323-619,96405-01-05-02,NS,0.016773301446628475,0.016773301446628478,0.5,NS,H+T+HF-LR
S1-HF,H+T+HF-LR,,4U1323-619,96405-01-05-03,NS,0.016063103066314754,0.01606310306631477,0.5,NS,H+T+HF-LR
S1-HF,H+T+HF-LR,,MXB1658-298,50410-01-05-00,NS,0.006194937791264399,0.006194937791264407,0.5,NS,H+T+HF-LR
S1-HF,H+T+HF-LR,,4U1702-429,50029-27-01-000,NS,0.11400917503057917,0.11400917503057917,0.5,NS,H+T+HF-LR
S1-HF,H+T+HF-LR,,4U1702-429,50030-01-04-00,NS,0.10849745599252014,0.10849745599252011,0.5,NS,H+T+HF-LR
S1-HF,H+T+HF-LR,,4U1702-429,50030-01-09-03,NS,0.043831279087408304,0.04383127908740832,0.5,NS,H+T+HF-LR
S1-HF,H+T+HF-LR,,4U1702-429,80033-01-01-01,NS,0.0536330010937347,0.053633001093734686,0.5,NS,H+T+HF-LR
S1-HF,H+T+HF-LR,,4U1702-429,80033-01-18-02,NS,0.02257341848970973,0.02257341848970971,0.5,NS,H+T+HF-LR
S1-HF,H+T+HF-LR,,4U1702-429,80033-01-21-03,NS,0.025246399360158045,0.02524639936015807,0.5,NS,H+T+HF-LR
S1-HF,H+T+HF-LR,,4U1705-44,91039-01-01-61,NS,0.03150006201063338,0.03150006201063335,0.5,NS,H+T+HF-LR
S1-HF,H+T+HF-LR,,4U1705-44,93060-01-05-00,NS,0.0800720074042256,0.08007200740422563,0.5,NS,H+T+HF-LR
S1-HF,H+T+HF-LR,,4U1705-44,95060-01-35-00,NS,0.009880996783830143,0.009880996783830129,0.5,NS,H+T+HF-LR
S1-HF,H+T+HF-LR,,4U1724-307,60034-02-01-01,NS,0.6485415301762317,0.6485415301762317,0.5,BH,H+T+HF-LR
S1-HF,H+T+HF-LR,,4U1724-307,60034-02-02-02,NS,0.5549227281947694,0.5549227281947694,0.5,BH,H+T+HF-LR
S1-HF,H+T+HF-LR,,4U1724-307,60034-02-03-10,NS,0.5769676381126865,0.5769676381126865,0.5,BH,H+T+HF-LR
S1-HF,H+T+HF-LR,,4U1724-307,60034-02-05-01,NS,0.6441188147626116,0.6441188147626116,0.5,BH,H+T+HF-LR
S1-HF,H+T+HF-LR,,4U1724-307,93044-06-04-00,NS,0.003496065265180537,0.003496065265180528,0.5,NS,H+T+HF-LR
S1-HF,H+T+HF-LR,,4U1724-307,93044-06-07-00,NS,0.13240969135268366,0.13240969135268363,0.5,NS,H+T+HF-LR
S1-HF,H+T+HF-LR,,4U1724-307,93438-01-02-03,NS,0.1928395306992809,0.1928395306992809,0.5,NS,H+T+HF-LR
S1-HF,H+T+HF-LR,,4U1724-307,93438-01-04-00,NS,0.2413870783896141,0.2413870783896141,0.5,NS,H+T+HF-LR
S1-HF,H+T+HF-LR,,4U1724-307,93438-01-07-01,NS,0.7510732468112123,0.7510732468112123,0.5,BH,H+T+HF-LR
S1-HF,H+T+HF-LR,,KS1731-260,50031-02-01-09,NS,0.031219410505373524,0.0312194105053735,0.5,NS,H+T+HF-LR
S1-HF,H+T+HF-LR,,KS1731-260,50031-02-01-12,NS,0.03817968425319651,0.0381796842531965,0.5,NS,H+T+HF-LR
S1-HF,H+T+HF-LR,,KS1731-260,50031-02-01-02,NS,0.023788455696964084,0.02378845569696409,0.5,NS,H+T+HF-LR
S1-HF,H+T+HF-LR,,KS1731-260,50031-02-01-05,NS,0.03346595083709808,0.0334659508370981,0.5,NS,H+T+HF-LR
S1-HF,H+T+HF-LR,,KS1731-260,50031-02-01-08,NS,0.03350870121527261,0.03350870121527259,0.5,NS,H+T+HF-LR
S1-HF,H+T+HF-LR,,KS1731-260,50031-02-02-06,NS,0.06786683880939859,0.0678668388093986,0.5,NS,H+T+HF-LR
S1-HF,H+T+HF-LR,,KS1731-260,50031-02-02-02,NS,0.06640086346831342,0.06640086346831343,0.5,NS,H+T+HF-LR
S1-HF,H+T+HF-LR,,KS1731-260,50031-02-02-03,NS,0.019223400086246623,0.01922340008624662,0.5,NS,H+T+HF-LR
S1-HF,H+T+HF-LR,,KS1731-260,50031-02-02-080,NS,0.051952530319376466,0.051952530319376466,0.5,NS,H+T+HF-LR
S1-HF,H+T+HF-LR,,KS1731-260,50031-02-03-04,NS,0.08917553291149727,0.0891755329114973,0.5,NS,H+T+HF-LR
S1-HF,H+T+HF-LR,,SLX1735-269,60034-01-01-00,NS,0.14417687770657361,0.14417687770657364,0.5,NS,H+T+HF-LR
S1-HF,H+T+HF-LR,,SLX1735-269,60034-01-02-02,NS,0.13838552163673323,0.13838552163673323,0.5,NS,H+T+HF-LR
S1-HF,H+T+HF-LR,,SLX1735-269,80138-03-02-00,NS,0.17433008324159083,0.17433008324159083,0.5,NS,H+T+HF-LR
S1-HF,H+T+HF-LR,,SLX1735-269,96429-01-02-02,NS,0.9979601255268256,0.9979601255268256,0.5,BH,H+T+HF-LR
S1-HF,H+T+HF-LR,,SLX1735-269,96429-01-06-01,NS,0.9805354268761826,0.9805354268761826,0.5,BH,H+T+HF-LR
S1-HF,H+T+HF-LR,,SLX1735-269,96429-01-08-03,NS,0.9938721621979297,0.9938721621979297,0.5,BH,H+T+HF-LR
S1-HF,H+T+HF-LR,,SAXJ1808.4-3658,70080-01-02-04,NS,0.0800188172311479,0.08001881723114787,0.5,NS,H+T+HF-LR
S1-HF,H+T+HF-LR,,SAXJ1808.4-3658,70080-01-02-22,NS,0.16178801313707436,0.1617880131370744,0.5,NS,H+T+HF-LR
S1-HF,H+T+HF-LR,,SAXJ1808.4-3658,70080-01-03-010,NS,0.183505956571812,0.18350595657181198,0.5,NS,H+T+HF-LR
S1-HF,H+T+HF-LR,,SAXJ1808.4-3658,70080-02-01-03,NS,0.9991904178567361,0.9991904178567361,0.5,BH,H+T+HF-LR
S1-HF,H+T+HF-LR,,SAXJ1808.4-3658,70080-02-02-35,NS,0.15505426018348367,0.15505426018348364,0.5,NS,H+T+HF-LR
S1-HF,H+T+HF-LR,,SAXJ1808.4-3658,70080-03-13-00,NS,0.99937098060311,0.99937098060311,0.5,BH,H+T+HF-LR
S1-HF,H+T+HF-LR,,SAXJ1808.4-3658,70080-03-20-13,NS,0.8548413509929125,0.8548413509929125,0.5,BH,H+T+HF-LR
S1-HF,H+T+HF-LR,,SAXJ1808.4-3658,70080-03-22-00,NS,0.004578292023800612,0.004578292023800587,0.5,NS,H+T+HF-LR
S1-HF,H+T+HF-LR,,SAXJ1808.4-3658,96027-01-01-00,NS,0.07030559720404439,0.0703055972040444,0.5,NS,H+T+HF-LR
S1-HF,H+T+HF-LR,,SAXJ1808.4-3658,96027-01-02-00,NS,0.06018973968725677,0.06018973968725678,0.5,NS,H+T+HF-LR
S1-HF,H+T+HF-LR,,XTEJ1814-338,80145-02-01-01,NS,0.03055881365082863,0.03055881365082862,0.5,NS,H+T+HF-LR
S1-HF,H+T+HF-LR,,XTEJ1814-338,80418-01-01-07,NS,0.028360943622682155,0.02836094362268214,0.5,NS,H+T+HF-LR
S1-HF,H+T+HF-LR,,XTEJ1814-338,80418-01-02-00,NS,0.03766064278043346,0.03766064278043347,0.5,NS,H+T+HF-LR
S1-HF,H+T+HF-LR,,XTEJ1814-338,80418-01-02-08,NS,0.036892158821020316,0.036892158821020336,0.5,NS,H+T+HF-LR
S1-HF,H+T+HF-LR,,XTEJ1814-338,80418-01-02-05,NS,0.062428366637277966,0.062428366637277945,0.5,NS,H+T+HF-LR
S1-HF,H+T+HF-LR,,XTEJ1814-338,80418-01-03-02,NS,0.07466874247974553,0.07466874247974555,0.5,NS,H+T+HF-LR
S1-HF,H+T+HF-LR,,XTEJ1814-338,80418-01-03-08,NS,0.10684296436410928,0.10684296436410928,0.5,NS,H+T+HF-LR
S1-HF,H+T+HF-LR,,XTEJ1814-338,80418-01-04-03,NS,0.03498958558407589,0.034989585584075895,0.5,NS,H+T+HF-LR
S1-HF,H+T+HF-LR,,XTEJ1814-338,80418-01-05-00,NS,0.12795706164281606,0.12795706164281606,0.5,NS,H+T+HF-LR
S1-HF,H+T+HF-LR,,XTEJ1814-338,80418-01-06-00,NS,0.19341291324909826,0.19341291324909826,0.5,NS,H+T+HF-LR
S1-HF,H+T+HF-LR,,XTEJ1814-338,80418-01-06-02,NS,0.48476213429326215,0.48476213429326215,0.5,NS,H+T+HF-LR
S1-HF,H+T+HF-LR,,4U1820-30,94090-01-02-01,NS,0.002515627508481444,0.002515627508481444,0.5,NS,H+T+HF-LR
S1-HF,H+T+HF-LR,,GS1826-238,50035-01-02-00,NS,0.047589545636496755,0.04758954563649675,0.5,NS,H+T+HF-LR
S1-HF,H+T+HF-LR,,GS1826-238,50035-01-03-02,NS,0.07959031321845245,0.07959031321845247,0.5,NS,H+T+HF-LR
S1-HF,H+T+HF-LR,,GS1826-238,50035-01-03-04,NS,0.06838421559813385,0.06838421559813385,0.5,NS,H+T+HF-LR
S1-HF,H+T+HF-LR,,GS1826-238,50035-01-03-090,NS,0.08428952160347819,0.08428952160347819,0.5,NS,H+T+HF-LR
S1-HF,H+T+HF-LR,,GS1826-238,80048-01-01-09,NS,0.00891789148221872,0.008917891482218727,0.5,NS,H+T+HF-LR
S1-HF,H+T+HF-LR,,GS1826-238,80048-01-01-14,NS,0.0073335794709167845,0.007333579470916802,0.5,NS,H+T+HF-LR
S1-HF,H+T+HF-LR,,GS1826-238,80049-01-01-00,NS,0.044498212630024125,0.04449821263002411,0.5,NS,H+T+HF-LR
S1-HF,H+T+HF-LR,,GS1826-238,90043-01-01-02,NS,0.021646609779700954,0.02164660977970097,0.5,NS,H+T+HF-LR
S1-HF,H+T+HF-LR,,GS1826-238,70044-01-03-00,NS,0.06346690375123476,0.06346690375123476,0.5,NS,H+T+HF-LR
S1-HF,H+T+HF-LR,,GS1826-238,92703-01-04-02,NS,0.0208372543693105,0.02083725436931048,0.5,NS,H+T+HF-LR
S1-HF,H+T+HF-LR,,GS1826-238,70044-01-04-00,NS,0.034469732733796166,0.03446973273379617,0.5,NS,H+T+HF-LR
S1-HF,H+T+HF-LR,,GS1826-238,91017-01-02-05,NS,0.04178592106523843,0.04178592106523843,0.5,NS,H+T+HF-LR
S1-HF,H+T+HF-LR,,GS1826-238,91017-01-02-03,NS,0.030993593932174435,0.03099359393217444,0.5,NS,H+T+HF-LR
S1-HF,H+T+HF-LR,,GS1826-238,91017-01-02-10,NS,0.018428818004734726,0.018428818004734723,0.5,NS,H+T+HF-LR
S1-HF,H+T+HF-LR,,GS1826-238,96306-01-01-01,NS,0.02706826093937431,0.02706826093937429,0.5,NS,H+T+HF-LR
S1-HF,H+T+HF-LR,,HETEJ1900.1-245,91015-01-07-00,NS,0.12101494476267799,0.121014944762678,0.5,NS,H+T+HF-LR
S1-HF,H+T+HF-LR,,HETEJ1900.1-245,91059-03-03-00,NS,0.44988435359845663,0.44988435359845663,0.5,NS,H+T+HF-LR
S1-HF,H+T+HF-LR,,HETEJ1900.1-245,91057-01-07-04,NS,0.5597126494742407,0.5597126494742407,0.5,BH,H+T+HF-LR
S1-HF,H+T+HF-LR,,HETEJ1900.1-245,92049-01-05-00,NS,0.5354846289774777,0.5354846289774777,0.5,BH,H+T+HF-LR
S1-HF,H+T+HF-LR,,HETEJ1900.1-245,92049-01-07-00,NS,0.041033218299620255,0.04103321829962023,0.5,NS,H+T+HF-LR
S1-HF,H+T+HF-LR,,HETEJ1900.1-245,92049-01-40-00,NS,0.29268489832224776,0.29268489832224776,0.5,NS,H+T+HF-LR
S1-HF,H+T+HF-LR,,HETEJ1900.1-245,93030-01-47-00,NS,0.29834891747791914,0.29834891747791914,0.5,NS,H+T+HF-LR
S1-HF,H+T+HF-LR,,HETEJ1900.1-245,94030-01-05-00,NS,0.3995736497679912,0.3995736497679912,0.5,NS,H+T+HF-LR
S1-HF,H+T+HF-LR,,HETEJ1900.1-245,94030-01-36-00,NS,0.32772287129023914,0.32772287129023914,0.5,NS,H+T+HF-LR
S1-HF,H+T+HF-LR,,HETEJ1900.1-245,96030-01-01-01,NS,0.22144713019675544,0.2214471301967554,0.5,NS,H+T+HF-LR
S1-HF,H+T+HF-LR,,HETEJ1900.1-245,96030-01-25-00,NS,0.42234903943833874,0.42234903943833874,0.5,NS,H+T+HF-LR
S1-HF,HF-LR,,GROJ1655-40,90428-01-01-07,BH,0.5059209227430373,0.5059209227430373,0.5,BH,HF-LR
S1-HF,HF-LR,,XTEJ1550-564,50135-01-08-00,BH,0.5084011653252177,0.5084011653252177,0.5,BH,HF-LR
S1-HF,HF-LR,,XTEJ1550-564,50135-01-15-00,BH,0.5061306209098427,0.5061306209098427,0.5,BH,HF-LR
S1-HF,HF-LR,,XTEJ1550-564,50135-01-19-00,BH,0.4257904303855979,0.4257904303855979,0.5,NS,HF-LR
S1-HF,HF-LR,,XTEJ1550-564,50135-01-23-00,BH,0.4416869812514873,0.4416869812514873,0.5,NS,HF-LR
S1-HF,HF-LR,,XTEJ1550-564,50137-02-09-00,BH,0.5211501049936587,0.5211501049936587,0.5,BH,HF-LR
S1-HF,HF-LR,,XTEJ1550-564,60428-01-03-00,BH,0.5208527895638668,0.5208527895638668,0.5,BH,HF-LR
S1-HF,HF-LR,,XTEJ1550-564,60428-01-05-00,BH,0.5063062036105528,0.5063062036105528,0.5,BH,HF-LR
S1-HF,HF-LR,,XTEJ1550-564,60428-01-09-00,BH,0.48544014060023993,0.48544014060023993,0.5,NS,HF-LR
S1-HF,HF-LR,,XTEJ1550-564,60428-01-15-00,BH,0.49340424803219285,0.49340424803219285,0.5,NS,HF-LR
S1-HF,HF-LR,,XTEJ1550-564,80135-01-02-01,BH,0.5272003716415042,0.5272003716415042,0.5,BH,HF-LR
S1-HF,HF-LR,,XTEJ1550-564,80135-01-03-10,BH,0.5244079011699477,0.5244079011699477,0.5,BH,HF-LR
S1-HF,HF-LR,,XTEJ1550-564,80135-01-04-02,BH,0.5161922676284063,0.5161922676284063,0.5,BH,HF-LR
S1-HF,HF-LR,,XTEJ1550-564,80135-01-05-10,BH,0.5215551179533391,0.5215551179533391,0.5,BH,HF-LR
S1-HF,HF-LR,,4U1543-47,70128-01-01-01,BH,0.45484999140709154,0.45484999140709154,0.5,NS,HF-LR
S1-HF,HF-LR,,4U1543-47,70124-02-09-00,BH,0.505847284315521,0.505847284315521,0.5,BH,HF-LR
S1-HF,HF-LR,,4U1543-47,70124-02-10-00,BH,0.34784750823235006,0.34784750823235006,0.5,NS,HF-LR
S1-HF,HF-LR,,4U1543-47,70124-02-14-00,BH,0.192195725053878,0.192195725053878,0.5,NS,HF-LR
S1-HF,HF-LR,,GX339-4,80132-01-22-00,BH,0.5303374645447425,0.5303374645447425,0.5,BH,HF-LR
S1-HF,HF-LR,,GX339-4,92034-08-01-00,BH,0.41935503353567416,0.41935503353567416,0.5,NS,HF-LR
S1-HF,HF-LR,,GX339-4,92035-01-03-03,BH,0.527709467021118,0.527709467021118,0.5,BH,HF-LR
S1-HF,HF-LR,,GX339-4,92704-03-13-00,BH,0.49807856525626226,0.49807856525626226,0.5,NS,HF-LR
S1-HF,HF-LR,,GX339-4,92704-03-22-00,BH,0.46687008723680024,0.46687008723680024,0.5,NS,HF-LR
S1-HF,HF-LR,,GX339-4,92704-03-45-01,BH,0.4296856942102944,0.4296856942102944,0.5,NS,HF-LR
S1-HF,HF-LR,,XTEJ1650-500,60113-01-06-00,BH,0.5225725337742175,0.5225725337742175,0.5,BH,HF-LR
S1-HF,HF-LR,,XTEJ1650-500,60113-01-09-00,BH,0.5235609169813363,0.5235609169813363,0.5,BH,HF-LR
S1-HF,HF-LR,,XTEJ1650-500,60113-01-11-01,BH,0.5228564315170061,0.5228564315170061,0.5,BH,HF-LR
S1-HF,HF-LR,,XTEJ1650-500,60118-02-14-00,BH,0.5172574467929798,0.5172574467929798,0.5,BH,HF-LR
S1-HF,HF-LR,,XTEJ1650-500,60118-02-20-00,BH,0.3666831900043245,0.3666831900043245,0.5,NS,HF-LR
S1-HF,HF-LR,,XTEJ1650-500,60118-02-28-00,BH,0.5251526891969824,0.5251526891969824,0.5,BH,HF-LR
S1-HF,HF-LR,,XTEJ1650-500,70124-01-02-00,BH,0.40450990031553186,0.40450990031553186,0.5,NS,HF-LR
S1-HF,HF-LR,,XTEJ1118+480,50407-01-07-01,BH,0.5072908721252883,0.5072908721252883,0.5,BH,HF-LR
S1-HF,HF-LR,,XTEJ1118+480,50407-01-09-00,BH,0.5280977053338981,0.5280977053338981,0.5,BH,HF-LR
S1-HF,HF-LR,,XTEJ1118+480,50407-01-10-01,BH,0.5130518329138495,0.5130518329138495,0.5,BH,HF-LR
S1-HF,HF-LR,,XTEJ1118+480,50407-01-13-02,BH,0.5238261158404757,0.5238261158404757,0.5,BH,HF-LR
S1-HF,HF-LR,,XTEJ1118+480,50407-01-14-02,BH,0.45850341226324787,0.45850341226324787,0.5,NS,HF-LR
S1-HF,HF-LR,,XTEJ1118+480,50407-01-16-00,BH,0.43936338186765356,0.43936338186765356,0.5,NS,HF-LR
S1-HF,HF-LR,,4U1636-53,94087-01-16-00,NS,0.49979170242974047,0.49979170242974047,0.5,NS,HF-LR
S1-HF,HF-LR,,4U1608-52,70069-01-04-03,NS,0.4908224585117011,0.4908224585117011,0.5,NS,HF-LR
S1-HF,HF-LR,,4U1608-52,90408-01-03-03,NS,0.5121924499656795,0.5121924499656795,0.5,BH,HF-LR
S1-HF,HF-LR,,4U1608-52,93408-01-14-00,NS,0.5084294005354731,0.5084294005354731,0.5,BH,HF-LR
S1-HF,HF-LR,,4U1608-52,93408-01-27-03,NS,0.5018233248855838,0.5018233248855838,0.5,BH,HF-LR
S1-HF,HF-LR,,4U1728-34,50030-03-05-03,NS,0.5044366899370057,0.5044366899370057,0.5,BH,HF-LR
S1-HF,HF-LR,,4U1728-34,92023-03-44-00,NS,0.504958328075197,0.504958328075197,0.5,BH,HF-LR
S1-HF,HF-LR,,4U1728-34,92023-03-49-00,NS,0.5147469990293937,0.5147469990293937,0.5,BH,HF-LR
S1-HF,HF-LR,,4U1728-34,92023-03-70-00,NS,0.5005145307224819,0.5005145307224819,0.5,BH,HF-LR
S1-HF,HF-LR,,AQLX1,80403-01-03-00,NS,0.5254631239621756,0.5254631239621756,0.5,BH,HF-LR
S1-HF,HF-LR,,AQLX1,91028-01-29-00,NS,0.49960705864313176,0.49960705864313176,0.5,NS,HF-LR
S1-HF,HF-LR,,AQLX1,92438-01-02-02,NS,0.5286666234458578,0.5286666234458578,0.5,BH,HF-LR
S1-HF,HF-LR,,AQLX1,94076-01-03-04,NS,0.5022334585936529,0.5022334585936529,0.5,BH,HF-LR
S1-HF,HF-LR,,EXO0748-676,60042-03-01-00,NS,0.5079935573420088,0.5079935573420088,0.5,BH,HF-LR
S1-HF,HF-LR,,EXO0748-676,92019-01-06-03,NS,0.5254457289848247,0.5254457289848247,0.5,BH,HF-LR
S1-HF,HF-LR,,EXO0748-676,92019-01-26-01,NS,0.5310064779715101,0.5310064779715101,0.5,BH,HF-LR
S1-HF,HF-LR,,4U1323-619,90062-03-01-02,NS,0.5656970647374804,0.5656970647374804,0.5,BH,HF-LR
S1-HF,HF-LR,,4U1323-619,90062-03-01-01,NS,0.5427405266721967,0.5427405266721967,0.5,BH,HF-LR
S1-HF,HF-LR,,4U1323-619,95442-01-01-01,NS,0.5302667129996297,0.5302667129996297,0.5,BH,HF-LR
S1-HF,HF-LR,,4U1323-619,95442-01-01-02,NS,0.874262246787348,0.874262246787348,0.5,BH,HF-LR
S1-HF,HF-LR,,4U1323-619,96405-01-01-00,NS,0.4606344539509216,0.4606344539509216,0.5,NS,HF-LR
S1-HF,HF-LR,,4U1323-619,96405-01-01-01,NS,0.5734075259078898,0.5734075259078898,0.5,BH,HF-LR
S1-HF,HF-LR,,4U1323-619,96405-01-02-00,NS,0.7402972638814099,0.7402972638814099,0.5,BH,HF-LR
S1-HF,HF-LR,,4U1323-619,96405-01-04-00,NS,0.7231499133779082,0.7231499133779082,0.5,BH,HF-LR
S1-HF,HF-LR,,4U1323-619,96405-01-05-00,NS,0.5969391792963785,0.5969391792963785,0.5,BH,HF-LR
S1-HF,HF-LR,,4U1323-619,96405-01-05-01,NS,0.6596277763820487,0.6596277763820487,0.5,BH,HF-LR
S1-HF,HF-LR,,4U1323-619,96405-01-05-02,NS,0.5622757410506029,0.5622757410506029,0.5,BH,HF-LR
S1-HF,HF-LR,,4U1323-619,96405-01-05-03,NS,0.6075449116100256,0.6075449116100256,0.5,BH,HF-LR
S1-HF,HF-LR,,MXB1658-298,50410-01-05-00,NS,0.5474550124679988,0.5474550124679988,0.5,BH,HF-LR
S1-HF,HF-LR,,4U1702-429,50029-27-01-000,NS,0.49905077190870156,0.49905077190870156,0.5,NS,HF-LR
S1-HF,HF-LR,,4U1702-429,50030-01-04-00,NS,0.503237470356744,0.503237470356744,0.5,BH,HF-LR
S1-HF,HF-LR,,4U1702-429,50030-01-09-03,NS,0.49358134032638185,0.49358134032638185,0.5,NS,HF-LR
S1-HF,HF-LR,,4U1702-429,80033-01-01-01,NS,0.5016805325761522,0.5016805325761522,0.5,BH,HF-LR
S1-HF,HF-LR,,4U1702-429,80033-01-18-02,NS,0.499215484670374,0.499215484670374,0.5,NS,HF-LR
S1-HF,HF-LR,,4U1702-429,80033-01-21-03,NS,0.49388843830099544,0.49388843830099544,0.5,NS,HF-LR
S1-HF,HF-LR,,4U1705-44,91039-01-01-61,NS,0.5081823259770647,0.5081823259770647,0.5,BH,HF-LR
S1-HF,HF-LR,,4U1705-44,93060-01-05-00,NS,0.501050613630101,0.501050613630101,0.5,BH,HF-LR
S1-HF,HF-LR,,4U1705-44,95060-01-35-00,NS,0.5006038997582029,0.5006038997582029,0.5,BH,HF-LR
S1-HF,HF-LR,,4U1724-307,60034-02-01-01,NS,0.5006941380231218,0.5006941380231218,0.5,BH,HF-LR
S1-HF,HF-LR,,4U1724-307,60034-02-02-02,NS,0.5100928334405254,0.5100928334405254,0.5,BH,HF-LR
S1-HF,HF-LR,,4U1724-307,60034-02-03-10,NS,0.5265671281542311,0.5265671281542311,0.5,BH,HF-LR
S1-HF,HF-LR,,4U1724-307,60034-02-05-01,NS,0.4971458622295434,0.4971458622295434,0.5,NS,HF-LR
S1-HF,HF-LR,,4U1724-307,93044-06-04-00,NS,0.5001980959636169,0.5001980959636169,0.5,BH,HF-LR
S1-HF,HF-LR,,4U1724-307,93044-06-07-00,NS,0.5077637429696976,0.5077637429696976,0.5,BH,HF-LR
S1-HF,HF-LR,,4U1724-307,93438-01-02-03,NS,0.5131982963565691,0.5131982963565691,0.5,BH,HF-LR
S1-HF,HF-LR,,4U1724-307,93438-01-04-00,NS,0.49634299805077087,0.49634299805077087,0.5,NS,HF-LR
S1-HF,HF-LR,,4U1724-307,93438-01-07-01,NS,0.5291767816432758,0.5291767816432758,0.5,BH,HF-LR
S1-HF,HF-LR,,KS1731-260,50031-02-01-09,NS,0.5047012447479102,0.5047012447479102,0.5,BH,HF-LR
S1-HF,HF-LR,,KS1731-260,50031-02-01-12,NS,0.5138450658899171,0.5138450658899171,0.5,BH,HF-LR
S1-HF,HF-LR,,KS1731-260,50031-02-01-02,NS,0.5084624129915597,0.5084624129915597,0.5,BH,HF-LR
S1-HF,HF-LR,,KS1731-260,50031-02-01-05,NS,0.510567983243921,0.510567983243921,0.5,BH,HF-LR
S1-HF,HF-LR,,KS1731-260,50031-02-01-08,NS,0.5107504392534277,0.5107504392534277,0.5,BH,HF-LR
S1-HF,HF-LR,,KS1731-260,50031-02-02-06,NS,0.5124531039281032,0.5124531039281032,0.5,BH,HF-LR
S1-HF,HF-LR,,KS1731-260,50031-02-02-02,NS,0.5151095031653627,0.5151095031653627,0.5,BH,HF-LR
S1-HF,HF-LR,,KS1731-260,50031-02-02-03,NS,0.5197979631746654,0.5197979631746654,0.5,BH,HF-LR
S1-HF,HF-LR,,KS1731-260,50031-02-02-080,NS,0.5107561527007638,0.5107561527007638,0.5,BH,HF-LR
S1-HF,HF-LR,,KS1731-260,50031-02-03-04,NS,0.48416276722349666,0.48416276722349666,0.5,NS,HF-LR
S1-HF,HF-LR,,SLX1735-269,60034-01-01-00,NS,0.5080002957899395,0.5080002957899395,0.5,BH,HF-LR
S1-HF,HF-LR,,SLX1735-269,60034-01-02-02,NS,0.5111440820042452,0.5111440820042452,0.5,BH,HF-LR
S1-HF,HF-LR,,SLX1735-269,80138-03-02-00,NS,0.5216943909107319,0.5216943909107319,0.5,BH,HF-LR
S1-HF,HF-LR,,SLX1735-269,96429-01-02-02,NS,0.5067211632258336,0.5067211632258336,0.5,BH,HF-LR
S1-HF,HF-LR,,SLX1735-269,96429-01-06-01,NS,0.4600655333110491,0.4600655333110491,0.5,NS,HF-LR
S1-HF,HF-LR,,SLX1735-269,96429-01-08-03,NS,0.560570374725361,0.560570374725361,0.5,BH,HF-LR
S1-HF,HF-LR,,SAXJ1808.4-3658,70080-01-02-04,NS,0.5164135456663086,0.5164135456663086,0.5,BH,HF-LR
S1-HF,HF-LR,,SAXJ1808.4-3658,70080-01-02-22,NS,0.5252349831590194,0.5252349831590194,0.5,BH,HF-LR
S1-HF,HF-LR,,SAXJ1808.4-3658,70080-01-03-010,NS,0.5186278584780928,0.5186278584780928,0.5,BH,HF-LR
S1-HF,HF-LR,,SAXJ1808.4-3658,70080-02-01-03,NS,0.49628471818206477,0.49628471818206477,0.5,NS,HF-LR
S1-HF,HF-LR,,SAXJ1808.4-3658,70080-02-02-35,NS,0.5614649892590109,0.5614649892590109,0.5,BH,HF-LR
S1-HF,HF-LR,,SAXJ1808.4-3658,70080-03-13-00,NS,0.5607394664343318,0.5607394664343318,0.5,BH,HF-LR
S1-HF,HF-LR,,SAXJ1808.4-3658,70080-03-20-13,NS,0.5116223369784653,0.5116223369784653,0.5,BH,HF-LR
S1-HF,HF-LR,,SAXJ1808.4-3658,70080-03-22-00,NS,0.44784963930026067,0.44784963930026067,0.5,NS,HF-LR
S1-HF,HF-LR,,SAXJ1808.4-3658,96027-01-01-00,NS,0.5222826433139781,0.5222826433139781,0.5,BH,HF-LR
S1-HF,HF-LR,,SAXJ1808.4-3658,96027-01-02-00,NS,0.5390282579616865,0.5390282579616865,0.5,BH,HF-LR
S1-HF,HF-LR,,XTEJ1814-338,80145-02-01-01,NS,0.48942590305327677,0.48942590305327677,0.5,NS,HF-LR
S1-HF,HF-LR,,XTEJ1814-338,80418-01-01-07,NS,0.5005316825473769,0.5005316825473769,0.5,BH,HF-LR
S1-HF,HF-LR,,XTEJ1814-338,80418-01-02-00,NS,0.508894939646526,0.508894939646526,0.5,BH,HF-LR
S1-HF,HF-LR,,XTEJ1814-338,80418-01-02-08,NS,0.5010545995479672,0.5010545995479672,0.5,BH,HF-LR
S1-HF,HF-LR,,XTEJ1814-338,80418-01-02-05,NS,0.508341367372074,0.508341367372074,0.5,BH,HF-LR
S1-HF,HF-LR,,XTEJ1814-338,80418-01-03-02,NS,0.4960712520157374,0.4960712520157374,0.5,NS,HF-LR
S1-HF,HF-LR,,XTEJ1814-338,80418-01-03-08,NS,0.532798509826577,0.532798509826577,0.5,BH,HF-LR
S1-HF,HF-LR,,XTEJ1814-338,80418-01-04-03,NS,0.5015714524794516,0.5015714524794516,0.5,BH,HF-LR
S1-HF,HF-LR,,XTEJ1814-338,80418-01-05-00,NS,0.5298617326432535,0.5298617326432535,0.5,BH,HF-LR
S1-HF,HF-LR,,XTEJ1814-338,80418-01-06-00,NS,0.5478629239477323,0.5478629239477323,0.5,BH,HF-LR
S1-HF,HF-LR,,XTEJ1814-338,80418-01-06-02,NS,0.4622082481830192,0.4622082481830192,0.5,NS,HF-LR
S1-HF,HF-LR,,4U1820-30,94090-01-02-01,NS,0.5015530150367703,0.5015530150367703,0.5,BH,HF-LR
S1-HF,HF-LR,,GS1826-238,50035-01-02-00,NS,0.5174481625100811,0.5174481625100811,0.5,BH,HF-LR
S1-HF,HF-LR,,GS1826-238,50035-01-03-02,NS,0.5298732073264398,0.5298732073264398,0.5,BH,HF-LR
S1-HF,HF-LR,,GS1826-238,50035-01-03-04,NS,0.5116175385272611,0.5116175385272611,0.5,BH,HF-LR
S1-HF,HF-LR,,GS1826-238,50035-01-03-090,NS,0.5164963202084697,0.5164963202084697,0.5,BH,HF-LR
S1-HF,HF-LR,,GS1826-238,80048-01-01-09,NS,0.508610133768163,0.508610133768163,0.5,BH,HF-LR
S1-HF,HF-LR,,GS1826-238,80048-01-01-14,NS,0.5052995406476359,0.5052995406476359,0.5,BH,HF-LR
S1-HF,HF-LR,,GS1826-238,80049-01-01-00,NS,0.5174371796622331,0.5174371796622331,0.5,BH,HF-LR
S1-HF,HF-LR,,GS1826-238,90043-01-01-02,NS,0.5122323511537463,0.5122323511537463,0.5,BH,HF-LR
S1-HF,HF-LR,,GS1826-238,70044-01-03-00,NS,0.5191476357232534,0.5191476357232534,0.5,BH,HF-LR
S1-HF,HF-LR,,GS1826-238,92703-01-04-02,NS,0.5165094410892546,0.5165094410892546,0.5,BH,HF-LR
S1-HF,HF-LR,,GS1826-238,70044-01-04-00,NS,0.5276024385725746,0.5276024385725746,0.5,BH,HF-LR
S1-HF,HF-LR,,GS1826-238,91017-01-02-05,NS,0.5310337711707718,0.5310337711707718,0.5,BH,HF-LR
S1-HF,HF-LR,,GS1826-238,91017-01-02-03,NS,0.5323694724091109,0.5323694724091109,0.5,BH,HF-LR
S1-HF,HF-LR,,GS1826-238,91017-01-02-10,NS,0.5106658780243092,0.5106658780243092,0.5,BH,HF-LR
S1-HF,HF-LR,,GS1826-238,96306-01-01-01,NS,0.5271034666230473,0.5271034666230473,0.5,BH,HF-LR
S1-HF,HF-LR,,HETEJ1900.1-245,91015-01-07-00,NS,0.4839862240900763,0.4839862240900763,0.5,NS,HF-LR
S1-HF,HF-LR,,HETEJ1900.1-245,91059-03-03-00,NS,0.49460320378008665,0.49460320378008665,0.5,NS,HF-LR
S1-HF,HF-LR,,HETEJ1900.1-245,91057-01-07-04,NS,0.503807748205982,0.503807748205982,0.5,BH,HF-LR
S1-HF,HF-LR,,HETEJ1900.1-245,92049-01-05-00,NS,0.5077902258955095,0.5077902258955095,0.5,BH,HF-LR
S1-HF,HF-LR,,HETEJ1900.1-245,92049-01-07-00,NS,0.5050834455486317,0.5050834455486317,0.5,BH,HF-LR
S1-HF,HF-LR,,HETEJ1900.1-245,92049-01-40-00,NS,0.49926302811790046,0.49926302811790046,0.5,NS,HF-LR
S1-HF,HF-LR,,HETEJ1900.1-245,93030-01-47-00,NS,0.5099848583311172,0.5099848583311172,0.5,BH,HF-LR
S1-HF,HF-LR,,HETEJ1900.1-245,94030-01-05-00,NS,0.48345042496440593,0.48345042496440593,0.5,NS,HF-LR
S1-HF,HF-LR,,HETEJ1900.1-245,94030-01-36-00,NS,0.5014686201052211,0.5014686201052211,0.5,BH,HF-LR
S1-HF,HF-LR,,HETEJ1900.1-245,96030-01-01-01,NS,0.4956117043637062,0.4956117043637062,0.5,NS,HF-LR
S1-HF,HF-LR,,HETEJ1900.1-245,96030-01-25-00,NS,0.49948481161813774,0.49948481161813774,0.5,NS,HF-LR
S1-HF,H-RF,,GROJ1655-40,90428-01-01-07,BH,0.9182977097273743,0.9182977097273743,0.5,BH,H-RF
S1-HF,H-RF,,XTEJ1550-564,50135-01-08-00,BH,0.8535464393573211,0.8535464393573211,0.5,BH,H-RF
S1-HF,H-RF,,XTEJ1550-564,50135-01-15-00,BH,0.08042879306792422,0.08042879306792422,0.5,NS,H-RF
S1-HF,H-RF,,XTEJ1550-564,50135-01-19-00,BH,0.22676611878863995,0.22676611878863992,0.5,NS,H-RF
S1-HF,H-RF,,XTEJ1550-564,50135-01-23-00,BH,0.06539764250066571,0.06539764250066572,0.5,NS,H-RF
S1-HF,H-RF,,XTEJ1550-564,50137-02-09-00,BH,0.6825578440149768,0.6825578440149768,0.5,BH,H-RF
S1-HF,H-RF,,XTEJ1550-564,60428-01-03-00,BH,0.725550460228524,0.725550460228524,0.5,BH,H-RF
S1-HF,H-RF,,XTEJ1550-564,60428-01-05-00,BH,0.6845578440149768,0.6845578440149768,0.5,BH,H-RF
S1-HF,H-RF,,XTEJ1550-564,60428-01-09-00,BH,0.6633228200917082,0.6633228200917082,0.5,BH,H-RF
S1-HF,H-RF,,XTEJ1550-564,60428-01-15-00,BH,0.30044777439045034,0.30044777439045034,0.5,NS,H-RF
S1-HF,H-RF,,XTEJ1550-564,80135-01-02-01,BH,0.6825578440149768,0.6825578440149768,0.5,BH,H-RF
S1-HF,H-RF,,XTEJ1550-564,80135-01-03-10,BH,0.725550460228524,0.725550460228524,0.5,BH,H-RF
S1-HF,H-RF,,XTEJ1550-564,80135-01-04-02,BH,0.6845578440149768,0.6845578440149768,0.5,BH,H-RF
S1-HF,H-RF,,XTEJ1550-564,80135-01-05-10,BH,0.679517173155438,0.679517173155438,0.5,BH,H-RF
S1-HF,H-RF,,4U1543-47,70128-01-01-01,BH,0.6322226917337606,0.6322226917337606,0.5,BH,H-RF
S1-HF,H-RF,,4U1543-47,70124-02-09-00,BH,0.4668887880829572,0.4668887880829572,0.5,NS,H-RF
S1-HF,H-RF,,4U1543-47,70124-02-10-00,BH,0.8317497346347468,0.8317497346347468,0.5,BH,H-RF
S1-HF,H-RF,,4U1543-47,70124-02-14-00,BH,0.5876918837048901,0.5876918837048901,0.5,BH,H-RF
S1-HF,H-RF,,GX339-4,80132-01-22-00,BH,0.7773320898579839,0.7773320898579839,0.5,BH,H-RF
S1-HF,H-RF,,GX339-4,92034-08-01-00,BH,0.8164212890099519,0.8164212890099519,0.5,BH,H-RF
S1-HF,H-RF,,GX339-4,92035-01-03-03,BH,0.4536375536788523,0.4536375536788523,0.5,NS,H-RF
S1-HF,H-RF,,GX339-4,92704-03-13-00,BH,0.3814298568431496,0.3814298568431496,0.5,NS,H-RF
S1-HF,H-RF,,GX339-4,92704-03-22-00,BH,0.01386321766496229,0.013863217664962294,0.5,NS,H-RF
S1-HF,H-RF,,GX339-4,92704-03-45-01,BH,0.8299132321483513,0.8299132321483513,0.5,BH,H-RF
S1-HF,H-RF,,XTEJ1650-500,60113-01-06-00,BH,0.020823457074073792,0.020823457074073803,0.5,NS,H-RF
S1-HF,H-RF,,XTEJ1650-500,60113-01-09-00,BH,0.30980853083211074,0.30980853083211074,0.5,NS,H-RF
S1-HF,H-RF,,XTEJ1650-500,60113-01-11-01,BH,0.4492271130464186,0.4492271130464186,0.5,NS,H-RF
S1-HF,H-RF,,XTEJ1650-500,60118-02-14-00,BH,0.13758919340426568,0.13758919340426565,0.5,NS,H-RF
S1-HF,H-RF,,XTEJ1650-500,60118-02-20-00,BH,0.22901687055848385,0.22901687055848383,0.5,NS,H-RF
S1-HF,H-RF,,XTEJ1650-500,60118-02-28-00,BH,0.2970956965162198,0.2970956965162198,0.5,NS,H-RF
S1-HF,H-RF,,XTEJ1650-500,70124-01-02-00,BH,0.45866635790649163,0.45866635790649163,0.5,NS,H-RF
S1-HF,H-RF,,XTEJ1118+480,50407-01-07-01,BH,0.39316186931666586,0.39316186931666586,0.5,NS,H-RF
S1-HF,H-RF,,XTEJ1118+480,50407-01-09-00,BH,0.3349122561569307,0.3349122561569307,0.5,NS,H-RF
S1-HF,H-RF,,XTEJ1118+480,50407-01-10-01,BH,0.19663980123703623,0.19663980123703623,0.5,NS,H-RF
S1-HF,H-RF,,XTEJ1118+480,50407-01-13-02,BH,0.018524013620245805,0.01852401362024583,0.5,NS,H-RF
S1-HF,H-RF,,XTEJ1118+480,50407-01-14-02,BH,0.024810490397942864,0.024810490397942857,0.5,NS,H-RF
S1-HF,H-RF,,XTEJ1118+480,50407-01-16-00,BH,0.12414502220555534,0.12414502220555533,0.5,NS,H-RF
S1-HF,H-RF,,4U1636-53,94087-01-16-00,NS,0.1753046158704082,0.1753046158704082,0.5,NS,H-RF
S1-HF,H-RF,,4U1608-52,70069-01-04-03,NS,0.05835591657997097,0.05835591657997094,0.5,NS,H-RF
S1-HF,H-RF,,4U1608-52,90408-01-03-03,NS,0.17999364018754838,0.17999364018754838,0.5,NS,H-RF
S1-HF,H-RF,,4U1608-52,93408-01-14-00,NS,0.5784320981292469,0.5784320981292469,0.5,BH,H-RF
S1-HF,H-RF,,4U1608-52,93408-01-27-03,NS,0.7356353189764033,0.7356353189764033,0.5,BH,H-RF
S1-HF,H-RF,,4U1728-34,50030-03-05-03,NS,0.04773445209852262,0.047734452098522596,0.5,NS,H-RF
S1-HF,H-RF,,4U1728-34,92023-03-44-00,NS,0.47178020414799154,0.47178020414799154,0.5,NS,H-RF
S1-HF,H-RF,,4U1728-34,92023-03-49-00,NS,0.027195961531104484,0.027195961531104478,0.5,NS,H-RF
S1-HF,H-RF,,4U1728-34,92023-03-70-00,NS,0.6489881223242732,0.6489881223242732,0.5,BH,H-RF
S1-HF,H-RF,,AQLX1,80403-01-03-00,NS,0.6115023714243024,0.6115023714243024,0.5,BH,H-RF
S1-HF,H-RF,,AQLX1,91028-01-29-00,NS,0.48659861455044107,0.48659861455044107,0.5,NS,H-RF
S1-HF,H-RF,,AQLX1,92438-01-02-02,NS,0.5188671391041253,0.5188671391041253,0.5,BH,H-RF
S1-HF,H-RF,,AQLX1,94076-01-03-04,NS,0.7856616862222539,0.7856616862222539,0.5,BH,H-RF
S1-HF,H-RF,,EXO0748-676,60042-03-01-00,NS,0.4609759877514046,0.4609759877514046,0.5,NS,H-RF
S1-HF,H-RF,,EXO0748-676,92019-01-06-03,NS,0.1405250771940464,0.1405250771940464,0.5,NS,H-RF
S1-HF,H-RF,,EXO0748-676,92019-01-26-01,NS,0.5337708100483121,0.5337708100483121,0.5,BH,H-RF
S1-HF,H-RF,,4U1323-619,90062-03-01-02,NS,0.1981164351820789,0.19811643518207891,0.5,NS,H-RF
S1-HF,H-RF,,4U1323-619,90062-03-01-01,NS,0.3815830745916988,0.3815830745916988,0.5,NS,H-RF
S1-HF,H-RF,,4U1323-619,95442-01-01-01,NS,0.05115033071155506,0.05115033071155505,0.5,NS,H-RF
S1-HF,H-RF,,4U1323-619,95442-01-01-02,NS,0.2569007675511746,0.2569007675511746,0.5,NS,H-RF
S1-HF,H-RF,,4U1323-619,96405-01-01-00,NS,0.043619297653067546,0.043619297653067525,0.5,NS,H-RF
S1-HF,H-RF,,4U1323-619,96405-01-01-01,NS,0.1274861588029499,0.12748615880294986,0.5,NS,H-RF
S1-HF,H-RF,,4U1323-619,96405-01-02-00,NS,0.12560471209989654,0.12560471209989654,0.5,NS,H-RF
S1-HF,H-RF,,4U1323-619,96405-01-04-00,NS,0.2111618702525257,0.2111618702525257,0.5,NS,H-RF
S1-HF,H-RF,,4U1323-619,96405-01-05-00,NS,0.2729556125365263,0.2729556125365263,0.5,NS,H-RF
S1-HF,H-RF,,4U1323-619,96405-01-05-01,NS,0.33489930475587715,0.33489930475587715,0.5,NS,H-RF
S1-HF,H-RF,,4U1323-619,96405-01-05-02,NS,0.08424040251613074,0.08424040251613074,0.5,NS,H-RF
S1-HF,H-RF,,4U1323-619,96405-01-05-03,NS,0.43953901591135525,0.43953901591135525,0.5,NS,H-RF
S1-HF,H-RF,,MXB1658-298,50410-01-05-00,NS,0.7389275063452777,0.7389275063452777,0.5,BH,H-RF
S1-HF,H-RF,,4U1702-429,50029-27-01-000,NS,0.006188094170989089,0.00618809417098908,0.5,NS,H-RF
S1-HF,H-RF,,4U1702-429,50030-01-04-00,NS,0.10648214470741091,0.10648214470741091,0.5,NS,H-RF
S1-HF,H-RF,,4U1702-429,50030-01-09-03,NS,0.008567550554725023,0.008567550554724997,0.5,NS,H-RF
S1-HF,H-RF,,4U1702-429,80033-01-01-01,NS,0.09613836140862614,0.09613836140862612,0.5,NS,H-RF
S1-HF,H-RF,,4U1702-429,80033-01-18-02,NS,0.12943855442075214,0.1294385544207521,0.5,NS,H-RF
S1-HF,H-RF,,4U1702-429,80033-01-21-03,NS,0.2843135307481746,0.2843135307481746,0.5,NS,H-RF
S1-HF,H-RF,,4U1705-44,91039-01-01-61,NS,0.17051062599715572,0.17051062599715575,0.5,NS,H-RF
S1-HF,H-RF,,4U1705-44,93060-01-05-00,NS,0.1549135254119588,0.15491352541195882,0.5,NS,H-RF
S1-HF,H-RF,,4U1705-44,95060-01-35-00,NS,0.10826072319374513,0.10826072319374516,0.5,NS,H-RF
S1-HF,H-RF,,4U1724-307,60034-02-01-01,NS,0.10527205626141412,0.10527205626141413,0.5,NS,H-RF
S1-HF,H-RF,,4U1724-307,60034-02-02-02,NS,0.46284565614453826,0.46284565614453826,0.5,NS,H-RF
S1-HF,H-RF,,4U1724-307,60034-02-03-10,NS,0.14703740122059478,0.14703740122059478,0.5,NS,H-RF
S1-HF,H-RF,,4U1724-307,60034-02-05-01,NS,0.2742037717456326,0.2742037717456326,0.5,NS,H-RF
S1-HF,H-RF,,4U1724-307,93044-06-04-00,NS,0.2581085388544019,0.2581085388544019,0.5,NS,H-RF
S1-HF,H-RF,,4U1724-307,93044-06-07-00,NS,0.5262938266809458,0.5262938266809458,0.5,BH,H-RF
S1-HF,H-RF,,4U1724-307,93438-01-02-03,NS,0.20671022739761602,0.20671022739761605,0.5,NS,H-RF
S1-HF,H-RF,,4U1724-307,93438-01-04-00,NS,0.20693554755642674,0.20693554755642674,0.5,NS,H-RF
S1-HF,H-RF,,4U1724-307,93438-01-07-01,NS,0.2877055691245482,0.2877055691245482,0.5,NS,H-RF
S1-HF,H-RF,,KS1731-260,50031-02-01-09,NS,0.23436496468338697,0.23436496468338697,0.5,NS,H-RF
S1-HF,H-RF,,KS1731-260,50031-02-01-12,NS,0.24309305365613387,0.2430930536561339,0.5,NS,H-RF
S1-HF,H-RF,,KS1731-260,50031-02-01-02,NS,0.1929225347854313,0.19292253478543134,0.5,NS,H-RF
S1-HF,H-RF,,KS1731-260,50031-02-01-05,NS,0.2353612515282733,0.2353612515282733,0.5,NS,H-RF
S1-HF,H-RF,,KS1731-260,50031-02-01-08,NS,0.2356110857405055,0.23561108574050546,0.5,NS,H-RF
S1-HF,H-RF,,KS1731-260,50031-02-02-06,NS,0.24309305365613387,0.2430930536561339,0.5,NS,H-RF
S1-HF,H-RF,,KS1731-260,50031-02-02-02,NS,0.5630451032503664,0.5630451032503664,0.5,BH,H-RF
S1-HF,H-RF,,KS1731-260,50031-02-02-03,NS,0.01010471867741336,0.010104718677413343,0.5,NS,H-RF
S1-HF,H-RF,,KS1731-260,50031-02-02-080,NS,0.24085629582453905,0.24085629582453907,0.5,NS,H-RF
S1-HF,H-RF,,KS1731-260,50031-02-03-04,NS,0.5541007201948063,0.5541007201948063,0.5,BH,H-RF
S1-HF,H-RF,,SLX1735-269,60034-01-01-00,NS,0.14654121641750317,0.14654121641750317,0.5,NS,H-RF
S1-HF,H-RF,,SLX1735-269,60034-01-02-02,NS,0.023119459604295955,0.023119459604295976,0.5,NS,H-RF
S1-HF,H-RF,,SLX1735-269,80138-03-02-00,NS,0.015140348347486565,0.015140348347486577,0.5,NS,H-RF
S1-HF,H-RF,,SLX1735-269,96429-01-02-02,NS,0.06771042544296269,0.06771042544296269,0.5,NS,H-RF
S1-HF,H-RF,,SLX1735-269,96429-01-06-01,NS,0.16602466543621613,0.16602466543621613,0.5,NS,H-RF
S1-HF,H-RF,,SLX1735-269,96429-01-08-03,NS,0.18207588689383436,0.18207588689383436,0.5,NS,H-RF
S1-HF,H-RF,,SAXJ1808.4-3658,70080-01-02-04,NS,0.028337850907061035,0.028337850907061056,0.5,NS,H-RF
S1-HF,H-RF,,SAXJ1808.4-3658,70080-01-02-22,NS,0.1750593736019183,0.1750593736019183,0.5,NS,H-RF
S1-HF,H-RF,,SAXJ1808.4-3658,70080-01-03-010,NS,0.4024046635058853,0.4024046635058853,0.5,NS,H-RF
S1-HF,H-RF,,SAXJ1808.4-3658,70080-02-01-03,NS,0.3860277450115019,0.3860277450115019,0.5,NS,H-RF
S1-HF,H-RF,,SAXJ1808.4-3658,70080-02-02-35,NS,0.12875139324183316,0.12875139324183313,0.5,NS,H-RF
S1-HF,H-RF,,SAXJ1808.4-3658,70080-03-13-00,NS,0.4084006518486058,0.4084006518486058,0.5,NS,H-RF
S1-HF,H-RF,,SAXJ1808.4-3658,70080-03-20-13,NS,0.014904650174715983,0.014904650174715957,0.5,NS,H-RF
S1-HF,H-RF,,SAXJ1808.4-3658,70080-03-22-00,NS,0.5287387028182147,0.5287387028182147,0.5,BH,H-RF
S1-HF,H-RF,,SAXJ1808.4-3658,96027-01-01-00,NS,0.11455471714200438,0.11455471714200437,0.5,NS,H-RF
S1-HF,H-RF,,SAXJ1808.4-3658,96027-01-02-00,NS,0.09656489712971994,0.09656489712971994,0.5,NS,H-RF
S1-HF,H-RF,,XTEJ1814-338,80145-02-01-01,NS,0.3043796898603415,0.3043796898603415,0.5,NS,H-RF
S1-HF,H-RF,,XTEJ1814-338,80418-01-01-07,NS,0.184444581234945,0.18444458123494503,0.5,NS,H-RF
S1-HF,H-RF,,XTEJ1814-338,80418-01-02-00,NS,0.33789461735965376,0.33789461735965376,0.5,NS,H-RF
S1-HF,H-RF,,XTEJ1814-338,80418-01-02-08,NS,0.3537595252751041,0.3537595252751041,0.5,NS,H-RF
S1-HF,H-RF,,XTEJ1814-338,80418-01-02-05,NS,0.3081214812601075,0.3081214812601075,0.5,NS,H-RF
S1-HF,H-RF,,XTEJ1814-338,80418-01-03-02,NS,0.542238307391002,0.542238307391002,0.5,BH,H-RF
S1-HF,H-RF,,XTEJ1814-338,80418-01-03-08,NS,0.6781526892790538,0.6781526892790538,0.5,BH,H-RF
S1-HF,H-RF,,XTEJ1814-338,80418-01-04-03,NS,0.6515929347742339,0.6515929347742339,0.5,BH,H-RF
S1-HF,H-RF,,XTEJ1814-338,80418-01-05-00,NS,0.6170927610979624,0.6170927610979624,0.5,BH,H-RF
S1-HF,H-RF,,XTEJ1814-338,80418-01-06-00,NS,0.7521315575704411,0.7521315575704411,0.5,BH,H-RF
S1-HF,H-RF,,XTEJ1814-338,80418-01-06-02,NS,0.6046580223844602,0.6046580223844602,0.5,BH,H-RF
S1-HF,H-RF,,4U1820-30,94090-01-02-01,NS,0.044013313215974015,0.044013313215974015,0.5,NS,H-RF
S1-HF,H-RF,,GS1826-238,50035-01-02-00,NS,0.1448753559436109,0.14487535594361092,0.5,NS,H-RF
S1-HF,H-RF,,GS1826-238,50035-01-03-02,NS,0.23069661762990257,0.2306966176299026,0.5,NS,H-RF
S1-HF,H-RF,,GS1826-238,50035-01-03-04,NS,0.03218482580575349,0.03218482580575349,0.5,NS,H-RF
S1-HF,H-RF,,GS1826-238,50035-01-03-090,NS,0.013025092487008616,0.013025092487008621,0.5,NS,H-RF
S1-HF,H-RF,,GS1826-238,80048-01-01-09,NS,0.006306824679048695,0.006306824679048719,0.5,NS,H-RF
S1-HF,H-RF,,GS1826-238,80048-01-01-14,NS,0.018512738948572416,0.01851273894857241,0.5,NS,H-RF
S1-HF,H-RF,,GS1826-238,80049-01-01-00,NS,0.03078107671571495,0.030781076715714922,0.5,NS,H-RF
S1-HF,H-RF,,GS1826-238,90043-01-01-02,NS,0.044026652459868365,0.04402665245986836,0.5,NS,H-RF
S1-HF,H-RF,,GS1826-238,70044-01-03-00,NS,0.10811896582148522,0.10811896582148521,0.5,NS,H-RF
S1-HF,H-RF,,GS1826-238,92703-01-04-02,NS,0.07682530989899372,0.0768253098989937,0.5,NS,H-RF
S1-HF,H-RF,,GS1826-238,70044-01-04-00,NS,0.016656980211030903,0.01665698021103088,0.5,NS,H-RF
S1-HF,H-RF,,GS1826-238,91017-01-02-05,NS,0.020920804634981027,0.02092080463498105,0.5,NS,H-RF
S1-HF,H-RF,,GS1826-238,91017-01-02-03,NS,0.010012985583654821,0.010012985583654847,0.5,NS,H-RF
S1-HF,H-RF,,GS1826-238,91017-01-02-10,NS,0.006413368307197798,0.006413368307197814,0.5,NS,H-RF
S1-HF,H-RF,,GS1826-238,96306-01-01-01,NS,0.03946003655379443,0.03946003655379442,0.5,NS,H-RF
S1-HF,H-RF,,HETEJ1900.1-245,91015-01-07-00,NS,0.5762860732764039,0.5762860732764039,0.5,BH,H-RF
S1-HF,H-RF,,HETEJ1900.1-245,91059-03-03-00,NS,0.754278588949789,0.754278588949789,0.5,BH,H-RF
S1-HF,H-RF,,HETEJ1900.1-245,91057-01-07-04,NS,0.2333856138529824,0.23338561385298243,0.5,NS,H-RF
S1-HF,H-RF,,HETEJ1900.1-245,92049-01-05-00,NS,0.4352478064059669,0.4352478064059669,0.5,NS,H-RF
S1-HF,H-RF,,HETEJ1900.1-245,92049-01-07-00,NS,0.5360070340720491,0.5360070340720491,0.5,BH,H-RF
S1-HF,H-RF,,HETEJ1900.1-245,92049-01-40-00,NS,0.28724421455045895,0.28724421455045895,0.5,NS,H-RF
S1-HF,H-RF,,HETEJ1900.1-245,93030-01-47-00,NS,0.6969942259389578,0.6969942259389578,0.5,BH,H-RF
S1-HF,H-RF,,HETEJ1900.1-245,94030-01-05-00,NS,0.6688640338423962,0.6688640338423962,0.5,BH,H-RF
S1-HF,H-RF,,HETEJ1900.1-245,94030-01-36-00,NS,0.23100354809708712,0.2310035480970871,0.5,NS,H-RF
S1-HF,H-RF,,HETEJ1900.1-245,96030-01-01-01,NS,0.21402528679838295,0.21402528679838292,0.5,NS,H-RF
S1-HF,H-RF,,HETEJ1900.1-245,96030-01-25-00,NS,0.8118994810296806,0.8118994810296806,0.5,BH,H-RF
S1-HF,H+HF-RF,,GROJ1655-40,90428-01-01-07,BH,0.8660356945455426,0.8660356945455426,0.5,BH,H+HF-RF
S1-HF,H+HF-RF,,XTEJ1550-564,50135-01-08-00,BH,0.8279642277997102,0.8279642277997102,0.5,BH,H+HF-RF
S1-HF,H+HF-RF,,XTEJ1550-564,50135-01-15-00,BH,0.7487716167624113,0.7487716167624113,0.5,BH,H+HF-RF
S1-HF,H+HF-RF,,XTEJ1550-564,50135-01-19-00,BH,0.44051610504758687,0.44051610504758687,0.5,NS,H+HF-RF
S1-HF,H+HF-RF,,XTEJ1550-564,50135-01-23-00,BH,0.548765553373039,0.548765553373039,0.5,BH,H+HF-RF
S1-HF,H+HF-RF,,XTEJ1550-564,50137-02-09-00,BH,0.7443134538930101,0.7443134538930101,0.5,BH,H+HF-RF
S1-HF,H+HF-RF,,XTEJ1550-564,60428-01-03-00,BH,0.6391239795692534,0.6391239795692534,0.5,BH,H+HF-RF
S1-HF,H+HF-RF,,XTEJ1550-564,60428-01-05-00,BH,0.6042970406881646,0.6042970406881646,0.5,BH,H+HF-RF
S1-HF,H+HF-RF,,XTEJ1550-564,60428-01-09-00,BH,0.6368913744632649,0.6368913744632649,0.5,BH,H+HF-RF
S1-HF,H+HF-RF,,XTEJ1550-564,60428-01-15-00,BH,0.4095831616611771,0.4095831616611771,0.5,NS,H+HF-RF
S1-HF,H+HF-RF,,XTEJ1550-564,80135-01-02-01,BH,0.5999359575189324,0.5999359575189324,0.5,BH,H+HF-RF
S1-HF,H+HF-RF,,XTEJ1550-564,80135-01-03-10,BH,0.6152367633495373,0.6152367633495373,0.5,BH,H+HF-RF
S1-HF,H+HF-RF,,XTEJ1550-564,80135-01-04-02,BH,0.6106789087963048,0.6106789087963048,0.5,BH,H+HF-RF
S1-HF,H+HF-RF,,XTEJ1550-564,80135-01-05-10,BH,0.6692533316288524,0.6692533316288524,0.5,BH,H+HF-RF
S1-HF,H+HF-RF,,4U1543-47,70128-01-01-01,BH,0.25672938053952754,0.25672938053952754,0.5,NS,H+HF-RF
S1-HF,H+HF-RF,,4U1543-47,70124-02-09-00,BH,0.7584828784465142,0.7584828784465142,0.5,BH,H+HF-RF
S1-HF,H+HF-RF,,4U1543-47,70124-02-10-00,BH,0.7150142352137208,0.7150142352137208,0.5,BH,H+HF-RF
S1-HF,H+HF-RF,,4U1543-47,70124-02-14-00,BH,0.24447795984402343,0.24447795984402346,0.5,NS,H+HF-RF
S1-HF,H+HF-RF,,GX339-4,80132-01-22-00,BH,0.6396216053250101,0.6396216053250101,0.5,BH,H+HF-RF
S1-HF,H+HF-RF,,GX339-4,92034-08-01-00,BH,0.8007660833736177,0.8007660833736177,0.5,BH,H+HF-RF
S1-HF,H+HF-RF,,GX339-4,92035-01-03-03,BH,0.7084187421380171,0.7084187421380171,0.5,BH,H+HF-RF
S1-HF,H+HF-RF,,GX339-4,92704-03-13-00,BH,0.7066768290424801,0.7066768290424801,0.5,BH,H+HF-RF
S1-HF,H+HF-RF,,GX339-4,92704-03-22-00,BH,0.2252400500640308,0.22524005006403083,0.5,NS,H+HF-RF
S1-HF,H+HF-RF,,GX339-4,92704-03-45-01,BH,0.3159893468784865,0.3159893468784865,0.5,NS,H+HF-RF
S1-HF,H+HF-RF,,XTEJ1650-500,60113-01-06-00,BH,0.4832938573333521,0.4832938573333521,0.5,NS,H+HF-RF
S1-HF,H+HF-RF,,XTEJ1650-500,60113-01-09-00,BH,0.5590981400763356,0.5590981400763356,0.5,BH,H+HF-RF
S1-HF,H+HF-RF,,XTEJ1650-500,60113-01-11-01,BH,0.5138109556762392,0.5138109556762392,0.5,BH,H+HF-RF
S1-HF,H+HF-RF,,XTEJ1650-500,60118-02-14-00,BH,0.3970996093116304,0.3970996093116304,0.5,NS,H+HF-RF
S1-HF,H+HF-RF,,XTEJ1650-500,60118-02-20-00,BH,0.5923475042769069,0.5923475042769069,0.5,BH,H+HF-RF
S1-HF,H+HF-RF,,XTEJ1650-500,60118-02-28-00,BH,0.6351819600999385,0.6351819600999385,0.5,BH,H+HF-RF
S1-HF,H+HF-RF,,XTEJ1650-500,70124-01-02-00,BH,0.4030100899096913,0.4030100899096913,0.5,NS,H+HF-RF
S1-HF,H+HF-RF,,XTEJ1118+480,50407-01-07-01,BH,0.6257750181042737,0.6257750181042737,0.5,BH,H+HF-RF
S1-HF,H+HF-RF,,XTEJ1118+480,50407-01-09-00,BH,0.7558103670637323,0.7558103670637323,0.5,BH,H+HF-RF
S1-HF,H+HF-RF,,XTEJ1118+480,50407-01-10-01,BH,0.7662572010000301,0.7662572010000301,0.5,BH,H+HF-RF
S1-HF,H+HF-RF,,XTEJ1118+480,50407-01-13-02,BH,0.3383901896569322,0.3383901896569322,0.5,NS,H+HF-RF
S1-HF,H+HF-RF,,XTEJ1118+480,50407-01-14-02,BH,0.060162729688131855,0.06016272968813183,0.5,NS,H+HF-RF
S1-HF,H+HF-RF,,XTEJ1118+480,50407-01-16-00,BH,0.4877881542627557,0.4877881542627557,0.5,NS,H+HF-RF
S1-HF,H+HF-RF,,4U1636-53,94087-01-16-00,NS,0.022122355043676323,0.022122355043676347,0.5,NS,H+HF-RF
S1-HF,H+HF-RF,,4U1608-52,70069-01-04-03,NS,0.13000598538932234,0.13000598538932234,0.5,NS,H+HF-RF
S1-HF,H+HF-RF,,4U1608-52,90408-01-03-03,NS,0.28318345642669857,0.28318345642669857,0.5,NS,H+HF-RF
S1-HF,H+HF-RF,,4U1608-52,93408-01-14-00,NS,0.17520569234184596,0.17520569234184596,0.5,NS,H+HF-RF
S1-HF,H+HF-RF,,4U1608-52,93408-01-27-03,NS,0.19249516765827823,0.1924951676582782,0.5,NS,H+HF-RF
S1-HF,H+HF-RF,,4U1728-34,50030-03-05-03,NS,0.0,0.0,0.5,NS,H+HF-RF
S1-HF,H+HF-RF,,4U1728-34,92023-03-44-00,NS,0.06381433090094701,0.06381433090094703,0.5,NS,H+HF-RF
S1-HF,H+HF-RF,,4U1728-34,92023-03-49-00,NS,0.020298156622725383,0.020298156622725407,0.5,NS,H+HF-RF
S1-HF,H+HF-RF,,4U1728-34,92023-03-70-00,NS,0.09102561697434675,0.09102561697434675,0.5,NS,H+HF-RF
S1-HF,H+HF-RF,,AQLX1,80403-01-03-00,NS,0.2842516009034643,0.2842516009034643,0.5,NS,H+HF-RF
S1-HF,H+HF-RF,,AQLX1,91028-01-29-00,NS,0.03162216809741397,0.03162216809741399,0.5,NS,H+HF-RF
S1-HF,H+HF-RF,,AQLX1,92438-01-02-02,NS,0.4318144087741195,0.4318144087741195,0.5,NS,H+HF-RF
S1-HF,H+HF-RF,,AQLX1,94076-01-03-04,NS,0.27687697283199075,0.27687697283199075,0.5,NS,H+HF-RF
S1-HF,H+HF-RF,,EXO0748-676,60042-03-01-00,NS,0.17264686938052654,0.1726468693805265,0.5,NS,H+HF-RF
S1-HF,H+HF-RF,,EXO0748-676,92019-01-06-03,NS,0.8434811756308148,0.8434811756308148,0.5,BH,H+HF-RF
S1-HF,H+HF-RF,,EXO0748-676,92019-01-26-01,NS,0.2790621088089158,0.2790621088089158,0.5,NS,H+HF-RF
S1-HF,H+HF-RF,,4U1323-619,90062-03-01-02,NS,0.1556985455344833,0.1556985455344833,0.5,NS,H+HF-RF
S1-HF,H+HF-RF,,4U1323-619,90062-03-01-01,NS,0.4796067466690976,0.4796067466690976,0.5,NS,H+HF-RF
S1-HF,H+HF-RF,,4U1323-619,95442-01-01-01,NS,0.42596263280592167,0.42596263280592167,0.5,NS,H+HF-RF
S1-HF,H+HF-RF,,4U1323-619,95442-01-01-02,NS,0.5181810875695094,0.5181810875695094,0.5,BH,H+HF-RF
S1-HF,H+HF-RF,,4U1323-619,96405-01-01-00,NS,0.23985409985344525,0.23985409985344525,0.5,NS,H+HF-RF
S1-HF,H+HF-RF,,4U1323-619,96405-01-01-01,NS,0.19466753451360697,0.19466753451360697,0.5,NS,H+HF-RF
S1-HF,H+HF-RF,,4U1323-619,96405-01-02-00,NS,0.35266239525263104,0.35266239525263104,0.5,NS,H+HF-RF
S1-HF,H+HF-RF,,4U1323-619,96405-01-04-00,NS,0.34659268884201216,0.34659268884201216,0.5,NS,H+HF-RF
S1-HF,H+HF-RF,,4U1323-619,96405-01-05-00,NS,0.1684624896296651,0.1684624896296651,0.5,NS,H+HF-RF
S1-HF,H+HF-RF,,4U1323-619,96405-01-05-01,NS,0.367115828503917,0.367115828503917,0.5,NS,H+HF-RF
S1-HF,H+HF-RF,,4U1323-619,96405-01-05-02,NS,0.21276203447348435,0.21276203447348435,0.5,NS,H+HF-RF
S1-HF,H+HF-RF,,4U1323-619,96405-01-05-03,NS,0.2548609600691444,0.2548609600691444,0.5,NS,H+HF-RF
S1-HF,H+HF-RF,,MXB1658-298,50410-01-05-00,NS,0.2915919777536837,0.2915919777536837,0.5,NS,H+HF-RF
S1-HF,H+HF-RF,,4U1702-429,50029-27-01-000,NS,0.039238777186936136,0.03923877718693615,0.5,NS,H+HF-RF
S1-HF,H+HF-RF,,4U1702-429,50030-01-04-00,NS,0.006658151337172846,0.006658151337172835,0.5,NS,H+HF-RF
S1-HF,H+HF-RF,,4U1702-429,50030-01-09-03,NS,0.019758694259895238,0.019758694259895227,0.5,NS,H+HF-RF
S1-HF,H+HF-RF,,4U1702-429,80033-01-01-01,NS,0.01510408867891061,0.015104088678910608,0.5,NS,H+HF-RF
S1-HF,H+HF-RF,,4U1702-429,80033-01-18-02,NS,0.010904063507692685,0.010904063507692664,0.5,NS,H+HF-RF
S1-HF,H+HF-RF,,4U1702-429,80033-01-21-03,NS,0.09445794546981495,0.09445794546981494,0.5,NS,H+HF-RF
S1-HF,H+HF-RF,,4U1705-44,91039-01-01-61,NS,0.007052285612970832,0.007052285612970846,0.5,NS,H+HF-RF
S1-HF,H+HF-RF,,4U1705-44,93060-01-05-00,NS,0.007005047463676861,0.007005047463676874,0.5,NS,H+HF-RF
S1-HF,H+HF-RF,,4U1705-44,95060-01-35-00,NS,0.001489655172413784,0.0014896551724137932,0.5,NS,H+HF-RF
S1-HF,H+HF-RF,,4U1724-307,60034-02-01-01,NS,0.008820395578580886,0.008820395578580865,0.5,NS,H+HF-RF
S1-HF,H+HF-RF,,4U1724-307,60034-02-02-02,NS,0.23279828195289443,0.23279828195289445,0.5,NS,H+HF-RF
S1-HF,H+HF-RF,,4U1724-307,60034-02-03-10,NS,0.2951412746677144,0.2951412746677144,0.5,NS,H+HF-RF
S1-HF,H+HF-RF,,4U1724-307,60034-02-05-01,NS,0.008519715085805901,0.008519715085805875,0.5,NS,H+HF-RF
S1-HF,H+HF-RF,,4U1724-307,93044-06-04-00,NS,0.4651926940478414,0.4651926940478414,0.5,NS,H+HF-RF
S1-HF,H+HF-RF,,4U1724-307,93044-06-07-00,NS,0.12533263479215173,0.1253326347921517,0.5,NS,H+HF-RF
S1-HF,H+HF-RF,,4U1724-307,93438-01-02-03,NS,0.42747872738411175,0.42747872738411175,0.5,NS,H+HF-RF
S1-HF,H+HF-RF,,4U1724-307,93438-01-04-00,NS,0.011878599267418799,0.011878599267418823,0.5,NS,H+HF-RF
S1-HF,H+HF-RF,,4U1724-307,93438-01-07-01,NS,0.30680039049871244,0.30680039049871244,0.5,NS,H+HF-RF
S1-HF,H+HF-RF,,KS1731-260,50031-02-01-09,NS,0.012172605286611626,0.012172605286611642,0.5,NS,H+HF-RF
S1-HF,H+HF-RF,,KS1731-260,50031-02-01-12,NS,0.10936965200879117,0.10936965200879119,0.5,NS,H+HF-RF
S1-HF,H+HF-RF,,KS1731-260,50031-02-01-02,NS,0.010081680916863733,0.010081680916863742,0.5,NS,H+HF-RF
S1-HF,H+HF-RF,,KS1731-260,50031-02-01-05,NS,0.008617912800921723,0.008617912800921715,0.5,NS,H+HF-RF
S1-HF,H+HF-RF,,KS1731-260,50031-02-01-08,NS,0.004391304347826086,0.004391304347826086,0.5,NS,H+HF-RF
S1-HF,H+HF-RF,,KS1731-260,50031-02-02-06,NS,0.029685551690367018,0.02968555169036702,0.5,NS,H+HF-RF
S1-HF,H+HF-RF,,KS1731-260,50031-02-02-02,NS,0.14833770070225727,0.14833770070225724,0.5,NS,H+HF-RF
S1-HF,H+HF-RF,,KS1731-260,50031-02-02-03,NS,0.11623105365660291,0.11623105365660294,0.5,NS,H+HF-RF
S1-HF,H+HF-RF,,KS1731-260,50031-02-02-080,NS,0.01693522902968514,0.01693522902968516,0.5,NS,H+HF-RF
S1-HF,H+HF-RF,,KS1731-260,50031-02-03-04,NS,0.08100559393071849,0.08100559393071848,0.5,NS,H+HF-RF
S1-HF,H+HF-RF,,SLX1735-269,60034-01-01-00,NS,0.06006342481956928,0.06006342481956929,0.5,NS,H+HF-RF
S1-HF,H+HF-RF,,SLX1735-269,60034-01-02-02,NS,0.1018406335442883,0.10184063354428828,0.5,NS,H+HF-RF
S1-HF,H+HF-RF,,SLX1735-269,80138-03-02-00,NS,0.13368560118928857,0.13368560118928857,0.5,NS,H+HF-RF
S1-HF,H+HF-RF,,SLX1735-269,96429-01-02-02,NS,0.1924545935926344,0.19245459359263442,0.5,NS,H+HF-RF
S1-HF,H+HF-RF,,SLX1735-269,96429-01-06-01,NS,0.19314658562899906,0.19314658562899906,0.5,NS,H+HF-RF
S1-HF,H+HF-RF,,SLX1735-269,96429-01-08-03,NS,0.21339603906800597,0.21339603906800597,0.5,NS,H+HF-RF
S1-HF,H+HF-RF,,SAXJ1808.4-3658,70080-01-02-04,NS,0.045087562129787595,0.045087562129787616,0.5,NS,H+HF-RF
S1-HF,H+HF-RF,,SAXJ1808.4-3658,70080-01-02-22,NS,0.11753468759807495,0.11753468759807494,0.5,NS,H+HF-RF
S1-HF,H+HF-RF,,SAXJ1808.4-3658,70080-01-03-010,NS,0.1507180697048559,0.15071806970485588,0.5,NS,H+HF-RF
S1-HF,H+HF-RF,,SAXJ1808.4-3658,70080-02-01-03,NS,0.5656112985952897,0.5656112985952897,0.5,BH,H+HF-RF
S1-HF,H+HF-RF,,SAXJ1808.4-3658,70080-02-02-35,NS,0.2508491336587174,0.2508491336587174,0.5,NS,H+HF-RF
S1-HF,H+HF-RF,,SAXJ1808.4-3658,70080-03-13-00,NS,0.38978353724055104,0.38978353724055104,0.5,NS,H+HF-RF
S1-HF,H+HF-RF,,SAXJ1808.4-3658,70080-03-20-13,NS,0.2996229438458169,0.2996229438458169,0.5,NS,H+HF-RF
S1-HF,H+HF-RF,,SAXJ1808.4-3658,70080-03-22-00,NS,0.32963519745428066,0.32963519745428066,0.5,NS,H+HF-RF
S1-HF,H+HF-RF,,SAXJ1808.4-3658,96027-01-01-00,NS,0.24827748675242028,0.24827748675242028,0.5,NS,H+HF-RF
S1-HF,H+HF-RF,,SAXJ1808.4-3658,96027-01-02-00,NS,0.08964994487125705,0.08964994487125703,0.5,NS,H+HF-RF
S1-HF,H+HF-RF,,XTEJ1814-338,80145-02-01-01,NS,0.20953723766934873,0.20953723766934876,0.5,NS,H+HF-RF
S1-HF,H+HF-RF,,XTEJ1814-338,80418-01-01-07,NS,0.10759532980594422,0.10759532980594419,0.5,NS,H+HF-RF
S1-HF,H+HF-RF,,XTEJ1814-338,80418-01-02-00,NS,0.13021963658584057,0.1302196365858406,0.5,NS,H+HF-RF
S1-HF,H+HF-RF,,XTEJ1814-338,80418-01-02-08,NS,0.30458139130287076,0.30458139130287076,0.5,NS,H+HF-RF
S1-HF,H+HF-RF,,XTEJ1814-338,80418-01-02-05,NS,0.04312561416216215,0.043125614162162144,0.5,NS,H+HF-RF
S1-HF,H+HF-RF,,XTEJ1814-338,80418-01-03-02,NS,0.14126307981536368,0.14126307981536365,0.5,NS,H+HF-RF
S1-HF,H+HF-RF,,XTEJ1814-338,80418-01-03-08,NS,0.40025445222427003,0.40025445222427003,0.5,NS,H+HF-RF
S1-HF,H+HF-RF,,XTEJ1814-338,80418-01-04-03,NS,0.2281712947437619,0.2281712947437619,0.5,NS,H+HF-RF
S1-HF,H+HF-RF,,XTEJ1814-338,80418-01-05-00,NS,0.4224707712666661,0.4224707712666661,0.5,NS,H+HF-RF
S1-HF,H+HF-RF,,XTEJ1814-338,80418-01-06-00,NS,0.5449891382955334,0.5449891382955334,0.5,BH,H+HF-RF
S1-HF,H+HF-RF,,XTEJ1814-338,80418-01-06-02,NS,0.522990753085682,0.522990753085682,0.5,BH,H+HF-RF
S1-HF,H+HF-RF,,4U1820-30,94090-01-02-01,NS,0.007927218565733807,0.00792721856573383,0.5,NS,H+HF-RF
S1-HF,H+HF-RF,,GS1826-238,50035-01-02-00,NS,0.0015911602209944808,0.001591160220994475,0.5,NS,H+HF-RF
S1-HF,H+HF-RF,,GS1826-238,50035-01-03-02,NS,0.10107721537847059,0.10107721537847061,0.5,NS,H+HF-RF
S1-HF,H+HF-RF,,GS1826-238,50035-01-03-04,NS,0.004330827067669185,0.004330827067669173,0.5,NS,H+HF-RF
S1-HF,H+HF-RF,,GS1826-238,50035-01-03-090,NS,0.0014436090225564135,0.001443609022556391,0.5,NS,H+HF-RF
S1-HF,H+HF-RF,,GS1826-238,80048-01-01-09,NS,0.02032445548130346,0.02032445548130346,0.5,NS,H+HF-RF
S1-HF,H+HF-RF,,GS1826-238,80048-01-01-14,NS,0.006103134759976869,0.006103134759976865,0.5,NS,H+HF-RF
S1-HF,H+HF-RF,,GS1826-238,80049-01-01-00,NS,0.004330827067669185,0.004330827067669173,0.5,NS,H+HF-RF
S1-HF,H+HF-RF,,GS1826-238,90043-01-01-02,NS,0.008238177231323696,0.008238177231323711,0.5,NS,H+HF-RF
S1-HF,H+HF-RF,,GS1826-238,70044-01-03-00,NS,0.05238407462414291,0.05238407462414292,0.5,NS,H+HF-RF
S1-HF,H+HF-RF,,GS1826-238,92703-01-04-02,NS,0.42079538744342326,0.42079538744342326,0.5,NS,H+HF-RF
S1-HF,H+HF-RF,,GS1826-238,70044-01-04-00,NS,0.05014561674295298,0.050145616742952995,0.5,NS,H+HF-RF
S1-HF,H+HF-RF,,GS1826-238,91017-01-02-05,NS,0.043718177300356764,0.04371817730035674,0.5,NS,H+HF-RF
S1-HF,H+HF-RF,,GS1826-238,91017-01-02-03,NS,0.013895413090263264,0.01389541309026327,0.5,NS,H+HF-RF
S1-HF,H+HF-RF,,GS1826-238,91017-01-02-10,NS,0.01800257526058724,0.018002575260587267,0.5,NS,H+HF-RF
S1-HF,H+HF-RF,,GS1826-238,96306-01-01-01,NS,0.04253308142314821,0.04253308142314823,0.5,NS,H+HF-RF
S1-HF,H+HF-RF,,HETEJ1900.1-245,91015-01-07-00,NS,0.1762325867966547,0.1762325867966547,0.5,NS,H+HF-RF
S1-HF,H+HF-RF,,HETEJ1900.1-245,91059-03-03-00,NS,0.1633701544122501,0.1633701544122501,0.5,NS,H+HF-RF
S1-HF,H+HF-RF,,HETEJ1900.1-245,91057-01-07-04,NS,0.3891057681996468,0.3891057681996468,0.5,NS,H+HF-RF
S1-HF,H+HF-RF,,HETEJ1900.1-245,92049-01-05-00,NS,0.38229323092139683,0.38229323092139683,0.5,NS,H+HF-RF
S1-HF,H+HF-RF,,HETEJ1900.1-245,92049-01-07-00,NS,0.13710771712925252,0.1371077171292525,0.5,NS,H+HF-RF
S1-HF,H+HF-RF,,HETEJ1900.1-245,92049-01-40-00,NS,0.012674797499153012,0.01267479749915304,0.5,NS,H+HF-RF
S1-HF,H+HF-RF,,HETEJ1900.1-245,93030-01-47-00,NS,0.5687730179406116,0.5687730179406116,0.5,BH,H+HF-RF
S1-HF,H+HF-RF,,HETEJ1900.1-245,94030-01-05-00,NS,0.18680127677387715,0.18680127677387715,0.5,NS,H+HF-RF
S1-HF,H+HF-RF,,HETEJ1900.1-245,94030-01-36-00,NS,0.020483372198801197,0.02048337219880122,0.5,NS,H+HF-RF
S1-HF,H+HF-RF,,HETEJ1900.1-245,96030-01-01-01,NS,0.014592278470392461,0.014592278470392451,0.5,NS,H+HF-RF
S1-HF,H+HF-RF,,HETEJ1900.1-245,96030-01-25-00,NS,0.17086577992699725,0.17086577992699722,0.5,NS,H+HF-RF
S1-HF,H+T-RF,,GROJ1655-40,90428-01-01-07,BH,0.791022868194626,0.791022868194626,0.5,BH,H+T-RF
S1-HF,H+T-RF,,XTEJ1550-564,50135-01-08-00,BH,0.44981298967137334,0.44981298967137334,0.5,NS,H+T-RF
S1-HF,H+T-RF,,XTEJ1550-564,50135-01-15-00,BH,0.7316185788809233,0.7316185788809233,0.5,BH,H+T-RF
S1-HF,H+T-RF,,XTEJ1550-564,50135-01-19-00,BH,0.46953310564717793,0.46953310564717793,0.5,NS,H+T-RF
S1-HF,H+T-RF,,XTEJ1550-564,50135-01-23-00,BH,0.10451981559975465,0.10451981559975468,0.5,NS,H+T-RF
S1-HF,H+T-RF,,XTEJ1550-564,50137-02-09-00,BH,0.9257846681429729,0.9257846681429729,0.5,BH,H+T-RF
S1-HF,H+T-RF,,XTEJ1550-564,60428-01-03-00,BH,0.9297531207358624,0.9297531207358624,0.5,BH,H+T-RF
S1-HF,H+T-RF,,XTEJ1550-564,60428-01-05-00,BH,0.9281086762914179,0.9281086762914179,0.5,BH,H+T-RF
S1-HF,H+T-RF,,XTEJ1550-564,60428-01-09-00,BH,0.9285655854641167,0.9285655854641167,0.5,BH,H+T-RF
S1-HF,H+T-RF,,XTEJ1550-564,60428-01-15-00,BH,0.8004485593988565,0.8004485593988565,0.5,BH,H+T-RF
S1-HF,H+T-RF,,XTEJ1550-564,80135-01-02-01,BH,0.9279135543401985,0.9279135543401985,0.5,BH,H+T-RF
S1-HF,H+T-RF,,XTEJ1550-564,80135-01-03-10,BH,0.9295579987846431,0.9295579987846431,0.5,BH,H+T-RF
S1-HF,H+T-RF,,XTEJ1550-564,80135-01-04-02,BH,0.9275579987846431,0.9275579987846431,0.5,BH,H+T-RF
S1-HF,H+T-RF,,XTEJ1550-564,80135-01-05-10,BH,0.9281086762914179,0.9281086762914179,0.5,BH,H+T-RF
S1-HF,H+T-RF,,4U1543-47,70128-01-01-01,BH,0.5320416014439476,0.5320416014439476,0.5,BH,H+T-RF
S1-HF,H+T-RF,,4U1543-47,70124-02-09-00,BH,0.7273378170820367,0.7273378170820367,0.5,BH,H+T-RF
S1-HF,H+T-RF,,4U1543-47,70124-02-10-00,BH,0.8948595261659131,0.8948595261659131,0.5,BH,H+T-RF
S1-HF,H+T-RF,,4U1543-47,70124-02-14-00,BH,0.4529337284033598,0.4529337284033598,0.5,NS,H+T-RF
S1-HF,H+T-RF,,GX339-4,80132-01-22-00,BH,0.9858360743201385,0.9858360743201385,0.5,BH,H+T-RF
S1-HF,H+T-RF,,GX339-4,92034-08-01-00,BH,0.9167095016631809,0.9167095016631809,0.5,BH,H+T-RF
S1-HF,H+T-RF,,GX339-4,92035-01-03-03,BH,0.26594394912473696,0.26594394912473696,0.5,NS,H+T-RF
S1-HF,H+T-RF,,GX339-4,92704-03-13-00,BH,0.253788560586917,0.253788560586917,0.5,NS,H+T-RF
S1-HF,H+T-RF,,GX339-4,92704-03-22-00,BH,0.8718900147319858,0.8718900147319858,0.5,BH,H+T-RF
S1-HF,H+T-RF,,GX339-4,92704-03-45-01,BH,0.9879012217501112,0.9879012217501112,0.5,BH,H+T-RF
S1-HF,H+T-RF,,XTEJ1650-500,60113-01-06-00,BH,0.21608286107285096,0.21608286107285096,0.5,NS,H+T-RF
S1-HF,H+T-RF,,XTEJ1650-500,60113-01-09-00,BH,0.18672388865714595,0.18672388865714593,0.5,NS,H+T-RF
S1-HF,H+T-RF,,XTEJ1650-500,60113-01-11-01,BH,0.2742679556079458,0.2742679556079458,0.5,NS,H+T-RF
S1-HF,H+T-RF,,XTEJ1650-500,60118-02-14-00,BH,0.22400962645119138,0.22400962645119138,0.5,NS,H+T-RF
S1-HF,H+T-RF,,XTEJ1650-500,60118-02-20-00,BH,0.5929398964230904,0.5929398964230904,0.5,BH,H+T-RF
S1-HF,H+T-RF,,XTEJ1650-500,60118-02-28-00,BH,0.781495664391336,0.781495664391336,0.5,BH,H+T-RF
S1-HF,H+T-RF,,XTEJ1650-500,70124-01-02-00,BH,0.9226329910899868,0.9226329910899868,0.5,BH,H+T-RF
S1-HF,H+T-RF,,XTEJ1118+480,50407-01-07-01,BH,0.9258533931578808,0.9258533931578808,0.5,BH,H+T-RF
S1-HF,H+T-RF,,XTEJ1118+480,50407-01-09-00,BH,0.9341617089723396,0.9341617089723396,0.5,BH,H+T-RF
S1-HF,H+T-RF,,XTEJ1118+480,50407-01-10-01,BH,0.9519860374170538,0.9519860374170538,0.5,BH,H+T-RF
S1-HF,H+T-RF,,XTEJ1118+480,50407-01-13-02,BH,0.6895981075460716,0.6895981075460716,0.5,BH,H+T-RF
S1-HF,H+T-RF,,XTEJ1118+480,50407-01-14-02,BH,0.6420527723979955,0.6420527723979955,0.5,BH,H+T-RF
S1-HF,H+T-RF,,XTEJ1118+480,50407-01-16-00,BH,0.5108376625621779,0.5108376625621779,0.5,BH,H+T-RF
S1-HF,H+T-RF,,4U1636-53,94087-01-16-00,NS,0.006201858175176711,0.006201858175176685,0.5,NS,H+T-RF
S1-HF,H+T-RF,,4U1608-52,70069-01-04-03,NS,0.007616116625310199,0.007616116625310174,0.5,NS,H+T-RF
S1-HF,H+T-RF,,4U1608-52,90408-01-03-03,NS,0.008832403371235809,0.0088324033712358,0.5,NS,H+T-RF
S1-HF,H+T-RF,,4U1608-52,93408-01-14-00,NS,0.030037291229460972,0.03003729122946099,0.5,NS,H+T-RF
S1-HF,H+T-RF,,4U1608-52,93408-01-27-03,NS,0.02902552718004392,0.029025527180043895,0.5,NS,H+T-RF
S1-HF,H+T-RF,,4U1728-34,50030-03-05-03,NS,0.013325898617829679,0.013325898617829665,0.5,NS,H+T-RF
S1-HF,H+T-RF,,4U1728-34,92023-03-44-00,NS,0.01847393708306916,0.018473937083069162,0.5,NS,H+T-RF
S1-HF,H+T-RF,,4U1728-34,92023-03-49-00,NS,0.0,0.0,0.5,NS,H+T-RF
S1-HF,H+T-RF,,4U1728-34,92023-03-70-00,NS,0.08017395836587432,0.0801739583658743,0.5,NS,H+T-RF
S1-HF,H+T-RF,,AQLX1,80403-01-03-00,NS,0.2632444288838095,0.2632444288838095,0.5,NS,H+T-RF
S1-HF,H+T-RF,,AQLX1,91028-01-29-00,NS,0.04188597811405337,0.041885978114053375,0.5,NS,H+T-RF
S1-HF,H+T-RF,,AQLX1,92438-01-02-02,NS,0.43160610247413983,0.43160610247413983,0.5,NS,H+T-RF
S1-HF,H+T-RF,,AQLX1,94076-01-03-04,NS,0.18921776738306778,0.18921776738306778,0.5,NS,H+T-RF
S1-HF,H+T-RF,,EXO0748-676,60042-03-01-00,NS,0.28981163766118806,0.28981163766118806,0.5,NS,H+T-RF
S1-HF,H+T-RF,,EXO0748-676,92019-01-06-03,NS,0.011634258978169831,0.01163425897816981,0.5,NS,H+T-RF
S1-HF,H+T-RF,,EXO0748-676,92019-01-26-01,NS,0.06816799915013405,0.06816799915013406,0.5,NS,H+T-RF
S1-HF,H+T-RF,,4U1323-619,90062-03-01-02,NS,0.09338752492846791,0.09338752492846791,0.5,NS,H+T-RF
S1-HF,H+T-RF,,4U1323-619,90062-03-01-01,NS,0.13041514368962492,0.13041514368962495,0.5,NS,H+T-RF
S1-HF,H+T-RF,,4U1323-619,95442-01-01-01,NS,0.06826578772989944,0.06826578772989944,0.5,NS,H+T-RF
S1-HF,H+T-RF,,4U1323-619,95442-01-01-02,NS,0.3342817035355013,0.3342817035355013,0.5,NS,H+T-RF
S1-HF,H+T-RF,,4U1323-619,96405-01-01-00,NS,0.05108285796877576,0.051082857968775756,0.5,NS,H+T-RF
S1-HF,H+T-RF,,4U1323-619,96405-01-01-01,NS,0.276153097387023,0.276153097387023,0.5,NS,H+T-RF
S1-HF,H+T-RF,,4U1323-619,96405-01-02-00,NS,0.028885484724628985,0.028885484724628974,0.5,NS,H+T-RF
S1-HF,H+T-RF,,4U1323-619,96405-01-04-00,NS,0.0519122946827017,0.05191229468270169,0.5,NS,H+T-RF
S1-HF,H+T-RF,,4U1323-619,96405-01-05-00,NS,0.03329526896896767,0.03329526896896766,0.5,NS,H+T-RF
S1-HF,H+T-RF,,4U1323-619,96405-01-05-01,NS,0.07370622345062511,0.07370622345062511,0.5,NS,H+T-RF
S1-HF,H+T-RF,,4U1323-619,96405-01-05-02,NS,0.12407466244661985,0.12407466244661984,0.5,NS,H+T-RF
S1-HF,H+T-RF,,4U1323-619,96405-01-05-03,NS,0.06257102406640352,0.06257102406640352,0.5,NS,H+T-RF
S1-HF,H+T-RF,,MXB1658-298,50410-01-05-00,NS,0.513256877558156,0.513256877558156,0.5,BH,H+T-RF
S1-HF,H+T-RF,,4U1702-429,50029-27-01-000,NS,0.019951841249337743,0.019951841249337764,0.5,NS,H+T-RF
S1-HF,H+T-RF,,4U1702-429,50030-01-04-00,NS,0.0478712953491785,0.047871295349178486,0.5,NS,H+T-RF
S1-HF,H+T-RF,,4U1702-429,50030-01-09-03,NS,0.00872578957821818,0.008725789578218155,0.5,NS,H+T-RF
S1-HF,H+T-RF,,4U1702-429,80033-01-01-01,NS,0.014565507276087575,0.014565507276087557,0.5,NS,H+T-RF
S1-HF,H+T-RF,,4U1702-429,80033-01-18-02,NS,0.004795820877122714,0.004795820877122692,0.5,NS,H+T-RF
S1-HF,H+T-RF,,4U1702-429,80033-01-21-03,NS,0.024501569717377325,0.024501569717377332,0.5,NS,H+T-RF
S1-HF,H+T-RF,,4U1705-44,91039-01-01-61,NS,0.06214733292021268,0.06214733292021271,0.5,NS,H+T-RF
S1-HF,H+T-RF,,4U1705-44,93060-01-05-00,NS,0.0268426246810482,0.026842624681048182,0.5,NS,H+T-RF
S1-HF,H+T-RF,,4U1705-44,95060-01-35-00,NS,0.023142538896618436,0.023142538896618426,0.5,NS,H+T-RF
S1-HF,H+T-RF,,4U1724-307,60034-02-01-01,NS,0.5783137990728273,0.5783137990728273,0.5,BH,H+T-RF
S1-HF,H+T-RF,,4U1724-307,60034-02-02-02,NS,0.5542715963927842,0.5542715963927842,0.5,BH,H+T-RF
S1-HF,H+T-RF,,4U1724-307,60034-02-03-10,NS,0.5665406074888238,0.5665406074888238,0.5,BH,H+T-RF
S1-HF,H+T-RF,,4U1724-307,60034-02-05-01,NS,0.6356257279795922,0.6356257279795922,0.5,BH,H+T-RF
S1-HF,H+T-RF,,4U1724-307,93044-06-04-00,NS,0.14110599210977026,0.14110599210977023,0.5,NS,H+T-RF
S1-HF,H+T-RF,,4U1724-307,93044-06-07-00,NS,0.19318699213757562,0.1931869921375756,0.5,NS,H+T-RF
S1-HF,H+T-RF,,4U1724-307,93438-01-02-03,NS,0.524916450631275,0.524916450631275,0.5,BH,H+T-RF
S1-HF,H+T-RF,,4U1724-307,93438-01-04-00,NS,0.5023864735866097,0.5023864735866097,0.5,BH,H+T-RF
S1-HF,H+T-RF,,4U1724-307,93438-01-07-01,NS,0.7121879795233858,0.7121879795233858,0.5,BH,H+T-RF
S1-HF,H+T-RF,,KS1731-260,50031-02-01-09,NS,0.022723958340309325,0.022723958340309325,0.5,NS,H+T-RF
S1-HF,H+T-RF,,KS1731-260,50031-02-01-12,NS,0.02578104278425697,0.025781042784256976,0.5,NS,H+T-RF
S1-HF,H+T-RF,,KS1731-260,50031-02-01-02,NS,0.03635350932949116,0.036353509329491177,0.5,NS,H+T-RF
S1-HF,H+T-RF,,KS1731-260,50031-02-01-05,NS,0.017345330684048643,0.01734533068404867,0.5,NS,H+T-RF
S1-HF,H+T-RF,,KS1731-260,50031-02-01-08,NS,0.02316298895402924,0.02316298895402923,0.5,NS,H+T-RF
S1-HF,H+T-RF,,KS1731-260,50031-02-02-06,NS,0.04397861246431428,0.043978612464314296,0.5,NS,H+T-RF
S1-HF,H+T-RF,,KS1731-260,50031-02-02-02,NS,0.07266617729929081,0.07266617729929079,0.5,NS,H+T-RF
S1-HF,H+T-RF,,KS1731-260,50031-02-02-03,NS,0.03577686231899829,0.0357768623189983,0.5,NS,H+T-RF
S1-HF,H+T-RF,,KS1731-260,50031-02-02-080,NS,0.04873249140719582,0.0487324914071958,0.5,NS,H+T-RF
S1-HF,H+T-RF,,KS1731-260,50031-02-03-04,NS,0.05458675263612739,0.05458675263612738,0.5,NS,H+T-RF
S1-HF,H+T-RF,,SLX1735-269,60034-01-01-00,NS,0.005490177585572298,0.005490177585572322,0.5,NS,H+T-RF
S1-HF,H+T-RF,,SLX1735-269,60034-01-02-02,NS,0.1616980035173135,0.1616980035173135,0.5,NS,H+T-RF
S1-HF,H+T-RF,,SLX1735-269,80138-03-02-00,NS,0.04053239712547807,0.040532397125478084,0.5,NS,H+T-RF
S1-HF,H+T-RF,,SLX1735-269,96429-01-02-02,NS,0.8047313085282416,0.8047313085282416,0.5,BH,H+T-RF
S1-HF,H+T-RF,,SLX1735-269,96429-01-06-01,NS,0.786036147673592,0.786036147673592,0.5,BH,H+T-RF
S1-HF,H+T-RF,,SLX1735-269,96429-01-08-03,NS,0.7752757709653053,0.7752757709653053,0.5,BH,H+T-RF
S1-HF,H+T-RF,,SAXJ1808.4-3658,70080-01-02-04,NS,0.03247976708940603,0.03247976708940604,0.5,NS,H+T-RF
S1-HF,H+T-RF,,SAXJ1808.4-3658,70080-01-02-22,NS,0.029944803801819075,0.02994480380181906,0.5,NS,H+T-RF
S1-HF,H+T-RF,,SAXJ1808.4-3658,70080-01-03-010,NS,0.2322646079126826,0.2322646079126826,0.5,NS,H+T-RF
S1-HF,H+T-RF,,SAXJ1808.4-3658,70080-02-01-03,NS,0.7300795929358993,0.7300795929358993,0.5,BH,H+T-RF
S1-HF,H+T-RF,,SAXJ1808.4-3658,70080-02-02-35,NS,0.08069856005284004,0.08069856005284004,0.5,NS,H+T-RF
S1-HF,H+T-RF,,SAXJ1808.4-3658,70080-03-13-00,NS,0.7112345839515377,0.7112345839515377,0.5,BH,H+T-RF
S1-HF,H+T-RF,,SAXJ1808.4-3658,70080-03-20-13,NS,0.6364366494325434,0.6364366494325434,0.5,BH,H+T-RF
S1-HF,H+T-RF,,SAXJ1808.4-3658,70080-03-22-00,NS,0.5571405165491117,0.5571405165491117,0.5,BH,H+T-RF
S1-HF,H+T-RF,,SAXJ1808.4-3658,96027-01-01-00,NS,0.20048684568378916,0.20048684568378916,0.5,NS,H+T-RF
S1-HF,H+T-RF,,SAXJ1808.4-3658,96027-01-02-00,NS,0.01684346925162644,0.01684346925162643,0.5,NS,H+T-RF
S1-HF,H+T-RF,,XTEJ1814-338,80145-02-01-01,NS,0.022832791115343254,0.02283279111534323,0.5,NS,H+T-RF
S1-HF,H+T-RF,,XTEJ1814-338,80418-01-01-07,NS,0.03332197439114576,0.03332197439114575,0.5,NS,H+T-RF
S1-HF,H+T-RF,,XTEJ1814-338,80418-01-02-00,NS,0.023749317745181353,0.02374931774518134,0.5,NS,H+T-RF
S1-HF,H+T-RF,,XTEJ1814-338,80418-01-02-08,NS,0.05428701267042557,0.054287012670425544,0.5,NS,H+T-RF
S1-HF,H+T-RF,,XTEJ1814-338,80418-01-02-05,NS,0.04179931924053021,0.04179931924053022,0.5,NS,H+T-RF
S1-HF,H+T-RF,,XTEJ1814-338,80418-01-03-02,NS,0.031370781450778096,0.031370781450778124,0.5,NS,H+T-RF
S1-HF,H+T-RF,,XTEJ1814-338,80418-01-03-08,NS,0.022613033520844095,0.022613033520844115,0.5,NS,H+T-RF
S1-HF,H+T-RF,,XTEJ1814-338,80418-01-04-03,NS,0.023351226259788804,0.023351226259788815,0.5,NS,H+T-RF
S1-HF,H+T-RF,,XTEJ1814-338,80418-01-05-00,NS,0.026829106855342177,0.02682910685534217,0.5,NS,H+T-RF
S1-HF,H+T-RF,,XTEJ1814-338,80418-01-06-00,NS,0.06525071044819014,0.06525071044819014,0.5,NS,H+T-RF
S1-HF,H+T-RF,,XTEJ1814-338,80418-01-06-02,NS,0.08965078412592142,0.08965078412592142,0.5,NS,H+T-RF
S1-HF,H+T-RF,,4U1820-30,94090-01-02-01,NS,0.009334398015179712,0.009334398015179709,0.5,NS,H+T-RF
S1-HF,H+T-RF,,GS1826-238,50035-01-02-00,NS,0.15394615686655133,0.1539461568665513,0.5,NS,H+T-RF
S1-HF,H+T-RF,,GS1826-238,50035-01-03-02,NS,0.2674475924069328,0.2674475924069328,0.5,NS,H+T-RF
S1-HF,H+T-RF,,GS1826-238,50035-01-03-04,NS,0.1308557382942917,0.1308557382942917,0.5,NS,H+T-RF
S1-HF,H+T-RF,,GS1826-238,50035-01-03-090,NS,0.13447564619289826,0.13447564619289826,0.5,NS,H+T-RF
S1-HF,H+T-RF,,GS1826-238,80048-01-01-09,NS,0.0028872180451127716,0.002887218045112782,0.5,NS,H+T-RF
S1-HF,H+T-RF,,GS1826-238,80048-01-01-14,NS,0.0028872180451127716,0.002887218045112782,0.5,NS,H+T-RF
S1-HF,H+T-RF,,GS1826-238,80049-01-01-00,NS,0.1489966867369854,0.1489966867369854,0.5,NS,H+T-RF
S1-HF,H+T-RF,,GS1826-238,90043-01-01-02,NS,0.1590824691883576,0.1590824691883576,0.5,NS,H+T-RF
S1-HF,H+T-RF,,GS1826-238,70044-01-03-00,NS,0.19283156105877386,0.1928315610587739,0.5,NS,H+T-RF
S1-HF,H+T-RF,,GS1826-238,92703-01-04-02,NS,0.16155541267762025,0.16155541267762025,0.5,NS,H+T-RF
S1-HF,H+T-RF,,GS1826-238,70044-01-04-00,NS,0.12719839056200866,0.12719839056200868,0.5,NS,H+T-RF
S1-HF,H+T-RF,,GS1826-238,91017-01-02-05,NS,0.14703247326193764,0.14703247326193764,0.5,NS,H+T-RF
S1-HF,H+T-RF,,GS1826-238,91017-01-02-03,NS,0.11448157934218867,0.11448157934218865,0.5,NS,H+T-RF
S1-HF,H+T-RF,,GS1826-238,91017-01-02-10,NS,0.1799667133995585,0.1799667133995585,0.5,NS,H+T-RF
S1-HF,H+T-RF,,GS1826-238,96306-01-01-01,NS,0.14137153696288185,0.14137153696288185,0.5,NS,H+T-RF
S1-HF,H+T-RF,,HETEJ1900.1-245,91015-01-07-00,NS,0.2899593859679113,0.2899593859679113,0.5,NS,H+T-RF
S1-HF,H+T-RF,,HETEJ1900.1-245,91059-03-03-00,NS,0.20638151875039368,0.20638151875039368,0.5,NS,H+T-RF
S1-HF,H+T-RF,,HETEJ1900.1-245,91057-01-07-04,NS,0.3162358522702352,0.3162358522702352,0.5,NS,H+T-RF
S1-HF,H+T-RF,,HETEJ1900.1-245,92049-01-05-00,NS,0.31586962668163315,0.31586962668163315,0.5,NS,H+T-RF
S1-HF,H+T-RF,,HETEJ1900.1-245,92049-01-07-00,NS,0.19836332505017668,0.19836332505017668,0.5,NS,H+T-RF
S1-HF,H+T-RF,,HETEJ1900.1-245,92049-01-40-00,NS,0.1204862922772475,0.12048629227724751,0.5,NS,H+T-RF
S1-HF,H+T-RF,,HETEJ1900.1-245,93030-01-47-00,NS,0.14335194437063137,0.1433519443706314,0.5,NS,H+T-RF
S1-HF,H+T-RF,,HETEJ1900.1-245,94030-01-05-00,NS,0.2581474647776416,0.2581474647776416,0.5,NS,H+T-RF
S1-HF,H+T-RF,,HETEJ1900.1-245,94030-01-36-00,NS,0.25980188712022734,0.25980188712022734,0.5,NS,H+T-RF
S1-HF,H+T-RF,,HETEJ1900.1-245,96030-01-01-01,NS,0.3790802817198474,0.3790802817198474,0.5,NS,H+T-RF
S1-HF,H+T-RF,,HETEJ1900.1-245,96030-01-25-00,NS,0.47152408820365416,0.47152408820365416,0.5,NS,H+T-RF
S1-HF,H+T+HF-RF,,GROJ1655-40,90428-01-01-07,BH,0.7476549159083655,0.7476549159083655,0.5,BH,H+T+HF-RF
S1-HF,H+T+HF-RF,,XTEJ1550-564,50135-01-08-00,BH,0.6382399510822176,0.6382399510822176,0.5,BH,H+T+HF-RF
S1-HF,H+T+HF-RF,,XTEJ1550-564,50135-01-15-00,BH,0.8656808308310676,0.8656808308310676,0.5,BH,H+T+HF-RF
S1-HF,H+T+HF-RF,,XTEJ1550-564,50135-01-19-00,BH,0.4765938329281202,0.4765938329281202,0.5,NS,H+T+HF-RF
S1-HF,H+T+HF-RF,,XTEJ1550-564,50135-01-23-00,BH,0.3161097597246738,0.3161097597246738,0.5,NS,H+T+HF-RF
S1-HF,H+T+HF-RF,,XTEJ1550-564,50137-02-09-00,BH,0.9418917922688809,0.9418917922688809,0.5,BH,H+T+HF-RF
S1-HF,H+T+HF-RF,,XTEJ1550-564,60428-01-03-00,BH,0.9208808997130427,0.9208808997130427,0.5,BH,H+T+HF-RF
S1-HF,H+T+HF-RF,,XTEJ1550-564,60428-01-05-00,BH,0.9386986498773922,0.9386986498773922,0.5,BH,H+T+HF-RF
S1-HF,H+T+HF-RF,,XTEJ1550-564,60428-01-09-00,BH,0.9057241709494634,0.9057241709494634,0.5,BH,H+T+HF-RF
S1-HF,H+T+HF-RF,,XTEJ1550-564,60428-01-15-00,BH,0.6968763689727742,0.6968763689727742,0.5,BH,H+T+HF-RF
S1-HF,H+T+HF-RF,,XTEJ1550-564,80135-01-02-01,BH,0.9115660150170258,0.9115660150170258,0.5,BH,H+T+HF-RF
S1-HF,H+T+HF-RF,,XTEJ1550-564,80135-01-03-10,BH,0.9181697886019315,0.9181697886019315,0.5,BH,H+T+HF-RF
S1-HF,H+T+HF-RF,,XTEJ1550-564,80135-01-04-02,BH,0.9172104594614704,0.9172104594614704,0.5,BH,H+T+HF-RF
S1-HF,H+T+HF-RF,,XTEJ1550-564,80135-01-05-10,BH,0.933799988906638,0.933799988906638,0.5,BH,H+T+HF-RF
S1-HF,H+T+HF-RF,,4U1543-47,70128-01-01-01,BH,0.4122877664794573,0.4122877664794573,0.5,NS,H+T+HF-RF
S1-HF,H+T+HF-RF,,4U1543-47,70124-02-09-00,BH,0.8069696172300963,0.8069696172300963,0.5,BH,H+T+HF-RF
S1-HF,H+T+HF-RF,,4U1543-47,70124-02-10-00,BH,0.83526693325126,0.83526693325126,0.5,BH,H+T+HF-RF
S1-HF,H+T+HF-RF,,4U1543-47,70124-02-14-00,BH,0.31173121507365514,0.31173121507365514,0.5,NS,H+T+HF-RF
S1-HF,H+T+HF-RF,,GX339-4,80132-01-22-00,BH,0.8905189395082853,0.8905189395082853,0.5,BH,H+T+HF-RF
S1-HF,H+T+HF-RF,,GX339-4,92034-08-01-00,BH,0.8981656475492988,0.8981656475492988,0.5,BH,H+T+HF-RF
S1-HF,H+T+HF-RF,,GX339-4,92035-01-03-03,BH,0.5373731479876256,0.5373731479876256,0.5,BH,H+T+HF-RF
S1-HF,H+T+HF-RF,,GX339-4,92704-03-13-00,BH,0.3512676158960798,0.3512676158960798,0.5,NS,H+T+HF-RF
S1-HF,H+T+HF-RF,,GX339-4,92704-03-22-00,BH,0.7192320049474547,0.7192320049474547,0.5,BH,H+T+HF-RF
S1-HF,H+T+HF-RF,,GX339-4,92704-03-45-01,BH,0.8093488053501514,0.8093488053501514,0.5,BH,H+T+HF-RF
S1-HF,H+T+HF-RF,,XTEJ1650-500,60113-01-06-00,BH,0.3610159985709401,0.3610159985709401,0.5,NS,H+T+HF-RF
S1-HF,H+T+HF-RF,,XTEJ1650-500,60113-01-09-00,BH,0.349777606861428,0.349777606861428,0.5,NS,H+T+HF-RF
S1-HF,H+T+HF-RF,,XTEJ1650-500,60113-01-11-01,BH,0.3687903911711059,0.3687903911711059,0.5,NS,H+T+HF-RF
S1-HF,H+T+HF-RF,,XTEJ1650-500,60118-02-14-00,BH,0.3552763030380334,0.3552763030380334,0.5,NS,H+T+HF-RF
S1-HF,H+T+HF-RF,,XTEJ1650-500,60118-02-20-00,BH,0.6874026755502964,0.6874026755502964,0.5,BH,H+T+HF-RF
S1-HF,H+T+HF-RF,,XTEJ1650-500,60118-02-28-00,BH,0.7475509087552913,0.7475509087552913,0.5,BH,H+T+HF-RF
S1-HF,H+T+HF-RF,,XTEJ1650-500,70124-01-02-00,BH,0.8499078779630768,0.8499078779630768,0.5,BH,H+T+HF-RF
S1-HF,H+T+HF-RF,,XTEJ1118+480,50407-01-07-01,BH,0.9040876601703093,0.9040876601703093,0.5,BH,H+T+HF-RF
S1-HF,H+T+HF-RF,,XTEJ1118+480,50407-01-09-00,BH,0.9087971872399301,0.9087971872399301,0.5,BH,H+T+HF-RF
S1-HF,H+T+HF-RF,,XTEJ1118+480,50407-01-10-01,BH,0.9647186045497245,0.9647186045497245,0.5,BH,H+T+HF-RF
S1-HF,H+T+HF-RF,,XTEJ1118+480,50407-01-13-02,BH,0.6186397916638061,0.6186397916638061,0.5,BH,H+T+HF-RF
S1-HF,H+T+HF-RF,,XTEJ1118+480,50407-01-14-02,BH,0.510083295760305,0.510083295760305,0.5,BH,H+T+HF-RF
S1-HF,H+T+HF-RF,,XTEJ1118+480,50407-01-16-00,BH,0.464859235031051,0.464859235031051,0.5,NS,H+T+HF-RF
S1-HF,H+T+HF-RF,,4U1636-53,94087-01-16-00,NS,0.0,0.0,0.5,NS,H+T+HF-RF
S1-HF,H+T+HF-RF,,4U1608-52,70069-01-04-03,NS,0.023654918386613155,0.023654918386613155,0.5,NS,H+T+HF-RF
S1-HF,H+T+HF-RF,,4U1608-52,90408-01-03-03,NS,0.08542692432555155,0.08542692432555156,0.5,NS,H+T+HF-RF
S1-HF,H+T+HF-RF,,4U1608-52,93408-01-14-00,NS,0.037731704335395466,0.03773170433539545,0.5,NS,H+T+HF-RF
S1-HF,H+T+HF-RF,,4U1608-52,93408-01-27-03,NS,0.020196635535341845,0.020196635535341862,0.5,NS,H+T+HF-RF
S1-HF,H+T+HF-RF,,4U1728-34,50030-03-05-03,NS,0.0,0.0,0.5,NS,H+T+HF-RF
S1-HF,H+T+HF-RF,,4U1728-34,92023-03-44-00,NS,0.011145163992348661,0.011145163992348649,0.5,NS,H+T+HF-RF
S1-HF,H+T+HF-RF,,4U1728-34,92023-03-49-00,NS,0.007876945878415031,0.00787694587841501,0.5,NS,H+T+HF-RF
S1-HF,H+T+HF-RF,,4U1728-34,92023-03-70-00,NS,0.021280775641578265,0.021280775641578254,0.5,NS,H+T+HF-RF
S1-HF,H+T+HF-RF,,AQLX1,80403-01-03-00,NS,0.2101156175781737,0.2101156175781737,0.5,NS,H+T+HF-RF
S1-HF,H+T+HF-RF,,AQLX1,91028-01-29-00,NS,0.00843097775240631,0.008430977752406324,0.5,NS,H+T+HF-RF
S1-HF,H+T+HF-RF,,AQLX1,92438-01-02-02,NS,0.28042627064321457,0.28042627064321457,0.5,NS,H+T+HF-RF
S1-HF,H+T+HF-RF,,AQLX1,94076-01-03-04,NS,0.06767758541276947,0.06767758541276947,0.5,NS,H+T+HF-RF
S1-HF,H+T+HF-RF,,EXO0748-676,60042-03-01-00,NS,0.1880220909584086,0.18802209095840863,0.5,NS,H+T+HF-RF
S1-HF,H+T+HF-RF,,EXO0748-676,92019-01-06-03,NS,0.4132374977871416,0.4132374977871416,0.5,NS,H+T+HF-RF
S1-HF,H+T+HF-RF,,EXO0748-676,92019-01-26-01,NS,0.07820444787343817,0.07820444787343818,0.5,NS,H+T+HF-RF
S1-HF,H+T+HF-RF,,4U1323-619,90062-03-01-02,NS,0.13904710201558357,0.13904710201558357,0.5,NS,H+T+HF-RF
S1-HF,H+T+HF-RF,,4U1323-619,90062-03-01-01,NS,0.19525290233262727,0.1952529023326273,0.5,NS,H+T+HF-RF
S1-HF,H+T+HF-RF,,4U1323-619,95442-01-01-01,NS,0.2040480418778346,0.2040480418778346,0.5,NS,H+T+HF-RF
S1-HF,H+T+HF-RF,,4U1323-619,95442-01-01-02,NS,0.3950105882726664,0.3950105882726664,0.5,NS,H+T+HF-RF
S1-HF,H+T+HF-RF,,4U1323-619,96405-01-01-00,NS,0.19681328792198233,0.19681328792198233,0.5,NS,H+T+HF-RF
S1-HF,H+T+HF-RF,,4U1323-619,96405-01-01-01,NS,0.3040422445531045,0.3040422445531045,0.5,NS,H+T+HF-RF
S1-HF,H+T+HF-RF,,4U1323-619,96405-01-02-00,NS,0.14793356644537226,0.14793356644537226,0.5,NS,H+T+HF-RF
S1-HF,H+T+HF-RF,,4U1323-619,96405-01-04-00,NS,0.16207366192661415,0.16207366192661415,0.5,NS,H+T+HF-RF
S1-HF,H+T+HF-RF,,4U1323-619,96405-01-05-00,NS,0.046360649201262094,0.046360649201262115,0.5,NS,H+T+HF-RF
S1-HF,H+T+HF-RF,,4U1323-619,96405-01-05-01,NS,0.15160646985762782,0.1516064698576278,0.5,NS,H+T+HF-RF
S1-HF,H+T+HF-RF,,4U1323-619,96405-01-05-02,NS,0.1705943763627526,0.1705943763627526,0.5,NS,H+T+HF-RF
S1-HF,H+T+HF-RF,,4U1323-619,96405-01-05-03,NS,0.13121403087898031,0.13121403087898031,0.5,NS,H+T+HF-RF
S1-HF,H+T+HF-RF,,MXB1658-298,50410-01-05-00,NS,0.24047088499382985,0.24047088499382982,0.5,NS,H+T+HF-RF
S1-HF,H+T+HF-RF,,4U1702-429,50029-27-01-000,NS,0.009205526321791335,0.009205526321791346,0.5,NS,H+T+HF-RF
S1-HF,H+T+HF-RF,,4U1702-429,50030-01-04-00,NS,0.01074553248343818,0.010745532483438179,0.5,NS,H+T+HF-RF
S1-HF,H+T+HF-RF,,4U1702-429,50030-01-09-03,NS,0.0046581513371728445,0.004658151337172835,0.5,NS,H+T+HF-RF
S1-HF,H+T+HF-RF,,4U1702-429,80033-01-01-01,NS,0.00526864596670934,0.005268645966709347,0.5,NS,H+T+HF-RF
S1-HF,H+T+HF-RF,,4U1702-429,80033-01-18-02,NS,0.0,0.0,0.5,NS,H+T+HF-RF
S1-HF,H+T+HF-RF,,4U1702-429,80033-01-21-03,NS,0.006130930836415138,0.006130930836415139,0.5,NS,H+T+HF-RF
S1-HF,H+T+HF-RF,,4U1705-44,91039-01-01-61,NS,0.008518265971267924,0.008518265971267912,0.5,NS,H+T+HF-RF
S1-HF,H+T+HF-RF,,4U1705-44,93060-01-05-00,NS,0.006570046409768937,0.0065700464097689214,0.5,NS,H+T+HF-RF
S1-HF,H+T+HF-RF,,4U1705-44,95060-01-35-00,NS,0.0020000000000000018,0.002,0.5,NS,H+T+HF-RF
S1-HF,H+T+HF-RF,,4U1724-307,60034-02-01-01,NS,0.4733435703311299,0.4733435703311299,0.5,NS,H+T+HF-RF
S1-HF,H+T+HF-RF,,4U1724-307,60034-02-02-02,NS,0.49822580920335174,0.49822580920335174,0.5,NS,H+T+HF-RF
S1-HF,H+T+HF-RF,,4U1724-307,60034-02-03-10,NS,0.551922162847213,0.551922162847213,0.5,BH,H+T+HF-RF
S1-HF,H+T+HF-RF,,4U1724-307,60034-02-05-01,NS,0.4967107575246532,0.4967107575246532,0.5,NS,H+T+HF-RF
S1-HF,H+T+HF-RF,,4U1724-307,93044-06-04-00,NS,0.29197834944924234,0.29197834944924234,0.5,NS,H+T+HF-RF
S1-HF,H+T+HF-RF,,4U1724-307,93044-06-07-00,NS,0.13825051181028525,0.13825051181028528,0.5,NS,H+T+HF-RF
S1-HF,H+T+HF-RF,,4U1724-307,93438-01-02-03,NS,0.5451122074645081,0.5451122074645081,0.5,BH,H+T+HF-RF
S1-HF,H+T+HF-RF,,4U1724-307,93438-01-04-00,NS,0.42607514498970717,0.42607514498970717,0.5,NS,H+T+HF-RF
S1-HF,H+T+HF-RF,,4U1724-307,93438-01-07-01,NS,0.6611564937247698,0.6611564937247698,0.5,BH,H+T+HF-RF
S1-HF,H+T+HF-RF,,KS1731-260,50031-02-01-09,NS,0.007039200177738292,0.0070392001777382805,0.5,NS,H+T+HF-RF
S1-HF,H+T+HF-RF,,KS1731-260,50031-02-01-12,NS,0.04916663398955995,0.049166633989559935,0.5,NS,H+T+HF-RF
S1-HF,H+T+HF-RF,,KS1731-260,50031-02-01-02,NS,0.007154285714285724,0.007154285714285714,0.5,NS,H+T+HF-RF
S1-HF,H+T+HF-RF,,KS1731-260,50031-02-01-05,NS,0.010308571428571445,0.010308571428571427,0.5,NS,H+T+HF-RF
S1-HF,H+T+HF-RF,,KS1731-260,50031-02-01-08,NS,0.008308571428571443,0.008308571428571427,0.5,NS,H+T+HF-RF
S1-HF,H+T+HF-RF,,KS1731-260,50031-02-02-06,NS,0.028698964803312632,0.02869896480331262,0.5,NS,H+T+HF-RF
S1-HF,H+T+HF-RF,,KS1731-260,50031-02-02-02,NS,0.06992651079723528,0.06992651079723528,0.5,NS,H+T+HF-RF
S1-HF,H+T+HF-RF,,KS1731-260,50031-02-02-03,NS,0.0548074746473981,0.05480747464739813,0.5,NS,H+T+HF-RF
S1-HF,H+T+HF-RF,,KS1731-260,50031-02-02-080,NS,0.028080910973084905,0.02808091097308488,0.5,NS,H+T+HF-RF
S1-HF,H+T+HF-RF,,KS1731-260,50031-02-03-04,NS,0.013945714774903972,0.013945714774903958,0.5,NS,H+T+HF-RF
S1-HF,H+T+HF-RF,,SLX1735-269,60034-01-01-00,NS,0.014535305210710892,0.014535305210710905,0.5,NS,H+T+HF-RF
S1-HF,H+T+HF-RF,,SLX1735-269,60034-01-02-02,NS,0.06938426865356484,0.06938426865356483,0.5,NS,H+T+HF-RF
S1-HF,H+T+HF-RF,,SLX1735-269,80138-03-02-00,NS,0.03054264952958391,0.03054264952958391,0.5,NS,H+T+HF-RF
S1-HF,H+T+HF-RF,,SLX1735-269,96429-01-02-02,NS,0.7277342447707769,0.7277342447707769,0.5,BH,H+T+HF-RF
S1-HF,H+T+HF-RF,,SLX1735-269,96429-01-06-01,NS,0.6614895513765011,0.6614895513765011,0.5,BH,H+T+HF-RF
S1-HF,H+T+HF-RF,,SLX1735-269,96429-01-08-03,NS,0.7204918251697449,0.7204918251697449,0.5,BH,H+T+HF-RF
S1-HF,H+T+HF-RF,,SAXJ1808.4-3658,70080-01-02-04,NS,0.03247088125990799,0.032470881259908,0.5,NS,H+T+HF-RF
S1-HF,H+T+HF-RF,,SAXJ1808.4-3658,70080-01-02-22,NS,0.04789683774258313,0.04789683774258311,0.5,NS,H+T+HF-RF
S1-HF,H+T+HF-RF,,SAXJ1808.4-3658,70080-01-03-010,NS,0.11033316381704739,0.11033316381704736,0.5,NS,H+T+HF-RF
S1-HF,H+T+HF-RF,,SAXJ1808.4-3658,70080-02-01-03,NS,0.5629732285928284,0.5629732285928284,0.5,BH,H+T+HF-RF
S1-HF,H+T+HF-RF,,SAXJ1808.4-3658,70080-02-02-35,NS,0.12837405772165944,0.1283740577216594,0.5,NS,H+T+HF-RF
S1-HF,H+T+HF-RF,,SAXJ1808.4-3658,70080-03-13-00,NS,0.5573785519168258,0.5573785519168258,0.5,BH,H+T+HF-RF
S1-HF,H+T+HF-RF,,SAXJ1808.4-3658,70080-03-20-13,NS,0.49313884741409486,0.49313884741409486,0.5,NS,H+T+HF-RF
S1-HF,H+T+HF-RF,,SAXJ1808.4-3658,70080-03-22-00,NS,0.3516885330764261,0.3516885330764261,0.5,NS,H+T+HF-RF
S1-HF,H+T+HF-RF,,SAXJ1808.4-3658,96027-01-01-00,NS,0.1143099429597274,0.11430994295972743,0.5,NS,H+T+HF-RF
S1-HF,H+T+HF-RF,,SAXJ1808.4-3658,96027-01-02-00,NS,0.050859146130018795,0.0508591461300188,0.5,NS,H+T+HF-RF
S1-HF,H+T+HF-RF,,XTEJ1814-338,80145-02-01-01,NS,0.02111109931722438,0.021111099317224376,0.5,NS,H+T+HF-RF
S1-HF,H+T+HF-RF,,XTEJ1814-338,80418-01-01-07,NS,0.011497923450584091,0.011497923450584075,0.5,NS,H+T+HF-RF
S1-HF,H+T+HF-RF,,XTEJ1814-338,80418-01-02-00,NS,0.011684193494411133,0.011684193494411129,0.5,NS,H+T+HF-RF
S1-HF,H+T+HF-RF,,XTEJ1814-338,80418-01-02-08,NS,0.06342938627942457,0.06342938627942458,0.5,NS,H+T+HF-RF
S1-HF,H+T+HF-RF,,XTEJ1814-338,80418-01-02-05,NS,0.010214206791386293,0.010214206791386285,0.5,NS,H+T+HF-RF
S1-HF,H+T+HF-RF,,XTEJ1814-338,80418-01-03-02,NS,0.015335754471122509,0.015335754471122513,0.5,NS,H+T+HF-RF
S1-HF,H+T+HF-RF,,XTEJ1814-338,80418-01-03-08,NS,0.04085863743648127,0.04085863743648127,0.5,NS,H+T+HF-RF
S1-HF,H+T+HF-RF,,XTEJ1814-338,80418-01-04-03,NS,0.012825895012656852,0.01282589501265684,0.5,NS,H+T+HF-RF
S1-HF,H+T+HF-RF,,XTEJ1814-338,80418-01-05-00,NS,0.0829573239459539,0.08295732394595387,0.5,NS,H+T+HF-RF
S1-HF,H+T+HF-RF,,XTEJ1814-338,80418-01-06-00,NS,0.13644672900352395,0.13644672900352395,0.5,NS,H+T+HF-RF
S1-HF,H+T+HF-RF,,XTEJ1814-338,80418-01-06-02,NS,0.13968904809012223,0.13968904809012223,0.5,NS,H+T+HF-RF
S1-HF,H+T+HF-RF,,4U1820-30,94090-01-02-01,NS,0.0,0.0,0.5,NS,H+T+HF-RF
S1-HF,H+T+HF-RF,,GS1826-238,50035-01-02-00,NS,0.08924176480701945,0.08924176480701945,0.5,NS,H+T+HF-RF
S1-HF,H+T+HF-RF,,GS1826-238,50035-01-03-02,NS,0.16834022225721956,0.1683402222572196,0.5,NS,H+T+HF-RF
S1-HF,H+T+HF-RF,,GS1826-238,50035-01-03-04,NS,0.0601177877148229,0.060117787714822915,0.5,NS,H+T+HF-RF
S1-HF,H+T+HF-RF,,GS1826-238,50035-01-03-090,NS,0.06435008268123615,0.06435008268123615,0.5,NS,H+T+HF-RF
S1-HF,H+T+HF-RF,,GS1826-238,80048-01-01-09,NS,0.0014436090225564135,0.001443609022556391,0.5,NS,H+T+HF-RF
S1-HF,H+T+HF-RF,,GS1826-238,80048-01-01-14,NS,0.002710935755229682,0.0027109357552296586,0.5,NS,H+T+HF-RF
S1-HF,H+T+HF-RF,,GS1826-238,80049-01-01-00,NS,0.08532271519222984,0.08532271519222985,0.5,NS,H+T+HF-RF
S1-HF,H+T+HF-RF,,GS1826-238,90043-01-01-02,NS,0.04295953196743407,0.04295953196743407,0.5,NS,H+T+HF-RF
S1-HF,H+T+HF-RF,,GS1826-238,70044-01-03-00,NS,0.10883862398945543,0.10883862398945543,0.5,NS,H+T+HF-RF
S1-HF,H+T+HF-RF,,GS1826-238,92703-01-04-02,NS,0.3969181793483055,0.3969181793483055,0.5,NS,H+T+HF-RF
S1-HF,H+T+HF-RF,,GS1826-238,70044-01-04-00,NS,0.12638450830540837,0.12638450830540834,0.5,NS,H+T+HF-RF
S1-HF,H+T+HF-RF,,GS1826-238,91017-01-02-05,NS,0.1254325707572358,0.12543257075723582,0.5,NS,H+T+HF-RF
S1-HF,H+T+HF-RF,,GS1826-238,91017-01-02-03,NS,0.07771282890044595,0.07771282890044598,0.5,NS,H+T+HF-RF
S1-HF,H+T+HF-RF,,GS1826-238,91017-01-02-10,NS,0.07796560201942981,0.07796560201942979,0.5,NS,H+T+HF-RF
S1-HF,H+T+HF-RF,,GS1826-238,96306-01-01-01,NS,0.0901895511349815,0.09018955113498149,0.5,NS,H+T+HF-RF
S1-HF,H+T+HF-RF,,HETEJ1900.1-245,91015-01-07-00,NS,0.16579029422371305,0.16579029422371303,0.5,NS,H+T+HF-RF
S1-HF,H+T+HF-RF,,HETEJ1900.1-245,91059-03-03-00,NS,0.04415374874478495,0.044153748744784976,0.5,NS,H+T+HF-RF
S1-HF,H+T+HF-RF,,HETEJ1900.1-245,91057-01-07-04,NS,0.3343605272225609,0.3343605272225609,0.5,NS,H+T+HF-RF
S1-HF,H+T+HF-RF,,HETEJ1900.1-245,92049-01-05-00,NS,0.33536261796769795,0.33536261796769795,0.5,NS,H+T+HF-RF
S1-HF,H+T+HF-RF,,HETEJ1900.1-245,92049-01-07-00,NS,0.16844965972728443,0.16844965972728446,0.5,NS,H+T+HF-RF
S1-HF,H+T+HF-RF,,HETEJ1900.1-245,92049-01-40-00,NS,0.025895452935395358,0.025895452935395375,0.5,NS,H+T+HF-RF
S1-HF,H+T+HF-RF,,HETEJ1900.1-245,93030-01-47-00,NS,0.32631323988981786,0.32631323988981786,0.5,NS,H+T+HF-RF
S1-HF,H+T+HF-RF,,HETEJ1900.1-245,94030-01-05-00,NS,0.0660612981311024,0.06606129813110238,0.5,NS,H+T+HF-RF
S1-HF,H+T+HF-RF,,HETEJ1900.1-245,94030-01-36-00,NS,0.053346526573407216,0.053346526573407216,0.5,NS,H+T+HF-RF
S1-HF,H+T+HF-RF,,HETEJ1900.1-245,96030-01-01-01,NS,0.20738858641831504,0.20738858641831506,0.5,NS,H+T+HF-RF
S1-HF,H+T+HF-RF,,HETEJ1900.1-245,96030-01-25-00,NS,0.2932306215979723,0.2932306215979723,0.5,NS,H+T+HF-RF
