obs_id,source_id,fold
60044-01-01-02,4U1254-690,0
60044-01-01-01,4U1254-690,0
60044-01-01-00,4U1254-690,0
60044-01-01-04,4U1254-690,0
60044-01-01-03,4U1254-690,0
60044-01-01-06,4U1254-690,0
60044-01-01-05,4U1254-690,0
60044-01-01-08,4U1254-690,0
60044-01-02-100,4U1254-690,0
60044-01-02-10,4U1254-690,0
60044-01-02-000,4U1254-690,0
60044-01-02-00,4U1254-690,0
90036-01-01-01,4U1254-690,0
90036-01-01-02,4U1254-690,0
90036-01-01-00,4U1254-690,0
90036-01-01-03,4U1254-690,0
90036-01-02-00,4U1254-690,0
93406-13-01-00,4U1254-690,0
95324-01-01-010,4U1254-690,0
95324-01-01-000,4U1254-690,0
95324-01-01-00,4U1254-690,0
95324-01-02-000,4U1254-690,0
95324-01-02-00,4U1254-690,0
95324-01-02-01,4U1254-690,0
70050-03-01-01,4U1323-619,1
70050-03-01-00,4U1323-619,1
70050-03-01-02,4U1323-619,1
90062-03-01-00,4U1323-619,1
90062-03-01-02,4U1323-619,1
90062-03-01-010,4U1323-619,1
90062-03-01-01,4U1323-619,1
95442-01-01-00,4U1323-619,1
95442-01-01-01,4U1323-619,1
95442-01-01-02,4U1323-619,1
96405-01-01-00,4U1323-619,1
96405-01-01-01,4U1323-619,1
96405-01-02-00,4U1323-619,1
96405-01-02-01,4U1323-619,1
96405-01-04-00,4U1323-619,1
96405-01-05-00,4U1323-619,1
96405-01-05-01,4U1323-619,1
96405-01-05-02,4U1323-619,1
96405-01-05-03,4U1323-619,1
70133-01-01-00,4U1543-47,2
70133-01-02-00,4U1543-47,2
70133-01-03-00,4U1543-47,2
70133-01-04-00,4U1543-47,2
70132-01-01-00,4U1543-47,2
70132-01-01-01G,4U1543-47,2
70132-01-01-02G,4U1543-47,2
70132-01-01-03G,4U1543-47,2
70133-01-12-00,4U1543-47,2
70133-01-13-00,4U1543-47,2
70133-01-14-00,4U1543-47,2
70133-01-05-00,4U1543-47,2
70133-01-06-00,4U1543-47,2
70132-01-02-01,4U1543-47,2
70132-01-02-00,4U1543-47,2
70133-01-08-00,4U1543-47,2
70133-01-09-00,4U1543-47,2
70133-01-10-00,4U1543-47,2
70133-01-11-00,4U1543-47,2
70133-01-15-00,4U1543-47,2
70133-01-17-00,4U1543-47,2
70133-01-18-00,4U1543-47,2
70133-01-19-00,4U1543-47,2
70133-01-20-00,4U1543-47,2
70133-01-21-00,4U1543-47,2
70133-01-22-00,4U1543-47,2
70133-01-23-00,4U1543-47,2
70133-01-23-01,4U1543-47,2
70133-01-24-00,4U1543-47,2
70133-01-24-01,4U1543-47,2
70133-01-25-01,4U1543-47,2
70133-01-25-00,4U1543-47,2
70133-01-26-01,4U1543-47,2
70133-01-27-00,4U1543-47,2
70133-01-27-01,4U1543-47,2
70133-01-28-01,4U1543-47,2
70133-01-28-00,4U1543-47,2
70133-01-29-00,4U1543-47,2
70132-01-03-00G,4U1543-47,2
70132-01-03-01G,4U1543-47,2
70132-01-03-02G,4U1543-47,2
70133-01-31-01,4U1543-47,2
70133-01-31-00,4U1543-47,2
70124-02-01-00,4U1543-47,2
70124-02-02-00,4U1543-47,2
70124-02-03-00,4U1543-47,2
70128-01-01-01,4U1543-47,2
70128-01-01-00,4U1543-47,2
70124-02-06-00,4U1543-47,2
70124-02-09-00,4U1543-47,2
70128-01-02-00,4U1543-47,2
70128-01-02-01,4U1543-47,2
70124-02-10-00,4U1543-47,2
70124-02-12-00,4U1543-47,2
70124-02-13-00,4U1543-47,2
70124-02-14-00,4U1543-47,2
70124-02-15-00,4U1543-47,2
70124-02-16-00,4U1543-47,2
50052-01-33-00,4U1608-52,3
50052-04-01-00,4U1608-52,3
50052-01-35-00,4U1608-52,3
50052-05-01-02,4U1608-52,3
50052-05-01-03,4U1608-52,3
50052-05-01-00,4U1608-52,3
50052-05-01-01,4U1608-52,3
50052-01-36-00,4U1608-52,3
50052-01-37-00,4U1608-52,3
50052-01-38-00,4U1608-52,3
50052-01-39-00,4U1608-52,3
60052-02-01-00,4U1608-52,3
60052-02-01-01,4U1608-52,3
60052-02-01-02,4U1608-52,3
60052-02-02-00G,4U1608-52,3
60052-02-02-01,4U1608-52,3
60052-02-02-02,4U1608-52,3
60052-02-03-00,4U1608-52,3
60052-02-03-01,4U1608-52,3
60052-02-03-02,4U1608-52,3
60052-02-04-02,4U1608-52,3
60052-02-04-01,4U1608-52,3
60052-02-04-00,4U1608-52,3
60052-02-04-03,4U1608-52,3
60052-02-04-04,4U1608-52,3
60052-02-05-00,4U1608-52,3
60052-02-05-01,4U1608-52,3
60052-02-05-03,4U1608-52,3
60052-02-05-04,4U1608-52,3
60052-02-07-00,4U1608-52,3
60052-03-01-00,4U1608-52,3
60052-03-01-01,4U1608-52,3
60052-03-01-02,4U1608-52,3
60052-03-01-03,4U1608-52,3
60052-03-01-05,4U1608-52,3
60052-03-01-06,4U1608-52,3
60052-03-02-00,4U1608-52,3
60052-03-02-01,4U1608-52,3
60052-03-02-02,4U1608-52,3
60052-03-02-03,4U1608-52,3
60052-03-02-04,4U1608-52,3
60052-03-02-06,4U1608-52,3
60052-03-02-07F,4U1608-52,3
60052-03-03-000,4U1608-52,3
60052-03-03-00,4U1608-52,3
70058-01-05-00,4U1608-52,3
70058-01-06-00,4U1608-52,3
70058-01-07-00,4U1608-52,3
70058-01-09-00,4U1608-52,3
70058-01-10-00,4U1608-52,3
70058-01-14-00G,4U1608-52,3
70059-01-01-00G,4U1608-52,3
70059-01-01-01G,4U1608-52,3
70059-01-01-03,4U1608-52,3
70059-01-01-02,4U1608-52,3
70058-01-15-00,4U1608-52,3
70059-01-02-00G,4U1608-52,3
70058-01-16-00,4U1608-52,3
70058-01-18-00G,4U1608-52,3
70058-01-19-00G,4U1608-52,3
70059-01-03-01,4U1608-52,3
70059-01-03-02,4U1608-52,3
70058-01-20-00,4U1608-52,3
70059-01-04-00,4U1608-52,3
70058-01-21-00,4U1608-52,3
70059-01-05-00,4U1608-52,3
70058-01-22-00,4U1608-52,3
70058-01-23-01,4U1608-52,3
70059-01-06-00G,4U1608-52,3
70058-01-23-00,4U1608-52,3
70059-01-07-00,4U1608-52,3
70058-01-25-00,4U1608-52,3
70059-01-08-00,4U1608-52,3
70058-01-24-00,4U1608-52,3
70059-01-09-00,4U1608-52,3
70058-01-26-00,4U1608-52,3
70059-01-10-00,4U1608-52,3
70058-01-27-00,4U1608-52,3
70059-01-11-00,4U1608-52,3
70058-01-28-00,4U1608-52,3
70059-01-12-00,4U1608-52,3
70059-01-12-01,4U1608-52,3
70058-01-29-00,4U1608-52,3
70059-01-13-00,4U1608-52,3
70058-01-30-00,4U1608-52,3
70059-01-14-01,4U1608-52,3
70059-01-14-00,4U1608-52,3
70058-01-31-00,4U1608-52,3
70059-01-15-00,4U1608-52,3
70058-01-32-00,4U1608-52,3
70059-01-16-00,4U1608-52,3
70058-01-33-01,4U1608-52,3
70058-01-33-00,4U1608-52,3
70059-01-17-01,4U1608-52,3
70059-01-17-00,4U1608-52,3
70059-01-17-02,4U1608-52,3
70058-01-34-00,4U1608-52,3
70059-01-18-00,4U1608-52,3
70058-01-35-00,4U1608-52,3
70059-01-19-00,4U1608-52,3
70058-01-36-00,4U1608-52,3
70059-01-20-00,4U1608-52,3
70058-01-37-00,4U1608-52,3
70059-01-21-00,4U1608-52,3
70058-01-38-00,4U1608-52,3
70059-01-22-00,4U1608-52,3
70059-03-01-01,4U1608-52,3
70059-03-01-000,4U1608-52,3
70059-03-01-00,4U1608-52,3
70059-03-02-00,4U1608-52,3
70059-03-02-02,4U1608-52,3
70059-03-02-01,4U1608-52,3
70059-03-02-03,4U1608-52,3
70059-03-02-05,4U1608-52,3
70059-03-02-07,4U1608-52,3
70058-01-39-00,4U1608-52,3
70069-01-01-01,4U1608-52,3
70059-01-23-00,4U1608-52,3
70069-01-01-02,4U1608-52,3
70069-01-01-03,4U1608-52,3
70069-01-01-00,4U1608-52,3
70059-01-25-00G,4U1608-52,3
70069-01-01-04,4U1608-52,3
70069-01-02-00,4U1608-52,3
70059-01-26-00,4U1608-52,3
70059-01-27-00,4U1608-52,3
70069-01-03-01,4U1608-52,3
70069-01-03-02,4U1608-52,3
70069-01-03-03,4U1608-52,3
70059-01-28-00,4U1608-52,3
70069-01-03-05,4U1608-52,3
70069-01-03-00,4U1608-52,3
70059-01-24-00,4U1608-52,3
70069-01-03-04,4U1608-52,3
70069-01-03-06,4U1608-52,3
70069-01-03-07,4U1608-52,3
70059-01-29-00,4U1608-52,3
70069-01-03-08,4U1608-52,3
70069-01-04-00,4U1608-52,3
70069-01-04-01,4U1608-52,3
70069-01-04-07,4U1608-52,3
70069-01-04-02,4U1608-52,3
70069-01-04-03,4U1608-52,3
80406-01-01-00,4U1608-52,3
80406-01-02-00,4U1608-52,3
80406-01-02-01,4U1608-52,3
80406-01-02-02,4U1608-52,3
80406-01-02-03,4U1608-52,3
80406-01-02-04,4U1608-52,3
80406-01-03-00,4U1608-52,3
80406-01-03-01,4U1608-52,3
80406-01-03-02,4U1608-52,3
80406-01-03-03,4U1608-52,3
80406-01-03-06,4U1608-52,3
80406-01-04-00,4U1608-52,3
80406-01-04-07,4U1608-52,3
80406-01-04-01,4U1608-52,3
80406-01-04-02,4U1608-52,3
80406-01-04-04,4U1608-52,3
80406-01-04-05,4U1608-52,3
80406-01-04-06,4U1608-52,3
80406-01-05-00,4U1608-52,3
80406-01-06-00,4U1608-52,3
80406-01-07-00,4U1608-52,3
80406-01-07-01,4U1608-52,3
80406-01-07-02,4U1608-52,3
80406-01-07-05,4U1608-52,3
80406-01-07-06,4U1608-52,3
80406-01-07-07,4U1608-52,3
80406-01-08-02,4U1608-52,3
80406-01-08-04,4U1608-52,3
80406-01-09-02,4U1608-52,3
80406-01-09-03,4U1608-52,3
80406-01-10-00,4U1608-52,3
80406-01-10-01,4U1608-52,3
80406-01-10-02,4U1608-52,3
90408-01-01-00,4U1608-52,3
90408-01-01-01,4U1608-52,3
90408-01-01-02,4U1608-52,3
90408-01-01-03,4U1608-52,3
90408-01-02-00,4U1608-52,3
90408-01-02-01,4U1608-52,3
90408-01-02-06,4U1608-52,3
90408-01-02-08,4U1608-52,3
90408-01-02-07,4U1608-52,3
90408-01-02-04,4U1608-52,3
90408-01-03-02,4U1608-52,3
90408-01-03-03,4U1608-52,3
90408-01-05-03,4U1608-52,3
90408-01-06-01,4U1608-52,3
90408-01-06-02,4U1608-52,3
91405-01-01-01,4U1608-52,3
91405-01-03-00,4U1608-52,3
91405-01-03-01,4U1608-52,3
91405-01-03-02,4U1608-52,3
91405-01-04-04,4U1608-52,3
91405-01-07-01,4U1608-52,3
91405-01-16-00,4U1608-52,3
91405-01-17-01,4U1608-52,3
91405-01-21-00,4U1608-52,3
91405-01-25-00,4U1608-52,3
91405-01-26-00,4U1608-52,3
91405-01-27-00,4U1608-52,3
91405-01-32-00,4U1608-52,3
91405-01-35-00,4U1608-52,3
91405-01-35-03,4U1608-52,3
91405-01-36-00,4U1608-52,3
91405-01-36-01,4U1608-52,3
91405-01-37-00,4U1608-52,3
91405-01-37-01,4U1608-52,3
91405-01-39-00,4U1608-52,3
91405-01-39-01,4U1608-52,3
91405-01-43-01G,4U1608-52,3
92401-01-11-00,4U1608-52,3
92401-01-11-01,4U1608-52,3
93408-01-01-01,4U1608-52,3
93408-01-01-02,4U1608-52,3
93408-01-02-01,4U1608-52,3
93408-01-02-02,4U1608-52,3
93408-01-03-00,4U1608-52,3
93408-01-03-01,4U1608-52,3
93408-01-03-02,4U1608-52,3
93408-01-03-03,4U1608-52,3
93408-01-04-00,4U1608-52,3
93408-01-05-00,4U1608-52,3
93408-01-05-01,4U1608-52,3
93408-01-05-02,4U1608-52,3
93408-01-05-03,4U1608-52,3
93408-01-06-00,4U1608-52,3
93408-01-06-01,4U1608-52,3
93408-01-06-02,4U1608-52,3
93408-01-08-00,4U1608-52,3
93408-01-08-02,4U1608-52,3
93408-01-09-00,4U1608-52,3
93408-01-09-01,4U1608-52,3
93408-01-09-02,4U1608-52,3
93408-01-09-03,4U1608-52,3
93408-01-10-00,4U1608-52,3
93408-01-10-01,4U1608-52,3
93408-01-11-00,4U1608-52,3
93408-01-11-01,4U1608-52,3
93408-01-11-02,4U1608-52,3
93408-01-11-04,4U1608-52,3
93408-01-11-03,4U1608-52,3
93408-01-12-03,4U1608-52,3
93408-01-12-00,4U1608-52,3
93408-01-12-01,4U1608-52,3
93408-01-12-02,4U1608-52,3
93408-01-13-01,4U1608-52,3
93408-01-13-02,4U1608-52,3
93408-01-13-03,4U1608-52,3
93408-01-14-00,4U1608-52,3
93408-01-14-02,4U1608-52,3
93408-01-15-00,4U1608-52,3
93408-01-15-01,4U1608-52,3
93408-01-15-03,4U1608-52,3
93408-01-16-01,4U1608-52,3
93408-01-17-01,4U1608-52,3
93408-01-18-00,4U1608-52,3
93408-01-18-03,4U1608-52,3
93408-01-18-04,4U1608-52,3
93408-01-18-01,4U1608-52,3
93408-01-18-05,4U1608-52,3
93408-01-18-06,4U1608-52,3
93408-01-18-07,4U1608-52,3
93408-01-18-08,4U1608-52,3
93408-01-18-09,4U1608-52,3
93408-01-18-02,4U1608-52,3
93408-01-19-00,4U1608-52,3
93408-01-19-01,4U1608-52,3
93408-01-19-03,4U1608-52,3
93408-01-19-06,4U1608-52,3
93408-01-19-05,4U1608-52,3
93408-01-19-04,4U1608-52,3
93408-01-19-08,4U1608-52,3
93408-01-19-10,4U1608-52,3
93408-01-19-13,4U1608-52,3
93408-01-19-14,4U1608-52,3
93408-01-19-15,4U1608-52,3
93408-01-20-00,4U1608-52,3
93408-01-20-01,4U1608-52,3
93408-01-20-02,4U1608-52,3
93408-01-20-03,4U1608-52,3
93408-01-20-04,4U1608-52,3
93408-01-20-07,4U1608-52,3
93408-01-20-05,4U1608-52,3
93408-01-20-08,4U1608-52,3
93408-01-20-06,4U1608-52,3
93408-01-21-05,4U1608-52,3
93408-01-22-01,4U1608-52,3
93408-01-22-02,4U1608-52,3
93408-01-22-04,4U1608-52,3
93408-01-22-07,4U1608-52,3
93408-01-22-06,4U1608-52,3
93408-01-22-08,4U1608-52,3
93408-01-22-09,4U1608-52,3
93408-01-22-12,4U1608-52,3
93408-01-23-02,4U1608-52,3
93408-01-23-03,4U1608-52,3
93408-01-23-06,4U1608-52,3
93408-01-23-08,4U1608-52,3
93408-01-23-01,4U1608-52,3
93408-01-24-04,4U1608-52,3
93408-01-25-00,4U1608-52,3
93408-01-25-02,4U1608-52,3
93408-01-25-04,4U1608-52,3
93408-01-25-03,4U1608-52,3
93408-01-25-05,4U1608-52,3
93408-01-25-06,4U1608-52,3
93408-01-25-08,4U1608-52,3
93408-01-25-07,4U1608-52,3
93408-01-25-09,4U1608-52,3
93408-01-25-10,4U1608-52,3
93408-01-25-11,4U1608-52,3
93408-01-26-00,4U1608-52,3
93408-01-26-06,4U1608-52,3
93408-01-26-01,4U1608-52,3
93408-01-26-07,4U1608-52,3
93408-01-26-03,4U1608-52,3
93408-01-26-08,4U1608-52,3
93408-01-26-09,4U1608-52,3
93408-01-26-04,4U1608-52,3
93408-01-26-11,4U1608-52,3
93408-01-26-05,4U1608-52,3
93408-01-27-00,4U1608-52,3
93408-01-27-02,4U1608-52,3
93408-01-27-03,4U1608-52,3
93408-01-27-04,4U1608-52,3
93408-01-27-01,4U1608-52,3
93408-01-27-05,4U1608-52,3
93408-01-27-06,4U1608-52,3
93408-01-27-07,4U1608-52,3
93408-01-27-08,4U1608-52,3
93408-01-28-00,4U1608-52,3
93408-01-28-03,4U1608-52,3
93408-01-28-06,4U1608-52,3
93408-01-28-13,4U1608-52,3
93408-01-29-01,4U1608-52,3
93408-01-30-00,4U1608-52,3
93408-01-31-00,4U1608-52,3
93408-01-31-01,4U1608-52,3
93408-01-31-03,4U1608-52,3
93408-01-31-02,4U1608-52,3
93408-01-33-01,4U1608-52,3
93408-01-34-00,4U1608-52,3
93408-01-35-00,4U1608-52,3
93408-01-35-01,4U1608-52,3
93408-01-37-01,4U1608-52,3
93408-01-37-03,4U1608-52,3
93408-01-37-04,4U1608-52,3
93408-01-37-05,4U1608-52,3
93408-01-38-01,4U1608-52,3
93408-01-41-01,4U1608-52,3
93408-01-41-02,4U1608-52,3
93408-01-42-03,4U1608-52,3
93408-01-42-04,4U1608-52,3
93408-01-42-05,4U1608-52,3
93408-01-43-00,4U1608-52,3
93408-01-43-01,4U1608-52,3
93408-01-43-02,4U1608-52,3
93408-01-44-01,4U1608-52,3
93408-01-44-00,4U1608-52,3
93408-01-44-02,4U1608-52,3
93408-01-46-00,4U1608-52,3
93408-01-47-01,4U1608-52,3
93408-01-47-02,4U1608-52,3
93408-01-48-00,4U1608-52,3
93408-01-49-00,4U1608-52,3
93408-01-50-01,4U1608-52,3
93408-01-51-03,4U1608-52,3
93408-01-52-03,4U1608-52,3
93408-01-52-02,4U1608-52,3
93408-01-53-01,4U1608-52,3
93408-01-55-00,4U1608-52,3
93408-01-55-01,4U1608-52,3
93408-01-56-00,4U1608-52,3
93408-01-56-01,4U1608-52,3
93408-01-57-00,4U1608-52,3
93408-01-58-03,4U1608-52,3
93408-01-58-02,4U1608-52,3
93408-01-59-00,4U1608-52,3
93408-01-59-01,4U1608-52,3
93408-01-59-03,4U1608-52,3
93408-01-60-01,4U1608-52,3
93408-01-61-01,4U1608-52,3
93408-01-62-01,4U1608-52,3
93408-01-63-00,4U1608-52,3
93408-01-64-00,4U1608-52,3
93408-01-66-01,4U1608-52,3
93408-01-67-02,4U1608-52,3
93408-01-69-00,4U1608-52,3
93408-01-69-01,4U1608-52,3
93408-01-70-02,4U1608-52,3
93408-01-72-02,4U1608-52,3
93408-01-73-00,4U1608-52,3
93408-01-74-00,4U1608-52,3
93408-01-76-02,4U1608-52,3
93408-01-76-00,4U1608-52,3
93408-01-76-01,4U1608-52,3
93408-01-77-00,4U1608-52,3
93408-01-78-00,4U1608-52,3
93408-01-78-04,4U1608-52,3
93408-01-78-05,4U1608-52,3
93408-01-78-01,4U1608-52,3
93408-01-78-02,4U1608-52,3
93408-01-78-03,4U1608-52,3
94401-01-01-02,4U1608-52,3
94401-01-02-00,4U1608-52,3
94401-01-02-03,4U1608-52,3
94401-01-03-01,4U1608-52,3
94401-01-03-02,4U1608-52,3
94401-01-04-00,4U1608-52,3
94401-01-05-01,4U1608-52,3
94401-01-05-02,4U1608-52,3
94401-01-06-00,4U1608-52,3
94401-01-07-00,4U1608-52,3
94401-01-07-01,4U1608-52,3
94401-01-07-02,4U1608-52,3
94401-01-08-00,4U1608-52,3
94401-01-08-01,4U1608-52,3
94401-01-10-00,4U1608-52,3
94401-01-10-01,4U1608-52,3
94401-01-14-00,4U1608-52,3
94401-01-14-02,4U1608-52,3
94401-01-16-00,4U1608-52,3
94401-01-17-01,4U1608-52,3
94401-01-18-00,4U1608-52,3
94401-01-19-00,4U1608-52,3
94401-01-20-01,4U1608-52,3
94401-01-22-00,4U1608-52,3
94401-01-22-01,4U1608-52,3
94401-01-22-02,4U1608-52,3
94401-01-24-01,4U1608-52,3
94401-01-25-06,4U1608-52,3
94401-01-25-02,4U1608-52,3
94401-01-26-00,4U1608-52,3
94401-01-26-01,4U1608-52,3
94401-01-28-01,4U1608-52,3
94401-01-29-00,4U1608-52,3
94401-01-30-02,4U1608-52,3
94401-01-31-00,4U1608-52,3
94401-01-31-02,4U1608-52,3
94401-01-31-01,4U1608-52,3
94401-01-32-01,4U1608-52,3
94401-01-32-02,4U1608-52,3
94401-01-34-01,4U1608-52,3
94401-01-36-00,4U1608-52,3
94401-01-37-01,4U1608-52,3
94401-01-38-02,4U1608-52,3
95334-01-01-00,4U1608-52,3
95334-01-02-02,4U1608-52,3
95334-01-02-03,4U1608-52,3
95334-01-02-06,4U1608-52,3
95334-01-02-00,4U1608-52,3
95334-01-02-05,4U1608-52,3
95334-01-02-04,4U1608-52,3
95334-01-02-14,4U1608-52,3
95334-01-02-08,4U1608-52,3
95334-01-02-01,4U1608-52,3
95334-01-02-11,4U1608-52,3
95334-01-02-12,4U1608-52,3
95334-01-03-00,4U1608-52,3
95334-01-03-01,4U1608-52,3
95334-01-03-02,4U1608-52,3
95334-01-03-07,4U1608-52,3
95334-01-03-08,4U1608-52,3
95334-01-03-09,4U1608-52,3
95334-01-03-11,4U1608-52,3
95334-01-03-03,4U1608-52,3
95334-01-03-04,4U1608-52,3
95334-01-03-05,4U1608-52,3
95334-01-03-06,4U1608-52,3
95334-01-04-00,4U1608-52,3
95334-01-04-01,4U1608-52,3
95334-01-04-02,4U1608-52,3
95334-01-04-04,4U1608-52,3
96423-01-02-03,4U1608-52,3
96423-01-03-00,4U1608-52,3
96423-01-03-02,4U1608-52,3
96423-01-04-00,4U1608-52,3
96423-01-04-01,4U1608-52,3
96423-01-04-02,4U1608-52,3
96423-01-04-03,4U1608-52,3
96423-01-05-00,4U1608-52,3
96423-01-05-03,4U1608-52,3
96423-01-07-00,4U1608-52,3
96423-01-07-01,4U1608-52,3
96423-01-07-04,4U1608-52,3
96423-01-07-05,4U1608-52,3
96423-01-08-02,4U1608-52,3
96423-01-09-01,4U1608-52,3
96423-01-09-02,4U1608-52,3
96423-01-10-02,4U1608-52,3
96423-01-11-00,4U1608-52,3
96423-01-12-00,4U1608-52,3
96423-01-12-01,4U1608-52,3
96423-01-12-02,4U1608-52,3
96423-01-13-00,4U1608-52,3
96423-01-13-01,4U1608-52,3
96423-01-14-00,4U1608-52,3
96423-01-14-01,4U1608-52,3
96423-01-15-00,4U1608-52,3
96423-01-15-01,4U1608-52,3
96423-01-16-02,4U1608-52,3
96423-01-18-00,4U1608-52,3
96423-01-18-01,4U1608-52,3
96423-01-19-00,4U1608-52,3
96423-01-19-01,4U1608-52,3
96423-01-20-00,4U1608-52,3
96423-01-20-01,4U1608-52,3
96423-01-20-03,4U1608-52,3
96423-01-21-02,4U1608-52,3
96423-01-21-03,4U1608-52,3
96423-01-22-01,4U1608-52,3
96423-01-23-02,4U1608-52,3
96423-01-24-00,4U1608-52,3
96423-01-25-00,4U1608-52,3
96423-01-25-01,4U1608-52,3
96423-01-26-00,4U1608-52,3
96423-01-26-01,4U1608-52,3
96423-01-27-00,4U1608-52,3
96423-01-27-01,4U1608-52,3
96423-01-29-00,4U1608-52,3
96423-01-29-01,4U1608-52,3
96423-01-30-02,4U1608-52,3
96423-01-31-01,4U1608-52,3
96423-01-33-01,4U1608-52,3
96423-01-33-02,4U1608-52,3
96423-01-34-00,4U1608-52,3
96423-01-34-01,4U1608-52,3
96423-01-35-01,4U1608-52,3
96423-01-36-00,4U1608-52,3
96423-01-37-01,4U1608-52,3
96423-01-37-02,4U1608-52,3
96423-01-37-03,4U1608-52,3
96423-01-38-00,4U1608-52,3
96423-01-38-01,4U1608-52,3
96423-01-38-02,4U1608-52,3
96423-01-39-00,4U1608-52,3
96423-01-39-02,4U1608-52,3
40028-01-15-00,4U1636-53,4
40028-01-15-01,4U1636-53,4
40028-01-15-02,4U1636-53,4
40028-01-16-00,4U1636-53,4
40028-01-16-03,4U1636-53,4
40028-01-16-04,4U1636-53,4
40028-01-17-03,4U1636-53,4
40028-01-17-02,4U1636-53,4
40028-01-17-01,4U1636-53,4
40028-01-17-00,4U1636-53,4
40028-01-18-000,4U1636-53,4
40028-01-18-00,4U1636-53,4
40028-01-19-00,4U1636-53,4
40028-01-20-00,4U1636-53,4
50030-02-01-00,4U1636-53,4
50030-02-01-01,4U1636-53,4
50030-02-02-00,4U1636-53,4
50030-02-02-01,4U1636-53,4
50030-02-03-00,4U1636-53,4
50030-02-04-00,4U1636-53,4
50030-02-04-01,4U1636-53,4
50030-02-05-01,4U1636-53,4
50030-02-05-00,4U1636-53,4
50030-02-03-01,4U1636-53,4
50030-02-04-03,4U1636-53,4
50030-02-06-00,4U1636-53,4
50030-02-07-00,4U1636-53,4
50030-02-04-02,4U1636-53,4
50030-02-07-01,4U1636-53,4
50030-02-07-02,4U1636-53,4
50030-02-07-03,4U1636-53,4
50030-02-07-04,4U1636-53,4
50030-02-08-00G,4U1636-53,4
50030-02-08-01,4U1636-53,4
50030-02-08-02,4U1636-53,4
50030-02-08-03,4U1636-53,4
50030-02-09-000,4U1636-53,4
50030-02-09-00,4U1636-53,4
50030-02-10-00,4U1636-53,4
60032-01-01-02,4U1636-53,4
60032-01-01-000,4U1636-53,4
60032-01-01-00,4U1636-53,4
60032-01-01-01,4U1636-53,4
60032-01-02-00G,4U1636-53,4
60032-01-03-00,4U1636-53,4
60032-01-03-01,4U1636-53,4
60032-01-04-00,4U1636-53,4
60032-01-04-01,4U1636-53,4
60032-01-04-02,4U1636-53,4
60032-01-05-00,4U1636-53,4
60032-01-06-000,4U1636-53,4
60032-01-06-00,4U1636-53,4
60032-01-04-04,4U1636-53,4
60032-01-04-05,4U1636-53,4
60032-01-04-06,4U1636-53,4
60032-01-04-07,4U1636-53,4
60032-01-07-00,4U1636-53,4
60032-01-05-01,4U1636-53,4
60032-01-06-01,4U1636-53,4
60032-01-06-02,4U1636-53,4
60032-01-08-01,4U1636-53,4
60032-01-08-03,4U1636-53,4
60032-01-08-00,4U1636-53,4
60032-01-08-02,4U1636-53,4
60032-01-09-05,4U1636-53,4
60032-01-09-03,4U1636-53,4
60032-01-09-00,4U1636-53,4
60032-01-09-01,4U1636-53,4
60032-01-09-02,4U1636-53,4
60032-01-09-04,4U1636-53,4
60032-01-10-03,4U1636-53,4
60032-01-10-00,4U1636-53,4
60032-01-10-01,4U1636-53,4
60032-01-10-02,4U1636-53,4
60032-01-11-00,4U1636-53,4
60032-01-11-01,4U1636-53,4
60032-01-11-02,4U1636-53,4
60032-01-11-03,4U1636-53,4
60032-01-12-000,4U1636-53,4
60032-01-12-00,4U1636-53,4
60032-01-10-04,4U1636-53,4
60032-01-14-02,4U1636-53,4
60032-01-14-00,4U1636-53,4
60032-01-14-01,4U1636-53,4
60032-01-14-03,4U1636-53,4
60032-01-15-00G,4U1636-53,4
60032-01-15-01,4U1636-53,4
60032-01-16-00,4U1636-53,4
60032-01-16-01,4U1636-53,4
60032-01-17-00,4U1636-53,4
60032-01-18-00G,4U1636-53,4
60032-01-18-01,4U1636-53,4
60032-01-18-02,4U1636-53,4
60032-01-19-000,4U1636-53,4
60032-01-19-00,4U1636-53,4
60032-01-20-000,4U1636-53,4
60032-01-20-00,4U1636-53,4
60032-01-20-01,4U1636-53,4
60032-01-21-000,4U1636-53,4
60032-01-21-00,4U1636-53,4
60032-01-22-00,4U1636-53,4
60032-01-23-00,4U1636-53,4
60032-01-23-03,4U1636-53,4
60032-01-23-01G,4U1636-53,4
60032-05-01-00,4U1636-53,4
60032-05-01-01,4U1636-53,4
60032-05-02-00,4U1636-53,4
60032-05-02-01,4U1636-53,4
60032-05-03-00,4U1636-53,4
60032-05-03-01,4U1636-53,4
60032-05-04-00,4U1636-53,4
60032-05-05-000,4U1636-53,4
60032-05-05-00,4U1636-53,4
60032-05-06-00,4U1636-53,4
60032-05-07-00,4U1636-53,4
60032-05-07-01,4U1636-53,4
60032-05-08-00,4U1636-53,4
60032-05-08-01,4U1636-53,4
60032-05-09-00,4U1636-53,4
60032-05-09-01,4U1636-53,4
60032-05-10-000,4U1636-53,4
60032-05-10-00,4U1636-53,4
60032-05-11-01,4U1636-53,4
60032-05-11-00,4U1636-53,4
60032-05-11-02,4U1636-53,4
60032-05-12-02,4U1636-53,4
60032-05-12-01,4U1636-53,4
60032-05-12-00,4U1636-53,4
60032-05-13-01,4U1636-53,4
60032-05-13-03,4U1636-53,4
60032-05-13-00,4U1636-53,4
60032-05-14-01,4U1636-53,4
60032-05-14-00,4U1636-53,4
60032-05-14-03,4U1636-53,4
60032-05-15-000,4U1636-53,4
60032-05-15-00,4U1636-53,4
60032-05-16-01,4U1636-53,4
60032-05-16-00,4U1636-53,4
60032-05-16-02,4U1636-53,4
60032-05-17-04,4U1636-53,4
60032-05-17-03,4U1636-53,4
60032-05-17-00,4U1636-53,4
60032-05-17-01,4U1636-53,4
60032-05-17-02,4U1636-53,4
60032-05-18-00,4U1636-53,4
60032-05-19-00,4U1636-53,4
60032-05-20-01,4U1636-53,4
70036-01-01-01,4U1636-53,4
70036-01-01-00,4U1636-53,4
60032-05-20-03,4U1636-53,4
60032-05-20-00,4U1636-53,4
60032-05-20-02,4U1636-53,4
60032-05-21-000,4U1636-53,4
60032-05-21-00,4U1636-53,4
60032-05-22-000,4U1636-53,4
60032-05-22-00,4U1636-53,4
60032-01-24-00,4U1636-53,4
60032-01-24-01,4U1636-53,4
60032-05-24-01,4U1636-53,4
60032-05-24-00,4U1636-53,4
60032-05-23-000,4U1636-53,4
60032-05-23-00,4U1636-53,4
80425-01-01-00,4U1636-53,4
80425-01-02-01,4U1636-53,4
80425-01-02-02,4U1636-53,4
80425-01-02-00,4U1636-53,4
80425-01-03-00,4U1636-53,4
80425-01-04-01,4U1636-53,4
80425-01-04-02,4U1636-53,4
80425-01-04-00,4U1636-53,4
90409-01-01-00,4U1636-53,4
90409-01-01-01,4U1636-53,4
90409-01-01-02,4U1636-53,4
90409-01-02-00,4U1636-53,4
91024-01-01-00,4U1636-53,4
91024-01-02-00,4U1636-53,4
91024-01-03-00,4U1636-53,4
91024-01-04-00,4U1636-53,4
91024-01-05-00,4U1636-53,4
91024-01-06-00,4U1636-53,4
91024-01-07-00,4U1636-53,4
91024-01-08-00,4U1636-53,4
91024-01-09-00,4U1636-53,4
91024-01-11-00,4U1636-53,4
91024-01-12-00,4U1636-53,4
91024-01-13-00,4U1636-53,4
91024-01-14-00,4U1636-53,4
91024-01-15-00,4U1636-53,4
91024-01-16-00,4U1636-53,4
91024-01-17-00,4U1636-53,4
91024-01-18-00,4U1636-53,4
91024-01-19-00,4U1636-53,4
91024-01-20-00,4U1636-53,4
91024-01-21-00,4U1636-53,4
91024-01-22-00,4U1636-53,4
91024-01-23-00,4U1636-53,4
91024-01-24-00,4U1636-53,4
91024-01-25-00,4U1636-53,4
91024-01-26-00,4U1636-53,4
91024-01-27-00,4U1636-53,4
91024-01-28-00,4U1636-53,4
91024-01-29-00,4U1636-53,4
91024-01-30-00,4U1636-53,4
91024-01-31-00,4U1636-53,4
91024-01-32-00,4U1636-53,4
91024-01-33-00,4U1636-53,4
91024-01-34-00,4U1636-53,4
91024-01-35-00,4U1636-53,4
91024-01-36-00,4U1636-53,4
91024-01-37-00,4U1636-53,4
91024-01-38-00,4U1636-53,4
91024-01-39-00,4U1636-53,4
91024-01-40-00,4U1636-53,4
91024-01-43-00,4U1636-53,4
91024-01-44-00,4U1636-53,4
91024-01-45-00,4U1636-53,4
91024-01-46-00,4U1636-53,4
91024-01-47-00,4U1636-53,4
91024-01-48-00,4U1636-53,4
91024-01-49-00,4U1636-53,4
91024-01-51-00,4U1636-53,4
91024-01-54-00,4U1636-53,4
91024-01-55-00,4U1636-53,4
91024-01-58-00,4U1636-53,4
91024-01-59-00,4U1636-53,4
91024-01-61-00,4U1636-53,4
91024-01-63-00,4U1636-53,4
91024-01-65-00,4U1636-53,4
91024-01-66-00,4U1636-53,4
91024-01-69-00,4U1636-53,4
91024-01-70-00,4U1636-53,4
91024-01-71-00,4U1636-53,4
91024-01-72-00,4U1636-53,4
91024-01-73-00,4U1636-53,4
91024-01-74-00,4U1636-53,4
91024-01-75-00,4U1636-53,4
91024-01-76-00,4U1636-53,4
91024-01-77-00,4U1636-53,4
91024-01-79-00,4U1636-53,4
91024-01-80-00,4U1636-53,4
91024-01-81-00,4U1636-53,4
91024-01-82-00,4U1636-53,4
91024-01-83-00,4U1636-53,4
91024-01-84-00,4U1636-53,4
91024-01-85-00,4U1636-53,4
91024-01-86-00,4U1636-53,4
91024-01-87-00,4U1636-53,4
91024-01-88-00,4U1636-53,4
91024-01-89-00,4U1636-53,4
70034-01-01-01,4U1636-53,4
91027-01-01-000,4U1636-53,4
91027-01-01-00,4U1636-53,4
70034-01-01-000,4U1636-53,4
70034-01-01-00,4U1636-53,4
91024-01-91-00,4U1636-53,4
91024-01-94-00,4U1636-53,4
91024-01-95-00,4U1636-53,4
91024-01-96-00,4U1636-53,4
91024-01-97-00,4U1636-53,4
91024-01-98-00,4U1636-53,4
91024-01-01-10,4U1636-53,4
91024-01-02-10,4U1636-53,4
91024-01-03-10,4U1636-53,4
91024-01-04-10,4U1636-53,4
91024-01-05-10,4U1636-53,4
91024-01-06-10,4U1636-53,4
91024-01-07-10,4U1636-53,4
91024-01-08-10,4U1636-53,4
91024-01-09-10,4U1636-53,4
91024-01-11-10,4U1636-53,4
91024-01-12-10,4U1636-53,4
91024-01-13-10,4U1636-53,4
91024-01-15-10,4U1636-53,4
91024-01-16-10,4U1636-53,4
91024-01-21-10,4U1636-53,4
91024-01-22-10,4U1636-53,4
91024-01-23-10,4U1636-53,4
91024-01-24-10,4U1636-53,4
91024-01-25-10,4U1636-53,4
91024-01-26-10,4U1636-53,4
91024-01-27-10,4U1636-53,4
91024-01-28-10,4U1636-53,4
91024-01-29-10,4U1636-53,4
91024-01-30-10,4U1636-53,4
91024-01-31-10,4U1636-53,4
91024-01-32-10,4U1636-53,4
91024-01-33-10,4U1636-53,4
91024-01-34-10,4U1636-53,4
91024-01-35-10,4U1636-53,4
91024-01-36-10,4U1636-53,4
91024-01-38-10,4U1636-53,4
91024-01-39-10,4U1636-53,4
91024-01-40-10,4U1636-53,4
91024-01-41-10,4U1636-53,4
91024-01-42-10,4U1636-53,4
91024-01-44-10,4U1636-53,4
91024-01-45-10,4U1636-53,4
91024-01-46-10,4U1636-53,4
91024-01-47-10,4U1636-53,4
91024-01-48-10,4U1636-53,4
91024-01-49-10,4U1636-53,4
91024-01-50-10,4U1636-53,4
91024-01-51-10,4U1636-53,4
91024-01-52-10,4U1636-53,4
91024-01-53-10,4U1636-53,4
91024-01-54-10,4U1636-53,4
91024-01-55-10,4U1636-53,4
91024-01-56-10,4U1636-53,4
91024-01-57-10,4U1636-53,4
91024-01-58-10,4U1636-53,4
91024-01-59-10,4U1636-53,4
91024-01-60-10,4U1636-53,4
91024-01-61-10,4U1636-53,4
91024-01-62-10,4U1636-53,4
91024-01-63-10,4U1636-53,4
91024-01-64-10,4U1636-53,4
91024-01-65-10,4U1636-53,4
91024-01-67-10,4U1636-53,4
91024-01-68-10,4U1636-53,4
91024-01-69-10,4U1636-53,4
91024-01-71-10,4U1636-53,4
91024-01-72-10,4U1636-53,4
91024-01-73-10,4U1636-53,4
91024-01-74-10,4U1636-53,4
91024-01-75-10,4U1636-53,4
91024-01-76-10,4U1636-53,4
91024-01-77-10,4U1636-53,4
91024-01-78-10,4U1636-53,4
91024-01-79-10,4U1636-53,4
91024-01-80-10,4U1636-53,4
91024-01-81-10,4U1636-53,4
91024-01-82-10,4U1636-53,4
91024-01-41-00,4U1636-53,4
91024-01-14-10,4U1636-53,4
92023-02-01-00,4U1636-53,4
92023-01-01-00,4U1636-53,4
92023-02-02-00,4U1636-53,4
92023-01-02-00,4U1636-53,4
92023-02-03-00,4U1636-53,4
92023-01-03-00,4U1636-53,4
92023-02-04-00,4U1636-53,4
92023-02-05-00,4U1636-53,4
92023-01-05-00,4U1636-53,4
92023-02-06-00,4U1636-53,4
92023-01-07-00,4U1636-53,4
92023-02-08-00,4U1636-53,4
92023-01-08-00,4U1636-53,4
92023-02-09-00,4U1636-53,4
92023-02-10-00,4U1636-53,4
91152-05-01-00,4U1636-53,4
92023-02-11-00,4U1636-53,4
92023-01-11-00,4U1636-53,4
92023-02-12-00,4U1636-53,4
92023-01-12-00,4U1636-53,4
92023-02-13-00,4U1636-53,4
92023-01-13-00,4U1636-53,4
92023-02-14-00,4U1636-53,4
92023-01-14-00,4U1636-53,4
92023-02-15-00,4U1636-53,4
92023-01-15-00,4U1636-53,4
92023-02-16-00,4U1636-53,4
92023-01-16-00,4U1636-53,4
92023-01-17-00,4U1636-53,4
92023-02-18-00,4U1636-53,4
92023-01-18-00,4U1636-53,4
92023-02-19-00,4U1636-53,4
92023-01-19-00,4U1636-53,4
92023-02-20-00,4U1636-53,4
92023-01-20-00,4U1636-53,4
92023-01-10-00,4U1636-53,4
92023-01-21-00,4U1636-53,4
92023-01-22-00,4U1636-53,4
92023-01-23-00,4U1636-53,4
92023-01-24-00,4U1636-53,4
92023-01-25-00,4U1636-53,4
92023-01-26-00,4U1636-53,4
92023-01-27-00,4U1636-53,4
92023-01-28-00G,4U1636-53,4
92023-01-29-00,4U1636-53,4
92023-01-30-00,4U1636-53,4
92023-01-31-00,4U1636-53,4
92023-01-32-00,4U1636-53,4
92023-01-33-00,4U1636-53,4
92023-01-34-00,4U1636-53,4
92023-01-36-00,4U1636-53,4
92023-01-38-00,4U1636-53,4
92023-01-39-00,4U1636-53,4
92023-01-40-00,4U1636-53,4
92023-01-41-00,4U1636-53,4
92023-01-42-00,4U1636-53,4
92023-01-43-00,4U1636-53,4
92023-01-44-00,4U1636-53,4
92023-01-45-00,4U1636-53,4
92023-01-46-00,4U1636-53,4
92023-01-47-00,4U1636-53,4
92023-01-48-00,4U1636-53,4
92023-01-49-00,4U1636-53,4
92023-01-50-00,4U1636-53,4
92023-01-51-00,4U1636-53,4
92023-01-52-00,4U1636-53,4
92023-01-53-00,4U1636-53,4
92023-01-54-00,4U1636-53,4
92023-01-55-00,4U1636-53,4
92023-01-56-00,4U1636-53,4
92023-01-57-00,4U1636-53,4
92023-01-58-00,4U1636-53,4
92023-01-59-00,4U1636-53,4
92023-01-60-00,4U1636-53,4
92023-01-61-00,4U1636-53,4
91152-05-02-00,4U1636-53,4
92023-01-62-00,4U1636-53,4
92023-01-63-00,4U1636-53,4
92023-01-64-00,4U1636-53,4
92023-01-65-00,4U1636-53,4
92023-01-66-00,4U1636-53,4
92023-01-67-00,4U1636-53,4
92023-01-68-00,4U1636-53,4
92023-01-69-00,4U1636-53,4
92023-01-70-00,4U1636-53,4
92023-01-71-00,4U1636-53,4
92023-01-72-00,4U1636-53,4
92023-01-74-00,4U1636-53,4
92023-01-75-00,4U1636-53,4
92023-01-76-00,4U1636-53,4
92023-01-77-00,4U1636-53,4
92023-01-78-00,4U1636-53,4
92023-01-79-00,4U1636-53,4
92023-01-80-00,4U1636-53,4
92023-01-81-00,4U1636-53,4
92023-01-83-00,4U1636-53,4
92023-01-84-00,4U1636-53,4
92023-01-86-00,4U1636-53,4
92023-01-87-00,4U1636-53,4
92023-01-90-00,4U1636-53,4
92023-01-91-00,4U1636-53,4
92023-01-92-00,4U1636-53,4
92023-01-93-00,4U1636-53,4
92023-01-94-00,4U1636-53,4
92023-01-95-00,4U1636-53,4
92023-01-96-00,4U1636-53,4
92023-01-97-00,4U1636-53,4
92023-01-98-00,4U1636-53,4
92023-01-01-10,4U1636-53,4
92023-01-02-10,4U1636-53,4
92023-01-03-10,4U1636-53,4
92023-01-04-10,4U1636-53,4
92023-01-05-10,4U1636-53,4
92023-01-06-10,4U1636-53,4
92023-01-07-10,4U1636-53,4
92023-01-08-10,4U1636-53,4
92023-01-09-10,4U1636-53,4
92023-01-10-10,4U1636-53,4
92023-01-11-10,4U1636-53,4
92023-01-12-10,4U1636-53,4
92023-01-13-10,4U1636-53,4
92023-01-14-10,4U1636-53,4
92023-01-15-10,4U1636-53,4
92023-01-17-10,4U1636-53,4
92023-01-18-10,4U1636-53,4
92023-01-19-10,4U1636-53,4
92023-01-20-10,4U1636-53,4
92023-01-21-10,4U1636-53,4
92023-01-22-10,4U1636-53,4
92023-01-23-10,4U1636-53,4
92023-01-24-10,4U1636-53,4
92023-01-25-10,4U1636-53,4
92023-01-26-10,4U1636-53,4
92023-01-27-10,4U1636-53,4
92023-01-28-10,4U1636-53,4
92023-01-29-10,4U1636-53,4
92023-01-30-10,4U1636-53,4
92023-01-31-10,4U1636-53,4
92023-01-32-10,4U1636-53,4
92023-01-33-10,4U1636-53,4
92023-01-34-10,4U1636-53,4
92023-01-36-10,4U1636-53,4
92023-01-37-10,4U1636-53,4
92023-01-38-10,4U1636-53,4
92023-01-39-10,4U1636-53,4
92023-01-40-10,4U1636-53,4
92023-01-43-10,4U1636-53,4
92023-01-44-10,4U1636-53,4
92023-01-45-10,4U1636-53,4
92023-01-46-10,4U1636-53,4
92023-01-47-10,4U1636-53,4
92023-01-48-10,4U1636-53,4
92023-01-49-10,4U1636-53,4
92023-01-50-10,4U1636-53,4
92023-01-51-10,4U1636-53,4
92023-01-52-10,4U1636-53,4
92023-01-53-10,4U1636-53,4
92023-01-54-10,4U1636-53,4
92023-01-55-10,4U1636-53,4
92023-01-56-10,4U1636-53,4
92023-01-57-10,4U1636-53,4
92023-01-58-10,4U1636-53,4
92023-01-59-10,4U1636-53,4
92023-01-60-11,4U1636-53,4
92023-01-60-10,4U1636-53,4
92023-01-61-10,4U1636-53,4
92023-01-62-10,4U1636-53,4
92023-01-65-10,4U1636-53,4
92023-01-66-10,4U1636-53,4
92023-01-67-10,4U1636-53,4
92023-01-68-10,4U1636-53,4
92023-01-69-10,4U1636-53,4
92023-01-70-10,4U1636-53,4
92023-01-71-10,4U1636-53,4
92023-01-72-10,4U1636-53,4
92023-01-73-10,4U1636-53,4
92023-01-74-10,4U1636-53,4
92023-01-75-10,4U1636-53,4
92023-01-76-10,4U1636-53,4
92023-01-77-10,4U1636-53,4
92023-01-78-10,4U1636-53,4
92023-01-79-10,4U1636-53,4
92023-01-80-10,4U1636-53,4
92023-01-81-10,4U1636-53,4
92023-01-82-10,4U1636-53,4
92023-01-73-00,4U1636-53,4
92023-02-17-00,4U1636-53,4
91024-01-10-10,4U1636-53,4
91024-01-66-10,4U1636-53,4
91024-01-83-10,4U1636-53,4
91024-01-85-10,4U1636-53,4
91024-01-86-10,4U1636-53,4
91024-01-87-10,4U1636-53,4
91024-01-88-10,4U1636-53,4
92023-01-01-20,4U1636-53,4
92023-01-02-20,4U1636-53,4
92023-01-03-20,4U1636-53,4
92023-01-04-20,4U1636-53,4
92023-01-05-20,4U1636-53,4
92023-01-06-20,4U1636-53,4
92023-01-07-20,4U1636-53,4
92023-01-08-20,4U1636-53,4
92023-01-09-20,4U1636-53,4
92023-01-10-20,4U1636-53,4
92023-01-11-20,4U1636-53,4
92023-01-12-20,4U1636-53,4
92023-01-13-20,4U1636-53,4
92023-01-14-20,4U1636-53,4
92023-01-15-20,4U1636-53,4
92023-01-16-20,4U1636-53,4
92023-01-17-20,4U1636-53,4
92023-01-18-20,4U1636-53,4
92023-01-19-20,4U1636-53,4
92023-01-20-20,4U1636-53,4
92023-01-21-20,4U1636-53,4
92023-01-22-20,4U1636-53,4
92023-01-23-20,4U1636-53,4
92023-01-24-20,4U1636-53,4
92023-01-25-20,4U1636-53,4
92023-01-26-20,4U1636-53,4
92023-01-27-20,4U1636-53,4
92023-01-28-20,4U1636-53,4
92023-01-29-20,4U1636-53,4
92023-01-31-20,4U1636-53,4
92023-01-32-20,4U1636-53,4
92023-01-33-20,4U1636-53,4
92023-01-34-20,4U1636-53,4
92023-01-82-00,4U1636-53,4
92023-01-83-10,4U1636-53,4
92023-01-84-10,4U1636-53,4
92023-01-85-10,4U1636-53,4
92023-01-86-10,4U1636-53,4
92023-01-87-10,4U1636-53,4
92023-01-88-10,4U1636-53,4
92023-01-89-10,4U1636-53,4
92023-01-90-10,4U1636-53,4
92023-01-91-10,4U1636-53,4
92023-01-92-10,4U1636-53,4
92023-01-93-10,4U1636-53,4
92023-01-94-10,4U1636-53,4
70036-01-02-010,4U1636-53,4
70036-01-02-00,4U1636-53,4
92023-01-96-10,4U1636-53,4
92023-01-97-10,4U1636-53,4
92023-01-98-10,4U1636-53,4
93087-01-01-00,4U1636-53,4
93406-15-01-00,4U1636-53,4
93087-01-02-00,4U1636-53,4
93087-01-03-00,4U1636-53,4
93087-01-04-00,4U1636-53,4
93087-01-05-00,4U1636-53,4
93087-01-06-00,4U1636-53,4
93087-01-07-00,4U1636-53,4
93087-01-08-00,4U1636-53,4
93087-01-09-00,4U1636-53,4
93087-01-10-00,4U1636-53,4
93087-01-11-00,4U1636-53,4
93087-01-12-00,4U1636-53,4
93087-01-13-00,4U1636-53,4
93087-01-14-00,4U1636-53,4
93087-01-15-00,4U1636-53,4
93087-01-16-00,4U1636-53,4
93087-01-17-00,4U1636-53,4
93087-01-18-00,4U1636-53,4
93087-01-19-00,4U1636-53,4
93087-01-20-00,4U1636-53,4
93087-01-24-00,4U1636-53,4
93087-01-26-00,4U1636-53,4
93087-01-27-00,4U1636-53,4
93087-01-28-00,4U1636-53,4
93087-01-29-00,4U1636-53,4
93087-01-30-00,4U1636-53,4
93087-01-31-00,4U1636-53,4
93087-01-32-00,4U1636-53,4
93087-01-33-00,4U1636-53,4
93087-01-34-00,4U1636-53,4
93087-01-35-00,4U1636-53,4
93087-01-36-00,4U1636-53,4
93087-01-37-00,4U1636-53,4
93087-01-38-00,4U1636-53,4
93087-01-39-00,4U1636-53,4
93087-01-40-00,4U1636-53,4
93087-01-41-00,4U1636-53,4
93087-01-42-00,4U1636-53,4
93087-01-43-00,4U1636-53,4
93087-01-44-00,4U1636-53,4
93087-01-45-00,4U1636-53,4
93087-01-46-00,4U1636-53,4
93091-01-01-000,4U1636-53,4
93091-01-01-00,4U1636-53,4
93087-01-47-00,4U1636-53,4
93087-01-48-00,4U1636-53,4
93087-01-49-00,4U1636-53,4
93087-01-50-00,4U1636-53,4
93087-01-51-00,4U1636-53,4
93087-01-52-00,4U1636-53,4
93087-01-53-00,4U1636-53,4
93087-01-54-00,4U1636-53,4
93087-01-55-00,4U1636-53,4
93087-01-56-00,4U1636-53,4
93087-01-57-00,4U1636-53,4
93087-01-58-00,4U1636-53,4
93087-01-59-00,4U1636-53,4
93087-01-60-00,4U1636-53,4
93087-01-61-00,4U1636-53,4
93087-01-62-00,4U1636-53,4
93087-01-63-00,4U1636-53,4
93087-01-64-00,4U1636-53,4
93087-01-65-00,4U1636-53,4
93087-01-66-00,4U1636-53,4
93087-01-67-00,4U1636-53,4
93087-01-68-00,4U1636-53,4
93087-01-69-00,4U1636-53,4
93087-01-70-00,4U1636-53,4
93087-01-72-00,4U1636-53,4
93087-01-74-00,4U1636-53,4
93087-01-75-00,4U1636-53,4
93087-01-76-00,4U1636-53,4
93087-01-77-00,4U1636-53,4
93087-01-78-00,4U1636-53,4
93087-01-78-01,4U1636-53,4
93087-01-79-00,4U1636-53,4
93087-01-80-00,4U1636-53,4
93087-01-81-00,4U1636-53,4
93087-01-82-00,4U1636-53,4
93087-01-83-00,4U1636-53,4
93087-01-84-00,4U1636-53,4
93087-01-85-00,4U1636-53,4
93087-01-86-00,4U1636-53,4
93087-01-87-00,4U1636-53,4
93087-01-88-00,4U1636-53,4
93087-01-89-00,4U1636-53,4
93087-01-90-00,4U1636-53,4
93087-01-91-00,4U1636-53,4
93087-01-92-00,4U1636-53,4
93087-01-93-00,4U1636-53,4
93087-01-94-00,4U1636-53,4
93087-01-95-00,4U1636-53,4
93087-01-96-00,4U1636-53,4
93087-01-97-00,4U1636-53,4
93087-01-98-00,4U1636-53,4
93087-01-01-10,4U1636-53,4
93087-01-03-10,4U1636-53,4
93087-01-04-10,4U1636-53,4
93087-01-05-10,4U1636-53,4
93087-01-06-10,4U1636-53,4
93087-01-07-10,4U1636-53,4
93087-01-08-10,4U1636-53,4
93087-01-09-10,4U1636-53,4
93087-01-10-10,4U1636-53,4
93087-01-11-10G,4U1636-53,4
93087-01-12-10,4U1636-53,4
93087-01-13-10,4U1636-53,4
93087-01-14-10,4U1636-53,4
93087-01-15-10,4U1636-53,4
93087-01-16-10,4U1636-53,4
93087-01-17-10,4U1636-53,4
93087-01-18-10,4U1636-53,4
93087-01-19-10,4U1636-53,4
93087-01-21-10,4U1636-53,4
93087-01-22-10,4U1636-53,4
93087-01-23-10,4U1636-53,4
93087-01-24-10,4U1636-53,4
93091-01-02-000,4U1636-53,4
93091-01-02-00,4U1636-53,4
93087-01-25-10,4U1636-53,4
93087-01-26-10,4U1636-53,4
93087-01-28-10,4U1636-53,4
93087-01-29-10,4U1636-53,4
93087-01-30-10,4U1636-53,4
93087-01-31-10,4U1636-53,4
93087-01-32-10,4U1636-53,4
93087-01-33-10,4U1636-53,4
93087-01-34-10,4U1636-53,4
93087-01-35-10,4U1636-53,4
93087-01-36-10,4U1636-53,4
93087-01-37-10,4U1636-53,4
93087-01-38-10,4U1636-53,4
93087-01-39-10,4U1636-53,4
93087-01-40-10,4U1636-53,4
93087-01-41-10,4U1636-53,4
93087-01-42-10,4U1636-53,4
93087-01-43-10,4U1636-53,4
93087-01-44-10,4U1636-53,4
93087-01-45-10,4U1636-53,4
93087-01-46-10,4U1636-53,4
93087-01-47-10,4U1636-53,4
93087-01-48-10,4U1636-53,4
93087-01-49-10,4U1636-53,4
93087-01-51-10,4U1636-53,4
93087-01-52-10,4U1636-53,4
93087-01-54-10,4U1636-53,4
93087-01-55-10,4U1636-53,4
93087-01-56-10,4U1636-53,4
93087-01-58-10,4U1636-53,4
93087-01-59-10,4U1636-53,4
93087-01-60-10,4U1636-53,4
93087-01-61-10,4U1636-53,4
93087-01-62-10,4U1636-53,4
93087-01-63-10,4U1636-53,4
93087-01-64-10,4U1636-53,4
93087-01-65-10,4U1636-53,4
93087-01-67-10,4U1636-53,4
93087-01-68-10,4U1636-53,4
93087-01-69-10,4U1636-53,4
93087-01-70-10,4U1636-53,4
93087-01-71-10,4U1636-53,4
93087-01-72-10,4U1636-53,4
93087-01-73-10,4U1636-53,4
93087-01-74-10,4U1636-53,4
93087-01-76-10,4U1636-53,4
93087-01-77-10,4U1636-53,4
93087-01-78-10,4U1636-53,4
93087-01-79-10,4U1636-53,4
93087-01-80-10,4U1636-53,4
93087-01-81-10,4U1636-53,4
93087-01-82-10,4U1636-53,4
93087-01-83-10,4U1636-53,4
93087-01-84-10,4U1636-53,4
93087-01-85-10,4U1636-53,4
93087-01-86-10,4U1636-53,4
93087-01-87-10,4U1636-53,4
93087-01-88-10,4U1636-53,4
93087-01-90-10,4U1636-53,4
93087-01-89-10,4U1636-53,4
93087-01-91-10,4U1636-53,4
93087-01-92-10,4U1636-53,4
93087-01-93-10,4U1636-53,4
93087-01-94-10,4U1636-53,4
93087-01-95-10,4U1636-53,4
93087-01-96-10,4U1636-53,4
93087-01-97-10,4U1636-53,4
93087-01-98-10,4U1636-53,4
93087-01-01-20,4U1636-53,4
93087-01-02-20,4U1636-53,4
93087-01-03-20,4U1636-53,4
93087-01-04-20,4U1636-53,4
93087-01-07-20,4U1636-53,4
93087-01-08-20,4U1636-53,4
93087-01-09-20,4U1636-53,4
93087-01-10-20,4U1636-53,4
93087-01-11-20,4U1636-53,4
93087-01-12-20,4U1636-53,4
93087-01-13-20,4U1636-53,4
93087-01-14-20,4U1636-53,4
93087-01-15-20,4U1636-53,4
93087-01-16-20,4U1636-53,4
93087-01-18-20,4U1636-53,4
93087-01-20-20,4U1636-53,4
93087-01-21-20,4U1636-53,4
93087-01-22-20,4U1636-53,4
93087-01-23-20,4U1636-53,4
93087-01-24-20,4U1636-53,4
93087-01-25-20,4U1636-53,4
93087-01-26-20,4U1636-53,4
93087-01-27-20,4U1636-53,4
93087-01-28-20,4U1636-53,4
93087-01-29-20,4U1636-53,4
93087-01-30-20,4U1636-53,4
93087-01-32-20,4U1636-53,4
93087-01-33-20,4U1636-53,4
93087-01-34-20,4U1636-53,4
93087-01-35-20,4U1636-53,4
93087-01-36-20,4U1636-53,4
93087-01-38-20,4U1636-53,4
93087-01-39-20,4U1636-53,4
93087-01-40-20,4U1636-53,4
93087-01-41-20,4U1636-53,4
93087-01-43-20,4U1636-53,4
93087-01-44-20,4U1636-53,4
93087-01-45-20,4U1636-53,4
93087-01-46-20,4U1636-53,4
93087-01-47-20,4U1636-53,4
93087-01-48-20,4U1636-53,4
93087-01-49-20,4U1636-53,4
93087-01-50-20,4U1636-53,4
93087-01-51-20,4U1636-53,4
93087-01-52-20,4U1636-53,4
93087-01-54-20,4U1636-53,4
93087-01-55-20,4U1636-53,4
93087-01-56-20,4U1636-53,4
93087-01-57-20,4U1636-53,4
93087-01-58-20,4U1636-53,4
93087-01-59-20,4U1636-53,4
93087-01-60-20,4U1636-53,4
93087-01-61-20,4U1636-53,4
93087-01-62-20,4U1636-53,4
93087-01-64-20,4U1636-53,4
93087-01-66-20,4U1636-53,4
93087-01-67-20,4U1636-53,4
93087-01-68-20,4U1636-53,4
93087-01-69-20,4U1636-53,4
93087-01-70-20,4U1636-53,4
93087-01-71-20,4U1636-53,4
93087-01-72-20,4U1636-53,4
93087-01-73-20,4U1636-53,4
93087-01-74-20,4U1636-53,4
93087-01-75-20,4U1636-53,4
93087-01-76-20,4U1636-53,4
93087-01-77-20,4U1636-53,4
94087-01-02-00,4U1636-53,4
94087-01-03-00,4U1636-53,4
94087-01-04-00,4U1636-53,4
94087-01-05-00,4U1636-53,4
94087-01-06-00,4U1636-53,4
94087-01-07-00,4U1636-53,4
94087-01-08-00,4U1636-53,4
94087-01-09-00,4U1636-53,4
94087-01-10-00,4U1636-53,4
94087-01-11-00,4U1636-53,4
94087-01-12-00,4U1636-53,4
94087-01-13-00,4U1636-53,4
94087-01-14-00,4U1636-53,4
94087-01-15-00,4U1636-53,4
94087-01-16-00,4U1636-53,4
94087-01-17-00,4U1636-53,4
94087-01-18-00,4U1636-53,4
94087-01-19-00,4U1636-53,4
94087-01-20-00,4U1636-53,4
94087-01-22-00,4U1636-53,4
94087-01-23-00,4U1636-53,4
94087-01-24-00,4U1636-53,4
94087-01-25-00,4U1636-53,4
94087-01-26-00,4U1636-53,4
94087-01-27-00,4U1636-53,4
94087-01-28-00,4U1636-53,4
94087-01-29-00,4U1636-53,4
94087-01-30-00,4U1636-53,4
94087-01-31-00,4U1636-53,4
94087-01-32-00,4U1636-53,4
94087-01-33-00,4U1636-53,4
94087-01-34-00,4U1636-53,4
94087-01-35-00,4U1636-53,4
94087-01-36-00,4U1636-53,4
94087-01-37-00,4U1636-53,4
94087-01-38-00,4U1636-53,4
94087-01-39-00,4U1636-53,4
94087-01-40-00,4U1636-53,4
94310-01-01-02,4U1636-53,4
94310-01-01-04,4U1636-53,4
94310-01-01-00,4U1636-53,4
94310-01-01-01,4U1636-53,4
94310-01-01-03,4U1636-53,4
94087-01-41-00,4U1636-53,4
94087-01-42-00,4U1636-53,4
94087-01-43-00,4U1636-53,4
94087-01-44-00,4U1636-53,4
94087-01-45-00,4U1636-53,4
94310-01-02-00,4U1636-53,4
94310-01-02-03,4U1636-53,4
94310-01-02-04,4U1636-53,4
94310-01-02-05,4U1636-53,4
94310-01-02-02,4U1636-53,4
94087-01-47-00,4U1636-53,4
94087-01-48-00,4U1636-53,4
94087-01-49-00,4U1636-53,4
94087-01-50-00,4U1636-53,4
94087-01-51-00,4U1636-53,4
94087-01-53-00,4U1636-53,4
94087-01-56-00,4U1636-53,4
94087-01-57-00,4U1636-53,4
94087-01-58-00,4U1636-53,4
94087-01-59-00,4U1636-53,4
94087-01-60-00,4U1636-53,4
94087-01-61-00,4U1636-53,4
94087-01-63-00,4U1636-53,4
94087-01-64-00,4U1636-53,4
94087-01-65-00,4U1636-53,4
94087-01-67-00,4U1636-53,4
94087-01-69-00,4U1636-53,4
94087-01-70-00,4U1636-53,4
94087-01-71-00,4U1636-53,4
94087-01-72-00,4U1636-53,4
94087-01-73-00,4U1636-53,4
94087-01-74-00,4U1636-53,4
94087-01-75-00,4U1636-53,4
94087-01-76-00,4U1636-53,4
94087-01-80-00,4U1636-53,4
94087-01-81-00,4U1636-53,4
94087-01-82-00,4U1636-53,4
94089-01-01-00,4U1636-53,4
94089-01-01-01,4U1636-53,4
94087-01-83-00,4U1636-53,4
94087-01-85-00,4U1636-53,4
94087-01-86-00,4U1636-53,4
94087-01-87-00G,4U1636-53,4
93082-06-01-01,4U1636-53,4
93082-06-01-00,4U1636-53,4
94087-01-88-00,4U1636-53,4
94087-01-89-00,4U1636-53,4
94087-01-90-00,4U1636-53,4
93082-06-02-00,4U1636-53,4
94087-01-92-00,4U1636-53,4
93082-06-03-00,4U1636-53,4
94087-01-93-00,4U1636-53,4
94087-01-94-00,4U1636-53,4
94087-01-95-00,4U1636-53,4
94087-01-97-00,4U1636-53,4
94087-01-98-00,4U1636-53,4
94087-01-01-10,4U1636-53,4
94087-01-02-10,4U1636-53,4
94087-01-03-10,4U1636-53,4
94087-01-04-10,4U1636-53,4
94087-01-06-10,4U1636-53,4
94087-01-07-10,4U1636-53,4
94087-01-08-10,4U1636-53,4
94087-01-09-10,4U1636-53,4
94087-01-10-10,4U1636-53,4
94087-01-11-10,4U1636-53,4
94087-01-12-10,4U1636-53,4
94087-01-13-10,4U1636-53,4
94087-01-14-10,4U1636-53,4
94087-01-15-10,4U1636-53,4
94087-01-16-10,4U1636-53,4
94087-01-18-10,4U1636-53,4
94087-01-17-10,4U1636-53,4
94087-01-19-10,4U1636-53,4
94087-01-20-10,4U1636-53,4
94087-01-21-10,4U1636-53,4
94087-01-22-10,4U1636-53,4
94087-01-23-10,4U1636-53,4
94087-01-24-10,4U1636-53,4
94087-01-25-10,4U1636-53,4
94087-01-26-10,4U1636-53,4
94087-01-27-10,4U1636-53,4
94087-01-28-10,4U1636-53,4
94087-01-29-10,4U1636-53,4
94310-01-03-000,4U1636-53,4
94310-01-03-00,4U1636-53,4
94087-01-30-10,4U1636-53,4
94087-01-31-10,4U1636-53,4
94087-01-32-10,4U1636-53,4
94437-01-01-000,4U1636-53,4
94437-01-01-00,4U1636-53,4
94437-01-01-010,4U1636-53,4
94437-01-01-01,4U1636-53,4
94437-01-02-000,4U1636-53,4
94437-01-02-00,4U1636-53,4
94310-01-04-00,4U1636-53,4
94087-01-35-10,4U1636-53,4
94087-01-36-10,4U1636-53,4
94087-01-37-10,4U1636-53,4
94087-01-43-10,4U1636-53,4
94087-01-44-10,4U1636-53,4
94087-01-45-10,4U1636-53,4
94087-01-46-10,4U1636-53,4
94087-01-47-10,4U1636-53,4
94087-01-48-10,4U1636-53,4
94087-01-49-10,4U1636-53,4
94087-01-50-10,4U1636-53,4
94087-01-51-10,4U1636-53,4
94087-01-52-10,4U1636-53,4
94087-01-53-10,4U1636-53,4
94087-01-57-10,4U1636-53,4
94087-01-59-10,4U1636-53,4
94087-01-60-10,4U1636-53,4
94087-01-61-10,4U1636-53,4
94087-01-62-10,4U1636-53,4
94087-01-63-10,4U1636-53,4
94087-01-64-10,4U1636-53,4
94087-01-65-10,4U1636-53,4
94087-01-67-10,4U1636-53,4
94087-01-68-10,4U1636-53,4
94087-01-69-10,4U1636-53,4
94087-01-70-10,4U1636-53,4
94087-01-71-10,4U1636-53,4
94087-01-72-10,4U1636-53,4
94087-01-73-10,4U1636-53,4
94087-01-74-10,4U1636-53,4
94087-01-75-10,4U1636-53,4
94087-01-76-10,4U1636-53,4
94087-01-77-10,4U1636-53,4
94087-01-78-10,4U1636-53,4
94087-01-79-10,4U1636-53,4
94087-01-80-10,4U1636-53,4
94087-01-81-10,4U1636-53,4
94087-01-82-10,4U1636-53,4
94087-01-83-10,4U1636-53,4
94087-01-84-10,4U1636-53,4
94087-01-85-10,4U1636-53,4
94087-01-86-10,4U1636-53,4
94087-01-87-10,4U1636-53,4
94087-01-88-10,4U1636-53,4
95087-01-01-00,4U1636-53,4
95087-01-03-00,4U1636-53,4
95087-01-04-00,4U1636-53,4
95087-01-05-00,4U1636-53,4
95087-01-06-00,4U1636-53,4
95087-01-07-00,4U1636-53,4
95087-01-08-00,4U1636-53,4
95087-01-09-00,4U1636-53,4
95087-01-10-00,4U1636-53,4
95087-01-13-00,4U1636-53,4
95087-01-15-00,4U1636-53,4
95087-01-16-00,4U1636-53,4
95087-01-17-00,4U1636-53,4
95087-01-20-00,4U1636-53,4
95087-01-21-00,4U1636-53,4
95087-01-22-00,4U1636-53,4
95087-01-24-00,4U1636-53,4
95087-01-26-00,4U1636-53,4
95087-01-27-00,4U1636-53,4
95087-01-28-00,4U1636-53,4
95087-01-30-00,4U1636-53,4
95087-01-31-00,4U1636-53,4
95087-01-33-00,4U1636-53,4
95087-01-35-00,4U1636-53,4
95087-01-36-00,4U1636-53,4
95087-01-37-00,4U1636-53,4
95087-01-38-00,4U1636-53,4
95087-01-39-00,4U1636-53,4
95087-01-40-00,4U1636-53,4
95087-01-41-00,4U1636-53,4
95087-01-42-00,4U1636-53,4
95087-01-44-00,4U1636-53,4
95087-01-46-00,4U1636-53,4
95087-01-47-00,4U1636-53,4
95087-01-48-00,4U1636-53,4
95087-01-49-00,4U1636-53,4
95087-01-50-00,4U1636-53,4
95087-01-56-00,4U1636-53,4
95087-01-57-00,4U1636-53,4
95087-01-58-00,4U1636-53,4
95087-01-59-00,4U1636-53,4
95087-01-60-00,4U1636-53,4
95087-01-61-00,4U1636-53,4
95087-01-62-00,4U1636-53,4
95087-01-63-00,4U1636-53,4
95087-01-65-00,4U1636-53,4
95087-01-67-00,4U1636-53,4
95087-01-69-00,4U1636-53,4
93082-06-04-00,4U1636-53,4
93082-06-05-00,4U1636-53,4
95087-01-71-00,4U1636-53,4
95087-01-72-00,4U1636-53,4
95087-01-73-00,4U1636-53,4
95087-01-74-00,4U1636-53,4
95087-01-75-00,4U1636-53,4
95087-01-76-00,4U1636-53,4
95087-01-77-00,4U1636-53,4
95087-01-78-00,4U1636-53,4
95087-01-79-00,4U1636-53,4
95087-01-80-00,4U1636-53,4
93082-06-06-03,4U1636-53,4
93082-06-06-02,4U1636-53,4
93082-06-06-01,4U1636-53,4
93082-06-07-00,4U1636-53,4
95087-01-81-00,4U1636-53,4
93082-06-07-01,4U1636-53,4
95087-01-82-00,4U1636-53,4
95087-01-83-00,4U1636-53,4
95087-01-84-00,4U1636-53,4
95087-01-85-00,4U1636-53,4
95087-01-86-00,4U1636-53,4
95087-01-87-00,4U1636-53,4
95087-01-88-00,4U1636-53,4
95087-01-89-00,4U1636-53,4
95087-01-90-00,4U1636-53,4
95087-01-91-00,4U1636-53,4
95087-01-92-00,4U1636-53,4
95087-01-94-00,4U1636-53,4
95087-01-95-00,4U1636-53,4
95087-01-96-00,4U1636-53,4
95087-01-98-00,4U1636-53,4
95087-01-01-10,4U1636-53,4
95087-01-02-10,4U1636-53,4
95087-01-03-10,4U1636-53,4
95087-01-04-10,4U1636-53,4
95087-01-05-10,4U1636-53,4
95087-01-06-10,4U1636-53,4
95087-01-07-10,4U1636-53,4
95087-01-08-10,4U1636-53,4
95087-01-09-10,4U1636-53,4
95087-01-10-10,4U1636-53,4
95087-01-11-10,4U1636-53,4
95087-01-12-10,4U1636-53,4
95087-01-13-10,4U1636-53,4
95087-01-14-10,4U1636-53,4
95087-01-15-10,4U1636-53,4
95087-01-16-10,4U1636-53,4
95087-01-17-10,4U1636-53,4
95087-01-18-10,4U1636-53,4
95087-01-19-10,4U1636-53,4
95087-01-20-10,4U1636-53,4
95087-01-21-10,4U1636-53,4
95087-01-22-10,4U1636-53,4
95087-01-23-10,4U1636-53,4
95087-01-24-10,4U1636-53,4
95087-01-25-10,4U1636-53,4
95087-01-26-10,4U1636-53,4
95087-01-27-10,4U1636-53,4
95087-01-28-10,4U1636-53,4
95087-01-29-10,4U1636-53,4
95087-01-30-10,4U1636-53,4
95087-01-31-10,4U1636-53,4
95087-01-32-10,4U1636-53,4
95087-01-34-10,4U1636-53,4
95087-01-35-10,4U1636-53,4
95087-01-36-10,4U1636-53,4
95087-01-37-10,4U1636-53,4
95087-01-38-10,4U1636-53,4
95087-01-39-10,4U1636-53,4
95087-01-40-10,4U1636-53,4
95087-01-42-10,4U1636-53,4
95087-01-43-10,4U1636-53,4
95087-01-47-10,4U1636-53,4
95087-01-48-10,4U1636-53,4
95087-01-49-11,4U1636-53,4
95087-01-50-10,4U1636-53,4
95087-01-51-10,4U1636-53,4
95087-01-52-10,4U1636-53,4
95087-01-53-10,4U1636-53,4
95087-01-54-10,4U1636-53,4
95087-01-55-10,4U1636-53,4
95087-01-56-10,4U1636-53,4
95087-01-57-10,4U1636-53,4
95087-01-58-10,4U1636-53,4
95087-01-59-10,4U1636-53,4
95087-01-60-10,4U1636-53,4
95087-01-61-10,4U1636-53,4
95087-01-62-10,4U1636-53,4
95087-01-63-10,4U1636-53,4
95087-01-64-10,4U1636-53,4
95087-01-65-10,4U1636-53,4
95087-01-66-10,4U1636-53,4
95087-01-67-10,4U1636-53,4
95087-01-68-10,4U1636-53,4
95087-01-69-10,4U1636-53,4
95087-01-70-10,4U1636-53,4
95087-01-71-10,4U1636-53,4
95087-01-72-10,4U1636-53,4
95087-01-74-10,4U1636-53,4
95087-01-75-10,4U1636-53,4
95087-01-76-10,4U1636-53,4
95087-01-77-10,4U1636-53,4
95087-01-78-10,4U1636-53,4
95087-01-79-10,4U1636-53,4
95087-01-80-10,4U1636-53,4
95087-01-81-10,4U1636-53,4
95087-01-82-10,4U1636-53,4
95087-01-83-10,4U1636-53,4
95087-01-84-10,4U1636-53,4
96087-01-01-00,4U1636-53,4
96087-01-02-00,4U1636-53,4
96087-01-03-00,4U1636-53,4
96087-01-04-00,4U1636-53,4
96087-01-05-00,4U1636-53,4
96087-01-06-00,4U1636-53,4
96087-01-07-00,4U1636-53,4
96087-01-08-00,4U1636-53,4
96087-01-09-00,4U1636-53,4
96087-01-11-00,4U1636-53,4
96087-01-12-00,4U1636-53,4
96087-01-16-00,4U1636-53,4
96087-01-17-00,4U1636-53,4
96087-01-18-00,4U1636-53,4
96087-01-19-00,4U1636-53,4
96087-01-20-00,4U1636-53,4
96087-01-21-00,4U1636-53,4
96087-01-22-00,4U1636-53,4
96087-01-23-00,4U1636-53,4
96087-01-24-00,4U1636-53,4
96087-01-25-00,4U1636-53,4
96087-01-26-00,4U1636-53,4
96087-01-27-00,4U1636-53,4
96087-01-29-00,4U1636-53,4
96087-01-30-00,4U1636-53,4
96087-01-32-00,4U1636-53,4
96087-01-33-00,4U1636-53,4
96087-01-34-00,4U1636-53,4
96087-01-35-00,4U1636-53,4
96087-01-36-00,4U1636-53,4
96087-01-37-00,4U1636-53,4
96087-01-38-00,4U1636-53,4
96087-01-39-00,4U1636-53,4
96087-01-40-00,4U1636-53,4
96087-01-41-00,4U1636-53,4
96087-01-42-00,4U1636-53,4
96087-01-43-00,4U1636-53,4
96087-01-44-00,4U1636-53,4
96087-01-45-00,4U1636-53,4
96087-01-46-00,4U1636-53,4
96087-01-47-00,4U1636-53,4
96087-01-48-00,4U1636-53,4
96087-01-50-00,4U1636-53,4
96087-01-51-00,4U1636-53,4
96087-01-52-00,4U1636-53,4
96087-01-53-00,4U1636-53,4
96087-01-54-00,4U1636-53,4
96087-01-55-00,4U1636-53,4
96087-01-56-00,4U1636-53,4
96087-01-57-00,4U1636-53,4
96087-01-58-00,4U1636-53,4
96087-01-59-00,4U1636-53,4
96087-01-60-00,4U1636-53,4
96087-01-61-00,4U1636-53,4
96087-01-63-00,4U1636-53,4
96087-01-64-00,4U1636-53,4
96087-01-65-00,4U1636-53,4
96087-01-66-00,4U1636-53,4
96087-01-67-00,4U1636-53,4
96087-01-68-00,4U1636-53,4
96087-01-69-00,4U1636-53,4
96087-01-70-00,4U1636-53,4
96087-01-71-00,4U1636-53,4
96087-01-72-00,4U1636-53,4
96087-01-73-00,4U1636-53,4
96087-01-74-00,4U1636-53,4
96087-01-75-00,4U1636-53,4
96087-01-76-00,4U1636-53,4
96087-01-77-00,4U1636-53,4
96087-01-78-00,4U1636-53,4
96087-01-79-00,4U1636-53,4
96087-01-80-00,4U1636-53,4
96087-01-81-00,4U1636-53,4
96087-01-82-00,4U1636-53,4
96087-01-83-00,4U1636-53,4
96087-01-84-00,4U1636-53,4
96087-01-85-00,4U1636-53,4
96087-01-86-00,4U1636-53,4
96087-01-87-00,4U1636-53,4
96087-01-91-00G,4U1636-53,4
96087-01-92-00,4U1636-53,4
96087-01-93-00,4U1636-53,4
96087-01-94-00,4U1636-53,4
96087-01-96-00,4U1636-53,4
96087-01-97-00,4U1636-53,4
96087-01-98-00,4U1636-53,4
96087-01-01-10,4U1636-53,4
96087-01-02-10,4U1636-53,4
96087-01-03-10,4U1636-53,4
96087-01-04-10,4U1636-53,4
96087-01-05-10,4U1636-53,4
96087-01-06-10,4U1636-53,4
96087-01-07-10,4U1636-53,4
96087-01-08-10,4U1636-53,4
96087-01-09-10,4U1636-53,4
96087-01-10-10,4U1636-53,4
96087-01-11-10,4U1636-53,4
96087-01-12-10,4U1636-53,4
96087-01-13-10,4U1636-53,4
96087-01-14-10,4U1636-53,4
96087-01-16-10,4U1636-53,4
96087-01-17-10,4U1636-53,4
96331-03-01-00,4U1636-53,4
96331-03-01-01,4U1636-53,4
96087-01-21-10,4U1636-53,4
96087-01-22-10,4U1636-53,4
96087-01-24-10,4U1636-53,4
96087-01-26-10,4U1636-53,4
96087-01-27-10,4U1636-53,4
96087-01-28-10,4U1636-53,4
96087-01-32-10,4U1636-53,4
96087-01-33-10,4U1636-53,4
96087-01-34-10,4U1636-53,4
96087-01-35-10,4U1636-53,4
96087-01-36-10,4U1636-53,4
96087-01-38-10,4U1636-53,4
96087-01-41-10,4U1636-53,4
96087-01-44-10,4U1636-53,4
96087-01-45-10,4U1636-53,4
96087-01-46-10,4U1636-53,4
96087-01-47-10,4U1636-53,4
96087-01-48-10,4U1636-53,4
96087-01-50-10,4U1636-53,4
96087-01-51-10,4U1636-53,4
96087-01-52-10,4U1636-53,4
96087-01-53-10,4U1636-53,4
96087-01-54-10,4U1636-53,4
96087-01-55-10,4U1636-53,4
96087-01-58-10,4U1636-53,4
96087-01-59-10,4U1636-53,4
96087-01-60-10,4U1636-53,4
96087-01-61-10,4U1636-53,4
96087-01-62-10,4U1636-53,4
96087-01-63-10,4U1636-53,4
96087-01-64-10,4U1636-53,4
96087-01-65-10,4U1636-53,4
96087-01-66-10,4U1636-53,4
96087-01-67-10,4U1636-53,4
96087-01-68-10,4U1636-53,4
96087-01-69-10,4U1636-53,4
96087-01-71-10,4U1636-53,4
96087-01-72-10,4U1636-53,4
96087-01-73-10,4U1636-53,4
96087-01-74-10,4U1636-53,4
96087-01-75-10,4U1636-53,4
96087-01-76-10,4U1636-53,4
96087-01-77-10,4U1636-53,4
96087-01-78-10,4U1636-53,4
96087-01-79-10,4U1636-53,4
96087-01-80-10,4U1636-53,4
96087-01-81-10,4U1636-53,4
96087-01-83-10,4U1636-53,4
96087-01-84-10,4U1636-53,4
50030-01-01-00,4U1702-429,5
50030-01-01-01,4U1702-429,5
50030-01-01-02,4U1702-429,5
50030-01-01-03,4U1702-429,5
50030-01-01-04,4U1702-429,5
50030-01-01-05,4U1702-429,5
50030-01-01-06,4U1702-429,5
50030-01-02-000,4U1702-429,5
50030-01-02-00,4U1702-429,5
50029-27-01-01,4U1702-429,5
50029-27-01-000,4U1702-429,5
50029-27-01-00,4U1702-429,5
50030-01-03-00,4U1702-429,5
50030-01-03-02,4U1702-429,5
50030-01-03-01,4U1702-429,5
50025-01-01-01,4U1702-429,5
50025-01-01-02,4U1702-429,5
50025-01-01-00,4U1702-429,5
50025-01-01-03,4U1702-429,5
50025-01-01-04,4U1702-429,5
50025-01-01-05,4U1702-429,5
50025-01-01-07,4U1702-429,5
50030-01-04-000,4U1702-429,5
50030-01-04-00,4U1702-429,5
50030-01-05-000,4U1702-429,5
50030-01-05-00,4U1702-429,5
50030-01-06-01,4U1702-429,5
50030-01-06-00,4U1702-429,5
50030-01-07-01,4U1702-429,5
50030-01-07-00,4U1702-429,5
50030-01-08-00,4U1702-429,5
50030-01-08-01,4U1702-429,5
50030-01-09-01,4U1702-429,5
50030-01-09-00,4U1702-429,5
50030-01-09-02,4U1702-429,5
50030-01-09-03,4U1702-429,5
50030-01-09-04,4U1702-429,5
50030-01-09-05,4U1702-429,5
50030-01-10-00,4U1702-429,5
50030-01-10-01,4U1702-429,5
50030-01-10-02,4U1702-429,5
50030-01-10-03,4U1702-429,5
50030-01-11-00,4U1702-429,5
50030-01-11-01,4U1702-429,5
50030-01-12-00,4U1702-429,5
50030-01-13-00G,4U1702-429,5
50030-01-13-01,4U1702-429,5
50030-01-13-02,4U1702-429,5
50030-01-14-02,4U1702-429,5
50030-01-14-00,4U1702-429,5
50030-01-14-03,4U1702-429,5
50030-01-14-01,4U1702-429,5
80033-01-01-00,4U1702-429,5
80033-01-01-08,4U1702-429,5
80033-01-01-01,4U1702-429,5
80033-01-01-02,4U1702-429,5
80033-01-02-000,4U1702-429,5
80033-01-02-00,4U1702-429,5
80033-01-01-09,4U1702-429,5
80033-01-01-07,4U1702-429,5
80033-01-01-030,4U1702-429,5
80033-01-01-03,4U1702-429,5
80033-01-01-04,4U1702-429,5
80033-01-01-05,4U1702-429,5
80033-01-01-06,4U1702-429,5
80033-01-03-00,4U1702-429,5
80033-01-03-01,4U1702-429,5
80033-01-04-00,4U1702-429,5
80033-01-04-01,4U1702-429,5
80033-01-04-02,4U1702-429,5
80033-01-04-03,4U1702-429,5
80033-01-05-03,4U1702-429,5
80033-01-05-00,4U1702-429,5
80033-01-05-02,4U1702-429,5
80033-01-05-01,4U1702-429,5
80033-01-06-00,4U1702-429,5
80033-01-06-02,4U1702-429,5
80033-01-06-01,4U1702-429,5
80033-01-04-04,4U1702-429,5
80033-01-06-03,4U1702-429,5
80033-01-07-000,4U1702-429,5
80033-01-07-00,4U1702-429,5
80033-01-07-02,4U1702-429,5
80033-01-07-03,4U1702-429,5
80033-01-08-02,4U1702-429,5
80033-01-12-01,4U1702-429,5
80033-01-09-02,4U1702-429,5
80033-01-11-05,4U1702-429,5
80033-01-09-03,4U1702-429,5
80033-01-09-04,4U1702-429,5
80033-01-08-00G,4U1702-429,5
80033-01-09-00,4U1702-429,5
80033-01-08-03,4U1702-429,5
80033-01-09-01,4U1702-429,5
80033-01-08-05,4U1702-429,5
80033-01-09-05,4U1702-429,5
80033-01-10-05,4U1702-429,5
80033-01-08-01,4U1702-429,5
80033-01-10-000,4U1702-429,5
80033-01-10-00,4U1702-429,5
80033-01-10-03,4U1702-429,5
80033-01-12-05,4U1702-429,5
80033-01-12-04,4U1702-429,5
80033-01-14-05,4U1702-429,5
80033-01-15-02,4U1702-429,5
80033-01-11-00,4U1702-429,5
80033-01-14-06,4U1702-429,5
80033-01-10-04G,4U1702-429,5
80033-01-10-01,4U1702-429,5
80033-01-10-02,4U1702-429,5
80033-01-11-01,4U1702-429,5
80033-01-11-07,4U1702-429,5
80033-01-11-02,4U1702-429,5
80033-01-11-06,4U1702-429,5
80033-01-11-03,4U1702-429,5
80033-01-12-000,4U1702-429,5
80033-01-12-00,4U1702-429,5
80033-01-14-03,4U1702-429,5
80033-01-14-04,4U1702-429,5
80033-01-13-06,4U1702-429,5
80033-01-13-07,4U1702-429,5
80033-01-15-03,4U1702-429,5
80033-01-13-000,4U1702-429,5
80033-01-13-00,4U1702-429,5
80033-01-14-07,4U1702-429,5
80033-01-14-08,4U1702-429,5
80033-01-15-04,4U1702-429,5
80033-01-13-05,4U1702-429,5
80033-01-12-02,4U1702-429,5
80033-01-14-09,4U1702-429,5
80033-01-14-00,4U1702-429,5
80033-01-14-02,4U1702-429,5
80033-01-13-01,4U1702-429,5
80033-01-15-05,4U1702-429,5
80033-01-13-02,4U1702-429,5
80033-01-15-06,4U1702-429,5
80033-01-15-07,4U1702-429,5
80033-01-15-08,4U1702-429,5
80033-01-15-00,4U1702-429,5
80033-01-14-01,4U1702-429,5
80033-01-16-01,4U1702-429,5
80033-01-16-03,4U1702-429,5
80033-01-16-04,4U1702-429,5
80033-01-16-05,4U1702-429,5
80033-01-16-06,4U1702-429,5
80033-01-16-02,4U1702-429,5
80033-01-16-000,4U1702-429,5
80033-01-16-00,4U1702-429,5
80033-01-16-07,4U1702-429,5
80033-01-16-08,4U1702-429,5
80033-01-16-09,4U1702-429,5
80033-01-16-10,4U1702-429,5
80033-01-17-01,4U1702-429,5
80033-01-17-000,4U1702-429,5
80033-01-17-00,4U1702-429,5
80033-01-17-03,4U1702-429,5
80033-01-17-02,4U1702-429,5
80033-01-18-02,4U1702-429,5
80033-01-18-03,4U1702-429,5
80033-01-18-01,4U1702-429,5
80033-01-18-00,4U1702-429,5
80033-01-19-01,4U1702-429,5
80033-01-19-02,4U1702-429,5
80033-01-19-03,4U1702-429,5
80033-01-19-00,4U1702-429,5
80033-01-19-040,4U1702-429,5
80033-01-19-04,4U1702-429,5
80033-01-20-01,4U1702-429,5
80033-01-20-04,4U1702-429,5
80033-01-20-00,4U1702-429,5
80033-01-20-02,4U1702-429,5
80033-01-20-07,4U1702-429,5
80033-01-20-03,4U1702-429,5
80033-01-21-000,4U1702-429,5
80033-01-21-00,4U1702-429,5
80033-01-21-03,4U1702-429,5
80033-01-21-02,4U1702-429,5
91023-02-01-00,4U1702-429,5
91023-02-01-01,4U1702-429,5
91023-02-02-01,4U1702-429,5
91023-02-02-02,4U1702-429,5
91023-02-02-00,4U1702-429,5
91023-02-03-00,4U1702-429,5
91023-02-03-01,4U1702-429,5
91023-02-04-00,4U1702-429,5
91023-02-04-01,4U1702-429,5
91023-02-04-02,4U1702-429,5
91023-02-04-03,4U1702-429,5
91023-02-05-00,4U1702-429,5
91023-02-06-00,4U1702-429,5
91023-02-06-01,4U1702-429,5
91023-02-07-00,4U1702-429,5
91023-02-08-00,4U1702-429,5
91023-02-09-00,4U1702-429,5
94415-01-01-00,4U1702-429,5
94415-01-01-01,4U1702-429,5
94415-01-02-00,4U1702-429,5
94415-01-02-01,4U1702-429,5
95338-04-01-000,4U1702-429,5
95338-04-01-00,4U1702-429,5
95338-04-01-01,4U1702-429,5
70038-01-01-00,4U1705-44,6
70038-01-01-01,4U1705-44,6
70038-03-01-02,4U1705-44,6
70038-03-01-00,4U1705-44,6
70038-03-01-01,4U1705-44,6
70038-03-02-00,4U1705-44,6
70038-04-01-02,4U1705-44,6
70038-04-01-00,4U1705-44,6
70038-04-01-01,4U1705-44,6
70038-04-01-03,4U1705-44,6
70038-04-01-04,4U1705-44,6
91039-01-01-00,4U1705-44,6
91039-01-01-10,4U1705-44,6
91039-01-01-11,4U1705-44,6
91039-01-01-12,4U1705-44,6
91039-01-01-20,4U1705-44,6
91039-01-01-21,4U1705-44,6
91039-01-01-22,4U1705-44,6
91039-01-01-30,4U1705-44,6
91039-01-01-31,4U1705-44,6
91039-01-01-40,4U1705-44,6
91039-01-01-43,4U1705-44,6
91039-01-01-51,4U1705-44,6
91039-01-01-52,4U1705-44,6
91039-01-01-60,4U1705-44,6
91039-01-01-61,4U1705-44,6
91039-01-01-63,4U1705-44,6
91039-01-02-00,4U1705-44,6
91039-01-02-01,4U1705-44,6
91039-01-02-02,4U1705-44,6
91039-01-02-10,4U1705-44,6
91039-01-02-11,4U1705-44,6
91039-01-02-12,4U1705-44,6
91039-01-02-13,4U1705-44,6
91039-01-02-30,4U1705-44,6
91039-01-02-31,4U1705-44,6
91039-01-02-32,4U1705-44,6
91039-01-02-40,4U1705-44,6
91039-01-02-41,4U1705-44,6
91039-01-02-42,4U1705-44,6
91039-01-02-50,4U1705-44,6
91039-01-02-51,4U1705-44,6
90170-01-01-02,4U1705-44,6
90170-01-01-000,4U1705-44,6
90170-01-01-00,4U1705-44,6
90170-01-01-01,4U1705-44,6
91039-01-02-53,4U1705-44,6
91039-01-02-60,4U1705-44,6
91039-01-02-61,4U1705-44,6
91039-01-03-10,4U1705-44,6
91039-01-03-00,4U1705-44,6
91039-01-03-01,4U1705-44,6
91039-01-03-02,4U1705-44,6
91039-01-03-03,4U1705-44,6
91039-01-03-20,4U1705-44,6
91039-01-03-21,4U1705-44,6
91039-01-03-22,4U1705-44,6
91039-01-03-30,4U1705-44,6
91039-01-03-32,4U1705-44,6
91039-01-03-33,4U1705-44,6
91039-01-03-40,4U1705-44,6
91039-01-03-41,4U1705-44,6
91039-01-03-42,4U1705-44,6
91039-01-03-50,4U1705-44,6
91039-01-03-51,4U1705-44,6
93060-01-02-00,4U1705-44,6
93060-01-03-00,4U1705-44,6
93060-01-04-00,4U1705-44,6
93060-01-05-00,4U1705-44,6
93060-01-06-00,4U1705-44,6
93060-01-07-00,4U1705-44,6
93060-01-08-00,4U1705-44,6
93060-01-09-00,4U1705-44,6
93060-01-10-00,4U1705-44,6
93060-01-11-00,4U1705-44,6
93060-01-12-00,4U1705-44,6
93060-01-13-00,4U1705-44,6
93060-01-14-00,4U1705-44,6
93060-01-15-00,4U1705-44,6
93060-01-16-00,4U1705-44,6
93060-01-17-00,4U1705-44,6
93060-01-18-00,4U1705-44,6
93060-01-19-00,4U1705-44,6
93060-01-19-01,4U1705-44,6
93060-01-19-02,4U1705-44,6
93060-01-20-00,4U1705-44,6
93060-01-21-00,4U1705-44,6
93060-01-22-00,4U1705-44,6
93060-01-23-00,4U1705-44,6
93060-01-24-00,4U1705-44,6
93060-01-25-00,4U1705-44,6
93060-01-26-00,4U1705-44,6
93060-01-27-00,4U1705-44,6
93060-01-28-00,4U1705-44,6
93060-01-29-00,4U1705-44,6
93060-01-30-00,4U1705-44,6
93060-01-31-00,4U1705-44,6
93060-01-32-00,4U1705-44,6
93060-01-33-00,4U1705-44,6
93060-01-34-00,4U1705-44,6
93060-01-35-00,4U1705-44,6
93060-01-36-00,4U1705-44,6
93060-01-37-00,4U1705-44,6
93060-01-38-00,4U1705-44,6
93060-01-01-00,4U1705-44,6
93060-01-50-00,4U1705-44,6
93060-01-51-00,4U1705-44,6
93060-01-52-00,4U1705-44,6
93060-01-52-01,4U1705-44,6
93060-01-53-00,4U1705-44,6
93060-01-54-00,4U1705-44,6
93060-01-55-00,4U1705-44,6
93060-01-56-00,4U1705-44,6
93060-01-57-00,4U1705-44,6
93060-01-58-00,4U1705-44,6
93060-01-59-00,4U1705-44,6
93060-01-60-00,4U1705-44,6
93060-01-61-00,4U1705-44,6
93060-01-62-00,4U1705-44,6
93060-01-63-00,4U1705-44,6
93060-01-64-00,4U1705-44,6
93060-01-65-00,4U1705-44,6
93060-01-66-00,4U1705-44,6
93060-01-67-00,4U1705-44,6
93060-01-68-00,4U1705-44,6
93060-01-69-00,4U1705-44,6
93060-01-70-00,4U1705-44,6
93060-01-71-00,4U1705-44,6
93060-01-72-00,4U1705-44,6
93060-01-73-00,4U1705-44,6
93060-01-74-00,4U1705-44,6
93060-01-75-00,4U1705-44,6
93060-01-76-00,4U1705-44,6
93060-01-77-00,4U1705-44,6
93060-01-78-00,4U1705-44,6
93060-01-79-00,4U1705-44,6
93060-01-80-00,4U1705-44,6
93060-01-81-00,4U1705-44,6
93060-01-82-00,4U1705-44,6
93060-01-83-00,4U1705-44,6
93060-01-84-00,4U1705-44,6
93060-01-85-00,4U1705-44,6
93060-01-86-00,4U1705-44,6
93060-01-87-00,4U1705-44,6
93060-01-88-00,4U1705-44,6
93060-01-89-00,4U1705-44,6
93060-01-90-00,4U1705-44,6
93060-01-91-00,4U1705-44,6
93060-01-92-00,4U1705-44,6
93060-01-93-00,4U1705-44,6
93060-01-94-00,4U1705-44,6
93060-01-95-00,4U1705-44,6
93060-01-96-00,4U1705-44,6
93060-01-97-00,4U1705-44,6
93060-01-98-00,4U1705-44,6
93060-01-01-10,4U1705-44,6
93060-01-02-10,4U1705-44,6
93060-01-03-10,4U1705-44,6
93060-01-04-10,4U1705-44,6
93060-01-05-10,4U1705-44,6
93060-01-06-10,4U1705-44,6
93060-01-07-10,4U1705-44,6
93060-01-08-10,4U1705-44,6
93060-01-09-10,4U1705-44,6
93060-01-10-10,4U1705-44,6
93060-01-11-10,4U1705-44,6
93060-01-12-10,4U1705-44,6
93060-01-13-10,4U1705-44,6
93060-01-14-10,4U1705-44,6
93060-01-15-10,4U1705-44,6
93060-01-16-10,4U1705-44,6
93060-01-17-10,4U1705-44,6
93060-01-18-10,4U1705-44,6
93060-01-19-10,4U1705-44,6
93060-01-21-10,4U1705-44,6
93060-01-22-10,4U1705-44,6
93060-01-23-10,4U1705-44,6
93060-01-24-10,4U1705-44,6
93060-01-25-10,4U1705-44,6
93060-01-26-10,4U1705-44,6
93060-01-27-10,4U1705-44,6
93060-01-28-10,4U1705-44,6
93060-01-39-00,4U1705-44,6
93060-01-40-00,4U1705-44,6
93060-01-41-00,4U1705-44,6
93060-01-42-00,4U1705-44,6
93060-01-43-00,4U1705-44,6
93060-01-44-00,4U1705-44,6
93060-01-45-00,4U1705-44,6
93060-01-46-00,4U1705-44,6
93060-01-47-00,4U1705-44,6
93060-01-48-00,4U1705-44,6
93060-01-49-00,4U1705-44,6
94060-01-01-00,4U1705-44,6
94060-01-02-00,4U1705-44,6
94060-01-03-00,4U1705-44,6
94060-01-04-00,4U1705-44,6
94060-01-05-00,4U1705-44,6
94060-01-06-00,4U1705-44,6
94060-01-07-00,4U1705-44,6
94060-01-08-00,4U1705-44,6
94060-01-09-00,4U1705-44,6
94060-01-10-00,4U1705-44,6
94060-01-11-00,4U1705-44,6
94060-01-12-00,4U1705-44,6
94060-01-13-00,4U1705-44,6
94060-01-14-00,4U1705-44,6
94060-01-15-00,4U1705-44,6
94060-01-16-00,4U1705-44,6
94060-01-17-00,4U1705-44,6
94060-01-18-00,4U1705-44,6
94060-01-19-00,4U1705-44,6
94060-01-20-00,4U1705-44,6
94060-01-21-00,4U1705-44,6
94060-01-22-00,4U1705-44,6
94060-01-23-00,4U1705-44,6
94060-01-24-00,4U1705-44,6
94060-01-25-00,4U1705-44,6
94060-01-26-00,4U1705-44,6
94060-01-27-00,4U1705-44,6
94060-01-28-00G,4U1705-44,6
94060-01-30-00,4U1705-44,6
94060-01-31-00,4U1705-44,6
94060-01-32-00,4U1705-44,6
94060-01-33-00,4U1705-44,6
94060-01-34-00,4U1705-44,6
94060-01-35-00,4U1705-44,6
94060-01-36-00,4U1705-44,6
94060-01-37-00,4U1705-44,6
94060-01-39-00,4U1705-44,6
94060-01-40-00,4U1705-44,6
94060-01-41-00,4U1705-44,6
94060-01-42-00,4U1705-44,6
94060-01-44-00,4U1705-44,6
94060-01-45-00,4U1705-44,6
94060-01-46-00,4U1705-44,6
94060-01-47-00,4U1705-44,6
94060-01-48-00,4U1705-44,6
94060-01-49-00,4U1705-44,6
94060-01-50-00,4U1705-44,6
94060-01-51-00,4U1705-44,6
94060-01-52-00,4U1705-44,6
94060-01-53-00,4U1705-44,6
94060-01-54-00,4U1705-44,6
94060-01-55-00,4U1705-44,6
94060-01-55-01,4U1705-44,6
94060-01-56-00,4U1705-44,6
94060-01-58-00,4U1705-44,6
94060-01-61-00,4U1705-44,6
94060-01-62-00,4U1705-44,6
94060-01-64-00,4U1705-44,6
94060-01-66-00,4U1705-44,6
94060-01-65-00,4U1705-44,6
94060-01-68-00,4U1705-44,6
94060-01-69-00,4U1705-44,6
94060-01-70-00,4U1705-44,6
94060-01-72-00,4U1705-44,6
94060-01-73-00,4U1705-44,6
95060-01-02-00,4U1705-44,6
95060-01-03-00,4U1705-44,6
95060-01-04-00,4U1705-44,6
95060-01-05-00,4U1705-44,6
95060-01-07-00,4U1705-44,6
95060-01-08-00,4U1705-44,6
95060-01-09-00,4U1705-44,6
95060-01-10-00,4U1705-44,6
95060-01-11-00,4U1705-44,6
95060-01-12-00,4U1705-44,6
95060-01-14-00,4U1705-44,6
95060-01-15-00,4U1705-44,6
95060-01-16-00,4U1705-44,6
95060-01-18-00,4U1705-44,6
95060-01-21-00,4U1705-44,6
95060-01-22-00,4U1705-44,6
95060-01-23-00,4U1705-44,6
95060-01-23-01,4U1705-44,6
95060-01-24-00,4U1705-44,6
95060-01-25-00,4U1705-44,6
95060-01-26-00,4U1705-44,6
95060-01-29-00,4U1705-44,6
95060-01-30-00,4U1705-44,6
95060-01-31-00,4U1705-44,6
95060-01-32-00,4U1705-44,6
95060-01-33-00,4U1705-44,6
95060-01-34-00,4U1705-44,6
95060-01-35-00,4U1705-44,6
95060-01-36-00,4U1705-44,6
95060-01-37-00,4U1705-44,6
95060-01-38-00,4U1705-44,6
95060-01-39-00,4U1705-44,6
95060-01-40-00,4U1705-44,6
95060-01-41-00,4U1705-44,6
95060-01-42-00,4U1705-44,6
95060-01-43-00,4U1705-44,6
95060-01-44-00,4U1705-44,6
95060-01-45-00,4U1705-44,6
95060-01-46-00,4U1705-44,6
95060-01-47-00,4U1705-44,6
95060-01-48-00,4U1705-44,6
95060-01-49-00,4U1705-44,6
95060-01-50-00,4U1705-44,6
95060-01-51-00,4U1705-44,6
95060-01-52-00,4U1705-44,6
95060-01-53-00,4U1705-44,6
95060-01-54-00,4U1705-44,6
95060-01-55-00,4U1705-44,6
95060-01-56-00,4U1705-44,6
95060-01-57-00,4U1705-44,6
95060-01-58-00,4U1705-44,6
95060-01-59-00,4U1705-44,6
95060-01-60-00,4U1705-44,6
95060-01-61-00,4U1705-44,6
95060-01-62-00,4U1705-44,6
95060-01-63-00,4U1705-44,6
95060-01-64-00,4U1705-44,6
95060-01-65-00,4U1705-44,6
95060-01-66-00,4U1705-44,6
95060-01-67-00,4U1705-44,6
95060-01-68-00,4U1705-44,6
95060-01-71-00,4U1705-44,6
95060-01-72-00,4U1705-44,6
95060-01-73-00,4U1705-44,6
95060-01-74-00,4U1705-44,6
95060-01-75-00,4U1705-44,6
95060-01-76-00,4U1705-44,6
95060-01-77-00,4U1705-44,6
95060-01-78-00,4U1705-44,6
95060-01-79-00,4U1705-44,6
95060-01-80-00,4U1705-44,6
95060-01-81-00,4U1705-44,6
96060-01-01-00,4U1705-44,6
96060-01-02-00,4U1705-44,6
96060-01-03-00,4U1705-44,6
96060-01-04-00,4U1705-44,6
96060-01-05-00,4U1705-44,6
96060-01-06-00,4U1705-44,6
96060-01-07-00,4U1705-44,6
96060-01-08-00,4U1705-44,6
96060-01-09-00,4U1705-44,6
96060-01-10-00,4U1705-44,6
96060-01-11-00,4U1705-44,6
96060-01-12-00,4U1705-44,6
96060-01-13-00,4U1705-44,6
96060-01-14-00,4U1705-44,6
96060-01-15-00,4U1705-44,6
96060-01-16-00,4U1705-44,6
96060-01-17-00,4U1705-44,6
96060-01-18-00,4U1705-44,6
96060-01-20-00,4U1705-44,6
96060-01-21-00,4U1705-44,6
96060-01-22-00,4U1705-44,6
96060-01-23-00,4U1705-44,6
96060-01-24-00,4U1705-44,6
96060-01-25-00,4U1705-44,6
96060-01-26-00,4U1705-44,6
96060-01-27-00,4U1705-44,6
96060-01-28-00,4U1705-44,6
96060-01-29-00,4U1705-44,6
96060-01-29-01,4U1705-44,6
96060-01-30-00,4U1705-44,6
96060-01-31-00,4U1705-44,6
96060-01-32-00,4U1705-44,6
96060-01-34-00,4U1705-44,6
96060-01-35-00,4U1705-44,6
96060-01-36-00,4U1705-44,6
96060-01-37-00,4U1705-44,6
96060-01-38-00,4U1705-44,6
96060-01-39-00,4U1705-44,6
96060-01-40-00,4U1705-44,6
96060-01-41-00,4U1705-44,6
96060-01-43-00,4U1705-44,6
96060-01-44-00,4U1705-44,6
96060-01-45-00,4U1705-44,6
96060-01-46-00,4U1705-44,6
96060-01-48-00,4U1705-44,6
96060-01-49-00,4U1705-44,6
96060-01-50-00,4U1705-44,6
96060-01-51-00,4U1705-44,6
96060-01-52-00,4U1705-44,6
96060-01-53-00,4U1705-44,6
96060-01-54-00,4U1705-44,6
96060-01-55-00,4U1705-44,6
96060-01-56-00,4U1705-44,6
96060-01-57-00,4U1705-44,6
96060-01-58-00,4U1705-44,6
96060-01-59-00,4U1705-44,6
96060-01-60-00,4U1705-44,6
96060-01-62-00,4U1705-44,6
96060-01-63-00,4U1705-44,6
96060-01-65-00,4U1705-44,6
96060-01-66-00,4U1705-44,6
96060-01-67-00,4U1705-44,6
96060-01-68-00,4U1705-44,6
96060-01-72-00,4U1705-44,6
96060-01-73-00,4U1705-44,6
96060-01-42-00,4U1705-44,6
96060-01-74-00,4U1705-44,6
96060-01-64-00,4U1705-44,6
96060-01-70-00,4U1705-44,6
96060-01-76-00,4U1705-44,6
96060-01-77-00,4U1705-44,6
96060-01-78-00,4U1705-44,6
60034-02-01-01,4U1724-307,7
60034-02-01-00,4U1724-307,7
50060-05-01-10,4U1724-307,7
50060-05-01-04,4U1724-307,7
50060-05-01-00,4U1724-307,7
50060-05-01-01,4U1724-307,7
50060-05-01-02,4U1724-307,7
50060-05-01-06,4U1724-307,7
50060-05-01-03,4U1724-307,7
50060-05-01-08G,4U1724-307,7
50060-05-01-09,4U1724-307,7
50060-05-01-07,4U1724-307,7
50060-05-01-05,4U1724-307,7
50060-05-01-12,4U1724-307,7
50060-05-01-11,4U1724-307,7
60034-02-02-08,4U1724-307,7
60034-02-02-01,4U1724-307,7
60034-02-02-02,4U1724-307,7
60034-02-02-06,4U1724-307,7
60034-02-02-04,4U1724-307,7
60034-02-02-00,4U1724-307,7
60034-02-02-03,4U1724-307,7
60034-02-02-07,4U1724-307,7
60034-02-03-00,4U1724-307,7
60034-02-03-10,4U1724-307,7
60034-02-03-08,4U1724-307,7
60034-02-03-09,4U1724-307,7
60034-02-03-02,4U1724-307,7
60034-02-04-00,4U1724-307,7
60034-02-03-03,4U1724-307,7
60034-02-05-00,4U1724-307,7
60034-02-05-01,4U1724-307,7
60034-02-05-03,4U1724-307,7
60034-02-06-00,4U1724-307,7
80105-10-01-00,4U1724-307,7
80138-06-01-00,4U1724-307,7
80138-06-02-00,4U1724-307,7
80138-06-02-01,4U1724-307,7
80138-06-03-00,4U1724-307,7
80138-06-04-00,4U1724-307,7
80138-06-05-00,4U1724-307,7
80138-06-06-00,4U1724-307,7
90058-06-01-00,4U1724-307,7
90058-06-02-00,4U1724-307,7
90058-06-03-00,4U1724-307,7
90058-06-04-00,4U1724-307,7
90058-06-05-00,4U1724-307,7
90058-06-06-00,4U1724-307,7
91050-07-01-00,4U1724-307,7
92052-05-01-00,4U1724-307,7
93044-06-01-00,4U1724-307,7
93044-06-02-00,4U1724-307,7
93044-06-03-00,4U1724-307,7
93044-06-04-00,4U1724-307,7
93044-06-05-00,4U1724-307,7
93044-06-06-00,4U1724-307,7
93044-06-07-01,4U1724-307,7
93044-06-07-00,4U1724-307,7
93044-06-08-00,4U1724-307,7
93044-06-08-01,4U1724-307,7
93438-01-01-00,4U1724-307,7
93438-01-02-00,4U1724-307,7
93438-01-02-04,4U1724-307,7
93438-01-02-01,4U1724-307,7
93438-01-02-03,4U1724-307,7
93438-01-02-02,4U1724-307,7
93438-01-03-00,4U1724-307,7
93438-01-03-01,4U1724-307,7
93438-01-04-01,4U1724-307,7
93438-01-04-00,4U1724-307,7
93438-01-04-02,4U1724-307,7
93438-01-05-00,4U1724-307,7
93438-01-05-01,4U1724-307,7
93438-01-06-00,4U1724-307,7
93438-01-06-01,4U1724-307,7
93438-01-07-00,4U1724-307,7
93438-01-07-01,4U1724-307,7
50023-01-16-00,4U1728-34,8
50023-01-17-00,4U1728-34,8
50023-01-18-00,4U1728-34,8
50023-01-19-00,4U1728-34,8
50023-01-20-00,4U1728-34,8
50023-01-21-00,4U1728-34,8
50023-01-22-00,4U1728-34,8
50023-01-23-00,4U1728-34,8
50023-01-24-00,4U1728-34,8
50023-01-25-00,4U1728-34,8
50023-01-26-00,4U1728-34,8
50023-01-27-00,4U1728-34,8
50023-01-28-00,4U1728-34,8
50023-01-29-00,4U1728-34,8
50023-01-30-00,4U1728-34,8
50023-01-31-00,4U1728-34,8
50023-01-32-00,4U1728-34,8
50030-03-01-000,4U1728-34,8
50030-03-01-00,4U1728-34,8
50030-03-02-000,4U1728-34,8
50030-03-02-00,4U1728-34,8
50030-03-03-00,4U1728-34,8
50030-03-03-01,4U1728-34,8
50030-03-03-02,4U1728-34,8
50030-03-04-00,4U1728-34,8
50030-03-04-01,4U1728-34,8
50030-03-04-02,4U1728-34,8
50030-03-04-03,4U1728-34,8
50030-03-05-00,4U1728-34,8
50030-03-05-03,4U1728-34,8
50030-03-05-01,4U1728-34,8
50030-03-05-02,4U1728-34,8
60029-02-01-00,4U1728-34,8
60029-02-02-00,4U1728-34,8
50030-03-06-03,4U1728-34,8
50030-03-06-00,4U1728-34,8
50030-03-06-01,4U1728-34,8
50030-03-06-02,4U1728-34,8
50030-03-07-00G,4U1728-34,8
50030-03-08-02,4U1728-34,8
50030-03-08-01,4U1728-34,8
50030-03-08-03,4U1728-34,8
50030-03-08-00,4U1728-34,8
50030-03-09-01,4U1728-34,8
50030-03-09-00,4U1728-34,8
50030-03-10-03,4U1728-34,8
50030-03-10-02,4U1728-34,8
50030-03-10-00,4U1728-34,8
50030-03-10-04,4U1728-34,8
50030-03-10-01,4U1728-34,8
70028-01-01-01,4U1728-34,8
70028-01-01-070,4U1728-34,8
70028-01-01-07,4U1728-34,8
70028-01-01-04,4U1728-34,8
70028-01-01-06,4U1728-34,8
70028-01-01-08,4U1728-34,8
70028-01-01-02,4U1728-34,8
70028-01-01-03,4U1728-34,8
70028-01-01-09,4U1728-34,8
70028-01-01-000,4U1728-34,8
70028-01-01-00,4U1728-34,8
70028-01-01-05,4U1728-34,8
70028-01-01-10,4U1728-34,8
70028-01-01-11,4U1728-34,8
70028-01-01-12,4U1728-34,8
70028-01-01-13,4U1728-34,8
70028-01-01-14,4U1728-34,8
90406-01-01-00,4U1728-34,8
91023-01-01-00,4U1728-34,8
91023-01-02-00,4U1728-34,8
91023-01-04-00,4U1728-34,8
91023-01-04-01,4U1728-34,8
91023-01-05-00G,4U1728-34,8
92023-03-01-00,4U1728-34,8
92023-03-02-00,4U1728-34,8
92023-03-03-00,4U1728-34,8
92023-03-04-00,4U1728-34,8
92023-03-05-00,4U1728-34,8
92023-03-06-00,4U1728-34,8
92023-03-07-00,4U1728-34,8
92023-03-08-00,4U1728-34,8
92023-03-09-00,4U1728-34,8
92023-03-11-00,4U1728-34,8
92023-03-12-00,4U1728-34,8
92023-03-13-00,4U1728-34,8
92023-03-15-00,4U1728-34,8
92023-03-16-00,4U1728-34,8
92023-03-17-00,4U1728-34,8
92023-03-18-00,4U1728-34,8
92023-03-19-00,4U1728-34,8
92023-03-20-00,4U1728-34,8
92023-03-21-00,4U1728-34,8
92023-03-22-00,4U1728-34,8
92023-03-23-00,4U1728-34,8
92023-03-24-00,4U1728-34,8
92023-03-26-00,4U1728-34,8
92023-03-27-00,4U1728-34,8
92023-03-28-00,4U1728-34,8
92023-03-29-00,4U1728-34,8
92023-03-30-00,4U1728-34,8
92023-03-31-00,4U1728-34,8
92023-03-32-00,4U1728-34,8
92023-03-33-00,4U1728-34,8
92023-03-34-00,4U1728-34,8
92023-03-35-00,4U1728-34,8
92023-03-36-00,4U1728-34,8
92023-03-37-00,4U1728-34,8
92023-03-38-00,4U1728-34,8
92023-03-39-00,4U1728-34,8
92023-03-40-00,4U1728-34,8
92023-03-41-00,4U1728-34,8
92023-03-42-00,4U1728-34,8
92023-03-43-00,4U1728-34,8
92023-03-50-00,4U1728-34,8
92023-03-51-00,4U1728-34,8
92023-03-52-00,4U1728-34,8
92023-03-53-00,4U1728-34,8
92023-03-54-00,4U1728-34,8
92023-03-55-00,4U1728-34,8
92023-03-72-00,4U1728-34,8
92023-03-74-00,4U1728-34,8
92023-03-75-00,4U1728-34,8
92023-03-76-00,4U1728-34,8
92023-03-77-00,4U1728-34,8
92023-03-78-00,4U1728-34,8
92023-03-79-00,4U1728-34,8
92023-03-80-00,4U1728-34,8
92023-03-81-00,4U1728-34,8
92023-03-83-00,4U1728-34,8
92023-03-84-00,4U1728-34,8
92023-03-85-00,4U1728-34,8
92023-03-86-00,4U1728-34,8
92023-03-88-00,4U1728-34,8
92023-03-89-00,4U1728-34,8
92023-03-90-00,4U1728-34,8
92023-03-91-00,4U1728-34,8
92023-03-92-00,4U1728-34,8
92023-03-93-00,4U1728-34,8
92023-03-94-00,4U1728-34,8
92023-03-95-00,4U1728-34,8
92023-03-96-00,4U1728-34,8
92023-03-97-00,4U1728-34,8
92023-03-98-00,4U1728-34,8
92023-03-01-10,4U1728-34,8
92023-03-02-10,4U1728-34,8
92023-03-03-10,4U1728-34,8
92023-03-04-10,4U1728-34,8
92023-03-05-10,4U1728-34,8
92023-03-06-10,4U1728-34,8
92023-03-07-10,4U1728-34,8
92023-03-08-10,4U1728-34,8
92023-03-09-10,4U1728-34,8
92023-03-10-10,4U1728-34,8
92023-03-11-10,4U1728-34,8
92023-03-12-10,4U1728-34,8
92023-03-13-10,4U1728-34,8
92023-03-14-10,4U1728-34,8
92023-03-15-10,4U1728-34,8
92023-03-16-10,4U1728-34,8
92023-03-18-10,4U1728-34,8
92023-03-19-10,4U1728-34,8
92023-03-20-10,4U1728-34,8
92023-03-21-10,4U1728-34,8
92023-03-22-10,4U1728-34,8
92023-03-23-10,4U1728-34,8
92023-03-24-10,4U1728-34,8
92023-03-25-10,4U1728-34,8
92023-03-26-10,4U1728-34,8
92023-03-27-10,4U1728-34,8
92023-03-28-10,4U1728-34,8
92023-03-29-10,4U1728-34,8
92023-03-30-10,4U1728-34,8
92023-03-31-10,4U1728-34,8
92023-03-32-10,4U1728-34,8
92023-03-82-00,4U1728-34,8
92023-03-10-00,4U1728-34,8
92023-03-33-10,4U1728-34,8
92023-03-34-10,4U1728-34,8
92023-03-35-10,4U1728-34,8
92023-03-36-10,4U1728-34,8
92023-03-37-10,4U1728-34,8
92023-03-38-10,4U1728-34,8
92023-03-39-10,4U1728-34,8
92023-03-40-10,4U1728-34,8
92023-03-41-10,4U1728-34,8
92023-03-42-10,4U1728-34,8
92023-03-44-10,4U1728-34,8
92023-03-45-10,4U1728-34,8
92023-03-46-10,4U1728-34,8
92023-03-47-10,4U1728-34,8
92023-03-48-10,4U1728-34,8
92023-03-49-10,4U1728-34,8
92023-03-50-10,4U1728-34,8
92023-03-51-10,4U1728-34,8
92023-03-52-10,4U1728-34,8
92023-03-53-10,4U1728-34,8
92023-03-54-10,4U1728-34,8
92023-03-17-10,4U1728-34,8
92023-03-14-00,4U1728-34,8
92023-03-44-00,4U1728-34,8
92023-03-46-00,4U1728-34,8
92023-03-47-00,4U1728-34,8
92023-03-48-00,4U1728-34,8
91023-01-06-00,4U1728-34,8
92023-03-49-00,4U1728-34,8
92023-03-55-10,4U1728-34,8
92023-03-56-10,4U1728-34,8
92023-03-57-00,4U1728-34,8
92023-03-57-10,4U1728-34,8
92023-03-58-00,4U1728-34,8
92023-03-58-10,4U1728-34,8
92023-03-59-00,4U1728-34,8
92023-03-59-10,4U1728-34,8
92023-03-60-00,4U1728-34,8
92023-03-61-00,4U1728-34,8
92023-03-61-10,4U1728-34,8
92023-03-62-00,4U1728-34,8
92023-03-62-10,4U1728-34,8
92023-03-63-00,4U1728-34,8
92023-03-63-10,4U1728-34,8
92023-03-64-00,4U1728-34,8
92023-03-64-10,4U1728-34,8
92023-03-65-00,4U1728-34,8
92023-03-66-00,4U1728-34,8
92023-03-67-00,4U1728-34,8
92023-03-68-00,4U1728-34,8
92023-03-69-00,4U1728-34,8
92023-03-70-00,4U1728-34,8
92023-03-71-00,4U1728-34,8
92023-03-73-00,4U1728-34,8
92023-03-65-10,4U1728-34,8
92023-03-66-10,4U1728-34,8
92023-03-68-10,4U1728-34,8
92023-03-69-10,4U1728-34,8
92023-03-71-10,4U1728-34,8
92023-03-72-10,4U1728-34,8
92023-03-73-10,4U1728-34,8
92023-03-74-10,4U1728-34,8
92023-03-75-10,4U1728-34,8
92023-03-76-10,4U1728-34,8
92023-03-77-10,4U1728-34,8
92023-03-78-10,4U1728-34,8
92023-03-79-10,4U1728-34,8
92023-03-80-10,4U1728-34,8
92023-03-82-10,4U1728-34,8
92023-03-83-10,4U1728-34,8
92023-03-84-10,4U1728-34,8
92023-03-85-10,4U1728-34,8
92023-03-86-10,4U1728-34,8
92023-03-87-10,4U1728-34,8
92023-03-88-10,4U1728-34,8
95337-01-01-00,4U1728-34,8
95337-01-02-000,4U1728-34,8
95337-01-02-00,4U1728-34,8
95337-01-03-000,4U1728-34,8
95337-01-03-00,4U1728-34,8
96322-01-01-00,4U1728-34,8
96322-01-01-03,4U1728-34,8
96322-01-01-04,4U1728-34,8
96322-01-01-05,4U1728-34,8
96322-01-01-06,4U1728-34,8
96322-01-02-00,4U1728-34,8
96322-01-02-01,4U1728-34,8
96322-01-02-02,4U1728-34,8
96322-01-03-00,4U1728-34,8
96322-01-03-010,4U1728-34,8
96322-01-03-01,4U1728-34,8
96322-01-04-000,4U1728-34,8
96322-01-04-00,4U1728-34,8
96322-01-04-02,4U1728-34,8
96322-01-04-01,4U1728-34,8
96322-01-05-01,4U1728-34,8
96322-01-05-02,4U1728-34,8
96322-01-05-03,4U1728-34,8
96322-01-05-000,4U1728-34,8
96322-01-05-00,4U1728-34,8
50029-34-01-00,4U1735-44,9
50029-34-01-03,4U1735-44,9
50029-34-01-01,4U1735-44,9
50029-34-01-02,4U1735-44,9
50029-34-01-04,4U1735-44,9
50029-34-02-00,4U1735-44,9
50025-02-01-01,4U1735-44,9
50025-02-01-02,4U1735-44,9
50025-02-01-00,4U1735-44,9
50025-02-01-03,4U1735-44,9
50025-02-01-04,4U1735-44,9
50025-02-01-05,4U1735-44,9
50025-02-01-06,4U1735-44,9
50025-02-01-09,4U1735-44,9
50025-02-01-10,4U1735-44,9
50025-02-01-11,4U1735-44,9
60042-01-01-00,4U1735-44,9
60042-01-01-01,4U1735-44,9
60042-01-01-02,4U1735-44,9
50026-01-01-04,4U1735-44,9
50026-01-01-00,4U1735-44,9
50026-01-01-01,4U1735-44,9
50026-01-01-02,4U1735-44,9
50026-01-01-03,4U1735-44,9
50026-01-01-05,4U1735-44,9
50026-01-01-06,4U1735-44,9
70036-03-01-00,4U1735-44,9
70036-03-01-02,4U1735-44,9
70036-03-01-01,4U1735-44,9
91152-06-01-00,4U1735-44,9
91152-06-01-10,4U1735-44,9
91025-01-01-000,4U1735-44,9
91025-01-01-01,4U1735-44,9
91025-01-01-12,4U1735-44,9
91025-01-02-00,4U1735-44,9
91025-01-01-04,4U1735-44,9
91025-01-01-09,4U1735-44,9
91025-01-01-10,4U1735-44,9
91025-01-01-05,4U1735-44,9
91025-01-01-06,4U1735-44,9
91025-01-01-13,4U1735-44,9
91025-01-01-14,4U1735-44,9
91025-01-01-03,4U1735-44,9
91025-01-01-07,4U1735-44,9
91025-01-03-00,4U1735-44,9
91025-01-03-01,4U1735-44,9
91025-01-03-02,4U1735-44,9
91025-01-03-03,4U1735-44,9
91025-01-04-01,4U1735-44,9
91025-01-04-00,4U1735-44,9
91025-01-04-02,4U1735-44,9
91025-01-04-03,4U1735-44,9
91025-01-04-04,4U1735-44,9
91025-01-04-05,4U1735-44,9
91025-01-04-060,4U1735-44,9
91025-01-04-06,4U1735-44,9
91025-01-04-07,4U1735-44,9
91025-01-04-08,4U1735-44,9
91025-01-04-09,4U1735-44,9
91152-06-02-02,4U1735-44,9
91152-06-02-01,4U1735-44,9
91152-06-02-00,4U1735-44,9
91025-01-06-00,4U1735-44,9
91025-01-06-01,4U1735-44,9
91025-01-06-02,4U1735-44,9
91025-01-06-03,4U1735-44,9
91025-01-06-04,4U1735-44,9
91025-01-06-07,4U1735-44,9
91025-01-06-05,4U1735-44,9
91025-01-06-08,4U1735-44,9
91025-01-06-09,4U1735-44,9
91025-01-05-10,4U1735-44,9
91025-01-05-00,4U1735-44,9
91025-01-05-11,4U1735-44,9
91025-01-05-01,4U1735-44,9
93406-16-01-00,4U1735-44,9
91025-01-05-04,4U1735-44,9
91025-01-05-05,4U1735-44,9
91025-01-08-00,4U1735-44,9
91025-01-08-05,4U1735-44,9
91025-01-08-09,4U1735-44,9
91025-01-08-10,4U1735-44,9
91025-01-08-07,4U1735-44,9
91025-01-08-12,4U1735-44,9
91025-01-08-04,4U1735-44,9
91025-01-07-00,4U1735-44,9
91025-01-07-01,4U1735-44,9
91025-01-07-02,4U1735-44,9
91025-01-07-04,4U1735-44,9
91025-01-07-05,4U1735-44,9
91025-01-09-01,4U1735-44,9
91025-01-09-02,4U1735-44,9
91025-01-09-00,4U1735-44,9
91025-01-09-04,4U1735-44,9
91025-01-09-06,4U1735-44,9
91025-01-09-13,4U1735-44,9
91025-01-09-07,4U1735-44,9
91025-01-09-11,4U1735-44,9
91025-01-09-12,4U1735-44,9
91025-01-09-05,4U1735-44,9
91025-01-09-10,4U1735-44,9
91025-01-09-16,4U1735-44,9
91025-01-09-17,4U1735-44,9
91025-01-09-15,4U1735-44,9
91025-01-10-00,4U1735-44,9
91025-01-10-03,4U1735-44,9
91025-01-10-05,4U1735-44,9
91025-01-10-07,4U1735-44,9
91025-01-10-01,4U1735-44,9
91025-01-10-02,4U1735-44,9
91025-01-11-09,4U1735-44,9
91025-01-11-08,4U1735-44,9
91025-01-11-07,4U1735-44,9
91025-01-11-00,4U1735-44,9
91025-01-11-05,4U1735-44,9
91025-01-11-10,4U1735-44,9
91025-01-11-03,4U1735-44,9
91025-01-11-11,4U1735-44,9
91025-01-13-00,4U1735-44,9
91025-01-13-05,4U1735-44,9
91025-01-13-03,4U1735-44,9
91025-01-13-10,4U1735-44,9
91025-01-13-09,4U1735-44,9
91025-01-13-06,4U1735-44,9
91025-01-13-07,4U1735-44,9
91025-01-13-08,4U1735-44,9
91025-01-12-00,4U1735-44,9
91025-01-14-00,4U1735-44,9
91025-01-14-01,4U1735-44,9
91025-01-14-02,4U1735-44,9
93200-01-01-00,4U1735-44,9
93200-01-01-03,4U1735-44,9
93200-01-01-01,4U1735-44,9
93200-01-01-04,4U1735-44,9
93200-01-01-02,4U1735-44,9
93200-01-02-000,4U1735-44,9
93200-01-02-00,4U1735-44,9
93200-01-02-01,4U1735-44,9
93200-01-03-00,4U1735-44,9
93200-01-03-010,4U1735-44,9
93200-01-03-01,4U1735-44,9
91025-01-16-09,4U1735-44,9
91025-01-16-05,4U1735-44,9
91025-01-16-00,4U1735-44,9
91025-01-16-04,4U1735-44,9
96325-01-01-02,4U1735-44,9
96325-01-01-03,4U1735-44,9
96325-01-01-000,4U1735-44,9
96325-01-01-00,4U1735-44,9
96325-01-01-04,4U1735-44,9
96325-01-01-01,4U1735-44,9
96325-02-01-000,4U1735-44,9
96325-02-01-00,4U1735-44,9
96325-02-01-01,4U1735-44,9
96325-02-01-02,4U1735-44,9
96331-01-01-00,4U1735-44,9
96331-01-01-01,4U1735-44,9
96331-01-02-00,4U1735-44,9
96331-01-02-01,4U1735-44,9
96331-01-03-01,4U1735-44,9
96331-01-03-02,4U1735-44,9
60044-02-01-01,4U1746-371,10
60044-02-01-02,4U1746-371,10
60044-02-01-10,4U1746-371,10
60044-02-01-09G,4U1746-371,10
60044-02-01-05,4U1746-371,10
60044-02-01-08,4U1746-371,10
60044-02-01-00,4U1746-371,10
60044-02-01-03,4U1746-371,10
60044-02-01-07,4U1746-371,10
60044-02-01-040,4U1746-371,10
60044-02-01-04,4U1746-371,10
60044-02-01-06,4U1746-371,10
60044-02-02-000,4U1746-371,10
60044-02-02-00,4U1746-371,10
60044-02-02-05,4U1746-371,10
60044-02-02-010,4U1746-371,10
60044-02-02-01,4U1746-371,10
60044-02-02-06,4U1746-371,10
60044-02-02-02,4U1746-371,10
60044-02-02-04,4U1746-371,10
60044-02-02-09,4U1746-371,10
60044-02-02-08,4U1746-371,10
60044-02-02-10,4U1746-371,10
60044-02-02-07,4U1746-371,10
70050-01-01-01,4U1746-371,10
70050-01-01-03,4U1746-371,10
70050-01-01-05,4U1746-371,10
70050-01-01-10,4U1746-371,10
70050-01-01-06,4U1746-371,10
70050-01-01-04,4U1746-371,10
70050-01-01-000,4U1746-371,10
70050-01-01-00,4U1746-371,10
70050-01-01-07,4U1746-371,10
70050-01-01-08,4U1746-371,10
70050-01-01-09,4U1746-371,10
90044-01-01-00,4U1746-371,10
90044-01-02-00,4U1746-371,10
90044-01-02-01,4U1746-371,10
90044-01-03-000,4U1746-371,10
90044-01-03-00,4U1746-371,10
90044-01-04-000,4U1746-371,10
90044-01-04-00,4U1746-371,10
91037-15-01-00,4U1746-371,10
40017-01-21-00,4U1820-30,11
40017-01-21-02,4U1820-30,11
60030-01-01-00,4U1820-30,11
60030-01-01-01G,4U1820-30,11
60030-01-01-02G,4U1820-30,11
60030-01-01-03,4U1820-30,11
60030-01-02-00,4U1820-30,11
60030-01-02-01,4U1820-30,11
60030-01-02-02,4U1820-30,11
40017-01-23-00,4U1820-30,11
40017-01-23-01,4U1820-30,11
70031-05-01-00,4U1820-30,11
70030-03-02-000,4U1820-30,11
70030-03-02-00,4U1820-30,11
70030-03-02-01,4U1820-30,11
70030-03-02-03G,4U1820-30,11
70030-03-01-01G,4U1820-30,11
70030-03-02-020,4U1820-30,11
70030-03-02-02,4U1820-30,11
70030-03-01-00G,4U1820-30,11
70030-03-01-02,4U1820-30,11
70030-03-01-03,4U1820-30,11
70030-03-03-00,4U1820-30,11
40017-01-24-00,4U1820-30,11
70030-03-04-00,4U1820-30,11
70030-03-04-01,4U1820-30,11
70030-03-05-00,4U1820-30,11
70030-03-05-01,4U1820-30,11
70030-03-05-02,4U1820-30,11
70030-03-05-03,4U1820-30,11
70030-03-05-04,4U1820-30,11
80105-07-01-00,4U1820-30,11
90027-01-01-00,4U1820-30,11
90027-01-01-01,4U1820-30,11
90027-01-01-03,4U1820-30,11
90027-01-01-04,4U1820-30,11
90027-01-01-05,4U1820-30,11
90027-01-01-06,4U1820-30,11
90027-01-02-00,4U1820-30,11
90027-01-02-01,4U1820-30,11
90027-01-02-07,4U1820-30,11
90027-01-02-08,4U1820-30,11
90027-01-02-03,4U1820-30,11
90027-01-02-04,4U1820-30,11
90027-01-02-06,4U1820-30,11
90027-01-03-07,4U1820-30,11
90027-01-03-08,4U1820-30,11
90027-01-03-00,4U1820-30,11
90027-01-03-09,4U1820-30,11
90027-01-03-02,4U1820-30,11
90027-01-03-01,4U1820-30,11
90027-01-03-03,4U1820-30,11
90027-01-03-04,4U1820-30,11
90027-01-03-05,4U1820-30,11
90027-01-03-06,4U1820-30,11
90027-01-04-00,4U1820-30,11
90027-01-04-05,4U1820-30,11
90027-01-04-01,4U1820-30,11
90027-01-04-03,4U1820-30,11
90027-01-04-04,4U1820-30,11
90027-01-04-02,4U1820-30,11
90027-01-05-00,4U1820-30,11
90027-01-06-00,4U1820-30,11
91435-01-01-00,4U1820-30,11
91435-01-01-01,4U1820-30,11
91435-01-01-02,4U1820-30,11
92030-02-01-00,4U1820-30,11
92030-02-02-000,4U1820-30,11
92030-02-02-00,4U1820-30,11
92030-02-03-02,4U1820-30,11
92030-02-03-01,4U1820-30,11
92030-02-03-00,4U1820-30,11
92030-02-11-000,4U1820-30,11
92030-02-11-00,4U1820-30,11
91152-04-01-00,4U1820-30,11
91152-04-02-00,4U1820-30,11
92030-02-04-00,4U1820-30,11
70030-03-07-03,4U1820-30,11
70030-03-07-01,4U1820-30,11
70030-03-07-00,4U1820-30,11
70030-03-07-020,4U1820-30,11
70030-03-07-02,4U1820-30,11
92030-02-05-00,4U1820-30,11
92030-02-06-01,4U1820-30,11
92030-02-07-00,4U1820-30,11
92030-02-10-00,4U1820-30,11
92030-02-09-00,4U1820-30,11
94090-01-01-00,4U1820-30,11
94090-01-01-01,4U1820-30,11
94090-01-01-02,4U1820-30,11
94090-01-01-03,4U1820-30,11
94090-01-01-04,4U1820-30,11
94090-01-01-05,4U1820-30,11
94090-01-02-00,4U1820-30,11
94090-01-02-03,4U1820-30,11
94090-01-02-04,4U1820-30,11
94090-01-02-01,4U1820-30,11
94090-01-02-02,4U1820-30,11
94090-01-03-00,4U1820-30,11
94090-01-04-00,4U1820-30,11
94090-01-04-01,4U1820-30,11
94090-01-04-02,4U1820-30,11
94090-01-04-03,4U1820-30,11
94090-01-05-01,4U1820-30,11
94090-01-05-00,4U1820-30,11
94090-02-01-00,4U1820-30,11
94090-02-01-01,4U1820-30,11
94090-02-02-00,4U1820-30,11
92030-02-12-03,4U1820-30,11
92030-02-12-02,4U1820-30,11
92030-02-12-00,4U1820-30,11
92030-02-12-04,4U1820-30,11
92030-02-12-01,4U1820-30,11
92030-02-13-00,4U1820-30,11
92030-02-14-00,4U1820-30,11
96090-01-01-00G,4U1820-30,11
96090-01-01-01G,4U1820-30,11
96090-01-01-020,4U1820-30,11
96090-01-01-02,4U1820-30,11
96090-01-01-03,4U1820-30,11
96324-01-01-00,4U1820-30,11
96324-01-01-01,4U1820-30,11
96324-01-01-02,4U1820-30,11
96324-01-02-00,4U1820-30,11
96324-01-02-01,4U1820-30,11
96324-01-02-02,4U1820-30,11
96324-01-03-00,4U1820-30,11
96324-01-03-01,4U1820-30,11
96324-01-04-00,4U1820-30,11
96324-01-04-01,4U1820-30,11
50026-03-01-00,4U1915-05,12
50026-03-01-01,4U1915-05,12
70034-02-01-01,4U1915-05,12
70034-02-01-00,4U1915-05,12
70034-02-02-01,4U1915-05,12
70034-02-02-00,4U1915-05,12
50049-01-03-00,AQLX1,13
50049-01-03-01,AQLX1,13
50049-01-03-02,AQLX1,13
50049-01-04-00,AQLX1,13
50049-01-04-01,AQLX1,13
50049-01-04-02,AQLX1,13
50049-01-04-03,AQLX1,13
50049-01-04-04,AQLX1,13
50049-01-05-00,AQLX1,13
50049-01-05-01,AQLX1,13
50049-01-05-02,AQLX1,13
50049-02-01-00,AQLX1,13
50049-02-02-00,AQLX1,13
50049-02-03-01,AQLX1,13
50049-02-03-00,AQLX1,13
50049-02-04-00,AQLX1,13
50049-02-03-02,AQLX1,13
50049-02-05-00,AQLX1,13
50049-02-06-00,AQLX1,13
50049-02-06-01,AQLX1,13
50049-02-06-02,AQLX1,13
50049-02-07-00,AQLX1,13
50049-02-07-01,AQLX1,13
50049-02-07-02,AQLX1,13
50049-02-07-03,AQLX1,13
50049-02-07-04,AQLX1,13
50049-02-08-00,AQLX1,13
50049-02-08-01,AQLX1,13
50049-02-08-03,AQLX1,13
50049-02-09-00G,AQLX1,13
50049-02-10-03,AQLX1,13
50049-02-10-02,AQLX1,13
50049-02-10-01,AQLX1,13
50049-02-10-00,AQLX1,13
50049-02-10-05,AQLX1,13
50049-02-11-00,AQLX1,13
50049-02-11-01,AQLX1,13
50049-02-12-01,AQLX1,13
50049-02-12-00,AQLX1,13
50049-02-13-00,AQLX1,13
50049-02-13-01,AQLX1,13
50049-02-14-00,AQLX1,13
50049-02-15-00,AQLX1,13
50049-02-15-01,AQLX1,13
50049-02-15-08,AQLX1,13
50049-02-15-02,AQLX1,13
50049-02-15-03,AQLX1,13
50049-02-15-04,AQLX1,13
50049-02-15-05,AQLX1,13
50049-02-15-06,AQLX1,13
50049-02-15-07,AQLX1,13
50049-03-01-00,AQLX1,13
50049-03-02-00,AQLX1,13
50049-03-03-00,AQLX1,13
50049-03-04-00,AQLX1,13
50049-03-05-00,AQLX1,13
60054-02-01-00,AQLX1,13
60054-02-01-01,AQLX1,13
60054-02-01-02,AQLX1,13
60054-02-01-03,AQLX1,13
60054-02-01-04,AQLX1,13
60054-02-01-05,AQLX1,13
60054-02-02-00,AQLX1,13
60054-02-02-01,AQLX1,13
60054-02-02-02,AQLX1,13
60054-02-02-03,AQLX1,13
60054-02-02-04,AQLX1,13
60054-02-03-00,AQLX1,13
60054-02-03-01,AQLX1,13
60054-02-03-02,AQLX1,13
60054-02-03-03,AQLX1,13
60054-02-03-04,AQLX1,13
60054-02-03-05,AQLX1,13
60054-02-04-00,AQLX1,13
60054-02-04-01,AQLX1,13
60054-02-04-05,AQLX1,13
60054-02-05-00,AQLX1,13
60054-02-05-01,AQLX1,13
60054-02-05-02,AQLX1,13
60054-02-05-03,AQLX1,13
60054-02-05-04,AQLX1,13
60054-02-05-05,AQLX1,13
60429-01-02-00,AQLX1,13
60429-01-03-00,AQLX1,13
60429-01-04-00,AQLX1,13
60429-01-05-00,AQLX1,13
60429-01-06-00,AQLX1,13
60429-01-07-00,AQLX1,13
60429-01-08-00,AQLX1,13
60429-01-09-00,AQLX1,13
70069-03-01-00,AQLX1,13
70069-03-01-01,AQLX1,13
70069-03-01-02,AQLX1,13
70069-03-02-00,AQLX1,13
70069-03-02-02,AQLX1,13
70069-03-02-03,AQLX1,13
70069-03-03-00,AQLX1,13
70069-03-03-03,AQLX1,13
70069-03-03-04,AQLX1,13
70069-03-03-07,AQLX1,13
70069-03-03-09,AQLX1,13
70069-03-03-12,AQLX1,13
70069-03-03-13,AQLX1,13
70069-03-03-14,AQLX1,13
70069-03-04-00,AQLX1,13
70069-03-04-01,AQLX1,13
70069-03-04-02,AQLX1,13
70069-03-04-04,AQLX1,13
70069-03-04-08,AQLX1,13
70069-03-04-05,AQLX1,13
70069-03-04-10,AQLX1,13
70069-03-04-09,AQLX1,13
70069-03-04-06,AQLX1,13
70069-03-04-07G,AQLX1,13
70069-03-05-00,AQLX1,13
70069-03-05-01,AQLX1,13
70426-01-01-00,AQLX1,13
80403-01-01-00G,AQLX1,13
80403-01-02-00,AQLX1,13
80403-01-03-00,AQLX1,13
80403-01-05-00,AQLX1,13
90403-01-01-00,AQLX1,13
90403-01-01-01,AQLX1,13
90403-01-02-00,AQLX1,13
90403-01-02-01,AQLX1,13
90403-01-03-00,AQLX1,13
90403-01-03-01,AQLX1,13
90403-01-04-00,AQLX1,13
90017-01-01-01,AQLX1,13
90017-01-01-02,AQLX1,13
90017-01-02-00,AQLX1,13
90017-01-02-01,AQLX1,13
90017-01-03-00,AQLX1,13
90017-01-03-01,AQLX1,13
90017-01-04-00,AQLX1,13
90017-01-05-00,AQLX1,13
90017-01-06-00,AQLX1,13
90017-01-06-01,AQLX1,13
90017-01-07-00,AQLX1,13
90017-01-07-01,AQLX1,13
90017-01-08-00,AQLX1,13
90017-01-08-01,AQLX1,13
90017-01-09-00,AQLX1,13
90017-01-09-01,AQLX1,13
90017-01-09-02,AQLX1,13
90017-01-09-03,AQLX1,13
90017-11-01-00,AQLX1,13
90017-11-02-00,AQLX1,13
90017-11-03-00,AQLX1,13
90017-11-04-00,AQLX1,13
90017-11-05-00,AQLX1,13
90017-11-06-00,AQLX1,13
90017-11-07-00,AQLX1,13
91028-01-01-00,AQLX1,13
91028-01-02-00,AQLX1,13
91028-01-03-00,AQLX1,13
91028-01-04-00,AQLX1,13
91028-01-05-00,AQLX1,13
91028-01-06-00,AQLX1,13
91028-01-07-00,AQLX1,13
91028-01-08-00,AQLX1,13
91028-01-09-00,AQLX1,13
91028-01-10-00,AQLX1,13
91028-01-11-00,AQLX1,13
91028-01-12-00,AQLX1,13
91028-01-13-00,AQLX1,13
91028-01-14-00,AQLX1,13
91028-01-15-00,AQLX1,13
91028-01-16-00,AQLX1,13
91028-01-18-00,AQLX1,13
91028-01-19-00,AQLX1,13
91028-01-20-00,AQLX1,13
91028-01-21-00,AQLX1,13
91028-01-22-00,AQLX1,13
91028-01-23-00,AQLX1,13
91028-01-24-00,AQLX1,13
91028-01-25-00,AQLX1,13
91028-01-26-00,AQLX1,13
91028-01-27-00,AQLX1,13
91028-01-28-00,AQLX1,13
91028-01-29-00,AQLX1,13
91028-01-17-00,AQLX1,13
91028-01-30-00,AQLX1,13
91028-01-31-00,AQLX1,13
91414-01-01-00,AQLX1,13
91414-01-02-00,AQLX1,13
91414-01-02-01,AQLX1,13
91414-01-02-02,AQLX1,13
91414-01-03-00,AQLX1,13
91414-01-06-00,AQLX1,13
91414-01-07-01,AQLX1,13
91414-01-07-02,AQLX1,13
91414-01-07-03,AQLX1,13
91414-01-07-04,AQLX1,13
91414-01-08-08,AQLX1,13
91414-01-08-00,AQLX1,13
91414-01-08-07,AQLX1,13
91414-01-08-09,AQLX1,13
91414-01-08-06,AQLX1,13
91414-01-08-05,AQLX1,13
91414-01-08-04,AQLX1,13
91414-01-08-01,AQLX1,13
91414-01-08-03,AQLX1,13
91414-01-08-02,AQLX1,13
91414-01-09-00,AQLX1,13
91414-01-09-01,AQLX1,13
91414-01-09-02,AQLX1,13
91414-01-09-07,AQLX1,13
91414-01-09-03,AQLX1,13
91414-01-09-09,AQLX1,13
91414-01-09-04,AQLX1,13
91414-01-09-06,AQLX1,13
92034-01-02-00,AQLX1,13
92034-01-03-00,AQLX1,13
92034-01-03-01,AQLX1,13
92034-01-04-00,AQLX1,13
92034-01-04-01,AQLX1,13
92034-01-04-02,AQLX1,13
92034-01-05-00,AQLX1,13
92034-01-05-04,AQLX1,13
92034-01-05-01,AQLX1,13
92034-01-05-05,AQLX1,13
92034-01-05-02,AQLX1,13
92034-01-05-03,AQLX1,13
92034-01-05-06,AQLX1,13
92034-01-06-00,AQLX1,13
93076-01-01-00,AQLX1,13
93076-01-01-02,AQLX1,13
93076-01-02-00,AQLX1,13
93076-01-02-01,AQLX1,13
93076-01-03-01,AQLX1,13
93076-01-03-00,AQLX1,13
93076-01-04-01,AQLX1,13
93076-01-04-00,AQLX1,13
93076-01-05-01,AQLX1,13
93076-01-05-00,AQLX1,13
93076-01-06-01,AQLX1,13
93076-01-06-02,AQLX1,13
93076-01-06-00,AQLX1,13
93076-01-07-00,AQLX1,13
93076-01-08-01,AQLX1,13
93076-01-08-00,AQLX1,13
93076-01-08-02,AQLX1,13
93076-01-09-00,AQLX1,13
92438-01-01-00,AQLX1,13
92438-01-01-01,AQLX1,13
92438-01-01-02,AQLX1,13
92438-01-01-03,AQLX1,13
92438-01-01-04,AQLX1,13
92438-01-01-05,AQLX1,13
92438-01-01-06,AQLX1,13
92438-01-01-07,AQLX1,13
92438-01-01-08,AQLX1,13
92438-01-01-09,AQLX1,13
92438-01-01-10,AQLX1,13
92438-01-02-01,AQLX1,13
92438-01-02-00,AQLX1,13
92438-01-02-02,AQLX1,13
92438-01-02-03,AQLX1,13
92438-01-02-04,AQLX1,13
92438-01-02-07,AQLX1,13
93405-01-01-00,AQLX1,13
93405-01-01-01,AQLX1,13
93405-01-03-00,AQLX1,13
93405-01-03-01,AQLX1,13
93405-01-03-03,AQLX1,13
93405-01-03-02,AQLX1,13
93405-01-03-07,AQLX1,13
93405-01-03-04,AQLX1,13
93405-01-03-05,AQLX1,13
93405-01-04-01,AQLX1,13
93405-01-04-02,AQLX1,13
93405-01-04-03,AQLX1,13
93405-01-04-00,AQLX1,13
93405-01-04-04,AQLX1,13
93405-01-05-02,AQLX1,13
93405-01-05-01,AQLX1,13
93405-01-05-00,AQLX1,13
93405-01-06-00,AQLX1,13
93405-01-08-00,AQLX1,13
93405-01-08-01,AQLX1,13
94076-01-01-01,AQLX1,13
94076-01-01-00,AQLX1,13
94076-01-02-00,AQLX1,13
94076-01-03-00,AQLX1,13
94076-01-03-01,AQLX1,13
94076-01-03-02,AQLX1,13
94076-01-03-03,AQLX1,13
94076-01-03-04,AQLX1,13
94076-01-03-05,AQLX1,13
94076-01-04-00,AQLX1,13
94076-01-04-01,AQLX1,13
94076-01-04-07,AQLX1,13
94076-01-04-02,AQLX1,13
94076-01-04-03,AQLX1,13
94076-01-04-04,AQLX1,13
94076-01-04-05,AQLX1,13
94076-01-04-06,AQLX1,13
94076-01-05-00,AQLX1,13
94076-01-05-01,AQLX1,13
94076-01-05-02,AQLX1,13
94076-01-05-03,AQLX1,13
94076-01-05-04,AQLX1,13
94076-01-05-05,AQLX1,13
94076-01-05-06,AQLX1,13
94076-01-06-00,AQLX1,13
94076-01-06-01,AQLX1,13
94076-01-06-02,AQLX1,13
94076-01-06-03,AQLX1,13
94076-01-06-04,AQLX1,13
94441-01-01-00,AQLX1,13
94441-01-01-01,AQLX1,13
94441-01-01-02,AQLX1,13
94441-01-02-00,AQLX1,13
94441-01-02-01,AQLX1,13
94441-01-02-02,AQLX1,13
94441-01-02-03,AQLX1,13
94441-01-02-04,AQLX1,13
94441-01-02-05,AQLX1,13
94441-01-02-06,AQLX1,13
95413-01-01-00,AQLX1,13
95413-01-02-00,AQLX1,13
95413-01-02-01,AQLX1,13
95413-01-03-00,AQLX1,13
95413-01-03-01,AQLX1,13
95413-01-03-02,AQLX1,13
95413-01-04-00,AQLX1,13
95413-01-04-01,AQLX1,13
95413-01-05-00,AQLX1,13
95413-01-06-00,AQLX1,13
95413-01-06-01,AQLX1,13
95413-01-06-02,AQLX1,13
95413-01-06-03,AQLX1,13
95413-01-06-04,AQLX1,13
95413-01-06-05,AQLX1,13
95413-01-06-06,AQLX1,13
95413-01-07-00,AQLX1,13
95413-01-07-01,AQLX1,13
95413-01-08-00,AQLX1,13
95413-01-08-02,AQLX1,13
95413-01-08-01,AQLX1,13
95413-01-08-04,AQLX1,13
95413-01-09-00,AQLX1,13
95086-02-01-00,AQLX1,13
96440-01-01-00,AQLX1,13
96440-01-01-02,AQLX1,13
96440-01-01-01,AQLX1,13
96440-01-02-02,AQLX1,13
96440-01-02-00,AQLX1,13
96440-01-02-03,AQLX1,13
96440-01-02-01,AQLX1,13
96440-01-03-02,AQLX1,13
96440-01-03-05,AQLX1,13
96440-01-03-00,AQLX1,13
96440-01-03-03,AQLX1,13
96440-01-03-01,AQLX1,13
96440-01-03-04,AQLX1,13
96440-01-04-03,AQLX1,13
96440-01-04-04,AQLX1,13
96440-01-04-01,AQLX1,13
96440-01-04-05,AQLX1,13
96440-01-04-06,AQLX1,13
96440-01-05-00,AQLX1,13
96440-01-05-01,AQLX1,13
96440-01-05-02,AQLX1,13
96440-01-05-03,AQLX1,13
96440-01-05-04,AQLX1,13
96440-01-05-05,AQLX1,13
96440-01-06-00,AQLX1,13
96440-01-06-01,AQLX1,13
96440-01-06-02,AQLX1,13
96440-01-06-03,AQLX1,13
96440-01-06-04,AQLX1,13
96440-01-06-05,AQLX1,13
96440-01-07-00,AQLX1,13
96440-01-07-01,AQLX1,13
96440-01-07-02,AQLX1,13
96440-01-07-03,AQLX1,13
96440-01-07-04,AQLX1,13
96440-01-07-05,AQLX1,13
96440-01-07-06,AQLX1,13
96440-01-08-00,AQLX1,13
96440-01-08-02,AQLX1,13
96440-01-08-03,AQLX1,13
96440-01-08-04,AQLX1,13
96440-01-08-05,AQLX1,13
96440-01-08-06,AQLX1,13
96440-01-09-00,AQLX1,13
96440-01-09-07,AQLX1,13
96440-01-09-08,AQLX1,13
96440-01-09-01,AQLX1,13
96440-01-09-02,AQLX1,13
96440-01-09-09,AQLX1,13
96440-01-09-03,AQLX1,13
96440-01-09-10,AQLX1,13
96440-01-09-04,AQLX1,13
96440-01-09-05,AQLX1,13
96440-01-09-11,AQLX1,13
96440-01-09-06,AQLX1,13
96440-01-10-01,AQLX1,13
40019-04-05-01,CYGX2,14
40019-04-05-00,CYGX2,14
40019-04-05-02,CYGX2,14
40019-04-05-04,CYGX2,14
40019-04-05-05,CYGX2,14
40019-04-05-06,CYGX2,14
40019-04-05-07,CYGX2,14
40019-04-05-08,CYGX2,14
40019-04-05-09,CYGX2,14
40019-04-05-10,CYGX2,14
40017-02-21-00,CYGX2,14
60417-01-01-00,CYGX2,14
60417-01-01-01,CYGX2,14
60417-01-01-02,CYGX2,14
60417-01-02-00,CYGX2,14
60417-01-02-01,CYGX2,14
60417-01-02-02,CYGX2,14
60417-01-03-00,CYGX2,14
60417-01-03-01,CYGX2,14
60417-01-03-02,CYGX2,14
70016-01-01-07,CYGX2,14
70016-01-01-01G,CYGX2,14
70016-01-01-01,CYGX2,14
70016-01-01-03,CYGX2,14
70016-01-01-000,CYGX2,14
70016-01-01-00,CYGX2,14
70016-01-01-08,CYGX2,14
70016-01-01-02,CYGX2,14
70016-01-01-05,CYGX2,14
70016-01-01-04,CYGX2,14
70016-01-01-06,CYGX2,14
70014-02-01-00,CYGX2,14
70014-02-01-03,CYGX2,14
70014-02-01-01,CYGX2,14
70014-02-01-05,CYGX2,14
70014-02-01-02,CYGX2,14
70015-02-01-00,CYGX2,14
70015-02-01-01G,CYGX2,14
70015-02-02-00,CYGX2,14
70104-02-01-00,CYGX2,14
70104-02-02-00,CYGX2,14
70104-02-02-01,CYGX2,14
70104-02-03-00,CYGX2,14
70104-02-01-01,CYGX2,14
70104-02-04-00,CYGX2,14
70104-02-04-01,CYGX2,14
70014-02-02-00,CYGX2,14
70014-02-02-01,CYGX2,14
80018-02-01-00G,CYGX2,14
80018-02-01-01G,CYGX2,14
80018-02-02-00G,CYGX2,14
80018-02-02-01,CYGX2,14
90030-01-01-00,CYGX2,14
90030-01-02-01,CYGX2,14
90030-01-02-00,CYGX2,14
90030-01-03-00,CYGX2,14
90030-01-04-00,CYGX2,14
90030-01-05-00,CYGX2,14
90030-01-05-01,CYGX2,14
90030-01-06-00,CYGX2,14
90030-01-07-00,CYGX2,14
90030-01-08-00,CYGX2,14
90030-01-08-01,CYGX2,14
90030-01-12-00,CYGX2,14
90030-01-13-00,CYGX2,14
90030-01-14-00,CYGX2,14
90030-01-16-00,CYGX2,14
90030-01-17-00,CYGX2,14
90030-01-18-00,CYGX2,14
90030-01-19-00,CYGX2,14
90030-01-20-00,CYGX2,14
90030-01-21-00,CYGX2,14
90030-01-21-01,CYGX2,14
90030-01-22-00,CYGX2,14
90030-01-22-01,CYGX2,14
90030-01-23-00,CYGX2,14
90030-01-24-00,CYGX2,14
90030-01-25-00,CYGX2,14
90030-01-26-00,CYGX2,14
90030-01-28-00,CYGX2,14
90030-01-29-00,CYGX2,14
90030-01-30-00,CYGX2,14
90030-01-31-00,CYGX2,14
90030-01-32-00,CYGX2,14
90030-01-33-00,CYGX2,14
90030-01-33-01,CYGX2,14
90030-01-34-00,CYGX2,14
90030-01-35-00,CYGX2,14
90030-01-36-00,CYGX2,14
90030-01-36-01,CYGX2,14
90030-01-37-00,CYGX2,14
90030-01-38-00,CYGX2,14
90030-01-39-00,CYGX2,14
90030-01-40-00,CYGX2,14
90030-01-41-00,CYGX2,14
90030-01-42-00,CYGX2,14
90030-01-43-00,CYGX2,14
90030-01-38-01,CYGX2,14
90030-01-44-00,CYGX2,14
90030-01-45-00,CYGX2,14
90030-01-46-00,CYGX2,14
90030-01-47-00,CYGX2,14
90030-01-48-00,CYGX2,14
90030-01-49-00,CYGX2,14
90030-01-50-00,CYGX2,14
90030-01-50-01,CYGX2,14
90030-01-51-00,CYGX2,14
90030-01-51-01,CYGX2,14
90030-01-52-00,CYGX2,14
90030-01-53-00,CYGX2,14
90030-01-55-00,CYGX2,14
90030-01-55-01,CYGX2,14
90022-08-01-00,CYGX2,14
90030-01-56-00,CYGX2,14
90030-01-56-01,CYGX2,14
90030-01-57-00,CYGX2,14
90030-01-57-01,CYGX2,14
90030-01-58-00,CYGX2,14
90030-01-58-01,CYGX2,14
90022-08-02-00,CYGX2,14
90030-01-60-00,CYGX2,14
90030-01-61-00,CYGX2,14
90030-01-62-00,CYGX2,14
90030-01-63-00,CYGX2,14
90030-01-64-00,CYGX2,14
90030-01-66-00,CYGX2,14
90030-01-67-00,CYGX2,14
90030-01-68-00,CYGX2,14
90030-01-69-00,CYGX2,14
90030-01-70-00,CYGX2,14
90030-01-71-00,CYGX2,14
90030-01-72-01,CYGX2,14
90030-01-72-00,CYGX2,14
90030-01-73-00,CYGX2,14
90030-01-73-01,CYGX2,14
90030-01-74-01,CYGX2,14
90030-01-74-00,CYGX2,14
90030-01-27-00,CYGX2,14
91009-01-01-00,CYGX2,14
91009-01-02-00,CYGX2,14
91009-01-03-00,CYGX2,14
91009-01-04-00,CYGX2,14
91009-01-05-00,CYGX2,14
91009-01-06-00,CYGX2,14
91009-01-06-01,CYGX2,14
91009-01-07-01,CYGX2,14
91009-01-07-00,CYGX2,14
91009-01-08-00,CYGX2,14
91009-01-09-00,CYGX2,14
91009-01-11-00,CYGX2,14
91009-01-11-01,CYGX2,14
91009-01-12-01,CYGX2,14
91009-01-12-00,CYGX2,14
91009-01-13-01,CYGX2,14
91009-01-14-00,CYGX2,14
91009-01-15-00,CYGX2,14
91009-01-16-00,CYGX2,14
91010-01-01-00,CYGX2,14
91010-01-01-05,CYGX2,14
91010-01-01-02,CYGX2,14
91010-01-01-03,CYGX2,14
91010-01-01-04,CYGX2,14
91010-01-01-01,CYGX2,14
91010-01-01-06,CYGX2,14
91010-01-01-07,CYGX2,14
91010-01-01-08,CYGX2,14
91010-01-01-09,CYGX2,14
91009-01-17-00,CYGX2,14
91009-01-18-00,CYGX2,14
91009-01-19-00,CYGX2,14
91009-01-20-00,CYGX2,14
91009-01-21-01,CYGX2,14
91009-01-21-00,CYGX2,14
91009-01-23-00,CYGX2,14
91009-01-24-00,CYGX2,14
91009-01-25-00,CYGX2,14
91009-01-26-00,CYGX2,14
91009-01-27-00,CYGX2,14
91009-01-28-00,CYGX2,14
91009-01-29-00,CYGX2,14
91009-01-29-01,CYGX2,14
91009-01-30-00,CYGX2,14
91009-01-28-01,CYGX2,14
91009-01-31-00,CYGX2,14
91009-01-32-00,CYGX2,14
91009-01-33-00,CYGX2,14
91009-01-34-00,CYGX2,14
91009-01-35-00,CYGX2,14
91009-01-36-00,CYGX2,14
91009-01-37-01,CYGX2,14
91009-01-38-00,CYGX2,14
91009-01-38-01,CYGX2,14
91009-01-39-00,CYGX2,14
91009-01-39-01,CYGX2,14
91009-01-40-00,CYGX2,14
90030-01-15-00,CYGX2,14
90030-01-59-01,CYGX2,14
90030-01-59-00,CYGX2,14
90030-01-65-00,CYGX2,14
90030-01-75-00,CYGX2,14
90030-01-76-00,CYGX2,14
90030-01-77-00,CYGX2,14
90030-01-78-00,CYGX2,14
90030-01-79-00,CYGX2,14
90030-01-80-00,CYGX2,14
90030-01-81-00,CYGX2,14
90030-01-82-00,CYGX2,14
90030-01-83-00,CYGX2,14
90030-01-83-01,CYGX2,14
90030-01-84-00,CYGX2,14
90030-01-85-00,CYGX2,14
90030-01-85-01,CYGX2,14
90030-01-86-00,CYGX2,14
90030-01-86-01,CYGX2,14
90030-01-87-00G,CYGX2,14
90030-01-87-01,CYGX2,14
90030-01-88-00,CYGX2,14
90030-01-89-00,CYGX2,14
90030-01-90-00,CYGX2,14
90030-01-91-00,CYGX2,14
90030-01-92-00,CYGX2,14
90030-01-93-00,CYGX2,14
90030-01-94-00,CYGX2,14
90030-01-95-00,CYGX2,14
90030-01-96-00,CYGX2,14
90030-01-97-00,CYGX2,14
90030-01-98-00,CYGX2,14
90030-01-99-00,CYGX2,14
90030-01-09-00,CYGX2,14
90030-01-99-01,CYGX2,14
91009-01-41-00,CYGX2,14
91009-01-42-00,CYGX2,14
91009-01-42-01,CYGX2,14
91009-01-43-00,CYGX2,14
91009-01-43-01,CYGX2,14
92039-01-01-01,CYGX2,14
92039-01-01-02G,CYGX2,14
92039-01-01-00,CYGX2,14
92039-01-02-01,CYGX2,14
92039-01-02-02,CYGX2,14
92039-01-02-03,CYGX2,14
92039-01-02-00,CYGX2,14
92039-01-03-01,CYGX2,14
92039-01-03-02,CYGX2,14
92039-01-03-03G,CYGX2,14
92039-01-03-00,CYGX2,14
92039-01-04-00,CYGX2,14
92039-01-04-01,CYGX2,14
92039-01-04-03,CYGX2,14
92039-01-05-01,CYGX2,14
92039-01-05-00G,CYGX2,14
92039-01-06-01,CYGX2,14
92039-01-06-02,CYGX2,14
92039-01-06-00,CYGX2,14
92039-01-07-01,CYGX2,14
92039-01-07-00,CYGX2,14
92039-01-07-02G,CYGX2,14
92039-01-08-01,CYGX2,14
92039-01-08-00G,CYGX2,14
92039-01-09-00,CYGX2,14
92039-01-10-00,CYGX2,14
92039-01-11-00,CYGX2,14
92039-01-12-00,CYGX2,14
92039-01-13-00,CYGX2,14
92039-01-14-00,CYGX2,14
92039-01-15-00,CYGX2,14
92039-01-16-00,CYGX2,14
92039-01-17-00,CYGX2,14
92039-01-18-00,CYGX2,14
91009-01-44-00,CYGX2,14
91009-01-44-01,CYGX2,14
90030-01-01-10,CYGX2,14
91009-01-45-000,CYGX2,14
91009-01-45-00,CYGX2,14
90030-01-02-10,CYGX2,14
90030-01-03-100,CYGX2,14
90030-01-03-10,CYGX2,14
90030-01-04-10,CYGX2,14
91009-01-46-00,CYGX2,14
90030-01-05-10,CYGX2,14
92038-01-01-02,CYGX2,14
92038-01-01-00,CYGX2,14
92038-01-02-00,CYGX2,14
92038-01-02-02,CYGX2,14
92038-01-03-01,CYGX2,14
92038-01-03-00,CYGX2,14
92038-01-04-00,CYGX2,14
92038-01-05-00,CYGX2,14
92038-01-05-02,CYGX2,14
92038-01-06-00,CYGX2,14
92038-01-06-01,CYGX2,14
92038-01-06-02,CYGX2,14
92038-01-07-00,CYGX2,14
92038-01-07-01,CYGX2,14
92038-01-08-00,CYGX2,14
92038-01-08-01,CYGX2,14
92038-01-08-02,CYGX2,14
92038-01-09-00,CYGX2,14
92038-01-09-01,CYGX2,14
92038-01-09-02,CYGX2,14
92038-01-10-00,CYGX2,14
92038-01-10-01,CYGX2,14
92038-01-10-02,CYGX2,14
92038-01-10-03,CYGX2,14
92038-01-11-00,CYGX2,14
92038-01-11-01,CYGX2,14
93082-02-01-00,CYGX2,14
93082-02-01-01,CYGX2,14
93082-02-01-02,CYGX2,14
93082-02-01-03,CYGX2,14
93082-02-02-00,CYGX2,14
93082-02-02-01,CYGX2,14
93082-02-02-02,CYGX2,14
93082-02-03-02,CYGX2,14
93082-02-03-00,CYGX2,14
93082-02-03-01,CYGX2,14
93082-02-04-00,CYGX2,14
93082-02-04-02,CYGX2,14
90022-08-03-00,CYGX2,14
90022-08-03-01,CYGX2,14
90022-08-04-02,CYGX2,14
90022-08-04-00,CYGX2,14
90022-08-04-01,CYGX2,14
90022-08-04-03,CYGX2,14
93443-01-01-03,CYGX2,14
93443-01-01-04,CYGX2,14
93443-01-01-05,CYGX2,14
93443-01-01-06,CYGX2,14
93443-01-01-08,CYGX2,14
93443-01-01-000,CYGX2,14
93443-01-01-00,CYGX2,14
93443-01-01-09,CYGX2,14
93443-01-01-10,CYGX2,14
93443-01-01-11,CYGX2,14
93443-01-01-010,CYGX2,14
93443-01-01-01,CYGX2,14
93443-01-01-14,CYGX2,14
93443-01-01-15,CYGX2,14
93443-01-01-16,CYGX2,14
93443-01-01-17,CYGX2,14
93443-01-01-18,CYGX2,14
93443-01-01-19,CYGX2,14
93443-01-01-21,CYGX2,14
93443-01-01-02,CYGX2,14
93071-04-01-00,CYGX2,14
93071-04-02-00,CYGX2,14
95424-01-01-00,CYGX2,14
95345-01-01-00,CYGX2,14
95345-01-02-00,CYGX2,14
95345-01-02-01,CYGX2,14
95345-01-03-00,CYGX2,14
95345-01-04-00,CYGX2,14
95345-01-05-00,CYGX2,14
95345-01-06-01,CYGX2,14
95345-01-06-00,CYGX2,14
95345-01-07-00,CYGX2,14
95345-01-08-00,CYGX2,14
95345-01-08-01,CYGX2,14
95345-01-09-00,CYGX2,14
95345-01-10-00,CYGX2,14
95345-01-11-00,CYGX2,14
95345-01-12-00,CYGX2,14
95345-01-13-00,CYGX2,14
95345-01-14-00,CYGX2,14
95345-01-15-00,CYGX2,14
95345-01-16-00,CYGX2,14
95345-01-17-00,CYGX2,14
95345-01-18-00,CYGX2,14
95345-01-19-00,CYGX2,14
95345-01-20-00,CYGX2,14
95345-01-21-00,CYGX2,14
95345-01-22-00,CYGX2,14
95345-01-23-00,CYGX2,14
95345-01-23-01,CYGX2,14
95345-01-24-00,CYGX2,14
95345-01-25-00,CYGX2,14
95345-01-26-00,CYGX2,14
95345-01-26-01,CYGX2,14
95345-01-27-00,CYGX2,14
95345-01-28-00,CYGX2,14
95345-01-29-00,CYGX2,14
95345-01-29-01,CYGX2,14
95345-01-30-00,CYGX2,14
95345-01-31-00,CYGX2,14
95345-01-32-00,CYGX2,14
95345-01-32-01,CYGX2,14
95345-01-32-02,CYGX2,14
95345-01-33-00,CYGX2,14
95345-01-34-00,CYGX2,14
95345-01-34-01,CYGX2,14
95345-01-35-00,CYGX2,14
95345-01-35-01,CYGX2,14
95345-01-36-00,CYGX2,14
95345-01-37-00,CYGX2,14
95345-01-37-01,CYGX2,14
95345-01-38-00,CYGX2,14
95345-01-38-01,CYGX2,14
95345-01-39-00,CYGX2,14
95345-01-40-00,CYGX2,14
95345-01-40-01,CYGX2,14
95345-01-41-00,CYGX2,14
95345-01-42-00,CYGX2,14
50045-02-01-00,EXO0748-676,15
50045-02-02-00,EXO0748-676,15
50045-02-03-00,EXO0748-676,15
50045-02-04-00,EXO0748-676,15
50045-02-05-00,EXO0748-676,15
50045-03-01-00,EXO0748-676,15
50045-03-02-00,EXO0748-676,15
50045-03-03-00,EXO0748-676,15
50045-03-04-00,EXO0748-676,15
50045-03-05-00G,EXO0748-676,15
50045-04-01-00,EXO0748-676,15
50045-04-02-00,EXO0748-676,15
50045-04-03-00,EXO0748-676,15
50045-04-04-00,EXO0748-676,15
50045-04-05-00,EXO0748-676,15
50045-04-06-00,EXO0748-676,15
50045-05-01-00,EXO0748-676,15
50045-05-02-00,EXO0748-676,15
50045-05-03-00,EXO0748-676,15
50045-05-04-00,EXO0748-676,15
50045-05-05-00,EXO0748-676,15
50045-06-01-00,EXO0748-676,15
50045-06-02-00,EXO0748-676,15
50045-06-03-00,EXO0748-676,15
50045-06-05-00,EXO0748-676,15
60047-01-01-00,EXO0748-676,15
60047-01-06-00,EXO0748-676,15
60047-01-02-00,EXO0748-676,15
60047-01-03-00,EXO0748-676,15
60047-01-04-00,EXO0748-676,15
60047-01-05-00,EXO0748-676,15
60047-02-01-00,EXO0748-676,15
60047-02-06-00,EXO0748-676,15
60047-02-02-00,EXO0748-676,15
60047-02-03-00,EXO0748-676,15
60047-02-04-00,EXO0748-676,15
60047-02-05-00,EXO0748-676,15
60047-03-01-00,EXO0748-676,15
60047-03-02-00,EXO0748-676,15
60047-03-03-00,EXO0748-676,15
60047-03-04-00,EXO0748-676,15
60047-03-05-00,EXO0748-676,15
60047-04-01-00,EXO0748-676,15
60047-04-02-00,EXO0748-676,15
60047-04-03-00,EXO0748-676,15
60047-04-04-00,EXO0748-676,15
60047-04-05-00,EXO0748-676,15
60047-05-01-00,EXO0748-676,15
60047-05-02-00,EXO0748-676,15
60047-05-03-00,EXO0748-676,15
60047-05-04-00,EXO0748-676,15
60047-05-05-00,EXO0748-676,15
60047-06-01-00,EXO0748-676,15
60047-06-02-00,EXO0748-676,15
60047-06-03-00,EXO0748-676,15
60047-06-04-00,EXO0748-676,15
60047-06-05-00,EXO0748-676,15
60427-01-01-00,EXO0748-676,15
70048-01-01-00,EXO0748-676,15
70048-01-02-00,EXO0748-676,15
70048-01-03-00,EXO0748-676,15
70048-01-04-00,EXO0748-676,15
70048-02-01-00,EXO0748-676,15
70048-02-02-00,EXO0748-676,15
70048-02-04-00,EXO0748-676,15
70048-03-01-00,EXO0748-676,15
70048-03-04-00,EXO0748-676,15
70048-03-02-00,EXO0748-676,15
70048-03-03-00,EXO0748-676,15
70048-04-01-00,EXO0748-676,15
70048-04-02-00,EXO0748-676,15
70048-04-03-00,EXO0748-676,15
70048-05-01-00,EXO0748-676,15
70048-05-02-00,EXO0748-676,15
70048-05-03-00,EXO0748-676,15
70048-05-04-00,EXO0748-676,15
70048-06-01-00,EXO0748-676,15
70048-06-03-00,EXO0748-676,15
70048-06-02-00,EXO0748-676,15
70048-06-04-00,EXO0748-676,15
70048-07-01-00,EXO0748-676,15
70048-07-02-00,EXO0748-676,15
70048-07-03-00,EXO0748-676,15
70048-08-01-00,EXO0748-676,15
70048-08-02-00,EXO0748-676,15
70048-08-03-00,EXO0748-676,15
70048-08-04-00,EXO0748-676,15
70048-09-01-00,EXO0748-676,15
70048-09-02-00,EXO0748-676,15
70048-09-03-00,EXO0748-676,15
70048-09-04-00,EXO0748-676,15
60042-03-01-00,EXO0748-676,15
60042-03-01-01,EXO0748-676,15
60042-03-01-02,EXO0748-676,15
60042-03-02-04,EXO0748-676,15
60042-03-02-03,EXO0748-676,15
60042-03-02-02,EXO0748-676,15
60042-03-02-01,EXO0748-676,15
60042-03-02-00,EXO0748-676,15
70048-10-01-00,EXO0748-676,15
70048-10-03-00,EXO0748-676,15
70048-10-04-00,EXO0748-676,15
70048-11-01-00,EXO0748-676,15
70048-11-02-00,EXO0748-676,15
70048-11-03-00,EXO0748-676,15
70048-11-04-00,EXO0748-676,15
70047-01-01-03,EXO0748-676,15
70047-01-01-05,EXO0748-676,15
70047-01-01-06,EXO0748-676,15
70047-01-01-00,EXO0748-676,15
70047-01-01-07,EXO0748-676,15
70047-01-01-10,EXO0748-676,15
70047-01-01-11,EXO0748-676,15
70047-01-01-12,EXO0748-676,15
70047-01-01-01,EXO0748-676,15
70047-01-01-13,EXO0748-676,15
70047-02-01-00,EXO0748-676,15
70047-02-01-02,EXO0748-676,15
70047-02-01-03,EXO0748-676,15
70047-02-01-04,EXO0748-676,15
70047-02-01-05,EXO0748-676,15
70047-02-01-06,EXO0748-676,15
70047-02-01-07,EXO0748-676,15
70047-02-01-08,EXO0748-676,15
70047-01-01-14,EXO0748-676,15
70047-02-01-01,EXO0748-676,15
70047-02-01-09,EXO0748-676,15
70047-02-01-10,EXO0748-676,15
70047-02-01-11,EXO0748-676,15
70047-02-01-12,EXO0748-676,15
70047-02-01-13,EXO0748-676,15
70047-02-01-14,EXO0748-676,15
70047-02-01-15,EXO0748-676,15
70047-02-01-16,EXO0748-676,15
70047-01-01-15,EXO0748-676,15
70048-12-01-00,EXO0748-676,15
70048-12-02-00,EXO0748-676,15
70048-12-03-00,EXO0748-676,15
70048-12-04-00,EXO0748-676,15
70048-13-01-00,EXO0748-676,15
70048-13-02-00,EXO0748-676,15
70048-13-03-00,EXO0748-676,15
70048-13-04-00,EXO0748-676,15
70048-13-05-00,EXO0748-676,15
80040-01-01-00,EXO0748-676,15
80040-01-01-01,EXO0748-676,15
80040-01-01-02,EXO0748-676,15
70048-13-06-00,EXO0748-676,15
70048-13-07-00,EXO0748-676,15
70048-13-08-00,EXO0748-676,15
70048-13-09-00,EXO0748-676,15
70048-13-10-00,EXO0748-676,15
80040-01-02-000,EXO0748-676,15
80040-01-02-01,EXO0748-676,15
80040-01-03-00,EXO0748-676,15
80040-01-04-00,EXO0748-676,15
80040-01-04-02,EXO0748-676,15
80040-01-04-01,EXO0748-676,15
80040-01-05-01,EXO0748-676,15
80040-01-05-00,EXO0748-676,15
80040-01-05-02,EXO0748-676,15
70048-13-11-00,EXO0748-676,15
70048-13-12-00,EXO0748-676,15
70048-13-13-00,EXO0748-676,15
70048-13-14-00,EXO0748-676,15
70048-13-15-00,EXO0748-676,15
70050-02-01-000,EXO0748-676,15
70050-02-01-001,EXO0748-676,15
70050-02-01-00,EXO0748-676,15
80040-01-07-00,EXO0748-676,15
70048-13-16-00,EXO0748-676,15
70048-13-17-00,EXO0748-676,15
70048-13-19-00G,EXO0748-676,15
70048-13-20-00,EXO0748-676,15
80040-01-06-03,EXO0748-676,15
80040-01-06-00,EXO0748-676,15
90059-01-01-00,EXO0748-676,15
90059-01-02-00,EXO0748-676,15
90059-01-03-00,EXO0748-676,15
90059-01-04-00,EXO0748-676,15
80040-01-06-05,EXO0748-676,15
80040-01-08-00,EXO0748-676,15
80040-01-06-07,EXO0748-676,15
90059-02-01-00,EXO0748-676,15
90059-02-02-00,EXO0748-676,15
90059-02-03-00,EXO0748-676,15
90059-02-04-00,EXO0748-676,15
80040-01-09-00,EXO0748-676,15
80040-01-09-01,EXO0748-676,15
80040-01-10-02,EXO0748-676,15
80040-01-10-01,EXO0748-676,15
80040-01-10-03,EXO0748-676,15
80040-01-10-00,EXO0748-676,15
90059-03-01-00,EXO0748-676,15
90059-03-02-00,EXO0748-676,15
90059-03-03-00,EXO0748-676,15
90059-03-04-00,EXO0748-676,15
80040-01-11-01,EXO0748-676,15
80040-01-11-00G,EXO0748-676,15
90059-04-04-00,EXO0748-676,15
90059-04-03-00,EXO0748-676,15
90059-04-02-00,EXO0748-676,15
90059-04-01-00,EXO0748-676,15
80040-01-12-00,EXO0748-676,15
80040-01-12-03,EXO0748-676,15
80040-01-12-02,EXO0748-676,15
80040-01-12-06,EXO0748-676,15
90059-05-01-00,EXO0748-676,15
90059-05-02-00,EXO0748-676,15
90059-05-03-00,EXO0748-676,15
90059-05-04-00,EXO0748-676,15
90059-06-01-00,EXO0748-676,15
90059-06-02-00,EXO0748-676,15
90059-06-03-00,EXO0748-676,15
90059-06-04-00,EXO0748-676,15
80040-01-13-00,EXO0748-676,15
80040-01-13-01,EXO0748-676,15
80040-01-13-03,EXO0748-676,15
80040-01-13-04,EXO0748-676,15
80040-01-13-02,EXO0748-676,15
90039-01-01-00,EXO0748-676,15
90039-01-01-01,EXO0748-676,15
90039-01-01-02,EXO0748-676,15
90039-01-01-03,EXO0748-676,15
90039-01-02-01,EXO0748-676,15
90039-01-02-06,EXO0748-676,15
90039-01-02-05,EXO0748-676,15
90039-01-02-04,EXO0748-676,15
90039-01-02-07,EXO0748-676,15
90039-01-02-09,EXO0748-676,15
90039-01-02-03,EXO0748-676,15
90039-01-03-02,EXO0748-676,15
90039-01-03-00,EXO0748-676,15
90039-01-03-03,EXO0748-676,15
90039-01-03-01,EXO0748-676,15
90059-07-01-00,EXO0748-676,15
90059-07-02-00,EXO0748-676,15
90059-07-03-00,EXO0748-676,15
90059-07-04-00,EXO0748-676,15
90039-01-03-05,EXO0748-676,15
90039-01-04-00,EXO0748-676,15
90039-01-04-05G,EXO0748-676,15
90039-01-04-01,EXO0748-676,15
90039-01-05-00,EXO0748-676,15
90039-01-05-02,EXO0748-676,15
90059-08-04-00,EXO0748-676,15
90059-08-03-00,EXO0748-676,15
90059-08-01-00,EXO0748-676,15
90059-08-02-00,EXO0748-676,15
90059-09-01-00,EXO0748-676,15
90059-09-02-00,EXO0748-676,15
90059-09-03-00,EXO0748-676,15
90059-09-04-00,EXO0748-676,15
91043-01-01-00,EXO0748-676,15
91043-01-02-00,EXO0748-676,15
91043-01-03-00,EXO0748-676,15
91043-01-04-00,EXO0748-676,15
91035-01-01-01,EXO0748-676,15
91035-01-01-00,EXO0748-676,15
91035-01-01-07,EXO0748-676,15
91035-01-01-03,EXO0748-676,15
91035-01-01-04,EXO0748-676,15
91035-01-01-05,EXO0748-676,15
91035-01-01-06,EXO0748-676,15
91035-01-02-00,EXO0748-676,15
91035-01-02-01,EXO0748-676,15
91035-01-02-02,EXO0748-676,15
91035-01-02-03,EXO0748-676,15
91035-01-02-05,EXO0748-676,15
91035-01-02-08,EXO0748-676,15
91035-01-02-06,EXO0748-676,15
91035-01-02-07,EXO0748-676,15
91035-01-03-01,EXO0748-676,15
91035-01-03-00,EXO0748-676,15
91035-01-03-08,EXO0748-676,15
91035-01-04-00,EXO0748-676,15
91035-01-04-02,EXO0748-676,15
91035-01-04-03,EXO0748-676,15
91035-01-04-09,EXO0748-676,15
91035-01-05-00,EXO0748-676,15
91035-01-05-06,EXO0748-676,15
91043-02-01-00,EXO0748-676,15
91043-02-02-00,EXO0748-676,15
91043-02-03-00,EXO0748-676,15
91043-02-04-00,EXO0748-676,15
91043-03-03-00,EXO0748-676,15
91043-03-04-00,EXO0748-676,15
91043-03-01-00,EXO0748-676,15
91043-03-02-00,EXO0748-676,15
91043-04-01-00,EXO0748-676,15
91043-04-02-00,EXO0748-676,15
91043-04-03-00,EXO0748-676,15
91043-04-04-00,EXO0748-676,15
91043-05-01-00,EXO0748-676,15
91043-05-02-00,EXO0748-676,15
91043-05-03-00,EXO0748-676,15
91043-05-04-00,EXO0748-676,15
91043-06-01-00,EXO0748-676,15
91043-06-03-00,EXO0748-676,15
91043-07-01-00,EXO0748-676,15
91043-07-02-00,EXO0748-676,15
91043-07-03-00,EXO0748-676,15
91043-07-04-00,EXO0748-676,15
90059-10-01-00,EXO0748-676,15
90059-10-02-00,EXO0748-676,15
90059-10-03-00,EXO0748-676,15
90059-10-04-00,EXO0748-676,15
90059-11-01-00,EXO0748-676,15
90059-11-02-00,EXO0748-676,15
90059-11-03-00,EXO0748-676,15
90059-11-04-00,EXO0748-676,15
90059-12-01-00,EXO0748-676,15
90059-12-03-00,EXO0748-676,15
92019-01-01-01,EXO0748-676,15
92019-01-01-00,EXO0748-676,15
91043-08-01-00,EXO0748-676,15
92019-01-02-01,EXO0748-676,15
91043-08-02-00,EXO0748-676,15
92019-01-02-00,EXO0748-676,15
92019-01-02-05,EXO0748-676,15
91043-08-03-00,EXO0748-676,15
92019-01-02-03,EXO0748-676,15
91043-08-04-00,EXO0748-676,15
92019-01-02-04,EXO0748-676,15
92019-01-02-02,EXO0748-676,15
92019-01-02-07,EXO0748-676,15
92019-01-04-00,EXO0748-676,15
92019-01-04-02,EXO0748-676,15
92019-01-04-01,EXO0748-676,15
92019-01-04-03,EXO0748-676,15
92019-01-03-000,EXO0748-676,15
92019-01-03-00,EXO0748-676,15
92019-01-02-06,EXO0748-676,15
92019-01-01-04,EXO0748-676,15
92019-01-05-02,EXO0748-676,15
92019-01-05-04,EXO0748-676,15
92019-01-05-00,EXO0748-676,15
92019-01-06-00,EXO0748-676,15
92019-01-06-01,EXO0748-676,15
92019-01-06-02,EXO0748-676,15
92019-01-06-03,EXO0748-676,15
92019-01-06-04,EXO0748-676,15
92019-01-06-05,EXO0748-676,15
92019-01-06-06,EXO0748-676,15
92019-01-06-07,EXO0748-676,15
92019-01-07-00,EXO0748-676,15
92019-01-07-02,EXO0748-676,15
92019-01-07-04,EXO0748-676,15
92019-01-07-03,EXO0748-676,15
92019-01-07-05,EXO0748-676,15
92019-01-07-07,EXO0748-676,15
92019-01-08-000,EXO0748-676,15
92019-01-08-00,EXO0748-676,15
91043-09-01-00,EXO0748-676,15
91043-09-02-00,EXO0748-676,15
91043-09-04-00,EXO0748-676,15
91043-09-03-00,EXO0748-676,15
92019-01-07-08,EXO0748-676,15
92019-01-09-00,EXO0748-676,15
91043-10-01-00,EXO0748-676,15
91043-10-02-00,EXO0748-676,15
92019-01-09-02,EXO0748-676,15
92019-01-09-03,EXO0748-676,15
91043-10-04-00,EXO0748-676,15
92019-01-09-04,EXO0748-676,15
92019-01-09-05,EXO0748-676,15
92019-01-10-03,EXO0748-676,15
92019-01-10-01,EXO0748-676,15
92019-01-10-00,EXO0748-676,15
92019-01-09-12,EXO0748-676,15
92019-01-09-14,EXO0748-676,15
91043-12-01-00,EXO0748-676,15
92019-01-11-00,EXO0748-676,15
91043-12-02-00,EXO0748-676,15
92019-01-09-13,EXO0748-676,15
91043-12-03-00,EXO0748-676,15
91043-12-04-01,EXO0748-676,15
91043-12-04-00,EXO0748-676,15
92019-01-09-10,EXO0748-676,15
92019-01-12-02,EXO0748-676,15
92019-01-12-01,EXO0748-676,15
92019-01-12-03,EXO0748-676,15
92019-01-12-00,EXO0748-676,15
92019-01-12-04,EXO0748-676,15
92019-01-13-05,EXO0748-676,15
92019-01-13-04,EXO0748-676,15
92019-01-13-03,EXO0748-676,15
92019-01-13-02,EXO0748-676,15
92019-01-13-01,EXO0748-676,15
92019-01-13-00,EXO0748-676,15
92019-01-14-000,EXO0748-676,15
92019-01-14-00,EXO0748-676,15
91043-11-01-00,EXO0748-676,15
92019-01-15-02,EXO0748-676,15
91043-11-02-00,EXO0748-676,15
92019-01-15-00,EXO0748-676,15
91043-11-03-00,EXO0748-676,15
92019-01-15-01,EXO0748-676,15
91043-11-04-00,EXO0748-676,15
92019-01-16-00,EXO0748-676,15
92019-01-16-01,EXO0748-676,15
92019-01-17-04,EXO0748-676,15
92019-01-17-02,EXO0748-676,15
92019-01-17-01,EXO0748-676,15
92019-01-17-00,EXO0748-676,15
92019-01-17-03,EXO0748-676,15
92040-01-01-00,EXO0748-676,15
92040-01-03-00,EXO0748-676,15
92019-01-18-000,EXO0748-676,15
92019-01-18-00,EXO0748-676,15
92019-01-18-01,EXO0748-676,15
92019-01-19-01,EXO0748-676,15
92019-01-19-00,EXO0748-676,15
92019-01-20-03,EXO0748-676,15
92019-01-20-00,EXO0748-676,15
92019-01-20-01,EXO0748-676,15
92019-01-21-03,EXO0748-676,15
92040-02-01-00,EXO0748-676,15
92040-02-02-00,EXO0748-676,15
92040-02-03-00,EXO0748-676,15
92040-02-04-00,EXO0748-676,15
92019-01-21-01,EXO0748-676,15
92019-01-21-02,EXO0748-676,15
92019-01-09-06,EXO0748-676,15
92019-01-21-00,EXO0748-676,15
92019-01-09-08,EXO0748-676,15
93074-01-01-00,EXO0748-676,15
93074-01-02-00,EXO0748-676,15
93406-12-01-00,EXO0748-676,15
93074-01-03-00,EXO0748-676,15
92019-01-22-00,EXO0748-676,15
92019-01-22-02,EXO0748-676,15
92019-01-22-01,EXO0748-676,15
92019-01-22-03,EXO0748-676,15
92019-01-22-06,EXO0748-676,15
92019-01-22-04,EXO0748-676,15
92019-01-22-05,EXO0748-676,15
92019-01-23-04,EXO0748-676,15
92019-01-23-03,EXO0748-676,15
92019-01-23-02,EXO0748-676,15
92019-01-23-00,EXO0748-676,15
92019-01-24-01,EXO0748-676,15
92019-01-24-03,EXO0748-676,15
92019-01-24-00,EXO0748-676,15
92019-01-24-04,EXO0748-676,15
92019-01-24-05,EXO0748-676,15
93074-02-01-00,EXO0748-676,15
93074-02-03-00,EXO0748-676,15
93074-02-02-00,EXO0748-676,15
93074-02-04-00,EXO0748-676,15
92019-01-25-00,EXO0748-676,15
92019-01-25-02,EXO0748-676,15
92019-01-25-01,EXO0748-676,15
92019-01-26-02,EXO0748-676,15
92019-01-26-00,EXO0748-676,15
92019-01-26-03,EXO0748-676,15
93074-03-02-00,EXO0748-676,15
93074-03-03-00,EXO0748-676,15
92019-01-26-01,EXO0748-676,15
93074-03-04-00,EXO0748-676,15
92019-01-26-04,EXO0748-676,15
92019-01-27-00,EXO0748-676,15
92019-01-27-02,EXO0748-676,15
93074-04-01-00,EXO0748-676,15
93074-04-02-00,EXO0748-676,15
93074-04-03-00,EXO0748-676,15
93074-04-04-00,EXO0748-676,15
92019-01-28-00,EXO0748-676,15
92019-01-28-01,EXO0748-676,15
92019-01-28-02,EXO0748-676,15
92019-01-29-000,EXO0748-676,15
92019-01-29-00,EXO0748-676,15
93074-05-01-01,EXO0748-676,15
93074-05-01-00,EXO0748-676,15
93074-05-02-00,EXO0748-676,15
93082-05-01-02,EXO0748-676,15
93074-05-03-00,EXO0748-676,15
93082-05-01-00,EXO0748-676,15
93074-05-04-00,EXO0748-676,15
93082-05-01-01,EXO0748-676,15
93074-05-04-01,EXO0748-676,15
93082-05-01-03,EXO0748-676,15
93082-05-01-04,EXO0748-676,15
92019-01-30-00,EXO0748-676,15
92019-01-30-01,EXO0748-676,15
92019-01-31-01,EXO0748-676,15
92019-01-31-000,EXO0748-676,15
92019-01-31-00,EXO0748-676,15
92019-01-32-03,EXO0748-676,15
93074-06-01-00,EXO0748-676,15
93074-06-02-00,EXO0748-676,15
93074-06-03-00,EXO0748-676,15
93074-06-04-00,EXO0748-676,15
92019-01-32-04,EXO0748-676,15
93074-06-04-01,EXO0748-676,15
92019-01-32-05,EXO0748-676,15
92040-03-01-00,EXO0748-676,15
92040-03-02-00,EXO0748-676,15
92040-03-04-00,EXO0748-676,15
92040-04-01-00,EXO0748-676,15
92040-04-02-00,EXO0748-676,15
92040-04-03-00,EXO0748-676,15
92040-04-04-00,EXO0748-676,15
92040-05-01-00,EXO0748-676,15
92040-05-02-00,EXO0748-676,15
92019-01-33-00,EXO0748-676,15
92040-05-03-00,EXO0748-676,15
92019-01-33-01,EXO0748-676,15
92019-01-33-02,EXO0748-676,15
90058-16-02-00,GROJ1655-40,16
90058-16-03-00,GROJ1655-40,16
90058-16-04-00,GROJ1655-40,16
90428-01-01-00,GROJ1655-40,16
90058-16-05-00,GROJ1655-40,16
90428-01-01-01,GROJ1655-40,16
90058-16-07-00,GROJ1655-40,16
90428-01-01-03,GROJ1655-40,16
90428-01-01-04,GROJ1655-40,16
90428-01-01-02,GROJ1655-40,16
90428-01-01-05,GROJ1655-40,16
90058-16-06-00,GROJ1655-40,16
90428-01-01-06,GROJ1655-40,16
90428-01-01-07,GROJ1655-40,16
90428-01-01-08,GROJ1655-40,16
90428-01-01-09,GROJ1655-40,16
90428-01-01-10,GROJ1655-40,16
91404-01-01-00,GROJ1655-40,16
91404-01-01-02,GROJ1655-40,16
91404-01-01-03,GROJ1655-40,16
91404-01-01-01,GROJ1655-40,16
91404-01-01-04,GROJ1655-40,16
91702-01-01-00,GROJ1655-40,16
91702-01-01-01,GROJ1655-40,16
91702-01-01-02,GROJ1655-40,16
91702-01-01-03,GROJ1655-40,16
91702-01-01-04,GROJ1655-40,16
91702-01-01-05,GROJ1655-40,16
90704-04-01-01,GROJ1655-40,16
90704-04-01-00,GROJ1655-40,16
91702-01-02-00G,GROJ1655-40,16
91702-01-02-01,GROJ1655-40,16
91702-01-02-02,GROJ1655-40,16
91702-01-02-03,GROJ1655-40,16
91702-01-02-04,GROJ1655-40,16
91702-01-02-05,GROJ1655-40,16
91702-01-02-06,GROJ1655-40,16
91702-01-03-00,GROJ1655-40,16
91702-01-04-00,GROJ1655-40,16
91702-01-05-00,GROJ1655-40,16
91702-01-05-01,GROJ1655-40,16
91702-01-05-02,GROJ1655-40,16
91702-01-05-03,GROJ1655-40,16
91702-01-06-00,GROJ1655-40,16
91702-01-06-01,GROJ1655-40,16
91702-01-07-03,GROJ1655-40,16
91702-01-07-02,GROJ1655-40,16
91702-01-07-01,GROJ1655-40,16
91702-01-07-00,GROJ1655-40,16
91702-01-08-01G,GROJ1655-40,16
91702-01-08-00,GROJ1655-40,16
91702-01-08-02,GROJ1655-40,16
91702-01-08-03,GROJ1655-40,16
91702-01-09-00,GROJ1655-40,16
91702-01-10-00,GROJ1655-40,16
91702-01-10-01,GROJ1655-40,16
91702-01-11-00,GROJ1655-40,16
91702-01-11-01,GROJ1655-40,16
91702-01-12-02,GROJ1655-40,16
91702-01-12-01,GROJ1655-40,16
91702-01-12-00,GROJ1655-40,16
91702-01-13-02,GROJ1655-40,16
91702-01-13-00,GROJ1655-40,16
91702-01-13-01,GROJ1655-40,16
91702-01-14-02,GROJ1655-40,16
91702-01-14-00,GROJ1655-40,16
91702-01-14-01,GROJ1655-40,16
91702-01-15-01,GROJ1655-40,16
91702-01-15-00,GROJ1655-40,16
91702-01-15-02,GROJ1655-40,16
91702-01-16-01,GROJ1655-40,16
91702-01-16-00,GROJ1655-40,16
91702-01-16-02,GROJ1655-40,16
91702-01-17-03,GROJ1655-40,16
91702-01-17-00,GROJ1655-40,16
91702-01-17-01,GROJ1655-40,16
91702-01-18-04,GROJ1655-40,16
91702-01-18-00G,GROJ1655-40,16
91702-01-18-01,GROJ1655-40,16
91702-01-18-02,GROJ1655-40,16
91702-01-18-03,GROJ1655-40,16
91702-01-19-00,GROJ1655-40,16
91702-01-20-00,GROJ1655-40,16
91702-01-20-02,GROJ1655-40,16
91702-01-20-01,GROJ1655-40,16
91702-01-19-01,GROJ1655-40,16
91702-01-21-01,GROJ1655-40,16
91702-01-21-00,GROJ1655-40,16
91702-01-22-02,GROJ1655-40,16
91702-01-22-00,GROJ1655-40,16
91702-01-22-03,GROJ1655-40,16
91702-01-23-00,GROJ1655-40,16
91702-01-24-00,GROJ1655-40,16
91702-01-24-02,GROJ1655-40,16
91702-01-24-03,GROJ1655-40,16
91702-01-25-02,GROJ1655-40,16
91702-01-25-01,GROJ1655-40,16
91702-01-25-00,GROJ1655-40,16
91702-01-26-02,GROJ1655-40,16
91702-01-26-00,GROJ1655-40,16
91702-01-26-01,GROJ1655-40,16
91702-01-27-00,GROJ1655-40,16
91702-01-27-01,GROJ1655-40,16
91702-01-28-00,GROJ1655-40,16
91702-01-27-02,GROJ1655-40,16
91702-01-28-01,GROJ1655-40,16
91702-01-28-02,GROJ1655-40,16
91702-01-29-00,GROJ1655-40,16
91702-01-29-01,GROJ1655-40,16
91702-01-30-00,GROJ1655-40,16
91702-01-29-02,GROJ1655-40,16
91702-01-30-01,GROJ1655-40,16
91702-01-30-02,GROJ1655-40,16
91702-01-30-03,GROJ1655-40,16
91702-01-30-04,GROJ1655-40,16
91702-01-31-01,GROJ1655-40,16
91702-01-31-02,GROJ1655-40,16
91702-01-31-03,GROJ1655-40,16
91702-01-31-04,GROJ1655-40,16
91702-01-31-00,GROJ1655-40,16
91702-01-32-01,GROJ1655-40,16
91702-01-32-02,GROJ1655-40,16
91702-01-32-00,GROJ1655-40,16
91702-01-33-01,GROJ1655-40,16
91702-01-33-00,GROJ1655-40,16
91702-01-34-00,GROJ1655-40,16
91702-01-34-01,GROJ1655-40,16
91702-01-35-02,GROJ1655-40,16
91702-01-35-00,GROJ1655-40,16
91702-01-35-01,GROJ1655-40,16
91702-01-36-01,GROJ1655-40,16
91702-01-36-03,GROJ1655-40,16
91702-01-36-00,GROJ1655-40,16
91702-01-37-01,GROJ1655-40,16
91702-01-37-00,GROJ1655-40,16
91702-01-38-00,GROJ1655-40,16
91702-01-38-03,GROJ1655-40,16
91702-01-39-00,GROJ1655-40,16
91702-01-40-03,GROJ1655-40,16
91702-01-40-02,GROJ1655-40,16
91702-01-40-00,GROJ1655-40,16
91702-01-41-01,GROJ1655-40,16
91702-01-41-00,GROJ1655-40,16
91702-01-41-02,GROJ1655-40,16
91702-01-38-01,GROJ1655-40,16
91702-01-42-00,GROJ1655-40,16
91702-01-43-01,GROJ1655-40,16
91702-01-43-00,GROJ1655-40,16
91702-01-44-00,GROJ1655-40,16
91702-01-44-03,GROJ1655-40,16
91702-01-44-01,GROJ1655-40,16
91702-01-44-02,GROJ1655-40,16
91702-01-45-00,GROJ1655-40,16
91702-01-45-01,GROJ1655-40,16
91702-01-46-02,GROJ1655-40,16
91702-01-47-00,GROJ1655-40,16
91702-01-48-00,GROJ1655-40,16
91702-01-49-01,GROJ1655-40,16
91702-01-49-00,GROJ1655-40,16
91702-01-49-02,GROJ1655-40,16
91702-01-50-00,GROJ1655-40,16
91702-01-50-03,GROJ1655-40,16
91702-01-50-01,GROJ1655-40,16
91702-01-51-01,GROJ1655-40,16
91702-01-51-00,GROJ1655-40,16
91702-01-51-02,GROJ1655-40,16
91702-01-52-00G,GROJ1655-40,16
91702-01-52-01,GROJ1655-40,16
91702-01-52-02,GROJ1655-40,16
91702-01-52-03,GROJ1655-40,16
91702-01-53-01,GROJ1655-40,16
91702-01-53-02,GROJ1655-40,16
91702-01-53-03,GROJ1655-40,16
91702-01-53-04,GROJ1655-40,16
91702-01-54-00,GROJ1655-40,16
91702-01-54-01,GROJ1655-40,16
91702-01-54-03,GROJ1655-40,16
91702-01-55-00,GROJ1655-40,16
91702-01-55-01,GROJ1655-40,16
91702-01-55-02,GROJ1655-40,16
91702-01-56-02,GROJ1655-40,16
91702-01-56-03,GROJ1655-40,16
91702-01-56-04,GROJ1655-40,16
91702-01-58-02,GROJ1655-40,16
91702-01-57-00G,GROJ1655-40,16
91702-01-58-01,GROJ1655-40,16
91702-01-60-02,GROJ1655-40,16
91702-01-60-00,GROJ1655-40,16
91702-01-60-01,GROJ1655-40,16
91702-01-61-00,GROJ1655-40,16
91702-01-61-01,GROJ1655-40,16
91702-01-61-02,GROJ1655-40,16
91702-01-61-03,GROJ1655-40,16
91702-01-62-01,GROJ1655-40,16
91702-01-62-00,GROJ1655-40,16
91702-01-63-01,GROJ1655-40,16
91702-01-63-00,GROJ1655-40,16
91702-01-64-02,GROJ1655-40,16
91702-01-64-03,GROJ1655-40,16
91702-01-64-00,GROJ1655-40,16
91702-01-65-00,GROJ1655-40,16
91702-01-65-03,GROJ1655-40,16
91702-01-66-00,GROJ1655-40,16
91702-01-66-03,GROJ1655-40,16
91702-01-66-05,GROJ1655-40,16
91702-01-65-02,GROJ1655-40,16
91702-01-66-01,GROJ1655-40,16
91702-01-67-00,GROJ1655-40,16
91702-01-67-01,GROJ1655-40,16
91702-01-67-02,GROJ1655-40,16
91702-01-67-03,GROJ1655-40,16
91702-01-67-04,GROJ1655-40,16
91702-01-67-05,GROJ1655-40,16
91702-01-68-00,GROJ1655-40,16
91702-01-68-03,GROJ1655-40,16
91702-01-68-04,GROJ1655-40,16
91702-01-69-00,GROJ1655-40,16
91702-01-66-02,GROJ1655-40,16
91702-01-68-01,GROJ1655-40,16
91702-01-68-02,GROJ1655-40,16
91702-01-69-01,GROJ1655-40,16
91702-01-69-02,GROJ1655-40,16
91702-01-70-00,GROJ1655-40,16
91702-01-70-02,GROJ1655-40,16
91702-01-72-02,GROJ1655-40,16
91702-01-72-00,GROJ1655-40,16
91702-01-72-01G,GROJ1655-40,16
91702-01-73-00,GROJ1655-40,16
91702-01-73-02,GROJ1655-40,16
91702-01-73-03,GROJ1655-40,16
91702-01-73-01,GROJ1655-40,16
91702-01-77-00,GROJ1655-40,16
91702-01-77-01,GROJ1655-40,16
91702-01-77-02,GROJ1655-40,16
91702-01-77-03,GROJ1655-40,16
91702-01-78-04,GROJ1655-40,16
91702-01-78-00,GROJ1655-40,16
91702-01-78-01,GROJ1655-40,16
91702-01-78-02,GROJ1655-40,16
91702-01-78-03,GROJ1655-40,16
91702-01-83-00,GROJ1655-40,16
91702-01-83-04,GROJ1655-40,16
91702-01-83-01,GROJ1655-40,16
91702-01-84-00,GROJ1655-40,16
91702-01-83-02,GROJ1655-40,16
91702-01-84-04,GROJ1655-40,16
91702-01-84-01,GROJ1655-40,16
91702-01-85-00,GROJ1655-40,16
91702-01-84-03,GROJ1655-40,16
91702-01-89-00,GROJ1655-40,16
91702-01-90-00,GROJ1655-40,16
91702-01-89-01,GROJ1655-40,16
91702-01-90-02,GROJ1655-40,16
91702-01-91-01,GROJ1655-40,16
91702-01-91-00,GROJ1655-40,16
91702-01-92-01,GROJ1655-40,16
91702-01-92-00,GROJ1655-40,16
91702-01-93-02,GROJ1655-40,16
91702-01-93-00,GROJ1655-40,16
91702-01-94-00,GROJ1655-40,16
91702-01-95-00,GROJ1655-40,16
91702-01-95-02,GROJ1655-40,16
91702-01-96-00,GROJ1655-40,16
91702-01-97-00,GROJ1655-40,16
91702-01-97-01,GROJ1655-40,16
91702-01-97-02,GROJ1655-40,16
91702-01-98-00,GROJ1655-40,16
91702-01-98-01,GROJ1655-40,16
91702-01-96-01,GROJ1655-40,16
91702-01-01-14,GROJ1655-40,16
91702-01-01-10,GROJ1655-40,16
91702-01-02-10,GROJ1655-40,16
91702-01-01-13,GROJ1655-40,16
91702-01-01-11G,GROJ1655-40,16
91702-01-01-12,GROJ1655-40,16
91702-01-03-10,GROJ1655-40,16
91702-01-04-10,GROJ1655-40,16
91702-01-05-11,GROJ1655-40,16
91702-01-05-12,GROJ1655-40,16
91702-01-05-10,GROJ1655-40,16
91702-01-06-11,GROJ1655-40,16
91702-01-06-10,GROJ1655-40,16
91702-01-07-10,GROJ1655-40,16
91702-01-08-10,GROJ1655-40,16
91702-01-08-11,GROJ1655-40,16
91702-01-09-10,GROJ1655-40,16
91702-01-09-11,GROJ1655-40,16
91702-01-10-10,GROJ1655-40,16
91702-01-11-11,GROJ1655-40,16
91702-01-11-12,GROJ1655-40,16
91702-01-10-11,GROJ1655-40,16
91702-01-11-10,GROJ1655-40,16
91702-01-12-13,GROJ1655-40,16
91702-01-12-11,GROJ1655-40,16
91702-01-12-10,GROJ1655-40,16
91702-01-12-12,GROJ1655-40,16
91702-01-14-10,GROJ1655-40,16
91702-01-13-10,GROJ1655-40,16
91702-01-15-10,GROJ1655-40,16
91702-01-16-10,GROJ1655-40,16
91702-01-17-11,GROJ1655-40,16
91702-01-17-10,GROJ1655-40,16
91702-01-17-13,GROJ1655-40,16
91702-01-17-14,GROJ1655-40,16
91702-01-18-10,GROJ1655-40,16
91702-01-19-11,GROJ1655-40,16
91702-01-19-10,GROJ1655-40,16
91702-01-19-13,GROJ1655-40,16
91702-01-19-12,GROJ1655-40,16
91702-01-19-14,GROJ1655-40,16
91702-01-21-10,GROJ1655-40,16
91702-01-21-11,GROJ1655-40,16
91702-01-22-11,GROJ1655-40,16
91702-01-22-10,GROJ1655-40,16
91702-01-23-12,GROJ1655-40,16
91702-01-23-10,GROJ1655-40,16
91702-01-21-12,GROJ1655-40,16
91702-01-24-10,GROJ1655-40,16
91702-01-23-11,GROJ1655-40,16
91702-01-25-10,GROJ1655-40,16
91702-01-25-11,GROJ1655-40,16
91702-01-26-10,GROJ1655-40,16
91702-01-27-10,GROJ1655-40,16
91702-01-28-10,GROJ1655-40,16
91702-01-27-11,GROJ1655-40,16
91702-01-27-12,GROJ1655-40,16
91702-01-27-13,GROJ1655-40,16
91702-01-29-10,GROJ1655-40,16
91702-01-31-10,GROJ1655-40,16
91702-01-32-10,GROJ1655-40,16
91702-01-33-10,GROJ1655-40,16
91702-01-33-12,GROJ1655-40,16
91702-01-33-11,GROJ1655-40,16
91702-01-34-10,GROJ1655-40,16
91702-01-34-12,GROJ1655-40,16
91702-01-35-10,GROJ1655-40,16
91702-01-35-11,GROJ1655-40,16
91702-01-39-12,GROJ1655-40,16
91702-01-39-10,GROJ1655-40,16
91702-01-39-13,GROJ1655-40,16
91702-01-40-10,GROJ1655-40,16
91702-01-40-13,GROJ1655-40,16
91702-01-40-14,GROJ1655-40,16
91702-01-39-11,GROJ1655-40,16
91702-01-40-11,GROJ1655-40,16
91702-01-41-13,GROJ1655-40,16
91702-01-41-10,GROJ1655-40,16
91702-01-41-14,GROJ1655-40,16
91702-01-41-12,GROJ1655-40,16
91702-01-41-11,GROJ1655-40,16
91702-01-45-10,GROJ1655-40,16
91702-01-45-11,GROJ1655-40,16
91702-01-46-11,GROJ1655-40,16
91702-01-46-10,GROJ1655-40,16
91702-01-47-12,GROJ1655-40,16
91702-01-46-12,GROJ1655-40,16
91702-01-47-10,GROJ1655-40,16
91702-01-48-10,GROJ1655-40,16
91702-01-48-12,GROJ1655-40,16
91702-01-48-11,GROJ1655-40,16
91702-01-49-11,GROJ1655-40,16
91702-01-49-13,GROJ1655-40,16
91702-01-50-10,GROJ1655-40,16
91702-01-50-11,GROJ1655-40,16
91702-01-52-13,GROJ1655-40,16
91702-01-52-14,GROJ1655-40,16
91702-01-52-17,GROJ1655-40,16
91702-01-52-16,GROJ1655-40,16
91702-01-52-15,GROJ1655-40,16
91702-01-51-12,GROJ1655-40,16
91702-01-51-10,GROJ1655-40,16
91702-01-51-13,GROJ1655-40,16
91702-01-51-15,GROJ1655-40,16
91702-01-52-12,GROJ1655-40,16
91702-01-52-11,GROJ1655-40,16
91702-01-52-10,GROJ1655-40,16
91702-01-50-13,GROJ1655-40,16
91702-01-50-15,GROJ1655-40,16
91702-01-46-01,GROJ1655-40,16
91702-01-46-00,GROJ1655-40,16
91702-01-46-04,GROJ1655-40,16
91702-01-71-01,GROJ1655-40,16
91702-01-71-00,GROJ1655-40,16
91702-01-74-00,GROJ1655-40,16
91702-01-74-02,GROJ1655-40,16
91702-01-75-00,GROJ1655-40,16
91702-01-75-03,GROJ1655-40,16
91702-01-76-02,GROJ1655-40,16
91702-01-71-02,GROJ1655-40,16
91702-01-76-00,GROJ1655-40,16
91702-01-71-04,GROJ1655-40,16
91702-01-79-01,GROJ1655-40,16
91702-01-79-00,GROJ1655-40,16
91702-01-80-00,GROJ1655-40,16
91702-01-80-01,GROJ1655-40,16
91702-01-81-00,GROJ1655-40,16
91702-01-81-01,GROJ1655-40,16
91702-01-81-02,GROJ1655-40,16
91702-01-87-03,GROJ1655-40,16
91702-01-82-00,GROJ1655-40,16
91704-01-01-00,GROJ1655-40,16
91704-01-01-01,GROJ1655-40,16
91704-01-01-02,GROJ1655-40,16
91702-01-86-00,GROJ1655-40,16
91702-01-86-01,GROJ1655-40,16
91702-01-86-04,GROJ1655-40,16
91702-01-86-05,GROJ1655-40,16
91702-01-87-00,GROJ1655-40,16
91702-01-87-01,GROJ1655-40,16
91702-01-87-04,GROJ1655-40,16
91702-01-87-02,GROJ1655-40,16
91702-01-88-00,GROJ1655-40,16
91702-01-88-03,GROJ1655-40,16
91702-01-88-02,GROJ1655-40,16
91702-01-88-01,GROJ1655-40,16
91702-01-20-10,GROJ1655-40,16
91702-01-20-12,GROJ1655-40,16
91702-01-20-11,GROJ1655-40,16
91702-01-30-10,GROJ1655-40,16
91702-01-30-13,GROJ1655-40,16
91702-01-30-14,GROJ1655-40,16
91702-01-88-05,GROJ1655-40,16
91702-01-30-12,GROJ1655-40,16
91702-01-30-11,GROJ1655-40,16
91702-01-37-10,GROJ1655-40,16
91702-01-37-12,GROJ1655-40,16
91702-01-37-11,GROJ1655-40,16
91702-01-38-10,GROJ1655-40,16
91702-01-38-13,GROJ1655-40,16
91702-01-36-11,GROJ1655-40,16
91702-01-38-11,GROJ1655-40,16
91702-01-36-12,GROJ1655-40,16
91702-01-42-11,GROJ1655-40,16
50703-01-10-00,GRS1915+105,17
50703-01-10-01,GRS1915+105,17
50703-01-11-00,GRS1915+105,17
50703-01-11-01,GRS1915+105,17
50703-01-11-02,GRS1915+105,17
50703-01-12-00,GRS1915+105,17
50703-01-12-01,GRS1915+105,17
50703-01-12-03,GRS1915+105,17
50703-01-13-00,GRS1915+105,17
50703-01-13-01,GRS1915+105,17
50703-01-13-02,GRS1915+105,17
50703-01-14-00,GRS1915+105,17
50703-01-14-01,GRS1915+105,17
50703-01-14-02,GRS1915+105,17
50703-01-15-00,GRS1915+105,17
50703-01-15-01,GRS1915+105,17
50703-01-15-02,GRS1915+105,17
50703-01-15-03,GRS1915+105,17
50703-01-16-01,GRS1915+105,17
50703-01-16-00,GRS1915+105,17
50703-01-16-03,GRS1915+105,17
50703-01-17-00,GRS1915+105,17
50703-01-05-02,GRS1915+105,17
50703-01-18-00,GRS1915+105,17
50703-01-18-01,GRS1915+105,17
50125-01-01-00,GRS1915+105,17
50125-01-01-01,GRS1915+105,17
50125-01-01-02,GRS1915+105,17
50125-01-01-03,GRS1915+105,17
50125-01-01-04,GRS1915+105,17
50125-01-02-02,GRS1915+105,17
50125-01-02-01,GRS1915+105,17
50125-01-02-00,GRS1915+105,17
50125-01-03-00,GRS1915+105,17
50703-01-19-00,GRS1915+105,17
50703-01-19-01,GRS1915+105,17
50703-01-19-02,GRS1915+105,17
50703-01-19-03,GRS1915+105,17
50703-01-20-00,GRS1915+105,17
50703-01-20-01,GRS1915+105,17
50703-01-20-02,GRS1915+105,17
50703-01-21-00,GRS1915+105,17
50703-01-21-01,GRS1915+105,17
50703-01-21-02,GRS1915+105,17
50703-01-22-00,GRS1915+105,17
50703-01-23-00,GRS1915+105,17
50703-01-24-00,GRS1915+105,17
50703-01-25-00,GRS1915+105,17
50703-01-25-02,GRS1915+105,17
50703-01-25-01,GRS1915+105,17
50703-01-27-03,GRS1915+105,17
50703-01-28-00,GRS1915+105,17
50703-01-28-01,GRS1915+105,17
50703-01-28-02,GRS1915+105,17
50703-01-29-00,GRS1915+105,17
50703-01-30-00,GRS1915+105,17
50703-01-31-00,GRS1915+105,17
50703-01-31-01,GRS1915+105,17
50703-01-32-00,GRS1915+105,17
50703-01-33-00,GRS1915+105,17
50703-01-33-01,GRS1915+105,17
50405-01-04-00,GRS1915+105,17
50405-01-04-01,GRS1915+105,17
50703-01-34-00,GRS1915+105,17
50703-01-34-01,GRS1915+105,17
50703-01-34-02,GRS1915+105,17
50703-01-34-03,GRS1915+105,17
50703-01-35-00,GRS1915+105,17
50703-01-35-01,GRS1915+105,17
50703-01-35-02,GRS1915+105,17
50703-01-36-01,GRS1915+105,17
50703-01-36-00G,GRS1915+105,17
50703-01-37-01,GRS1915+105,17
50703-01-37-00,GRS1915+105,17
50703-01-38-00,GRS1915+105,17
50703-01-38-01,GRS1915+105,17
50703-01-39-00,GRS1915+105,17
50703-01-40-00,GRS1915+105,17
50703-01-41-00,GRS1915+105,17
50703-01-41-01,GRS1915+105,17
50703-01-41-02,GRS1915+105,17
50703-01-42-00,GRS1915+105,17
50703-01-42-01,GRS1915+105,17
50703-01-42-02,GRS1915+105,17
50703-01-43-00,GRS1915+105,17
50703-01-43-02,GRS1915+105,17
50703-01-43-01,GRS1915+105,17
50703-01-44-00G,GRS1915+105,17
50703-01-45-00,GRS1915+105,17
50703-01-46-00,GRS1915+105,17
50703-01-46-01,GRS1915+105,17
50703-01-46-02,GRS1915+105,17
50703-01-47-00,GRS1915+105,17
50703-01-47-01,GRS1915+105,17
50703-01-47-02,GRS1915+105,17
50703-01-47-03,GRS1915+105,17
50703-01-48-00,GRS1915+105,17
50703-01-48-01,GRS1915+105,17
50703-01-48-02,GRS1915+105,17
50703-01-44-01,GRS1915+105,17
50703-01-49-00,GRS1915+105,17
50703-01-50-02,GRS1915+105,17
50703-01-50-00,GRS1915+105,17
50703-01-50-01,GRS1915+105,17
50703-01-51-00,GRS1915+105,17
50703-01-51-01,GRS1915+105,17
60405-01-01-00,GRS1915+105,17
60405-01-01-01,GRS1915+105,17
50703-01-52-00,GRS1915+105,17
50703-01-52-01,GRS1915+105,17
50703-01-53-00,GRS1915+105,17
50703-01-53-01,GRS1915+105,17
50703-01-53-02,GRS1915+105,17
50703-01-54-00,GRS1915+105,17
50703-01-54-01,GRS1915+105,17
50703-01-54-02,GRS1915+105,17
50703-01-55-00,GRS1915+105,17
50703-01-55-01,GRS1915+105,17
50703-01-56-00,GRS1915+105,17
50703-01-57-00,GRS1915+105,17
50703-01-58-00,GRS1915+105,17
50703-01-60-00,GRS1915+105,17
50703-01-60-01,GRS1915+105,17
50703-01-60-02,GRS1915+105,17
60405-01-02-00,GRS1915+105,17
50703-01-61-00,GRS1915+105,17
50703-01-61-01,GRS1915+105,17
50703-01-61-02,GRS1915+105,17
50703-01-62-00,GRS1915+105,17
50703-01-62-01,GRS1915+105,17
50703-01-62-02,GRS1915+105,17
50703-01-62-03,GRS1915+105,17
50703-01-63-00,GRS1915+105,17
50703-01-64-00,GRS1915+105,17
50703-01-65-00,GRS1915+105,17
50703-01-66-00,GRS1915+105,17
60405-01-04-01,GRS1915+105,17
60405-01-04-05,GRS1915+105,17
60405-01-04-06,GRS1915+105,17
60702-01-01-02,GRS1915+105,17
60702-01-01-00,GRS1915+105,17
60702-01-01-03,GRS1915+105,17
60702-01-01-04,GRS1915+105,17
60702-01-01-05,GRS1915+105,17
60702-01-01-06,GRS1915+105,17
60702-01-01-07,GRS1915+105,17
60702-01-01-10,GRS1915+105,17
60702-01-01-11,GRS1915+105,17
60702-01-01-12,GRS1915+105,17
60702-01-01-13,GRS1915+105,17
60702-01-01-14,GRS1915+105,17
60702-01-01-15,GRS1915+105,17
60702-01-01-16,GRS1915+105,17
60702-01-01-17,GRS1915+105,17
60702-01-01-18,GRS1915+105,17
60702-01-01-19,GRS1915+105,17
60702-01-01-22,GRS1915+105,17
60702-01-01-23G,GRS1915+105,17
60702-01-01-24,GRS1915+105,17
60702-01-01-25,GRS1915+105,17
60702-01-01-26G,GRS1915+105,17
60702-01-01-27,GRS1915+105,17
60702-01-01-28,GRS1915+105,17
60702-01-01-29,GRS1915+105,17
50703-01-67-00,GRS1915+105,17
50703-01-67-01,GRS1915+105,17
50703-01-67-02,GRS1915+105,17
60701-01-01-00,GRS1915+105,17
60701-01-01-01,GRS1915+105,17
60405-01-03-00,GRS1915+105,17
60100-01-01-000,GRS1915+105,17
60100-01-01-00,GRS1915+105,17
60100-01-02-000,GRS1915+105,17
60100-01-02-00,GRS1915+105,17
60100-01-03-01,GRS1915+105,17
60100-01-01-01,GRS1915+105,17
60100-01-03-00,GRS1915+105,17
60701-01-02-00,GRS1915+105,17
60701-01-01-02,GRS1915+105,17
60701-01-03-00,GRS1915+105,17
60701-01-04-00,GRS1915+105,17
60701-01-04-01,GRS1915+105,17
60701-01-05-00,GRS1915+105,17
60701-01-05-01,GRS1915+105,17
60701-01-06-00,GRS1915+105,17
60701-01-06-02,GRS1915+105,17
60701-01-06-01,GRS1915+105,17
60701-01-06-03,GRS1915+105,17
60701-01-07-00,GRS1915+105,17
60701-01-07-01,GRS1915+105,17
60701-01-07-02,GRS1915+105,17
60701-01-08-00,GRS1915+105,17
60701-01-09-00,GRS1915+105,17
60701-01-11-00,GRS1915+105,17
60701-01-11-01,GRS1915+105,17
60701-01-11-02,GRS1915+105,17
60701-01-12-00,GRS1915+105,17
60701-01-12-01,GRS1915+105,17
60701-01-12-02,GRS1915+105,17
60701-01-12-03,GRS1915+105,17
60701-01-13-02,GRS1915+105,17
60701-01-13-01,GRS1915+105,17
60701-01-13-03,GRS1915+105,17
60701-01-13-00,GRS1915+105,17
60701-01-14-00,GRS1915+105,17
60701-01-15-00,GRS1915+105,17
60701-01-17-00,GRS1915+105,17
60701-01-17-01,GRS1915+105,17
60701-01-18-00,GRS1915+105,17
60701-01-18-01,GRS1915+105,17
60701-01-18-02,GRS1915+105,17
60701-01-19-00,GRS1915+105,17
60701-01-19-01,GRS1915+105,17
60701-01-19-02,GRS1915+105,17
60701-01-20-02,GRS1915+105,17
60701-01-20-00,GRS1915+105,17
60701-01-20-01,GRS1915+105,17
60701-01-21-01,GRS1915+105,17
60701-01-21-00,GRS1915+105,17
60701-01-21-02,GRS1915+105,17
60701-01-22-00,GRS1915+105,17
60701-01-23-00,GRS1915+105,17
60701-01-23-01,GRS1915+105,17
60701-01-24-00,GRS1915+105,17
60701-01-25-00,GRS1915+105,17
60701-01-25-01,GRS1915+105,17
60701-01-25-02,GRS1915+105,17
60701-01-25-03,GRS1915+105,17
60701-01-26-00,GRS1915+105,17
60701-01-26-01,GRS1915+105,17
60701-01-26-02,GRS1915+105,17
60701-01-26-03,GRS1915+105,17
60701-01-16-00,GRS1915+105,17
60701-01-16-01,GRS1915+105,17
60701-01-28-00,GRS1915+105,17
60701-01-29-00,GRS1915+105,17
60701-01-30-00,GRS1915+105,17
60701-01-30-01,GRS1915+105,17
60701-01-30-02,GRS1915+105,17
70703-01-01-14,GRS1915+105,17
70703-01-01-000,GRS1915+105,17
70703-01-01-01,GRS1915+105,17
70703-01-01-02,GRS1915+105,17
70703-01-01-03,GRS1915+105,17
70703-01-01-04,GRS1915+105,17
70703-01-01-05,GRS1915+105,17
70703-01-01-06,GRS1915+105,17
70703-01-01-07,GRS1915+105,17
70703-01-01-08,GRS1915+105,17
70703-01-01-09,GRS1915+105,17
70703-01-01-10,GRS1915+105,17
70703-01-01-11,GRS1915+105,17
70703-01-01-12,GRS1915+105,17
70703-01-01-13,GRS1915+105,17
60701-01-31-00,GRS1915+105,17
60701-01-31-01,GRS1915+105,17
60701-01-32-00,GRS1915+105,17
60701-01-32-01,GRS1915+105,17
60701-01-33-00,GRS1915+105,17
60701-01-33-01,GRS1915+105,17
70702-01-01-00,GRS1915+105,17
70702-01-02-00,GRS1915+105,17
70702-01-03-00,GRS1915+105,17
70702-01-04-00,GRS1915+105,17
70702-01-04-01,GRS1915+105,17
70702-01-04-02,GRS1915+105,17
70702-01-05-00,GRS1915+105,17
70702-01-05-01,GRS1915+105,17
70702-01-05-02,GRS1915+105,17
70702-01-05-03,GRS1915+105,17
70702-01-06-01,GRS1915+105,17
70702-01-07-00,GRS1915+105,17
70702-01-09-00,GRS1915+105,17
70702-01-11-01,GRS1915+105,17
70702-01-12-00,GRS1915+105,17
70702-01-12-01,GRS1915+105,17
70702-01-13-00,GRS1915+105,17
50125-01-04-01G,GRS1915+105,17
50125-01-04-00,GRS1915+105,17
50125-01-05-00G,GRS1915+105,17
50125-01-05-01,GRS1915+105,17
50125-01-06-00G,GRS1915+105,17
70702-01-14-00,GRS1915+105,17
70702-01-15-00,GRS1915+105,17
70702-01-16-00,GRS1915+105,17
70702-01-18-00,GRS1915+105,17
70702-01-19-00,GRS1915+105,17
70702-01-20-00,GRS1915+105,17
70702-01-20-01,GRS1915+105,17
70702-01-21-00,GRS1915+105,17
70702-01-21-01,GRS1915+105,17
70702-01-22-00,GRS1915+105,17
70702-01-23-00,GRS1915+105,17
70702-01-24-00,GRS1915+105,17
70702-01-25-00,GRS1915+105,17
70702-01-26-00,GRS1915+105,17
70702-01-26-01,GRS1915+105,17
70702-01-27-00,GRS1915+105,17
70702-01-12-02,GRS1915+105,17
70702-01-28-00,GRS1915+105,17
70702-01-28-01,GRS1915+105,17
70702-01-29-00,GRS1915+105,17
70702-01-30-00,GRS1915+105,17
70702-01-31-00,GRS1915+105,17
70702-01-33-00,GRS1915+105,17
70702-01-34-00,GRS1915+105,17
70702-01-35-00,GRS1915+105,17
70702-01-35-01,GRS1915+105,17
70702-01-36-00,GRS1915+105,17
70702-01-37-00,GRS1915+105,17
70702-01-38-00,GRS1915+105,17
70702-01-38-01G,GRS1915+105,17
70702-01-39-00,GRS1915+105,17
70702-01-40-00,GRS1915+105,17
70702-01-41-00,GRS1915+105,17
70702-01-41-01,GRS1915+105,17
70702-01-42-00,GRS1915+105,17
70702-01-43-00,GRS1915+105,17
60701-01-27-00,GRS1915+105,17
80127-01-02-01,GRS1915+105,17
80127-01-02-00,GRS1915+105,17
70702-01-46-00,GRS1915+105,17
80127-01-03-00,GRS1915+105,17
70702-01-48-00,GRS1915+105,17
70702-01-48-01,GRS1915+105,17
80127-02-01-00,GRS1915+105,17
80127-02-02-02,GRS1915+105,17
80127-02-02-01,GRS1915+105,17
80127-02-02-00,GRS1915+105,17
80127-02-03-00,GRS1915+105,17
80127-02-01-01,GRS1915+105,17
70702-01-50-00,GRS1915+105,17
70702-01-50-01,GRS1915+105,17
70702-01-51-00,GRS1915+105,17
70702-01-52-00,GRS1915+105,17
70702-01-08-00,GRS1915+105,17
80127-03-01-00,GRS1915+105,17
70702-01-32-00,GRS1915+105,17
70702-01-32-01,GRS1915+105,17
80701-01-01-00,GRS1915+105,17
80701-01-01-01,GRS1915+105,17
80701-01-01-02,GRS1915+105,17
80701-01-02-00,GRS1915+105,17
80701-01-02-01,GRS1915+105,17
80701-01-02-02,GRS1915+105,17
80701-01-03-00G,GRS1915+105,17
80701-01-05-00,GRS1915+105,17
80701-01-06-00,GRS1915+105,17
80701-01-09-00,GRS1915+105,17
80701-01-09-02,GRS1915+105,17
40116-01-06-01,GRS1915+105,17
40116-01-06-00,GRS1915+105,17
40116-01-07-00,GRS1915+105,17
80701-01-11-00,GRS1915+105,17
80701-01-11-02,GRS1915+105,17
80701-01-11-01,GRS1915+105,17
80701-01-12-00,GRS1915+105,17
80701-01-16-00,GRS1915+105,17
80701-01-17-00,GRS1915+105,17
80701-01-18-00,GRS1915+105,17
80701-01-20-00,GRS1915+105,17
80701-01-20-01,GRS1915+105,17
80701-01-20-02,GRS1915+105,17
80701-01-21-00,GRS1915+105,17
80701-01-22-00,GRS1915+105,17
80701-01-25-00,GRS1915+105,17
80701-01-27-00,GRS1915+105,17
80701-01-27-01,GRS1915+105,17
80701-01-28-00,GRS1915+105,17
80701-01-28-01,GRS1915+105,17
80701-01-28-02,GRS1915+105,17
80701-01-29-00,GRS1915+105,17
80701-01-29-01,GRS1915+105,17
80701-01-29-02,GRS1915+105,17
80127-04-01-00G,GRS1915+105,17
80127-04-02-00,GRS1915+105,17
80127-04-01-02,GRS1915+105,17
80127-04-01-03,GRS1915+105,17
80127-04-03-00,GRS1915+105,17
80701-01-30-00,GRS1915+105,17
80701-01-31-00,GRS1915+105,17
80701-01-33-00,GRS1915+105,17
80127-05-01-000,GRS1915+105,17
80127-05-01-00,GRS1915+105,17
80127-05-03-00,GRS1915+105,17
80127-05-04-00,GRS1915+105,17
80701-01-34-00,GRS1915+105,17
80701-01-35-00,GRS1915+105,17
80701-01-36-00,GRS1915+105,17
80701-01-38-01,GRS1915+105,17
80701-01-38-02,GRS1915+105,17
80701-01-38-03,GRS1915+105,17
80701-01-39-01,GRS1915+105,17
80701-01-39-00,GRS1915+105,17
80701-01-40-00,GRS1915+105,17
80701-01-40-01,GRS1915+105,17
80701-01-41-00,GRS1915+105,17
80701-01-42-00,GRS1915+105,17
80701-01-43-00,GRS1915+105,17
80701-01-44-00,GRS1915+105,17
80701-01-45-00,GRS1915+105,17
80701-01-45-01,GRS1915+105,17
80701-01-46-00,GRS1915+105,17
80701-01-46-01,GRS1915+105,17
70702-01-44-00,GRS1915+105,17
70702-01-44-01,GRS1915+105,17
70702-01-45-00,GRS1915+105,17
70702-01-45-01,GRS1915+105,17
70702-01-49-00,GRS1915+105,17
70702-01-49-01,GRS1915+105,17
70702-01-53-00,GRS1915+105,17
70702-01-54-00,GRS1915+105,17
80188-01-01-01,GRS1915+105,17
80188-01-01-00,GRS1915+105,17
90701-01-01-00,GRS1915+105,17
90701-01-01-02,GRS1915+105,17
90701-01-02-00,GRS1915+105,17
90701-01-02-01,GRS1915+105,17
90701-01-02-02,GRS1915+105,17
90701-01-02-03,GRS1915+105,17
80188-02-01-00,GRS1915+105,17
90701-01-03-00,GRS1915+105,17
80188-03-01-00,GRS1915+105,17
80188-03-01-01,GRS1915+105,17
90701-01-04-00,GRS1915+105,17
90701-01-05-00,GRS1915+105,17
90701-01-06-00,GRS1915+105,17
90108-01-01-00,GRS1915+105,17
90108-01-02-00,GRS1915+105,17
90108-01-03-00,GRS1915+105,17
90108-01-04-00,GRS1915+105,17
90108-01-05-00,GRS1915+105,17
90108-01-06-00,GRS1915+105,17
90701-01-07-00,GRS1915+105,17
90701-01-07-01,GRS1915+105,17
90412-01-01-00,GRS1915+105,17
90701-01-08-00,GRS1915+105,17
90105-01-02-01,GRS1915+105,17
90105-01-02-03G,GRS1915+105,17
90105-01-01-00G,GRS1915+105,17
80127-03-02-00,GRS1915+105,17
90105-01-02-00,GRS1915+105,17
90105-02-01-00,GRS1915+105,17
90105-02-03-00,GRS1915+105,17
90105-02-01-01,GRS1915+105,17
90105-02-01-02,GRS1915+105,17
90105-02-02-00,GRS1915+105,17
80127-05-06-000,GRS1915+105,17
80127-05-06-00,GRS1915+105,17
80127-05-05-00,GRS1915+105,17
80127-05-05-02,GRS1915+105,17
80127-05-05-01,GRS1915+105,17
90105-01-03-00,GRS1915+105,17
90105-01-03-01,GRS1915+105,17
90701-01-09-00,GRS1915+105,17
90701-01-09-01,GRS1915+105,17
90701-01-10-01,GRS1915+105,17
90701-01-10-00,GRS1915+105,17
90701-01-11-00,GRS1915+105,17
90701-01-12-00,GRS1915+105,17
90701-01-13-00,GRS1915+105,17
90701-01-14-00,GRS1915+105,17
90701-01-14-01,GRS1915+105,17
90701-01-15-00,GRS1915+105,17
90701-01-15-01,GRS1915+105,17
90701-01-15-02,GRS1915+105,17
90701-01-16-00,GRS1915+105,17
90701-01-16-02,GRS1915+105,17
90701-01-16-01,GRS1915+105,17
90701-01-17-00,GRS1915+105,17
90701-01-17-01,GRS1915+105,17
90701-01-18-00,GRS1915+105,17
90701-01-19-00,GRS1915+105,17
90024-02-09-00,GRS1915+105,17
90701-01-20-00,GRS1915+105,17
90701-01-23-00,GRS1915+105,17
90701-01-23-01,GRS1915+105,17
90701-01-24-00,GRS1915+105,17
90701-01-24-01,GRS1915+105,17
90701-01-25-00,GRS1915+105,17
90701-01-26-00,GRS1915+105,17
90701-01-27-00,GRS1915+105,17
90701-01-28-00,GRS1915+105,17
90105-01-04-00,GRS1915+105,17
90105-01-04-01,GRS1915+105,17
90701-01-29-00,GRS1915+105,17
90701-01-29-01,GRS1915+105,17
90701-01-29-02,GRS1915+105,17
90701-01-30-00,GRS1915+105,17
90701-01-30-01,GRS1915+105,17
90105-03-02-00,GRS1915+105,17
90105-03-02-01,GRS1915+105,17
90105-03-02-02,GRS1915+105,17
90105-03-02-03,GRS1915+105,17
90105-03-02-04,GRS1915+105,17
90105-03-01-000,GRS1915+105,17
90105-03-01-00,GRS1915+105,17
90105-03-03-00,GRS1915+105,17
90105-03-03-01,GRS1915+105,17
90701-01-31-01,GRS1915+105,17
90701-01-31-00,GRS1915+105,17
90024-02-14-00,GRS1915+105,17
90701-01-32-00,GRS1915+105,17
90701-01-33-00,GRS1915+105,17
90701-01-34-00,GRS1915+105,17
90105-05-01-00,GRS1915+105,17
90105-05-02-00,GRS1915+105,17
90105-06-01-00,GRS1915+105,17
90105-06-02-00,GRS1915+105,17
90701-01-36-00,GRS1915+105,17
90701-01-36-01,GRS1915+105,17
90701-01-37-00,GRS1915+105,17
90701-01-38-00,GRS1915+105,17
90701-01-38-01,GRS1915+105,17
90701-01-39-00,GRS1915+105,17
90701-01-39-01,GRS1915+105,17
90701-01-40-00,GRS1915+105,17
70702-01-55-00,GRS1915+105,17
80701-01-47-00,GRS1915+105,17
90701-01-41-00,GRS1915+105,17
90701-01-42-00,GRS1915+105,17
80701-01-48-00,GRS1915+105,17
80701-01-48-01,GRS1915+105,17
80701-01-49-01,GRS1915+105,17
80701-01-49-00,GRS1915+105,17
90701-01-44-00,GRS1915+105,17
90701-01-46-00,GRS1915+105,17
90024-02-19-00,GRS1915+105,17
90701-01-47-00,GRS1915+105,17
80701-01-37-00,GRS1915+105,17
90701-01-48-00,GRS1915+105,17
90701-01-49-00,GRS1915+105,17
90701-01-50-01,GRS1915+105,17
91701-01-01-00,GRS1915+105,17
91701-01-01-01,GRS1915+105,17
90105-05-03-00,GRS1915+105,17
90105-05-03-01,GRS1915+105,17
90105-05-03-02,GRS1915+105,17
90105-05-03-03,GRS1915+105,17
90105-05-03-04,GRS1915+105,17
90105-05-03-05,GRS1915+105,17
91701-01-02-01,GRS1915+105,17
91701-01-02-02,GRS1915+105,17
91701-01-03-00,GRS1915+105,17
91701-01-03-01,GRS1915+105,17
91701-01-04-00,GRS1915+105,17
91701-01-06-00,GRS1915+105,17
90105-07-01-00,GRS1915+105,17
90105-07-02-00,GRS1915+105,17
90105-07-03-00,GRS1915+105,17
91701-01-08-00,GRS1915+105,17
91701-01-08-01,GRS1915+105,17
91102-01-01-00,GRS1915+105,17
91701-01-09-00,GRS1915+105,17
91412-01-01-00,GRS1915+105,17
91701-01-10-00,GRS1915+105,17
91701-01-10-01,GRS1915+105,17
90105-08-01-00,GRS1915+105,17
90105-08-02-00,GRS1915+105,17
90105-08-03-00,GRS1915+105,17
91701-01-11-00,GRS1915+105,17
91701-01-12-00,GRS1915+105,17
91701-01-12-01,GRS1915+105,17
91701-01-13-00,GRS1915+105,17
91701-01-14-00,GRS1915+105,17
91701-01-16-00,GRS1915+105,17
91701-01-17-00,GRS1915+105,17
91701-01-09-01,GRS1915+105,17
90024-02-30-00,GRS1915+105,17
91701-01-18-00,GRS1915+105,17
91701-01-19-00,GRS1915+105,17
91701-01-20-00,GRS1915+105,17
91701-01-21-00,GRS1915+105,17
91701-01-23-00,GRS1915+105,17
91701-01-23-01,GRS1915+105,17
91701-01-24-00,GRS1915+105,17
91701-01-25-00,GRS1915+105,17
91701-01-27-00,GRS1915+105,17
91701-01-28-00,GRS1915+105,17
91701-01-29-00,GRS1915+105,17
90105-04-01-00,GRS1915+105,17
90105-04-02-00,GRS1915+105,17
90105-04-03-00,GRS1915+105,17
90105-04-03-01,GRS1915+105,17
91701-01-31-00,GRS1915+105,17
90024-02-37-00,GRS1915+105,17
91701-01-32-01,GRS1915+105,17
91701-01-32-00,GRS1915+105,17
91701-01-33-01,GRS1915+105,17
90024-02-38-00,GRS1915+105,17
91701-01-33-00,GRS1915+105,17
91701-01-34-00,GRS1915+105,17
91701-01-34-01,GRS1915+105,17
91701-01-35-00,GRS1915+105,17
91701-01-36-00,GRS1915+105,17
90105-06-03-01,GRS1915+105,17
90105-06-03-00,GRS1915+105,17
90105-06-03-02,GRS1915+105,17
91701-01-38-00,GRS1915+105,17
91701-01-38-01,GRS1915+105,17
90024-02-40-00,GRS1915+105,17
91701-01-39-00,GRS1915+105,17
91701-01-39-01,GRS1915+105,17
92092-01-01-01,GRS1915+105,17
92092-01-01-00,GRS1915+105,17
92092-02-01-00G,GRS1915+105,17
92092-02-01-01,GRS1915+105,17
92092-03-01-00,GRS1915+105,17
91701-01-40-00,GRS1915+105,17
91701-01-41-00,GRS1915+105,17
91701-01-42-00,GRS1915+105,17
91701-01-42-01,GRS1915+105,17
91701-01-43-00,GRS1915+105,17
91701-01-44-00,GRS1915+105,17
91701-01-14-01,GRS1915+105,17
91701-01-46-00,GRS1915+105,17
91701-01-49-00,GRS1915+105,17
91701-01-50-00,GRS1915+105,17
91701-01-30-01,GRS1915+105,17
91701-01-22-00,GRS1915+105,17
92702-01-01-00,GRS1915+105,17
92702-01-01-01,GRS1915+105,17
92702-01-02-00,GRS1915+105,17
92702-01-02-01,GRS1915+105,17
92702-01-03-00,GRS1915+105,17
92702-01-05-00,GRS1915+105,17
92082-03-01-00,GRS1915+105,17
92702-01-06-00,GRS1915+105,17
92702-01-07-00,GRS1915+105,17
92702-01-07-01,GRS1915+105,17
92702-01-08-00,GRS1915+105,17
92702-01-08-01,GRS1915+105,17
92702-01-08-02,GRS1915+105,17
90105-02-04-00,GRS1915+105,17
92702-01-09-00,GRS1915+105,17
92702-01-10-00,GRS1915+105,17
92702-01-11-00,GRS1915+105,17
92702-01-13-00,GRS1915+105,17
92702-01-14-01,GRS1915+105,17
92702-01-15-00,GRS1915+105,17
92702-01-15-01,GRS1915+105,17
92702-01-15-02,GRS1915+105,17
92702-01-16-00,GRS1915+105,17
92702-01-16-01,GRS1915+105,17
92702-01-16-02,GRS1915+105,17
92702-01-17-00,GRS1915+105,17
92702-01-18-00,GRS1915+105,17
92702-01-18-01,GRS1915+105,17
92702-01-19-00,GRS1915+105,17
92702-01-20-00,GRS1915+105,17
92702-01-21-00,GRS1915+105,17
92702-01-22-01,GRS1915+105,17
92702-01-22-00,GRS1915+105,17
92702-01-23-00,GRS1915+105,17
92702-01-23-01,GRS1915+105,17
92702-01-24-00,GRS1915+105,17
92702-01-24-01,GRS1915+105,17
92702-01-25-01,GRS1915+105,17
92702-01-25-00,GRS1915+105,17
92702-01-04-00,GRS1915+105,17
90105-02-07-00,GRS1915+105,17
92702-01-26-01,GRS1915+105,17
92702-01-26-00,GRS1915+105,17
90105-02-05-00,GRS1915+105,17
92702-01-27-00,GRS1915+105,17
92702-01-27-01,GRS1915+105,17
92702-01-27-02,GRS1915+105,17
90105-02-06-00,GRS1915+105,17
92702-01-28-02,GRS1915+105,17
92702-01-28-01,GRS1915+105,17
92702-01-28-00,GRS1915+105,17
92702-01-05-01,GRS1915+105,17
92702-01-29-00,GRS1915+105,17
90105-09-01-00,GRS1915+105,17
92702-01-30-00,GRS1915+105,17
90105-09-02-00,GRS1915+105,17
80701-01-04-01,GRS1915+105,17
80701-01-04-00,GRS1915+105,17
80701-01-08-00,GRS1915+105,17
90105-09-03-00,GRS1915+105,17
80701-01-10-00,GRS1915+105,17
90105-09-03-01,GRS1915+105,17
80701-01-13-00,GRS1915+105,17
80701-01-13-03,GRS1915+105,17
80701-01-13-01,GRS1915+105,17
90105-09-04-00,GRS1915+105,17
80701-01-19-00,GRS1915+105,17
80701-01-19-01,GRS1915+105,17
80701-01-19-02,GRS1915+105,17
80701-01-19-03,GRS1915+105,17
90105-09-05-00,GRS1915+105,17
80701-01-23-00,GRS1915+105,17
80701-01-23-01,GRS1915+105,17
80701-01-23-02,GRS1915+105,17
80701-01-26-00,GRS1915+105,17
80701-01-32-00,GRS1915+105,17
80701-01-51-00,GRS1915+105,17
80701-01-53-00,GRS1915+105,17
80701-01-53-01,GRS1915+105,17
80701-01-54-00,GRS1915+105,17
80701-01-54-02,GRS1915+105,17
80701-01-54-01,GRS1915+105,17
80701-01-55-00,GRS1915+105,17
80701-01-55-01,GRS1915+105,17
80701-01-55-02,GRS1915+105,17
80701-01-56-00,GRS1915+105,17
80701-01-57-00,GRS1915+105,17
80701-01-58-00,GRS1915+105,17
80701-01-58-02,GRS1915+105,17
80701-01-58-01,GRS1915+105,17
80701-01-59-00,GRS1915+105,17
80701-01-60-00,GRS1915+105,17
80701-01-61-00,GRS1915+105,17
80701-01-61-01,GRS1915+105,17
80701-01-61-02,GRS1915+105,17
80701-01-62-00,GRS1915+105,17
80701-01-62-01,GRS1915+105,17
80701-01-62-02,GRS1915+105,17
91701-01-05-01,GRS1915+105,17
91701-01-05-02,GRS1915+105,17
91701-01-05-03,GRS1915+105,17
91701-01-05-00,GRS1915+105,17
90105-09-06-00,GRS1915+105,17
90105-09-07-00,GRS1915+105,17
91701-01-15-00,GRS1915+105,17
90105-09-08-01,GRS1915+105,17
90105-09-08-00,GRS1915+105,17
91701-01-48-00,GRS1915+105,17
90105-10-01-00,GRS1915+105,17
91701-01-51-00,GRS1915+105,17
91701-01-52-00,GRS1915+105,17
91701-01-52-01,GRS1915+105,17
91701-01-52-02,GRS1915+105,17
90105-10-03-00,GRS1915+105,17
91701-01-53-00,GRS1915+105,17
91701-01-53-01,GRS1915+105,17
91701-01-53-02,GRS1915+105,17
91701-01-53-03,GRS1915+105,17
90105-10-04-00,GRS1915+105,17
91701-01-54-00,GRS1915+105,17
91701-01-54-01,GRS1915+105,17
90105-10-05-00,GRS1915+105,17
91701-01-55-00,GRS1915+105,17
90105-10-06-00,GRS1915+105,17
92437-01-01-00,GRS1915+105,17
91701-01-56-00,GRS1915+105,17
90105-10-07-00,GRS1915+105,17
91701-01-57-02,GRS1915+105,17
91701-01-59-01,GRS1915+105,17
91701-01-60-00,GRS1915+105,17
91701-01-60-01,GRS1915+105,17
91701-01-60-02,GRS1915+105,17
91701-01-62-00,GRS1915+105,17
91701-01-63-00,GRS1915+105,17
93701-01-01-00,GRS1915+105,17
93701-01-03-00,GRS1915+105,17
93701-01-04-00,GRS1915+105,17
93701-01-04-01,GRS1915+105,17
93701-01-05-01,GRS1915+105,17
93701-01-06-00,GRS1915+105,17
93411-01-01-01,GRS1915+105,17
93411-01-01-00,GRS1915+105,17
93701-01-07-01,GRS1915+105,17
93701-01-08-00,GRS1915+105,17
93701-01-10-00,GRS1915+105,17
93701-01-10-01,GRS1915+105,17
93701-01-11-02,GRS1915+105,17
93701-01-11-00,GRS1915+105,17
93701-01-11-01,GRS1915+105,17
90105-10-08-00,GRS1915+105,17
90105-10-09-00,GRS1915+105,17
93701-01-12-00,GRS1915+105,17
93701-01-13-00,GRS1915+105,17
93411-01-02-00,GRS1915+105,17
93411-01-02-01,GRS1915+105,17
93411-01-02-02,GRS1915+105,17
93411-01-03-00,GRS1915+105,17
93411-01-03-02,GRS1915+105,17
93411-01-03-03,GRS1915+105,17
93411-01-03-04,GRS1915+105,17
93701-01-14-00,GRS1915+105,17
93701-01-15-00,GRS1915+105,17
93701-01-17-01,GRS1915+105,17
93701-01-17-00,GRS1915+105,17
93701-01-18-00,GRS1915+105,17
93701-01-18-01,GRS1915+105,17
93701-01-19-00,GRS1915+105,17
93701-01-19-01,GRS1915+105,17
93701-01-20-01,GRS1915+105,17
93701-01-20-00,GRS1915+105,17
93701-01-21-00,GRS1915+105,17
93701-01-22-00,GRS1915+105,17
93701-01-23-00,GRS1915+105,17
93701-01-25-00,GRS1915+105,17
93701-01-25-01,GRS1915+105,17
93701-01-26-01,GRS1915+105,17
93701-01-26-00,GRS1915+105,17
93701-01-27-00,GRS1915+105,17
93701-01-27-01,GRS1915+105,17
93701-01-28-00,GRS1915+105,17
93701-01-29-00,GRS1915+105,17
93701-01-30-00,GRS1915+105,17
93701-01-31-00,GRS1915+105,17
93701-01-32-00,GRS1915+105,17
93701-01-32-01,GRS1915+105,17
93701-01-34-00,GRS1915+105,17
93701-01-34-01,GRS1915+105,17
93701-01-35-00,GRS1915+105,17
93701-01-36-00,GRS1915+105,17
93701-01-37-00,GRS1915+105,17
93701-01-38-00,GRS1915+105,17
93701-01-40-00,GRS1915+105,17
93701-01-41-00,GRS1915+105,17
93701-01-42-00,GRS1915+105,17
93701-01-43-00,GRS1915+105,17
93701-01-44-00,GRS1915+105,17
92702-01-31-00,GRS1915+105,17
92702-01-32-00,GRS1915+105,17
92702-01-33-00,GRS1915+105,17
91701-01-64-00,GRS1915+105,17
91701-01-64-01,GRS1915+105,17
91701-01-65-00,GRS1915+105,17
91701-01-65-01,GRS1915+105,17
91701-01-66-00,GRS1915+105,17
91701-01-67-00,GRS1915+105,17
91701-01-68-00,GRS1915+105,17
91701-01-70-00,GRS1915+105,17
91701-01-70-01,GRS1915+105,17
91701-01-71-00,GRS1915+105,17
91701-01-71-01,GRS1915+105,17
91701-01-72-00,GRS1915+105,17
91701-01-73-00,GRS1915+105,17
91701-01-74-00,GRS1915+105,17
91701-01-75-00,GRS1915+105,17
91701-01-77-00,GRS1915+105,17
91701-01-78-00,GRS1915+105,17
91701-01-79-00,GRS1915+105,17
91701-01-79-01,GRS1915+105,17
91701-01-80-00,GRS1915+105,17
91701-01-81-00G,GRS1915+105,17
91701-01-81-01,GRS1915+105,17
91701-01-82-01,GRS1915+105,17
91701-01-82-00,GRS1915+105,17
91701-01-83-00,GRS1915+105,17
91701-01-84-01,GRS1915+105,17
91701-01-85-00,GRS1915+105,17
91701-01-85-01,GRS1915+105,17
91701-01-86-00,GRS1915+105,17
94701-01-54-00,GRS1915+105,17
94701-01-55-01,GRS1915+105,17
94701-01-55-00,GRS1915+105,17
94701-01-56-00,GRS1915+105,17
94701-01-57-00,GRS1915+105,17
94701-01-57-01,GRS1915+105,17
94701-01-58-00,GRS1915+105,17
94701-01-59-01,GRS1915+105,17
94701-01-59-00,GRS1915+105,17
94701-01-60-00,GRS1915+105,17
94701-01-61-01,GRS1915+105,17
94701-01-61-00,GRS1915+105,17
94701-01-01-01,GRS1915+105,17
94701-01-01-00,GRS1915+105,17
94410-01-01-00,GRS1915+105,17
94701-01-02-00,GRS1915+105,17
94701-01-04-00,GRS1915+105,17
94701-01-04-01,GRS1915+105,17
94701-01-05-02,GRS1915+105,17
94701-01-05-00,GRS1915+105,17
94701-01-06-00,GRS1915+105,17
94701-01-06-01,GRS1915+105,17
94701-01-07-00,GRS1915+105,17
94701-01-08-00,GRS1915+105,17
94701-01-09-00,GRS1915+105,17
94701-01-10-00,GRS1915+105,17
94701-01-11-00,GRS1915+105,17
94701-01-12-00,GRS1915+105,17
94701-01-12-01,GRS1915+105,17
94701-01-13-00,GRS1915+105,17
94701-01-16-00,GRS1915+105,17
94701-01-17-00,GRS1915+105,17
94701-01-18-00,GRS1915+105,17
94701-01-19-00,GRS1915+105,17
94701-01-20-00,GRS1915+105,17
94701-01-21-00,GRS1915+105,17
94701-01-23-00,GRS1915+105,17
94701-01-24-00,GRS1915+105,17
94701-01-25-00,GRS1915+105,17
94701-01-26-00,GRS1915+105,17
94701-01-27-00,GRS1915+105,17
94701-01-28-00,GRS1915+105,17
94701-01-30-00,GRS1915+105,17
94701-01-31-00,GRS1915+105,17
94701-01-32-00,GRS1915+105,17
94701-01-33-00,GRS1915+105,17
94701-01-34-00,GRS1915+105,17
94701-01-35-00,GRS1915+105,17
94701-01-36-00,GRS1915+105,17
94701-01-41-00,GRS1915+105,17
94701-01-42-00,GRS1915+105,17
94701-01-43-00,GRS1915+105,17
94701-01-47-00,GRS1915+105,17
94701-01-48-00,GRS1915+105,17
94701-01-49-00,GRS1915+105,17
94701-01-51-00,GRS1915+105,17
94701-01-52-00,GRS1915+105,17
94701-01-53-00,GRS1915+105,17
95701-01-01-00,GRS1915+105,17
95701-01-02-00,GRS1915+105,17
95701-01-03-01,GRS1915+105,17
95701-01-03-00,GRS1915+105,17
95701-01-05-00,GRS1915+105,17
95701-01-06-00,GRS1915+105,17
95701-01-07-00,GRS1915+105,17
95701-01-08-01,GRS1915+105,17
95701-01-09-00,GRS1915+105,17
95701-01-09-01,GRS1915+105,17
95701-01-11-01,GRS1915+105,17
95701-01-11-00,GRS1915+105,17
95701-01-12-00,GRS1915+105,17
95701-01-13-00,GRS1915+105,17
95701-01-16-00,GRS1915+105,17
95701-01-17-01,GRS1915+105,17
95701-01-18-00,GRS1915+105,17
95701-01-19-00,GRS1915+105,17
95701-01-20-00,GRS1915+105,17
95701-01-21-00,GRS1915+105,17
95701-01-23-00,GRS1915+105,17
95701-01-23-01,GRS1915+105,17
95701-01-24-00,GRS1915+105,17
95701-01-25-00,GRS1915+105,17
95701-01-25-01,GRS1915+105,17
95701-01-26-00,GRS1915+105,17
95701-01-27-00,GRS1915+105,17
95701-01-28-00,GRS1915+105,17
95701-01-29-00,GRS1915+105,17
95701-01-30-00,GRS1915+105,17
95701-01-31-00,GRS1915+105,17
95701-01-32-00,GRS1915+105,17
95701-01-33-01,GRS1915+105,17
95701-01-33-00,GRS1915+105,17
95701-01-35-00,GRS1915+105,17
95701-01-36-00,GRS1915+105,17
95701-01-37-00,GRS1915+105,17
95701-01-38-00,GRS1915+105,17
95701-01-39-00,GRS1915+105,17
95701-01-40-00,GRS1915+105,17
95701-01-41-00,GRS1915+105,17
95701-01-42-00,GRS1915+105,17
95701-01-43-00,GRS1915+105,17
95701-01-44-00,GRS1915+105,17
95701-01-45-00,GRS1915+105,17
95701-01-45-01,GRS1915+105,17
95701-01-46-00,GRS1915+105,17
95701-01-47-00,GRS1915+105,17
95701-01-48-00,GRS1915+105,17
95701-01-49-00,GRS1915+105,17
95701-01-50-00,GRS1915+105,17
95701-01-51-00,GRS1915+105,17
95701-01-52-00,GRS1915+105,17
95701-01-52-01,GRS1915+105,17
96701-01-01-00,GRS1915+105,17
96701-01-01-01,GRS1915+105,17
96701-01-02-01,GRS1915+105,17
96701-01-02-00,GRS1915+105,17
96701-01-03-01,GRS1915+105,17
96701-01-03-00,GRS1915+105,17
96701-01-04-00,GRS1915+105,17
96701-01-05-00,GRS1915+105,17
96701-01-06-00,GRS1915+105,17
96701-01-07-00,GRS1915+105,17
96701-01-07-01,GRS1915+105,17
96701-01-08-00,GRS1915+105,17
96701-01-08-01,GRS1915+105,17
96701-01-09-00,GRS1915+105,17
96701-01-10-00,GRS1915+105,17
96701-01-10-01,GRS1915+105,17
96701-01-11-00,GRS1915+105,17
96701-01-12-00,GRS1915+105,17
96701-01-13-00,GRS1915+105,17
96701-01-14-00,GRS1915+105,17
96701-01-15-00,GRS1915+105,17
96701-01-15-01,GRS1915+105,17
96701-01-16-00,GRS1915+105,17
96701-01-16-01,GRS1915+105,17
96701-01-17-00,GRS1915+105,17
96701-01-17-01,GRS1915+105,17
96701-01-18-00,GRS1915+105,17
96701-01-19-00,GRS1915+105,17
96701-01-20-00,GRS1915+105,17
96701-01-21-00,GRS1915+105,17
96701-01-22-00,GRS1915+105,17
96701-01-23-00,GRS1915+105,17
96701-01-23-01,GRS1915+105,17
96701-01-24-00,GRS1915+105,17
96701-01-24-01,GRS1915+105,17
96378-01-01-00,GRS1915+105,17
96378-01-01-02,GRS1915+105,17
96378-01-01-010,GRS1915+105,17
96378-01-01-01,GRS1915+105,17
96378-01-01-03,GRS1915+105,17
96701-01-26-00,GRS1915+105,17
96701-01-27-00,GRS1915+105,17
96701-01-28-00,GRS1915+105,17
96701-01-29-00,GRS1915+105,17
96701-01-30-00,GRS1915+105,17
96701-01-31-00,GRS1915+105,17
96701-01-32-00,GRS1915+105,17
96701-01-34-00,GRS1915+105,17
96701-01-35-00,GRS1915+105,17
96701-01-36-00,GRS1915+105,17
96701-01-37-00,GRS1915+105,17
96701-01-38-00,GRS1915+105,17
96701-01-39-00,GRS1915+105,17
96701-01-40-00,GRS1915+105,17
96701-01-41-00,GRS1915+105,17
96701-01-44-00,GRS1915+105,17
96701-01-43-01,GRS1915+105,17
96701-01-45-00,GRS1915+105,17
96701-01-45-01,GRS1915+105,17
96701-01-46-00,GRS1915+105,17
96701-01-47-00,GRS1915+105,17
96701-01-48-00,GRS1915+105,17
96701-01-49-00,GRS1915+105,17
96701-01-50-00,GRS1915+105,17
96701-01-50-01,GRS1915+105,17
96701-01-25-00,GRS1915+105,17
96701-01-51-00,GRS1915+105,17
96701-01-51-01,GRS1915+105,17
96701-01-52-00,GRS1915+105,17
96701-01-52-01,GRS1915+105,17
96701-01-33-00,GRS1915+105,17
50035-01-01-00,GS1826-238,18
50035-01-01-02,GS1826-238,18
50035-01-01-03,GS1826-238,18
50035-01-01-01,GS1826-238,18
50035-01-02-01,GS1826-238,18
50035-01-02-05,GS1826-238,18
50035-01-02-00,GS1826-238,18
50035-01-02-06,GS1826-238,18
50035-01-02-02,GS1826-238,18
50035-01-02-03,GS1826-238,18
50035-01-01-05,GS1826-238,18
50035-01-02-04,GS1826-238,18
50035-01-01-04,GS1826-238,18
50035-01-03-01,GS1826-238,18
50035-01-03-02,GS1826-238,18
50035-01-03-00,GS1826-238,18
50035-01-03-03,GS1826-238,18
50035-01-03-04,GS1826-238,18
50035-01-03-05,GS1826-238,18
50035-01-03-06,GS1826-238,18
50035-01-03-07,GS1826-238,18
50035-01-03-11,GS1826-238,18
50035-01-03-120,GS1826-238,18
50035-01-03-12,GS1826-238,18
50035-01-03-08,GS1826-238,18
50035-01-03-090,GS1826-238,18
50035-01-03-09,GS1826-238,18
50035-01-03-10,GS1826-238,18
70044-01-01-000,GS1826-238,18
70044-01-01-00,GS1826-238,18
70044-01-01-05,GS1826-238,18
70044-01-01-01,GS1826-238,18
70044-01-01-02,GS1826-238,18
70025-01-01-00,GS1826-238,18
80048-01-01-02,GS1826-238,18
80048-01-01-17,GS1826-238,18
80048-01-01-11,GS1826-238,18
80048-01-01-09,GS1826-238,18
80048-01-01-10,GS1826-238,18
80048-01-01-00,GS1826-238,18
80048-01-01-010,GS1826-238,18
80048-01-01-01,GS1826-238,18
80048-01-01-12,GS1826-238,18
80048-01-01-13,GS1826-238,18
80048-01-01-03,GS1826-238,18
80048-01-01-14,GS1826-238,18
80048-01-01-05,GS1826-238,18
80048-01-01-06,GS1826-238,18
80048-01-01-04,GS1826-238,18
80048-01-01-07,GS1826-238,18
80049-01-01-00,GS1826-238,18
80049-01-03-00,GS1826-238,18
80049-01-03-01,GS1826-238,18
80049-01-03-02,GS1826-238,18
80049-01-03-03,GS1826-238,18
80105-11-01-00,GS1826-238,18
80049-01-02-00,GS1826-238,18
80049-01-04-00,GS1826-238,18
70044-01-02-00,GS1826-238,18
70044-01-02-01,GS1826-238,18
70044-01-02-02,GS1826-238,18
90043-01-01-020,GS1826-238,18
90043-01-01-02,GS1826-238,18
70044-01-02-03,GS1826-238,18
90043-01-01-01,GS1826-238,18
90043-01-01-03,GS1826-238,18
70044-01-03-00,GS1826-238,18
92703-01-01-01,GS1826-238,18
92703-01-02-01,GS1826-238,18
92703-01-02-02,GS1826-238,18
92703-01-02-03,GS1826-238,18
92703-01-03-01,GS1826-238,18
92703-01-03-00,GS1826-238,18
92703-01-03-03,GS1826-238,18
92703-01-03-02,GS1826-238,18
92703-01-04-00,GS1826-238,18
92703-01-04-01,GS1826-238,18
92703-01-04-02,GS1826-238,18
90043-01-02-01,GS1826-238,18
90043-01-02-02,GS1826-238,18
90043-01-02-03,GS1826-238,18
90043-01-02-000,GS1826-238,18
90043-01-02-001,GS1826-238,18
90043-01-02-00,GS1826-238,18
90043-01-03-000,GS1826-238,18
90043-01-03-00,GS1826-238,18
70044-01-04-00,GS1826-238,18
90043-01-03-01,GS1826-238,18
91017-01-01-02,GS1826-238,18
91017-01-01-01,GS1826-238,18
91017-01-01-05,GS1826-238,18
91017-01-01-000,GS1826-238,18
91017-01-01-00,GS1826-238,18
91017-01-02-17,GS1826-238,18
91017-01-02-05,GS1826-238,18
91017-01-02-04,GS1826-238,18
91017-01-02-03,GS1826-238,18
91017-01-02-00,GS1826-238,18
91017-01-02-11,GS1826-238,18
91017-01-02-12,GS1826-238,18
91017-01-02-13,GS1826-238,18
91017-01-02-14,GS1826-238,18
91017-01-02-010,GS1826-238,18
91017-01-02-01,GS1826-238,18
91017-01-02-07,GS1826-238,18
91017-01-02-06,GS1826-238,18
91017-01-02-08,GS1826-238,18
91017-01-02-09,GS1826-238,18
91017-01-02-10,GS1826-238,18
94438-01-01-00,GS1826-238,18
96306-01-01-000,GS1826-238,18
96306-01-01-00,GS1826-238,18
96306-01-01-01,GS1826-238,18
96306-01-01-020,GS1826-238,18
96306-01-01-02,GS1826-238,18
96306-01-01-030,GS1826-238,18
96306-01-01-03,GS1826-238,18
96306-01-01-04,GS1826-238,18
70023-01-01-01,GX17+2,19
70023-01-01-03,GX17+2,19
70023-01-01-00,GX17+2,19
70023-01-02-00,GX17+2,19
70023-01-02-01,GX17+2,19
70023-01-03-00,GX17+2,19
70023-01-03-01,GX17+2,19
80022-01-01-07,GX17+2,19
80022-01-01-09,GX17+2,19
80022-01-01-10,GX17+2,19
80022-01-01-11,GX17+2,19
80022-01-01-00,GX17+2,19
80022-01-01-12,GX17+2,19
80022-01-01-14,GX17+2,19
80022-01-01-15,GX17+2,19
80022-01-01-05,GX17+2,19
80022-01-01-16,GX17+2,19
80022-01-01-03,GX17+2,19
80022-01-01-04,GX17+2,19
80022-01-01-02,GX17+2,19
80022-01-01-08,GX17+2,19
80022-01-01-01,GX17+2,19
80022-01-02-00,GX17+2,19
80022-01-02-01,GX17+2,19
80022-01-02-02,GX17+2,19
80022-01-03-01,GX17+2,19
80022-01-03-03,GX17+2,19
80022-01-03-04,GX17+2,19
80022-01-03-05,GX17+2,19
80022-01-03-08,GX17+2,19
80022-01-03-06,GX17+2,19
80022-01-03-10,GX17+2,19
80022-01-04-00,GX17+2,19
80022-01-05-00,GX17+2,19
90022-07-02-00,GX17+2,19
90022-07-03-00,GX17+2,19
90022-07-04-01,GX17+2,19
90022-07-04-02,GX17+2,19
90022-07-04-00,GX17+2,19
90022-07-05-00,GX17+2,19
90022-07-05-01,GX17+2,19
90022-07-05-03,GX17+2,19
90022-07-05-02,GX17+2,19
91152-02-01-00,GX17+2,19
92042-01-01-00,GX17+2,19
92042-01-02-00G,GX17+2,19
92042-01-03-00,GX17+2,19
92042-01-03-01,GX17+2,19
92042-01-03-02,GX17+2,19
92042-01-04-00,GX17+2,19
92042-01-05-00,GX17+2,19
92042-01-05-01,GX17+2,19
92042-01-05-02,GX17+2,19
92042-01-05-03,GX17+2,19
91152-02-02-00,GX17+2,19
93406-11-01-00,GX17+2,19
90022-07-06-00,GX17+2,19
90022-07-06-01,GX17+2,19
90022-07-07-00,GX17+2,19
93439-01-01-00,GX17+2,19
93439-01-02-00,GX17+2,19
93439-01-03-00,GX17+2,19
93439-01-04-00,GX17+2,19
93439-01-05-00,GX17+2,19
93439-01-05-01,GX17+2,19
93439-01-05-02,GX17+2,19
93439-01-06-00,GX17+2,19
93071-03-02-00,GX17+2,19
95318-01-01-00,GX17+2,19
95318-01-01-01,GX17+2,19
95318-01-02-00,GX17+2,19
95318-01-02-02,GX17+2,19
95318-01-02-01,GX17+2,19
95338-03-01-00,GX17+2,19
95338-03-01-01,GX17+2,19
96332-15-01-00,GX17+2,19
96310-01-01-010,GX17+2,19
96310-01-01-01,GX17+2,19
96310-01-01-06,GX17+2,19
96310-01-01-07,GX17+2,19
96310-01-01-03,GX17+2,19
96310-01-01-000,GX17+2,19
96310-01-01-00,GX17+2,19
96310-01-01-08,GX17+2,19
96310-01-01-12,GX17+2,19
96310-01-01-02,GX17+2,19
96310-01-02-02,GX17+2,19
96310-01-02-03,GX17+2,19
96310-01-02-000,GX17+2,19
96310-01-02-00,GX17+2,19
60022-01-01-00,GX3+1,20
60022-01-01-01,GX3+1,20
60022-01-01-02,GX3+1,20
60022-01-01-03,GX3+1,20
60022-01-02-00,GX3+1,20
60022-01-02-01,GX3+1,20
60022-01-01-04,GX3+1,20
60022-01-01-05,GX3+1,20
60022-01-01-06,GX3+1,20
60022-01-03-00,GX3+1,20
60022-01-03-01,GX3+1,20
60022-01-03-02,GX3+1,20
60022-01-04-03,GX3+1,20
60022-01-04-00,GX3+1,20
60022-01-04-02,GX3+1,20
60022-01-01-07,GX3+1,20
60022-01-03-03,GX3+1,20
60022-01-04-04,GX3+1,20
60022-01-03-04,GX3+1,20
60022-01-04-01,GX3+1,20
60022-01-05-01,GX3+1,20
60022-01-05-00,GX3+1,20
60022-01-06-01,GX3+1,20
60022-01-06-03,GX3+1,20
60022-01-06-04,GX3+1,20
60022-01-06-05,GX3+1,20
60022-01-06-06,GX3+1,20
60022-01-06-07,GX3+1,20
60022-01-06-00,GX3+1,20
60022-01-06-09,GX3+1,20
60022-01-06-08,GX3+1,20
60022-01-06-10,GX3+1,20
60022-01-06-11,GX3+1,20
60022-01-06-12,GX3+1,20
60022-01-06-13,GX3+1,20
60022-01-07-00,GX3+1,20
60022-01-07-01,GX3+1,20
60022-01-07-02,GX3+1,20
60022-01-07-04,GX3+1,20
60022-01-07-03,GX3+1,20
60022-01-08-04,GX3+1,20
60022-01-08-00,GX3+1,20
60022-01-08-01,GX3+1,20
60022-01-08-03,GX3+1,20
60022-01-09-000,GX3+1,20
60022-01-09-00,GX3+1,20
60022-01-10-01,GX3+1,20
60022-01-10-02,GX3+1,20
60022-01-10-00,GX3+1,20
60022-01-10-03,GX3+1,20
60022-01-10-04,GX3+1,20
60022-01-11-00,GX3+1,20
60022-01-11-01,GX3+1,20
60022-01-11-03,GX3+1,20
60022-01-11-02,GX3+1,20
60022-01-12-00,GX3+1,20
60022-01-13-00,GX3+1,20
60022-01-13-01,GX3+1,20
80105-03-01-00,GX3+1,20
90022-05-01-00,GX3+1,20
90022-05-01-01,GX3+1,20
90022-05-03-00,GX3+1,20
90022-05-04-00,GX3+1,20
90022-05-04-01,GX3+1,20
90022-05-05-00,GX3+1,20
90022-05-06-00,GX3+1,20
90022-05-06-01,GX3+1,20
90022-05-06-02,GX3+1,20
90022-05-06-03,GX3+1,20
90022-05-07-00,GX3+1,20
90022-05-07-01,GX3+1,20
94307-05-01-000,GX3+1,20
94307-05-01-00,GX3+1,20
94307-05-01-01,GX3+1,20
94307-05-01-02,GX3+1,20
70109-01-02-00,GX339-4,21
70109-01-01-00,GX339-4,21
70109-01-03-00,GX339-4,21
70110-01-03-00,GX339-4,21
70110-01-04-00,GX339-4,21
40031-03-01-00,GX339-4,21
40031-03-02-00,GX339-4,21
40031-03-02-01,GX339-4,21
40031-03-02-04,GX339-4,21
70109-01-04-00,GX339-4,21
40031-03-02-05,GX339-4,21
70109-01-05-01G,GX339-4,21
70109-01-05-00,GX339-4,21
70109-01-05-02,GX339-4,21
70110-01-08-00,GX339-4,21
70110-01-09-00,GX339-4,21
70109-01-06-00,GX339-4,21
70108-03-01-00,GX339-4,21
70110-01-10-00,GX339-4,21
70109-04-01-00,GX339-4,21
70109-04-01-01,GX339-4,21
70110-01-12-00,GX339-4,21
70109-01-07-00,GX339-4,21
40031-03-03-03,GX339-4,21
40031-03-03-04,GX339-4,21
70108-03-02-00,GX339-4,21
70109-01-08-00G,GX339-4,21
70109-01-09-00,GX339-4,21
70109-01-09-01,GX339-4,21
70109-01-09-02,GX339-4,21
70110-01-19-00,GX339-4,21
70109-01-10-00,GX339-4,21
70109-01-10-02,GX339-4,21
70108-03-03-00,GX339-4,21
70109-03-01-00,GX339-4,21
70109-03-01-01,GX339-4,21
70109-03-01-02,GX339-4,21
70109-01-12-00,GX339-4,21
70109-01-13-00,GX339-4,21
70109-01-15-00,GX339-4,21
70109-01-16-00,GX339-4,21
70109-01-17-00,GX339-4,21
70109-01-18-00,GX339-4,21
70109-01-19-00,GX339-4,21
70110-01-38-00,GX339-4,21
70110-01-39-00,GX339-4,21
70109-01-20-00,GX339-4,21
70109-01-20-01,GX339-4,21
70109-01-21-00,GX339-4,21
70130-01-01-00,GX339-4,21
70109-01-22-00,GX339-4,21
70110-01-45-00,GX339-4,21
70109-01-23-00,GX339-4,21
70110-01-47-00,GX339-4,21
70109-01-24-00,GX339-4,21
70109-01-25-00,GX339-4,21
70130-01-02-00,GX339-4,21
70109-01-11-00,GX339-4,21
70109-01-14-00,GX339-4,21
70110-01-54-00,GX339-4,21
70109-01-26-00,GX339-4,21
70109-01-11-02,GX339-4,21
70109-01-27-00,GX339-4,21
70109-01-28-00,GX339-4,21
70109-01-29-00G,GX339-4,21
70109-01-30-00,GX339-4,21
70109-01-31-00,GX339-4,21
70109-01-32-00,GX339-4,21
70109-01-33-00,GX339-4,21
70109-01-34-00,GX339-4,21
70109-01-35-01,GX339-4,21
70109-01-35-00,GX339-4,21
70110-01-83-00,GX339-4,21
70109-01-36-00,GX339-4,21
70109-01-36-02,GX339-4,21
70111-01-01-000,GX339-4,21
70111-01-01-00,GX339-4,21
70128-02-01-01,GX339-4,21
70109-01-37-00,GX339-4,21
70128-02-02-00,GX339-4,21
70110-01-87-00,GX339-4,21
50117-01-03-01,GX339-4,21
50117-01-03-00,GX339-4,21
70109-02-01-00,GX339-4,21
70109-02-01-01,GX339-4,21
60705-01-56-00,GX339-4,21
70110-01-90-00,GX339-4,21
70109-02-02-00,GX339-4,21
50117-01-04-00,GX339-4,21
60705-01-57-00,GX339-4,21
70110-01-92-00,GX339-4,21
50117-01-04-01,GX339-4,21
50117-01-04-02,GX339-4,21
60705-01-59-00,GX339-4,21
80116-02-01-00,GX339-4,21
80116-02-01-01G,GX339-4,21
80116-02-01-02,GX339-4,21
80116-02-02-00,GX339-4,21
80116-02-02-01,GX339-4,21
70128-02-03-00,GX339-4,21
70128-02-03-01,GX339-4,21
80116-02-02-02G,GX339-4,21
60705-01-61-00,GX339-4,21
60705-01-62-00,GX339-4,21
60705-01-63-00,GX339-4,21
60705-01-64-00,GX339-4,21
80102-04-56-00,GX339-4,21
80132-01-01-00,GX339-4,21
80102-04-57-00,GX339-4,21
80132-01-02-00,GX339-4,21
80132-01-03-00,GX339-4,21
80132-01-04-00,GX339-4,21
80132-01-05-00,GX339-4,21
80132-01-05-01,GX339-4,21
80132-01-06-00,GX339-4,21
80132-01-06-01,GX339-4,21
80132-01-07-01,GX339-4,21
90109-01-01-00,GX339-4,21
80132-01-07-00,GX339-4,21
80132-01-08-00,GX339-4,21
80132-01-08-01,GX339-4,21
80132-01-08-02,GX339-4,21
80132-01-09-00,GX339-4,21
80132-01-09-01,GX339-4,21
80132-01-09-03,GX339-4,21
80132-01-10-00,GX339-4,21
80132-01-11-01,GX339-4,21
80132-01-11-02,GX339-4,21
80132-01-12-00,GX339-4,21
80132-01-12-01,GX339-4,21
80132-01-13-00,GX339-4,21
80132-01-13-01,GX339-4,21
90118-01-01-00,GX339-4,21
90118-01-02-00,GX339-4,21
80132-01-14-00,GX339-4,21
90118-01-03-00,GX339-4,21
90118-01-04-00,GX339-4,21
90118-01-05-00,GX339-4,21
90118-01-06-00,GX339-4,21
90118-01-07-00,GX339-4,21
80132-01-15-00,GX339-4,21
80102-04-66-00,GX339-4,21
80132-01-15-02,GX339-4,21
80132-01-15-03,GX339-4,21
80132-01-15-01,GX339-4,21
80132-01-16-00,GX339-4,21
80132-01-16-01,GX339-4,21
80132-01-17-00,GX339-4,21
80132-01-17-01,GX339-4,21
80132-01-18-00,GX339-4,21
80102-04-68-00,GX339-4,21
80132-01-18-01,GX339-4,21
80132-01-18-02,GX339-4,21
80132-01-19-01,GX339-4,21
80132-01-19-05,GX339-4,21
80132-01-19-02,GX339-4,21
80132-01-21-00,GX339-4,21
80132-01-21-01,GX339-4,21
80132-01-21-02,GX339-4,21
80132-01-21-03,GX339-4,21
90019-01-01-00,GX339-4,21
90019-01-02-00,GX339-4,21
80132-01-22-00,GX339-4,21
80132-01-22-01,GX339-4,21
80132-01-22-02,GX339-4,21
80132-01-23-00,GX339-4,21
80132-01-23-01,GX339-4,21
80132-01-23-02,GX339-4,21
80132-01-23-03,GX339-4,21
90019-01-03-00,GX339-4,21
90019-01-03-01,GX339-4,21
80102-04-81-00G,GX339-4,21
90019-01-03-02G,GX339-4,21
90019-01-04-00,GX339-4,21
80102-04-86-00,GX339-4,21
80102-04-95-00,GX339-4,21
90418-01-01-01,GX339-4,21
90418-01-01-02,GX339-4,21
90418-01-01-03,GX339-4,21
60705-01-67-01,GX339-4,21
60705-01-68-01,GX339-4,21
60705-01-69-00,GX339-4,21
90704-01-01-00,GX339-4,21
90110-02-01-01,GX339-4,21
90110-02-01-02,GX339-4,21
90110-02-01-00,GX339-4,21
90110-02-01-03,GX339-4,21
90704-01-02-00,GX339-4,21
90704-01-03-00,GX339-4,21
90704-01-04-00,GX339-4,21
90704-02-01-00,GX339-4,21
90704-02-01-01,GX339-4,21
90704-02-01-02,GX339-4,21
90704-02-01-03,GX339-4,21
90704-01-05-00,GX339-4,21
90118-01-08-00,GX339-4,21
90704-01-06-00,GX339-4,21
90704-01-07-00,GX339-4,21
90704-01-09-00,GX339-4,21
90704-01-10-00,GX339-4,21
90118-01-09-00,GX339-4,21
60705-01-80-00,GX339-4,21
60705-01-80-01,GX339-4,21
90118-01-10-01,GX339-4,21
90118-01-10-00G,GX339-4,21
60705-01-84-01,GX339-4,21
60705-01-84-02,GX339-4,21
60705-01-60-00,GX339-4,21
60705-01-60-01,GX339-4,21
60705-01-60-02,GX339-4,21
60705-01-86-00,GX339-4,21
60705-01-86-01,GX339-4,21
60705-01-87-01,GX339-4,21
60705-01-88-00,GX339-4,21
60705-01-88-01,GX339-4,21
90704-01-11-00,GX339-4,21
90704-01-13-00,GX339-4,21
91105-04-15-00,GX339-4,21
91095-08-01-00,GX339-4,21
90704-01-13-01,GX339-4,21
91095-08-02-00,GX339-4,21
91095-08-03-00,GX339-4,21
91095-08-04-00,GX339-4,21
90704-01-13-02,GX339-4,21
91095-08-05-00,GX339-4,21
91095-08-06-00,GX339-4,21
91095-08-07-00,GX339-4,21
91095-08-08-00,GX339-4,21
91095-08-09-00,GX339-4,21
90165-01-01-01,GX339-4,21
90165-01-01-00,GX339-4,21
90165-01-01-03,GX339-4,21
90165-01-01-02,GX339-4,21
90704-01-14-00,GX339-4,21
90704-01-14-01,GX339-4,21
90704-01-14-02,GX339-4,21
90165-01-02-00,GX339-4,21
90165-01-02-01,GX339-4,21
91105-04-96-00,GX339-4,21
91105-04-04-10,GX339-4,21
91105-04-83-00,GX339-4,21
60705-01-91-00,GX339-4,21
92034-08-01-00,GX339-4,21
91105-04-17-10,GX339-4,21
92052-07-01-00,GX339-4,21
92052-07-01-02,GX339-4,21
92052-07-01-03,GX339-4,21
92052-07-02-05,GX339-4,21
92052-07-04-00,GX339-4,21
92052-07-05-00,GX339-4,21
92428-01-01-00,GX339-4,21
92428-01-01-01,GX339-4,21
92052-07-06-00,GX339-4,21
92052-07-06-01,GX339-4,21
92428-01-02-00,GX339-4,21
92035-01-01-01,GX339-4,21
92035-01-01-00,GX339-4,21
92035-01-01-03,GX339-4,21
92035-01-01-02,GX339-4,21
92035-01-01-04,GX339-4,21
92035-01-02-00,GX339-4,21
92035-01-02-01,GX339-4,21
92035-01-02-02,GX339-4,21
92035-01-02-03,GX339-4,21
92035-01-02-04,GX339-4,21
92035-01-02-07,GX339-4,21
92035-01-02-06,GX339-4,21
92035-01-03-00,GX339-4,21
92035-01-03-01,GX339-4,21
92035-01-03-02,GX339-4,21
92035-01-03-03,GX339-4,21
92428-01-04-00,GX339-4,21
92428-01-04-01,GX339-4,21
92428-01-04-02,GX339-4,21
92428-01-04-03,GX339-4,21
92035-01-03-05,GX339-4,21
92428-01-04-04,GX339-4,21
92035-01-03-06,GX339-4,21
92035-01-04-00,GX339-4,21
92035-01-04-01,GX339-4,21
92035-01-04-02,GX339-4,21
92085-01-01-00,GX339-4,21
92085-01-01-04,GX339-4,21
92085-01-01-05,GX339-4,21
92085-01-01-06,GX339-4,21
92085-01-02-00,GX339-4,21
92085-01-02-01,GX339-4,21
92085-01-02-02,GX339-4,21
92085-01-02-03,GX339-4,21
92085-01-02-04,GX339-4,21
92085-01-02-05,GX339-4,21
92085-01-02-06,GX339-4,21
92085-01-03-00,GX339-4,21
92085-01-03-01,GX339-4,21
92085-01-03-02,GX339-4,21
92085-01-03-03,GX339-4,21
92085-01-03-04,GX339-4,21
92085-01-03-05,GX339-4,21
92085-02-01-00,GX339-4,21
92085-02-01-02,GX339-4,21
92085-02-01-03,GX339-4,21
92085-02-01-04,GX339-4,21
92085-02-01-05,GX339-4,21
92085-02-01-06,GX339-4,21
92085-02-02-03,GX339-4,21
92085-02-02-00,GX339-4,21
92085-02-02-02,GX339-4,21
92085-02-02-01,GX339-4,21
92085-02-03-00,GX339-4,21
92085-02-03-01,GX339-4,21
92085-02-03-02,GX339-4,21
92085-02-04-00,GX339-4,21
92085-02-04-01,GX339-4,21
92085-02-04-02,GX339-4,21
92085-02-05-00,GX339-4,21
92085-02-05-01,GX339-4,21
92085-02-05-02,GX339-4,21
92085-02-05-03,GX339-4,21
92704-03-01-01,GX339-4,21
92704-03-01-00,GX339-4,21
92704-03-02-01,GX339-4,21
92704-03-02-00,GX339-4,21
92704-03-03-00,GX339-4,21
92704-03-01-02,GX339-4,21
92704-03-04-00,GX339-4,21
92704-03-04-01,GX339-4,21
92704-03-05-00,GX339-4,21
92704-03-05-01,GX339-4,21
92704-03-06-00,GX339-4,21
92704-03-07-01,GX339-4,21
92704-03-08-00,GX339-4,21
92704-03-08-01,GX339-4,21
92704-03-09-00,GX339-4,21
92704-03-09-01,GX339-4,21
92704-03-09-02,GX339-4,21
92704-03-10-00,GX339-4,21
92704-03-10-11,GX339-4,21
92704-03-10-12,GX339-4,21
92704-03-11-00,GX339-4,21
92704-04-01-00,GX339-4,21
92704-04-01-01,GX339-4,21
92704-04-01-02,GX339-4,21
92704-04-01-03,GX339-4,21
92704-04-01-04,GX339-4,21
92704-04-01-05,GX339-4,21
92704-03-12-01,GX339-4,21
92704-04-01-06,GX339-4,21
92704-03-13-00,GX339-4,21
92704-03-13-01,GX339-4,21
92704-03-13-02,GX339-4,21
92704-03-14-01,GX339-4,21
92704-03-14-02,GX339-4,21
92704-03-14-03,GX339-4,21
92704-04-02-00,GX339-4,21
92704-04-02-02,GX339-4,21
92704-03-15-00,GX339-4,21
92704-03-16-00,GX339-4,21
92704-03-17-00,GX339-4,21
92704-03-18-00,GX339-4,21
92704-03-19-00,GX339-4,21
92704-04-02-01,GX339-4,21
92704-04-02-03,GX339-4,21
92704-04-02-04,GX339-4,21
92704-03-21-00,GX339-4,21
92704-03-22-00,GX339-4,21
92704-04-03-00,GX339-4,21
92704-03-25-00,GX339-4,21
92704-03-26-00,GX339-4,21
92704-03-27-00,GX339-4,21
92704-03-27-01,GX339-4,21
92704-03-28-00,GX339-4,21
92704-03-29-00,GX339-4,21
92704-03-29-01,GX339-4,21
93119-01-01-00,GX339-4,21
92704-03-30-00,GX339-4,21
93119-01-02-00,GX339-4,21
92704-03-31-00,GX339-4,21
92704-03-32-00,GX339-4,21
93119-01-03-00,GX339-4,21
92704-03-32-01,GX339-4,21
92704-03-32-02,GX339-4,21
93119-01-04-00,GX339-4,21
92704-03-33-00,GX339-4,21
92704-03-33-01,GX339-4,21
92704-03-35-00,GX339-4,21
92704-03-36-00,GX339-4,21
92704-03-37-00,GX339-4,21
92704-03-38-00,GX339-4,21
92704-03-39-00,GX339-4,21
92704-03-40-00,GX339-4,21
92704-03-41-00,GX339-4,21
92704-03-42-00,GX339-4,21
92704-03-42-01,GX339-4,21
92704-03-43-00,GX339-4,21
92704-03-44-02,GX339-4,21
92704-03-45-00,GX339-4,21
92704-03-45-01,GX339-4,21
92704-03-45-02,GX339-4,21
92704-03-46-01,GX339-4,21
92704-03-46-02,GX339-4,21
92704-03-47-02,GX339-4,21
92704-03-47-03,GX339-4,21
93409-01-01-00,GX339-4,21
93409-01-01-01,GX339-4,21
93409-01-01-02,GX339-4,21
93409-01-01-03,GX339-4,21
93409-01-02-00,GX339-4,21
93409-01-02-01,GX339-4,21
93409-01-02-02,GX339-4,21
93409-01-03-00,GX339-4,21
93409-01-03-01,GX339-4,21
93409-01-03-03,GX339-4,21
93409-01-04-00,GX339-4,21
93409-01-05-00,GX339-4,21
93409-01-05-01,GX339-4,21
93409-01-05-02,GX339-4,21
93409-01-05-03,GX339-4,21
93409-01-06-00,GX339-4,21
93409-01-06-01,GX339-4,21
93409-01-06-02,GX339-4,21
93409-01-08-00,GX339-4,21
93409-01-09-00,GX339-4,21
93409-01-10-03,GX339-4,21
93409-01-10-00,GX339-4,21
93409-01-11-02,GX339-4,21
93409-01-11-03,GX339-4,21
93409-01-12-00,GX339-4,21
93409-01-12-01,GX339-4,21
93409-01-12-03,GX339-4,21
93409-01-13-00,GX339-4,21
93409-01-13-01,GX339-4,21
93409-01-14-00,GX339-4,21
93409-01-14-01,GX339-4,21
93409-01-15-00,GX339-4,21
93409-01-15-01,GX339-4,21
93409-01-15-02,GX339-4,21
93076-08-01-00,GX339-4,21
93076-08-02-00,GX339-4,21
93076-08-02-03,GX339-4,21
93076-08-02-01,GX339-4,21
93076-08-02-02,GX339-4,21
93076-08-04-02,GX339-4,21
93076-08-03-00,GX339-4,21
93076-08-03-01,GX339-4,21
93076-08-04-00,GX339-4,21
93076-08-04-01,GX339-4,21
93076-08-05-00,GX339-4,21
93076-08-05-06,GX339-4,21
93076-08-06-01,GX339-4,21
93076-08-06-02,GX339-4,21
93076-08-06-03,GX339-4,21
93076-08-06-05,GX339-4,21
93076-08-06-06,GX339-4,21
93409-01-24-00,GX339-4,21
93409-01-24-01,GX339-4,21
93108-01-01-01,GX339-4,21
93108-01-01-02,GX339-4,21
93108-01-01-00,GX339-4,21
93702-04-01-00,GX339-4,21
93702-04-01-01,GX339-4,21
93702-04-01-02,GX339-4,21
93702-04-01-03,GX339-4,21
93702-04-02-00,GX339-4,21
93702-04-02-01,GX339-4,21
94331-07-01-00,GX339-4,21
94331-07-01-02,GX339-4,21
94331-07-01-01,GX339-4,21
94331-07-01-06,GX339-4,21
94331-07-01-05,GX339-4,21
94331-07-01-04,GX339-4,21
94331-07-02-00,GX339-4,21
94331-07-02-01,GX339-4,21
93108-01-02-00,GX339-4,21
94405-01-03-00,GX339-4,21
94405-01-03-01,GX339-4,21
94405-01-03-02,GX339-4,21
93108-01-03-00,GX339-4,21
94311-01-01-03,GX339-4,21
94311-01-01-00,GX339-4,21
94311-01-01-02,GX339-4,21
94311-01-01-01,GX339-4,21
95409-01-02-00,GX339-4,21
95409-01-02-01,GX339-4,21
95409-01-02-02,GX339-4,21
95409-01-03-00,GX339-4,21
95409-01-03-04,GX339-4,21
95409-01-03-01,GX339-4,21
95409-01-04-00,GX339-4,21
95409-01-04-04,GX339-4,21
95409-01-04-01,GX339-4,21
95409-01-04-05,GX339-4,21
95409-01-04-02,GX339-4,21
95409-01-04-03,GX339-4,21
95409-01-05-01,GX339-4,21
95409-01-05-03,GX339-4,21
95409-01-05-04,GX339-4,21
95409-01-05-05,GX339-4,21
95409-01-06-00,GX339-4,21
95409-01-06-01,GX339-4,21
95409-01-06-02,GX339-4,21
95409-01-07-04,GX339-4,21
95409-01-07-00,GX339-4,21
95409-01-07-02,GX339-4,21
95409-01-08-00,GX339-4,21
95409-01-08-02,GX339-4,21
95409-01-08-03,GX339-4,21
95409-01-09-04,GX339-4,21
95409-01-09-00,GX339-4,21
95409-01-09-06,GX339-4,21
95409-01-09-03,GX339-4,21
95409-01-10-00,GX339-4,21
95409-01-10-01,GX339-4,21
95409-01-10-02,GX339-4,21
95409-01-10-03,GX339-4,21
95409-01-10-04,GX339-4,21
95409-01-10-05,GX339-4,21
95409-01-10-06,GX339-4,21
95409-01-11-00,GX339-4,21
95409-01-12-00,GX339-4,21
95409-01-12-01,GX339-4,21
95409-01-12-02,GX339-4,21
95409-01-12-04,GX339-4,21
95409-01-12-03,GX339-4,21
95409-01-13-03,GX339-4,21
95409-01-13-00,GX339-4,21
95409-01-13-04,GX339-4,21
95409-01-13-02,GX339-4,21
95409-01-13-01,GX339-4,21
95409-01-14-00,GX339-4,21
95409-01-14-02,GX339-4,21
95409-01-14-06,GX339-4,21
95409-01-14-07,GX339-4,21
95409-01-15-02,GX339-4,21
95409-01-15-05,GX339-4,21
95409-01-15-06,GX339-4,21
95409-01-16-00,GX339-4,21
95409-01-16-06,GX339-4,21
95409-01-16-03,GX339-4,21
95409-01-16-05,GX339-4,21
95409-01-17-01,GX339-4,21
95409-01-17-02,GX339-4,21
95409-01-17-05,GX339-4,21
95409-01-17-06,GX339-4,21
95409-01-18-00,GX339-4,21
95335-01-01-07,GX339-4,21
95335-01-01-00,GX339-4,21
95335-01-01-01,GX339-4,21
95335-01-01-02,GX339-4,21
95335-01-01-03,GX339-4,21
95335-01-01-04,GX339-4,21
95335-01-01-05,GX339-4,21
95335-01-01-06,GX339-4,21
95409-01-18-06,GX339-4,21
95335-01-02-00,GX339-4,21
95335-01-02-01,GX339-4,21
95335-01-02-02,GX339-4,21
95409-01-20-00,GX339-4,21
95409-01-20-01,GX339-4,21
95409-01-20-03,GX339-4,21
95409-01-21-00,GX339-4,21
95409-01-21-01,GX339-4,21
95409-01-21-03,GX339-4,21
95409-01-21-04,GX339-4,21
95409-01-21-05,GX339-4,21
95409-01-22-01,GX339-4,21
95409-01-22-03,GX339-4,21
95409-01-22-04,GX339-4,21
95409-01-22-06,GX339-4,21
95335-01-03-00,GX339-4,21
95335-01-03-01,GX339-4,21
95409-01-23-00,GX339-4,21
95335-01-03-02,GX339-4,21
95409-01-23-01,GX339-4,21
95409-01-23-03,GX339-4,21
95409-01-23-05,GX339-4,21
95409-01-23-06,GX339-4,21
95409-01-24-00,GX339-4,21
95409-01-24-01,GX339-4,21
95409-01-25-00,GX339-4,21
95409-01-25-01,GX339-4,21
95409-01-25-02,GX339-4,21
95409-01-25-03,GX339-4,21
95409-01-25-04,GX339-4,21
95409-01-26-00,GX339-4,21
95409-01-26-01,GX339-4,21
95409-01-26-02,GX339-4,21
95409-01-28-00,GX339-4,21
95409-01-27-01,GX339-4,21
95409-01-27-00,GX339-4,21
95409-01-29-00,GX339-4,21
95409-01-29-02,GX339-4,21
95409-01-34-01,GX339-4,21
95409-01-34-02,GX339-4,21
95409-01-34-03,GX339-4,21
95409-01-35-02,GX339-4,21
95409-01-35-01,GX339-4,21
95409-01-36-00,GX339-4,21
95409-01-36-01,GX339-4,21
95409-01-36-02,GX339-4,21
95409-01-36-03,GX339-4,21
95409-01-36-04,GX339-4,21
95409-01-36-06,GX339-4,21
95409-01-37-00,GX339-4,21
95409-01-37-01,GX339-4,21
95409-01-37-02,GX339-4,21
95409-01-37-05,GX339-4,21
95409-01-37-06,GX339-4,21
95409-01-38-01,GX339-4,21
95409-01-38-03,GX339-4,21
95409-01-39-01,GX339-4,21
95409-01-39-02,GX339-4,21
95409-01-39-07,GX339-4,21
95409-01-39-05,GX339-4,21
95409-01-40-00,GX339-4,21
95409-01-40-03,GX339-4,21
95409-01-41-00,GX339-4,21
95409-01-41-03,GX339-4,21
95409-01-42-01,GX339-4,21
95409-01-42-03,GX339-4,21
95409-01-42-05,GX339-4,21
95409-01-43-02,GX339-4,21
95409-01-43-05,GX339-4,21
95409-01-44-00,GX339-4,21
95409-01-44-01,GX339-4,21
95409-01-44-02,GX339-4,21
95409-01-44-03,GX339-4,21
96409-01-02-03,GX339-4,21
96409-01-03-00,GX339-4,21
96409-01-03-01,GX339-4,21
96409-01-03-02,GX339-4,21
96409-01-04-01,GX339-4,21
96409-01-04-03,GX339-4,21
96409-01-05-01,GX339-4,21
96409-01-05-02,GX339-4,21
96409-01-05-03,GX339-4,21
96409-01-06-01,GX339-4,21
96409-01-06-02,GX339-4,21
96409-01-07-03,GX339-4,21
96409-01-07-01,GX339-4,21
96409-01-07-02,GX339-4,21
96409-01-07-04,GX339-4,21
96409-01-08-00,GX339-4,21
96409-01-09-00,GX339-4,21
96409-01-10-00G,GX339-4,21
96409-01-10-02,GX339-4,21
96409-01-10-03,GX339-4,21
96409-01-11-00,GX339-4,21
96409-01-11-01,GX339-4,21
91015-01-03-00,HETEJ1900.1-245,22
91015-01-03-01,HETEJ1900.1-245,22
91015-01-03-02,HETEJ1900.1-245,22
91015-01-03-03,HETEJ1900.1-245,22
91015-01-03-04,HETEJ1900.1-245,22
91015-01-03-05,HETEJ1900.1-245,22
91015-01-03-06,HETEJ1900.1-245,22
91015-01-04-00,HETEJ1900.1-245,22
91015-01-04-01,HETEJ1900.1-245,22
91015-01-04-07,HETEJ1900.1-245,22
91015-01-04-03,HETEJ1900.1-245,22
91015-01-04-04,HETEJ1900.1-245,22
91015-01-04-06,HETEJ1900.1-245,22
91015-01-05-00,HETEJ1900.1-245,22
91015-01-05-01,HETEJ1900.1-245,22
91015-01-05-02,HETEJ1900.1-245,22
91015-01-06-00,HETEJ1900.1-245,22
91015-01-06-01,HETEJ1900.1-245,22
91015-01-06-02,HETEJ1900.1-245,22
91015-01-07-00,HETEJ1900.1-245,22
91015-01-07-01,HETEJ1900.1-245,22
91059-03-01-00,HETEJ1900.1-245,22
91059-03-01-01,HETEJ1900.1-245,22
91059-03-01-02,HETEJ1900.1-245,22
91059-03-01-03,HETEJ1900.1-245,22
91059-03-01-04,HETEJ1900.1-245,22
91059-03-02-00,HETEJ1900.1-245,22
91059-03-02-01,HETEJ1900.1-245,22
91059-03-02-02,HETEJ1900.1-245,22
91059-03-02-03,HETEJ1900.1-245,22
91059-03-02-04,HETEJ1900.1-245,22
91059-03-02-05,HETEJ1900.1-245,22
91059-03-03-00,HETEJ1900.1-245,22
91059-03-03-01,HETEJ1900.1-245,22
91059-03-03-02,HETEJ1900.1-245,22
91059-03-03-03,HETEJ1900.1-245,22
91059-03-04-00,HETEJ1900.1-245,22
91057-01-01-00,HETEJ1900.1-245,22
91057-01-01-01,HETEJ1900.1-245,22
91057-01-02-00,HETEJ1900.1-245,22
91057-01-02-01,HETEJ1900.1-245,22
91057-01-02-03,HETEJ1900.1-245,22
91057-01-03-00,HETEJ1900.1-245,22
91057-01-03-01,HETEJ1900.1-245,22
91057-01-03-02,HETEJ1900.1-245,22
91057-01-04-00,HETEJ1900.1-245,22
91057-01-04-01,HETEJ1900.1-245,22
91057-01-04-02,HETEJ1900.1-245,22
91057-01-04-03,HETEJ1900.1-245,22
91057-01-04-04,HETEJ1900.1-245,22
91057-01-05-00,HETEJ1900.1-245,22
91057-01-05-01,HETEJ1900.1-245,22
91057-01-05-02,HETEJ1900.1-245,22
91057-01-05-03,HETEJ1900.1-245,22
91057-01-05-04,HETEJ1900.1-245,22
91057-01-06-00,HETEJ1900.1-245,22
91057-01-06-01,HETEJ1900.1-245,22
91057-01-06-02,HETEJ1900.1-245,22
91057-01-06-03,HETEJ1900.1-245,22
91057-01-06-04,HETEJ1900.1-245,22
91057-01-07-00,HETEJ1900.1-245,22
91057-01-07-01,HETEJ1900.1-245,22
91057-01-07-03,HETEJ1900.1-245,22
91057-01-07-02,HETEJ1900.1-245,22
91057-01-07-04,HETEJ1900.1-245,22
91057-01-08-00,HETEJ1900.1-245,22
91057-01-08-01,HETEJ1900.1-245,22
91057-01-08-02,HETEJ1900.1-245,22
91057-01-08-03,HETEJ1900.1-245,22
91057-01-08-04,HETEJ1900.1-245,22
91057-01-09-00,HETEJ1900.1-245,22
91057-01-09-01,HETEJ1900.1-245,22
91057-01-09-03,HETEJ1900.1-245,22
91057-01-10-00,HETEJ1900.1-245,22
91057-01-10-01,HETEJ1900.1-245,22
91057-01-10-02,HETEJ1900.1-245,22
91057-01-10-03,HETEJ1900.1-245,22
91057-01-11-00,HETEJ1900.1-245,22
91057-01-12-00,HETEJ1900.1-245,22
91432-01-01-00,HETEJ1900.1-245,22
91432-01-01-01G,HETEJ1900.1-245,22
91057-01-13-00,HETEJ1900.1-245,22
91057-01-14-00,HETEJ1900.1-245,22
91057-01-15-00,HETEJ1900.1-245,22
91057-01-16-00,HETEJ1900.1-245,22
91057-01-17-00,HETEJ1900.1-245,22
91057-01-18-00,HETEJ1900.1-245,22
92049-01-01-00,HETEJ1900.1-245,22
92049-01-02-00,HETEJ1900.1-245,22
92049-01-04-00,HETEJ1900.1-245,22
92049-01-05-00,HETEJ1900.1-245,22
92049-01-06-00,HETEJ1900.1-245,22
92049-01-07-00,HETEJ1900.1-245,22
92049-01-08-00,HETEJ1900.1-245,22
92049-01-09-00,HETEJ1900.1-245,22
92049-01-10-00,HETEJ1900.1-245,22
92049-01-11-00,HETEJ1900.1-245,22
92049-01-12-00,HETEJ1900.1-245,22
92049-01-13-00,HETEJ1900.1-245,22
92049-01-14-00,HETEJ1900.1-245,22
92049-01-15-00,HETEJ1900.1-245,22
92049-01-16-00,HETEJ1900.1-245,22
92049-01-17-00,HETEJ1900.1-245,22
92049-01-18-00,HETEJ1900.1-245,22
92049-01-19-00,HETEJ1900.1-245,22
92049-01-20-00,HETEJ1900.1-245,22
92049-01-21-00,HETEJ1900.1-245,22
92049-01-22-00,HETEJ1900.1-245,22
92049-01-23-00,HETEJ1900.1-245,22
92049-01-24-00,HETEJ1900.1-245,22
92049-01-25-00,HETEJ1900.1-245,22
92049-01-26-00,HETEJ1900.1-245,22
92049-01-27-00,HETEJ1900.1-245,22
92049-01-28-00,HETEJ1900.1-245,22
92049-01-29-00,HETEJ1900.1-245,22
92049-01-30-00,HETEJ1900.1-245,22
92049-01-31-00,HETEJ1900.1-245,22
92049-01-32-00,HETEJ1900.1-245,22
92049-01-33-00,HETEJ1900.1-245,22
92049-01-34-00,HETEJ1900.1-245,22
92049-01-35-00,HETEJ1900.1-245,22
92049-01-36-00,HETEJ1900.1-245,22
92049-01-37-00,HETEJ1900.1-245,22
92049-01-38-00,HETEJ1900.1-245,22
92049-01-39-00,HETEJ1900.1-245,22
92049-01-40-00,HETEJ1900.1-245,22
92049-01-41-00,HETEJ1900.1-245,22
92049-01-42-00,HETEJ1900.1-245,22
92049-01-43-00,HETEJ1900.1-245,22
92049-01-44-00,HETEJ1900.1-245,22
92049-01-45-00,HETEJ1900.1-245,22
92049-01-46-00,HETEJ1900.1-245,22
92049-01-47-00,HETEJ1900.1-245,22
92049-01-48-00,HETEJ1900.1-245,22
92049-01-49-00,HETEJ1900.1-245,22
92049-01-50-00,HETEJ1900.1-245,22
92049-01-51-00,HETEJ1900.1-245,22
92049-01-52-00,HETEJ1900.1-245,22
92049-01-53-00,HETEJ1900.1-245,22
92049-01-54-00,HETEJ1900.1-245,22
92049-01-55-00,HETEJ1900.1-245,22
92049-01-56-00,HETEJ1900.1-245,22
92049-01-57-00,HETEJ1900.1-245,22
92049-01-58-00,HETEJ1900.1-245,22
92049-01-59-00,HETEJ1900.1-245,22
93030-01-65-00,HETEJ1900.1-245,22
93030-01-62-00,HETEJ1900.1-245,22
93030-01-63-00,HETEJ1900.1-245,22
93030-01-61-00,HETEJ1900.1-245,22
93030-01-60-00,HETEJ1900.1-245,22
93030-01-59-00,HETEJ1900.1-245,22
93030-01-01-00,HETEJ1900.1-245,22
93030-01-02-00,HETEJ1900.1-245,22
93030-01-03-00,HETEJ1900.1-245,22
93030-01-04-00,HETEJ1900.1-245,22
93030-01-05-00,HETEJ1900.1-245,22
93030-01-06-00,HETEJ1900.1-245,22
93030-01-07-00,HETEJ1900.1-245,22
93030-01-08-00,HETEJ1900.1-245,22
93030-01-09-00,HETEJ1900.1-245,22
93030-01-10-00,HETEJ1900.1-245,22
93030-01-11-00,HETEJ1900.1-245,22
93030-01-12-00,HETEJ1900.1-245,22
93030-01-14-00,HETEJ1900.1-245,22
93030-01-15-00,HETEJ1900.1-245,22
93030-01-16-00,HETEJ1900.1-245,22
93030-01-17-00,HETEJ1900.1-245,22
93030-01-18-00,HETEJ1900.1-245,22
93030-01-19-00,HETEJ1900.1-245,22
93030-01-20-00,HETEJ1900.1-245,22
93030-01-21-00,HETEJ1900.1-245,22
93030-01-22-00,HETEJ1900.1-245,22
93030-01-23-00,HETEJ1900.1-245,22
93030-01-24-00,HETEJ1900.1-245,22
93030-01-25-00,HETEJ1900.1-245,22
93030-01-25-01,HETEJ1900.1-245,22
93030-01-26-00,HETEJ1900.1-245,22
93030-01-27-00,HETEJ1900.1-245,22
93030-01-28-00,HETEJ1900.1-245,22
93030-01-29-00,HETEJ1900.1-245,22
93030-01-30-00,HETEJ1900.1-245,22
93030-01-31-00,HETEJ1900.1-245,22
93030-01-32-00,HETEJ1900.1-245,22
93030-01-33-00,HETEJ1900.1-245,22
93030-01-34-00,HETEJ1900.1-245,22
93030-01-35-00,HETEJ1900.1-245,22
93030-01-36-00,HETEJ1900.1-245,22
93030-01-37-00,HETEJ1900.1-245,22
93030-01-38-00,HETEJ1900.1-245,22
93030-01-39-00,HETEJ1900.1-245,22
93030-01-40-00,HETEJ1900.1-245,22
93030-01-41-00,HETEJ1900.1-245,22
93030-01-42-00,HETEJ1900.1-245,22
93030-01-43-00,HETEJ1900.1-245,22
93030-01-44-00,HETEJ1900.1-245,22
93030-01-45-00,HETEJ1900.1-245,22
93030-01-46-00,HETEJ1900.1-245,22
93030-01-47-00,HETEJ1900.1-245,22
93030-01-48-00,HETEJ1900.1-245,22
93030-01-49-00,HETEJ1900.1-245,22
93030-01-50-00,HETEJ1900.1-245,22
93030-01-51-00,HETEJ1900.1-245,22
93030-01-52-00,HETEJ1900.1-245,22
93030-01-53-00,HETEJ1900.1-245,22
93030-01-54-00,HETEJ1900.1-245,22
93030-01-55-00,HETEJ1900.1-245,22
93030-01-56-00,HETEJ1900.1-245,22
93030-01-57-00,HETEJ1900.1-245,22
93030-01-58-00,HETEJ1900.1-245,22
93030-01-64-00,HETEJ1900.1-245,22
93451-01-01-00,HETEJ1900.1-245,22
93451-01-02-00,HETEJ1900.1-245,22
93451-01-03-00,HETEJ1900.1-245,22
93451-01-04-00,HETEJ1900.1-245,22
93451-01-05-00,HETEJ1900.1-245,22
93451-01-06-00,HETEJ1900.1-245,22
93451-01-07-00,HETEJ1900.1-245,22
93451-01-08-00,HETEJ1900.1-245,22
93451-01-09-00,HETEJ1900.1-245,22
94030-01-01-00,HETEJ1900.1-245,22
94030-01-02-00,HETEJ1900.1-245,22
94030-01-03-00,HETEJ1900.1-245,22
94030-01-04-00,HETEJ1900.1-245,22
94030-01-05-00,HETEJ1900.1-245,22
94030-01-06-00,HETEJ1900.1-245,22
94030-01-07-00,HETEJ1900.1-245,22
94030-01-08-00,HETEJ1900.1-245,22
94030-01-09-00,HETEJ1900.1-245,22
94030-01-10-00,HETEJ1900.1-245,22
94028-01-01-03,HETEJ1900.1-245,22
94028-01-01-00,HETEJ1900.1-245,22
94028-01-01-01,HETEJ1900.1-245,22
94030-01-11-00,HETEJ1900.1-245,22
94030-01-12-00,HETEJ1900.1-245,22
94030-01-13-00,HETEJ1900.1-245,22
94030-01-14-00,HETEJ1900.1-245,22
94030-01-15-00,HETEJ1900.1-245,22
94030-01-16-00,HETEJ1900.1-245,22
94030-01-17-00,HETEJ1900.1-245,22
94030-01-18-00,HETEJ1900.1-245,22
94030-01-19-00,HETEJ1900.1-245,22
94030-01-20-00,HETEJ1900.1-245,22
94030-01-21-00,HETEJ1900.1-245,22
94030-01-22-00,HETEJ1900.1-245,22
94030-01-23-00,HETEJ1900.1-245,22
94030-01-24-00,HETEJ1900.1-245,22
94030-01-25-00,HETEJ1900.1-245,22
94030-01-26-00,HETEJ1900.1-245,22
94030-01-27-00,HETEJ1900.1-245,22
94030-01-28-00,HETEJ1900.1-245,22
94030-01-29-00,HETEJ1900.1-245,22
94030-01-30-00,HETEJ1900.1-245,22
94030-01-31-00,HETEJ1900.1-245,22
94030-01-32-00,HETEJ1900.1-245,22
94030-01-34-00,HETEJ1900.1-245,22
94030-01-36-00,HETEJ1900.1-245,22
94030-01-37-00,HETEJ1900.1-245,22
94030-01-38-00,HETEJ1900.1-245,22
94030-01-40-00,HETEJ1900.1-245,22
94030-01-41-00,HETEJ1900.1-245,22
94030-01-42-00,HETEJ1900.1-245,22
94030-01-43-00,HETEJ1900.1-245,22
94030-01-44-00,HETEJ1900.1-245,22
94030-01-45-00,HETEJ1900.1-245,22
95030-01-01-00,HETEJ1900.1-245,22
95030-01-02-00,HETEJ1900.1-245,22
95030-01-03-00,HETEJ1900.1-245,22
95030-01-04-00,HETEJ1900.1-245,22
95030-01-05-00,HETEJ1900.1-245,22
95030-01-06-00,HETEJ1900.1-245,22
95030-01-07-00,HETEJ1900.1-245,22
95030-01-07-01,HETEJ1900.1-245,22
95030-01-08-00,HETEJ1900.1-245,22
95030-01-09-00,HETEJ1900.1-245,22
95030-01-10-00,HETEJ1900.1-245,22
95030-01-11-00,HETEJ1900.1-245,22
95030-01-12-00,HETEJ1900.1-245,22
95030-01-13-00,HETEJ1900.1-245,22
95030-01-14-00,HETEJ1900.1-245,22
95030-01-15-00,HETEJ1900.1-245,22
95030-01-16-00,HETEJ1900.1-245,22
95030-01-17-00,HETEJ1900.1-245,22
95030-01-18-00,HETEJ1900.1-245,22
95030-01-19-00,HETEJ1900.1-245,22
95030-01-20-00,HETEJ1900.1-245,22
95030-01-21-00,HETEJ1900.1-245,22
95030-01-22-00,HETEJ1900.1-245,22
95030-01-23-00,HETEJ1900.1-245,22
95030-01-24-00,HETEJ1900.1-245,22
95030-01-25-00,HETEJ1900.1-245,22
95030-01-26-00,HETEJ1900.1-245,22
95030-01-27-00,HETEJ1900.1-245,22
95030-01-28-00,HETEJ1900.1-245,22
95030-01-29-00,HETEJ1900.1-245,22
95030-01-30-00,HETEJ1900.1-245,22
95030-01-32-00,HETEJ1900.1-245,22
95030-01-33-00,HETEJ1900.1-245,22
95030-01-34-00,HETEJ1900.1-245,22
95030-01-35-00,HETEJ1900.1-245,22
95030-01-36-00,HETEJ1900.1-245,22
95030-01-37-00,HETEJ1900.1-245,22
95030-01-38-00,HETEJ1900.1-245,22
95030-01-39-00,HETEJ1900.1-245,22
95030-01-40-00,HETEJ1900.1-245,22
95030-01-41-00,HETEJ1900.1-245,22
95030-01-42-00,HETEJ1900.1-245,22
95030-01-44-00,HETEJ1900.1-245,22
95030-01-45-00,HETEJ1900.1-245,22
96030-01-01-01,HETEJ1900.1-245,22
96030-01-02-00,HETEJ1900.1-245,22
96030-01-02-01,HETEJ1900.1-245,22
96030-01-03-00,HETEJ1900.1-245,22
96030-01-06-00,HETEJ1900.1-245,22
96030-01-07-00,HETEJ1900.1-245,22
96030-01-08-00,HETEJ1900.1-245,22
96030-01-09-00,HETEJ1900.1-245,22
96030-01-09-01,HETEJ1900.1-245,22
96030-01-11-00,HETEJ1900.1-245,22
96030-01-12-00,HETEJ1900.1-245,22
96030-01-13-00,HETEJ1900.1-245,22
96030-01-14-00,HETEJ1900.1-245,22
96030-01-16-00,HETEJ1900.1-245,22
96030-01-17-00,HETEJ1900.1-245,22
96030-01-18-00,HETEJ1900.1-245,22
96030-01-19-00,HETEJ1900.1-245,22
96030-01-20-00,HETEJ1900.1-245,22
96030-01-21-00,HETEJ1900.1-245,22
96030-01-22-00,HETEJ1900.1-245,22
96030-01-23-00,HETEJ1900.1-245,22
96030-01-24-00,HETEJ1900.1-245,22
96030-01-25-00,HETEJ1900.1-245,22
96030-01-26-00,HETEJ1900.1-245,22
96030-01-27-00,HETEJ1900.1-245,22
96030-01-28-00,HETEJ1900.1-245,22
96030-01-32-00,HETEJ1900.1-245,22
96030-01-33-00,HETEJ1900.1-245,22
96030-01-34-00,HETEJ1900.1-245,22
96030-01-35-00,HETEJ1900.1-245,22
96030-01-36-00,HETEJ1900.1-245,22
96030-01-37-00,HETEJ1900.1-245,22
96030-01-39-00,HETEJ1900.1-245,22
96030-01-41-00,HETEJ1900.1-245,22
96030-01-44-00,HETEJ1900.1-245,22
96030-01-45-00,HETEJ1900.1-245,22
50031-02-01-00,KS1731-260,23
50031-02-01-07,KS1731-260,23
50031-02-01-09,KS1731-260,23
50031-02-01-10,KS1731-260,23
50031-02-01-11,KS1731-260,23
50031-02-01-12,KS1731-260,23
50031-02-01-01,KS1731-260,23
50031-02-01-02,KS1731-260,23
50031-02-01-03,KS1731-260,23
50031-02-01-04,KS1731-260,23
50031-02-01-05,KS1731-260,23
50031-02-01-08,KS1731-260,23
50031-02-02-04,KS1731-260,23
50031-02-02-05,KS1731-260,23
50031-02-02-06,KS1731-260,23
50031-02-02-01,KS1731-260,23
50031-02-02-02,KS1731-260,23
50031-02-02-030,KS1731-260,23
50031-02-02-03,KS1731-260,23
50031-02-02-07,KS1731-260,23
50031-02-02-080,KS1731-260,23
50031-02-02-08,KS1731-260,23
50031-02-03-00,KS1731-260,23
50031-02-03-05,KS1731-260,23
50031-02-03-06,KS1731-260,23
50031-02-03-04,KS1731-260,23
50031-02-03-030,KS1731-260,23
50031-02-03-03,KS1731-260,23
50031-02-03-07,KS1731-260,23
50031-02-03-02,KS1731-260,23
50031-02-03-08,KS1731-260,23
50031-02-03-01,KS1731-260,23
50031-02-03-09,KS1731-260,23
50410-01-01-00,MXB1658-298,24
50410-01-02-00,MXB1658-298,24
50410-01-03-00,MXB1658-298,24
50410-01-04-00,MXB1658-298,24
50410-01-05-00,MXB1658-298,24
50410-01-06-00,MXB1658-298,24
50410-01-07-00,MXB1658-298,24
50410-01-08-00,MXB1658-298,24
50410-01-09-00,MXB1658-298,24
60048-01-01-00,MXB1658-298,24
60048-01-02-00,MXB1658-298,24
60048-01-03-00G,MXB1658-298,24
60048-01-04-00,MXB1658-298,24
60048-01-05-00,MXB1658-298,24
60048-02-01-00,MXB1658-298,24
60048-02-02-00,MXB1658-298,24
60048-02-03-00,MXB1658-298,24
60048-02-04-00,MXB1658-298,24
60048-02-05-00,MXB1658-298,24
60048-03-01-00,MXB1658-298,24
60048-03-02-00,MXB1658-298,24
60048-03-03-00,MXB1658-298,24
60048-03-04-00,MXB1658-298,24
60048-03-05-00,MXB1658-298,24
60048-04-01-00,MXB1658-298,24
60048-04-02-00,MXB1658-298,24
60048-04-03-00,MXB1658-298,24
60048-04-04-00,MXB1658-298,24
60048-04-05-00,MXB1658-298,24
60419-01-01-00,MXB1658-298,24
70080-03-04-00,SAXJ1808.4-3658,25
70080-01-01-000,SAXJ1808.4-3658,25
70080-01-01-00,SAXJ1808.4-3658,25
70080-01-01-03,SAXJ1808.4-3658,25
70080-01-01-04,SAXJ1808.4-3658,25
70080-01-01-01,SAXJ1808.4-3658,25
70080-01-01-020,SAXJ1808.4-3658,25
70080-01-01-02,SAXJ1808.4-3658,25
70080-01-02-01,SAXJ1808.4-3658,25
70080-01-02-000,SAXJ1808.4-3658,25
70080-01-02-00,SAXJ1808.4-3658,25
70080-01-02-02,SAXJ1808.4-3658,25
70080-01-02-03,SAXJ1808.4-3658,25
70080-01-02-04,SAXJ1808.4-3658,25
70080-01-02-05,SAXJ1808.4-3658,25
70080-01-02-06,SAXJ1808.4-3658,25
70080-01-02-07,SAXJ1808.4-3658,25
70080-01-02-10,SAXJ1808.4-3658,25
70080-01-02-08,SAXJ1808.4-3658,25
70080-01-02-20,SAXJ1808.4-3658,25
70080-01-02-09,SAXJ1808.4-3658,25
70080-01-02-19,SAXJ1808.4-3658,25
70080-01-02-23,SAXJ1808.4-3658,25
70080-01-02-21,SAXJ1808.4-3658,25
70080-01-02-11,SAXJ1808.4-3658,25
70080-01-02-18,SAXJ1808.4-3658,25
70080-01-02-12,SAXJ1808.4-3658,25
70080-01-02-22,SAXJ1808.4-3658,25
70080-01-02-13,SAXJ1808.4-3658,25
70080-01-02-15,SAXJ1808.4-3658,25
70080-01-02-14,SAXJ1808.4-3658,25
70080-01-02-16,SAXJ1808.4-3658,25
70080-01-02-17,SAXJ1808.4-3658,25
70080-01-03-000,SAXJ1808.4-3658,25
70080-01-03-00,SAXJ1808.4-3658,25
70080-01-03-04,SAXJ1808.4-3658,25
70080-01-03-05,SAXJ1808.4-3658,25
70080-01-03-06,SAXJ1808.4-3658,25
70080-01-03-07,SAXJ1808.4-3658,25
70080-01-03-010,SAXJ1808.4-3658,25
70080-01-03-01,SAXJ1808.4-3658,25
70080-01-03-08,SAXJ1808.4-3658,25
70080-01-03-09,SAXJ1808.4-3658,25
70080-01-03-10,SAXJ1808.4-3658,25
70080-01-03-11,SAXJ1808.4-3658,25
70080-01-03-12,SAXJ1808.4-3658,25
70080-01-03-13,SAXJ1808.4-3658,25
70080-01-03-02,SAXJ1808.4-3658,25
70080-01-03-14,SAXJ1808.4-3658,25
70080-01-03-03,SAXJ1808.4-3658,25
70080-03-05-00,SAXJ1808.4-3658,25
70080-02-01-04,SAXJ1808.4-3658,25
70080-02-01-000,SAXJ1808.4-3658,25
70080-02-01-00,SAXJ1808.4-3658,25
70080-02-01-01,SAXJ1808.4-3658,25
70080-02-01-02,SAXJ1808.4-3658,25
70080-02-01-03,SAXJ1808.4-3658,25
70080-02-02-00,SAXJ1808.4-3658,25
70080-02-02-20,SAXJ1808.4-3658,25
70080-02-02-24,SAXJ1808.4-3658,25
70080-02-02-25,SAXJ1808.4-3658,25
70080-02-02-26,SAXJ1808.4-3658,25
70080-02-02-01,SAXJ1808.4-3658,25
70080-02-02-020,SAXJ1808.4-3658,25
70080-02-02-02,SAXJ1808.4-3658,25
70080-02-02-27,SAXJ1808.4-3658,25
70080-02-02-28,SAXJ1808.4-3658,25
70080-02-02-03,SAXJ1808.4-3658,25
70080-02-02-04,SAXJ1808.4-3658,25
70080-02-02-29,SAXJ1808.4-3658,25
70080-02-02-33,SAXJ1808.4-3658,25
70080-02-02-18,SAXJ1808.4-3658,25
70080-02-02-34,SAXJ1808.4-3658,25
70080-02-02-05,SAXJ1808.4-3658,25
70080-02-02-30,SAXJ1808.4-3658,25
70080-02-02-06,SAXJ1808.4-3658,25
70080-02-02-23,SAXJ1808.4-3658,25
70080-02-02-17,SAXJ1808.4-3658,25
70080-02-02-35,SAXJ1808.4-3658,25
70080-02-02-09,SAXJ1808.4-3658,25
70080-02-02-16,SAXJ1808.4-3658,25
70080-02-02-07,SAXJ1808.4-3658,25
70080-02-02-31,SAXJ1808.4-3658,25
70080-02-02-08,SAXJ1808.4-3658,25
70080-02-02-10,SAXJ1808.4-3658,25
70080-02-02-11,SAXJ1808.4-3658,25
70080-02-02-12,SAXJ1808.4-3658,25
70080-02-02-19,SAXJ1808.4-3658,25
70080-02-02-21,SAXJ1808.4-3658,25
70080-02-02-22,SAXJ1808.4-3658,25
70080-02-02-13,SAXJ1808.4-3658,25
70080-02-02-14,SAXJ1808.4-3658,25
70080-02-02-32,SAXJ1808.4-3658,25
70080-02-02-15,SAXJ1808.4-3658,25
70080-03-06-00,SAXJ1808.4-3658,25
70080-03-07-00,SAXJ1808.4-3658,25
70080-03-08-00,SAXJ1808.4-3658,25
70080-03-09-00,SAXJ1808.4-3658,25
70080-03-10-00,SAXJ1808.4-3658,25
70080-03-11-00,SAXJ1808.4-3658,25
70080-03-12-00,SAXJ1808.4-3658,25
70080-03-13-00,SAXJ1808.4-3658,25
70080-03-14-00,SAXJ1808.4-3658,25
70080-03-15-00,SAXJ1808.4-3658,25
70080-03-16-00,SAXJ1808.4-3658,25
70080-03-17-00,SAXJ1808.4-3658,25
70080-03-18-00,SAXJ1808.4-3658,25
70080-03-19-00,SAXJ1808.4-3658,25
70080-03-20-00,SAXJ1808.4-3658,25
70080-03-20-01,SAXJ1808.4-3658,25
70080-03-20-02,SAXJ1808.4-3658,25
70080-03-20-03,SAXJ1808.4-3658,25
70080-03-20-04,SAXJ1808.4-3658,25
70080-03-20-07,SAXJ1808.4-3658,25
70080-03-20-05,SAXJ1808.4-3658,25
70080-03-20-06,SAXJ1808.4-3658,25
70080-03-20-08,SAXJ1808.4-3658,25
70080-03-20-09,SAXJ1808.4-3658,25
70080-03-20-11,SAXJ1808.4-3658,25
70080-03-20-18,SAXJ1808.4-3658,25
70080-03-20-12,SAXJ1808.4-3658,25
70080-03-20-13,SAXJ1808.4-3658,25
70080-03-20-14,SAXJ1808.4-3658,25
70080-03-20-15,SAXJ1808.4-3658,25
70080-03-20-16,SAXJ1808.4-3658,25
70080-03-20-10,SAXJ1808.4-3658,25
70080-03-20-17,SAXJ1808.4-3658,25
70080-03-21-01,SAXJ1808.4-3658,25
70080-03-22-00,SAXJ1808.4-3658,25
70080-03-22-01,SAXJ1808.4-3658,25
70080-03-24-02,SAXJ1808.4-3658,25
70080-03-24-00,SAXJ1808.4-3658,25
70080-03-25-01,SAXJ1808.4-3658,25
91056-01-01-00,SAXJ1808.4-3658,25
91056-01-01-01,SAXJ1808.4-3658,25
91056-01-01-02,SAXJ1808.4-3658,25
91056-01-01-03,SAXJ1808.4-3658,25
91056-01-01-04,SAXJ1808.4-3658,25
91056-01-01-05,SAXJ1808.4-3658,25
91056-01-02-00,SAXJ1808.4-3658,25
91056-01-02-01,SAXJ1808.4-3658,25
91056-01-02-02,SAXJ1808.4-3658,25
91056-01-02-030,SAXJ1808.4-3658,25
91056-01-02-03,SAXJ1808.4-3658,25
91056-01-02-04,SAXJ1808.4-3658,25
91056-01-02-05,SAXJ1808.4-3658,25
91056-01-02-06,SAXJ1808.4-3658,25
91056-01-02-08,SAXJ1808.4-3658,25
91056-01-03-03,SAXJ1808.4-3658,25
91056-01-03-02,SAXJ1808.4-3658,25
91056-01-03-00,SAXJ1808.4-3658,25
91056-01-03-01,SAXJ1808.4-3658,25
91056-01-03-05,SAXJ1808.4-3658,25
91056-01-03-04,SAXJ1808.4-3658,25
91056-01-03-07,SAXJ1808.4-3658,25
91056-01-03-08,SAXJ1808.4-3658,25
91056-01-03-06,SAXJ1808.4-3658,25
91056-01-03-09,SAXJ1808.4-3658,25
91056-01-03-11,SAXJ1808.4-3658,25
91056-01-03-10,SAXJ1808.4-3658,25
91056-01-04-00,SAXJ1808.4-3658,25
91056-01-04-03,SAXJ1808.4-3658,25
91056-01-04-01,SAXJ1808.4-3658,25
91418-01-01-00,SAXJ1808.4-3658,25
91418-01-01-02,SAXJ1808.4-3658,25
91418-01-02-02,SAXJ1808.4-3658,25
91418-01-02-03,SAXJ1808.4-3658,25
91418-01-02-05,SAXJ1808.4-3658,25
91418-01-03-01,SAXJ1808.4-3658,25
91418-01-03-02,SAXJ1808.4-3658,25
91418-01-03-05,SAXJ1808.4-3658,25
91418-01-04-00,SAXJ1808.4-3658,25
91418-01-05-00,SAXJ1808.4-3658,25
93027-01-01-01,SAXJ1808.4-3658,25
93027-01-01-00,SAXJ1808.4-3658,25
93027-01-01-02,SAXJ1808.4-3658,25
93027-01-01-080,SAXJ1808.4-3658,25
93027-01-01-08,SAXJ1808.4-3658,25
93027-01-01-03,SAXJ1808.4-3658,25
93027-01-01-04,SAXJ1808.4-3658,25
93027-01-01-07,SAXJ1808.4-3658,25
93027-01-01-05,SAXJ1808.4-3658,25
93027-01-02-00,SAXJ1808.4-3658,25
93027-01-02-01,SAXJ1808.4-3658,25
93027-01-02-05,SAXJ1808.4-3658,25
93027-01-02-06,SAXJ1808.4-3658,25
93027-01-02-03,SAXJ1808.4-3658,25
93027-01-02-04,SAXJ1808.4-3658,25
93027-01-02-07,SAXJ1808.4-3658,25
93027-01-02-09,SAXJ1808.4-3658,25
93027-01-02-02,SAXJ1808.4-3658,25
93027-01-02-08,SAXJ1808.4-3658,25
93027-01-03-00,SAXJ1808.4-3658,25
93027-01-03-01,SAXJ1808.4-3658,25
93027-01-03-08,SAXJ1808.4-3658,25
93027-01-03-03,SAXJ1808.4-3658,25
93027-01-03-10,SAXJ1808.4-3658,25
93027-01-03-05,SAXJ1808.4-3658,25
93027-01-03-04,SAXJ1808.4-3658,25
93027-01-04-00,SAXJ1808.4-3658,25
93027-01-04-01,SAXJ1808.4-3658,25
93027-01-05-02,SAXJ1808.4-3658,25
93027-01-05-08,SAXJ1808.4-3658,25
93027-01-06-11,SAXJ1808.4-3658,25
93027-01-07-00,SAXJ1808.4-3658,25
93027-01-07-01,SAXJ1808.4-3658,25
93027-01-07-04,SAXJ1808.4-3658,25
93027-01-07-05,SAXJ1808.4-3658,25
96027-01-01-01,SAXJ1808.4-3658,25
96027-01-01-00,SAXJ1808.4-3658,25
96027-01-01-02,SAXJ1808.4-3658,25
96027-01-01-03,SAXJ1808.4-3658,25
96027-01-01-04,SAXJ1808.4-3658,25
96027-01-01-05,SAXJ1808.4-3658,25
96027-01-01-06,SAXJ1808.4-3658,25
96027-01-01-070,SAXJ1808.4-3658,25
96027-01-01-07,SAXJ1808.4-3658,25
96027-01-01-08,SAXJ1808.4-3658,25
96027-01-01-09,SAXJ1808.4-3658,25
96027-01-02-00,SAXJ1808.4-3658,25
96027-01-02-01,SAXJ1808.4-3658,25
96027-01-02-02,SAXJ1808.4-3658,25
96027-01-02-03,SAXJ1808.4-3658,25
96027-01-02-04,SAXJ1808.4-3658,25
96027-01-02-05,SAXJ1808.4-3658,25
96027-01-02-06,SAXJ1808.4-3658,25
96027-01-02-07,SAXJ1808.4-3658,25
96027-01-02-08,SAXJ1808.4-3658,25
96027-01-02-09,SAXJ1808.4-3658,25
96027-01-02-10,SAXJ1808.4-3658,25
96027-01-03-00,SAXJ1808.4-3658,25
96027-01-03-01,SAXJ1808.4-3658,25
96027-01-03-02,SAXJ1808.4-3658,25
96027-01-03-04,SAXJ1808.4-3658,25
60034-01-01-00,SLX1735-269,26
60034-01-01-01,SLX1735-269,26
60034-01-01-03,SLX1735-269,26
60034-01-01-02,SLX1735-269,26
60034-01-01-04,SLX1735-269,26
60034-01-01-05,SLX1735-269,26
60034-01-01-06,SLX1735-269,26
60034-01-02-000,SLX1735-269,26
60034-01-02-00,SLX1735-269,26
60034-01-02-02,SLX1735-269,26
60034-01-02-01,SLX1735-269,26
60034-01-02-03,SLX1735-269,26
60034-01-03-02,SLX1735-269,26
60034-01-03-00,SLX1735-269,26
60034-01-03-01,SLX1735-269,26
60034-01-04-00,SLX1735-269,26
70134-08-01-00,SLX1735-269,26
70134-08-02-000,SLX1735-269,26
70134-08-02-00,SLX1735-269,26
80138-03-01-00,SLX1735-269,26
80138-03-02-00,SLX1735-269,26
80138-03-03-00,SLX1735-269,26
80138-03-04-00,SLX1735-269,26
80138-03-05-00,SLX1735-269,26
80138-03-06-00,SLX1735-269,26
80138-03-07-00,SLX1735-269,26
80138-03-07-01,SLX1735-269,26
80138-03-07-02,SLX1735-269,26
80138-03-07-03,SLX1735-269,26
80138-03-08-00,SLX1735-269,26
90058-05-01-00,SLX1735-269,26
90058-05-01-01,SLX1735-269,26
90058-05-01-02,SLX1735-269,26
90058-05-01-03,SLX1735-269,26
90058-05-01-04,SLX1735-269,26
90058-05-01-05,SLX1735-269,26
92052-02-02-00,SLX1735-269,26
92052-02-01-00,SLX1735-269,26
94044-05-01-00,SLX1735-269,26
96429-01-01-00,SLX1735-269,26
96429-01-01-01,SLX1735-269,26
96429-01-02-00,SLX1735-269,26
96429-01-02-01,SLX1735-269,26
96429-01-02-02,SLX1735-269,26
96429-01-03-00,SLX1735-269,26
96429-01-03-01,SLX1735-269,26
96429-01-03-02,SLX1735-269,26
96429-01-03-03,SLX1735-269,26
96429-01-04-00,SLX1735-269,26
96429-01-04-01,SLX1735-269,26
96429-01-04-02,SLX1735-269,26
96429-01-05-00,SLX1735-269,26
96429-01-05-01,SLX1735-269,26
96429-01-05-02,SLX1735-269,26
96429-01-06-00,SLX1735-269,26
96429-01-06-01,SLX1735-269,26
96429-01-06-02,SLX1735-269,26
96429-01-06-03,SLX1735-269,26
96429-01-07-00,SLX1735-269,26
96429-01-07-01,SLX1735-269,26
96429-01-08-00,SLX1735-269,26
96429-01-08-01,SLX1735-269,26
96429-01-08-02,SLX1735-269,26
96429-01-08-03,SLX1735-269,26
50407-01-06-00,XTEJ1118+480,27
50407-01-07-00,XTEJ1118+480,27
50407-01-07-01,XTEJ1118+480,27
50407-01-08-00,XTEJ1118+480,27
50133-01-04-00,XTEJ1118+480,27
50407-01-09-00,XTEJ1118+480,27
50407-01-10-00,XTEJ1118+480,27
50407-01-10-01,XTEJ1118+480,27
50407-01-11-00,XTEJ1118+480,27
50133-01-05-01,XTEJ1118+480,27
50133-01-05-00,XTEJ1118+480,27
50407-01-12-00,XTEJ1118+480,27
50407-01-13-00,XTEJ1118+480,27
50407-01-13-01,XTEJ1118+480,27
50407-01-13-02,XTEJ1118+480,27
50407-01-14-00,XTEJ1118+480,27
50133-01-06-00,XTEJ1118+480,27
50133-01-04-01,XTEJ1118+480,27
50407-01-14-01,XTEJ1118+480,27
50407-01-15-00,XTEJ1118+480,27
50407-01-14-02,XTEJ1118+480,27
50407-01-16-00,XTEJ1118+480,27
90011-01-01-00,XTEJ1118+480,27
90011-01-01-07,XTEJ1118+480,27
90011-01-01-02,XTEJ1118+480,27
90011-01-01-08,XTEJ1118+480,27
90011-01-01-03,XTEJ1118+480,27
90011-01-01-09,XTEJ1118+480,27
90011-01-01-04,XTEJ1118+480,27
90011-01-01-10,XTEJ1118+480,27
90011-01-01-05,XTEJ1118+480,27
90011-01-01-12,XTEJ1118+480,27
90011-01-01-06,XTEJ1118+480,27
90111-01-02-00,XTEJ1118+480,27
90111-01-02-06,XTEJ1118+480,27
90111-01-02-14,XTEJ1118+480,27
90111-01-02-15,XTEJ1118+480,27
90111-01-02-07,XTEJ1118+480,27
90111-01-02-10,XTEJ1118+480,27
90111-01-03-01,XTEJ1118+480,27
90111-01-03-02,XTEJ1118+480,27
50134-01-05-00,XTEJ1550-564,28
50135-01-01-00,XTEJ1550-564,28
50135-01-02-00,XTEJ1550-564,28
50135-01-03-00,XTEJ1550-564,28
50135-01-05-00,XTEJ1550-564,28
50135-01-06-00,XTEJ1550-564,28
50135-01-07-00,XTEJ1550-564,28
50135-01-08-00,XTEJ1550-564,28
50135-01-09-00,XTEJ1550-564,28
50135-01-10-00,XTEJ1550-564,28
50135-01-11-00,XTEJ1550-564,28
50135-01-12-00,XTEJ1550-564,28
50135-01-13-00,XTEJ1550-564,28
50135-01-14-00,XTEJ1550-564,28
50135-01-15-00,XTEJ1550-564,28
50135-01-16-00,XTEJ1550-564,28
50135-01-17-00,XTEJ1550-564,28
50135-01-19-00,XTEJ1550-564,28
50135-01-20-00,XTEJ1550-564,28
50135-01-21-00,XTEJ1550-564,28
50135-01-22-00,XTEJ1550-564,28
50135-01-23-00,XTEJ1550-564,28
50427-01-01-00,XTEJ1550-564,28
50137-02-08-01,XTEJ1550-564,28
50137-02-08-00,XTEJ1550-564,28
50137-02-09-00,XTEJ1550-564,28
50137-02-12-00,XTEJ1550-564,28
60428-01-01-00,XTEJ1550-564,28
60428-01-02-00,XTEJ1550-564,28
60428-01-03-00,XTEJ1550-564,28
60428-01-04-00,XTEJ1550-564,28
60428-01-05-00,XTEJ1550-564,28
60428-01-06-00,XTEJ1550-564,28
60428-01-07-00,XTEJ1550-564,28
60428-01-08-00,XTEJ1550-564,28
60428-01-09-00,XTEJ1550-564,28
60428-01-10-00,XTEJ1550-564,28
60428-01-11-00,XTEJ1550-564,28
60428-01-12-00,XTEJ1550-564,28
60428-01-13-00,XTEJ1550-564,28
60428-01-14-00,XTEJ1550-564,28
60428-01-15-00,XTEJ1550-564,28
60428-01-16-00,XTEJ1550-564,28
60428-01-17-00,XTEJ1550-564,28
80135-01-01-00,XTEJ1550-564,28
80135-01-01-01,XTEJ1550-564,28
80135-01-02-10,XTEJ1550-564,28
80135-01-01-02,XTEJ1550-564,28
80135-01-02-01,XTEJ1550-564,28
80135-01-02-02,XTEJ1550-564,28
80135-01-02-00,XTEJ1550-564,28
80135-01-03-00,XTEJ1550-564,28
80135-01-03-10,XTEJ1550-564,28
80135-01-03-20,XTEJ1550-564,28
80135-01-04-00,XTEJ1550-564,28
80135-01-04-01,XTEJ1550-564,28
80135-01-04-02,XTEJ1550-564,28
80135-01-04-03,XTEJ1550-564,28
80135-01-04-10,XTEJ1550-564,28
80135-01-04-06,XTEJ1550-564,28
80135-01-04-07,XTEJ1550-564,28
80135-01-04-20,XTEJ1550-564,28
80135-01-05-10,XTEJ1550-564,28
60113-01-03-00,XTEJ1650-500,29
60113-01-04-00,XTEJ1650-500,29
60113-01-05-00,XTEJ1650-500,29
60113-01-05-01,XTEJ1650-500,29
60113-01-06-00,XTEJ1650-500,29
60113-01-07-00,XTEJ1650-500,29
60113-01-08-00,XTEJ1650-500,29
60113-01-08-01,XTEJ1650-500,29
60113-01-09-00,XTEJ1650-500,29
60113-01-09-01,XTEJ1650-500,29
60113-01-09-02,XTEJ1650-500,29
60113-01-10-00,XTEJ1650-500,29
60113-01-10-01,XTEJ1650-500,29
60113-01-11-00,XTEJ1650-500,29
60113-01-11-01,XTEJ1650-500,29
60113-01-11-02,XTEJ1650-500,29
60113-01-12-00,XTEJ1650-500,29
60113-01-12-01,XTEJ1650-500,29
60113-01-12-02,XTEJ1650-500,29
60113-01-12-04,XTEJ1650-500,29
60113-01-13-00,XTEJ1650-500,29
60113-01-13-01,XTEJ1650-500,29
60113-01-14-00,XTEJ1650-500,29
60113-01-14-01G,XTEJ1650-500,29
60113-01-15-00,XTEJ1650-500,29
60113-01-16-00,XTEJ1650-500,29
60113-01-16-01,XTEJ1650-500,29
60113-01-17-00,XTEJ1650-500,29
60113-01-18-00,XTEJ1650-500,29
60113-01-18-01,XTEJ1650-500,29
60113-01-19-00,XTEJ1650-500,29
60113-01-22-00,XTEJ1650-500,29
60113-01-22-01,XTEJ1650-500,29
60113-01-23-01,XTEJ1650-500,29
60113-01-23-00,XTEJ1650-500,29
60113-01-24-00,XTEJ1650-500,29
60113-01-24-01,XTEJ1650-500,29
60113-01-25-00,XTEJ1650-500,29
60113-01-26-00,XTEJ1650-500,29
60113-01-27-00,XTEJ1650-500,29
60113-01-28-00,XTEJ1650-500,29
60113-01-29-00,XTEJ1650-500,29
60113-01-29-01,XTEJ1650-500,29
60113-01-29-02,XTEJ1650-500,29
60113-01-30-00,XTEJ1650-500,29
60113-01-30-01,XTEJ1650-500,29
60113-01-31-00,XTEJ1650-500,29
60113-01-32-00,XTEJ1650-500,29
60113-01-32-01,XTEJ1650-500,29
60113-01-33-00,XTEJ1650-500,29
60113-01-33-01,XTEJ1650-500,29
60113-01-33-02,XTEJ1650-500,29
60113-01-34-00,XTEJ1650-500,29
60113-01-35-01,XTEJ1650-500,29
60113-01-35-00,XTEJ1650-500,29
60118-02-01-00,XTEJ1650-500,29
60118-02-02-00,XTEJ1650-500,29
60113-01-36-00,XTEJ1650-500,29
60113-01-36-01,XTEJ1650-500,29
60118-02-03-00,XTEJ1650-500,29
60118-02-04-00,XTEJ1650-500,29
60113-01-37-00,XTEJ1650-500,29
60118-02-05-00,XTEJ1650-500,29
60118-02-06-00,XTEJ1650-500,29
60113-01-38-00,XTEJ1650-500,29
60118-02-07-00,XTEJ1650-500,29
60118-02-08-00,XTEJ1650-500,29
60113-01-39-00,XTEJ1650-500,29
60118-02-10-00,XTEJ1650-500,29
60113-01-40-00,XTEJ1650-500,29
60118-02-11-00,XTEJ1650-500,29
60118-02-12-00,XTEJ1650-500,29
60113-01-39-02,XTEJ1650-500,29
60118-02-13-00,XTEJ1650-500,29
60118-02-14-00,XTEJ1650-500,29
60118-02-15-00,XTEJ1650-500,29
60118-02-16-00,XTEJ1650-500,29
60118-02-17-00,XTEJ1650-500,29
60118-02-18-00,XTEJ1650-500,29
60118-02-20-00,XTEJ1650-500,29
60118-02-21-00,XTEJ1650-500,29
60118-02-22-00,XTEJ1650-500,29
60118-02-23-00,XTEJ1650-500,29
60118-02-24-00,XTEJ1650-500,29
60118-02-28-00,XTEJ1650-500,29
60118-02-29-00,XTEJ1650-500,29
60118-02-30-00,XTEJ1650-500,29
60118-02-31-00,XTEJ1650-500,29
60118-02-34-00,XTEJ1650-500,29
60118-02-35-00,XTEJ1650-500,29
60118-02-36-00,XTEJ1650-500,29
60118-02-37-00,XTEJ1650-500,29
70124-01-02-00,XTEJ1650-500,29
70124-01-03-00,XTEJ1650-500,29
70124-01-11-00,XTEJ1650-500,29
80138-04-02-00,XTEJ1814-338,30
80138-04-03-00,XTEJ1814-338,30
80138-04-04-00,XTEJ1814-338,30
80145-02-01-00,XTEJ1814-338,30
80145-02-01-010,XTEJ1814-338,30
80145-02-01-01,XTEJ1814-338,30
80418-01-01-00,XTEJ1814-338,30
80418-01-01-01,XTEJ1814-338,30
80418-01-01-02,XTEJ1814-338,30
80418-01-01-03,XTEJ1814-338,30
80418-01-01-04,XTEJ1814-338,30
80418-01-01-05,XTEJ1814-338,30
80418-01-01-06,XTEJ1814-338,30
80418-01-01-07,XTEJ1814-338,30
80418-01-01-08,XTEJ1814-338,30
80418-01-01-09,XTEJ1814-338,30
80418-01-02-01,XTEJ1814-338,30
80418-01-02-00,XTEJ1814-338,30
80418-01-02-03,XTEJ1814-338,30
80418-01-02-02,XTEJ1814-338,30
80418-01-02-06,XTEJ1814-338,30
80418-01-02-07,XTEJ1814-338,30
80418-01-02-09,XTEJ1814-338,30
80418-01-02-08,XTEJ1814-338,30
80418-01-02-04,XTEJ1814-338,30
80418-01-02-05,XTEJ1814-338,30
80418-01-03-12,XTEJ1814-338,30
80418-01-03-13,XTEJ1814-338,30
80418-01-03-000,XTEJ1814-338,30
80418-01-03-00,XTEJ1814-338,30
80418-01-03-04,XTEJ1814-338,30
80418-01-03-05,XTEJ1814-338,30
80418-01-03-02,XTEJ1814-338,30
80418-01-03-06,XTEJ1814-338,30
80418-01-03-07,XTEJ1814-338,30
80418-01-03-08,XTEJ1814-338,30
80418-01-03-09,XTEJ1814-338,30
80418-01-03-10,XTEJ1814-338,30
80418-01-03-11,XTEJ1814-338,30
80418-01-04-07,XTEJ1814-338,30
80418-01-04-00,XTEJ1814-338,30
80418-01-04-01,XTEJ1814-338,30
80418-01-04-02,XTEJ1814-338,30
80418-01-04-08,XTEJ1814-338,30
80418-01-04-03,XTEJ1814-338,30
80418-01-04-04,XTEJ1814-338,30
80418-01-04-05,XTEJ1814-338,30
80418-01-04-06,XTEJ1814-338,30
80418-01-05-00,XTEJ1814-338,30
80418-01-05-01,XTEJ1814-338,30
80418-01-05-03,XTEJ1814-338,30
80418-01-05-04,XTEJ1814-338,30
80418-01-05-05,XTEJ1814-338,30
80418-01-05-08,XTEJ1814-338,30
80418-01-05-09,XTEJ1814-338,30
80418-01-05-06,XTEJ1814-338,30
80418-01-05-10,XTEJ1814-338,30
80418-01-05-11,XTEJ1814-338,30
80418-01-05-07,XTEJ1814-338,30
80418-01-06-00,XTEJ1814-338,30
80418-01-06-01,XTEJ1814-338,30
80418-01-06-09,XTEJ1814-338,30
80418-01-06-11,XTEJ1814-338,30
80418-01-06-02,XTEJ1814-338,30
80418-01-06-03,XTEJ1814-338,30
80418-01-06-06,XTEJ1814-338,30
80418-01-06-05,XTEJ1814-338,30
80418-01-06-10,XTEJ1814-338,30
80418-01-06-07,XTEJ1814-338,30
80418-01-07-01,XTEJ1814-338,30
80418-01-07-06,XTEJ1814-338,30
80418-01-07-07,XTEJ1814-338,30
80418-01-07-08,XTEJ1814-338,30
