representation,model,fold,source_id,obs_id,true_label,BH_score,raw_score,threshold,predicted_label,name,state,sample,f_used
NICER v12,H_N-RF,,Cyg X-1,0100320102,BH,0.5815589446067245,0.5815589446067245,0.5,BH,H_N-RF,hard-like,v10,0.0
NICER v12,H_N-RF,,Cyg X-1,2636010102,BH,0.9457716564879026,0.9457716564879026,0.5,BH,H_N-RF,intermediate,v10,0.0
NICER v12,H_N-RF,,Cyg X-1,4690020110,BH,0.7216174473642055,0.7216174473642055,0.5,BH,H_N-RF,hard-like,v10,0.0
NICER v12,H_N-RF,,Cyg X-1,5100320107,BH,0.8234675333429037,0.8234675333429037,0.5,BH,H_N-RF,hard-like,v10,0.0
NICER v12,H_N-RF,,Cyg X-1,5100320118,BH,0.16095628661358707,0.16095628661358707,0.5,NS,H_N-RF,hard-like,v10,0.0
NICER v12,H_N-RF,,Cyg X-1,5100320126,BH,0.7015365013756102,0.7015365013756102,0.5,BH,H_N-RF,hard-like,v10,0.0
NICER v12,H_N-RF,,Cyg X-1,5607010303,BH,0.8797438414291445,0.8797438414291445,0.5,BH,H_N-RF,hard-like,v10,0.0
NICER v12,H_N-RF,,Cyg X-1,7706010110,BH,0.7001233235608754,0.7001233235608754,0.5,BH,H_N-RF,hard-like,v10,0.0007631414248862
NICER v12,H_N-RF,,LMC X-1,5100070101,BH,0.9491031718287638,0.9491031718287638,0.5,BH,H_N-RF,intermediate,v10,0.0121421235274593
NICER v12,H_N-RF,,LMC X-1,5100070103,BH,0.974794468153952,0.974794468153952,0.5,BH,H_N-RF,intermediate,v10,0.0126005946429904
NICER v12,H_N-RF,,LMC X-1,5100070105,BH,0.953551950497222,0.953551950497222,0.5,BH,H_N-RF,soft-like,v10,0.0160100988934748
NICER v12,H_N-RF,,LMC X-1,5100070106,BH,0.9655190085397456,0.9655190085397456,0.5,BH,H_N-RF,soft-like,v10,0.0076000673698018
NICER v12,H_N-RF,,LMC X-1,5100070107,BH,0.9657435848109321,0.9657435848109321,0.5,BH,H_N-RF,soft-like,v10,0.0106434931640091
NICER v12,H_N-RF,,LMC X-1,5100070108,BH,0.9663266275873647,0.9663266275873647,0.5,BH,H_N-RF,soft-like,v10,0.0082886819974367
NICER v12,H_N-RF,,LMC X-1,5100070110,BH,0.9792857438846092,0.9792857438846092,0.5,BH,H_N-RF,soft-like,v10,0.0130280222101766
NICER v12,H_N-RF,,LMC X-3,1101010136,BH,0.44055380201407224,0.44055380201407224,0.5,NS,H_N-RF,hard-like,v10,0.016936667835672
NICER v12,H_N-RF,,LMC X-3,2101010106,BH,0.9535759855295182,0.9535759855295182,0.5,BH,H_N-RF,soft-like,v10,0.0051012287721918
NICER v12,H_N-RF,,LMC X-3,3609010301,BH,0.999849889624724,0.999849889624724,0.5,BH,H_N-RF,soft-like,v10,0.008328874507042
NICER v12,H_N-RF,,LMC X-3,5101010101,BH,0.9994583349222288,0.9994583349222288,0.5,BH,H_N-RF,soft-like,v10,0.0143447992100679
NICER v12,H_N-RF,,LMC X-3,6101010109,BH,0.9538249792513193,0.9538249792513193,0.5,BH,H_N-RF,soft-like,v10,0.0048228899685555
NICER v12,H_N-RF,,LMC X-3,7101010102,BH,0.793630647786518,0.793630647786518,0.5,BH,H_N-RF,hard-like,v10,0.0349452173802754
NICER v12,H_N-RF,,LMC X-3,8101010101,BH,0.0729818287831765,0.0729818287831765,0.5,NS,H_N-RF,hard-like,v10,0.0082384285613297
NICER v12,H_N-RF,,SAX J1819.3-2525,2200300109,BH,0.4736593635491102,0.4736593635491102,0.5,NS,H_N-RF,soft-like,v10,0.007895918286627
NICER v12,H_N-RF,,SAX J1819.3-2525,3200300116,BH,0.48358616408467126,0.48358616408467126,0.5,NS,H_N-RF,soft-like,v10,0.0152739678288124
NICER v12,H_N-RF,,SAX J1819.3-2525,4702010103,BH,0.5024216402394015,0.5024216402394015,0.5,BH,H_N-RF,soft-like,v10,0.0055873899844431
NICER v12,H_N-RF,,SAX J1819.3-2525,4200300114,BH,0.5999156711001986,0.5999156711001986,0.5,BH,H_N-RF,soft-like,v10,0.0057679372150985
NICER v12,H_N-RF,,SAX J1819.3-2525,4200300122,BH,0.5151897975546593,0.5151897975546593,0.5,BH,H_N-RF,soft-like,v10,0.0033978683725555
NICER v12,H_N-RF,,SAX J1819.3-2525,7200300114,BH,0.22068903646747073,0.22068903646747076,0.5,NS,H_N-RF,soft-like,v10,0.0151454101889772
NICER v12,H_N-RF,,4U 1543-475,4202230114,BH,0.9988767218225879,0.9988767218225879,0.5,BH,H_N-RF,hard-like,v10,0.0
NICER v12,H_N-RF,,4U 1543-475,4202230162,BH,0.9745174904140649,0.9745174904140649,0.5,BH,H_N-RF,soft-like,v10,0.0
NICER v12,H_N-RF,,4U 1543-475,4202230170,BH,0.9766667801144916,0.9766667801144916,0.5,BH,H_N-RF,soft-like,v10,0.0
NICER v12,H_N-RF,,4U 1543-475,4681010101,BH,0.8715962691741455,0.8715962691741455,0.5,BH,H_N-RF,hard-like,v10,0.0091910249051039
NICER v12,H_N-RF,,4U 1543-475,5202230222,BH,0.29299665351356974,0.29299665351356974,0.5,NS,H_N-RF,hard-like,v10,0.0054450814546959
NICER v12,H_N-RF,,GX 339-4,3133010113,BH,0.20486812224173123,0.20486812224173126,0.5,NS,H_N-RF,hard-like,v10,0.0046809993471522
NICER v12,H_N-RF,,GX 339-4,3558011301,BH,0.8089129929662164,0.8089129929662164,0.5,BH,H_N-RF,hard-like,v10,0.0020196115259884
NICER v12,H_N-RF,,GX 339-4,4133010115,BH,0.9965099307699091,0.9965099307699091,0.5,BH,H_N-RF,soft-like,v10,0.0
NICER v12,H_N-RF,,GX 339-4,4133010165,BH,0.9974917047674791,0.9974917047674791,0.5,BH,H_N-RF,soft-like,v10,0.0
NICER v12,H_N-RF,,GX 339-4,4133010243,BH,0.9987458523837396,0.9987458523837396,0.5,BH,H_N-RF,soft-like,v10,0.0007792523796817
NICER v12,H_N-RF,,GX 339-4,5133010210,BH,0.07646201984977702,0.076462019849777,0.5,NS,H_N-RF,hard-like,v10,0.0222133775728752
NICER v12,H_N-RF,,GX 339-4,6133010216,BH,0.9791470429521133,0.9791470429521133,0.5,BH,H_N-RF,soft-like,v10,0.0
NICER v12,H_N-RF,,Swift J1727.8-1613,6203980107,BH,0.08108066140168935,0.08108066140168932,0.5,NS,H_N-RF,hard-like,v10,0.0
NICER v12,H_N-RF,,Swift J1727.8-1613,6750010301,BH,0.02203339538448107,0.022033395384481083,0.5,NS,H_N-RF,hard-like,v10,0.0
NICER v12,H_N-RF,,Swift J1727.8-1613,6203980119,BH,0.026699622877613016,0.026699622877613,0.5,NS,H_N-RF,hard-like,v10,0.0
NICER v12,H_N-RF,,Swift J1727.8-1613,6203980133,BH,0.9821497825840437,0.9821497825840437,0.5,BH,H_N-RF,soft-like,v10,0.0
NICER v12,H_N-RF,,Swift J1727.8-1613,6203980146,BH,1.0,1.0,0.5,BH,H_N-RF,soft-like,v10,0.0
NICER v12,H_N-RF,,Swift J1727.8-1613,6588020103,BH,0.9551934360255746,0.9551934360255746,0.5,BH,H_N-RF,soft-like,v10,0.0015100123186621
NICER v12,H_N-RF,,Swift J1727.8-1613,6588020104,BH,0.9501379833631887,0.9501379833631887,0.5,BH,H_N-RF,hard-like,v10,0.0035490781702081
NICER v12,H_N-RF,,Swift J1727.8-1613,7203980106,BH,0.4840576239930032,0.4840576239930032,0.5,NS,H_N-RF,hard-like,v10,0.0152865427512046
NICER v12,H_N-RF,,MAXI J1820+070,1200120116,BH,0.5437388443618303,0.5437388443618303,0.5,BH,H_N-RF,hard-like,v10,0.0
NICER v12,H_N-RF,,MAXI J1820+070,1200120132,BH,0.4832874330543326,0.4832874330543326,0.5,NS,H_N-RF,hard-like,v10,0.0
NICER v12,H_N-RF,,MAXI J1820+070,1200120173,BH,0.40218807527916545,0.40218807527916545,0.5,NS,H_N-RF,hard-like,v10,0.0
NICER v12,H_N-RF,,MAXI J1820+070,1200120267,BH,0.8996141246265413,0.8996141246265413,0.5,BH,H_N-RF,hard-like,v10,0.0
NICER v12,H_N-RF,,MAXI J1820+070,2200120308,BH,0.5552492713046052,0.5552492713046052,0.5,BH,H_N-RF,hard-like,v10,0.0092881607692578
NICER v12,H_N-RF,,MAXI J1820+070,2200120309,BH,0.7388684478231109,0.7388684478231109,0.5,BH,H_N-RF,hard-like,v10,0.0057002912732477
NICER v12,H_N-RF,,MAXI J1820+070,2200120350,BH,0.03621437198734295,0.036214371987342946,0.5,NS,H_N-RF,hard-like,v10,0.0228077431371829
NICER v12,H_N-RF,,GRS 1915+105,0103010107,BH,0.0,0.0,0.5,NS,H_N-RF,hard-like,v10,0.0
NICER v12,H_N-RF,,GRS 1915+105,1103010218,BH,0.08259758603244816,0.08259758603244818,0.5,NS,H_N-RF,hard-like,v10,0.0048688162389097
NICER v12,H_N-RF,,GRS 1915+105,3103010252,BH,0.05213162250624753,0.05213162250624751,0.5,NS,H_N-RF,soft-like,v10,0.0164741705263055
NICER v12,H_N-RF,,GRS 1915+105,4103010225,BH,0.0,0.0,0.5,NS,H_N-RF,hard-like,v10,0.0014946067707724
NICER v12,H_N-RF,,GRS 1915+105,4647012701,BH,0.04718886256315574,0.04718886256315576,0.5,NS,H_N-RF,hard-like,v10,0.0022718824236472
NICER v12,H_N-RF,,1A 1744-361,5202800107,NS,0.01584603964629422,0.015846039646294222,0.5,NS,H_N-RF,soft-like,v10,0.0020581157580895
NICER v12,H_N-RF,,1A 1744-361,5202800112,NS,0.020601192082709108,0.02060119208270912,0.5,NS,H_N-RF,soft-like,v10,0.001675001010078
NICER v12,H_N-RF,,1A 1744-361,5202800128,NS,0.004988651257822718,0.004988651257822715,0.5,NS,H_N-RF,soft-like,v10,0.0047951899410038
NICER v12,H_N-RF,,1A 1744-361,5202800141,NS,0.03969133990380924,0.03969133990380924,0.5,NS,H_N-RF,soft-like,v10,0.0035864516327786
NICER v12,H_N-RF,,1A 1744-361,5202800144,NS,0.07969102826302904,0.07969102826302905,0.5,NS,H_N-RF,intermediate,v10,0.0075781290532689
NICER v12,H_N-RF,,1A 1744-361,7202800102,NS,0.09983127048766355,0.09983127048766353,0.5,NS,H_N-RF,hard-like,v10,0.0275324134132384
NICER v12,H_N-RF,,1A 1744-361,7202800106,NS,0.010523237596403334,0.010523237596403313,0.5,NS,H_N-RF,soft-like,v10,0.0053252466430105
NICER v12,H_N-RF,,2S 0918-549,3050450124,NS,0.3256108849741058,0.3256108849741058,0.5,NS,H_N-RF,hard-like,v10,0.0252537683138424
NICER v12,H_N-RF,,2S 0918-549,3050450169,NS,0.030384181807748323,0.030384181807748337,0.5,NS,H_N-RF,intermediate,v10,0.0303620248106876
NICER v12,H_N-RF,,2S 0918-549,4050450150,NS,0.014479323180662529,0.014479323180662538,0.5,NS,H_N-RF,soft-like,v10,0.0274014458457433
NICER v12,H_N-RF,,2S 0918-549,5050450128,NS,0.01753330914002521,0.017533309140025228,0.5,NS,H_N-RF,intermediate,v10,0.0065716783807679
NICER v12,H_N-RF,,2S 0918-549,5050450152,NS,0.0062276857786219275,0.006227685778621925,0.5,NS,H_N-RF,hard-like,v10,0.0138061022047038
NICER v12,H_N-RF,,4U 0513-40,1050010106,NS,0.029013228222432685,0.029013228222432668,0.5,NS,H_N-RF,soft-like,v10,0.0199047580790098
NICER v12,H_N-RF,,4U 0513-40,1050010108,NS,0.028877139668774032,0.028877139668774046,0.5,NS,H_N-RF,intermediate,v10,0.0319582779348734
NICER v12,H_N-RF,,4U 0513-40,1050010109,NS,0.04369040560519932,0.043690405605199316,0.5,NS,H_N-RF,soft-like,v10,0.0287960452110688
NICER v12,H_N-RF,,4U 0513-40,1050010112,NS,0.08026817605482683,0.0802681760548268,0.5,NS,H_N-RF,soft-like,v10,0.0209886067130525
NICER v12,H_N-RF,,4U 0614+09,5050020204,NS,0.28926063969095234,0.28926063969095234,0.5,NS,H_N-RF,hard-like,v10,0.0035412644771195
NICER v12,H_N-RF,,4U 0614+09,5050020226,NS,0.29383137977436274,0.29383137977436274,0.5,NS,H_N-RF,soft-like,v10,0.0014320898321043
NICER v12,H_N-RF,,4U 1246-588,2200970102,NS,0.008738429462408104,0.00873842946240811,0.5,NS,H_N-RF,hard-like,v10,0.0127727105751519
NICER v12,H_N-RF,,4U 1246-588,8200970113,NS,0.26492212871097864,0.26492212871097864,0.5,NS,H_N-RF,hard-like,v10,0.1938382640231896
NICER v12,H_N-RF,,4U 1246-588,8200970115,NS,0.004207131851199641,0.004207131851199648,0.5,NS,H_N-RF,hard-like,v10,0.0
NICER v12,H_N-RF,,4U 1254-69,3050470108,NS,0.0,0.0,0.5,NS,H_N-RF,soft-like,v10,0.0086244000311583
NICER v12,H_N-RF,,4U 1254-69,3050470110,NS,0.015176359737402723,0.015176359737402728,0.5,NS,H_N-RF,soft-like,v10,0.0053910586182249
NICER v12,H_N-RF,,4U 1254-69,3050470160,NS,0.0015585412667946108,0.0015585412667946258,0.5,NS,H_N-RF,soft-like,v10,0.0037980657897977
NICER v12,H_N-RF,,4U 1254-69,4050470135,NS,0.0040000000000000036,0.004,0.5,NS,H_N-RF,soft-like,v10,0.0060160259946749
NICER v12,H_N-RF,,4U 1254-69,4050470160,NS,0.0,0.0,0.5,NS,H_N-RF,intermediate,v10,0.0182210558699989
NICER v12,H_N-RF,,4U 1254-69,5050470121,NS,0.022165364041222935,0.02216536404122292,0.5,NS,H_N-RF,soft-like,v10,0.0033138520578702
NICER v12,H_N-RF,,4U 1254-69,5050470125,NS,0.004238900904330434,0.004238900904330435,0.5,NS,H_N-RF,soft-like,v10,0.0145953143696027
NICER v12,H_N-RF,,4U 1543-624,3604010101,NS,0.02938738360759441,0.02938738360759439,0.5,NS,H_N-RF,hard-like,v10,0.008505861752927
NICER v12,H_N-RF,,4U 1608-522,1050070128,NS,0.013810436322466424,0.013810436322466398,0.5,NS,H_N-RF,soft-like,v10,0.0
NICER v12,H_N-RF,,4U 1608-522,2050070108,NS,0.0,0.0,0.5,NS,H_N-RF,hard-like,v10,0.0061183546343721
NICER v12,H_N-RF,,4U 1608-522,3657020901,NS,0.0,0.0,0.5,NS,H_N-RF,soft-like,v10,0.0
NICER v12,H_N-RF,,4U 1608-522,3657021501,NS,0.0018270676691729548,0.0018270676691729323,0.5,NS,H_N-RF,soft-like,v10,0.0
NICER v12,H_N-RF,,4U 1608-522,3657023001,NS,0.013440369353655723,0.013440369353655718,0.5,NS,H_N-RF,soft-like,v10,0.0
NICER v12,H_N-RF,,4U 1608-522,3657024701,NS,0.013810436322466424,0.013810436322466398,0.5,NS,H_N-RF,soft-like,v10,0.0
NICER v12,H_N-RF,,4U 1608-522,3657027601,NS,0.09014102978884209,0.09014102978884211,0.5,NS,H_N-RF,hard-like,v10,0.0115361432364594
NICER v12,H_N-RF,,4U 1636-536,2050080212,NS,0.6014951588412843,0.6014951588412843,0.5,BH,H_N-RF,hard-like,v10,0.019779554513342
NICER v12,H_N-RF,,4U 1702-429,2050110108,NS,0.03776731754411139,0.037767317544111376,0.5,NS,H_N-RF,hard-like,v10,0.0086607646878457
NICER v12,H_N-RF,,4U 1702-429,2050110115,NS,0.022171329573306642,0.02217132957330663,0.5,NS,H_N-RF,hard-like,v10,0.0191135030992613
NICER v12,H_N-RF,,4U 1702-429,2050110124,NS,0.06570410340293048,0.06570410340293047,0.5,NS,H_N-RF,hard-like,v10,0.0498180386996004
NICER v12,H_N-RF,,4U 1702-429,2587030102,NS,0.0017529538131041966,0.001752953813104189,0.5,NS,H_N-RF,hard-like,v10,0.0048513912400534
NICER v12,H_N-RF,,4U 1702-429,2587030103,NS,0.0,0.0,0.5,NS,H_N-RF,hard-like,v10,0.0042227228773417
NICER v12,H_N-RF,,4U 1705-32,4202170107,NS,0.0,0.0,0.5,NS,H_N-RF,soft-like,v10,0.0064582493335746
NICER v12,H_N-RF,,4U 1705-32,4202170110,NS,0.0064517497348886566,0.006451749734888653,0.5,NS,H_N-RF,soft-like,v10,0.0209829008289777
NICER v12,H_N-RF,,4U 1705-32,4202170111,NS,0.0,0.0,0.5,NS,H_N-RF,soft-like,v10,0.0172511491940371
NICER v12,H_N-RF,,4U 1705-44,1050120113,NS,0.0,0.0,0.5,NS,H_N-RF,soft-like,v10,0.0
NICER v12,H_N-RF,,4U 1705-44,1050120115,NS,0.0,0.0,0.5,NS,H_N-RF,soft-like,v10,0.0
NICER v12,H_N-RF,,4U 1705-44,2050120102,NS,0.0,0.0,0.5,NS,H_N-RF,soft-like,v10,0.0
NICER v12,H_N-RF,,4U 1705-44,2050120103,NS,0.0,0.0,0.5,NS,H_N-RF,soft-like,v10,0.0
NICER v12,H_N-RF,,4U 1705-44,3050120101,NS,0.0,0.0,0.5,NS,H_N-RF,soft-like,v10,0.0013007160459805
NICER v12,H_N-RF,,4U 1705-44,3050120102,NS,0.0,0.0,0.5,NS,H_N-RF,soft-like,v10,0.0008769785443226
NICER v12,H_N-RF,,4U 1705-44,3050120104,NS,0.0,0.0,0.5,NS,H_N-RF,soft-like,v10,0.0034488256335628
NICER v12,H_N-RF,,4U 1705-44,3050120105,NS,0.0,0.0,0.5,NS,H_N-RF,soft-like,v10,0.0026487061059071
NICER v12,H_N-RF,,4U 1722-30,7402780101,NS,0.029973397866906726,0.029973397866906736,0.5,NS,H_N-RF,intermediate,v10,0.0091432737998474
NICER v12,H_N-RF,,4U 1728-34,2587010101,NS,0.07020320158975407,0.07020320158975409,0.5,NS,H_N-RF,soft-like,v10,0.0020013682146331
NICER v12,H_N-RF,,4U 1728-34,2587010103,NS,0.008512460655061282,0.00851246065506128,0.5,NS,H_N-RF,soft-like,v10,0.0049376630795571
NICER v12,H_N-RF,,4U 1735-444,3050500102,NS,0.059192190065343764,0.05919219006534376,0.5,NS,H_N-RF,soft-like,v10,0.0006749138622322
NICER v12,H_N-RF,,4U 1735-444,4050500101,NS,0.013307766412991029,0.01330776641299103,0.5,NS,H_N-RF,soft-like,v10,0.000837680783967
NICER v12,H_N-RF,,4U 1735-444,4050500102,NS,0.004256808383724053,0.004256808383724036,0.5,NS,H_N-RF,soft-like,v10,0.000887150822295
NICER v12,H_N-RF,,4U 1735-444,4050500104,NS,0.0015635673624288526,0.0015635673624288427,0.5,NS,H_N-RF,soft-like,v10,0.0
NICER v12,H_N-RF,,4U 1735-444,5050500101,NS,0.0,0.0,0.5,NS,H_N-RF,soft-like,v10,0.0034225847878715
NICER v12,H_N-RF,,4U 1735-444,7700030101,NS,0.008817757022331452,0.00881775702233148,0.5,NS,H_N-RF,soft-like,v10,0.0018392799145878
NICER v12,H_N-RF,,4U 1812-12,2560010103,NS,0.3364010516185224,0.3364010516185224,0.5,NS,H_N-RF,hard-like,v10,0.0198798615000098
NICER v12,H_N-RF,,4U 1812-12,2560010203,NS,0.3043024987234673,0.3043024987234673,0.5,NS,H_N-RF,hard-like,v10,0.0139837810431001
NICER v12,H_N-RF,,4U 1812-12,3580010103,NS,0.013018353725873344,0.013018353725873342,0.5,NS,H_N-RF,hard-like,v10,0.0114786715172329
NICER v12,H_N-RF,,4U 1812-12,3580010205,NS,0.09010325758637405,0.09010325758637405,0.5,NS,H_N-RF,hard-like,v10,0.0128873844052001
NICER v12,H_N-RF,,4U 1812-12,3580010310,NS,0.6453178868242676,0.6453178868242676,0.5,BH,H_N-RF,hard-like,v10,0.0150131123869546
NICER v12,H_N-RF,,4U 1812-12,3580010317,NS,0.33932203676886363,0.33932203676886363,0.5,NS,H_N-RF,hard-like,v10,0.0175077730384775
NICER v12,H_N-RF,,4U 1812-12,3580010325,NS,0.7103757150133252,0.7103757150133252,0.5,BH,H_N-RF,hard-like,v10,0.0336569192241159
NICER v12,H_N-RF,,4U 1812-12,4202290104,NS,0.0,0.0,0.5,NS,H_N-RF,hard-like,v10,0.0351193686222338
NICER v12,H_N-RF,,4U 1820-303,1050300121,NS,0.00435321964512092,0.00435321964512094,0.5,NS,H_N-RF,hard-like,v10,0.0
NICER v12,H_N-RF,,4U 1820-303,2050300120,NS,0.6147865843394753,0.6147865843394753,0.5,BH,H_N-RF,intermediate,v10,0.0019740153848252
NICER v12,H_N-RF,,4U 1820-303,4680010103,NS,0.9070447639117003,0.9070447639117003,0.5,BH,H_N-RF,soft-like,v10,0.0007599885484804
NICER v12,H_N-RF,,4U 1820-303,4680010119,NS,0.011905413883166682,0.011905413883166661,0.5,NS,H_N-RF,soft-like,v10,0.00156049203956
NICER v12,H_N-RF,,4U 1820-303,5604010301,NS,0.02636120290259575,0.026361202902595735,0.5,NS,H_N-RF,soft-like,v10,0.0
NICER v12,H_N-RF,,4U 1820-303,5604010901,NS,0.4894400033336044,0.4894400033336044,0.5,NS,H_N-RF,soft-like,v10,0.002240817039707
NICER v12,H_N-RF,,4U 1820-303,8050300119,NS,0.010299708466767588,0.010299708466767605,0.5,NS,H_N-RF,hard-like,v10,0.0
NICER v12,H_N-RF,,4U 1850-086,6403520101,NS,0.2751433793298433,0.2751433793298433,0.5,NS,H_N-RF,soft-like,v10,0.001889660397849
NICER v12,H_N-RF,,4U 1850-086,7403520101,NS,0.8699803363609104,0.8699803363609104,0.5,BH,H_N-RF,soft-like,v10,0.0051980433823055
NICER v12,H_N-RF,,4U 1850-086,7204410101,NS,0.8377706497002237,0.8377706497002237,0.5,BH,H_N-RF,hard-like,v10,0.0142641830238315
NICER v12,H_N-RF,,4U 1850-086,7204410102,NS,0.6459472504402146,0.6459472504402146,0.5,BH,H_N-RF,soft-like,v10,0.01087041600076
NICER v12,H_N-RF,,4U 1850-086,7204410103,NS,0.3194217878616598,0.3194217878616598,0.5,NS,H_N-RF,soft-like,v10,0.0181632046394115
NICER v12,H_N-RF,,Aql X-1,1050340105,NS,0.004698416853865572,0.004698416853865581,0.5,NS,H_N-RF,soft-like,v10,0.0
NICER v12,H_N-RF,,Aql X-1,2050340113,NS,0.006602749799348162,0.006602749799348134,0.5,NS,H_N-RF,soft-like,v10,0.0
NICER v12,H_N-RF,,Aql X-1,3050340119,NS,0.3024927476158528,0.3024927476158528,0.5,NS,H_N-RF,soft-like,v10,0.0016898489326547
NICER v12,H_N-RF,,Aql X-1,3050340151,NS,0.37212922699534284,0.37212922699534284,0.5,NS,H_N-RF,hard-like,v10,0.0142859327262776
NICER v12,H_N-RF,,Aql X-1,6050340101,NS,0.005383516791464649,0.005383516791464659,0.5,NS,H_N-RF,soft-like,v10,0.0
NICER v12,H_N-RF,,Aql X-1,6634020121,NS,0.0,0.0,0.5,NS,H_N-RF,soft-like,v10,0.0
NICER v12,H_N-RF,,Aql X-1,6634020142,NS,0.026495396201036525,0.02649539620103655,0.5,NS,H_N-RF,soft-like,v10,0.0006845376164085
NICER v12,H_N-RF,,Aql X-1,7050340124,NS,0.06898607733777207,0.06898607733777204,0.5,NS,H_N-RF,hard-like,v10,0.0130448862147953
NICER v12,H_N-RF,,Cen X-4,1030110106,NS,0.006107074313690564,0.006107074313690588,0.5,NS,H_N-RF,hard-like,v10,0.0
NICER v12,H_N-RF,,Cir X-1,2050050121,NS,0.003383516791464647,0.0033835167914646595,0.5,NS,H_N-RF,soft-like,v10,0.0
NICER v12,H_N-RF,,Cir X-1,3578010901,NS,0.8339860869045461,0.8339860869045461,0.5,BH,H_N-RF,soft-like,v10,0.0016937234658217
NICER v12,H_N-RF,,Cir X-1,3668010102,NS,0.030841627260372317,0.030841627260372293,0.5,NS,H_N-RF,soft-like,v10,0.0
NICER v12,H_N-RF,,Cir X-1,5571030102,NS,0.009402645355594763,0.009402645355594735,0.5,NS,H_N-RF,soft-like,v10,0.0
NICER v12,H_N-RF,,Cir X-1,5571070102,NS,0.0,0.0,0.5,NS,H_N-RF,soft-like,v10,0.0
NICER v12,H_N-RF,,Cir X-1,6689030101,NS,0.6361066032775179,0.6361066032775179,0.5,BH,H_N-RF,soft-like,v10,0.0
NICER v12,H_N-RF,,Cir X-1,6689030202,NS,0.05143851064874605,0.05143851064874604,0.5,NS,H_N-RF,soft-like,v10,0.0
NICER v12,H_N-RF,,Cyg X-2,0034150107,NS,0.007199722617818649,0.0071997226178186526,0.5,NS,H_N-RF,soft-like,v10,0.0
NICER v12,H_N-RF,,Cyg X-2,1034150111,NS,0.007800794757071128,0.007800794757071113,0.5,NS,H_N-RF,soft-like,v10,0.0
NICER v12,H_N-RF,,Cyg X-2,1034150134,NS,0.0017502714440825184,0.0017502714440825189,0.5,NS,H_N-RF,soft-like,v10,0.0
NICER v12,H_N-RF,,Cyg X-2,1034150142,NS,0.0012733017377566935,0.001273301737756714,0.5,NS,H_N-RF,soft-like,v10,0.0
NICER v12,H_N-RF,,Cyg X-2,5034150103,NS,0.0,0.0,0.5,NS,H_N-RF,soft-like,v10,0.0
NICER v12,H_N-RF,,Cyg X-2,7034150103,NS,0.014504400402751083,0.01450440040275106,0.5,NS,H_N-RF,soft-like,v10,0.0
NICER v12,H_N-RF,,Cyg X-2,7034150113,NS,0.005941255405710388,0.005941255405710381,0.5,NS,H_N-RF,soft-like,v10,0.0
NICER v12,H_N-RF,,Cyg X-2,7034150116,NS,0.0,0.0,0.5,NS,H_N-RF,soft-like,v10,0.0
NICER v12,H_N-RF,,EXO 0748-676,7050030111,NS,0.8614298371972021,0.8614298371972021,0.5,BH,H_N-RF,hard-like,v10,0.1505311438937236
NICER v12,H_N-RF,,EXO 0748-676,7050030142,NS,0.36423255698056284,0.36423255698056284,0.5,NS,H_N-RF,hard-like,v10,0.069997747792287
NICER v12,H_N-RF,,EXO 0748-676,7050030148,NS,0.0028487190197716283,0.0028487190197716518,0.5,NS,H_N-RF,hard-like,v10,0.1070731591501681
NICER v12,H_N-RF,,GRS 1747-312,2050440104,NS,0.0,0.0,0.5,NS,H_N-RF,soft-like,v10,0.0205146276940435
NICER v12,H_N-RF,,GRS 1747-312,2050440107,NS,0.011148381671870267,0.011148381671870279,0.5,NS,H_N-RF,soft-like,v10,0.0119501583435484
NICER v12,H_N-RF,,GRS 1747-312,6739015501,NS,0.0,0.0,0.5,NS,H_N-RF,soft-like,v10,0.0165531410588272
NICER v12,H_N-RF,,GS 1826-24,1050310106,NS,0.8275251973917057,0.8275251973917057,0.5,BH,H_N-RF,hard-like,v10,0.0
NICER v12,H_N-RF,,GS 1826-24,1050310116,NS,0.0032127597674087016,0.003212759767408703,0.5,NS,H_N-RF,hard-like,v10,0.0
NICER v12,H_N-RF,,GS 1826-24,3050310101,NS,0.023690586683960624,0.023690586683960606,0.5,NS,H_N-RF,soft-like,v10,0.0
NICER v12,H_N-RF,,GS 1826-24,5050310104,NS,0.0015610687022900582,0.0015610687022900762,0.5,NS,H_N-RF,soft-like,v10,0.0
NICER v12,H_N-RF,,GX 13+1,1108020103,NS,0.017175638770808965,0.01717563877080897,0.5,NS,H_N-RF,soft-like,v10,0.0
NICER v12,H_N-RF,,GX 13+1,5670010101,NS,0.0,0.0,0.5,NS,H_N-RF,soft-like,v10,0.0
NICER v12,H_N-RF,,GX 13+1,5670010202,NS,0.0323843317942617,0.03238433179426172,0.5,NS,H_N-RF,soft-like,v10,0.0
NICER v12,H_N-RF,,GX 13+1,5670010402,NS,0.009246036663070556,0.009246036663070577,0.5,NS,H_N-RF,soft-like,v10,0.0
NICER v12,H_N-RF,,GX 13+1,5670010403,NS,0.010325051512729333,0.010325051512729328,0.5,NS,H_N-RF,soft-like,v10,0.0
NICER v12,H_N-RF,,GX 13+1,5670010406,NS,0.005939780663003491,0.005939780663003502,0.5,NS,H_N-RF,soft-like,v10,0.0
NICER v12,H_N-RF,,GX 13+1,7701010101,NS,0.004189509218920973,0.004189509218920984,0.5,NS,H_N-RF,soft-like,v10,0.0
NICER v12,H_N-RF,,GX 13+1,7108020103,NS,0.046858294296987846,0.04685829429698787,0.5,NS,H_N-RF,soft-like,v10,0.0
NICER v12,H_N-RF,,GX 17+2,1050410107,NS,0.004512490397807489,0.004512490397807513,0.5,NS,H_N-RF,soft-like,v10,0.0
NICER v12,H_N-RF,,GX 17+2,1050410112,NS,0.40188371573937226,0.40188371573937226,0.5,NS,H_N-RF,hard-like,v10,0.0
NICER v12,H_N-RF,,GX 17+2,1050410118,NS,0.007779922779922788,0.007779922779922779,0.5,NS,H_N-RF,soft-like,v10,0.0
NICER v12,H_N-RF,,GX 17+2,1050410119,NS,0.0,0.0,0.5,NS,H_N-RF,soft-like,v10,0.0
NICER v12,H_N-RF,,GX 17+2,1050410133,NS,0.0,0.0,0.5,NS,H_N-RF,soft-like,v10,0.0
NICER v12,H_N-RF,,GX 17+2,3050410103,NS,0.024249734633779496,0.02424973463377951,0.5,NS,H_N-RF,soft-like,v10,0.0
NICER v12,H_N-RF,,GX 17+2,7050410103,NS,0.0,0.0,0.5,NS,H_N-RF,soft-like,v10,0.0
NICER v12,H_N-RF,,GX 17+2,7050410107,NS,0.0,0.0,0.5,NS,H_N-RF,soft-like,v10,0.0
NICER v12,H_N-RF,,GX 3+1,7700040101,NS,0.0,0.0,0.5,NS,H_N-RF,soft-like,v10,0.0
NICER v12,H_N-RF,,GX 3+1,7700040102,NS,0.0,0.0,0.5,NS,H_N-RF,soft-like,v10,0.0006570812636823
NICER v12,H_N-RF,,GX 3+1,8611010102,NS,0.0,0.0,0.5,NS,H_N-RF,soft-like,v10,0.0
NICER v12,H_N-RF,,GX 3+1,8611010103,NS,0.0,0.0,0.5,NS,H_N-RF,soft-like,v10,0.0
NICER v12,H_N-RF,,GX 3+1,8611010104,NS,0.0,0.0,0.5,NS,H_N-RF,soft-like,v10,0.0
NICER v12,H_N-RF,,GX 3+1,8611010105,NS,0.0,0.0,0.5,NS,H_N-RF,soft-like,v10,0.0
NICER v12,H_N-RF,,GX 3+1,8611010106,NS,0.0037806344870651154,0.003780634487065109,0.5,NS,H_N-RF,soft-like,v10,0.0
NICER v12,H_N-RF,,IGR J17062-6143,3034100101,NS,1.0,1.0,0.5,BH,H_N-RF,intermediate,v10,0.0195697964075274
NICER v12,H_N-RF,,IGR J17498-2921,6560010103,NS,0.0,0.0,0.5,NS,H_N-RF,intermediate,v10,0.0066282026195262
NICER v12,H_N-RF,,IGR J17498-2921,6560010105,NS,0.049910642793610904,0.04991064279361088,0.5,NS,H_N-RF,hard-like,v10,0.0151607229430552
NICER v12,H_N-RF,,IGR J17498-2921,6560010109,NS,0.02328027367749763,0.023280273677497607,0.5,NS,H_N-RF,hard-like,v10,0.0137066709674273
NICER v12,H_N-RF,,IGR J17498-2921,6560010113,NS,0.0018686464877212816,0.0018686464877213022,0.5,NS,H_N-RF,hard-like,v10,0.0091888778510323
NICER v12,H_N-RF,,IGR J17498-2921,6560010124,NS,0.28060859797792137,0.28060859797792137,0.5,NS,H_N-RF,hard-like,v10,0.1253733786329556
NICER v12,H_N-RF,,M15 X-2,5034140105,NS,0.03467382728914764,0.03467382728914764,0.5,NS,H_N-RF,soft-like,v10,0.0073277389929812
NICER v12,H_N-RF,,M15 X-2,5034140111,NS,0.01593054792295051,0.0159305479229505,0.5,NS,H_N-RF,soft-like,v10,0.0063067740120082
NICER v12,H_N-RF,,M15 X-2,5034140122,NS,0.029256965679663627,0.029256965679663603,0.5,NS,H_N-RF,soft-like,v10,0.0035981742587412
NICER v12,H_N-RF,,M15 X-2,5034140128,NS,0.07729549091289423,0.07729549091289421,0.5,NS,H_N-RF,soft-like,v10,0.0071910204558255
NICER v12,H_N-RF,,M15 X-2,5034140133,NS,0.01677924487727167,0.01677924487727168,0.5,NS,H_N-RF,soft-like,v10,0.0056967902927598
NICER v12,H_N-RF,,MAXI J1807+132,2200840102,NS,0.3249631343142662,0.3249631343142662,0.5,NS,H_N-RF,hard-like,v10,0.00972546826671
NICER v12,H_N-RF,,MAXI J1807+132,6200840106,NS,0.7487705968630436,0.7487705968630436,0.5,BH,H_N-RF,hard-like,v10,0.0126024049617315
NICER v12,H_N-RF,,MAXI J1807+132,6634010102,NS,0.7516394663455507,0.7516394663455507,0.5,BH,H_N-RF,hard-like,v10,0.0060404584837194
NICER v12,H_N-RF,,MAXI J1807+132,6634010107,NS,0.04546117237029906,0.04546117237029907,0.5,NS,H_N-RF,hard-like,v10,0.0080187710759328
NICER v12,H_N-RF,,MAXI J1807+132,6634010108,NS,0.706166597887746,0.706166597887746,0.5,BH,H_N-RF,intermediate,v10,0.0236984581525862
NICER v12,H_N-RF,,MXB 1730-335,3200100101,NS,0.0090426811040622,0.009042681104062178,0.5,NS,H_N-RF,soft-like,v10,0.0013896912389399
NICER v12,H_N-RF,,MXB 1730-335,3200100110,NS,0.3328662168196231,0.3328662168196231,0.5,NS,H_N-RF,hard-like,v10,0.0078462236557654
NICER v12,H_N-RF,,MXB 1730-335,3200100112,NS,0.4386706086736075,0.4386706086736075,0.5,NS,H_N-RF,hard-like,v10,0.0223440883468909
NICER v12,H_N-RF,,SAX J1747.0-2853,2200600101,NS,0.6024959064384354,0.6024959064384354,0.5,BH,H_N-RF,soft-like,v10,0.0110656118124459
NICER v12,H_N-RF,,SAX J1747.0-2853,5200600105,NS,0.6599818787954367,0.6599818787954367,0.5,BH,H_N-RF,soft-like,v10,0.0027622634843458
NICER v12,H_N-RF,,SAX J1747.0-2853,5200600106,NS,0.6596651369677604,0.6596651369677604,0.5,BH,H_N-RF,soft-like,v10,0.0030637401700865
NICER v12,H_N-RF,,SAX J1747.0-2853,8200600101,NS,0.6613989928681459,0.6613989928681459,0.5,BH,H_N-RF,soft-like,v10,0.005568656286232
NICER v12,H_N-RF,,SAX J1747.0-2853,8200600102,NS,0.653437796582293,0.653437796582293,0.5,BH,H_N-RF,soft-like,v10,0.0056677577490407
NICER v12,H_N-RF,,SAX J1808.4-3658,2584010104,NS,0.059730089505775075,0.05973008950577506,0.5,NS,H_N-RF,hard-like,v10,0.0177838261430056
NICER v12,H_N-RF,,SAX J1808.4-3658,2584010109,NS,0.5182059191258053,0.5182059191258053,0.5,BH,H_N-RF,hard-like,v10,0.0046411964821821
NICER v12,H_N-RF,,SAX J1810.8-2609,4200170102,NS,0.005277399042300568,0.005277399042300555,0.5,NS,H_N-RF,hard-like,v10,0.0052188035603059
NICER v12,H_N-RF,,SAX J1810.8-2609,4200170104,NS,0.048814426604696315,0.0488144266046963,0.5,NS,H_N-RF,hard-like,v10,0.0039110085459405
NICER v12,H_N-RF,,SAX J1810.8-2609,4200170106,NS,0.09193397209183035,0.09193397209183034,0.5,NS,H_N-RF,hard-like,v10,0.0047810730927851
NICER v12,H_N-RF,,SAX J1810.8-2609,4200170107,NS,0.11344088009309283,0.11344088009309282,0.5,NS,H_N-RF,hard-like,v10,0.003877166669356
NICER v12,H_N-RF,,SAX J1810.8-2609,4200170112,NS,0.003120458891013367,0.003120458891013384,0.5,NS,H_N-RF,hard-like,v10,0.0029950076228777
NICER v12,H_N-RF,,SAX J1810.8-2609,4200170114,NS,0.17234870988026973,0.17234870988026976,0.5,NS,H_N-RF,intermediate,v10,0.0027885516437036
NICER v12,H_N-RF,,SAX J1810.8-2609,4200170116,NS,0.02367787438097818,0.023677874380978178,0.5,NS,H_N-RF,hard-like,v10,0.0101812595620719
NICER v12,H_N-RF,,SLX 1732-304,3050560102,NS,0.005578419020524306,0.005578419020524283,0.5,NS,H_N-RF,hard-like,v10,0.0060109793094354
NICER v12,H_N-RF,,SLX 1732-304,3050560106,NS,0.01060536092305675,0.010605360923056736,0.5,NS,H_N-RF,hard-like,v10,0.0073506331185886
NICER v12,H_N-RF,,SLX 1732-304,3050560108,NS,0.010825333779377166,0.010825333779377161,0.5,NS,H_N-RF,hard-like,v10,0.0108731477905412
NICER v12,H_N-RF,,SLX 1732-304,6050560102,NS,0.010825333779377166,0.010825333779377161,0.5,NS,H_N-RF,soft-like,v10,0.0039225377469331
NICER v12,H_N-RF,,SLX 1732-304,6050560104,NS,0.8565788206705641,0.8565788206705641,0.5,BH,H_N-RF,soft-like,v10,0.0194076509895894
NICER v12,H_N-RF,,SLX 1732-304,6050560106,NS,0.04159158217928366,0.04159158217928367,0.5,NS,H_N-RF,soft-like,v10,0.016395003879188
NICER v12,H_N-RF,,SLX 1732-304,8050560104,NS,0.007506359781950356,0.007506359781950332,0.5,NS,H_N-RF,hard-like,v10,0.0230921190044043
NICER v12,H_N-RF,,SLX 1732-304,8050560106,NS,0.1336913176681619,0.13369131766816192,0.5,NS,H_N-RF,hard-like,v10,0.0784152146867813
NICER v12,H_N-RF,,Ser X-1,0050320109,NS,0.0,0.0,0.5,NS,H_N-RF,soft-like,v10,0.0
NICER v12,H_N-RF,,Ser X-1,1050320103,NS,0.0,0.0,0.5,NS,H_N-RF,soft-like,v10,0.0
NICER v12,H_N-RF,,Ser X-1,1050320111,NS,0.03915208136320569,0.039152081363205665,0.5,NS,H_N-RF,soft-like,v10,0.0
NICER v12,H_N-RF,,Ser X-1,1050320116,NS,0.0088290919860754,0.00882909198607541,0.5,NS,H_N-RF,soft-like,v10,0.0
NICER v12,H_N-RF,,Ser X-1,1050320118,NS,0.018872840563906867,0.018872840563906847,0.5,NS,H_N-RF,soft-like,v10,0.0
NICER v12,H_N-RF,,Ser X-1,6648010101,NS,0.08717147467856778,0.08717147467856781,0.5,NS,H_N-RF,soft-like,v10,0.0012024032268131
NICER v12,H_N-RF,,Ser X-1,7700020102,NS,0.0,0.0,0.5,NS,H_N-RF,soft-like,v10,0.0
NICER v12,H_N-RF,,Swift J1749.4-2807,4658010104,NS,0.0,0.0,0.5,NS,H_N-RF,intermediate,v10,0.0097974034936417
NICER v12,H_N-RF,,Swift J1749.4-2807,4658010105,NS,0.0,0.0,0.5,NS,H_N-RF,soft-like,v10,0.008931691800815
NICER v12,H_N-RF,,Swift J1858.6-0814,3200400112,NS,0.00636133738601824,0.006361337386018236,0.5,NS,H_N-RF,soft-like,v10,0.0103824165652169
NICER v12,H_N-RF,,Swift J1858.6-0814,3200400116,NS,0.007114344418493901,0.007114344418493873,0.5,NS,H_N-RF,soft-like,v10,0.0103864580792879
NICER v12,H_N-RF,,Swift J1922.7-1716,7204180115,NS,0.0037060521561542714,0.0037060521561542692,0.5,NS,H_N-RF,hard-like,v10,0.0
NICER v12,H_N-RF,,XMMU J181227.8-181234,3050550102,NS,0.35969850988403007,0.35969850988403007,0.5,NS,H_N-RF,soft-like,v10,0.0031723446311589
NICER v12,H_N-RF,,XMMU J181227.8-181234,3050550105,NS,0.3689453461527841,0.3689453461527841,0.5,NS,H_N-RF,soft-like,v10,0.0046581622144281
NICER v12,H_N-RF,,XMMU J181227.8-181234,3050550109,NS,0.35969850988403007,0.35969850988403007,0.5,NS,H_N-RF,soft-like,v10,0.0038169090424622
NICER v12,H_N-RF,,XMMU J181227.8-181234,3050550110,NS,0.357447585649487,0.357447585649487,0.5,NS,H_N-RF,soft-like,v10,0.007183077292005
NICER v12,H_N-RF,,XMMU J181227.8-181234,3050550112,NS,0.39939589627879063,0.39939589627879063,0.5,NS,H_N-RF,soft-like,v10,0.0041124887649082
NICER v12,H_N-RF,,XMMU J181227.8-181234,3050550113,NS,0.4155203010406955,0.4155203010406955,0.5,NS,H_N-RF,soft-like,v10,0.0062026208701688
NICER v12,H_N-RF,,XMMU J181227.8-181234,3050550116,NS,0.4515997140608801,0.4515997140608801,0.5,NS,H_N-RF,soft-like,v10,0.005562974255877
NICER v12,H_N-RF,,XTE J1701-407,2050090101,NS,0.0,0.0,0.5,NS,H_N-RF,soft-like,v10,0.0081177255872578
NICER v12,H_N-RF,,XTE J1701-407,3050090101,NS,0.3101913997351546,0.3101913997351546,0.5,NS,H_N-RF,soft-like,v10,0.0030338562035622
NICER v12,H_N-RF,,XTE J1701-407,3050090102,NS,0.18097684447375906,0.18097684447375903,0.5,NS,H_N-RF,soft-like,v10,0.0037484133818939
NICER v12,H_N-RF,,XTE J1701-407,3050090103,NS,0.06754677022028488,0.0675467702202849,0.5,NS,H_N-RF,soft-like,v10,0.0044255305873359
NICER v12,H_N-RF,,XTE J1701-407,3050090104,NS,0.0,0.0,0.5,NS,H_N-RF,soft-like,v10,0.0068739425534658
NICER v12,H_N-RF,,XTE J1701-462,5203390106,NS,0.0072194161302674975,0.007219416130267501,0.5,NS,H_N-RF,soft-like,v10,0.0
NICER v12,H_N-RF,,XTE J1701-462,5203390114,NS,0.008776256207338795,0.008776256207338792,0.5,NS,H_N-RF,soft-like,v10,0.0
NICER v12,H_N-RF,,XTE J1701-462,5203390125,NS,0.0,0.0,0.5,NS,H_N-RF,soft-like,v10,0.0
NICER v12,H_N-RF,,XTE J1701-462,5203390143,NS,0.003680998613037445,0.003680998613037448,0.5,NS,H_N-RF,soft-like,v10,0.0004629488760546
NICER v12,H_N-RF,,XTE J1701-462,5203390152,NS,0.004582100594312077,0.004582100594312081,0.5,NS,H_N-RF,soft-like,v10,0.0030389640858502
NICER v12,H_N-RF,,XTE J1701-462,6203390101,NS,0.0,0.0,0.5,NS,H_N-RF,soft-like,v10,0.0016031006459978
NICER v12,H_N-RF,,XTE J1701-462,6203390102,NS,0.0018266767143933493,0.0018266767143933686,0.5,NS,H_N-RF,soft-like,v10,0.0076811038004722
NICER v12,H_N-RF,,XTE J1701-462,6203390109,NS,0.1992793574318853,0.19927935743188527,0.5,NS,H_N-RF,intermediate,v10,0.0239849857535843
NICER v12,H_N-RF,,XTE J1739-285,2050280105,NS,0.0,0.0,0.5,NS,H_N-RF,soft-like,v10,0.0010858681295055
NICER v12,H_N-RF,,XTE J1739-285,2050280129,NS,0.050068929659088546,0.05006892965908856,0.5,NS,H_N-RF,hard-like,v10,0.0187877165971502
NICER v12,H_N-RF,,XTE J1739-285,3050280105,NS,0.053222946289717965,0.053222946289717944,0.5,NS,H_N-RF,hard-like,v10,0.0043281729211759
NICER v12,H_N-RF,,XTE J1739-285,3050280133,NS,0.0,0.0,0.5,NS,H_N-RF,soft-like,v10,0.0021436804378029
NICER v12,H_N-RF,,XTE J1739-285,3050280144,NS,0.0,0.0,0.5,NS,H_N-RF,soft-like,v10,0.0011917114279504
NICER v12,H_N-RF,,XTE J1739-285,3050280165,NS,0.0,0.0,0.5,NS,H_N-RF,soft-like,v10,0.0021799562362376
NICER v12,H_N-RF,,XTE J1739-285,3050280187,NS,0.0029152342071336323,0.002915234207133649,0.5,NS,H_N-RF,soft-like,v10,0.0021680223836297
NICER v12,H_N-RF,,XTE J1810-189,3201750105,NS,0.05292477053342376,0.05292477053342378,0.5,NS,H_N-RF,hard-like,v10,0.0218575128627938
NICER v12,H_N-RF,,XTE J1810-189,3201750106,NS,0.10451679842845651,0.1045167984284565,0.5,NS,H_N-RF,hard-like,v10,0.0174298327257124
NICER v12,H_N-RF,,XTE J1810-189,3201750109,NS,0.23512933793437707,0.23512933793437707,0.5,NS,H_N-RF,hard-like,v10,0.0232444743164671
NICER v12,H_N-RF,,XTE J1810-189,3201750110,NS,0.23512933793437707,0.23512933793437707,0.5,NS,H_N-RF,hard-like,v10,0.0114713327897656
NICER v12,H_N-RF,,XTE J1810-189,3201750113,NS,0.28700306075121745,0.28700306075121745,0.5,NS,H_N-RF,hard-like,v10,0.0088125197381011
NICER v12,H_N-RF,,XTE J1810-189,3201750116,NS,0.21671257666110022,0.2167125766611002,0.5,NS,H_N-RF,hard-like,v10,0.0210602345994123
NICER v12,H_N-RF,,XTE J1810-189,6201750101,NS,0.0,0.0,0.5,NS,H_N-RF,soft-like,v10,0.0074526651906616
NICER v12,H_N-RF,,Cyg X-1,0100320107,BH,0.20101420699916206,0.20101420699916206,0.5,NS,H_N-RF,hard-like,v11,0.0
NICER v12,H_N-RF,,Cyg X-1,1100320121,BH,0.8703516705428084,0.8703516705428084,0.5,BH,H_N-RF,hard-like,v11,0.0
NICER v12,H_N-RF,,Cyg X-1,4690020104,BH,0.8880466985931826,0.8880466985931826,0.5,BH,H_N-RF,hard-like,v11,0.0
NICER v12,H_N-RF,,Cyg X-1,5100320105,BH,0.7783465415527185,0.7783465415527185,0.5,BH,H_N-RF,hard-like,v11,0.0
NICER v12,H_N-RF,,Cyg X-1,5100320122,BH,0.7698486961702806,0.7698486961702806,0.5,BH,H_N-RF,hard-like,v11,0.0
NICER v12,H_N-RF,,Cyg X-1,5100320132,BH,0.8251206415087531,0.8251206415087531,0.5,BH,H_N-RF,hard-like,v11,0.0
NICER v12,H_N-RF,,Cyg X-1,5100320140,BH,0.8153273110915783,0.8153273110915783,0.5,BH,H_N-RF,hard-like,v11,0.0
NICER v12,H_N-RF,,Cyg X-1,8656010601,BH,0.42381720224907676,0.42381720224907676,0.5,NS,H_N-RF,hard-like,v11,0.0
NICER v12,H_N-RF,,LMC X-1,5100070102,BH,0.8839798341542886,0.8839798341542886,0.5,BH,H_N-RF,hard-like,v11,0.0218078271146706
NICER v12,H_N-RF,,LMC X-1,5100070104,BH,0.9373169171707838,0.9373169171707838,0.5,BH,H_N-RF,hard-like,v11,0.018197726008099
NICER v12,H_N-RF,,LMC X-3,1101010138,BH,0.9616721998534472,0.9616721998534472,0.5,BH,H_N-RF,soft-like,v11,0.0197083346715862
NICER v12,H_N-RF,,LMC X-3,3609010501,BH,0.9538249792513193,0.9538249792513193,0.5,BH,H_N-RF,soft-like,v11,0.0046718502854164
NICER v12,H_N-RF,,LMC X-3,5101010112,BH,1.0,1.0,0.5,BH,H_N-RF,soft-like,v11,0.0624077884891384
NICER v12,H_N-RF,,LMC X-3,6101010105,BH,0.9520586913871162,0.9520586913871162,0.5,BH,H_N-RF,soft-like,v11,0.0340327647192251
NICER v12,H_N-RF,,LMC X-3,6101010124,BH,0.9695750536528451,0.9695750536528451,0.5,BH,H_N-RF,soft-like,v11,0.0043787512289078
NICER v12,H_N-RF,,LMC X-3,7704010206,BH,0.9963431923493826,0.9963431923493826,0.5,BH,H_N-RF,soft-like,v11,0.0072792100901468
NICER v12,H_N-RF,,SAX J1819.3-2525,3200300112,BH,0.48425389063475077,0.48425389063475077,0.5,NS,H_N-RF,soft-like,v11,0.0020583221630253
NICER v12,H_N-RF,,SAX J1819.3-2525,4200300106,BH,0.5112308636600917,0.5112308636600917,0.5,BH,H_N-RF,intermediate,v11,0.0062120870353307
NICER v12,H_N-RF,,SAX J1819.3-2525,4702010105,BH,0.5163279331932938,0.5163279331932938,0.5,BH,H_N-RF,soft-like,v11,0.0033437129036723
NICER v12,H_N-RF,,SAX J1819.3-2525,4702010201,BH,0.4959987646110356,0.4959987646110356,0.5,NS,H_N-RF,soft-like,v11,0.0043628357995909
NICER v12,H_N-RF,,4U 1543-475,4202230125,BH,0.9988767218225879,0.9988767218225879,0.5,BH,H_N-RF,soft-like,v11,0.0
NICER v12,H_N-RF,,4U 1543-475,4655060401,BH,0.9988767218225879,0.9988767218225879,0.5,BH,H_N-RF,soft-like,v11,0.0
NICER v12,H_N-RF,,4U 1543-475,4202230187,BH,1.0,1.0,0.5,BH,H_N-RF,soft-like,v11,0.0
NICER v12,H_N-RF,,4U 1543-475,4202230210,BH,0.6102280977257296,0.6102280977257296,0.5,BH,H_N-RF,hard-like,v11,0.0173278893104108
NICER v12,H_N-RF,,4U 1543-475,5202230201,BH,0.8118318388892666,0.8118318388892666,0.5,BH,H_N-RF,hard-like,v11,0.0043320071356492
NICER v12,H_N-RF,,4U 1543-475,5202230214,BH,0.9063592911676392,0.9063592911676392,0.5,BH,H_N-RF,hard-like,v11,0.0128687044589578
NICER v12,H_N-RF,,GX 339-4,3558010801,BH,0.8191112310094717,0.8191112310094717,0.5,BH,H_N-RF,hard-like,v11,0.0029389426383608
NICER v12,H_N-RF,,GX 339-4,4133010111,BH,0.9669842492822467,0.9669842492822467,0.5,BH,H_N-RF,soft-like,v11,0.0
NICER v12,H_N-RF,,GX 339-4,4133010117,BH,0.9954709056243622,0.9954709056243622,0.5,BH,H_N-RF,soft-like,v11,0.0
NICER v12,H_N-RF,,GX 339-4,4133010158,BH,0.9965099307699091,0.9965099307699091,0.5,BH,H_N-RF,soft-like,v11,0.0
NICER v12,H_N-RF,,GX 339-4,4133010193,BH,0.9989191914514876,0.9989191914514876,0.5,BH,H_N-RF,soft-like,v11,0.0
NICER v12,H_N-RF,,GX 339-4,5599010103,BH,0.07561632027409304,0.07561632027409307,0.5,NS,H_N-RF,hard-like,v11,0.0175953486537812
NICER v12,H_N-RF,,GX 339-4,6133010214,BH,0.9947246700949284,0.9947246700949284,0.5,BH,H_N-RF,soft-like,v11,0.0
NICER v12,H_N-RF,,Swift J1727.8-1613,6203980108,BH,0.3128063289399677,0.3128063289399677,0.5,NS,H_N-RF,hard-like,v11,0.0
NICER v12,H_N-RF,,Swift J1727.8-1613,6203980115,BH,0.27647779114387083,0.27647779114387083,0.5,NS,H_N-RF,hard-like,v11,0.0
NICER v12,H_N-RF,,Swift J1727.8-1613,6203980121,BH,0.015903033635104313,0.015903033635104313,0.5,NS,H_N-RF,hard-like,v11,0.0
NICER v12,H_N-RF,,Swift J1727.8-1613,6203980139,BH,1.0,1.0,0.5,BH,H_N-RF,soft-like,v11,0.0
NICER v12,H_N-RF,,Swift J1727.8-1613,6203980147,BH,1.0,1.0,0.5,BH,H_N-RF,soft-like,v11,0.0
NICER v12,H_N-RF,,Swift J1727.8-1613,7708010105,BH,1.0,1.0,0.5,BH,H_N-RF,soft-like,v11,0.0005052076338417
NICER v12,H_N-RF,,Swift J1727.8-1613,7203980104,BH,0.8950049465568527,0.8950049465568527,0.5,BH,H_N-RF,hard-like,v11,0.003356732204213
NICER v12,H_N-RF,,Swift J1727.8-1613,6588020110,BH,0.940003716606612,0.940003716606612,0.5,BH,H_N-RF,hard-like,v11,0.0086076041959687
NICER v12,H_N-RF,,MAXI J1820+070,1200120112,BH,0.49798327272661425,0.49798327272661425,0.5,NS,H_N-RF,hard-like,v11,0.0
NICER v12,H_N-RF,,MAXI J1820+070,1200120148,BH,0.5029180590814,0.5029180590814,0.5,BH,H_N-RF,hard-like,v11,0.0
NICER v12,H_N-RF,,MAXI J1820+070,1200120169,BH,0.46755341455141125,0.46755341455141125,0.5,NS,H_N-RF,hard-like,v11,0.0
NICER v12,H_N-RF,,MAXI J1820+070,1200120187,BH,0.4044928129265536,0.4044928129265536,0.5,NS,H_N-RF,hard-like,v11,0.0
NICER v12,H_N-RF,,MAXI J1820+070,2200120313,BH,0.01689850542389071,0.016898505423890684,0.5,NS,H_N-RF,hard-like,v11,0.0193822171511559
NICER v12,H_N-RF,,MAXI J1820+070,3200120404,BH,0.6266836670981838,0.6266836670981838,0.5,BH,H_N-RF,hard-like,v11,0.0049368210661757
NICER v12,H_N-RF,,GRS 1915+105,1103010133,BH,0.037746447457577936,0.03774644745757795,0.5,NS,H_N-RF,soft-like,v11,0.0
NICER v12,H_N-RF,,GRS 1915+105,2596010301,BH,0.0,0.0,0.5,NS,H_N-RF,hard-like,v11,0.0050850547017455
NICER v12,H_N-RF,,GRS 1915+105,2103010204,BH,0.03446928391763293,0.03446928391763294,0.5,NS,H_N-RF,soft-like,v11,0.0070393028195641
NICER v12,H_N-RF,,GRS 1915+105,3607012501,BH,0.006411884553602032,0.006411884553602038,0.5,NS,H_N-RF,soft-like,v11,0.0117092840277007
NICER v12,H_N-RF,,GRS 1915+105,4103010227,BH,0.0113448429706961,0.011344842970696085,0.5,NS,H_N-RF,hard-like,v11,0.003027274565634
NICER v12,H_N-RF,,GRS 1915+105,4103010240,BH,0.0017829787234042715,0.0017829787234042555,0.5,NS,H_N-RF,hard-like,v11,0.0033970548969562
NICER v12,H_N-RF,,GRS 1915+105,6103010206,BH,0.2642099085738754,0.2642099085738754,0.5,NS,H_N-RF,hard-like,v11,0.0159930580556807
NICER v12,H_N-RF,,GRS 1915+105,7544012501,BH,0.013776116333381494,0.01377611633338151,0.5,NS,H_N-RF,soft-like,v11,0.0603484049822071
NICER v12,H_N-RF,,1A 1744-361,5202800102,NS,0.004909235709698145,0.004909235709698138,0.5,NS,H_N-RF,soft-like,v11,0.0009945433517291
NICER v12,H_N-RF,,1A 1744-361,5202800113,NS,0.0,0.0,0.5,NS,H_N-RF,soft-like,v11,0.0017168230283016
NICER v12,H_N-RF,,1A 1744-361,5202800125,NS,0.0048644927218565726,0.004864492721856558,0.5,NS,H_N-RF,soft-like,v11,0.0089570732989
NICER v12,H_N-RF,,1A 1744-361,5202800131,NS,0.0,0.0,0.5,NS,H_N-RF,soft-like,v11,0.0011640173788419
NICER v12,H_N-RF,,1A 1744-361,5202800140,NS,0.05096146096570292,0.05096146096570293,0.5,NS,H_N-RF,soft-like,v11,0.0040327379219961
NICER v12,H_N-RF,,1A 1744-361,5202800143,NS,0.058372353196568916,0.0583723531965689,0.5,NS,H_N-RF,soft-like,v11,0.0045404995176234
NICER v12,H_N-RF,,1A 1744-361,7202800104,NS,0.12650557996648748,0.12650557996648745,0.5,NS,H_N-RF,intermediate,v11,0.0024615878191033
NICER v12,H_N-RF,,1A 1744-361,7202800108,NS,0.0064794267313406095,0.006479426731340583,0.5,NS,H_N-RF,soft-like,v11,0.0089997943532161
NICER v12,H_N-RF,,2S 0918-549,2050450105,NS,0.004204124229658823,0.0042041242296588024,0.5,NS,H_N-RF,intermediate,v11,0.0081429606874161
NICER v12,H_N-RF,,2S 0918-549,2050450121,NS,0.11284875025784302,0.11284875025784302,0.5,NS,H_N-RF,hard-like,v11,0.0146421296663521
NICER v12,H_N-RF,,2S 0918-549,3050450170,NS,0.15945215892444248,0.15945215892444248,0.5,NS,H_N-RF,soft-like,v11,0.0124269150133963
NICER v12,H_N-RF,,2S 0918-549,4050450125,NS,0.0646106769100957,0.06461067691009567,0.5,NS,H_N-RF,hard-like,v11,0.0087230265906564
NICER v12,H_N-RF,,2S 0918-549,5050450109,NS,0.03988940503145466,0.03988940503145465,0.5,NS,H_N-RF,intermediate,v11,0.0152716999893092
NICER v12,H_N-RF,,2S 0918-549,5050450119,NS,0.021164050174826088,0.021164050174826112,0.5,NS,H_N-RF,soft-like,v11,0.0236789099059262
NICER v12,H_N-RF,,4U 0513-40,1050010107,NS,0.039264607781439254,0.039264607781439254,0.5,NS,H_N-RF,soft-like,v11,0.0188570703861914
NICER v12,H_N-RF,,4U 0513-40,1050010111,NS,0.061826310667615014,0.06182631066761501,0.5,NS,H_N-RF,hard-like,v11,0.0219398894295848
NICER v12,H_N-RF,,4U 0614+09,1050020250,NS,0.35329681292393034,0.35329681292393034,0.5,NS,H_N-RF,soft-like,v11,0.0029064226371743
NICER v12,H_N-RF,,4U 0614+09,1050020257,NS,0.29971119537311747,0.29971119537311747,0.5,NS,H_N-RF,soft-like,v11,0.0028903035525695
NICER v12,H_N-RF,,4U 0614+09,5050020207,NS,0.021062488953428493,0.021062488953428486,0.5,NS,H_N-RF,soft-like,v11,0.0016478893605669
NICER v12,H_N-RF,,4U 1246-588,2200970103,NS,0.00574915101914536,0.005749151019145347,0.5,NS,H_N-RF,soft-like,v11,0.0089482092995531
NICER v12,H_N-RF,,4U 1246-588,2200970134,NS,0.018543880374960853,0.018543880374960835,0.5,NS,H_N-RF,hard-like,v11,0.0338899943271333
NICER v12,H_N-RF,,4U 1254-69,2050470130,NS,0.004238900904330434,0.004238900904330435,0.5,NS,H_N-RF,soft-like,v11,0.0133832002972557
NICER v12,H_N-RF,,4U 1254-69,3050470120,NS,0.015107871248059901,0.015107871248059923,0.5,NS,H_N-RF,soft-like,v11,0.0028313509892325
NICER v12,H_N-RF,,4U 1254-69,3050470164,NS,0.0015585412667946108,0.0015585412667946255,0.5,NS,H_N-RF,soft-like,v11,0.0063093508893725
NICER v12,H_N-RF,,4U 1254-69,4050470146,NS,0.07069108205228536,0.07069108205228537,0.5,NS,H_N-RF,soft-like,v11,0.0082877340918632
NICER v12,H_N-RF,,4U 1254-69,4050470163,NS,0.0,0.0,0.5,NS,H_N-RF,soft-like,v11,0.0150035275800413
NICER v12,H_N-RF,,4U 1254-69,4050470165,NS,0.0014036300777873767,0.001403630077787381,0.5,NS,H_N-RF,soft-like,v11,0.0123952905537318
NICER v12,H_N-RF,,4U 1543-624,1050060110,NS,0.21274060020280539,0.21274060020280536,0.5,NS,H_N-RF,hard-like,v11,0.0
NICER v12,H_N-RF,,4U 1608-522,0050070102,NS,0.1765148666087799,0.1765148666087799,0.5,NS,H_N-RF,hard-like,v11,0.0
NICER v12,H_N-RF,,4U 1608-522,2050070103,NS,0.00468776753632244,0.00468776753632245,0.5,NS,H_N-RF,soft-like,v11,0.0
NICER v12,H_N-RF,,4U 1608-522,3657021001,NS,0.0,0.0,0.5,NS,H_N-RF,soft-like,v11,0.0
NICER v12,H_N-RF,,4U 1608-522,3657022101,NS,0.05779857215185136,0.057798572151851337,0.5,NS,H_N-RF,soft-like,v11,0.0
NICER v12,H_N-RF,,4U 1608-522,3657023201,NS,0.03910476851594241,0.03910476851594243,0.5,NS,H_N-RF,soft-like,v11,0.0
NICER v12,H_N-RF,,4U 1608-522,3657024301,NS,0.0,0.0,0.5,NS,H_N-RF,soft-like,v11,0.0
NICER v12,H_N-RF,,4U 1608-522,3657026901,NS,0.04197746596106211,0.04197746596106214,0.5,NS,H_N-RF,soft-like,v11,0.001376859755762
NICER v12,H_N-RF,,4U 1636-536,5050080201,NS,0.027353698346722632,0.027353698346722646,0.5,NS,H_N-RF,hard-like,v11,0.0081333262159599
NICER v12,H_N-RF,,4U 1702-429,2050110102,NS,0.0,0.0,0.5,NS,H_N-RF,hard-like,v11,0.0044116203849166
NICER v12,H_N-RF,,4U 1702-429,2050110109,NS,0.06258364451191711,0.06258364451191709,0.5,NS,H_N-RF,hard-like,v11,0.0072346855682786
NICER v12,H_N-RF,,4U 1702-429,2050110112,NS,0.0,0.0,0.5,NS,H_N-RF,hard-like,v11,0.0072276054065125
NICER v12,H_N-RF,,4U 1702-429,2050110123,NS,0.032234161592629706,0.03223416159262968,0.5,NS,H_N-RF,hard-like,v11,0.0365362421711481
NICER v12,H_N-RF,,4U 1702-429,2587030101,NS,0.0,0.0,0.5,NS,H_N-RF,hard-like,v11,0.0053160267033174
NICER v12,H_N-RF,,4U 1702-429,2587030104,NS,0.04556888061857367,0.04556888061857364,0.5,NS,H_N-RF,hard-like,v11,0.004181572246117
NICER v12,H_N-RF,,4U 1705-32,4202170108,NS,0.0035652173913043317,0.0035652173913043477,0.5,NS,H_N-RF,soft-like,v11,0.0077541607543749
NICER v12,H_N-RF,,4U 1705-32,4202170109,NS,0.006172246629298606,0.006172246629298591,0.5,NS,H_N-RF,intermediate,v11,0.0146921374362813
NICER v12,H_N-RF,,4U 1728-34,7050150103,NS,0.08543211156262276,0.08543211156262275,0.5,NS,H_N-RF,hard-like,v11,0.0080079807978517
NICER v12,H_N-RF,,4U 1735-444,3050500108,NS,0.0062883360415018075,0.006288336041501794,0.5,NS,H_N-RF,soft-like,v11,0.0005265632031692
NICER v12,H_N-RF,,4U 1812-12,2560010101,NS,0.4255737322709939,0.4255737322709939,0.5,NS,H_N-RF,hard-like,v11,0.0187477651192601
NICER v12,H_N-RF,,4U 1812-12,2560010205,NS,0.3043024987234673,0.3043024987234673,0.5,NS,H_N-RF,hard-like,v11,0.0091805189254098
NICER v12,H_N-RF,,4U 1812-12,3580010105,NS,0.01657955773782377,0.016579557737823786,0.5,NS,H_N-RF,hard-like,v11,0.0097931182877345
NICER v12,H_N-RF,,4U 1812-12,3580010203,NS,0.009500542888165042,0.009500542888165037,0.5,NS,H_N-RF,hard-like,v11,0.0114044061417468
NICER v12,H_N-RF,,4U 1812-12,3580010305,NS,0.39761845850990807,0.39761845850990807,0.5,NS,H_N-RF,hard-like,v11,0.0113712943185189
NICER v12,H_N-RF,,4U 1812-12,3580010313,NS,0.4358811071872133,0.4358811071872133,0.5,NS,H_N-RF,hard-like,v11,0.0238866501277501
NICER v12,H_N-RF,,4U 1812-12,3580010324,NS,0.9535929996495909,0.9535929996495909,0.5,BH,H_N-RF,hard-like,v11,0.0231614132759462
NICER v12,H_N-RF,,4U 1812-12,4202290105,NS,0.008285710113761002,0.008285710113760978,0.5,NS,H_N-RF,hard-like,v11,0.028440111957538
NICER v12,H_N-RF,,4U 1820-303,0050300120,NS,0.7015931906217436,0.7015931906217436,0.5,BH,H_N-RF,soft-like,v11,0.0
NICER v12,H_N-RF,,4U 1820-303,1050300129,NS,0.013703313933197125,0.013703313933197108,0.5,NS,H_N-RF,hard-like,v11,0.0
NICER v12,H_N-RF,,4U 1820-303,3050300101,NS,0.003307652644785275,0.003307652644785267,0.5,NS,H_N-RF,soft-like,v11,0.0
NICER v12,H_N-RF,,4U 1820-303,4050300102,NS,0.9728152699625882,0.9728152699625882,0.5,BH,H_N-RF,hard-like,v11,0.0016745189412201
NICER v12,H_N-RF,,4U 1820-303,4680010127,NS,0.017612041586097638,0.01761204158609763,0.5,NS,H_N-RF,soft-like,v11,0.0
NICER v12,H_N-RF,,4U 1820-303,5604010304,NS,0.048023754052231415,0.04802375405223143,0.5,NS,H_N-RF,soft-like,v11,0.0
NICER v12,H_N-RF,,4U 1820-303,6050300102,NS,0.03210752521605814,0.03210752521605816,0.5,NS,H_N-RF,soft-like,v11,0.0006708342785894
NICER v12,H_N-RF,,4U 1820-303,6677020203,NS,0.22223878264602548,0.2222387826460255,0.5,NS,H_N-RF,soft-like,v11,0.0009696113281444
NICER v12,H_N-RF,,Aql X-1,3050340105,NS,0.08539561698063369,0.08539561698063367,0.5,NS,H_N-RF,hard-like,v11,0.0014722488580962
NICER v12,H_N-RF,,Aql X-1,3050340125,NS,0.05001217362030297,0.05001217362030296,0.5,NS,H_N-RF,soft-like,v11,0.0
NICER v12,H_N-RF,,Aql X-1,4050340109,NS,0.0012744479495268024,0.001274447949526814,0.5,NS,H_N-RF,hard-like,v11,0.0072057969974703
NICER v12,H_N-RF,,Aql X-1,6634020110,NS,0.5516906200710988,0.5516906200710988,0.5,BH,H_N-RF,soft-like,v11,0.0
NICER v12,H_N-RF,,Aql X-1,6634020125,NS,0.005058465212499252,0.005058465212499243,0.5,NS,H_N-RF,soft-like,v11,0.0
NICER v12,H_N-RF,,Aql X-1,7675010103,NS,0.08676636565160761,0.08676636565160763,0.5,NS,H_N-RF,hard-like,v11,0.0055106790958617
NICER v12,H_N-RF,,Aql X-1,7050340109,NS,0.03503093190579709,0.035030931905797064,0.5,NS,H_N-RF,soft-like,v11,0.0
NICER v12,H_N-RF,,Cen X-4,1030110105,NS,0.006107074313690564,0.006107074313690588,0.5,NS,H_N-RF,hard-like,v11,0.0
NICER v12,H_N-RF,,Cir X-1,1050050103,NS,0.028740372546849635,0.028740372546849614,0.5,NS,H_N-RF,hard-like,v11,0.0
NICER v12,H_N-RF,,Cir X-1,2050050110,NS,0.6210007592612186,0.6210007592612186,0.5,BH,H_N-RF,soft-like,v11,0.0008198738513681
NICER v12,H_N-RF,,Cir X-1,3578011101,NS,0.3920621775205731,0.3920621775205731,0.5,NS,H_N-RF,soft-like,v11,0.0
NICER v12,H_N-RF,,Cir X-1,3578011502,NS,0.003307652644785275,0.003307652644785267,0.5,NS,H_N-RF,soft-like,v11,0.0
NICER v12,H_N-RF,,Cir X-1,5571030101,NS,0.0,0.0,0.5,NS,H_N-RF,soft-like,v11,0.0
NICER v12,H_N-RF,,Cir X-1,5571090102,NS,0.004851937231634185,0.004851937231634159,0.5,NS,H_N-RF,soft-like,v11,0.0
NICER v12,H_N-RF,,Cir X-1,5571170102,NS,0.0,0.0,0.5,NS,H_N-RF,soft-like,v11,0.0
NICER v12,H_N-RF,,Cir X-1,6689030201,NS,0.23583947745678313,0.23583947745678313,0.5,NS,H_N-RF,soft-like,v11,0.0
NICER v12,H_N-RF,,Cyg X-2,0034150105,NS,0.044378543354337885,0.0443785433543379,0.5,NS,H_N-RF,soft-like,v11,0.0
NICER v12,H_N-RF,,Cyg X-2,1034150119,NS,0.021789509507331772,0.021789509507331797,0.5,NS,H_N-RF,soft-like,v11,0.0
NICER v12,H_N-RF,,Cyg X-2,1034150131,NS,0.006729061633063804,0.00672906163306379,0.5,NS,H_N-RF,soft-like,v11,0.0
NICER v12,H_N-RF,,Cyg X-2,2587020103,NS,0.0012733017377566935,0.001273301737756714,0.5,NS,H_N-RF,soft-like,v11,0.0
NICER v12,H_N-RF,,Cyg X-2,5575030102,NS,0.0012733017377566935,0.001273301737756714,0.5,NS,H_N-RF,soft-like,v11,0.0
NICER v12,H_N-RF,,Cyg X-2,5575030105,NS,0.04640835298122292,0.046408352981222936,0.5,NS,H_N-RF,soft-like,v11,0.0
NICER v12,H_N-RF,,Cyg X-2,7034150107,NS,0.0,0.0,0.5,NS,H_N-RF,soft-like,v11,0.0
NICER v12,H_N-RF,,Cyg X-2,7727010101,NS,0.0012733017377566935,0.001273301737756714,0.5,NS,H_N-RF,soft-like,v11,0.0
NICER v12,H_N-RF,,EXO 0748-676,7050030105,NS,0.8687166589026286,0.8687166589026286,0.5,BH,H_N-RF,hard-like,v11,0.0586342154873887
NICER v12,H_N-RF,,GRS 1747-312,2050440102,NS,0.0,0.0,0.5,NS,H_N-RF,soft-like,v11,0.0174427429477151
NICER v12,H_N-RF,,GRS 1747-312,2050440103,NS,0.01365661440913385,0.013656614409133839,0.5,NS,H_N-RF,soft-like,v11,0.0080174992702922
NICER v12,H_N-RF,,GRS 1747-312,2050440105,NS,0.056463487217051855,0.05646348721705184,0.5,NS,H_N-RF,soft-like,v11,0.0548341689445621
NICER v12,H_N-RF,,GRS 1747-312,2050440106,NS,0.002847056459002073,0.0028470564590020514,0.5,NS,H_N-RF,soft-like,v11,0.0263090777495756
NICER v12,H_N-RF,,GS 1826-24,1050310107,NS,0.17308043054029265,0.17308043054029265,0.5,NS,H_N-RF,hard-like,v11,0.0
NICER v12,H_N-RF,,GS 1826-24,1050310109,NS,0.7371696124919764,0.7371696124919764,0.5,BH,H_N-RF,hard-like,v11,0.0191945550889278
NICER v12,H_N-RF,,GS 1826-24,1050310115,NS,0.05220004824383784,0.052200048243837865,0.5,NS,H_N-RF,hard-like,v11,0.0
NICER v12,H_N-RF,,GS 1826-24,2050310102,NS,0.02833422542280034,0.028334225422800334,0.5,NS,H_N-RF,soft-like,v11,0.0
NICER v12,H_N-RF,,GS 1826-24,5050310101,NS,0.015480184852183054,0.015480184852183082,0.5,NS,H_N-RF,soft-like,v11,0.0
NICER v12,H_N-RF,,GS 1826-24,5050310103,NS,0.0,0.0,0.5,NS,H_N-RF,soft-like,v11,0.0
NICER v12,H_N-RF,,GX 13+1,1108020101,NS,0.0,0.0,0.5,NS,H_N-RF,hard-like,v11,0.0
NICER v12,H_N-RF,,GX 13+1,1108020106,NS,0.004189509218920973,0.004189509218920984,0.5,NS,H_N-RF,soft-like,v11,0.0
NICER v12,H_N-RF,,GX 13+1,5670010103,NS,0.029690447302691436,0.029690447302691412,0.5,NS,H_N-RF,soft-like,v11,0.0
NICER v12,H_N-RF,,GX 13+1,5670010302,NS,0.004189509218920973,0.004189509218920984,0.5,NS,H_N-RF,soft-like,v11,0.0
NICER v12,H_N-RF,,GX 13+1,5670010405,NS,0.005939780663003491,0.005939780663003502,0.5,NS,H_N-RF,soft-like,v11,0.0
NICER v12,H_N-RF,,GX 13+1,5670010408,NS,0.05661673988370536,0.05661673988370537,0.5,NS,H_N-RF,soft-like,v11,0.0
NICER v12,H_N-RF,,GX 13+1,7701010102,NS,0.5288464649109104,0.5288464649109104,0.5,BH,H_N-RF,soft-like,v11,0.0
NICER v12,H_N-RF,,GX 13+1,7108020102,NS,0.041213307541642985,0.04121330754164298,0.5,NS,H_N-RF,soft-like,v11,0.0
NICER v12,H_N-RF,,GX 17+2,1050410105,NS,0.004240207332627921,0.004240207332627909,0.5,NS,H_N-RF,soft-like,v11,0.0
NICER v12,H_N-RF,,GX 17+2,1050410111,NS,0.010844048962642405,0.01084404896264242,0.5,NS,H_N-RF,intermediate,v11,0.0
NICER v12,H_N-RF,,GX 17+2,1050410116,NS,0.002956505841822943,0.002956505841822957,0.5,NS,H_N-RF,soft-like,v11,0.0
NICER v12,H_N-RF,,GX 17+2,1050410123,NS,0.004667953667953695,0.004667953667953667,0.5,NS,H_N-RF,soft-like,v11,0.0
NICER v12,H_N-RF,,GX 17+2,3050410101,NS,0.19678688482907913,0.19678688482907916,0.5,NS,H_N-RF,soft-like,v11,0.0
NICER v12,H_N-RF,,GX 17+2,3050410104,NS,0.007408844031565054,0.007408844031565059,0.5,NS,H_N-RF,soft-like,v11,0.0
NICER v12,H_N-RF,,GX 17+2,7050410102,NS,0.03745340602399011,0.0374534060239901,0.5,NS,H_N-RF,soft-like,v11,0.0
NICER v12,H_N-RF,,GX 17+2,7050410104,NS,0.0,0.0,0.5,NS,H_N-RF,soft-like,v11,0.0
NICER v12,H_N-RF,,IGR J17498-2921,6560010101,NS,0.04101937269396527,0.0410193726939653,0.5,NS,H_N-RF,hard-like,v11,0.0044531988833761
NICER v12,H_N-RF,,IGR J17498-2921,6560010102,NS,0.015295263445922858,0.01529526344592288,0.5,NS,H_N-RF,hard-like,v11,0.0049855790476915
NICER v12,H_N-RF,,IGR J17498-2921,6560010107,NS,0.010612057339052627,0.010612057339052653,0.5,NS,H_N-RF,intermediate,v11,0.0087079029629471
NICER v12,H_N-RF,,IGR J17498-2921,6560010110,NS,0.01036559390268671,0.010365593902686687,0.5,NS,H_N-RF,hard-like,v11,0.0114504532121108
NICER v12,H_N-RF,,IGR J17498-2921,6560010112,NS,0.01665820692492248,0.016658206924922467,0.5,NS,H_N-RF,intermediate,v11,0.0088658874796025
NICER v12,H_N-RF,,IGR J17511-3057,7050380101,NS,0.06937218920438953,0.06937218920438952,0.5,NS,H_N-RF,hard-like,v11,0.0197631834130595
NICER v12,H_N-RF,,IGR J17511-3057,7512010101,NS,0.06629674208158415,0.06629674208158416,0.5,NS,H_N-RF,hard-like,v11,0.0207195367198595
NICER v12,H_N-RF,,IGR J17511-3057,7512010102,NS,0.11937094053802733,0.11937094053802733,0.5,NS,H_N-RF,hard-like,v11,0.0224916404305376
NICER v12,H_N-RF,,M15 X-2,5034140104,NS,0.01936454045967717,0.019364540459677185,0.5,NS,H_N-RF,soft-like,v11,0.0089248893969179
NICER v12,H_N-RF,,M15 X-2,5034140108,NS,0.008968119607060177,0.008968119607060187,0.5,NS,H_N-RF,soft-like,v11,0.0048734331767446
NICER v12,H_N-RF,,M15 X-2,5034140114,NS,0.012854356465920813,0.012854356465920806,0.5,NS,H_N-RF,soft-like,v11,0.0046203910659581
NICER v12,H_N-RF,,M15 X-2,5034140117,NS,0.007542547533644917,0.007542547533644929,0.5,NS,H_N-RF,soft-like,v11,0.0047729065285814
NICER v12,H_N-RF,,M15 X-2,5034140125,NS,0.012371160949770421,0.012371160949770425,0.5,NS,H_N-RF,soft-like,v11,0.004755563651913
NICER v12,H_N-RF,,M15 X-2,5034140129,NS,0.022496449265656193,0.022496449265656193,0.5,NS,H_N-RF,soft-like,v11,0.0072577708935728
NICER v12,H_N-RF,,M15 X-2,5034140136,NS,0.013903685710249247,0.013903685710249252,0.5,NS,H_N-RF,soft-like,v11,0.0078459533255718
NICER v12,H_N-RF,,MAXI J1807+132,2200840101,NS,0.5647740366067296,0.5647740366067296,0.5,BH,H_N-RF,hard-like,v11,0.0078733231222578
NICER v12,H_N-RF,,MAXI J1807+132,6634010101,NS,0.7479428651899643,0.7479428651899643,0.5,BH,H_N-RF,hard-like,v11,0.0061573070236782
NICER v12,H_N-RF,,MAXI J1807+132,6634010103,NS,0.6847882171642485,0.6847882171642485,0.5,BH,H_N-RF,hard-like,v11,0.0056808924567886
NICER v12,H_N-RF,,MAXI J1807+132,6634010105,NS,0.6514978615591537,0.6514978615591537,0.5,BH,H_N-RF,hard-like,v11,0.00918826086675
NICER v12,H_N-RF,,MAXI J1807+132,6634010109,NS,0.679999703898232,0.679999703898232,0.5,BH,H_N-RF,hard-like,v11,0.0120915530607451
NICER v12,H_N-RF,,MAXI J1807+132,6634010111,NS,0.05228918665863702,0.052289186658637,0.5,NS,H_N-RF,hard-like,v11,0.0103056320110419
NICER v12,H_N-RF,,MXB 1730-335,3200100104,NS,0.3809071409968234,0.3809071409968234,0.5,NS,H_N-RF,hard-like,v11,0.004569639649686
NICER v12,H_N-RF,,MXB 1730-335,3200100111,NS,0.4192267639225258,0.4192267639225258,0.5,NS,H_N-RF,hard-like,v11,0.0115641336607681
NICER v12,H_N-RF,,SAX J1747.0-2853,5200600101,NS,0.6593014583219128,0.6593014583219128,0.5,BH,H_N-RF,soft-like,v11,0.0017292552963959
NICER v12,H_N-RF,,SAX J1747.0-2853,5200600102,NS,0.6643206000598045,0.6643206000598045,0.5,BH,H_N-RF,soft-like,v11,0.0016646680583872
NICER v12,H_N-RF,,SAX J1747.0-2853,5200600103,NS,0.6572659156439397,0.6572659156439397,0.5,BH,H_N-RF,soft-like,v11,0.0021140228311653
NICER v12,H_N-RF,,SAX J1747.0-2853,5200600104,NS,0.6450768198357688,0.6450768198357688,0.5,BH,H_N-RF,soft-like,v11,0.0061654250228775
NICER v12,H_N-RF,,SAX J1808.4-3658,2584010101,NS,0.11411636141201559,0.11411636141201557,0.5,NS,H_N-RF,hard-like,v11,0.0314271749773788
NICER v12,H_N-RF,,SAX J1808.4-3658,2584010107,NS,0.029001479227259597,0.029001479227259614,0.5,NS,H_N-RF,hard-like,v11,0.0033675868965244
NICER v12,H_N-RF,,SAX J1808.4-3658,5050260104,NS,0.014629485248457363,0.014629485248457346,0.5,NS,H_N-RF,hard-like,v11,0.008516920477251
NICER v12,H_N-RF,,SAX J1808.4-3658,5574010103,NS,0.09004917900789278,0.0900491790078928,0.5,NS,H_N-RF,hard-like,v11,0.0089352484689454
NICER v12,H_N-RF,,SAX J1810.8-2609,4200170101,NS,0.09329813326987935,0.09329813326987932,0.5,NS,H_N-RF,hard-like,v11,0.0024281719991886
NICER v12,H_N-RF,,SAX J1810.8-2609,4200170103,NS,0.11773878392106218,0.11773878392106218,0.5,NS,H_N-RF,hard-like,v11,0.0023179510740078
NICER v12,H_N-RF,,SAX J1810.8-2609,4200170105,NS,0.008722236565364805,0.008722236565364784,0.5,NS,H_N-RF,hard-like,v11,0.003174450126308
NICER v12,H_N-RF,,SAX J1810.8-2609,4200170108,NS,0.2341907058324879,0.2341907058324879,0.5,NS,H_N-RF,hard-like,v11,0.0043408140707855
NICER v12,H_N-RF,,SLX 1732-304,3050560103,NS,0.0,0.0,0.5,NS,H_N-RF,hard-like,v11,0.0151969399299182
NICER v12,H_N-RF,,SLX 1732-304,3050560107,NS,0.015927991999731217,0.015927991999731196,0.5,NS,H_N-RF,hard-like,v11,0.0118898348355241
NICER v12,H_N-RF,,SLX 1732-304,3050560109,NS,0.0029474351585014325,0.0029474351585014407,0.5,NS,H_N-RF,hard-like,v11,0.007253439588233
NICER v12,H_N-RF,,SLX 1732-304,6050560101,NS,0.01060536092305675,0.010605360923056736,0.5,NS,H_N-RF,soft-like,v11,0.0033836315835213
NICER v12,H_N-RF,,SLX 1732-304,6050560103,NS,0.0020000000000000018,0.002,0.5,NS,H_N-RF,soft-like,v11,0.0095266602559786
NICER v12,H_N-RF,,SLX 1732-304,6050560109,NS,0.014944264504092863,0.01494426450409288,0.5,NS,H_N-RF,intermediate,v11,0.0032782073902969
NICER v12,H_N-RF,,SLX 1735-269,3604020101,NS,0.010022239155335955,0.010022239155335977,0.5,NS,H_N-RF,soft-like,v11,0.0255604731240899
NICER v12,H_N-RF,,SLX 1735-269,3604020102,NS,0.0,0.0,0.5,NS,H_N-RF,hard-like,v11,0.029283900220656
NICER v12,H_N-RF,,SLX 1735-269,3604020104,NS,0.00733143744001008,0.007331437440010096,0.5,NS,H_N-RF,soft-like,v11,0.0158701250582401
NICER v12,H_N-RF,,SLX 1735-269,3604020105,NS,0.005830882352941158,0.005830882352941177,0.5,NS,H_N-RF,soft-like,v11,0.0233386333383054
NICER v12,H_N-RF,,Ser X-1,0050320107,NS,0.0,0.0,0.5,NS,H_N-RF,soft-like,v11,0.0
NICER v12,H_N-RF,,Ser X-1,1050320104,NS,0.0,0.0,0.5,NS,H_N-RF,soft-like,v11,0.0
NICER v12,H_N-RF,,Ser X-1,1050320108,NS,0.001751351351351349,0.0017513513513513512,0.5,NS,H_N-RF,soft-like,v11,0.0
NICER v12,H_N-RF,,Ser X-1,1050320114,NS,0.006527785686547771,0.0065277856865477825,0.5,NS,H_N-RF,soft-like,v11,0.0
NICER v12,H_N-RF,,Ser X-1,1050320117,NS,0.2365894648486475,0.23658946484864748,0.5,NS,H_N-RF,hard-like,v11,0.0
NICER v12,H_N-RF,,Ser X-1,6648010102,NS,0.0,0.0,0.5,NS,H_N-RF,soft-like,v11,0.0
NICER v12,H_N-RF,,Ser X-1,6050320101,NS,0.029327107976665823,0.029327107976665826,0.5,NS,H_N-RF,soft-like,v11,0.000834287959033
NICER v12,H_N-RF,,Swift J1749.4-2807,4658010102,NS,0.0,0.0,0.5,NS,H_N-RF,soft-like,v11,0.0163471917924303
NICER v12,H_N-RF,,Swift J1749.4-2807,4658010103,NS,0.0,0.0,0.5,NS,H_N-RF,hard-like,v11,0.0188510851055954
NICER v12,H_N-RF,,Swift J1858.6-0814,3592010502,NS,0.02499753854432668,0.024997538544326667,0.5,NS,H_N-RF,soft-like,v11,0.005062478333087
NICER v12,H_N-RF,,Swift J1858.6-0814,3200400121,NS,0.951430480880513,0.951430480880513,0.5,BH,H_N-RF,intermediate,v11,0.0121355357983128
NICER v12,H_N-RF,,XMMU J181227.8-181234,3050550103,NS,0.35969850988403007,0.35969850988403007,0.5,NS,H_N-RF,soft-like,v11,0.00515778242185
NICER v12,H_N-RF,,XMMU J181227.8-181234,3050550108,NS,0.295245283277627,0.295245283277627,0.5,NS,H_N-RF,soft-like,v11,0.0051677429357218
NICER v12,H_N-RF,,XTE J1701-462,5203390105,NS,0.005134329359178624,0.005134329359178636,0.5,NS,H_N-RF,soft-like,v11,0.0
NICER v12,H_N-RF,,XTE J1701-462,5203390112,NS,0.0028312880265981,0.0028312880265981047,0.5,NS,H_N-RF,soft-like,v11,0.0
NICER v12,H_N-RF,,XTE J1701-462,5203390118,NS,0.0,0.0,0.5,NS,H_N-RF,soft-like,v11,0.0
NICER v12,H_N-RF,,XTE J1701-462,5203390151,NS,0.0,0.0,0.5,NS,H_N-RF,soft-like,v11,0.0006191936779948
NICER v12,H_N-RF,,XTE J1701-462,5203390157,NS,0.03165536670854768,0.0316553667085477,0.5,NS,H_N-RF,soft-like,v11,0.0029657683987859
NICER v12,H_N-RF,,XTE J1701-462,6203390104,NS,0.005787985485218916,0.005787985485218941,0.5,NS,H_N-RF,soft-like,v11,0.0193103304140204
NICER v12,H_N-RF,,XTE J1701-462,6203390110,NS,0.17720787079770917,0.17720787079770917,0.5,NS,H_N-RF,intermediate,v11,0.0744641939945034
NICER v12,H_N-RF,,XTE J1709-267,1050130110,NS,0.004427084057165354,0.004427084057165358,0.5,NS,H_N-RF,hard-like,v11,0.0
NICER v12,H_N-RF,,XTE J1739-285,2050280107,NS,0.0,0.0,0.5,NS,H_N-RF,soft-like,v11,0.0008770840766629
NICER v12,H_N-RF,,XTE J1739-285,2050280131,NS,0.029534000876248245,0.02953400087624826,0.5,NS,H_N-RF,hard-like,v11,0.0106024974188111
NICER v12,H_N-RF,,XTE J1739-285,3050280111,NS,0.001751351351351349,0.0017513513513513512,0.5,NS,H_N-RF,hard-like,v11,0.0067469394392473
NICER v12,H_N-RF,,XTE J1739-285,3050280135,NS,0.019325581406655024,0.019325581406655027,0.5,NS,H_N-RF,soft-like,v11,0.0011165552747018
NICER v12,H_N-RF,,XTE J1739-285,3050280147,NS,0.0,0.0,0.5,NS,H_N-RF,soft-like,v11,0.0022257187738921
NICER v12,H_N-RF,,XTE J1739-285,3050280162,NS,0.0,0.0,0.5,NS,H_N-RF,soft-like,v11,0.0012177114001709
NICER v12,H_N-RF,,XTE J1739-285,3050280184,NS,0.051525711120576745,0.05152571112057674,0.5,NS,H_N-RF,hard-like,v11,0.0106141346652441
NICER v12,H_N-RF,,XTE J1810-189,3201750104,NS,0.06714219626087681,0.06714219626087681,0.5,NS,H_N-RF,hard-like,v11,0.0229077963859926
NICER v12,H_N-RF,,XTE J1810-189,3201750107,NS,0.005470975166565695,0.005470975166565718,0.5,NS,H_N-RF,hard-like,v11,0.0132817069937581
NICER v12,H_N-RF,,XTE J1810-189,3201750108,NS,0.030936286132917545,0.030936286132917535,0.5,NS,H_N-RF,hard-like,v11,0.0118033059807758
NICER v12,H_N-RF,,XTE J1810-189,3201750111,NS,0.1576049652124134,0.15760496521241338,0.5,NS,H_N-RF,hard-like,v11,0.0119773117108239
NICER v12,H_N-RF,,XTE J1810-189,3201750112,NS,0.4489006014417565,0.4489006014417565,0.5,NS,H_N-RF,hard-like,v11,0.0226817110789655
NICER v12,H_N-RF,,XTE J1810-189,3201750115,NS,0.2844527053564526,0.2844527053564526,0.5,NS,H_N-RF,hard-like,v11,0.020572428525493
NICER v12,H_N-RF,,XTE J1810-189,6201750102,NS,0.04801074310217046,0.04801074310217046,0.5,NS,H_N-RF,soft-like,v11,0.0291069933305499
NICER v12,H_N+T_N-RF,,Cyg X-1,0100320102,BH,0.6933846917566545,0.6933846917566545,0.5,BH,H_N+T_N-RF,hard-like,v10,0.0
NICER v12,H_N+T_N-RF,,Cyg X-1,2636010102,BH,0.9583485341580615,0.9583485341580615,0.5,BH,H_N+T_N-RF,intermediate,v10,0.0
NICER v12,H_N+T_N-RF,,Cyg X-1,4690020110,BH,0.9969760993009193,0.9969760993009193,0.5,BH,H_N+T_N-RF,hard-like,v10,0.0
NICER v12,H_N+T_N-RF,,Cyg X-1,5100320107,BH,0.9967646326826457,0.9967646326826457,0.5,BH,H_N+T_N-RF,hard-like,v10,0.0
NICER v12,H_N+T_N-RF,,Cyg X-1,5100320118,BH,0.9073707948384582,0.9073707948384582,0.5,BH,H_N+T_N-RF,hard-like,v10,0.0
NICER v12,H_N+T_N-RF,,Cyg X-1,5100320126,BH,0.5602990782793881,0.5602990782793881,0.5,BH,H_N+T_N-RF,hard-like,v10,0.0
NICER v12,H_N+T_N-RF,,Cyg X-1,5607010303,BH,0.9476750607880673,0.9476750607880673,0.5,BH,H_N+T_N-RF,hard-like,v10,0.0
NICER v12,H_N+T_N-RF,,Cyg X-1,7706010110,BH,0.9953581847649918,0.9953581847649918,0.5,BH,H_N+T_N-RF,hard-like,v10,0.0007631414248862
NICER v12,H_N+T_N-RF,,LMC X-1,5100070101,BH,0.9191578622727674,0.9191578622727674,0.5,BH,H_N+T_N-RF,intermediate,v10,0.0121421235274593
NICER v12,H_N+T_N-RF,,LMC X-1,5100070103,BH,0.9200932816832798,0.9200932816832798,0.5,BH,H_N+T_N-RF,intermediate,v10,0.0126005946429904
NICER v12,H_N+T_N-RF,,LMC X-1,5100070105,BH,0.9024645951520054,0.9024645951520054,0.5,BH,H_N+T_N-RF,soft-like,v10,0.0160100988934748
NICER v12,H_N+T_N-RF,,LMC X-1,5100070106,BH,0.8637449372697577,0.8637449372697577,0.5,BH,H_N+T_N-RF,soft-like,v10,0.0076000673698018
NICER v12,H_N+T_N-RF,,LMC X-1,5100070107,BH,0.857701925179115,0.857701925179115,0.5,BH,H_N+T_N-RF,soft-like,v10,0.0106434931640091
NICER v12,H_N+T_N-RF,,LMC X-1,5100070108,BH,0.8692668971450087,0.8692668971450087,0.5,BH,H_N+T_N-RF,soft-like,v10,0.0082886819974367
NICER v12,H_N+T_N-RF,,LMC X-1,5100070110,BH,0.8999232096067211,0.8999232096067211,0.5,BH,H_N+T_N-RF,soft-like,v10,0.0130280222101766
NICER v12,H_N+T_N-RF,,LMC X-3,1101010136,BH,0.5309916596784909,0.5309916596784909,0.5,BH,H_N+T_N-RF,hard-like,v10,0.016936667835672
NICER v12,H_N+T_N-RF,,LMC X-3,2101010106,BH,0.9386683878818716,0.9386683878818716,0.5,BH,H_N+T_N-RF,soft-like,v10,0.0051012287721918
NICER v12,H_N+T_N-RF,,LMC X-3,3609010301,BH,0.8847735705834537,0.8847735705834537,0.5,BH,H_N+T_N-RF,soft-like,v10,0.008328874507042
NICER v12,H_N+T_N-RF,,LMC X-3,5101010101,BH,0.9738636826187568,0.9738636826187568,0.5,BH,H_N+T_N-RF,soft-like,v10,0.0143447992100679
NICER v12,H_N+T_N-RF,,LMC X-3,6101010109,BH,0.9588788691121538,0.9588788691121538,0.5,BH,H_N+T_N-RF,soft-like,v10,0.0048228899685555
NICER v12,H_N+T_N-RF,,LMC X-3,7101010102,BH,0.5341209694128002,0.5341209694128002,0.5,BH,H_N+T_N-RF,hard-like,v10,0.0349452173802754
NICER v12,H_N+T_N-RF,,LMC X-3,8101010101,BH,0.1376694246564505,0.13766942465645046,0.5,NS,H_N+T_N-RF,hard-like,v10,0.0082384285613297
NICER v12,H_N+T_N-RF,,SAX J1819.3-2525,2200300109,BH,0.3230172113271333,0.3230172113271333,0.5,NS,H_N+T_N-RF,soft-like,v10,0.007895918286627
NICER v12,H_N+T_N-RF,,SAX J1819.3-2525,3200300116,BH,0.3781104908474559,0.3781104908474559,0.5,NS,H_N+T_N-RF,soft-like,v10,0.0152739678288124
NICER v12,H_N+T_N-RF,,SAX J1819.3-2525,4702010103,BH,0.3543456644271953,0.3543456644271953,0.5,NS,H_N+T_N-RF,soft-like,v10,0.0055873899844431
NICER v12,H_N+T_N-RF,,SAX J1819.3-2525,4200300114,BH,0.5097148095407334,0.5097148095407334,0.5,BH,H_N+T_N-RF,soft-like,v10,0.0057679372150985
NICER v12,H_N+T_N-RF,,SAX J1819.3-2525,4200300122,BH,0.3682369223599013,0.3682369223599013,0.5,NS,H_N+T_N-RF,soft-like,v10,0.0033978683725555
NICER v12,H_N+T_N-RF,,SAX J1819.3-2525,7200300114,BH,0.10394952966788623,0.10394952966788623,0.5,NS,H_N+T_N-RF,soft-like,v10,0.0151454101889772
NICER v12,H_N+T_N-RF,,4U 1543-475,4202230114,BH,0.8127579279040699,0.8127579279040699,0.5,BH,H_N+T_N-RF,hard-like,v10,0.0
NICER v12,H_N+T_N-RF,,4U 1543-475,4202230162,BH,0.9983750336876619,0.9983750336876619,0.5,BH,H_N+T_N-RF,soft-like,v10,0.0
NICER v12,H_N+T_N-RF,,4U 1543-475,4202230170,BH,0.9976110850687011,0.9976110850687011,0.5,BH,H_N+T_N-RF,soft-like,v10,0.0
NICER v12,H_N+T_N-RF,,4U 1543-475,4681010101,BH,0.998,0.998,0.5,BH,H_N+T_N-RF,hard-like,v10,0.0091910249051039
NICER v12,H_N+T_N-RF,,4U 1543-475,5202230222,BH,0.9922571529917621,0.9922571529917621,0.5,BH,H_N+T_N-RF,hard-like,v10,0.0054450814546959
NICER v12,H_N+T_N-RF,,GX 339-4,3133010113,BH,0.8745137004693537,0.8745137004693537,0.5,BH,H_N+T_N-RF,hard-like,v10,0.0046809993471522
NICER v12,H_N+T_N-RF,,GX 339-4,3558011301,BH,0.998,0.998,0.5,BH,H_N+T_N-RF,hard-like,v10,0.0020196115259884
NICER v12,H_N+T_N-RF,,GX 339-4,4133010115,BH,0.9974019677454516,0.9974019677454516,0.5,BH,H_N+T_N-RF,soft-like,v10,0.0
NICER v12,H_N+T_N-RF,,GX 339-4,4133010165,BH,0.999396415990825,0.999396415990825,0.5,BH,H_N+T_N-RF,soft-like,v10,0.0
NICER v12,H_N+T_N-RF,,GX 339-4,4133010243,BH,0.9952906681499478,0.9952906681499478,0.5,BH,H_N+T_N-RF,soft-like,v10,0.0007792523796817
NICER v12,H_N+T_N-RF,,GX 339-4,5133010210,BH,0.7424161390578172,0.7424161390578172,0.5,BH,H_N+T_N-RF,hard-like,v10,0.0222133775728752
NICER v12,H_N+T_N-RF,,GX 339-4,6133010216,BH,0.9930135062069902,0.9930135062069902,0.5,BH,H_N+T_N-RF,soft-like,v10,0.0
NICER v12,H_N+T_N-RF,,Swift J1727.8-1613,6203980107,BH,0.5149196375601773,0.5149196375601773,0.5,BH,H_N+T_N-RF,hard-like,v10,0.0
NICER v12,H_N+T_N-RF,,Swift J1727.8-1613,6750010301,BH,0.4037234360869501,0.4037234360869501,0.5,NS,H_N+T_N-RF,hard-like,v10,0.0
NICER v12,H_N+T_N-RF,,Swift J1727.8-1613,6203980119,BH,0.07021157750378876,0.07021157750378876,0.5,NS,H_N+T_N-RF,hard-like,v10,0.0
NICER v12,H_N+T_N-RF,,Swift J1727.8-1613,6203980133,BH,0.9859180112174213,0.9859180112174213,0.5,BH,H_N+T_N-RF,soft-like,v10,0.0
NICER v12,H_N+T_N-RF,,Swift J1727.8-1613,6203980146,BH,0.9894083027402069,0.9894083027402069,0.5,BH,H_N+T_N-RF,soft-like,v10,0.0
NICER v12,H_N+T_N-RF,,Swift J1727.8-1613,6588020103,BH,0.9649543490645848,0.9649543490645848,0.5,BH,H_N+T_N-RF,soft-like,v10,0.0015100123186621
NICER v12,H_N+T_N-RF,,Swift J1727.8-1613,6588020104,BH,0.8637009434936179,0.8637009434936179,0.5,BH,H_N+T_N-RF,hard-like,v10,0.0035490781702081
NICER v12,H_N+T_N-RF,,Swift J1727.8-1613,7203980106,BH,0.7167368988653057,0.7167368988653057,0.5,BH,H_N+T_N-RF,hard-like,v10,0.0152865427512046
NICER v12,H_N+T_N-RF,,MAXI J1820+070,1200120116,BH,0.9924080656655802,0.9924080656655802,0.5,BH,H_N+T_N-RF,hard-like,v10,0.0
NICER v12,H_N+T_N-RF,,MAXI J1820+070,1200120132,BH,0.9970629613317117,0.9970629613317117,0.5,BH,H_N+T_N-RF,hard-like,v10,0.0
NICER v12,H_N+T_N-RF,,MAXI J1820+070,1200120173,BH,0.9710980764086876,0.9710980764086876,0.5,BH,H_N+T_N-RF,hard-like,v10,0.0
NICER v12,H_N+T_N-RF,,MAXI J1820+070,1200120267,BH,0.8996199463065746,0.8996199463065746,0.5,BH,H_N+T_N-RF,hard-like,v10,0.0
NICER v12,H_N+T_N-RF,,MAXI J1820+070,2200120308,BH,0.9880018021240814,0.9880018021240814,0.5,BH,H_N+T_N-RF,hard-like,v10,0.0092881607692578
NICER v12,H_N+T_N-RF,,MAXI J1820+070,2200120309,BH,0.982698924277737,0.982698924277737,0.5,BH,H_N+T_N-RF,hard-like,v10,0.0057002912732477
NICER v12,H_N+T_N-RF,,MAXI J1820+070,2200120350,BH,0.918604921367309,0.918604921367309,0.5,BH,H_N+T_N-RF,hard-like,v10,0.0228077431371829
NICER v12,H_N+T_N-RF,,GRS 1915+105,0103010107,BH,0.2012199560626361,0.2012199560626361,0.5,NS,H_N+T_N-RF,hard-like,v10,0.0
NICER v12,H_N+T_N-RF,,GRS 1915+105,1103010218,BH,0.1629159128929769,0.16291591289297688,0.5,NS,H_N+T_N-RF,hard-like,v10,0.0048688162389097
NICER v12,H_N+T_N-RF,,GRS 1915+105,3103010252,BH,0.0051744027443133,0.00517440274431331,0.5,NS,H_N+T_N-RF,soft-like,v10,0.0164741705263055
NICER v12,H_N+T_N-RF,,GRS 1915+105,4103010225,BH,0.03683055675013436,0.03683055675013436,0.5,NS,H_N+T_N-RF,hard-like,v10,0.0014946067707724
NICER v12,H_N+T_N-RF,,GRS 1915+105,4647012701,BH,0.38167341605383986,0.38167341605383986,0.5,NS,H_N+T_N-RF,hard-like,v10,0.0022718824236472
NICER v12,H_N+T_N-RF,,1A 1744-361,5202800107,NS,0.003501625135427955,0.0035016251354279522,0.5,NS,H_N+T_N-RF,soft-like,v10,0.0020581157580895
NICER v12,H_N+T_N-RF,,1A 1744-361,5202800112,NS,0.04572036455035766,0.04572036455035769,0.5,NS,H_N+T_N-RF,soft-like,v10,0.001675001010078
NICER v12,H_N+T_N-RF,,1A 1744-361,5202800128,NS,0.0018266767143933493,0.0018266767143933684,0.5,NS,H_N+T_N-RF,soft-like,v10,0.0047951899410038
NICER v12,H_N+T_N-RF,,1A 1744-361,5202800141,NS,0.11195598074077939,0.11195598074077938,0.5,NS,H_N+T_N-RF,soft-like,v10,0.0035864516327786
NICER v12,H_N+T_N-RF,,1A 1744-361,5202800144,NS,0.0012744479495268024,0.001274447949526814,0.5,NS,H_N+T_N-RF,intermediate,v10,0.0075781290532689
NICER v12,H_N+T_N-RF,,1A 1744-361,7202800102,NS,0.5557167683465519,0.5557167683465519,0.5,BH,H_N+T_N-RF,hard-like,v10,0.0275324134132384
NICER v12,H_N+T_N-RF,,1A 1744-361,7202800106,NS,0.0,0.0,0.5,NS,H_N+T_N-RF,soft-like,v10,0.0053252466430105
NICER v12,H_N+T_N-RF,,2S 0918-549,3050450124,NS,0.24803839066301092,0.24803839066301095,0.5,NS,H_N+T_N-RF,hard-like,v10,0.0252537683138424
NICER v12,H_N+T_N-RF,,2S 0918-549,3050450169,NS,0.005278996865203778,0.005278996865203762,0.5,NS,H_N+T_N-RF,intermediate,v10,0.0303620248106876
NICER v12,H_N+T_N-RF,,2S 0918-549,4050450150,NS,0.009043350540369255,0.009043350540369255,0.5,NS,H_N+T_N-RF,soft-like,v10,0.0274014458457433
NICER v12,H_N+T_N-RF,,2S 0918-549,5050450128,NS,0.021897668557987082,0.02189766855798709,0.5,NS,H_N+T_N-RF,intermediate,v10,0.0065716783807679
NICER v12,H_N+T_N-RF,,2S 0918-549,5050450152,NS,0.06541308225529963,0.0654130822552996,0.5,NS,H_N+T_N-RF,hard-like,v10,0.0138061022047038
NICER v12,H_N+T_N-RF,,4U 0513-40,1050010106,NS,0.0027762955969415914,0.002776295596941564,0.5,NS,H_N+T_N-RF,soft-like,v10,0.0199047580790098
NICER v12,H_N+T_N-RF,,4U 0513-40,1050010108,NS,0.008823074173271273,0.008823074173271276,0.5,NS,H_N+T_N-RF,intermediate,v10,0.0319582779348734
NICER v12,H_N+T_N-RF,,4U 0513-40,1050010109,NS,0.013729655983510003,0.01372965598351002,0.5,NS,H_N+T_N-RF,soft-like,v10,0.0287960452110688
NICER v12,H_N+T_N-RF,,4U 0513-40,1050010112,NS,0.011258680233877327,0.01125868023387734,0.5,NS,H_N+T_N-RF,soft-like,v10,0.0209886067130525
NICER v12,H_N+T_N-RF,,4U 0614+09,5050020204,NS,0.206824484054837,0.20682448405483697,0.5,NS,H_N+T_N-RF,hard-like,v10,0.0035412644771195
NICER v12,H_N+T_N-RF,,4U 0614+09,5050020226,NS,0.20133442584271594,0.20133442584271594,0.5,NS,H_N+T_N-RF,soft-like,v10,0.0014320898321043
NICER v12,H_N+T_N-RF,,4U 1246-588,2200970102,NS,0.023293619424054224,0.023293619424054206,0.5,NS,H_N+T_N-RF,hard-like,v10,0.0127727105751519
NICER v12,H_N+T_N-RF,,4U 1246-588,8200970113,NS,0.4706781323648483,0.4706781323648483,0.5,NS,H_N+T_N-RF,hard-like,v10,0.1938382640231896
NICER v12,H_N+T_N-RF,,4U 1246-588,8200970115,NS,0.22672745088355173,0.2267274508835517,0.5,NS,H_N+T_N-RF,hard-like,v10,0.0
NICER v12,H_N+T_N-RF,,4U 1254-69,3050470108,NS,0.004305346929637077,0.004305346929637093,0.5,NS,H_N+T_N-RF,soft-like,v10,0.0086244000311583
NICER v12,H_N+T_N-RF,,4U 1254-69,3050470110,NS,0.008955149525703754,0.008955149525703733,0.5,NS,H_N+T_N-RF,soft-like,v10,0.0053910586182249
NICER v12,H_N+T_N-RF,,4U 1254-69,3050470160,NS,0.04381512009184757,0.04381512009184759,0.5,NS,H_N+T_N-RF,soft-like,v10,0.0037980657897977
NICER v12,H_N+T_N-RF,,4U 1254-69,4050470135,NS,0.03324527682249534,0.03324527682249534,0.5,NS,H_N+T_N-RF,soft-like,v10,0.0060160259946749
NICER v12,H_N+T_N-RF,,4U 1254-69,4050470160,NS,0.021116296918224975,0.021116296918224964,0.5,NS,H_N+T_N-RF,intermediate,v10,0.0182210558699989
NICER v12,H_N+T_N-RF,,4U 1254-69,5050470121,NS,0.06709128896480504,0.06709128896480505,0.5,NS,H_N+T_N-RF,soft-like,v10,0.0033138520578702
NICER v12,H_N+T_N-RF,,4U 1254-69,5050470125,NS,0.001892773892773869,0.0018927738927738927,0.5,NS,H_N+T_N-RF,soft-like,v10,0.0145953143696027
NICER v12,H_N+T_N-RF,,4U 1543-624,3604010101,NS,0.0031353383458646578,0.0031353383458646617,0.5,NS,H_N+T_N-RF,hard-like,v10,0.008505861752927
NICER v12,H_N+T_N-RF,,4U 1608-522,1050070128,NS,0.0,0.0,0.5,NS,H_N+T_N-RF,soft-like,v10,0.0
NICER v12,H_N+T_N-RF,,4U 1608-522,2050070108,NS,0.0,0.0,0.5,NS,H_N+T_N-RF,hard-like,v10,0.0061183546343721
NICER v12,H_N+T_N-RF,,4U 1608-522,3657020901,NS,0.0,0.0,0.5,NS,H_N+T_N-RF,soft-like,v10,0.0
NICER v12,H_N+T_N-RF,,4U 1608-522,3657021501,NS,0.0,0.0,0.5,NS,H_N+T_N-RF,soft-like,v10,0.0
NICER v12,H_N+T_N-RF,,4U 1608-522,3657023001,NS,0.0,0.0,0.5,NS,H_N+T_N-RF,soft-like,v10,0.0
NICER v12,H_N+T_N-RF,,4U 1608-522,3657024701,NS,0.0,0.0,0.5,NS,H_N+T_N-RF,soft-like,v10,0.0
NICER v12,H_N+T_N-RF,,4U 1608-522,3657027601,NS,0.0016816608996539917,0.0016816608996539793,0.5,NS,H_N+T_N-RF,hard-like,v10,0.0115361432364594
NICER v12,H_N+T_N-RF,,4U 1636-536,2050080212,NS,0.010049911943119716,0.010049911943119737,0.5,NS,H_N+T_N-RF,hard-like,v10,0.019779554513342
NICER v12,H_N+T_N-RF,,4U 1702-429,2050110108,NS,0.01621447206859805,0.016214472068598027,0.5,NS,H_N+T_N-RF,hard-like,v10,0.0086607646878457
NICER v12,H_N+T_N-RF,,4U 1702-429,2050110115,NS,0.013243179517324677,0.013243179517324656,0.5,NS,H_N+T_N-RF,hard-like,v10,0.0191135030992613
NICER v12,H_N+T_N-RF,,4U 1702-429,2050110124,NS,0.004204124229658823,0.0042041242296588024,0.5,NS,H_N+T_N-RF,hard-like,v10,0.0498180386996004
NICER v12,H_N+T_N-RF,,4U 1702-429,2587030102,NS,0.004118223175914204,0.004118223175914215,0.5,NS,H_N+T_N-RF,hard-like,v10,0.0048513912400534
NICER v12,H_N+T_N-RF,,4U 1702-429,2587030103,NS,0.002643894784152112,0.002643894784152111,0.5,NS,H_N+T_N-RF,hard-like,v10,0.0042227228773417
NICER v12,H_N+T_N-RF,,4U 1705-32,4202170107,NS,0.014741937852188303,0.014741937852188317,0.5,NS,H_N+T_N-RF,soft-like,v10,0.0064582493335746
NICER v12,H_N+T_N-RF,,4U 1705-32,4202170110,NS,0.03981131935324983,0.03981131935324984,0.5,NS,H_N+T_N-RF,soft-like,v10,0.0209829008289777
NICER v12,H_N+T_N-RF,,4U 1705-32,4202170111,NS,0.011108672059126634,0.01110867205912666,0.5,NS,H_N+T_N-RF,soft-like,v10,0.0172511491940371
NICER v12,H_N+T_N-RF,,4U 1705-44,1050120113,NS,0.0,0.0,0.5,NS,H_N+T_N-RF,soft-like,v10,0.0
NICER v12,H_N+T_N-RF,,4U 1705-44,1050120115,NS,0.0,0.0,0.5,NS,H_N+T_N-RF,soft-like,v10,0.0
NICER v12,H_N+T_N-RF,,4U 1705-44,2050120102,NS,0.0,0.0,0.5,NS,H_N+T_N-RF,soft-like,v10,0.0
NICER v12,H_N+T_N-RF,,4U 1705-44,2050120103,NS,0.0,0.0,0.5,NS,H_N+T_N-RF,soft-like,v10,0.0
NICER v12,H_N+T_N-RF,,4U 1705-44,3050120101,NS,0.0,0.0,0.5,NS,H_N+T_N-RF,soft-like,v10,0.0013007160459805
NICER v12,H_N+T_N-RF,,4U 1705-44,3050120102,NS,0.001408740359897187,0.001408740359897172,0.5,NS,H_N+T_N-RF,soft-like,v10,0.0008769785443226
NICER v12,H_N+T_N-RF,,4U 1705-44,3050120104,NS,0.0,0.0,0.5,NS,H_N+T_N-RF,soft-like,v10,0.0034488256335628
NICER v12,H_N+T_N-RF,,4U 1705-44,3050120105,NS,0.0,0.0,0.5,NS,H_N+T_N-RF,soft-like,v10,0.0026487061059071
NICER v12,H_N+T_N-RF,,4U 1722-30,7402780101,NS,0.008895546699294876,0.00889554669929485,0.5,NS,H_N+T_N-RF,intermediate,v10,0.0091432737998474
NICER v12,H_N+T_N-RF,,4U 1728-34,2587010101,NS,0.0,0.0,0.5,NS,H_N+T_N-RF,soft-like,v10,0.0020013682146331
NICER v12,H_N+T_N-RF,,4U 1728-34,2587010103,NS,0.0,0.0,0.5,NS,H_N+T_N-RF,soft-like,v10,0.0049376630795571
NICER v12,H_N+T_N-RF,,4U 1735-444,3050500102,NS,0.0,0.0,0.5,NS,H_N+T_N-RF,soft-like,v10,0.0006749138622322
NICER v12,H_N+T_N-RF,,4U 1735-444,4050500101,NS,0.0017550585729499413,0.0017550585729499467,0.5,NS,H_N+T_N-RF,soft-like,v10,0.000837680783967
NICER v12,H_N+T_N-RF,,4U 1735-444,4050500102,NS,0.0035101171458998826,0.0035101171458998934,0.5,NS,H_N+T_N-RF,soft-like,v10,0.000887150822295
NICER v12,H_N+T_N-RF,,4U 1735-444,4050500104,NS,0.0,0.0,0.5,NS,H_N+T_N-RF,soft-like,v10,0.0
NICER v12,H_N+T_N-RF,,4U 1735-444,5050500101,NS,0.0,0.0,0.5,NS,H_N+T_N-RF,soft-like,v10,0.0034225847878715
NICER v12,H_N+T_N-RF,,4U 1735-444,7700030101,NS,0.0,0.0,0.5,NS,H_N+T_N-RF,soft-like,v10,0.0018392799145878
NICER v12,H_N+T_N-RF,,4U 1812-12,2560010103,NS,0.23941062291737325,0.23941062291737328,0.5,NS,H_N+T_N-RF,hard-like,v10,0.0198798615000098
NICER v12,H_N+T_N-RF,,4U 1812-12,2560010203,NS,0.11017178832019103,0.11017178832019103,0.5,NS,H_N+T_N-RF,hard-like,v10,0.0139837810431001
NICER v12,H_N+T_N-RF,,4U 1812-12,3580010103,NS,0.02573891888001706,0.02573891888001707,0.5,NS,H_N+T_N-RF,hard-like,v10,0.0114786715172329
NICER v12,H_N+T_N-RF,,4U 1812-12,3580010205,NS,0.07055126308822335,0.07055126308822335,0.5,NS,H_N+T_N-RF,hard-like,v10,0.0128873844052001
NICER v12,H_N+T_N-RF,,4U 1812-12,3580010310,NS,0.082501204775837,0.08250120477583703,0.5,NS,H_N+T_N-RF,hard-like,v10,0.0150131123869546
NICER v12,H_N+T_N-RF,,4U 1812-12,3580010317,NS,0.10308028661180751,0.1030802866118075,0.5,NS,H_N+T_N-RF,hard-like,v10,0.0175077730384775
NICER v12,H_N+T_N-RF,,4U 1812-12,3580010325,NS,0.08489363347803192,0.08489363347803193,0.5,NS,H_N+T_N-RF,hard-like,v10,0.0336569192241159
NICER v12,H_N+T_N-RF,,4U 1812-12,4202290104,NS,0.013306256000067074,0.013306256000067072,0.5,NS,H_N+T_N-RF,hard-like,v10,0.0351193686222338
NICER v12,H_N+T_N-RF,,4U 1820-303,1050300121,NS,0.009315606354681816,0.009315606354681833,0.5,NS,H_N+T_N-RF,hard-like,v10,0.0
NICER v12,H_N+T_N-RF,,4U 1820-303,2050300120,NS,0.0,0.0,0.5,NS,H_N+T_N-RF,intermediate,v10,0.0019740153848252
NICER v12,H_N+T_N-RF,,4U 1820-303,4680010103,NS,0.0035568400770712993,0.003556840077071291,0.5,NS,H_N+T_N-RF,soft-like,v10,0.0007599885484804
NICER v12,H_N+T_N-RF,,4U 1820-303,4680010119,NS,0.0,0.0,0.5,NS,H_N+T_N-RF,soft-like,v10,0.00156049203956
NICER v12,H_N+T_N-RF,,4U 1820-303,5604010301,NS,0.0,0.0,0.5,NS,H_N+T_N-RF,soft-like,v10,0.0
NICER v12,H_N+T_N-RF,,4U 1820-303,5604010901,NS,0.015515536910491456,0.015515536910491458,0.5,NS,H_N+T_N-RF,soft-like,v10,0.002240817039707
NICER v12,H_N+T_N-RF,,4U 1820-303,8050300119,NS,0.32346872406515015,0.32346872406515015,0.5,NS,H_N+T_N-RF,hard-like,v10,0.0
NICER v12,H_N+T_N-RF,,4U 1850-086,6403520101,NS,0.15052508285750132,0.15052508285750135,0.5,NS,H_N+T_N-RF,soft-like,v10,0.001889660397849
NICER v12,H_N+T_N-RF,,4U 1850-086,7403520101,NS,0.7776529082482349,0.7776529082482349,0.5,BH,H_N+T_N-RF,soft-like,v10,0.0051980433823055
NICER v12,H_N+T_N-RF,,4U 1850-086,7204410101,NS,0.7080802764604706,0.7080802764604706,0.5,BH,H_N+T_N-RF,hard-like,v10,0.0142641830238315
NICER v12,H_N+T_N-RF,,4U 1850-086,7204410102,NS,0.4745759240365173,0.4745759240365173,0.5,NS,H_N+T_N-RF,soft-like,v10,0.01087041600076
NICER v12,H_N+T_N-RF,,4U 1850-086,7204410103,NS,0.11011052572696067,0.11011052572696066,0.5,NS,H_N+T_N-RF,soft-like,v10,0.0181632046394115
NICER v12,H_N+T_N-RF,,Aql X-1,1050340105,NS,0.0015568400770712976,0.001556840077071291,0.5,NS,H_N+T_N-RF,soft-like,v10,0.0
NICER v12,H_N+T_N-RF,,Aql X-1,2050340113,NS,0.0017508125677139774,0.0017508125677139761,0.5,NS,H_N+T_N-RF,soft-like,v10,0.0
NICER v12,H_N+T_N-RF,,Aql X-1,3050340119,NS,0.2991721092962557,0.2991721092962557,0.5,NS,H_N+T_N-RF,soft-like,v10,0.0016898489326547
NICER v12,H_N+T_N-RF,,Aql X-1,3050340151,NS,0.2834969332313182,0.2834969332313182,0.5,NS,H_N+T_N-RF,hard-like,v10,0.0142859327262776
NICER v12,H_N+T_N-RF,,Aql X-1,6050340101,NS,0.0,0.0,0.5,NS,H_N+T_N-RF,soft-like,v10,0.0
NICER v12,H_N+T_N-RF,,Aql X-1,6634020121,NS,0.0015568400770712976,0.001556840077071291,0.5,NS,H_N+T_N-RF,soft-like,v10,0.0
NICER v12,H_N+T_N-RF,,Aql X-1,6634020142,NS,0.037963625024665104,0.03796362502466513,0.5,NS,H_N+T_N-RF,soft-like,v10,0.0006845376164085
NICER v12,H_N+T_N-RF,,Aql X-1,7050340124,NS,0.062630665188319,0.06263066518831902,0.5,NS,H_N+T_N-RF,hard-like,v10,0.0130448862147953
NICER v12,H_N+T_N-RF,,Cen X-4,1030110106,NS,0.3493023548392354,0.3493023548392354,0.5,NS,H_N+T_N-RF,hard-like,v10,0.0
NICER v12,H_N+T_N-RF,,Cir X-1,2050050121,NS,0.008226489947931459,0.008226489947931454,0.5,NS,H_N+T_N-RF,soft-like,v10,0.0
NICER v12,H_N+T_N-RF,,Cir X-1,3578010901,NS,0.4131868406447932,0.4131868406447932,0.5,NS,H_N+T_N-RF,soft-like,v10,0.0016937234658217
NICER v12,H_N+T_N-RF,,Cir X-1,3668010102,NS,0.0,0.0,0.5,NS,H_N+T_N-RF,soft-like,v10,0.0
NICER v12,H_N+T_N-RF,,Cir X-1,5571030102,NS,0.0015568400770712976,0.001556840077071291,0.5,NS,H_N+T_N-RF,soft-like,v10,0.0
NICER v12,H_N+T_N-RF,,Cir X-1,5571070102,NS,0.0,0.0,0.5,NS,H_N+T_N-RF,soft-like,v10,0.0
NICER v12,H_N+T_N-RF,,Cir X-1,6689030101,NS,0.3640928904610556,0.3640928904610556,0.5,NS,H_N+T_N-RF,soft-like,v10,0.0
NICER v12,H_N+T_N-RF,,Cir X-1,6689030202,NS,0.01189201769805387,0.011892017698053857,0.5,NS,H_N+T_N-RF,soft-like,v10,0.0
NICER v12,H_N+T_N-RF,,Cyg X-2,0034150107,NS,0.0015559845559845464,0.0015559845559845558,0.5,NS,H_N+T_N-RF,soft-like,v10,0.0
NICER v12,H_N+T_N-RF,,Cyg X-2,1034150111,NS,0.0017502714440825184,0.0017502714440825189,0.5,NS,H_N+T_N-RF,soft-like,v10,0.0
NICER v12,H_N+T_N-RF,,Cyg X-2,1034150134,NS,0.003150792729920915,0.00315079272992092,0.5,NS,H_N+T_N-RF,soft-like,v10,0.0
NICER v12,H_N+T_N-RF,,Cyg X-2,1034150142,NS,0.0015559845559845464,0.0015559845559845558,0.5,NS,H_N+T_N-RF,soft-like,v10,0.0
NICER v12,H_N+T_N-RF,,Cyg X-2,5034150103,NS,0.0014005212858383964,0.0014005212858384014,0.5,NS,H_N+T_N-RF,soft-like,v10,0.0
NICER v12,H_N+T_N-RF,,Cyg X-2,7034150103,NS,0.018757717549691966,0.018757717549691976,0.5,NS,H_N+T_N-RF,soft-like,v10,0.0
NICER v12,H_N+T_N-RF,,Cyg X-2,7034150113,NS,0.0,0.0,0.5,NS,H_N+T_N-RF,soft-like,v10,0.0
NICER v12,H_N+T_N-RF,,Cyg X-2,7034150116,NS,0.0015559845559845464,0.0015559845559845558,0.5,NS,H_N+T_N-RF,soft-like,v10,0.0
NICER v12,H_N+T_N-RF,,EXO 0748-676,7050030111,NS,0.526998161611159,0.526998161611159,0.5,BH,H_N+T_N-RF,hard-like,v10,0.1505311438937236
NICER v12,H_N+T_N-RF,,EXO 0748-676,7050030142,NS,0.06527673148299795,0.06527673148299794,0.5,NS,H_N+T_N-RF,hard-like,v10,0.069997747792287
NICER v12,H_N+T_N-RF,,EXO 0748-676,7050030148,NS,0.012663808064557913,0.012663808064557892,0.5,NS,H_N+T_N-RF,hard-like,v10,0.1070731591501681
NICER v12,H_N+T_N-RF,,GRS 1747-312,2050440104,NS,0.008924151798048341,0.008924151798048362,0.5,NS,H_N+T_N-RF,soft-like,v10,0.0205146276940435
NICER v12,H_N+T_N-RF,,GRS 1747-312,2050440107,NS,0.060481972906400894,0.0604819729064009,0.5,NS,H_N+T_N-RF,soft-like,v10,0.0119501583435484
NICER v12,H_N+T_N-RF,,GRS 1747-312,6739015501,NS,0.0049966752807283354,0.004996675280728361,0.5,NS,H_N+T_N-RF,soft-like,v10,0.0165531410588272
NICER v12,H_N+T_N-RF,,GS 1826-24,1050310106,NS,0.12996505954939952,0.12996505954939952,0.5,NS,H_N+T_N-RF,hard-like,v10,0.0
NICER v12,H_N+T_N-RF,,GS 1826-24,1050310116,NS,0.004525476670729112,0.004525476670729095,0.5,NS,H_N+T_N-RF,hard-like,v10,0.0
NICER v12,H_N+T_N-RF,,GS 1826-24,3050310101,NS,0.014193246530261494,0.014193246530261496,0.5,NS,H_N+T_N-RF,soft-like,v10,0.0
NICER v12,H_N+T_N-RF,,GS 1826-24,5050310104,NS,0.01750616438195679,0.01750616438195679,0.5,NS,H_N+T_N-RF,soft-like,v10,0.0
NICER v12,H_N+T_N-RF,,GX 13+1,1108020103,NS,0.030755302228009262,0.03075530222800927,0.5,NS,H_N+T_N-RF,soft-like,v10,0.0
NICER v12,H_N+T_N-RF,,GX 13+1,5670010101,NS,0.007483381832691094,0.007483381832691068,0.5,NS,H_N+T_N-RF,soft-like,v10,0.0
NICER v12,H_N+T_N-RF,,GX 13+1,5670010202,NS,0.04465067287814278,0.04465067287814278,0.5,NS,H_N+T_N-RF,soft-like,v10,0.0
NICER v12,H_N+T_N-RF,,GX 13+1,5670010402,NS,0.01898432465190314,0.018984324651903115,0.5,NS,H_N+T_N-RF,soft-like,v10,0.0
NICER v12,H_N+T_N-RF,,GX 13+1,5670010403,NS,0.01822467212734946,0.01822467212734947,0.5,NS,H_N+T_N-RF,soft-like,v10,0.0
NICER v12,H_N+T_N-RF,,GX 13+1,5670010406,NS,0.012025500676005219,0.012025500676005224,0.5,NS,H_N+T_N-RF,soft-like,v10,0.0
NICER v12,H_N+T_N-RF,,GX 13+1,7701010101,NS,0.034211876890093196,0.034211876890093224,0.5,NS,H_N+T_N-RF,soft-like,v10,0.0
NICER v12,H_N+T_N-RF,,GX 13+1,7108020103,NS,0.010637362776463821,0.010637362776463813,0.5,NS,H_N+T_N-RF,soft-like,v10,0.0
NICER v12,H_N+T_N-RF,,GX 17+2,1050410107,NS,0.0037502714440825202,0.003750271444082519,0.5,NS,H_N+T_N-RF,soft-like,v10,0.0
NICER v12,H_N+T_N-RF,,GX 17+2,1050410112,NS,0.3541552668841939,0.3541552668841939,0.5,NS,H_N+T_N-RF,hard-like,v10,0.0
NICER v12,H_N+T_N-RF,,GX 17+2,1050410118,NS,0.0037502714440825202,0.003750271444082519,0.5,NS,H_N+T_N-RF,soft-like,v10,0.0
NICER v12,H_N+T_N-RF,,GX 17+2,1050410119,NS,0.0,0.0,0.5,NS,H_N+T_N-RF,soft-like,v10,0.0
NICER v12,H_N+T_N-RF,,GX 17+2,1050410133,NS,0.0020000000000000018,0.002,0.5,NS,H_N+T_N-RF,soft-like,v10,0.0
NICER v12,H_N+T_N-RF,,GX 17+2,3050410103,NS,0.0,0.0,0.5,NS,H_N+T_N-RF,soft-like,v10,0.0
NICER v12,H_N+T_N-RF,,GX 17+2,7050410103,NS,0.0,0.0,0.5,NS,H_N+T_N-RF,soft-like,v10,0.0
NICER v12,H_N+T_N-RF,,GX 17+2,7050410107,NS,0.0037502714440825202,0.003750271444082519,0.5,NS,H_N+T_N-RF,soft-like,v10,0.0
NICER v12,H_N+T_N-RF,,GX 3+1,7700040101,NS,0.0,0.0,0.5,NS,H_N+T_N-RF,soft-like,v10,0.0
NICER v12,H_N+T_N-RF,,GX 3+1,7700040102,NS,0.0,0.0,0.5,NS,H_N+T_N-RF,soft-like,v10,0.0006570812636823
NICER v12,H_N+T_N-RF,,GX 3+1,8611010102,NS,0.0,0.0,0.5,NS,H_N+T_N-RF,soft-like,v10,0.0
NICER v12,H_N+T_N-RF,,GX 3+1,8611010103,NS,0.0,0.0,0.5,NS,H_N+T_N-RF,soft-like,v10,0.0
NICER v12,H_N+T_N-RF,,GX 3+1,8611010104,NS,0.0,0.0,0.5,NS,H_N+T_N-RF,soft-like,v10,0.0
NICER v12,H_N+T_N-RF,,GX 3+1,8611010105,NS,0.0012834890965732204,0.0012834890965732087,0.5,NS,H_N+T_N-RF,soft-like,v10,0.0
NICER v12,H_N+T_N-RF,,GX 3+1,8611010106,NS,0.0012834890965732204,0.0012834890965732087,0.5,NS,H_N+T_N-RF,soft-like,v10,0.0
NICER v12,H_N+T_N-RF,,IGR J17062-6143,3034100101,NS,0.9986905979132963,0.9986905979132963,0.5,BH,H_N+T_N-RF,intermediate,v10,0.0195697964075274
NICER v12,H_N+T_N-RF,,IGR J17498-2921,6560010103,NS,0.0015610687022900582,0.0015610687022900762,0.5,NS,H_N+T_N-RF,intermediate,v10,0.0066282026195262
NICER v12,H_N+T_N-RF,,IGR J17498-2921,6560010105,NS,0.012523234866813282,0.0125232348668133,0.5,NS,H_N+T_N-RF,hard-like,v10,0.0151607229430552
NICER v12,H_N+T_N-RF,,IGR J17498-2921,6560010109,NS,0.0,0.0,0.5,NS,H_N+T_N-RF,hard-like,v10,0.0137066709674273
NICER v12,H_N+T_N-RF,,IGR J17498-2921,6560010113,NS,0.034250785476152124,0.0342507854761521,0.5,NS,H_N+T_N-RF,hard-like,v10,0.0091888778510323
NICER v12,H_N+T_N-RF,,IGR J17498-2921,6560010124,NS,0.03828153471206047,0.038281534712060465,0.5,NS,H_N+T_N-RF,hard-like,v10,0.1253733786329556
NICER v12,H_N+T_N-RF,,M15 X-2,5034140105,NS,0.015976905208983927,0.015976905208983906,0.5,NS,H_N+T_N-RF,soft-like,v10,0.0073277389929812
NICER v12,H_N+T_N-RF,,M15 X-2,5034140111,NS,0.02583520405378903,0.025835204053789043,0.5,NS,H_N+T_N-RF,soft-like,v10,0.0063067740120082
NICER v12,H_N+T_N-RF,,M15 X-2,5034140122,NS,0.024002324824424937,0.024002324824424923,0.5,NS,H_N+T_N-RF,soft-like,v10,0.0035981742587412
NICER v12,H_N+T_N-RF,,M15 X-2,5034140128,NS,0.20358745267671913,0.20358745267671913,0.5,NS,H_N+T_N-RF,soft-like,v10,0.0071910204558255
NICER v12,H_N+T_N-RF,,M15 X-2,5034140133,NS,0.061041865910578474,0.06104186591057846,0.5,NS,H_N+T_N-RF,soft-like,v10,0.0056967902927598
NICER v12,H_N+T_N-RF,,MAXI J1807+132,2200840102,NS,0.13714558335975968,0.13714558335975965,0.5,NS,H_N+T_N-RF,hard-like,v10,0.00972546826671
NICER v12,H_N+T_N-RF,,MAXI J1807+132,6200840106,NS,0.07814839513602057,0.07814839513602055,0.5,NS,H_N+T_N-RF,hard-like,v10,0.0126024049617315
NICER v12,H_N+T_N-RF,,MAXI J1807+132,6634010102,NS,0.1221969527949684,0.1221969527949684,0.5,NS,H_N+T_N-RF,hard-like,v10,0.0060404584837194
NICER v12,H_N+T_N-RF,,MAXI J1807+132,6634010107,NS,0.02317628465183158,0.023176284651831587,0.5,NS,H_N+T_N-RF,hard-like,v10,0.0080187710759328
NICER v12,H_N+T_N-RF,,MAXI J1807+132,6634010108,NS,0.06594449303320127,0.06594449303320127,0.5,NS,H_N+T_N-RF,intermediate,v10,0.0236984581525862
NICER v12,H_N+T_N-RF,,MXB 1730-335,3200100101,NS,0.0018701298701298552,0.0018701298701298702,0.5,NS,H_N+T_N-RF,soft-like,v10,0.0013896912389399
NICER v12,H_N+T_N-RF,,MXB 1730-335,3200100110,NS,0.3402746442772911,0.3402746442772911,0.5,NS,H_N+T_N-RF,hard-like,v10,0.0078462236557654
NICER v12,H_N+T_N-RF,,MXB 1730-335,3200100112,NS,0.33796278525663537,0.33796278525663537,0.5,NS,H_N+T_N-RF,hard-like,v10,0.0223440883468909
NICER v12,H_N+T_N-RF,,SAX J1747.0-2853,2200600101,NS,0.4106955496047644,0.4106955496047644,0.5,NS,H_N+T_N-RF,soft-like,v10,0.0110656118124459
NICER v12,H_N+T_N-RF,,SAX J1747.0-2853,5200600105,NS,0.3199310445188535,0.3199310445188535,0.5,NS,H_N+T_N-RF,soft-like,v10,0.0027622634843458
NICER v12,H_N+T_N-RF,,SAX J1747.0-2853,5200600106,NS,0.2951064663856338,0.2951064663856338,0.5,NS,H_N+T_N-RF,soft-like,v10,0.0030637401700865
NICER v12,H_N+T_N-RF,,SAX J1747.0-2853,8200600101,NS,0.32873260469628646,0.32873260469628646,0.5,NS,H_N+T_N-RF,soft-like,v10,0.005568656286232
NICER v12,H_N+T_N-RF,,SAX J1747.0-2853,8200600102,NS,0.3999853549364192,0.3999853549364192,0.5,NS,H_N+T_N-RF,soft-like,v10,0.0056677577490407
NICER v12,H_N+T_N-RF,,SAX J1808.4-3658,2584010104,NS,0.9388714150525816,0.9388714150525816,0.5,BH,H_N+T_N-RF,hard-like,v10,0.0177838261430056
NICER v12,H_N+T_N-RF,,SAX J1808.4-3658,2584010109,NS,0.9712458010862272,0.9712458010862272,0.5,BH,H_N+T_N-RF,hard-like,v10,0.0046411964821821
NICER v12,H_N+T_N-RF,,SAX J1810.8-2609,4200170102,NS,0.004965914200028676,0.004965914200028655,0.5,NS,H_N+T_N-RF,hard-like,v10,0.0052188035603059
NICER v12,H_N+T_N-RF,,SAX J1810.8-2609,4200170104,NS,0.0031586385676261597,0.003158638567626153,0.5,NS,H_N+T_N-RF,hard-like,v10,0.0039110085459405
NICER v12,H_N+T_N-RF,,SAX J1810.8-2609,4200170106,NS,0.006149802410360505,0.006149802410360489,0.5,NS,H_N+T_N-RF,hard-like,v10,0.0047810730927851
NICER v12,H_N+T_N-RF,,SAX J1810.8-2609,4200170107,NS,0.0029659142000286742,0.0029659142000286556,0.5,NS,H_N+T_N-RF,hard-like,v10,0.003877166669356
NICER v12,H_N+T_N-RF,,SAX J1810.8-2609,4200170112,NS,0.001405684754521963,0.0014056847545219637,0.5,NS,H_N+T_N-RF,hard-like,v10,0.0029950076228777
NICER v12,H_N+T_N-RF,,SAX J1810.8-2609,4200170114,NS,0.04384082328244865,0.04384082328244864,0.5,NS,H_N+T_N-RF,intermediate,v10,0.0027885516437036
NICER v12,H_N+T_N-RF,,SAX J1810.8-2609,4200170116,NS,0.0,0.0,0.5,NS,H_N+T_N-RF,hard-like,v10,0.0101812595620719
NICER v12,H_N+T_N-RF,,SLX 1732-304,3050560102,NS,0.01869438046355465,0.018694380463554646,0.5,NS,H_N+T_N-RF,hard-like,v10,0.0060109793094354
NICER v12,H_N+T_N-RF,,SLX 1732-304,3050560106,NS,0.0438619569297265,0.043861956929726484,0.5,NS,H_N+T_N-RF,hard-like,v10,0.0073506331185886
NICER v12,H_N+T_N-RF,,SLX 1732-304,3050560108,NS,0.024982456814008902,0.024982456814008912,0.5,NS,H_N+T_N-RF,hard-like,v10,0.0108731477905412
NICER v12,H_N+T_N-RF,,SLX 1732-304,6050560102,NS,0.0,0.0,0.5,NS,H_N+T_N-RF,soft-like,v10,0.0039225377469331
NICER v12,H_N+T_N-RF,,SLX 1732-304,6050560104,NS,0.013201699132178168,0.013201699132178151,0.5,NS,H_N+T_N-RF,soft-like,v10,0.0194076509895894
NICER v12,H_N+T_N-RF,,SLX 1732-304,6050560106,NS,0.006711181102362185,0.006711181102362204,0.5,NS,H_N+T_N-RF,soft-like,v10,0.016395003879188
NICER v12,H_N+T_N-RF,,SLX 1732-304,8050560104,NS,0.01179646185626293,0.011796461856262933,0.5,NS,H_N+T_N-RF,hard-like,v10,0.0230921190044043
NICER v12,H_N+T_N-RF,,SLX 1732-304,8050560106,NS,0.2601202740137275,0.2601202740137275,0.5,NS,H_N+T_N-RF,hard-like,v10,0.0784152146867813
NICER v12,H_N+T_N-RF,,Ser X-1,0050320109,NS,0.0,0.0,0.5,NS,H_N+T_N-RF,soft-like,v10,0.0
NICER v12,H_N+T_N-RF,,Ser X-1,1050320103,NS,0.0,0.0,0.5,NS,H_N+T_N-RF,soft-like,v10,0.0
NICER v12,H_N+T_N-RF,,Ser X-1,1050320111,NS,0.0,0.0,0.5,NS,H_N+T_N-RF,soft-like,v10,0.0
NICER v12,H_N+T_N-RF,,Ser X-1,1050320116,NS,0.0,0.0,0.5,NS,H_N+T_N-RF,soft-like,v10,0.0
NICER v12,H_N+T_N-RF,,Ser X-1,1050320118,NS,0.0,0.0,0.5,NS,H_N+T_N-RF,soft-like,v10,0.0
NICER v12,H_N+T_N-RF,,Ser X-1,6648010101,NS,0.01805282514081824,0.01805282514081822,0.5,NS,H_N+T_N-RF,soft-like,v10,0.0012024032268131
NICER v12,H_N+T_N-RF,,Ser X-1,7700020102,NS,0.0,0.0,0.5,NS,H_N+T_N-RF,soft-like,v10,0.0
NICER v12,H_N+T_N-RF,,Swift J1749.4-2807,4658010104,NS,0.0880832610501473,0.0880832610501473,0.5,NS,H_N+T_N-RF,intermediate,v10,0.0097974034936417
NICER v12,H_N+T_N-RF,,Swift J1749.4-2807,4658010105,NS,0.10872466091450694,0.10872466091450696,0.5,NS,H_N+T_N-RF,soft-like,v10,0.008931691800815
NICER v12,H_N+T_N-RF,,Swift J1858.6-0814,3200400112,NS,0.027535788487648594,0.027535788487648573,0.5,NS,H_N+T_N-RF,soft-like,v10,0.0103824165652169
NICER v12,H_N+T_N-RF,,Swift J1858.6-0814,3200400116,NS,0.07145406045506092,0.07145406045506092,0.5,NS,H_N+T_N-RF,soft-like,v10,0.0103864580792879
NICER v12,H_N+T_N-RF,,Swift J1922.7-1716,7204180115,NS,0.1890799969479663,0.18907999694796632,0.5,NS,H_N+T_N-RF,hard-like,v10,0.0
NICER v12,H_N+T_N-RF,,XMMU J181227.8-181234,3050550102,NS,0.28907263670417843,0.28907263670417843,0.5,NS,H_N+T_N-RF,soft-like,v10,0.0031723446311589
NICER v12,H_N+T_N-RF,,XMMU J181227.8-181234,3050550105,NS,0.2080763423856783,0.20807634238567832,0.5,NS,H_N+T_N-RF,soft-like,v10,0.0046581622144281
NICER v12,H_N+T_N-RF,,XMMU J181227.8-181234,3050550109,NS,0.2771626308647095,0.2771626308647095,0.5,NS,H_N+T_N-RF,soft-like,v10,0.0038169090424622
NICER v12,H_N+T_N-RF,,XMMU J181227.8-181234,3050550110,NS,0.18619067257100347,0.18619067257100347,0.5,NS,H_N+T_N-RF,soft-like,v10,0.007183077292005
NICER v12,H_N+T_N-RF,,XMMU J181227.8-181234,3050550112,NS,0.18467287796884901,0.18467287796884901,0.5,NS,H_N+T_N-RF,soft-like,v10,0.0041124887649082
NICER v12,H_N+T_N-RF,,XMMU J181227.8-181234,3050550113,NS,0.2464240561690878,0.24642405616908783,0.5,NS,H_N+T_N-RF,soft-like,v10,0.0062026208701688
NICER v12,H_N+T_N-RF,,XMMU J181227.8-181234,3050550116,NS,0.24853888052058615,0.24853888052058618,0.5,NS,H_N+T_N-RF,soft-like,v10,0.005562974255877
NICER v12,H_N+T_N-RF,,XTE J1701-407,2050090101,NS,0.02895524671355093,0.028955246713550934,0.5,NS,H_N+T_N-RF,soft-like,v10,0.0081177255872578
NICER v12,H_N+T_N-RF,,XTE J1701-407,3050090101,NS,0.13855935838454259,0.13855935838454256,0.5,NS,H_N+T_N-RF,soft-like,v10,0.0030338562035622
NICER v12,H_N+T_N-RF,,XTE J1701-407,3050090102,NS,0.24618377435297556,0.24618377435297556,0.5,NS,H_N+T_N-RF,soft-like,v10,0.0037484133818939
NICER v12,H_N+T_N-RF,,XTE J1701-407,3050090103,NS,0.0,0.0,0.5,NS,H_N+T_N-RF,soft-like,v10,0.0044255305873359
NICER v12,H_N+T_N-RF,,XTE J1701-407,3050090104,NS,0.004729311846689899,0.004729311846689895,0.5,NS,H_N+T_N-RF,soft-like,v10,0.0068739425534658
NICER v12,H_N+T_N-RF,,XTE J1701-462,5203390106,NS,0.0010787716955941162,0.0010787716955941256,0.5,NS,H_N+T_N-RF,soft-like,v10,0.0
NICER v12,H_N+T_N-RF,,XTE J1701-462,5203390114,NS,0.0010787716955941162,0.0010787716955941256,0.5,NS,H_N+T_N-RF,soft-like,v10,0.0
NICER v12,H_N+T_N-RF,,XTE J1701-462,5203390125,NS,0.0,0.0,0.5,NS,H_N+T_N-RF,soft-like,v10,0.0
NICER v12,H_N+T_N-RF,,XTE J1701-462,5203390143,NS,0.0,0.0,0.5,NS,H_N+T_N-RF,soft-like,v10,0.0004629488760546
NICER v12,H_N+T_N-RF,,XTE J1701-462,5203390152,NS,0.0,0.0,0.5,NS,H_N+T_N-RF,soft-like,v10,0.0030389640858502
NICER v12,H_N+T_N-RF,,XTE J1701-462,6203390101,NS,0.0,0.0,0.5,NS,H_N+T_N-RF,soft-like,v10,0.0016031006459978
NICER v12,H_N+T_N-RF,,XTE J1701-462,6203390102,NS,0.0,0.0,0.5,NS,H_N+T_N-RF,soft-like,v10,0.0076811038004722
NICER v12,H_N+T_N-RF,,XTE J1701-462,6203390109,NS,0.20798491486266035,0.20798491486266035,0.5,NS,H_N+T_N-RF,intermediate,v10,0.0239849857535843
NICER v12,H_N+T_N-RF,,XTE J1739-285,2050280105,NS,0.0,0.0,0.5,NS,H_N+T_N-RF,soft-like,v10,0.0010858681295055
NICER v12,H_N+T_N-RF,,XTE J1739-285,2050280129,NS,0.0,0.0,0.5,NS,H_N+T_N-RF,hard-like,v10,0.0187877165971502
NICER v12,H_N+T_N-RF,,XTE J1739-285,3050280105,NS,0.0697027850698122,0.06970278506981223,0.5,NS,H_N+T_N-RF,hard-like,v10,0.0043281729211759
NICER v12,H_N+T_N-RF,,XTE J1739-285,3050280133,NS,0.00626629510987875,0.0062662951098787405,0.5,NS,H_N+T_N-RF,soft-like,v10,0.0021436804378029
NICER v12,H_N+T_N-RF,,XTE J1739-285,3050280144,NS,0.0020000000000000018,0.002,0.5,NS,H_N+T_N-RF,soft-like,v10,0.0011917114279504
NICER v12,H_N+T_N-RF,,XTE J1739-285,3050280165,NS,0.001751351351351349,0.0017513513513513512,0.5,NS,H_N+T_N-RF,soft-like,v10,0.0021799562362376
NICER v12,H_N+T_N-RF,,XTE J1739-285,3050280187,NS,0.003115384615384631,0.0031153846153846153,0.5,NS,H_N+T_N-RF,soft-like,v10,0.0021680223836297
NICER v12,H_N+T_N-RF,,XTE J1810-189,3201750105,NS,0.015244984738271128,0.015244984738271104,0.5,NS,H_N+T_N-RF,hard-like,v10,0.0218575128627938
NICER v12,H_N+T_N-RF,,XTE J1810-189,3201750106,NS,0.04682615349367769,0.046826153493677684,0.5,NS,H_N+T_N-RF,hard-like,v10,0.0174298327257124
NICER v12,H_N+T_N-RF,,XTE J1810-189,3201750109,NS,0.09380061941932472,0.0938006194193247,0.5,NS,H_N+T_N-RF,hard-like,v10,0.0232444743164671
NICER v12,H_N+T_N-RF,,XTE J1810-189,3201750110,NS,0.08485318426082328,0.08485318426082326,0.5,NS,H_N+T_N-RF,hard-like,v10,0.0114713327897656
NICER v12,H_N+T_N-RF,,XTE J1810-189,3201750113,NS,0.06323821291198006,0.06323821291198009,0.5,NS,H_N+T_N-RF,hard-like,v10,0.0088125197381011
NICER v12,H_N+T_N-RF,,XTE J1810-189,3201750116,NS,0.10257561343629051,0.10257561343629053,0.5,NS,H_N+T_N-RF,hard-like,v10,0.0210602345994123
NICER v12,H_N+T_N-RF,,XTE J1810-189,6201750101,NS,0.007136111328216566,0.007136111328216592,0.5,NS,H_N+T_N-RF,soft-like,v10,0.0074526651906616
NICER v12,H_N+T_N-RF,,Cyg X-1,0100320107,BH,0.8839062031480314,0.8839062031480314,0.5,BH,H_N+T_N-RF,hard-like,v11,0.0
NICER v12,H_N+T_N-RF,,Cyg X-1,1100320121,BH,0.852349140524164,0.852349140524164,0.5,BH,H_N+T_N-RF,hard-like,v11,0.0
NICER v12,H_N+T_N-RF,,Cyg X-1,4690020104,BH,0.9308942427446788,0.9308942427446788,0.5,BH,H_N+T_N-RF,hard-like,v11,0.0
NICER v12,H_N+T_N-RF,,Cyg X-1,5100320105,BH,0.9991468720648851,0.9991468720648851,0.5,BH,H_N+T_N-RF,hard-like,v11,0.0
NICER v12,H_N+T_N-RF,,Cyg X-1,5100320122,BH,0.7429424836467824,0.7429424836467824,0.5,BH,H_N+T_N-RF,hard-like,v11,0.0
NICER v12,H_N+T_N-RF,,Cyg X-1,5100320132,BH,0.7135333781891342,0.7135333781891342,0.5,BH,H_N+T_N-RF,hard-like,v11,0.0
NICER v12,H_N+T_N-RF,,Cyg X-1,5100320140,BH,0.7317266738501,0.7317266738501,0.5,BH,H_N+T_N-RF,hard-like,v11,0.0
NICER v12,H_N+T_N-RF,,Cyg X-1,8656010601,BH,0.9343974262185506,0.9343974262185506,0.5,BH,H_N+T_N-RF,hard-like,v11,0.0
NICER v12,H_N+T_N-RF,,LMC X-1,5100070102,BH,0.5434427785918925,0.5434427785918925,0.5,BH,H_N+T_N-RF,hard-like,v11,0.0218078271146706
NICER v12,H_N+T_N-RF,,LMC X-1,5100070104,BH,0.5932829634441159,0.5932829634441159,0.5,BH,H_N+T_N-RF,hard-like,v11,0.018197726008099
NICER v12,H_N+T_N-RF,,LMC X-3,1101010138,BH,0.9002659133586729,0.9002659133586729,0.5,BH,H_N+T_N-RF,soft-like,v11,0.0197083346715862
NICER v12,H_N+T_N-RF,,LMC X-3,3609010501,BH,0.9367850230919162,0.9367850230919162,0.5,BH,H_N+T_N-RF,soft-like,v11,0.0046718502854164
NICER v12,H_N+T_N-RF,,LMC X-3,5101010112,BH,0.8933530531813779,0.8933530531813779,0.5,BH,H_N+T_N-RF,soft-like,v11,0.0624077884891384
NICER v12,H_N+T_N-RF,,LMC X-3,6101010105,BH,0.9097455751555035,0.9097455751555035,0.5,BH,H_N+T_N-RF,soft-like,v11,0.0340327647192251
NICER v12,H_N+T_N-RF,,LMC X-3,6101010124,BH,0.9582947966396295,0.9582947966396295,0.5,BH,H_N+T_N-RF,soft-like,v11,0.0043787512289078
NICER v12,H_N+T_N-RF,,LMC X-3,7704010206,BH,0.8856177085144883,0.8856177085144883,0.5,BH,H_N+T_N-RF,soft-like,v11,0.0072792100901468
NICER v12,H_N+T_N-RF,,SAX J1819.3-2525,3200300112,BH,0.3577811251751407,0.3577811251751407,0.5,NS,H_N+T_N-RF,soft-like,v11,0.0020583221630253
NICER v12,H_N+T_N-RF,,SAX J1819.3-2525,4200300106,BH,0.3673178850922886,0.3673178850922886,0.5,NS,H_N+T_N-RF,intermediate,v11,0.0062120870353307
NICER v12,H_N+T_N-RF,,SAX J1819.3-2525,4702010105,BH,0.41873227400937657,0.41873227400937657,0.5,NS,H_N+T_N-RF,soft-like,v11,0.0033437129036723
NICER v12,H_N+T_N-RF,,SAX J1819.3-2525,4702010201,BH,0.35305224060370605,0.35305224060370605,0.5,NS,H_N+T_N-RF,soft-like,v11,0.0043628357995909
NICER v12,H_N+T_N-RF,,4U 1543-475,4202230125,BH,0.999602294455067,0.999602294455067,0.5,BH,H_N+T_N-RF,soft-like,v11,0.0
NICER v12,H_N+T_N-RF,,4U 1543-475,4655060401,BH,0.999602294455067,0.999602294455067,0.5,BH,H_N+T_N-RF,soft-like,v11,0.0
NICER v12,H_N+T_N-RF,,4U 1543-475,4202230187,BH,1.0,1.0,0.5,BH,H_N+T_N-RF,soft-like,v11,0.0
NICER v12,H_N+T_N-RF,,4U 1543-475,4202230210,BH,0.8965940507213485,0.8965940507213485,0.5,BH,H_N+T_N-RF,hard-like,v11,0.0173278893104108
NICER v12,H_N+T_N-RF,,4U 1543-475,5202230201,BH,1.0,1.0,0.5,BH,H_N+T_N-RF,hard-like,v11,0.0043320071356492
NICER v12,H_N+T_N-RF,,4U 1543-475,5202230214,BH,0.999602294455067,0.999602294455067,0.5,BH,H_N+T_N-RF,hard-like,v11,0.0128687044589578
NICER v12,H_N+T_N-RF,,GX 339-4,3558010801,BH,0.998,0.998,0.5,BH,H_N+T_N-RF,hard-like,v11,0.0029389426383608
NICER v12,H_N+T_N-RF,,GX 339-4,4133010111,BH,0.9971696175406738,0.9971696175406738,0.5,BH,H_N+T_N-RF,soft-like,v11,0.0
NICER v12,H_N+T_N-RF,,GX 339-4,4133010117,BH,0.9996115384615384,0.9996115384615384,0.5,BH,H_N+T_N-RF,soft-like,v11,0.0
NICER v12,H_N+T_N-RF,,GX 339-4,4133010158,BH,0.9952359918523297,0.9952359918523297,0.5,BH,H_N+T_N-RF,soft-like,v11,0.0
NICER v12,H_N+T_N-RF,,GX 339-4,4133010193,BH,0.999396415990825,0.999396415990825,0.5,BH,H_N+T_N-RF,soft-like,v11,0.0
NICER v12,H_N+T_N-RF,,GX 339-4,5599010103,BH,0.4462969130102705,0.4462969130102705,0.5,NS,H_N+T_N-RF,hard-like,v11,0.0175953486537812
NICER v12,H_N+T_N-RF,,GX 339-4,6133010214,BH,0.9972230769230769,0.9972230769230769,0.5,BH,H_N+T_N-RF,soft-like,v11,0.0
NICER v12,H_N+T_N-RF,,Swift J1727.8-1613,6203980108,BH,0.5303976907780129,0.5303976907780129,0.5,BH,H_N+T_N-RF,hard-like,v11,0.0
NICER v12,H_N+T_N-RF,,Swift J1727.8-1613,6203980115,BH,0.4078462535345878,0.4078462535345878,0.5,NS,H_N+T_N-RF,hard-like,v11,0.0
NICER v12,H_N+T_N-RF,,Swift J1727.8-1613,6203980121,BH,0.0404990956394673,0.04049909563946728,0.5,NS,H_N+T_N-RF,hard-like,v11,0.0
NICER v12,H_N+T_N-RF,,Swift J1727.8-1613,6203980139,BH,0.9944804665919493,0.9944804665919493,0.5,BH,H_N+T_N-RF,soft-like,v11,0.0
NICER v12,H_N+T_N-RF,,Swift J1727.8-1613,6203980147,BH,0.9928863788889231,0.9928863788889231,0.5,BH,H_N+T_N-RF,soft-like,v11,0.0
NICER v12,H_N+T_N-RF,,Swift J1727.8-1613,7708010105,BH,0.9813977773617676,0.9813977773617676,0.5,BH,H_N+T_N-RF,soft-like,v11,0.0005052076338417
NICER v12,H_N+T_N-RF,,Swift J1727.8-1613,7203980104,BH,0.8230979515578282,0.8230979515578282,0.5,BH,H_N+T_N-RF,hard-like,v11,0.003356732204213
NICER v12,H_N+T_N-RF,,Swift J1727.8-1613,6588020110,BH,0.6669484368045562,0.6669484368045562,0.5,BH,H_N+T_N-RF,hard-like,v11,0.0086076041959687
NICER v12,H_N+T_N-RF,,MAXI J1820+070,1200120112,BH,0.9900165109630849,0.9900165109630849,0.5,BH,H_N+T_N-RF,hard-like,v11,0.0
NICER v12,H_N+T_N-RF,,MAXI J1820+070,1200120148,BH,0.9372537664483274,0.9372537664483274,0.5,BH,H_N+T_N-RF,hard-like,v11,0.0
NICER v12,H_N+T_N-RF,,MAXI J1820+070,1200120169,BH,0.9712103703308953,0.9712103703308953,0.5,BH,H_N+T_N-RF,hard-like,v11,0.0
NICER v12,H_N+T_N-RF,,MAXI J1820+070,1200120187,BH,0.9814719108466634,0.9814719108466634,0.5,BH,H_N+T_N-RF,hard-like,v11,0.0
NICER v12,H_N+T_N-RF,,MAXI J1820+070,2200120313,BH,0.9353895499322655,0.9353895499322655,0.5,BH,H_N+T_N-RF,hard-like,v11,0.0193822171511559
NICER v12,H_N+T_N-RF,,MAXI J1820+070,3200120404,BH,0.9863004560893232,0.9863004560893232,0.5,BH,H_N+T_N-RF,hard-like,v11,0.0049368210661757
NICER v12,H_N+T_N-RF,,GRS 1915+105,1103010133,BH,0.004298653965241539,0.0042986539652415555,0.5,NS,H_N+T_N-RF,soft-like,v11,0.0
NICER v12,H_N+T_N-RF,,GRS 1915+105,2596010301,BH,0.10773540674307253,0.10773540674307251,0.5,NS,H_N+T_N-RF,hard-like,v11,0.0050850547017455
NICER v12,H_N+T_N-RF,,GRS 1915+105,2103010204,BH,0.014987324200659624,0.01498732420065962,0.5,NS,H_N+T_N-RF,soft-like,v11,0.0070393028195641
NICER v12,H_N+T_N-RF,,GRS 1915+105,3607012501,BH,0.002690208667736782,0.0026902086677367577,0.5,NS,H_N+T_N-RF,soft-like,v11,0.0117092840277007
NICER v12,H_N+T_N-RF,,GRS 1915+105,4103010227,BH,0.218318938276841,0.21831893827684104,0.5,NS,H_N+T_N-RF,hard-like,v11,0.003027274565634
NICER v12,H_N+T_N-RF,,GRS 1915+105,4103010240,BH,0.16215540867352857,0.16215540867352857,0.5,NS,H_N+T_N-RF,hard-like,v11,0.0033970548969562
NICER v12,H_N+T_N-RF,,GRS 1915+105,6103010206,BH,0.45611374407591715,0.45611374407591715,0.5,NS,H_N+T_N-RF,hard-like,v11,0.0159930580556807
NICER v12,H_N+T_N-RF,,GRS 1915+105,7544012501,BH,0.0018498896247240437,0.0018498896247240617,0.5,NS,H_N+T_N-RF,soft-like,v11,0.0603484049822071
NICER v12,H_N+T_N-RF,,1A 1744-361,5202800102,NS,0.06240095824890246,0.06240095824890245,0.5,NS,H_N+T_N-RF,soft-like,v11,0.0009945433517291
NICER v12,H_N+T_N-RF,,1A 1744-361,5202800113,NS,0.004173023875293946,0.004173023875293924,0.5,NS,H_N+T_N-RF,soft-like,v11,0.0017168230283016
NICER v12,H_N+T_N-RF,,1A 1744-361,5202800125,NS,0.0,0.0,0.5,NS,H_N+T_N-RF,soft-like,v11,0.0089570732989
NICER v12,H_N+T_N-RF,,1A 1744-361,5202800131,NS,0.0,0.0,0.5,NS,H_N+T_N-RF,soft-like,v11,0.0011640173788419
NICER v12,H_N+T_N-RF,,1A 1744-361,5202800140,NS,0.01734042154047505,0.017340421540475034,0.5,NS,H_N+T_N-RF,soft-like,v11,0.0040327379219961
NICER v12,H_N+T_N-RF,,1A 1744-361,5202800143,NS,0.0078120970080081675,0.007812097008008162,0.5,NS,H_N+T_N-RF,soft-like,v11,0.0045404995176234
NICER v12,H_N+T_N-RF,,1A 1744-361,7202800104,NS,0.01794730391813454,0.017947303918134552,0.5,NS,H_N+T_N-RF,intermediate,v11,0.0024615878191033
NICER v12,H_N+T_N-RF,,1A 1744-361,7202800108,NS,0.0015568400770712976,0.001556840077071291,0.5,NS,H_N+T_N-RF,soft-like,v11,0.0089997943532161
NICER v12,H_N+T_N-RF,,2S 0918-549,2050450105,NS,0.0,0.0,0.5,NS,H_N+T_N-RF,intermediate,v11,0.0081429606874161
NICER v12,H_N+T_N-RF,,2S 0918-549,2050450121,NS,0.22489462048520048,0.22489462048520045,0.5,NS,H_N+T_N-RF,hard-like,v11,0.0146421296663521
NICER v12,H_N+T_N-RF,,2S 0918-549,3050450170,NS,0.031456042075940105,0.031456042075940126,0.5,NS,H_N+T_N-RF,soft-like,v11,0.0124269150133963
NICER v12,H_N+T_N-RF,,2S 0918-549,4050450125,NS,0.1115270812927982,0.11152708129279822,0.5,NS,H_N+T_N-RF,hard-like,v11,0.0087230265906564
NICER v12,H_N+T_N-RF,,2S 0918-549,5050450109,NS,0.0,0.0,0.5,NS,H_N+T_N-RF,intermediate,v11,0.0152716999893092
NICER v12,H_N+T_N-RF,,2S 0918-549,5050450119,NS,0.020024798035672586,0.020024798035672565,0.5,NS,H_N+T_N-RF,soft-like,v11,0.0236789099059262
NICER v12,H_N+T_N-RF,,4U 0513-40,1050010107,NS,0.008164962964063938,0.008164962964063936,0.5,NS,H_N+T_N-RF,soft-like,v11,0.0188570703861914
NICER v12,H_N+T_N-RF,,4U 0513-40,1050010111,NS,0.5282218644747589,0.5282218644747589,0.5,BH,H_N+T_N-RF,hard-like,v11,0.0219398894295848
NICER v12,H_N+T_N-RF,,4U 0614+09,1050020250,NS,0.26158814988054246,0.26158814988054246,0.5,NS,H_N+T_N-RF,soft-like,v11,0.0029064226371743
NICER v12,H_N+T_N-RF,,4U 0614+09,1050020257,NS,0.20627011489222075,0.20627011489222075,0.5,NS,H_N+T_N-RF,soft-like,v11,0.0028903035525695
NICER v12,H_N+T_N-RF,,4U 0614+09,5050020207,NS,0.01222134387351781,0.012221343873517785,0.5,NS,H_N+T_N-RF,soft-like,v11,0.0016478893605669
NICER v12,H_N+T_N-RF,,4U 1246-588,2200970103,NS,0.004936548688795173,0.004936548688795159,0.5,NS,H_N+T_N-RF,soft-like,v11,0.0089482092995531
NICER v12,H_N+T_N-RF,,4U 1246-588,2200970134,NS,0.035771767857874726,0.03577176785787475,0.5,NS,H_N+T_N-RF,hard-like,v11,0.0338899943271333
NICER v12,H_N+T_N-RF,,4U 1254-69,2050470130,NS,0.03579766917403482,0.03579766917403479,0.5,NS,H_N+T_N-RF,soft-like,v11,0.0133832002972557
NICER v12,H_N+T_N-RF,,4U 1254-69,3050470120,NS,0.011139095189807935,0.011139095189807912,0.5,NS,H_N+T_N-RF,soft-like,v11,0.0028313509892325
NICER v12,H_N+T_N-RF,,4U 1254-69,3050470164,NS,0.0,0.0,0.5,NS,H_N+T_N-RF,soft-like,v11,0.0063093508893725
NICER v12,H_N+T_N-RF,,4U 1254-69,4050470146,NS,0.012987438910046778,0.012987438910046794,0.5,NS,H_N+T_N-RF,soft-like,v11,0.0082877340918632
NICER v12,H_N+T_N-RF,,4U 1254-69,4050470163,NS,0.0,0.0,0.5,NS,H_N+T_N-RF,soft-like,v11,0.0150035275800413
NICER v12,H_N+T_N-RF,,4U 1254-69,4050470165,NS,0.0023579545930373924,0.002357954593037376,0.5,NS,H_N+T_N-RF,soft-like,v11,0.0123952905537318
NICER v12,H_N+T_N-RF,,4U 1543-624,1050060110,NS,0.31100274904720293,0.31100274904720293,0.5,NS,H_N+T_N-RF,hard-like,v11,0.0
NICER v12,H_N+T_N-RF,,4U 1608-522,0050070102,NS,0.0454560925156296,0.045456092515629605,0.5,NS,H_N+T_N-RF,hard-like,v11,0.0
NICER v12,H_N+T_N-RF,,4U 1608-522,2050070103,NS,0.0020000000000000018,0.002,0.5,NS,H_N+T_N-RF,soft-like,v11,0.0
NICER v12,H_N+T_N-RF,,4U 1608-522,3657021001,NS,0.0,0.0,0.5,NS,H_N+T_N-RF,soft-like,v11,0.0
NICER v12,H_N+T_N-RF,,4U 1608-522,3657022101,NS,0.0,0.0,0.5,NS,H_N+T_N-RF,soft-like,v11,0.0
NICER v12,H_N+T_N-RF,,4U 1608-522,3657023201,NS,0.0,0.0,0.5,NS,H_N+T_N-RF,soft-like,v11,0.0
NICER v12,H_N+T_N-RF,,4U 1608-522,3657024301,NS,0.0,0.0,0.5,NS,H_N+T_N-RF,soft-like,v11,0.0
NICER v12,H_N+T_N-RF,,4U 1608-522,3657026901,NS,0.0,0.0,0.5,NS,H_N+T_N-RF,soft-like,v11,0.001376859755762
NICER v12,H_N+T_N-RF,,4U 1636-536,5050080201,NS,0.005120651458132008,0.005120651458132025,0.5,NS,H_N+T_N-RF,hard-like,v11,0.0081333262159599
NICER v12,H_N+T_N-RF,,4U 1702-429,2050110102,NS,0.012839226310710439,0.012839226310710454,0.5,NS,H_N+T_N-RF,hard-like,v11,0.0044116203849166
NICER v12,H_N+T_N-RF,,4U 1702-429,2050110109,NS,0.002643894784152112,0.0026438947841521104,0.5,NS,H_N+T_N-RF,hard-like,v11,0.0072346855682786
NICER v12,H_N+T_N-RF,,4U 1702-429,2050110112,NS,0.01736417388552275,0.01736417388552274,0.5,NS,H_N+T_N-RF,hard-like,v11,0.0072276054065125
NICER v12,H_N+T_N-RF,,4U 1702-429,2050110123,NS,0.022514122108641232,0.022514122108641225,0.5,NS,H_N+T_N-RF,hard-like,v11,0.0365362421711481
NICER v12,H_N+T_N-RF,,4U 1702-429,2587030101,NS,0.004396848597256309,0.0043968485972563,0.5,NS,H_N+T_N-RF,hard-like,v11,0.0053160267033174
NICER v12,H_N+T_N-RF,,4U 1702-429,2587030104,NS,0.00335758627370053,0.003357586273700525,0.5,NS,H_N+T_N-RF,hard-like,v11,0.004181572246117
NICER v12,H_N+T_N-RF,,4U 1705-32,4202170108,NS,0.04205223434038319,0.04205223434038318,0.5,NS,H_N+T_N-RF,soft-like,v11,0.0077541607543749
NICER v12,H_N+T_N-RF,,4U 1705-32,4202170109,NS,0.004695652173913045,0.0046956521739130435,0.5,NS,H_N+T_N-RF,intermediate,v11,0.0146921374362813
NICER v12,H_N+T_N-RF,,4U 1728-34,7050150103,NS,0.2089240887960535,0.2089240887960535,0.5,NS,H_N+T_N-RF,hard-like,v11,0.0080079807978517
NICER v12,H_N+T_N-RF,,4U 1735-444,3050500108,NS,0.0,0.0,0.5,NS,H_N+T_N-RF,soft-like,v11,0.0005265632031692
NICER v12,H_N+T_N-RF,,4U 1812-12,2560010101,NS,0.2458015600643897,0.24580156006438972,0.5,NS,H_N+T_N-RF,hard-like,v11,0.0187477651192601
NICER v12,H_N+T_N-RF,,4U 1812-12,2560010205,NS,0.07636122210388663,0.0763612221038866,0.5,NS,H_N+T_N-RF,hard-like,v11,0.0091805189254098
NICER v12,H_N+T_N-RF,,4U 1812-12,3580010105,NS,0.04607045526837017,0.04607045526837016,0.5,NS,H_N+T_N-RF,hard-like,v11,0.0097931182877345
NICER v12,H_N+T_N-RF,,4U 1812-12,3580010203,NS,0.09507721076363235,0.09507721076363233,0.5,NS,H_N+T_N-RF,hard-like,v11,0.0114044061417468
NICER v12,H_N+T_N-RF,,4U 1812-12,3580010305,NS,0.11666172420873644,0.11666172420873641,0.5,NS,H_N+T_N-RF,hard-like,v11,0.0113712943185189
NICER v12,H_N+T_N-RF,,4U 1812-12,3580010313,NS,0.11245441527485645,0.11245441527485642,0.5,NS,H_N+T_N-RF,hard-like,v11,0.0238866501277501
NICER v12,H_N+T_N-RF,,4U 1812-12,3580010324,NS,0.077585902735258,0.07758590273525798,0.5,NS,H_N+T_N-RF,hard-like,v11,0.0231614132759462
NICER v12,H_N+T_N-RF,,4U 1812-12,4202290105,NS,0.04961405643805772,0.049614056438057726,0.5,NS,H_N+T_N-RF,hard-like,v11,0.028440111957538
NICER v12,H_N+T_N-RF,,4U 1820-303,0050300120,NS,0.0010787716955941162,0.0010787716955941256,0.5,NS,H_N+T_N-RF,soft-like,v11,0.0
NICER v12,H_N+T_N-RF,,4U 1820-303,1050300129,NS,0.0,0.0,0.5,NS,H_N+T_N-RF,hard-like,v11,0.0
NICER v12,H_N+T_N-RF,,4U 1820-303,3050300101,NS,0.0,0.0,0.5,NS,H_N+T_N-RF,soft-like,v11,0.0
NICER v12,H_N+T_N-RF,,4U 1820-303,4050300102,NS,0.0035568400770712993,0.003556840077071291,0.5,NS,H_N+T_N-RF,hard-like,v11,0.0016745189412201
NICER v12,H_N+T_N-RF,,4U 1820-303,4680010127,NS,0.0,0.0,0.5,NS,H_N+T_N-RF,soft-like,v11,0.0
NICER v12,H_N+T_N-RF,,4U 1820-303,5604010304,NS,0.0,0.0,0.5,NS,H_N+T_N-RF,soft-like,v11,0.0
NICER v12,H_N+T_N-RF,,4U 1820-303,6050300102,NS,0.0,0.0,0.5,NS,H_N+T_N-RF,soft-like,v11,0.0006708342785894
NICER v12,H_N+T_N-RF,,4U 1820-303,6677020203,NS,0.0,0.0,0.5,NS,H_N+T_N-RF,soft-like,v11,0.0009696113281444
NICER v12,H_N+T_N-RF,,Aql X-1,3050340105,NS,0.0,0.0,0.5,NS,H_N+T_N-RF,hard-like,v11,0.0014722488580962
NICER v12,H_N+T_N-RF,,Aql X-1,3050340125,NS,0.011555662158106494,0.011555662158106482,0.5,NS,H_N+T_N-RF,soft-like,v11,0.0
NICER v12,H_N+T_N-RF,,Aql X-1,4050340109,NS,0.013695780748454678,0.013695780748454662,0.5,NS,H_N+T_N-RF,hard-like,v11,0.0072057969974703
NICER v12,H_N+T_N-RF,,Aql X-1,6634020110,NS,0.010017187158602336,0.010017187158602314,0.5,NS,H_N+T_N-RF,soft-like,v11,0.0
NICER v12,H_N+T_N-RF,,Aql X-1,6634020125,NS,0.0,0.0,0.5,NS,H_N+T_N-RF,soft-like,v11,0.0
NICER v12,H_N+T_N-RF,,Aql X-1,7675010103,NS,0.01190812127908486,0.011908121279084853,0.5,NS,H_N+T_N-RF,hard-like,v11,0.0055106790958617
NICER v12,H_N+T_N-RF,,Aql X-1,7050340109,NS,0.006739463825536696,0.006739463825536691,0.5,NS,H_N+T_N-RF,soft-like,v11,0.0
NICER v12,H_N+T_N-RF,,Cen X-4,1030110105,NS,0.12617032431207648,0.12617032431207648,0.5,NS,H_N+T_N-RF,hard-like,v11,0.0
NICER v12,H_N+T_N-RF,,Cir X-1,1050050103,NS,0.08442065219597639,0.0844206521959764,0.5,NS,H_N+T_N-RF,hard-like,v11,0.0
NICER v12,H_N+T_N-RF,,Cir X-1,2050050110,NS,0.488014150694871,0.488014150694871,0.5,NS,H_N+T_N-RF,soft-like,v11,0.0008198738513681
NICER v12,H_N+T_N-RF,,Cir X-1,3578011101,NS,0.08082524803697799,0.08082524803697796,0.5,NS,H_N+T_N-RF,soft-like,v11,0.0
NICER v12,H_N+T_N-RF,,Cir X-1,3578011502,NS,0.006332913162026055,0.006332913162026057,0.5,NS,H_N+T_N-RF,soft-like,v11,0.0
NICER v12,H_N+T_N-RF,,Cir X-1,5571030101,NS,0.0,0.0,0.5,NS,H_N+T_N-RF,soft-like,v11,0.0
NICER v12,H_N+T_N-RF,,Cir X-1,5571090102,NS,0.0,0.0,0.5,NS,H_N+T_N-RF,soft-like,v11,0.0
NICER v12,H_N+T_N-RF,,Cir X-1,5571170102,NS,0.0076957807484546725,0.007695780748454664,0.5,NS,H_N+T_N-RF,soft-like,v11,0.0
NICER v12,H_N+T_N-RF,,Cir X-1,6689030201,NS,0.013217712366977497,0.013217712366977497,0.5,NS,H_N+T_N-RF,soft-like,v11,0.0
NICER v12,H_N+T_N-RF,,Cyg X-2,0034150105,NS,0.0,0.0,0.5,NS,H_N+T_N-RF,soft-like,v11,0.0
NICER v12,H_N+T_N-RF,,Cyg X-2,1034150119,NS,0.0,0.0,0.5,NS,H_N+T_N-RF,soft-like,v11,0.0
NICER v12,H_N+T_N-RF,,Cyg X-2,1034150131,NS,0.0,0.0,0.5,NS,H_N+T_N-RF,soft-like,v11,0.0
NICER v12,H_N+T_N-RF,,Cyg X-2,2587020103,NS,0.0014005212858383964,0.0014005212858384014,0.5,NS,H_N+T_N-RF,soft-like,v11,0.0
NICER v12,H_N+T_N-RF,,Cyg X-2,5575030102,NS,0.00267382302359509,0.002673823023595115,0.5,NS,H_N+T_N-RF,soft-like,v11,0.0
NICER v12,H_N+T_N-RF,,Cyg X-2,5575030105,NS,0.0015559845559845464,0.0015559845559845558,0.5,NS,H_N+T_N-RF,soft-like,v11,0.0
NICER v12,H_N+T_N-RF,,Cyg X-2,7034150107,NS,0.0,0.0,0.5,NS,H_N+T_N-RF,soft-like,v11,0.0
NICER v12,H_N+T_N-RF,,Cyg X-2,7727010101,NS,0.0014005212858383964,0.0014005212858384014,0.5,NS,H_N+T_N-RF,soft-like,v11,0.0
NICER v12,H_N+T_N-RF,,EXO 0748-676,7050030105,NS,0.546563349842968,0.546563349842968,0.5,BH,H_N+T_N-RF,hard-like,v11,0.0586342154873887
NICER v12,H_N+T_N-RF,,GRS 1747-312,2050440102,NS,0.008291945222529629,0.008291945222529618,0.5,NS,H_N+T_N-RF,soft-like,v11,0.0174427429477151
NICER v12,H_N+T_N-RF,,GRS 1747-312,2050440103,NS,0.012709340724055607,0.012709340724055631,0.5,NS,H_N+T_N-RF,soft-like,v11,0.0080174992702922
NICER v12,H_N+T_N-RF,,GRS 1747-312,2050440105,NS,0.05685217130477088,0.0568521713047709,0.5,NS,H_N+T_N-RF,soft-like,v11,0.0548341689445621
NICER v12,H_N+T_N-RF,,GRS 1747-312,2050440106,NS,0.042130488054084425,0.042130488054084425,0.5,NS,H_N+T_N-RF,soft-like,v11,0.0263090777495756
NICER v12,H_N+T_N-RF,,GS 1826-24,1050310107,NS,0.11223057649158902,0.11223057649158903,0.5,NS,H_N+T_N-RF,hard-like,v11,0.0
NICER v12,H_N+T_N-RF,,GS 1826-24,1050310109,NS,0.1391295811028025,0.13912958110280252,0.5,NS,H_N+T_N-RF,hard-like,v11,0.0191945550889278
NICER v12,H_N+T_N-RF,,GS 1826-24,1050310115,NS,0.024417171063834897,0.024417171063834887,0.5,NS,H_N+T_N-RF,hard-like,v11,0.0
NICER v12,H_N+T_N-RF,,GS 1826-24,2050310102,NS,0.004757375347521131,0.004757375347521135,0.5,NS,H_N+T_N-RF,soft-like,v11,0.0
NICER v12,H_N+T_N-RF,,GS 1826-24,5050310101,NS,0.007598569245429343,0.007598569245429365,0.5,NS,H_N+T_N-RF,soft-like,v11,0.0
NICER v12,H_N+T_N-RF,,GS 1826-24,5050310103,NS,0.003122137404580172,0.0031221374045801525,0.5,NS,H_N+T_N-RF,soft-like,v11,0.0
NICER v12,H_N+T_N-RF,,GX 13+1,1108020101,NS,0.011073795393692853,0.011073795393692864,0.5,NS,H_N+T_N-RF,hard-like,v11,0.0
NICER v12,H_N+T_N-RF,,GX 13+1,1108020106,NS,0.03385956030267778,0.033859560302677755,0.5,NS,H_N+T_N-RF,soft-like,v11,0.0
NICER v12,H_N+T_N-RF,,GX 13+1,5670010103,NS,0.024175744490185502,0.02417574449018549,0.5,NS,H_N+T_N-RF,soft-like,v11,0.0
NICER v12,H_N+T_N-RF,,GX 13+1,5670010302,NS,0.028748621728643897,0.028748621728643883,0.5,NS,H_N+T_N-RF,soft-like,v11,0.0
NICER v12,H_N+T_N-RF,,GX 13+1,5670010405,NS,0.02016104296981358,0.020161042969813563,0.5,NS,H_N+T_N-RF,soft-like,v11,0.0
NICER v12,H_N+T_N-RF,,GX 13+1,5670010408,NS,0.02764333311604017,0.02764333311604016,0.5,NS,H_N+T_N-RF,soft-like,v11,0.0
NICER v12,H_N+T_N-RF,,GX 13+1,7701010102,NS,0.5889074546478822,0.5889074546478822,0.5,BH,H_N+T_N-RF,soft-like,v11,0.0
NICER v12,H_N+T_N-RF,,GX 13+1,7108020102,NS,0.008308138257487496,0.008308138257487495,0.5,NS,H_N+T_N-RF,soft-like,v11,0.0
NICER v12,H_N+T_N-RF,,GX 17+2,1050410105,NS,0.0,0.0,0.5,NS,H_N+T_N-RF,soft-like,v11,0.0
NICER v12,H_N+T_N-RF,,GX 17+2,1050410111,NS,0.0,0.0,0.5,NS,H_N+T_N-RF,intermediate,v11,0.0
NICER v12,H_N+T_N-RF,,GX 17+2,1050410116,NS,0.0,0.0,0.5,NS,H_N+T_N-RF,soft-like,v11,0.0
NICER v12,H_N+T_N-RF,,GX 17+2,1050410123,NS,0.0020000000000000018,0.002,0.5,NS,H_N+T_N-RF,soft-like,v11,0.0
NICER v12,H_N+T_N-RF,,GX 17+2,3050410101,NS,0.036788434089094324,0.03678843408909432,0.5,NS,H_N+T_N-RF,soft-like,v11,0.0
NICER v12,H_N+T_N-RF,,GX 17+2,3050410104,NS,0.0017502714440825184,0.0017502714440825189,0.5,NS,H_N+T_N-RF,soft-like,v11,0.0
NICER v12,H_N+T_N-RF,,GX 17+2,7050410102,NS,0.0037502714440825202,0.003750271444082519,0.5,NS,H_N+T_N-RF,soft-like,v11,0.0
NICER v12,H_N+T_N-RF,,GX 17+2,7050410104,NS,0.0015559845559845464,0.0015559845559845558,0.5,NS,H_N+T_N-RF,soft-like,v11,0.0
NICER v12,H_N+T_N-RF,,IGR J17498-2921,6560010101,NS,0.0033145520892139957,0.0033145520892139775,0.5,NS,H_N+T_N-RF,hard-like,v11,0.0044531988833761
NICER v12,H_N+T_N-RF,,IGR J17498-2921,6560010102,NS,0.0033145520892139957,0.0033145520892139775,0.5,NS,H_N+T_N-RF,hard-like,v11,0.0049855790476915
NICER v12,H_N+T_N-RF,,IGR J17498-2921,6560010107,NS,0.0033145520892139957,0.0033145520892139775,0.5,NS,H_N+T_N-RF,intermediate,v11,0.0087079029629471
NICER v12,H_N+T_N-RF,,IGR J17498-2921,6560010110,NS,0.00968204096890507,0.00968204096890507,0.5,NS,H_N+T_N-RF,hard-like,v11,0.0114504532121108
NICER v12,H_N+T_N-RF,,IGR J17498-2921,6560010112,NS,0.0,0.0,0.5,NS,H_N+T_N-RF,intermediate,v11,0.0088658874796025
NICER v12,H_N+T_N-RF,,IGR J17511-3057,7050380101,NS,0.22834327520376818,0.22834327520376818,0.5,NS,H_N+T_N-RF,hard-like,v11,0.0197631834130595
NICER v12,H_N+T_N-RF,,IGR J17511-3057,7512010101,NS,0.44743505478104884,0.44743505478104884,0.5,NS,H_N+T_N-RF,hard-like,v11,0.0207195367198595
NICER v12,H_N+T_N-RF,,IGR J17511-3057,7512010102,NS,0.39119366039524284,0.39119366039524284,0.5,NS,H_N+T_N-RF,hard-like,v11,0.0224916404305376
NICER v12,H_N+T_N-RF,,M15 X-2,5034140104,NS,0.019750643642103605,0.01975064364210361,0.5,NS,H_N+T_N-RF,soft-like,v11,0.0089248893969179
NICER v12,H_N+T_N-RF,,M15 X-2,5034140108,NS,0.04797725820446885,0.047977258204468874,0.5,NS,H_N+T_N-RF,soft-like,v11,0.0048734331767446
NICER v12,H_N+T_N-RF,,M15 X-2,5034140114,NS,0.02641604519247992,0.02641604519247992,0.5,NS,H_N+T_N-RF,soft-like,v11,0.0046203910659581
NICER v12,H_N+T_N-RF,,M15 X-2,5034140117,NS,0.010708385334433468,0.010708385334433468,0.5,NS,H_N+T_N-RF,soft-like,v11,0.0047729065285814
NICER v12,H_N+T_N-RF,,M15 X-2,5034140125,NS,0.012169940194899642,0.012169940194899634,0.5,NS,H_N+T_N-RF,soft-like,v11,0.004755563651913
NICER v12,H_N+T_N-RF,,M15 X-2,5034140129,NS,0.027839441400849596,0.02783944140084957,0.5,NS,H_N+T_N-RF,soft-like,v11,0.0072577708935728
NICER v12,H_N+T_N-RF,,M15 X-2,5034140136,NS,0.10366078868156281,0.10366078868156278,0.5,NS,H_N+T_N-RF,soft-like,v11,0.0078459533255718
NICER v12,H_N+T_N-RF,,MAXI J1807+132,2200840101,NS,0.08377592238407722,0.08377592238407722,0.5,NS,H_N+T_N-RF,hard-like,v11,0.0078733231222578
NICER v12,H_N+T_N-RF,,MAXI J1807+132,6634010101,NS,0.13360140334008597,0.133601403340086,0.5,NS,H_N+T_N-RF,hard-like,v11,0.0061573070236782
NICER v12,H_N+T_N-RF,,MAXI J1807+132,6634010103,NS,0.10039058197241818,0.1003905819724182,0.5,NS,H_N+T_N-RF,hard-like,v11,0.0056808924567886
NICER v12,H_N+T_N-RF,,MAXI J1807+132,6634010105,NS,0.06017949464149769,0.06017949464149771,0.5,NS,H_N+T_N-RF,hard-like,v11,0.00918826086675
NICER v12,H_N+T_N-RF,,MAXI J1807+132,6634010109,NS,0.030435146091144172,0.030435146091144154,0.5,NS,H_N+T_N-RF,hard-like,v11,0.0120915530607451
NICER v12,H_N+T_N-RF,,MAXI J1807+132,6634010111,NS,0.017834713619130138,0.017834713619130128,0.5,NS,H_N+T_N-RF,hard-like,v11,0.0103056320110419
NICER v12,H_N+T_N-RF,,MXB 1730-335,3200100104,NS,0.49659296580397444,0.49659296580397444,0.5,NS,H_N+T_N-RF,hard-like,v11,0.004569639649686
NICER v12,H_N+T_N-RF,,MXB 1730-335,3200100111,NS,0.3395603585630054,0.3395603585630054,0.5,NS,H_N+T_N-RF,hard-like,v11,0.0115641336607681
NICER v12,H_N+T_N-RF,,SAX J1747.0-2853,5200600101,NS,0.28931354840567847,0.28931354840567847,0.5,NS,H_N+T_N-RF,soft-like,v11,0.0017292552963959
NICER v12,H_N+T_N-RF,,SAX J1747.0-2853,5200600102,NS,0.2938075026940639,0.2938075026940639,0.5,NS,H_N+T_N-RF,soft-like,v11,0.0016646680583872
NICER v12,H_N+T_N-RF,,SAX J1747.0-2853,5200600103,NS,0.302263311623729,0.302263311623729,0.5,NS,H_N+T_N-RF,soft-like,v11,0.0021140228311653
NICER v12,H_N+T_N-RF,,SAX J1747.0-2853,5200600104,NS,0.32160472962253456,0.32160472962253456,0.5,NS,H_N+T_N-RF,soft-like,v11,0.0061654250228775
NICER v12,H_N+T_N-RF,,SAX J1808.4-3658,2584010101,NS,0.6934023004314906,0.6934023004314906,0.5,BH,H_N+T_N-RF,hard-like,v11,0.0314271749773788
NICER v12,H_N+T_N-RF,,SAX J1808.4-3658,2584010107,NS,0.8770054314394177,0.8770054314394177,0.5,BH,H_N+T_N-RF,hard-like,v11,0.0033675868965244
NICER v12,H_N+T_N-RF,,SAX J1808.4-3658,5050260104,NS,0.2440013430637799,0.2440013430637799,0.5,NS,H_N+T_N-RF,hard-like,v11,0.008516920477251
NICER v12,H_N+T_N-RF,,SAX J1808.4-3658,5574010103,NS,0.21194848927818227,0.21194848927818227,0.5,NS,H_N+T_N-RF,hard-like,v11,0.0089352484689454
NICER v12,H_N+T_N-RF,,SAX J1810.8-2609,4200170101,NS,0.004965914200028676,0.004965914200028655,0.5,NS,H_N+T_N-RF,hard-like,v11,0.0024281719991886
NICER v12,H_N+T_N-RF,,SAX J1810.8-2609,4200170103,NS,0.003405684754521965,0.003405684754521964,0.5,NS,H_N+T_N-RF,hard-like,v11,0.0023179510740078
NICER v12,H_N+T_N-RF,,SAX J1810.8-2609,4200170105,NS,0.001405684754521963,0.0014056847545219637,0.5,NS,H_N+T_N-RF,hard-like,v11,0.003174450126308
NICER v12,H_N+T_N-RF,,SAX J1810.8-2609,4200170108,NS,0.007650595819754358,0.007650595819754381,0.5,NS,H_N+T_N-RF,hard-like,v11,0.0043408140707855
NICER v12,H_N+T_N-RF,,SLX 1732-304,3050560103,NS,0.4710199795659403,0.4710199795659403,0.5,NS,H_N+T_N-RF,hard-like,v11,0.0151969399299182
NICER v12,H_N+T_N-RF,,SLX 1732-304,3050560107,NS,0.028172441112499114,0.028172441112499128,0.5,NS,H_N+T_N-RF,hard-like,v11,0.0118898348355241
NICER v12,H_N+T_N-RF,,SLX 1732-304,3050560109,NS,0.013044588363762544,0.013044588363762545,0.5,NS,H_N+T_N-RF,hard-like,v11,0.007253439588233
NICER v12,H_N+T_N-RF,,SLX 1732-304,6050560101,NS,0.003115384615384631,0.0031153846153846153,0.5,NS,H_N+T_N-RF,soft-like,v11,0.0033836315835213
NICER v12,H_N+T_N-RF,,SLX 1732-304,6050560103,NS,0.0040019273710188985,0.004001927371018921,0.5,NS,H_N+T_N-RF,soft-like,v11,0.0095266602559786
NICER v12,H_N+T_N-RF,,SLX 1732-304,6050560109,NS,0.0,0.0,0.5,NS,H_N+T_N-RF,intermediate,v11,0.0032782073902969
NICER v12,H_N+T_N-RF,,SLX 1735-269,3604020101,NS,0.0,0.0,0.5,NS,H_N+T_N-RF,soft-like,v11,0.0255604731240899
NICER v12,H_N+T_N-RF,,SLX 1735-269,3604020102,NS,0.008658142999006968,0.008658142999006952,0.5,NS,H_N+T_N-RF,hard-like,v11,0.029283900220656
NICER v12,H_N+T_N-RF,,SLX 1735-269,3604020104,NS,0.016970057594507815,0.016970057594507797,0.5,NS,H_N+T_N-RF,soft-like,v11,0.0158701250582401
NICER v12,H_N+T_N-RF,,SLX 1735-269,3604020105,NS,0.0,0.0,0.5,NS,H_N+T_N-RF,soft-like,v11,0.0233386333383054
NICER v12,H_N+T_N-RF,,Ser X-1,0050320107,NS,0.001751351351351349,0.0017513513513513512,0.5,NS,H_N+T_N-RF,soft-like,v11,0.0
NICER v12,H_N+T_N-RF,,Ser X-1,1050320104,NS,0.0,0.0,0.5,NS,H_N+T_N-RF,soft-like,v11,0.0
NICER v12,H_N+T_N-RF,,Ser X-1,1050320108,NS,0.0,0.0,0.5,NS,H_N+T_N-RF,soft-like,v11,0.0
NICER v12,H_N+T_N-RF,,Ser X-1,1050320114,NS,0.0,0.0,0.5,NS,H_N+T_N-RF,soft-like,v11,0.0
NICER v12,H_N+T_N-RF,,Ser X-1,1050320117,NS,0.28791260601270746,0.28791260601270746,0.5,NS,H_N+T_N-RF,hard-like,v11,0.0
NICER v12,H_N+T_N-RF,,Ser X-1,6648010102,NS,0.0,0.0,0.5,NS,H_N+T_N-RF,soft-like,v11,0.0
NICER v12,H_N+T_N-RF,,Ser X-1,6050320101,NS,0.0,0.0,0.5,NS,H_N+T_N-RF,soft-like,v11,0.000834287959033
NICER v12,H_N+T_N-RF,,Swift J1749.4-2807,4658010102,NS,0.02659013770635521,0.026590137706355235,0.5,NS,H_N+T_N-RF,soft-like,v11,0.0163471917924303
NICER v12,H_N+T_N-RF,,Swift J1749.4-2807,4658010103,NS,0.09870991400367701,0.09870991400367701,0.5,NS,H_N+T_N-RF,hard-like,v11,0.0188510851055954
NICER v12,H_N+T_N-RF,,Swift J1858.6-0814,3592010502,NS,0.0,0.0,0.5,NS,H_N+T_N-RF,soft-like,v11,0.005062478333087
NICER v12,H_N+T_N-RF,,Swift J1858.6-0814,3200400121,NS,0.0,0.0,0.5,NS,H_N+T_N-RF,intermediate,v11,0.0121355357983128
NICER v12,H_N+T_N-RF,,XMMU J181227.8-181234,3050550103,NS,0.29270342474228006,0.29270342474228006,0.5,NS,H_N+T_N-RF,soft-like,v11,0.00515778242185
NICER v12,H_N+T_N-RF,,XMMU J181227.8-181234,3050550108,NS,0.14396964930499628,0.14396964930499628,0.5,NS,H_N+T_N-RF,soft-like,v11,0.0051677429357218
NICER v12,H_N+T_N-RF,,XTE J1701-462,5203390105,NS,0.0,0.0,0.5,NS,H_N+T_N-RF,soft-like,v11,0.0
NICER v12,H_N+T_N-RF,,XTE J1701-462,5203390112,NS,0.0028295842633080937,0.0028295842633081015,0.5,NS,H_N+T_N-RF,soft-like,v11,0.0
NICER v12,H_N+T_N-RF,,XTE J1701-462,5203390118,NS,0.0,0.0,0.5,NS,H_N+T_N-RF,soft-like,v11,0.0
NICER v12,H_N+T_N-RF,,XTE J1701-462,5203390151,NS,0.0,0.0,0.5,NS,H_N+T_N-RF,soft-like,v11,0.0006191936779948
NICER v12,H_N+T_N-RF,,XTE J1701-462,5203390157,NS,0.003113680154142595,0.003113680154142582,0.5,NS,H_N+T_N-RF,soft-like,v11,0.0029657683987859
NICER v12,H_N+T_N-RF,,XTE J1701-462,6203390104,NS,0.0,0.0,0.5,NS,H_N+T_N-RF,soft-like,v11,0.0193103304140204
NICER v12,H_N+T_N-RF,,XTE J1701-462,6203390110,NS,0.12316114945256396,0.12316114945256396,0.5,NS,H_N+T_N-RF,intermediate,v11,0.0744641939945034
NICER v12,H_N+T_N-RF,,XTE J1709-267,1050130110,NS,0.12200399925172833,0.12200399925172836,0.5,NS,H_N+T_N-RF,hard-like,v11,0.0
NICER v12,H_N+T_N-RF,,XTE J1739-285,2050280107,NS,0.0018270676691729548,0.0018270676691729323,0.5,NS,H_N+T_N-RF,soft-like,v11,0.0008770840766629
NICER v12,H_N+T_N-RF,,XTE J1739-285,2050280131,NS,0.004584634210224758,0.004584634210224762,0.5,NS,H_N+T_N-RF,hard-like,v11,0.0106024974188111
NICER v12,H_N+T_N-RF,,XTE J1739-285,3050280111,NS,0.019136111328216576,0.019136111328216594,0.5,NS,H_N+T_N-RF,hard-like,v11,0.0067469394392473
NICER v12,H_N+T_N-RF,,XTE J1739-285,3050280135,NS,0.0,0.0,0.5,NS,H_N+T_N-RF,soft-like,v11,0.0011165552747018
NICER v12,H_N+T_N-RF,,XTE J1739-285,3050280147,NS,0.0,0.0,0.5,NS,H_N+T_N-RF,soft-like,v11,0.0022257187738921
NICER v12,H_N+T_N-RF,,XTE J1739-285,3050280162,NS,0.0,0.0,0.5,NS,H_N+T_N-RF,soft-like,v11,0.0012177114001709
NICER v12,H_N+T_N-RF,,XTE J1739-285,3050280184,NS,0.014240495120296182,0.014240495120296197,0.5,NS,H_N+T_N-RF,hard-like,v11,0.0106141346652441
NICER v12,H_N+T_N-RF,,XTE J1810-189,3201750104,NS,0.0422966064485128,0.04229660644851279,0.5,NS,H_N+T_N-RF,hard-like,v11,0.0229077963859926
NICER v12,H_N+T_N-RF,,XTE J1810-189,3201750107,NS,0.7867919581510557,0.7867919581510557,0.5,BH,H_N+T_N-RF,hard-like,v11,0.0132817069937581
NICER v12,H_N+T_N-RF,,XTE J1810-189,3201750108,NS,0.03645681238430931,0.036456812384309284,0.5,NS,H_N+T_N-RF,hard-like,v11,0.0118033059807758
NICER v12,H_N+T_N-RF,,XTE J1810-189,3201750111,NS,0.06854382901738354,0.06854382901738354,0.5,NS,H_N+T_N-RF,hard-like,v11,0.0119773117108239
NICER v12,H_N+T_N-RF,,XTE J1810-189,3201750112,NS,0.7245657309594054,0.7245657309594054,0.5,BH,H_N+T_N-RF,hard-like,v11,0.0226817110789655
NICER v12,H_N+T_N-RF,,XTE J1810-189,3201750115,NS,0.08496615503481597,0.084966155034816,0.5,NS,H_N+T_N-RF,hard-like,v11,0.020572428525493
NICER v12,H_N+T_N-RF,,XTE J1810-189,6201750102,NS,0.02845538493829247,0.028455384938292496,0.5,NS,H_N+T_N-RF,soft-like,v11,0.0291069933305499
NICER v12,H_N-LR,,Cyg X-1,0100320102,BH,0.6106618996748475,0.6106618996748475,0.5,BH,H_N-LR,hard-like,v10,0.0
NICER v12,H_N-LR,,Cyg X-1,2636010102,BH,0.7035382203791172,0.7035382203791172,0.5,BH,H_N-LR,intermediate,v10,0.0
NICER v12,H_N-LR,,Cyg X-1,4690020110,BH,0.5202472948824183,0.5202472948824183,0.5,BH,H_N-LR,hard-like,v10,0.0
NICER v12,H_N-LR,,Cyg X-1,5100320107,BH,0.5226899928230102,0.5226899928230102,0.5,BH,H_N-LR,hard-like,v10,0.0
NICER v12,H_N-LR,,Cyg X-1,5100320118,BH,0.5754457078228706,0.5754457078228706,0.5,BH,H_N-LR,hard-like,v10,0.0
NICER v12,H_N-LR,,Cyg X-1,5100320126,BH,0.6746160246201354,0.6746160246201354,0.5,BH,H_N-LR,hard-like,v10,0.0
NICER v12,H_N-LR,,Cyg X-1,5607010303,BH,0.522660121922637,0.522660121922637,0.5,BH,H_N-LR,hard-like,v10,0.0
NICER v12,H_N-LR,,Cyg X-1,7706010110,BH,0.5159740747801359,0.5159740747801359,0.5,BH,H_N-LR,hard-like,v10,0.0007631414248862
NICER v12,H_N-LR,,LMC X-1,5100070101,BH,0.6342231203530766,0.6342231203530766,0.5,BH,H_N-LR,intermediate,v10,0.0121421235274593
NICER v12,H_N-LR,,LMC X-1,5100070103,BH,0.6381174131652975,0.6381174131652975,0.5,BH,H_N-LR,intermediate,v10,0.0126005946429904
NICER v12,H_N-LR,,LMC X-1,5100070105,BH,0.6472928497824877,0.6472928497824877,0.5,BH,H_N-LR,soft-like,v10,0.0160100988934748
NICER v12,H_N-LR,,LMC X-1,5100070106,BH,0.6440427986845108,0.6440427986845108,0.5,BH,H_N-LR,soft-like,v10,0.0076000673698018
NICER v12,H_N-LR,,LMC X-1,5100070107,BH,0.6432540179684626,0.6432540179684626,0.5,BH,H_N-LR,soft-like,v10,0.0106434931640091
NICER v12,H_N-LR,,LMC X-1,5100070108,BH,0.6443383152913619,0.6443383152913619,0.5,BH,H_N-LR,soft-like,v10,0.0082886819974367
NICER v12,H_N-LR,,LMC X-1,5100070110,BH,0.6349846128579755,0.6349846128579755,0.5,BH,H_N-LR,soft-like,v10,0.0130280222101766
NICER v12,H_N-LR,,LMC X-3,1101010136,BH,0.13725439229439407,0.13725439229439404,0.5,NS,H_N-LR,hard-like,v10,0.016936667835672
NICER v12,H_N-LR,,LMC X-3,2101010106,BH,0.6396256264198598,0.6396256264198598,0.5,BH,H_N-LR,soft-like,v10,0.0051012287721918
NICER v12,H_N-LR,,LMC X-3,3609010301,BH,0.6532979793898839,0.6532979793898839,0.5,BH,H_N-LR,soft-like,v10,0.008328874507042
NICER v12,H_N-LR,,LMC X-3,5101010101,BH,0.6541442802229757,0.6541442802229757,0.5,BH,H_N-LR,soft-like,v10,0.0143447992100679
NICER v12,H_N-LR,,LMC X-3,6101010109,BH,0.6290775150099851,0.6290775150099851,0.5,BH,H_N-LR,soft-like,v10,0.0048228899685555
NICER v12,H_N-LR,,LMC X-3,7101010102,BH,0.6300321600196047,0.6300321600196047,0.5,BH,H_N-LR,hard-like,v10,0.0349452173802754
NICER v12,H_N-LR,,LMC X-3,8101010101,BH,0.21960732315994125,0.21960732315994128,0.5,NS,H_N-LR,hard-like,v10,0.0082384285613297
NICER v12,H_N-LR,,SAX J1819.3-2525,2200300109,BH,0.5305248482453785,0.5305248482453785,0.5,BH,H_N-LR,soft-like,v10,0.007895918286627
NICER v12,H_N-LR,,SAX J1819.3-2525,3200300116,BH,0.5307140324612203,0.5307140324612203,0.5,BH,H_N-LR,soft-like,v10,0.0152739678288124
NICER v12,H_N-LR,,SAX J1819.3-2525,4702010103,BH,0.5709522868590869,0.5709522868590869,0.5,BH,H_N-LR,soft-like,v10,0.0055873899844431
NICER v12,H_N-LR,,SAX J1819.3-2525,4200300114,BH,0.5824452773112948,0.5824452773112948,0.5,BH,H_N-LR,soft-like,v10,0.0057679372150985
NICER v12,H_N-LR,,SAX J1819.3-2525,4200300122,BH,0.5761861023733985,0.5761861023733985,0.5,BH,H_N-LR,soft-like,v10,0.0033978683725555
NICER v12,H_N-LR,,SAX J1819.3-2525,7200300114,BH,0.5383163887719243,0.5383163887719243,0.5,BH,H_N-LR,soft-like,v10,0.0151454101889772
NICER v12,H_N-LR,,4U 1543-475,4202230114,BH,0.6031714409098835,0.6031714409098835,0.5,BH,H_N-LR,hard-like,v10,0.0
NICER v12,H_N-LR,,4U 1543-475,4202230162,BH,0.6498712564687904,0.6498712564687904,0.5,BH,H_N-LR,soft-like,v10,0.0
NICER v12,H_N-LR,,4U 1543-475,4202230170,BH,0.6564308585144208,0.6564308585144208,0.5,BH,H_N-LR,soft-like,v10,0.0
NICER v12,H_N-LR,,4U 1543-475,4681010101,BH,0.5291684152532922,0.5291684152532922,0.5,BH,H_N-LR,hard-like,v10,0.0091910249051039
NICER v12,H_N-LR,,4U 1543-475,5202230222,BH,0.5382538050300648,0.5382538050300648,0.5,BH,H_N-LR,hard-like,v10,0.0054450814546959
NICER v12,H_N-LR,,GX 339-4,3133010113,BH,0.5163948741263809,0.5163948741263809,0.5,BH,H_N-LR,hard-like,v10,0.0046809993471522
NICER v12,H_N-LR,,GX 339-4,3558011301,BH,0.5330950399774389,0.5330950399774389,0.5,BH,H_N-LR,hard-like,v10,0.0020196115259884
NICER v12,H_N-LR,,GX 339-4,4133010115,BH,0.6634559310588337,0.6634559310588337,0.5,BH,H_N-LR,soft-like,v10,0.0
NICER v12,H_N-LR,,GX 339-4,4133010165,BH,0.660395749260401,0.660395749260401,0.5,BH,H_N-LR,soft-like,v10,0.0
NICER v12,H_N-LR,,GX 339-4,4133010243,BH,0.7094963164990408,0.7094963164990408,0.5,BH,H_N-LR,soft-like,v10,0.0007792523796817
NICER v12,H_N-LR,,GX 339-4,5133010210,BH,0.5142821640512835,0.5142821640512835,0.5,BH,H_N-LR,hard-like,v10,0.0222133775728752
NICER v12,H_N-LR,,GX 339-4,6133010216,BH,0.6651085649920444,0.6651085649920444,0.5,BH,H_N-LR,soft-like,v10,0.0
NICER v12,H_N-LR,,Swift J1727.8-1613,6203980107,BH,0.557163314174248,0.557163314174248,0.5,BH,H_N-LR,hard-like,v10,0.0
NICER v12,H_N-LR,,Swift J1727.8-1613,6750010301,BH,0.5723258090679052,0.5723258090679052,0.5,BH,H_N-LR,hard-like,v10,0.0
NICER v12,H_N-LR,,Swift J1727.8-1613,6203980119,BH,0.5968843667847922,0.5968843667847922,0.5,BH,H_N-LR,hard-like,v10,0.0
NICER v12,H_N-LR,,Swift J1727.8-1613,6203980133,BH,0.6364473598785453,0.6364473598785453,0.5,BH,H_N-LR,soft-like,v10,0.0
NICER v12,H_N-LR,,Swift J1727.8-1613,6203980146,BH,0.7063477889921188,0.7063477889921188,0.5,BH,H_N-LR,soft-like,v10,0.0
NICER v12,H_N-LR,,Swift J1727.8-1613,6588020103,BH,0.7310094847557946,0.7310094847557946,0.5,BH,H_N-LR,soft-like,v10,0.0015100123186621
NICER v12,H_N-LR,,Swift J1727.8-1613,6588020104,BH,0.6266630395374054,0.6266630395374054,0.5,BH,H_N-LR,hard-like,v10,0.0035490781702081
NICER v12,H_N-LR,,Swift J1727.8-1613,7203980106,BH,0.5266237621473562,0.5266237621473562,0.5,BH,H_N-LR,hard-like,v10,0.0152865427512046
NICER v12,H_N-LR,,MAXI J1820+070,1200120116,BH,0.5439648362540168,0.5439648362540168,0.5,BH,H_N-LR,hard-like,v10,0.0
NICER v12,H_N-LR,,MAXI J1820+070,1200120132,BH,0.5500115268037917,0.5500115268037917,0.5,BH,H_N-LR,hard-like,v10,0.0
NICER v12,H_N-LR,,MAXI J1820+070,1200120173,BH,0.553206577928609,0.553206577928609,0.5,BH,H_N-LR,hard-like,v10,0.0
NICER v12,H_N-LR,,MAXI J1820+070,1200120267,BH,0.622938403598026,0.622938403598026,0.5,BH,H_N-LR,hard-like,v10,0.0
NICER v12,H_N-LR,,MAXI J1820+070,2200120308,BH,0.537951032627448,0.537951032627448,0.5,BH,H_N-LR,hard-like,v10,0.0092881607692578
NICER v12,H_N-LR,,MAXI J1820+070,2200120309,BH,0.532359758402109,0.532359758402109,0.5,BH,H_N-LR,hard-like,v10,0.0057002912732477
NICER v12,H_N-LR,,MAXI J1820+070,2200120350,BH,0.5316103952364711,0.5316103952364711,0.5,BH,H_N-LR,hard-like,v10,0.0228077431371829
NICER v12,H_N-LR,,GRS 1915+105,0103010107,BH,0.0006194636761912009,0.000619463676191209,0.5,NS,H_N-LR,hard-like,v10,0.0
NICER v12,H_N-LR,,GRS 1915+105,1103010218,BH,0.004668941912386759,0.004668941912386774,0.5,NS,H_N-LR,hard-like,v10,0.0048688162389097
NICER v12,H_N-LR,,GRS 1915+105,3103010252,BH,0.000562346847644446,0.0005623468476444534,0.5,NS,H_N-LR,soft-like,v10,0.0164741705263055
NICER v12,H_N-LR,,GRS 1915+105,4103010225,BH,0.0003539993174123124,0.0003539993174123159,0.5,NS,H_N-LR,hard-like,v10,0.0014946067707724
NICER v12,H_N-LR,,GRS 1915+105,4647012701,BH,0.001951749673121339,0.0019517496731213467,0.5,NS,H_N-LR,hard-like,v10,0.0022718824236472
NICER v12,H_N-LR,,1A 1744-361,5202800107,NS,0.49203066291393266,0.49203066291393266,0.5,NS,H_N-LR,soft-like,v10,0.0020581157580895
NICER v12,H_N-LR,,1A 1744-361,5202800112,NS,0.4968893833259221,0.4968893833259221,0.5,NS,H_N-LR,soft-like,v10,0.001675001010078
NICER v12,H_N-LR,,1A 1744-361,5202800128,NS,0.4708289122778586,0.4708289122778586,0.5,NS,H_N-LR,soft-like,v10,0.0047951899410038
NICER v12,H_N-LR,,1A 1744-361,5202800141,NS,0.5744704687800759,0.5744704687800759,0.5,BH,H_N-LR,soft-like,v10,0.0035864516327786
NICER v12,H_N-LR,,1A 1744-361,5202800144,NS,0.5798730806798983,0.5798730806798983,0.5,BH,H_N-LR,intermediate,v10,0.0075781290532689
NICER v12,H_N-LR,,1A 1744-361,7202800102,NS,0.4753108558681061,0.4753108558681061,0.5,NS,H_N-LR,hard-like,v10,0.0275324134132384
NICER v12,H_N-LR,,1A 1744-361,7202800106,NS,0.5096438829835358,0.5096438829835358,0.5,BH,H_N-LR,soft-like,v10,0.0053252466430105
NICER v12,H_N-LR,,2S 0918-549,3050450124,NS,0.6062617238592263,0.6062617238592263,0.5,BH,H_N-LR,hard-like,v10,0.0252537683138424
NICER v12,H_N-LR,,2S 0918-549,3050450169,NS,0.5797788035856389,0.5797788035856389,0.5,BH,H_N-LR,intermediate,v10,0.0303620248106876
NICER v12,H_N-LR,,2S 0918-549,4050450150,NS,0.5730451876878392,0.5730451876878392,0.5,BH,H_N-LR,soft-like,v10,0.0274014458457433
NICER v12,H_N-LR,,2S 0918-549,5050450128,NS,0.5866087112060316,0.5866087112060316,0.5,BH,H_N-LR,intermediate,v10,0.0065716783807679
NICER v12,H_N-LR,,2S 0918-549,5050450152,NS,0.6020183044842145,0.6020183044842145,0.5,BH,H_N-LR,hard-like,v10,0.0138061022047038
NICER v12,H_N-LR,,4U 0513-40,1050010106,NS,0.571210324982756,0.571210324982756,0.5,BH,H_N-LR,soft-like,v10,0.0199047580790098
NICER v12,H_N-LR,,4U 0513-40,1050010108,NS,0.5595265036546281,0.5595265036546281,0.5,BH,H_N-LR,intermediate,v10,0.0319582779348734
NICER v12,H_N-LR,,4U 0513-40,1050010109,NS,0.5576887718373149,0.5576887718373149,0.5,BH,H_N-LR,soft-like,v10,0.0287960452110688
NICER v12,H_N-LR,,4U 0513-40,1050010112,NS,0.5555193693693512,0.5555193693693512,0.5,BH,H_N-LR,soft-like,v10,0.0209886067130525
NICER v12,H_N-LR,,4U 0614+09,5050020204,NS,0.6035709393509774,0.6035709393509774,0.5,BH,H_N-LR,hard-like,v10,0.0035412644771195
NICER v12,H_N-LR,,4U 0614+09,5050020226,NS,0.6065440850855189,0.6065440850855189,0.5,BH,H_N-LR,soft-like,v10,0.0014320898321043
NICER v12,H_N-LR,,4U 1246-588,2200970102,NS,0.5436598472718047,0.5436598472718047,0.5,BH,H_N-LR,hard-like,v10,0.0127727105751519
NICER v12,H_N-LR,,4U 1246-588,8200970113,NS,0.11136693384717888,0.11136693384717886,0.5,NS,H_N-LR,hard-like,v10,0.1938382640231896
NICER v12,H_N-LR,,4U 1246-588,8200970115,NS,0.07898019899967468,0.07898019899967468,0.5,NS,H_N-LR,hard-like,v10,0.0
NICER v12,H_N-LR,,4U 1254-69,3050470108,NS,0.5215778658258583,0.5215778658258583,0.5,BH,H_N-LR,soft-like,v10,0.0086244000311583
NICER v12,H_N-LR,,4U 1254-69,3050470110,NS,0.5112157222725087,0.5112157222725087,0.5,BH,H_N-LR,soft-like,v10,0.0053910586182249
NICER v12,H_N-LR,,4U 1254-69,3050470160,NS,0.5386279764483307,0.5386279764483307,0.5,BH,H_N-LR,soft-like,v10,0.0037980657897977
NICER v12,H_N-LR,,4U 1254-69,4050470135,NS,0.517156487512809,0.517156487512809,0.5,BH,H_N-LR,soft-like,v10,0.0060160259946749
NICER v12,H_N-LR,,4U 1254-69,4050470160,NS,0.5276681577955107,0.5276681577955107,0.5,BH,H_N-LR,intermediate,v10,0.0182210558699989
NICER v12,H_N-LR,,4U 1254-69,5050470121,NS,0.5459162653301199,0.5459162653301199,0.5,BH,H_N-LR,soft-like,v10,0.0033138520578702
NICER v12,H_N-LR,,4U 1254-69,5050470125,NS,0.5173729122963554,0.5173729122963554,0.5,BH,H_N-LR,soft-like,v10,0.0145953143696027
NICER v12,H_N-LR,,4U 1543-624,3604010101,NS,0.5738975315298883,0.5738975315298883,0.5,BH,H_N-LR,hard-like,v10,0.008505861752927
NICER v12,H_N-LR,,4U 1608-522,1050070128,NS,0.49158005099328067,0.49158005099328067,0.5,NS,H_N-LR,soft-like,v10,0.0
NICER v12,H_N-LR,,4U 1608-522,2050070108,NS,0.5124941006258215,0.5124941006258215,0.5,BH,H_N-LR,hard-like,v10,0.0061183546343721
NICER v12,H_N-LR,,4U 1608-522,3657020901,NS,0.4514734335310771,0.4514734335310771,0.5,NS,H_N-LR,soft-like,v10,0.0
NICER v12,H_N-LR,,4U 1608-522,3657021501,NS,0.4537703482673994,0.4537703482673994,0.5,NS,H_N-LR,soft-like,v10,0.0
NICER v12,H_N-LR,,4U 1608-522,3657023001,NS,0.46965132372737856,0.46965132372737856,0.5,NS,H_N-LR,soft-like,v10,0.0
NICER v12,H_N-LR,,4U 1608-522,3657024701,NS,0.48852171791871113,0.48852171791871113,0.5,NS,H_N-LR,soft-like,v10,0.0
NICER v12,H_N-LR,,4U 1608-522,3657027601,NS,0.540375814054162,0.540375814054162,0.5,BH,H_N-LR,hard-like,v10,0.0115361432364594
NICER v12,H_N-LR,,4U 1636-536,2050080212,NS,0.5026806134574486,0.5026806134574486,0.5,BH,H_N-LR,hard-like,v10,0.019779554513342
NICER v12,H_N-LR,,4U 1702-429,2050110108,NS,0.39482836135729543,0.39482836135729543,0.5,NS,H_N-LR,hard-like,v10,0.0086607646878457
NICER v12,H_N-LR,,4U 1702-429,2050110115,NS,0.40134413280179226,0.40134413280179226,0.5,NS,H_N-LR,hard-like,v10,0.0191135030992613
NICER v12,H_N-LR,,4U 1702-429,2050110124,NS,0.3965483084110171,0.3965483084110171,0.5,NS,H_N-LR,hard-like,v10,0.0498180386996004
NICER v12,H_N-LR,,4U 1702-429,2587030102,NS,0.42901849996115504,0.42901849996115504,0.5,NS,H_N-LR,hard-like,v10,0.0048513912400534
NICER v12,H_N-LR,,4U 1702-429,2587030103,NS,0.42595585841278144,0.42595585841278144,0.5,NS,H_N-LR,hard-like,v10,0.0042227228773417
NICER v12,H_N-LR,,4U 1705-32,4202170107,NS,0.5204493886394355,0.5204493886394355,0.5,BH,H_N-LR,soft-like,v10,0.0064582493335746
NICER v12,H_N-LR,,4U 1705-32,4202170110,NS,0.5149788701774491,0.5149788701774491,0.5,BH,H_N-LR,soft-like,v10,0.0209829008289777
NICER v12,H_N-LR,,4U 1705-32,4202170111,NS,0.5176688322308561,0.5176688322308561,0.5,BH,H_N-LR,soft-like,v10,0.0172511491940371
NICER v12,H_N-LR,,4U 1705-44,1050120113,NS,0.4119625079320514,0.4119625079320514,0.5,NS,H_N-LR,soft-like,v10,0.0
NICER v12,H_N-LR,,4U 1705-44,1050120115,NS,0.4040173682369924,0.4040173682369924,0.5,NS,H_N-LR,soft-like,v10,0.0
NICER v12,H_N-LR,,4U 1705-44,2050120102,NS,0.36783274512203895,0.36783274512203895,0.5,NS,H_N-LR,soft-like,v10,0.0
NICER v12,H_N-LR,,4U 1705-44,2050120103,NS,0.37557023476173645,0.37557023476173645,0.5,NS,H_N-LR,soft-like,v10,0.0
NICER v12,H_N-LR,,4U 1705-44,3050120101,NS,0.46904852894421944,0.46904852894421944,0.5,NS,H_N-LR,soft-like,v10,0.0013007160459805
NICER v12,H_N-LR,,4U 1705-44,3050120102,NS,0.48713113474196285,0.48713113474196285,0.5,NS,H_N-LR,soft-like,v10,0.0008769785443226
NICER v12,H_N-LR,,4U 1705-44,3050120104,NS,0.46713563241039674,0.46713563241039674,0.5,NS,H_N-LR,soft-like,v10,0.0034488256335628
NICER v12,H_N-LR,,4U 1705-44,3050120105,NS,0.47628006253651034,0.47628006253651034,0.5,NS,H_N-LR,soft-like,v10,0.0026487061059071
NICER v12,H_N-LR,,4U 1722-30,7402780101,NS,0.5309524748797415,0.5309524748797415,0.5,BH,H_N-LR,intermediate,v10,0.0091432737998474
NICER v12,H_N-LR,,4U 1728-34,2587010101,NS,0.3856211391958049,0.3856211391958049,0.5,NS,H_N-LR,soft-like,v10,0.0020013682146331
NICER v12,H_N-LR,,4U 1728-34,2587010103,NS,0.3868752652884115,0.3868752652884115,0.5,NS,H_N-LR,soft-like,v10,0.0049376630795571
NICER v12,H_N-LR,,4U 1735-444,3050500102,NS,0.4810008100278809,0.4810008100278809,0.5,NS,H_N-LR,soft-like,v10,0.0006749138622322
NICER v12,H_N-LR,,4U 1735-444,4050500101,NS,0.5316625152560143,0.5316625152560143,0.5,BH,H_N-LR,soft-like,v10,0.000837680783967
NICER v12,H_N-LR,,4U 1735-444,4050500102,NS,0.5208258284600261,0.5208258284600261,0.5,BH,H_N-LR,soft-like,v10,0.000887150822295
NICER v12,H_N-LR,,4U 1735-444,4050500104,NS,0.49473325775644617,0.49473325775644617,0.5,NS,H_N-LR,soft-like,v10,0.0
NICER v12,H_N-LR,,4U 1735-444,5050500101,NS,0.5104359526834754,0.5104359526834754,0.5,BH,H_N-LR,soft-like,v10,0.0034225847878715
NICER v12,H_N-LR,,4U 1735-444,7700030101,NS,0.475235179686424,0.475235179686424,0.5,NS,H_N-LR,soft-like,v10,0.0018392799145878
NICER v12,H_N-LR,,4U 1812-12,2560010103,NS,0.5341521155913173,0.5341521155913173,0.5,BH,H_N-LR,hard-like,v10,0.0198798615000098
NICER v12,H_N-LR,,4U 1812-12,2560010203,NS,0.5298361156419423,0.5298361156419423,0.5,BH,H_N-LR,hard-like,v10,0.0139837810431001
NICER v12,H_N-LR,,4U 1812-12,3580010103,NS,0.5247601851059088,0.5247601851059088,0.5,BH,H_N-LR,hard-like,v10,0.0114786715172329
NICER v12,H_N-LR,,4U 1812-12,3580010205,NS,0.524834826903133,0.524834826903133,0.5,BH,H_N-LR,hard-like,v10,0.0128873844052001
NICER v12,H_N-LR,,4U 1812-12,3580010310,NS,0.5389814977015557,0.5389814977015557,0.5,BH,H_N-LR,hard-like,v10,0.0150131123869546
NICER v12,H_N-LR,,4U 1812-12,3580010317,NS,0.5330539637924913,0.5330539637924913,0.5,BH,H_N-LR,hard-like,v10,0.0175077730384775
NICER v12,H_N-LR,,4U 1812-12,3580010325,NS,0.5328643441350925,0.5328643441350925,0.5,BH,H_N-LR,hard-like,v10,0.0336569192241159
NICER v12,H_N-LR,,4U 1812-12,4202290104,NS,0.5202070771236539,0.5202070771236539,0.5,BH,H_N-LR,hard-like,v10,0.0351193686222338
NICER v12,H_N-LR,,4U 1820-303,1050300121,NS,0.5212518126048218,0.5212518126048218,0.5,BH,H_N-LR,hard-like,v10,0.0
NICER v12,H_N-LR,,4U 1820-303,2050300120,NS,0.5655955532753465,0.5655955532753465,0.5,BH,H_N-LR,intermediate,v10,0.0019740153848252
NICER v12,H_N-LR,,4U 1820-303,4680010103,NS,0.5641863153046792,0.5641863153046792,0.5,BH,H_N-LR,soft-like,v10,0.0007599885484804
NICER v12,H_N-LR,,4U 1820-303,4680010119,NS,0.5532861278663439,0.5532861278663439,0.5,BH,H_N-LR,soft-like,v10,0.00156049203956
NICER v12,H_N-LR,,4U 1820-303,5604010301,NS,0.5206725948706947,0.5206725948706947,0.5,BH,H_N-LR,soft-like,v10,0.0
NICER v12,H_N-LR,,4U 1820-303,5604010901,NS,0.5681659472874598,0.5681659472874598,0.5,BH,H_N-LR,soft-like,v10,0.002240817039707
NICER v12,H_N-LR,,4U 1820-303,8050300119,NS,0.04701141734112668,0.04701141734112667,0.5,NS,H_N-LR,hard-like,v10,0.0
NICER v12,H_N-LR,,4U 1850-086,6403520101,NS,0.4358752460073184,0.4358752460073184,0.5,NS,H_N-LR,soft-like,v10,0.001889660397849
NICER v12,H_N-LR,,4U 1850-086,7403520101,NS,0.5497673099165237,0.5497673099165237,0.5,BH,H_N-LR,soft-like,v10,0.0051980433823055
NICER v12,H_N-LR,,4U 1850-086,7204410101,NS,0.6244470094989967,0.6244470094989967,0.5,BH,H_N-LR,hard-like,v10,0.0142641830238315
NICER v12,H_N-LR,,4U 1850-086,7204410102,NS,0.61671579765226,0.61671579765226,0.5,BH,H_N-LR,soft-like,v10,0.01087041600076
NICER v12,H_N-LR,,4U 1850-086,7204410103,NS,0.6125001272164171,0.6125001272164171,0.5,BH,H_N-LR,soft-like,v10,0.0181632046394115
NICER v12,H_N-LR,,Aql X-1,1050340105,NS,0.5638085294230007,0.5638085294230007,0.5,BH,H_N-LR,soft-like,v10,0.0
NICER v12,H_N-LR,,Aql X-1,2050340113,NS,0.5345139110725247,0.5345139110725247,0.5,BH,H_N-LR,soft-like,v10,0.0
NICER v12,H_N-LR,,Aql X-1,3050340119,NS,0.6114729654848712,0.6114729654848712,0.5,BH,H_N-LR,soft-like,v10,0.0016898489326547
NICER v12,H_N-LR,,Aql X-1,3050340151,NS,0.6133092409277424,0.6133092409277424,0.5,BH,H_N-LR,hard-like,v10,0.0142859327262776
NICER v12,H_N-LR,,Aql X-1,6050340101,NS,0.5045872369276203,0.5045872369276203,0.5,BH,H_N-LR,soft-like,v10,0.0
NICER v12,H_N-LR,,Aql X-1,6634020121,NS,0.5134940689837041,0.5134940689837041,0.5,BH,H_N-LR,soft-like,v10,0.0
NICER v12,H_N-LR,,Aql X-1,6634020142,NS,0.5994653669940212,0.5994653669940212,0.5,BH,H_N-LR,soft-like,v10,0.0006845376164085
NICER v12,H_N-LR,,Aql X-1,7050340124,NS,0.5729046408255779,0.5729046408255779,0.5,BH,H_N-LR,hard-like,v10,0.0130448862147953
NICER v12,H_N-LR,,Cen X-4,1030110106,NS,0.034209644378472404,0.03420964437847241,0.5,NS,H_N-LR,hard-like,v10,0.0
NICER v12,H_N-LR,,Cir X-1,2050050121,NS,0.42247377076487297,0.42247377076487297,0.5,NS,H_N-LR,soft-like,v10,0.0
NICER v12,H_N-LR,,Cir X-1,3578010901,NS,0.16080812357529062,0.16080812357529062,0.5,NS,H_N-LR,soft-like,v10,0.0016937234658217
NICER v12,H_N-LR,,Cir X-1,3668010102,NS,0.34592866146952,0.34592866146952,0.5,NS,H_N-LR,soft-like,v10,0.0
NICER v12,H_N-LR,,Cir X-1,5571030102,NS,0.3774064557490155,0.3774064557490155,0.5,NS,H_N-LR,soft-like,v10,0.0
NICER v12,H_N-LR,,Cir X-1,5571070102,NS,0.3547031247486793,0.3547031247486793,0.5,NS,H_N-LR,soft-like,v10,0.0
NICER v12,H_N-LR,,Cir X-1,6689030101,NS,0.2038383630591556,0.2038383630591556,0.5,NS,H_N-LR,soft-like,v10,0.0
NICER v12,H_N-LR,,Cir X-1,6689030202,NS,0.3087683043746196,0.3087683043746196,0.5,NS,H_N-LR,soft-like,v10,0.0
NICER v12,H_N-LR,,Cyg X-2,0034150107,NS,0.548290860555786,0.548290860555786,0.5,BH,H_N-LR,soft-like,v10,0.0
NICER v12,H_N-LR,,Cyg X-2,1034150111,NS,0.5181699684080214,0.5181699684080214,0.5,BH,H_N-LR,soft-like,v10,0.0
NICER v12,H_N-LR,,Cyg X-2,1034150134,NS,0.532205161998689,0.532205161998689,0.5,BH,H_N-LR,soft-like,v10,0.0
NICER v12,H_N-LR,,Cyg X-2,1034150142,NS,0.5140916842515001,0.5140916842515001,0.5,BH,H_N-LR,soft-like,v10,0.0
NICER v12,H_N-LR,,Cyg X-2,5034150103,NS,0.5272829831391881,0.5272829831391881,0.5,BH,H_N-LR,soft-like,v10,0.0
NICER v12,H_N-LR,,Cyg X-2,7034150103,NS,0.5207106124292954,0.5207106124292954,0.5,BH,H_N-LR,soft-like,v10,0.0
NICER v12,H_N-LR,,Cyg X-2,7034150113,NS,0.5352143728183882,0.5352143728183882,0.5,BH,H_N-LR,soft-like,v10,0.0
NICER v12,H_N-LR,,Cyg X-2,7034150116,NS,0.5187167424603917,0.5187167424603917,0.5,BH,H_N-LR,soft-like,v10,0.0
NICER v12,H_N-LR,,EXO 0748-676,7050030111,NS,0.21445242062102055,0.21445242062102057,0.5,NS,H_N-LR,hard-like,v10,0.1505311438937236
NICER v12,H_N-LR,,EXO 0748-676,7050030142,NS,0.24570528512950812,0.24570528512950812,0.5,NS,H_N-LR,hard-like,v10,0.069997747792287
NICER v12,H_N-LR,,EXO 0748-676,7050030148,NS,0.08521885959101216,0.08521885959101219,0.5,NS,H_N-LR,hard-like,v10,0.1070731591501681
NICER v12,H_N-LR,,GRS 1747-312,2050440104,NS,0.36075956450896424,0.36075956450896424,0.5,NS,H_N-LR,soft-like,v10,0.0205146276940435
NICER v12,H_N-LR,,GRS 1747-312,2050440107,NS,0.3558136482263248,0.3558136482263248,0.5,NS,H_N-LR,soft-like,v10,0.0119501583435484
NICER v12,H_N-LR,,GRS 1747-312,6739015501,NS,0.3785542511771734,0.3785542511771734,0.5,NS,H_N-LR,soft-like,v10,0.0165531410588272
NICER v12,H_N-LR,,GS 1826-24,1050310106,NS,0.5715077904034742,0.5715077904034742,0.5,BH,H_N-LR,hard-like,v10,0.0
NICER v12,H_N-LR,,GS 1826-24,1050310116,NS,0.542383962531609,0.542383962531609,0.5,BH,H_N-LR,hard-like,v10,0.0
NICER v12,H_N-LR,,GS 1826-24,3050310101,NS,0.5685862030003704,0.5685862030003704,0.5,BH,H_N-LR,soft-like,v10,0.0
NICER v12,H_N-LR,,GS 1826-24,5050310104,NS,0.5416378473398324,0.5416378473398324,0.5,BH,H_N-LR,soft-like,v10,0.0
NICER v12,H_N-LR,,GX 13+1,1108020103,NS,0.3726484281425803,0.3726484281425803,0.5,NS,H_N-LR,soft-like,v10,0.0
NICER v12,H_N-LR,,GX 13+1,5670010101,NS,0.34758993161960605,0.34758993161960605,0.5,NS,H_N-LR,soft-like,v10,0.0
NICER v12,H_N-LR,,GX 13+1,5670010202,NS,0.33446872177094217,0.33446872177094217,0.5,NS,H_N-LR,soft-like,v10,0.0
NICER v12,H_N-LR,,GX 13+1,5670010402,NS,0.340173483945122,0.340173483945122,0.5,NS,H_N-LR,soft-like,v10,0.0
NICER v12,H_N-LR,,GX 13+1,5670010403,NS,0.3477515693991172,0.3477515693991172,0.5,NS,H_N-LR,soft-like,v10,0.0
NICER v12,H_N-LR,,GX 13+1,5670010406,NS,0.3421034936444931,0.3421034936444931,0.5,NS,H_N-LR,soft-like,v10,0.0
NICER v12,H_N-LR,,GX 13+1,7701010101,NS,0.35116560435452693,0.35116560435452693,0.5,NS,H_N-LR,soft-like,v10,0.0
NICER v12,H_N-LR,,GX 13+1,7108020103,NS,0.3480957026468972,0.3480957026468972,0.5,NS,H_N-LR,soft-like,v10,0.0
NICER v12,H_N-LR,,GX 17+2,1050410107,NS,0.35345893147245855,0.35345893147245855,0.5,NS,H_N-LR,soft-like,v10,0.0
NICER v12,H_N-LR,,GX 17+2,1050410112,NS,0.3252270406796345,0.3252270406796345,0.5,NS,H_N-LR,hard-like,v10,0.0
NICER v12,H_N-LR,,GX 17+2,1050410118,NS,0.3625925479915121,0.3625925479915121,0.5,NS,H_N-LR,soft-like,v10,0.0
NICER v12,H_N-LR,,GX 17+2,1050410119,NS,0.3497024253107401,0.3497024253107401,0.5,NS,H_N-LR,soft-like,v10,0.0
NICER v12,H_N-LR,,GX 17+2,1050410133,NS,0.34643836131969236,0.34643836131969236,0.5,NS,H_N-LR,soft-like,v10,0.0
NICER v12,H_N-LR,,GX 17+2,3050410103,NS,0.36033697734797854,0.36033697734797854,0.5,NS,H_N-LR,soft-like,v10,0.0
NICER v12,H_N-LR,,GX 17+2,7050410103,NS,0.34055730802463685,0.34055730802463685,0.5,NS,H_N-LR,soft-like,v10,0.0
NICER v12,H_N-LR,,GX 17+2,7050410107,NS,0.34003013525410214,0.34003013525410214,0.5,NS,H_N-LR,soft-like,v10,0.0
NICER v12,H_N-LR,,GX 3+1,7700040101,NS,0.3837530296406225,0.3837530296406225,0.5,NS,H_N-LR,soft-like,v10,0.0
NICER v12,H_N-LR,,GX 3+1,7700040102,NS,0.38887517435008295,0.38887517435008295,0.5,NS,H_N-LR,soft-like,v10,0.0006570812636823
NICER v12,H_N-LR,,GX 3+1,8611010102,NS,0.3879398147003371,0.3879398147003371,0.5,NS,H_N-LR,soft-like,v10,0.0
NICER v12,H_N-LR,,GX 3+1,8611010103,NS,0.38784896315205714,0.38784896315205714,0.5,NS,H_N-LR,soft-like,v10,0.0
NICER v12,H_N-LR,,GX 3+1,8611010104,NS,0.3748396736093452,0.3748396736093452,0.5,NS,H_N-LR,soft-like,v10,0.0
NICER v12,H_N-LR,,GX 3+1,8611010105,NS,0.3766364779796199,0.3766364779796199,0.5,NS,H_N-LR,soft-like,v10,0.0
NICER v12,H_N-LR,,GX 3+1,8611010106,NS,0.3693958902634266,0.3693958902634266,0.5,NS,H_N-LR,soft-like,v10,0.0
NICER v12,H_N-LR,,IGR J17062-6143,3034100101,NS,0.6701704963509508,0.6701704963509508,0.5,BH,H_N-LR,intermediate,v10,0.0195697964075274
NICER v12,H_N-LR,,IGR J17498-2921,6560010103,NS,0.408873472892405,0.408873472892405,0.5,NS,H_N-LR,intermediate,v10,0.0066282026195262
NICER v12,H_N-LR,,IGR J17498-2921,6560010105,NS,0.4277414332942698,0.4277414332942698,0.5,NS,H_N-LR,hard-like,v10,0.0151607229430552
NICER v12,H_N-LR,,IGR J17498-2921,6560010109,NS,0.4068237813276208,0.4068237813276208,0.5,NS,H_N-LR,hard-like,v10,0.0137066709674273
NICER v12,H_N-LR,,IGR J17498-2921,6560010113,NS,0.42075221696339177,0.42075221696339177,0.5,NS,H_N-LR,hard-like,v10,0.0091888778510323
NICER v12,H_N-LR,,IGR J17498-2921,6560010124,NS,0.01169133202714323,0.01169133202714325,0.5,NS,H_N-LR,hard-like,v10,0.1253733786329556
NICER v12,H_N-LR,,M15 X-2,5034140105,NS,0.5829995919019317,0.5829995919019317,0.5,BH,H_N-LR,soft-like,v10,0.0073277389929812
NICER v12,H_N-LR,,M15 X-2,5034140111,NS,0.5877899806234022,0.5877899806234022,0.5,BH,H_N-LR,soft-like,v10,0.0063067740120082
NICER v12,H_N-LR,,M15 X-2,5034140122,NS,0.5708446490004728,0.5708446490004728,0.5,BH,H_N-LR,soft-like,v10,0.0035981742587412
NICER v12,H_N-LR,,M15 X-2,5034140128,NS,0.6065545903656308,0.6065545903656308,0.5,BH,H_N-LR,soft-like,v10,0.0071910204558255
NICER v12,H_N-LR,,M15 X-2,5034140133,NS,0.600251962420222,0.600251962420222,0.5,BH,H_N-LR,soft-like,v10,0.0056967902927598
NICER v12,H_N-LR,,MAXI J1807+132,2200840102,NS,0.603663970200697,0.603663970200697,0.5,BH,H_N-LR,hard-like,v10,0.00972546826671
NICER v12,H_N-LR,,MAXI J1807+132,6200840106,NS,0.598077225953007,0.598077225953007,0.5,BH,H_N-LR,hard-like,v10,0.0126024049617315
NICER v12,H_N-LR,,MAXI J1807+132,6634010102,NS,0.5999439382778526,0.5999439382778526,0.5,BH,H_N-LR,hard-like,v10,0.0060404584837194
NICER v12,H_N-LR,,MAXI J1807+132,6634010107,NS,0.6069210899626306,0.6069210899626306,0.5,BH,H_N-LR,hard-like,v10,0.0080187710759328
NICER v12,H_N-LR,,MAXI J1807+132,6634010108,NS,0.6129850637420837,0.6129850637420837,0.5,BH,H_N-LR,intermediate,v10,0.0236984581525862
NICER v12,H_N-LR,,MXB 1730-335,3200100101,NS,0.36080656603598316,0.36080656603598316,0.5,NS,H_N-LR,soft-like,v10,0.0013896912389399
NICER v12,H_N-LR,,MXB 1730-335,3200100110,NS,0.24739962913528413,0.24739962913528413,0.5,NS,H_N-LR,hard-like,v10,0.0078462236557654
NICER v12,H_N-LR,,MXB 1730-335,3200100112,NS,0.2614974642112947,0.2614974642112947,0.5,NS,H_N-LR,hard-like,v10,0.0223440883468909
NICER v12,H_N-LR,,SAX J1747.0-2853,2200600101,NS,0.11235382043982983,0.11235382043982982,0.5,NS,H_N-LR,soft-like,v10,0.0110656118124459
NICER v12,H_N-LR,,SAX J1747.0-2853,5200600105,NS,0.09772691319188476,0.09772691319188474,0.5,NS,H_N-LR,soft-like,v10,0.0027622634843458
NICER v12,H_N-LR,,SAX J1747.0-2853,5200600106,NS,0.09471070365483303,0.094710703654833,0.5,NS,H_N-LR,soft-like,v10,0.0030637401700865
NICER v12,H_N-LR,,SAX J1747.0-2853,8200600101,NS,0.12572816118683866,0.12572816118683866,0.5,NS,H_N-LR,soft-like,v10,0.005568656286232
NICER v12,H_N-LR,,SAX J1747.0-2853,8200600102,NS,0.10063901972469741,0.10063901972469742,0.5,NS,H_N-LR,soft-like,v10,0.0056677577490407
NICER v12,H_N-LR,,SAX J1808.4-3658,2584010104,NS,0.6032056558304134,0.6032056558304134,0.5,BH,H_N-LR,hard-like,v10,0.0177838261430056
NICER v12,H_N-LR,,SAX J1808.4-3658,2584010109,NS,0.6203989664226808,0.6203989664226808,0.5,BH,H_N-LR,hard-like,v10,0.0046411964821821
NICER v12,H_N-LR,,SAX J1810.8-2609,4200170102,NS,0.521307429152382,0.521307429152382,0.5,BH,H_N-LR,hard-like,v10,0.0052188035603059
NICER v12,H_N-LR,,SAX J1810.8-2609,4200170104,NS,0.5136790692620924,0.5136790692620924,0.5,BH,H_N-LR,hard-like,v10,0.0039110085459405
NICER v12,H_N-LR,,SAX J1810.8-2609,4200170106,NS,0.5331991428488846,0.5331991428488846,0.5,BH,H_N-LR,hard-like,v10,0.0047810730927851
NICER v12,H_N-LR,,SAX J1810.8-2609,4200170107,NS,0.5212638575363235,0.5212638575363235,0.5,BH,H_N-LR,hard-like,v10,0.003877166669356
NICER v12,H_N-LR,,SAX J1810.8-2609,4200170112,NS,0.5539929028706475,0.5539929028706475,0.5,BH,H_N-LR,hard-like,v10,0.0029950076228777
NICER v12,H_N-LR,,SAX J1810.8-2609,4200170114,NS,0.6086842876468201,0.6086842876468201,0.5,BH,H_N-LR,intermediate,v10,0.0027885516437036
NICER v12,H_N-LR,,SAX J1810.8-2609,4200170116,NS,0.5744489777842027,0.5744489777842027,0.5,BH,H_N-LR,hard-like,v10,0.0101812595620719
NICER v12,H_N-LR,,SLX 1732-304,3050560102,NS,0.4819362201363576,0.4819362201363576,0.5,NS,H_N-LR,hard-like,v10,0.0060109793094354
NICER v12,H_N-LR,,SLX 1732-304,3050560106,NS,0.49680634128217943,0.49680634128217943,0.5,NS,H_N-LR,hard-like,v10,0.0073506331185886
NICER v12,H_N-LR,,SLX 1732-304,3050560108,NS,0.4983157632022574,0.4983157632022574,0.5,NS,H_N-LR,hard-like,v10,0.0108731477905412
NICER v12,H_N-LR,,SLX 1732-304,6050560102,NS,0.49946266511673426,0.49946266511673426,0.5,NS,H_N-LR,soft-like,v10,0.0039225377469331
NICER v12,H_N-LR,,SLX 1732-304,6050560104,NS,0.5248185336363801,0.5248185336363801,0.5,BH,H_N-LR,soft-like,v10,0.0194076509895894
NICER v12,H_N-LR,,SLX 1732-304,6050560106,NS,0.491165199433556,0.491165199433556,0.5,NS,H_N-LR,soft-like,v10,0.016395003879188
NICER v12,H_N-LR,,SLX 1732-304,8050560104,NS,0.4913769633069871,0.4913769633069871,0.5,NS,H_N-LR,hard-like,v10,0.0230921190044043
NICER v12,H_N-LR,,SLX 1732-304,8050560106,NS,0.5324264098357909,0.5324264098357909,0.5,BH,H_N-LR,hard-like,v10,0.0784152146867813
NICER v12,H_N-LR,,Ser X-1,0050320109,NS,0.5170778023902454,0.5170778023902454,0.5,BH,H_N-LR,soft-like,v10,0.0
NICER v12,H_N-LR,,Ser X-1,1050320103,NS,0.521596220888427,0.521596220888427,0.5,BH,H_N-LR,soft-like,v10,0.0
NICER v12,H_N-LR,,Ser X-1,1050320111,NS,0.5103350819838008,0.5103350819838008,0.5,BH,H_N-LR,soft-like,v10,0.0
NICER v12,H_N-LR,,Ser X-1,1050320116,NS,0.5316052099056173,0.5316052099056173,0.5,BH,H_N-LR,soft-like,v10,0.0
NICER v12,H_N-LR,,Ser X-1,1050320118,NS,0.5097103653494398,0.5097103653494398,0.5,BH,H_N-LR,soft-like,v10,0.0
NICER v12,H_N-LR,,Ser X-1,6648010101,NS,0.5492389462918505,0.5492389462918505,0.5,BH,H_N-LR,soft-like,v10,0.0012024032268131
NICER v12,H_N-LR,,Ser X-1,7700020102,NS,0.5019015959635106,0.5019015959635106,0.5,BH,H_N-LR,soft-like,v10,0.0
NICER v12,H_N-LR,,Swift J1749.4-2807,4658010104,NS,0.4453382028693998,0.4453382028693998,0.5,NS,H_N-LR,intermediate,v10,0.0097974034936417
NICER v12,H_N-LR,,Swift J1749.4-2807,4658010105,NS,0.44848618736690854,0.44848618736690854,0.5,NS,H_N-LR,soft-like,v10,0.008931691800815
NICER v12,H_N-LR,,Swift J1858.6-0814,3200400112,NS,0.5096872448262134,0.5096872448262134,0.5,BH,H_N-LR,soft-like,v10,0.0103824165652169
NICER v12,H_N-LR,,Swift J1858.6-0814,3200400116,NS,0.5312615099692277,0.5312615099692277,0.5,BH,H_N-LR,soft-like,v10,0.0103864580792879
NICER v12,H_N-LR,,Swift J1922.7-1716,7204180115,NS,0.08222337766486537,0.08222337766486536,0.5,NS,H_N-LR,hard-like,v10,0.0
NICER v12,H_N-LR,,XMMU J181227.8-181234,3050550102,NS,0.01566838485733113,0.01566838485733111,0.5,NS,H_N-LR,soft-like,v10,0.0031723446311589
NICER v12,H_N-LR,,XMMU J181227.8-181234,3050550105,NS,0.01497991147590405,0.014979911475904027,0.5,NS,H_N-LR,soft-like,v10,0.0046581622144281
NICER v12,H_N-LR,,XMMU J181227.8-181234,3050550109,NS,0.01700099216791018,0.0170009921679102,0.5,NS,H_N-LR,soft-like,v10,0.0038169090424622
NICER v12,H_N-LR,,XMMU J181227.8-181234,3050550110,NS,0.023159974004610284,0.023159974004610263,0.5,NS,H_N-LR,soft-like,v10,0.007183077292005
NICER v12,H_N-LR,,XMMU J181227.8-181234,3050550112,NS,0.01683544316592983,0.016835443165929845,0.5,NS,H_N-LR,soft-like,v10,0.0041124887649082
NICER v12,H_N-LR,,XMMU J181227.8-181234,3050550113,NS,0.013944558239638527,0.013944558239638551,0.5,NS,H_N-LR,soft-like,v10,0.0062026208701688
NICER v12,H_N-LR,,XMMU J181227.8-181234,3050550116,NS,0.02095828483528872,0.020958284835288728,0.5,NS,H_N-LR,soft-like,v10,0.005562974255877
NICER v12,H_N-LR,,XTE J1701-407,2050090101,NS,0.40021942025003915,0.40021942025003915,0.5,NS,H_N-LR,soft-like,v10,0.0081177255872578
NICER v12,H_N-LR,,XTE J1701-407,3050090101,NS,0.2835410114698872,0.2835410114698872,0.5,NS,H_N-LR,soft-like,v10,0.0030338562035622
NICER v12,H_N-LR,,XTE J1701-407,3050090102,NS,0.2607284049922472,0.2607284049922472,0.5,NS,H_N-LR,soft-like,v10,0.0037484133818939
NICER v12,H_N-LR,,XTE J1701-407,3050090103,NS,0.3143233723736872,0.3143233723736872,0.5,NS,H_N-LR,soft-like,v10,0.0044255305873359
NICER v12,H_N-LR,,XTE J1701-407,3050090104,NS,0.336958437271564,0.336958437271564,0.5,NS,H_N-LR,soft-like,v10,0.0068739425534658
NICER v12,H_N-LR,,XTE J1701-462,5203390106,NS,0.37102748663498814,0.37102748663498814,0.5,NS,H_N-LR,soft-like,v10,0.0
NICER v12,H_N-LR,,XTE J1701-462,5203390114,NS,0.39455670665429415,0.39455670665429415,0.5,NS,H_N-LR,soft-like,v10,0.0
NICER v12,H_N-LR,,XTE J1701-462,5203390125,NS,0.4068618169853978,0.4068618169853978,0.5,NS,H_N-LR,soft-like,v10,0.0
NICER v12,H_N-LR,,XTE J1701-462,5203390143,NS,0.3536089797512327,0.3536089797512327,0.5,NS,H_N-LR,soft-like,v10,0.0004629488760546
NICER v12,H_N-LR,,XTE J1701-462,5203390152,NS,0.3532420211289964,0.3532420211289964,0.5,NS,H_N-LR,soft-like,v10,0.0030389640858502
NICER v12,H_N-LR,,XTE J1701-462,6203390101,NS,0.3477103677783491,0.3477103677783491,0.5,NS,H_N-LR,soft-like,v10,0.0016031006459978
NICER v12,H_N-LR,,XTE J1701-462,6203390102,NS,0.3971379182127876,0.3971379182127876,0.5,NS,H_N-LR,soft-like,v10,0.0076811038004722
NICER v12,H_N-LR,,XTE J1701-462,6203390109,NS,0.44028943950940147,0.44028943950940147,0.5,NS,H_N-LR,intermediate,v10,0.0239849857535843
NICER v12,H_N-LR,,XTE J1739-285,2050280105,NS,0.3905154070971165,0.3905154070971165,0.5,NS,H_N-LR,soft-like,v10,0.0010858681295055
NICER v12,H_N-LR,,XTE J1739-285,2050280129,NS,0.3908718899554211,0.3908718899554211,0.5,NS,H_N-LR,hard-like,v10,0.0187877165971502
NICER v12,H_N-LR,,XTE J1739-285,3050280105,NS,0.40210010279908903,0.40210010279908903,0.5,NS,H_N-LR,hard-like,v10,0.0043281729211759
NICER v12,H_N-LR,,XTE J1739-285,3050280133,NS,0.42522450041736914,0.42522450041736914,0.5,NS,H_N-LR,soft-like,v10,0.0021436804378029
NICER v12,H_N-LR,,XTE J1739-285,3050280144,NS,0.4279086486374874,0.4279086486374874,0.5,NS,H_N-LR,soft-like,v10,0.0011917114279504
NICER v12,H_N-LR,,XTE J1739-285,3050280165,NS,0.45533474863557954,0.45533474863557954,0.5,NS,H_N-LR,soft-like,v10,0.0021799562362376
NICER v12,H_N-LR,,XTE J1739-285,3050280187,NS,0.47366340325887374,0.47366340325887374,0.5,NS,H_N-LR,soft-like,v10,0.0021680223836297
NICER v12,H_N-LR,,XTE J1810-189,3201750105,NS,0.3413680590433505,0.3413680590433505,0.5,NS,H_N-LR,hard-like,v10,0.0218575128627938
NICER v12,H_N-LR,,XTE J1810-189,3201750106,NS,0.3306835283741122,0.3306835283741122,0.5,NS,H_N-LR,hard-like,v10,0.0174298327257124
NICER v12,H_N-LR,,XTE J1810-189,3201750109,NS,0.29903084755818665,0.29903084755818665,0.5,NS,H_N-LR,hard-like,v10,0.0232444743164671
NICER v12,H_N-LR,,XTE J1810-189,3201750110,NS,0.2990016980511699,0.2990016980511699,0.5,NS,H_N-LR,hard-like,v10,0.0114713327897656
NICER v12,H_N-LR,,XTE J1810-189,3201750113,NS,0.3119346340939886,0.3119346340939886,0.5,NS,H_N-LR,hard-like,v10,0.0088125197381011
NICER v12,H_N-LR,,XTE J1810-189,3201750116,NS,0.3198955296511072,0.3198955296511072,0.5,NS,H_N-LR,hard-like,v10,0.0210602345994123
NICER v12,H_N-LR,,XTE J1810-189,6201750101,NS,0.4178749276349916,0.4178749276349916,0.5,NS,H_N-LR,soft-like,v10,0.0074526651906616
NICER v12,H_N-LR,,Cyg X-1,0100320107,BH,0.5801868044832457,0.5801868044832457,0.5,BH,H_N-LR,hard-like,v11,0.0
NICER v12,H_N-LR,,Cyg X-1,1100320121,BH,0.674458124116812,0.674458124116812,0.5,BH,H_N-LR,hard-like,v11,0.0
NICER v12,H_N-LR,,Cyg X-1,4690020104,BH,0.5308420556001145,0.5308420556001145,0.5,BH,H_N-LR,hard-like,v11,0.0
NICER v12,H_N-LR,,Cyg X-1,5100320105,BH,0.5221655145503218,0.5221655145503218,0.5,BH,H_N-LR,hard-like,v11,0.0
NICER v12,H_N-LR,,Cyg X-1,5100320122,BH,0.6167529767152232,0.6167529767152232,0.5,BH,H_N-LR,hard-like,v11,0.0
NICER v12,H_N-LR,,Cyg X-1,5100320132,BH,0.6411271747861695,0.6411271747861695,0.5,BH,H_N-LR,hard-like,v11,0.0
NICER v12,H_N-LR,,Cyg X-1,5100320140,BH,0.6476533680884122,0.6476533680884122,0.5,BH,H_N-LR,hard-like,v11,0.0
NICER v12,H_N-LR,,Cyg X-1,8656010601,BH,0.5125857517744886,0.5125857517744886,0.5,BH,H_N-LR,hard-like,v11,0.0
NICER v12,H_N-LR,,LMC X-1,5100070102,BH,0.6649710135554903,0.6649710135554903,0.5,BH,H_N-LR,hard-like,v11,0.0218078271146706
NICER v12,H_N-LR,,LMC X-1,5100070104,BH,0.6558861742286035,0.6558861742286035,0.5,BH,H_N-LR,hard-like,v11,0.018197726008099
NICER v12,H_N-LR,,LMC X-3,1101010138,BH,0.6510182865584044,0.6510182865584044,0.5,BH,H_N-LR,soft-like,v11,0.0197083346715862
NICER v12,H_N-LR,,LMC X-3,3609010501,BH,0.6290065058571236,0.6290065058571236,0.5,BH,H_N-LR,soft-like,v11,0.0046718502854164
NICER v12,H_N-LR,,LMC X-3,5101010112,BH,0.7020585223205162,0.7020585223205162,0.5,BH,H_N-LR,soft-like,v11,0.0624077884891384
NICER v12,H_N-LR,,LMC X-3,6101010105,BH,0.6138306854333229,0.6138306854333229,0.5,BH,H_N-LR,soft-like,v11,0.0340327647192251
NICER v12,H_N-LR,,LMC X-3,6101010124,BH,0.6694914250695588,0.6694914250695588,0.5,BH,H_N-LR,soft-like,v11,0.0043787512289078
NICER v12,H_N-LR,,LMC X-3,7704010206,BH,0.6859635908974357,0.6859635908974357,0.5,BH,H_N-LR,soft-like,v11,0.0072792100901468
NICER v12,H_N-LR,,SAX J1819.3-2525,3200300112,BH,0.562491663462655,0.562491663462655,0.5,BH,H_N-LR,soft-like,v11,0.0020583221630253
NICER v12,H_N-LR,,SAX J1819.3-2525,4200300106,BH,0.5749020150093175,0.5749020150093175,0.5,BH,H_N-LR,intermediate,v11,0.0062120870353307
NICER v12,H_N-LR,,SAX J1819.3-2525,4702010105,BH,0.5793157544660638,0.5793157544660638,0.5,BH,H_N-LR,soft-like,v11,0.0033437129036723
NICER v12,H_N-LR,,SAX J1819.3-2525,4702010201,BH,0.555322726913602,0.555322726913602,0.5,BH,H_N-LR,soft-like,v11,0.0043628357995909
NICER v12,H_N-LR,,4U 1543-475,4202230125,BH,0.6208653009713089,0.6208653009713089,0.5,BH,H_N-LR,soft-like,v11,0.0
NICER v12,H_N-LR,,4U 1543-475,4655060401,BH,0.6238063845568734,0.6238063845568734,0.5,BH,H_N-LR,soft-like,v11,0.0
NICER v12,H_N-LR,,4U 1543-475,4202230187,BH,0.6665726810847432,0.6665726810847432,0.5,BH,H_N-LR,soft-like,v11,0.0
NICER v12,H_N-LR,,4U 1543-475,4202230210,BH,0.5295391002504493,0.5295391002504493,0.5,BH,H_N-LR,hard-like,v11,0.0173278893104108
NICER v12,H_N-LR,,4U 1543-475,5202230201,BH,0.5366249889493361,0.5366249889493361,0.5,BH,H_N-LR,hard-like,v11,0.0043320071356492
NICER v12,H_N-LR,,4U 1543-475,5202230214,BH,0.5425658641941299,0.5425658641941299,0.5,BH,H_N-LR,hard-like,v11,0.0128687044589578
NICER v12,H_N-LR,,GX 339-4,3558010801,BH,0.5279211778562604,0.5279211778562604,0.5,BH,H_N-LR,hard-like,v11,0.0029389426383608
NICER v12,H_N-LR,,GX 339-4,4133010111,BH,0.6577765252553831,0.6577765252553831,0.5,BH,H_N-LR,soft-like,v11,0.0
NICER v12,H_N-LR,,GX 339-4,4133010117,BH,0.6631374146321808,0.6631374146321808,0.5,BH,H_N-LR,soft-like,v11,0.0
NICER v12,H_N-LR,,GX 339-4,4133010158,BH,0.6594268543919206,0.6594268543919206,0.5,BH,H_N-LR,soft-like,v11,0.0
NICER v12,H_N-LR,,GX 339-4,4133010193,BH,0.6719760089940341,0.6719760089940341,0.5,BH,H_N-LR,soft-like,v11,0.0
NICER v12,H_N-LR,,GX 339-4,5599010103,BH,0.5092756038104996,0.5092756038104996,0.5,BH,H_N-LR,hard-like,v11,0.0175953486537812
NICER v12,H_N-LR,,GX 339-4,6133010214,BH,0.671158925979783,0.671158925979783,0.5,BH,H_N-LR,soft-like,v11,0.0
NICER v12,H_N-LR,,Swift J1727.8-1613,6203980108,BH,0.5654887793535249,0.5654887793535249,0.5,BH,H_N-LR,hard-like,v11,0.0
NICER v12,H_N-LR,,Swift J1727.8-1613,6203980115,BH,0.5687278944766256,0.5687278944766256,0.5,BH,H_N-LR,hard-like,v11,0.0
NICER v12,H_N-LR,,Swift J1727.8-1613,6203980121,BH,0.5939402894741533,0.5939402894741533,0.5,BH,H_N-LR,hard-like,v11,0.0
NICER v12,H_N-LR,,Swift J1727.8-1613,6203980139,BH,0.7039837290025478,0.7039837290025478,0.5,BH,H_N-LR,soft-like,v11,0.0
NICER v12,H_N-LR,,Swift J1727.8-1613,6203980147,BH,0.7071567178846068,0.7071567178846068,0.5,BH,H_N-LR,soft-like,v11,0.0
NICER v12,H_N-LR,,Swift J1727.8-1613,7708010105,BH,0.7204989232995139,0.7204989232995139,0.5,BH,H_N-LR,soft-like,v11,0.0005052076338417
NICER v12,H_N-LR,,Swift J1727.8-1613,7203980104,BH,0.5339084575916806,0.5339084575916806,0.5,BH,H_N-LR,hard-like,v11,0.003356732204213
NICER v12,H_N-LR,,Swift J1727.8-1613,6588020110,BH,0.5335892846384658,0.5335892846384658,0.5,BH,H_N-LR,hard-like,v11,0.0086076041959687
NICER v12,H_N-LR,,MAXI J1820+070,1200120112,BH,0.5439029518660415,0.5439029518660415,0.5,BH,H_N-LR,hard-like,v11,0.0
NICER v12,H_N-LR,,MAXI J1820+070,1200120148,BH,0.561683464095176,0.561683464095176,0.5,BH,H_N-LR,hard-like,v11,0.0
NICER v12,H_N-LR,,MAXI J1820+070,1200120169,BH,0.5553379217595733,0.5553379217595733,0.5,BH,H_N-LR,hard-like,v11,0.0
NICER v12,H_N-LR,,MAXI J1820+070,1200120187,BH,0.5530010828014195,0.5530010828014195,0.5,BH,H_N-LR,hard-like,v11,0.0
NICER v12,H_N-LR,,MAXI J1820+070,2200120313,BH,0.5335670019184716,0.5335670019184716,0.5,BH,H_N-LR,hard-like,v11,0.0193822171511559
NICER v12,H_N-LR,,MAXI J1820+070,3200120404,BH,0.5350621320809241,0.5350621320809241,0.5,BH,H_N-LR,hard-like,v11,0.0049368210661757
NICER v12,H_N-LR,,GRS 1915+105,1103010133,BH,0.0031208766185826242,0.0031208766185826346,0.5,NS,H_N-LR,soft-like,v11,0.0
NICER v12,H_N-LR,,GRS 1915+105,2596010301,BH,0.010910669372992676,0.01091066937299266,0.5,NS,H_N-LR,hard-like,v11,0.0050850547017455
NICER v12,H_N-LR,,GRS 1915+105,2103010204,BH,5.200982654551822e-06,5.200982654560368e-06,0.5,NS,H_N-LR,soft-like,v11,0.0070393028195641
NICER v12,H_N-LR,,GRS 1915+105,3607012501,BH,0.0005283170096542222,0.0005283170096542174,0.5,NS,H_N-LR,soft-like,v11,0.0117092840277007
NICER v12,H_N-LR,,GRS 1915+105,4103010227,BH,0.00019705213061155247,0.0001970521306115642,0.5,NS,H_N-LR,hard-like,v11,0.003027274565634
NICER v12,H_N-LR,,GRS 1915+105,4103010240,BH,0.00024798841086343115,0.0002479884108634554,0.5,NS,H_N-LR,hard-like,v11,0.0033970548969562
NICER v12,H_N-LR,,GRS 1915+105,6103010206,BH,0.00021152621769343627,0.00021152621769345955,0.5,NS,H_N-LR,hard-like,v11,0.0159930580556807
NICER v12,H_N-LR,,GRS 1915+105,7544012501,BH,9.816296209219644e-08,9.81629621171506e-08,0.5,NS,H_N-LR,soft-like,v11,0.0603484049822071
NICER v12,H_N-LR,,1A 1744-361,5202800102,NS,0.5353546084027873,0.5353546084027873,0.5,BH,H_N-LR,soft-like,v11,0.0009945433517291
NICER v12,H_N-LR,,1A 1744-361,5202800113,NS,0.4667227588320757,0.4667227588320757,0.5,NS,H_N-LR,soft-like,v11,0.0017168230283016
NICER v12,H_N-LR,,1A 1744-361,5202800125,NS,0.5103799516753593,0.5103799516753593,0.5,BH,H_N-LR,soft-like,v11,0.0089570732989
NICER v12,H_N-LR,,1A 1744-361,5202800131,NS,0.46335175404725387,0.46335175404725387,0.5,NS,H_N-LR,soft-like,v11,0.0011640173788419
NICER v12,H_N-LR,,1A 1744-361,5202800140,NS,0.5672107189645181,0.5672107189645181,0.5,BH,H_N-LR,soft-like,v11,0.0040327379219961
NICER v12,H_N-LR,,1A 1744-361,5202800143,NS,0.5713193196857211,0.5713193196857211,0.5,BH,H_N-LR,soft-like,v11,0.0045404995176234
NICER v12,H_N-LR,,1A 1744-361,7202800104,NS,0.5693750502757017,0.5693750502757017,0.5,BH,H_N-LR,intermediate,v11,0.0024615878191033
NICER v12,H_N-LR,,1A 1744-361,7202800108,NS,0.49228307281612416,0.49228307281612416,0.5,NS,H_N-LR,soft-like,v11,0.0089997943532161
NICER v12,H_N-LR,,2S 0918-549,2050450105,NS,0.5445856559807395,0.5445856559807395,0.5,BH,H_N-LR,intermediate,v11,0.0081429606874161
NICER v12,H_N-LR,,2S 0918-549,2050450121,NS,0.6072441916170869,0.6072441916170869,0.5,BH,H_N-LR,hard-like,v11,0.0146421296663521
NICER v12,H_N-LR,,2S 0918-549,3050450170,NS,0.5614146718930766,0.5614146718930766,0.5,BH,H_N-LR,soft-like,v11,0.0124269150133963
NICER v12,H_N-LR,,2S 0918-549,4050450125,NS,0.5945350115398786,0.5945350115398786,0.5,BH,H_N-LR,hard-like,v11,0.0087230265906564
NICER v12,H_N-LR,,2S 0918-549,5050450109,NS,0.581034754718174,0.581034754718174,0.5,BH,H_N-LR,intermediate,v11,0.0152716999893092
NICER v12,H_N-LR,,2S 0918-549,5050450119,NS,0.5695233360523736,0.5695233360523736,0.5,BH,H_N-LR,soft-like,v11,0.0236789099059262
NICER v12,H_N-LR,,4U 0513-40,1050010107,NS,0.5634216575267338,0.5634216575267338,0.5,BH,H_N-LR,soft-like,v11,0.0188570703861914
NICER v12,H_N-LR,,4U 0513-40,1050010111,NS,0.47076509456220406,0.47076509456220406,0.5,NS,H_N-LR,hard-like,v11,0.0219398894295848
NICER v12,H_N-LR,,4U 0614+09,1050020250,NS,0.6065575337999684,0.6065575337999684,0.5,BH,H_N-LR,soft-like,v11,0.0029064226371743
NICER v12,H_N-LR,,4U 0614+09,1050020257,NS,0.6045918232057863,0.6045918232057863,0.5,BH,H_N-LR,soft-like,v11,0.0028903035525695
NICER v12,H_N-LR,,4U 0614+09,5050020207,NS,0.5927439231114602,0.5927439231114602,0.5,BH,H_N-LR,soft-like,v11,0.0016478893605669
NICER v12,H_N-LR,,4U 1246-588,2200970103,NS,0.5403341872139155,0.5403341872139155,0.5,BH,H_N-LR,soft-like,v11,0.0089482092995531
NICER v12,H_N-LR,,4U 1246-588,2200970134,NS,0.5710480570131291,0.5710480570131291,0.5,BH,H_N-LR,hard-like,v11,0.0338899943271333
NICER v12,H_N-LR,,4U 1254-69,2050470130,NS,0.5131363809324702,0.5131363809324702,0.5,BH,H_N-LR,soft-like,v11,0.0133832002972557
NICER v12,H_N-LR,,4U 1254-69,3050470120,NS,0.531618752114131,0.531618752114131,0.5,BH,H_N-LR,soft-like,v11,0.0028313509892325
NICER v12,H_N-LR,,4U 1254-69,3050470164,NS,0.518022615569999,0.518022615569999,0.5,BH,H_N-LR,soft-like,v11,0.0063093508893725
NICER v12,H_N-LR,,4U 1254-69,4050470146,NS,0.5262622238176698,0.5262622238176698,0.5,BH,H_N-LR,soft-like,v11,0.0082877340918632
NICER v12,H_N-LR,,4U 1254-69,4050470163,NS,0.5223623354698487,0.5223623354698487,0.5,BH,H_N-LR,soft-like,v11,0.0150035275800413
NICER v12,H_N-LR,,4U 1254-69,4050470165,NS,0.5183250223482744,0.5183250223482744,0.5,BH,H_N-LR,soft-like,v11,0.0123952905537318
NICER v12,H_N-LR,,4U 1543-624,1050060110,NS,0.1381143243239769,0.1381143243239769,0.5,NS,H_N-LR,hard-like,v11,0.0
NICER v12,H_N-LR,,4U 1608-522,0050070102,NS,0.5137104237967535,0.5137104237967535,0.5,BH,H_N-LR,hard-like,v11,0.0
NICER v12,H_N-LR,,4U 1608-522,2050070103,NS,0.5430620449493404,0.5430620449493404,0.5,BH,H_N-LR,soft-like,v11,0.0
NICER v12,H_N-LR,,4U 1608-522,3657021001,NS,0.4712215421845288,0.4712215421845288,0.5,NS,H_N-LR,soft-like,v11,0.0
NICER v12,H_N-LR,,4U 1608-522,3657022101,NS,0.477853099387061,0.477853099387061,0.5,NS,H_N-LR,soft-like,v11,0.0
NICER v12,H_N-LR,,4U 1608-522,3657023201,NS,0.48434570556636697,0.48434570556636697,0.5,NS,H_N-LR,soft-like,v11,0.0
NICER v12,H_N-LR,,4U 1608-522,3657024301,NS,0.4749271646950176,0.4749271646950176,0.5,NS,H_N-LR,soft-like,v11,0.0
NICER v12,H_N-LR,,4U 1608-522,3657026901,NS,0.5679490444352487,0.5679490444352487,0.5,BH,H_N-LR,soft-like,v11,0.001376859755762
NICER v12,H_N-LR,,4U 1636-536,5050080201,NS,0.49753109987935484,0.49753109987935484,0.5,NS,H_N-LR,hard-like,v11,0.0081333262159599
NICER v12,H_N-LR,,4U 1702-429,2050110102,NS,0.3981004716271348,0.3981004716271348,0.5,NS,H_N-LR,hard-like,v11,0.0044116203849166
NICER v12,H_N-LR,,4U 1702-429,2050110109,NS,0.39878009208858173,0.39878009208858173,0.5,NS,H_N-LR,hard-like,v11,0.0072346855682786
NICER v12,H_N-LR,,4U 1702-429,2050110112,NS,0.3997424666088856,0.3997424666088856,0.5,NS,H_N-LR,hard-like,v11,0.0072276054065125
NICER v12,H_N-LR,,4U 1702-429,2050110123,NS,0.39741947995844334,0.39741947995844334,0.5,NS,H_N-LR,hard-like,v11,0.0365362421711481
NICER v12,H_N-LR,,4U 1702-429,2587030101,NS,0.427970991832223,0.427970991832223,0.5,NS,H_N-LR,hard-like,v11,0.0053160267033174
NICER v12,H_N-LR,,4U 1702-429,2587030104,NS,0.4228532455265671,0.4228532455265671,0.5,NS,H_N-LR,hard-like,v11,0.004181572246117
NICER v12,H_N-LR,,4U 1705-32,4202170108,NS,0.5193947146453607,0.5193947146453607,0.5,BH,H_N-LR,soft-like,v11,0.0077541607543749
NICER v12,H_N-LR,,4U 1705-32,4202170109,NS,0.5355110865332808,0.5355110865332808,0.5,BH,H_N-LR,intermediate,v11,0.0146921374362813
NICER v12,H_N-LR,,4U 1728-34,7050150103,NS,0.25119418966568763,0.25119418966568763,0.5,NS,H_N-LR,hard-like,v11,0.0080079807978517
NICER v12,H_N-LR,,4U 1735-444,3050500108,NS,0.5087985151169508,0.5087985151169508,0.5,BH,H_N-LR,soft-like,v11,0.0005265632031692
NICER v12,H_N-LR,,4U 1812-12,2560010101,NS,0.5314719793000048,0.5314719793000048,0.5,BH,H_N-LR,hard-like,v11,0.0187477651192601
NICER v12,H_N-LR,,4U 1812-12,2560010205,NS,0.5298706183575733,0.5298706183575733,0.5,BH,H_N-LR,hard-like,v11,0.0091805189254098
NICER v12,H_N-LR,,4U 1812-12,3580010105,NS,0.5200020858967467,0.5200020858967467,0.5,BH,H_N-LR,hard-like,v11,0.0097931182877345
NICER v12,H_N-LR,,4U 1812-12,3580010203,NS,0.5271211866941377,0.5271211866941377,0.5,BH,H_N-LR,hard-like,v11,0.0114044061417468
NICER v12,H_N-LR,,4U 1812-12,3580010305,NS,0.5324136467572151,0.5324136467572151,0.5,BH,H_N-LR,hard-like,v11,0.0113712943185189
NICER v12,H_N-LR,,4U 1812-12,3580010313,NS,0.5361297827911701,0.5361297827911701,0.5,BH,H_N-LR,hard-like,v11,0.0238866501277501
NICER v12,H_N-LR,,4U 1812-12,3580010324,NS,0.533756287410791,0.533756287410791,0.5,BH,H_N-LR,hard-like,v11,0.0231614132759462
NICER v12,H_N-LR,,4U 1812-12,4202290105,NS,0.513703393229087,0.513703393229087,0.5,BH,H_N-LR,hard-like,v11,0.028440111957538
NICER v12,H_N-LR,,4U 1820-303,0050300120,NS,0.5100866071473404,0.5100866071473404,0.5,BH,H_N-LR,soft-like,v11,0.0
NICER v12,H_N-LR,,4U 1820-303,1050300129,NS,0.5044826650364833,0.5044826650364833,0.5,BH,H_N-LR,hard-like,v11,0.0
NICER v12,H_N-LR,,4U 1820-303,3050300101,NS,0.5397025285875208,0.5397025285875208,0.5,BH,H_N-LR,soft-like,v11,0.0
NICER v12,H_N-LR,,4U 1820-303,4050300102,NS,0.5417190707020383,0.5417190707020383,0.5,BH,H_N-LR,hard-like,v11,0.0016745189412201
NICER v12,H_N-LR,,4U 1820-303,4680010127,NS,0.5085499935189394,0.5085499935189394,0.5,BH,H_N-LR,soft-like,v11,0.0
NICER v12,H_N-LR,,4U 1820-303,5604010304,NS,0.49591048788810416,0.49591048788810416,0.5,NS,H_N-LR,soft-like,v11,0.0
NICER v12,H_N-LR,,4U 1820-303,6050300102,NS,0.5393384278512896,0.5393384278512896,0.5,BH,H_N-LR,soft-like,v11,0.0006708342785894
NICER v12,H_N-LR,,4U 1820-303,6677020203,NS,0.5575059840987184,0.5575059840987184,0.5,BH,H_N-LR,soft-like,v11,0.0009696113281444
NICER v12,H_N-LR,,Aql X-1,3050340105,NS,0.5298555725254777,0.5298555725254777,0.5,BH,H_N-LR,hard-like,v11,0.0014722488580962
NICER v12,H_N-LR,,Aql X-1,3050340125,NS,0.5532190099554307,0.5532190099554307,0.5,BH,H_N-LR,soft-like,v11,0.0
NICER v12,H_N-LR,,Aql X-1,4050340109,NS,0.5309763451614657,0.5309763451614657,0.5,BH,H_N-LR,hard-like,v11,0.0072057969974703
NICER v12,H_N-LR,,Aql X-1,6634020110,NS,0.5036689372565561,0.5036689372565561,0.5,BH,H_N-LR,soft-like,v11,0.0
NICER v12,H_N-LR,,Aql X-1,6634020125,NS,0.5185511254515441,0.5185511254515441,0.5,BH,H_N-LR,soft-like,v11,0.0
NICER v12,H_N-LR,,Aql X-1,7675010103,NS,0.4805310332864944,0.4805310332864944,0.5,NS,H_N-LR,hard-like,v11,0.0055106790958617
NICER v12,H_N-LR,,Aql X-1,7050340109,NS,0.5656541364175313,0.5656541364175313,0.5,BH,H_N-LR,soft-like,v11,0.0
NICER v12,H_N-LR,,Cen X-4,1030110105,NS,0.03399884957093713,0.03399884957093711,0.5,NS,H_N-LR,hard-like,v11,0.0
NICER v12,H_N-LR,,Cir X-1,1050050103,NS,0.3850635877783604,0.3850635877783604,0.5,NS,H_N-LR,hard-like,v11,0.0
NICER v12,H_N-LR,,Cir X-1,2050050110,NS,0.12897180241855216,0.12897180241855216,0.5,NS,H_N-LR,soft-like,v11,0.0008198738513681
NICER v12,H_N-LR,,Cir X-1,3578011101,NS,0.29556479345069503,0.29556479345069503,0.5,NS,H_N-LR,soft-like,v11,0.0
NICER v12,H_N-LR,,Cir X-1,3578011502,NS,0.3877112404090804,0.3877112404090804,0.5,NS,H_N-LR,soft-like,v11,0.0
NICER v12,H_N-LR,,Cir X-1,5571030101,NS,0.362023136720019,0.362023136720019,0.5,NS,H_N-LR,soft-like,v11,0.0
NICER v12,H_N-LR,,Cir X-1,5571090102,NS,0.3816426881725473,0.3816426881725473,0.5,NS,H_N-LR,soft-like,v11,0.0
NICER v12,H_N-LR,,Cir X-1,5571170102,NS,0.3879383132639695,0.3879383132639695,0.5,NS,H_N-LR,soft-like,v11,0.0
NICER v12,H_N-LR,,Cir X-1,6689030201,NS,0.3148452125046778,0.3148452125046778,0.5,NS,H_N-LR,soft-like,v11,0.0
NICER v12,H_N-LR,,Cyg X-2,0034150105,NS,0.5272790166952708,0.5272790166952708,0.5,BH,H_N-LR,soft-like,v11,0.0
NICER v12,H_N-LR,,Cyg X-2,1034150119,NS,0.5336594273860847,0.5336594273860847,0.5,BH,H_N-LR,soft-like,v11,0.0
NICER v12,H_N-LR,,Cyg X-2,1034150131,NS,0.5188148512367661,0.5188148512367661,0.5,BH,H_N-LR,soft-like,v11,0.0
NICER v12,H_N-LR,,Cyg X-2,2587020103,NS,0.5336792255114278,0.5336792255114278,0.5,BH,H_N-LR,soft-like,v11,0.0
NICER v12,H_N-LR,,Cyg X-2,5575030102,NS,0.5303259392920977,0.5303259392920977,0.5,BH,H_N-LR,soft-like,v11,0.0
NICER v12,H_N-LR,,Cyg X-2,5575030105,NS,0.5154060807827829,0.5154060807827829,0.5,BH,H_N-LR,soft-like,v11,0.0
NICER v12,H_N-LR,,Cyg X-2,7034150107,NS,0.5133808645044052,0.5133808645044052,0.5,BH,H_N-LR,soft-like,v11,0.0
NICER v12,H_N-LR,,Cyg X-2,7727010101,NS,0.5360131144345893,0.5360131144345893,0.5,BH,H_N-LR,soft-like,v11,0.0
NICER v12,H_N-LR,,EXO 0748-676,7050030105,NS,0.19851159280069608,0.19851159280069605,0.5,NS,H_N-LR,hard-like,v11,0.0586342154873887
NICER v12,H_N-LR,,GRS 1747-312,2050440102,NS,0.33941400757821755,0.33941400757821755,0.5,NS,H_N-LR,soft-like,v11,0.0174427429477151
NICER v12,H_N-LR,,GRS 1747-312,2050440103,NS,0.3425754019782205,0.3425754019782205,0.5,NS,H_N-LR,soft-like,v11,0.0080174992702922
NICER v12,H_N-LR,,GRS 1747-312,2050440105,NS,0.38520915320042465,0.38520915320042465,0.5,NS,H_N-LR,soft-like,v11,0.0548341689445621
NICER v12,H_N-LR,,GRS 1747-312,2050440106,NS,0.3786286041024887,0.3786286041024887,0.5,NS,H_N-LR,soft-like,v11,0.0263090777495756
NICER v12,H_N-LR,,GS 1826-24,1050310107,NS,0.6058960912357969,0.6058960912357969,0.5,BH,H_N-LR,hard-like,v11,0.0
NICER v12,H_N-LR,,GS 1826-24,1050310109,NS,0.5931204696698463,0.5931204696698463,0.5,BH,H_N-LR,hard-like,v11,0.0191945550889278
NICER v12,H_N-LR,,GS 1826-24,1050310115,NS,0.5508675374069989,0.5508675374069989,0.5,BH,H_N-LR,hard-like,v11,0.0
NICER v12,H_N-LR,,GS 1826-24,2050310102,NS,0.5576219132281689,0.5576219132281689,0.5,BH,H_N-LR,soft-like,v11,0.0
NICER v12,H_N-LR,,GS 1826-24,5050310101,NS,0.5620817263740122,0.5620817263740122,0.5,BH,H_N-LR,soft-like,v11,0.0
NICER v12,H_N-LR,,GS 1826-24,5050310103,NS,0.5427947235931438,0.5427947235931438,0.5,BH,H_N-LR,soft-like,v11,0.0
NICER v12,H_N-LR,,GX 13+1,1108020101,NS,0.36194009229397367,0.36194009229397367,0.5,NS,H_N-LR,hard-like,v11,0.0
NICER v12,H_N-LR,,GX 13+1,1108020106,NS,0.365013117973306,0.365013117973306,0.5,NS,H_N-LR,soft-like,v11,0.0
NICER v12,H_N-LR,,GX 13+1,5670010103,NS,0.3350230708190851,0.3350230708190851,0.5,NS,H_N-LR,soft-like,v11,0.0
NICER v12,H_N-LR,,GX 13+1,5670010302,NS,0.3668182682125586,0.3668182682125586,0.5,NS,H_N-LR,soft-like,v11,0.0
NICER v12,H_N-LR,,GX 13+1,5670010405,NS,0.3495551520784536,0.3495551520784536,0.5,NS,H_N-LR,soft-like,v11,0.0
NICER v12,H_N-LR,,GX 13+1,5670010408,NS,0.3502985511920285,0.3502985511920285,0.5,NS,H_N-LR,soft-like,v11,0.0
NICER v12,H_N-LR,,GX 13+1,7701010102,NS,0.3575317066352854,0.3575317066352854,0.5,NS,H_N-LR,soft-like,v11,0.0
NICER v12,H_N-LR,,GX 13+1,7108020102,NS,0.3493325610855264,0.3493325610855264,0.5,NS,H_N-LR,soft-like,v11,0.0
NICER v12,H_N-LR,,GX 17+2,1050410105,NS,0.32299717154765434,0.32299717154765434,0.5,NS,H_N-LR,soft-like,v11,0.0
NICER v12,H_N-LR,,GX 17+2,1050410111,NS,0.3445573123303069,0.3445573123303069,0.5,NS,H_N-LR,intermediate,v11,0.0
NICER v12,H_N-LR,,GX 17+2,1050410116,NS,0.3549009812896705,0.3549009812896705,0.5,NS,H_N-LR,soft-like,v11,0.0
NICER v12,H_N-LR,,GX 17+2,1050410123,NS,0.3586121697297017,0.3586121697297017,0.5,NS,H_N-LR,soft-like,v11,0.0
NICER v12,H_N-LR,,GX 17+2,3050410101,NS,0.29155813185829693,0.29155813185829693,0.5,NS,H_N-LR,soft-like,v11,0.0
NICER v12,H_N-LR,,GX 17+2,3050410104,NS,0.35314475532530504,0.35314475532530504,0.5,NS,H_N-LR,soft-like,v11,0.0
NICER v12,H_N-LR,,GX 17+2,7050410102,NS,0.36189968689812246,0.36189968689812246,0.5,NS,H_N-LR,soft-like,v11,0.0
NICER v12,H_N-LR,,GX 17+2,7050410104,NS,0.33988620580499096,0.33988620580499096,0.5,NS,H_N-LR,soft-like,v11,0.0
NICER v12,H_N-LR,,IGR J17498-2921,6560010101,NS,0.42694448000811763,0.42694448000811763,0.5,NS,H_N-LR,hard-like,v11,0.0044531988833761
NICER v12,H_N-LR,,IGR J17498-2921,6560010102,NS,0.4233077395150989,0.4233077395150989,0.5,NS,H_N-LR,hard-like,v11,0.0049855790476915
NICER v12,H_N-LR,,IGR J17498-2921,6560010107,NS,0.4316153822995391,0.4316153822995391,0.5,NS,H_N-LR,intermediate,v11,0.0087079029629471
NICER v12,H_N-LR,,IGR J17498-2921,6560010110,NS,0.40748591293403685,0.40748591293403685,0.5,NS,H_N-LR,hard-like,v11,0.0114504532121108
NICER v12,H_N-LR,,IGR J17498-2921,6560010112,NS,0.4434573164815089,0.4434573164815089,0.5,NS,H_N-LR,intermediate,v11,0.0088658874796025
NICER v12,H_N-LR,,IGR J17511-3057,7050380101,NS,0.46789927944319515,0.46789927944319515,0.5,NS,H_N-LR,hard-like,v11,0.0197631834130595
NICER v12,H_N-LR,,IGR J17511-3057,7512010101,NS,0.46832621362097093,0.46832621362097093,0.5,NS,H_N-LR,hard-like,v11,0.0207195367198595
NICER v12,H_N-LR,,IGR J17511-3057,7512010102,NS,0.4655237945989022,0.4655237945989022,0.5,NS,H_N-LR,hard-like,v11,0.0224916404305376
NICER v12,H_N-LR,,M15 X-2,5034140104,NS,0.5862830671173259,0.5862830671173259,0.5,BH,H_N-LR,soft-like,v11,0.0089248893969179
NICER v12,H_N-LR,,M15 X-2,5034140108,NS,0.6016378707595271,0.6016378707595271,0.5,BH,H_N-LR,soft-like,v11,0.0048734331767446
NICER v12,H_N-LR,,M15 X-2,5034140114,NS,0.5946291218824363,0.5946291218824363,0.5,BH,H_N-LR,soft-like,v11,0.0046203910659581
NICER v12,H_N-LR,,M15 X-2,5034140117,NS,0.597167934292266,0.597167934292266,0.5,BH,H_N-LR,soft-like,v11,0.0047729065285814
NICER v12,H_N-LR,,M15 X-2,5034140125,NS,0.5874754840575835,0.5874754840575835,0.5,BH,H_N-LR,soft-like,v11,0.004755563651913
NICER v12,H_N-LR,,M15 X-2,5034140129,NS,0.5918216001195006,0.5918216001195006,0.5,BH,H_N-LR,soft-like,v11,0.0072577708935728
NICER v12,H_N-LR,,M15 X-2,5034140136,NS,0.5980991055655279,0.5980991055655279,0.5,BH,H_N-LR,soft-like,v11,0.0078459533255718
NICER v12,H_N-LR,,MAXI J1807+132,2200840101,NS,0.6059809756945059,0.6059809756945059,0.5,BH,H_N-LR,hard-like,v11,0.0078733231222578
NICER v12,H_N-LR,,MAXI J1807+132,6634010101,NS,0.598919305686254,0.598919305686254,0.5,BH,H_N-LR,hard-like,v11,0.0061573070236782
NICER v12,H_N-LR,,MAXI J1807+132,6634010103,NS,0.6010628740094782,0.6010628740094782,0.5,BH,H_N-LR,hard-like,v11,0.0056808924567886
NICER v12,H_N-LR,,MAXI J1807+132,6634010105,NS,0.5981844516640428,0.5981844516640428,0.5,BH,H_N-LR,hard-like,v11,0.00918826086675
NICER v12,H_N-LR,,MAXI J1807+132,6634010109,NS,0.6172448290132732,0.6172448290132732,0.5,BH,H_N-LR,hard-like,v11,0.0120915530607451
NICER v12,H_N-LR,,MAXI J1807+132,6634010111,NS,0.6115202842840983,0.6115202842840983,0.5,BH,H_N-LR,hard-like,v11,0.0103056320110419
NICER v12,H_N-LR,,MXB 1730-335,3200100104,NS,0.24663825201653977,0.24663825201653974,0.5,NS,H_N-LR,hard-like,v11,0.004569639649686
NICER v12,H_N-LR,,MXB 1730-335,3200100111,NS,0.23236582283462232,0.23236582283462232,0.5,NS,H_N-LR,hard-like,v11,0.0115641336607681
NICER v12,H_N-LR,,SAX J1747.0-2853,5200600101,NS,0.09121914233254758,0.09121914233254758,0.5,NS,H_N-LR,soft-like,v11,0.0017292552963959
NICER v12,H_N-LR,,SAX J1747.0-2853,5200600102,NS,0.08142984823336541,0.0814298482333654,0.5,NS,H_N-LR,soft-like,v11,0.0016646680583872
NICER v12,H_N-LR,,SAX J1747.0-2853,5200600103,NS,0.09505688321482342,0.0950568832148234,0.5,NS,H_N-LR,soft-like,v11,0.0021140228311653
NICER v12,H_N-LR,,SAX J1747.0-2853,5200600104,NS,0.09258362869845194,0.09258362869845195,0.5,NS,H_N-LR,soft-like,v11,0.0061654250228775
NICER v12,H_N-LR,,SAX J1808.4-3658,2584010101,NS,0.6058236828722376,0.6058236828722376,0.5,BH,H_N-LR,hard-like,v11,0.0314271749773788
NICER v12,H_N-LR,,SAX J1808.4-3658,2584010107,NS,0.6093754996680089,0.6093754996680089,0.5,BH,H_N-LR,hard-like,v11,0.0033675868965244
NICER v12,H_N-LR,,SAX J1808.4-3658,5050260104,NS,0.601693915066303,0.601693915066303,0.5,BH,H_N-LR,hard-like,v11,0.008516920477251
NICER v12,H_N-LR,,SAX J1808.4-3658,5574010103,NS,0.6069255489368518,0.6069255489368518,0.5,BH,H_N-LR,hard-like,v11,0.0089352484689454
NICER v12,H_N-LR,,SAX J1810.8-2609,4200170101,NS,0.5223294128474384,0.5223294128474384,0.5,BH,H_N-LR,hard-like,v11,0.0024281719991886
NICER v12,H_N-LR,,SAX J1810.8-2609,4200170103,NS,0.5173674434896964,0.5173674434896964,0.5,BH,H_N-LR,hard-like,v11,0.0023179510740078
NICER v12,H_N-LR,,SAX J1810.8-2609,4200170105,NS,0.5201596257855544,0.5201596257855544,0.5,BH,H_N-LR,hard-like,v11,0.003174450126308
NICER v12,H_N-LR,,SAX J1810.8-2609,4200170108,NS,0.534151258591096,0.534151258591096,0.5,BH,H_N-LR,hard-like,v11,0.0043408140707855
NICER v12,H_N-LR,,SLX 1732-304,3050560103,NS,0.47990289507095596,0.47990289507095596,0.5,NS,H_N-LR,hard-like,v11,0.0151969399299182
NICER v12,H_N-LR,,SLX 1732-304,3050560107,NS,0.4979582794459275,0.4979582794459275,0.5,NS,H_N-LR,hard-like,v11,0.0118898348355241
NICER v12,H_N-LR,,SLX 1732-304,3050560109,NS,0.5066650780710543,0.5066650780710543,0.5,BH,H_N-LR,hard-like,v11,0.007253439588233
NICER v12,H_N-LR,,SLX 1732-304,6050560101,NS,0.49610017970657344,0.49610017970657344,0.5,NS,H_N-LR,soft-like,v11,0.0033836315835213
NICER v12,H_N-LR,,SLX 1732-304,6050560103,NS,0.5216471299061074,0.5216471299061074,0.5,BH,H_N-LR,soft-like,v11,0.0095266602559786
NICER v12,H_N-LR,,SLX 1732-304,6050560109,NS,0.4986763250824689,0.4986763250824689,0.5,NS,H_N-LR,intermediate,v11,0.0032782073902969
NICER v12,H_N-LR,,SLX 1735-269,3604020101,NS,0.539886045004818,0.539886045004818,0.5,BH,H_N-LR,soft-like,v11,0.0255604731240899
NICER v12,H_N-LR,,SLX 1735-269,3604020102,NS,0.5353343066576178,0.5353343066576178,0.5,BH,H_N-LR,hard-like,v11,0.029283900220656
NICER v12,H_N-LR,,SLX 1735-269,3604020104,NS,0.511310982842052,0.511310982842052,0.5,BH,H_N-LR,soft-like,v11,0.0158701250582401
NICER v12,H_N-LR,,SLX 1735-269,3604020105,NS,0.5368639414096704,0.5368639414096704,0.5,BH,H_N-LR,soft-like,v11,0.0233386333383054
NICER v12,H_N-LR,,Ser X-1,0050320107,NS,0.5397570921904353,0.5397570921904353,0.5,BH,H_N-LR,soft-like,v11,0.0
NICER v12,H_N-LR,,Ser X-1,1050320104,NS,0.5315977824230579,0.5315977824230579,0.5,BH,H_N-LR,soft-like,v11,0.0
NICER v12,H_N-LR,,Ser X-1,1050320108,NS,0.5152717616416508,0.5152717616416508,0.5,BH,H_N-LR,soft-like,v11,0.0
NICER v12,H_N-LR,,Ser X-1,1050320114,NS,0.51423019898613,0.51423019898613,0.5,BH,H_N-LR,soft-like,v11,0.0
NICER v12,H_N-LR,,Ser X-1,1050320117,NS,0.5529048190077347,0.5529048190077347,0.5,BH,H_N-LR,hard-like,v11,0.0
NICER v12,H_N-LR,,Ser X-1,6648010102,NS,0.5314482048090754,0.5314482048090754,0.5,BH,H_N-LR,soft-like,v11,0.0
NICER v12,H_N-LR,,Ser X-1,6050320101,NS,0.46988001502653043,0.46988001502653043,0.5,NS,H_N-LR,soft-like,v11,0.000834287959033
NICER v12,H_N-LR,,Swift J1749.4-2807,4658010102,NS,0.4489133868487618,0.4489133868487618,0.5,NS,H_N-LR,soft-like,v11,0.0163471917924303
NICER v12,H_N-LR,,Swift J1749.4-2807,4658010103,NS,0.41300915511830194,0.41300915511830194,0.5,NS,H_N-LR,hard-like,v11,0.0188510851055954
NICER v12,H_N-LR,,Swift J1858.6-0814,3592010502,NS,0.5158368233325712,0.5158368233325712,0.5,BH,H_N-LR,soft-like,v11,0.005062478333087
NICER v12,H_N-LR,,Swift J1858.6-0814,3200400121,NS,0.5434035943666504,0.5434035943666504,0.5,BH,H_N-LR,intermediate,v11,0.0121355357983128
NICER v12,H_N-LR,,XMMU J181227.8-181234,3050550103,NS,0.01637527582592735,0.01637527582592737,0.5,NS,H_N-LR,soft-like,v11,0.00515778242185
NICER v12,H_N-LR,,XMMU J181227.8-181234,3050550108,NS,0.025739063735577994,0.025739063735577994,0.5,NS,H_N-LR,soft-like,v11,0.0051677429357218
NICER v12,H_N-LR,,XTE J1701-462,5203390105,NS,0.3426581157456157,0.3426581157456157,0.5,NS,H_N-LR,soft-like,v11,0.0
NICER v12,H_N-LR,,XTE J1701-462,5203390112,NS,0.40691645236038215,0.40691645236038215,0.5,NS,H_N-LR,soft-like,v11,0.0
NICER v12,H_N-LR,,XTE J1701-462,5203390118,NS,0.3777906406168745,0.3777906406168745,0.5,NS,H_N-LR,soft-like,v11,0.0
NICER v12,H_N-LR,,XTE J1701-462,5203390151,NS,0.36867243456777715,0.36867243456777715,0.5,NS,H_N-LR,soft-like,v11,0.0006191936779948
NICER v12,H_N-LR,,XTE J1701-462,5203390157,NS,0.34147974881409127,0.34147974881409127,0.5,NS,H_N-LR,soft-like,v11,0.0029657683987859
NICER v12,H_N-LR,,XTE J1701-462,6203390104,NS,0.3932618616392301,0.3932618616392301,0.5,NS,H_N-LR,soft-like,v11,0.0193103304140204
NICER v12,H_N-LR,,XTE J1701-462,6203390110,NS,0.43395026553035665,0.43395026553035665,0.5,NS,H_N-LR,intermediate,v11,0.0744641939945034
NICER v12,H_N-LR,,XTE J1709-267,1050130110,NS,0.07461221877335761,0.07461221877335762,0.5,NS,H_N-LR,hard-like,v11,0.0
NICER v12,H_N-LR,,XTE J1739-285,2050280107,NS,0.37847997345426937,0.37847997345426937,0.5,NS,H_N-LR,soft-like,v11,0.0008770840766629
NICER v12,H_N-LR,,XTE J1739-285,2050280131,NS,0.3905509963467662,0.3905509963467662,0.5,NS,H_N-LR,hard-like,v11,0.0106024974188111
NICER v12,H_N-LR,,XTE J1739-285,3050280111,NS,0.5173412420047312,0.5173412420047312,0.5,BH,H_N-LR,hard-like,v11,0.0067469394392473
NICER v12,H_N-LR,,XTE J1739-285,3050280135,NS,0.4305435657562083,0.4305435657562083,0.5,NS,H_N-LR,soft-like,v11,0.0011165552747018
NICER v12,H_N-LR,,XTE J1739-285,3050280147,NS,0.4088057537602264,0.4088057537602264,0.5,NS,H_N-LR,soft-like,v11,0.0022257187738921
NICER v12,H_N-LR,,XTE J1739-285,3050280162,NS,0.4272240663198515,0.4272240663198515,0.5,NS,H_N-LR,soft-like,v11,0.0012177114001709
NICER v12,H_N-LR,,XTE J1739-285,3050280184,NS,0.41524969458853195,0.41524969458853195,0.5,NS,H_N-LR,hard-like,v11,0.0106141346652441
NICER v12,H_N-LR,,XTE J1810-189,3201750104,NS,0.3350646390103259,0.3350646390103259,0.5,NS,H_N-LR,hard-like,v11,0.0229077963859926
NICER v12,H_N-LR,,XTE J1810-189,3201750107,NS,0.33076565618186976,0.33076565618186976,0.5,NS,H_N-LR,hard-like,v11,0.0132817069937581
NICER v12,H_N-LR,,XTE J1810-189,3201750108,NS,0.32864248347460756,0.32864248347460756,0.5,NS,H_N-LR,hard-like,v11,0.0118033059807758
NICER v12,H_N-LR,,XTE J1810-189,3201750111,NS,0.3062134953709172,0.3062134953709172,0.5,NS,H_N-LR,hard-like,v11,0.0119773117108239
NICER v12,H_N-LR,,XTE J1810-189,3201750112,NS,0.2858219806747481,0.2858219806747481,0.5,NS,H_N-LR,hard-like,v11,0.0226817110789655
NICER v12,H_N-LR,,XTE J1810-189,3201750115,NS,0.3172394876147713,0.3172394876147713,0.5,NS,H_N-LR,hard-like,v11,0.020572428525493
NICER v12,H_N-LR,,XTE J1810-189,6201750102,NS,0.4378279727150864,0.4378279727150864,0.5,NS,H_N-LR,soft-like,v11,0.0291069933305499
NICER v12,H_N+T_N-LR,,Cyg X-1,0100320102,BH,0.6963645207226526,0.6963645207226526,0.5,BH,H_N+T_N-LR,hard-like,v10,0.0
NICER v12,H_N+T_N-LR,,Cyg X-1,2636010102,BH,0.7126797836505906,0.7126797836505906,0.5,BH,H_N+T_N-LR,intermediate,v10,0.0
NICER v12,H_N+T_N-LR,,Cyg X-1,4690020110,BH,0.7137466648227027,0.7137466648227027,0.5,BH,H_N+T_N-LR,hard-like,v10,0.0
NICER v12,H_N+T_N-LR,,Cyg X-1,5100320107,BH,0.7047455912252496,0.7047455912252496,0.5,BH,H_N+T_N-LR,hard-like,v10,0.0
NICER v12,H_N+T_N-LR,,Cyg X-1,5100320118,BH,0.7681672965186307,0.7681672965186307,0.5,BH,H_N+T_N-LR,hard-like,v10,0.0
NICER v12,H_N+T_N-LR,,Cyg X-1,5100320126,BH,0.6682918296293126,0.6682918296293126,0.5,BH,H_N+T_N-LR,hard-like,v10,0.0
NICER v12,H_N+T_N-LR,,Cyg X-1,5607010303,BH,0.7058802861496156,0.7058802861496156,0.5,BH,H_N+T_N-LR,hard-like,v10,0.0
NICER v12,H_N+T_N-LR,,Cyg X-1,7706010110,BH,0.7104595146988903,0.7104595146988903,0.5,BH,H_N+T_N-LR,hard-like,v10,0.0007631414248862
NICER v12,H_N+T_N-LR,,LMC X-1,5100070101,BH,0.6332460602003769,0.6332460602003769,0.5,BH,H_N+T_N-LR,intermediate,v10,0.0121421235274593
NICER v12,H_N+T_N-LR,,LMC X-1,5100070103,BH,0.6088121002048712,0.6088121002048712,0.5,BH,H_N+T_N-LR,intermediate,v10,0.0126005946429904
NICER v12,H_N+T_N-LR,,LMC X-1,5100070105,BH,0.6058549937342858,0.6058549937342858,0.5,BH,H_N+T_N-LR,soft-like,v10,0.0160100988934748
NICER v12,H_N+T_N-LR,,LMC X-1,5100070106,BH,0.6071561271896728,0.6071561271896728,0.5,BH,H_N+T_N-LR,soft-like,v10,0.0076000673698018
NICER v12,H_N+T_N-LR,,LMC X-1,5100070107,BH,0.6136002261025123,0.6136002261025123,0.5,BH,H_N+T_N-LR,soft-like,v10,0.0106434931640091
NICER v12,H_N+T_N-LR,,LMC X-1,5100070108,BH,0.5765411261448526,0.5765411261448526,0.5,BH,H_N+T_N-LR,soft-like,v10,0.0082886819974367
NICER v12,H_N+T_N-LR,,LMC X-1,5100070110,BH,0.6236408837853621,0.6236408837853621,0.5,BH,H_N+T_N-LR,soft-like,v10,0.0130280222101766
NICER v12,H_N+T_N-LR,,LMC X-3,1101010136,BH,0.0009510509543517176,0.0009510509543517308,0.5,NS,H_N+T_N-LR,hard-like,v10,0.016936667835672
NICER v12,H_N+T_N-LR,,LMC X-3,2101010106,BH,0.5788120455858023,0.5788120455858023,0.5,BH,H_N+T_N-LR,soft-like,v10,0.0051012287721918
NICER v12,H_N+T_N-LR,,LMC X-3,3609010301,BH,0.48189835965255484,0.48189835965255484,0.5,NS,H_N+T_N-LR,soft-like,v10,0.008328874507042
NICER v12,H_N+T_N-LR,,LMC X-3,5101010101,BH,0.6555065910218528,0.6555065910218528,0.5,BH,H_N+T_N-LR,soft-like,v10,0.0143447992100679
NICER v12,H_N+T_N-LR,,LMC X-3,6101010109,BH,0.55566698928425,0.55566698928425,0.5,BH,H_N+T_N-LR,soft-like,v10,0.0048228899685555
NICER v12,H_N+T_N-LR,,LMC X-3,7101010102,BH,0.5604874711495795,0.5604874711495795,0.5,BH,H_N+T_N-LR,hard-like,v10,0.0349452173802754
NICER v12,H_N+T_N-LR,,LMC X-3,8101010101,BH,0.0004790388901219633,0.00047903889012197357,0.5,NS,H_N+T_N-LR,hard-like,v10,0.0082384285613297
NICER v12,H_N+T_N-LR,,SAX J1819.3-2525,2200300109,BH,0.4305694755376974,0.4305694755376974,0.5,NS,H_N+T_N-LR,soft-like,v10,0.007895918286627
NICER v12,H_N+T_N-LR,,SAX J1819.3-2525,3200300116,BH,0.28556499952973213,0.28556499952973213,0.5,NS,H_N+T_N-LR,soft-like,v10,0.0152739678288124
NICER v12,H_N+T_N-LR,,SAX J1819.3-2525,4702010103,BH,0.42194793490847754,0.42194793490847754,0.5,NS,H_N+T_N-LR,soft-like,v10,0.0055873899844431
NICER v12,H_N+T_N-LR,,SAX J1819.3-2525,4200300114,BH,0.4847766627190433,0.4847766627190433,0.5,NS,H_N+T_N-LR,soft-like,v10,0.0057679372150985
NICER v12,H_N+T_N-LR,,SAX J1819.3-2525,4200300122,BH,0.46162754467792394,0.46162754467792394,0.5,NS,H_N+T_N-LR,soft-like,v10,0.0033978683725555
NICER v12,H_N+T_N-LR,,SAX J1819.3-2525,7200300114,BH,0.5179171974876159,0.5179171974876159,0.5,BH,H_N+T_N-LR,soft-like,v10,0.0151454101889772
NICER v12,H_N+T_N-LR,,4U 1543-475,4202230114,BH,0.9708172604160027,0.9708172604160027,0.5,BH,H_N+T_N-LR,hard-like,v10,0.0
NICER v12,H_N+T_N-LR,,4U 1543-475,4202230162,BH,0.5766231959955036,0.5766231959955036,0.5,BH,H_N+T_N-LR,soft-like,v10,0.0
NICER v12,H_N+T_N-LR,,4U 1543-475,4202230170,BH,0.5947620846467844,0.5947620846467844,0.5,BH,H_N+T_N-LR,soft-like,v10,0.0
NICER v12,H_N+T_N-LR,,4U 1543-475,4681010101,BH,0.7815527525036615,0.7815527525036615,0.5,BH,H_N+T_N-LR,hard-like,v10,0.0091910249051039
NICER v12,H_N+T_N-LR,,4U 1543-475,5202230222,BH,0.7788158146745786,0.7788158146745786,0.5,BH,H_N+T_N-LR,hard-like,v10,0.0054450814546959
NICER v12,H_N+T_N-LR,,GX 339-4,3133010113,BH,0.7182074602626103,0.7182074602626103,0.5,BH,H_N+T_N-LR,hard-like,v10,0.0046809993471522
NICER v12,H_N+T_N-LR,,GX 339-4,3558011301,BH,0.8040963812249656,0.8040963812249656,0.5,BH,H_N+T_N-LR,hard-like,v10,0.0020196115259884
NICER v12,H_N+T_N-LR,,GX 339-4,4133010115,BH,0.5899292732130893,0.5899292732130893,0.5,BH,H_N+T_N-LR,soft-like,v10,0.0
NICER v12,H_N+T_N-LR,,GX 339-4,4133010165,BH,0.5754672708258606,0.5754672708258606,0.5,BH,H_N+T_N-LR,soft-like,v10,0.0
NICER v12,H_N+T_N-LR,,GX 339-4,4133010243,BH,0.6476952777285788,0.6476952777285788,0.5,BH,H_N+T_N-LR,soft-like,v10,0.0007792523796817
NICER v12,H_N+T_N-LR,,GX 339-4,5133010210,BH,0.772118283331826,0.772118283331826,0.5,BH,H_N+T_N-LR,hard-like,v10,0.0222133775728752
NICER v12,H_N+T_N-LR,,GX 339-4,6133010216,BH,0.5995061544387272,0.5995061544387272,0.5,BH,H_N+T_N-LR,soft-like,v10,0.0
NICER v12,H_N+T_N-LR,,Swift J1727.8-1613,6203980107,BH,0.5987293820820057,0.5987293820820057,0.5,BH,H_N+T_N-LR,hard-like,v10,0.0
NICER v12,H_N+T_N-LR,,Swift J1727.8-1613,6750010301,BH,0.5711983808903922,0.5711983808903922,0.5,BH,H_N+T_N-LR,hard-like,v10,0.0
NICER v12,H_N+T_N-LR,,Swift J1727.8-1613,6203980119,BH,0.5821127276675542,0.5821127276675542,0.5,BH,H_N+T_N-LR,hard-like,v10,0.0
NICER v12,H_N+T_N-LR,,Swift J1727.8-1613,6203980133,BH,0.5637739079295268,0.5637739079295268,0.5,BH,H_N+T_N-LR,soft-like,v10,0.0
NICER v12,H_N+T_N-LR,,Swift J1727.8-1613,6203980146,BH,0.6680353312873538,0.6680353312873538,0.5,BH,H_N+T_N-LR,soft-like,v10,0.0
NICER v12,H_N+T_N-LR,,Swift J1727.8-1613,6588020103,BH,0.6743042077493743,0.6743042077493743,0.5,BH,H_N+T_N-LR,soft-like,v10,0.0015100123186621
NICER v12,H_N+T_N-LR,,Swift J1727.8-1613,6588020104,BH,0.7877744745585479,0.7877744745585479,0.5,BH,H_N+T_N-LR,hard-like,v10,0.0035490781702081
NICER v12,H_N+T_N-LR,,Swift J1727.8-1613,7203980106,BH,0.7185164349149629,0.7185164349149629,0.5,BH,H_N+T_N-LR,hard-like,v10,0.0152865427512046
NICER v12,H_N+T_N-LR,,MAXI J1820+070,1200120116,BH,0.7151705554308471,0.7151705554308471,0.5,BH,H_N+T_N-LR,hard-like,v10,0.0
NICER v12,H_N+T_N-LR,,MAXI J1820+070,1200120132,BH,0.7590852216606505,0.7590852216606505,0.5,BH,H_N+T_N-LR,hard-like,v10,0.0
NICER v12,H_N+T_N-LR,,MAXI J1820+070,1200120173,BH,0.7623427316487563,0.7623427316487563,0.5,BH,H_N+T_N-LR,hard-like,v10,0.0
NICER v12,H_N+T_N-LR,,MAXI J1820+070,1200120267,BH,0.7669355836594854,0.7669355836594854,0.5,BH,H_N+T_N-LR,hard-like,v10,0.0
NICER v12,H_N+T_N-LR,,MAXI J1820+070,2200120308,BH,0.7341812022040887,0.7341812022040887,0.5,BH,H_N+T_N-LR,hard-like,v10,0.0092881607692578
NICER v12,H_N+T_N-LR,,MAXI J1820+070,2200120309,BH,0.7329601383686386,0.7329601383686386,0.5,BH,H_N+T_N-LR,hard-like,v10,0.0057002912732477
NICER v12,H_N+T_N-LR,,MAXI J1820+070,2200120350,BH,0.7327170387074983,0.7327170387074983,0.5,BH,H_N+T_N-LR,hard-like,v10,0.0228077431371829
NICER v12,H_N+T_N-LR,,GRS 1915+105,0103010107,BH,0.00019267601758488073,0.00019267601758488913,0.5,NS,H_N+T_N-LR,hard-like,v10,0.0
NICER v12,H_N+T_N-LR,,GRS 1915+105,1103010218,BH,0.004226224892171893,0.004226224892171907,0.5,NS,H_N+T_N-LR,hard-like,v10,0.0048688162389097
NICER v12,H_N+T_N-LR,,GRS 1915+105,3103010252,BH,2.2953345127696423e-05,2.295334512771399e-05,0.5,NS,H_N+T_N-LR,soft-like,v10,0.0164741705263055
NICER v12,H_N+T_N-LR,,GRS 1915+105,4103010225,BH,0.00010579440287561415,0.0001057944028756337,0.5,NS,H_N+T_N-LR,hard-like,v10,0.0014946067707724
NICER v12,H_N+T_N-LR,,GRS 1915+105,4647012701,BH,0.007436637072560315,0.007436637072560331,0.5,NS,H_N+T_N-LR,hard-like,v10,0.0022718824236472
NICER v12,H_N+T_N-LR,,1A 1744-361,5202800107,NS,0.42043461825275086,0.42043461825275086,0.5,NS,H_N+T_N-LR,soft-like,v10,0.0020581157580895
NICER v12,H_N+T_N-LR,,1A 1744-361,5202800112,NS,0.4234884804272486,0.4234884804272486,0.5,NS,H_N+T_N-LR,soft-like,v10,0.001675001010078
NICER v12,H_N+T_N-LR,,1A 1744-361,5202800128,NS,0.3647696850627555,0.3647696850627555,0.5,NS,H_N+T_N-LR,soft-like,v10,0.0047951899410038
NICER v12,H_N+T_N-LR,,1A 1744-361,5202800141,NS,0.372800654434374,0.372800654434374,0.5,NS,H_N+T_N-LR,soft-like,v10,0.0035864516327786
NICER v12,H_N+T_N-LR,,1A 1744-361,5202800144,NS,0.5897589875309778,0.5897589875309778,0.5,BH,H_N+T_N-LR,intermediate,v10,0.0075781290532689
NICER v12,H_N+T_N-LR,,1A 1744-361,7202800102,NS,0.6083088057581885,0.6083088057581885,0.5,BH,H_N+T_N-LR,hard-like,v10,0.0275324134132384
NICER v12,H_N+T_N-LR,,1A 1744-361,7202800106,NS,0.3929335567699964,0.3929335567699964,0.5,NS,H_N+T_N-LR,soft-like,v10,0.0053252466430105
NICER v12,H_N+T_N-LR,,2S 0918-549,3050450124,NS,0.39962847589552647,0.39962847589552647,0.5,NS,H_N+T_N-LR,hard-like,v10,0.0252537683138424
NICER v12,H_N+T_N-LR,,2S 0918-549,3050450169,NS,0.4493054913632257,0.4493054913632257,0.5,NS,H_N+T_N-LR,intermediate,v10,0.0303620248106876
NICER v12,H_N+T_N-LR,,2S 0918-549,4050450150,NS,0.4674098007753997,0.4674098007753997,0.5,NS,H_N+T_N-LR,soft-like,v10,0.0274014458457433
NICER v12,H_N+T_N-LR,,2S 0918-549,5050450128,NS,0.5469916895944125,0.5469916895944125,0.5,BH,H_N+T_N-LR,intermediate,v10,0.0065716783807679
NICER v12,H_N+T_N-LR,,2S 0918-549,5050450152,NS,0.6564503563475937,0.6564503563475937,0.5,BH,H_N+T_N-LR,hard-like,v10,0.0138061022047038
NICER v12,H_N+T_N-LR,,4U 0513-40,1050010106,NS,0.4854247741965698,0.4854247741965698,0.5,NS,H_N+T_N-LR,soft-like,v10,0.0199047580790098
NICER v12,H_N+T_N-LR,,4U 0513-40,1050010108,NS,0.41240446808154474,0.41240446808154474,0.5,NS,H_N+T_N-LR,intermediate,v10,0.0319582779348734
NICER v12,H_N+T_N-LR,,4U 0513-40,1050010109,NS,0.43790614909237835,0.43790614909237835,0.5,NS,H_N+T_N-LR,soft-like,v10,0.0287960452110688
NICER v12,H_N+T_N-LR,,4U 0513-40,1050010112,NS,0.4927150234757861,0.4927150234757861,0.5,NS,H_N+T_N-LR,soft-like,v10,0.0209886067130525
NICER v12,H_N+T_N-LR,,4U 0614+09,5050020204,NS,0.5722306639545462,0.5722306639545462,0.5,BH,H_N+T_N-LR,hard-like,v10,0.0035412644771195
NICER v12,H_N+T_N-LR,,4U 0614+09,5050020226,NS,0.46327309989410953,0.46327309989410953,0.5,NS,H_N+T_N-LR,soft-like,v10,0.0014320898321043
NICER v12,H_N+T_N-LR,,4U 1246-588,2200970102,NS,0.5194985307861979,0.5194985307861979,0.5,BH,H_N+T_N-LR,hard-like,v10,0.0127727105751519
NICER v12,H_N+T_N-LR,,4U 1246-588,8200970113,NS,0.05360664729033682,0.053606647290336824,0.5,NS,H_N+T_N-LR,hard-like,v10,0.1938382640231896
NICER v12,H_N+T_N-LR,,4U 1246-588,8200970115,NS,0.010751017118485418,0.010751017118485426,0.5,NS,H_N+T_N-LR,hard-like,v10,0.0
NICER v12,H_N+T_N-LR,,4U 1254-69,3050470108,NS,0.41848072124093477,0.41848072124093477,0.5,NS,H_N+T_N-LR,soft-like,v10,0.0086244000311583
NICER v12,H_N+T_N-LR,,4U 1254-69,3050470110,NS,0.373366667377367,0.373366667377367,0.5,NS,H_N+T_N-LR,soft-like,v10,0.0053910586182249
NICER v12,H_N+T_N-LR,,4U 1254-69,3050470160,NS,0.34098618680134274,0.34098618680134274,0.5,NS,H_N+T_N-LR,soft-like,v10,0.0037980657897977
NICER v12,H_N+T_N-LR,,4U 1254-69,4050470135,NS,0.3530313757689496,0.3530313757689496,0.5,NS,H_N+T_N-LR,soft-like,v10,0.0060160259946749
NICER v12,H_N+T_N-LR,,4U 1254-69,4050470160,NS,0.3811361262237679,0.3811361262237679,0.5,NS,H_N+T_N-LR,intermediate,v10,0.0182210558699989
NICER v12,H_N+T_N-LR,,4U 1254-69,5050470121,NS,0.3475894856653604,0.3475894856653604,0.5,NS,H_N+T_N-LR,soft-like,v10,0.0033138520578702
NICER v12,H_N+T_N-LR,,4U 1254-69,5050470125,NS,0.41501779318432175,0.41501779318432175,0.5,NS,H_N+T_N-LR,soft-like,v10,0.0145953143696027
NICER v12,H_N+T_N-LR,,4U 1543-624,3604010101,NS,0.5062980500087261,0.5062980500087261,0.5,BH,H_N+T_N-LR,hard-like,v10,0.008505861752927
NICER v12,H_N+T_N-LR,,4U 1608-522,1050070128,NS,0.3908991684101806,0.3908991684101806,0.5,NS,H_N+T_N-LR,soft-like,v10,0.0
NICER v12,H_N+T_N-LR,,4U 1608-522,2050070108,NS,0.4975750594466604,0.4975750594466604,0.5,NS,H_N+T_N-LR,hard-like,v10,0.0061183546343721
NICER v12,H_N+T_N-LR,,4U 1608-522,3657020901,NS,0.3380045022221168,0.3380045022221168,0.5,NS,H_N+T_N-LR,soft-like,v10,0.0
NICER v12,H_N+T_N-LR,,4U 1608-522,3657021501,NS,0.34617436045977806,0.34617436045977806,0.5,NS,H_N+T_N-LR,soft-like,v10,0.0
NICER v12,H_N+T_N-LR,,4U 1608-522,3657023001,NS,0.36521722206259627,0.36521722206259627,0.5,NS,H_N+T_N-LR,soft-like,v10,0.0
NICER v12,H_N+T_N-LR,,4U 1608-522,3657024701,NS,0.36630222027797466,0.36630222027797466,0.5,NS,H_N+T_N-LR,soft-like,v10,0.0
NICER v12,H_N+T_N-LR,,4U 1608-522,3657027601,NS,0.5261890514776295,0.5261890514776295,0.5,BH,H_N+T_N-LR,hard-like,v10,0.0115361432364594
NICER v12,H_N+T_N-LR,,4U 1636-536,2050080212,NS,0.48145243279196714,0.48145243279196714,0.5,NS,H_N+T_N-LR,hard-like,v10,0.019779554513342
NICER v12,H_N+T_N-LR,,4U 1702-429,2050110108,NS,0.511731432415252,0.511731432415252,0.5,BH,H_N+T_N-LR,hard-like,v10,0.0086607646878457
NICER v12,H_N+T_N-LR,,4U 1702-429,2050110115,NS,0.49185485868549417,0.49185485868549417,0.5,NS,H_N+T_N-LR,hard-like,v10,0.0191135030992613
NICER v12,H_N+T_N-LR,,4U 1702-429,2050110124,NS,0.4821698243867225,0.4821698243867225,0.5,NS,H_N+T_N-LR,hard-like,v10,0.0498180386996004
NICER v12,H_N+T_N-LR,,4U 1702-429,2587030102,NS,0.460947691127727,0.460947691127727,0.5,NS,H_N+T_N-LR,hard-like,v10,0.0048513912400534
NICER v12,H_N+T_N-LR,,4U 1702-429,2587030103,NS,0.44740528222231274,0.44740528222231274,0.5,NS,H_N+T_N-LR,hard-like,v10,0.0042227228773417
NICER v12,H_N+T_N-LR,,4U 1705-32,4202170107,NS,0.33932747660639223,0.33932747660639223,0.5,NS,H_N+T_N-LR,soft-like,v10,0.0064582493335746
NICER v12,H_N+T_N-LR,,4U 1705-32,4202170110,NS,0.36859410197147224,0.36859410197147224,0.5,NS,H_N+T_N-LR,soft-like,v10,0.0209829008289777
NICER v12,H_N+T_N-LR,,4U 1705-32,4202170111,NS,0.30917080493471155,0.30917080493471155,0.5,NS,H_N+T_N-LR,soft-like,v10,0.0172511491940371
NICER v12,H_N+T_N-LR,,4U 1705-44,1050120113,NS,0.3023230931894657,0.3023230931894657,0.5,NS,H_N+T_N-LR,soft-like,v10,0.0
NICER v12,H_N+T_N-LR,,4U 1705-44,1050120115,NS,0.2656991999519867,0.2656991999519867,0.5,NS,H_N+T_N-LR,soft-like,v10,0.0
NICER v12,H_N+T_N-LR,,4U 1705-44,2050120102,NS,0.2548348193704258,0.2548348193704258,0.5,NS,H_N+T_N-LR,soft-like,v10,0.0
NICER v12,H_N+T_N-LR,,4U 1705-44,2050120103,NS,0.27249393953127155,0.27249393953127155,0.5,NS,H_N+T_N-LR,soft-like,v10,0.0
NICER v12,H_N+T_N-LR,,4U 1705-44,3050120101,NS,0.3603955737500158,0.3603955737500158,0.5,NS,H_N+T_N-LR,soft-like,v10,0.0013007160459805
NICER v12,H_N+T_N-LR,,4U 1705-44,3050120102,NS,0.3538051887696391,0.3538051887696391,0.5,NS,H_N+T_N-LR,soft-like,v10,0.0008769785443226
NICER v12,H_N+T_N-LR,,4U 1705-44,3050120104,NS,0.36391795879773103,0.36391795879773103,0.5,NS,H_N+T_N-LR,soft-like,v10,0.0034488256335628
NICER v12,H_N+T_N-LR,,4U 1705-44,3050120105,NS,0.3180019420890277,0.3180019420890277,0.5,NS,H_N+T_N-LR,soft-like,v10,0.0026487061059071
NICER v12,H_N+T_N-LR,,4U 1722-30,7402780101,NS,0.48890947792407485,0.48890947792407485,0.5,NS,H_N+T_N-LR,intermediate,v10,0.0091432737998474
NICER v12,H_N+T_N-LR,,4U 1728-34,2587010101,NS,0.2882586773559852,0.2882586773559852,0.5,NS,H_N+T_N-LR,soft-like,v10,0.0020013682146331
NICER v12,H_N+T_N-LR,,4U 1728-34,2587010103,NS,0.26057746402696924,0.26057746402696924,0.5,NS,H_N+T_N-LR,soft-like,v10,0.0049376630795571
NICER v12,H_N+T_N-LR,,4U 1735-444,3050500102,NS,0.36170737875344794,0.36170737875344794,0.5,NS,H_N+T_N-LR,soft-like,v10,0.0006749138622322
NICER v12,H_N+T_N-LR,,4U 1735-444,4050500101,NS,0.4296548866055875,0.4296548866055875,0.5,NS,H_N+T_N-LR,soft-like,v10,0.000837680783967
NICER v12,H_N+T_N-LR,,4U 1735-444,4050500102,NS,0.3996867288489251,0.3996867288489251,0.5,NS,H_N+T_N-LR,soft-like,v10,0.000887150822295
NICER v12,H_N+T_N-LR,,4U 1735-444,4050500104,NS,0.37384437277040217,0.37384437277040217,0.5,NS,H_N+T_N-LR,soft-like,v10,0.0
NICER v12,H_N+T_N-LR,,4U 1735-444,5050500101,NS,0.39841651414641926,0.39841651414641926,0.5,NS,H_N+T_N-LR,soft-like,v10,0.0034225847878715
NICER v12,H_N+T_N-LR,,4U 1735-444,7700030101,NS,0.35506635875046594,0.35506635875046594,0.5,NS,H_N+T_N-LR,soft-like,v10,0.0018392799145878
NICER v12,H_N+T_N-LR,,4U 1812-12,2560010103,NS,0.6322668405971176,0.6322668405971176,0.5,BH,H_N+T_N-LR,hard-like,v10,0.0198798615000098
NICER v12,H_N+T_N-LR,,4U 1812-12,2560010203,NS,0.6206844585897916,0.6206844585897916,0.5,BH,H_N+T_N-LR,hard-like,v10,0.0139837810431001
NICER v12,H_N+T_N-LR,,4U 1812-12,3580010103,NS,0.6084706217745074,0.6084706217745074,0.5,BH,H_N+T_N-LR,hard-like,v10,0.0114786715172329
NICER v12,H_N+T_N-LR,,4U 1812-12,3580010205,NS,0.60890804854965,0.60890804854965,0.5,BH,H_N+T_N-LR,hard-like,v10,0.0128873844052001
NICER v12,H_N+T_N-LR,,4U 1812-12,3580010310,NS,0.6140709082743319,0.6140709082743319,0.5,BH,H_N+T_N-LR,hard-like,v10,0.0150131123869546
NICER v12,H_N+T_N-LR,,4U 1812-12,3580010317,NS,0.6312032145866932,0.6312032145866932,0.5,BH,H_N+T_N-LR,hard-like,v10,0.0175077730384775
NICER v12,H_N+T_N-LR,,4U 1812-12,3580010325,NS,0.6082922179610943,0.6082922179610943,0.5,BH,H_N+T_N-LR,hard-like,v10,0.0336569192241159
NICER v12,H_N+T_N-LR,,4U 1812-12,4202290104,NS,0.5928698477465335,0.5928698477465335,0.5,BH,H_N+T_N-LR,hard-like,v10,0.0351193686222338
NICER v12,H_N+T_N-LR,,4U 1820-303,1050300121,NS,0.426214350954213,0.426214350954213,0.5,NS,H_N+T_N-LR,hard-like,v10,0.0
NICER v12,H_N+T_N-LR,,4U 1820-303,2050300120,NS,0.4709415977668263,0.4709415977668263,0.5,NS,H_N+T_N-LR,intermediate,v10,0.0019740153848252
NICER v12,H_N+T_N-LR,,4U 1820-303,4680010103,NS,0.4760900689000083,0.4760900689000083,0.5,NS,H_N+T_N-LR,soft-like,v10,0.0007599885484804
NICER v12,H_N+T_N-LR,,4U 1820-303,4680010119,NS,0.4468070825172592,0.4468070825172592,0.5,NS,H_N+T_N-LR,soft-like,v10,0.00156049203956
NICER v12,H_N+T_N-LR,,4U 1820-303,5604010301,NS,0.40874393660722236,0.40874393660722236,0.5,NS,H_N+T_N-LR,soft-like,v10,0.0
NICER v12,H_N+T_N-LR,,4U 1820-303,5604010901,NS,0.4538980587470786,0.4538980587470786,0.5,NS,H_N+T_N-LR,soft-like,v10,0.002240817039707
NICER v12,H_N+T_N-LR,,4U 1820-303,8050300119,NS,0.015984987151070773,0.015984987151070777,0.5,NS,H_N+T_N-LR,hard-like,v10,0.0
NICER v12,H_N+T_N-LR,,4U 1850-086,6403520101,NS,0.3124463971987554,0.3124463971987554,0.5,NS,H_N+T_N-LR,soft-like,v10,0.001889660397849
NICER v12,H_N+T_N-LR,,4U 1850-086,7403520101,NS,0.41143956225053857,0.41143956225053857,0.5,NS,H_N+T_N-LR,soft-like,v10,0.0051980433823055
NICER v12,H_N+T_N-LR,,4U 1850-086,7204410101,NS,0.6110248770612957,0.6110248770612957,0.5,BH,H_N+T_N-LR,hard-like,v10,0.0142641830238315
NICER v12,H_N+T_N-LR,,4U 1850-086,7204410102,NS,0.3992312332944728,0.3992312332944728,0.5,NS,H_N+T_N-LR,soft-like,v10,0.01087041600076
NICER v12,H_N+T_N-LR,,4U 1850-086,7204410103,NS,0.45010628412592324,0.45010628412592324,0.5,NS,H_N+T_N-LR,soft-like,v10,0.0181632046394115
NICER v12,H_N+T_N-LR,,Aql X-1,1050340105,NS,0.45402895578980135,0.45402895578980135,0.5,NS,H_N+T_N-LR,soft-like,v10,0.0
NICER v12,H_N+T_N-LR,,Aql X-1,2050340113,NS,0.4185804059846511,0.4185804059846511,0.5,NS,H_N+T_N-LR,soft-like,v10,0.0
NICER v12,H_N+T_N-LR,,Aql X-1,3050340119,NS,0.5245233133968261,0.5245233133968261,0.5,BH,H_N+T_N-LR,soft-like,v10,0.0016898489326547
NICER v12,H_N+T_N-LR,,Aql X-1,3050340151,NS,0.5694459003249188,0.5694459003249188,0.5,BH,H_N+T_N-LR,hard-like,v10,0.0142859327262776
NICER v12,H_N+T_N-LR,,Aql X-1,6050340101,NS,0.3936721799780159,0.3936721799780159,0.5,NS,H_N+T_N-LR,soft-like,v10,0.0
NICER v12,H_N+T_N-LR,,Aql X-1,6634020121,NS,0.40349684257447144,0.40349684257447144,0.5,NS,H_N+T_N-LR,soft-like,v10,0.0
NICER v12,H_N+T_N-LR,,Aql X-1,6634020142,NS,0.4946815043978231,0.4946815043978231,0.5,NS,H_N+T_N-LR,soft-like,v10,0.0006845376164085
NICER v12,H_N+T_N-LR,,Aql X-1,7050340124,NS,0.5561223662706303,0.5561223662706303,0.5,BH,H_N+T_N-LR,hard-like,v10,0.0130448862147953
NICER v12,H_N+T_N-LR,,Cen X-4,1030110106,NS,0.013004176566462633,0.013004176566462607,0.5,NS,H_N+T_N-LR,hard-like,v10,0.0
NICER v12,H_N+T_N-LR,,Cir X-1,2050050121,NS,0.3659924760684662,0.3659924760684662,0.5,NS,H_N+T_N-LR,soft-like,v10,0.0
NICER v12,H_N+T_N-LR,,Cir X-1,3578010901,NS,0.1298891460407966,0.12988914604079657,0.5,NS,H_N+T_N-LR,soft-like,v10,0.0016937234658217
NICER v12,H_N+T_N-LR,,Cir X-1,3668010102,NS,0.26880838549312747,0.26880838549312747,0.5,NS,H_N+T_N-LR,soft-like,v10,0.0
NICER v12,H_N+T_N-LR,,Cir X-1,5571030102,NS,0.27305931381390836,0.27305931381390836,0.5,NS,H_N+T_N-LR,soft-like,v10,0.0
NICER v12,H_N+T_N-LR,,Cir X-1,5571070102,NS,0.24178448757739252,0.24178448757739252,0.5,NS,H_N+T_N-LR,soft-like,v10,0.0
NICER v12,H_N+T_N-LR,,Cir X-1,6689030101,NS,0.1343979313904481,0.1343979313904481,0.5,NS,H_N+T_N-LR,soft-like,v10,0.0
NICER v12,H_N+T_N-LR,,Cir X-1,6689030202,NS,0.2129128613787244,0.2129128613787244,0.5,NS,H_N+T_N-LR,soft-like,v10,0.0
NICER v12,H_N+T_N-LR,,Cyg X-2,0034150107,NS,0.46062425784058714,0.46062425784058714,0.5,NS,H_N+T_N-LR,soft-like,v10,0.0
NICER v12,H_N+T_N-LR,,Cyg X-2,1034150111,NS,0.44079571926414346,0.44079571926414346,0.5,NS,H_N+T_N-LR,soft-like,v10,0.0
NICER v12,H_N+T_N-LR,,Cyg X-2,1034150134,NS,0.43178687883081185,0.43178687883081185,0.5,NS,H_N+T_N-LR,soft-like,v10,0.0
NICER v12,H_N+T_N-LR,,Cyg X-2,1034150142,NS,0.40922490457984567,0.40922490457984567,0.5,NS,H_N+T_N-LR,soft-like,v10,0.0
NICER v12,H_N+T_N-LR,,Cyg X-2,5034150103,NS,0.4304290007787011,0.4304290007787011,0.5,NS,H_N+T_N-LR,soft-like,v10,0.0
NICER v12,H_N+T_N-LR,,Cyg X-2,7034150103,NS,0.4105681224826507,0.4105681224826507,0.5,NS,H_N+T_N-LR,soft-like,v10,0.0
NICER v12,H_N+T_N-LR,,Cyg X-2,7034150113,NS,0.44425140971434923,0.44425140971434923,0.5,NS,H_N+T_N-LR,soft-like,v10,0.0
NICER v12,H_N+T_N-LR,,Cyg X-2,7034150116,NS,0.4246862464438215,0.4246862464438215,0.5,NS,H_N+T_N-LR,soft-like,v10,0.0
NICER v12,H_N+T_N-LR,,EXO 0748-676,7050030111,NS,0.20171369865694377,0.20171369865694377,0.5,NS,H_N+T_N-LR,hard-like,v10,0.1505311438937236
NICER v12,H_N+T_N-LR,,EXO 0748-676,7050030142,NS,0.35648047026436674,0.35648047026436674,0.5,NS,H_N+T_N-LR,hard-like,v10,0.069997747792287
NICER v12,H_N+T_N-LR,,EXO 0748-676,7050030148,NS,0.10398667829877317,0.1039866782987732,0.5,NS,H_N+T_N-LR,hard-like,v10,0.1070731591501681
NICER v12,H_N+T_N-LR,,GRS 1747-312,2050440104,NS,0.2710618675570514,0.2710618675570514,0.5,NS,H_N+T_N-LR,soft-like,v10,0.0205146276940435
NICER v12,H_N+T_N-LR,,GRS 1747-312,2050440107,NS,0.18895674416168473,0.18895674416168476,0.5,NS,H_N+T_N-LR,soft-like,v10,0.0119501583435484
NICER v12,H_N+T_N-LR,,GRS 1747-312,6739015501,NS,0.21776989324798635,0.21776989324798637,0.5,NS,H_N+T_N-LR,soft-like,v10,0.0165531410588272
NICER v12,H_N+T_N-LR,,GS 1826-24,1050310106,NS,0.49913743609694666,0.49913743609694666,0.5,NS,H_N+T_N-LR,hard-like,v10,0.0
NICER v12,H_N+T_N-LR,,GS 1826-24,1050310116,NS,0.4464918029831979,0.4464918029831979,0.5,NS,H_N+T_N-LR,hard-like,v10,0.0
NICER v12,H_N+T_N-LR,,GS 1826-24,3050310101,NS,0.4660791999844325,0.4660791999844325,0.5,NS,H_N+T_N-LR,soft-like,v10,0.0
NICER v12,H_N+T_N-LR,,GS 1826-24,5050310104,NS,0.4663172385276074,0.4663172385276074,0.5,NS,H_N+T_N-LR,soft-like,v10,0.0
NICER v12,H_N+T_N-LR,,GX 13+1,1108020103,NS,0.30879638128753883,0.30879638128753883,0.5,NS,H_N+T_N-LR,soft-like,v10,0.0
NICER v12,H_N+T_N-LR,,GX 13+1,5670010101,NS,0.27985548112683706,0.27985548112683706,0.5,NS,H_N+T_N-LR,soft-like,v10,0.0
NICER v12,H_N+T_N-LR,,GX 13+1,5670010202,NS,0.2906966757241828,0.2906966757241828,0.5,NS,H_N+T_N-LR,soft-like,v10,0.0
NICER v12,H_N+T_N-LR,,GX 13+1,5670010402,NS,0.2742718594189592,0.2742718594189592,0.5,NS,H_N+T_N-LR,soft-like,v10,0.0
NICER v12,H_N+T_N-LR,,GX 13+1,5670010403,NS,0.28968657270578346,0.28968657270578346,0.5,NS,H_N+T_N-LR,soft-like,v10,0.0
NICER v12,H_N+T_N-LR,,GX 13+1,5670010406,NS,0.2874450276829567,0.2874450276829567,0.5,NS,H_N+T_N-LR,soft-like,v10,0.0
NICER v12,H_N+T_N-LR,,GX 13+1,7701010101,NS,0.3078853667421715,0.3078853667421715,0.5,NS,H_N+T_N-LR,soft-like,v10,0.0
NICER v12,H_N+T_N-LR,,GX 13+1,7108020103,NS,0.2908696465970894,0.2908696465970894,0.5,NS,H_N+T_N-LR,soft-like,v10,0.0
NICER v12,H_N+T_N-LR,,GX 17+2,1050410107,NS,0.25333573428028583,0.25333573428028583,0.5,NS,H_N+T_N-LR,soft-like,v10,0.0
NICER v12,H_N+T_N-LR,,GX 17+2,1050410112,NS,0.24723090949806736,0.24723090949806736,0.5,NS,H_N+T_N-LR,hard-like,v10,0.0
NICER v12,H_N+T_N-LR,,GX 17+2,1050410118,NS,0.25529147538472585,0.25529147538472585,0.5,NS,H_N+T_N-LR,soft-like,v10,0.0
NICER v12,H_N+T_N-LR,,GX 17+2,1050410119,NS,0.2531413868423491,0.2531413868423491,0.5,NS,H_N+T_N-LR,soft-like,v10,0.0
NICER v12,H_N+T_N-LR,,GX 17+2,1050410133,NS,0.24442713574656472,0.2444271357465647,0.5,NS,H_N+T_N-LR,soft-like,v10,0.0
NICER v12,H_N+T_N-LR,,GX 17+2,3050410103,NS,0.26354033120618214,0.26354033120618214,0.5,NS,H_N+T_N-LR,soft-like,v10,0.0
NICER v12,H_N+T_N-LR,,GX 17+2,7050410103,NS,0.24209730044267902,0.24209730044267902,0.5,NS,H_N+T_N-LR,soft-like,v10,0.0
NICER v12,H_N+T_N-LR,,GX 17+2,7050410107,NS,0.2371229563816043,0.2371229563816043,0.5,NS,H_N+T_N-LR,soft-like,v10,0.0
NICER v12,H_N+T_N-LR,,GX 3+1,7700040101,NS,0.27848046964916295,0.27848046964916295,0.5,NS,H_N+T_N-LR,soft-like,v10,0.0
NICER v12,H_N+T_N-LR,,GX 3+1,7700040102,NS,0.2837811531202966,0.2837811531202966,0.5,NS,H_N+T_N-LR,soft-like,v10,0.0006570812636823
NICER v12,H_N+T_N-LR,,GX 3+1,8611010102,NS,0.277532035437896,0.277532035437896,0.5,NS,H_N+T_N-LR,soft-like,v10,0.0
NICER v12,H_N+T_N-LR,,GX 3+1,8611010103,NS,0.2832535332032005,0.2832535332032005,0.5,NS,H_N+T_N-LR,soft-like,v10,0.0
NICER v12,H_N+T_N-LR,,GX 3+1,8611010104,NS,0.2706361920917223,0.2706361920917223,0.5,NS,H_N+T_N-LR,soft-like,v10,0.0
NICER v12,H_N+T_N-LR,,GX 3+1,8611010105,NS,0.2721088452020974,0.2721088452020974,0.5,NS,H_N+T_N-LR,soft-like,v10,0.0
NICER v12,H_N+T_N-LR,,GX 3+1,8611010106,NS,0.2564709371422223,0.2564709371422223,0.5,NS,H_N+T_N-LR,soft-like,v10,0.0
NICER v12,H_N+T_N-LR,,IGR J17062-6143,3034100101,NS,0.6781276947633537,0.6781276947633537,0.5,BH,H_N+T_N-LR,intermediate,v10,0.0195697964075274
NICER v12,H_N+T_N-LR,,IGR J17498-2921,6560010103,NS,0.3098257697996725,0.3098257697996725,0.5,NS,H_N+T_N-LR,intermediate,v10,0.0066282026195262
NICER v12,H_N+T_N-LR,,IGR J17498-2921,6560010105,NS,0.3730796425718258,0.3730796425718258,0.5,NS,H_N+T_N-LR,hard-like,v10,0.0151607229430552
NICER v12,H_N+T_N-LR,,IGR J17498-2921,6560010109,NS,0.3609924115385005,0.3609924115385005,0.5,NS,H_N+T_N-LR,hard-like,v10,0.0137066709674273
NICER v12,H_N+T_N-LR,,IGR J17498-2921,6560010113,NS,0.4648631145221293,0.4648631145221293,0.5,NS,H_N+T_N-LR,hard-like,v10,0.0091888778510323
NICER v12,H_N+T_N-LR,,IGR J17498-2921,6560010124,NS,0.09531985364572915,0.09531985364572917,0.5,NS,H_N+T_N-LR,hard-like,v10,0.1253733786329556
NICER v12,H_N+T_N-LR,,M15 X-2,5034140105,NS,0.43491949656539475,0.43491949656539475,0.5,NS,H_N+T_N-LR,soft-like,v10,0.0073277389929812
NICER v12,H_N+T_N-LR,,M15 X-2,5034140111,NS,0.4153228975276208,0.4153228975276208,0.5,NS,H_N+T_N-LR,soft-like,v10,0.0063067740120082
NICER v12,H_N+T_N-LR,,M15 X-2,5034140122,NS,0.36948839610780987,0.36948839610780987,0.5,NS,H_N+T_N-LR,soft-like,v10,0.0035981742587412
NICER v12,H_N+T_N-LR,,M15 X-2,5034140128,NS,0.5422680888996679,0.5422680888996679,0.5,BH,H_N+T_N-LR,soft-like,v10,0.0071910204558255
NICER v12,H_N+T_N-LR,,M15 X-2,5034140133,NS,0.527096521498963,0.527096521498963,0.5,BH,H_N+T_N-LR,soft-like,v10,0.0056967902927598
NICER v12,H_N+T_N-LR,,MAXI J1807+132,2200840102,NS,0.6591867210467499,0.6591867210467499,0.5,BH,H_N+T_N-LR,hard-like,v10,0.00972546826671
NICER v12,H_N+T_N-LR,,MAXI J1807+132,6200840106,NS,0.641645200656747,0.641645200656747,0.5,BH,H_N+T_N-LR,hard-like,v10,0.0126024049617315
NICER v12,H_N+T_N-LR,,MAXI J1807+132,6634010102,NS,0.6343753319068266,0.6343753319068266,0.5,BH,H_N+T_N-LR,hard-like,v10,0.0060404584837194
NICER v12,H_N+T_N-LR,,MAXI J1807+132,6634010107,NS,0.6206975261757196,0.6206975261757196,0.5,BH,H_N+T_N-LR,hard-like,v10,0.0080187710759328
NICER v12,H_N+T_N-LR,,MAXI J1807+132,6634010108,NS,0.6087685696931313,0.6087685696931313,0.5,BH,H_N+T_N-LR,intermediate,v10,0.0236984581525862
NICER v12,H_N+T_N-LR,,MXB 1730-335,3200100101,NS,0.2037339888109812,0.2037339888109812,0.5,NS,H_N+T_N-LR,soft-like,v10,0.0013896912389399
NICER v12,H_N+T_N-LR,,MXB 1730-335,3200100110,NS,0.9999999999960525,0.9999999999960525,0.5,BH,H_N+T_N-LR,hard-like,v10,0.0078462236557654
NICER v12,H_N+T_N-LR,,MXB 1730-335,3200100112,NS,0.9999999999999996,0.9999999999999996,0.5,BH,H_N+T_N-LR,hard-like,v10,0.0223440883468909
NICER v12,H_N+T_N-LR,,SAX J1747.0-2853,2200600101,NS,0.07647733428500181,0.07647733428500184,0.5,NS,H_N+T_N-LR,soft-like,v10,0.0110656118124459
NICER v12,H_N+T_N-LR,,SAX J1747.0-2853,5200600105,NS,0.056814013501112925,0.05681401350111292,0.5,NS,H_N+T_N-LR,soft-like,v10,0.0027622634843458
NICER v12,H_N+T_N-LR,,SAX J1747.0-2853,5200600106,NS,0.06177589072336248,0.06177589072336249,0.5,NS,H_N+T_N-LR,soft-like,v10,0.0030637401700865
NICER v12,H_N+T_N-LR,,SAX J1747.0-2853,8200600101,NS,0.08799133990884234,0.08799133990884234,0.5,NS,H_N+T_N-LR,soft-like,v10,0.005568656286232
NICER v12,H_N+T_N-LR,,SAX J1747.0-2853,8200600102,NS,0.06724033942101071,0.06724033942101072,0.5,NS,H_N+T_N-LR,soft-like,v10,0.0056677577490407
NICER v12,H_N+T_N-LR,,SAX J1808.4-3658,2584010104,NS,0.7922999763388507,0.7922999763388507,0.5,BH,H_N+T_N-LR,hard-like,v10,0.0177838261430056
NICER v12,H_N+T_N-LR,,SAX J1808.4-3658,2584010109,NS,0.8226757456319636,0.8226757456319636,0.5,BH,H_N+T_N-LR,hard-like,v10,0.0046411964821821
NICER v12,H_N+T_N-LR,,SAX J1810.8-2609,4200170102,NS,0.5883223700806771,0.5883223700806771,0.5,BH,H_N+T_N-LR,hard-like,v10,0.0052188035603059
NICER v12,H_N+T_N-LR,,SAX J1810.8-2609,4200170104,NS,0.5615574730356265,0.5615574730356265,0.5,BH,H_N+T_N-LR,hard-like,v10,0.0039110085459405
NICER v12,H_N+T_N-LR,,SAX J1810.8-2609,4200170106,NS,0.5640166543801706,0.5640166543801706,0.5,BH,H_N+T_N-LR,hard-like,v10,0.0047810730927851
NICER v12,H_N+T_N-LR,,SAX J1810.8-2609,4200170107,NS,0.5761278326865057,0.5761278326865057,0.5,BH,H_N+T_N-LR,hard-like,v10,0.003877166669356
NICER v12,H_N+T_N-LR,,SAX J1810.8-2609,4200170112,NS,0.5370578391391689,0.5370578391391689,0.5,BH,H_N+T_N-LR,hard-like,v10,0.0029950076228777
NICER v12,H_N+T_N-LR,,SAX J1810.8-2609,4200170114,NS,0.5269357244806229,0.5269357244806229,0.5,BH,H_N+T_N-LR,intermediate,v10,0.0027885516437036
NICER v12,H_N+T_N-LR,,SAX J1810.8-2609,4200170116,NS,0.587164021036935,0.587164021036935,0.5,BH,H_N+T_N-LR,hard-like,v10,0.0101812595620719
NICER v12,H_N+T_N-LR,,SLX 1732-304,3050560102,NS,0.592084620776349,0.592084620776349,0.5,BH,H_N+T_N-LR,hard-like,v10,0.0060109793094354
NICER v12,H_N+T_N-LR,,SLX 1732-304,3050560106,NS,0.631574906508484,0.631574906508484,0.5,BH,H_N+T_N-LR,hard-like,v10,0.0073506331185886
NICER v12,H_N+T_N-LR,,SLX 1732-304,3050560108,NS,0.6170664329397694,0.6170664329397694,0.5,BH,H_N+T_N-LR,hard-like,v10,0.0108731477905412
NICER v12,H_N+T_N-LR,,SLX 1732-304,6050560102,NS,0.33398423469985533,0.33398423469985533,0.5,NS,H_N+T_N-LR,soft-like,v10,0.0039225377469331
NICER v12,H_N+T_N-LR,,SLX 1732-304,6050560104,NS,0.32138160706058855,0.32138160706058855,0.5,NS,H_N+T_N-LR,soft-like,v10,0.0194076509895894
NICER v12,H_N+T_N-LR,,SLX 1732-304,6050560106,NS,0.2901015547501091,0.2901015547501091,0.5,NS,H_N+T_N-LR,soft-like,v10,0.016395003879188
NICER v12,H_N+T_N-LR,,SLX 1732-304,8050560104,NS,0.5034500864350328,0.5034500864350328,0.5,BH,H_N+T_N-LR,hard-like,v10,0.0230921190044043
NICER v12,H_N+T_N-LR,,SLX 1732-304,8050560106,NS,0.8296802348474361,0.8296802348474361,0.5,BH,H_N+T_N-LR,hard-like,v10,0.0784152146867813
NICER v12,H_N+T_N-LR,,Ser X-1,0050320109,NS,0.3742261974944147,0.3742261974944147,0.5,NS,H_N+T_N-LR,soft-like,v10,0.0
NICER v12,H_N+T_N-LR,,Ser X-1,1050320103,NS,0.3863854300844274,0.3863854300844274,0.5,NS,H_N+T_N-LR,soft-like,v10,0.0
NICER v12,H_N+T_N-LR,,Ser X-1,1050320111,NS,0.38805612040628473,0.38805612040628473,0.5,NS,H_N+T_N-LR,soft-like,v10,0.0
NICER v12,H_N+T_N-LR,,Ser X-1,1050320116,NS,0.4206805510885655,0.4206805510885655,0.5,NS,H_N+T_N-LR,soft-like,v10,0.0
NICER v12,H_N+T_N-LR,,Ser X-1,1050320118,NS,0.3796304587386061,0.3796304587386061,0.5,NS,H_N+T_N-LR,soft-like,v10,0.0
NICER v12,H_N+T_N-LR,,Ser X-1,6648010101,NS,0.4124965171587167,0.4124965171587167,0.5,NS,H_N+T_N-LR,soft-like,v10,0.0012024032268131
NICER v12,H_N+T_N-LR,,Ser X-1,7700020102,NS,0.38744633131611134,0.38744633131611134,0.5,NS,H_N+T_N-LR,soft-like,v10,0.0
NICER v12,H_N+T_N-LR,,Swift J1749.4-2807,4658010104,NS,0.3496079735210381,0.3496079735210381,0.5,NS,H_N+T_N-LR,intermediate,v10,0.0097974034936417
NICER v12,H_N+T_N-LR,,Swift J1749.4-2807,4658010105,NS,0.283868639334592,0.283868639334592,0.5,NS,H_N+T_N-LR,soft-like,v10,0.008931691800815
NICER v12,H_N+T_N-LR,,Swift J1858.6-0814,3200400112,NS,0.3341555773529335,0.3341555773529335,0.5,NS,H_N+T_N-LR,soft-like,v10,0.0103824165652169
NICER v12,H_N+T_N-LR,,Swift J1858.6-0814,3200400116,NS,0.30784496511740955,0.30784496511740955,0.5,NS,H_N+T_N-LR,soft-like,v10,0.0103864580792879
NICER v12,H_N+T_N-LR,,Swift J1922.7-1716,7204180115,NS,0.005705821763544228,0.005705821763544219,0.5,NS,H_N+T_N-LR,hard-like,v10,0.0
NICER v12,H_N+T_N-LR,,XMMU J181227.8-181234,3050550102,NS,0.007485784018929298,0.007485784018929285,0.5,NS,H_N+T_N-LR,soft-like,v10,0.0031723446311589
NICER v12,H_N+T_N-LR,,XMMU J181227.8-181234,3050550105,NS,0.0074189294832321395,0.007418929483232125,0.5,NS,H_N+T_N-LR,soft-like,v10,0.0046581622144281
NICER v12,H_N+T_N-LR,,XMMU J181227.8-181234,3050550109,NS,0.0071929718735997406,0.00719297187359974,0.5,NS,H_N+T_N-LR,soft-like,v10,0.0038169090424622
NICER v12,H_N+T_N-LR,,XMMU J181227.8-181234,3050550110,NS,0.011588104710613056,0.01158810471061308,0.5,NS,H_N+T_N-LR,soft-like,v10,0.007183077292005
NICER v12,H_N+T_N-LR,,XMMU J181227.8-181234,3050550112,NS,0.009680226818644055,0.009680226818644062,0.5,NS,H_N+T_N-LR,soft-like,v10,0.0041124887649082
NICER v12,H_N+T_N-LR,,XMMU J181227.8-181234,3050550113,NS,0.008910527603003593,0.008910527603003614,0.5,NS,H_N+T_N-LR,soft-like,v10,0.0062026208701688
NICER v12,H_N+T_N-LR,,XMMU J181227.8-181234,3050550116,NS,0.008968589957515705,0.00896858995751572,0.5,NS,H_N+T_N-LR,soft-like,v10,0.005562974255877
NICER v12,H_N+T_N-LR,,XTE J1701-407,2050090101,NS,0.39870210383131016,0.39870210383131016,0.5,NS,H_N+T_N-LR,soft-like,v10,0.0081177255872578
NICER v12,H_N+T_N-LR,,XTE J1701-407,3050090101,NS,0.14799689385171522,0.14799689385171524,0.5,NS,H_N+T_N-LR,soft-like,v10,0.0030338562035622
NICER v12,H_N+T_N-LR,,XTE J1701-407,3050090102,NS,0.13196460122115422,0.13196460122115422,0.5,NS,H_N+T_N-LR,soft-like,v10,0.0037484133818939
NICER v12,H_N+T_N-LR,,XTE J1701-407,3050090103,NS,0.22221029685179483,0.22221029685179483,0.5,NS,H_N+T_N-LR,soft-like,v10,0.0044255305873359
NICER v12,H_N+T_N-LR,,XTE J1701-407,3050090104,NS,0.18093421180851466,0.18093421180851463,0.5,NS,H_N+T_N-LR,soft-like,v10,0.0068739425534658
NICER v12,H_N+T_N-LR,,XTE J1701-462,5203390106,NS,0.26292262533686095,0.26292262533686095,0.5,NS,H_N+T_N-LR,soft-like,v10,0.0
NICER v12,H_N+T_N-LR,,XTE J1701-462,5203390114,NS,0.3148305640036324,0.3148305640036324,0.5,NS,H_N+T_N-LR,soft-like,v10,0.0
NICER v12,H_N+T_N-LR,,XTE J1701-462,5203390125,NS,0.30257223340887535,0.30257223340887535,0.5,NS,H_N+T_N-LR,soft-like,v10,0.0
NICER v12,H_N+T_N-LR,,XTE J1701-462,5203390143,NS,0.23950401315267933,0.23950401315267933,0.5,NS,H_N+T_N-LR,soft-like,v10,0.0004629488760546
NICER v12,H_N+T_N-LR,,XTE J1701-462,5203390152,NS,0.2554809953481558,0.2554809953481558,0.5,NS,H_N+T_N-LR,soft-like,v10,0.0030389640858502
NICER v12,H_N+T_N-LR,,XTE J1701-462,6203390101,NS,0.2466070292537601,0.24660702925376007,0.5,NS,H_N+T_N-LR,soft-like,v10,0.0016031006459978
NICER v12,H_N+T_N-LR,,XTE J1701-462,6203390102,NS,0.2944224001540703,0.2944224001540703,0.5,NS,H_N+T_N-LR,soft-like,v10,0.0076811038004722
NICER v12,H_N+T_N-LR,,XTE J1701-462,6203390109,NS,0.33900221934510655,0.33900221934510655,0.5,NS,H_N+T_N-LR,intermediate,v10,0.0239849857535843
NICER v12,H_N+T_N-LR,,XTE J1739-285,2050280105,NS,0.2886240034506402,0.2886240034506402,0.5,NS,H_N+T_N-LR,soft-like,v10,0.0010858681295055
NICER v12,H_N+T_N-LR,,XTE J1739-285,2050280129,NS,0.4358791466108022,0.4358791466108022,0.5,NS,H_N+T_N-LR,hard-like,v10,0.0187877165971502
NICER v12,H_N+T_N-LR,,XTE J1739-285,3050280105,NS,0.3189198034912607,0.3189198034912607,0.5,NS,H_N+T_N-LR,hard-like,v10,0.0043281729211759
NICER v12,H_N+T_N-LR,,XTE J1739-285,3050280133,NS,0.27654153917348645,0.27654153917348645,0.5,NS,H_N+T_N-LR,soft-like,v10,0.0021436804378029
NICER v12,H_N+T_N-LR,,XTE J1739-285,3050280144,NS,0.27909331447153535,0.27909331447153535,0.5,NS,H_N+T_N-LR,soft-like,v10,0.0011917114279504
NICER v12,H_N+T_N-LR,,XTE J1739-285,3050280165,NS,0.3779834231110877,0.3779834231110877,0.5,NS,H_N+T_N-LR,soft-like,v10,0.0021799562362376
NICER v12,H_N+T_N-LR,,XTE J1739-285,3050280187,NS,0.32382810023698055,0.32382810023698055,0.5,NS,H_N+T_N-LR,soft-like,v10,0.0021680223836297
NICER v12,H_N+T_N-LR,,XTE J1810-189,3201750105,NS,0.40608082946082724,0.40608082946082724,0.5,NS,H_N+T_N-LR,hard-like,v10,0.0218575128627938
NICER v12,H_N+T_N-LR,,XTE J1810-189,3201750106,NS,0.46210465811541657,0.46210465811541657,0.5,NS,H_N+T_N-LR,hard-like,v10,0.0174298327257124
NICER v12,H_N+T_N-LR,,XTE J1810-189,3201750109,NS,0.389164564757962,0.389164564757962,0.5,NS,H_N+T_N-LR,hard-like,v10,0.0232444743164671
NICER v12,H_N+T_N-LR,,XTE J1810-189,3201750110,NS,0.37957281736512816,0.37957281736512816,0.5,NS,H_N+T_N-LR,hard-like,v10,0.0114713327897656
NICER v12,H_N+T_N-LR,,XTE J1810-189,3201750113,NS,0.36105519842851014,0.36105519842851014,0.5,NS,H_N+T_N-LR,hard-like,v10,0.0088125197381011
NICER v12,H_N+T_N-LR,,XTE J1810-189,3201750116,NS,0.30231698518780925,0.30231698518780925,0.5,NS,H_N+T_N-LR,hard-like,v10,0.0210602345994123
NICER v12,H_N+T_N-LR,,XTE J1810-189,6201750101,NS,0.3524039884842038,0.3524039884842038,0.5,NS,H_N+T_N-LR,soft-like,v10,0.0074526651906616
NICER v12,H_N+T_N-LR,,Cyg X-1,0100320107,BH,0.7674596592200372,0.7674596592200372,0.5,BH,H_N+T_N-LR,hard-like,v11,0.0
NICER v12,H_N+T_N-LR,,Cyg X-1,1100320121,BH,0.7374079078162561,0.7374079078162561,0.5,BH,H_N+T_N-LR,hard-like,v11,0.0
NICER v12,H_N+T_N-LR,,Cyg X-1,4690020104,BH,0.6977465028410184,0.6977465028410184,0.5,BH,H_N+T_N-LR,hard-like,v11,0.0
NICER v12,H_N+T_N-LR,,Cyg X-1,5100320105,BH,0.714010705910688,0.714010705910688,0.5,BH,H_N+T_N-LR,hard-like,v11,0.0
NICER v12,H_N+T_N-LR,,Cyg X-1,5100320122,BH,0.737092136809445,0.737092136809445,0.5,BH,H_N+T_N-LR,hard-like,v11,0.0
NICER v12,H_N+T_N-LR,,Cyg X-1,5100320132,BH,0.6797447545514692,0.6797447545514692,0.5,BH,H_N+T_N-LR,hard-like,v11,0.0
NICER v12,H_N+T_N-LR,,Cyg X-1,5100320140,BH,0.6933416253671624,0.6933416253671624,0.5,BH,H_N+T_N-LR,hard-like,v11,0.0
NICER v12,H_N+T_N-LR,,Cyg X-1,8656010601,BH,0.6842677755820034,0.6842677755820034,0.5,BH,H_N+T_N-LR,hard-like,v11,0.0
NICER v12,H_N+T_N-LR,,LMC X-1,5100070102,BH,0.4752348137414398,0.4752348137414398,0.5,NS,H_N+T_N-LR,hard-like,v11,0.0218078271146706
NICER v12,H_N+T_N-LR,,LMC X-1,5100070104,BH,0.4903138717748606,0.4903138717748606,0.5,NS,H_N+T_N-LR,hard-like,v11,0.018197726008099
NICER v12,H_N+T_N-LR,,LMC X-3,1101010138,BH,0.4766177938707345,0.4766177938707345,0.5,NS,H_N+T_N-LR,soft-like,v11,0.0197083346715862
NICER v12,H_N+T_N-LR,,LMC X-3,3609010501,BH,0.49715361726961244,0.49715361726961244,0.5,NS,H_N+T_N-LR,soft-like,v11,0.0046718502854164
NICER v12,H_N+T_N-LR,,LMC X-3,5101010112,BH,0.6374319960576444,0.6374319960576444,0.5,BH,H_N+T_N-LR,soft-like,v11,0.0624077884891384
NICER v12,H_N+T_N-LR,,LMC X-3,6101010105,BH,0.5633179036046608,0.5633179036046608,0.5,BH,H_N+T_N-LR,soft-like,v11,0.0340327647192251
NICER v12,H_N+T_N-LR,,LMC X-3,6101010124,BH,0.5461035295718332,0.5461035295718332,0.5,BH,H_N+T_N-LR,soft-like,v11,0.0043787512289078
NICER v12,H_N+T_N-LR,,LMC X-3,7704010206,BH,0.4787795313756943,0.4787795313756943,0.5,NS,H_N+T_N-LR,soft-like,v11,0.0072792100901468
NICER v12,H_N+T_N-LR,,SAX J1819.3-2525,3200300112,BH,0.4718486657869864,0.4718486657869864,0.5,NS,H_N+T_N-LR,soft-like,v11,0.0020583221630253
NICER v12,H_N+T_N-LR,,SAX J1819.3-2525,4200300106,BH,0.5681744797823988,0.5681744797823988,0.5,BH,H_N+T_N-LR,intermediate,v11,0.0062120870353307
NICER v12,H_N+T_N-LR,,SAX J1819.3-2525,4702010105,BH,0.4864383796975,0.4864383796975,0.5,NS,H_N+T_N-LR,soft-like,v11,0.0033437129036723
NICER v12,H_N+T_N-LR,,SAX J1819.3-2525,4702010201,BH,0.4712678697969065,0.4712678697969065,0.5,NS,H_N+T_N-LR,soft-like,v11,0.0043628357995909
NICER v12,H_N+T_N-LR,,4U 1543-475,4202230125,BH,0.5502090558190246,0.5502090558190246,0.5,BH,H_N+T_N-LR,soft-like,v11,0.0
NICER v12,H_N+T_N-LR,,4U 1543-475,4655060401,BH,0.5511901552397612,0.5511901552397612,0.5,BH,H_N+T_N-LR,soft-like,v11,0.0
NICER v12,H_N+T_N-LR,,4U 1543-475,4202230187,BH,0.6107510158030289,0.6107510158030289,0.5,BH,H_N+T_N-LR,soft-like,v11,0.0
NICER v12,H_N+T_N-LR,,4U 1543-475,4202230210,BH,0.7944985868023499,0.7944985868023499,0.5,BH,H_N+T_N-LR,hard-like,v11,0.0173278893104108
NICER v12,H_N+T_N-LR,,4U 1543-475,5202230201,BH,0.7934058876956804,0.7934058876956804,0.5,BH,H_N+T_N-LR,hard-like,v11,0.0043320071356492
NICER v12,H_N+T_N-LR,,4U 1543-475,5202230214,BH,0.7934490721860968,0.7934490721860968,0.5,BH,H_N+T_N-LR,hard-like,v11,0.0128687044589578
NICER v12,H_N+T_N-LR,,GX 339-4,3558010801,BH,0.7775112085946112,0.7775112085946112,0.5,BH,H_N+T_N-LR,hard-like,v11,0.0029389426383608
NICER v12,H_N+T_N-LR,,GX 339-4,4133010111,BH,0.5795585093359675,0.5795585093359675,0.5,BH,H_N+T_N-LR,soft-like,v11,0.0
NICER v12,H_N+T_N-LR,,GX 339-4,4133010117,BH,0.5881760216956892,0.5881760216956892,0.5,BH,H_N+T_N-LR,soft-like,v11,0.0
NICER v12,H_N+T_N-LR,,GX 339-4,4133010158,BH,0.5972009097773284,0.5972009097773284,0.5,BH,H_N+T_N-LR,soft-like,v11,0.0
NICER v12,H_N+T_N-LR,,GX 339-4,4133010193,BH,0.5817509757220082,0.5817509757220082,0.5,BH,H_N+T_N-LR,soft-like,v11,0.0
NICER v12,H_N+T_N-LR,,GX 339-4,5599010103,BH,0.7609948718474983,0.7609948718474983,0.5,BH,H_N+T_N-LR,hard-like,v11,0.0175953486537812
NICER v12,H_N+T_N-LR,,GX 339-4,6133010214,BH,0.5995909928475389,0.5995909928475389,0.5,BH,H_N+T_N-LR,soft-like,v11,0.0
NICER v12,H_N+T_N-LR,,Swift J1727.8-1613,6203980108,BH,0.5820549509940854,0.5820549509940854,0.5,BH,H_N+T_N-LR,hard-like,v11,0.0
NICER v12,H_N+T_N-LR,,Swift J1727.8-1613,6203980115,BH,0.5813348830441749,0.5813348830441749,0.5,BH,H_N+T_N-LR,hard-like,v11,0.0
NICER v12,H_N+T_N-LR,,Swift J1727.8-1613,6203980121,BH,0.5835687614828879,0.5835687614828879,0.5,BH,H_N+T_N-LR,hard-like,v11,0.0
NICER v12,H_N+T_N-LR,,Swift J1727.8-1613,6203980139,BH,0.6702900308840494,0.6702900308840494,0.5,BH,H_N+T_N-LR,soft-like,v11,0.0
NICER v12,H_N+T_N-LR,,Swift J1727.8-1613,6203980147,BH,0.6764097083846797,0.6764097083846797,0.5,BH,H_N+T_N-LR,soft-like,v11,0.0
NICER v12,H_N+T_N-LR,,Swift J1727.8-1613,7708010105,BH,0.6792455169110841,0.6792455169110841,0.5,BH,H_N+T_N-LR,soft-like,v11,0.0005052076338417
NICER v12,H_N+T_N-LR,,Swift J1727.8-1613,7203980104,BH,0.742887180138053,0.742887180138053,0.5,BH,H_N+T_N-LR,hard-like,v11,0.003356732204213
NICER v12,H_N+T_N-LR,,Swift J1727.8-1613,6588020110,BH,0.7232095856368566,0.7232095856368566,0.5,BH,H_N+T_N-LR,hard-like,v11,0.0086076041959687
NICER v12,H_N+T_N-LR,,MAXI J1820+070,1200120112,BH,0.6877221100063854,0.6877221100063854,0.5,BH,H_N+T_N-LR,hard-like,v11,0.0
NICER v12,H_N+T_N-LR,,MAXI J1820+070,1200120148,BH,0.7573370132652135,0.7573370132652135,0.5,BH,H_N+T_N-LR,hard-like,v11,0.0
NICER v12,H_N+T_N-LR,,MAXI J1820+070,1200120169,BH,0.7625234865155259,0.7625234865155259,0.5,BH,H_N+T_N-LR,hard-like,v11,0.0
NICER v12,H_N+T_N-LR,,MAXI J1820+070,1200120187,BH,0.7572488419829927,0.7572488419829927,0.5,BH,H_N+T_N-LR,hard-like,v11,0.0
NICER v12,H_N+T_N-LR,,MAXI J1820+070,2200120313,BH,0.7262788828814709,0.7262788828814709,0.5,BH,H_N+T_N-LR,hard-like,v11,0.0193822171511559
NICER v12,H_N+T_N-LR,,MAXI J1820+070,3200120404,BH,0.7154147092696275,0.7154147092696275,0.5,BH,H_N+T_N-LR,hard-like,v11,0.0049368210661757
NICER v12,H_N+T_N-LR,,GRS 1915+105,1103010133,BH,0.0007054150128457115,0.0007054150128457124,0.5,NS,H_N+T_N-LR,soft-like,v11,0.0
NICER v12,H_N+T_N-LR,,GRS 1915+105,2596010301,BH,0.0077475885177800685,0.007747588517780073,0.5,NS,H_N+T_N-LR,hard-like,v11,0.0050850547017455
NICER v12,H_N+T_N-LR,,GRS 1915+105,2103010204,BH,1.21688673693221e-07,1.2168867366677044e-07,0.5,NS,H_N+T_N-LR,soft-like,v11,0.0070393028195641
NICER v12,H_N+T_N-LR,,GRS 1915+105,3607012501,BH,4.691910541393396e-05,4.691910541392816e-05,0.5,NS,H_N+T_N-LR,soft-like,v11,0.0117092840277007
NICER v12,H_N+T_N-LR,,GRS 1915+105,4103010227,BH,7.113587952861655e-05,7.113587952863257e-05,0.5,NS,H_N+T_N-LR,hard-like,v11,0.003027274565634
NICER v12,H_N+T_N-LR,,GRS 1915+105,4103010240,BH,0.00013411562243859088,0.00013411562243859307,0.5,NS,H_N+T_N-LR,hard-like,v11,0.0033970548969562
NICER v12,H_N+T_N-LR,,GRS 1915+105,6103010206,BH,8.979510221440723e-06,8.979510221464077e-06,0.5,NS,H_N+T_N-LR,hard-like,v11,0.0159930580556807
NICER v12,H_N+T_N-LR,,GRS 1915+105,7544012501,BH,1.0470420086505783e-09,1.0470419812312286e-09,0.5,NS,H_N+T_N-LR,soft-like,v11,0.0603484049822071
NICER v12,H_N+T_N-LR,,1A 1744-361,5202800102,NS,0.4999769512771967,0.4999769512771967,0.5,NS,H_N+T_N-LR,soft-like,v11,0.0009945433517291
NICER v12,H_N+T_N-LR,,1A 1744-361,5202800113,NS,0.37844186847274336,0.37844186847274336,0.5,NS,H_N+T_N-LR,soft-like,v11,0.0017168230283016
NICER v12,H_N+T_N-LR,,1A 1744-361,5202800125,NS,0.3475357829110068,0.3475357829110068,0.5,NS,H_N+T_N-LR,soft-like,v11,0.0089570732989
NICER v12,H_N+T_N-LR,,1A 1744-361,5202800131,NS,0.34317216390388283,0.34317216390388283,0.5,NS,H_N+T_N-LR,soft-like,v11,0.0011640173788419
NICER v12,H_N+T_N-LR,,1A 1744-361,5202800140,NS,0.40576128940436446,0.40576128940436446,0.5,NS,H_N+T_N-LR,soft-like,v11,0.0040327379219961
NICER v12,H_N+T_N-LR,,1A 1744-361,5202800143,NS,0.3991491674910804,0.3991491674910804,0.5,NS,H_N+T_N-LR,soft-like,v11,0.0045404995176234
NICER v12,H_N+T_N-LR,,1A 1744-361,7202800104,NS,0.4879799161732517,0.4879799161732517,0.5,NS,H_N+T_N-LR,intermediate,v11,0.0024615878191033
NICER v12,H_N+T_N-LR,,1A 1744-361,7202800108,NS,0.35805346592585985,0.35805346592585985,0.5,NS,H_N+T_N-LR,soft-like,v11,0.0089997943532161
NICER v12,H_N+T_N-LR,,2S 0918-549,2050450105,NS,0.4900413343118295,0.4900413343118295,0.5,NS,H_N+T_N-LR,intermediate,v11,0.0081429606874161
NICER v12,H_N+T_N-LR,,2S 0918-549,2050450121,NS,0.6528605774626621,0.6528605774626621,0.5,BH,H_N+T_N-LR,hard-like,v11,0.0146421296663521
NICER v12,H_N+T_N-LR,,2S 0918-549,3050450170,NS,0.3744849501301704,0.3744849501301704,0.5,NS,H_N+T_N-LR,soft-like,v11,0.0124269150133963
NICER v12,H_N+T_N-LR,,2S 0918-549,4050450125,NS,0.6165122552288687,0.6165122552288687,0.5,BH,H_N+T_N-LR,hard-like,v11,0.0087230265906564
NICER v12,H_N+T_N-LR,,2S 0918-549,5050450109,NS,0.4939415403748124,0.4939415403748124,0.5,NS,H_N+T_N-LR,intermediate,v11,0.0152716999893092
NICER v12,H_N+T_N-LR,,2S 0918-549,5050450119,NS,0.43545019734052465,0.43545019734052465,0.5,NS,H_N+T_N-LR,soft-like,v11,0.0236789099059262
NICER v12,H_N+T_N-LR,,4U 0513-40,1050010107,NS,0.39857161116131834,0.39857161116131834,0.5,NS,H_N+T_N-LR,soft-like,v11,0.0188570703861914
NICER v12,H_N+T_N-LR,,4U 0513-40,1050010111,NS,0.7386811294912728,0.7386811294912728,0.5,BH,H_N+T_N-LR,hard-like,v11,0.0219398894295848
NICER v12,H_N+T_N-LR,,4U 0614+09,1050020250,NS,0.5093312104525733,0.5093312104525733,0.5,BH,H_N+T_N-LR,soft-like,v11,0.0029064226371743
NICER v12,H_N+T_N-LR,,4U 0614+09,1050020257,NS,0.5130463976672873,0.5130463976672873,0.5,BH,H_N+T_N-LR,soft-like,v11,0.0028903035525695
NICER v12,H_N+T_N-LR,,4U 0614+09,5050020207,NS,0.5067148732466068,0.5067148732466068,0.5,BH,H_N+T_N-LR,soft-like,v11,0.0016478893605669
NICER v12,H_N+T_N-LR,,4U 1246-588,2200970103,NS,0.48366469558044406,0.48366469558044406,0.5,NS,H_N+T_N-LR,soft-like,v11,0.0089482092995531
NICER v12,H_N+T_N-LR,,4U 1246-588,2200970134,NS,0.5679386405123928,0.5679386405123928,0.5,BH,H_N+T_N-LR,hard-like,v11,0.0338899943271333
NICER v12,H_N+T_N-LR,,4U 1254-69,2050470130,NS,0.35725283238683764,0.35725283238683764,0.5,NS,H_N+T_N-LR,soft-like,v11,0.0133832002972557
NICER v12,H_N+T_N-LR,,4U 1254-69,3050470120,NS,0.46141934962312253,0.46141934962312253,0.5,NS,H_N+T_N-LR,soft-like,v11,0.0028313509892325
NICER v12,H_N+T_N-LR,,4U 1254-69,3050470164,NS,0.4061853573076466,0.4061853573076466,0.5,NS,H_N+T_N-LR,soft-like,v11,0.0063093508893725
NICER v12,H_N+T_N-LR,,4U 1254-69,4050470146,NS,0.4328935320766246,0.4328935320766246,0.5,NS,H_N+T_N-LR,soft-like,v11,0.0082877340918632
NICER v12,H_N+T_N-LR,,4U 1254-69,4050470163,NS,0.4389449371854314,0.4389449371854314,0.5,NS,H_N+T_N-LR,soft-like,v11,0.0150035275800413
NICER v12,H_N+T_N-LR,,4U 1254-69,4050470165,NS,0.45322029189219065,0.45322029189219065,0.5,NS,H_N+T_N-LR,soft-like,v11,0.0123952905537318
NICER v12,H_N+T_N-LR,,4U 1543-624,1050060110,NS,0.02422134441711782,0.02422134441711781,0.5,NS,H_N+T_N-LR,hard-like,v11,0.0
NICER v12,H_N+T_N-LR,,4U 1608-522,0050070102,NS,0.4753811770540697,0.4753811770540697,0.5,NS,H_N+T_N-LR,hard-like,v11,0.0
NICER v12,H_N+T_N-LR,,4U 1608-522,2050070103,NS,0.4134975719623011,0.4134975719623011,0.5,NS,H_N+T_N-LR,soft-like,v11,0.0
NICER v12,H_N+T_N-LR,,4U 1608-522,3657021001,NS,0.36163540578643816,0.36163540578643816,0.5,NS,H_N+T_N-LR,soft-like,v11,0.0
NICER v12,H_N+T_N-LR,,4U 1608-522,3657022101,NS,0.3629439661057105,0.3629439661057105,0.5,NS,H_N+T_N-LR,soft-like,v11,0.0
NICER v12,H_N+T_N-LR,,4U 1608-522,3657023201,NS,0.3774753292099842,0.3774753292099842,0.5,NS,H_N+T_N-LR,soft-like,v11,0.0
NICER v12,H_N+T_N-LR,,4U 1608-522,3657024301,NS,0.35859202120992745,0.35859202120992745,0.5,NS,H_N+T_N-LR,soft-like,v11,0.0
NICER v12,H_N+T_N-LR,,4U 1608-522,3657026901,NS,0.42172463971278923,0.42172463971278923,0.5,NS,H_N+T_N-LR,soft-like,v11,0.001376859755762
NICER v12,H_N+T_N-LR,,4U 1636-536,5050080201,NS,0.5578365215285981,0.5578365215285981,0.5,BH,H_N+T_N-LR,hard-like,v11,0.0081333262159599
NICER v12,H_N+T_N-LR,,4U 1702-429,2050110102,NS,0.4589358281195451,0.4589358281195451,0.5,NS,H_N+T_N-LR,hard-like,v11,0.0044116203849166
NICER v12,H_N+T_N-LR,,4U 1702-429,2050110109,NS,0.5040987290298846,0.5040987290298846,0.5,BH,H_N+T_N-LR,hard-like,v11,0.0072346855682786
NICER v12,H_N+T_N-LR,,4U 1702-429,2050110112,NS,0.5216374053244933,0.5216374053244933,0.5,BH,H_N+T_N-LR,hard-like,v11,0.0072276054065125
NICER v12,H_N+T_N-LR,,4U 1702-429,2050110123,NS,0.4832480616631841,0.4832480616631841,0.5,NS,H_N+T_N-LR,hard-like,v11,0.0365362421711481
NICER v12,H_N+T_N-LR,,4U 1702-429,2587030101,NS,0.4497599349683309,0.4497599349683309,0.5,NS,H_N+T_N-LR,hard-like,v11,0.0053160267033174
NICER v12,H_N+T_N-LR,,4U 1702-429,2587030104,NS,0.46251451221502,0.46251451221502,0.5,NS,H_N+T_N-LR,hard-like,v11,0.004181572246117
NICER v12,H_N+T_N-LR,,4U 1705-32,4202170108,NS,0.3100139298956997,0.3100139298956997,0.5,NS,H_N+T_N-LR,soft-like,v11,0.0077541607543749
NICER v12,H_N+T_N-LR,,4U 1705-32,4202170109,NS,0.46395766785742415,0.46395766785742415,0.5,NS,H_N+T_N-LR,intermediate,v11,0.0146921374362813
NICER v12,H_N+T_N-LR,,4U 1728-34,7050150103,NS,0.27469349910494595,0.27469349910494595,0.5,NS,H_N+T_N-LR,hard-like,v11,0.0080079807978517
NICER v12,H_N+T_N-LR,,4U 1735-444,3050500108,NS,0.38268072446902435,0.38268072446902435,0.5,NS,H_N+T_N-LR,soft-like,v11,0.0005265632031692
NICER v12,H_N+T_N-LR,,4U 1812-12,2560010101,NS,0.6275031508342336,0.6275031508342336,0.5,BH,H_N+T_N-LR,hard-like,v11,0.0187477651192601
NICER v12,H_N+T_N-LR,,4U 1812-12,2560010205,NS,0.62050650891191,0.62050650891191,0.5,BH,H_N+T_N-LR,hard-like,v11,0.0091805189254098
NICER v12,H_N+T_N-LR,,4U 1812-12,3580010105,NS,0.5900241778701154,0.5900241778701154,0.5,BH,H_N+T_N-LR,hard-like,v11,0.0097931182877345
NICER v12,H_N+T_N-LR,,4U 1812-12,3580010203,NS,0.6176627652588392,0.6176627652588392,0.5,BH,H_N+T_N-LR,hard-like,v11,0.0114044061417468
NICER v12,H_N+T_N-LR,,4U 1812-12,3580010305,NS,0.6322056603559456,0.6322056603559456,0.5,BH,H_N+T_N-LR,hard-like,v11,0.0113712943185189
NICER v12,H_N+T_N-LR,,4U 1812-12,3580010313,NS,0.6117232051895661,0.6117232051895661,0.5,BH,H_N+T_N-LR,hard-like,v11,0.0238866501277501
NICER v12,H_N+T_N-LR,,4U 1812-12,3580010324,NS,0.6043711580214537,0.6043711580214537,0.5,BH,H_N+T_N-LR,hard-like,v11,0.0231614132759462
NICER v12,H_N+T_N-LR,,4U 1812-12,4202290105,NS,0.5873346556998559,0.5873346556998559,0.5,BH,H_N+T_N-LR,hard-like,v11,0.028440111957538
NICER v12,H_N+T_N-LR,,4U 1820-303,0050300120,NS,0.3979578606314093,0.3979578606314093,0.5,NS,H_N+T_N-LR,soft-like,v11,0.0
NICER v12,H_N+T_N-LR,,4U 1820-303,1050300129,NS,0.41224699389868347,0.41224699389868347,0.5,NS,H_N+T_N-LR,hard-like,v11,0.0
NICER v12,H_N+T_N-LR,,4U 1820-303,3050300101,NS,0.4364703520619953,0.4364703520619953,0.5,NS,H_N+T_N-LR,soft-like,v11,0.0
NICER v12,H_N+T_N-LR,,4U 1820-303,4050300102,NS,0.48821682830094815,0.48821682830094815,0.5,NS,H_N+T_N-LR,hard-like,v11,0.0016745189412201
NICER v12,H_N+T_N-LR,,4U 1820-303,4680010127,NS,0.39784784535978124,0.39784784535978124,0.5,NS,H_N+T_N-LR,soft-like,v11,0.0
NICER v12,H_N+T_N-LR,,4U 1820-303,5604010304,NS,0.3796199142997334,0.3796199142997334,0.5,NS,H_N+T_N-LR,soft-like,v11,0.0
NICER v12,H_N+T_N-LR,,4U 1820-303,6050300102,NS,0.4376398830310228,0.4376398830310228,0.5,NS,H_N+T_N-LR,soft-like,v11,0.0006708342785894
NICER v12,H_N+T_N-LR,,4U 1820-303,6677020203,NS,0.45110576721655926,0.45110576721655926,0.5,NS,H_N+T_N-LR,soft-like,v11,0.0009696113281444
NICER v12,H_N+T_N-LR,,Aql X-1,3050340105,NS,0.5447863901183669,0.5447863901183669,0.5,BH,H_N+T_N-LR,hard-like,v11,0.0014722488580962
NICER v12,H_N+T_N-LR,,Aql X-1,3050340125,NS,0.4399747934743773,0.4399747934743773,0.5,NS,H_N+T_N-LR,soft-like,v11,0.0
NICER v12,H_N+T_N-LR,,Aql X-1,4050340109,NS,0.608121912377722,0.608121912377722,0.5,BH,H_N+T_N-LR,hard-like,v11,0.0072057969974703
NICER v12,H_N+T_N-LR,,Aql X-1,6634020110,NS,0.3932588539536801,0.3932588539536801,0.5,NS,H_N+T_N-LR,soft-like,v11,0.0
NICER v12,H_N+T_N-LR,,Aql X-1,6634020125,NS,0.4056812875638384,0.4056812875638384,0.5,NS,H_N+T_N-LR,soft-like,v11,0.0
NICER v12,H_N+T_N-LR,,Aql X-1,7675010103,NS,0.5746215704995046,0.5746215704995046,0.5,BH,H_N+T_N-LR,hard-like,v11,0.0055106790958617
NICER v12,H_N+T_N-LR,,Aql X-1,7050340109,NS,0.47796324911187377,0.47796324911187377,0.5,NS,H_N+T_N-LR,soft-like,v11,0.0
NICER v12,H_N+T_N-LR,,Cen X-4,1030110105,NS,0.02825854184237947,0.02825854184237945,0.5,NS,H_N+T_N-LR,hard-like,v11,0.0
NICER v12,H_N+T_N-LR,,Cir X-1,1050050103,NS,0.4006885801696432,0.4006885801696432,0.5,NS,H_N+T_N-LR,hard-like,v11,0.0
NICER v12,H_N+T_N-LR,,Cir X-1,2050050110,NS,0.10001303994933741,0.10001303994933743,0.5,NS,H_N+T_N-LR,soft-like,v11,0.0008198738513681
NICER v12,H_N+T_N-LR,,Cir X-1,3578011101,NS,0.23837314774588708,0.23837314774588708,0.5,NS,H_N+T_N-LR,soft-like,v11,0.0
NICER v12,H_N+T_N-LR,,Cir X-1,3578011502,NS,0.3000580537590644,0.3000580537590644,0.5,NS,H_N+T_N-LR,soft-like,v11,0.0
NICER v12,H_N+T_N-LR,,Cir X-1,5571030101,NS,0.27352839226725717,0.27352839226725717,0.5,NS,H_N+T_N-LR,soft-like,v11,0.0
NICER v12,H_N+T_N-LR,,Cir X-1,5571090102,NS,0.2787305619513757,0.2787305619513757,0.5,NS,H_N+T_N-LR,soft-like,v11,0.0
NICER v12,H_N+T_N-LR,,Cir X-1,5571170102,NS,0.2722930735983728,0.2722930735983728,0.5,NS,H_N+T_N-LR,soft-like,v11,0.0
NICER v12,H_N+T_N-LR,,Cir X-1,6689030201,NS,0.21160583803822375,0.21160583803822372,0.5,NS,H_N+T_N-LR,soft-like,v11,0.0
NICER v12,H_N+T_N-LR,,Cyg X-2,0034150105,NS,0.4410319887844269,0.4410319887844269,0.5,NS,H_N+T_N-LR,soft-like,v11,0.0
NICER v12,H_N+T_N-LR,,Cyg X-2,1034150119,NS,0.4328398121798836,0.4328398121798836,0.5,NS,H_N+T_N-LR,soft-like,v11,0.0
NICER v12,H_N+T_N-LR,,Cyg X-2,1034150131,NS,0.42037247028460745,0.42037247028460745,0.5,NS,H_N+T_N-LR,soft-like,v11,0.0
NICER v12,H_N+T_N-LR,,Cyg X-2,2587020103,NS,0.4384013876236977,0.4384013876236977,0.5,NS,H_N+T_N-LR,soft-like,v11,0.0
NICER v12,H_N+T_N-LR,,Cyg X-2,5575030102,NS,0.4325125009453733,0.4325125009453733,0.5,NS,H_N+T_N-LR,soft-like,v11,0.0
NICER v12,H_N+T_N-LR,,Cyg X-2,5575030105,NS,0.4247544054568338,0.4247544054568338,0.5,NS,H_N+T_N-LR,soft-like,v11,0.0
NICER v12,H_N+T_N-LR,,Cyg X-2,7034150107,NS,0.427049844688013,0.427049844688013,0.5,NS,H_N+T_N-LR,soft-like,v11,0.0
NICER v12,H_N+T_N-LR,,Cyg X-2,7727010101,NS,0.44514281003008355,0.44514281003008355,0.5,NS,H_N+T_N-LR,soft-like,v11,0.0
NICER v12,H_N+T_N-LR,,EXO 0748-676,7050030105,NS,0.09092798058269819,0.09092798058269819,0.5,NS,H_N+T_N-LR,hard-like,v11,0.0586342154873887
NICER v12,H_N+T_N-LR,,GRS 1747-312,2050440102,NS,0.25396162546087914,0.25396162546087914,0.5,NS,H_N+T_N-LR,soft-like,v11,0.0174427429477151
NICER v12,H_N+T_N-LR,,GRS 1747-312,2050440103,NS,0.26709588999917167,0.26709588999917167,0.5,NS,H_N+T_N-LR,soft-like,v11,0.0080174992702922
NICER v12,H_N+T_N-LR,,GRS 1747-312,2050440105,NS,0.2122250647241435,0.21222506472414351,0.5,NS,H_N+T_N-LR,soft-like,v11,0.0548341689445621
NICER v12,H_N+T_N-LR,,GRS 1747-312,2050440106,NS,0.28238811032797084,0.28238811032797084,0.5,NS,H_N+T_N-LR,soft-like,v11,0.0263090777495756
NICER v12,H_N+T_N-LR,,GS 1826-24,1050310107,NS,0.3575243885834103,0.3575243885834103,0.5,NS,H_N+T_N-LR,hard-like,v11,0.0
NICER v12,H_N+T_N-LR,,GS 1826-24,1050310109,NS,0.4500090469868634,0.4500090469868634,0.5,NS,H_N+T_N-LR,hard-like,v11,0.0191945550889278
NICER v12,H_N+T_N-LR,,GS 1826-24,1050310115,NS,0.4468446284569745,0.4468446284569745,0.5,NS,H_N+T_N-LR,hard-like,v11,0.0
NICER v12,H_N+T_N-LR,,GS 1826-24,2050310102,NS,0.45852276369122136,0.45852276369122136,0.5,NS,H_N+T_N-LR,soft-like,v11,0.0
NICER v12,H_N+T_N-LR,,GS 1826-24,5050310101,NS,0.4654406226230347,0.4654406226230347,0.5,NS,H_N+T_N-LR,soft-like,v11,0.0
NICER v12,H_N+T_N-LR,,GS 1826-24,5050310103,NS,0.4384747990398691,0.4384747990398691,0.5,NS,H_N+T_N-LR,soft-like,v11,0.0
NICER v12,H_N+T_N-LR,,GX 13+1,1108020101,NS,0.30094676174706547,0.30094676174706547,0.5,NS,H_N+T_N-LR,hard-like,v11,0.0
NICER v12,H_N+T_N-LR,,GX 13+1,1108020106,NS,0.3162254470917062,0.3162254470917062,0.5,NS,H_N+T_N-LR,soft-like,v11,0.0
NICER v12,H_N+T_N-LR,,GX 13+1,5670010103,NS,0.2781542574210895,0.2781542574210895,0.5,NS,H_N+T_N-LR,soft-like,v11,0.0
NICER v12,H_N+T_N-LR,,GX 13+1,5670010302,NS,0.3123721550787324,0.3123721550787324,0.5,NS,H_N+T_N-LR,soft-like,v11,0.0
NICER v12,H_N+T_N-LR,,GX 13+1,5670010405,NS,0.29527891257636796,0.29527891257636796,0.5,NS,H_N+T_N-LR,soft-like,v11,0.0
NICER v12,H_N+T_N-LR,,GX 13+1,5670010408,NS,0.2927420352089283,0.2927420352089283,0.5,NS,H_N+T_N-LR,soft-like,v11,0.0
NICER v12,H_N+T_N-LR,,GX 13+1,7701010102,NS,0.3078842047645397,0.3078842047645397,0.5,NS,H_N+T_N-LR,soft-like,v11,0.0
NICER v12,H_N+T_N-LR,,GX 13+1,7108020102,NS,0.28112616042043537,0.28112616042043537,0.5,NS,H_N+T_N-LR,soft-like,v11,0.0
NICER v12,H_N+T_N-LR,,GX 17+2,1050410105,NS,0.2196563331374295,0.21965633313742952,0.5,NS,H_N+T_N-LR,soft-like,v11,0.0
NICER v12,H_N+T_N-LR,,GX 17+2,1050410111,NS,0.2552344469540089,0.2552344469540089,0.5,NS,H_N+T_N-LR,intermediate,v11,0.0
NICER v12,H_N+T_N-LR,,GX 17+2,1050410116,NS,0.25954429294365683,0.25954429294365683,0.5,NS,H_N+T_N-LR,soft-like,v11,0.0
NICER v12,H_N+T_N-LR,,GX 17+2,1050410123,NS,0.2414014148730702,0.24140141487307024,0.5,NS,H_N+T_N-LR,soft-like,v11,0.0
NICER v12,H_N+T_N-LR,,GX 17+2,3050410101,NS,0.1935617899509735,0.19356178995097348,0.5,NS,H_N+T_N-LR,soft-like,v11,0.0
NICER v12,H_N+T_N-LR,,GX 17+2,3050410104,NS,0.25104616884534503,0.25104616884534503,0.5,NS,H_N+T_N-LR,soft-like,v11,0.0
NICER v12,H_N+T_N-LR,,GX 17+2,7050410102,NS,0.24664786999596322,0.2466478699959632,0.5,NS,H_N+T_N-LR,soft-like,v11,0.0
NICER v12,H_N+T_N-LR,,GX 17+2,7050410104,NS,0.23942069802605698,0.23942069802605698,0.5,NS,H_N+T_N-LR,soft-like,v11,0.0
NICER v12,H_N+T_N-LR,,IGR J17498-2921,6560010101,NS,0.38662946546814575,0.38662946546814575,0.5,NS,H_N+T_N-LR,hard-like,v11,0.0044531988833761
NICER v12,H_N+T_N-LR,,IGR J17498-2921,6560010102,NS,0.4031039977577912,0.4031039977577912,0.5,NS,H_N+T_N-LR,hard-like,v11,0.0049855790476915
NICER v12,H_N+T_N-LR,,IGR J17498-2921,6560010107,NS,0.4027877136632574,0.4027877136632574,0.5,NS,H_N+T_N-LR,intermediate,v11,0.0087079029629471
NICER v12,H_N+T_N-LR,,IGR J17498-2921,6560010110,NS,0.4169858036545297,0.4169858036545297,0.5,NS,H_N+T_N-LR,hard-like,v11,0.0114504532121108
NICER v12,H_N+T_N-LR,,IGR J17498-2921,6560010112,NS,0.32714235126534935,0.32714235126534935,0.5,NS,H_N+T_N-LR,intermediate,v11,0.0088658874796025
NICER v12,H_N+T_N-LR,,IGR J17511-3057,7050380101,NS,0.5884850520974183,0.5884850520974183,0.5,BH,H_N+T_N-LR,hard-like,v11,0.0197631834130595
NICER v12,H_N+T_N-LR,,IGR J17511-3057,7512010101,NS,0.6115232301966063,0.6115232301966063,0.5,BH,H_N+T_N-LR,hard-like,v11,0.0207195367198595
NICER v12,H_N+T_N-LR,,IGR J17511-3057,7512010102,NS,0.5736618148727046,0.5736618148727046,0.5,BH,H_N+T_N-LR,hard-like,v11,0.0224916404305376
NICER v12,H_N+T_N-LR,,M15 X-2,5034140104,NS,0.47630693801637525,0.47630693801637525,0.5,NS,H_N+T_N-LR,soft-like,v11,0.0089248893969179
NICER v12,H_N+T_N-LR,,M15 X-2,5034140108,NS,0.4903069987680962,0.4903069987680962,0.5,NS,H_N+T_N-LR,soft-like,v11,0.0048734331767446
NICER v12,H_N+T_N-LR,,M15 X-2,5034140114,NS,0.5229625500633769,0.5229625500633769,0.5,BH,H_N+T_N-LR,soft-like,v11,0.0046203910659581
NICER v12,H_N+T_N-LR,,M15 X-2,5034140117,NS,0.47258110098276934,0.47258110098276934,0.5,NS,H_N+T_N-LR,soft-like,v11,0.0047729065285814
NICER v12,H_N+T_N-LR,,M15 X-2,5034140125,NS,0.500939404203901,0.500939404203901,0.5,BH,H_N+T_N-LR,soft-like,v11,0.004755563651913
NICER v12,H_N+T_N-LR,,M15 X-2,5034140129,NS,0.5274101470550207,0.5274101470550207,0.5,BH,H_N+T_N-LR,soft-like,v11,0.0072577708935728
NICER v12,H_N+T_N-LR,,M15 X-2,5034140136,NS,0.5510994726094752,0.5510994726094752,0.5,BH,H_N+T_N-LR,soft-like,v11,0.0078459533255718
NICER v12,H_N+T_N-LR,,MAXI J1807+132,2200840101,NS,0.6738516394268084,0.6738516394268084,0.5,BH,H_N+T_N-LR,hard-like,v11,0.0078733231222578
NICER v12,H_N+T_N-LR,,MAXI J1807+132,6634010101,NS,0.6421268834978021,0.6421268834978021,0.5,BH,H_N+T_N-LR,hard-like,v11,0.0061573070236782
NICER v12,H_N+T_N-LR,,MAXI J1807+132,6634010103,NS,0.6608099992486199,0.6608099992486199,0.5,BH,H_N+T_N-LR,hard-like,v11,0.0056808924567886
NICER v12,H_N+T_N-LR,,MAXI J1807+132,6634010105,NS,0.595801245374617,0.595801245374617,0.5,BH,H_N+T_N-LR,hard-like,v11,0.00918826086675
NICER v12,H_N+T_N-LR,,MAXI J1807+132,6634010109,NS,0.6289250299189119,0.6289250299189119,0.5,BH,H_N+T_N-LR,hard-like,v11,0.0120915530607451
NICER v12,H_N+T_N-LR,,MAXI J1807+132,6634010111,NS,0.6132117809318474,0.6132117809318474,0.5,BH,H_N+T_N-LR,hard-like,v11,0.0103056320110419
NICER v12,H_N+T_N-LR,,MXB 1730-335,3200100104,NS,0.35118943865448754,0.35118943865448754,0.5,NS,H_N+T_N-LR,hard-like,v11,0.004569639649686
NICER v12,H_N+T_N-LR,,MXB 1730-335,3200100111,NS,0.9999999999999998,0.9999999999999998,0.5,BH,H_N+T_N-LR,hard-like,v11,0.0115641336607681
NICER v12,H_N+T_N-LR,,SAX J1747.0-2853,5200600101,NS,0.05881630858779818,0.05881630858779816,0.5,NS,H_N+T_N-LR,soft-like,v11,0.0017292552963959
NICER v12,H_N+T_N-LR,,SAX J1747.0-2853,5200600102,NS,0.046452002671896975,0.046452002671897,0.5,NS,H_N+T_N-LR,soft-like,v11,0.0016646680583872
NICER v12,H_N+T_N-LR,,SAX J1747.0-2853,5200600103,NS,0.058582405583900876,0.05858240558390088,0.5,NS,H_N+T_N-LR,soft-like,v11,0.0021140228311653
NICER v12,H_N+T_N-LR,,SAX J1747.0-2853,5200600104,NS,0.05617959996879196,0.056179599968791946,0.5,NS,H_N+T_N-LR,soft-like,v11,0.0061654250228775
NICER v12,H_N+T_N-LR,,SAX J1808.4-3658,2584010101,NS,0.7855579365082384,0.7855579365082384,0.5,BH,H_N+T_N-LR,hard-like,v11,0.0314271749773788
NICER v12,H_N+T_N-LR,,SAX J1808.4-3658,2584010107,NS,0.787263605636258,0.787263605636258,0.5,BH,H_N+T_N-LR,hard-like,v11,0.0033675868965244
NICER v12,H_N+T_N-LR,,SAX J1808.4-3658,5050260104,NS,0.7482550946283262,0.7482550946283262,0.5,BH,H_N+T_N-LR,hard-like,v11,0.008516920477251
NICER v12,H_N+T_N-LR,,SAX J1808.4-3658,5574010103,NS,0.7003382448280391,0.7003382448280391,0.5,BH,H_N+T_N-LR,hard-like,v11,0.0089352484689454
NICER v12,H_N+T_N-LR,,SAX J1810.8-2609,4200170101,NS,0.6010744177415152,0.6010744177415152,0.5,BH,H_N+T_N-LR,hard-like,v11,0.0024281719991886
NICER v12,H_N+T_N-LR,,SAX J1810.8-2609,4200170103,NS,0.5770025497482705,0.5770025497482705,0.5,BH,H_N+T_N-LR,hard-like,v11,0.0023179510740078
NICER v12,H_N+T_N-LR,,SAX J1810.8-2609,4200170105,NS,0.5655134465439385,0.5655134465439385,0.5,BH,H_N+T_N-LR,hard-like,v11,0.003174450126308
NICER v12,H_N+T_N-LR,,SAX J1810.8-2609,4200170108,NS,0.5893927874870206,0.5893927874870206,0.5,BH,H_N+T_N-LR,hard-like,v11,0.0043408140707855
NICER v12,H_N+T_N-LR,,SLX 1732-304,3050560103,NS,0.6157525217311831,0.6157525217311831,0.5,BH,H_N+T_N-LR,hard-like,v11,0.0151969399299182
NICER v12,H_N+T_N-LR,,SLX 1732-304,3050560107,NS,0.6032635427886769,0.6032635427886769,0.5,BH,H_N+T_N-LR,hard-like,v11,0.0118898348355241
NICER v12,H_N+T_N-LR,,SLX 1732-304,3050560109,NS,0.606015457241813,0.606015457241813,0.5,BH,H_N+T_N-LR,hard-like,v11,0.007253439588233
NICER v12,H_N+T_N-LR,,SLX 1732-304,6050560101,NS,0.32002096435490435,0.32002096435490435,0.5,NS,H_N+T_N-LR,soft-like,v11,0.0033836315835213
NICER v12,H_N+T_N-LR,,SLX 1732-304,6050560103,NS,0.3141604079634774,0.3141604079634774,0.5,NS,H_N+T_N-LR,soft-like,v11,0.0095266602559786
NICER v12,H_N+T_N-LR,,SLX 1732-304,6050560109,NS,0.34917734631467445,0.34917734631467445,0.5,NS,H_N+T_N-LR,intermediate,v11,0.0032782073902969
NICER v12,H_N+T_N-LR,,SLX 1735-269,3604020101,NS,0.559374528619376,0.559374528619376,0.5,BH,H_N+T_N-LR,soft-like,v11,0.0255604731240899
NICER v12,H_N+T_N-LR,,SLX 1735-269,3604020102,NS,0.5403337471826486,0.5403337471826486,0.5,BH,H_N+T_N-LR,hard-like,v11,0.029283900220656
NICER v12,H_N+T_N-LR,,SLX 1735-269,3604020104,NS,0.4069194586565545,0.4069194586565545,0.5,NS,H_N+T_N-LR,soft-like,v11,0.0158701250582401
NICER v12,H_N+T_N-LR,,SLX 1735-269,3604020105,NS,0.5216108153193799,0.5216108153193799,0.5,BH,H_N+T_N-LR,soft-like,v11,0.0233386333383054
NICER v12,H_N+T_N-LR,,Ser X-1,0050320107,NS,0.39882312912165474,0.39882312912165474,0.5,NS,H_N+T_N-LR,soft-like,v11,0.0
NICER v12,H_N+T_N-LR,,Ser X-1,1050320104,NS,0.41207224460521236,0.41207224460521236,0.5,NS,H_N+T_N-LR,soft-like,v11,0.0
NICER v12,H_N+T_N-LR,,Ser X-1,1050320108,NS,0.4013615416418393,0.4013615416418393,0.5,NS,H_N+T_N-LR,soft-like,v11,0.0
NICER v12,H_N+T_N-LR,,Ser X-1,1050320114,NS,0.39998244842179287,0.39998244842179287,0.5,NS,H_N+T_N-LR,soft-like,v11,0.0
NICER v12,H_N+T_N-LR,,Ser X-1,1050320117,NS,0.2026855808397579,0.2026855808397579,0.5,NS,H_N+T_N-LR,hard-like,v11,0.0
NICER v12,H_N+T_N-LR,,Ser X-1,6648010102,NS,0.4168358131039679,0.4168358131039679,0.5,NS,H_N+T_N-LR,soft-like,v11,0.0
NICER v12,H_N+T_N-LR,,Ser X-1,6050320101,NS,0.3227695854899854,0.3227695854899854,0.5,NS,H_N+T_N-LR,soft-like,v11,0.000834287959033
NICER v12,H_N+T_N-LR,,Swift J1749.4-2807,4658010102,NS,0.373763277391058,0.373763277391058,0.5,NS,H_N+T_N-LR,soft-like,v11,0.0163471917924303
NICER v12,H_N+T_N-LR,,Swift J1749.4-2807,4658010103,NS,0.3570975926402791,0.3570975926402791,0.5,NS,H_N+T_N-LR,hard-like,v11,0.0188510851055954
NICER v12,H_N+T_N-LR,,Swift J1858.6-0814,3592010502,NS,0.3355915562539691,0.3355915562539691,0.5,NS,H_N+T_N-LR,soft-like,v11,0.005062478333087
NICER v12,H_N+T_N-LR,,Swift J1858.6-0814,3200400121,NS,0.47065573551417783,0.47065573551417783,0.5,NS,H_N+T_N-LR,intermediate,v11,0.0121355357983128
NICER v12,H_N+T_N-LR,,XMMU J181227.8-181234,3050550103,NS,0.00968695339709924,0.009686953397099268,0.5,NS,H_N+T_N-LR,soft-like,v11,0.00515778242185
NICER v12,H_N+T_N-LR,,XMMU J181227.8-181234,3050550108,NS,0.01745813266715185,0.017458132667151852,0.5,NS,H_N+T_N-LR,soft-like,v11,0.0051677429357218
NICER v12,H_N+T_N-LR,,XTE J1701-462,5203390105,NS,0.23641008006946945,0.23641008006946945,0.5,NS,H_N+T_N-LR,soft-like,v11,0.0
NICER v12,H_N+T_N-LR,,XTE J1701-462,5203390112,NS,0.3141747679715532,0.3141747679715532,0.5,NS,H_N+T_N-LR,soft-like,v11,0.0
NICER v12,H_N+T_N-LR,,XTE J1701-462,5203390118,NS,0.2984092173799388,0.2984092173799388,0.5,NS,H_N+T_N-LR,soft-like,v11,0.0
NICER v12,H_N+T_N-LR,,XTE J1701-462,5203390151,NS,0.2734223722690919,0.2734223722690919,0.5,NS,H_N+T_N-LR,soft-like,v11,0.0006191936779948
NICER v12,H_N+T_N-LR,,XTE J1701-462,5203390157,NS,0.2166749529623201,0.2166749529623201,0.5,NS,H_N+T_N-LR,soft-like,v11,0.0029657683987859
NICER v12,H_N+T_N-LR,,XTE J1701-462,6203390104,NS,0.28039883127355486,0.28039883127355486,0.5,NS,H_N+T_N-LR,soft-like,v11,0.0193103304140204
NICER v12,H_N+T_N-LR,,XTE J1701-462,6203390110,NS,0.3057898693117982,0.3057898693117982,0.5,NS,H_N+T_N-LR,intermediate,v11,0.0744641939945034
NICER v12,H_N+T_N-LR,,XTE J1709-267,1050130110,NS,0.012076562726059004,0.012076562726059023,0.5,NS,H_N+T_N-LR,hard-like,v11,0.0
NICER v12,H_N+T_N-LR,,XTE J1739-285,2050280107,NS,0.2742875096827352,0.2742875096827352,0.5,NS,H_N+T_N-LR,soft-like,v11,0.0008770840766629
NICER v12,H_N+T_N-LR,,XTE J1739-285,2050280131,NS,0.4547774515219041,0.4547774515219041,0.5,NS,H_N+T_N-LR,hard-like,v11,0.0106024974188111
NICER v12,H_N+T_N-LR,,XTE J1739-285,3050280111,NS,0.6158511934750882,0.6158511934750882,0.5,BH,H_N+T_N-LR,hard-like,v11,0.0067469394392473
NICER v12,H_N+T_N-LR,,XTE J1739-285,3050280135,NS,0.3334949424400972,0.3334949424400972,0.5,NS,H_N+T_N-LR,soft-like,v11,0.0011165552747018
NICER v12,H_N+T_N-LR,,XTE J1739-285,3050280147,NS,0.27016046781538283,0.27016046781538283,0.5,NS,H_N+T_N-LR,soft-like,v11,0.0022257187738921
NICER v12,H_N+T_N-LR,,XTE J1739-285,3050280162,NS,0.2704759710511232,0.2704759710511232,0.5,NS,H_N+T_N-LR,soft-like,v11,0.0012177114001709
NICER v12,H_N+T_N-LR,,XTE J1739-285,3050280184,NS,0.4286667961423728,0.4286667961423728,0.5,NS,H_N+T_N-LR,hard-like,v11,0.0106141346652441
NICER v12,H_N+T_N-LR,,XTE J1810-189,3201750104,NS,0.4311961180433304,0.4311961180433304,0.5,NS,H_N+T_N-LR,hard-like,v11,0.0229077963859926
NICER v12,H_N+T_N-LR,,XTE J1810-189,3201750107,NS,0.43859814709029854,0.43859814709029854,0.5,NS,H_N+T_N-LR,hard-like,v11,0.0132817069937581
NICER v12,H_N+T_N-LR,,XTE J1810-189,3201750108,NS,0.4097176163793782,0.4097176163793782,0.5,NS,H_N+T_N-LR,hard-like,v11,0.0118033059807758
NICER v12,H_N+T_N-LR,,XTE J1810-189,3201750111,NS,0.38976450804519447,0.38976450804519447,0.5,NS,H_N+T_N-LR,hard-like,v11,0.0119773117108239
NICER v12,H_N+T_N-LR,,XTE J1810-189,3201750112,NS,0.4097970125312697,0.4097970125312697,0.5,NS,H_N+T_N-LR,hard-like,v11,0.0226817110789655
NICER v12,H_N+T_N-LR,,XTE J1810-189,3201750115,NS,0.37741969031996214,0.37741969031996214,0.5,NS,H_N+T_N-LR,hard-like,v11,0.020572428525493
NICER v12,H_N+T_N-LR,,XTE J1810-189,6201750102,NS,0.2978507827750925,0.2978507827750925,0.5,NS,H_N+T_N-LR,soft-like,v11,0.0291069933305499
