obsid,source,label,time_bin,mjd,read_complete,bkg_ratio_12_15,n_events,n_bursts,n_seg,n_seg_burst_removed,good_time_s,rate_2_10,mean_n_mpu,cA,cB,cC,c1,c2,T1_var,T1_se,T1,T2_var,T2_se,T2,T3_var,T3_se,T3,STATE_var,STATE_se,STATE,WHITE_var,WHITE_se,WHITE,rms_nuc_band,nu_c,lb0,lb1,lb2,lb3,lb4,lb5,lb6,lb7,lb8,lb9,lb10,lb11,lb12,state,status,T1_odd,T2_odd,T3_odd,STATE_odd,nu_c_odd,T1_even,T2_even,T3_even,STATE_even,nu_c_even
0100320102,Cyg X-1,BH,0,57936.5289,True,0.0001450971561830153,20007721,0,12,0,1566.9996691197157,2920.9140625,7.0,3697246,615369,173909,0.16643983116081537,0.28260929621089137,0.004366817991744916,0.00036086165928380645,0.06608190366314302,0.018250418493625492,0.00183957570899587,0.13509410976658268,0.02452077222050911,0.0006038871280397536,0.15659109879079688,0.051812627328544726,0.002356326772225166,0.22762387249263802,0.00045008978873932855,0.00018916697937973389,0.02121531967092008,0.2520179367654869,1.1236835987171518,0.002502053452635994,0.0009770341763926408,0.001970621747574068,0.001988826423009522,0.0030104249835818326,0.005327855964294774,0.00916046478784223,0.013198078485269134,0.011504702137915311,0.007395843133511242,0.003973073808823831,0.0017748201374234369,0.0007292412132589341,hard-like,ok,0.0668365673799006,0.13111504711746527,0.15549830819385166,0.22368962381310503,1.2619830988278027,0.06520026426379934,0.1395445202066404,0.15784263886982156,0.23208063294112044,0.9978539833017628
2636010102,Cyg X-1,BH,1,58800.43889,False,4.4494906297713876e-05,46422115,0,10,0,2175.3267872035503,3590.97578125,7.0,4273195,272626,50628,0.06379910114094957,0.18570495844123452,0.0027068006146156137,0.0004894761818350641,0.052026922017505646,0.004157931731439201,0.00032658665268118483,0.06448202642162544,0.0021363862001919144,0.00019104528558193146,0.046221057973524514,0.007114046055155438,0.0005489648188918977,0.08434480455342486,-0.00016461762022474075,0.00016105164350594702,-0.012830339832784662,0.10467443804061421,0.37746822056946905,0.0005012200881088746,0.0009384983595949428,0.001064250895371391,0.0011130559579876126,0.0009885637786518444,0.0013863934044490106,0.0013578885531706627,0.0012158876231049462,0.0009365799739163184,0.0006697820281832427,0.0004343721644601611,0.000199973548366696,0.0001502716037526773,intermediate,ok,0.05369774428442069,0.0649485167153851,0.04457853262907484,0.08342564933482806,0.3368524096380044,0.05031339613615866,0.06401556551700574,0.04779584162770509,0.0852474747702426,0.42320875469593483
4690020110,Cyg X-1,BH,2,59684.38472,True,0.00039182136404636357,5614606,0,18,0,2439.996034860611,757.9375,7.0,1302361,331282,112645,0.25437033203543413,0.3400275294160262,0.01744687015283281,0.0012064270543333659,0.1320866009587377,0.048897401065252644,0.001762715115899532,0.22112756740228623,0.022761704171936747,0.00054714121773175,0.1508698252532187,0.08051350133494854,0.002148742128905575,0.2837490111611819,0.0009249223219381777,0.0007068515117921761,0.030412535605210192,0.3246496095395258,0.560261698943199,0.0010956489565699073,0.002695957598152768,0.006017760836280688,0.0121028412207942,0.016137636319623352,0.014384773918279805,0.01482043564363271,0.01320979993987157,0.009736769913387117,0.007273023696145918,0.003959820607714517,0.0024211059428784444,0.0015417943808355588,hard-like,ok,0.13489921397747107,0.2258530557052886,0.14915162698875803,0.2872143970032718,0.553950460181696,0.12921735863029524,0.2163065602494465,0.15256601237718728,0.2802463397449465,0.5670148987261059
5100320107,Cyg X-1,BH,3,59720.00046,True,0.0005350442528571019,8172544,0,20,0,2986.982603341341,876.655859375,7.0,1679603,422739,141897,0.2516898338476414,0.335661010694542,0.012393519149440377,0.0008440259104421652,0.11132618357529543,0.04355069704381685,0.0013655574084178875,0.20868803761552038,0.025255570044776087,0.0007408564204282978,0.15892001146732934,0.07831832095121097,0.0018912706526432843,0.2798541065469845,0.0012123879457381533,0.0006317048601698906,0.03481936165035415,0.31364537310029156,0.676537805574469,0.00126870750352724,0.002709686438426253,0.0042233553555921345,0.008347403394770324,0.013097872263776289,0.013569819665786067,0.013849832824878245,0.015032908319564572,0.010368907975239426,0.007708287210933736,0.004412883006640603,0.0026598287572017505,0.0011239273508844366,hard-like,ok,0.10925884503397233,0.21229532005637985,0.15926308802209405,0.28265515587189305,0.6716093861689274,0.11331605933905843,0.20509048724572576,0.15858299582410776,0.27708094199565664,0.6814753375652906
5100320118,Cyg X-1,BH,4,59760.02384,True,0.00018708784407283203,15584035,0,16,0,2586.9968190193176,1378.419921875,7.0,2235209,450010,137785,0.2013279295135265,0.30618208484255904,0.006272885117333692,0.0007316312871239152,0.07920154744279743,0.0455109068165481,0.0013098900839488626,0.21333285451741393,0.030419120514455687,0.00042548112647370116,0.17441078095821855,0.08939946282417625,0.0015668888198013431,0.29899742946081703,0.0009089603829649618,0.0004924910192829623,0.0301489698491501,0.32239918241987475,1.0570891938493323,0.0006126232689661805,0.0014597269220587208,0.002221043092853298,0.00430384084806625,0.008289288714345673,0.01674684844102655,0.018620968082960685,0.014535080625611754,0.01602611572141455,0.011295811371847675,0.005224968765991028,0.0026126190875486715,0.0019922978823126354,hard-like,ok,0.07951814592936769,0.2116805447529257,0.17663730025663424,0.2996515978286161,1.078337734162525,0.07888317355206342,0.21497505316616858,0.17215187057747552,0.2983407866221299,1.035861742365238
5100320126,Cyg X-1,BH,5,59772.14005,False,0.00010657696212086421,46468969,0,17,0,2499.1791743040085,3246.650275735294,7.0,6292472,625472,146767,0.09940004500615975,0.23464999232579556,0.0009896649392865137,0.00010272626047212196,0.03145894053026124,0.003493930648582204,0.000277010164437738,0.059109480192116426,0.008335645328942898,0.0010176708535073035,0.09129975536080531,0.016970657297068217,0.0015408314693429509,0.1302714753776444,0.00022244437060400807,0.00016727426027509957,0.01491456907201841,0.1460834849407136,2.0153306219886624,0.0006358301405578004,0.00043981286106713386,0.00026244219926795494,0.00044109320568508267,0.0006414332966787641,0.0010110986960729625,0.0016654239690298384,0.003156227082059893,0.0052017096069499865,0.004191267386760512,0.0021450803346929055,0.0010808317030625086,0.0004681340905383528,hard-like,ok,0.03201086902979704,0.0586553011476796,0.09146181152986614,0.1306877349098281,2.1950056863067626,0.030778154462920537,0.05965419458692297,0.09110336139362508,0.12976622055337092,1.8172323135566941
5607010303,Cyg X-1,BH,6,59866.0794,True,0.00045351049561772873,11140724,0,28,0,4506.248755812645,721.4821428571429,7.0,1935770,487029,162993,0.2515944559529283,0.33466795611760286,0.0070281695918714224,0.000496118425627207,0.08383417913877025,0.04137246109874168,0.0010771353191090835,0.2034022150782574,0.029249472680406573,0.0004103041499265914,0.1710247721249953,0.08144165921107174,0.0011343741917704817,0.2853798507447079,0.0009823614541287105,0.0006455339914587584,0.03134264593375471,0.31026123643157166,0.9583531086513122,0.0007198249130478318,0.0015188732611718168,0.0025537637881978483,0.0051342093316469745,0.009434476534178744,0.015089429129461079,0.014489889168502912,0.01422244172790912,0.01520702042995119,0.009026325492631203,0.0045219260052743555,0.0021535705024248895,0.0021902845476496524,hard-like,ok,0.08806359194626984,0.20485697037863002,0.17202403171525285,0.2871476820586785,0.9221593067281724,0.07915527580263655,0.2018649891131538,0.1699702895593627,0.2835136451399374,0.9992401220403021
7706010110,Cyg X-1,BH,7,60500.1412,True,0.00033444710330242806,4719365,0,35,0,4928.415799975395,321.9296875,5.2,1072758,276454,93033,0.25770397424209374,0.33652253177743857,0.015407164909766003,0.0008596639109884998,0.12412560134704687,0.04789616180783477,0.0010770923943628158,0.21885191753291716,0.02362331566448043,0.0006095935385376384,0.1536987822478774,0.0808898322495516,0.0015488522311973335,0.2844113785514771,0.00021872458214986358,0.001118504550061518,0.01478934015261883,0.32281522832244186,0.5816007452198456,0.0014726121298467658,0.0027547993415915862,0.005492477642778237,0.01196562681727689,0.015071010711934351,0.01366265406666886,0.014236562885805912,0.013650554399565052,0.010092956516460316,0.0072754877919383445,0.004598826340875654,0.002770317958951833,0.001165785033176476,hard-like,ok,0.11860398817110687,0.21702243302163646,0.15077158785571051,0.280739954745127,0.5949357547580205,0.12963922145126072,0.22074563134679204,0.15669629701272267,0.2881942641862955,0.5688700109257347
1100070102,LMC X-1,BH,0,58423.23432,True,0.0023573080593249124,773577,0,24,0,3321.6457812786102,74.76920572916667,7.0,201909,23742,4040,0.11758762610879159,0.17016258107994273,0.00023252576772156227,0.00014555214975584856,0.015248795615443282,0.0013838961237978519,0.000556642506897625,0.037200754344473334,0.0008516869991456325,0.0008123527048537156,0.029183676929846115,0.0036688312875239985,0.0017353012909165696,0.060570878213246984,-0.0024561513009349104,0.005511662977696019,-0.04955957325214686,0.09617276717620775,7.433828354268801,1.6918325584634387e-05,1.8580190048450418e-05,-4.521159679842481e-05,0.0007233685771355486,0.00028885857999574795,0.00014863677835223299,0.00043179730864986086,-8.223365468415309e-05,0.0009843127079657834,0.0015902891646503783,0.0007573632035110425,0.0013518785646994386,0.0030646429972185233,soft-like,ok,0.018652351968308018,0.04948274242825367,0.02945445872101025,0.06304034232492862,9.009700631933459,0.010857637140803615,0.018059424563525803,0.028912136769570777,0.05801339485504085,4.915233115781913
5100070101,LMC X-1,BH,1,59871.79213,True,0.003188033031000406,462299,0,16,0,2412.86301279068,61.38232421875,7.0,109181,14075,2455,0.12891437154816315,0.1744227353463588,0.004297920644867392,0.0010019266810279682,0.06555852839156316,0.005243832847770702,0.0010772834228584467,0.07241431383207814,0.002460345734343808,0.0012724875774046166,0.049601872286676923,0.008092521456527552,0.0026694476886832837,0.0899584429418804,-0.002019788613309698,0.004961740692936903,-0.04494205840089768,0.042239506606234045,,0.0022852823196199542,0.001515848803102882,0.0015823152728221363,0.0017482573289939157,0.0021475604050838633,0.0010347514150766744,0.001524862099446502,0.0005024347827318473,0.001946069119724083,0.001746865456257417,-0.002003048573195544,-0.005276928581876064,-0.006970093929449579,intermediate,ok,0.06255684763139416,0.07396923212568154,0.061140933963375756,0.09647540964006111,0.25608712873817785,0.06827733725490492,0.07091165502103042,0.035372588777489354,0.08332405269311097,
5100070103,LMC X-1,BH,2,59873.0125,True,0.0037098986842165234,696163,0,20,0,3239.560628116131,66.826171875,7.0,149785,18349,2941,0.12250225322962914,0.1602812142351082,0.005439350439687694,0.0015070460996389743,0.07375195210764048,0.004201992719780908,0.0010870731641695992,0.06482277932780195,0.0010775954483322556,0.0013350964082024068,0.03282674897598383,0.0076378598111645065,0.002336327255913312,0.08739485002655767,-0.002838954618249444,0.00531716735036556,-0.05328184135565741,0.069072755898825,0.2134965034500678,0.0016246287478070796,0.0027212999513379307,0.0014746838595382852,0.0014733295281321283,0.0016594963942106221,0.0011732700847177755,0.0011318799503385348,0.0010354689241111215,4.9509915414460275e-05,0.00019205977854894692,0.002583332122321405,-0.0043020143315218055,-0.006045899317497821,intermediate,ok,0.08263684475192752,0.07735939583357881,0.02834551536105947,0.08702789366322675,,0.06446838302374247,0.050555898664785784,0.03647941026175053,0.08773236495582126,0.3010915791772294
5100070105,LMC X-1,BH,3,59875.01376,True,0.0064312893139846115,923124,0,25,0,3945.7282378077507,75.3934375,7.0,210329,25616,5314,0.12179014781604058,0.2074484697064335,0.0025678437125266325,0.0005833243249880033,0.05067389577017572,0.003141045499463598,0.0007078959024446022,0.05604503099707946,0.0001364734355242835,0.0009249295233243089,0.011682184535620189,0.004236938475206254,0.0017084058282069256,0.06509176964260731,0.0014773045672355632,0.005204463446826419,0.03843571993908223,0.04358040418163124,,0.002742081068896231,0.0009628359060378677,0.001074757894747988,0.0009723706005780486,0.0011060032354985262,0.0009494469343325253,0.0006945287983064155,0.00010675803708828319,-2.1338759075140287e-05,0.0006053373115684682,-0.0017919680554968733,-0.00021628782375069267,-0.0052852735200973056,soft-like,ok,0.04950615810574838,0.053217660477198836,0.021215888982506172,0.05797763049267176,,0.05194509696174931,0.05903838019033607,-0.014603713392916587,0.07220283169801817,0.05988523821960146
5100070106,LMC X-1,BH,4,59876.36971,True,0.001824229375894388,489510,0,14,0,2109.8860009908676,73.109375,7.0,115953,13268,1791,0.11442567247074245,0.13498643352426892,0.0026459149873339495,0.001160035153460335,0.05143845825191449,0.002584644315583768,0.0008296317567517474,0.05083939727793562,0.0005783700269816698,0.0011541576016159604,0.02404932487579786,-0.00016930385895359677,0.0023248238682991953,-0.01301168163434676,-0.011399841650090416,0.007428210070360236,-0.10677004097634513,0.0,,0.0013984774759490857,0.0012918587019072503,0.0008823078543795325,0.000631017193824905,0.0009418757527509388,0.00066294359828524,0.0008156073968996855,-0.00011067058456504395,0.0006939894164168787,-0.0013440694874344013,-0.0033080294842550437,-0.0005954711519420073,-0.006878152274078561,soft-like,ok,0.049420673793106606,0.0448393835232409,-0.021176256950967552,0.03464996599230971,,0.05345351730498436,0.05639916855164787,0.040555988761522,-0.039900874929913975,
5100070107,LMC X-1,BH,5,59877.20816,True,0.0029529985529771156,591599,0,14,0,2575.655001938343,72.03962053571429,7.0,114374,12997,1724,0.11363596621609806,0.13264599522966838,0.0014609262346457525,0.0004958611264685047,0.03822206476167598,0.001820381354595835,0.0006391093360382511,0.042665927326097516,0.001303795266033121,0.0011816908247730522,0.036108105267835935,0.0009443143073706039,0.0030331061429785407,0.03072969748257545,-0.0123180382864938,0.007200779640107906,-0.11098665814634569,0.0,,0.000774335770004489,0.0007798024444356917,0.000493149743820651,0.0003281632741962906,0.0005625678907075275,0.001271858778733998,-0.00013629396105667628,0.0005928478365204836,0.0006930068479167415,-0.0022448145047745645,-0.0002534590388081503,-0.00016976872557544585,-0.005574606446558173,soft-like,ok,0.04060304344839436,0.03067481475730909,0.03295605820074845,0.052284609406208035,,0.03562647940732606,0.052139796661299635,0.03906568309979512,-0.029718368268304075,
5100070108,LMC X-1,BH,6,59878.2419,True,0.0020617934585830952,631780,0,20,0,2790.150291979313,71.186328125,7.0,160872,18654,2711,0.115955542294495,0.1453307601586791,0.00190659126658844,0.00038459619357040863,0.04366453099013477,0.0023831804789421146,0.0006904469927604729,0.04881782951895869,-0.001125468659770433,0.0008335190156761505,-0.03354800530240856,5.672048452129982e-05,0.002123914652035941,0.007531300320748059,0.0013174542060393618,0.006829197077637348,0.03629675200399289,0.0,,0.0011803221401887561,0.000665676570240703,0.00078925753046641,0.0006312749007987281,0.0009261898447440251,0.0004021239154424813,0.0008595041302122647,-0.000832637786524986,-0.0002770860196195042,-0.003013268569046333,0.001551753638381968,0.0010496840454809566,-0.0058090010414767095,soft-like,ok,0.04077217939967185,0.051972037240943465,-0.04613384563910167,-0.0342678814015191,,0.04646066304278882,0.04533364174675825,-0.009521169245535397,0.03642733456248795,0.8897334767904372
5100070110,LMC X-1,BH,7,59880.03941,True,0.00389948006932409,234931,0,7,0,1119.9369269609451,66.21763392857143,7.0,51733,6527,1071,0.12616705004542556,0.16408763597364792,0.0038795817533628586,0.0007293110051560782,0.06228628864656216,0.0035654310419003356,0.0011400780244139807,0.05971123045039631,0.003942717408570708,0.0015879162415606664,0.06279106153403291,0.004454953647365806,0.0026364655119246517,0.06674543915029556,0.0027742025282220385,0.011374641321765244,0.05267069895323242,0.014626174027402484,,0.001750641351441804,0.0014814350556511115,0.0008314705540046621,0.0018172051665255738,0.0008261359518389039,0.0009016559239609195,0.0015541849735592355,0.0014200971164010081,0.002555545461892488,-0.0030925247361698114,-0.00804521660759738,-0.0030039198213525587,0.0012172145765239064,soft-like,ok,0.0497126477840745,0.06623512129244556,0.06554252222238766,0.05119661076284419,,0.07716256556877882,0.04852873049431861,0.05850261777732989,0.08459566437067298,0.855348871832389
1101010119,LMC X-3,BH,0,58265.86964,True,0.0008006631374691509,631761,0,12,0,1639.9858078062534,64.71614583333333,7.0,87064,10992,1348,0.12625195258660296,0.12263464337700146,-0.0001795044237946004,0.00024528785272988845,-0.013397926100505272,0.00035440123093584,0.001171863501643333,0.01882554729445707,-0.0007132092257801724,0.0010939784839574208,-0.026705977341789467,-0.0017213769915197684,0.0030339615592446167,-0.04148948049228585,0.00538597117844158,0.009645970540831694,0.07338917616679982,0.09752675892309216,16.314989482744203,9.12191215800731e-05,-8.42375123967408e-05,-0.0001769209665382445,0.00016439987103893116,-0.00029554439901832214,-3.933014841418087e-05,0.000642956532474723,-0.0016759749569332507,0.0009263391611481524,-0.002308907723074015,0.003784568899820841,0.003035750130951232,0.005447150695403739,soft-like,ok,-0.0022445235500476264,0.03431244669223322,-0.05080618828139692,-0.06320584697053451,13.276181133894914,-0.018730045287028128,-0.021299137286390296,0.03348214862045924,0.022607348060416862,14.9816236057677
1101010136,LMC X-3,BH,1,58532.17014,True,0.13512618514915836,11898379,0,124,0,16974.630420923233,281.23336693548384,7.0,1569991,950461,1943284,0.6053926423782047,2.0445699507922996,0.06123002677448829,0.023906912166664976,0.24744701811597627,0.04465779585358608,0.019243712524532202,0.21132391216704766,0.00806961300305896,0.0029161446860085016,0.08983102472452911,0.059472251793465575,0.02563776976282751,0.2438693334420414,0.0051207818607422705,0.0035531135387807163,0.07155963848946045,0.526665582148398,0.1577830506847403,0.09862791356516934,0.03323078899992089,0.016893173392801785,0.022952541437175605,0.016203772506879828,0.009583201836233266,0.006932179158305701,0.0047494140943297606,0.0034123642054865117,0.004355538982310988,0.011338318821193108,0.02847523049068997,0.020622197929214152,hard-like,ok,0.23171899561265932,0.18064704455535469,0.07451344890088163,0.20183084204920065,0.06652857121687339,0.2626594930684608,0.2388285473081809,0.10325539805712564,0.280650747563988,0.2758354813797472
2101010106,LMC X-3,BH,2,58678.13981,True,0.0011922695243058777,748457,0,4,0,1502.4581989347935,94.212890625,7.0,41369,5981,887,0.14457685706688583,0.14830295937134258,0.00035133910266051013,0.0005650458543508502,0.018744041790940132,0.002034838596705913,0.0020740585659914964,0.04510918528089277,-0.0005510641046706728,0.004001834578885974,-0.023474754624291026,-0.005272864482966031,0.005910299516559025,-0.07261449223788617,0.011169637801010164,0.020986959210017597,0.1056865071852134,0.0,,3.417586896481653e-05,-6.850414957753568e-05,0.00040349291556906846,0.00011537792298036139,0.000108037353864525,-0.0008916109325100859,0.0027947540271425608,-0.0003126975198665965,-0.0003137360229065468,-0.0053319272765710605,-0.009394134788911735,0.0006683392586528154,-0.0002134244983167935,soft-like,ok,,,,,,,,,,
3609010301,LMC X-3,BH,3,58984.41801,True,0.0021051025856151325,1493437,0,18,0,3606.705275118351,72.66319444444444,7.0,145388,19525,2503,0.134295815335516,0.1281946222791293,-0.0002395661969806256,0.00017916814578436985,-0.015477926120143667,-0.0012279694023555833,0.0005687259523125534,-0.03504239435819966,-0.00172966618626611,0.0011787455150212409,-0.041589255658957276,-0.0007378531411755704,0.0022096437966993582,-0.027163452305912265,0.003108348075804706,0.007158590015080096,0.055752561159149505,0.0,,-7.989428127072025e-05,3.202180823127123e-05,-6.76574394506292e-05,-0.0001999424204015279,-0.00029235540750833296,-0.0004391412151653426,-0.00044434909763262515,-0.00095433077536093,-0.000831447238314202,0.0018775231839539596,-0.0006338040327606258,-0.00021283620729094365,-0.000633339346858457,soft-like,ok,-0.019222053104625308,-0.023095907083234894,-0.029251675748815882,-0.01892571139869215,22.143912295080987,-0.010445412928322226,-0.04387933702704354,-0.05106166741619591,-0.033452909521808065,
5101010101,LMC X-3,BH,4,59900.22186,True,0.005576243936624847,2146775,0,33,0,5359.763567328453,68.17755681818181,7.0,249059,33357,5566,0.13393212050156791,0.16686152831489642,3.9723681467465315e-05,0.00011907759924489782,0.006302672565465012,7.174673914874938e-05,0.000511498584823682,0.008470344688898403,0.000957777213448119,0.0008126918085556181,0.030947975918436395,-0.0012786394058959358,0.0014385478021035549,-0.03575806770360971,0.007144696294981159,0.005742040628365516,0.08452630534325488,0.0,,4.095813217553031e-05,9.57743111030593e-06,0.00014642036661757706,-0.00012027520608628523,0.00011727020267926429,-9.626954896477889e-05,0.00012022474751560353,-0.0002806116607536186,0.0011729113019462653,-0.0009146162521797637,-0.0013092100166640344,-0.0001784309690060609,-4.348660982267195e-05,soft-like,ok,-0.007723141457946436,-0.0076290038704376895,0.027295650906258843,0.024949991555939213,,0.012032536431266025,0.014461431903233646,0.03439007923100594,-0.05734628294412783,
6101010109,LMC X-3,BH,5,60083.60741,True,0.0008609790077047453,1557551,0,22,0,2980.9794687628746,98.89595170454545,7.0,236369,36645,5477,0.15503302040453698,0.1494610451630509,0.00016339866868256522,0.00014040288501894862,0.012782748870355125,9.302931710176465e-06,0.0003272898559051615,0.0030500707713389972,5.332327714880597e-05,0.0005041009643884485,0.007302278901055887,0.0004554813414298397,0.00131205963146997,0.0213420088424178,0.002322025062915162,0.004401597199858329,0.04818739527008242,0.0534974822280804,9.482025198122964,-2.512643262507892e-05,-4.975698982871132e-05,7.390241438735672e-05,0.0001306584938290205,-6.708799557885126e-06,-8.288233955468558e-05,3.159918201245056e-05,-1.5708731585412953e-05,0.00014492164783941474,0.00040456954171629375,0.0011407308399942692,0.0006800831003890632,0.00043569867772768353,soft-like,ok,-0.005445432150728388,0.0062059424969754876,-0.019250325432058988,-0.021907952012113353,37.148976849811085,0.018875717110081496,-0.004459153138250448,0.021837491357063595,0.037284829213988485,7.701696699007808
7101010102,LMC X-3,BH,6,60412.70741,True,0.025243530095958127,377267,0,9,0,1524.9465792775154,35.15625,7.0,33645,5067,1788,0.15060187249219795,0.35287152161042035,0.00038539804000418764,0.0007737244131152947,0.0196315572485778,0.004663366649912435,0.0015078483388393945,0.06828884718541114,0.0013635247161222974,0.0028926741585148523,0.03692593554836895,0.01625367545747671,0.005542713046350067,0.12748990335503715,0.023728115228454902,0.015346025797027861,0.15403933013504992,0.20370490240166025,11.7171290643337,0.00021222387253271336,4.716288490101594e-05,0.00025340718765157964,0.00015426800692076078,0.0018487566541598428,0.0011787869239226966,0.0015404622416373974,-0.0009390084461426089,0.0023284539529882346,0.00883823427625762,-0.0011094382095229187,0.009786417062142769,0.01735596085502082,hard-like,ok,-0.019056626553988747,0.06048610175814871,0.04933230117425796,0.11788107521971478,8.997692161500193,0.03551254840682388,0.07641265956673743,0.010561217302806744,0.1378840638313949,13.362079095418068
8101010101,LMC X-3,BH,7,60772.35926,True,0.40990502141871943,2690698,1,14,3,3001.938391149044,259.8130580357143,6.428571428571429,207759,92589,165237,0.4456557838649589,1.7846288435991315,0.04566321528781815,0.0014092957922887757,0.21368953013149275,0.02460858997141534,0.0007363657731109584,0.15687125285218875,0.007905833079824988,0.0003033623987752609,0.0889147517559656,0.03418429217698896,0.0010498608291999575,0.1848899461219808,0.0005942614666484199,0.00024906543018854947,0.024377478677017027,0.5938215665179531,0.01919486300253698,0.27099838077200605,0.029686143383946317,0.01078925132383528,0.007550042786865926,0.007315880971409858,0.00796298103748997,0.006965704366284855,0.004797194616824985,0.0031104398524012893,0.0010069918810240233,0.0018789579814453303,0.0009253740515468868,-0.00036329016324492056,hard-like,ok,0.21524965763289006,0.15801872661136354,0.08986147353720146,0.18635719341567464,0.019181022463417415,0.013831038279924057,0.007514433914066284,-0.059956173307497564,-0.05318527607174645,
1200300109,SAX J1819.3-2525,BH,0,58358.38758,True,0.020039822724645127,137220,0,8,0,1129.9465762376785,40.826171875,7.0,32767,6938,2101,0.21173741874446853,0.3028250216200634,0.000332217160253876,0.00048804651671084627,0.01822682529278964,-0.0007952461805233726,0.0013811990569635698,-0.028200109583534822,0.0024218834628738192,0.003883287942679813,0.049212635195382694,0.006507016956572589,0.005346625797204162,0.08066608306204405,-0.018662127049267802,0.04054298263264361,-0.1366093959040439,0.09327644818261165,10.99052071031513,-0.0001845911086874629,0.0007529328654470733,-0.00043796473622806923,-0.000397162899658001,-0.0008453061686836885,0.000716305079539695,-0.00030365123402027126,0.0013749086239474178,0.001098792912260166,0.0032720398166863544,0.0040478837258035305,-0.009934895882504681,0.009541204791661375,intermediate,ok,-0.019285161179161018,0.02963004619965264,0.04607504978565885,0.06017305103501645,,0.0322955801080443,-0.049842155063940886,0.052188901515393786,0.09705929702158841,13.760511032880615
2200300109,SAX J1819.3-2525,BH,1,58896.11852,True,0.0016796253656800259,260117,0,10,0,1508.8810672163963,60.0203125,6.9,61277,13561,2817,0.22130652610277918,0.20772804365459774,7.346453246895947e-05,0.00039665993147644377,0.008571145341724143,0.00010099586681583027,0.0006942110987646789,0.010049669985418938,0.0007037668270860406,0.002649086868374809,0.02652860394152019,0.0032961918079869525,0.00426970809233052,0.057412470840288284,0.0078018059432812354,0.008943581033166243,0.08832783221205667,0.06090868598773919,4.543517805719874,0.0003101563530675933,0.0002248024847899975,-0.00017115234269654377,0.00014867350008196557,-0.0002441574677923898,0.0004133317575381037,-0.00014756779935825893,0.000194408506846054,0.0004598885869619023,0.002095934252598726,0.0005517205563721664,0.002608285593248715,-0.0027344559529050155,soft-like,ok,0.024173891639671617,0.027160729741131866,-0.06167632505824718,0.013810998468703959,,-0.018809355825638252,-0.020771605522584658,0.06688357270102198,0.07676690800060956,7.518726432066535
3200300116,SAX J1819.3-2525,BH,2,58943.85279,True,0.03678961457370952,222534,0,8,0,1530.2929442226887,24.544921875,7.0,19799,4382,953,0.22132430930855093,0.21748060246462803,0.00017127919714015656,0.0005259007721556048,0.013087367846139137,-0.0013816498517216788,0.002042847859626225,-0.037170550866535174,-0.0045651479508915516,0.005136431686069315,-0.06756587859927192,-0.0023454580793024634,0.010500930884897067,-0.04842992958184498,-0.0015393793364911496,0.027630762369741324,-0.03923492495839835,0.14520386445543068,26.477999969242283,0.00031602472788771346,0.00016509757946950497,-0.00017772537974600455,-0.00035123780450039757,-0.0005997124470340291,0.0004780621828695689,-0.0008882090495703549,-0.0034758250673100114,-0.0009259686196513501,-0.0011421917900426117,0.009307275752548895,-0.007007560417994284,0.02538613258586445,soft-like,ok,-0.0281543195282817,-0.03260206799710258,-0.11719986857260235,-0.15747555802640587,24.42137874892463,0.03288886629601144,-0.04102070466253247,0.06400069077036981,0.13733309508778663,15.045965715724275
4702010103,SAX J1819.3-2525,BH,4,59509.15845,True,0.0009045405325482386,957783,0,22,0,5518.37862598896,42.12144886363637,7.0,96759,18232,3623,0.18842691635920172,0.19871654234313296,0.0005527421704729407,0.0002641129471081683,0.023510469380106827,0.00019037693364541353,0.001006053480037507,0.013797714797944387,-0.0013233279244224347,0.001967765374619634,-0.036377574471402496,-0.0016176955959123541,0.0037062588174134265,-0.040220586717654355,-0.004232396375296732,0.01119661939412095,-0.06505687031587619,0.0,,-0.00013559316757867922,0.0002165384827258685,0.00014647495823260685,0.0002469527309030692,0.0002816943247355385,1.6994000996897857e-05,-7.632907882645946e-05,-0.001214783270458647,-0.00019775096861295545,0.001076279653378526,-0.00033281053048268806,-0.0010812688059926906,0.001051456230289071,soft-like,ok,0.026061545729090484,0.016339573167361,0.012076938859828636,0.03934145919777039,,0.02045054011429252,0.010435158009849291,-0.05372238424808169,-0.0706029701227518,15.408499754326431
4200300114,SAX J1819.3-2525,BH,5,59519.12593,True,0.001451712747133552,1381557,0,25,0,4305.048324048519,84.895,7.0,224757,39629,7278,0.17631931374773643,0.18365338514724067,-3.847994044974933e-05,0.00010351060370669252,-0.006203220167763621,2.0801255485828e-05,0.0003607600170477959,0.004560839340058801,0.0005054728595318885,0.0008733604669090702,0.022482723579048167,0.000579494291598685,0.0015133917525696895,0.02407268766878109,-0.004008289692586354,0.004233088544695108,-0.06331105505823097,0.0727975603260166,22.092075748432006,4.773743471491012e-05,4.155732504724356e-05,-5.004662676259489e-05,-6.14488309427046e-05,0.0001221100601907203,2.3703158352365326e-06,-1.8357416151032848e-05,-0.00026198160334171757,0.0007135909506928166,0.00012313358857190417,0.0013364854285114079,-0.0019644171088284363,0.005268751271882272,soft-like,ok,-0.013085642791384544,-0.019606614645496415,0.03810543806317744,0.045141060429608186,19.11041356830377,0.010267476585874239,0.02144870248937659,-0.02281572687282672,-0.03164124832810779,15.52743477345308
4200300122,SAX J1819.3-2525,BH,6,59528.99684,True,0.0005980553554892479,517482,0,15,0,2487.905503630638,62.46666666666667,7.0,98610,17984,3342,0.18237501267619916,0.18583185053380782,-0.00019366180022720687,0.00020200122132079035,-0.013916242317062708,0.0004431227907355868,0.0009517210674516062,0.021050481959698376,-0.001504404491440734,0.001747348612385643,-0.038786653522065215,0.003043155268337499,0.0032125289476549863,0.05516480099064529,0.007312849592171426,0.007274289325596307,0.08551520094212155,0.043464459762575486,,-9.211841500835968e-05,-8.839627928909903e-05,-0.00018402861365892015,-3.909209094439805e-05,0.00017290465384557863,0.00011961018222449481,0.0003763886423099613,-0.0007101003385794394,-0.0009022296568405315,0.003385674671216623,-0.0006159761577728071,0.0028535987685983557,-0.0023870761036489147,soft-like,ok,-0.017038791821720894,-0.021356155062913943,-0.07451167796682037,-0.06783632045653581,,-0.009276541461254988,0.03800247681707174,0.054787491164633655,0.10748977236087809,7.86791404742748
7200300114,SAX J1819.3-2525,BH,7,60581.01031,True,0.0026943449373870976,200921,0,23,0,3124.8180301189423,21.026834239130434,7.0,48722,10695,2486,0.21951069332129222,0.2324450677886863,0.0005874958623194426,0.00064200970736434,0.024238313933098617,0.0019191361704651495,0.0019330644642705727,0.04380794643058665,0.0045518424995977715,0.0030608792740435715,0.06746734394948249,0.005240424364788872,0.005997580856215625,0.07239077541226419,-0.005740443658066162,0.025295837055828482,-0.07576571558472976,0.08977490843324204,1.4051084315612254,0.00023571167699254624,0.00016237282580814865,0.0005467951729475846,-0.00026537637741333886,-6.541792424469997e-05,0.0018843373113427622,0.00028004904731786706,0.004530625260835833,-1.491078421179282e-05,-0.0009418032066444493,0.0011827122565349131,0.0014407854320996844,-0.0009163465071680653,soft-like,ok,0.04159936761558936,0.05143784790957603,0.03751400334926278,0.08985639222346889,,-0.026212784809531042,0.033297952476083574,0.08976867119777551,0.045611724881811755,11.492142023435623
4202230114,4U 1543-475,BH,1,59389.99236,False,9.45725782474795e-06,46712662,0,15,0,3830.1269548535347,1377.015625,7.0,2270801,336393,36676,0.14813847624692786,0.10902723897346259,0.019810203668909804,0.0014591336041955344,0.14074872528342772,0.17030411038753066,0.004177174965683406,0.4126791857939175,0.4100058268882098,0.006525725159741104,0.640316973762378,1.1844371043874709,0.020571764622671723,1.0883184756253432,1.0904343713150586,0.015177741327637273,1.0442386563018333,2.7217825117436476,20.052429226700976,0.002270644499216316,0.0040925302527485136,0.007650676541062394,0.01190796681214207,0.02578671954882309,0.050306014622737344,0.08544985488684524,0.15840677961979796,0.2565195986604936,0.4189365720551193,0.7174029809077102,2.8624869888271474,2.8068827139997166,hard-like,ok,0.1443042205022359,0.4129662264835049,0.6362138719724564,1.0861662338829166,20.00740221064374,0.13641382100789176,0.4123386505071193,0.6451472507093706,1.0908643804063638,20.105023242448176
4202230162,4U 1543-475,BH,2,59461.04882,True,8.86165566384339e-06,31044953,0,8,0,1224.9995901882648,6808.8896484375,7.0,6293421,635598,43284,0.10099403805974524,0.06809964789064786,9.7132746230692e-06,5.003735544919289e-06,0.003116612684160353,-3.841139694488331e-06,9.700668642761095e-06,-0.001959882571606863,4.905469336593058e-07,2.209165294315368e-05,0.0007003905579455693,-9.930116172412945e-06,3.8020171692658394e-05,-0.003151208684364294,-3.9635266813640744e-05,9.959893680995791e-05,-0.0062956545977079096,0.009302727389553258,,1.5303478799287707e-06,3.391773501068448e-06,6.459680513746718e-06,-1.5974935333340995e-06,3.669603036309657e-07,3.8464207325586016e-07,-3.028034874177433e-06,1.02079374544321e-06,-6.356398673934964e-07,-6.972344979269508e-07,7.7190523059035e-05,-2.549271534094897e-05,2.764713392201634e-05,soft-like,ok,0.00310205889193211,-0.0013485891955317044,0.0031523036041560476,-0.004827470870386835,,0.0031311792098088834,-0.0024238058703493983,-0.0030014101643223495,0.0018758004649954093,
4202230170,4U 1543-475,BH,3,59470.13704,False,0.00010270564776700528,45650373,0,8,0,1892.82236084342,6373.3408203125,7.0,5908104,573412,44785,0.09705516355162333,0.07810265568212733,2.3214538848925456e-05,6.161612547932237e-06,0.00481814682724857,2.4855341782917504e-05,1.2497511898190085e-05,0.0049855131915297855,5.8174270465941285e-05,2.614407504259155e-05,0.007627205940968245,0.00010936174712071665,3.9226496700246966e-05,0.010457616703662295,0.00012382621136637243,9.539208055007968e-05,0.011127722649597825,0.014815520116522428,,8.267504582641109e-06,8.573244408386268e-06,1.1208942701561917e-05,3.1989068259604427e-06,8.481851261989959e-06,1.2552783978907324e-05,2.6480766892782284e-06,2.15979555585278e-05,3.798238967317232e-05,2.1429811096846657e-05,1.7615309648898458e-05,-1.4493379822754745e-05,8.043623971966495e-05,soft-like,ok,0.005703250399740307,0.006467935656933749,0.004621543255818007,0.009101924747666551,,0.0037346355803625727,0.0028212463782403877,0.009737044723648143,0.011651134272069987,
4681010101,4U 1543-475,BH,4,59636.39028,True,0.0015780830696519406,461291,0,21,0,3038.812188833952,41.294642857142854,7.0,82881,20826,7293,0.2512759257248344,0.350187265917603,0.035566840397439105,0.0023408037515013943,0.18859172939829336,0.06861474538015887,0.004115933325085315,0.26194416462322434,0.03178020303483408,0.001599358462699815,0.17827002842551543,0.1136602621376306,0.004594594308099848,0.3371353765739078,-0.004154116305351701,0.0112199820015738,-0.06445243444084715,0.4004769074595872,0.44267000530685324,0.004249854818891411,0.0064185168409267865,0.01674553925134763,0.017595386323539814,0.019667791661505014,0.023440453681639502,0.02014956186517245,0.014156760041628821,0.017787779146672036,0.013627823028184417,0.00032060723107633606,-0.0003802430994622451,0.0066019226172728,hard-like,ok,0.19692472353083199,0.26579975664359995,0.18552087095954403,0.34322954662034877,0.6631797034504683,0.17960690022455908,0.25791348881250287,0.17048119230047207,0.3307423349560493,0.3791550396263255
5202230222,4U 1543-475,BH,6,59738.3775,True,0.001040308668799958,330523,1,14,1,2177.9373340010643,34.84765625,7.0,47157,11422,3868,0.24221218482939966,0.33864472071441076,0.01350420904100137,0.0017477724749375052,0.116207611803192,0.05276923854368475,0.002127725340493283,0.22971556008177754,0.036205726811295504,0.004555417516066333,0.19027802503519817,0.10592292725745003,0.007025153264143803,0.3254580268751257,-0.010566789998126415,0.014220471693197923,-0.10279489286013394,0.3790144826866386,1.2341464337242465,0.0012247471474281099,0.002187868481454564,0.005395224704287485,0.010071711382413969,0.014191132173317073,0.012848698915690186,0.02129774259907209,0.02021644184615557,0.01627035429359067,0.013461206897945659,0.00935212822663485,0.006616475401675545,0.010518246016554508,hard-like,ok,0.10362932576232639,0.23738818483001045,0.17885045166202157,0.3383248982199398,1.0927338423129436,0.12736094683427493,0.22191953062457653,0.2008727863085593,0.31230135570255463,1.4286263332040687
1133010121,GX 339-4,BH,0,58138.27084,True,0.0022746606502200687,4117295,0,16,0,2704.9369523376226,19.83056640625,7.0,29709,7914,2990,0.2663839240634151,0.37781147333838766,0.06288207975764422,0.0073383743445196905,0.25076299519196255,0.07423419353444842,0.005151745052804774,0.2724595264152979,0.037535823378245736,0.006211193064903534,0.19374164079579212,0.1360585446155286,0.011823106497221222,0.3688611454402979,-0.027702083305030743,0.0456712195057829,-0.16643942833664968,0.7623849552966624,5.073860214001213,0.014596373438603896,0.017369945516247105,0.020444333212886346,0.03531559072659742,0.021685086140221188,0.020603717625424407,0.02099942545930892,0.024349779844295663,0.013884218145357315,0.017769875780765852,0.030421294149195692,0.21124622396164777,0.13254495606214237,hard-like,excluded (2-10 keV rate 19.8 < 20.0),0.2607301860523919,0.27038101861638936,0.1968663186735945,0.3685701199499084,5.369930027774922,0.23924654084837182,0.2747419035700408,0.19022307461672322,0.3691830157565125,4.729840657710753
3133010113,GX 339-4,BH,1,59246.44258,True,0.0009538390800099786,578767,2,11,5,2347.957032471895,87.48508522727273,7.0,90723,24002,8454,0.26456356161061695,0.35222064827931004,0.08086723594384657,0.008199602928299906,0.28437165109034085,0.06706262692917474,0.004350084790029706,0.25896452832226796,0.05045259207957987,0.0024997357072167226,0.22461654453663885,0.13907311379161683,0.004471737173368032,0.37292507798700913,-0.007956770244662207,0.007473847400768195,-0.08920073006798883,0.5064310942353285,0.2703893905578941,0.02625829036397172,0.022273493430222207,0.03985752980387308,0.024192433270516966,0.018045035001725256,0.01791133072921228,0.02555807343308135,0.027644525069752002,0.022900034214218008,0.017641112169913303,0.004582110878259531,0.003120218733539362,0.006488266110107049,hard-like,ok,0.2841950014626034,0.264448363763401,0.2198229481051291,0.373819576178799,0.2418071207267316,0.28458000753436835,0.25233872612489616,0.23014594029254215,0.3718665435267175,0.3096945431442697
3558011301,GX 339-4,BH,2,59276.1139,True,0.0006632548226940188,3222703,0,20,0,3370.9272444844246,309.67734375,7.0,594542,147831,50401,0.24864685758112967,0.34093661004796016,0.024596153605289,0.0017419345636603752,0.15683160907575042,0.07147212014269723,0.0024043252869189362,0.26734270168212415,0.029489159153989652,0.0008583559428799457,0.1717240785504166,0.1138245108216605,0.002635321054108877,0.3373788831887089,0.00047676550730359457,0.0015272799863957698,0.02183496066640823,0.38555699909621477,0.42928523265562796,0.004718932996424678,0.005561351179655344,0.008878585357608553,0.016625476064358772,0.02655219691782991,0.02347478020140997,0.014842818706446959,0.014427521747481032,0.015194702727185332,0.010571104180257388,0.004902266330105997,0.002505553894927573,0.0003989092483870415,hard-like,ok,0.15909215550833639,0.269001099341613,0.17357827158413588,0.34033902869158456,0.4302545610976362,0.1544846463764164,0.2656353031158063,0.1698061270665181,0.33432327590815447,0.42910958335498156
4133010115,GX 339-4,BH,3,59311.01969,True,0.00010855248874672533,34246443,0,32,0,5349.9896503686905,1757.632080078125,7.0,6608756,551121,39384,0.08339254770489332,0.0714616209507531,1.7550231297389458e-05,4.9552566976880565e-06,0.004189299618956545,1.8297148788118092e-05,2.2327209336822756e-05,0.004277516661348976,0.00010387136913408254,3.365864201769252e-05,0.010191730428837024,0.00019367869524978908,6.048301450980332e-05,0.01391684932913298,0.00018542005073339676,0.00023944506950379914,0.013616903125652204,0.014644753475133308,,5.41826206057312e-06,5.904574761939226e-06,8.098717325169673e-06,2.8031858433638046e-06,1.0925173931864748e-05,5.869888787343518e-06,1.2837716629513516e-06,1.0237193173850292e-05,9.459624373310747e-05,8.969437863204363e-05,6.489696206783972e-06,3.0790964933096407e-06,-2.9931378264871356e-05,soft-like,ok,0.004093440293524199,0.0014751065494839303,0.00901758845012486,0.009542660570877345,,0.004283336229820413,0.005871490465723139,0.011247410490734105,0.01722358104819457,
4133010165,GX 339-4,BH,4,59370.3051,True,1.2477966733146501e-05,12189894,0,12,0,1886.9976450502872,1785.5481770833333,7.0,2521683,209496,11423,0.08307784919833301,0.054526100737006915,1.9643994607869096e-05,9.61202610652427e-06,0.004432154623641767,-6.896392210245166e-06,3.337788729363123e-05,-0.002626098286478472,3.743942441007478e-05,5.526266363198219e-05,0.006118776381767418,6.135406021303978e-05,0.00013266638073198823,0.007832883263080063,0.000349740766428049,0.0003784903046151477,0.01870135734186289,0.006033701529976509,,2.1486222456994372e-06,5.720351390811223e-06,1.587517473657424e-06,7.727373447275422e-06,4.217086426930809e-06,-9.218415991082944e-06,3.5302949604538668e-06,-4.9062166595661425e-05,8.568498569531433e-05,-1.0087176100185758e-05,8.788485144321605e-05,-0.00012130913411938933,2.758136387580174e-05,soft-like,ok,0.002528522121035197,0.0057517843871987585,0.01131661401855282,0.013627873784753027,,0.005740872375915532,-0.006860469602085414,-0.0073224404171117734,-0.007975123331803984,
4133010243,GX 339-4,BH,5,59472.15116,True,0.00011489443187540337,4092828,0,15,0,2265.9964427948,311.6234375,7.0,576663,20392,1262,0.03536207455654342,0.061887014515496275,5.4497868659205564e-05,3.53471905844076e-05,0.007382267176092015,0.0001124951984308812,0.00018805245662534747,0.010606375367244042,-0.00012165040526013615,0.0002436900210273317,-0.011029524253572143,0.0001916315421231735,0.0005992957872059257,0.013843104497300217,-0.0017657630359098806,0.0011536228883386199,-0.0420209832810928,0.013754914321679874,,-1.562281956940432e-05,4.5387408905298474e-05,-2.1982592667588604e-05,2.3009088090278388e-05,8.889542026663197e-05,-0.00010862121366861133,0.00015623679090598117,-0.00019691093249106143,5.9328692489022104e-05,0.000193254979670986,-8.065434928618425e-05,0.00038370692291324516,-0.00033682972756183925,soft-like,ok,0.00906769790271756,0.011124750326235987,-0.0230030867517102,-0.02587348253877329,,0.00477625940884311,0.009981051603476825,0.018548376914938852,0.034288258284088394,
5133010210,GX 339-4,BH,6,59843.02963,True,0.00824838898652607,245258,1,5,0,1197.5266423225403,68.7375,7.0,32029,8646,3317,0.2699428642792469,0.38364561647004397,0.08182169539185766,0.011423270026587233,0.28604491848634134,0.08453449940348247,0.00955010825013021,0.29074817179731755,0.05575498493002394,0.00568775207907345,0.23612493500268866,0.15810223146383395,0.006665239331822466,0.39762071307193486,-0.015300576480574061,0.011161719175357724,-0.1236954990311857,0.5097808050305308,0.25268696770208127,0.020703239187846577,0.028431256517413222,0.036710132294120276,0.024449705416902136,0.021630170084410736,0.024599365572169067,0.03059889975619304,0.02800969137123023,0.02768195871292534,0.017206847802045094,0.0011563210615497467,0.0041741252135648775,-0.005475243812794322,hard-like,ok,,,,,,,,,,
6133010216,GX 339-4,BH,7,60350.3544,True,0.00010112604859675888,5728104,0,8,0,1112.473734498024,1341.80859375,6.75,1250907,111065,12040,0.08878757573504666,0.10840498807004907,2.0107757438128777e-06,1.4763237352088044e-05,0.0014180182452327183,0.00011997437236110396,6.369059681983727e-05,0.01095328135131678,0.00010765023897152828,9.953106291115853e-05,0.010375463313584039,0.0005380451873437099,0.00021962259266060933,0.02319580107139458,-0.0006907839962170249,0.00039862584211932794,-0.02628276994947498,0.025563862448347064,,2.5462911634569212e-06,1.640746781087855e-05,-3.107241951836442e-06,-1.2337216523151135e-05,2.3080959735104522e-05,5.9802298100180995e-05,4.0549155257790776e-05,-4.8465483217421376e-05,0.00015370544786489919,0.00018056033313059767,4.198293056723381e-05,0.00021422614057412616,-1.5440019233850425e-05,soft-like,ok,-0.0052446467820672,0.005868725751870839,0.011346585191482983,0.023302059776400506,,0.005536851205471381,0.014247190925183121,0.009336919223761137,0.02309221091155457,
6203980107,Swift J1727.8-1613,BH,0,60187.54398,False,0.00017036399903382115,48561491,0,14,0,1929.0151486992836,5745.022879464285,7.0,7977629,1763995,553457,0.22111770301677353,0.31375202310664146,0.0024748817942800514,0.00016728078451429737,0.04974818382896055,0.01266224540383193,0.0006735014025117436,0.11252664308434661,0.0241648760789694,0.0004227993698851128,0.1554505583102531,0.040128832507239205,0.0005929126860673189,0.2003218223440452,1.693386352300882e-06,9.956744415981154e-05,0.0013013017914000127,0.21288109806254493,1.171064649713054,0.0002447241888799512,0.0005714936746834405,0.0007816525568157643,0.0016912663168313074,0.00227827933475766,0.003048018027145538,0.006367857752092057,0.018253582684168164,0.0063098529305874495,0.0027750687780422408,0.0015960791617736399,0.0008712882362066137,0.0005291982703310447,hard-like,ok,0.051044124665100596,0.11201607571993541,0.15383137708925027,0.19878633518543762,1.1580140779303014,0.04843182151020241,0.11302954490509437,0.15703619732757695,0.20182958549831428,1.1839216103634218
6750010301,Swift J1727.8-1613,BH,1,60193.03102,False,0.00014798567288484886,48210257,0,13,0,1997.1037430763245,5338.283052884615,7.0,7011311,1439308,432284,0.20528371940711232,0.30034155302409216,0.0016755720984629025,0.0001573946579974078,0.04093375255779639,0.007874830597288366,0.0002106906095831751,0.08874024226521114,0.022416996438976756,0.00029494473229083507,0.14972306582145836,0.033961623948371024,0.00037786497024637386,0.1842867980848629,9.563114459727203e-05,9.592617278022787e-05,0.009779117782155608,0.1945814206972287,1.3704743052919905,0.00016790561984178737,0.0003524079337227113,0.000633898378015946,0.0010292576169358724,0.0018077522248811566,0.002508962605719842,0.003166168992713874,0.015687752184030596,0.006781199198708027,0.0031015976704864257,0.0014313798766727919,0.0007791902421666223,0.0004144567366562436,hard-like,ok,0.04355414120893181,0.08857411587750587,0.15058630244516993,0.18490047300347495,1.3591686646499632,0.03766116384756931,0.08893285568496664,0.14871387836418146,0.1835712637055753,1.3839936057813844
6203980119,Swift J1727.8-1613,BH,2,60200.17959,False,0.0001322348359815442,48553329,0,24,0,3690.8647332191467,2931.0071614583335,5.083333333333333,7354471,1303870,345713,0.17728943386954685,0.2651437643323337,0.0009012119639214379,8.237907458531325e-05,0.030020192603003697,0.00484040722849741,8.928351983322195e-05,0.06957303521118947,0.01148392682308631,0.0001330328457047405,0.10716308516969036,0.020668609990697667,0.00018667064830039424,0.14376581648882208,-5.180585798676178e-05,0.0001772157643828971,-0.007197628636346959,0.15288329729405847,1.9795984224680971,0.00010659229289665115,0.0001778606785514035,0.0002917913777186553,0.0006059602627247259,0.0009505625435117664,0.0016198081624946218,0.002057118758251172,0.0021540819907507436,0.00936836224150207,0.0037471186600153065,0.0012636052284485996,0.0006201777711783939,0.0004102626234593549,hard-like,ok,0.02838767316851204,0.06879080512068865,0.10708950423326798,0.1433167181565251,1.9695650017586146,0.031468675767071734,0.07029583217942206,0.1072317694396286,0.1441840430374683,1.9886786875150988
6203980133,Swift J1727.8-1613,BH,3,60223.0511,False,2.0070744595952017e-05,48105881,0,13,0,2059.741723895073,5587.895432692308,7.0,8198966,974383,124909,0.11884218083109505,0.12819291797989085,2.9984692940176863e-05,6.321475296562634e-06,0.00547582805977113,5.525291599061384e-05,1.136164376348432e-05,0.007433230521826552,0.0001387168500964447,1.8145112959560112e-05,0.011777811770292676,0.00030427997539748903,3.554886195164735e-05,0.017443622771588733,-0.0002501458548005422,0.00010799471055399314,-0.015815999962080874,0.02088717191344523,,7.144589764097958e-06,5.7738977475063905e-06,1.039610703879778e-05,1.8558234861290153e-05,7.378581561181789e-06,2.0527531473574702e-05,2.299915561979298e-05,5.863724036578649e-05,7.968371035930509e-05,6.217871106209721e-05,4.3772199913521196e-05,5.3040272307543424e-05,4.618371846732001e-05,soft-like,ok,0.004757431116380984,0.008567570562149587,0.01096002768938575,0.01747635691079397,,0.006208702073531872,0.005840450758082983,0.012663981493666704,0.017405415481443032,
6203980146,Swift J1727.8-1613,BH,4,60326.21568,True,2.9029045420779736e-05,11931962,0,6,0,1239.9986519217491,1025.6015625,6.0,760323,26257,1082,0.0345340072574419,0.04120805880336672,0.0002723048896718377,0.00032903116840504455,0.016501663239559754,0.00014993725334575556,0.00020207539256441865,0.01224488682453846,-3.518286743584474e-05,8.192322789935695e-05,-0.005931514767396668,2.0850059722763344e-05,0.00035831515261123143,0.004566186562413251,0.000764034209570508,0.00033210113667121423,0.027641168744655283,0.018479493355184947,,4.185953065608288e-05,4.592693771519728e-05,9.097276230625955e-05,0.00017866935889634014,6.248219890207411e-05,-4.7790634411105106e-05,8.865266619064306e-05,9.87728415787955e-06,-4.173129817554006e-05,-8.522464384555124e-05,0.00011977885172743019,9.63419387288022e-05,-0.00021832327818418785,soft-like,ok,-0.005707734953901332,-0.004826312585602858,-0.010647812938314264,-0.010629926289669219,,0.024090768704555378,0.018027007427291943,0.0066200466671869915,0.012493607380439989,
6588020103,Swift J1727.8-1613,BH,5,60383.5331,True,0.0002532145285324922,16769086,0,33,0,4868.701845288277,206.64654356060606,7.0,844318,23936,4621,0.028349508123716418,0.19305648395721925,0.00012630747291111284,5.3008431400577165e-05,0.011238659747101202,0.00035049741772863116,0.00017896638304838855,0.018721576261859767,0.00024374201001926992,0.00027492231995909723,0.015612239109726379,0.0014360786656267997,0.0005065052548540206,0.03789562858202512,-0.001306958812633015,0.001952885373326046,-0.036151885326121166,0.03738330618264844,,1.3643059887137112e-05,7.604352014269175e-06,4.95249871657163e-05,7.09008746274428e-05,-1.3995171974526846e-06,0.00015268955620811184,0.00021658968491112263,-5.095012733281379e-05,0.0002755870902626176,0.0006561496642280771,1.3232625872062259e-05,0.0007481121619564426,-0.0007541728314570913,soft-like,ok,0.012865821485714083,0.015114137670585904,0.00814566423312513,0.03569628632140966,,0.009180653875717903,0.021937982297712735,0.02082789368487908,0.04011847290652129,
6588020104,Swift J1727.8-1613,BH,6,60391.16736,True,0.0012656447756996202,1181164,0,4,0,1384.9711019992828,94.326171875,5.0,40165,6226,1904,0.1550105813519233,0.30581432701574046,0.002797241364453935,0.001021259753734861,0.05288895314197413,0.03271307451415352,0.0024610035524976594,0.18086756070161814,0.027030442391989744,0.0018700861969683361,0.16440937440422837,0.07334896942329376,0.004353882533148979,0.27083014866017735,-0.0016881136214486287,0.0037954682222385142,-0.04108665989647526,0.28415674300170884,1.3455537149996757,-3.454001804888856e-05,0.0006070994590849834,0.000997301417190205,0.001771849846932851,0.003318470055030449,0.009791609541907264,0.018667064536204925,0.015395801100961566,0.01199156231328496,0.013235010126807665,0.00046720356929142023,0.004564260804277039,-2.7638159585226756e-05,hard-like,ok,,,,,,,,,,
7203980106,Swift J1727.8-1613,BH,7,60414.18881,True,0.008043089530952502,648617,0,12,0,1711.981733739376,81.14322916666667,7.0,91296,23825,9515,0.260964335786891,0.3993704092339979,0.015118706150630058,0.0018763555669924202,0.12295814796356547,0.04207084354081841,0.0036704990529921777,0.2051117830374901,0.01814043741717594,0.0018490491308665105,0.13468644110368325,0.06601848323056551,0.005382148065546243,0.2569406219938091,0.0007752333785440289,0.004701028954524791,0.027843013101028217,0.297007556171243,0.5243577704439408,0.0009407573950407913,0.003069548813713052,0.006257983178445441,0.009340719411302491,0.013468139861773615,0.014157425617971106,0.010796838666943722,0.010536323466090394,0.00770300809238458,0.005323557958686762,0.0037887926295531887,-0.00047210834928145673,0.003302501680190373,hard-like,ok,0.11086369666292221,0.20410961527797708,0.1367503071237973,0.2609585494387186,0.7834836248852403,0.134526253744619,0.20616207388672492,0.13247785851515165,0.25263955003298344,0.4107440619554515
1200120116,MAXI J1820+070,BH,0,58208.35299,False,0.0003955013918424281,46934505,0,17,0,2460.5792660713196,2996.064338235294,7.0,4965612,1155107,398717,0.23262127608842575,0.3451775463225485,0.040988299460605074,0.002046964858688212,0.2024556728289061,0.054665841121027126,0.002399193813235869,0.23380727345621036,0.028532287526517198,0.0005739015157451319,0.1689150304931956,0.09782105194788873,0.0022963200222739575,0.31276357196433335,0.0007246473294364169,0.00022811752346683624,0.02691927431110313,0.3945987508884379,0.47226365987564006,0.0026320388424849977,0.00665825801247209,0.018532043733118505,0.024185829047938326,0.02088824012573066,0.013433131517455683,0.01181413530397538,0.01389284692658644,0.01478194344087232,0.011782274189415872,0.007525402969009071,0.006092960041286146,0.0034890700523699213,hard-like,ok,0.20165007297865642,0.23863720294090138,0.17040815951971805,0.31759494319150794,0.44066646643768614,0.20335112123804203,0.22829540864113293,0.16723264214689001,0.30728104760712416,0.5114816817880865
1200120132,MAXI J1820+070,BH,1,58228.1231,False,0.00026130830389573824,46879106,0,19,0,2505.4178070127964,2881.1003289473683,7.0,5373069,1219513,414254,0.22696767899314155,0.3396880558058832,0.01972675715285205,0.00130883331246836,0.14045197454237535,0.06032586014643879,0.0017103595679485832,0.245613232840657,0.022890486985263525,0.00044837288733281134,0.151296024353793,0.09567070782959113,0.0019214839394370905,0.3093068182720697,0.0005048521543859583,0.00016182880339589238,0.022468915291708195,0.35833936385159953,0.6017543564643919,0.0012113115028062566,0.00288485291523333,0.00854521467800489,0.014341108643057895,0.02177030249122617,0.01967700787028963,0.01273428953562629,0.011224508357756615,0.011765819793359552,0.010213758460312583,0.006402072641401892,0.004600090366139069,0.0030367624303548595,hard-like,ok,0.1424567032191499,0.24718511535251608,0.15262789601365054,0.31146294329239804,0.5834358146415639,0.1381391336303538,0.24381514327650783,0.1497685329697508,0.30683889187020735,0.6242539269945672
1200120173,MAXI J1820+070,BH,2,58277.28243,True,0.00032264891372043946,29953195,0,23,0,3284.9989991486073,1259.1443614130435,7.0,2855820,638416,212685,0.2235491032347977,0.33314484599383476,0.008666455098885518,0.0005749510519266291,0.09309379731692932,0.05140028382089559,0.001683092205099884,0.22671630691438055,0.024825154135538187,0.0005764806606930643,0.1575600016994738,0.0889006001212984,0.0020542093328934675,0.29816203668693037,0.0010182716018195502,0.0004603172128823355,0.031910368249513356,0.32914051182400383,0.9447992987517433,0.00062551614563305,0.001375711175099827,0.003468845931511238,0.005928272913143113,0.010182630713661864,0.01843979348908684,0.020471278520065226,0.014073162008861266,0.010952198303889927,0.010155636376522014,0.00616597806205736,0.003686149073002995,0.0028083038112324907,hard-like,ok,0.09019897559796687,0.22404935741701706,0.15555412013565903,0.29499439426157814,0.9542971905840542,0.09610973112176156,0.22954985917338858,0.1596890790620748,0.3015314935713635,0.9351786894969758
1200120267,MAXI J1820+070,BH,3,58389.15565,True,0.00021118102426166677,24633163,0,15,0,2348.816509157419,760.4864583333333,7.0,1209211,193528,57395,0.16004485569515992,0.29657207225827786,0.002056973186960193,0.00015143319279106883,0.04535386628458695,0.02605341145552632,0.0006546233436782492,0.16141069188726725,0.02391087381683667,0.0003807970484021952,0.15463141277514303,0.06378365635705363,0.0010157558472547116,0.2525542641830734,0.001359199766439759,0.0007033841375741989,0.03686732654315687,0.27257190045642127,1.6970094321340443,0.00017089845152930757,0.00036990920733135263,0.0007016764703272514,0.0018859854424933026,0.003595524229992307,0.00824297236431179,0.01317473844930449,0.011485886392311849,0.01256456590325084,0.011269545431410965,0.006066820234336569,0.002684086241170058,0.002082832100655159,hard-like,ok,0.04557947727678035,0.1594438372112848,0.15480503415521155,0.2509510618774664,1.749131330046424,0.04510458646411379,0.1635452541210557,0.15444035346805127,0.25430474794923413,1.6422908474251343
2200120308,MAXI J1820+070,BH,4,58564.34837,True,0.0018945698586675544,1163708,2,22,6,3972.885777145624,60.08664772727273,7.0,127728,30548,10928,0.2391644745083302,0.35773209375409193,0.0686897680603653,0.007093037368917578,0.26208732907251603,0.07510559232859762,0.0030832410197751334,0.2740539952793931,0.027005690097996898,0.0015140686735396998,0.1643340807562354,0.11307460060437563,0.003913450563612649,0.33626566967856775,-0.0021437521658485927,0.01023428373759043,-0.04630067133259077,0.45899585283986727,0.20702720047099496,0.01853552813352886,0.03812077633193039,0.018209392434084433,0.018121003685066698,0.02567179251306073,0.024553968132753907,0.01884019447976186,0.014913300352692583,0.012370622557609231,0.010544673529455295,0.0005659708550934541,0.0033597740301659304,0.0068701958889937145,hard-like,ok,0.2810280949513434,0.28702201695761365,0.16528996818712158,0.346628686370259,0.16823092790553135,0.23944285538087176,0.25898422207586796,0.1632722801967268,0.32444067709326657,0.2876709939906462
2200120309,MAXI J1820+070,BH,5,58565.68514,True,0.0010737436913997973,1685524,1,41,2,5902.920865923166,58.93197408536585,7.0,233425,56496,19354,0.24203063082360501,0.34257292551685076,0.07560688042249487,0.0048654259765911105,0.2749670533400227,0.07867764849086299,0.004079232854133253,0.28049536269047837,0.02887963213697208,0.0014655343211039686,0.1699400839618837,0.1160197530984394,0.004900829967547758,0.3406167246311305,-0.0020939970803530213,0.006846969586333883,-0.04576021285301262,0.4768776553779893,0.16178012678570397,0.028567775679842693,0.03272958035336146,0.027515928608160954,0.021822377492658574,0.026162144741326686,0.02392093933218715,0.02200540421848255,0.017558776339993316,0.011449009964159247,0.007426337609206496,0.004433016446758429,0.0004724840121791185,0.0033485234004916836,hard-like,ok,0.27454772488918455,0.29159708591892164,0.16955261111594572,0.35146552636523903,0.15537133457867877,0.2754352098783267,0.2675358425471291,0.17037233048864317,0.3280604565665338,0.17056031590787105
2200120350,MAXI J1820+070,BH,6,58713.04383,True,0.005498236414734897,508758,1,23,2,4435.37166044116,23.1328125,7.0,50990,12517,4596,0.24547950578544814,0.36718063433730125,0.06255413360281627,0.005866950780028872,0.2501082437722041,0.07410899076250424,0.004775914082303197,0.2722296654710949,0.019496107255884677,0.0055623598464625565,0.13962846148219452,0.10114400688824664,0.008750292459033542,0.31803145581568915,0.04116132878217418,0.02187660544874865,0.20288254923027307,0.4933956741606705,0.16275481217918394,0.05536716977427061,0.022941948632861774,0.02168239189477678,0.027966142259686032,0.02369180229414877,0.02102604433719621,0.018908357296234378,0.013055426021572714,0.006887118884728511,0.007800785697203446,0.005649694211331364,0.01355818922450666,0.004904220751945319,hard-like,ok,0.25786390952339255,0.2740633948822231,0.15565029777644887,0.32323228903557166,0.1556383013248221,0.241144343184579,0.2701652924085836,0.11919797249561322,0.3121156960537745,0.18828783046182493
0103010107,GRS 1915+105,BH,0,57940.76156,True,0.00036761494336546023,2417017,1,19,0,2559.9948424696922,848.2245065789474,7.0,1251682,640419,170781,0.5116467281625844,0.2666707265087388,0.02760305969659509,0.0030816266160060674,0.16614168560778203,0.02935636254193431,0.0016387434800416846,0.17133698532988817,0.0025491958735497223,0.0003497037015511395,0.05048956202572689,0.032518303091793294,0.001858968745747583,0.18032832027109136,-0.000346595295313798,0.0006268514047931866,-0.01861706999809041,0.3341312192694954,0.04152537491022549,0.051358658319965465,0.009775223659977007,0.0040207749240842175,0.02033673704343164,0.011600085218949608,0.007261935032596258,0.003942057963910433,0.0017125486927292112,0.0008592555764007542,0.0004912089167696489,0.0004179219897742212,9.427179909789383e-05,-0.00022700744716674806,hard-like,ok,0.1636430370582382,0.16114159260205707,0.04782559260552103,0.16969749583066757,0.04052298062927239,0.16864833725505463,0.18113139463163194,0.05306534809052426,0.19054642948513387,0.04328053563559142
1103010218,GRS 1915+105,BH,1,58459.25419,True,0.0010206794809115784,203074,0,9,0,1261.9700051248074,92.54340277777777,7.0,65970,29990,10650,0.45460057601940274,0.35511837279093034,0.0019320646665095377,0.0005468652161108905,0.04395525755253332,0.014621491423799598,0.0010563141888708895,0.1209193591770962,0.027977201556751076,0.0009699426170730268,0.16726386805509155,0.053933619068849935,0.002944866381983707,0.2322361278286605,-0.010776190603944373,0.005599457132237675,-0.10380843223912195,0.2478978103385225,1.7696719237957703,0.0002068954118008706,0.0002674805220721332,0.0005067870080881032,0.0016013571395683,0.0028196140626397764,0.004079838425025757,0.007147833832371805,0.016563509756600748,0.011544336900693593,0.007928480469774441,0.00903734537913991,-0.0005079304546774516,0.0002577759175361001,hard-like,ok,0.04079736781662972,0.12237322359392647,0.1708021860545996,0.23804757259033768,2.2516599005320184,0.04766372017849193,0.11904811864598414,0.16266117116244458,0.22464208896784252,1.681077911412605
3103010252,GRS 1915+105,BH,3,59054.24377,True,0.004373686045406045,108836,0,28,0,3779.6760496795177,25.001953125,7.0,48797,27610,13200,0.5658134721396807,0.47808764940239046,0.00023741377263802695,0.00047029552319977877,0.015408237168411802,-0.00045801327961619425,0.0011489887869157206,-0.021401244814640907,-0.0030002225149821484,0.0026314685934786283,-0.054774286987437346,-0.00651632360812713,0.004818346723224303,-0.08072374872444373,-0.01434083926385318,0.01713710352567444,-0.11975324322895468,0.0,,0.0001289517990849149,2.9810811205032933e-05,0.00020073166520353296,-0.00014807545225121644,-0.000248323190557026,-0.0006013446588661416,0.0005022538732947345,-0.0008851729631721892,-0.0020707021068170433,2.1575066883645767e-05,-0.010413441938439058,-0.0027258510151698724,-0.005423996788786211,soft-like,ok,-0.034019073115993385,-0.026912884729632186,-0.0841656804693997,-0.10315356557640495,,0.04054231640678773,-0.013766521134534618,0.03342525703560568,-0.04855739814826606,
4103010225,GRS 1915+105,BH,4,59407.06991,True,0.0003329680401131194,1966660,0,44,0,7376.559719204903,240.30628551136363,7.0,816491,430963,105951,0.5278233317942268,0.24584709128161814,0.004244836779211619,0.0015466962529932101,0.06515241192167501,0.01716387943141894,0.0011048595970148943,0.13101098973528494,0.0023908482114787266,0.00028045256601559414,0.04889630059093148,0.02051379353595507,0.0012660196590930253,0.14322637164975963,-0.0008409857782374322,0.001542001409964288,-0.02899975479616047,0.16007432906738747,0.24739345796497703,0.0013116428620673708,0.0011833984014800055,0.0012611248199267855,0.0026652160904172273,0.008382262063144245,0.004571781311475324,0.003326129636026336,0.001549975876254663,0.0008596762233846932,0.0007260171930446632,0.0005406293604765161,9.021648304492981e-05,-0.0008442794943685143,hard-like,ok,0.0748747057478106,0.1341474921050101,0.053367414571905906,0.1457291177525945,0.23819875634170742,0.05382695636235119,0.1278307246325587,0.04402590490627591,0.1407053283323534,0.27297049797771816
4647012701,GRS 1915+105,BH,5,59459.2375,True,0.00042810452501879673,728363,0,32,0,4420.834998816252,147.25390625,7.0,388946,176396,37810,0.4535231111773871,0.21434726411029728,0.05766391016468585,0.004149909796599578,0.2401331092637703,0.11068229999082922,0.0027954338430406143,0.3326894948609427,0.055809433396194194,0.002867134812042928,0.23624020275176322,0.1709489353554046,0.0035464252635757547,0.4134597143076996,0.005155182554183742,0.003023568873312362,0.07179959995838237,0.5105916901753723,0.219146713984124,0.03468975252754896,0.03249615050184987,0.017953933196351628,0.009703696935317566,0.013160843538761619,0.0340397018104364,0.0602156098032474,0.04731189213011684,0.009273815635627932,0.0037579658747096925,0.0019272696221382475,-0.0018395927388581545,-0.0019871647611045323,hard-like,ok,0.23046663414875776,0.33917180111818357,0.23526019257301944,0.41684223448450713,0.2249895294020967,0.24941696590307183,0.3260844084152261,0.23721528044414913,0.41005240009678073,0.21351402345391246
8103010208,GRS 1915+105,BH,7,60767.08205,True,0.32881590661786525,37604,0,4,0,1046.8420099020004,24.583984375,7.0,3320,3057,6210,0.9207831325301205,2.031403336604514,0.029236376753471842,0.026349590759881483,0.17098648120091786,0.01618931244697031,0.01499519990509858,0.12723722901325032,-0.0010203179986670665,0.0052074071162413645,-0.03194241691962377,0.005304807244735352,0.022056435476447537,0.07283410770192322,-0.008367417191758961,0.051590225675669676,-0.09147358739963662,0.27484860160258856,0.056185131935587856,0.05196507351805469,0.015156910552904714,0.008235464537579475,0.006795737617208686,0.006727010210731259,0.004131399716021437,0.004595333380795084,-0.0013601823348735249,0.00012369752140795504,-0.006054019063240708,-0.0018041775323715495,0.011690632102614687,-0.024661126423933734,soft-like,ok,,,,,,,,,,
5202800107,1A 1744-361,NS,0,59739.02498,True,0.00034710921711904444,4004138,0,38,0,5205.975548505783,301.97964638157896,7.0,1106372,289258,73199,0.2614473251311494,0.25305782381126884,0.0011476447855446124,0.00013595935447585517,0.03387690637506047,0.0010558174803038875,0.00011401778023672265,0.03249334516949413,0.0008262975049969317,0.00018909497997861887,0.028745391021813074,0.0026576219401060934,0.00038195420430449584,0.05155212837610192,0.0011192092739073214,0.001183016452910666,0.03345458524488566,0.07312288200532507,0.8464413115817663,0.00042502829679677063,0.0005257435238089969,0.00040524702121438536,0.0002950064941020623,0.000335189896600131,0.0002437296184960795,0.00038921068922128234,0.0006009519355456369,0.00023468059185685725,0.00046646790612037706,0.0010118394555440687,-0.00017179731306462767,0.0005856577565226738,soft-like,ok,0.036280979447901485,0.030218655282402397,0.028799597346974553,0.052325462070755835,1.1731344170696238,0.03136999370890891,0.034556583794610476,0.0286927247934758,0.050790916780365285,0.5612808448058987
5202800112,1A 1744-361,NS,1,59747.03751,True,0.0003934062632135716,1648233,0,16,0,2247.9933492541313,285.908203125,7.0,442284,114213,29043,0.2582345280408064,0.2542880407659373,0.0005651416946993575,0.00010604554514770295,0.02377270903156301,0.0007487221129634721,0.0001713713650716338,0.027362787010161666,0.0009943878194035253,0.0003375422820048652,0.031533915383338065,0.0018240592401840903,0.0004933503535066435,0.04270900654644276,0.0016023352040267123,0.0019184534287885557,0.040029179407361226,0.0,,0.000331214965202257,0.0002494385943681584,0.00014077665365782352,0.0002358928216410566,0.00022936066215530434,0.00028915655314947647,0.00017703545278269293,0.0006664339086908696,0.000320156980620973,0.00010970329024768558,-0.00019464464381366083,-0.0003357519088277715,-0.0023893994270926594,soft-like,ok,0.018557941691664404,0.030465312951377582,0.03945816929205683,0.03877989122815002,,0.027859975321135128,0.024024970696613787,0.021367473160863598,0.04615363020063295,
5202800128,1A 1744-361,NS,2,59767.2859,True,0.0019737702847191833,1090391,0,11,0,1720.9669260978699,257.19389204545456,7.0,264282,75160,22687,0.2843931860663988,0.3018493879723257,0.00033844183764440163,9.974634094204741e-05,0.018396788786209445,0.0005827767140998741,0.00022355398495030193,0.024140768713938544,-0.0003735366081328341,0.0003953452461915345,-0.019327095180932754,0.0003007259502845838,0.0005471742575832958,0.017341451792874316,-0.004165793515788216,0.0019744861541008056,-0.06454295868480323,0.04169703279720643,,0.00011976268220669293,0.00020622142678838252,5.6702894809217506e-05,5.9769057020905816e-05,9.637626484523422e-05,0.0004989931478395768,1.6298520589124782e-05,-5.531819316230008e-05,-0.00033136117511869994,0.00018122715225651418,0.0006308526497204565,-0.0009110694314641628,0.0011701875477603662,soft-like,ok,0.019679211367573012,0.02527467313387758,-0.022497087243022563,0.009567858279721893,9.872295672310672,0.016722710248829792,0.022700470509689173,-0.014625385759351475,0.02350723135694302,
5202800141,1A 1744-361,NS,3,59805.49398,True,0.0006934919631986932,390522,0,14,0,1815.9762614369392,71.48549107142857,7.0,100896,21080,6126,0.20892800507453219,0.29060721062618594,0.00019900575373800523,0.00025232741355911946,0.014106939914028315,-0.0005538799342727163,0.0005675783372807702,-0.02353465390169816,-0.00314479276780694,0.0009709617012535279,-0.05607845190273123,-0.006362255361020492,0.0016618317014072677,-0.07976374716010082,-0.005947043010466284,0.009201143875494344,-0.07711707340444322,0.0,,-2.7679504818285244e-05,0.0001081562012579692,6.253597372221908e-05,3.069843594586976e-05,-1.625354418537995e-05,1.9981357265489505e-05,-0.0006676852103433208,-0.00035262334288009746,-0.0026844768191244006,-0.0019510077603388258,-0.0014332388636316533,-0.0033970498589137024,-0.0038219810778484142,soft-like,ok,-0.017285507816597115,-0.020288452292714917,-0.05041188089544354,-0.07342854246455373,,0.026439642685525296,-0.026396644381472576,-0.061245086688133686,-0.08565719529104193,
5202800144,1A 1744-361,NS,4,59808.65486,True,0.001062013523868418,244684,0,13,0,1729.9337732195854,43.03245192307692,7.0,56536,11625,3445,0.2056211971133437,0.29634408602150536,-0.00022897289497491162,0.0003299803849349047,-0.015131850348682134,0.0030683744328882665,0.0016270621290035358,0.05539290959038229,0.004876575604081019,0.0019047699258025305,0.06983248244249247,0.00682301025646212,0.0032497776298696054,0.08260151485573446,0.027065669313491556,0.01451170129325872,0.16451647125285526,0.0,,0.0003443930335764342,0.00011924822337430185,-7.255573396210726e-05,-0.00036245612987255286,0.00045261667410445973,0.0011318800204910275,0.0016962208129837556,0.0023484557215511922,0.0024025675533242965,-0.002346767113367763,0.004314374576209316,-0.0067993685409167975,-0.004207332792302375,intermediate,ok,-0.018867018186298778,0.042570422254003266,0.08173318829989715,0.07968337617076347,,-0.009100096096851374,0.06718723364032608,0.0529203035763566,0.08583744267201215,4.244084596626559
7202800102,1A 1744-361,NS,6,60513.18588,True,0.010120083167140493,132063,1,6,3,1298.914834201336,30.213541666666668,7.0,16347,4881,1976,0.2985868966782896,0.4048350747797582,-0.00044014153493237516,0.0007417150718832068,-0.020979550398718634,0.012028569722879825,0.0021625349677199808,0.10967483632483718,0.025376459289935503,0.0018405441230540142,0.15929990360931015,0.04687871968346646,0.006113392387109209,0.21651494101670318,0.0681172795842845,0.03389936198646386,0.26099287266951277,0.19938899190858428,2.0682881882064352,0.0001947046634662716,-0.0003540716305920072,-0.00010748360855488698,-7.117700251392512e-05,0.0014547448269886336,0.001737994074418962,0.008742198479751924,0.01626178020570665,0.009300902132677603,0.00971949420996517,-0.002150129088381041,0.004406082156775901,-0.00937906932538777,hard-like,ok,0.008621088238262447,0.11092073620928522,0.16134914668717754,0.22012978855617243,2.3581990502083636,-0.030193258931640803,0.10852044585705109,0.15739840575129616,0.21314821133420106,2.108412170266565
7202800106,1A 1744-361,NS,7,60517.56944,True,0.001589449597716704,1052978,0,15,0,2030.9896430969238,200.31354166666668,7.0,290426,73558,20618,0.25327622182586956,0.2802958209848011,0.0005698436025292503,9.441052414269194e-05,0.023871397163326036,0.000273555210007145,0.0002212418941210783,0.016539504527256704,-0.00019989982281767214,0.0003913238088993278,-0.01413859338186342,0.0006467346706302801,0.0007082150413458696,0.02543097856218435,0.00023327231736014958,0.0024844835724009756,0.015273254969395017,0.0358505605394399,,0.00033883277784112095,0.00023038216651188106,0.00016626404058685327,0.00022817852644618257,0.00014795060227906196,0.00010396473948410097,-3.9391959832393446e-05,-0.0002629686182283625,6.911949247139906e-05,0.0005846707639131146,-0.0010388377060448495,0.000515421738345201,0.00024167612721873494,soft-like,ok,0.027039182780032284,0.014634936107905101,0.014706204506468914,0.03431220455618122,4.850427955928283,0.01955438460025467,0.018508733384571874,-0.026147109153846732,0.005473328899321783,
3050450124,2S 0918-549,NS,2,59051.24234,True,0.006302632275832848,195580,0,6,0,1939.7476493418217,20.240885416666668,7.0,12611,2293,641,0.18182539053207517,0.27954644570431747,-0.0006914442713056158,0.0007929215789481513,-0.02629532793683349,-0.0033574676244566195,0.0021855206057438343,-0.05794365905305446,-0.00028661624307602297,0.007781886800356955,-0.01692974432990714,0.009558473720062308,0.008109143610292524,0.09776744713892405,0.06662074500311943,0.02515710574684186,0.2581099475090401,0.20839090665731047,13.736017247412363,-0.00023324187267131263,-0.00035332678352182473,-0.00017757975216214217,0.0004005758222218719,-0.0014941595096361303,-0.002543946637809922,-7.170137464134022e-05,0.0003291000555325232,-0.0004244899588212935,0.011788072487642928,0.01933800374004505,0.0045217332613270685,0.012347730499950407,intermediate,ok,-0.026317863089301282,-0.05316434261475288,-0.10962671437487004,0.05551046315327645,12.11788401437259,-0.026272866467964777,-0.062340187475635765,0.10675404138046467,0.1265260307478982,10.410446517252883
3050450169,2S 0918-549,NS,4,59263.99074,True,0.010398678579472933,600765,0,19,0,3541.1069320738316,36.35608552631579,7.0,69315,14468,4635,0.20872826949433745,0.3203621786010506,0.000371743013026391,0.00047946672652416695,0.01928063829406047,-0.00037983878258973446,0.0013221279532151739,-0.019489453111612303,0.004221358172732601,0.002351393652213212,0.06497197990466815,0.008483242469970472,0.003671312132810449,0.09210451927006878,0.007041169548142123,0.014421691495641618,0.08391167706667602,0.14709403600323992,9.890714619450893,0.00012106267619907669,0.0003236688240821267,0.0002747074383707924,-2.6526458288994803e-05,-0.0007629262245026175,0.00032574650892311136,0.0001240913239138434,0.00027019009153811125,0.0036843108991328833,0.0038629347962058865,0.003973156590555024,0.0027929358875728315,0.006673303074020366,intermediate,ok,0.014456594587369717,-0.02980254086606126,0.08729461939357805,0.10762521855311018,13.25837742030453,0.02358715440655249,0.014028436198878433,0.01912602885903073,0.07047627413983268,
4050450150,2S 0918-549,NS,5,59590.00139,True,0.00809481594056062,867329,0,32,0,5424.501153856516,35.225341796875,7.0,114090,23550,6643,0.20641598737838548,0.2820806794055202,0.00026360261758399473,0.0002880872852871283,0.01623584360555357,1.8330032850211472e-05,0.0008258757329305235,0.004281358762146834,0.0004870565776019188,0.001702977592290409,0.022069358341418058,-0.002754975636378157,0.003264151137395268,-0.05248786180040255,0.005840779152710996,0.010556952391165334,0.07642499036775206,0.0,,2.217990994815691e-05,0.00011907355325221438,-0.00014306528449271286,0.0001407606093046263,1.7398733228128535e-05,0.00012798121644104073,3.9995354302933975e-05,-0.0013677327826107186,0.0018345778286106133,-0.0018066715167781944,-0.00276264313538525,-0.0019223630571658407,0.00517727065204613,soft-like,ok,0.02558559534085674,0.04080739427424204,-0.03942770857738303,-0.07747847731131767,,-0.011105724187233525,-0.04014221732202723,0.05007347596968984,0.021425931022004893,14.207470492468163
5050450128,2S 0918-549,NS,6,59761.20531,True,0.001018449606330056,381458,0,17,0,2937.809658706188,25.98207720588235,7.0,45347,8880,2310,0.19582331797031777,0.26013513513513514,0.00026673660457680995,0.0006357284820487927,0.01633207288058714,0.0014201446056896847,0.0014991066510639257,0.03768480603226829,0.0024120387499387058,0.002073435427032126,0.04911251113452361,0.007963785335808953,0.004615426814473688,0.08924004334271109,0.013492610521251665,0.02193254081333728,0.11615769678007422,0.1600193163406692,13.28218536508398,-1.72493951017238e-05,-0.00020045873913494727,0.00014244395831597466,0.00023678694232932287,0.000814325522794212,0.00044826558720643006,6.203479860582043e-05,0.0007648681607508561,0.0018306537293375303,0.001461733169564418,0.004098212298975155,0.008362824591360654,0.007601740977131456,intermediate,ok,-0.009684942090679704,0.03216880310958546,0.07618211052805705,0.1262393851024728,14.434115053008274,0.026335831188030474,0.04331649624464935,-0.04004232423036715,-0.03840604690202818,8.99681348209544
5050450152,2S 0918-549,NS,7,59898.02407,True,0.00300645204877884,163972,0,8,0,1197.9648556113243,24.6064453125,7.0,20301,3811,1085,0.18772474262351607,0.2847021779060614,3.249288354468773e-05,0.0009050079294519506,0.005700252936904443,0.005473704036238574,0.003295050403785524,0.07398448510490949,0.010733772722297192,0.0024637749139451194,0.10360392233065885,0.02876182955272541,0.007120652381700485,0.16959312943844573,0.021088484901373907,0.03283621005458489,0.14521874844996396,0.23082094875783302,6.948405799533919,-5.0578218642493836e-05,-0.00017262958071763483,-0.00010192200392459596,0.00017108770078920067,0.00019217143441689583,0.002356541081731254,0.003206864498917504,0.0029144623318319096,0.007673394179035921,0.01274760795224495,0.00530738694963027,0.011969522573559429,0.007064401486593564,hard-like,ok,-0.0268168628143858,0.043583402414678014,0.11866269341230408,0.14815109503325571,10.732862667770188,0.028303073447130695,0.09554276602452873,0.08550615606368131,0.18901959700886006,4.00265059086171
1050010106,4U 0513-40,NS,0,58467.08618,True,0.0035863590381123014,1855212,1,97,3,13892.673008829355,22.685486469072163,7.0,219884,46943,14836,0.21348984009750596,0.31604286049038194,4.213046585706417e-05,0.00022923348415601906,0.006490798553110717,0.00037480741993332526,0.000840415020093729,0.019359943696543265,0.0014506951771220433,0.0013569903151556095,0.03808799255831217,0.003495873343454259,0.00280681694907425,0.0591259109312851,0.0038107093606697695,0.00843843572188848,0.061730943299691844,0.1089762917520661,14.289224747727445,0.0001059555663154194,3.066207495574148e-05,3.4024356573297654e-05,-0.00019188948360100692,-0.0001654698744690242,-9.185759496051404e-06,0.0007810711127604142,3.935780658281577e-05,0.0013490628296062468,0.0014801449909799514,0.0002642084261917371,0.003163527453196757,0.004994362664435131,soft-like,ok,0.015491848465449366,0.02703644749358641,0.04911724023579537,0.031360584577944495,3.1275680405598254,-0.01264204492705305,0.0033604404148251904,0.021657124018682892,0.07784682004088159,17.430207600434972
1050010108,4U 0513-40,NS,1,58469.06712,True,0.005859375,702342,0,39,0,5547.8620839715,23.078525641025642,7.0,89124,19755,6329,0.2216574660024236,0.32037458871171853,0.00011501275541993033,0.0004341975216426251,0.01072440000279411,-0.00012119720168902208,0.0010814270360926792,-0.011008960063921663,0.00044892298690439185,0.0022785430248148802,0.021187802786140707,0.006835756186791373,0.004056891905732796,0.08267863198427616,-0.011461419143935692,0.017836917279763668,-0.10705801765368016,0.0931554841927256,8.530816376896892,-1.730760334240449e-05,0.00010120029569837011,0.00018316505799082687,-0.0004946675100473428,-0.0003978933089394532,0.0006479890531999183,2.3288113817160393e-05,-0.0011183997737265886,0.0014980566126424095,0.005680603172389574,0.0012716542487467113,-0.0030841863934991717,0.004384442270251139,intermediate,ok,0.025816026993343587,-0.036200087836715265,0.022948499923973003,0.04765864279103618,11.853175773704965,-0.021661185775029408,0.033744813018730224,0.01914667247708816,0.10803409279503896,
1050010109,4U 0513-40,NS,2,58470.03257,True,0.005051611972053093,1013066,0,54,0,7564.750995308161,24.78877314814815,7.0,132204,29570,9566,0.2236694804998336,0.32350355089617855,0.0007074406724903548,0.0003168071725490339,0.026597756907121975,0.00026087922485584216,0.0009139966101131621,0.016151756092011856,-0.00028992979412911487,0.002312704900766697,-0.017027324925810126,-0.001510390367474082,0.0039071033039014364,-0.038863741038068916,-0.014472826397994869,0.01544852513817966,-0.12030306063436154,0.0,,0.000756512681323873,0.0004194632619288592,0.00039342187206727454,8.52296693941043e-05,0.0006424145927242531,-0.00038310541022555997,-0.00015501608193687347,0.0021912778258701923,-0.0025152956266051687,-0.002574341715373992,-0.0019089775559722093,-0.0018877033981832263,-0.00836851083274474,soft-like,ok,0.018032505120451906,0.043327513369455714,-0.05501106180910737,0.050165948132959555,5.343302276592514,0.032831833903154736,-0.03613448350483941,0.04860072411338073,-0.0735751216947448,
1050010112,4U 0513-40,NS,3,58472.99216,True,0.003484363762616869,425054,0,18,0,2622.9251383543015,30.91362847222222,7.0,55158,12307,3760,0.22312266579643933,0.3055171853416755,0.00014337187239793077,0.0003412666648730585,0.011973799413633534,0.0008482862407363179,0.0012533510701488826,0.029125353916069723,0.002626863908951917,0.0033915176228231318,0.051252940490784694,-0.002220418162517777,0.005004624801237942,-0.04712131325120064,-0.004902431460022836,0.01969212398422188,-0.0700173654176079,0.0,,0.00024502112591363916,7.842479082863639e-05,1.667483079720939e-05,0.0003410191427180426,-0.00015611933802882387,0.0005199772625725137,0.0001612858894242717,-0.000578710608243711,0.003235970052018026,-0.0031258382975378196,-0.001066194215986335,-0.003994487088693931,-0.0008263458558987219,soft-like,ok,0.021209296910715585,0.027548237380104718,0.09328707098599177,-0.09305318662007368,,-0.012309181199400481,0.030566179486627078,-0.05673873193018347,0.06304671559556937,8.99728950778342
1050020123,4U 0614+09,NS,0,58046.9875,True,0.0012227500863012729,9928512,0,163,0,21988.91647197306,89.26418711656441,7.0,1508860,277426,76122,0.18386463952918097,0.2743866832957257,0.00045321158488586985,0.0002035400921186532,0.02128876663608932,0.003381502495727618,0.00022642479164508805,0.058150687835378335,0.008715591494718946,0.0003882814851530379,0.09335733230292598,0.02287538780006001,0.0006361056531482399,0.15124611664456053,0.007141651479805703,0.0021149450718806967,0.08450829237303108,0.21998859276349844,7.959514784516901,6.763404650264922e-05,9.512881074775036e-05,0.00015731777910534748,0.00030917305676770473,0.00045865501353423746,0.0009012071104150969,0.0018738346143966028,0.003321378327496727,0.005433610862868967,0.0076721432933573525,0.010798102124274992,0.010953252535961919,0.006353543370635018,hard-like,ok,0.02489463420710036,0.059253558412205545,0.09197553672808154,0.14879062655013173,7.210415269484253,0.016841483624259346,0.05700573145133169,0.094743685350427,0.1537061978074946,8.697495188047585
1050020141,4U 0614+09,NS,1,58073.18032,True,0.0030308596620132254,1956458,0,12,0,1746.8151194006205,266.390625,7.0,326197,64125,18854,0.19658365956768456,0.2940194931773879,0.00021896524363302546,7.949419851249454e-05,0.014797474231537808,0.00020091217341668566,0.0001618897916814253,0.014174349135557712,0.00037493127353954676,0.0003044558316977049,0.019363142140147265,0.0017233803450668582,0.0006139590283605835,0.041513616381458,0.002422752238202269,0.00181188382657166,0.049221461154686064,0.07289485478308598,7.48409603682384,0.0001699535953187982,9.945177116441301e-05,0.00011331177699698456,8.47238417443515e-06,4.1766210464901596e-05,-6.802437028238171e-05,0.00023871723711454696,0.00024973703545225814,0.00011137664550410007,0.001473137361996069,0.00010347370011252164,0.0015420113044800178,0.0012302752013505292,soft-like,ok,0.010612892905820457,0.007846278707321274,0.012834501985181202,0.04320675332555621,6.5625134936510205,0.01794100287768715,0.018324348136279565,0.02404957892506181,0.039806372515409784,7.936743760890751
1050020160,4U 0614+09,NS,2,58099.37431,True,0.24790936506642758,3214271,2,12,1,1818.9918997883797,189.412109375,7.0,235841,44025,11071,0.18667237672838904,0.25147075525269735,-3.787839353552243e-05,4.1941875947833565e-05,-0.006154542512284924,-1.5010303781324842e-05,0.0002934832612625325,-0.003874313330298008,-0.00032604978210438085,0.00047361964069840676,-0.01805684862052016,-0.0005850083185573584,0.0010576410684852912,-0.024186945209293348,-0.000968089898882578,0.0033273427527361673,-0.031114143068427545,0.030777981354162237,,2.7219095591634676e-05,3.6065334003638306e-05,-7.69964112375266e-06,-6.31238122552448e-05,-6.359899884078692e-06,-2.5347279388320184e-05,-1.2150792848419795e-05,-6.73305613533487e-05,-0.00023299182657170154,1.9400849146008842e-05,0.0005394572049097581,0.00031468720300032533,0.0004254582630106593,soft-like,ok,-0.005045335528736969,-0.009204458030517696,0.01610515857806092,0.020632112962836218,17.642038761156986,-0.007114511572170881,0.007514552354649699,-0.03043542515700544,-0.04026561569906354,
1050020190,4U 0614+09,NS,3,58132.05947,True,0.0009599160815631788,3061533,0,26,0,3871.985486537218,156.31610576923077,7.0,422844,77216,20160,0.1826110811552251,0.2610857853294654,4.598543109869731e-06,6.349172669720128e-05,0.002144421392793341,0.00039703282269476373,0.00023006593042886744,0.01992568249006201,2.6501985723313638e-05,0.00045332246615593084,0.005148007937378655,-0.0006179438245604713,0.0008970265639816541,-0.024858475909847556,0.005114748365720519,0.002230186533204031,0.07151746895493799,0.07208667539736058,19.632642864449796,2.7399427328705306e-05,-1.744416157108696e-05,5.889803913503422e-06,4.061080991668796e-05,1.2558580431365922e-05,0.00033393426053633136,6.169068057464436e-05,0.00018632167422775705,-0.00019542829650125588,-0.000666007832391074,-0.0005275830674336588,0.003462402960761522,0.002472143930050989,soft-like,ok,0.011040587013369333,0.017304912980398685,-0.007785180854283433,-0.008882203035108895,27.271723234568885,-0.010781026687550788,0.022305708069435454,0.01078132062728862,-0.03425245678293821,
1050020229,4U 0614+09,NS,4,58411.08542,True,0.0001437422727505216,5081274,0,36,0,5098.310656368732,222.22113715277777,7.0,830512,154921,38562,0.18653673878282312,0.24891396260029305,4.125144036743465e-06,3.986125566809878e-05,0.0020310450602444704,-1.9670971924990402e-06,0.0001391203209806811,-0.0014025324211935496,-0.0001761579686110763,0.00023422201601759566,-0.01327245149213499,0.000453862677570009,0.00045250560154478536,0.021304053078463944,0.0011555337001663583,0.0013608632776192114,0.0339931419578473,0.061875422393921464,15.074464728271352,8.345518931496001e-05,4.767778568464201e-05,-1.466628394025723e-05,-1.07559478130746e-05,-5.448561932815579e-05,2.674816373290951e-05,3.2392600751001707e-06,6.641013917271069e-05,-0.00023816741935070657,0.00021882524842304084,0.0014569717450077246,0.0009413709172500622,0.001301944718197242,soft-like,ok,-0.002702113048501336,0.014891059954099914,-0.027640769190007828,0.02254752945349926,,0.003969074814396682,-0.015153539032677976,0.020544603091268803,0.019959233907602708,19.14818016123636
1050020233,4U 0614+09,NS,5,58415.08477,True,0.0004,2000665,0,18,0,2531.9931939542294,159.40842013888889,7.0,299077,54356,13844,0.18174583802833383,0.2546912944293178,3.9163696267606604e-05,7.157601590528636e-05,0.006258090464958669,-1.613530567305123e-05,0.0003141504053102628,-0.004016877602448353,0.0009930546638232723,0.00041398858325828526,0.03151276985324001,0.00260803512218922,0.0012813282291407864,0.051068925210828744,0.0038515841744014945,0.002046187501707998,0.0620611325581599,0.06894320471314432,7.417950980969238,-7.21671520638898e-06,-2.1284128299952966e-05,4.415152034972842e-05,1.495563006490215e-05,-8.84234159827232e-06,0.00014081060039042043,-0.00013403496287654935,0.0004138294787132638,0.0005664972576742873,0.0010913145121560696,0.0021563971368701402,0.0012002756055827168,-0.0007036881177018402,soft-like,ok,-0.006058057440202153,-0.01075024977294933,0.019784889091417023,0.04287760723680772,,0.010720158973008135,0.009119144368421804,0.0399227969375208,0.05810773968083885,8.225944079901572
5050020204,4U 0614+09,NS,6,59859.99398,True,0.0007500396283824275,2919200,0,39,0,5684.948248684406,90.8056891025641,7.0,369112,67053,17137,0.18166030906608294,0.25557394896574354,-0.00010738765895608373,8.827871570596721e-05,-0.01036280169433362,0.0009479832516199596,0.00026179399407957307,0.030789336654432158,0.004408457436391886,0.000624805449115767,0.06639621552763295,0.010342890423869442,0.0010484586580254687,0.10170000208392053,0.008355620809296714,0.003593479343027657,0.09140908493851535,0.18627755673258833,13.851278934215948,-1.0173656304790743e-06,-6.634314658992202e-05,-1.9487871289047717e-05,-2.309682514899449e-06,0.0002910660413030295,-1.6328786725134532e-05,0.0006556396882108601,0.0014206099146242272,0.00298620687203665,0.0037026097786612773,0.007963693306181109,0.007102999239785089,0.010681990154209904,hard-like,ok,-0.004952687774185565,0.02813778018922391,0.05438492035987737,0.09604893136996587,14.91390031111583,-0.013945715373092879,0.03334998096853131,0.07702840618247546,0.10731972792357466,12.608138062774852
5050020226,4U 0614+09,NS,7,59932.54074,True,0.0002152336706681178,1289840,0,10,0,1465.9967200756073,168.09296875,7.0,175618,31527,8014,0.1795203225181929,0.2541948171408634,0.00016777770307589758,0.0001231868463023487,0.012952903268221282,-0.00013486665239072709,0.00039029281305636945,-0.011613210253445302,0.00032745274992228095,0.0006966405728002193,0.018095655553814042,0.0023440622961361777,0.001344437204391942,0.04841551710078266,0.00463136765036272,0.006503899287804481,0.06805415233740496,0.11378078280369042,22.63131167220575,-7.93109561835183e-06,2.0313090774475403e-05,4.11190396113328e-05,0.00013316053358693316,0.00011046340947121443,-0.00011357073738749439,-0.00017188555299900654,-0.00027342303144201003,0.0006141870489920066,0.0008059067226555795,0.0019552838608959122,0.002007699173349481,0.0078247440735305,soft-like,ok,0.004848913534793681,-0.020711560436623772,0.024954045246431116,0.036042489755072536,32.62287703284594,0.01763374991601706,0.012530146078530252,0.0058686212652088975,0.058147543490445555,15.30552862423767
1050530104,4U 0836-429,NS,0,58482.0715,True,0.23327979809567512,74650,0,12,0,2000.1620826125145,22.173828125,5.5,9019,9031,16326,1.0013305244483868,1.8077732255564167,0.011361323818440862,0.005325345699882658,0.10658951082747711,0.001167425129914805,0.0016682132330210356,0.034167603514364375,-0.0020930060120589876,0.00182532926016387,-0.04574938264128804,-0.0008363435193116042,0.002867363330239429,-0.028919604411395468,0.012135696203161864,0.008937198025362,0.11016213597766641,0.22974158034343856,0.13626592957575623,0.031379968635055724,0.006975456285608504,0.0025178631636023512,0.002424427415916829,0.000731217237954278,0.0003907856302021978,-0.0005206897373851505,-0.0010150803431075556,-0.0010682367164947775,-0.003102067157695208,0.011438505445740469,-0.005001499064906544,0.0076305429442095184,soft-like,ok,0.19041874170712103,0.03217602668570487,0.05597340468039046,-0.037674718268243194,0.06733182166778522,0.07594448868285904,0.03459927829351517,-0.057158754388799846,-0.02655848915836827,0.22140411268148116
2200970102,4U 1246-588,NS,0,58809.16846,True,0.0020164030993701574,171084,0,7,0,1474.9461682736874,31.549107142857142,7.0,22010,4941,1317,0.22448886869604726,0.2665452337583485,0.0004142273366792264,0.0006574844222755428,0.020352575676784165,0.002247009717543887,0.002205868609982162,0.047402634078117296,0.0028615934417897046,0.006240996240468334,0.05349386359003904,0.013993074030583372,0.009138261536368408,0.11829232447873941,0.006415245955139266,0.03972123366192553,0.08009523053927285,0.21096050577506842,10.008600197609107,9.38633260427343e-05,1.3638410551559602e-05,0.0006057867384724803,0.00040565071931412,0.0006014475089880869,-0.000981006242936645,0.0020979648839864677,0.00034648231941195186,0.0024328661582247975,0.0029419408606253497,0.01451024327207814,0.021319271317669072,0.00011618572444456277,hard-like,ok,0.03407090307908086,0.019608213755410258,0.030526661024230437,0.1127996979605864,9.860846938606032,-0.020877353984397037,0.06608870878543975,0.0711252660151711,0.12425105412835288,10.09175329793586
8200970113,4U 1246-588,NS,5,60822.28171,True,0.3429436384065473,1141431,0,10,0,1678.214656829834,468.94140625,5.4,138120,143583,318542,1.0395525629887055,2.218521691286573,0.06193616155045853,0.0008451117105925855,0.24886976825331464,0.04168894819838703,0.00014211085403753807,0.20417871632074444,0.002867713180572533,1.2685413246560435e-06,0.05355103342207817,0.04572277361591826,0.0001302631081517847,0.21382884187105877,0.001785207071897762,6.003351631436963e-05,0.04225171087539251,0.46720553878962195,0.03333735867434022,0.11012652676516771,0.02045907127815595,0.009961497038916696,0.040101978790656606,0.022150750810736385,0.006496224512800329,0.0044061084767272,0.0017900619120546286,0.0011271301093703058,0.0009523924038604164,0.0005584064121871935,0.00038603725187888954,-0.00023517028681131177,hard-like,ok,0.5570365275059864,0.2891853611775954,0.0498263557660025,0.2902612209208799,0.021620740147590377,0.24772475548842945,0.20394344329462555,0.05355926389789506,0.21362247462456674,0.03348060455431954
8200970115,4U 1246-588,NS,6,60824.02175,True,0.49056122448979594,3441684,0,13,0,2736.3119290471077,759.0594951923077,4.846153846153846,289740,300655,672680,1.0376717056671498,2.237381716585455,0.1373235279908741,0.02150511681167153,0.37057189314743516,0.03505844649440225,0.013323468170882341,0.18723900900827864,0.006546256247998599,0.002808390101452818,0.08090893799821253,0.04261527237207242,0.016266444741695786,0.20643466853237713,-0.0005128481601452328,0.00013643468328401563,-0.022646151111065934,0.5478877615751148,0.028930535889152422,0.1192487688828592,0.09785762433440454,0.02633812428866849,0.018301075019659156,0.01246661743514933,0.010807525627612979,0.006505896291086115,0.0050307456507060365,0.0016206220859883143,0.0008236780010272671,0.00015469846273795626,0.0009519173791755325,7.370582471489247e-05,hard-like,ok,0.32880370525328106,0.13651687395095352,0.05551078427688747,0.15012519416587444,0.02833255816047247,0.4382671203486348,0.2565915013039694,0.11419597471927422,0.28328265480927256,0.0294830929357302
8200970119,4U 1246-588,NS,7,60828.20532,True,0.3518417665115358,99059,0,6,0,1290.6468163132668,29.919270833333332,7.0,7964,5274,9740,0.662230035158212,1.8467956010618127,0.025509799961001268,0.016431184084934672,0.15971787614729063,0.022793333505020396,0.014209471840785814,0.1509746121207814,0.010931325122656705,0.007072882088197456,0.10455297758866891,0.0408062465540461,0.02113087958183976,0.20200556070080372,-0.017103069205935503,0.007618754740559314,-0.13077870318188473,0.2913746726898884,0.1112249812066509,0.03534495948451205,0.013338094439932408,0.007881779361145523,0.0055950823631246895,0.004142843611947488,0.0069410718809487775,0.010332732856672988,0.0034671011102828126,0.007535752964623677,0.005330738799650389,0.006172883349789644,-0.0169498571664624,-0.004233983171028445,hard-like,ok,0.18000787300329021,0.16917840163635978,0.12327948586602694,0.2362778631006874,0.09390965117930038,0.12120470211179886,0.11681515724409972,0.06507434297822574,0.131261197255163,0.2637363516133809
1050470102,4U 1254-69,NS,0,58087.99424,True,0.0010410772886726264,508953,0,8,0,1301.9709461033344,102.59765625,7.0,80244,19602,5214,0.24427994616419918,0.265993265993266,0.0007954124200492818,0.00029178550479746227,0.02820305692738434,-0.0003327004002935575,0.0004504698378071295,-0.01824007676227152,0.0013809696460661623,0.0012067103569999508,0.03716139994760911,0.0006046637911046887,0.0026498898906274827,0.02458991238505515,0.006015144574257505,0.006766023393553628,0.07755736312083789,0.06533131310072714,7.747315790060187,3.171176716608631e-05,0.00010185846621316712,0.00046521718165244875,0.00023737373775894243,0.00010328519899183261,8.5514895729083e-05,-0.0005341331727478934,0.0006663076164133805,0.0007182577418109259,-0.0014979094895560304,-0.00012029837028653893,0.00042962137453706877,0.003581373523782769,soft-like,ok,0.02911740686922448,-0.030522800930132498,0.022527105235617635,-0.06715524736518087,,0.027262575232420774,0.016230312548233462,0.047437956511441955,0.07546585523506939,9.98216550293892
3050470108,4U 1254-69,NS,1,58961.06898,True,0.002179359357823964,468836,0,10,0,1803.8681972026825,86.7046875,7.0,84426,20690,5866,0.2450666856181745,0.2835186080231996,0.00021131811351832026,0.00013545272043888424,0.014536784841164854,0.0005779137328756948,0.000693297269194032,0.024039836373729643,-0.0006641198479711218,0.0013327580945813923,-0.02577052285016976,-0.00022836872935236074,0.0013895207252502865,-0.015111873786938559,0.005260034795227143,0.007354066874603395,0.07252609733900717,0.06319175259480109,5.06804864619467,0.00010317476237683501,1.0354261138058695e-05,0.0001595321869338144,0.00010456258904445112,0.00047021120935450183,0.0002121127529225461,-0.00021740570099239176,0.0004405517835449203,-0.001054807083523008,0.001073651625260039,0.0008248861458701648,0.0004228210824131944,0.0014435519816594238,soft-like,ok,0.016945711497831684,0.02806576867975029,-0.02967127970221929,-0.03571849909795754,,0.011644070881725968,0.019194565688884828,-0.02116967471261892,0.028594045001917978,7.561665576676082
3050470110,4U 1254-69,NS,2,58963.3912,True,0.0013253935945620994,314490,0,4,0,1308.5725809633732,79.53125,7.0,30720,7774,2226,0.2530598958333333,0.28633907898121946,4.390648011443521e-05,0.00016940127521624873,0.006626196504363209,-0.0005402880661743213,0.001273318817114893,-0.02324409744804735,0.005177935935565715,0.0013631875897537973,0.07195787611905811,-0.0006044464587091808,0.002253700493442542,-0.02458549285064631,-0.020345763575786383,0.020238526909361714,-0.14263857674481467,0.0,,-7.370089201142257e-05,0.00018125117708767268,0.0001130954203618714,-0.00019789835228547757,0.0002230202293032154,-0.00010671295991863218,-0.0006588425587548254,0.0020624886110489522,0.0030651527826630522,-0.004933401218192611,0.0033780719513563026,-0.011589003758669192,0.007221834122904701,soft-like,ok,,,,,,,,,,
3050470160,4U 1254-69,NS,3,59246.39699,True,0.0008599124452782989,448339,0,10,0,1843.9040860533714,76.88359375,7.0,76600,17447,4364,0.22776762402088774,0.2501289619991976,0.00022465880516235191,0.00018940711425445236,0.014988622523846275,-0.0009943080834506493,0.0006427060655732549,-0.03153265106917985,-0.0022518557788068607,0.0008430165462928862,-0.04745372249683749,-0.0019058663014835356,0.0026090644329270834,-0.04365622866766592,0.004335439895899448,0.005446669910271043,0.06584405740763132,0.0,,0.00019361053641738096,0.00017638398938063106,4.254847065292501e-05,-0.00011095599102577855,-0.00017038194232685546,-0.0008480217851074352,0.00011367567196597501,-0.0018884776709182174,-0.0003362757997164026,-0.00010120755255938102,0.0011770434100616118,-0.002022352060891849,-0.012551880602510349,soft-like,ok,-0.007629679398049631,-0.037939595942441756,-0.046769050329677285,0.03840847956287406,,0.0226133142209726,-0.023306070058806905,-0.0481377346783443,-0.07302568782450529,
4050470135,4U 1254-69,NS,4,59487.63116,True,0.0011792102264281822,356109,0,7,0,1330.8499158620834,76.21875,7.0,52045,12803,3444,0.2459986550100874,0.2689994532531438,0.0013062515440371398,0.0008299792499026444,0.036142102097652534,-0.0006523016471768719,0.0014572676226651115,-0.0255401966941696,0.002161288416205674,0.0015579509532033058,0.0464896592395091,0.0003439320116413665,0.0031899213091023224,0.018545404057107154,-0.0010614548611363338,0.006609790829116068,-0.0325799763832992,0.06395169608193085,4.0716814529675895,0.00022142243585903887,0.00017954345519636072,0.0007638150419688867,0.00032012199997957027,0.00013771164107336187,-0.00046134170266900386,-0.00036226748301453754,0.0004284756173320129,0.001809179743199291,-0.004024171295458261,0.0020410020454691646,0.001338486470186645,0.001697841462633121,soft-like,ok,0.0421579968636131,0.017912874072977022,0.048881588341914035,0.05925292123941332,3.345582935126869,0.02596832115500076,-0.04424696316986377,0.043072824554805565,-0.062486039148489186,
4050470160,4U 1254-69,NS,5,59599.16759,True,0.0038464472121430052,298561,0,6,0,1216.6991775035858,76.38151041666667,7.0,44964,10727,2970,0.23856863268392492,0.2768714458842174,0.0006139274853180178,0.0003730435633056969,0.024777560116323354,-0.0004787206512927359,0.0012180613184045762,-0.021879685813391742,0.0027796959561853483,0.0015878632365114377,0.05272282196720267,0.006190378765069774,0.0025246907412072774,0.07867896011685573,-0.005574509365034943,0.009482603739107445,-0.07466263700831188,0.11687451230472254,10.847841770691176,7.419298950020157e-05,0.0003114750867030825,0.00030673053068334624,0.00016062404212587505,0.00012414610402165807,-0.0005165442980670317,-0.0003068114847697214,0.0006307278392030051,0.0022045549703104167,0.003462257135875754,0.0005624318377137646,-0.0016798064653074335,0.008325673338473824,intermediate,ok,0.030226792663973948,-0.03659726798265431,0.039114667984481065,0.07815679461391839,16.366269328606077,0.016719870980117135,0.02194056347936024,0.06460553356620083,0.07925741621724015,3.5764772750972496
5050470121,4U 1254-69,NS,6,59769.10509,True,0.0005634993308445447,229849,0,5,0,1070.8755244612694,68.2296875,7.0,34160,7605,1902,0.2226288056206089,0.25009861932938854,0.0005658157480732512,0.00022086629591696474,0.023786881848473777,-0.0007044011185530205,0.0008649691448956226,-0.026540556108586355,-0.002981199315055548,0.0020270269538987034,-0.05460036002679422,-0.005186402529084999,0.0021760896553807366,-0.07201668229712473,-0.012344726432057711,0.02141588320594783,-0.1111068244171244,0.06733788379039721,19.79269304549363,0.0003622641490183524,1.158135409796954e-05,0.00025876328344492694,0.0004922172684258877,4.188504199643724e-05,0.00034987442129187245,-0.0012800658665958855,-0.0011388420838476195,-0.0018551981043489064,-0.0020077420457638552,-0.0017709641942784892,0.0007414876760781395,0.01032912969385021,soft-like,ok,,,,,,,,,,
5050470125,4U 1254-69,NS,7,59778.17779,True,0.00385642242657965,436827,0,13,0,1919.9180440306664,75.75120192307692,7.0,94824,23861,7365,0.2516346072724205,0.30866267130463937,0.0003267465367634549,0.0002038801260638608,0.018076131686936087,0.0006812689536759758,0.0007534921591528717,0.026101129356331996,-0.00040475809685205314,0.0011034787246365263,-0.020118600767748566,-0.0001390963461993247,0.0021307849236894467,-0.011793911403742386,-0.008887196586346183,0.00741583768820764,-0.09427192894147327,0.08297637454144319,17.389964956044274,7.59203234394187e-05,0.00020897632680070446,8.484954480979327e-05,5.934663753354532e-05,0.0002582483051967401,-0.00019087758545470186,0.0006249489322127501,0.00026807169280936754,-0.0007103064603208213,-0.0008107916659550698,-0.0035648523080491954,0.00503276706534337,0.00554877792367596,soft-like,ok,0.02111542670503973,-0.008319133796011888,-0.017703571169179623,-0.0348577297190549,22.147576507324587,0.013685153798016126,0.03949620298134041,-0.022620868241811237,0.03347649896644218,10.55973930119088
1105010106,4U 1323-62,NS,0,58028.00972,True,0.358284953238707,462019,1,22,2,4303.537333324552,25.480113636363637,7.0,21640,18162,31950,0.839279112754159,1.7591674925668979,0.7786171961647274,0.13033691017161708,0.8823928808443138,0.92696507564319,0.11373055593578074,0.9627902552701653,0.13116799999361564,0.01820010753643588,0.36217123021247233,1.0627710567603486,0.11706008125686669,1.0309078798614106,0.0143277037252982,0.011398755620384967,0.11969838647742166,1.4900409810870623,0.09329919801170974,0.37743482210797036,0.1154861210224438,0.4654824619668191,0.3102779425953993,0.4636819268962149,0.12413907407439286,0.2174114304914346,0.12333083690904896,0.016940477845779456,0.0031363192832847774,0.003252021392888369,0.0022949510019631045,-0.0026462602687437357,hard-like,ok,0.9354717766099938,0.9984408839956503,0.34887135975975064,1.0598038094264473,0.0878941756735173,0.5537988922055024,0.7648514641135107,0.4212126784888624,0.8759548742738178,0.16823211649085232
1105010151,4U 1323-62,NS,1,58488.11551,True,0.39675801235519687,219799,1,8,3,1737.7617618441582,61.6416015625,7.0,16981,15734,30406,0.9265649843943231,1.932502860048303,0.23926300069471998,0.040309039232707414,0.48914517343496294,0.17737609788064335,0.033774443131945345,0.42116041822640854,0.01102896512604599,0.002696089744607217,0.10501887985522408,0.19097667717657155,0.03686681650120449,0.4370087838666078,-0.007666990001768208,0.006909478484126099,-0.0875613499311666,0.7798331733244478,0.051013457354147286,0.18264095298396685,0.08284936272212569,0.09786556516259104,0.07457405112668546,0.08092958455578646,0.05943197365104604,0.020970593815939968,0.007256498970595667,0.0037904336966389273,-9.42990706289483e-05,0.002161158282079298,-0.001054550578130968,-0.0031815471014172993,hard-like,ok,0.4639272168213009,0.3805211571885074,0.0935140014479845,0.3930002801072992,0.03726961140592035,0.5153978923141098,0.461653925183275,0.11634087290436611,0.48068343603648356,0.07592582447369368
1105010165,4U 1323-62,NS,2,58542.28883,True,0.23376697969616037,55895,0,6,0,1001.7567153871059,34.518229166666664,7.0,9344,7629,9537,0.8164597602739726,1.2500983090837594,0.03722754022545241,0.03740981381980093,0.1929443967195016,0.0010867083279993532,0.0042307976694634245,0.032965259410466546,-0.00127033611919467,0.003096997271668058,-0.03564177491644699,-0.009747885270699183,0.004677301581634846,-0.09873137936187858,-0.010710547542452119,0.012007015739498727,-0.10349177524060604,0.3097773584511196,0.04160285693741019,0.053287219558513135,0.020872844481443654,0.01320249427601375,0.003392828535630039,0.0013392693223465584,-0.0002617925008078646,-0.00017982391989210145,0.0005000812181168114,-0.0018219889785937625,-0.001872587163528418,-0.0036507768977186786,0.0017110991606116644,0.009443144716818647,soft-like,ok,0.24088222129806883,-0.057442136786461685,0.09940485368423026,0.08738087978996173,0.051110149675595906,0.18997169021920896,0.0364251376891578,-0.04336723040386497,-0.10343767027638881,0.04488754084390218
1050060102,4U 1543-624,NS,0,57981.00757,True,0.30736785531491084,3584662,0,42,0,6279.89066337049,171.38857886904762,7.0,402609,185831,332945,0.4615669297010251,1.7916547831093843,0.18328786284517912,0.002127465290084562,0.42812131790554314,0.028761935002842347,0.0005631696063714074,0.16959344032963758,0.024432388343023404,0.00011891592791295965,0.15630863169711198,0.10626957231489009,0.0008552606965381219,0.32599014143818844,0.04379587068132574,0.0007995706913600773,0.20927462980812017,1.1219989334943035,0.9196258511234982,0.34787782216448654,0.12266771803806792,0.02928723866601795,0.03652757007003045,0.01178855479372357,0.006156228637565493,0.005261370926075397,0.010882883891602392,0.013910621167961726,0.03113275058400459,0.12361255941714615,0.310873976348723,0.20890231205694948,hard-like,ok,0.4278529452227267,0.16849943580499943,0.1563611676603444,0.3261253265844866,0.9283464652232059,0.4541266120740933,0.25632582011551175,0.15096957817387702,0.3121938949515267,0.060925511562274645
1050060103,4U 1543-624,NS,1,57982.03975,True,0.02061651804807608,1591466,0,38,0,5748.835935860872,75.56722861842105,7.0,279255,61667,26637,0.22082684284972517,0.43194901649180273,0.0016608790631469559,0.00021533180632453928,0.040753884025292064,0.01101172497672807,0.0007014194847790915,0.1049367665631454,0.01924122361527338,0.0011570346729353428,0.13871273775422854,0.04356003842296319,0.002141432067796261,0.20871041761963677,0.004535678617083276,0.004491661529583982,0.06734744699751637,0.2509703505316857,3.3691593352980145,0.0006567158434237746,0.0004999699604491728,0.0005856600286014775,0.00093023666973639,0.001839607232835352,0.003603257983544817,0.0052188796962557545,0.006516287478442024,0.012719928605283417,0.011098393497004299,0.007725803016420681,0.004977615590893754,0.006613761243106283,hard-like,ok,0.045259267537891584,0.10258643608631222,0.13647421058302267,0.2034637643157534,2.9608455209330304,0.035262806043462075,0.10741087140718385,0.1410842052587528,0.21421806538931437,3.8087042857057796
1050060105,4U 1543-624,NS,2,57984.01428,True,0.0030864899600220644,2689330,0,66,0,9307.896402537823,75.46070075757575,7.0,497761,106312,33419,0.2135804130898162,0.31434833320791633,0.0012322730380148652,0.0001202917654075201,0.03510374678029206,0.010574176234782883,0.0005264224474301751,0.10283081364446595,0.015885109231905236,0.0005285247319711119,0.12603614256198592,0.044961570873398984,0.0009834271221484138,0.21204143668962203,0.0037619940475046433,0.003572315192772868,0.0613350963764193,0.2566615599571166,4.302343205706598,0.00012617987099511777,0.0002655598214662917,0.00027838268935201956,0.0009539071318175488,0.0016691983581280613,0.003005420498784936,0.005550991182282321,0.006739547677886923,0.009228551144984882,0.014032400003920293,0.011311042493536006,0.004805065523047149,0.007908909963418998,hard-like,ok,0.032434832951954526,0.10130038860555712,0.12709982608380843,0.21288171498576605,4.330822841284202,0.03759737721241012,0.1043473894839793,0.1249572187072179,0.21119296115895336,4.273833774044313
1050060107,4U 1543-624,NS,3,57986.00655,True,0.0022617931896282413,3803403,0,90,0,12313.912617594004,77.90217013888889,7.0,703993,149424,44016,0.2122521104613256,0.29457115322839705,0.0008857991728569159,0.00011369060549847934,0.02976237848117848,0.00895760013239925,0.0003303396760934617,0.09464459906618682,0.013120996566668456,0.0004867650254571561,0.11454691862581226,0.03630137459745991,0.0008803796742456539,0.190529196181215,0.008011948473861795,0.002910943705607079,0.08950948817785628,0.23539770831474033,4.505165299888457,6.420770681137676e-05,0.0001318963265453731,0.0003234716580925455,0.0007639069676891953,0.0011721610251357458,0.00251160917855207,0.004799406030847947,0.00624231819320723,0.0070196264918545165,0.010059790267205191,0.010458662756522201,0.005961663376085584,0.005903361101282597,hard-like,ok,0.029818545767038605,0.09542954659750497,0.11243933707666999,0.19106950572284911,4.500813153704022,0.029706174095815236,0.09385406188191575,0.11661390027714823,0.18998801570968954,4.509577756935143
1050060111,4U 1543-624,NS,4,57990.33642,True,0.0026659760519179795,829795,0,17,0,2489.279624760151,79.4361213235294,7.0,135395,29016,8442,0.214306289006241,0.29094292803970223,0.0003464844523171731,0.00022818802649494439,0.01861409284163945,0.004268198511449449,0.000888997349875721,0.06533145116595412,0.011295050129795113,0.0010473693393046797,0.10627817334615379,0.02723697495841395,0.0019571131238821007,0.1650362837633408,0.0016835001449999277,0.006969395770166965,0.041030478244835605,0.2244122431787172,6.688399755738069,-1.2098088855954209e-05,2.219688021237953e-05,-4.064129599910029e-05,0.0004669857331983187,0.0006149055141609564,0.0011311872078525079,0.0024380790972062423,0.004200610366429436,0.007076409590500994,0.0072368813477866984,0.010946054429800092,0.01423326976552447,0.002047014340686663,hard-like,ok,0.010028969724629008,0.07593972332373576,0.10330970215414509,0.17179368371434134,5.886837123487262,0.025043300644577996,0.050572743047294796,0.10956823065767915,0.15696806057232113,7.642708172693097
1050060115,4U 1543-624,NS,5,58167.16242,True,0.04582340908454059,1339724,0,31,0,4571.943058937788,79.69858870967742,7.0,213664,60766,41814,0.2843998053017822,0.688115064345193,0.9231054303474234,0.4097667753470085,0.9607837583699171,0.08254926182436512,0.029895606730895242,0.28731387335867564,0.013843132776027946,0.004090173258348022,0.11765684330300531,0.10039038068055645,0.03481291498064647,0.31684441084001536,0.008504339559643833,0.005083743639655477,0.09221897613638873,1.2412531180618898,0.028066778203181993,0.5117529253761401,0.4573794215692834,0.3522807176822876,0.12523034674519012,0.03370878286489092,0.02181129446316945,0.015215220932647468,0.009597257809483752,0.00427478288086388,0.0016926295354421992,0.0035044386168462316,0.004356455779579448,-9.497115746095515e-05,hard-like,ok,1.083945522489869,0.32411714296451555,0.1346266084180801,0.3582308614775563,0.027945658061038308,0.04870737698599206,0.01662946014865436,-0.04253787968160484,-0.041931030238106765,1.6194011154986818
1050060116,4U 1543-624,NS,6,58168.00162,True,0.0014358754143238637,1234502,0,31,0,4624.041643679142,64.86441532258064,7.0,197387,46720,13275,0.23669238602339565,0.2841395547945205,0.0002274064239862455,0.00015139234303971952,0.015080000795299897,7.790938963686595e-05,0.0005368015665271218,0.008826629574014418,6.533663419216745e-05,0.0007828330504770621,0.008083107953761812,0.0002534698080591065,0.0017126146276173048,0.01592073516076147,0.0004780446971578544,0.006339533891095976,0.021864233285387676,0.03932351957758729,,0.00011122764284611931,0.00012321550110413535,-5.816538065618935e-05,0.00013364306520496623,0.00016691903367716004,0.00034270977329349013,-0.00040063664340880817,0.00010682545574730491,-4.3858357146779584e-05,8.891665020514346e-05,0.0008929646500976617,0.0013513844422928896,-0.0012688066412882024,soft-like,ok,0.012861934784958434,0.006283370608885533,-0.015579099224238224,0.02671728056711827,,0.017168379432098996,0.010939265944437417,0.02000177509873076,-0.01570853872853122,5.536993169200497
3604010101,4U 1543-624,NS,7,58958.29797,True,0.0016297891038949868,2245413,0,69,0,10026.750592589378,42.992640398550726,7.0,302442,61164,16105,0.20223381673180313,0.26330848211366165,0.00019842471227590156,0.00013235133420384746,0.014086330688859379,0.00048187196810347643,0.0005103839050477927,0.021951582359900083,0.003277036009536721,0.0009619941559632093,0.05724540164534372,0.010292461337175613,0.0017712260038225815,0.10145176852660388,0.011060362621762089,0.0057849938916318825,0.10516825862284727,0.15415188176342384,10.1120079578181,-4.417233042877492e-05,8.232818843633366e-06,0.00019888070321889877,3.744579455970341e-05,0.0003752090805255426,-6.501828690103885e-05,6.564477716349905e-05,0.0011032367343628328,0.002233701068143028,0.0036823774497533085,0.0062956310914114655,0.007710002792192084,0.0021616309583604248,hard-like,ok,0.02127500345456534,0.0235180254745382,0.04966626773099816,0.08071620500136875,13.862387832761534,-0.00779346410843385,0.020230080737116813,0.06405583521021987,0.11892664505329122,6.903379476338188
1050070103,4U 1608-522,NS,0,58024.03852,True,0.029847119829664252,2846237,2,95,5,13869.77984943986,80.96529605263157,7.0,743203,165572,75763,0.22278166261438664,0.45758340782257867,0.04624284486103682,0.03492306889419642,0.21504149567243255,0.04563394440338399,0.034847829978448805,0.21362102987155546,0.005595048161138877,0.0035341886045255175,0.07480005455304746,0.0532074719186289,0.03846451238055195,0.23066744876256143,-0.0015821905710021184,0.002345613261328563,-0.039776759181739764,0.37214801261743036,0.09534307283172264,0.03316154634539319,0.005986303640121999,0.03282738350529977,0.010725327284472915,0.020133849183519466,0.011021891142920506,0.011008514002552042,0.003919434709941285,0.0018491339567317292,0.0016711221145071769,0.00205322697436465,0.002335444915142411,0.0018009655201359491,hard-like,ok,0.08828240146735222,0.08208741139615604,0.045794721415875074,0.10453513155598725,0.08991848970774097,0.2764765618471885,0.2760092092084867,0.0913354280566628,0.29396002210058836,0.0961251609400167
1050070128,4U 1608-522,NS,1,58299.16049,True,0.00036026559541116104,5024797,0,22,0,3039.9957522451878,933.3039772727273,7.0,1966600,520713,140871,0.2647782975694091,0.2705348243658215,0.00028652505434817986,5.34286747781814e-05,0.01692705096430503,0.0002725432953104551,0.0001776320913492478,0.016508885344276126,0.00014528592552464273,0.00013392902089083344,0.012053461142951543,0.0003515295991700388,0.0002889020507207461,0.01874912262400667,0.0001139154744373384,0.0005305073378561404,0.010673119245906438,0.02077088438505928,,0.00014826900912981572,0.00011609037221922786,9.663403962860806e-05,0.00010817293445514137,0.00013903502958730824,8.806907772644907e-05,1.0430327708836127e-05,5.18950729636375e-05,9.402742089406945e-05,4.3198657057240426e-05,-4.169878347496041e-05,-0.000195656775074724,-0.00022703674468315,soft-like,ok,0.018645126403396307,0.022728604607513272,0.014898195577862818,0.025538372475395563,,0.015060077477070844,0.005837281756146974,0.008388541234687671,0.00759747239921255,
2050070108,4U 1608-522,NS,2,58580.37436,True,0.0011470056405689147,134348,0,7,0,1062.9282928407192,69.2109375,7.0,46334,11909,3770,0.25702507877584496,0.31656730204047356,0.0006742136022217477,0.0002793171057003164,0.025965623470691934,0.0030928745784996083,0.0011104056178328123,0.055613618642375795,0.00805963056009787,0.0017430569257695617,0.08977544519576537,0.014439789438178396,0.002432745287462037,0.12016567495827749,0.003478884526511729,0.012281983783759585,0.05898206953398404,0.15364723861494728,3.5344597964211677,3.190369984356239e-05,3.228168443828652e-05,0.0005802832408801609,0.00034239108823490684,0.00099676448696516,0.0013758778652545086,0.0004689705180083587,0.0022322100154416064,0.005797939841596239,0.004417404758831756,0.0033605691401055464,0.004530174875452754,-0.0005592972810542963,hard-like,ok,0.02974200489815947,0.039299886505330346,0.10642384021730146,0.1253741169567172,6.691278942029569,0.019501310421407576,0.07249920895362087,0.059128151476643846,0.11248584970922372,3.3417919726310656
3657020901,4U 1608-522,NS,3,59013.18042,True,0.00014437899020952147,6183913,0,14,0,1954.99885481596,1873.2020089285713,7.0,2444227,717950,194601,0.29373294706260916,0.2710509088376628,0.00013617072703687964,2.5311233482259756e-05,0.011669221355209595,5.9556800237943487e-05,2.265831814598204e-05,0.007717305244574915,1.4944515308731237e-06,4.168421251505518e-05,0.0012224776197841511,0.0001697222186147308,9.184517785816899e-05,0.013027748025454393,0.0002624042586612892,0.00025445409849034,0.016198896834701097,0.003414667042303931,,6.487097367622048e-05,6.52240625074295e-05,5.476407111803639e-05,2.859326553955523e-05,3.107538459848788e-05,1.5485686818685958e-05,3.526600234676937e-07,-1.4375077759928796e-05,1.6101925959962372e-05,0.00012386363186545592,-4.190176047894475e-06,-0.00013636997209728711,-0.00023373648519239433,soft-like,ok,0.01286897114271134,0.006761723799245708,-0.005035189003144913,0.01271583680523049,,0.010323727474683353,0.008571113149151257,0.0053366995830002855,0.013333915566955637,
3657021501,4U 1608-522,NS,4,59019.56865,True,0.00015288129044088754,8260440,1,14,3,2647.9779222607613,1829.6177455357142,7.0,2390801,698388,189486,0.2921146511148356,0.2713190948298081,9.92537833523813e-05,1.9029125048294365e-05,0.009962619301789129,9.540250973336341e-05,3.468351458397289e-05,0.009767420833227337,4.06053313155747e-05,5.5538731671731383e-05,0.0063722312666423765,0.00010909461813893673,7.857375010032947e-05,0.01044483691298896,1.3804903579158819e-05,0.00032879146170782257,0.003715495065150648,0.014623306408991427,,5.879451385734968e-05,4.930370553814105e-05,3.747572744640645e-05,2.9553220531564367e-05,2.346884578385931e-05,4.1979074107114304e-05,1.2252368968239075e-05,4.547312963637186e-05,-4.244447610376947e-06,1.3016165961890252e-05,6.692969054585044e-05,-4.555196563078104e-05,-0.00011460893880437911,soft-like,ok,0.009401322813491247,0.009147776263243586,0.007934228457407206,0.007313406293221509,,0.010487929513478026,0.01034346660576914,0.0043032316008026,0.012808532834715768,
3657023001,4U 1608-522,NS,5,59034.15631,True,0.00014475864528551823,6426256,0,17,0,2503.993204563856,1485.2628676470588,7.0,2387757,667532,176643,0.2795644615427784,0.2646210219135562,0.0001431777834587185,1.8457634008389093e-05,0.01196569193397183,0.00013067427709921687,3.495294084469878e-05,0.01143128501522103,9.521487804987884e-05,5.933334319477488e-05,0.009757811130057747,0.0002946790036799117,0.00010172273483472952,0.017166216929769693,-7.51459911644816e-05,0.0003224201342783001,-0.008668678743873347,0.02002825490538868,,0.00010679369057366747,5.548199488383222e-05,5.058683873771127e-05,4.432425429781919e-05,4.1177281642646226e-05,3.933081690376901e-05,4.381697538988429e-05,5.82450168117963e-05,3.6103759940355716e-05,5.575746123992359e-05,2.9180200806992255e-05,-0.0001050190488992514,-5.464824777392051e-05,soft-like,ok,0.011770540688484796,0.011840293842314257,-0.0006958182656202783,0.016808271194024123,,0.012187397719719799,0.010939420546174883,0.014347306485589907,0.01757092570991371,
3657024701,4U 1608-522,NS,6,59051.12867,True,0.00013972890603206205,3554939,0,13,0,1910.9984952807426,1051.936298076923,7.0,1311382,348108,90932,0.26545125676576314,0.26121778298688914,0.00028740645227685104,4.644410439912146e-05,0.016953066161519308,3.6226743599174384e-05,4.77453183117764e-05,0.006018865640565038,-1.9765291627224683e-05,0.00010373500487856158,-0.00444581731824697,-5.389042509194222e-06,0.00017016077156844573,-0.0023214311338470117,3.735950940788442e-05,0.0003525044856523057,0.006112242584181719,0.022899892340603602,,0.00014184365416208044,0.0001541620645526683,0.00011015337026338748,2.4264471911643586e-05,2.080649502841611e-05,2.4200010188416092e-05,-5.899836228194025e-06,2.790235190989261e-05,-5.172102337742941e-05,1.4555694865508632e-06,0.00014044355722153863,0.00016643729124341113,-0.00022964290715114636,soft-like,ok,0.01638525661329214,0.007157333744331287,-0.00937513521884121,-0.004315553329450474,,0.017591461827335647,0.0043302512416529245,0.0077203041368793,0.00316694979746786,
3657027601,4U 1608-522,NS,7,59080.08037,True,0.004103838110662117,135894,0,4,0,1051.779487758875,61.333984375,7.0,23883,5673,1847,0.23753297324456726,0.3255772959633351,-0.00020822520961263818,0.00034558096365154957,-0.014430010728084653,0.001809123118182469,0.001579572009238227,0.042533787959485446,0.006902802685541814,0.002947259692440856,0.0830831071009132,0.01058115108434119,0.00197561978841364,0.10286472225375029,0.02383561220703015,0.037032681090407596,0.15438786288769643,0.12922029144245112,4.618411250857043,3.9579643413987326e-05,0.00011997202199991754,-0.00010228036832657938,7.063333722884127e-05,0.0002323010229588653,0.0004987013903877706,0.0008187498954064854,0.002588058631137577,0.004277564663318766,0.0032049748144072367,0.005263888251530544,0.002850213591076457,-0.0031644731740678622,hard-like,ok,,,,,,,,,,
1050080118,4U 1636-536,NS,0,57981.33426,True,0.004773256989602069,690162,0,6,0,1139.9821713417768,160.02213541666666,7.0,99105,18601,5191,0.18768982392412087,0.2790710176872211,-0.00010282246174935431,0.00019743247814737975,-0.010140141110919232,0.00024490651141670144,0.0004860608885060548,0.015649489174305385,0.0016200045639249189,0.0008038943986579459,0.04024928029076941,0.0011958732389973324,0.0014462464715042415,0.03458140018850209,0.003648186920259615,0.0052967130124458184,0.06040022284942014,0.0659676566453423,8.504429926307282,-4.280831922355844e-05,6.409081845507909e-05,-0.00015614317106785804,2.603766664504792e-06,-8.093552529110801e-05,0.0005618118138283161,-0.00026887113227814504,-0.00027073997968506597,0.0019102720229665427,0.00013911058133173824,-0.00025488948915502216,0.0003671003383687914,0.0023811299983635607,soft-like,ok,0.005132473810771605,-0.021886525897757633,0.040101271173907126,-0.021179347543570516,14.877549558873751,-0.015016475148226346,0.03053594021511943,0.04038934730444208,0.05251333903924924,3.346843293756985
1050080133,4U 1636-536,NS,1,58059.07112,True,0.0004922176400159638,2556104,0,14,0,2071.572049319744,109.66908482142857,7.0,157069,30431,9027,0.19374287733416523,0.2966382964739903,0.0023497589554235003,0.0008438768388922398,0.04847431232543171,0.0006350658857441583,0.0003934470984356756,0.02520051360080104,0.0013909353186073007,0.0007702180696629356,0.03729524525468764,0.008723170662877602,0.003285119180897934,0.09339791573090699,0.019844410834481897,0.004674938207044945,0.14087019143339694,0.36015847031227277,18.214794879628766,0.0007169322744037757,0.001982260311346807,0.00014763925942552403,0.00019131965875585826,0.00029997468741072307,-6.0437768837434436e-05,0.0003697270791280388,0.0003850327212259367,0.0010602442113195056,0.0030386794077937886,0.02638719375634122,0.06410791194617922,0.031087646193183303,intermediate,ok,0.04605430837910783,0.02426353472379287,0.023078149862216946,0.08356457195703465,16.633313313820413,0.051065882837797026,0.026216974608727402,0.04856802849253261,0.10337053181971152,19.152225865106264
1050080139,4U 1636-536,NS,2,58134.08935,True,0.0008676197485852436,5945112,0,31,0,4172.980087280273,49.20866935483871,7.0,148919,35214,11127,0.23646411807761267,0.31598227977508947,0.000598346792822188,0.0002900964034262552,0.024461128200109414,0.0027952830430124794,0.000696807319893925,0.05287043638000806,0.0072188394078180895,0.001123527980090883,0.08496375349417003,0.02757149378371911,0.0026223843337296617,0.1660466614651409,0.010184577763998037,0.007141909678830667,0.10091866905581959,0.4765980281873742,19.38755746929676,0.0014666582811903048,0.00032948843617062795,8.872611857796944e-05,6.531001807777122e-06,0.0005182081348364333,0.0007319326058492446,0.0016624113146030653,0.0029919726841227874,0.004283198947684853,0.011044820389557881,0.029390339526104682,0.11236395793616019,0.06226743509542728,hard-like,ok,0.021331241539349347,0.0388628649439715,0.0954276427014809,0.1717574018231367,18.594025118536695,0.027478466990790623,0.0648099513722569,0.07179720480321468,0.15956847254305734,20.07382749030279
1050080160,4U 1636-536,NS,3,58312.16262,True,0.0010126582278481013,1673783,1,26,1,3782.6444645524025,116.96364182692308,7.0,299273,68211,21771,0.2279223317840233,0.31917139464309274,0.00012524688964407632,9.185244374866623e-05,0.01119137568148243,0.0009696932674368797,0.0004487502436211496,0.031139898320914277,0.002476984019575126,0.0005409935463076138,0.0497693080077986,0.008195403495862933,0.0011659037901487037,0.09052846787537572,0.0060068652251512415,0.003009939718974825,0.07750396909288737,0.12985485894379215,8.367614472473907,4.687642906054469e-05,7.384140631812564e-05,9.897847723297299e-05,-4.186454461916225e-06,-2.4982341200162856e-05,0.0004007679843518967,0.0005348423742120501,0.0008993457494150541,0.0015933169807880619,0.0034986801237639536,0.0036780684472331178,0.004032628610698498,0.0020341066038999578,intermediate,ok,0.01277342084895498,0.03156748500597638,0.05971701419513844,0.09441686982780387,7.693765876376402,0.0093740719969712,0.030712572783851002,0.037461326468491346,0.08652455852842043,9.076059786916339
1050080175,4U 1636-536,NS,4,58348.41222,True,0.08791976200797341,5318582,0,89,0,12223.925052016973,126.93205758426966,7.0,937999,295817,212194,0.3153702722497572,0.7173150968335154,0.8306586752393524,0.19205279605417447,0.9114047812247599,0.06631978357389214,0.016585746912707908,0.25752627744347206,0.005657691984246018,0.0005562759447225867,0.07521763080718522,0.07445739473485394,0.016738912049135635,0.2728688233104946,0.003456373380635179,0.000840996063689733,0.05879092940781919,1.3669437594957452,0.018813560453240518,0.9597396628927914,0.6394648612307523,0.14757991789603286,0.06648412998454413,0.027225779818041067,0.010688278944259548,0.005497773398396421,0.0037711368797507428,0.0019242726457134362,0.001943629183087908,0.001549456075530311,0.0013042735285956283,0.0013620691468663989,hard-like,ok,0.3696439240220537,0.07138167618649326,0.057669898694446615,0.1110306159679455,0.02882617419350502,0.9689406052861714,0.2754336937407269,0.07759635894465221,0.2900731471652289,0.01863572929232787
1050080183,4U 1636-536,NS,5,58385.47735,True,0.00268193475054719,1147365,0,32,0,4499.959390670061,94.60595703125,7.0,283185,77951,26370,0.27526528594381766,0.3382894382368411,0.0005844333659600961,0.00010752393879427767,0.024175056689904495,0.0069133918696486635,0.0003863445486915265,0.08314680913690352,0.010713907084374679,0.0008859104487296853,0.10350800492896517,0.023375023005443987,0.0010770728269358706,0.1528889237500349,0.006540953150924705,0.004303687451391706,0.08087615934825729,0.1867056310039639,3.5237298653851568,8.033636693111651e-05,0.00011596312927767717,0.00016116169205814346,0.00046108966490769507,0.0008719129479226904,0.0018462662699097938,0.003959832345715462,0.004221985442052887,0.00657352082813909,0.004175870222138961,0.005610757866046053,0.005569714772811978,0.0012105811006767758,hard-like,ok,0.026443672490256493,0.08566839757797724,0.10563077659880109,0.15554584327009044,2.8833177246388995,0.021655564951347673,0.08053169518016637,0.10132865652883284,0.15016991081679737,4.477674746695666
1050080189,4U 1636-536,NS,6,58391.00579,True,0.013039539762252876,1354642,0,30,0,5067.979112356901,101.14036458333334,7.0,278166,79344,30869,0.28523974892689974,0.38905273240572696,0.0009401613927975815,0.00018070204705073462,0.030662051346861667,0.007651790468063,0.000481333754384162,0.0874745132485057,0.010755868616429623,0.0006896525064655308,0.10371050388668268,0.023628456562134408,0.0015810282409837132,0.15371550527560454,0.002877609311584101,0.0041814372423727006,0.05364335291146612,0.1995774402652024,4.241254921417882,0.00012065088327421534,0.00013384618699768618,0.0003740928086116642,0.000631384545462982,0.0011868201823596282,0.002370404283423145,0.0038204025302607273,0.0052569128488304424,0.00557395709134393,0.003405093186088044,0.005130590607184324,0.005633491646913368,0.00619350786206027,hard-like,ok,0.02851546123953722,0.08870701333089755,0.10584162856707972,0.15775264397165115,3.741538241421848,0.03272241714211976,0.08618904908248101,0.10147291635843009,0.14945141038085671,4.797900202882603
2050080212,4U 1636-536,NS,7,58601.00255,True,0.010192010192010192,6863099,3,131,7,20344.59169858694,112.31804627862596,7.0,1365322,373128,144899,0.2732893778903438,0.3883359061769688,0.0016615163395827584,0.0008579393825633107,0.04076170187299297,0.003846209222116429,0.0003343500137786251,0.06201781374828066,0.007956709889896808,0.0003082261461838714,0.08920039175865098,0.01918611029370209,0.000579870206398298,0.13851393537728285,4.904170789267147e-05,0.0018086995468465123,0.0070029785015143,0.1780507699583149,2.7501883475118323,0.0018145209073685707,0.0009517332231663168,0.000375354881284563,0.0004698250232380396,0.0005600478706051371,0.001191679150960622,0.0019316291867341314,0.0033622744501754682,0.004621891665431716,0.005301367574280036,0.00489676460765945,0.0024575029289374837,0.0037674852129072353,hard-like,ok,0.03412309413694065,0.0622277097509658,0.08768041051284575,0.13461296278606083,3.069705530343325,0.04648860048292717,0.061806125827648876,0.09070248398812737,0.14232716087261696,2.5109923182752603
0050110107,4U 1702-429,NS,0,57934.63889,True,0.0030960082844911337,136639,0,11,0,1458.9267472326756,64.1903409090909,7.0,62903,20609,6868,0.3276314325230911,0.33325246251637636,0.0011355406023960406,0.00044669832237620433,0.03369778334543744,0.008272713541554748,0.0008813175587717816,0.09095445861283959,0.008991107003552762,0.0020474657008667206,0.09482144801442742,0.026950798921309308,0.00424160937081736,0.1641669848700076,-0.018735657955312894,0.006718166849176191,-0.1368782596152979,0.22836527407487847,6.498848291101364,2.7738386468356995e-05,0.00040531361894658856,0.0005351990200792712,0.00017499848430415073,0.0017543834056308466,0.0024866262802901496,0.0038862467191184322,0.004039426653980466,0.005117166965153645,0.007386651579350725,0.004882194392886039,0.006944992960613125,0.014509759936472568,hard-like,ok,0.04128515422727501,0.08418149095852567,0.10372919513733667,0.17172960208863744,7.721523481769263,0.021278934882133383,0.09846940668226689,0.08287712284485765,0.1546037313908572,4.462187753505546
1050110105,4U 1702-429,NS,1,57996.18583,True,0.23737696661597452,3329247,1,8,3,1637.8175145238638,64.931640625,7.0,34830,14778,16882,0.42428940568475454,1.1423737988902423,0.4650653737850619,0.18474642254578164,0.6819570175495387,0.31074272735428277,0.12291963627946972,0.5574430261060611,0.042937571173920774,0.015853265707462465,0.20721382959136866,0.36004259774267405,0.13993517855695953,0.6000354970688602,-0.0003685537734056213,0.005858380763216863,-0.01919775438444875,1.1739840754564204,0.03639306876489564,0.5627313634287989,0.3744691145059816,0.06668369274700059,0.039099839759669866,0.12088346908477954,0.13172127986168303,0.04275582697643954,0.02499418371660049,0.018138265661110937,0.00439520312548079,-0.0003000813061324765,-0.0019199029036454191,-0.005413645232501269,hard-like,ok,0.023874635826128837,0.04181099139868486,0.024202722538611596,0.05585300676488498,3.8900661164395145,0.7822101290435816,0.6390536103313907,0.23732121139820458,0.6876303389384398,0.0364890381524857
1050110130,4U 1702-429,NS,2,58393.58565,True,0.0011502263239443291,267241,0,12,0,1777.895947366953,83.603515625,7.0,94801,25785,7829,0.2719908017847913,0.30362613922823345,4.00279348919606e-05,0.0001585250706001955,0.006326763382011422,-0.0004105358616970265,0.0006786316251262249,-0.02026168457204451,0.0014854584789992392,0.0010999555886592324,0.038541646033858484,0.002071142269811249,0.0017036225785612485,0.045509804106491705,-0.011228063554801762,0.004972738291165257,-0.10596255732475393,0.0,,-1.5849666863217845e-05,-3.5457153960619586e-05,0.00013547899068957467,-9.677674277387131e-05,0.0004012750997462718,0.0002889187126009775,-0.0011395106269553215,0.00044341027050654033,0.0011176120023406217,0.0011433014859541814,-0.0008293878221564029,0.0019604523121811573,-0.0033814496712338852,soft-like,ok,-0.0037346823196148706,-0.017913782864021247,0.02795115895695388,0.038212954612209686,,0.009737339455736195,-0.02239456655055997,0.04690675990756217,0.05187721780489265,
2050110108,4U 1702-429,NS,3,58580.71339,True,0.001125221025558592,96215,0,6,0,1033.695473909378,66.0859375,7.0,34946,12007,3801,0.3435872488983002,0.31656533688681604,0.004511976305038241,0.0008581658730871665,0.06717124611795021,0.016717551243704595,0.0024884643973297413,0.12929636980095224,0.01451737746015895,0.003161511984054915,0.12048808015799302,0.036183369594100845,0.0023997273819335464,0.1902192671474182,0.01333078859195738,0.01211613071849081,0.11545903425872477,0.2554117474964481,3.0426464741388,0.0002825732316010785,0.0005627851331321504,0.0017178098250372077,0.002678358488133607,0.004268260003804835,0.004321380398122503,0.0075125051915124145,0.0096884728214549,0.004997333147704162,0.004324814931285364,0.0021405130042709023,0.008046856400231929,0.014693498182898314,hard-like,ok,0.07612477812970908,0.13820606747422104,0.105917140927214,0.18363316306729746,4.169562464502161,0.05676032223613332,0.11966930438783331,0.1335474496013863,0.19662016281235378,2.1090773369702034
2050110115,4U 1702-429,NS,4,58590.03684,True,0.009190508333766032,108042,0,8,0,1126.9045601785183,68.08203125,7.0,47656,16361,5699,0.3433145878798053,0.3483283417883992,0.004248386759644024,0.0007993092555810579,0.06517964988893407,0.014408837492074616,0.0013130485063350922,0.12003681723569072,0.010493942813173077,0.0010629168683112505,0.10243994735049934,0.03204259850000692,0.00494586872252576,0.17900446502812975,0.022589881319421627,0.010689620446365707,0.15029930578489584,0.2449572177172922,3.1453975381926784,0.0007102583947843201,0.0012247860922127212,0.0018080054912939603,0.0021622165305140396,0.0031621072776641837,0.004316969084233027,0.00593309074326944,0.005699409448060242,0.004844582397644104,0.0037137399122928708,0.008914135341351964,0.00332618820121234,0.014188549597263681,hard-like,ok,0.06787067053802448,0.11042569618685269,0.10659436426838795,0.14957729599901937,1.1390080807486307,0.06247612798518846,0.12862311497369922,0.09826935669806774,0.2033786785511696,4.908949122942339
2050110124,4U 1702-429,NS,5,58603.62407,True,0.01723969012645472,410052,0,28,0,4067.8833741247654,70.697265625,7.0,169049,59898,24432,0.3543233027110483,0.4078934188119804,0.0027872063142378102,0.0003482384116767646,0.0527939988468179,0.01194749328365264,0.0006168517630358939,0.10930458949034409,0.010464923110055176,0.001379050263344404,0.10229820677829683,0.027973055796911367,0.0021879374286491436,0.1672514747226803,0.00556584615034686,0.0073412633980126105,0.0746045987211704,0.20438017112486986,1.9041983859947098,0.0005717778826987632,0.0005971077116261475,0.0007321812210197175,0.0019936678777522253,0.003036899461273836,0.003657682278785955,0.004682496053889976,0.006452533326104244,0.004047054777493524,0.004289327151379914,0.004447857873535437,0.004025852992995237,0.003236815740476112,hard-like,ok,0.050229506255256816,0.11232588144010519,0.10367179640193286,0.17788417732677583,1.6230590743044704,0.055164460638067805,0.10629627291238615,0.10094990744364268,0.15626419876448194,2.2125504837226138
2587030102,4U 1702-429,NS,6,58704.02398,True,0.0015679342736811474,1918206,1,117,0,18149.335125267506,65.98871527777777,7.0,696267,221471,70509,0.31808343638288183,0.31836673876037946,0.0004440541345147273,9.683825982084914e-05,0.02107259202174064,0.005452287656931888,0.00027356375191430306,0.07383960764340429,0.009122447947582112,0.000565491662947751,0.09551150688572614,0.023400433853569002,0.0009094622234362109,0.1529720034959633,-0.0006295566804110699,0.0030634765338332487,-0.025090968104301396,0.18898013451697915,4.600084792015501,-6.604357464110769e-06,3.400459374183334e-05,0.0002129197544460369,0.0003566481955367612,0.0006443532403489512,0.0017303275259375702,0.0028886253781255037,0.00459575114525219,0.004556159905639881,0.006448763314434509,0.006083626939132037,0.004788112017068289,0.0033808035898560797,hard-like,ok,0.022231585819746713,0.07469680140803882,0.09520235817397323,0.15333930313337116,4.531389724449539,0.01982011193614161,0.07295447343167528,0.09582595966512567,0.15259626904549006,4.670614736002512
2587030103,4U 1702-429,NS,7,58704.99064,True,0.0013712268327846816,1565303,0,104,0,14925.428173482418,69.34788161057692,7.0,649442,207902,65815,0.32012404494935653,0.31656742118882936,0.0003256641449805786,9.247101958923317e-05,0.01804616704401737,0.004588520630196635,0.00030179116954649786,0.06773861993129647,0.008521603134912258,0.0004898678606587227,0.09231252967453692,0.020142802808074234,0.0008246845305064378,0.14192534237434212,0.005734410800879375,0.003173371689762845,0.07572589253933805,0.18276524335909972,5.196569003461917,1.2554489881554088e-05,2.2617527949366815e-05,0.00016170919171444643,0.000237719557899831,0.0005429690543435175,0.0013754723114819255,0.0024986626567769913,0.0038434384130091965,0.004753199196914195,0.005103728569590375,0.005908327355935546,0.005821423585384778,0.0031213122692292147,hard-like,ok,0.022919689754485228,0.07145568426669759,0.09044903194057231,0.13826801771479796,4.307086211401733,0.011262023769896322,0.06382197038302524,0.09413174316032942,0.14547634525349915,6.0187956179614535
4202170107,4U 1705-32,NS,0,59370.11106,True,0.0006048258738142229,267544,0,23,0,3261.7922620773315,28.87805706521739,7.0,64164,15982,4871,0.24908048126675394,0.3047803779251658,0.00036402457883460135,0.00043265245929720807,0.01907942815795592,-0.001292452379863972,0.0012237190187149131,-0.03595069373272193,0.00286871435163805,0.0023228673606280805,0.05356038042842909,-0.002494198530562963,0.0049244262552666776,-0.0499419516094732,0.016476890194261035,0.014957553706947416,0.12836233947019288,0.14433303236124218,26.317071824424247,0.00011859506623540728,-2.8731189780142837e-05,-0.00038400280930797127,0.0007912584820955208,0.00016542239521539917,-0.000956151264945942,-0.0005236854881771275,0.0020216792230740503,0.0008544972024348935,-0.0029678664067975245,-0.002901303612546054,-0.0013193420176765096,0.02596165465076738,soft-like,ok,0.02221635728763113,0.024819336613235907,0.07903868837175493,0.03791554260869957,21.659910602785928,0.01490393949438087,-0.05816291808653228,-0.02884275245958108,-0.08246807971942108,20.99087296351651
4202170110,4U 1705-32,NS,1,59373.0375,True,0.003912582953243553,257818,0,21,0,3101.5946700274944,29.771205357142858,7.0,59991,15223,4811,0.2537547298761481,0.31603494711949026,0.00027498879398305697,0.000509602814741322,0.016582786074211323,2.363210302156794e-05,0.0014568589232101241,0.004861286148908326,-0.001346421397697518,0.002232135426536122,-0.0366936152170581,0.004670911360323038,0.00440013968090428,0.06834406602129432,-0.02136274224087611,0.014681759770746775,-0.14615998850874376,0.0,,-0.00010461739501808564,-2.1503317673727036e-05,0.0001553932423730343,0.0004943897489131021,0.0001288804923202772,0.0005595246571556454,-0.0008637096093652081,-0.0006978496023325856,-0.0008029261120834314,0.005867629492044567,0.0006622102218691403,-0.008583654334720537,-0.018528297641529946,soft-like,ok,0.0019685389686268525,-0.03082821202182362,-0.012549458882439898,0.10233572882010615,,0.02395867037616018,0.03313506747000426,-0.051553596439204555,-0.04157107824612033,
4202170111,4U 1705-32,NS,2,59374.7037,True,0.0037423982535474817,126616,0,7,0,1600.059681326151,27.3125,7.0,18453,4615,1404,0.2500948355280984,0.30422535211267604,0.0007813174840163563,0.0009856392687443375,0.02795205688346309,-0.002245871192440265,0.0020562150807659513,-0.04739062346540996,0.001036851515199918,0.005661722477722816,0.032200178806955686,-0.005456671225790567,0.00885454266594806,-0.07386928472505042,-0.010738378101817983,0.033286059944459295,-0.1036261458407963,0.0,,-5.695957165823241e-05,7.872647768857163e-05,0.00026977919036795636,0.0006365020971427649,0.0003208450670251754,-0.0015695921225699948,-0.001208289983737274,-0.0004929785768359879,0.001537305657694798,-0.0029493956596742085,-0.0014508577449339063,-0.0038080732195866595,0.007196649964709793,soft-like,ok,0.030363063502403087,-0.057397866312001986,-0.026358244254618364,-0.11994800711191306,,0.024323267835747647,-0.02882763576887577,0.05807883860661386,0.08119671563690835,9.735406754341813
1050120113,4U 1705-44,NS,0,58351.17756,True,0.00020804534463867146,2804474,0,19,0,2991.9763501882553,654.5879934210526,7.0,1125598,364767,101593,0.3240650747424924,0.2785147779267313,0.0001000946350155757,3.6120987828647257e-05,0.010004730631834907,3.7111040757219286e-05,5.895669885667763e-05,0.00609188318643909,0.00016478679619415834,0.00011125492668649326,0.01283693094918557,0.0006577795698757054,0.000209163807117397,0.025647213686396917,-0.00025755993605927835,0.0006232145782966203,-0.016048673965760485,0.037866644412111405,,0.00012447441819997775,5.625273782540849e-05,3.816620922239733e-05,7.540798886872941e-06,1.640877007472531e-05,6.451709828228434e-05,-3.955802138369589e-05,8.658040692083424e-05,7.208447213812663e-05,0.00028573884328319274,0.0003262524588679909,0.0005309210156069617,-0.00013549644889178857,soft-like,ok,0.006877564121426433,0.013292471673232243,0.015898741703119515,0.025764243043446825,,0.012593827128622434,-0.010843441989154542,0.008202284002135875,0.025516886246061618,
1050120115,4U 1705-44,NS,1,58541.58426,True,0.002738944590344868,2542104,0,19,0,2556.988334596157,691.6702302631579,7.0,1169374,391758,121010,0.33501514485528155,0.30888967168507087,0.0001884649781967076,3.388346978410453e-05,0.013728254739649452,-5.629804943068098e-05,6.256981067766788e-05,-0.007503202611597329,5.237056786085233e-05,0.00010421050510855467,0.007236751195174001,-6.484978584161997e-05,0.00018873960761314073,-0.008052936473213977,-0.0004419805943928601,0.0007180342242589354,-0.021023334521261372,0.027210571052500694,,0.0001832662327171237,4.811232753498921e-05,8.076538420914578e-05,8.207610746003419e-05,6.25798429546176e-06,5.113053741322095e-06,-0.00010049106022659346,4.138744573606709e-05,2.131625387645226e-05,-9.374583520166319e-05,0.00042524706939861583,-2.664030701174784e-05,6.77505204739814e-05,soft-like,ok,0.011618439666427026,-0.008555676047459354,-0.0027760343291920652,0.003247712186139299,,0.01589355949308571,-0.006002190900681221,0.011154684915995845,-0.012461205525717514,
2050120102,4U 1705-44,NS,2,58557.65079,True,0.00044482725123124096,9884657,0,64,0,8676.752024561167,820.613525390625,7.0,4559476,1653501,509489,0.36265154153679063,0.30812742175541474,0.00021628269380938124,2.5619593562387676e-05,0.014706552750708823,6.852819987753448e-05,2.549233004202465e-05,0.008278176120229292,-6.052737308522254e-06,4.651277286778853e-05,-0.0024602311494089845,8.197660709633299e-05,8.180702362914176e-05,0.009054093388977882,-0.0003547425753902859,0.00026895116818271626,-0.018834611102708915,0.018639462970166335,,0.0002804162978764141,0.00010434706733791938,7.584616034578428e-05,4.448498333939495e-05,2.089848367716018e-05,3.092237104752811e-05,5.7773573392335756e-06,2.3259632201652186e-05,-2.6777898910279184e-05,8.500037637066779e-05,-6.831474311476391e-05,0.00010188702417066404,-0.00033031753186517343,soft-like,ok,0.015290879171488928,0.008544289139904005,0.009262652242582733,0.013453164216928524,,0.014104358161076924,0.00800606742942593,-0.009847170044604144,-0.004003252789509972,
2050120103,4U 1705-44,NS,3,58558.03741,True,0.0005564674839419897,9738678,0,65,0,8851.71303704381,788.4617788461538,7.0,4488994,1594245,476763,0.355145273083457,0.29905252956728734,0.00013081733630339865,1.5968896124953505e-05,0.011437540657999807,0.00011981574263112026,2.717448305407319e-05,0.010946037759441554,0.00011696817784749653,5.6118657918850964e-05,0.010815182746837732,0.00020111720906817318,8.702269059657321e-05,0.014181579921439402,-0.0003424367272244164,0.0003262693504083426,-0.01850504599357744,0.024814893962524554,,0.00011960825767088376,7.308820722957218e-05,3.45906763840812e-05,3.221546074413163e-05,3.073461110653512e-05,2.047270959928367e-05,5.762301310631344e-05,7.856325770015139e-05,4.0313320911946754e-05,3.9302864500962086e-05,-9.208208835814959e-05,-3.5621068816965106e-06,0.00018491077865732245,soft-like,ok,0.011699279545146562,0.009556235364196145,0.009536689948784004,0.008370938310744784,,0.011159628323281675,0.01222149309028379,0.011997971688711667,0.018357939899533906,
3050120101,4U 1705-44,NS,4,59069.03023,True,0.0003789111406493886,2778014,0,47,0,6631.840662539005,272.9401595744681,7.0,1209396,339811,92801,0.28097579287512114,0.2730959268534568,0.00012450786398608392,3.9146013361974634e-05,0.01115830919028882,8.540532851047685e-05,8.074201174354863e-05,0.0092415003387154,0.00021171081034763377,0.00015219335061814553,0.014550285576153952,-4.020801127751556e-06,0.00027205735758574696,-0.0020051935387267626,-0.0011392995785175785,0.0011643178574099627,-0.0337535120915969,0.050611946794619146,10.25638859414407,0.00016192268217249842,6.65585360198341e-05,3.436237846878247e-05,4.755042486511386e-05,-7.71200476090928e-06,-8.344228185830815e-06,7.80788367524056e-05,9.317213758964541e-05,0.00011795792209515328,-0.0001392426204286317,0.00029803994787301575,0.0003692671972029822,0.0014499579486773,soft-like,ok,0.012448665084978994,-0.0014832517511612791,0.01467053431036405,0.011992374626069412,10.938478151945578,0.009657526232995962,0.013238204425193762,0.01442592198197883,-0.012475482941808749,
3050120102,4U 1705-44,NS,5,59075.35299,True,0.00022577984357972437,518309,0,8,0,1272.9561871290207,260.6748046875,7.0,199074,53310,14547,0.26778986708460173,0.27287563308947665,7.28862803555351e-05,8.544227675732874e-05,0.008537346212701878,-9.309902001544233e-06,0.00024747659346822275,-0.003051213201587892,8.00726899247823e-06,0.0005205468557003082,0.002829711821454303,0.00016521300999671905,0.0010132811851022527,0.012853521307280704,0.0002528548381879046,0.0033090790415737825,0.015901409943395103,0.07378415392581121,27.18829946308815,2.9956908006511325e-05,2.2882897687678714e-05,-3.526436337629392e-05,9.359202659781666e-05,1.8525940188394277e-05,-3.877892673505175e-05,1.7008020917034147e-05,0.000205285934816602,-0.000211667882749711,-0.0002879534106722924,0.0009081364520301806,-0.00016719923049246958,0.004889577004329402,soft-like,ok,0.014536921464824782,-0.00752738504053071,0.016365301204298972,0.026593522967720357,13.814557604653984,-0.008214276920547563,0.006220940569763319,-0.01598189730167887,-0.019604220997269817,33.5257883477653
3050120104,4U 1705-44,NS,6,59110.65925,True,0.0007795077414636673,1318643,1,35,1,6599.985181182623,123.57611607142857,7.0,405001,115328,33292,0.28475979071656615,0.2886723085460599,0.00031937911875082125,0.00011246554658401077,0.017871181235464578,0.0002694422552802747,0.00022245541415031927,0.016414696320074723,0.00021326063398304155,0.0003997715671104932,0.014603445962615863,0.0005217105274417304,0.0008283237447342923,0.02284098350425678,-0.00302922999416348,0.0029767104713092174,-0.055038441058622656,0.0,,0.00020488360952724313,0.00017950575592274616,3.9870685646435715e-05,9.811780321683889e-05,0.00010037957756922675,0.00023589493830134109,-5.641183909363337e-05,3.357550476866435e-05,0.00017114958168251801,4.759261542149228e-06,0.0006133786192210346,0.00012782322620030786,-0.0027625757240644657,soft-like,ok,0.013030733438294684,0.02266957552058793,-0.012707113185490464,-0.018986650286550662,,0.021936079648752396,0.002231821039511568,0.024872464638395816,0.03841959375893563,
3050120105,4U 1705-44,NS,7,59110.98194,True,0.0006073460059798375,1340760,0,40,0,6941.8138654232025,119.682421875,7.0,451759,125343,35672,0.27745545744523076,0.28459507112483345,0.0004298917116702217,9.851728177981463e-05,0.020733830125430796,-0.00013378350252896847,0.00023998314309370993,-0.01156648185616389,-5.1521865207646986e-05,0.00037723938928509675,-0.007177873306742533,-3.9621982310493376e-05,0.0008925402993891985,-0.006294599455921987,0.004696701060957053,0.0029383564114737024,0.06853248179481794,0.009366137158824573,,0.00019971332386924066,0.0002583241040810762,0.00015955495241156884,5.6701665745183534e-05,-2.2080600765725018e-05,-0.00013093235748635765,-1.0456966922916381e-05,-0.00020135191216760697,0.00013482745903838368,7.805192198457484e-06,0.0003235694949410255,0.0011364503203876635,-0.001824400150052079,soft-like,ok,0.02468582023152176,0.021724298770704222,-0.020739373487284555,0.011656985613104635,,0.01579791762274872,-0.027244772489748895,0.018133019237866164,-0.014694575875148113,
1050140102,4U 1722-30,NS,0,58298.006,True,0.012370995394493562,158884,0,19,0,2631.8776879012585,33.93009868421053,7.0,60179,16477,5862,0.2737998305056581,0.35576864720519513,0.0003350851190592935,0.00034900319046217784,0.018305330345538523,0.011590586236460773,0.0019745755931648095,0.10765958497254563,0.006239210939129077,0.0021399746174142506,0.07898867601833238,0.02270978887898987,0.004844043465860621,0.1506976737676792,0.00987703009267442,0.015598450601795603,0.09938324855162675,0.18190767148850132,2.3480325309631387,0.0005287553269885016,-0.00011869678155598653,0.00026277943846817966,0.0010628012368240748,0.0021288900165955973,0.0038428306664024707,0.004808892829569105,0.0049398397004791475,0.0012375451878665529,0.004435335759635775,0.001237434762652369,0.005001997248069359,0.003721995554373378,hard-like,ok,0.008553499687621934,0.1125875724170254,0.08889245755426624,0.1381051385986306,1.5749083865742113,0.025000741136889507,0.10192674626124226,0.06632214271170428,0.1635106403187883,3.4215035420569597
1050140113,4U 1722-30,NS,1,58354.7158,True,0.0017768301350390902,79497,0,9,0,1383.7312869131565,32.650173611111114,7.0,27880,7451,2282,0.26725251076040174,0.30626761508522343,0.002746640008035268,0.000884121448549664,0.052408396350539746,0.013101432214041149,0.0017722120087004876,0.11446148790768514,0.018020837890754964,0.00316380433223496,0.1342417144212445,0.03885863716789242,0.004943853894263458,0.19712594240204007,0.002002956072379899,0.023048873757031046,0.04475439724071702,0.2519453731370204,2.8594480645305658,0.00047387846299437705,0.0002011490777284527,0.0016309193921298815,0.0013699341004986794,0.0030736397516664573,0.0025059362746524872,0.006959729604715346,0.007805225875398305,0.01032237603604177,0.002442103898749473,0.020680944162940376,0.0034763084986596513,0.0025343259089772073,hard-like,ok,0.04263046146763945,0.11275154619869418,0.1203634503783411,0.1872873967023679,7.841169983742104,0.06282582381626048,0.11663327895865208,0.15028428648565897,0.20915136626465994,1.963152083047145
1050140115,4U 1722-30,NS,2,58357.61286,True,0.16959202627034511,693366,0,31,0,4546.7652759552,54.689264112903224,7.0,113316,47336,56355,0.4177344770376646,1.1905315193510224,2.03333161354232,0.20144323890343682,1.4259493727136037,0.10155347290865684,0.008806815761774587,0.31867455641870257,0.009900628491172616,0.00028001608869102524,0.09950190194751363,0.11693572671591876,0.009066496241197385,0.3419586622911003,0.007115342080321093,0.0014098939771283272,0.08435248710216607,1.8768603403048847,0.02108996733328569,1.377392923343743,1.441409754704176,0.48802563627455675,0.11767447549674356,0.0518251203878886,0.02558737728008034,0.010318663637291623,0.006160327822303095,0.0037843593391096173,0.003573094461479886,0.001685417265655145,-0.0011444300880037413,-0.0036879829156556904,hard-like,ok,1.4615090889004847,0.32567970186769135,0.10049451795092966,0.34867559311568563,0.021047429880882214,0.10167181251782605,0.11234126230921916,0.07739057581010157,0.15980332843901343,1.0164930999525268
1050140116,4U 1722-30,NS,3,58358.70742,True,0.032643567532884186,66702,0,5,0,1049.6783977746964,34.55625,7.0,15712,4377,2027,0.278576883910387,0.4631025816769477,0.001877646069809435,0.0008320505174925622,0.04333181359935717,0.009405520700942646,0.0019630446837996334,0.09698206381049357,0.00993448611251814,0.002360691117954882,0.0996718922892414,0.02617406527614958,0.009509697879907667,0.16178400809767812,0.030016285211799238,0.043332921663665945,0.17325208573578338,0.24512470500483208,5.500494187858919,0.0012328102173301558,0.0005324900758331397,0.0004275661855475767,0.0014269258066107902,0.0027815074822597373,0.005796761988840552,0.0002878150359411613,0.004976847540955796,0.00498773876728147,0.004053435621671044,0.003593977436355667,0.016179325033000423,0.013808919812078433,hard-like,ok,,,,,,,,,,
1050140119,4U 1722-30,NS,4,58361.34569,True,0.006938034124408183,59687,0,7,0,1035.9333963096142,32.247767857142854,7.0,21407,5675,1812,0.26510020086887465,0.319295154185022,0.005211676644481474,0.0010721931414559957,0.07219194307179627,0.016752608846092778,0.001864588828572455,0.12943186951478672,0.00902220365346542,0.004176754408196154,0.0949852812464406,0.045465591824623106,0.009676257201315938,0.21322662081603017,0.026040662663233495,0.03622037442422366,0.161371195271131,0.26389746335826164,2.557724847255632,0.0002939063180693703,0.0009310876949620119,0.0020070124971713513,0.002525825023122567,0.0034957580340363057,0.007262701480770017,0.005963298477466455,0.007564619292208153,0.0012361866443028132,0.01149979136196534,0.014925570509855154,0.010400716936614506,0.0015353968963809947,hard-like,ok,0.07943474537235418,0.13115789103598816,0.12564946220942702,0.24275260047572134,2.0074221309484077,0.06092686842408452,0.12703712098383113,-0.014703424095154629,0.16456478112674439,6.1290796160393155
1050140120,4U 1722-30,NS,5,58365.60046,True,0.033843739854994045,66284,0,7,0,1004.9668220281601,36.88392857142857,7.0,22830,6672,3546,0.29224704336399476,0.5314748201438849,0.002483635601459544,0.0010789802381809036,0.04983608734099763,0.011702346760360303,0.0029888186527910615,0.108177385623615,0.005691591591828273,0.004789273486367194,0.07544263775762532,0.017443049887695173,0.006372754349934826,0.13207213895328254,-0.04046092684370123,0.017531759464821522,-0.20114901651189157,0.1896732614688822,3.3609141854354045,0.0005416262448086652,0.0006036001490254914,0.00016235644982897477,0.0017471101165936111,0.0028913247684493703,0.0037791662223675363,0.004832697936221915,0.003491888544390598,0.0023694297667706246,-0.004615481152530421,0.013297435024932832,-0.0027552301443729194,0.009630022189756674,hard-like,ok,0.04800855371675861,0.09937125455890673,0.045589873386505574,0.1225532410616734,7.25614212354988,0.05192872185609737,0.11780926080760833,0.09997314445066181,0.14258185601329967,1.669117922318784
5402780101,4U 1722-30,NS,6,59982.64006,True,0.00031847801035053534,784591,0,8,0,1183.98964625597,202.591796875,7.0,149485,44604,13365,0.2983844532896277,0.29963680387409203,-7.2671837127579495e-06,0.00010892560657181748,-0.0026957714503937366,0.0003795325814578453,0.0003064327329711076,0.01948159596793459,-0.0009880745657347614,0.000359505342132778,-0.03143365339464634,-0.00042998880186785664,0.0010132246763034684,-0.02073617134062739,0.0015611562194480602,0.0036513872261832994,0.039511469467080826,0.060333238571840975,11.93240599644682,0.00036741709203528145,2.3695525300388277e-05,-2.6775391962470477e-05,4.506903964349667e-05,7.881425908457269e-05,-2.2016799176232875e-05,0.00023870758853845143,-0.0001238836629490903,-0.0008294197264687895,0.00028837957699992506,1.0722450254233567e-05,0.0009031887897389305,0.002686200935527983,soft-like,ok,0.004385247172214593,0.02027718256405727,-0.03392708950256017,-0.014582458167460016,,-0.005818760197669453,0.01864912224307479,-0.028714603300791446,-0.02545769143264855,12.79353703001224
7402780101,4U 1722-30,NS,7,60404.25403,True,0.001729271495624813,157308,0,7,0,1011.9741467833519,76.92410714285714,7.0,52484,12626,3814,0.24056855422604984,0.30207508316172976,0.000974286558932578,0.0007345034278531433,0.031213563701259394,0.002216690555027177,0.00080179498747643,0.04708174333037358,0.003547071393416793,0.001649610046235414,0.05955729504785113,0.009720284266103187,0.00229491716773041,0.09859150199739929,0.0011346949191583552,0.0029049664597569315,0.03368523295389769,0.13827285986794716,3.1813045290277255,0.001175066541450436,0.00047386520962415746,0.00017504057735012897,0.0006692071049938201,-1.9358879702066238e-05,0.0003888229118259729,0.001637211180641823,0.000266177676055251,0.0031470827265874597,0.0032447275266369543,0.003920502252115909,0.002182666828250119,0.0018583721202309863,intermediate,ok,0.04090296120165456,0.04515020816693244,0.07140836597081134,0.0889298990459397,1.5949081020052105,-0.008149052817123867,0.04981981360288954,0.03514975159361783,0.11143873305915634,6.734215954462033
0050150109,4U 1728-34,NS,0,57947.38068,True,0.027383137498614946,272463,0,7,0,1109.9681260436773,185.90848214285714,7.0,102121,44117,20336,0.43200712879819037,0.4609560940227123,0.0005482842565124347,0.00025818941338287305,0.023415470452511404,0.002154399624684842,0.0004069260481901155,0.04641551060459038,0.006068274883850346,0.0009597983213664011,0.07789913275416066,0.014062192341978523,0.0017614899747442178,0.11858411504910142,0.0025209499700622954,0.0028671283578730502,0.05020906262879537,0.17938279758635356,6.734936858995144,0.001011233937364917,0.000312357633737916,0.0002606777249253186,6.456618643473613e-05,0.0002673668274586596,0.0002237524426925008,0.0014928397215620956,0.0023938465688676377,0.0037555516593687577,0.003901983072661398,0.0061959789817305575,0.005926258305739352,0.006371775007362843,hard-like,ok,0.021982289116162405,0.052348033567388985,0.07068059248209574,0.11922751093710268,7.041338111608278,0.025028231127259902,0.03808974764832273,0.08576811968079567,0.11780688046909386,6.311396052556279
1050150109,4U 1728-34,NS,1,57977.06457,True,0.0007804581190366579,616745,0,25,0,3441.9572045505047,147.23625,7.0,292158,131285,47713,0.4493630159023542,0.36343070419316753,0.0005644979605041149,9.978760963370711e-05,0.023759165820880893,0.005603128576211315,0.00030858163570595044,0.07485404849579824,0.008157480291379582,0.0005075541071354932,0.09031877042663713,0.021473336892926912,0.0007969875783587277,0.14653783433955517,0.0037335313770768463,0.003007034237208118,0.06110262987038157,0.17964127475740663,3.9366695415097674,7.730758190794765e-05,4.732157046468027e-05,0.00020777464954373242,0.0005547308890541721,0.0008164344503425324,0.0013455263769120926,0.003149483409889529,0.004075394405973577,0.004128441075914698,0.005212274450527942,0.007354932457509192,0.003088438256739051,0.002212928021686914,hard-like,ok,0.022151643467895405,0.07647123207584643,0.09168335030622009,0.14665143679264694,4.75879350110995,0.025384241309800278,0.07306378436864348,0.0888185461757635,0.1464148059892203,3.2030261165746783
1050150112,4U 1728-34,NS,2,57980.03122,True,0.0005212451574999669,288550,0,8,0,1187.9428045600653,190.412109375,7.0,125767,50639,18576,0.4026413924161346,0.36683188846541204,0.0002715561679425495,9.203037266012949e-05,0.016478961373295027,0.0008780633579221359,0.0004087498411191193,0.029632133873923692,0.004474986779816275,0.0006799729264228571,0.0668953419889328,0.010902189631573047,0.0009244741918197283,0.10441355099589826,0.013763444896176417,0.0038609789176805255,0.11731770921807337,0.16123106062612416,9.143273503092189,-1.69457974118947e-05,0.00011224963537038935,1.1801400461711444e-05,0.000257949927643023,0.00024772366199211405,8.424464834886014e-05,0.0003869495011696642,0.0014030491821955253,0.003120638348499673,0.004531071289211931,0.005066631702937899,0.008226347083895635,0.0025637443263103947,hard-like,ok,0.02062913603012687,0.022890189017148673,0.06747049998504782,0.10496311859057865,8.201149822050056,0.010729337163761956,0.03518179606934772,0.06630599204280274,0.10385232591978823,9.919239201084524
1050150118,4U 1728-34,NS,3,57986.32461,True,0.0003301321340336464,473496,0,8,0,1273.9649037271738,291.51953125,7.0,204475,71391,22650,0.3491429270081917,0.31726688238013195,-5.723292902118227e-06,5.493374593309832e-05,-0.002392340465343139,0.0002989486719537435,0.00025893035743625994,0.0172901322133101,2.588435703782549e-05,0.0003100066541527097,0.005087667150848755,0.00043231424571401483,0.0005987052054673201,0.020792167893560663,0.004435751343846883,0.002391219540476352,0.06660143649987502,0.055232253783206536,22.169002552368163,2.1293320767132736e-05,1.277456872221082e-05,-5.995911547835505e-05,0.0001009588493886928,0.00020103479439741599,-0.00015813936201961333,0.00020162739415376975,5.494793757256856e-05,-3.413533064723867e-05,0.00012352136833833878,-0.0005568162492947202,-0.0007716121751709994,0.00391510585724333,soft-like,ok,-0.009516343932312654,0.02334701328932991,-0.009105187249967178,0.026845825209390696,19.159898554786626,0.008762114602967868,0.0077202306172540576,0.011474889139297641,0.012324079165462855,23.479424300699836
1050150134,4U 1728-34,NS,4,58006.0836,True,0.005260692569953355,1474945,1,47,2,6805.931270465255,159.49235372340425,7.0,640108,234831,84567,0.3668615296168771,0.3601185533426166,8.383164348165234e-05,5.547770252104403e-05,0.009155962182187755,0.0008964167958616017,0.00016289089698651326,0.029940220370959225,0.002752101569364325,0.000306592773223906,0.05246047625941195,0.008171918471528731,0.0005950576523091462,0.09039866410256697,0.0025694939564504067,0.00229864978799441,0.050690176133550834,0.14143974508078083,11.012568452718185,4.433836246075481e-05,4.332628503772396e-05,5.974075802478583e-06,5.432946205971326e-05,3.14701666213521e-05,0.00036818157779884965,0.0004579566060211465,0.000987236896054527,0.0017838749393117885,0.0030330612352822335,0.0038158618102337263,0.004852304811333836,0.004527285260498136,intermediate,ok,0.005827840453835088,0.02594312930178427,0.051965531019759065,0.0871336364611479,10.48601768181869,0.011644243941577813,0.033589407306292306,0.052969277988649914,0.09366707930756539,11.276608086146544
1050150149,4U 1728-34,NS,5,58156.11429,True,0.0004675029148525113,961554,1,11,3,2041.9863818883896,162.41264204545453,7.0,151936,57670,19071,0.37956771272114576,0.33069186752210855,0.000356444476244563,0.00017375093669925044,0.01887973718685096,-0.00020858716360387268,0.0003313131447763821,-0.014442546991575713,-0.000731165370635966,0.0005593080603448869,-0.027040069723208295,-0.0006973848741843008,0.0016611926865505093,-0.02640804563356215,0.0011109537261764742,0.005636188099962206,0.03333097247570905,0.007604614158285022,,0.0002758714063774892,0.00024044238665741664,0.00012748370663448024,-8.346917940402427e-05,-6.591225355509967e-05,-6.593738902231722e-05,-3.1929057703819376e-05,-0.0006543306110714237,-4.965566053048869e-05,-5.182845299490062e-07,0.0012429085218616358,-0.00025417543018750935,-0.0006229479990300015,soft-like,ok,0.02598776153303017,-0.02157712971764405,-0.039780742862650875,-0.050698406349120394,8.59927561875275,-0.0049297089550560955,0.00991053104341652,0.01688851877140627,0.03922571290840627,
2587010101,4U 1728-34,NS,6,58724.27066,True,0.0006203448351061541,4363800,2,94,5,15690.772489875555,213.27867353723406,7.0,1752247,614726,199196,0.3508215451360453,0.324040304135501,-3.750946889481782e-05,2.1685987588262532e-05,-0.006124497440183792,0.0001559705477848537,8.183648784005018e-05,0.012488816908933116,0.0002320180816800839,0.00016454152514509457,0.015232139760390983,0.0009017634908986523,0.00032540038320974854,0.03002937713138007,0.0005700789470565278,0.0009672902769110744,0.023876326079540124,0.05185371758914398,14.588575124843215,3.4512287751212006e-06,-1.2806395003371779e-05,-1.5957060730636828e-05,-1.874877631368023e-05,-6.375474902143615e-06,6.04234280813657e-05,0.00010512882677006783,0.00014850863899218655,9.03059736763323e-05,0.0006146119598065164,-0.00028065256287757343,0.0008950773085278002,0.0011058409330127151,soft-like,ok,-0.00422188575763688,0.011807332420547344,0.02320204836810904,0.037744860523840684,12.851101494898968,-0.007551140908948127,0.013129390496148984,-0.008460346526986635,0.019583110095914815,
2587010103,4U 1728-34,NS,7,58726.0765,True,0.001736030081718213,2545670,0,50,0,9015.827355891466,217.9265625,7.0,951368,333586,109776,0.35063823883082046,0.32907855845269285,2.3029330440421695e-05,3.840523356226214e-05,0.004798888458843536,-9.368891086933866e-06,9.804336214289505e-05,-0.003060864434589331,0.00021712177488450506,0.0002235783067948394,0.014735052591847273,0.00031094547695168526,0.00044352493723018733,0.017633646161576602,0.001626897043297618,0.001316920738390285,0.040334811804415525,0.04862845102291692,,1.1546121889228344e-05,-2.0172023817493705e-05,4.643263256341097e-05,3.431931241880659e-06,3.504155620989151e-05,5.040428098931566e-06,-5.9818935148733625e-05,-9.27106239497369e-05,0.00031353724903984253,8.542958602313473e-05,-8.731097232705052e-05,0.0003247172552827846,0.0017995620437821394,soft-like,ok,0.007732763078219588,-0.009663798154403668,0.02394802603242669,0.03785483765863562,15.454108422771267,-0.0037030864328250904,0.00863690362703192,-0.011791125871237536,-0.028466855079926197,
1050500102,4U 1735-444,NS,0,58270.40949,True,0.0014936983197017999,6755103,0,63,0,9071.878991305828,248.87239583333334,6.984126984126984,1512552,376021,120448,0.2486003786977241,0.3203225351775566,0.0003670674833506264,0.0001410766647227115,0.019159005280823593,0.00016915845837199776,0.00015171500891639783,0.013006093124839517,-0.0005317845565560011,0.00017601967439880053,-0.023060454387457355,9.534197485770942e-05,0.00032084607086423176,0.009764321525723608,-0.0011889985069132012,0.001106224864666727,-0.03448185764881587,0.046131286999460855,,0.0003208446892614015,0.0001962730672884093,0.00010421472016391573,0.00010943428800451666,9.409421163389452e-05,1.8228589364847397e-05,1.6873293448168342e-05,-0.000172018781791114,-0.00036265800294601504,0.00019613959622232085,0.000640110479879137,-0.00014286842754661044,0.0011094279172437541,soft-like,ok,0.022724697030644964,0.009583947538053316,-0.024063095206832048,0.021366722118256392,2.1854524534785678,0.014663122948914632,0.015743911206186713,-0.02199266520325986,-0.01650519486304715,
1050500104,4U 1735-444,NS,1,58340.0006,True,0.0019028995622822362,5442582,0,45,0,6361.977117210627,277.5625,7.0,1212745,292475,93540,0.24116776403943121,0.31982220702624153,7.550643635756638e-05,3.681972363757568e-05,0.008689443961357159,-4.324308639076608e-05,0.00010872358523635843,-0.006575947565998841,0.00023087248220023858,0.00020177308761986783,0.015194488546846142,0.0004898406957040025,0.0003291763283149062,0.022132345011408133,-0.003064843186279356,0.0011643979068850629,-0.0553610258781334,0.016071995837184945,,5.5550043230219096e-05,2.838832856026138e-05,4.7057715747325924e-05,1.4644637241305704e-05,-5.667433088138794e-06,-6.297200043674174e-05,1.7138748497115102e-05,0.00017638121526345355,4.816462038245792e-05,0.00024424776886416885,-5.661264490377896e-05,0.0008097587251919554,-0.0010577706743591132,soft-like,ok,0.007388306497980677,-0.0143057796224513,-0.009364552233931693,0.010020281386254336,,0.009860365567111715,0.01115121902613131,0.02369889977360072,0.029902958607731893,
3050500102,4U 1735-444,NS,2,58916.02797,True,0.00032258256035559284,1376473,0,8,0,1186.9968743026257,425.4521484375,7.0,316359,89412,29892,0.2826282798972054,0.33431754126962826,0.00014961545035850014,7.780499746013948e-05,0.012231739465771012,0.00030374576089330167,0.00016349124796549616,0.017428303442770948,-0.00012486676130144886,0.00022337301107980357,-0.011174379683071847,0.0006527466261196766,0.0002855914049946886,0.02554890655428675,0.0014479969641178008,0.0013728141424224555,0.03805255529025352,0.04600137995836769,,0.00022866428266472524,0.00012569341585736023,3.149192421522065e-05,-2.2611086755563617e-05,-1.4332006675766317e-05,0.00019648711774062532,0.0001205777760350557,4.3008160811403126e-05,-0.00015182085127798207,0.00026914248411000804,0.0007942394824824848,-0.0008233906975707573,0.0013189769564372986,soft-like,ok,0.010775437164185548,0.02460649152503864,-0.013961521235356345,0.03549716607603216,5.537425795888842,0.013534957909078679,0.0011591410725523101,-0.007392850327376144,0.006640706254890135,
4050500101,4U 1735-444,NS,3,59310.85324,True,0.000262732703299262,1925295,0,11,0,1716.9984001219273,369.9666193181818,7.0,396278,95596,29039,0.24123468877908943,0.30376794008117497,6.068526386356644e-05,7.087711505365055e-05,0.007790074702053019,0.000243695924517823,0.00015562463735460747,0.015610763098510687,0.0005939076120562186,0.00024581238860487114,0.0243702197785785,0.0010543243829959515,0.0004853092597396043,0.03247036160864168,0.00023511117895215976,0.0011571284689888563,0.015333335545541282,0.053881622929767004,7.908393252971994,3.030646417708208e-05,3.146273674877636e-05,4.054783301363344e-05,-3.0468283496587297e-05,7.761030615497736e-05,0.00012612448434396603,3.415173169445831e-05,0.0003526202345189685,0.0002662397574594154,7.0961183699203925e-06,0.0005890148779493859,0.0005316999072979292,0.0008468231213136675,soft-like,ok,0.008674310344139955,0.007316218509062762,0.025371091121724726,0.02986776439266418,14.698600439954939,0.006584057413768093,0.021682713221828968,0.023121989410790623,0.03532015512377399,
4050500102,4U 1735-444,NS,4,59311.04676,True,0.0002857002922305846,1829949,0,8,0,1549.9855401813984,395.7275390625,7.0,306243,76096,22886,0.2484824142919185,0.3007516820857864,7.359689868309472e-05,5.424103030651227e-05,0.008578863484348886,7.144126536431926e-05,0.00014834468103499211,0.008452293497289317,2.4595592075506804e-05,0.00032195966080002204,0.004959394325470279,0.0007565808088582118,0.0005029975220535943,0.027506014048898686,-0.0016643535332813767,0.001987443702459717,-0.04079648922740015,0.059210741512960824,15.95644509496087,3.737648410036078e-05,9.229585401818614e-05,-1.554572439235559e-06,-2.4919717328962006e-06,8.790049556849703e-05,-1.712683822167981e-05,-4.0108814190137954e-05,-0.0001542615103164037,0.00020498111343659087,0.0002694771684049415,0.00035077091649422044,0.0010999445851901614,0.0015787090002020573,soft-like,ok,-0.0037795057926797346,-0.004224679159315921,-0.023462979334280612,-0.010357820477335534,24.380850387354986,0.012697897569760428,0.01266825608034816,0.024456488552996983,0.04022522368547428,6.148242983566877
4050500104,4U 1735-444,NS,5,59451.02774,True,0.00044215394456091037,16421263,0,81,0,11410.983651280403,507.53510802469134,7.0,3894846,1045342,321936,0.26839109941702444,0.3079719364571595,0.00011487686545690317,1.800993608206739e-05,0.010718062579445185,6.423746702144069e-05,3.380287341001888e-05,0.008014827947089112,0.0001843811022772152,6.883224855296966e-05,0.013578700316201665,0.0003339846283420389,0.00013562810444854933,0.01827524632780743,0.00038855868697057624,0.00048393269476125836,0.01971189201904719,0.03267016597567288,,9.295738580118702e-05,4.9616258044538124e-05,4.2297943431979415e-05,3.342459679542606e-05,2.6378582023781076e-05,-1.8446996634648103e-05,4.700655683496468e-05,1.570844233415009e-05,0.00016751005192536768,5.844306139551793e-05,0.00027164075185356576,0.00018609350575112788,9.470960532105632e-05,soft-like,ok,0.010822034879392026,0.007209467550248658,0.011750640176226526,0.014187299004862486,,0.010610827835126561,0.00876123526576735,0.015220686822820271,0.021668220635034135,
5050500101,4U 1735-444,NS,6,59710.07773,True,0.0011660971820532785,2404900,0,8,0,1733.9301540255547,468.857421875,7.0,360165,92129,27816,0.25579664875820807,0.3019244754637519,0.0001228699040691591,4.570939654695441e-05,0.011084669777181415,0.00014153847367969754,0.0001555336604077585,0.01189699431283791,0.00018988123352710944,0.00046784601308001657,0.013779739965874154,-2.3011600608851126e-05,0.0005883790965011281,-0.004797040817926311,-0.00021345668298984708,0.0014837489100654182,-0.01461015684343762,0.0,,2.8896447136885876e-05,5.6150034499898736e-05,4.184717516457026e-05,-1.9073130254285563e-05,8.75793078506288e-05,0.00010704242981549539,3.981607490336614e-06,5.5276237744549034e-05,0.00012148594896477284,-0.0002409566112582923,0.0004419148259579782,0.0008645079998449366,-0.0019156657955197477,soft-like,ok,0.013303759966891253,0.010560822345225688,0.024510212598182937,0.015440275238627212,,0.00827792218385283,0.013102334401057658,-0.014923208634784812,-0.016897215445697236,
7700030101,4U 1735-444,NS,7,60550.06704,True,0.0006695721457987347,2304342,0,12,0,1812.99102216959,467.583984375,6.5,520775,148716,48718,0.2855667034707887,0.3275908442938218,-1.1515611642257857e-05,2.8084549324452195e-05,-0.0033934660219689626,4.143267588794897e-05,0.00011457951255730994,0.006436821877910633,4.364294501297258e-05,0.00022343964722602172,0.006606280724656846,0.00030710422727863747,0.00024962577598111065,0.017524389498029237,0.001072218596345804,0.0016510690711494672,0.032744749141592214,0.0476242040191217,,4.4539207077308834e-05,-8.246597582768875e-06,2.3309184980602027e-05,-4.846418775070287e-05,9.848070370574047e-05,-1.0900880546535932e-05,-2.4504178914769194e-05,-3.584541556941679e-06,4.747050692403976e-05,0.00030858859078359137,-1.3351764626549871e-05,0.00046260814758045425,0.0013921206183814588,soft-like,ok,-0.004982854368904299,-0.012608924532607226,0.01523139293879117,0.014161313026575873,16.54034408463583,0.0016237195445597682,0.015952379487915856,-0.012513085315309931,0.020503169987003692,
2560010103,4U 1812-12,NS,0,58549.98374,True,0.003157750952815862,704300,0,133,0,18273.704408586025,20.643444548872182,7.0,263654,65204,22576,0.24730897312386688,0.3462364272130544,0.013221303180489481,0.0006182454893519694,0.11498392574829527,0.018277285016213694,0.0009369145301406216,0.13519350951955383,0.014984206452684116,0.0015679713561781831,0.12240999327131799,0.038954950011878736,0.0027796123928464297,0.19737008388273725,-0.0032617258147017267,0.009647756875383147,-0.057111520857894574,0.24564114351871125,0.6867188837360984,0.001819627157803332,0.0034059103438944405,0.004825404473764313,0.006691223657429717,0.0065472459676062045,0.004899697948260691,0.005057747591108696,0.00667739196087034,0.008378172706452894,0.002045285616399086,0.0032456754528295915,0.0002594740057766573,0.0064867145069841346,hard-like,ok,0.11361240122193944,0.13720003692657018,0.12342686412899714,0.1882322378739429,0.3277571449872017,0.11637271560957978,0.1331058098562021,0.12135904841563226,0.2063152051766905,1.399649874347793
2560010203,4U 1812-12,NS,1,58660.11778,True,0.004290708059587573,664279,0,113,0,16999.91321387887,21.91019081858407,7.0,237852,59129,19928,0.24859576543396733,0.33702582489133925,0.01141289212428492,0.0006064811589964894,0.1068311383646403,0.018903431689301316,0.0009971686018200086,0.13748975121550447,0.008392524350306184,0.0017294784580095379,0.09161072180867359,0.038024029984330215,0.0026195042243436434,0.19499751276447147,0.00875933402551998,0.009287395185166638,0.09359131383584686,0.2577157761075702,1.218356809348255,0.0017829764701007087,0.0028763287668286,0.0050236372685594066,0.005644612087942665,0.0055099747212760475,0.006054346099786938,0.005123065396654617,0.004204737269402628,0.004272146553441516,0.008164745538831711,0.0025560380136864544,0.007380642165898584,0.007824170902317368,hard-like,ok,0.10370903376582669,0.1406141564675983,0.08597897222123342,0.1847683944240296,1.059664616764566,0.10994980970177305,0.13420041069308156,0.09706275559406362,0.20498646372199836,1.382507208855926
3580010103,4U 1812-12,NS,2,58964.05204,True,0.002525237392689396,1428753,0,181,0,25406.158396303654,32.855058701657455,7.0,572806,142770,45610,0.24924669085170198,0.31946487357287945,0.004078387546727117,0.00022199244232536805,0.06386225447576305,0.013257271253067568,0.0005977663933568952,0.1151402243052686,0.009510846341856607,0.0007515493836273312,0.09752356813538257,0.02714573421594776,0.0014587324521200013,0.16475962556387339,0.004396428436876538,0.004863541865176485,0.06630556867169256,0.21086341403203904,1.7084212333730662,0.000686429960624644,0.000762707720650453,0.0015748441279360831,0.0030909497512266676,0.003894191447298687,0.0036570667030417637,0.004265551717932305,0.0045875477686190425,0.005013645904946288,0.0034162585083377618,0.003919418605229548,0.006573168340128747,0.003021598821275131,hard-like,ok,0.0639977473880816,0.11171483514869687,0.09755776115452705,0.16339747064837754,2.083755390173782,0.06372063238605047,0.11860745878192934,0.09748789303873388,0.1661684175415808,1.3451952136348058
3580010205,4U 1812-12,NS,3,59043.00436,True,0.0030905207990199164,471442,0,58,0,9927.747309088707,27.08539870689655,7.0,150971,37784,12327,0.25027323128282913,0.32624920601312724,0.009262908438355685,0.0006158198364944195,0.09624400468785411,0.016069029448806223,0.0009248525956812436,0.12676367558889345,0.009725070498756623,0.0016928742415410704,0.09861577205881736,0.028323078893753777,0.002696630110499267,0.16829461932502113,0.000268782565350948,0.01011460833660119,0.016394589514560833,0.2532038561399064,2.1390807188247343,0.0011191432750282846,0.002107005027718047,0.003776852822124344,0.004729607005144929,0.005186373192100324,0.005057071843675571,0.004464070544298592,0.00482679690144964,0.004909231049407083,0.003558132392695743,0.0031488867093142723,0.0009268097373134403,0.020302212263848176,hard-like,ok,0.0980757013138754,0.12958700407617676,0.11298708387349575,0.18796460471603363,2.4364869958219533,0.0943918490790627,0.1238993841062769,0.08190474963067865,0.1461900345121933,1.922400925500396
3580010310,4U 1812-12,NS,4,59086.0669,True,0.002658417516554691,108509,0,16,0,2380.4231356680393,26.0751953125,7.0,40275,9781,3346,0.24285536933581625,0.34209181065330746,0.00935723367601577,0.0012193574324531472,0.09673279524554106,0.01615705710965549,0.0030156120561806543,0.12711041306539558,0.007515915214435246,0.0042403316267388596,0.08669437821701731,0.03388558753572204,0.006464187018051609,0.18408038335390883,-0.0020428096651263386,0.021400713708715328,-0.045197451976038854,0.19649758784054794,1.191320933315302,0.0016641510670196826,0.0017467110250461682,0.0031076486143782785,0.0055962485981606944,0.005563211913144117,0.004136570054862226,0.005245834404053234,0.0039010198472879155,0.0037329615431738695,0.005384303671886049,0.005504287801972989,-0.016112829666462564,0.009141183152631195,hard-like,ok,0.09762064909593039,0.12914434564544583,0.09718564677073498,0.2019488842166348,0.7651539280917077,0.095808631528071,0.1249783780536665,0.07434115717377367,0.16362356425598631,2.3497647643575634
3580010317,4U 1812-12,NS,5,59098.65933,True,0.0033340013481754087,96002,0,16,0,2206.68537196517,24.8505859375,7.0,38183,9451,3260,0.24751852918838227,0.34493704369907946,0.009345443388518795,0.0014861914863987299,0.09667183348069279,0.018989129500317708,0.0020020795745623998,0.13780105043256277,0.00852137801880331,0.003006111222601871,0.0923113103514586,0.035377285802618806,0.005882557543039899,0.1880885052378768,0.011782866599292546,0.024173157817660246,0.1085489133952641,0.2683418014401182,2.276522368757987,0.0007839441135457858,0.0015434525975146175,0.0038061540030805575,0.005867007168629106,0.00607323929672524,0.004755100274420009,0.006192561503833866,0.006624276029835825,0.001994160033600592,0.0019126212675281572,0.0054103260124040015,0.016646271103123868,0.01039820899588622,hard-like,ok,0.0955086025519872,0.13612772657937802,0.11547771688834756,0.20083905760188295,2.801675080424702,0.09778599758981146,0.13940361894500536,0.06209722375012438,0.1748460381493753,1.9951058096532683
3580010325,4U 1812-12,NS,6,59120.67694,True,0.00694861456635498,61838,0,10,0,1375.856872588396,25.296875,7.0,23945,6092,2343,0.2544163708498643,0.3846027577150361,0.00931928162170697,0.0023607030346869218,0.09653642639805438,0.014970268509760295,0.003862198253374058,0.12235304863288161,0.010325467970738533,0.003450080349486757,0.10161430987188041,0.03244901741895801,0.011076290847658042,0.18013610803766691,0.014217245464005317,0.02197364456335789,0.11923609128114405,0.15915661519137259,0.5668008335159955,0.0005393107125696606,0.0015072250940770316,0.005582184595129604,0.0032957465910516057,0.005720922275770903,0.004615630177387757,0.003338843150931412,0.004224692462382018,0.006329773755475466,0.009323030173283753,-0.0017451267685932616,-0.00623010015155654,-0.01117130390873475,hard-like,ok,0.09760767597734654,0.07909636482685499,0.06711492090300045,0.12106633183024078,0.7487857953328603,0.09545938416877249,0.1537350839830554,0.1269379339437228,0.22391794331480935,0.7499016546742348
4202290104,4U 1812-12,NS,7,59464.33385,True,0.008691480978105692,151520,0,15,0,2669.5415827929974,32.38697916666667,7.0,46262,11804,4117,0.25515541913449485,0.3487800745509997,0.0031324223344867917,0.0007933873312219047,0.055968047442150344,0.011655175461951805,0.0018591120698638907,0.10795913792705,0.0055636931356310496,0.001668518967922566,0.07459016782144312,0.023338545798756348,0.006106768492725864,0.15276958401054952,0.010734334729537921,0.020684008205250935,0.10360663458262662,0.19062536145549316,2.74795443978256,0.0003439328279188053,0.0008716096534368186,0.001105184422711538,0.0021889172457627004,0.0041857665323839915,0.003985413656278101,0.0022590859576077705,0.003983688442943619,0.0017716250209451087,0.004405945685402998,0.007405509997684456,-0.006822485582829851,0.01065383456979136,hard-like,ok,0.06493840950528136,0.08840816964434246,0.07411764564235916,0.1360416323132015,1.8369188942692314,0.04354988917744515,0.1266086777116634,0.07512496532504691,0.16983382422816234,3.5713681833930573
1050300109,4U 1820-303,NS,0,57995.00972,True,0.0007063729785167526,44180817,0,199,0,27143.970098420978,395.0332129396985,7.0,7829086,1688689,544511,0.21569427133639865,0.3224459921276209,0.01807010918402409,0.010221078947996062,0.134425106226568,0.012299780366415549,0.006876947710918399,0.11090437487500458,0.0009633496949318813,0.0004359367206709801,0.03103787516779912,0.014044517970906832,0.007251304748746274,0.11850956911113479,0.00038918967052927313,0.000376407202556921,0.01972789067612838,0.19877757733433996,0.12973379364339097,0.003940189314955828,0.005408934633109842,0.007132537315550458,0.007854811501302465,0.0065329696667665955,0.002488816123662639,0.0009452250290566271,0.0005972339108533367,0.00037271106506955864,0.0005497917778086459,0.0011021988198312628,0.0012507201601957198,0.0013363859327465224,hard-like,ok,0.1511512821543669,0.12589552551381894,0.03173760790749713,0.1327459048815844,0.11304799940706867,0.11488485824809828,0.09316271439012518,0.03030759329423062,0.10196291824433328,0.16299106156419982
1050300121,4U 1820-303,NS,1,58064.54421,True,0.004395939983766364,3892383,0,7,0,1191.9970652014017,831.8035714285714,7.0,561706,140446,43144,0.2500347156697632,0.307192800079746,0.00036817769296316,0.00023359151726642518,0.019187956977311578,0.0002856230150279389,6.475908269187481e-05,0.01690038505561157,0.0020305630120216003,0.0006033150509560742,0.04506176885145101,0.01347249237344828,0.003500383756655931,0.11607106604769458,0.0015427629456787686,0.0009568253306423386,0.039278021152786814,0.23158605141828204,14.187258122874958,0.0002689026497428802,0.00022981109771102713,7.359215345878932e-05,0.00011980263828685912,7.199087402673965e-05,7.046055111143586e-05,-6.85296257652225e-06,0.00015389237883372734,0.001971666989160643,0.0074318263559612985,0.01508102906184303,0.020011787924385887,0.008154189499565381,hard-like,ok,0.011352774261011177,0.01606488328656625,0.04254764610861823,0.11978211882385506,14.84924511994782,0.025995937408332937,0.017917283768895276,0.0481010307446218,0.11111857441629971,13.377924645273243
2050300120,4U 1820-303,NS,2,58661.26009,True,0.0006122733585629438,4907773,0,25,0,4290.94419875741,244.385,7.0,602862,134478,44692,0.22306597529782934,0.3323368878180818,0.00017892565966732028,5.719623578528963e-05,0.013376309643071226,0.00034562136387490845,0.00015137898636946264,0.01859089464966408,0.0019030052141565245,0.0003402407550994112,0.043623447985647865,0.005859378183712804,0.000728987111702422,0.07654657525789645,-0.0012348854544236582,0.0020497882097333365,-0.03514093701687048,0.11463058630198693,9.079660165640483,9.293212300497317e-05,6.398184213930379e-05,6.639969097611076e-05,5.807599666801011e-05,9.391845094753949e-05,9.998027120332671e-05,0.00014465039204109552,0.000566217027840383,0.0013343285658829838,0.002449368953336614,0.003442040461346714,0.002725164060126267,0.002003113480423952,intermediate,ok,0.014635722054358704,0.02004791870666186,0.04305645530329578,0.07058023851695051,9.235964182982185,0.011830302987576048,0.016835491305072663,0.04424131413566207,0.08263790535306283,8.921718882917583
4680010103,4U 1820-303,NS,3,59338.60139,True,0.0002353622391488635,2246733,0,10,0,1843.985008686781,258.98671875,7.0,254848,57343,19312,0.22500863259668508,0.33678042655598767,0.00020168596235847506,0.00012717743049798849,0.014201618300689363,0.0004932470397213013,0.00020231595997959755,0.0222091656691849,0.002410811111464171,0.0005021867580683348,0.049100011318371106,0.004986823362532055,0.0008175655976244233,0.07061744375529361,0.0005673245883635446,0.0037657468786880615,0.02381857653940606,0.1092188371183657,7.487026798873486,9.386453151573264e-05,8.010971670196628e-05,5.9888027551451524e-05,5.790894430626945e-05,3.318506480589312e-05,0.00018861330670669684,0.00029446572190373,0.0009935682293968789,0.001398005102171061,0.0012538967185522405,0.0030697895335539843,0.004021018535786627,0.00038444094853556785,soft-like,ok,0.014316049847884427,0.013083322623996084,0.05187833000017518,0.06370835311485445,7.4820511939585845,0.014087400273521438,0.028498110006071796,0.04618473541903581,0.07684877070220392,7.360376518017
4680010119,4U 1820-303,NS,4,59518.09259,True,0.0004919222396211282,9716227,0,27,0,5471.8345928788185,480.23466435185185,7.0,1283914,289644,86133,0.22559454916762336,0.29737539876538094,0.0001541450162881947,3.8352331052278454e-05,0.01241551514389132,0.00022458008371750924,8.629559654630525e-05,0.014985996253753343,0.00016884248742962308,0.00013083936861785325,0.012993940411962149,0.0005817405131947233,0.00023944007383405971,0.024119297526974604,0.0004596896687393617,0.0006787813970555557,0.021440374734116977,0.04362658868827873,,5.586337868674314e-05,9.073809782587888e-05,3.67062377157141e-05,4.190545698613972e-05,6.192032605093625e-05,5.8440274108308794e-05,7.360723733455491e-05,0.00010548319054420538,7.876676686958897e-05,4.261565336910887e-05,0.00018042462818152282,0.0005408855423791219,0.0005359224505244256,soft-like,ok,0.012465182203278425,0.012063250531828405,0.017256233180341373,0.02033281371132279,,0.012361912425273427,0.01759399446592796,0.005501638919887896,0.02761596154880355,9.661309449202264
5604010301,4U 1820-303,NS,5,59699.33981,True,0.00020569320725943678,6388048,0,17,0,2573.9929084181786,733.7159926470588,7.0,1205473,300591,90502,0.2493552323444822,0.3010802053288355,0.00010511937226215015,2.2708674269393073e-05,0.0102527738813528,0.0001262740048866652,4.619749857090995e-05,0.011237170679787025,0.0001999850728984004,0.00011988219085017436,0.014141607861145083,0.0008380100207971941,0.00022645830993572297,0.02894840273309037,-0.001290962825591365,0.0009555559117320737,-0.03592997113262638,0.051328626468685516,7.4545960871552275,9.815334569812066e-05,7.265190071407514e-05,4.036825430719095e-05,1.73274564974372e-06,3.704204345790406e-05,7.357776847048049e-05,3.7640861074726607e-06,5.9264387061788864e-05,0.0001429772642785598,0.00020825958374810904,0.0006674857814980913,0.0007967239337853265,0.0004326268003849802,soft-like,ok,0.010956339295761473,0.009534253497503965,0.01541100553578154,0.026300059338778842,9.204678321445844,0.009385969306916118,0.012908379035427638,0.012537513304984677,0.03170059490904737,
5604010901,4U 1820-303,NS,6,59812.20369,True,0.0007371024600989401,15469941,0,68,0,9804.957046449184,390.90544577205884,7.0,2645956,576165,180320,0.21775305409462592,0.3129659038643444,7.436541198114212e-05,2.0757273675178854e-05,0.008623538251851274,0.00010444552139839586,5.69852956112868e-05,0.01021985916724863,0.000248834865989536,0.00010905954234455173,0.015774500498891748,0.0012528190268842204,0.0001811993741894091,0.03539518366789782,2.7747269572368002e-05,0.0006496737431936138,0.005267567709329231,0.05662895090518004,9.280742950949696,5.901098412305716e-05,4.147468459168108e-05,2.325129456518305e-05,2.2133938560534528e-05,4.1015735183009244e-05,-1.6106895708928915e-06,4.816486461694603e-05,0.00014903071049522112,0.00010418526092739184,0.0006111208692498309,0.0006116045641970593,0.0009020897578739609,0.0005953661058083089,soft-like,ok,0.009716704671084915,0.00914634716594955,0.01728801998766182,0.03303306604916056,6.603607821062214,0.007377786160295509,0.01118552022540103,0.01410963372179261,0.037596880386304266,11.63385894432497
8050300119,4U 1820-303,NS,7,60839.75718,True,0.17577009537794536,9423618,0,5,0,1025.961331307888,7949.03125,6.0,1317475,1375882,2394023,1.0443325300290327,1.7399915108999173,0.08474468158065676,0.021485363937334443,0.2911093979600397,0.03668275550106845,0.015892958820453197,0.19152742754255445,0.015618961598465892,0.006850032059878152,0.12497584405982579,0.0569135140749704,0.024506258270370396,0.23856553413049925,0.00015891876693088124,8.751910253475822e-05,0.012606298700684561,0.4519122427939,0.05829704086493599,0.05905075227761455,0.05702592971547154,0.015381336119907617,0.019013176161609455,0.011246451036356438,0.009760458861805882,0.008753768588899093,0.008646234703536851,0.007219043492604235,0.0038375947506539706,0.0019453451244604725,0.0014909656650671438,0.0008536186890255497,hard-like,ok,,,,,,,,,,
6403520101,4U 1850-086,NS,2,60171.65942,True,0.0003371243008992863,729479,0,16,0,2308.954025566578,134.85400390625,7.0,203406,59898,12877,0.29447508923040616,0.2149821362983739,-3.2600416884541685e-05,2.2663922814613366e-05,-0.005709677476402821,-7.09405059134046e-05,0.00017327783859016367,-0.008422618708774879,-0.0004695764676555853,0.00029334639146036374,-0.021669713141977336,-0.0005642395050502929,0.0005278067756225031,-0.02375372612981578,-0.0005586261024455159,0.0013916767847501855,-0.02363527242164803,0.0,,0.000133908630559584,2.093449339430757e-05,-8.83989375648019e-06,1.4284897330277533e-05,4.4237765487131687e-05,-3.9643297918236514e-05,-0.0001282333197050864,4.926772081915423e-05,-0.0005251257561045994,-0.0004746314782286833,0.0003274659955417023,-0.0003342248672523375,-0.00028342895095465114,soft-like,ok,-0.00826708200401811,-0.017349068455618694,-0.002565344983466084,-0.03519927232041869,,0.002312873960623798,0.013164506565929114,-0.03100227059040339,0.012334696444446536,
7403520101,4U 1850-086,NS,4,60424.52867,True,0.0007498108957102228,1018329,0,43,0,6250.76352250576,45.86137354651163,6.046511627906977,200783,42668,8970,0.21250803105840635,0.21022780538108185,0.018954578378278946,0.012507627050703804,0.13767562739380906,0.0010892327037479261,0.0008258741911089556,0.033003525626028596,-0.00024837293078820477,0.0003888942521144644,-0.01575985186441182,0.0004175626208820254,0.0017615122295645369,0.0204343490447341,4.779070433968841e-06,0.002526601319007403,0.0021861085137679787,0.2788045577262739,0.019048114814110593,0.05631130924760238,0.014173585977964222,0.0036109698287910197,0.0014760505311333613,0.0004855084509535641,0.00022635421658141947,9.4340511065907e-05,0.0002994898125208717,-0.0005708611777717009,-0.0011458102143955004,0.000748575223806761,0.0008852157967619832,0.0011372532039288861,soft-like,ok,0.19407958235063896,0.04794361992669674,-0.019955133200791314,0.0565058079389319,0.01653725570683428,0.053599278679760845,0.007063177374423244,-0.010936293525474237,-0.04435784250900311,0.05830030454755469
7204410101,4U 1850-086,NS,5,60424.90046,True,0.0018958079430483818,348795,0,16,0,2196.9378151893616,23.55078125,7.0,39832,6622,1778,0.1662482426189998,0.26849894291754756,0.0006876675482191049,0.0005601814074713121,0.026223416028791992,0.004119093082006505,0.0016329848988418795,0.06418016112480947,5.5195264535064836e-05,0.002851715727027941,0.007429351555490212,0.012373859571119993,0.006570462133560322,0.11123785134170829,0.012494285865874366,0.029274318014202758,0.11177784156922321,0.11927224783323587,3.478014424504078,9.378238719707908e-06,1.4146618540789612e-05,0.00028555963694758377,0.0001874523002763849,0.0003602558789768389,0.0003141939111934965,0.003404695535198525,0.00014264176239594563,0.00015301025123110967,0.008262695530339799,0.0025145974816399214,0.001308728852042228,-0.002731486894309493,hard-like,ok,0.026388540983429708,0.07099552418909133,0.029850075549565817,0.12209709790568445,10.97824973939974,0.02606056442984223,0.05671128041964477,-0.02764037698596323,0.09945089569316802,
7204410102,4U 1850-086,NS,6,60425.09653,True,0.0015616789158543717,932172,1,35,2,5686.425617516041,23.698660714285715,6.457142857142857,87637,15410,4423,0.1758389721236464,0.28702141466580144,0.0013491115686200576,0.0011096549577245826,0.0367302541322553,-0.0012727997414804196,0.0010311401088686834,-0.035676319057330166,-0.00020560240040162978,0.0029406446058296244,-0.014338842366161566,0.00446683563285954,0.004149841779365557,0.06683438959741864,-0.0038029955686942705,0.015604518125630564,-0.061668432513679726,0.13110381239551744,7.450472553010131,0.001362237742907172,0.000489828164479958,0.00027448358868826785,0.0003976328499578685,0.00020580289698514525,-0.0011143543000108895,-0.00011781822068971721,0.00042414177275014556,-0.0006890073254227704,0.0019272629600229079,0.011132972562798535,0.011027084807141221,-0.00813205787496881,soft-like,ok,0.05395493825681212,-0.05349671323504282,0.06858359741037925,0.08041807983342741,3.2280048853452694,-0.00851204365648163,0.013168406817937016,-0.0683627733556328,0.05144380195527935,9.640512643247428
7204410103,4U 1850-086,NS,7,60426.00255,True,0.00418833835203942,715311,0,20,0,3120.0868825912476,34.984375,7.0,71896,13309,4355,0.18511460999221097,0.32722218047937485,-0.00018266592342945645,0.0003731727049014366,-0.013515395792556593,-0.0008335268837796553,0.0012631453346740977,-0.02887086565691537,0.0015335881505044297,0.0021818626925735485,0.03916105400144932,0.0023233708443489037,0.004253879755823276,0.048201357287413635,0.004962084598620664,0.013268842282717339,0.07044206554765883,0.1274138161692537,16.46710178209448,5.603246734414762e-05,1.5899442438500568e-05,-0.00025255478375971554,-0.00031711177271347575,0.00048227535438764277,0.00021335318272869958,-0.0011581442781388204,-0.00023264340468642357,0.0017663216030389122,0.0005332309962945193,0.002351223762851851,0.006970366670933232,0.005806031310093304,soft-like,ok,-0.029004689873132126,-0.032548501015179324,0.07805609479925539,0.10630485518114972,11.753386525397541,0.020926701415835133,-0.024913571662143426,-0.052558845128425444,-0.07833151829772193,11.11087595072219
1050340105,Aql X-1,NS,0,58179.03573,True,9.07787995741649e-05,3271038,0,5,0,1181.9889706671238,921.0109375,7.0,468737,97708,23002,0.2084495143331975,0.23541572849715478,0.00011209487110028571,2.74377001013586e-05,0.0105874865336531,7.683334865363414e-05,8.540423641624171e-05,0.008765463402104542,-6.087624069476045e-06,0.00016600103064282697,-0.002467311101072592,6.535489774032468e-05,0.00011865272120311169,0.008084237610333127,0.0005374061675438804,0.0011980471978570687,0.02318202250762173,0.0,,0.0001088762493277352,9.908364422320213e-05,2.5273852360049824e-05,3.3303276697156124e-06,7.512017789602956e-05,-3.368060044429752e-05,2.6595237635653026e-05,-1.897897978613441e-05,6.096936130225597e-06,7.763088200726318e-06,-0.00013989625826585722,-0.0006019802081347149,8.123358995970542e-05,soft-like,ok,,,,,,,,,,
2050340113,Aql X-1,NS,1,58727.06597,True,0.00038814477257699076,6785610,0,6,0,1933.9835765361786,1314.6901041666667,7.0,783504,181184,44994,0.23124834078702852,0.24833318615330272,0.00018875890720587422,3.822240166641237e-05,0.013738955826622132,8.23718270475928e-05,7.64454397785308e-05,0.00907589263089823,-4.240663436398159e-05,0.00011472246725054529,-0.006512037650688269,0.0002542137525483584,9.586908692810594e-05,0.0159440820541152,-3.6086932768118014e-05,0.0005552956126238735,-0.00600724002917463,0.025715312064846483,,0.00021380908112027323,5.422402357387079e-05,5.778470752762602e-05,9.201801507804469e-05,3.2204248196940334e-05,5.043680224184432e-05,-1.2932536413910756e-05,-2.4537498886010013e-05,-2.047366142891996e-05,0.0001887103118507419,0.00015123723082340716,7.4720432676575e-05,-0.0001959238817680437,soft-like,ok,0.013204626223052513,0.0135038214375043,-0.011565316227197104,0.017142583303496422,,0.014283902554240294,-0.004866280893408335,0.007381754158588101,0.014565418470909048,
3050340119,Aql X-1,NS,2,59092.99583,True,0.00039928044866142286,4776617,0,21,0,3405.982996582985,415.453125,7.0,917420,160520,38798,0.17496893462100238,0.24170196860204335,-2.484029770136773e-06,2.819397729576139e-05,-0.0015760805087738294,0.00016147697113327853,0.00010100703999079162,0.012707358936194355,0.00018270313111155061,0.00019976893482333386,0.013516772214976127,0.0002934244953136539,0.00037307805497676847,0.017129637921265407,0.0008640819664850602,0.001335751286364766,0.029395271158556443,0.03871278025144939,,3.4251285081226286e-05,8.835424497706504e-07,-1.3146006911884165e-05,9.670425204635452e-06,1.583372678752429e-05,4.717697054742272e-05,0.00010686519998676276,2.3351901633193122e-05,0.00015106031277726755,7.103458194912962e-06,-0.00011669428445896425,0.0005606640800221108,0.000671658743483032,soft-like,ok,-0.004038716012993663,0.0066958706286633475,0.012022334553567725,0.011043295923169386,,0.003537410258005877,0.016970265780305457,0.014969953912673415,0.021895318724025073,15.823480792398366
3050340151,Aql X-1,NS,3,59142.06644,True,0.0035996284254528567,80751,0,8,0,1143.787428945303,22.458984375,7.0,18522,3409,1067,0.18405139833711262,0.312995013200352,0.0009458418166745738,0.000997710665713503,0.030754541399191336,0.0019076185609325882,0.0024561730922505105,0.04367629289365786,0.003169706257647687,0.003983197795301558,0.05630014438389734,0.017612186960135494,0.007635845464597952,0.1327109149999935,0.027475740031399392,0.02634373742442754,0.1657580768210086,0.05518238567411519,9.957892058226696,-0.0003075715760776613,4.381235921551401e-05,-6.951955256738349e-05,0.00075232831174105,0.0010781859393531432,0.0002878552130787127,0.0009793958888354788,-0.0004097407774920021,0.0033608492530903355,-0.0003876243394120084,0.017174287942969994,0.016761243922280667,-0.03621840689632905,hard-like,ok,-0.01653542739313258,0.060753895861323064,0.024486687045820056,0.138545864253747,,0.046737986592315435,0.009793841562802335,0.07603007408921329,0.1265081713542061,10.492845991485938
6050340101,Aql X-1,NS,4,60163.91318,True,0.0016740640054902023,7166788,0,10,0,1389.999081492424,2057.428125,7.0,1983989,509286,140233,0.2566979958054203,0.27535215969023297,0.00018222447978450163,8.293391624964183e-05,0.013499054773742554,0.0001102729355330884,5.543979172863679e-05,0.010501092111446715,0.00012116437181472906,3.3595664807901864e-05,0.011007468910459346,0.00019774293213322027,0.00010160238087102408,0.014062109803767722,-0.00032531295796151824,0.00021516449587193184,-0.018036434180888367,0.021105450468422188,,0.00018195565285919013,8.621722081229704e-05,5.3216260688119623e-05,6.0401756090369255e-05,4.224329247635216e-05,4.8149146939802566e-05,3.0626483920982388e-06,5.7477591901254164e-05,6.289386983202609e-05,-9.122568898957302e-06,8.964727125096236e-06,-0.00015721408761058472,7.19452886795887e-06,soft-like,ok,0.010785713096510207,0.00903595802264363,0.012108382994906106,0.012380412834763268,,0.015722571436297395,0.01176853871966513,0.009801550152961377,0.01554321895512018,
6634020121,Aql X-1,NS,5,60175.08993,True,0.00014218160576254593,9969838,0,17,0,2339.9989176392555,1661.1056985294117,7.0,2754771,682663,177132,0.24781116107291676,0.2594720967739573,0.00015068746961151955,2.9174371769481897e-05,0.012275482459419652,0.00010416623221250257,3.940551962304244e-05,0.01020618597775401,2.370560109216282e-05,5.6854781494324015e-05,0.004868839809663368,0.0001527185720689059,9.118446796966106e-05,0.012357935590902952,-0.00012868377051061412,0.0002871526666690633,-0.011343886922506506,0.02167100612730131,,7.848837104050859e-05,8.376772596495757e-05,3.814721600685919e-05,4.605819824300188e-05,2.7920685116534746e-05,2.9177776179907285e-05,2.569047644999374e-05,1.9966826057355113e-05,7.830398897575466e-06,3.0371078603190364e-05,-3.263045335358461e-05,-1.4530204405177663e-05,0.0001293744117684093,soft-like,ok,0.013168598989168855,0.01164471878132604,0.005798430013787283,0.01392797616672218,,0.011162650809379459,0.00825153761749483,0.003510559084990013,0.010264008365528873,
6634020142,Aql X-1,NS,6,60197.02514,True,0.0001345791877024529,3488606,0,20,0,2930.992257118225,363.68203125,7.0,759500,138844,32682,0.18280974325213956,0.2353864769093371,0.0001503906193368917,5.560788254882625e-05,0.012263385313072884,0.0001796400501315326,0.00013602143110647984,0.013402986612376086,-8.813319284132028e-05,0.0001235394892987941,-0.00938792803771526,0.00010556210378180524,0.0003465916528789503,0.010274342012109838,0.0007850342707789365,0.001266873620269744,0.02801846303384496,0.020188730570451684,,0.00013115162923466582,0.00011033112115691959,5.056939175705732e-05,2.1157271392987322e-06,6.57880357175699e-05,-3.6292224879461404e-05,0.00014261910449256575,3.295452548790664e-05,-0.0001261882042447524,-0.0001705019247571341,0.00014961346447463916,0.0002709348373351885,-0.00021551064086817315,soft-like,ok,0.012643975677488341,0.0194930745605833,0.01479959302763943,0.02677612639503876,,0.011865969904077194,-0.004798122114487591,-0.019971344829346323,-0.02264781228644517,
7050340124,Aql X-1,NS,7,60618.51204,True,0.0023412899120588667,482665,0,13,0,1943.916560292244,62.64242788461539,7.0,81264,17454,5519,0.21478145304193738,0.31620258966426035,0.0015590854983475282,0.0007194023513847586,0.03948525672130711,0.0033817860988390835,0.0007331109397129835,0.0581531263032271,0.00619176651672881,0.0008441405766337599,0.0786877786999278,0.015331894504935864,0.002618707243592104,0.12382202754330857,-0.005161256940892123,0.006957620890994686,-0.07184188848361465,0.1762121286827819,4.17120495469126,0.0006856006176531702,0.00045685007112711165,0.000721640986985496,0.0004737284685591155,0.0006794492633724602,0.0008512479989307762,0.001776648561644974,0.0021782202584983016,0.003994852504797185,0.005645048072877072,0.007110796164985242,0.0019860497704190364,0.004490581555067351,hard-like,ok,0.028849792185625934,0.050253987028231854,0.08268681536366654,0.14119935791784652,3.7565777751021883,0.048923184484404886,0.06606746047709368,0.07382996811506207,0.10022269813412875,4.56438757000302
1030110106,Cen X-4,NS,0,58229.0197,True,0.2467295832430442,12495089,2,34,7,17469.692714065313,965.4280790441177,6.205882352941177,832466,1007778,2361878,1.2105935858041048,2.343649097321037,0.10957358374664679,0.040319138926063,0.33101900813495105,0.09412127406507412,0.031934777356407325,0.30679190677896656,0.03536098135694712,0.008967932472704294,0.18804515775990382,0.17683924758622602,0.04631921480595774,0.42052258867536,0.039311226944336274,0.009240214565998401,0.19827059021533242,0.9406496853455287,1.2737213001192242,0.17700119406701326,0.041840837500961785,0.045607094901406346,0.032740229469822364,0.04180967785268093,0.023945793866601228,0.017476372526233037,0.016328258228773956,0.019307574822188377,0.029814095568974873,0.08276528954166894,0.20187610016923582,0.15430931202508133,hard-like,ok,0.2750682160781887,0.2504446463713025,0.1601279134612201,0.35746600214025587,1.8553851220701703,0.42545814754971784,0.40033686103634664,0.2363014011847304,0.529328980975613,0.8675072522077499
1050050107,Cir X-1,NS,0,58326.24693,True,0.012561462814996927,104229,0,13,0,2129.8127154409885,25.40204326923077,7.0,36846,4191,1232,0.11374368995277642,0.29396325459317585,0.0007059001127246598,0.0008620453017175461,0.02656878079108373,-0.003369345476382651,0.0018725191657195986,-0.05804606340125617,0.0008616253137684032,0.004089671544672278,0.02935345488640823,0.0037900007653850877,0.005820001320938999,0.06156298210276276,0.0064824733837438,0.018097014798839087,0.08051380865257711,0.0,,0.0001899393780659387,2.6744562749617257e-05,0.0002616874770138911,0.0003193911690570789,-0.00017452246904952498,-0.0005200676876795964,-0.002607555738103295,0.0014280960114414324,-0.0005355933753191924,0.007449202047913946,-0.004119516402179104,-0.008523189768657213,0.001763003866548001,soft-like,ok,0.024268334161841845,-0.03896423499272786,0.024439610322215827,0.0800925833648908,,0.02886990249074522,-0.07340728043979285,0.033911160506611956,0.030442594098506685,7.452856850460773
2050050121,Cir X-1,NS,1,58892.05023,True,0.000500554222987873,2596733,0,11,0,2186.9364438056946,795.4978693181819,7.0,801109,252540,66412,0.3152380013206692,0.262976162192128,0.00018215546645489113,2.0388858659939404e-05,0.013496498303444902,0.0010429085920156862,0.0001416213660588096,0.03229409531192484,0.0017857708192550504,0.0001835114613915895,0.04225838164500683,0.0037560086918941404,0.0003138613019675955,0.06128628469644852,0.0006596818987914499,0.0007972154147286026,0.0256842733747998,0.08519923712335595,4.997008121523644,1.6256336513700425e-05,2.8816442137276315e-05,6.167037122062052e-05,0.000122748610558818,0.0001979241512626402,0.0002864703546055563,0.0005274543807810548,0.0007840479803941841,0.001001702586765478,0.0005596745695427017,0.000942190171278455,0.00259824186824199,0.0001317121830993582,soft-like,ok,0.013045853379255363,0.0319542442864839,0.04279296192214776,0.06103531478505356,5.968217029367076,0.014014268525147438,0.032694206949907295,0.04161280590685885,0.06158382407274741,4.550614006946644
3578010901,Cir X-1,NS,2,59069.04884,True,0.0005935685231691379,2071476,0,32,0,5106.800872147083,399.510498046875,7.0,961573,544260,130562,0.5660100689183245,0.23988902362841288,0.000668982908226766,0.0001016890238013779,0.02586470390757965,0.0011064975019316082,9.367977544689284e-05,0.0332640572079175,0.001590869732765538,0.00010338478582615733,0.039885708377381715,0.00476492111886766,0.00025888852844387756,0.0690284080568838,0.0005302558690914698,0.0006177853294801427,0.023027285317454807,0.09249058999955855,1.3976808561433351,0.0011083184461452818,0.0003248677212928203,0.00019791750661171748,0.00019770381821854164,0.00024970890154044263,0.00038561545696520874,0.00040147238336745605,0.0006900090070062362,0.0009190553479214888,0.0015431751480647245,0.001681099579223108,0.0010531212229980033,-0.0001975553008885898,soft-like,ok,0.028130888926902464,0.03359989939468838,0.03746247561666771,0.06809319748322487,1.3469446059774905,0.023304747026546883,0.03291501255161082,0.04223358031646735,0.06997738731874577,1.753045794042364
3668010102,Cir X-1,NS,3,59269.03494,True,0.0008946727664687794,3119060,0,8,0,2359.8453676998615,1025.6533203125,7.0,710593,268166,71510,0.37738339668417786,0.26666318623539154,0.00011320233703276576,5.051702736358701e-05,0.010639658689674484,0.00036919929086408587,7.27804599673619e-05,0.019214559346081447,0.0004841199505683798,0.00014992681866543014,0.022002725980395696,0.0010996715374297264,0.00018295532222918225,0.03316129577428672,0.0006269962760845418,0.000815094405262715,0.025039893691558315,0.04323074440041786,,3.6427617896177484e-05,1.5348380346108523e-05,5.158709975218824e-05,4.355275470580067e-05,4.98765075342479e-06,0.00012523906232550887,0.0002340154883002086,0.00024159611388463575,0.00025019502839735585,0.00019880382496097375,9.435830456635845e-05,0.0005933845234619662,-2.059858793644711e-05,soft-like,ok,0.013421754652777718,0.020012595697460042,0.026573157076322795,0.035049309060575184,,0.007337822003344513,0.018478108459764313,0.016948590097962464,0.03139229626180773,
5571030102,Cir X-1,NS,4,59704.03218,True,0.0002011508703367122,1681218,0,15,0,2356.979780614376,532.9046875,7.0,706579,248910,67688,0.35227483409498445,0.2719376481459162,0.0002923167423306935,0.00011084447001166641,0.017097272950113814,7.354245903148774e-05,6.692725978989761e-05,0.008575690003229346,0.00011542364342410615,0.00013469993772844847,0.010743539613372594,3.0027251899626276e-05,0.00031816764257665265,0.005479712757036292,0.00037510967041803336,0.001257582380453903,0.019367748202050578,0.02279755161998564,,0.0004070574267553061,0.0001734336546317196,8.126003118562197e-05,7.008987586484385e-05,6.1945252538186435e-06,-4.076830133110486e-05,7.785863538816263e-05,-1.1275218470177709e-05,0.00012448964226340314,-0.0001485331359837527,-0.00027551095092458807,0.00024122242951751162,-0.00018579025428485448,soft-like,ok,0.013349979918565704,0.008153677736142456,0.014335537682530802,0.011581803466390709,,0.020568143272789677,0.009035038882617363,0.003493399139864563,-0.009448007454933759,
5571070102,Cir X-1,NS,5,59770.0,True,0.0004857982444715494,1399057,0,10,0,1836.9469649791718,553.69765625,7.0,478445,178661,51627,0.3734201423361097,0.2889662545267294,0.0003449879261071196,0.00021015217077140374,0.018573850599892302,8.914683798732283e-05,9.743033487819677e-05,0.009441760322488748,-0.00034987006877080904,0.00010889791126855233,-0.018704814053360944,-8.729273961618676e-06,0.00025545338568863077,-0.002954534474603178,0.00047052055901698314,0.0010295625943037249,0.0216914858646655,0.031160131113687404,,0.00022459230748938123,0.00017283090223952605,0.00014947053478686487,3.232006225285269e-05,-4.633911918623838e-05,-1.9928878019748798e-05,0.00012493927897906204,-4.9751815153847565e-05,-0.0002792762705748375,0.0003750161551010507,-4.475816299791659e-05,0.0004782043053888263,-0.00014636552928278546,soft-like,ok,0.007884645961219402,0.012014978016750052,-0.016498897037802114,0.016329255021913278,,0.02491381866401882,0.005943229870002639,-0.020629452725596912,-0.01664873762534313,
6689030101,Cir X-1,NS,6,60158.44514,True,0.026923576371067976,2769906,0,30,0,4355.410373926163,502.190625,7.0,1139505,596570,192337,0.5235343416658987,0.3224047471378044,0.0017807195768204814,0.0011158783236414065,0.04219857316095511,0.0005986484249345197,0.0003861325231334671,0.02446729296294381,6.7360812875395136e-06,0.00020617178629770577,0.002595396171596836,0.0007271961911801061,0.0006299686969850588,0.026966575444058633,-0.000951395415943675,0.0007254273215917981,-0.030844698344183477,0.05855081590287215,0.05519151576023348,0.001170080674103413,0.0008904610098114709,0.0006856611963200573,0.0002852795033642527,0.00019740560673909508,0.00013581774797963024,0.00018359537563011845,5.54607705347593e-05,-4.757712733684294e-05,0.00015787348229718117,-9.268808710153968e-06,0.00014197077789921347,-0.00041856216574016804,soft-like,ok,0.04983760461005786,0.020947322380005223,-0.016463390884287644,0.021582070147548472,0.05926920315845666,0.03282904551852603,0.027540609699041173,0.016866484481549697,0.03144156029357,0.07195056949056741
6689030202,Cir X-1,NS,7,60168.11574,True,0.0015497924905713213,4081076,0,42,0,5902.951366305351,529.1322544642857,7.0,1817044,764961,262610,0.4209920067978541,0.34329854724619946,0.0008257728103425551,0.00039704385770589353,0.028736262984990848,0.00040594119858703093,0.00032832464493915423,0.02014798249421095,0.00010362296713198179,0.00011819059328436198,0.010179536685526595,0.00044588726014044245,0.0004011422060395868,0.021116042719705852,0.0007602221491524309,0.0007127631832827118,0.027572126308147343,0.04667953494982116,,0.0003906251661550025,0.0004078143827663192,0.0003216914273597546,0.00011156164566499398,0.0001442019840890948,0.00010124899550923468,0.00013661667691307507,2.268469550240167e-05,8.951716825669391e-05,0.00011659364348803246,-0.0003966810150535471,0.00018550645670308336,0.0005475977557774363,soft-like,ok,0.016996406856798776,0.002418536484787169,0.006542427433794446,0.017127215723561712,,0.03670249136905545,0.02818531218201145,0.012754449526393161,0.024372158028438125,
0034150107,Cyg X-2,NS,0,57931.00417,True,0.0002604624647294382,18917760,0,41,0,6322.592071071267,818.9649390243902,7.0,3329479,755137,213312,0.22680335271674637,0.2824811921545362,5.0600683092474326e-05,1.2776854188372466e-05,0.007113415712052426,0.00037035029483802306,4.0324324233576276e-05,0.019244487388289225,0.0006490485012588914,7.448145764424443e-05,0.025476430308402537,0.0017196103756174214,0.00014428414315006174,0.04146818510156215,-0.0004088446561454856,0.0003683109770625114,-0.020219907421783256,0.06921454909814008,9.928142680724143,1.0733463660128353e-05,1.654587478436539e-05,1.5206085386361333e-05,3.263801182686916e-05,6.199447570739606e-05,8.995206447734017e-05,0.00019997973630573825,0.00027457622829405316,0.0003791070024072652,0.0004938448965709172,0.0008581305745142624,0.0013150187920956786,0.0010429266008284682,soft-like,ok,0.006753781569482653,0.021070845698721502,0.02602255494028637,0.042491632973280284,10.04853827065242,0.007485599767869825,0.017033182768485176,0.024867773217734618,0.04032357015843012,9.780722312047878
1034150111,Cyg X-2,NS,1,58047.98218,False,0.00015541002344518956,44868531,0,46,0,6068.400297343731,2564.349014945652,7.0,11632441,2802416,664030,0.24091383743102587,0.23694911818944797,0.00025580933945950707,2.071513907164118e-05,0.015994040748338333,0.00044943894236556576,2.0198224983450248e-05,0.02119997505577697,0.0007801780031117679,3.06862566155786e-05,0.027931666672645367,0.002004164570964875,6.148504620625695e-05,0.044767896655582055,7.671082131752457e-05,0.00012544994706108263,0.00875847140302031,0.06693690826483548,4.29193468229321,0.00019158018101783462,0.00011912574909786224,8.913034254542599e-05,6.792171867088135e-05,7.20729640512e-05,0.00014431359762812946,0.00021028456726140607,0.00032301247622878895,0.00045956486945314667,0.0005587607266936723,0.0007537363540315744,0.0006290667132044741,0.000861979428170604,soft-like,ok,0.014259105575547682,0.02194253493541979,0.028188748535502368,0.04569829329919134,4.4199526632880834,0.017538211035342727,0.020441013160922967,0.027675711444141368,0.04383069787924865,4.166248905751303
1034150134,Cyg X-2,NS,2,58085.01281,False,0.00038180458078627646,44937102,0,82,0,11363.514273107052,1256.6169969512196,7.0,10266548,2367308,555596,0.23058461325072457,0.23469527412571578,9.646184844819741e-05,2.1491881697387245e-05,0.009821499297367862,8.335753733543241e-05,1.951394862902841e-05,0.0091300349032976,0.0001620076478045231,2.9711708175458356e-05,0.012728222491947692,0.0008985477748641175,7.189706119673246e-05,0.029975786476156344,5.91512028479994e-05,0.00018745764005587143,0.007690981917024601,0.03712865479055618,,9.290184963382338e-05,4.616656436585993e-05,3.345419718168882e-05,2.5234967027273307e-05,2.2035730307490655e-05,4.193319666507273e-05,1.0598248958844055e-05,4.171538770400932e-05,0.0001206887413779141,0.000603961042543668,0.0001646312422812292,-2.0434900449668612e-05,0.0001956507389590853,soft-like,ok,0.00910100465401999,0.007971655829293156,0.01292341698054346,0.030096360119077945,,0.010497633121765364,0.010164653871619422,0.012528450314840824,0.029853792594926883,
1034150142,Cyg X-2,NS,3,58113.12237,True,9.632132795004134e-05,26317147,0,46,0,6593.988951101899,1280.2567934782608,7.0,5799823,1410116,328213,0.24313086795924635,0.23275602858204572,0.0005633137928891158,0.00010505777139131045,0.02373423251106123,0.00012113621796081655,2.234004601720938e-05,0.011006189983859835,0.0001549598649922445,4.9948450399755296e-05,0.012448287632933475,0.00037482589114878385,7.412439726410223e-05,0.019360420737907114,-9.600962930374163e-05,0.00023194221297580698,-0.009798450352159857,0.044813397928598855,,0.0006958900972600119,0.00035579537155913606,0.0001341041099734453,9.181046193981904e-05,4.895295453364522e-05,3.1636548275585916e-05,1.708848596906213e-05,6.174441829576166e-05,9.827752529572147e-05,0.00011819182457943423,2.9672885556457875e-05,0.00017326376979557003,0.00015181218087329754,soft-like,ok,0.024982427576275813,0.011015757541419358,0.012334264720518323,0.017882084256645097,,0.022435717903944725,0.010996748888268923,0.012559692924340114,0.020714927429113687,
5034150103,Cyg X-2,NS,4,59700.05103,True,0.00020661240910520136,14450175,0,19,0,4518.732770681381,996.9222861842105,7.0,1877974,441000,105541,0.23482753222355582,0.2393219954648526,5.161774943134322e-05,1.38127812693479e-05,0.0071845493547851155,9.632752575439727e-05,4.360027591086089e-05,0.009814658718182576,0.0002870220805767168,8.836417748999724e-05,0.016941726021179684,0.0011808741235661687,0.00016802264956660893,0.034363849079609356,-0.00014936307152674068,0.00041340861351518227,-0.01222141855623727,0.046752163501859484,,5.124691505277595e-05,2.8166306287114355e-05,1.5235438553101864e-05,1.7136808982413847e-05,8.711831135394568e-06,4.7458671609331e-05,3.161246282939514e-05,0.00011680694953419845,0.00016983888683150806,0.000678522278660772,0.0004072481669967239,0.00035061220656057283,0.0002631678690712997,soft-like,ok,0.006738212957179027,0.011132016816906948,0.01805605208174894,0.035178460574400196,,0.007648002668364306,0.008111886701462708,0.015616702827468184,0.033439615123953735,9.216122678740724
7034150103,Cyg X-2,NS,5,60539.18981,True,0.0027580379023886543,11672786,0,18,0,2962.993161559105,1244.0625,7.0,2200534,531627,134159,0.24158999588281754,0.25235550489346853,0.0004834445629143453,0.00014590134151486555,0.02198737280609817,0.0001017516138599535,5.37897427288671e-05,0.01008720049666673,0.00016117062576828875,5.120019321803761e-05,0.012695299357175031,0.000655401193025941,0.00011595449610890718,0.025600804538645675,-6.17796136189817e-05,0.00040974640539145777,-0.007860000866347389,0.04479537093379513,,0.0006385387154313505,0.00026908395076893834,0.00014869332557315116,8.60291742002642e-05,3.181453646470711e-05,6.487789836799081e-06,4.449734395874955e-05,9.585853187212019e-05,6.390214986785783e-05,0.0002624649020216666,0.00032067451977630914,0.000166983979819064,-0.00012840366249467937,soft-like,ok,0.018853296942863664,0.008510391374061285,0.007712742335636268,0.025752016227971304,,0.024552782607649315,0.011362457406014092,0.016000634263149564,0.025458946747574457,
7034150113,Cyg X-2,NS,6,60550.03935,True,0.00022755862709764347,7158141,0,16,0,2486.9917014837265,847.1552734375,6.375,1338499,312819,83656,0.2337088036673916,0.267426211323481,5.874727053928603e-05,1.841974417666059e-05,0.007664676805925089,0.00025739561660715954,8.145197470228231e-05,0.016043553739965456,0.0005158167715675628,8.754659217448084e-05,0.02271159993412095,0.0012204537835207115,0.00018620869470701895,0.03493499368141794,-3.673122725151543e-05,0.0005961930109474377,-0.00606062927850858,0.05369418745648719,7.8528983912682016,2.8565425342584252e-05,1.635249987036614e-05,3.3805369961598567e-05,-1.7782128824135498e-06,4.802546249628038e-05,8.895233026263547e-05,0.0001306035690791608,0.00018471755385286164,0.00033128108607351887,0.0003793036119434472,0.0003700851716269454,0.0005113499610382824,0.0007618019379471193,soft-like,ok,0.0074367837449576995,0.014677249900284864,0.02564655675402674,0.033439822164593624,6.332155794100801,0.007840082500368965,0.017045969787366222,0.020091261969462114,0.036072726481268746,8.661900309907153
7034150116,Cyg X-2,NS,7,60553.00509,True,0.002390045442920657,13318610,0,31,0,5654.674658179283,808.4778225806451,6.967741935483871,2436347,602881,168812,0.24745284641309304,0.28000882429534185,0.00016076808233988864,5.895694985863995e-05,0.012679435410927753,0.00030724072553826984,8.052706636382696e-05,0.017528283587912134,0.0005400965240502141,9.027439858465765e-05,0.023239976851326987,0.0013354938792834764,0.0002075381844712489,0.036544409685798404,-0.00025386153525936583,0.0003532711724551255,-0.015933032833059933,0.054748210646531376,5.545487790245337,4.5590678614786295e-05,5.467617218609505e-05,5.292213088656266e-05,7.121134288353497e-05,6.645291778885087e-05,9.050392685829046e-05,0.00013511018994222555,0.00019841123924969512,0.0003388174121331176,0.00043295565643700415,0.00028967303893997587,0.0005580807677656959,0.0006629610953111369,soft-like,ok,0.012020782276185714,0.014013978626376981,0.021988519816667274,0.033150083664650803,6.36762733991242,0.013335101384304316,0.02057811333501046,0.02448345352477453,0.03979343664492141,4.853297953318857
2050030103,EXO 0748-676,NS,1,58559.01421,True,0.4989733587265861,1506982,4,62,6,17081.018503397703,63.89415322580645,6.951612903225806,114337,120286,272557,1.052030401357391,2.265907919458624,0.16639264021025924,0.02093320339682128,0.4079125399031749,0.08815755002019703,0.03296918379491299,0.29691337123847594,0.016850435422618746,0.004534762430052383,0.12980922703189765,0.1332963970486715,0.024822417405946217,0.36509779107613277,0.008172206543729034,0.0027186892628119144,0.09040025743176307,0.8169539346493295,0.16425098001440236,0.2330853861566608,0.05840793140341324,0.07022121698364751,0.048572755645513055,0.029157266948455246,0.029431549036837083,0.018543213878301327,0.010387610907214621,0.006679080849692973,0.015187754844766529,0.044793659990503956,0.06685106213443869,0.036095242559575996,hard-like,ok,0.4432581962754808,0.37156472676986096,0.12798286112245175,0.401221780022783,0.13216300883729973,0.3926936005348729,0.2606666930643357,0.13054162804572872,0.34940677090973427,0.17470955706704114
7050030111,EXO 0748-676,NS,3,60481.01736,True,0.07610720809968281,186502,0,38,0,6221.789865732193,20.54995888157895,7.0,50319,28509,21127,0.5665653133011387,0.7410642253323512,0.5145804736069051,0.08081366614881806,0.717342647280158,0.07005089470996816,0.00418644195843265,0.2646712955912827,0.009333318558190178,0.002433172901020894,0.09660910183926863,0.08168155664350074,0.006200017028131105,0.2857998541698381,-0.008342357849245481,0.0036697836956384646,-0.0913365088518577,1.1635719930371256,0.019498868671816678,0.7673818743450718,0.3134636929764676,0.17553302439725044,0.04557787268088117,0.0365205053191995,0.006974261860536898,0.0065799695424576254,0.0053782891687542056,0.003937070929516162,0.003035158248254264,-0.0004674186401025342,-0.008485910574976763,-0.0015286072729214456,hard-like,ok,0.7565764553274221,0.27072201921936495,0.0915721739152169,0.28491608242389166,0.018949893219445995,0.28569808091880394,0.21400109575153864,0.12817940663021488,0.2923318226864981,0.13510296717476292
7050030142,EXO 0748-676,NS,5,60598.57593,True,0.2322222946970191,159116,0,7,0,1079.972217977047,62.94642857142857,5.285714285714286,17435,12820,26145,0.7353025523372526,2.0393915756630263,1.9582928735862684,0.09003049595766935,1.3993901791802987,0.44079507850941146,0.019612478912406178,0.6639240005523309,0.047505424335570784,0.002185437760572681,0.21795739110103787,0.4966689152117205,0.02208258467119702,0.7047474123483679,-0.014969527240091299,0.0016324111126693713,-0.12235001937102952,1.9650208659224295,0.03077457173169938,1.3924737682153667,1.1884232770321133,0.40567541794997336,0.41131431841465393,0.11186582213267068,0.2436476363069424,0.037970994989964944,0.035449087042621535,0.012246822562310829,0.007495121089427213,0.008263410550416548,-0.0005065116937818172,0.006987838917854589,hard-like,ok,1.404323961282791,0.6660832348639222,0.2184857279580316,0.7067615802666181,0.030765596990226546,0.05356923364546974,0.18664758426952285,0.1221037483446308,0.30786305831342686,1.2754644599897382
7050030148,EXO 0748-676,NS,6,60720.59516,True,0.2387532525613921,351599,0,7,0,1101.079062640667,217.77678571428572,6.0,37916,42638,114574,1.124538453423357,2.687133542849102,1.0652791356488505,0.00015736194324183784,1.0321236048307636,0.3277880874927953,5.046997097285024e-05,0.5725278049953516,0.1233711572883188,1.3031471784203041e-05,0.35124230566422204,0.46320467856852354,7.082115234883826e-05,0.6805914182301475,0.0027484321843986317,4.514561619766375e-05,0.05242549174207746,1.5727213968824303,0.034499437848159904,0.9423188050173045,0.6843105190037354,0.30281345221217887,0.11905928857317005,0.1276202308442014,0.10012312927447718,0.05693653712526966,0.08579670271904855,0.03977852067788358,0.010149022034635415,0.004519204929759989,0.0008515002514038121,-0.0008243204512457297,hard-like,ok,1.0321556085631634,0.5725464404608598,0.3512509828592322,0.6806134139108525,0.03449961365017718,-0.04256689791251979,-0.1299390469905897,0.1578369075896967,-0.14283953562009052,23.65010344904413
2050440104,GRS 1747-312,NS,0,58646.17228,True,0.004392343369231978,148576,0,15,0,2635.598618388176,43.424479166666664,7.0,55643,20743,6989,0.3727872328954226,0.3369329412331871,9.975205225494513e-05,0.0002705748306243149,0.009987594918444836,0.0009304929853490233,0.0010876212279654306,0.03050398310629324,-0.0008739584511889911,0.0012465991357148477,-0.029562788285088928,-0.000852355108309991,0.0016852944923759043,-0.029195121310074925,0.002700589251052169,0.01420100188981543,0.051967193988632567,0.019751221559666184,,8.911768177098813e-05,0.00019362287807280588,9.904603902803294e-06,-0.0001230587062447565,0.0005527139974564021,-0.00013445992265806423,0.0005789261920891877,0.0006414011935898159,-0.0015627636497932168,-0.0016162011326975381,-0.0015974188247263033,-0.0014261515747775939,0.004784478017114492,soft-like,ok,0.006860545678171616,0.013781459205290185,-0.04427608039549015,-0.03106446813143642,,0.012396726532311532,0.041091517720941,0.015429247927626994,-0.02714873683225737,
2050440107,GRS 1747-312,NS,1,58649.2674,True,0.002974188294444641,123217,0,15,0,2611.5998366475105,36.932291666666664,6.933333333333334,47051,17788,6121,0.3780578521179146,0.3441083876770857,0.004208573614532611,0.0034181148341172374,0.06487352013366171,-0.0010422565053225957,0.0007634121467728535,-0.03228399766637638,0.0037833494956910512,0.002019212686970689,0.061508938339814086,0.0019108014889778592,0.004022919500660411,0.04371271541528688,0.011297884139391095,0.010449618101196946,0.1062915054902841,0.20116100877960405,0.08234135410157337,0.02639131610003044,0.0025017344987214316,0.001229310368239249,0.0007097753143333848,0.00026244385663081745,-0.00030678736322663187,-0.0012449825630990174,0.00012672212194668006,0.0036714503713551542,0.00013194876460402978,0.004633291981836791,-0.0008265905719040572,0.003186118573759657,soft-like,ok,0.07618272593791232,-0.011666641725359975,0.061292593876206426,0.054013096251142874,0.4305836305862632,0.051597302337700074,-0.043824670410420014,0.06171792148997242,0.03057893895432454,0.024757852469037334
6739015501,GRS 1747-312,NS,7,60112.41622,True,0.003979975192082884,164824,0,12,0,1626.9931183457375,69.02083333333333,7.0,71843,25696,8477,0.357668805589967,0.32989570361145704,0.0004912419963062194,0.0003670832697405474,0.022163979703704373,-0.0010008921868647055,0.0006617930606196272,-0.031636880169585394,0.0010223182178284522,0.0012630707339558779,0.03197371135524389,0.002298414594742551,0.002144034191141846,0.04794178339134404,0.011259723311242089,0.010403200017642854,0.106111843407049,0.06798387990027435,4.890781613859315,0.00010562647145893971,0.00011387943946825752,8.462146830093536e-05,0.00018106638595527787,-0.00022732837290811363,1.5264786084908258e-05,-0.0005400073380625221,0.00033875774065358997,0.000546413917777633,0.00285969474252686,0.00041557336521079447,0.0015526936894604735,-0.0008244483696321085,soft-like,ok,0.016840399304812834,-0.02469227750281786,0.044312083725208826,0.055290294697429854,10.78772881160395,0.026457854337689955,-0.037339128315442234,0.008714315211437845,0.03918766123260237,
0050310107,GS 1826-24,NS,0,57930.60208,True,0.00019270694846197027,4327374,0,23,0,3105.9941435456276,479.6148097826087,7.0,1153242,212646,46098,0.18438974647125234,0.21678282215513106,7.070063243183484e-05,2.291566964281027e-05,0.008408366811208634,9.191305626912122e-05,7.056139532286397e-05,0.00958712972005288,6.790521577914041e-05,0.0001444385835728539,0.008240462109562814,-0.00016871304814451596,0.00027959326974529464,-0.012988958701316899,0.00031017841675040614,0.0009030474179971425,0.017611882828090987,0.0,,9.400370070876362e-05,4.388445561100433e-05,3.8937206999241475e-05,1.855313658122159e-05,1.3049792091397675e-05,4.8792892276809435e-05,4.474445715219044e-06,3.388577340473065e-05,2.894120180047224e-05,-0.0002584947534884772,-0.0003705515251322998,-0.0001629122292497015,-0.00022599520827262118,soft-like,ok,0.009247037359061551,0.006835764745192693,0.008366211343776912,0.004775578981541506,,0.007386611799533326,0.011881150816850608,0.008101182029130034,-0.01942819308738635,
1050310102,GS 1826-24,NS,1,58008.07407,True,0.002152747277407855,3534464,0,19,0,2531.996758431196,493.2964638157895,7.0,967150,187596,44951,0.19396784366437472,0.23961598328322564,0.00010426597135262391,2.3062096956587185e-05,0.01021107101888063,1.3087979045911449e-05,0.00010529744122718503,0.0036177312014453824,0.00023577203287226584,0.00014802041336799625,0.015354870005059171,0.0004312463351279428,0.0002360998772533848,0.020766471417357903,0.0012556534768199084,0.0012037496959467454,0.03543520109749496,0.028363797202608405,,0.0001603063305671213,5.0993016394636894e-05,1.9980069769119157e-05,3.9485443241414755e-05,3.588245800831349e-05,3.807090297671048e-06,-3.6099346214772184e-05,7.841618175456054e-05,0.0001606610700198575,-7.104872583305626e-06,0.00018904531952250686,0.0003016223636040982,-0.00019249013263052564,soft-like,ok,0.009473623152363579,0.008285107631959181,0.015139922175531494,0.021243380530314993,,0.010972387490889973,-0.006973661787415018,0.01559019574336656,0.020223456557400186,
1050310106,GS 1826-24,NS,2,58064.02082,True,0.04139937102724215,13909839,1,45,3,6993.992093011737,518.4842013888889,7.0,2306591,509063,170815,0.22069929172532105,0.33554785949872606,0.10126341011225899,0.08615210868384722,0.3182191227947481,0.016969412687108575,0.014364554314871802,0.13026669830431942,0.004047535968296808,0.0032027187294329904,0.06362024809993126,0.025676704404327663,0.020558899851133308,0.16023952197984012,0.0029843345789097764,0.002153050457886973,0.05462906350020817,0.4600419829250313,0.20844301860938347,0.03229314589665382,0.05246377362351666,0.03111776019011477,0.022898919662676542,0.0031593583158029213,0.006239845302820167,0.002335380478044593,0.0017628481691533053,0.0023024730255354494,0.002960675066622562,0.011676803371245497,0.027684254087851506,0.014743388863556962,hard-like,ok,0.01705008318318016,0.005419435628626347,0.017696383807440968,0.04134863506572324,6.753860123802642,0.4230452086304412,0.17322145235231562,0.08319455697040824,0.21004898214047585,0.19848479560089433
1050310110,GS 1826-24,NS,3,58068.07128,True,0.0010326620789777655,17324037,0,56,0,7622.990722209215,361.841796875,7.0,2069547,425075,99060,0.20539519034841924,0.23304122801858496,0.001002939482547819,0.0001780905173995296,0.03166921979695456,0.0006112742867394909,8.542795758038346e-05,0.024723961792954843,0.0012328952874294096,0.00015577570172572373,0.03511260866739197,0.012123446735596384,0.0008381534798701868,0.11010652449149588,0.013212887111194525,0.0012755428552191706,0.11494732320151925,0.4939151944326141,20.787057197374782,0.001968900834624055,0.0006108380339705261,0.0002840545893662792,0.00013441363194942186,0.00013496657157938976,0.000210493575895977,0.00018164115305060126,0.0004143674833142744,0.0008763340175902497,0.004364935251850027,0.04750357378333144,0.1220901883759691,0.06517751198891565,hard-like,ok,0.030139692303045196,0.024764652878391687,0.03516124936196345,0.1124782305907068,20.327060530513414,0.033190593684279054,0.024681418256032126,0.035061767177159094,0.10757526037662048,21.23882319417614
1050310116,GS 1826-24,NS,4,58164.99043,True,0.000186836156199924,16403186,0,49,0,7101.740538656712,577.4767219387755,7.0,2836405,633539,151990,0.22335985164318917,0.23990630411071773,0.0005886821009543856,0.0001551304239063493,0.024262771914074152,0.00017664951974430418,4.858090579027736e-05,0.013290956314137225,0.0011534638491714037,0.0001582143673659953,0.03396268318568784,0.01835506488020411,0.0015724937679775996,0.1354808653655715,0.002986068232350487,0.0006191334451421668,0.054644928697459995,0.29262248323743956,14.41827817641054,0.0015500756364266164,0.00037598478430502386,0.000151475190263065,6.987906599473619e-05,3.62351550682609e-05,4.632455760600503e-05,4.0826120873043845e-05,0.00017735179666263846,0.0010207187990973203,0.01045313281160537,0.022223111000783752,0.034786110966659865,0.014696691810699908,hard-like,ok,0.02377031755316016,0.015499429619203637,0.033593581797964796,0.12802163675202585,13.832694614027211,0.024796134907020668,0.010310874519496537,0.03436636591413342,0.14328060580268734,14.860127864219116
1050310122,GS 1826-24,NS,5,58233.00619,True,0.003560912088387947,3743418,0,16,0,2737.984989374876,468.68603515625,7.0,783157,143130,33582,0.18276028944387906,0.23462586459861665,6.144763574769475e-05,3.385154094979611e-05,0.007838854236921027,8.346684001172225e-05,0.00010461004423093278,0.009136018827242107,-0.00011509562524306183,0.0001956604062517117,-0.010728262918248315,0.00045967473622050836,0.00036498720606861724,0.02144002649766339,-0.0004182408565839694,0.0009980368332802368,-0.02045093779228643,0.03460725014429635,,0.0001693395411846478,5.465901768940115e-05,-9.900769345858447e-06,1.0986203636178866e-06,3.513390250149389e-05,6.001988982555434e-05,-2.556878067194353e-06,-3.985502617841143e-05,-6.877990627224783e-05,0.0001966532979554739,0.00024213946713453588,-5.025493993574646e-05,0.0006099655456946333,soft-like,ok,0.005816699758579268,0.014163709958540114,0.012357161885203855,0.024943943789304673,,0.009448589678110134,-0.005881093836939802,-0.01962069313523183,0.017201344054377923,
3050310101,GS 1826-24,NS,6,59021.38144,True,0.000225041011784389,3563501,0,15,0,2415.985326588154,531.0973958333333,7.0,818306,164928,36473,0.2015480761475536,0.2211449844780753,0.00018952070251110174,5.6268014431754664e-05,0.013766651826464624,4.777345407767072e-05,0.00010046984594219852,0.006911834349698401,0.0003120035774037106,0.00021580119951342144,0.017663622997667,0.00026016666401594134,0.0003530083040788716,0.016129682700411107,0.00027881890431680185,0.0010935011522419278,0.016697871251054784,0.026919316979033412,,0.00023036768978517067,0.000132861466751136,5.767623683947742e-05,-1.065569180032897e-05,5.511367768078827e-05,-1.3385852466435875e-06,-4.146327532136017e-06,-4.737774539680573e-05,0.00036716470269699555,-1.9701665083409214e-05,-0.00010895186361272782,-3.6867350431806706e-05,0.00011050508196796673,soft-like,ok,0.013971498453296248,0.011110470652203028,-0.0013028411082783515,0.002752848510143097,,0.013528681263254905,-0.006223190579030481,0.025896188524496568,0.023428926421169723,8.74327670473171
5050310104,GS 1826-24,NS,7,59669.01389,True,0.0025786250402910164,1948551,0,7,0,1195.982806444168,612.5859375,7.0,428180,96609,24088,0.22562707272642346,0.24933494808972248,0.00045075632496689705,0.0003023849196808728,0.021231022701860055,0.0008880101736789254,0.000733662421065619,0.029799499554169117,0.00019476938811327832,0.00032913959695985193,0.013955980370911902,0.001324209551197054,0.00096221301322844,0.03638969017726111,-0.000826673222006542,0.0015360025961481873,-0.028751925535632255,0.05037427911889463,0.702879650256711,0.00029498394568209065,0.00030637054795252074,0.00010636291174587323,8.279751809798658e-05,0.00030045961685026357,0.000275895464489985,0.00027685950580469827,0.00029613635923003153,-0.0001113460374122583,6.061082407902838e-05,1.3625705391480618e-06,-7.71609866378437e-05,0.00072423575632678,soft-like,ok,0.025267448965096032,0.03670191631823456,0.02162059777073307,0.04670895103304365,,0.014051422526430307,0.016385670961763424,-0.013162678013373631,0.01291730635161444,11.567385615976963
1108020103,GX 13+1,NS,0,58248.32394,True,0.00023023451237129202,3424647,0,24,0,3630.9881613254547,759.1826171875,7.0,1620295,573033,138881,0.3536596730842223,0.24236126017175277,0.0021939332668203713,0.000247615751634167,0.04683944135896981,0.0014237466501922044,9.513838872998762e-05,0.03773256750066452,0.0005814789862325807,9.101632058604213e-05,0.024113875388095143,0.002406765428088341,0.0002119184239968411,0.049058795624111494,0.00010333039206589951,0.0005732837378041882,0.010165155781683796,0.08176486013871524,0.1817895711754033,0.001315152104609854,0.0008242932761537293,0.0008535072480137607,0.0007571542441967468,0.0004994090597009834,0.0003914068679529665,0.00028876887901507504,0.0003037929817572451,0.00028082634645464977,0.0003240200967952012,0.0002151963136384498,0.0005032680765128772,0.0001286968587021254,soft-like,ok,0.04942118449786156,0.036883690563533904,0.024169149189677535,0.048622431908449344,0.23266485661692607,0.044085456437755105,0.038568993348599374,0.02405805376874602,0.04949457924788644,0.15063538631151843
5670010101,GX 13+1,NS,1,59999.8792,True,0.00015467959740138277,1794042,0,17,0,2335.991577208042,595.1948529411765,7.0,877341,331060,86743,0.3773447268507912,0.2620159487706156,0.0009308414940456955,0.00015370056051954646,0.030509695082804343,0.0009520304455065134,0.00011122336726816141,0.03085499060940569,0.0005935516499234443,0.00013730862063897697,0.024362915464357798,0.0018138714587136763,0.00027916319266227803,0.042589569834804344,0.00039698818948353534,0.0007887327186257062,0.019924562466552064,0.06293358042267343,0.5243252829453502,0.00038005953974917637,0.0003844827222816431,0.0003169427429141555,0.0003193774187508971,0.00026439562310576165,0.00026909466412678665,0.0003312510342812698,0.0004828638579824521,0.00010801552603268707,0.00018626014547791644,0.0005159313510709753,0.00021548577623794855,0.00018647514280543555,soft-like,ok,0.029693370655825366,0.030482376439664907,0.020191012272354415,0.03945782454579852,0.8552828337852302,0.03141982325097958,0.03127687066092176,0.028402958064210507,0.04591910972978481,0.36636983498617215
5670010202,GX 13+1,NS,2,60020.19829,True,0.0003272844048925161,10843926,0,95,0,12990.963013410568,692.4865131578947,7.0,5748401,2196532,475703,0.38211182553200446,0.21657002948283932,0.0025185073026287555,0.00013273192769304164,0.050184731768026375,0.0020252208289294714,5.535377695727454e-05,0.04500245358788198,0.0009144264195176925,6.242380868553844e-05,0.03023948444530251,0.004067705716562907,0.00011809450340178503,0.06377856784659645,0.00045071925815945847,0.00034676389679954764,0.021230149744160036,0.09609898666858073,0.24335490305224994,0.0017565189699992683,0.0011064733560032906,0.0008805610170505065,0.0007124644550257268,0.0007684669942583657,0.0006547693212219631,0.000416421748060353,0.00040515662267841403,0.0005138410367772998,0.000858144367810869,0.0005614103583405469,0.00014626713516096616,0.000454519856340489,soft-like,ok,0.05099363581277342,0.04577498070653562,0.030778631716003556,0.06430434059221302,0.2244071795205535,0.04934165301404519,0.044196418451623476,0.029676566984165462,0.06323499110729476,0.26527430044808137
5670010402,GX 13+1,NS,3,60057.13542,True,0.00011898778518992354,1283238,0,11,0,1557.9966145157814,674.2173295454545,7.0,646758,245439,57101,0.37949124711252125,0.23264843810478367,0.001250300779756309,0.00013048015142906648,0.0353595924715813,0.0009157799055920844,0.00013828923939333417,0.030261855620435513,0.0003292840490168167,0.00015946067544537736,0.018146185522495265,0.0016518807412621312,0.00026673982513596595,0.04064333575461211,0.00011581084314610506,0.0008221904021895999,0.010761544644989634,0.06444104443826719,0.35233847148449193,0.0006939271245515418,0.000556120597226021,0.00038234505799470786,0.00040629570599342587,0.00034638450934288616,0.00018660239523257796,0.00029294120994861276,8.399851204185135e-05,0.00024067674658512675,0.00040441788615139414,5.5967735945660764e-05,0.0008162453760358524,-0.00031327464875493345,soft-like,ok,0.036411016283544005,0.03320602515052894,0.022536815321208693,0.04360803774809629,0.4012301783626355,0.03408071005446725,0.026379445865969534,0.010912012236616205,0.03685009021315684,0.2975074503043614
5670010403,GX 13+1,NS,4,60058.54583,True,0.0007778805978519951,2186173,0,18,0,2498.9909574389458,715.0993923611111,7.0,1133078,420993,93518,0.37154811937042287,0.22213671011156955,0.0013123124435041652,0.00015022466338163493,0.036225853247427664,0.0011776479459231113,7.422690303132232e-05,0.03431687552681787,0.0004376643137824474,0.00010343877360482009,0.02092042814529491,0.0014531152337301518,0.00021975630509973913,0.03811974860528532,-0.0010632024036876242,0.0007402489782602963,-0.03260678462663291,0.05617988003893921,0.09034425570625616,0.0007136503211501129,0.0006735089283994969,0.00035636012941919694,0.0003731480023346308,0.0004230096438558602,0.00041534361921283225,0.00024137283387294986,0.00024291477257884294,0.00020196677353591402,-7.460434039092387e-05,-6.475798284084777e-05,-6.91624646827243e-05,-0.00027657131525574054,soft-like,ok,0.038962954980360544,0.032426988814949466,0.02404675582264788,0.03828065817639764,0.14934300520736637,0.033133484957004286,0.036181619802602615,0.017063096941875952,0.03795132225824106,
5670010406,GX 13+1,NS,5,60061.0588,True,0.0001710002125948589,2402255,0,26,0,3438.98232871294,565.3659855769231,7.0,1287233,485028,109277,0.3767989167462301,0.2253003950287406,0.00161811823228972,0.00018174660637721547,0.0402258403552955,0.0014385281479908866,0.00013483833730491645,0.03792793361087428,0.0004699881032377924,0.00010976828579841381,0.02167920900858222,0.0022801942087462695,0.0002913193513123937,0.04775137912925939,0.000191885575883497,0.0007662636541209059,0.013852276920546202,0.07271422329891115,0.2541191499130312,0.0007564156173826337,0.0007136684655930173,0.0005335887609570023,0.0005191104740992368,0.0004885266003919474,0.0003984246705419487,0.00040600026202186693,0.00029174357168550207,0.00017557167822787744,0.0003046012868589469,1.7430647587696125e-05,0.0003524477590143207,0.0003298284756019159,soft-like,ok,0.036871221558909394,0.03710356804898616,0.022149904348876513,0.047496894566780176,0.21602294807238642,0.04319138654764923,0.03870000203415482,0.021219227302704022,0.04799352792358818,0.35669824316931137
7701010101,GX 13+1,NS,6,60420.2044,True,0.00034965514028679394,2255988,0,21,0,3246.682897090912,569.3407738095239,7.0,1054265,388961,87162,0.3689404466618924,0.22408930458323584,0.002567872911246471,0.00021569902780834026,0.05067418387351168,0.002306678971349391,0.00017748526082745288,0.048027897844371566,0.0007487958442212247,0.00013954294431297467,0.027364134267709343,0.003722461894525117,0.00035925535375940686,0.061011981565305,0.00031120369530434955,0.0007469751351132618,0.01764096639371975,0.0853743268966428,0.20585468370659066,0.0010826247997519124,0.0008085152035221583,0.0011428786098212444,0.0008884245799261285,0.000793138373602184,0.0007607129229717979,0.0004860768377878991,0.00028926555335046883,0.00045433564583520573,0.0005768279578114773,0.00038959530169641407,0.00029145023382421423,-0.000675070326846278,soft-like,ok,0.049640841469708936,0.04929081815401182,0.028955631995068714,0.061417597931639215,0.18738408347053373,0.05187356751674521,0.04648493465952291,0.025346499013769456,0.060527184927204165,0.2283226530741214
7108020103,GX 13+1,NS,7,60430.06175,True,0.00014512350864253178,2169297,0,17,0,2547.9809284210205,686.6590073529412,7.0,1017764,381635,94771,0.3749739625296238,0.24832890065114574,0.0010995760705870283,8.984565989751404e-05,0.033159856311314566,0.0014177117025065246,0.0001179175880336248,0.03765251256565124,0.00045855734343178643,0.00012457075370574615,0.021413952074098477,0.0022158629482535667,0.0002553366862683771,0.04707295346856374,0.0016544226991865375,0.0007215672226374495,0.04067459525534996,0.062432560446097955,0.3390259862668189,0.00030897847840688063,0.0003929435833032615,0.00043148958599718796,0.0004466365572278498,0.000505234577256706,0.00041113883785954153,0.0003242810819143961,0.0002060925911452291,0.00025802830182116766,0.00015551399281273645,0.0002110971532057132,0.0003960907506085027,-0.00014970088770349893,soft-like,ok,0.03284622854237343,0.03845176679405088,0.02154740999397468,0.04906330646737804,0.3431706042548559,0.033521337972591755,0.036699958197922496,0.02125750187876819,0.04464377207583421,0.39883887578773475
1050410107,GX 17+2,NS,0,58059.12755,True,0.00022098074579230588,5240284,0,19,0,2959.048433229327,1243.0435855263158,7.0,2049692,763842,209548,0.37266184382824347,0.2743342209514533,1.635967892325289e-05,1.7733323906361183e-05,0.004044709992478186,5.2327952832236264e-05,3.3385831289694985e-05,0.007233806247905474,1.0209754410220345e-06,6.944007166109049e-05,0.0010104332937022782,0.00024792733590398236,0.00010518316098350947,0.01574570849164884,0.000152241507242305,0.0003628579287670643,0.01233861853054486,0.02634829635839089,,2.9353981939306418e-05,1.547450087944993e-05,4.1154370554941724e-06,-7.1150893685304445e-06,-5.986488059904576e-07,3.415125524886699e-05,2.0132238212576824e-05,3.321073358916398e-05,-2.9661819614519794e-05,7.40881587290932e-05,0.00027390729371188337,0.0004632995309117464,-0.00021612485149894603,soft-like,ok,0.005291116971613976,0.0076872468409742494,0.008672370488401445,0.017910552966787598,,0.001921093530651517,0.006705341509833292,-0.008930460020168627,0.012984591719065242,
1050410112,GX 17+2,NS,1,58064.21064,True,0.08550614989412547,12024386,0,30,0,4022.9877316206694,1589.4138020833334,7.0,3256842,1566627,1279880,0.48102640533375585,0.8169653657188342,0.022536955796484084,0.007670480992281564,0.15012313544715247,0.013674224988525257,0.003129477326831376,0.11693684187853397,0.01711211659056211,0.00547901053294562,0.13081328904420264,0.08052275861081036,0.021330869635785243,0.2837653231295367,0.0523320334441336,0.015281175887558293,0.2287619580352765,0.860315414516879,12.996797204563917,0.02842672728955693,0.008841485590979343,0.009254182422834024,0.005957231633954912,0.004129466744823221,0.003845310337538068,0.003765937740335503,0.0060137240583865905,0.011515958846719779,0.030409823741003712,0.08809911534978677,0.32155168513217175,0.2183319635672588,hard-like,ok,0.17102359357052963,0.12392416746997435,0.13434717295647394,0.28875844229766645,12.21036032007319,0.12540648389018247,0.10939225056019555,0.12712742108215758,0.2786078200411046,13.944742540591267
1050410118,GX 17+2,NS,2,58192.14828,True,0.00015618464481820515,4149500,0,17,0,2586.7973444014788,1252.7752757352941,7.0,1865607,679046,181386,0.3639812672229467,0.267118869708385,2.7124035480879217e-05,1.2482325823902794e-05,0.005208074066378013,1.9527948689544682e-05,3.1180257170474914e-05,0.004419043865990095,-5.385675760826926e-05,5.350761764306606e-05,-0.0073387163460832345,0.0002868844142854371,0.00012945885873112662,0.01693766259805163,-0.00013100807934742634,0.00041934658092332146,-0.011445876084748879,0.017140737372127166,,9.904747064271351e-06,7.443918107882714e-06,1.5365734300786282e-05,5.596620631107178e-06,5.32605343045737e-06,1.1587668413402473e-05,-2.781568337081178e-06,-2.80188217869457e-05,-2.1724378197454498e-05,0.0002010970026584832,0.00024089405932686668,3.412765048786336e-05,-0.0001850138084394024,soft-like,ok,0.004146830665588973,0.007874456594936904,-0.0069094156290318886,0.020126243021940878,,0.006152976855346349,-0.005138604578224919,-0.00777630107416835,0.012613228993149846,
1050410119,GX 17+2,NS,3,58193.0524,True,0.00016786067563921944,1958801,0,7,0,1231.095767274499,1271.7410714285713,7.0,768371,289601,81508,0.3769025639957781,0.2814493043877611,9.666633565025767e-05,2.6174772578366638e-05,0.009831903968726387,8.740439957013184e-05,4.341961928709827e-05,0.009349032012466951,0.00018852358144622083,0.0001466944757604418,0.013730388976508306,0.0003529026869632659,0.00018700179923053435,0.018785704324386292,0.000515780233075219,0.000539006266714188,0.022710795518326058,0.030803398289771484,,6.578211442460057e-05,7.796125893104691e-05,2.111342742122299e-05,8.194728953625042e-06,2.2494691863366777e-05,5.145797115278338e-06,4.440991974797855e-05,4.243661298337836e-05,0.00015083787965071332,3.0045797735525134e-05,0.00032598517158193984,-0.000282452248711129,0.0004368941945007498,soft-like,ok,0.009410498715592453,0.010952744673002805,0.01956591834790056,0.02530048157204253,,0.010514375163718358,0.005625929783673384,-0.012008420679504243,-0.01178660681684271,
1050410133,GX 17+2,NS,4,58424.49674,True,0.00020438961526098037,6283899,0,28,0,3848.993957221508,1250.064453125,7.0,2998838,1144497,336896,0.3816468245367039,0.2943616278592255,2.6272091821343838e-05,1.1627484431716642e-05,0.005125630870570357,3.190479818160001e-05,3.2460037879355296e-05,0.005648433250167697,0.00011912500972919252,4.939789336505676e-05,0.010914440422174309,0.0002882402666331734,6.511131095899779e-05,0.01697764019624557,0.0003176470708694777,0.0002933145119051431,0.01782265611151934,0.02357998792693525,,1.0043811418512712e-05,8.397311449794126e-06,1.4097039508939179e-06,2.2065482049710132e-05,6.166070302215881e-06,3.6382389156347424e-05,-1.563775040387784e-05,5.625009346043555e-05,6.226859976661718e-05,0.00015685629580473775,0.00011899229706282654,7.331608798443777e-05,1.9505438631760972e-05,soft-like,ok,0.0057736017876514785,0.005752594647051884,0.010021948816996631,0.01771371634081313,,0.004382951575649733,0.005542323077724908,0.011739211377494865,0.01620823265934806,
3050410103,GX 17+2,NS,5,59100.86296,True,0.00014543814261356425,4145585,0,19,0,2680.9963975846767,1186.6846217105262,7.0,1973079,721359,191579,0.36560066778877076,0.26558066094690713,-1.1180040180606926e-05,8.297938798072064e-06,-0.0033436567079481896,1.98224537912588e-05,3.836601670839597e-05,0.004452241434520235,9.687485563166914e-05,6.490200047182392e-05,0.00984250250859349,0.00033603460439847325,0.0001153985700380014,0.018331246667874862,9.819580864817277e-05,0.0003921807370348352,0.009909379831663168,0.02741864068554552,,6.4322131254058525e-06,-9.860578018391023e-07,-3.890790251277354e-06,-1.2680248269570974e-05,1.458259069535364e-05,1.3174477024933957e-05,1.2479595189364854e-06,6.048488064700694e-05,3.35844576787774e-05,0.00017123172646527264,5.49406407583963e-05,0.0002772858779180441,0.00013637412953361222,soft-like,ok,-0.0040419758938373025,0.005989610888138639,0.007158400976870662,0.017514029065471136,,-0.0023317299761231626,0.001395326258375535,0.012152684213247123,0.01920035789006172,
7050410103,GX 17+2,NS,6,60427.35278,True,0.0002441783619297118,10242825,0,45,0,6388.9812316298485,1239.431423611111,7.0,4765004,1839448,534673,0.3860328343900656,0.290670353279897,-1.6517614363052909e-06,5.618349073985688e-06,-0.0012852087131300079,2.9914067546346722e-05,2.300975547133603e-05,0.005469375425617327,7.014887908570143e-05,4.6820984293107106e-05,0.008375492766739247,5.9005849077276467e-05,7.758411937523177e-05,0.007681526480933101,-3.0440648106547057e-05,0.0002536653265434243,-0.005517304423950799,0.018778933002396813,,7.981694953431643e-06,2.68843191156785e-06,-4.991824849285057e-06,-3.667262687682532e-06,9.432793295078465e-06,1.4995700832310091e-05,7.241843616547139e-06,3.056604142580562e-05,4.214546165140129e-05,8.875811163175831e-06,-4.0317826924975936e-05,0.0001496369455397215,0.0001280605147814122,soft-like,ok,-0.0025233126812120444,0.005538202577039464,0.007611239918334038,0.0052073382003468924,,0.0018136432454525914,0.005396311791971987,0.009107779161875924,0.009613627683898488,
7050410107,GX 17+2,NS,7,60470.05185,True,0.00032537055249390903,2992580,0,13,0,2073.2175238132477,1145.0486778846155,6.461538461538462,1272559,491295,141507,0.3860685437767522,0.2880285775348823,3.59945837436072e-05,1.942159166258541e-05,0.005999548628322567,2.7134519685054824e-05,3.215730960553272e-05,0.005209080502838752,1.5437703645462177e-05,7.822405145408282e-05,0.003929084326590888,3.8673222348281335e-05,0.00014204579602767478,0.00621877981185066,0.0005376254820501882,0.00048603757879634596,0.023186752296304635,0.015757380402775828,,1.2063838716417033e-05,2.246532596290348e-05,6.420110950392136e-06,6.78905665052484e-06,-1.971278842986463e-05,4.226277822240074e-05,-7.1858333600214305e-06,1.7387442097305533e-05,1.0140714980483535e-05,-9.799517407661018e-06,8.343981348072778e-05,-0.00015301302630743634,0.0002370371216016121,soft-like,ok,0.006421568387804822,-0.004006016613411228,0.011411887029050938,-0.0042248490379449225,,0.005481381680395007,0.008725942583754554,-0.010716348368949906,0.010140022769128034,
7700040101,GX 3+1,NS,0,60538.6499,True,0.0020383978807691,1303949,0,9,0,1775.9671592116356,541.0625,5.666666666666667,426765,149873,46666,0.3511839068339719,0.3113702935151762,0.0002739080366021569,6.211920974642118e-05,0.016550167268102062,0.00019222354278914495,0.00014811382504940053,0.013864470519610367,0.00014038705151917216,0.00022981528495578027,0.01184850418910219,0.0003089619885141603,0.00027852697464730863,0.017577314599055236,-0.0024083031519837477,0.0013617949102517743,-0.04907446537644346,0.04316207237496902,,0.00038128439970981057,0.0001477505195975042,8.114506848870478e-05,1.7652236102625443e-05,0.00010705652277010924,1.8370504417009696e-05,9.26426641632376e-05,-2.8306176986613773e-05,0.00017020729235789684,6.074255917926342e-05,-2.1998835407928613e-06,-0.0004997170193569352,0.0013163358048002437,soft-like,ok,0.0176022433133797,0.006895005169363068,0.02245539402120987,0.01620261864974046,,0.014901840507632184,0.02002447438490343,-0.019611410195994227,0.019389794261833425,
7700040102,GX 3+1,NS,1,60539.03704,True,0.00023993779840365435,1412242,0,15,0,2332.1918741464615,414.43541666666664,5.133333333333334,551852,189442,54422,0.34328406891702845,0.2872752610297611,0.0002948533863683121,6.612408049966208e-05,0.017171295419050717,0.0001408983526829206,0.00010824352592795384,0.011870061191203717,7.377874553367752e-05,0.00022275590852675683,0.008589455485284123,0.0003999828763806994,0.0004328703123344279,0.01999957190493585,0.0003441532371584791,0.0017440835329114647,0.01855136752798777,0.0,,0.00018269805293707702,0.00017416767393032225,7.711491313612938e-05,6.49066634364333e-05,3.27420413265574e-05,5.56251529365989e-05,4.074394593254328e-05,1.6423530726066402e-05,4.780656316025928e-05,8.73645859130569e-05,-0.0001563395761260663,-7.454368406321702e-05,-0.0012799662115653332,soft-like,ok,0.015698363158112186,0.012022066354059816,0.016895815620276887,0.03016021531535853,,0.019200641239247314,0.01163449901710196,-0.01577831157378975,-0.019416947066309982,
8611010102,GX 3+1,NS,2,60812.03194,True,0.00043315632893735313,6027553,0,24,0,4699.9297714829445,903.0250651041666,7.0,1923055,661409,189629,0.34393660087725,0.2867045957947352,7.733274123290293e-05,1.9905534609315936e-05,0.008793903640187499,3.343859445761636e-05,4.519245430135006e-05,0.005782611387393792,4.241552138069775e-05,5.9799739491636296e-05,0.006512719967931813,0.0004591541504704988,0.00012846277250275602,0.021427882547524355,-0.0004210388808413503,0.0005514026787187527,-0.02051923197493879,0.019598203553585304,,9.354930507114786e-05,3.812231226449722e-05,1.9077186404384462e-05,1.905509147305208e-05,1.3533680921124995e-05,1.2406614155618087e-06,1.9750389021391258e-05,4.3786539108033e-05,-1.379003536827778e-06,0.0002569587756638123,0.00032867687932204955,-7.999333719932305e-05,-0.0003682888974011401,soft-like,ok,0.009546866985938795,0.006356411035142489,0.008304180756452225,0.018225900043314737,,0.007993677524415578,0.005163613667573778,0.004073629691867804,0.024138501325008,
8611010103,GX 3+1,NS,3,60813.13032,True,0.00023768659538894526,4369608,0,20,0,3410.96358191967,896.671875,7.0,1593362,547197,154921,0.3434229007595261,0.2831174147519084,0.00017201327871981713,4.7270993230042123e-05,0.013115383285280576,0.00010539095190676295,3.438080326138337e-05,0.010266009541528925,7.296470716616286e-05,9.260860904218633e-05,0.008541938138745963,0.0002669480877268198,0.0001932895484644699,0.016338546071386517,-0.0010832767552348694,0.0005026089453966654,-0.03291316993598261,0.019715935047039793,,5.720833771249481e-05,9.83239868730158e-05,6.458043858074925e-05,2.5461704926043426e-05,4.948236193024039e-05,3.1168633866532956e-05,1.0125660224510226e-05,6.107811114271282e-05,1.0148040248938002e-05,5.503624374046395e-05,0.000157458803625799,0.00011635137906698151,-0.0003477056071593901,soft-like,ok,0.014588183878127017,0.01171231687284329,0.011283335287125835,0.021891248330451203,,0.011456900069768738,0.008581479931930308,0.00432217255403773,0.007411135449149355,
8611010104,GX 3+1,NS,4,60814.01622,True,0.0001736898435528612,6363616,0,31,0,4685.975625514984,960.8465221774194,7.0,2610752,928030,273857,0.3554646324124237,0.29509498615346486,0.00024811714735758215,4.919275117565583e-05,0.015751734741214447,0.00011610250581496835,3.0047020716339904e-05,0.01077508727644321,0.000177942367167246,6.677639876742491e-05,0.013339504007542633,0.0005339164285474866,0.00011177180631143138,0.02310663170060679,-0.00025985577223423313,0.00043232528277819664,-0.01612004256304037,0.035034585253690236,,0.00020561007210977554,0.00014586096128889645,6.877943428366921e-05,4.735851319767926e-05,2.289032829241057e-05,3.340567570924352e-05,4.320006995979093e-05,6.165215580045602e-05,0.00011901488180765052,0.00015832092521524224,0.00023175460937017753,0.00025841369260061405,-0.0001688391557375165,soft-like,ok,0.014770009694424982,0.011113587831087972,0.012553073587629669,0.025250734782586666,,0.01672099706162279,0.010407671955079786,0.014118486632071329,0.020615675057860213,
8611010105,GX 3+1,NS,5,60814.9942,True,0.00016600778387383577,6720683,0,33,0,4961.974063873291,958.1432291666666,7.0,2778732,982199,286266,0.35347021591143013,0.2914541757831152,0.00017961699235045133,3.7469444978069125e-05,0.013402126411523335,0.0001236223871509224,4.012198515931328e-05,0.011118560480157599,2.964956146920175e-05,5.3984157353981967e-05,0.005445141088089614,0.0001409178347368112,0.00011827837398089273,0.011870881801147344,0.00027784903595295664,0.00034171705291523356,0.016668804274840972,0.018681739401666876,,0.00020346884773982354,9.539565168274771e-05,5.305584438064841e-05,5.028257506760112e-05,6.817110063619646e-05,5.957801296444477e-06,2.469761493263288e-05,4.1093044387032374e-05,-5.764691412727936e-06,-2.5517449814533806e-05,0.0002058836671191886,9.263496477444154e-05,-0.0004603515837177026,soft-like,ok,0.014400285069662025,0.009937489088397037,0.007535669492802257,0.009437004133152536,,0.01224681109022672,0.012254674917095816,0.0008204103224049342,0.014010514714443362,
8611010106,GX 3+1,NS,6,60816.08104,True,0.00016505910852099049,5096531,0,26,0,3698.9845750927925,986.9951923076923,7.0,2239005,806176,239539,0.3600599373382373,0.29712990711705634,0.00016496644488193178,3.272161859761454e-05,0.012843926381053878,2.4527656732602633e-05,3.890298497369969e-05,0.004952540432202713,2.9639687259359504e-05,5.684975007091853e-05,0.005444234313414468,8.939897334591488e-06,8.8086558371142e-05,0.002989966109271389,-0.0007444930570660205,0.00036228441275393665,-0.027285400071577117,0.012945731305906599,,0.0001736357055343817,5.913600913659868e-05,7.087154936792293e-05,4.669406448579543e-05,1.5884275931349024e-05,4.776515037454469e-05,-4.9610612307219726e-05,7.205062991763845e-05,-4.3657278032735614e-05,-6.793315237898905e-05,4.033169443891801e-05,-0.000113759758091441,-8.381631933203335e-05,soft-like,ok,0.013529292984408203,0.006096531311475486,-0.001545701352559437,0.0019390985148921023,,0.012102304451629695,0.0034044345187637603,0.007900776543456065,0.0037738021156347324,
3034100101,IGR J17062-6143,NS,2,59022.47377,True,0.004570701226567924,211466,0,10,0,1797.7019774317741,31.18359375,7.0,35155,3984,776,0.11332669606030436,0.19477911646586346,0.0012727936031443187,0.00045663169732185427,0.03567623302906739,0.00245445485120271,0.0018570032492366188,0.049542455038105546,0.005867340629308437,0.0016447503192325676,0.07659856806304173,0.007229068530098392,0.003963448338349659,0.08502392916172713,-0.004688025950553592,0.011165422881905829,-0.06846916058017355,0.13052932897975011,8.109745004183619,0.0001842854373791979,0.0008103092470406829,0.00016118418774764567,0.00021520392200833605,0.0005532274908378579,0.0006338478340306497,0.0013769369422252718,0.0012190479621898458,0.004624831497575177,-0.00271850070625552,0.005583410826183478,-0.007481461807829188,0.011875582890770403,intermediate,ok,0.041961434808900515,0.04903082093378817,0.08847813118105563,0.10190592328533464,6.915453908889565,0.024082139599464224,0.05025995437112647,0.055524322797378955,0.052424846016348,8.97348914977366
1200140123,IGR J17380-3749,NS,5,58243.68056,True,0.21431797651309847,39992,0,3,0,1793.3236630558968,40.622395833333336,7.0,4080,4004,7515,0.9813725490196078,1.876873126873127,0.0024563458498011227,0.0007164154027283974,0.049561535991140576,-0.0015013808995457884,0.0009122118583950316,-0.03874765669748028,0.004566387512290871,0.0018960761124372592,0.06757505096032759,0.005744472419007975,0.00743697555109203,0.07579229788710706,-0.009895250900552693,0.010525093360466812,-0.09947487572524377,0.15542721709942323,0.588881931270706,0.013830442515683397,0.0008688935906938905,0.0009018827140268505,0.0008454814236342022,-0.000571231849450721,-0.0008695315006371008,-0.00018581456468948868,0.0004664977544184416,0.00406517489455013,0.004567431086897953,-0.011601347560512596,0.009734393473364534,0.002105347837291753,intermediate,ok,,,,,,,,,,
6560010103,IGR J17498-2921,NS,0,60057.00972,True,0.0012859953992405975,260863,0,27,0,3939.649950504303,45.7884837962963,7.0,109348,36635,12262,0.3350312762922047,0.33470724716800876,-0.00020799229394011384,0.0002748407318093529,-0.014421937939823269,4.911877342460471e-06,0.0007899325598182344,0.0022162755565273175,0.0014406806763145323,0.0014673581952142278,0.0379562995603435,0.007350161995853944,0.0025632245091091964,0.0857330857712117,-0.005028414291514324,0.009280381709164476,-0.07091131285989792,0.16372973274392938,13.846500943677484,8.052813887111872e-05,2.6001044460454914e-05,-0.0001932572897996081,-8.121471350255443e-06,0.00023087102937654835,-1.7435832406759717e-05,-0.0003396303552826889,0.0016172963745706207,-7.812323985143302e-05,0.0025401745063321204,0.007473578081896962,0.013135968803027278,0.002339575594554185,intermediate,ok,-0.022287338400112745,0.02314128252210477,0.04132874161229917,0.1009827645056823,10.86956364521031,0.010310471918695689,-0.02393065253881383,0.033906072890206626,0.06519735463292316,15.626533290856154
6560010105,IGR J17498-2921,NS,1,60059.00648,True,0.002993571289421849,676835,0,66,0,9243.425289332867,49.93300189393939,7.0,294933,94820,32081,0.3214967467187463,0.3383357941362582,0.000255274492134783,0.00013197525101807546,0.01597731179312662,0.0007752390081905624,0.00048291968890416234,0.02784311419706069,0.006573151090722075,0.0009001479155916907,0.08107497203651738,0.014245347622313468,0.001944369917286894,0.11935387560659046,0.006296280413578635,0.006303853371613229,0.07934910468038461,0.18171774676146507,9.390680086302204,8.017899996924874e-06,5.453102022261703e-05,0.00015378037039333407,0.00016397604563189567,0.00030835968448091706,-0.00016550583067957047,0.0005047516110148886,0.0021193735229602453,0.004464398167023094,0.005185190793487444,0.00698095510971929,0.00811635671740733,0.0051271543764055336,hard-like,ok,0.020252821761889216,-0.013617621045451615,0.07937854132993934,0.11461119603221048,9.307899885657696,0.010000808700451273,0.04169083350908164,0.08274040709172456,0.12392545860802028,9.081417143689523
6560010109,IGR J17498-2921,NS,2,60062.99427,True,0.0028682734706108994,268581,0,40,0,5725.774023652077,32.676171875,7.0,115238,38882,13182,0.3374060639719537,0.33902577027930664,-0.0004924718176859508,0.0002389035530987133,-0.022191706056226296,0.0006391248666830855,0.0009821034434049005,0.02528091902370413,0.003630305944833112,0.0016784442097992562,0.06025202025520067,0.013539446583537904,0.002246049019946111,0.11635912763310793,0.015429906225554508,0.010527208117303693,0.12421717363373917,0.17925102873984194,9.959071593655729,-3.388494379347755e-05,-0.000149929932987206,-0.00011241049541729343,-0.00011654002325120519,-6.120595884379524e-05,0.0004880828070463324,8.631094160779502e-05,0.0021200601102416574,0.0015225915454339608,0.007269942010094354,0.009473628239793225,0.00982654581852657,0.0018177411858407203,hard-like,ok,-0.01846872534140628,0.036992920763464845,0.061805957141012294,0.13072075836545316,9.89454931232678,-0.02538223312010136,-0.009601663069320629,0.0586525738684911,0.09990702659466695,11.100067531215803
6560010113,IGR J17498-2921,NS,3,60067.12406,True,0.0015264262545315779,46710,0,6,0,1147.615197956562,27.540364583333332,7.0,14886,4789,1476,0.3217116753997044,0.3082063061181875,0.0008460672415673767,0.00046648621403483055,0.029087235027884253,0.006036365064292064,0.002229533962597852,0.07769404780478402,0.012891410201047619,0.004160706539308984,0.11354034613760704,0.0343444200947619,0.006630353762408029,0.1853224759568086,-0.01339165359658901,0.03564833580962387,-0.11572231244055318,0.26781411708952885,10.536804135012376,-0.00033655329587705285,7.506337346972632e-05,3.74806164741702e-05,0.0005340906318623309,0.00046332017843209416,0.0017331001241194936,0.004069165005463821,0.004331947480236976,0.008529675096848448,0.009207957355129566,0.013230466580141657,-0.002190566857914225,0.03203925502405687,hard-like,ok,0.02396698266225827,0.07501173715610418,0.12227745275575189,0.1833102317877045,13.1744330480692,0.033459355261266296,0.08030379157373069,0.10400632229112261,0.18732629869427272,7.670530227880146
6560010124,IGR J17498-2921,NS,4,60094.22455,True,0.2421339870110102,1046660,0,3,0,1520.2925835847855,76.0390625,6.333333333333333,6956,8490,13753,1.2205290396779758,1.6199057714958776,0.2548401981631141,0.024194291960835862,0.504816994724934,0.33869760688987005,0.12858373345988797,0.5819773250650493,0.10703002698962584,0.043517970471627324,0.3271544390492445,0.46002676234494116,0.1696142948497374,0.6782527274880221,-0.020258749348155573,0.0365572776292572,-0.14233323346343107,1.0734400944892297,0.07350364066254941,0.43328816297137934,0.041941332783021236,0.17890127186280133,0.059560299600883417,0.09303494293407226,0.08973355506186441,0.1270431770892022,0.08605290934116534,0.024300343369599832,0.00881008419012863,0.0010595437532415564,0.0004573774036767538,0.008090636096010132,hard-like,ok,,,,,,,,,,
1200310107,IGR J17591-2342,NS,1,58360.6375,True,0.025835599020682005,104901,0,24,0,3281.7119205892086,22.606119791666668,7.0,44793,16578,8075,0.37010247136829416,0.4870913258535408,0.0006983029980933547,0.0005337725977250863,0.0264254233285553,0.012202712693154809,0.0020412362787889174,0.11046588927426787,0.012582269027573808,0.0039753896830782105,0.11217071376956557,0.03195630514247808,0.004719772215597935,0.17876326564056186,0.020559515697279616,0.013986006289127387,0.1433858978326656,0.2636782852544467,6.520108172694827,0.00011057273148038463,0.00044095426053472256,0.00012939253006051586,5.188208614925677e-06,0.0028643855109379535,0.002066981946653348,0.0074570421020667,0.005959808723687347,0.006559531436266459,0.00546683520225629,0.011054695433962388,0.010141808234423115,0.0172690417937812,hard-like,ok,0.024593202794484105,0.11273425776781085,0.06294161672972824,0.17971194794385362,6.044646545377412,0.02805781975961112,0.10826355665076647,0.14416756330151295,0.17785595235498047,6.9798061578858634
1200310110,IGR J17591-2342,NS,2,58363.27789,True,0.010209425776375427,217933,0,48,0,7134.185089766979,21.546875,7.0,89806,30965,11613,0.3447987884996548,0.37503633134183756,0.0005655061547474168,0.0004022482492777049,0.023780373309673187,0.004317904487889633,0.0014716783423327454,0.06571076386627714,0.004823020303697512,0.002508052720081566,0.0694479683194369,0.018986568398677798,0.004509006940984073,0.13779175736842098,0.011204849029517752,0.014045582394773043,0.10585295947453596,0.12066506717947462,3.6307340833186026,9.936062476434483e-05,0.00016136147788350211,-9.734835434457621e-05,0.0005577963662528959,0.00044495452810964673,0.0006058005215341392,0.002880325256909455,0.005325388975160887,-0.000171847825171388,0.006175514416406113,0.007594933856105414,0.002508529049134281,-0.011524710455317591,hard-like,ok,-0.017253454275293515,0.06164927810196934,0.0776108997250468,0.13498262041302664,4.803269312330273,0.03779506815688855,0.06953444875556196,0.060190566408406,0.1405440416243019,2.8582620373483465
1200310120,IGR J17591-2342,NS,4,58374.21902,True,0.010356808766537485,81188,0,15,0,2406.5482418835163,25.0546875,7.0,32139,11742,4224,0.365350508727714,0.35973428717424627,0.0022987969620350325,0.0007941611333751207,0.047945771054755525,0.01715909415811777,0.0014968449098170615,0.13099272559236932,0.005830157812582141,0.002936484840772583,0.07635547008945817,0.029053996911532112,0.004029306443311618,0.17045233032004026,-0.03199036543939416,0.026717111898137767,-0.17885850675714074,0.23630511642414442,4.472932747522549,7.315252869715953e-05,6.469455514520173e-05,0.0011976355178204732,0.001194246790846273,0.004570328099333156,0.006266155042168873,0.005875786118015088,0.0023786927202402598,0.0037405100891656157,0.005184642937175393,0.0017277458574214701,0.0005783783410367586,0.022988139451162733,hard-like,ok,0.053411174941661546,0.1335105124680934,0.07002973470818252,0.1663706198732555,4.2174001034375195,0.04071677548667064,0.12801780818237884,0.08307559936321063,0.17505624659788938,5.387639725126121
1200310124,IGR J17591-2342,NS,5,58380.26862,True,0.11040816326530613,73054,0,7,0,1108.8527464270592,37.222098214285715,7.0,20831,8147,4373,0.39109980317795595,0.536761998281576,0.00595738027213025,0.0041125875883980855,0.07718406747593864,0.009743898679270281,0.0032076840537739334,0.09871118821729521,0.013459847418660197,0.004253190567045627,0.11601658251586364,0.03446389877490853,0.0070361980508766055,0.1856445495426907,-0.014707793435767268,0.014273700478849571,-0.12127569185853886,0.26932465913557313,1.662238146135347,0.010898341017641639,0.0042199146449509945,0.0014818971684747606,0.0006284990769351681,0.0009313102509221286,0.0032377763759226254,0.0051868121858695765,0.0045586555751048075,0.008916261091880668,0.010870261819556786,-0.004088224612680058,0.015277339698558531,0.010416927725355025,hard-like,ok,0.08884053088838785,0.08709945731611099,0.10088187542804991,0.1823069924410237,1.9088182294955358,0.04715722671832637,0.1179253575359045,0.1406874061566509,0.19191955935481916,2.943899909907019
1200310128,IGR J17591-2342,NS,6,58385.09519,True,0.005259091989541241,45991,0,9,0,1239.8707315325737,27.235243055555557,7.0,21227,7454,2694,0.35115654590851275,0.3614166890260263,0.000545196863339868,0.0009635061500235579,0.023349451028661636,0.009786190259948658,0.002882413981992768,0.09892517505644687,0.014422882141119944,0.004262232120742439,0.12009530440912311,0.03609129830710215,0.0076777343515206055,0.1899770994280683,0.021458836738827737,0.024815852316339405,0.14648835018126097,0.2022774961965679,2.330635988056736,0.0004156013508117595,-0.0003839491260707595,0.00023400414437893194,0.0015164415668208074,0.0009929559952878396,0.002224564491107849,0.005679666163392607,0.007626487664824207,0.006864098364666988,0.005457387878101785,0.007757512570740206,0.000689838716698916,0.0018415756867914135,hard-like,ok,0.04054194810240921,0.08476522979601761,0.14080606025862863,0.1995837490684797,2.7300671019944684,-0.03018921674137736,0.1150446257759593,0.08519216092264029,0.1764335064148779,2.0812495085825726
1034140105,M15 X-2,NS,0,58049.60046,True,0.0025284450063211127,184891,0,14,0,2281.7243799865246,24.8203125,7.0,34273,8072,2133,0.23552067224929243,0.2642467789890981,0.0006265658043247385,0.00079103380276823,0.02503129649708018,0.006048603696285361,0.002277348115119629,0.07777276963234214,0.0017445982696611198,0.002932962180981842,0.041768388401530646,0.008894531194328032,0.00801628697385692,0.09431082225454315,-0.03074919520434121,0.027448980911571694,-0.17535448441468843,0.06825493885882535,1.0435315317529588,8.203715904527772e-05,0.00013689047592528076,0.00014090572247768822,0.0007479079674495317,0.001385713989032051,0.0018262831353810594,0.00237103667739328,0.003584020163083944,-0.0017729903604716153,0.004415268215183688,-0.0030580571155780683,-0.0006895781121981716,-0.004510701238101961,intermediate,ok,-0.010578276963958709,0.07603390008615273,-0.027641037842623655,0.08973093291769725,1.8736241388341757,0.03687427605797255,0.07946148083196986,0.06507805605524843,0.09864760794777336,
1034140114,M15 X-2,NS,1,58247.0537,True,0.0029839698364599477,145303,0,12,0,1883.4664982259274,23.259114583333332,7.0,27730,6282,1714,0.2265416516408222,0.2728430436166826,0.0019486913024651378,0.000992399701343967,0.04414398376296749,0.0011524357294924051,0.002042599318305858,0.03394754379174442,0.0021880553498010466,0.004654218834827103,0.046776653897014124,-0.0036191313540978047,0.009324947459965989,-0.06015921670116562,-0.002794931569950451,0.025616486561482844,-0.0528671123662949,0.0,,0.00013004818767828718,0.0006275892794469394,0.0004326303146551449,0.0013098314523465845,0.00014332018300987088,0.002553649857359305,-0.002060464510161971,0.0008426003504593954,0.001440025454643321,-0.002594395752582934,-0.005767436109830166,-0.009682878966092536,0.0022606903505783668,soft-like,ok,0.060658739894704265,-0.014814084026280426,0.035517829613508314,-0.10768408440597428,,0.018267295093172823,0.049320842965669257,0.05525040035331986,0.061837985752792646,2.795358823113335
5034140105,M15 X-2,NS,2,59831.1419,True,0.001848776125235794,745979,0,4,0,1378.846059679985,101.244140625,7.0,41559,8210,2068,0.1975504704155538,0.2518879415347138,0.0005761413284485759,0.0003567062901942282,0.024002944162093448,-0.00033036215359284044,0.0010192910918704334,-0.01817586734086823,0.0016327539913210815,0.0016160564686278783,0.040407350709011865,0.0035620392240574136,0.002456493853210744,0.059682821850658284,0.011398163212980804,0.006021445207511412,0.10676218063050606,0.0852987401753197,4.977743805180021,-0.00011659872936226854,0.0005880986457453949,8.975352793618119e-05,-5.020247805696134e-05,-0.00019560522916899287,0.00024788453273241474,-0.0004888593484003898,0.0017823524586879495,-9.488894329877934e-05,0.0017524314199669625,0.0005847087178891811,0.0017428337540194199,0.0014339667468065878,soft-like,ok,,,,,,,,,,
5034140111,M15 X-2,NS,3,59836.99398,True,0.0015537600994406464,2259108,0,31,0,4692.908612549305,81.71421370967742,7.0,259819,50980,13443,0.1962135178720571,0.26369164378187526,0.00021596620973682556,9.403389008104007e-05,0.014695788843639037,-0.00040274073368216847,0.0004990410086124768,-0.020068401373357282,-0.0004196688843332248,0.0009633960942860519,-0.020485821544014893,-0.0017897361499022051,0.0011308782406022596,-0.04230527331080849,0.0012764017820374033,0.004393780076901484,0.03572676562519204,0.0662252025445664,18.744748449948304,0.00012793104070860944,0.00010513453314666602,2.1209598957366614e-05,3.085413193574992e-05,4.393476157233497e-05,-0.00011831045130116216,-0.00023435464441028483,-0.0004090739500216863,-4.583738815755209e-05,-0.0011159231524464621,0.0012012944274794564,0.0020872823411872254,0.002691636203418583,soft-like,ok,0.012389761685258252,-0.024322103911819583,-0.01984521508733253,-0.024549880813690098,15.173188905056156,0.016829483432757544,-0.014120544467483311,-0.021154027840291724,-0.05539042461432452,
5034140122,M15 X-2,NS,4,59848.49167,True,0.00043532030670294337,573046,0,9,0,1292.9705900549889,78.27256944444444,7.0,71774,14759,3637,0.20563156574804248,0.24642590961447253,0.0003174889633342065,0.00021206733251144123,0.017818219982203794,-0.0016755424502026127,0.0007325785781336701,-0.0409333904068868,-4.509447189997119e-05,0.0018706973661240626,-0.006715241760351685,-0.004261708225025109,0.003193317255987048,-0.06528176027823629,-0.012481748273744856,0.006465182067815232,-0.11172174485633876,0.0,,4.1708245304558636e-05,-0.00011571210913206044,0.00022847072808088338,3.184537540364659e-05,-9.843015688925206e-05,-0.0006312015382602158,-0.000760308856079151,-0.00011734528331161523,5.953388141938692e-05,-0.0022144589906926563,-0.00263624208986694,0.005737697841486259,-0.007123941197666062,soft-like,ok,0.00814682842286147,-0.04846329672179074,-0.04334695747869418,-0.08458005710702006,,0.02506639961904777,-0.029022668982863983,0.047168557101583124,-0.026112801111898308,8.246518257822471
5034140128,M15 X-2,NS,5,59854.41066,True,0.0015472104103693837,614484,0,9,0,1278.980529308319,76.60069444444444,7.0,71934,13011,3299,0.1808741346234048,0.25355468449773266,0.00025454547417947076,0.0003392688405591093,0.015954481319662848,0.0007690399737571026,0.0008177837024038345,0.02773156998363242,0.0009668559630001454,0.0016799431687127674,0.03109430756585754,0.0026357127982253735,0.001360065416157977,0.051339193587602965,-0.0032032015205581544,0.009837149807594453,-0.05659683313188252,0.061549510724707525,4.863450545705697,0.00011265219921345562,2.817328548877502e-05,0.00022536724466898803,-6.413887764763312e-05,-8.141773963140716e-05,0.000271643918121203,0.0006874702705654881,0.0008627545882608038,6.058872111050102e-05,-0.00021905629591541158,-0.0005304062109335296,0.0005732876210882801,0.001861423546061373,soft-like,ok,-0.015275918797734657,0.02598164484101887,0.04730423505962072,0.019713084428080497,,0.02968592664918286,0.029829110643217374,-0.02579800665119208,0.07431105158535102,15.019423007230976
5034140133,M15 X-2,NS,6,59859.18632,True,0.001117649631418589,1143580,1,13,1,1918.99638992548,96.89002403846153,7.0,130333,24436,6456,0.187488970560027,0.2642003601244066,0.0005874768235059985,0.00021906271647562775,0.024237921187799882,0.0008304549161433763,0.0004705806532932058,0.02881761468517782,0.0007239570397342506,0.0008390470117495,0.02690644977945345,-0.0016429883378585538,0.001972728544962094,-0.04053379254225484,0.0013383036096222573,0.005769045542741766,0.036582832170599607,0.025372034671973742,,0.0002955243935096421,0.0002960637864112992,0.00010716645589268745,0.0001804980295724236,0.00015380330040934724,0.00036701848448496933,0.00027691116694997193,0.000395106589814752,0.00036532096584817475,-0.0022353078059535072,-0.0028193133893540997,0.0030218568671016998,0.0002390912987084778,soft-like,ok,0.027750060159677185,0.037948874066314635,-0.03393144430552662,-0.06275879706817648,,0.019276421225748575,0.01046804079326062,0.05423416010530952,0.03273318402718652,
1034170103,MAXI J1621-501,NS,0,58177.32634,True,0.012406211492680787,183802,0,27,0,4162.367214486003,37.498842592592595,7.0,83246,34715,11635,0.41701703385147637,0.33515771280426326,0.0003502946513501241,0.00030102394450620906,0.018716160165753126,6.225233478221811e-07,0.0008577758703012733,0.0007890014878453532,-0.0014668910389397645,0.001456343843519362,-0.0383000135631799,-0.0034801984892574465,0.0027802540101569324,-0.05899320714503871,-0.0006874088437435333,0.014601115952955402,-0.026218482865023547,0.04317386740320259,,0.0002460674588413117,-9.063541445294122e-06,6.560127777965511e-05,0.0004860359414348512,0.000621739081956479,0.00010307850336461174,-0.0009495733550594599,-0.0008600718100332123,-0.0005737199622394488,-0.0018048804122393124,-0.002176540368436447,-0.002413936817854819,0.009129246830480404,soft-like,ok,0.022929024572902787,-0.03116693557081533,-0.046455403542414335,-0.08028175887746918,,0.012380763233171374,0.033046960777652346,-0.02628142515753322,-0.01227932229862944,
1034170104,MAXI J1621-501,NS,1,58178.29093,True,0.018458070274883862,188340,0,35,0,5339.355556502938,29.031026785714285,7.0,82569,33746,13744,0.40870060192081775,0.4072778996029159,0.0006608261191033554,0.0004013018530775717,0.02570653845042843,0.0006874814670307492,0.0010180256756500152,0.02621986779201507,0.0008421077398038252,0.00178137210809376,0.0290190926771294,-0.002099251096345698,0.0036521327259492896,-0.04581758501215115,-0.0015239994178835121,0.009224692955760233,-0.03903843513620278,0.08807332689690744,10.687705834061418,0.000568596550844788,0.00034315809793558985,0.000107492104076545,0.00013815317834556224,0.00015812407207323786,0.0002759967053894953,0.00036457225648555124,-2.527634195552787e-05,0.0008281952535874751,-0.003496312799293813,0.00021329809536162336,0.0014432095535034319,0.0068377041843355624,soft-like,ok,0.026389822372885983,0.0339221415950615,-0.06308735255245666,-0.079090538040035,10.705203880143184,0.024979800541805767,0.014426597491839941,0.07636807071003876,0.04691992019315913,
1034170105,MAXI J1621-501,NS,2,58179.00206,True,0.024188710808458868,147521,1,37,3,5659.1119389384985,21.04032939189189,7.0,63656,26042,9949,0.4091051903983913,0.3820367099301129,0.00012137614187595562,0.0004379903525708056,0.011017084091353557,0.0014242598091683447,0.001580295538224068,0.037739366835816746,0.003835635358612124,0.0024668903069191023,0.061932506477714304,0.009507733430636878,0.004094475253325869,0.09750760703984525,-0.03449742790777133,0.014740141774143303,-0.18573483224148163,0.20634388118251987,14.658896134421626,0.0007190800815853086,8.062106546442906e-05,3.514095318249246e-05,0.0002462593977131505,0.00013377224607835807,-0.0003869762772387601,0.0013581855690959772,0.001257811309624893,0.0026564570457358835,0.003867240576126226,0.005917060558457379,0.008219859473337272,0.018473285302303275,intermediate,ok,0.010383631530843238,0.029887175143832528,0.04641979431233464,0.12367825446707158,10.896532960693344,0.011685488097861949,0.044929513302152585,0.07561155085861931,0.055029108660839425,19.005779415383433
2200840102,MAXI J1807+132,NS,0,58742.99919,True,0.002011390544263796,1851626,0,52,0,7522.673981517553,30.243389423076923,7.0,160224,31164,9912,0.1945026962252846,0.31805929919137466,0.000429163617454952,0.00025947867813998855,0.020716264563259274,0.005877033722447136,0.0008698292529788001,0.07666181397832389,0.013016638114299704,0.00165784080694751,0.11409048213720417,0.026295467422744138,0.0030919897650865426,0.16215877226577702,0.011207638834682274,0.009402481209536032,0.10586613639253241,0.17637594509332427,2.6927021229605113,4.108403594248055e-05,-0.00022721451071991107,0.0003220420354072399,0.00044734560193785214,0.0006663682396434844,0.0012198760386121228,0.0035567596605881814,0.007433169238039654,0.005904489150693166,0.005154367432453135,0.003768647556943068,0.00346956127617741,-0.0006480217481545418,hard-like,ok,0.02546922624193579,0.06849813247946053,0.1045641348206046,0.15953483339001717,4.630854967567559,0.01453241204919052,0.08398649565195658,0.12282082573466363,0.16472288815906844,2.5513498274363493
6200840106,MAXI J1807+132,NS,2,60135.26167,True,0.0025003783865597093,1242861,0,33,0,4566.909170746803,36.06936553030303,7.0,120110,24152,8095,0.20108234118724502,0.3351689301093077,0.00044559793059494013,0.0002805629927115648,0.021109190666506857,0.005482296391707556,0.0008529853843877845,0.07404253096503088,0.010948896346607024,0.002006301727975763,0.10463697408950158,0.02666624289242461,0.003452285833666142,0.16329801864206622,0.008925129994135418,0.008322840347216703,0.0944729061378733,0.20456513698914686,5.397019504282843,9.672087374283223e-05,0.0002839606922188955,0.0002521964692803632,9.498238606705457e-05,0.0003280670950218298,0.0013793668703657408,0.0035345651254971647,0.00577408114413593,0.0052295708863225425,0.008028812579780338,0.006374275008815761,0.000607260893047603,0.009863035247092363,hard-like,ok,0.025614004872178422,0.061651231107415876,0.10181111918756099,0.15263110991684922,6.311940843187146,0.014937722638451332,0.08520238028003936,0.10754302643192815,0.1738622758817272,4.492625536496643
6634010102,MAXI J1807+132,NS,3,60136.74905,True,0.001181592039800995,813539,0,18,0,2405.980631649494,40.092447916666664,7.0,73210,14509,4654,0.19818330829121705,0.32076642084223583,0.0007664967021838886,0.00039367813150045935,0.02768567684171526,0.004748075369705763,0.001145471286096425,0.06890627961010348,0.01232543663772162,0.0015296133798588908,0.1110199830558518,0.030825103740709174,0.0033700974321989197,0.17557079409944348,0.03471823838215246,0.01154981396173289,0.18632830805369446,0.1723667490654509,2.7657356268298736,5.843141021163612e-05,9.572089826169415e-05,0.0007512275950240343,0.00012235670967626397,0.0007256524001773996,0.0009096312570245918,0.0029809200291726597,0.006001201182356405,0.0062532986379182235,0.008256728071741052,-0.000550957647256411,0.0018084296947934423,0.0022976559442911314,hard-like,ok,0.031748277978865196,0.06372628551428883,0.11246279818369594,0.1659849426016652,2.0070902799007335,0.022920000009158576,0.07371768489250055,0.10955991251259314,0.18464919757040182,4.012373643673334
6634010107,MAXI J1807+132,NS,4,60141.71948,True,0.0013560944479897893,858702,0,14,0,2144.920418202877,41.03236607142857,7.0,58932,11191,3407,0.18989683024502818,0.30444106871593246,0.00016660956209074248,0.00045571693749148207,0.012907732647167065,0.003530257339613998,0.0015215743730249858,0.05941596872570536,0.006503408609998322,0.0018175094984242256,0.08064371401416431,0.017521183433153235,0.004016676769121724,0.13236760718980015,0.012652675943998102,0.016110134801523176,0.11248411418506216,0.10111456821844414,2.914152894774091,-0.00013064933845831158,0.00035627359278415027,-5.784461789680883e-05,-0.0002052032265532071,0.0013202781046861656,-0.0007592077889600002,0.0028861174026950927,0.0025361635034391278,0.004123698541508543,0.005256983882669952,0.003855347087495453,0.0013499517568649967,-0.01030775299427276,hard-like,ok,-0.008265970155882098,0.05490979898116198,0.08580571534807473,0.13751760085736048,,0.02011034952812744,0.06365332402951243,0.07505771657081821,0.12694185026686952,5.521966080345978
6634010108,MAXI J1807+132,NS,5,60142.30164,True,0.006850507064091003,643275,0,11,0,1587.979860842228,39.85582386363637,7.0,44246,8662,3209,0.1957691090720065,0.37046871392288155,0.0005737026728907154,0.00045997802162575223,0.02395209120078486,0.00463729083444817,0.00205619021536706,0.06809765660026908,0.0028275780538213704,0.0030149814570394986,0.05317497582342065,0.007386290966153611,0.005553340699201463,0.08594353359126916,0.03942375598616693,0.011982297244123282,0.19855416386005842,0.08288858597031264,1.9450454975955886,4.104887624407966e-05,-5.0531674087950993e-05,0.0005363781066697478,0.00029757294790043134,0.000562094863384995,0.0020487362787797976,0.0020099533084602366,0.0010144697533679122,0.0016198979766850869,0.0001295435915050251,-0.0005814469341774996,0.003918452450157251,-0.004675651860731204,intermediate,ok,0.012590611440523326,0.08208391474459716,-0.010451000578616806,0.07960500158780395,2.8008111291765085,0.03266381640810245,0.046281491906319264,0.07947592710433164,0.09291325903182132,
1200100101,MXB 1730-335,NS,0,58177.72103,True,0.000327377180754446,488467,0,9,0,1415.9891932755709,267.00086805555554,7.0,204372,77193,26020,0.37770829663554695,0.3370771961188191,0.00026187770329739963,0.0001038032411835206,0.016182635857529503,0.0005832459814277924,0.00022968752138097261,0.02415048615303204,0.0017158258407273903,0.000495907849176056,0.0414225281788472,0.004059960690709722,0.000895350658778578,0.06371782082517984,0.0004137362260149736,0.0024226089287888077,0.020340507024530476,0.1044741844257352,8.782001519881947,6.090222604173982e-06,3.962473660777061e-05,0.00024721037757323184,-3.286844452824869e-05,8.617050085643799e-06,0.00017097878603143248,0.0004007661356132522,0.0007619007770551412,0.000964720107014359,0.0013873236493777887,0.0021152888485420126,0.0031839190602474055,0.0016612839051985673,soft-like,ok,0.02008145526431806,0.013020260248426391,0.04899112721478617,0.06565146472292117,8.505873416544667,0.009247416080232017,0.033155830516666825,0.029363927365790594,0.061220293263120444,8.036579996330879
1200100108,MXB 1730-335,NS,1,58294.01644,True,0.0009517145686450075,404570,0,13,0,1831.768772304058,179.42247596153845,7.0,172817,91465,34277,0.5292592742612128,0.3747553709069043,1.2673346791841182,0.23483991354895484,1.1257596009735462,0.16576144460153727,0.04342016765204968,0.4071381148965757,0.010621379280597495,0.002909618767888573,0.10306007607506165,0.18077919640675882,0.04580788801371388,0.42518136883776886,-0.0022342259402939038,0.004128472330164412,-0.04726759926518274,1.5133466766448187,0.025081026052316352,0.8382820328677701,0.8068467199050671,0.34301681775043663,0.1514602763830898,0.07686955575387915,0.039229280805772385,0.015614396901271817,0.005646623606592714,0.005033831960143298,0.003139231857332838,0.0018753403454154075,0.001091328940866649,0.002112726634278806,hard-like,ok,1.1214540449141428,0.47328797359277563,0.11736165929863482,0.4909505025021528,0.027211447166580364,1.131456155518012,0.297258752831089,0.08019971597410092,0.31734073015435016,0.02256199674551871
3200100101,MXB 1730-335,NS,3,58921.58009,True,0.00037807536302236246,281202,0,7,0,1123.9408665895462,190.33035714285714,7.0,113473,42444,14619,0.37404492698703656,0.3444303081707662,-8.180644453756573e-05,7.873075968189457e-05,-0.009044691511464928,0.000924373663845274,0.0003411722188083397,0.030403514004885588,0.0017177785495699634,0.0009696338566504679,0.04144609209044881,0.004084046547286233,0.0024720453469814743,0.06390654541818258,0.0034757138187166605,0.0064313195516011315,0.058955184833199024,0.12901803448184046,16.315094992861347,2.9427189949641832e-05,-3.5700943136885268e-06,-5.578450841216105e-05,2.0902386165747163e-06,0.00022337424294333592,0.0001930127812519753,0.000476025971062001,0.0007686033018947346,0.0009565938358348994,0.0005059934591986745,0.003609192606041449,0.001815573176742426,0.00812512102074751,soft-like,ok,-0.00705583917969974,0.03229698906487596,0.05393272932841675,0.07902145814525352,12.598606648221585,-0.011111531053118625,0.02774739657533341,0.012975103867363003,0.035685645207074124,24.6322180178614
3200100110,MXB 1730-335,NS,5,58936.03981,True,0.0019150554841417665,143036,12,6,7,2751.918371528387,37.444010416666664,7.0,17517,8299,2941,0.47376833932751045,0.35438004578864923,4.139104850720355,0.19062033578133142,2.03447901211105,2.8218553041843046,0.13381158106186006,1.6798378803278322,0.149010948845945,0.023115849946319447,0.3860193633044138,3.0017708434870083,0.14978419995111258,1.7325619306353837,0.07593253714959457,0.048602428297928206,0.27555859113733794,2.6760865834900125,0.09530170656688744,0.03786184713238448,1.1356093111676704,1.5539590471021079,1.949006577098688,1.3428201826173247,0.7378909732016143,0.24002580598161835,0.08541636636270657,0.0652428402188751,0.023143221213776807,0.009503669551243769,0.038896794840301355,-0.05793723415306451,hard-like,ok,2.0196379819622696,1.7056341378433841,0.3927882927348495,1.759251194660856,0.09519920678757764,2.0503133840678114,1.6516574755560423,0.37860777999816214,1.7034045044293018,0.09541210447211389
3200100112,MXB 1730-335,NS,6,58938.0456,True,0.030367163700497034,124118,4,7,6,2762.6101306676865,22.234375,7.0,12154,5634,2134,0.4635510942899457,0.3787717429889954,4.094586836117616,1.211306181256902,2.023508546094534,4.682093187022472,0.48010402659557316,2.1638144992171746,0.42375480245754277,0.0977501988317504,0.6509645170495415,5.22304034923074,0.5689622852932963,2.285397197257129,-0.00741935862730998,0.11017574939967482,-0.08613569891345853,3.1150170910501314,0.1263595536200169,0.3846596180768121,0.9184390122694062,1.7553595091600318,2.0306123098748947,1.8874693239397338,1.4072306088514985,0.7753723071702623,0.21922596057388416,0.20672579375791816,0.12181759993575536,-0.0025373488488973778,-0.010670178096541461,0.009626960869660932,hard-like,ok,1.937459616030293,2.2001897714036134,0.6659800078417398,2.3149334720568606,0.13777582861006368,2.1111916915671243,2.1244391629987973,0.6346029283688543,2.253555040167024,0.12041317986872543
2200600101,SAX J1747.0-2853,NS,0,58556.67642,True,0.002624017900277149,204961,0,3,0,1778.515961766243,110.61979166666667,7.0,23358,14898,4222,0.6378114564603133,0.2833937441267284,0.0005256996569711688,0.00010431117677713716,0.02292814115821797,0.0011382300331321932,0.0006306526175972742,0.03373766490337162,-0.0022418260029933284,0.000945350938887831,-0.04734792501254229,-0.00038963580346743575,0.003985570270319748,-0.019739194600272722,-0.013035209825172882,0.004740071116748487,-0.11417184339920627,0.04633502003004232,,0.0002031053295664424,0.0002793594532627939,2.604605608974404e-05,0.0003443889004096578,0.0003682939483178152,-0.00020666841774074393,0.0005341178762132278,0.0011402826021233432,-0.0030637167315658046,-0.00017903042340103323,0.006015183153721551,-0.004299377149746823,0.0009849494839342522,soft-like,ok,,,,,,,,,,
5200600105,SAX J1747.0-2853,NS,1,59698.04399,True,0.0005681761273151584,1140487,0,60,0,8566.613647967577,128.47630208333334,7.0,535804,356012,94882,0.6644444610342588,0.2665134883093828,0.00031438424160534534,6.668336647701865e-05,0.017730883835989263,1.1710775204922967e-05,0.00019991886650786716,0.0034221009928000323,-0.00046681979594265775,0.0003083188961194515,-0.021606012958032255,0.00021221476389141056,0.0006234542583198515,0.01456759293402347,0.0039381648009457456,0.00228270570123203,0.06275479902721182,0.04298532987019854,,0.0001366851192817636,0.00013514784292793227,7.820271746197855e-05,0.00010954475951082623,-5.395049422573561e-05,-1.7910798192370763e-06,7.805401744243864e-05,-0.00024879155086012124,-0.00023714099157047115,0.0005253972550997324,0.00016556147571208124,0.000998110820433433,0.00016270869265516244,soft-like,ok,0.019114524723903167,-0.019477873551389732,-0.012774446947152072,0.012288145711791135,,0.01619433398233198,0.020288127132437092,-0.02787981866114689,0.016577341634537338,8.755408583773209
5200600106,SAX J1747.0-2853,NS,2,59699.01296,True,0.0007060724263456581,511121,0,27,0,3887.8687453866005,126.76099537037037,7.0,236732,158843,42511,0.6709823766960107,0.26762904251367703,0.0003142069341094967,0.00012549742061637948,0.017725883168674465,0.0003123086988050552,0.00018933653364701784,0.017672257886446066,-8.204548746159517e-05,0.000592268223869677,-0.009057896414819236,0.00039749912029582164,0.0009308076405952589,0.019937379975709487,0.00033848076194349934,0.0025488588075063576,0.018397846665941624,0.0,,6.92708264733815e-05,0.0002346458486101812,8.496426486533848e-05,4.010207309979215e-05,0.00012848040388213001,-7.019811401992506e-05,0.00021562917246194482,-0.00016370600292052762,7.455249947402262e-05,-0.00021404933017417886,0.00023704420058931667,-0.0013661569419965644,-0.0012266148097110868,soft-like,ok,0.02067104910784659,0.01934052281205478,-0.03548607638240697,0.018804796621828945,,0.013811555890901597,0.015649389980291042,0.034684928716303354,0.021104470436086178,
8200600101,SAX J1747.0-2853,NS,6,60807.81597,True,0.001073479037004873,87482,0,9,0,1399.8514510393143,59.619791666666664,7.0,38759,23694,6229,0.6113160814262494,0.2628935595509412,0.0005801711904317105,0.000172213478251884,0.024086743043253284,0.00033368591709049015,0.001001334207171187,0.018267071935329157,0.0009546437767035815,0.0023192191139716177,0.03089731018557411,0.0036963669238720136,0.0026966303093673384,0.06079775426668335,0.01463220527529299,0.008480039717409,0.12096365270316943,0.15038139806974718,14.018398874875894,0.00010453999319102009,-0.00022308989167578637,0.0005190339396397647,0.00033270124147274525,-0.00029223968154596487,0.0006686129066889643,-0.00011435211546547947,-0.0002660655021241705,0.001243899987235709,0.001534284214324395,0.0014796200491085294,0.013092954263017318,0.0045346654815447175,soft-like,ok,0.01632207707764003,-0.008328736441132422,0.03410889916395032,0.07368910938499845,16.674708552857343,0.03152162058771948,0.029407277365090894,0.026068070204548422,0.037574659240075324,9.245751990022336
8200600102,SAX J1747.0-2853,NS,7,60808.01046,True,0.0013144151028047866,299971,0,28,0,4160.621295750141,68.49135044642857,7.0,133854,88098,23521,0.6581648661974988,0.26698676473926763,0.0012343335299567157,0.0004680941864296351,0.03513308312626029,0.000754374264317448,0.0004925289628444579,0.027465874541282097,-0.0002211013916642694,0.001122897706234181,-0.014869478526978322,0.0020041232132686215,0.0016575793837494972,0.044767434740764646,-0.00242549748000217,0.005192322722918162,-0.049249339894075435,0.0,,0.0007247290977358877,0.0005437244374444915,0.00036792955937329716,0.00045576317402763674,-3.717943296813703e-05,0.0002824287787554625,0.00032606768226618103,0.0007700321846974251,-0.0009411599809864625,0.0013315097447340906,-0.002185183742533449,-0.001408881935116358,-0.005066652564347163,soft-like,ok,0.03555111005385649,0.03225784755147083,0.03945821979820355,0.06530007183280118,,0.03469759474593775,0.02144353755894471,-0.045288610387864615,-0.017939494243566,
1200350101,SAX J1750.8-2900,NS,0,58380.71659,True,0.0065604213282189445,82463,1,7,1,1424.4064027667046,37.504464285714285,7.0,21784,8782,3038,0.40313991920675724,0.34593486677294466,2.7339456691617076e-05,0.0006587421813909221,0.0052287146309219325,0.0014410311716688776,0.0007629623459113712,0.03796091637024688,0.012970827872479121,0.00545105830679793,0.11388954241930696,0.020516569428159007,0.009307055296688262,0.14323606189838858,-0.026082972605663383,0.025348824695870853,-0.16150223715374157,0.1322501567452419,3.1846964680279872,-0.000164681354622093,-5.8004156628636624e-05,0.00036756230047024617,-0.0004690841167606436,-0.00025090966329532763,-0.00016044586877099893,0.0019479302224001906,0.0037582408117241986,0.00930390897170059,0.007700776703952625,-0.0008357789056528252,0.0021594351334885747,-0.005808846118864844,hard-like,ok,0.020331497625903226,0.04640556155595444,0.11546974286465479,0.15915496189810954,6.490414609991549,-0.022144476470264487,0.022035177787719087,0.1117352085883759,0.11857791989690465,7.25058600802049
1200350102,SAX J1750.8-2900,NS,1,58381.03819,True,0.00856323819438844,172708,1,22,0,3432.3000498116016,35.75355113636363,7.0,64306,26699,9677,0.4151867632880291,0.3624480317614892,-0.0002529936087975948,0.00029111954783229776,-0.015905772813591762,0.0026734402522597314,0.0010534378160191678,0.0517053213147325,0.009452493106118644,0.0022626516408930405,0.09722393278467316,0.020858202127282743,0.004295613298629946,0.14442368963325491,0.018319199918497182,0.011966310327948496,0.13534843892153756,0.16473691429867993,4.68312587187198,5.222871471487515e-05,-3.459187281206443e-05,-0.0004558134359606934,0.00025995245851712654,0.0005244111130292242,0.00022351905976484616,0.00192552719493099,0.0032568573202253555,0.006173077911885997,0.006635861233795708,0.007931644537885616,0.0038388896335790857,-0.003193312936905454,hard-like,ok,0.009076512343169042,0.04872903839886732,0.09694012973302459,0.14859474293330588,8.556194255744284,-0.02467854408011747,0.054687985757573394,0.09752431521762148,0.1398596281762349,3.9099930494496684
1200350103,SAX J1750.8-2900,NS,2,58382.07153,True,0.01831039940743615,298888,0,44,0,6468.355177670717,35.29509943181818,7.0,125686,51671,21425,0.4111118183409449,0.4146426428751137,0.0006817597852214871,0.0005027593292361406,0.026110530159716924,0.0021307463725687473,0.0007732548975035039,0.04616000836837822,0.005906691279336628,0.001637609749023032,0.07685500165465244,0.014200031543502554,0.0027912634694989076,0.11916388523165294,-0.0011096612617892134,0.009472981034498168,-0.03331157849440962,0.15508591107288702,4.486779977134668,0.0008569176002323029,0.00015872353592367872,0.00030979556836734063,8.424777320365724e-05,0.00041872022557377887,0.00035150043566587407,0.001408354033234761,0.001446273664908446,0.004541582200249327,0.0034014870619830584,0.005346029064507069,0.0065727587894737795,-0.0008447501400156492,hard-like,ok,0.02228643996343783,0.046363531782681794,0.08774962051667146,0.1348127030383144,3.3970322151374055,0.029966992571801687,0.04592104685737913,0.0617349237524739,0.09775415641998252,5.284445565551326
1200350104,SAX J1750.8-2900,NS,3,58383.1628,True,0.24683653392738095,509154,1,30,3,4513.788710027933,36.998697916666664,7.0,89998,36401,15676,0.4044645436565257,0.4306475096837999,0.001323514984446443,0.0007339612729671417,0.03638014547038595,0.0031906652283543485,0.0011538082745286696,0.0564859737311339,0.004818922452230587,0.0017728283421608517,0.0694184590165367,0.012118712357704885,0.0024913356658501002,0.1100850233124601,0.015321310869370157,0.010512302626504553,0.1237792828762962,0.15998487345684467,5.24028917257525,0.0007325025283263082,9.533050476395945e-05,0.0008688131432108804,0.0005522455452101937,0.000894196736401374,0.0013386756405083726,0.0007872636945818025,0.00016993727260175212,0.004626640127753042,0.0029650780670605,0.0019485981887198964,0.0027164263437513174,0.0078994519421132,hard-like,ok,0.03746312881760643,0.04381058075638765,0.049626548694469245,0.09448241585849862,3.7164069625106935,0.03531056868802241,0.06640501205076384,0.08413115689928326,0.12320347307167713,8.16219420836173
1200350105,SAX J1750.8-2900,NS,4,58383.99936,True,0.00470640968175706,71910,0,10,0,1392.966560870409,38.45234375,7.0,32840,12118,4261,0.3690012180267966,0.35162568080541345,0.0007372942575584426,0.0005303293065184516,0.027153162938384223,0.0018660125450152634,0.0007954355730899469,0.04319736733893934,0.008124906710807117,0.0021585675571053377,0.09013826440977837,0.012148649266629667,0.0029880128305440025,0.11022091120395289,0.012293321525924088,0.01864429498475279,0.11087525208956275,0.18682797632038453,12.295377016587285,0.00019979982791562775,0.00010872274887543492,1.0606144181032119e-05,0.00046560726454498237,0.0002981500819002623,-0.00013949632148027477,0.001703946465543777,-0.0008059326541465594,0.009086609783962168,0.0006443131983547604,-0.0005719122918435484,0.00969348569603926,0.014210792792123249,hard-like,ok,0.03585800104188412,0.04658967624509333,0.10105031810790867,0.12340587948222108,11.161106415788742,0.013791114340049789,0.03952475178640922,0.07774304693294778,0.09526890439925909,12.752907846630306
2584010104,SAX J1808.4-3658,NS,0,58706.02663,True,0.00710970339732628,1030373,0,15,0,3990.711706697941,59.497395833333336,7.0,91588,17317,5330,0.18907498798969297,0.30779003291563206,0.0029675824328351153,0.000542946173247099,0.05447552140948368,0.028762102570521243,0.0013281239295211292,0.16959393435651302,0.01812243137039169,0.0016725527466805996,0.13461958018947945,0.060154749828793194,0.002789823693605228,0.24526465262812167,-0.006358073529916025,0.011877180232915278,-0.07973752899304082,0.29086714074371095,2.346748297656713,7.988561218359316e-05,0.0008823154808200301,0.0009664428719149075,0.0018546435136716634,0.005486228155092834,0.010178615654011482,0.012281801939984249,0.008447539543094788,0.00975452921515809,0.009657120634048246,0.009642577129111561,0.005838074558548635,0.009533919256781672,hard-like,ok,0.04956073656631319,0.16420844985446226,0.13896642009978236,0.2420850159854944,3.180394091578692,0.05964597231121128,0.17560363879586655,0.1294219923427469,0.2488834781467576,1.5615884387041823
2584010109,SAX J1808.4-3658,NS,1,58711.04971,True,0.0008193885934189475,2068652,0,87,0,11629.738553225994,39.783405172413794,7.0,360731,63610,18687,0.17633638362103618,0.2937745637478384,0.006638010501587687,0.0003417832632492452,0.08147398665578902,0.039039777750222396,0.0009837803831010147,0.19758486214845103,0.020593102088345454,0.001106020155162428,0.14350296891822642,0.07162228650007349,0.0022719190804089116,0.26762340424573017,0.008926251644140815,0.006411113921843289,0.0944788423094865,0.32602616499319476,1.8781384546625182,0.0003817893827140762,0.0009116451770526601,0.0028557987677051834,0.004651166915898633,0.009323667324431666,0.014618596784689433,0.01315948908097625,0.009721540241590684,0.011028986047811027,0.008467108984222572,0.008586009117237128,0.011757687478401795,0.010829574957438757,hard-like,ok,0.07700752862238198,0.19426319958648258,0.13556650383567853,0.2623493154393267,1.8139088892379385,0.08582861567578079,0.20094628333583622,0.15123711247092003,0.2729452475417614,1.9388868338728869
5574010105,SAX J1808.4-3658,NS,5,59818.03194,True,0.010949312874753267,935049,0,68,0,9751.850068092346,19.212890625,7.0,133033,23863,10333,0.1793765456691197,0.43301345178728573,0.002325196053523018,0.0004837978890607521,0.048220286742438785,0.024098565397259488,0.0017756362774657179,0.15523712634952855,0.019162324658743547,0.0027583607929241843,0.13842804867057668,0.04989355814302852,0.004604112428353732,0.22336865971534262,-0.007233041545647945,0.013645189927439051,-0.08504729005469806,0.2479717555230712,1.559654223020454,0.00039937342572306185,0.0006575259957135592,0.000849521539675265,0.0014216139871654078,0.004374968460412719,0.0079945718023166,0.010934410541802586,0.010954309498716959,0.008399164283722962,0.006175234803878281,0.003046978986415847,-0.000844890156386332,0.0071272083680368765,hard-like,excluded (2-10 keV rate 19.2 < 20.0),0.05244069548448159,0.1560883066831433,0.14120702969901383,0.23175402125909342,2.6442316040038962,0.043401732080267985,0.15434760245000376,0.13547973403262192,0.21430718970756102,0.983008712954018
1200170101,SAX J1810.8-2609,NS,0,58239.83102,True,0.0012752533727095779,187965,0,11,0,1463.9481440782547,30.467329545454547,7.0,33792,7069,2037,0.20919152462121213,0.2881595699533173,-0.0004894820601670436,0.00041527573117882484,-0.022124241459698536,0.000750262561310188,0.0021599050967987263,0.027390921147529668,0.007082999573762667,0.004532530726359891,0.08416055830234652,0.011028859890963182,0.006232411009109099,0.10501837882467611,-0.02938185599967024,0.021601696024377014,-0.17141136484979705,0.20038869072984325,11.745340324655619,-1.2107050330656541e-05,0.00032378826443531564,-0.0004462446439357652,-0.00045199165035328636,-0.00035120755821757034,0.0009955080066028903,0.00018053356063039852,0.004716467153860194,0.002376926941883634,0.0022688822633288534,0.009102879227141644,0.01088126382843015,0.010570929028944966,hard-like,ok,-0.012823110161489147,0.050078401592072296,0.04174381051098185,0.06929973881968242,7.496662217387976,-0.02978540750705272,-0.03741772884201091,0.11669138187995509,0.13655282456514428,13.181307109301464
4200170102,SAX J1810.8-2609,NS,1,59352.36069,True,0.001416796946845687,926011,0,22,0,3688.829267591238,94.50994318181819,7.0,199953,50250,15937,0.2513090576285427,0.3171542288557214,0.0014584651731315934,0.00020971834036003173,0.03818985694044419,0.009414299295462426,0.0005218051997834092,0.09702731211088157,0.01054074502727115,0.0008135254763909659,0.10266813053363322,0.031497664131275124,0.0017883968108587994,0.17747581280635152,-0.003314069660146676,0.006261684531691814,-0.05756795688702766,0.20474969681368888,2.990921746837865,6.967376708484869e-05,0.0001550769866526076,0.0005493242944693658,0.0010856408123437846,0.0016780847884056162,0.0027389752127281283,0.004694111296991909,0.004286325489213567,0.0062259706150601885,0.008452791675926203,0.006995583864545818,0.006680546363099734,-0.0016896668212242458,hard-like,ok,0.040748768584880045,0.09655891306612159,0.09734376498993465,0.1792503725503587,2.800713564486339,0.03543799826419219,0.09749488004802015,0.107744752085938,0.17567783076702764,3.178080277984825
4200170104,SAX J1810.8-2609,NS,2,59354.16528,True,0.0011417938850594156,1842734,0,38,0,5427.946126759052,117.5775082236842,7.0,426949,109833,35115,0.25725086602849523,0.31971265466663024,0.0006995358806967183,0.00015566608300095528,0.02644874062591106,0.006673009288914538,0.00030741799401163384,0.08168848932936965,0.010585425873994666,0.0006371235894794209,0.1028854988518531,0.027970967194750302,0.0009302572887239487,0.16724523070853262,0.0014581857111799477,0.0032713735628340504,0.03818619791469095,0.20450742731745972,3.9852768622893766,0.00023669779978530985,0.00018601481892288827,0.00019563781215465058,0.000581106276124196,0.0010777553073928127,0.0019420142637270824,0.003380526134079824,0.005704698050735171,0.0048902183804693,0.008039685491420699,0.006923728879497933,0.005980960900354541,0.0026842437133416655,hard-like,ok,0.029080613827712307,0.08305383266973503,0.1058667869381486,0.16989815699213265,3.9835430286313636,0.023564632311325242,0.0803181619385975,0.09985577434969826,0.16458490921529007,3.9871897965035292
4200170106,SAX J1810.8-2609,NS,3,59358.4331,True,0.0008630494413594701,521219,0,8,0,1098.989999204874,135.8515625,7.0,105668,25536,7908,0.24166256577204073,0.30968045112781956,0.0007169828259176429,0.0006694862741494154,0.02677653498714206,0.00482049512036501,0.0006506353911939542,0.0694297855416896,0.010837667215390293,0.0009405278701819434,0.10410411718750749,0.024136089576318385,0.0016671991366488774,0.15535794017789495,0.001355648213853147,0.008008648787681823,0.03681912836900335,0.20373984218075822,4.786290233549713,0.0007060222204694604,0.00043780530311216263,0.0002056362212486677,0.0002314910192303217,0.0007920715487016016,0.0016433695383474608,0.00218337156288986,0.003982516570113951,0.00689888339802892,0.005821178442118567,0.006454079663529453,0.008289379185659557,0.003864118618390292,hard-like,ok,0.036886201117671644,0.06843185171252923,0.10553201768839922,0.15585173612043615,4.7993137911901265,0.009839406252121026,0.07037798942757337,0.10270944237379645,0.1548806388042972,4.769893252125276
4200170107,SAX J1810.8-2609,NS,4,59359.28194,True,0.0011519990424943023,613469,0,10,0,1670.894633203745,119.94921875,7.0,115562,28949,9024,0.25050622176840137,0.31172061211095375,0.0001425825397179791,0.00017832988142788627,0.011940793094178422,0.006159402255802746,0.0008627669731445094,0.07848185940587,0.010909433314553206,0.0008501913033761192,0.10444823270191414,0.027914850157702717,0.0017008923782487794,0.16707737775564566,-0.009672670159795402,0.0040351622823395486,-0.09834973390810675,0.20075077676005873,4.138889753642474,3.917647243993934e-05,-5.0013716222956286e-05,6.175361692811652e-05,0.0003626445643774933,0.0013870501369408004,0.0019406884259555357,0.0025137802077036834,0.006266168700559924,0.004729346173831333,0.007060589570906501,0.010025853406799002,0.003644016447323154,0.002319820362224408,hard-like,ok,0.019429074844455167,0.0716823096184984,0.1106505952506595,0.1715351572323572,3.7022850550014192,-0.009690516277858737,0.0847781126018902,0.0978075983426883,0.16246606731337596,4.530754324274295
4200170112,SAX J1810.8-2609,NS,5,59368.4967,True,0.000493611171857915,606173,0,14,0,2091.9672308564186,76.50948660714286,7.0,106030,23903,7172,0.2254361973026502,0.3000460193281178,0.00027738180368059483,0.00019838111883734312,0.01665478320725295,0.0019213026251604889,0.0007194447563870284,0.04383266618813518,0.007242743084449755,0.0009943435781958174,0.08510430708518667,0.017138017452420957,0.0018762231661176756,0.13091225096384584,-0.0074327668977051745,0.0064479421234628605,-0.08621349602994402,0.19865328683563885,9.951780031657751,-7.27812739285106e-05,-4.017783226046041e-05,8.199606460422619e-05,0.00044598957001701275,0.00015584592776333469,0.0008250384416251305,0.0007888859213971101,0.002734064825597732,0.004449784594546753,0.005193537266506259,0.00662762939234125,0.009580996088348736,0.008692319384044033,hard-like,ok,0.021371688129737818,0.045904819558491156,0.08279524740962874,0.12925052370204407,8.773454263416422,0.009870669239171724,0.04165029292328354,0.0873595810897638,0.13255846136442523,10.652581093044686
4200170114,SAX J1810.8-2609,NS,6,59370.69218,True,0.0004719037172324108,1213143,0,20,0,3010.952682197094,91.881640625,7.0,190512,34840,9865,0.1828756193835559,0.2831515499425947,0.0002248030130296085,0.0001751173616867223,0.014993432329843907,0.000323087266515089,0.00035442583861193864,0.01797462841104341,0.001821709670561486,0.0009731598948492033,0.042681490959917114,0.005594950477789501,0.0016672401069133358,0.07479940158710831,0.002132630914024676,0.005047948888605156,0.04618041699708521,0.13581671006123325,13.983807564636392,0.00014734139371805411,0.00014601223609552957,-2.654145074531113e-06,-0.0001004029011428046,6.330216024217844e-05,0.00010073259540275014,0.0003091501864797147,0.0006549514405472714,0.0011985083775560746,0.002102116962004972,0.0036457991090031445,0.00332082455880909,0.00686049675821565,soft-like,ok,0.019583909992587255,0.01763254332270209,0.04561534251440061,0.067463967090024,13.328424084160865,0.008270456672410487,0.01830545296676417,0.03957843714723525,0.08138325995724542,12.755048728045473
4200170116,SAX J1810.8-2609,NS,7,59372.629,True,0.0019017211448710233,494058,0,16,0,2488.900138169527,46.107421875,7.0,74230,15554,4644,0.20953792267277382,0.29857271441429856,1.1171874652076975e-05,0.00027464923278023115,0.0033424354372339005,0.0027149263679308337,0.0013737325247609822,0.05210495531070758,0.007785035176526227,0.0019919409070704806,0.08823284635852018,0.020760458375635664,0.004688729332287788,0.14408489988765535,-0.0008819301267692667,0.015363169531468445,-0.029697308409505175,0.1910817611702753,6.8385351058558435,-0.0001265106343645852,-0.00016100134563363144,0.00034499122523114017,-0.00032236629592581265,0.0008457790830857109,0.0008879638858845639,0.0011670472262303498,0.0024812595235557244,0.0052674601166810935,0.004942969521869175,0.011864413652219758,0.011395050263357612,-0.002074816770256967,hard-like,ok,0.016531717073311927,0.04257835682864664,0.07838299677001659,0.13433152519552938,8.296508502646802,-0.016035207622935924,0.06031734161115945,0.09728736136621832,0.15342723826515248,5.922564711392269
3050560102,SLX 1732-304,NS,0,58953.34699,True,0.0013052533610274047,283470,0,32,0,4383.793182700872,40.175537109375,7.0,120874,33478,10207,0.27696609692737895,0.30488679132564667,0.004032927767592121,0.0005105853820202753,0.06350533652845343,0.016405927908597927,0.001162776919747151,0.12808562725223283,0.012607196259852703,0.0015239869067548751,0.11228177171675152,0.03776540481554049,0.0029938416898780836,0.1943332313721472,-0.008974369319593726,0.00815843699821295,-0.09473314794512915,0.2397575254322216,2.102826492316628,0.0004061336557863405,0.0008158366021632244,0.0013023176759965557,0.0027760119066531654,0.004575639132989734,0.005466456325372363,0.0054908965014745514,0.006188601098097924,0.006430292693295233,0.005921701309458086,0.0075343138894193515,0.005350051434993748,0.005225418775682106,hard-like,ok,0.05923067277309041,0.1305003679144461,0.11411128290772335,0.18956218559476126,1.5493374493805565,0.06744370615797798,0.12566677030025517,0.11045386806579106,0.1989115747321398,2.986015747600061
3050560106,SLX 1732-304,NS,1,58958.06296,True,0.0015179545562354728,103052,0,14,0,2035.9385491907597,31.125,7.0,41396,11022,3358,0.2662576094308629,0.3046634004717837,0.0075452993001534855,0.0013526846946127775,0.08686368228525364,0.021897951741931,0.0019305680917530495,0.14797956528497777,0.014328313356956118,0.0029406304659086386,0.11970093298281395,0.04500122284058221,0.003281415693262145,0.212134916599277,-0.00022278699958887374,0.01238148394270866,-0.01492605103799641,0.265405377982548,1.5175917038235227,0.0005309203352328002,0.0015738588726646923,0.002974666741089911,0.004833514173826599,0.0065583038294273754,0.0065124685276409565,0.00685828487670725,0.007084944676031058,0.00737552270165276,0.009039033527471874,0.002956860700135139,0.010937585835166293,0.003204049865012471,hard-like,ok,0.06606969797794031,0.14454542046252145,0.11671813015168364,0.21459294166329745,3.8275352826047344,0.10388251143017359,0.15140485987541993,0.1226710271755932,0.2095960059556088,0.9628722864017538
3050560108,SLX 1732-304,NS,2,58961.03037,True,0.002200716037852316,309154,0,40,0,6091.980894416571,30.5501953125,7.0,116262,30797,9358,0.2648930863050696,0.3038607656589928,0.004078121524051866,0.0005881744873212131,0.06386017165692452,0.016561069242436808,0.0011623148094596334,0.1286898179439104,0.014800362159030803,0.0018410985340317398,0.12165673906130643,0.039932648839236584,0.003271193773311115,0.1998315511605627,0.004110763920333405,0.012376024489240555,0.06411523937671453,0.23835717117279123,1.7489598257493564,0.0005212836316806134,0.0005716301673489406,0.0014906994332450371,0.0029938263123681723,0.005523116491146349,0.005254296710941599,0.004637781874412947,0.007425673538770894,0.007542528397285535,0.006419533282374584,0.008349387185905418,0.00767349159177045,-0.0015891075677552438,hard-like,ok,0.0635212039998985,0.12661241266344117,0.11611299867614651,0.19287688682990323,2.0851209372285036,0.06419186472485791,0.1307011311754146,0.12687394683485584,0.2064443308333228,2.0645893869648324
6050560102,SLX 1732-304,NS,3,60025.10463,True,0.0009145474180929788,2758369,0,84,0,11672.872944712639,133.0536644345238,7.0,1066474,280748,83371,0.26324879931437617,0.2969602632966219,0.00031442334567780483,6.097190918878953e-05,0.01773198651245271,-0.0002502500632882354,0.00012719556747147723,-0.015819294019906054,8.894325039431327e-05,0.00028524583608381996,0.009430972929359583,0.00032102698899373193,0.00046719291592184955,0.017917226040705406,0.00033003561226871935,0.001745710617656594,0.018166882293578043,0.0657139193180773,7.277033996678313,0.00026472005536269536,0.00018877268071402847,8.087458083198984e-05,8.391624180891808e-05,1.6971071291416264e-06,-9.16890686666817e-06,-0.0002696623150515693,-0.0003293107510562447,0.00040599789527428684,1.941781393962962e-05,0.0010079305087951215,0.00246053608379909,0.0004125981974623532,soft-like,ok,0.013930995437651071,-0.02181533473234917,0.0050840233971412565,0.02022564291799011,7.867605351528065,0.020843763915604538,-0.005017517448172191,0.01232379261424966,0.015271060506785844,6.621297817833957
6050560104,SLX 1732-304,NS,4,60027.04815,True,0.01235820546885265,257858,0,8,0,1215.9673819541931,113.107421875,7.0,84992,22096,8734,0.2599774096385542,0.39527516292541637,5.276984747154701e-05,0.00013620994593935715,0.0072642857509563185,-0.0012921278120856868,0.00041185425699240253,-0.03594617938092568,0.0004764782136288648,0.0011669580717970417,0.021828380920921844,-0.0008402530613673135,0.0018451701133034705,-0.028987118886969664,0.002692974080428323,0.0071702845085987585,0.051893873245579994,0.08602045297983335,22.325225392475424,-2.7015879895733285e-05,5.02550630536714e-05,7.471045732261724e-05,-0.0001837869539643456,-8.234676502451215e-05,-2.4471950164463036e-05,-0.001031634849031689,0.0001662298069246569,0.0002681654398987893,0.0007615372680504049,-0.003084056611701332,0.006574021850725428,0.003937911454662227,soft-like,ok,0.007050464964463314,-0.022156569490687828,0.03241313366151252,0.059551030694488936,20.39055649387388,0.007463260123939817,-0.045378530402423095,-0.008555538455415835,-0.07099272463604206,
6050560106,SLX 1732-304,NS,5,60030.28287,True,0.006992822461473506,328278,0,8,0,1088.9864127635956,174.3251953125,7.0,130754,35810,11945,0.27387307462869204,0.3335660430047473,1.1670325502299436e-05,7.044635972048964e-05,0.0034161858120277115,-0.0008899188552890198,0.0004416601401452123,-0.029831507760906418,-0.0009905056508175615,0.0007682145562106661,-0.031472299738302595,-0.0004726592813399308,0.0015520619931256971,-0.02174072862946251,-2.19701576509867e-05,0.004127510949651128,-0.004687233475194797,0.056108917466475734,14.792559692695423,0.00010622463530630228,0.00014838888344862616,1.5397320116813912e-06,-0.000193174912708716,2.7958827922408683e-05,-0.00048426851952312216,-0.0003699656344890852,-0.0006371818753771674,-0.0003620506818889069,0.0012146189094426663,0.00022286253307189063,0.0011447135373059384,0.0023285451847372693,soft-like,ok,0.0007414451305919818,-0.010402566529819395,-0.0448747412120624,0.013148519412298531,14.216018265965701,0.004806413922631744,-0.04115172969926217,0.007830703763666806,-0.033708134529941945,
8050560104,SLX 1732-304,NS,6,60822.39862,True,0.006787928056091861,86890,0,11,0,1691.6844174265862,29.17684659090909,7.0,29914,8279,2888,0.2767600454636625,0.3488344002898901,0.001530589870036763,0.0007435242061063044,0.03912275386570791,0.007756068331080235,0.001314840414593314,0.08806854336867526,0.0014651513105446092,0.004961980956800364,0.038277294974235175,0.01806946669479173,0.00654933901125832,0.1344227164388212,-0.0009104931203181998,0.019402881149090768,-0.030174378540712313,0.0,,0.00024328233353616645,0.0003143974220024486,0.0005094104819550791,0.00048224334842525364,0.002171614425832311,0.00307578220652666,0.0030011882559124394,-0.0003984403756595493,0.001595613746666965,0.006927753536839064,-0.0020904495454871063,-0.008139831167440976,-0.011723920997436662,hard-like,ok,0.04204184038912649,0.08967706466878567,0.07503189177659554,0.16061533387533677,1.8781346232297187,0.035339664707913214,0.08611697498210899,-0.059046288209336606,0.09424085273981758,
8050560106,SLX 1732-304,NS,7,60828.0787,True,0.3454719243861525,2963776,2,27,2,5834.397468268871,25.06741898148148,5.962962962962963,51243,17893,17497,0.3491794001131862,0.9778684401721344,0.36247066374354064,0.13875896240994978,0.6020553660117487,0.19239012080968185,0.0665807741618373,0.4386229825370324,0.08540673603431882,0.027551544287078417,0.2922443088142502,0.29557096639250646,0.10273102973769,0.5436643876441665,-0.014552936831172794,0.00645914506346489,-0.12063555376079141,0.8505291630392052,0.11920001976041042,0.05720133978435658,0.14217382066233128,0.13197159128586503,0.10434714936127601,0.05136416136474966,0.06348353170054816,0.06102198510085479,0.06477889083112316,0.021126390280793193,0.013171063807120674,0.010003466706786049,0.003125316748045628,-0.00036885045367930733,hard-like,ok,0.1564502615580395,0.18285245381308446,0.1581036542625448,0.2356392161571594,0.20667007621136285,0.6738258170561143,0.485236869464766,0.31901916355797527,0.6005038484389881,0.12337509359263929
0050320109,Ser X-1,NS,0,57930.99934,True,0.0002353558114910198,5055551,1,21,3,3467.990551367402,598.8824404761905,7.0,1222640,303002,84154,0.24782601583458744,0.2777341403687104,0.00031880131247650166,5.475318490880302e-05,0.017855008050306268,-5.121728902766589e-06,4.694486650234266e-05,-0.0022631237046981303,-0.00015830503414112474,9.502401386365696e-05,-0.012581932845994877,-0.00020495626927479163,0.0001787749216602863,-0.014316293838657812,0.0005521487599634739,0.0007419443802651396,0.023497845857939275,0.03302518783233491,,0.000446958359706445,0.0002221646551883081,5.783818036249222e-05,3.76899382229732e-05,5.9068400183762624e-05,5.00800565545423e-06,-7.065786607929475e-05,5.1816408232755766e-05,-0.0002075531723338411,9.640514100348624e-05,-8.463754972692503e-05,-3.3232977086420666e-05,0.0005097955080318058,soft-like,ok,0.01849925528716161,-0.010396489062754938,-0.013957268537038988,-0.01861250248746565,,0.017101376059738504,0.01052113521617425,-0.010828168728027372,-0.006769860100995197,
1050320103,Ser X-1,NS,1,57962.57847,True,0.00019560798179607745,1972316,0,10,0,1374.0687014609575,596.5609375,7.0,585319,141381,36898,0.24154520868107818,0.26098273459658655,0.000170498486436568,7.938305696437654e-05,0.013057506899732736,-3.6906670721041595e-05,9.478106559929452e-05,-0.0060750860669657675,8.495668743900639e-05,0.00017833322037376202,0.009217195204562307,0.000637861961429615,0.00031642529027011855,0.02525592923314474,-8.179509652962834e-05,0.0015147389156850428,-0.00904406415996859,0.04150388556676526,,0.00013329322765222586,9.052476090790616e-05,5.2391504362018675e-05,1.808291811438835e-05,-5.5449576869210865e-05,-1.1344195378545684e-05,4.11262623998723e-05,-5.065677030615114e-05,0.00013387359992425498,0.0003978357614244796,0.0003912239825640705,0.00032756905061218284,0.00025410199173165417,soft-like,ok,0.0142319110923192,-0.006176787470928647,-0.012824212893816744,0.00482281881430477,,0.01172683719195076,-0.00596862150153434,0.018482938040976293,0.03564151517823509,
1050320111,Ser X-1,NS,2,57980.07956,True,0.00020501403643032815,3229596,0,15,0,2021.9946213513613,667.9390625,7.0,971591,244350,66502,0.25149471331043616,0.272158788622877,0.00023961667802627142,3.300351131837295e-05,0.015479556777449135,6.71254006877458e-05,6.977255005492646e-05,0.008193009257150012,-0.00017058135010336153,0.0001269802000055256,-0.013060679542173964,0.00015000947590712495,0.0002465868568906528,0.012247835560094893,-0.00039118881406284453,0.0006002771702541144,-0.019778493725833738,0.04267430256629252,,8.842255033501969e-05,0.00010619155656359746,7.663074821885554e-05,6.963034221151665e-05,2.6642723219273263e-05,1.4975436354034587e-05,1.2663062722592984e-05,-6.958892663716222e-05,-0.00010098421404205248,7.859055447532625e-05,0.0007949749191455157,-5.385439429874895e-05,0.0007768017412517114,soft-like,ok,0.016324424080811323,0.005911000902579509,-0.012865771815620241,0.01017237430915678,,0.0144775436754005,0.010152867092878557,-0.013275032880492588,0.014212389505053038,
1050320113,Ser X-1,NS,3,58082.99152,True,0.00032913131888489996,28029064,0,84,0,11987.624442994595,419.4189918154762,7.0,3450994,835464,223135,0.24209372719859842,0.26707913207511036,0.0014822216072166246,0.0003584261104719252,0.03849963126078774,0.0002593073065068326,5.6287267679186954e-05,0.016103021657652723,0.0008316504089164409,0.00013526240864254036,0.028838349621926024,0.0057735914517319355,0.0006620580561811022,0.07598415263548008,0.02006003093587552,0.0016890397757063447,0.1416334386219424,0.5581177549140445,23.316771272123244,0.003486582214143252,0.0009453738435104298,0.00038793348857802285,0.00018562781213681264,6.262668944731377e-05,5.912488970879543e-05,3.4673203232558845e-05,0.00032578589933788925,0.0005720334966880751,0.0026167389259151848,0.016266583796242177,0.19479742483083326,0.09175491926051958,intermediate,ok,0.039308655042951564,0.01607802166217039,0.027623831665199144,0.0767351023599104,23.14202921254765,0.03768728384085226,0.016127563486081676,0.029984523262872414,0.07523852362835515,23.496868312910017
1050320116,Ser X-1,NS,4,58168.02024,True,0.000248122896349357,6963001,1,29,1,4230.995438784361,545.5113146551724,7.0,1561289,366938,96711,0.2350224718165567,0.26356223667213535,0.00015807494481447404,2.725583267272549e-05,0.012572785881198886,8.313026214326774e-05,6.154829824622394e-05,0.00911757984024641,4.4798892086701595e-05,0.000120237004582483,0.006693197448656479,0.00022595158341433651,0.000225877400150271,0.015031685980432684,0.0008054767930982512,0.0007165246116884529,0.02838092304873559,0.03810115534508171,,0.0001999571833342683,7.414693007421014e-05,5.862575121579561e-05,3.909087245649019e-05,-1.5204691525972924e-05,3.0542094073327416e-05,5.964198637061834e-05,-2.008969119319228e-05,5.9250847573166874e-05,-0.00015027092876725577,0.0003264499532104947,0.0004552781935437121,0.0003342795382643863,soft-like,ok,0.012769231888554404,0.011644683909048643,-0.010823505094598602,0.010614988146174833,,0.012355109333087375,0.005093280027374954,0.01487668462049748,0.018692670748873885,
1050320118,Ser X-1,NS,5,58223.03449,True,0.002136755024617959,1753200,0,6,0,1075.9941442608833,691.1510416666666,7.0,397852,102284,30668,0.25709057639524246,0.29983184075710767,0.00039469915831538444,0.0001612196635586264,0.019867036978759172,0.00010099291598555929,8.462323757509227e-05,0.010049523172049473,-0.0003129570978631647,0.00014828042136943764,-0.017690593485328997,-7.302360724013655e-05,0.0005487708067118558,-0.008545385142878965,0.0013752228448199917,0.0014919721148053421,0.03708399715268018,0.04029387955550726,,0.0005194862785872851,0.0002918933549317312,7.433976144297498e-05,2.2582499674446196e-05,8.103390479311372e-05,2.4355234623982975e-05,-1.1806370011257277e-06,-3.0130591409020953e-05,-0.0002801585506183236,0.00011307599561614969,-0.00010469722667378147,0.00034418248895736186,0.0005688142167089321,soft-like,ok,0.02196005412550558,0.011619279903021414,-0.025195171219762617,-0.024616823373162008,,0.01751620295456536,0.00817601605289596,0.0031813938892080993,0.021494004757245663,
6648010101,Ser X-1,NS,6,60097.90046,True,0.00036839743954301024,4140751,1,24,0,3329.991068124771,473.3805338541667,7.0,1140190,251016,63019,0.22015278155395154,0.25105570959620105,0.00012027941691857652,3.0710235727246936e-05,0.01096719731374322,-7.023764662328457e-05,8.650342743390963e-05,-0.008380790334048727,5.737215952161688e-05,0.00011304497892452571,0.00757444120193806,0.0003290948823427216,0.000293343051525235,0.018140972475110633,0.0013564395685076419,0.0010376958433343918,0.03682987331647561,0.03960626398871801,,8.784062628362972e-05,4.3766228371892686e-05,3.237713225842501e-05,5.5519299094523374e-05,-3.076090884599203e-05,-8.123344092702441e-05,2.5224286124894205e-05,3.476064287618504e-05,2.776069086400497e-05,4.351393058841785e-05,0.00012045472718817428,0.00034245921090650204,0.0008669737223603886,soft-like,ok,0.012228363646408485,-0.004332551268543071,-0.011090575048835465,-0.008275097561210743,,0.009546349287693875,-0.011023445280674275,0.015397612941183624,0.026929818839923996,
7700020102,Ser X-1,NS,7,60415.03247,True,0.00048201338640978833,6575115,1,28,3,4518.979708075523,603.8861607142857,7.0,1625643,420815,117870,0.25886064775599565,0.280099331059967,0.00021503941745056022,4.261616953200763e-05,0.014664222360921844,6.294933325288683e-05,7.453761929200384e-05,0.007934061586154145,0.0001923642277298666,9.681495690703767e-05,0.013869543169472693,0.0004637746739174426,0.000198617638102908,0.02153542834302217,-0.00045352582771803423,0.0006681058315412616,-0.02129614584186618,0.022990318800136803,,0.00015701686211664983,0.00012601699315565053,5.958373438941338e-05,3.535303264651875e-05,2.401462413750986e-05,3.746152276555625e-05,-8.655833076184303e-06,0.00013209088521953314,6.448801919531599e-05,0.00011694135774722466,2.589988586168629e-05,0.00020290903342938554,-0.00044456535905633627,soft-like,ok,0.013979361838310687,0.00778248309065799,0.006983081357030639,0.011532414192115502,,0.015325716984601704,0.00808446047662973,0.018373491223262494,0.028253932708061587,
4658010104,Swift J1749.4-2807,NS,0,59277.01006,True,0.002058329980471625,609134,1,75,4,11636.206225842237,33.24854166666667,7.0,230233,69067,19886,0.2999874040645781,0.28792332083339367,0.02034679351785728,0.017059848863908638,0.14264218702003023,0.0032424105847340206,0.002814062597918181,0.056942168774415505,0.0005688860142466669,0.0011039321644914484,0.023851331498402073,0.007073879961121653,0.002064046500352036,0.08410636100273065,-0.0006898048081183534,0.007327106640201243,-0.026264135396360442,0.28403794600592397,0.04143726678174285,0.04743941058551969,0.013243751479971855,0.004947858498890352,0.0030564060241675337,0.001618380898851668,0.0002872164273756406,0.00046856452348441736,0.0005779129593106245,-4.200069521413741e-05,0.002442235448203223,0.0035358004108121503,-0.0012187391019792709,0.004320757311870423,intermediate,ok,0.18750704456955194,0.07244124287061902,-0.006550074984949828,0.07614793510783163,0.020827461185684376,0.007856903643238574,0.022274087347641552,0.03750636416808196,0.09391747818698,14.962917945149746
4658010105,Swift J1749.4-2807,NS,1,59278.04248,True,0.0017578802830715374,756832,0,103,0,16951.60329976678,30.67915655339806,7.0,292185,87072,25217,0.29800297756558347,0.2896108967291437,0.04656455460034734,0.03641698451909785,0.2157882170099826,0.0009877478455561995,0.000631851653096512,0.03142845598428595,0.002326130180570913,0.0008860976113584293,0.048229971807693534,0.0026306132492145825,0.002492579818115688,0.05128950427928294,0.00983929752911253,0.010378169202323536,0.09919323328288342,0.3704776414541451,0.0202299899222672,0.08433999046491536,0.032986479603673326,0.012534859113284655,0.001410157762920907,0.0006277840274663845,0.0005256286279350459,-0.000478560176137113,0.0009828597466690495,0.0012892239206622024,-0.00017583992813340437,0.00043739048219078536,0.001934146533750068,0.0008395626382288186,soft-like,ok,0.276114800321054,0.04191250692795494,0.03986153685848867,0.057007835105874316,0.017886567509111495,-0.015658225449930726,-0.015004949750508412,0.05906764792480383,0.0406662903822197,5.001160361968133
3200400112,Swift J1858.6-0814,NS,3,58920.01647,True,0.006290576232912617,523549,0,13,0,2733.853965431452,65.52163461538461,7.0,81053,21072,6903,0.2599780390608614,0.32759111617312076,0.00213957421953386,0.00186505668364291,0.046255531772252494,-0.00010568637910689532,0.0008229333413382779,-0.010280388081531519,0.00010096414204328817,0.0011251949915232506,0.010048091462725057,-0.0018539774595409768,0.0020116380691876773,-0.0430578385377271,-0.0003734043835290618,0.009572939069477817,-0.01932367417260656,0.12512169761795186,5.198529828723886,0.0024627846618953527,0.0013764756762974885,0.0003910536689886981,0.0004307899082506206,-0.0001843900498323079,0.00012213054009953793,-7.987006789836222e-05,0.0008619193359318028,-0.0007832570293672254,-0.0012516968899800355,-0.0015068693705148155,0.0031100511640628535,0.010706317666864572,soft-like,ok,0.01643696320120939,-0.030139378473156148,-0.025494985263657496,-0.04558112649252736,23.064837480210244,0.0671759537985872,0.030220244414025484,0.03246902873446361,-0.039623973507983065,0.8940987905979145
3200400116,Swift J1858.6-0814,NS,4,58924.01799,True,0.002653118077020018,253839,0,10,0,2080.84940841794,42.2171875,6.8,41017,10029,3274,0.24450837457639515,0.3264532854721308,0.00034906214278168055,0.0005008279295281826,0.01868320483165778,-0.0011101216460154366,0.0015197002871161426,-0.03331848805116217,-0.002974399951237846,0.0020796095240040767,-0.05453805965780086,-0.005825797098424406,0.0019728083718811144,-0.07632690939913922,0.012734505700896478,0.018108101474066624,0.11284726713968965,0.0,,0.0013320456854743693,-0.00015533554296890404,0.0002808061760076128,0.00021271847873745547,-9.402449679994525e-05,0.000175378526283525,-0.0010482285759598495,-0.002891340013753128,-0.00021543400601836888,-0.0009905554272841217,-0.002685660269219481,-0.0016256931736164338,0.0021088613721068467,soft-like,ok,0.028921756508430325,-0.010481229787756688,-0.04391862695379988,-0.08655018001047628,,-0.011294288887079347,-0.04569746713319658,-0.0632204364690459,-0.06478810012938867,
7204180115,Swift J1922.7-1716,NS,4,60407.67824,True,0.2211785494484519,2427765,0,10,0,1397.93814265728,997.06328125,7.0,246560,275481,754200,1.1172980207657366,2.7377568688947695,0.07659519602094515,0.022664456698068786,0.27675837118494745,0.01992453958995166,0.003658338263213604,0.14115431126944603,0.004625828879526511,0.0011200921967150514,0.06801344631414079,0.02510466841567301,0.004877213504590137,0.15844452788175745,-6.535213822608336e-05,0.00015475248350874142,-0.008084066936021954,0.4360261642013329,0.02686039059221725,0.08798896264724788,0.05463059663493526,0.011942706379038286,0.013804268902775342,0.0058537289204097275,0.005497605233068092,0.004700035440950768,0.0032412597368711004,0.0014753632423747515,0.0003775180417448186,0.000475300863500761,0.00018706773601370708,-5.559791080276381e-05,hard-like,ok,0.636754680506483,0.25967790343422076,0.13720559826617879,0.2973927938629069,0.023018243674124493,0.2381695121630082,0.13059097901742325,0.06138292068014673,0.14586866561839087,0.028650249611080494
1050350150,XB 2129+47,NS,3,58433.99236,True,0.46164690733093555,185537,0,13,0,4417.71321362257,49.16947115384615,7.0,19707,18755,43356,0.9516922920789567,2.3117035457211412,0.04730510701538092,0.02028745870553743,0.21749737243328002,0.00977599454843057,0.004379301219238624,0.09887362918610083,0.00212713838113573,0.0011778569120862378,0.04612091045432354,0.014393353825789067,0.0037060837593059738,0.119972304411431,0.008021758894713153,0.005156554054359984,0.08956427242328915,0.41620406642073415,0.0317519696389329,0.10216125077071453,0.029398552157617414,0.010348830050180178,0.008619034703280383,0.003028853106900974,0.003467886896828963,0.0021789424363859986,0.001165105149045054,0.001001035444708252,0.002714109325098317,0.0001954742955663856,0.004567389772101468,0.00437936079672698,hard-like,ok,0.3176650387933609,0.14505013302286904,-0.01790974850887276,0.15653920162102467,0.025943773429160683,0.16039481067762096,0.07240133249063012,0.05578994515636825,0.1016031108976867,0.04390844983016896
3050550102,XMMU J181227.8-181234,NS,0,58934.21777,True,0.0007943095308218872,115370,0,12,0,1638.969827145338,68.21940104166667,7.0,43933,44357,16495,1.0096510595679784,0.3718691525576572,-0.00017068032551882464,0.00017883975266918262,-0.013064468053419728,-0.00010855301223009525,0.0008442646433682616,-0.010418877685724852,-0.0013049816981432008,0.001481020944631647,-0.036124530421075385,-0.0030764881685088155,0.0029547515650733356,-0.055466099272517944,-0.006305925588982625,0.004928832361097666,-0.07940985826068843,0.015790339857320486,,4.810601344416328e-05,-9.511365856864232e-05,-3.517777276573721e-05,-4.0043330564809205e-05,0.00013065478718241247,0.00022792922535752776,-0.0004398475539231404,-2.2875226029460807e-05,-0.0013097415065802713,-0.0017560912634581327,0.0018892085559485904,0.0002550107353959564,0.001397315827371228,soft-like,ok,-0.02299295478337147,-0.0180837101972133,-0.027215265716479566,-0.08088194156132972,,0.013385281242955663,0.010244084233884523,-0.04308650012582998,0.01760750667922916,11.148831417236874
3050550105,XMMU J181227.8-181234,NS,1,58937.13611,True,0.0011531602592681504,241147,0,14,0,2725.1350698769093,86.39229910714286,7.0,64526,65664,24625,1.0176363016458483,0.3750152290448343,0.00022627265618095378,0.00017118627202138972,0.015042362054576196,-0.00013778393133804495,0.0007405475110536134,-0.011738140028899167,0.001170930353123971,0.0009750139406137287,0.03421885961168155,-0.00018511503336355144,0.002448286270914017,-0.013605698562130187,-0.001992083869923599,0.005062525498099606,-0.044632766774238844,0.06330476390748171,6.662212510627135,0.00013925774117416146,0.00010237180501546531,4.9835891623964825e-05,0.00011201858234489474,8.023011249078501e-06,0.00011801616859623387,-0.0003195994052298217,0.00014467691225297926,0.0010440761121140844,-0.00016561390550026757,0.0011306090314210603,6.292119057616183e-05,0.001580899997744004,soft-like,ok,-0.009914587086324776,-0.02552864651011976,0.017700108430922505,-0.04407842176976485,22.331839359894524,0.023158503928848932,0.01879202427878284,0.044611416543286,0.03865226057509035,
3050550109,XMMU J181227.8-181234,NS,2,58941.01782,True,0.0011770840093361112,460918,0,27,0,4822.720667123795,92.81857638888889,7.0,135633,134921,50227,0.9947505400603098,0.37226969856434505,0.0003739582248341296,0.00015909193394531972,0.019337999504450545,-0.000785176714685763,0.0003627713389389149,-0.028021004883582654,0.00022471144008295166,0.0005419334371501752,0.014990378250162724,0.0006215302996457333,0.0012748386566578478,0.024930509414084045,0.0017715028280769496,0.004333885313144551,0.042089224607694424,0.05440570422304487,14.434167262931519,0.00021615416432236336,0.000192946514836168,8.638402277856933e-05,7.522215826428925e-05,-0.00032458115132709094,-5.879285080197018e-05,-0.00031203016491539317,8.540474286960207e-05,6.893967852714366e-05,0.000601178165814359,-0.0005817819394058032,-0.0010785575652629293,0.003989494876306135,soft-like,ok,0.012939426636118969,-0.014820981145528577,0.0238567872153331,0.04785174215903619,,0.024352049837163454,-0.03721577730309304,-0.01185865864296898,-0.03388182776455464,18.330876250520248
3050550110,XMMU J181227.8-181234,NS,3,58942.16204,True,0.002862660071820584,371318,0,23,0,4054.1954349279404,82.9836956521739,7.0,108193,101014,35097,0.9336463542003641,0.347446888550102,0.00035910284473460305,0.00012028139781015355,0.018950009095897634,-0.00013106975147289876,0.00043732474459574574,-0.01144856984399793,0.0005237455993679384,0.000792800865049138,0.02288548883829966,0.0015972045517102197,0.00183811042493535,0.03996504162027383,-0.0031110131334263886,0.005038078906767362,-0.05577645680236769,0.08632388206583211,10.443501828903775,5.459047681466516e-05,0.00011328350886634634,0.00015403782490101286,9.775239411733874e-05,1.8184929844859337e-05,-0.00016761076227512716,1.157885833521808e-05,0.00027107567172085013,0.0002534762671191445,-0.00030541386910422065,0.004866209275592832,0.00012671791648105442,0.001957930122501716,soft-like,ok,0.013430008078499011,-0.0037657038157156426,0.011159067871395431,-0.02061210564009448,18.125926153318044,0.02341050408958328,-0.015957341772663596,0.03075343129652701,0.06111290133485323,5.32408868411564
3050550112,XMMU J181227.8-181234,NS,4,58953.40856,True,0.0010835882952851652,210294,0,18,0,2603.616945385933,78.37413194444444,7.0,75644,75576,29354,0.9991010522976046,0.3884037260505981,0.00031017988297497417,0.0003515909649514982,0.017611924454044598,0.0005537023327263283,0.00046004457516822604,0.02353088040695308,-0.0003256427164182109,0.000818264744803562,-0.018045573319188584,-0.002383371104922811,0.0019446246195984715,-0.04881978190163093,0.01185444762332464,0.007909200236366877,0.10887813197940457,0.0,,0.00014377980188435793,0.00010369433602238388,8.703783576828508e-05,0.0001254817335604489,0.00035466775789437885,-0.00031862291199970727,0.00048031746744252226,0.0004334427082607035,-0.0007277794276659238,-0.0011581226695548546,-0.002403616605785074,-0.0022125054304407477,0.005000233451555081,soft-like,ok,0.024678474352013653,0.024267577807113475,0.014084298477523209,0.02754879927674006,,0.005524533512419361,0.02281995224956502,-0.028565858458427143,-0.07296522036897608,
3050550113,XMMU J181227.8-181234,NS,5,58957.46606,True,0.0021989280225889877,83021,0,5,0,1013.9843765795231,78.7890625,7.0,20399,21163,8863,1.0374528163145251,0.418796956953173,0.00032674444755190034,0.0002533617261142757,0.01807607389761118,0.000758867306661436,0.0009233297818358215,0.02754754629112067,0.002209825792867943,0.0016894834101484101,0.047008784209634086,0.004315937529457789,0.0016998350327815303,0.0656957953712244,0.009311185484077384,0.014487988659000944,0.09649448421582128,0.06382382986814612,4.828380002791224,0.00043644779424684046,0.0003102218330681191,-0.00014727229598009029,0.00027937736366842066,0.0003060826139476159,-3.876787509844226e-05,0.00038553372640695983,0.0017054898380056158,0.0004947723430630792,0.0014414865451378616,0.004118581345824251,0.0037671312289002845,-0.008985603202152454,soft-like,ok,,,,,,,,,,
3050550116,XMMU J181227.8-181234,NS,6,58970.51068,True,0.0012634488204520777,52477,0,7,0,1031.8989296853542,49.033482142857146,7.0,19033,18187,6714,0.9555508853044712,0.3691647880354099,3.469727507255859e-05,0.0004972260361102279,0.005890439293682484,-0.00139227647177887,0.000815034838823613,-0.03731322113914678,0.001439166442651818,0.002529457065604334,0.037936347249726325,-0.005041750060415737,0.0058136556117944485,-0.07100528191913427,-0.039682037942558784,0.014491639052626775,-0.19920350886106095,0.06997721557150177,19.40578128841397,0.0001755066551010167,-0.00011127943634063855,0.00014933020201123566,-1.7618443944167645e-05,-0.0008855747129723298,0.00010811339088772022,-0.000633019977074388,0.00115643580115025,0.0003152004222278248,-0.004606679835937995,0.0009627367433169474,0.00029724821398478395,0.007986411676730169,soft-like,ok,-0.021984623218184122,-0.02824196058093577,0.02846779141715924,-0.049112263702967424,8.522713502436313,0.026828458286641176,-0.04667664570934818,0.047651582322815064,-0.09230116700456138,15.714433932815103
2050090101,XTE J1701-407,NS,0,58571.62292,True,0.0022040162073111,56838,0,10,0,1537.7829394936562,29.128125,7.0,26137,8700,2447,0.33286146076443357,0.28126436781609193,0.000409031554608657,0.00040469958072774823,0.020224528538600274,0.004826192535143032,0.002401130672035197,0.06947080347270379,0.001151306838163253,0.0036005170966281106,0.03393091272222504,0.0016494292202463563,0.006615993614672281,0.04061316560238017,0.04256021912561178,0.022572274478429123,0.20630128241388074,0.12968882253921635,5.8106193661778285,0.00014066382728024598,-6.311771099325594e-05,0.0007736880131310523,-0.0007009291943714196,-0.0002757041358345262,0.003062289986525586,0.002353748193674455,0.0011207381445235297,0.00011581763125952201,-0.005202959139606535,0.0038049715473123945,0.009633123193100227,0.002056860335607075,soft-like,ok,0.010515120270636821,0.07011638307276136,0.056226792297714635,0.061218651178320455,17.56183325622221,0.026810584539594916,0.06879434901573922,-0.030578180039619346,-0.022986786154230554,
3050090101,XTE J1701-407,NS,1,58934.53957,True,0.0005538174539942869,127483,0,15,0,2079.888034284115,49.50208333333333,7.0,59661,26225,9158,0.4395668862405927,0.349208770257388,0.0006157192491769317,0.00031039051764263255,0.024813690760887058,-0.0008779365662237321,0.0004988811613507841,-0.02962999436759535,0.0010004489511759138,0.0016802462965084012,0.031629874346508456,0.0006728314077117383,0.003901393255136319,0.025938993961056745,-0.0049808671860313335,0.012300637735024315,-0.07057525902206334,0.0,,9.597467174583052e-05,0.0005091230093390925,8.2438223703514e-06,-0.00011215058087372198,-0.0003272099502890542,-0.00035882820912691056,-1.4505193341077754e-05,7.440795616679401e-05,0.00095915077988364,0.002022178205074757,-0.0013619718926428832,0.0019233135502866056,-0.00595567338746458,soft-like,ok,0.028210748954113313,-0.024608490632486085,0.023972703698650105,-0.04511455163531883,,0.020086516435607864,-0.03462467298929773,0.03875741796622028,0.06216075747174759,
3050090102,XTE J1701-407,NS,2,58936.02455,True,0.0008875247305068136,66880,0,8,0,1123.891544163227,48.0859375,7.0,30142,13969,5129,0.46343971866498573,0.3671701625026845,0.0009526188855556921,0.00044080641632249457,0.030864524709700164,-0.001126031680502036,0.001302258291199799,-0.03355639552308972,0.003263351820421424,0.002873476246384297,0.05712575444071986,0.0027032136598806153,0.006122045003866086,0.05199243848753985,-0.009729492788465752,0.011834683786237617,-0.09863819132803354,0.0,,2.458771451189012e-05,0.0005340635397646832,0.00010724598502196515,0.0004197927255347797,0.00039147709457227947,-0.0001740485365925136,-0.001616437037210486,0.0006730508431472546,0.0027547944112371187,0.0014388373034049432,-0.0066848084073297745,-0.009023444637514368,-0.002153943834727456,soft-like,ok,0.03751669002447951,-0.005622961734863584,0.029794432465837507,-0.03872554745152897,,0.022432926646670383,-0.04698097470097661,0.07490172961203251,0.08279658208726023,
3050090103,XTE J1701-407,NS,3,58936.99286,True,0.0009653840849537994,118282,0,16,0,2280.9568432569504,41.24462890625,7.0,54723,22395,7351,0.40924291431390825,0.3282429113641438,0.0006295634349778263,0.0004398588772699396,0.025091102705497546,6.739111790532983e-05,0.0008829309360370464,0.008209209334968248,0.0038493513219215432,0.0021651162314250964,0.06204314081283718,0.005118093836463998,0.004268395052175766,0.07154085431740383,0.0025492350425263912,0.01395016332006483,0.05048994991606143,0.11107499024271747,6.514531986611806,-0.00010091142095975692,4.6803086111032495e-05,1.0840110847884978e-05,0.0006319044719714013,-0.00010078750751918677,-0.0008985838551177176,0.0009822401586268472,-0.001173536994110105,0.0050474264039945425,0.0027422262694381592,-0.0014741546759478666,0.004360659346199854,0.002263528063884691,soft-like,ok,0.023943738185763133,0.028745146888720458,0.08168114971567064,0.10045670346698327,,0.02620193114272835,-0.02647964676465079,0.03147898071092218,0.009014563523458093,16.615480553135313
3050090104,XTE J1701-407,NS,4,58938.09032,True,0.0011197864735929806,83434,0,15,0,1966.9109481573105,33.200520833333336,7.0,42399,16377,4969,0.3862591098846671,0.30341332356353423,0.0007978097433771438,0.0003845370019490411,0.028245526077188644,-0.0013513096204101481,0.0013322923575523212,-0.03676016349814223,0.000904022275569148,0.0033469306808215893,0.030066963191668492,-0.0027676221411887404,0.005108187864816401,-0.05260819462012302,0.0009954676773012454,0.01831496181296534,0.031551032903872504,0.16973068987733184,16.982550705768748,9.548058395454416e-05,-0.00020808701313776228,0.0006225199467823435,0.000401358916948257,0.0003214340286891402,-0.0007006272671901283,-0.0009586188284155576,-0.0001453003184927712,0.0010178429333526225,-0.0034081209826053753,0.013786321393293404,0.0032021338502941214,0.014782169842762162,soft-like,ok,0.030675134255260538,-0.03181263251375015,0.09626941316842405,0.07921026832846953,10.719595722006192,0.025181018126847376,-0.041705273669971954,-0.09306810069277638,-0.11449399460706175,19.197696769223967
5203390106,XTE J1701-462,NS,0,59835.10139,True,0.0003929221322574377,5366026,0,35,0,5904.839706420898,666.9354910714286,7.0,2053806,733129,200936,0.35696117354803714,0.27408000501958046,9.362953732339775e-05,2.1857228875125948e-05,0.009676235700074578,3.2481089671777697e-05,3.860586800007537e-05,0.005699218338665198,-2.296282720544028e-05,7.71235227225256e-05,-0.004791954424390979,7.289147854290936e-05,0.00013147847365533935,0.008537650645400605,-0.0005569905493392052,0.0005622752529225863,-0.023600647222887877,0.022315982538924133,,5.3627662956326514e-05,4.430284151285615e-05,4.472460336182476e-05,1.0662742575215977e-05,2.2023654745865644e-05,-1.85570790878552e-05,1.7068573245259942e-05,1.8885609470865096e-05,-3.5963146034297164e-05,2.8818278867166088e-05,1.4361169692266737e-05,-0.0003662868176663171,0.0006643349830383893,soft-like,ok,0.011142035185199168,0.005906511954048209,0.008186855330733798,0.012171252367914547,,0.007822651867999363,0.005470274801988991,-0.010890954808604332,-0.0026629973220372596,
5203390114,XTE J1701-462,NS,1,59843.23958,True,0.00014436263894903998,1620270,0,7,0,1074.9969912171364,1071.369419642857,7.0,670802,226948,62197,0.3383233800734047,0.27405837460563653,8.702439881839854e-05,2.0244316944598006e-05,0.009328686875353816,0.00042541252251268054,9.202398092357e-05,0.020625530841960907,0.0006352994204545673,0.0001409681547836975,0.025205146705674364,0.0015147233308540529,0.00020989093735225065,0.03891944669254758,0.000777004121521628,0.0003107669683283766,0.027874793658817065,0.05572866915278006,6.814570850268166,1.275600486344095e-05,2.588184767398138e-06,5.3501156594773235e-05,3.260479385802025e-05,2.4611482959841355e-05,0.0001524364823714694,0.000230764630819919,0.0001343565995041575,0.0005168730109100675,0.00040871839591748724,0.0002318066938515558,0.00039522055165728295,0.0009094465774646069,soft-like,ok,0.010222228955446637,0.018495304815721442,0.02749377705593799,0.03875423030500331,8.707732431874721,0.008076857312889258,0.023007671570617307,0.022019800734776447,0.03912453375712585,
5203390125,XTE J1701-462,NS,2,59859.00351,True,0.00011157851362993532,6084945,0,19,0,2878.9873309731483,1541.4716282894738,7.0,2683867,864291,200701,0.3220319784847759,0.23221461290236736,0.0001684810244665815,3.324014683548892e-05,0.012980024054930773,5.748477930116845e-05,2.6726364727518174e-05,0.0075818717544659416,-5.37687488483382e-05,5.6766154275255804e-05,-0.007332717698666586,0.0001788315116462453,8.713978402051494e-05,0.013372789972412088,7.360334258613732e-05,0.00042801645566875075,0.008579239044701885,0.021995326169614384,,0.0001112373351631628,9.23415527501193e-05,5.295466421612935e-05,3.255511065566844e-05,3.0481478975534194e-05,-1.1239217288122123e-06,1.5278309549061092e-05,-2.6381721286008734e-05,-2.3908418212279686e-05,0.0001480681023965675,2.098322935626223e-05,1.6652935745104787e-05,1.4655715727214213e-05,soft-like,ok,0.012283561237144788,0.0031627814031000793,-0.011973873139455839,0.006540173819631867,,0.013720412031641536,0.010527667751422082,0.0068487268844777465,0.018212533921059388,
5203390143,XTE J1701-462,NS,3,59969.33079,True,0.00017532804800561049,2572737,0,8,0,1603.957556962967,499.75,7.0,344332,129046,38366,0.37477202235052215,0.2973048370348558,0.00010380514667510823,3.56681248676887e-05,0.01018848107791874,2.3249175023886864e-05,7.983818035623421e-05,0.004821739833699747,-0.0002907760324750716,9.029075767315618e-05,-0.01705215624122274,-3.395968880067135e-06,0.00024585677140995623,-0.0018428154764021099,0.000974607012845695,0.0018331357726444142,0.031218696527012382,0.014869664768390977,,9.553953882427029e-06,2.3659079964192506e-05,5.1183401520358656e-05,1.0236231583554103e-05,3.864156947269052e-06,-2.2241204646261538e-05,6.590299665800413e-05,-9.99865568599672e-05,-0.00019633981594322614,1.5166848064903605e-05,0.0004143559055922047,-0.0008280697009095503,0.0007738216344704193,soft-like,ok,0.0091463415917748,0.012590252073446917,-0.013620497490460383,-0.013432162453001226,,0.011181289278378607,-0.010916756785051898,-0.020040093267042952,0.013527784274695422,
5203390152,XTE J1701-462,NS,4,59981.13958,True,0.002115753075860439,502559,0,12,0,1774.9736716151237,200.39778645833334,4.0,205475,77713,24623,0.37821146124832705,0.3168453154555866,7.750499976671108e-05,7.507561276886294e-05,0.008803692393916946,0.0003104387857238236,0.00020166211391004342,0.01761927313267558,-0.00014209474173656835,0.00040672323250701164,-0.011920349899921913,0.0007414239740416129,0.0012496029952171342,0.02722910160180855,-0.002540796907572446,0.0030166279238707672,-0.05040631813148473,0.0,,7.51417720947345e-05,8.156209356910737e-05,3.275718551817525e-05,-3.280823830026389e-05,1.601041291808104e-05,0.00011173421393143661,0.00019657586533154722,-0.00011294617948071279,-4.703630973340439e-05,0.0005845430385277794,0.0001633815182848199,0.0014408983804817745,-0.004043318832357188,soft-like,ok,0.01256583829887168,0.011588834482872165,-0.01154016390945912,0.007402686636080213,,-0.0012864799722662114,0.021997048819761087,-0.012283202179207007,0.03764967859412888,
6203390101,XTE J1701-462,NS,5,60005.05,True,0.0003768097678975374,1100429,0,26,0,3730.930672585964,217.50360576923077,7.0,479052,184256,60544,0.3846263036163089,0.3285863146926016,0.00012313810282246242,5.892771798971395e-05,0.011096760915801621,0.00014759564936547555,0.0001572795926126566,0.012148894985367004,0.0001638805663405968,0.0002992414195109145,0.012801584524604632,-1.269450634346492e-05,0.0006519956008506548,-0.0035629350742702173,0.0002438284752394962,0.0022964259179340954,0.015615008012790008,0.0,,0.00010172475096079594,8.351450101986808e-05,0.00010839735054169251,-3.8695862387759695e-05,6.744604832636949e-06,-1.8624992913349556e-05,0.00012059534392390848,0.00021621589091700338,-4.353251740546544e-05,-0.0003105918218346195,-0.0006294618890817076,1.361145732997867e-06,-0.0002380251323307732,soft-like,ok,0.008285647822190387,0.010826025147099046,-0.019337969545510824,-0.04096826737953911,,0.013354102419230202,0.013356021045558305,0.026621514079158384,0.04092246761620734,
6203390102,XTE J1701-462,NS,6,60008.01177,True,0.0027478241577422085,609758,0,18,0,2571.8871588110924,168.73741319444446,7.0,267988,91818,28965,0.34261981879785663,0.3154610207148925,0.00029498106253333576,0.0001300098883886449,0.01717501273750141,0.00017627165586652071,0.0003002244103327292,0.01327673362941807,0.0004404922267665563,0.0006939179799914924,0.020987906679003417,0.00042642446366091176,0.000954384479148753,0.02065004754621431,-0.002336613543540037,0.0033652525135412547,-0.04833853063075084,0.048357423956825775,,9.8156320031841e-05,0.00013850315319384357,0.0001378844520200454,1.3484498079393988e-05,1.6070975929437914e-05,-4.391137744605331e-05,0.00024001405113985216,0.00018091789030527596,0.00022878130194461705,-0.00013579514622828932,0.0009820510991648639,0.0012749401134679124,-0.0007926568798625529,soft-like,ok,0.013308428022408822,0.013136497368949103,0.02582691418475246,0.025006374973301163,,0.02038290756588119,0.013418566595277289,0.014454372608546479,0.014937113795618955,4.785422136171538
6203390109,XTE J1701-462,NS,7,60017.118,True,0.036451234587467116,286049,0,17,0,2392.9392727017403,79.15625,7.0,113387,38549,20308,0.33997724606877333,0.5268100339827233,0.006158290021886623,0.004086381835169275,0.07847477315600615,0.003909913224041431,0.002682688754834453,0.06252929892491545,0.00011718815098428188,0.0012246549254413014,0.010825347614939756,0.0054472766717020525,0.004576525400094525,0.07380566828978688,-0.008235406238415816,0.006546437536091111,-0.09074913905054866,0.13993176753235514,0.2870181751484688,0.005097003697293528,0.0011239020586409321,0.0017755389332736137,0.0038892386344475545,0.0019988464023437185,0.0010921820195874629,0.00018577944911573422,-0.00029519961696813,0.00041510351647144997,0.0005494676779205242,0.004989091925644186,-0.0026315085068151635,0.0013914533737736745,soft-like,ok,0.09131260158641279,0.06650783355724689,-0.031415186002282824,0.05543810665831532,0.30768917528022804,0.057316048679492256,0.05686128772748205,0.03965544018230522,0.09260890930150244,1.2433950278643768
1050130104,XTE J1709-267,NS,0,57997.00043,True,0.21910172472597655,1173897,0,27,0,3764.1087115854025,63.606192129629626,7.0,84087,47408,88328,0.5637970197533507,1.8631454606817415,0.4372279541652478,0.002595743770368395,0.6612321484662159,0.035674571237903865,0.00019383599587493992,0.18887713264951866,0.0021944789273697462,2.380530195119011e-05,0.046845265794632295,0.0377774356305604,0.00018597893387273218,0.19436418299306177,-0.0008386022638153475,0.00036826955129747816,-0.02895863021303576,1.327164255981868,0.01488686921291315,1.285266345267935,0.32666016489716915,0.08933999660403812,0.026630977931770532,0.015885488189606826,0.009225601350500436,0.005164167069930958,0.0014003743209367496,0.0007902339665685656,0.0002703758019661711,-0.0004148269484875085,0.0003088838347678227,0.0008371800692024995,hard-like,ok,0.6621949594905597,0.18913454708065164,0.046660922695444106,0.1946294292597515,0.014888216866325884,0.021156616035926723,0.0481625829577391,0.09001745585423963,0.04908329712724375,4.280759601361882
1050130111,XTE J1709-267,NS,2,58005.04954,True,0.35329363301930433,256258,2,9,4,5245.650346040726,61.830729166666664,7.0,15676,17373,38180,1.108254656800204,2.197663040349968,0.2115981050496578,0.08206908738575383,0.4599979402667557,0.1624780553491369,0.05321775403458272,0.4030856675064705,0.006973577244840323,0.003774541839509651,0.08350794719570302,0.16987187984253171,0.05734575830803571,0.4121551647650818,0.003868666765672205,0.007522827399825003,0.06219860742550596,0.6715503744399473,0.06546535553140422,0.08130829343901576,0.06792721741834208,0.09643328898305846,0.06948057378535914,0.06445472455460716,0.04706639192777183,0.028740331759015247,0.0054456157212643365,0.001501593494216753,0.0002883593140368935,-0.0033621829593707634,-0.00014080278149009262,-0.008163499245393368,hard-like,ok,0.5096791870275208,0.4673886622936711,0.11251318706498205,0.48103552323178694,0.07451825602089465,0.41135758474590217,0.3365016147238558,0.04440138751717344,0.34021333611576304,0.05640737147350071
1050130117,XTE J1709-267,NS,6,58011.03588,True,0.4193141704488149,167540,1,16,0,3931.783791154623,32.40771484375,7.0,15903,15740,34728,0.9897503615669999,2.206353240152478,0.20808467500367267,0.08770161034353365,0.456162991707649,0.16978698046086094,0.04617485611017445,0.41205215745201595,0.01053044849223524,0.004571298744485799,0.10261797353405124,0.18114044667642715,0.04995427246451095,0.4256059758467063,0.00812564911289474,0.010239509135121588,0.09014238244518913,0.6719326356585442,0.08180685291283418,0.05913346380854788,0.09959354906720977,0.060903484058329516,0.06287013555799743,0.05872279736543491,0.06479137837498625,0.0308407023264257,0.00967230386704234,0.001007753339342957,-0.002367420761020748,0.0027798847824767265,0.005326349707457214,-0.001780914631192019,hard-like,ok,0.5365478728802971,0.4810591748956364,0.1375224945075207,0.5022314901747477,0.08399240511649406,0.3959968016624978,0.3608168474922079,0.07172852052425736,0.36805014329435637,0.08035236146662805
2050280105,XTE J1739-285,NS,0,58757.04257,True,0.0003463048962012186,7048689,0,64,0,12419.631745636463,395.07177734375,7.0,2250912,769469,216047,0.3418476599707141,0.28077414424752656,0.0002235828069472677,2.863064234925323e-05,0.01495268560985844,0.00010902137256122722,6.103672736546567e-05,0.010441330018787224,0.00022374364859427184,9.785852915677631e-05,0.014958062996065762,0.0005844208903274973,0.00021261064502951923,0.024174798661571045,2.914833986681954e-05,0.0007131217141385946,0.005398920250088858,0.026117058583262347,,0.00010106691528059938,0.00010225943448590728,6.226189914163814e-05,9.894647907628717e-05,3.095656364142257e-05,2.4264224861963414e-05,1.1696212146605089e-05,0.00013239335300042183,9.356966174852128e-05,9.591696054557168e-05,7.592732038756787e-05,-0.00019658940685354784,4.943113157859955e-05,soft-like,ok,0.015346835641397901,0.013999335059611456,0.012549057689517595,0.02283362918535846,,0.014545830576119943,0.0046509458970947475,0.017039253631686156,0.0254515020676132,
2050280129,XTE J1739-285,NS,1,58898.19005,True,0.004950553962228225,259706,0,37,0,6707.225126922131,25.07516891891892,7.0,80293,28371,10092,0.35334337987122166,0.3557153431320715,0.0008307408617483788,0.0004524730460423103,0.028822575557163152,0.007834331173292523,0.0011488506015566976,0.08851175726022234,0.010511902908507365,0.0027708000767130083,0.10252757145523035,0.028174242708093926,0.003787352062546789,0.16785184749681467,-0.009286706860924308,0.01271210096996591,-0.09636756124819341,0.2221109937158067,5.3674465432581275,2.0353313654131865e-05,0.00014841732913003578,0.00023536194655325685,0.00034016909208521226,-0.0003839999978352215,0.0025144379064120366,0.005712711852189454,0.00778632860805261,0.00282354820696088,0.005750056860228148,0.009798433723903995,0.006676483665802613,0.007910991022285964,hard-like,ok,0.03185977599108437,0.08454996861857894,0.09920673038756235,0.16389529340256342,7.089547545992844,0.02521490442137131,0.09251792128555741,0.10592697438541612,0.17193786520251073,3.2541519225481412
3050280105,XTE J1739-285,NS,2,58912.99662,True,0.0011576893424776562,610737,1,67,0,9741.86171773076,40.069496268656714,7.0,234762,80703,28171,0.3437651749431339,0.34907004696231864,0.06643065682698399,0.0543381435394543,0.257741453450903,0.007632105343701306,0.0033749847289005516,0.08736192158887822,0.0150829073700779,0.0011113145268531258,0.12281248865680518,0.03000912717077989,0.0033281767903970867,0.1732314266257133,-0.0009320165900177826,0.006202813762159577,-0.03052894675578872,0.3814706763820551,0.11804430165255676,0.033020385845632994,0.037408778950910625,0.026469980908075872,0.004593373489154703,0.0017679880872014948,0.0015122034110063834,0.0021873980117343397,0.005728429670407891,0.009477517012271897,0.0051436529048186665,0.005738305696958903,0.0038439791612133287,0.008627883789995525,hard-like,ok,0.13853410036971242,0.08110900424797132,0.11625718172443388,0.1694138605726108,0.35007889256774116,0.3410588181296223,0.09351293449957031,0.12937560528019423,0.17717398116583905,0.06995117855329985
3050280133,XTE J1739-285,NS,4,58964.69005,True,0.000635736732812899,528699,0,5,0,1466.7458817660809,241.6859375,7.0,110494,34700,9485,0.3140442014951038,0.27334293948126803,0.0003887314630697415,0.0001377796510147789,0.019716274066611608,-0.00033807190257382065,0.00019833610153789202,-0.018386731699076394,0.00018098017380692812,0.0004985734715199471,0.01345288719223231,-9.338903317490566e-05,0.0011860594034273394,-0.0096638001415026,0.0036274073281850343,0.002824387192583351,0.060227961348405565,0.0,,3.454761084255821e-05,5.5859800815991355e-05,0.0002909189859548155,9.527621663341646e-06,6.5178822134388e-05,7.016029880837394e-06,-0.00039395261084035875,1.1430503257631068e-05,0.0001856605814362027,-0.00042982006087722094,0.0014648124559299073,-0.0016325107429780545,-0.0019012227336067651,soft-like,ok,,,,,,,,,,
3050280144,XTE J1739-285,NS,5,58987.69097,True,0.0003255786420410821,499375,0,11,0,1472.9682973623276,229.6669034090909,7.0,231576,72201,19594,0.3117810135765364,0.27138128280771734,8.510250163990132e-05,9.292162537898834e-05,0.009225101714339053,-0.0004479006931781616,0.00019178210007423703,-0.021163664455338578,0.00011899780112425356,0.0003289349104854775,0.010908611328865538,0.0002993023620425555,0.0006595522034797561,0.01730035728077763,-0.006594781019035178,0.0024932141796591635,-0.08120825708654987,0.050609420193787946,10.978059995766912,0.00020549194158633896,5.4474896078945895e-05,3.5379370721953205e-05,7.352473624503837e-05,-5.857796906932975e-05,-4.523377788766353e-05,-0.0004335707077962778,9.175127550272291e-06,0.0001210279337430546,0.00043006642287368404,0.0003812457646949027,-0.00016212561151980417,0.0019504352851302763,soft-like,ok,0.005032873694134389,-0.019683091283529776,0.019299883103954547,0.019663006803726447,,0.012566568164804354,-0.022838002601628427,-0.013776986327510047,0.013889334954551726,15.676653556455399
3050280165,XTE J1739-285,NS,6,59022.7351,True,0.0005429118495358588,623466,0,12,0,2015.8843613564968,204.00260416666666,7.0,229525,66462,17361,0.2895632284064917,0.26121693599350004,0.00020652375940575425,7.85468029626563e-05,0.014370934534878177,0.0006193560293521874,0.00027606307617491864,0.02488686459464485,0.000490963092599293,0.0004187458285314335,0.02215768698667108,0.0011961826223761485,0.0009244724405457602,0.03458587316197393,0.0008604299485132385,0.0026195153477466654,0.029333086242556178,0.02736163252258867,,0.00010106123151417537,0.00017719740769969188,1.169916480114123e-05,6.807546499501892e-05,0.00018519169840949581,0.00018543284461004238,0.0001983033466262931,0.000278600367687945,0.0002123425865276063,0.00014310320520270458,0.0004854025380532615,-0.001191755045527948,-0.00010599587629824572,soft-like,ok,0.013666968837383072,0.024943047448079233,0.02868705339231144,0.048315830589756054,,0.015052955476221732,0.02482961211044955,0.012386639909047087,0.006238272151529627,
3050280187,XTE J1739-285,NS,7,59067.35556,True,0.0004897428427883255,364026,1,10,3,1700.9798111617565,133.39375,7.0,126410,35002,9332,0.276892650897872,0.2666133363807782,4.6846102549088435e-05,0.00014871318393659352,0.006844421272035235,-0.000558002202953344,0.0003325785380858036,-0.023622070251215155,0.0007102289049038926,0.0007695105237051871,0.026650120166781473,0.0012088774966019485,0.0016400742410920947,0.034768915666180164,-0.0016652050396078336,0.007466846846061209,-0.0408069239174902,0.03143896375460209,,9.194931585097916e-05,8.718342980449269e-05,-0.00017819357051772174,-2.1612664963001728e-05,0.00019380116262398593,-0.00019497141083845066,-0.0004073103317135644,2.3382343932740378e-05,0.0006967938461711567,0.0005470036208931469,0.00047652464311817973,0.0008539080136073017,-0.0011800499560060608,soft-like,ok,0.01404373067087293,-0.02614742206162534,0.03916860779363337,0.04896153061605379,7.281725292520438,-0.009989373358777528,-0.020867392348061606,-0.009653706424355956,0.007080272486082146,
3201750105,XTE J1810-189,NS,1,59097.10927,True,0.003951603390458858,149800,0,39,0,5906.669251173735,20.10516826923077,7.0,65712,25771,8882,0.3921810323837351,0.34465096426215514,0.0025900913905600553,0.00061440994656803,0.050892940478617026,0.009908766395623646,0.001625571274442751,0.09954278675837665,0.011328116028604195,0.003135954569850453,0.10643362264155155,0.03421393419263879,0.004869842586531041,0.18497008999467668,-0.023757144602215192,0.017459973027358338,-0.15413352848168757,0.17306572276239615,2.9598331929542425,0.0003268928194448469,0.0006130717086221346,0.0007912289919161728,0.0016039595513525479,0.0018883276541159983,0.004121826982356557,0.003536663426716462,0.005224547416026481,0.006047348083681549,0.006757156724638026,0.011414562860143338,0.008545691925197732,-0.020919533748941278,hard-like,ok,0.05498385892310226,0.10515719724719748,0.11840495769151749,0.19139834051409868,2.924095365920417,0.04619824139756092,0.09327012634096803,0.09217133266497915,0.1779546431650464,3.0034430422853733
3201750106,XTE J1810-189,NS,2,59098.27569,True,0.0033530042918454937,46750,0,12,0,1784.0125470757484,20.944010416666668,7.0,20939,8382,2849,0.4003056497444959,0.33989501312335957,0.0028094610086132326,0.000879631188680725,0.05300434895943193,0.018610245987507372,0.0020164112441273863,0.13641937541092677,0.01304537923488878,0.0036917298864913594,0.11421637025789595,0.03964737288300136,0.006029541014549108,0.19911648069158253,0.024970291745788,0.023472106883207507,0.15801990933356466,0.2025615945911693,2.5567882447438772,-8.76334271998875e-05,0.0014938579730683094,0.001002891724645921,0.0014140787957495815,0.00319768390855329,0.005233556296542301,0.009183046632304926,0.006346992960749047,0.006592977939396006,0.003853030025366,0.020285677923165435,0.007562210170335626,-0.025047171319359338,hard-like,ok,0.05700120652247574,0.14042154034014573,0.102350064743721,0.20577107345387197,2.721753466659564,0.048619079211830236,0.1322393279861863,0.1251004164093846,0.1921364853624249,2.3930751225124105
3201750109,XTE J1810-189,NS,3,59108.40523,True,0.006108997374202883,90744,1,10,0,1901.9429710805416,32.24609375,7.0,26081,11218,3976,0.43012154441930905,0.35443037974683544,0.0031177251415044826,0.0008851577800800716,0.055836593211839876,0.01428548788845694,0.0018182167972939454,0.11952191384201033,0.010928253956699337,0.0036065836215014822,0.10453828942879895,0.030553426867592555,0.008263783128623978,0.17479538571596379,-0.023329231375383026,0.01626530727826973,-0.15273909576589428,0.21164345127775824,1.9039924894284084,0.0003671174800757911,0.0007762982474819225,0.0014181608169025314,0.00118798560713752,0.0023054263943145725,0.004785021737868906,0.006824883089982761,0.007236106504447642,0.0037975845885249056,0.00293807230977441,0.0043685240345192585,0.005119165047199293,0.0036686046105313067,hard-like,ok,0.05305604435869029,0.12095234498428528,0.08061541381296398,0.1574522762871034,9.067520777173257,0.05853302873553634,0.11804716755458448,0.12425666024722856,0.19084648050245995,2.288718340163355
3201750110,XTE J1810-189,NS,4,59109.95454,True,0.0022478770050507854,44322,0,6,0,1079.8741708397865,33.446614583333336,7.0,16313,6992,2382,0.42861521485931464,0.340675057208238,0.0027708714797227856,0.0013931442992382384,0.052639067998234784,0.012612819342030075,0.0019963321887591094,0.11230680897447881,0.012289695302745192,0.0033698600504137744,0.11085889816674704,0.02842144043117955,0.007915970718292743,0.1685865962381931,0.0032995050074688687,0.02659165029359619,0.057441317946830474,0.2469952389641371,4.2625673600273295,0.0003433795879041372,0.0008707062094682207,0.001019046315380583,0.00154597119494119,0.003479378816707918,0.004128775241462874,0.004711854028930295,0.008882641718773742,0.0030350125988332327,0.0037308449000562484,0.00517453480479381,0.007022605906560044,0.01706189674713891,hard-like,ok,0.03948171145187596,0.1043733398047494,0.11631052440985276,0.17390050742035723,1.777167362932179,0.06285450289978209,0.11952450502181595,0.10528154253799323,0.16324802251645745,6.860751996794245
3201750113,XTE J1810-189,NS,5,59114.47302,True,0.0020906254454457623,156167,0,17,0,3690.981715261936,34.1204044117647,7.0,47263,19856,7127,0.4201172164272264,0.35893432715551976,0.0012058346623682445,0.0006407480190331705,0.03472513012744869,0.008770214071042207,0.0014514079238995793,0.09364942109293686,0.009707402791216065,0.0023904817434525624,0.09852615282865797,0.029223795601448905,0.0036850453795294323,0.17094968733943008,0.000969107278517468,0.01802521015858552,0.031130487926106586,0.17922173998220897,1.8336860024010668,6.467023018905219e-05,0.0004584768687123044,0.00042902716468924066,0.0005745680298533528,0.0019042652174790626,0.003211507723949512,0.0035400378187756417,0.003766937497058064,0.005798631204109337,0.010174261327373646,0.0009889724940963208,0.0015978646462416104,-0.00038878814027662424,hard-like,ok,0.03997771443829721,0.08861730140299576,0.11775362568040885,0.16822827199959509,3.377324917900015,0.027645010649663983,0.09900716109355026,0.07090422524448499,0.17396146119131817,2.225777234553568
3201750116,XTE J1810-189,NS,6,59119.64185,True,0.0058988561973958705,52958,0,6,0,1262.5865200161934,32.938802083333336,7.0,16078,6692,2527,0.41622092300037317,0.3776150627615063,0.00095640574592796,0.0008466942932581078,0.03092581035200145,0.007744008372883523,0.002339696801205409,0.08800004757318898,-0.0004887837399624459,0.003124234009313092,-0.022108454038273367,0.012539019463503389,0.007811429241842865,0.11197776325460064,0.0005093800342716034,0.0315089112930932,0.02256944913531572,0.2036299470698805,15.602497747269437,3.7821283790336014e-05,0.0006721641060792266,-4.632873554363635e-05,0.0005398862876014119,0.0006517498147384084,0.0022524605658482554,0.004407400848959481,-0.003928688627104986,0.003662986118270876,0.004764824518946431,-0.020314412701801378,0.011939751563978562,0.03682554029991935,hard-like,ok,0.009085551882889498,0.07911238618006382,-0.08276746685398965,0.08595787457470555,13.904921263032133,0.04264891617112465,0.09596865706226577,0.07609450346973014,0.13274969821172614,15.791827509456251
6201750101,XTE J1810-189,NS,7,60061.82909,True,0.0014880015566785516,229117,1,15,1,2252.942009806633,74.00260416666667,7.0,102105,32172,7808,0.315087410019098,0.24269551162501554,0.0009703816624688636,0.0002158270955819268,0.031150949623869634,0.0009545978257759905,0.0005316395468026474,0.030896566569377747,0.0005774987802323022,0.0008709501531392405,0.024031204302579226,-0.0009601232671485109,0.001985946673168462,-0.03098585592086349,-0.009828709605438727,0.0067338792327815,-0.09913984872612389,0.0,,0.0006168583981667775,0.00027369427311975234,0.0006819672830451201,0.00015631132289479227,0.00014595048640298324,-0.0001827308891379505,0.0008052020750422086,-0.00027344032832668817,0.0008955240454369386,-0.0020693810561132554,-0.002151077259769065,-0.002324638437236349,-5.802912247076302e-05,soft-like,ok,0.0355745580103979,0.028820843020929868,-0.0061428823323224175,-0.06904826267984855,,0.025090356405445963,0.03313218366298056,0.03588819998854791,0.05862400973103676,4.601943967133541
