obsid,source,label,group,time_bin,rank_in_bin,mjd,exposure_cat,n_events,n_bursts,n_seg,n_seg_burst_removed,good_time_s,rate_2_10,mean_n_mpu,cA,cB,cC,c1,c2,T1_var,T1_se,T1,T2_var,T2_se,T2,T3_var,T3_se,T3,STATE_var,STATE_se,STATE,WHITE_var,WHITE_se,WHITE,rms_nuc_band,nu_c,lb0,lb1,lb2,lb3,lb4,lb5,lb6,lb7,lb8,lb9,lb10,lb11,lb12,state,status,bkg_ratio_12_15,bytes,file_bytes,read_complete,sha256,url,lb0_se,lb1_se,lb2_se,lb3_se,lb4_se,lb5_se,lb6_se,lb7_se,lb8_se,lb9_se,lb10_se,lb11_se,lb12_se
1100320103,Cyg X-1,BH,"v9 source, third set",0,0,58056.02473,1403.0,26189524,0,10,0,1402.9997515529394,2996.1578125,7.0,3589764.0,209317.0,36001.0,0.058309404183673356,0.17199271917713324,0.0033581110141561177,0.0003787590767794497,0.05794921064308053,0.004017419533320048,0.0002903580111616875,0.06338311710006102,0.001904225583571562,8.949935995880223e-05,0.04363743328349597,0.00654325764905033,0.00035208822849206687,0.08089040517298902,-4.873630606064698e-05,0.0003048480202772302,-0.006981139309643304,0.10951877395980616,0.18999990698617752,0.001917664441507433,0.0012040164002193577,0.0012458031518125065,0.0011865074583252207,0.0013303783690478098,0.0011879698796563728,0.001207566051281123,0.0010664137052203307,0.0008511011154850053,0.000499337353839817,0.0003396329359383791,0.0002134916601734466,-0.0002555206728476843,intermediate,ok,3.0275492680005683e-05,569100012,569100012,True,3f7ab3fb788903537ae7efcacff4ff4f5a9df3cd4e6efbb4fc83079b22e9c9c6,https://nasa-heasarc.s3.amazonaws.com/nicer/data/obs/2017_10/1100320103/xti/event_cl/ni1100320103_0mpu7_cl.evt.gz,0.0007235829471264014,0.00030516942202198094,0.00013724732441981023,0.0001230112581404799,0.0001955996938119338,6.453349472258011e-05,0.00010412747083362604,3.759700150610311e-05,6.643631638005647e-05,4.347476915770449e-05,8.163686669078788e-05,3.781360952789548e-05,0.00014321129308948947
4690010103,Cyg X-1,BH,"v9 source, third set",1,0,59625.50747,1981.0,2449963,1,3,1,1980.6786091327667,456.5625,7.0,119131.0,41534.0,14655.0,0.3486414115553466,0.3528434535561227,0.02479287696509783,0.003588884790951089,0.15745754019766037,0.06159971205286059,0.0021921551221100112,0.24819289283309584,0.02634770156070569,0.000494260004084069,0.16231975098769,0.09666271992521432,0.0008860648781683195,0.3109062880117003,0.00046023238664586277,0.001320479469928533,0.021453027447096196,0.382308542704997,0.3583265913737575,0.014549679532651932,0.003965022976487559,0.010520664856759987,0.015886992964137744,0.022440441868946472,0.01748565872747027,0.015835170465190018,0.015007616300492483,0.011598722419179565,0.0069475627245803185,0.005674267058048502,0.0033316418494692074,0.0029163800818044288,hard-like,ok,0.00044472630386572853,55727888,55727888,True,028f3a114510b2fb1b2e3e97507d42216e3ff8a336f62856cf89a35403a80700,https://nasa-heasarc.s3.amazonaws.com/nicer/data/obs/2022_02/4690010103/xti/event_cl/ni4690010103_0mpu7_cl.evt.gz,0.010169885153892678,0.0017931384911653912,0.003356356657709316,0.0005440458378692937,0.002729845435463846,0.0022733546512687434,0.0012138770845562014,0.0004965318171186997,0.0007049642911148004,0.0007197569445453584,0.0017285453266485996,0.001703322481569632,0.000829808274165244
4690020107,Cyg X-1,BH,"v9 source, third set",2,0,59673.15076,2366.0,5409606,0,8,0,2365.833771586418,737.53515625,7.0,564688.0,142317.0,48231.0,0.25202766837616525,0.33889837475494844,0.01668897006219436,0.0021932896326388035,0.12918579667360636,0.04727353173501845,0.0006897171285765738,0.21742477258817233,0.02507725443187629,0.0008487318565037023,0.15835799453098756,0.0819277631088189,0.0014662806874444405,0.2862302623916956,0.0006235823509785594,0.0008154827546362531,0.024971630923481137,0.32713473804274246,0.6113420151212693,0.0011440143214511745,0.0034770487335624104,0.007012926759537024,0.010318491906983897,0.013594518226630119,0.014516695916818905,0.014892995499709244,0.014612206869502051,0.010614872316345449,0.007619677280027565,0.0043528071782936925,0.002783332113095855,0.0020775497123363385,hard-like,ok,0.0003166356567507991,122604494,122604494,True,7fbd081ed7b4742c71df14fdac21cc36d6783368bc26db9370b8d38189c2829e,https://nasa-heasarc.s3.amazonaws.com/nicer/data/obs/2022_04/4690020107/xti/event_cl/ni4690020107_0mpu7_cl.evt.gz,0.00040483440112020765,0.0010346592683557012,0.001409832647918256,0.0010287532118411693,0.0009663583380817998,0.0005908151656146483,0.0007399304206719285,0.0005945869271966171,0.0004183100243015621,0.0002383016106313436,0.0003056502285589769,0.0003724378892287001,0.0006335439767552767
5100320109,Cyg X-1,BH,"v9 source, third set",3,0,59751.04031,10203.0,31286121,0,73,0,10202.971379220486,898.2121147260274,7.0,6361593.0,1526712.0,504589.0,0.23998894616489927,0.3305069980454729,0.008232728457399741,0.0003137828115931,0.09073438409665732,0.040674324205537,0.000651406996890529,0.20167876488499478,0.026894679671282683,0.00029829755139934653,0.16399597455816617,0.07677696662028415,0.0008412964795768741,0.27708656881971766,0.0007527507220628681,0.00028173612622014316,0.02743630299553619,0.3044311191304312,0.8608667595701701,0.000562158497437,0.0015062520567947324,0.0031173680667786106,0.0057192030832977385,0.011374497457156657,0.013284485555211391,0.013709625993414248,0.01520261162293632,0.01188768849862973,0.007464303615586878,0.004510028503629126,0.0025789032116097345,0.0017611801325246217,hard-like,ok,0.0003027604611002503,699606948,699606948,True,955e035e6754b400b729650b40c85505e68b4911bc1746ef980b689cc06d3a58,https://nasa-heasarc.s3.amazonaws.com/nicer/data/obs/2022_06/5100320109/xti/event_cl/ni5100320109_0mpu7_cl.evt.gz,6.460347094119125e-05,0.0001210247853465691,0.00019986823175747526,0.00028834318661587725,0.000341240222466858,0.0003210556228377204,0.0002783657803036795,0.0002242800463427874,0.00014580476109509214,0.00011317342933107547,9.110644688609301e-05,0.00011717587216234776,0.00017525995677812728
5100320111,Cyg X-1,BH,"v9 source, third set",4,0,59752.9919,5079.0,16913972,0,29,0,5078.980853289366,944.5258620689655,7.0,2664549.0,633379.0,208152.0,0.23770589319243143,0.32863735614853035,0.007463746953743313,0.0005294609462829529,0.08639297977117882,0.04169656871086043,0.0015401667526746177,0.20419737684617897,0.028517222674573482,0.00045847281140820486,0.1688704316171824,0.080381285625325,0.0017640365958095125,0.28351593539927344,0.0006259719369742404,0.0005035522941832674,0.025019431188063417,0.3105884435803187,0.9282788067690747,0.0007597385152668372,0.0012122271489857022,0.0024021232411308067,0.00624195352745165,0.011254095099086737,0.013942638832681592,0.013894145874144259,0.01553115578907946,0.013199198826617003,0.008176904368624616,0.004830756956260427,0.002624871148134531,0.002395371958181171,hard-like,ok,0.00035858717068108624,379019320,379019320,True,353f0aec99b6e56eca0556b0bf845d6d4b55e852eaeec0ce691e99b0c30e3baf,https://nasa-heasarc.s3.amazonaws.com/nicer/data/obs/2022_06/5100320111/xti/event_cl/ni5100320111_0mpu7_cl.evt.gz,0.00011874896909076908,0.00016398168943601476,0.0002245952677297852,0.0006363184770404118,0.0006737426656948289,0.0004527083189266924,0.00041638338643736566,0.00034559478777653613,0.00023133382913453267,0.0001681908102724123,0.00014953340319384762,0.0001408790188971532,0.0002653402907883423
5100320129,Cyg X-1,BH,"v9 source, third set",5,0,59775.05709,5224.0,46505512,0,13,0,2165.767414867878,4321.896634615385,7.0,6268206.0,744839.0,178591.0,0.11882809850218706,0.23977127943085688,0.002664867401344205,0.0006424539460886738,0.05162235369822074,0.005013871844428668,0.00045046858060126903,0.07080869893190149,0.008066881399507233,0.0008661987808011581,0.08981581931657269,0.018185194144991635,0.0011622382041600726,0.134852490318094,0.00016308350721547842,0.0001930226877937957,0.012770415311002162,0.15751726837272087,1.0831147635700753,0.0015364848627668164,0.0011818741370368793,0.000931547332702647,0.0008048216284588563,0.0014752736493860922,0.0013452558748584893,0.001911508603427682,0.0031335516649346135,0.004961787754474848,0.004276440857469153,0.00185179335054295,0.0008731795461173617,0.0005281705734273825,hard-like,ok,6.949345921858724e-05,1000000000,1968839947,False,f0556e141348b390101d4e2134352494273dba6f83a308fdb6e4b8f4b638667a,https://nasa-heasarc.s3.amazonaws.com/nicer/data/obs/2022_07/5100320129/xti/event_cl/ni5100320129_0mpu7_cl.evt.gz,0.0005231726027026129,0.0003657970536695832,0.00024756744236480063,0.00019593930756212446,0.00023600139044724542,9.957065378959622e-05,0.00016595578050700155,0.0004143272403337458,0.0004918484518172659,0.000187280220705717,0.00013109269597084562,8.05422987864727e-05,8.033706789150984e-05
6643010103,Cyg X-1,BH,"v9 source, third set",6,0,60115.06863,20076.7622374296,40581013,0,14,0,1953.9995874762535,3826.335379464286,7.0,6143062.0,579170.0,134561.0,0.09428034423224119,0.23233420239307975,0.0026487878157031705,0.00037374754689516637,0.05146637558351249,0.0038268397046962144,0.000375595167643597,0.06186145572726376,0.003270067477004574,0.00014499988120792001,0.057184503818819434,0.010733056118743225,0.000707995057460952,0.10360046389250979,8.923444798969289e-05,0.00016185168116942189,0.00944639867831614,0.12807279642101244,0.8367879890890096,0.0011108961444447293,0.0010514309694883103,0.0010021070141152456,0.0008554237274577573,0.0010103644392419192,0.0012013841101535295,0.0013329314603697775,0.001349736391505874,0.001942316885071544,0.0029463996481212235,0.0016142194798674666,0.0007389285266555997,0.0002465023866051215,hard-like,ok,0.00021562344744077897,876955786,876955786,True,39aa9d8c497ffc94a3108f71bd25b1b6efd2f7d8f4cc7bb5917867afa607b3aa,https://nasa-heasarc.s3.amazonaws.com/nicer/data/obs/2023_06/6643010103/xti/event_cl/ni6643010103_0mpu7_cl.evt.gz,0.0003489775383960982,0.0002824296419106862,0.0001472238899184324,0.00014279375540597708,0.00011076019430265726,0.00014993091879141125,0.0001372344955280822,8.780495751372975e-05,7.95119225599718e-05,0.00016672031254709856,0.00011715396289852553,9.955047181516714e-05,9.033934027829491e-05
7100320103,Cyg X-1,BH,"v9 source, third set",7,0,60410.07242,2769.0,4551563,0,18,0,2768.226627111435,569.8806423611111,7.0,972779.0,253408.0,86818.0,0.26049904449006406,0.3426016542492739,0.02018272256612961,0.0016582562356927538,0.1420659092327558,0.0496710077949923,0.0017394729746339928,0.22286993470406075,0.02234579114335541,0.0004618862605858147,0.14948508669213598,0.08071084440267705,0.0016963040595468506,0.28409654063834894,-5.504959146197321e-05,0.001292129456320852,-0.0074195411894518925,0.33065636635897233,0.47501305750658807,0.002508069769188116,0.0034136288886933383,0.007016000589722777,0.014415414591683598,0.016251798412916806,0.01460318510000675,0.013975600008792152,0.013578848330015714,0.008945045582646177,0.0072260459043451495,0.003891143456901966,0.001984404484862266,0.0015244474939441245,hard-like,ok,0.0010059308404983286,101461747,101461747,True,38415b208f0294041f57c0ec5b8b52d7fb0b66e2405a5e63d1f86c44771f9919,https://nasa-heasarc.s3.amazonaws.com/nicer/data/obs/2024_04/7100320103/xti/event_cl/ni7100320103_0mpu7_cl.evt.gz,0.0004973725540160722,0.00039164256248364174,0.0007704592262061811,0.0014167846025995015,0.0018474172415400471,0.0007314370021966382,0.0006577857985335586,0.0003742800593696347,0.00025137280428406944,0.00020985073272627053,0.0003013030967798771,0.00025749086626010697,0.00046751560797824956
1101010104,LMC X-3,BH,"v9 source, third set",0,0,58046.52187,5753.0,3592559,0,28,0,5750.761126667261,123.84514508928571,7.0,334524.0,64148.0,45189.0,0.1917590367208332,0.7044490864874977,0.1437405091644412,0.07559856367877645,0.37913125585269436,0.21051191000536362,0.11076124809635343,0.45881576913328037,0.03966022932574799,0.020866653750844982,0.19914876179817936,0.2535575153918611,0.13340597484955238,0.5035449487303603,-0.0019345551817338469,0.0023042187063549136,-0.043983578546246634,0.6682651513457877,0.11440747936818989,0.05064241372829574,0.05425210310124981,0.04680787228772247,0.0902613064474155,0.0799194906611648,0.04649001928432698,0.03627626351364569,0.0305333780006658,0.009372215199361862,0.002544156312482995,0.0011596132522967734,-0.0007011823321914804,-0.0009793369532284392,hard-like,ok,0.0465536258477782,81667179,81667179,True,4e2855d9adb528ffcc390253bf4968740c8cccc5a0af29fdaf12cf2870aeeaf4,https://nasa-heasarc.s3.amazonaws.com/nicer/data/obs/2017_10/1101010104/xti/event_cl/ni1101010104_0mpu7_cl.evt.gz,0.026219609489456685,0.028501581773696855,0.024505855454171496,0.04767982012375239,0.042125976320077724,0.024249570725817026,0.019172091427871733,0.016167379897981494,0.0048292604526796136,0.0014693474929297259,0.0006534089662638685,0.0005479732025264341,0.0012377442166592355
1101010126,LMC X-3,BH,"v9 source, third set",1,0,58308.34965,2104.0,527965,1,11,3,2103.771651804447,36.54048295454545,7.0,44023.0,5146.0,2280.0,0.11689344206437544,0.4430625728721337,0.015081370869602675,0.01402847702553307,0.12280623302423486,0.003073226722860517,0.0033937246790539215,0.05543669112474623,-0.00032511676472883394,0.002450690561160608,-0.018030994557395714,-0.004613348647330883,0.007656437394631497,-0.06792163607666472,0.01713777718221095,0.019880581650662397,0.13091133328406274,0.15367921956325378,0.10355871472323241,0.008031702048711956,0.008835440723080092,0.004025137454217591,0.0030388235470585664,0.0019718538600275656,0.00017420476005529302,0.00018553280596719058,-9.983770258482285e-05,-0.0003016746200871124,-0.0065398132557321015,-5.780132188530516e-05,-0.0012229577409212419,0.005576691967663099,soft-like,ok,0.0516055190109047,12138594,12138594,True,3c6d843cd73b5b0b62c74115dd814de14a64ec856982569b9b294ec1ea26974a,https://nasa-heasarc.s3.amazonaws.com/nicer/data/obs/2018_07/1101010126/xti/event_cl/ni1101010126_0mpu7_cl.evt.gz,0.006980319467522125,0.007578798304193587,0.004212016122869779,0.002598932638560081,0.0016290608656496558,0.0010497189428724837,0.0008295004333771444,0.001686398357180561,0.0014118248938634538,0.00318940763193753,0.005524935995785644,0.0065403529327004795,0.012355776170559015
2101010104,LMC X-3,BH,"v9 source, third set",2,0,58656.04054,1305.0,622730,0,3,0,1304.7142772972584,87.8046875,7.0,28839.0,4265.0,613.0,0.14789001005582716,0.14372801875732708,0.00029011145037800373,0.00020482557789757173,0.017032658347363273,1.2941567048493801e-05,0.0006741952099669746,0.0035974389568822155,-8.245349196296378e-05,0.0023458705971496417,-0.009080390518197099,-0.0024721229714498947,0.0025547742648504043,-0.049720448222536115,-0.00573606888861684,0.013066309729622694,-0.07573683970576565,0.0,,9.685700176682373e-06,6.9402323346442455e-06,0.0001925238486099955,-2.610372742304833e-05,-1.1511696232113207e-05,-0.00037706546482706345,0.0002457364722829191,-0.0011758530814191344,0.0013659329421373341,-0.00012065399627851055,-0.0014993636764059808,-0.0009336233101409905,-0.005622179960164049,soft-like,ok,0.004349139232860163,14064592,14064592,True,b6cd55bcb97a3685198496a3bb859ef4c929257fac7ac08f165a93496bf276c2,https://nasa-heasarc.s3.amazonaws.com/nicer/data/obs/2019_06/2101010104/xti/event_cl/ni2101010104_0mpu7_cl.evt.gz,8.838816278437778e-05,0.00012958180204052447,0.0001999148987042155,0.0003852394136226201,8.248972058594226e-05,0.00013826476017986914,0.00048007382277231433,0.0004353053901476155,0.0018020392196025075,0.001632129663626595,0.003472194172066404,0.006335120014225994,0.007228067828208606
3609011101,LMC X-3,BH,"v9 source, third set",3,0,59228.31528,2137.0,1050707,0,5,0,2136.276214927435,90.765625,7.0,49722.0,7316.0,1052.0,0.14713808776799003,0.1437944231820667,-0.00024088240714162897,0.0001769595930428856,-0.015520386823195773,0.0006996859765310399,0.0005574249123400626,0.026451577959188746,0.0003801701672960522,0.0010078668646823332,0.019497952900139344,0.0011663503452095212,0.00123107104100762,0.03415187176729148,-0.0004055937263821346,0.004947542884872652,-0.020139357645717865,0.0,,0.00014902141850108282,-3.993975048786378e-05,-2.2579004466917038e-06,-6.246170738225126e-05,-0.00014866510685559154,-3.09149363556217e-05,0.000757082761469861,-0.00031242840749217136,0.0006785587842357938,0.00028769545650884324,-0.0021959647271189023,0.0022698241622669483,-0.0016010090556205496,soft-like,ok,0.006687955038957721,23936047,23936047,True,21e1b3f5e98e991fece319c6feb36d280dcca27b3c556f18a74e7a6ce5ea4b53,https://nasa-heasarc.s3.amazonaws.com/nicer/data/obs/2021_01/3609011101/xti/event_cl/ni3609011101_0mpu7_cl.evt.gz,0.0002499439528951627,0.00011418600642527328,0.00012383549468209125,0.0003124894806818587,0.0003935977669752774,0.00036281496697578827,0.0002881394011266547,0.0008651477793200164,0.0007667865865509051,0.0018837083812236605,0.0022108330144230016,0.0026783156225385764,0.00298992114188805
5101010109,LMC X-3,BH,"v9 source, third set",4,0,59934.0287,1536.0,426149,0,10,0,1535.9663632512093,39.66640625,7.0,45208.0,4990.0,575.0,0.11037869403645373,0.11523046092184369,0.0005005942642312698,0.00039874844264887126,0.022373963981182902,-2.2658002952857714e-05,0.0010355926783631312,-0.004760042326792663,-0.0008965685979414622,0.0026550041156972884,-0.029942755349858206,-0.0024338221549080304,0.004825397776859279,-0.04933378309949512,0.028815120978421094,0.013743783668510824,0.16975017224857564,0.0,,-1.79522672831072e-05,7.476619815334637e-05,0.00034719605073442727,-8.328766870456623e-06,-0.0009642306952095422,4.753527514077238e-06,0.0010142907334469264,-0.0010536512258054664,0.000166571841373639,-0.002072588995397467,-0.004588500747216828,-0.012380950009655878,0.010710019672727401,soft-like,ok,0.0005891209007003993,9548386,9548386,True,1e70042aad282013593e67b20378c529862264091f558d4770fb0a0e46a34d0f,https://nasa-heasarc.s3.amazonaws.com/nicer/data/obs/2022_12/5101010109/xti/event_cl/ni5101010109_0mpu7_cl.evt.gz,0.00012064773492207731,0.0001304887119274168,0.0003546718388752101,0.00037506749728660223,0.00048545997704635234,0.00048215005059599087,0.0008929432492866523,0.001142463478410937,0.0025821146374639687,0.0016131437747153195,0.004469256691093053,0.006153881351647352,0.01040533340811721
6101010125,LMC X-3,BH,"v9 source, third set",5,0,60334.08079,1360.0,388586,0,10,0,1359.974379837513,40.1421875,7.0,45335.0,5281.0,766.0,0.11648836439836771,0.1450482863094111,0.0002759663340034258,0.00046855235118976966,0.016612234467506946,-0.00018711685326121155,0.0016867673927760455,-0.013679066242299273,-0.0021146655841493326,0.0029452878032400365,-0.04598549319241159,-0.004308109798599593,0.005808563764878762,-0.06563619274911969,0.013659003219291066,0.02249828052457729,0.1168717383257863,0.0,,6.799014622720645e-06,3.3866278949920946e-05,0.0002836089884645669,0.00023045428298367387,-0.00016734207345267896,-0.00019331825895482497,2.253145635656114e-05,-0.0014685184701600247,-0.0007670983075943136,-0.0016971924933600227,0.0036410138114281337,0.008635949463914794,-0.011188221358825785,soft-like,ok,0.0004950585819321953,8665405,8665405,True,98afdcb082c528db98ed4dd03beda1b6520b81922505125af7acd5c14de4b1b3,https://nasa-heasarc.s3.amazonaws.com/nicer/data/obs/2024_01/6101010125/xti/event_cl/ni6101010125_0mpu7_cl.evt.gz,0.00019894768087939222,0.0002032342511255866,0.00026399539283303915,0.00040308806816528,0.0004828207770868452,0.0009095515895770984,0.0011023728972662423,0.0016535635579656212,0.0021962511731682087,0.002849924237365555,0.0036733990851430063,0.005334117197773124,0.009355908254718626
6101010127,LMC X-3,BH,"v9 source, third set",6,0,60340.99838,1679.23876899481,1212963,0,8,0,1679.0194064378738,344.3740234375,5.25,75899.0,74571.0,202169.0,0.9825030632814662,2.7110941250620213,0.03926163172154097,0.003377760586831347,0.19814548120394007,0.05047918958638914,0.000675484822646252,0.22467574320871656,0.012189613325414506,0.00033409508521546947,0.11040658189353797,0.06376883394397209,0.001005018281703651,0.2525249174714687,-0.0014079001833110416,4.8638662185027254e-05,-0.03752199599316435,0.4626933121917694,0.04430275604896822,0.1104364443871828,0.009445604540984035,0.01113963423970497,0.023659466943425588,0.01812906287475373,0.015240444385856108,0.012110100125227539,0.00945275920255081,0.002753362320841837,0.0009210628909878204,0.0004944226572313387,0.00021707311125718435,8.566346698646573e-05,hard-like,ok,0.4108254973389091,28500352,28500352,True,1ce49feb81f991f5fdc0242b3e2ef8673d6463bf9c75c3395a2d5c3b6b0c1eb4,https://nasa-heasarc.s3.amazonaws.com/nicer/data/obs/2024_01/6101010127/xti/event_cl/ni6101010127_0mpu7_cl.evt.gz,0.014762652550761144,0.0008791685598593055,0.002021280044338176,0.0005174075559998784,0.00025678520369394316,0.00021332922717958962,0.0002511227605716366,0.0001879477375431597,0.00014042098592116991,9.870978544927304e-06,4.559115824413673e-05,4.3997667084947386e-05,2.4183074925971388e-05
7704010202,LMC X-3,BH,"v9 source, third set",7,0,60638.06852,3045.0,741924,0,20,0,3044.9240213632584,32.0734375,7.0,73165.0,7762.0,1181.0,0.10608897696986264,0.1521515073434682,-9.691169755458546e-05,0.00031061222586636396,-0.009844373903635795,-0.000978302077048903,0.0012086822013407425,-0.03127782084878841,-0.0008449314851655955,0.002230914564713486,-0.02906770519262908,-0.009221701849817883,0.004191167142804265,-0.09602969254255625,-0.005006330525304252,0.013440066359259662,-0.07075542753248158,0.0,,5.47621629989087e-05,8.660710215649524e-05,-9.614744130963545e-05,-0.00023946464666666363,-0.000647408842960995,-0.00048533376331567516,0.00015163620851627098,-0.001029510821092731,0.00033947694490385033,-0.004841955593873198,0.0034554485731497454,-0.001796694692582496,-0.007655623296743561,soft-like,ok,0.0008237656386757968,16565204,16565204,True,d9d910ac7eed9926e5152cce7a1503b3c97543a1f96ad87bda3743c810622149,https://nasa-heasarc.s3.amazonaws.com/nicer/data/obs/2024_11/7704010202/xti/event_cl/ni7704010202_0mpu7_cl.evt.gz,0.00010878220062667752,0.00018127731858490426,0.0002718242312672131,0.0003158934386517839,0.0005863025503038516,0.0007910964439198482,0.0007041599637475012,0.0013086033032507032,0.002115838687661801,0.0023523836199935014,0.0027682617104859233,0.007080123514107447,0.009632052382531009
1200300101,SAX J1819.3-2525,BH,"v9 source, third set",0,0,58346.15882,1510.0,204816,0,10,0,1509.9642384946346,38.9765625,7.0,41321.0,7082.0,1487.0,0.17138985019723627,0.2099689353290031,0.0003725494233717409,0.0005045431734395645,0.01930153940419626,0.001609466976815068,0.0022901331962521805,0.040118162679951684,-0.002261786914723116,0.0018942114909594999,-0.047558247599371405,-0.0011214055978630095,0.005320207714462739,-0.03348739461145058,-0.01944513629031013,0.01885958897936186,-0.1394458184755288,0.0,,-7.0950770592795225e-06,0.000152139411581443,0.0001581324994041365,-0.00013691370449163816,0.000642090559889509,0.00044623708568639433,0.0005854745684638023,0.0011943919187627672,-0.003321322853832721,-0.0009400574699259004,0.005268167473700429,-0.00578462580208744,-0.008746279897496406,soft-like,ok,0.003662568885120814,4851177,4851177,True,67760a9642b9019a0b894cbfd9b09c93915c0d216573b1c4f6bb94f68fbfe331,https://nasa-heasarc.s3.amazonaws.com/nicer/data/obs/2018_08/1200300101/xti/event_cl/ni1200300101_0mpu7_cl.evt.gz,7.246489809746894e-05,0.0002019045744517857,0.0004448820514849056,0.0002572433394961785,0.0007387062997653803,0.0006899669595361586,0.0012054159967330813,0.0016931385379203624,0.0021507707440258173,0.003586555324996092,0.004344015668240419,0.007550517870233903,0.013315562425284038
3200300101,SAX J1819.3-2525,BH,"v9 source, third set",1,2,58911.43781,1926.0,574564,0,12,0,1925.9495923221111,91.51432291666667,7.0,112250.0,23623.0,4693.0,0.2104498886414254,0.19866232061973502,8.13217982326805e-05,0.00014567136067077612,0.009017859958586654,0.0008909219485909455,0.0004959900176363197,0.02984831567427123,-0.001551236472859713,0.001220539704746964,-0.039385739460618394,0.0017333080399080274,0.0013556880956684966,0.041633016224002166,0.011107096734119316,0.006052780440485381,0.10539021175668695,0.05783810447636672,5.190385717036208,3.5027527339540594e-05,2.8578657852570612e-05,5.6849569861339294e-05,5.938358596640694e-05,0.0004946697478435356,-0.00022927536766229986,0.0005909736960493695,-0.00039110380410457737,-0.0011890688118424318,0.0006178853869402298,0.0047240321151049555,-0.0012602618156302365,-0.00019244415829929124,soft-like,ok,0.00034589518808759653,13309348,13309348,True,265ffb5f220779742fb4b4d5f3851090ce8da71e798a6e45260305093915a73c,https://nasa-heasarc.s3.amazonaws.com/nicer/data/obs/2020_03/3200300101/xti/event_cl/ni3200300101_0mpu7_cl.evt.gz,3.880193266611721e-05,7.550770963147607e-05,9.581945456491427e-05,0.00013585071584220417,0.0001756923932383444,0.00022758634937323593,0.0004460661048375293,0.000511364853993225,0.0009930451345254393,0.0009980511289268067,0.0011525297397028088,0.0025775958489071154,0.0026036657494219783
3200300113,SAX J1819.3-2525,BH,"v9 source, third set",2,0,58937.72384,1045.0,168021,0,8,0,1044.9728195667267,54.59375,7.0,44412.0,9571.0,1921.0,0.2155048185175178,0.20071047957371227,0.00043850018649785815,0.0004384198299097289,0.020940396044436652,-0.0015792394391291812,0.0010018623730610567,-0.039739645684494736,-0.00029432180960126244,0.0017837750487631075,-0.017155809791474796,0.0022089841257828275,0.0025673482000560283,0.04699983112504584,-0.0024454812673814835,0.013778748734011982,-0.04945180752390638,0.1456025431645318,16.755428317958508,0.00010081065990070219,0.00015431859138535293,-6.442543320853952e-05,0.00038965715903309774,-0.00032970102168674507,-0.0006656408693856385,-0.0005602210081177873,4.509882611793619e-05,-0.0004041473063702607,0.00393617533510002,0.005791051960506396,0.0032603557833087576,0.009546767899396057,soft-like,ok,0.0014902607079614986,4036401,4036401,True,b03b74d794d6ccaff87d7e4a0b00b3acc22310eacf8b6b956fc535efd0b6f9f2,https://nasa-heasarc.s3.amazonaws.com/nicer/data/obs/2020_03/3200300113/xti/event_cl/ni3200300113_0mpu7_cl.evt.gz,0.00010290683136012494,0.0001319273029901036,0.00010766949149940006,0.0003149439452699616,0.0004184094211125233,0.00038589869391488326,0.0009572662806714378,0.001146275801618413,0.001895425831206444,0.0012700957949854535,0.002760303724559844,0.004787631809097389,0.010409817866674168
4702010104,SAX J1819.3-2525,BH,"v9 source, third set",4,0,59510.19138,1513.0,189649,0,10,0,1512.9555505216122,36.7328125,7.0,38384.0,7248.0,1386.0,0.18882867861609004,0.1912251655629139,0.00011262608146790695,0.0003959164362051353,0.010612543590860155,0.0016855438858651953,0.0015683702388722299,0.041055375846108084,0.0044872512241960275,0.002386989479694888,0.06698694816302671,0.011049858021674,0.006553634040882081,0.10511830488394493,-0.019846564428563373,0.014270485195894434,-0.14087783512165203,0.09088333434584799,5.213012575305631,8.636143004269274e-05,-8.91584737970118e-05,0.00039150693030486723,-0.0001956387571795695,0.00019678009947144594,0.0011724927936039842,0.00025664549123582763,0.0010830620386691682,0.003469731069220417,0.00011825580977145059,5.113957878928912e-06,-0.0029799739010981856,0.004744601973695177,hard-like,ok,0.0011004275431602114,4582958,4582958,True,075b66e51c83d49757d89aeed96c3a146fe40ac65e79b73ec949635ba59df508,https://nasa-heasarc.s3.amazonaws.com/nicer/data/obs/2021_10/4702010104/xti/event_cl/ni4702010104_0mpu7_cl.evt.gz,0.0001526421522780648,0.000161188804142758,0.0002471028079054473,0.00023487279098764676,0.0004609261116195366,0.0008786429474749072,0.0011073895298662972,0.0019069268238039987,0.0020423020194776267,0.0019010596306364023,0.0038116738978835247,0.007623261567389009,0.008044590463852284
4200300110,SAX J1819.3-2525,BH,"v9 source, third set",5,0,59513.36759,2279.0,499540,0,16,0,2278.934669673443,62.18017578125,7.0,103929.0,19478.0,3938.0,0.18741640927941192,0.20217681486805628,-0.00023033932366698287,0.0001836176112661152,-0.015176933934987754,0.00045591756628414075,0.000987871063213982,0.021352226260606663,3.315024181144672e-05,0.0009354729204037902,0.005757624667468931,0.0009504850720048704,0.0032203050893562296,0.030829937917629197,0.0050528510218145846,0.010225999089873606,0.07108340890682287,0.060018633661452214,8.544501854949052,9.182003072353772e-06,-1.5139157071272225e-05,-7.117076317273743e-05,-0.00014800052561432482,0.00017420665344309322,0.0005326298010343798,-0.00021171394751153512,-3.620262938772845e-05,3.4119052708729725e-05,-0.00014606838246653981,0.00281113344058603,-0.00033951912025912095,0.0010087799612262768,soft-like,ok,0.0027215764045654973,11816737,11816737,True,bfd25b70c6e3a6d03ca3b17b09c23f89f2402c8d54275edd261e59758185dd02,https://nasa-heasarc.s3.amazonaws.com/nicer/data/obs/2021_10/4200300110/xti/event_cl/ni4200300110_0mpu7_cl.evt.gz,7.953085626379093e-05,9.432661750608688e-05,0.00010270138117472044,0.0001733128161013203,0.00025944114014620916,0.00044601250462000965,0.0004923836691931731,0.0007980338673564117,0.0008208859546926724,0.002412355292710094,0.0022535545292557946,0.003435343613052454,0.004249283799918781
4702010202,SAX J1819.3-2525,BH,"v9 source, third set",6,0,59528.08773,1831.0,326502,0,12,0,1830.7689460217953,49.462890625,7.0,61811.0,11856.0,2308.0,0.19181051916325573,0.1946693657219973,0.00023482414652283812,0.0003117385060858988,0.015323972935333647,0.0008503522954836457,0.00115228034024901,0.029160800666025027,-0.0009055551516436522,0.0020800120101210485,-0.030092443430928838,-0.002276312887001022,0.0035627733574975446,-0.04771072088117116,0.04541196246408206,0.008943517301586568,0.2131008269906104,0.0,,-4.5473093091434975e-05,0.00011680258095745707,-0.00024527914403566295,0.00048747513028982197,0.0002022033469719167,0.00023168929142177382,0.00022868881177863254,-0.0003552074516185383,-0.0004867512754025689,-0.0009847899042636956,-0.00031543131164714344,-0.010798743522526322,0.0012607779777405565,soft-like,ok,0.0008470137193932707,7379432,7379432,True,4dd30c9a2c85738ccdeb9a8a02c5c64afffe4aa719e7fe78bf448aed5dc5d8be,https://nasa-heasarc.s3.amazonaws.com/nicer/data/obs/2021_11/4702010202/xti/event_cl/ni4702010202_0mpu7_cl.evt.gz,6.651457681340297e-05,0.00013639347250133605,0.00019850014824342223,0.0003297033840749811,0.000410346648901388,0.0005044227610705304,0.0007207191191042479,0.0011430465941906207,0.001874640581809021,0.002123347770050498,0.004378393513874857,0.0038701401356306822,0.005799867539642299
4202230101,4U 1543-475,BH,"v9 source, third set",0,0,59377.14583,4684.17759087682,46817447,0,6,0,2922.748362481594,7289.302083333333,7.0,4909254.0,627847.0,61083.0,0.1278905104523009,0.09728962629430418,0.0004671231452087969,4.9754710178365203e-05,0.021613031837500192,0.004166435608596483,0.00018839552628950633,0.06454793264386151,0.015334192109959394,0.0004898485372565437,0.12383130504827684,0.13108636682761557,0.0019767047724682223,0.3620585129887372,0.023291675649110003,0.0007912005463621207,0.1526161054709168,0.7510357288327972,16.707871286431065,0.0002085986663481728,0.00013505112239570183,0.0001514785355968901,0.00028437174602965424,0.0004927467869203511,0.0009159831142545117,0.0020325088814784954,0.004559157847307813,0.011396452829781257,0.06140362827664818,0.15909104908034757,0.20946701385542507,0.11391662524087726,hard-like,ok,1.737865558994036e-05,1000000000,1741653091,False,ccf8fbbe61d443e37539ad9c760326e74ac045d5f152f46f9107e92fb825d85b,https://nasa-heasarc.s3.amazonaws.com/nicer/data/obs/2021_06/4202230101/xti/event_cl/ni4202230101_0mpu7_cl.evt.gz,8.992040910309899e-05,2.9996984616440256e-05,3.3542752292200145e-05,4.004378614218262e-05,8.57602587146146e-05,6.741846819204993e-05,0.00011528991158219031,0.00028144037735506065,0.0002709004989600405,0.0011902480003583217,0.006895611166814416,0.004521029072711324,0.003554063768931569
4202230128,4U 1543-475,BH,"v9 source, third set",1,0,59406.19838,3516.0,46485651,0,5,0,2296.1236657500267,6018.9296875,7.0,3395048.0,420717.0,36350.0,0.12392078109057662,0.08640012169700773,3.7870455972339175e-06,4.353473746490037e-06,0.0019460332980794335,2.6710968652090857e-05,1.199351895521643e-05,0.005168265536143713,2.4488254770270252e-05,2.5295846001762413e-05,0.0049485608787070865,9.176339736057081e-05,5.8433607848082016e-05,0.009579321341335763,-0.00010970853144981639,0.00020403949274109228,-0.010474184046970742,0.010525807902665597,,5.9467575811160365e-06,2.2366652810516893e-07,2.591174918733453e-07,7.232557003086324e-06,2.358080268812344e-06,1.3820561665280794e-08,1.931905512942949e-05,4.444536219862949e-05,-1.8865390162006422e-05,1.0902247165986662e-05,3.228168352775814e-05,5.866649695746888e-05,-5.199082224810722e-05,soft-like,ok,5.268691730434677e-06,1000000000,1528465070,False,1b211002f3e82208ceee23e750a45aec76366276d4c9883f6ec33ccb36e153fc,https://nasa-heasarc.s3.amazonaws.com/nicer/data/obs/2021_07/4202230128/xti/event_cl/ni4202230128_0mpu7_cl.evt.gz,2.177424913845474e-06,1.5390519822993684e-06,5.449484322329369e-06,1.8304420072249746e-06,4.0897982728284845e-06,6.403724031259557e-06,8.031864768360161e-06,8.016427114494372e-06,2.2179385927411724e-05,3.348426911391972e-05,2.8502437862845543e-05,5.087126804474855e-05,8.519434243473522e-05
4202230141,4U 1543-475,BH,"v9 source, third set",2,2,59426.12727,1301.0,38574434,0,8,0,1300.9989166557789,8376.0556640625,7.0,7661900.0,850734.0,64447.0,0.11103433874104335,0.07575458368890864,6.173975157363514e-06,2.784168797531156e-06,0.002484748509882542,1.3853183663235061e-05,7.978837854687237e-06,0.0037219865210979825,3.116597875114854e-05,1.3225154965138716e-05,0.00558264979657049,7.063089447904681e-05,3.492392808702918e-05,0.008404218850020911,-5.601074448930652e-05,0.0001620684716596773,-0.007484032635505174,0.009759192073245897,,4.170443891544855e-06,4.996057943919259e-06,3.6175427496511956e-06,-1.128647250184858e-06,4.925955424578144e-06,1.0963096502215443e-06,6.2826467232355065e-06,2.3988257511581975e-05,7.415014818744345e-06,6.436283801433587e-07,2.1535272259163497e-05,1.7770713896879116e-05,-7.136607697238362e-08,soft-like,ok,4.592817348063172e-05,833223868,833223868,True,1a4faa326a7b9076f66cba21ba2157229420a143f5b221b5dfbaf45189e63440,https://nasa-heasarc.s3.amazonaws.com/nicer/data/obs/2021_07/4202230141/xti/event_cl/ni4202230141_0mpu7_cl.evt.gz,1.930225137819475e-06,2.324217012411938e-06,2.145434840347401e-06,1.414180786714808e-06,3.425947366657514e-06,4.42185795998028e-06,4.689709839652485e-06,7.839976057516316e-06,9.542172315035987e-06,2.2530605918141286e-05,1.1347094158112962e-05,2.4622536444518288e-05,3.04262117231007e-05
4202230171,4U 1543-475,BH,"v9 source, third set",3,0,59471.43241,1022.0,24793555,0,3,0,1021.9980346560478,6538.578125,7.0,2267182.0,226801.0,16831.0,0.10003652110858326,0.0742104311709384,5.771395384785427e-06,5.377753749813057e-06,0.0024023728654780935,3.0540688649118422e-06,2.872905151187222e-05,0.0017475894440376555,6.318432300892767e-05,2.7000332044950016e-05,0.007948856710806132,4.282864267233965e-05,3.059640383591859e-05,0.006544359607504744,-7.136548678393599e-05,0.00010181768940306581,-0.008447809584971478,0.010362043795429984,,1.3266429162366519e-05,6.034154664985319e-07,-3.5809191884559824e-06,9.269923599576036e-06,-1.5128906349892191e-06,-6.382257609889254e-06,1.2095450811639165e-05,1.619914887066174e-05,4.531791594358391e-05,-2.471622051029611e-05,2.1017474150143497e-05,1.2512424761325784e-05,1.328205679624441e-05,soft-like,ok,4.456911123489753e-05,543372275,543372275,True,eb8eedcc0750633cd85d0b4be25977a9446139501980e1525b4622bc9abc3946,https://nasa-heasarc.s3.amazonaws.com/nicer/data/obs/2021_09/4202230171/xti/event_cl/ni4202230171_0mpu7_cl.evt.gz,1.4163067345547853e-05,8.555132583678665e-07,1.6676801993588802e-06,4.404621860362753e-06,5.654396803433348e-06,6.991387279694522e-06,1.9067302713269594e-05,1.5860305114018795e-05,1.1175880860289082e-05,2.7543345900392375e-06,6.090422210606526e-05,4.711618034563309e-05,0.00016734914758341788
4202230206,4U 1543-475,BH,"v9 source, third set",4,0,59625.1162,1179.0,242461,0,8,0,1178.9774418771267,51.439453125,7.0,39890.0,9541.0,3243.0,0.2391827525695663,0.3399014778325123,0.022861554664334073,0.003693249882575368,0.15120037918052345,0.06289122023036763,0.004052588461301352,0.2507812198518215,0.03545554502601069,0.0026681090793929177,0.1882964286066273,0.11987639886328406,0.00599017540630347,0.3462317126770511,0.007167682230386395,0.006544110376556866,0.08466216528288416,0.4006610924701543,0.8214822801891406,0.0022733670920462405,0.0028745717122645757,0.010297263839337009,0.01427056308524604,0.01740016435369891,0.017969430744272635,0.022921493057332955,0.01694810566527343,0.018526727463286836,0.017079997410478463,0.005620019580301513,0.014357349978259814,-9.742962420885228e-06,hard-like,ok,0.0005087722177545092,5719683,5719683,True,620dadbd9cb7012e7e0b091dd4293755eb195e0e75cc50581f182521d1ea3db2,https://nasa-heasarc.s3.amazonaws.com/nicer/data/obs/2022_02/4202230206/xti/event_cl/ni4202230206_0mpu7_cl.evt.gz,0.0005734298547562662,0.0009919370235399935,0.002236838837057053,0.0019852648227845207,0.0016943628023953685,0.001913768581708985,0.00224613483973747,0.0013175776799180053,0.0028612675455084694,0.0022783231604385965,0.0030696762806757577,0.0058230961917235535,0.007837843142447046
5530010108,4U 1543-475,BH,"v9 source, third set",5,0,59664.35102,1106.0,169624,0,8,0,1105.9906776249409,39.0986328125,7.0,30115.0,7391.0,2531.0,0.24542586750788645,0.34244351237992154,0.02582152224471283,0.0029262804161372066,0.16069076589746167,0.07152317758668705,0.007159838276418359,0.26743817526053953,0.030012064067446914,0.002449676303655723,0.1732399032193418,0.11673892387604173,0.008725279714694225,0.34167078288323355,-0.001126178235460917,0.029419434044898645,-0.033558579163321514,0.38537200554293005,0.5085586513535015,0.003761754494072955,0.0034578984909156532,0.011705867526448185,0.014158836612559985,0.02166373840511871,0.024128700805865495,0.02177948770655742,0.01680545206752059,0.013656782283860755,0.011569723780837732,0.010818781537213412,0.0002772589333846282,-0.005272699988175385,hard-like,ok,0.0007655546791629935,3967488,3967488,True,8c34430bf0d87259119a7a081c7e44b69f112e3b8bcc82be212582accb7edec7,https://nasa-heasarc.s3.amazonaws.com/nicer/data/obs/2022_03/5530010108/xti/event_cl/ni5530010108_0mpu7_cl.evt.gz,0.0013881487818249503,0.0007561631924119105,0.0011691811968178993,0.0022959946439300603,0.0027330778996569227,0.0031245788920849092,0.0030749813608379425,0.0017146194784786592,0.0022972033226083158,0.002733594021479075,0.0044033850346586875,0.0026515102096337255,0.007514970938643035
5202230223,4U 1543-475,BH,"v9 source, third set",6,2,59741.98976,1642.0,499342,0,12,0,1641.965368360281,63.802734375,7.0,74668.0,17425.0,5908.0,0.2333663684577061,0.33905308464849354,0.010948227439292317,0.001332599138932727,0.10463377771681723,0.05070062343691637,0.0021742548810246456,0.2251679893699732,0.03409368704603285,0.002127124319656431,0.18464475905379185,0.09903886184377593,0.004206280021760522,0.3147044039154456,-0.0021685543404488103,0.008784877948280104,-0.04656773926710218,0.35590546663159145,1.1153120367649347,0.0008834483676690557,0.0015479714236636176,0.004134033925381712,0.009066807932186735,0.012092830975106932,0.015782634348962717,0.01889444340937568,0.019428196225448027,0.014795619682116108,0.010325572162470854,0.006339753856784043,0.0055960897180645265,0.0077812991510208505,hard-like,ok,0.001438218513967864,11462390,11462390,True,36b8711928a99e1878034376f72308e0a52ffa3c6f961a00ad099c05ad70664e,https://nasa-heasarc.s3.amazonaws.com/nicer/data/obs/2022_06/5202230223/xti/event_cl/ni5202230223_0mpu7_cl.evt.gz,0.0003774546077508358,0.00034442669762915377,0.0006517145725168906,0.001179945994220586,0.0011050079262904886,0.0011315172582773442,0.0010430712386049952,0.0014275877564097952,0.0014463625948465317,0.0016381203474724365,0.0032007158876591973,0.0030680099051854167,0.005829217511429196
1133010142,GX 339-4,BH,"v9 source, third set",1,0,58508.05903,2161.0,340918,3,8,7,2160.975503653288,49.884765625,7.0,36727.0,10360.0,3995.0,0.2820813025839301,0.3856177606177606,0.08782342881460975,0.016811233481639272,0.29635017937333824,0.11507620407328698,0.007052354637258516,0.33922883732561265,0.05539365903804881,0.004733065118981271,0.23535857545041525,0.1889847620472098,0.012601196891395657,0.434723776721736,-0.004775938932663853,0.01342104086936385,-0.06910816834979677,0.5610429556480705,0.21540654300355644,0.032255916150862096,0.047837107757759754,0.021767945501732416,0.027096527125219563,0.037253118183897566,0.03431991264914165,0.034543664847566706,0.03334779295242401,0.022127222908203875,0.013733357332830287,0.005230257160490778,0.0011400470400667227,0.004116328472127477,hard-like,ok,0.004333300840961656,8077955,8077955,True,0c0081ff567f6f281ea2ebd3c4f6e649ad79f43d81c9e06fad2e1241ff844937,https://nasa-heasarc.s3.amazonaws.com/nicer/data/obs/2019_01/1133010142/xti/event_cl/ni1133010142_0mpu7_cl.evt.gz,0.012624866177619123,0.01636174498058351,0.0023761592562392053,0.003475930418017269,0.005311673703825206,0.0029029231433391153,0.0030329184487785815,0.002570436193738752,0.004076922910731504,0.0030554147017176478,0.0053872603906337715,0.0047834649629854,0.007074591453272045
3558010803,GX 339-4,BH,"v9 source, third set",2,0,59278.38403,1358.0,1322414,0,7,0,1357.948522567749,313.89174107142856,7.0,210812.0,52674.0,17761.0,0.24986243667343416,0.33718722709496146,0.028005499326133367,0.003990097558888565,0.16734843687986262,0.06491950963795164,0.003157240140857729,0.25479307219379344,0.029508023663196332,0.0011233322776072147,0.1717789965717472,0.10854006626428607,0.00409107231629921,0.3294541944857981,0.003589195643278112,0.004305128679521652,0.059909896037951126,0.3813591128283385,0.4973384854969194,0.001555420643727625,0.009870429525911491,0.007822093558036954,0.01456956165189767,0.024176845893600717,0.021050841230187693,0.015318266383698226,0.012557066151595658,0.017067928232352925,0.011699454035738752,0.004471205924738209,0.002081040014927502,0.0031946196908040174,hard-like,ok,0.00042723070458047346,30249042,30249042,True,68e30efad7f23f8e116da79f12ec91e546d095a8604bc3b9edce09dffdff082d,https://nasa-heasarc.s3.amazonaws.com/nicer/data/obs/2021_03/3558010803/xti/event_cl/ni3558010803_0mpu7_cl.evt.gz,0.00069383660260213,0.0025256756158441203,0.0010360813698450232,0.0020307377114657894,0.0015051500703030566,0.0019887845581216643,0.0007698132417790669,0.0007575414082083029,0.0006786105921011579,0.0004517897914371056,0.00038831705442661166,0.0006379843821495624,0.001259285573777829
4133010133,GX 339-4,BH,"v9 source, third set",3,0,59330.06435,2943.0,20680801,0,14,0,2942.97084158659,1986.1551339285713,7.0,3250089.0,286878.0,22223.0,0.08826773666813433,0.07746498511562407,1.0950164012739928e-05,6.103334316917247e-06,0.003309103203700351,7.895006572594506e-06,1.5758852930472243e-05,0.002809805433227451,9.800306334350513e-05,2.709296335748471e-05,0.00989964965761441,4.939831933768764e-05,8.490460251295318e-05,0.007028393795006626,2.1066455534499446e-05,0.00025583907416841105,0.004589820860828824,0.0,,8.883899100395536e-06,6.641981567193375e-06,4.658926298506571e-07,1.015928527455021e-06,-2.5408750555479527e-06,-3.310922007712517e-06,2.0031046355769255e-05,2.0717335354696505e-05,7.382784655713521e-05,-3.3352930799201646e-05,-0.00010573336295476517,4.1112662626296445e-05,-8.371046625087741e-05,soft-like,ok,0.0001921192479386066,455536677,455536677,True,20b4b23c7a1c6d5c33b3f15054bde656736111e504c68b65d7b839bb2d2629cc,https://nasa-heasarc.s3.amazonaws.com/nicer/data/obs/2021_04/4133010133/xti/event_cl/ni4133010133_0mpu7_cl.evt.gz,3.2094024200363835e-06,3.749225584994494e-06,4.08921728243734e-06,6.876381269572086e-06,9.983615355979469e-06,1.4348090239094733e-05,1.2471602051459682e-05,2.9024989114333206e-05,2.54606340381234e-05,5.2443698097755695e-05,6.037259710041714e-05,9.170428055900599e-05,0.0001477325160794736
4133010182,GX 339-4,BH,"v9 source, third set",4,0,59389.34963,1305.0,7484886,0,6,0,1304.9875844419003,1524.0690104166667,7.0,1082883.0,82999.0,4603.0,0.07664632282527291,0.05545849949999398,8.958149529159306e-06,1.5588270338917597e-05,0.002993016793998875,-8.837538825435756e-07,3.64411237770888e-05,-0.0009400818488533727,2.439883434129584e-05,9.695278428958303e-05,0.004939517622328707,6.961482072602917e-05,0.00018834681552635935,0.008343549647843488,0.0007014963360058984,0.0004906999101543155,0.02648577610729764,0.007550793736147397,,2.413657646626294e-06,-2.8549393175628616e-06,2.5310051516087623e-05,-1.2076184215302129e-05,3.098419533298051e-06,7.847505642201747e-06,-1.4096555621966818e-05,7.217745626604033e-05,-4.693252381488435e-05,7.572496645189109e-05,-0.00012952781031772177,0.0001094547284834296,-3.352428620629404e-05,soft-like,ok,0.00012406380797534396,164250407,164250407,True,e486be0930431c25d48d50a0a757808cfbc927dcaf0f0c22be4ad31ed6d49fb3,https://nasa-heasarc.s3.amazonaws.com/nicer/data/obs/2021_06/4133010182/xti/event_cl/ni4133010182_0mpu7_cl.evt.gz,3.1963375585374863e-06,7.863958345798153e-06,1.5845154387905822e-05,6.538232225456918e-06,2.1758621336457292e-05,3.096653890172042e-05,2.644504744270828e-05,5.8215836971645694e-05,4.560993713239267e-05,0.00011015558744059026,0.00011246797798918297,0.0002375052012820105,0.0002534108172782378
4133010210,GX 339-4,BH,"v9 source, third set",5,0,59427.99476,1787.0,6318333,0,10,0,1786.9831751286983,803.14453125,7.0,967632.0,57223.0,3170.0,0.059137151313722575,0.05539730527934572,0.0011395357352734573,0.001136531859353424,0.03375701016490437,0.00019597685590609187,0.00017644983321600703,0.013999173400815202,1.0148630115392603e-05,9.220076940693662e-05,0.0031856914658190934,-7.578275817757361e-05,0.0003374259716937595,-0.008705329297480573,-0.00025774993616610366,0.0007456520859239825,-0.016054592369976375,0.0729911674310988,0.026956201134147737,0.003965809023614165,0.000725988987488543,0.0002658131523167199,0.00020351685296617,7.379659113147572e-05,1.0820561843390763e-05,3.328277516676419e-05,8.803436461481186e-05,-5.559206423293355e-05,-0.00012068536756151539,-0.0001995700955149361,0.0003987067825529931,-6.221104143094955e-05,soft-like,ok,0.0005621248179835691,138359945,138359945,True,0cadce36c4b99b2e7f4f6826d639fac461ae086077c9ec208e83c710d4210a5c,https://nasa-heasarc.s3.amazonaws.com/nicer/data/obs/2021_08/4133010210/xti/event_cl/ni4133010210_0mpu7_cl.evt.gz,0.004118297926657746,0.0007468533168388851,0.00026097851958474484,0.0001760109424043545,7.850888644987604e-05,3.197053884520129e-05,6.387013169963856e-05,6.135671073608878e-05,0.00010209663443753534,0.00017589468179393303,0.0002116958327415288,0.000249973574102152,0.0006013723806569131
5599010106,GX 339-4,BH,"v9 source, third set",6,1,59833.0372,4652.0,798273,3,18,6,4650.234899044037,63.384982638888886,7.0,105380.0,29348.0,11311.0,0.27849686847599164,0.38540956794330106,0.09782565803494217,0.013543417190260946,0.31277093540631645,0.09297880839315992,0.004086230752900509,0.3049242666518359,0.05089274900041065,0.00235043523426425,0.22559421313591058,0.163605715661353,0.004244631590403101,0.4044820337930388,-0.0006535717246327253,0.005810330764460763,-0.025565048887743698,0.5442124033860093,0.2828071204102231,0.017615377885727663,0.040804682163215644,0.03584801027607891,0.03016170868092298,0.022887596237216097,0.030032379981638192,0.030281947928881635,0.026461198839911725,0.025219691320647532,0.01489227506979109,0.012257101796548778,0.0010018490546135608,0.008703320763982805,hard-like,ok,0.009690677937123434,19049516,19049516,True,1f332af55d85ef19c2a2d61cf29acb31e2f319648ffd5b12bcddecaee70f7f69,https://nasa-heasarc.s3.amazonaws.com/nicer/data/obs/2022_09/5599010106/xti/event_cl/ni5599010106_0mpu7_cl.evt.gz,0.0031617269194306385,0.006711404150294743,0.006123380410841707,0.004438256205975206,0.0023431332425768686,0.0020097196244441297,0.001651271715239999,0.0014913884872674165,0.0015823704686360848,0.001724208189998737,0.0017427671527742883,0.0019472357827925906,0.005230086283297835
7702010113,GX 339-4,BH,"v9 source, third set",7,1,60356.09213,4792.0,23947312,0,32,0,4791.99583363533,1330.306884765625,7.0,4857110.0,508833.0,82994.0,0.1047604439677092,0.16310655951952802,0.00016713576845826222,2.7332105943907918e-05,0.01292809995545603,5.8278032207947376e-05,3.018347621458886e-05,0.007634004991349389,0.00011784253465780548,3.7842163492983936e-05,0.010855530141720646,0.0010869202808113005,8.387922040724148e-05,0.032968474044324535,1.0299818898195057e-05,0.0002828644230963912,0.0032093330924344793,0.03433289368863953,,7.318882276944035e-05,6.302497194047805e-05,7.500729573712967e-05,3.3984429784053695e-05,1.4434817354310925e-05,1.7410543637848897e-05,2.284558359101569e-05,6.329504952417207e-05,5.32536437550061e-05,0.000798618716139652,0.00011490457842637029,-5.1572939124031206e-05,-9.964792450002214e-05,soft-like,ok,0.0008927431924603309,523884936,523884936,True,3611126402d5177a2321e1f228d329140b40f2937e45f4a0207341d6f4207163,https://nasa-heasarc.s3.amazonaws.com/nicer/data/obs/2024_02/7702010113/xti/event_cl/ni7702010113_0mpu7_cl.evt.gz,3.423863971654154e-05,1.7482060430287408e-05,1.2771953157335122e-05,7.2537767536960304e-06,1.0762472761362848e-05,1.5391587270756634e-05,1.829177363802459e-05,2.7278437627788546e-05,3.0282592070003775e-05,6.958416006224325e-05,8.445317717427488e-05,0.00010098250209438261,0.00014116135468763544
6203980106,Swift J1727.8-1613,BH,"v9 source, third set",0,0,60186.00023,10585.9972010255,48092856,0,9,0,1534.529992699623,7083.561631944444,7.0,6313425.0,1408120.0,438718.0,0.223035832373078,0.3115629349771326,0.0023886332529374664,0.0001321504135788634,0.04887364579134103,0.01406265944106397,0.0006411881255958275,0.11858608451696165,0.024294127410488045,0.0006390768876457134,0.15586573520337318,0.041584682462060145,0.0004434380317213866,0.2039232268822268,0.00042257682791170325,8.890210412200184e-05,0.02055667356144236,0.21617944814109205,1.1559429757900261,0.00037364941244407736,0.00040021908221089163,0.000981883794635895,0.0014683983664238328,0.002065878715792253,0.0032452376915664202,0.007805231178276453,0.018060701550114557,0.006717869725469177,0.002665700020988177,0.0015877849942966347,0.0009205876343940749,0.00044041163197466735,hard-like,ok,0.00016659965964102593,1000000000,4817144892,False,c2a770524e48c33697ba425694bc631640775cbe2e16a4ed8babeaea99ef8aa3,https://nasa-heasarc.s3.amazonaws.com/nicer/data/obs/2023_08/6203980106/xti/event_cl/ni6203980106_0mpu7_cl.evt.gz,8.128733744646607e-05,8.863980580623663e-05,0.00010044169430899419,0.00012886991230186406,0.00020512034209901046,0.0001287992169483441,0.0006929791427137556,0.0006588285146163093,0.00017009579666484387,6.734232314878673e-05,4.5010299180277135e-05,3.360595058845553e-05,3.904859228247406e-05
6203980113,Swift J1727.8-1613,BH,"v9 source, third set",1,0,60193.42014,5403.0,48180632,0,14,0,2059.943456351757,5163.219308035715,7.0,7273235.0,1518340.0,460914.0,0.20875717613964076,0.30356441903657944,0.0015793847120012965,0.00014457141871489077,0.039741473450304994,0.00816728932287751,0.0002841966464755328,0.09037305639889309,0.022467539723982646,0.00039383022695576865,0.1498917600269696,0.03424145188057685,0.0005748459491448145,0.18504445919988213,5.508938250336654e-05,0.00013490591622328292,0.007422222207894785,0.19527195326961544,1.3815816764330713,0.0001617036817394772,0.00023873457106376002,0.0007186263276284018,0.000971783193975797,0.0017215571489956137,0.002587074541918145,0.003426946696451884,0.015972625740338652,0.006576865538489198,0.003050358287382243,0.001408361532627712,0.0008590183240596364,0.00043748014906035804,hard-like,ok,0.00015189238466816867,1000000000,2637731722,False,01f92a871d75c5db0ffe602949b453a55d7816cd246358d4f9875f11038929e6,https://nasa-heasarc.s3.amazonaws.com/nicer/data/obs/2023_09/6203980113/xti/event_cl/ni6203980113_0mpu7_cl.evt.gz,3.863494414930412e-05,3.375299764252393e-05,0.0001006505283862878,5.8008347391050114e-05,0.00012070087586249034,0.00012208625984231152,0.00017774240297369564,0.0003194838973952411,0.00014294261424286508,6.758104572443403e-05,3.463068703797585e-05,2.95918010527236e-05,6.117506449472027e-05
6203980120,Swift J1727.8-1613,BH,"v9 source, third set",2,0,60201.01844,6293.0,48632016,0,26,0,3712.651671409607,2872.548076923077,5.653846153846154,7698261.0,1449484.0,412095.0,0.18828719888816448,0.2843046215066879,0.0011025735439192431,7.255056187096309e-05,0.033205022871837374,0.00606790878012324,0.00013581493902234566,0.07789678286118908,0.01590381162548869,0.0002217405579607004,0.12611031530167818,0.02655706968562128,0.00026988980387778925,0.16296339983450664,7.923062498205997e-05,0.00016050571140930576,0.008901158631440064,0.1719046711184329,1.687241661515341,0.0001224507991200869,0.00021293996118836367,0.00037679468839944634,0.0007879172315547873,0.0012193949740797517,0.00207057329438911,0.0024424776196367145,0.0074002470817054805,0.008563949098577515,0.003955011657748977,0.0013673010142424423,0.0007987128586796522,0.00023344567301425146,hard-like,ok,0.00014376519443701192,1000000000,1648197433,False,5469acd5e20c7780ef3170b7c3fbf52e1eddd563ff0a57c3bb55338638bc8a01,https://nasa-heasarc.s3.amazonaws.com/nicer/data/obs/2023_09/6203980120/xti/event_cl/ni6203980120_0mpu7_cl.evt.gz,2.3603861990566173e-05,2.823790868242381e-05,3.988910121834191e-05,7.049930810413163e-05,6.584801850440578e-05,7.10961745719803e-05,7.855448019518934e-05,0.00039684378456259503,0.0002555395913819603,8.356482402975273e-05,4.077767430152389e-05,6.130215339734046e-05,0.00010363627526976999
6203980140,Swift J1727.8-1613,BH,"v9 source, third set",3,0,60320.1463,1235.0,10438378,0,6,0,1234.9970064759254,1014.7005208333334,5.0,750243.0,27852.0,1195.0,0.03712397183312607,0.04290535688639954,3.853302665301776e-05,1.3746990382581899e-05,0.00620749761602997,6.123431900575144e-05,6.636146939607756e-05,0.007825236035146252,-4.242504127466785e-05,0.00012960032618323134,-0.006513450796211471,-0.00029795340869434985,0.0001817917027194916,-0.01726132696794629,0.0004280295447849684,0.0011262902087413769,0.020688874903797172,0.0,,1.4620307089828525e-06,3.2538309798207316e-05,1.7891664986108366e-05,1.8365213848515334e-06,2.9409181018756675e-05,-1.4900599480788269e-05,2.7814989347996284e-05,-5.214395375064745e-05,1.4896191079616864e-05,-0.0003197321756011265,-0.00010348705407663036,-0.00014934228865225654,0.00011208428274393104,soft-like,ok,1.606247660901844e-05,221608605,221608605,True,082af5ac4dae561f04f3e3a66cb1439b34060a732b0df2c857c5283901a3896b,https://nasa-heasarc.s3.amazonaws.com/nicer/data/obs/2024_01/6203980140/xti/event_cl/ni6203980140_0mpu7_cl.evt.gz,3.564900807657795e-06,2.025082928746789e-05,1.2247921243967802e-05,2.1739837949427246e-05,2.883364815753717e-05,3.0484609453727036e-05,5.7520770413113037e-05,3.832529096623593e-05,0.00010593899541226055,0.0001703097095702973,0.00022312904263917504,0.00018876002361990362,0.00020657767613307737
6203980149,Swift J1727.8-1613,BH,"v9 source, third set",4,0,60329.05574,2129.0,15480049,0,10,0,2128.996257007122,779.3734375,4.9,964787.0,31425.0,1386.0,0.03257195629708941,0.044105011933174225,-2.53253082124481e-05,2.0461796753613565e-05,-0.005032425678780373,-2.6538672852967766e-05,6.624604572866009e-05,-0.005151569940607209,-5.506947360765158e-06,0.00011777989775065566,-0.0023466885947575488,6.618298963860594e-05,0.0003352883308170344,0.008135292842830303,0.0009790419037716547,0.0006957782089488408,0.03128964531233384,0.0,,-9.98669820681333e-06,5.813157647715736e-06,-2.4255042890699216e-05,-2.3020703049281383e-05,3.356713600615721e-05,-1.0539828077520103e-05,-3.990353387580935e-05,-3.1134293707100386e-05,3.210217952035654e-05,-2.3685763638169783e-05,-0.00015521120701676388,0.00024832124530736304,-0.00028454491643157214,soft-like,ok,3.398671298399762e-05,326091779,326091779,True,0c245a99890733c2a4e1ac4ddab862285fc2eb65272d29be10ae4d211ce729e8,https://nasa-heasarc.s3.amazonaws.com/nicer/data/obs/2024_01/6203980149/xti/event_cl/ni6203980149_0mpu7_cl.evt.gz,4.370388677655382e-06,8.742103585416364e-06,8.637908172382756e-06,1.710670412518696e-05,3.20691513547608e-05,4.665360728807104e-05,5.362946898814687e-05,4.1080334206022455e-05,0.00012131357660057653,0.00017907500070298726,0.0002214667065342985,0.0003927818181317965,0.0004709450897971451
6588020102,Swift J1727.8-1613,BH,"v9 source, third set",5,0,60355.52361,2451.0,14127042,0,14,0,2450.996203482151,463.0345982142857,7.0,812235.0,16745.0,778.0,0.02061595474216206,0.046461630337414156,-1.50918064150661e-05,3.7835733202666075e-05,-0.003884817423646329,4.3143534627146376e-05,9.679382216697742e-05,0.006568373819077777,0.00011579427135181543,0.0001576567760901381,0.010760774663183661,0.00027374848148521474,0.00038855004072932333,0.016545346218354413,0.0004200115053948367,0.0014405285991920859,0.020494182232888354,0.0,,1.7250976568798137e-06,-1.8366849440755023e-06,-6.016245370955164e-06,-3.113635662767429e-05,1.5942066579913397e-06,4.998028162965547e-05,1.6116547119618466e-05,0.00015231707079115325,-3.717281969181789e-05,-7.6385756134427e-05,-0.0001237887192127259,-1.3021092459280335e-05,-0.0008603147141658437,soft-like,ok,7.482032119923772e-05,300280518,300280518,True,f3a58a4ba069ebe4dcb4c59616151ea7d96971327442f3b47f22e0ac933e8ac4,https://nasa-heasarc.s3.amazonaws.com/nicer/data/obs/2024_02/6588020102/xti/event_cl/ni6588020102_0mpu7_cl.evt.gz,1.033859127563745e-05,1.6072406579186498e-05,2.1569953110973137e-05,1.746793594598846e-05,4.573145747927608e-05,3.3374839847561195e-05,9.044603374686624e-05,0.00010926654877845003,0.00018787167314302254,0.00032741893814891554,0.0002796660155140818,0.00038607812385404354,0.0007063729413611091
7203980103,Swift J1727.8-1613,BH,"v9 source, third set",6,1,60411.23727,5152.0,1546187,0,35,0,5151.896805465221,62.34419642857143,6.228571428571429,210054.0,51816.0,17432.0,0.24667942529063955,0.33642118264628684,0.01705368829576937,0.0013482049146123804,0.13058977102273123,0.046880811235074676,0.001503550353978967,0.2165197710027301,0.019923558102920482,0.0010964843027258656,0.14115083458102712,0.0745208009287861,0.002218153686747072,0.27298498297303114,-0.006227374334369327,0.004999465470508381,-0.07891371448847993,0.30623069989659574,0.47731253021671766,0.0010890176984338976,0.0022612879886623645,0.007605327262356362,0.010411029414321562,0.014225345661551099,0.014448781955810858,0.01479677749463749,0.011822773105573338,0.00828673475085146,0.007127574247194628,0.0013514370584857016,0.0025575173241069705,-0.002206362402826837,hard-like,ok,0.0008274139411443291,35015287,35015287,True,df7256647ab3eacd97f38f5ea1948da49e6e93143a114b2bd96aa5c6af0f3689,https://nasa-heasarc.s3.amazonaws.com/nicer/data/obs/2024_04/7203980103/xti/event_cl/ni7203980103_0mpu7_cl.evt.gz,0.0002618348171188089,0.0003491745083094067,0.0008930770730264949,0.0009812474585465744,0.0007529641752524462,0.000781686229357773,0.0007107698004943857,0.0007297553262729758,0.0007913721835643448,0.0009298068411218589,0.0017976576699254192,0.002258432055003274,0.0033323610434057896
7203980109,Swift J1727.8-1613,BH,"v9 source, third set",7,0,60418.20348,1814.0,490001,0,11,0,1813.9361467957497,59.59303977272727,7.0,62486.0,15801.0,5620.0,0.2528726434721378,0.3556736915385102,0.02192897836505124,0.002177827930416245,0.14808436232449138,0.04401302288901692,0.0020295522050647182,0.209792809431155,0.01648483063564506,0.002319069311638296,0.1283932655385206,0.06796664732904865,0.003834850292255769,0.26070413753726396,-0.003639303873869983,0.0115281992785662,-0.060326643151015644,0.31001264082429286,0.4418308309900427,0.0011494046198963603,0.00398566614508095,0.007344609541133618,0.015472379784156736,0.01365940665169219,0.011510737508076834,0.013769851646942756,0.008684476366593879,0.00799970424603626,0.005338999126996445,0.003452352262725877,0.0007047266788850012,0.003035522892635083,hard-like,ok,0.0018923387837589565,11199214,11199214,True,a5ae0f0cdffe4201749e2502ccfe6c3e903246850a20d60cb21e592507fd1c8b,https://nasa-heasarc.s3.amazonaws.com/nicer/data/obs/2024_04/7203980109/xti/event_cl/ni7203980109_0mpu7_cl.evt.gz,0.00032942582730051276,0.0007028446830091786,0.0010266246050326193,0.0012624392531232517,0.0012185812669367447,0.000912421945384043,0.0012559415777806525,0.0014235615511384466,0.0013982535641435022,0.0017969203312208303,0.0012409350278412934,0.0041072383917277865,0.0040550398833593135
1200120103,MAXI J1820+070,BH,"v9 source, third set",0,0,58190.99736,9508.0,21322274,7,52,13,9507.97377294302,439.36343149038464,7.0,2157249.0,563455.0,203699.0,0.26119145263249627,0.3615177787045993,0.07577737173989779,0.004272085708479556,0.275276900120402,0.07587655244185355,0.0017902683037750644,0.27545698836996957,0.04992112799523688,0.0009018085416858641,0.22343036498031524,0.14270671304318946,0.002068654204922722,0.3777654206557152,0.0012117378109998066,0.000813602644439553,0.034810024576259736,0.5137994133312243,0.22443776998186638,0.03481188531639619,0.03546693064813562,0.02540991916694964,0.020755096756641573,0.02096528560687125,0.023532225371441704,0.02522845671943691,0.026789453938928724,0.023427683968582774,0.01409717363338401,0.0071858123189052665,0.0040902492400306766,0.0022296644538059374,hard-like,ok,0.0004056638847283328,473278127,473278127,True,fed0fcdaf0aa6a222623f44acb28c90c15258bd83c195d2c547b30d2907b45d8,https://nasa-heasarc.s3.amazonaws.com/nicer/data/obs/2018_03/1200120103/xti/event_cl/ni1200120103_0mpu7_cl.evt.gz,0.0043924947390748155,0.003355857234043835,0.0022771403096978524,0.0013311893704267108,0.0008373687347731104,0.000912514162194945,0.0006612176500160997,0.0006016123948220308,0.00042570739621042395,0.0003201266401314175,0.0003124630932177312,0.00030055603086753346,0.00044894559440249545
1200120131,MAXI J1820+070,BH,"v9 source, third set",1,0,58225.03122,7340.77044987679,46852756,0,16,0,2899.7932239174843,2830.19140625,7.0,4439889.0,1012112.0,344231.0,0.22795885212445627,0.3401115686801461,0.022207362531323598,0.001147632885725689,0.14902134924675592,0.06301336915843006,0.0018479147210056716,0.2510246385485498,0.023469860293450665,0.0005037480832083063,0.1531987607438476,0.0994139074579532,0.0021511818754345866,0.3152997105262756,0.00074676553157085,0.00019117564319018744,0.027327011025189894,0.36822159272845784,0.5793946915900909,0.0013693790193783921,0.002973954703382553,0.007059983697201745,0.02196695595955721,0.020456372535167595,0.020089205774365636,0.012583530293201903,0.010946639484246429,0.012613949536081253,0.010550394470150916,0.006648759329082705,0.005125310877667709,0.0032027056719981985,hard-like,ok,0.0002930481090776328,1000000000,2803859106,False,98773a059841d9d92737a84b3666e8647cca5e9e68d1046c20d1475662617c9f,https://nasa-heasarc.s3.amazonaws.com/nicer/data/obs/2018_04/1200120131/xti/event_cl/ni1200120131_0mpu7_cl.evt.gz,0.00032246696774098537,0.00048445037114520586,0.0010409981087796765,0.0014744098888681287,0.0013784255326359002,0.0005868264770955659,0.0005455736270065008,0.0003484432708560025,0.0002595902717937536,0.00019606165810501745,0.000314006019758059,0.00041834235027417467,0.0003364840845321597
1200120161,MAXI J1820+070,BH,"v9 source, third set",2,0,58265.06247,4164.57486757636,47222313,0,24,0,3595.095173060894,1820.3880208333333,7.0,4325469.0,950167.0,316596.0,0.2196679712650813,0.33320037425000026,0.006559241427198049,0.0004096971015596891,0.08098914388483218,0.04897908165720336,0.001214606177743433,0.22131218144784384,0.024212226236548007,0.0005070751651828749,0.15560278351156834,0.08471597768290609,0.001394585578472797,0.29106009290678464,0.0008127828385125353,0.00023371560319893143,0.028509346511495757,0.3200784072612062,1.0135760666889506,0.0006386351304530457,0.001281968143780599,0.002243572313526169,0.0050144993040828305,0.008489824221456633,0.0190396253610338,0.019328402961395947,0.013953603964446141,0.010399053051227292,0.009175445477900225,0.006025394109745253,0.0040436903787201975,0.00281647237710242,hard-like,ok,0.0003381777448161495,1000000000,1159533544,False,8cce01cfc0f408b88b34149370c7ec98bc4dadc286e36da6a687c0c4ee43ec56,https://nasa-heasarc.s3.amazonaws.com/nicer/data/obs/2018_05/1200120161/xti/event_cl/ni1200120161_0mpu7_cl.evt.gz,0.00011349034446030637,0.00017552195828635683,0.00023480075566373242,0.00034821587265232526,0.0005389868136551951,0.0007556867521268524,0.0005495746445441175,0.0003902579785462128,0.00019727110147294092,0.00014581033249566543,0.00011155316060536284,7.507740632685557e-05,0.00014429475509040166
1200120268,MAXI J1820+070,BH,"v9 source, third set",3,0,58389.99267,3119.0,24345504,0,21,0,3117.9467690885067,605.7667410714286,7.0,1318154.0,237035.0,73112.0,0.17982345006729109,0.30844390068977157,0.0034412883767037544,0.00028667506999428886,0.058662495486501036,0.02823874836594171,0.0006755616442493708,0.16804388821359054,0.025610306815588325,0.0004787616325800684,0.16003220555746997,0.06735831370595213,0.0007857723827878099,0.2595348024946792,0.001956592159969932,0.0007824372401071088,0.044233382868258356,0.28409651169742967,1.6038711825103142,0.00024459976399998537,0.0005529063378594505,0.0012171070518485132,0.002606458957827697,0.004793150776619624,0.009300515561048125,0.013133103558227329,0.011119428664511407,0.014567672650291654,0.011403399244720504,0.005337767892895646,0.0032530492130362467,0.003181668285761625,hard-like,ok,0.00027670585419845045,513241708,513241708,True,e9f874f1936fa4df9c22319648be033ed448f436da6fcc0b8ebbc6206283d9f1,https://nasa-heasarc.s3.amazonaws.com/nicer/data/obs/2018_09/1200120268/xti/event_cl/ni1200120268_0mpu7_cl.evt.gz,6.130300815755688e-05,0.00010332697754683271,0.00013625732704230083,0.0002141630569073132,0.00030464868848014554,0.0005145086792862372,0.00039044829152319984,0.0003204763131327718,0.0003133449933223335,0.000196687301088829,0.00022656740826252006,0.00024087585989405485,0.00041323891263083594
1103010122,GRS 1915+105,BH,"v9 source, third set",0,0,58008.09781,3969.97542022169,8567982,0,27,0,3970.623515486717,1977.3388310185185,7.0,3881701.0,2261061.0,690921.0,0.5824923145806439,0.3055737992031175,0.003069174256970823,0.0010971074477482397,0.05540012867287244,0.004358914069138714,0.0008263932388113583,0.0660220725904505,0.001450946863318627,0.000136412049996798,0.03809129642475597,0.006206325192590924,0.000965075589160935,0.0787802335144478,2.523955949114343e-05,0.0001958708599984557,0.005023898833689173,0.1337285892682287,0.053103972077653744,0.008562829436826822,0.0015129573769679867,0.0009408170472565147,0.0009659586784438696,0.0018793091929099287,0.001271097184933996,0.0008507356257718683,0.0007147285255346631,0.0007434315576093357,0.00031031573196697436,0.00014999646264108533,-2.2417624651618742e-05,3.576391459185799e-06,intermediate,ok,0.0003032137626705451,197357038,197357038,True,0337625056d5d7f721fc2b4c821a03af9ef3f66aaa93495d493b21721643edfa,https://nasa-heasarc.s3.amazonaws.com/nicer/data/obs/2017_09/1103010122/xti/event_cl/ni1103010122_0mpu7_cl.evt.gz,0.0052417292521273,0.0006454064048739193,0.0003081646313051604,0.0002561090350878431,0.00033827679357075385,0.0002507121141011744,0.00019532922725030302,0.00010318221259198957,4.548220478612734e-05,3.783532447320868e-05,5.1668318183917155e-05,7.395465209077073e-05,0.0001398574230316107
2596010401,GRS 1915+105,BH,"v9 source, third set",1,0,58569.42461,3222.0,544620,0,23,0,3221.9614540934563,143.98879076086956,7.0,275603.0,112658.0,35642.0,0.40876913531420195,0.31637344884517743,0.0029318441755425907,0.0003972975054287944,0.05414650658669117,0.008398623252012459,0.0005002783188335598,0.09164400281530952,0.018836711248439497,0.0006969935720049047,0.13724689886638422,0.03956382415839023,0.001378445539119682,0.1989065714308862,-0.005655142849467902,0.003648529846305699,-0.07520068383643796,0.23043969919271573,2.3366431581429867,0.0015071052718507287,0.0011527812694924141,0.000978761509292665,0.0012872818221727183,0.0015942546607867222,0.002165951471743712,0.0040892071422565165,0.006670012836236618,0.012228927964013188,0.010770941500586339,0.002085532120731809,0.003703254935775559,0.004868442459090332,hard-like,ok,0.0005122142568462731,13146404,13146404,True,0270a08e3030870f9c10c0219cff03d50f47b507e707e95d22ca763cd2a1aa34,https://nasa-heasarc.s3.amazonaws.com/nicer/data/obs/2019_03/2596010401/xti/event_cl/ni2596010401_0mpu7_cl.evt.gz,0.0005062008442624563,0.00019296669796181186,0.00017806537830964146,0.00017749846632451904,0.00020552196080524847,0.0002195861813714335,0.0002750254365320015,0.00035341373947740207,0.0006027706073870502,0.0006362132036359923,0.0008547769973992468,0.00128211540246308,0.001954263660530228
2596012703,GRS 1915+105,BH,"v9 source, third set",2,1,58735.63796,5200.0,184923,1,34,0,5194.526610970497,29.858685661764707,7.0,49641.0,48052.0,32252.0,0.9679901694164098,0.6711895446599517,0.04146012221050878,0.018296929101171283,0.20361758816592632,0.006418787087697329,0.004201836292579629,0.08011733325378054,0.0038645191173406145,0.002518622201012844,0.06216525651310879,0.013449785449427015,0.008422409450671913,0.11597321005054148,-0.0030284960468633434,0.006057445115300768,-0.05503177306668706,0.29686537299080884,0.034973659726104805,0.03904284957117604,0.02231143757742536,0.013548136354188126,0.00625481961603175,0.0024894233542259027,0.0023428318355827385,0.0009102550137943239,0.0018717695774861294,0.0020147550868123954,0.00359767722920139,-0.0022904974013769,-0.0030085590322388367,-0.0009558491013363699,hard-like,ok,0.005392338068498536,4566234,4566234,True,853b68eb2f8ebec40112b131e4a5d7dd7ce9c716a77ab223cfa13e2e330dcc0e,https://nasa-heasarc.s3.amazonaws.com/nicer/data/obs/2019_09/2596012703/xti/event_cl/ni2596012703_0mpu7_cl.evt.gz,0.01166689527943196,0.011735068992154537,0.004764713833069458,0.002216356500050483,0.0015711391737215869,0.0017871943084213856,0.0009218717471852346,0.0008071819760152211,0.0017183159682888948,0.001735944128398225,0.0016939780306482824,0.0015456131957915255,0.0032020489186650614
3103010256,GRS 1915+105,BH,"v9 source, third set",3,1,59069.15255,1222.0,102330,0,8,0,1221.7352222204208,75.228515625,7.0,44325.0,24548.0,8161.0,0.5538183869148336,0.33245070881538213,0.009086892322196696,0.007817053530245687,0.09532519248444608,-0.0006229262036621167,0.0008893114214235069,-0.024958489610994426,0.00011067958446727834,0.0015292317430808545,0.010520436515053848,-0.001072731380994713,0.0022727925014375486,-0.03275257823431177,0.006852412268513908,0.011090559871308824,0.08277929855050663,0.14801598022791862,0.1095613361680318,0.008646392775266385,0.0060853908870495054,0.0024518747288803477,0.0009440219059142606,8.381524680856368e-05,-0.00018142457271271662,-0.0008703871881061024,0.0008016238401374366,-0.0007402691449694376,0.0015230125707914987,-0.0002342577472823888,0.004485684310208199,-0.0010867472091539523,soft-like,ok,0.00158290889121001,2550686,2550686,True,2e05f231020928aac7c661a286ac46e65e94071c80e1325c712b4bf0a3fe011b,https://nasa-heasarc.s3.amazonaws.com/nicer/data/obs/2020_08/3103010256/xti/event_cl/ni3103010256_0mpu7_cl.evt.gz,0.007072169613188977,0.0050702393796184814,0.0022736115823331717,0.0007376321764970413,0.00033804177090284766,0.000574014825020732,0.000797983252168254,0.001403753527350639,0.0010354101050861757,0.0010826319642074317,0.0015173623164310647,0.0032768658881064208,0.008514888423507016
4103010234,GRS 1915+105,BH,"v9 source, third set",4,1,59419.00046,2031.0,462448,0,12,0,2030.8918125033379,205.86979166666666,7.0,188731.0,101235.0,26250.0,0.5363983659282259,0.2592976737294414,0.002314467380759457,0.000664766652295943,0.04810891165636006,0.026229320953795435,0.0006193931288929009,0.16195468796486082,0.0030901618116745857,0.0004377129906681746,0.0555892238808439,0.030907940934121494,0.0007483885957530059,0.17580654405943338,-0.001647243485483933,0.002580820145926422,-0.040586247492025336,0.17857306873190687,0.28268909312441715,0.0005717743696526586,0.0009669775107650748,0.0005603936009846346,0.0018714751012310349,0.016060745819587816,0.005624902205884115,0.003418679010813091,0.001460542852138113,0.0016702340448255955,0.001496288061412904,-0.00028536243199711174,-0.0010220773152184051,-0.0005062319537491859,hard-like,ok,0.000519260496480036,11114965,11114965,True,091bd81d14cce52216a0bd7ca13bbe860c21217c9cc92437e2b55279844e5aaf,https://nasa-heasarc.s3.amazonaws.com/nicer/data/obs/2021_07/4103010234/xti/event_cl/ni4103010234_0mpu7_cl.evt.gz,0.0001378278979667566,0.0004884281011020936,9.88198462620044e-05,0.00020562645927817602,0.0005716445613269302,0.0002728789874212021,0.0004170487291929763,0.0002711745538870277,0.00039924792598823345,0.00035616002442228283,0.0006283385644553127,0.0009218554846673514,0.001693457283925413
4647012601,GRS 1915+105,BH,"v9 source, third set",5,0,59452.07083,2705.0,479550,0,20,0,2704.912249147892,158.194140625,7.0,258817.0,119946.0,26214.0,0.4634394185853325,0.2185483467560402,0.04803471644508458,0.004503614469124577,0.21916823776515743,0.08151706968255132,0.0030935589390448464,0.2855119431522109,0.060089954163435676,0.0024590246350686524,0.2451325236753289,0.14591810048849654,0.002250444029395379,0.38199227804825653,0.0046078996036209565,0.002837569894348307,0.06788151150070951,0.445987546106421,0.3393000207619603,0.007940621485273141,0.01847613469483994,0.020374446259358702,0.011811535405399667,0.008866416474631864,0.019252339427235067,0.04998866269573202,0.05280682086230529,0.008065384471569013,0.0032592942803545246,0.0004865343763811237,-0.0003567763349866266,-0.0020665228160666933,hard-like,ok,0.00048159470664600697,11512295,11512295,True,7dfc160d1701ce58cadb010da1416ce29cf6af7409d8e3b2fcff0633a411b628,https://nasa-heasarc.s3.amazonaws.com/nicer/data/obs/2021_08/4647012601/xti/event_cl/ni4647012601_0mpu7_cl.evt.gz,0.0017164147134330848,0.003524995608837465,0.002832288273691207,0.0013296059086929943,0.0006399465897134292,0.0018766042045520695,0.0019097988077832835,0.0024413064339079793,0.0004852565270673161,0.0005540527126660625,0.000704176997977291,0.0011653610001037098,0.00206103288920212
6103010201,GRS 1915+105,BH,"v9 source, third set",6,0,60034.55955,2569.53834265471,1604104,0,12,0,2111.1660007834435,785.2578125,7.0,632138.0,397897.0,176121.0,0.6294464183453613,0.442629625254777,0.04175022169190165,0.007824645721105559,0.20432870990612564,0.04617629260336756,0.0024729136543123844,0.21488669712983063,0.03015495505530195,0.001172490478162594,0.1736518213417353,0.0880048221123332,0.0032048402310426126,0.2966560670411667,0.0006744587672880708,0.0003593732050032659,0.025970343996336877,0.3893150837881098,0.2436223830677452,0.018065745064926742,0.017672889580609016,0.014352933027186396,0.012213983745316591,0.013517681410793547,0.013374803943673906,0.01644777091694091,0.01657598924014576,0.013925417485905046,0.010025510414681272,0.003908550413158273,0.0008244981166372034,0.0006604611049682957,hard-like,ok,0.000637705033186831,37653114,37653114,True,7347f16062a3106cbb7fea77e645f97f192e0c591f6d28d269ebd9dce0a72912,https://nasa-heasarc.s3.amazonaws.com/nicer/data/obs/2023_03/6103010201/xti/event_cl/ni6103010201_0mpu7_cl.evt.gz,0.007917409947459311,0.003978808288705935,0.00422319848117434,0.001589369238791419,0.0017391916410964385,0.000655991514224213,0.0006742345434340747,0.0006110668524864757,0.0007263322699151238,0.00035124221382267656,0.0003005966348320932,0.0001812361031303228,0.00041427400953551546
6697012501,GRS 1915+105,BH,"v9 source, third set",7,0,60196.31329,3819.53923785686,157542,0,25,0,3818.6750224232674,39.59625,7.0,50304.0,52536.0,23868.0,1.0443702290076335,0.4543170397441754,5.1442003414450193e-05,0.00021683650842276394,0.007172308095337943,-0.0004545523897528194,0.0010486454413766383,-0.02132023427997027,0.00026447031835761484,0.0014964126489415775,0.016262543416010144,0.0012494921101862694,0.002976996261925913,0.03534815568295282,-0.0033451049649222708,0.011943914646676986,-0.05783688239283192,0.07762194835998912,12.165291753169651,0.00027224504442891503,6.081181150279052e-05,-0.0001767015525254696,0.00022611620824799565,2.6635716680966988e-05,-0.00016255907422130017,-0.00041423588387757215,0.0005117458040825499,-0.00021045309787071526,0.0003868146537162256,0.0006043477052718596,0.007989629517994108,-0.0030892299862295366,soft-like,ok,0.0013990001458673137,4073336,4073336,True,9c5590cc18a7a70c1de574e66ba41491af9907d562076a93497f0842912582bd,https://nasa-heasarc.s3.amazonaws.com/nicer/data/obs/2023_09/6697012501/xti/event_cl/ni6697012501_0mpu7_cl.evt.gz,0.0001626276078130415,0.00011883719963574331,0.00011615443627407409,0.00025671367745911126,0.0003805087658191711,0.0004248691461640453,0.0008278749818108403,0.0011103677226324204,0.0009899834820112359,0.0019370346573670829,0.00334854584746616,0.004010821865566819,0.004571775441973792
5202800110,1A 1744-361,NS,"v9 source, third set",0,0,59743.75139,1924.0,1405447,0,14,0,1923.9961082041264,288.0513392857143,7.0,387448.0,102498.0,26242.0,0.26454646817121263,0.2560245077952741,0.0005531418164406581,0.00012125904007097785,0.023518967163560948,0.0008108353356147135,0.00020491557243993976,0.028475170510722382,0.00012435008320672137,0.0003511001342299002,0.011151236846499197,0.0016933989097771907,0.0004899079366600867,0.04115092841938309,-0.00510873270659783,0.002058577809899233,-0.07147539931051683,0.05026359608206156,0.7894287531951057,0.0002675808425675949,0.0002535261753129339,0.0001699124323788851,0.00017476425859957437,0.0001901428528566479,0.0002609993284641497,0.0003026409327889628,6.695502006086666e-05,6.938623480007264e-05,0.00034681423148967354,0.0007245098387900489,0.0002113823929649502,-0.0005121854499737263,soft-like,ok,0.0002363417899192108,32137115,32137115,True,178c4864c1baa054732803b0c692d0cbe7dfc61665011a607eb49058fbb1f9d1,https://nasa-heasarc.s3.amazonaws.com/nicer/data/obs/2022_06/5202800110/xti/event_cl/ni5202800110_0mpu7_cl.evt.gz,7.62569823936142e-05,8.126847946409706e-05,7.643623736172324e-05,5.875658297635994e-05,9.946659287382229e-05,8.038721111896457e-05,0.00011066790056884473,0.00020664828311535769,0.00023485972895466746,0.00030193368722506754,0.0005436647961703637,0.0006212307404303173,0.0009464999431696727
5202800111,1A 1744-361,NS,"v9 source, third set",1,0,59745.81072,1353.0,1009073,0,10,0,1352.9896750450134,294.38828125,7.0,284404.0,73622.0,18791.0,0.2588641509964698,0.25523620656868873,0.0004452607650614595,0.00010729952201405128,0.021101202929251675,0.0009158187052800826,0.00028330099975693593,0.030262496679555086,0.00020540195184833523,0.00042795619607577265,0.01433185095681417,0.0019182704941408312,0.0004565121642646601,0.04379806495886355,-0.002465286680467478,0.002952416327238822,-0.049651653350794654,0.06083120090188534,1.682996176087184,0.00019490602234015187,0.0002119474067484421,0.00012861339815679223,0.00017140886786916484,0.00023055052241301966,0.0002776805305411891,0.0003530157301115237,0.00012312286079405193,7.014210555569387e-05,0.00042385752805588486,0.0006066786905716879,0.0009409858892399268,-3.2474549231992535e-05,soft-like,ok,0.000730247556431072,23035806,23035806,True,ce124908fbeb80dea8fafb1fdbf66f5cf19777556ba19c2b0a78c3580225f83e,https://nasa-heasarc.s3.amazonaws.com/nicer/data/obs/2022_06/5202800111/xti/event_cl/ni5202800111_0mpu7_cl.evt.gz,6.011669680564998e-05,6.22076589049461e-05,5.0653972483968466e-05,6.700311839637823e-05,0.00011083996967025753,7.908475887975365e-05,0.0001557392774760132,0.0002644802246347142,0.00032911966004173617,0.0005271430559868991,0.0005469807887346648,0.0008502023804866753,0.0013286741036232371
5202800119,1A 1744-361,NS,"v9 source, third set",2,0,59757.15512,1340.0,969349,0,8,0,1339.9492614865303,284.146484375,7.0,220190.0,55938.0,14838.0,0.25404423452472863,0.2652579641746219,0.000752896270524731,0.00012990288984634848,0.02743895534681907,0.0007097877651518781,0.00021427832381675752,0.02664184237532904,0.0006143169220750928,0.0002983830158500399,0.024785417528762607,0.0010571198523816139,0.0008203784800389181,0.03251337959027966,0.0031902731023753295,0.0018781920404655182,0.05648250262139001,0.045059688939836785,,0.0003150179764999666,0.00028715707646394636,0.00039969539042419735,0.00017777079352758178,0.0003910052269161942,0.00021687373474918434,-2.6028745738454186e-05,0.0003876245116661259,0.00024290296974292618,-0.0005040088299335497,-8.591378102049538e-05,5.628901424123657e-05,0.00017199022981598895,soft-like,ok,0.001532073159134854,22122123,22122123,True,d4222d989e372cb2b762a8a3bea91333c9a78059e597b9d8c9fbea608c7d8018,https://nasa-heasarc.s3.amazonaws.com/nicer/data/obs/2022_06/5202800119/xti/event_cl/ni5202800119_0mpu7_cl.evt.gz,0.00012342464962073,8.542766243781361e-05,0.00010983834075994507,0.0001029889559328306,7.329262727799089e-05,0.0001394091937530901,0.00013791193074960356,0.00021737082419559292,0.00026596539881281606,0.0006311648707661634,0.0005655897828339763,0.0010636830478993784,0.0011712265449488586
5202800121,1A 1744-361,NS,"v9 source, third set",3,0,59759.02669,1556.0,986338,0,8,0,1555.9685795605183,244.23828125,7.0,190634.0,47216.0,12250.0,0.2476787981157611,0.25944595052524566,0.0005729483764431435,0.00025041991169162073,0.02393634008037034,0.0007965933505276342,0.00022362474159656672,0.028223985376406965,0.0005065648846467225,0.00039635575506239345,0.022506996348840562,0.0019249409530210503,0.0004507643606543901,0.043874149029024485,0.0030760832702839617,0.005170379072875605,0.05546244919117765,0.04718791758398011,,0.0002244928806326707,0.00024454639426770074,0.00013196098687125863,0.0002704280726162237,0.00022980550434406564,0.00021084126706288062,0.00027748240945862983,0.0002667066540101487,0.00024433532298659237,0.00012191600246189133,0.00026138235040585304,-0.0001373215246152356,-0.00011987675459018029,soft-like,ok,0.0009034724768239669,22558419,22558419,True,e8b70db93264241759402e182e62ef6f32d6b39e03bf517e5967dccc92e6a07d,https://nasa-heasarc.s3.amazonaws.com/nicer/data/obs/2022_06/5202800121/xti/event_cl/ni5202800121_0mpu7_cl.evt.gz,0.00010483859705290538,0.00013422703533648133,7.043048658240607e-05,0.00014108984410446556,0.00011490383111847949,0.00010209558126636546,0.0001777041190227794,0.00013394326199988427,0.00039681589630566203,0.00027956119834306615,0.0006761435065900194,0.001321237573776434,0.0011315403089204093
5202800130,1A 1744-361,NS,"v9 source, third set",4,0,59769.0322,1410.0,934574,0,9,0,1409.9653934836388,266.55555555555554,7.0,229700.0,61117.0,16255.0,0.26607313887679584,0.2659652797094098,0.00026850879249537297,6.834047728964783e-05,0.016386237899389016,0.00032541859568282436,0.0003810888118229941,0.018039362396792862,0.0014641340332468774,0.0003785118680717664,0.038264004406842696,0.00261656360037589,0.0008523907443730652,0.051152356743124655,-0.001600109305549153,0.0018403638796561344,-0.04000136629602985,0.07052725525736069,4.747358031296195,0.00019708797722311588,8.863619222368494e-05,8.125431378194522e-05,7.477495285196203e-05,0.00023396877302759623,0.00017347196767499476,-4.275330396452555e-05,0.0004450625794133324,0.0010036459464160844,0.00039675177420019813,0.00044552790687132015,8.634369211853117e-05,0.0017903209622986693,soft-like,ok,0.0009399326783261165,21358784,21358784,True,4b01889f7de831814d28e85729d3bb09518e725890e10656cee4fb3355cb87f2,https://nasa-heasarc.s3.amazonaws.com/nicer/data/obs/2022_07/5202800130/xti/event_cl/ni5202800130_0mpu7_cl.evt.gz,4.6671367156013154e-05,4.3651820045244626e-05,4.400210606887742e-05,7.712791784397873e-05,0.00011440266974088789,0.00015585086219226552,0.00024205545616007068,0.00016696589883082217,0.00030012218471070566,0.00047151309977749183,0.0007420018861145315,0.0013532043605346269,0.0017872427353083087
5202800138,1A 1744-361,NS,"v9 source, third set",5,0,59796.78737,1659.0,674362,0,11,0,1658.9203591942787,151.546875,7.0,163124.0,39552.0,10702.0,0.24246585419680733,0.27058050161812297,0.00026360573807157205,0.00010884406423562258,0.016235939703989174,-0.00019833698855663476,0.00033499601763875575,-0.01408321655576718,0.0005473007985181804,0.0008493894706031125,0.023394460851196817,0.0008409665768655272,0.0011032377830243632,0.02899942373333524,0.0027317383503401714,0.00472264767922497,0.052266034385059015,0.0,,0.00020631465308251304,0.00012799638266811685,7.671311468183053e-05,-9.278376980161553e-06,-6.31707801134423e-05,8.397679241460518e-05,-0.00017436791833188626,-0.000263735365494595,0.0008344356991886506,0.00022413082507231812,0.0001447756481541648,-9.196428331433791e-05,-0.001858026229825978,soft-like,ok,0.001719546708381596,15485227,15485227,True,f63fa66950e0680193d6cbdcd0c1f6cd435458175dd78fa50f943a799a53d3e9,https://nasa-heasarc.s3.amazonaws.com/nicer/data/obs/2022_08/5202800138/xti/event_cl/ni5202800138_0mpu7_cl.evt.gz,0.00010033406000580467,5.660452332239283e-05,5.537291895455447e-05,5.860203900361706e-05,0.00019701139096103107,0.00017656053154299522,0.00021826945102814798,0.0003309412734623222,0.0005839058020782668,0.000758222828928244,0.0009985675169889021,0.0013499877936490282,0.0026100425970613356
7202800103,1A 1744-361,NS,"v9 source, third set",6,0,60514.0072,2340.0,253255,0,14,0,2339.145667731762,34.023995535714285,7.0,44002.0,12384.0,4585.0,0.2814417526476069,0.37023578811369506,-0.0001787873186042039,0.00038571124142008337,-0.013371137520951757,0.004160822999263221,0.0011476442294043514,0.06450444170181788,0.028540362731745143,0.003085568860128623,0.16893893195988052,0.04176967073218038,0.005016414495107838,0.2043762968941858,0.004257816526328039,0.01929906672219823,0.06525194653286627,0.2241197060078398,3.6335191274883707,0.00015074642704876551,-6.541800331845661e-05,-0.0001687718881776868,0.00011261345253453427,0.0006958868612769626,-0.00044395822760286575,0.003944757471559355,0.011165160555884403,0.017282128190247912,0.005912142148886809,0.004692182912340714,0.0011015161134673324,0.0058506566068927636,hard-like,ok,0.0016626569762315628,5991253,5991253,True,a50e0183ae5a1914c413dd4e9c05c77c4f7bb667527e7fd7b6395e9320acc677,https://nasa-heasarc.s3.amazonaws.com/nicer/data/obs/2024_07/7202800103/xti/event_cl/ni7202800103_0mpu7_cl.evt.gz,7.831828794267394e-05,0.00013875501745872209,0.00022113232077627845,0.00040264492428375795,0.000590470337377989,0.0007801337637452037,0.0010026105803854965,0.0019162971114779106,0.002157703444611798,0.0035630983933966445,0.004688030926764153,0.005405087234307949,0.009636091040374382
7202800105,1A 1744-361,NS,"v9 source, third set",7,0,60516.0206,2721.0,1354249,0,18,0,2720.9823455810547,189.75868055555554,7.0,331828.0,81778.0,23598.0,0.2464469544462794,0.28856171586490253,0.0005927773085430007,0.00010481097118407737,0.024347018473377818,0.0006545360781768531,0.0001692275351779485,0.025583902715904255,0.0004454744652776008,0.00043962616816566903,0.021106266019303387,0.0022763314590273005,0.0007092701976273897,0.047710915512357344,-0.002801178253605489,0.001718543641669719,-0.052926158500362454,0.0749712448541561,4.774690983459996,0.00022895148287269552,0.00022305345700005,0.00028332708317924484,0.00012869100629725412,0.0002074644808813857,0.0001618717545748301,0.00026683769802535255,6.823072612919691e-05,0.0003533116459101401,0.0008022236094063174,0.00021472636520492887,5.9977642266628795e-05,0.0026220206032338024,soft-like,ok,0.003558670232494583,30827169,30827169,True,dbcf359bf73ac8e85e5cd68c24d3e0f1ca3541d7b32aa6f4718214873b36a9d2,https://nasa-heasarc.s3.amazonaws.com/nicer/data/obs/2024_07/7202800105/xti/event_cl/ni7202800105_0mpu7_cl.evt.gz,4.9550893950569316e-05,6.085013853128623e-05,7.601916946224683e-05,6.175993879279521e-05,0.00010624213154854664,5.9923912172588225e-05,0.00018235023177607697,0.000291041324251208,0.0003107575413377,0.00039060026738599866,0.000507723951812256,0.0011505438886820214,0.0018532736123635263
2050450119,2S 0918-549,NS,"v9 source, third set",0,1,58804.525,1643.0,178093,0,6,0,1642.7903486788273,24.40234375,7.0,15214.0,2722.0,805.0,0.17891415801235705,0.295738427626745,0.0013154150686037007,0.0013577461474539052,0.036268651320440645,0.004899909257008067,0.00675444422118638,0.06999935183277105,0.015056595753268648,0.005094955469228761,0.12270532080259865,0.03465696370769878,0.010541355786582666,0.18616380880208372,-0.06680954696945476,0.053753604918882814,-0.2584754281734625,0.34484264791758856,12.817245602161629,-4.323246467307379e-05,0.0003144224001144354,0.0007594613689717698,-5.1590170797683125e-05,0.0006715297568780116,0.0007681221353664289,0.004035870757616582,0.0061968689138373586,0.008577234916893509,0.014112566325810429,0.022988246162478757,0.01697375755198261,0.04361319416833479,hard-like,ok,0.0020177562550443904,4281457,4281457,True,dd46f85f4b803501062f711a7fb44b3523aaf909894131a64ae42803e42f00d3,https://nasa-heasarc.s3.amazonaws.com/nicer/data/obs/2019_11/2050450119/xti/event_cl/ni2050450119_0mpu7_cl.evt.gz,0.00021704790521153523,0.0006319903028569838,0.000527075089725697,0.0003229619542858578,0.0016838350972470497,0.0025838477849810756,0.003354220384034077,0.0032648090511768098,0.0032843011759611973,0.003201903097611272,0.007777661341389676,0.008931760323014664,0.022591633324803028
3050450168,2S 0918-549,NS,"v9 source, third set",3,0,59263.21435,3372.0,462025,0,21,0,3371.373231858015,29.5234375,7.0,63236.0,12446.0,3677.0,0.19681826807514707,0.2954362847501205,0.0008417014222681717,0.00047007257561788586,0.02901209096683953,0.004005394627628529,0.0017602019591857732,0.06328818710966944,0.007140349354591238,0.0031780322854171425,0.08450058789494448,0.02262292366640572,0.004644730769544476,0.15040918744014847,0.030546054657141653,0.017120904034979772,0.1747742963285553,0.21072261345690824,7.862213879945614,-0.00017408085163726016,0.00010271958660233057,0.0005978302805985081,0.0003289397192931076,-0.0002442458155907917,0.0009963955347016226,0.0030403755193594006,0.0019225561472981136,0.005242874432225647,0.005858745585383125,0.013141334677685737,0.003450428797355932,0.010140146208834092,hard-like,ok,0.003673563356455762,10857033,10857033,True,3eb4130561decfa76e11fecd981dad2fcf91e4315703e276d0165c57fd92966e,https://nasa-heasarc.s3.amazonaws.com/nicer/data/obs/2021_02/3050450168/xti/event_cl/ni3050450168_0mpu7_cl.evt.gz,0.0001074816032517456,0.00014453125215383852,0.00036575832708576363,0.00031191114517399566,0.00048302034149722776,0.0008203161354643904,0.0011304384563362027,0.001721247507983368,0.002124444681723785,0.0033673239455780228,0.004392558201352508,0.006180088078197667,0.010201667199857541
4050450122,2S 0918-549,NS,"v9 source, third set",4,0,59429.04931,3379.0,558574,0,24,0,3378.8832991719246,34.099934895833336,7.0,83203.0,16977.0,4575.0,0.2040431234450681,0.26948224067856513,0.00010692462467171131,0.0002482982819753996,0.010340436386908984,-0.0004786153623930112,0.0007574802742249443,-0.021877279593062095,-0.0007585358540610524,0.0017375684312899084,-0.02754152962456974,0.00036283351911952093,0.003056287565693378,0.01904818939215801,0.020205406766792826,0.008512573461222873,0.14214572370209674,0.03367132279688751,,-8.27161883257322e-06,-4.647160847943771e-05,-0.0001284812154227836,0.0003782142023724659,1.4004632300981229e-05,-0.0005662425383550667,1.4780554591935429e-05,0.0006733250351020413,-0.0014693556538924878,0.003900429686439346,-0.0020613563616886724,0.0013304312292004388,-0.0008972483644439904,soft-like,ok,0.0019407886186610292,13212994,13212994,True,2c483c11e5976629f89b2ea10d9b1b7e720b6bd035dd76f5ed6851ea434716ec,https://nasa-heasarc.s3.amazonaws.com/nicer/data/obs/2021_08/4050450122/xti/event_cl/ni4050450122_0mpu7_cl.evt.gz,0.00010911762347988947,0.00013106881278352186,0.00020696234019835252,0.0002546466201080672,0.00031807104840701143,0.0005151269604714842,0.0008251584878627017,0.0010049844912254054,0.001513530914812655,0.0022855884493988557,0.002328319166400468,0.004743964903265864,0.007219975646747675
4050450151,2S 0918-549,NS,"v9 source, third set",5,0,59591.09907,1849.0,343450,0,13,0,1848.9035141468048,42.73257211538461,7.0,55676.0,11826.0,3605.0,0.2124075005388318,0.30483680027059024,-0.00042947004540052106,0.0003119053547636841,-0.02072365907364144,0.001694351310024078,0.0013489567696611507,0.04116249883114578,0.0018933199660484891,0.0025203315202894728,0.043512296722288624,0.001528690807617141,0.00334569822047912,0.03909847577102132,-0.0047195083565535634,0.009240518873249016,-0.0686986779825752,0.04463944317322785,,-8.320786843670508e-06,-5.802551937833548e-05,-0.00010725051659076247,2.642414867261245e-05,-4.5378097079903745e-05,0.0007707029109101991,0.0007733040126262803,0.0017342424082013614,6.41818833105949e-05,0.0003465022537035591,0.005972154394284163,0.001603291648639593,-0.009079148853639854,soft-like,ok,0.006663139862958484,8156943,8156943,True,f247135c052aa4dc6e4a1ac3d18e874765f06da598b115b6eeea29a0dc3a1245,https://nasa-heasarc.s3.amazonaws.com/nicer/data/obs/2022_01/4050450151/xti/event_cl/ni4050450151_0mpu7_cl.evt.gz,7.330015104530603e-05,0.00012487877018866405,0.00020006320415352443,0.0003530136667171593,0.00044824831023363424,0.0006615839799400798,0.0010898890930979086,0.0010945868214561154,0.0022070279041637923,0.002134327219956664,0.0049089668956622395,0.004840787071526388,0.007784123729818314
5050450151,2S 0918-549,NS,"v9 source, third set",7,2,59897.05162,1623.0,239627,0,8,0,1622.2324455976486,26.0244140625,7.0,21295.0,4227.0,1127.0,0.19849729983564218,0.2666193517861367,0.00032064100610537465,0.0010172653932973468,0.017906451521878215,0.004287350407525245,0.0017935184938548134,0.06547786196513479,0.00758199212951147,0.003533007759321999,0.08707463539694824,0.02812178120943066,0.008688799649724282,0.1676955014585384,-0.06863017930138436,0.022462718117294674,-0.26197362329323226,0.25628108833761565,9.198282720012873,0.00020864692048480206,0.00012651100139633636,0.0005219913590485853,-6.952737790111811e-05,0.0012417840857575863,-0.0010258933374975177,0.0037812637618235894,0.00406832624724873,0.003545527803265898,0.012944673266036303,0.016839618378637303,0.0047181892670576904,0.018778884864154553,hard-like,ok,0.0011197674695637672,5470666,5470666,True,588df4d4494baf3a9f1b6d727f4eba7cfd41225eaf54bfba622c1d541e90501a,https://nasa-heasarc.s3.amazonaws.com/nicer/data/obs/2022_11/5050450151/xti/event_cl/ni5050450151_0mpu7_cl.evt.gz,0.000265949756344252,0.0004606535059954307,0.0006282475563302688,0.0007077434957949302,0.0005981046405489491,0.0008284258418816204,0.0015968991655582099,0.0010600165938590602,0.0035417485183025176,0.005405749321893604,0.007322921289170135,0.00930150234169521,0.016455080344361793
1050020110,4U 0614+09,NS,"v9 source, third set",0,0,57989.00981,2875.0,2703164,0,19,0,2874.9830529391766,193.78988486842104,7.0,383900.0,69594.0,17803.0,0.18128158374576714,0.2558122826680461,-4.6842907290628094e-05,6.083922609136464e-05,-0.006844187847409516,-0.00014291194083171686,0.000288667533263632,-0.011954578237299585,-9.405566294928864e-05,0.00027867614363721004,-0.00969822988742217,-5.400838591039033e-05,0.0007516336024479618,-0.007349039795129043,0.0022875337309332107,0.002146871313963898,0.04782816880179724,0.06593660384489827,19.48971814656351,1.0584933293310999e-05,-1.1629310804299864e-05,-4.108990268492378e-06,-2.8998817858167745e-05,-9.405292669404434e-05,-5.334204619305001e-05,-3.66775931545567e-05,-5.82687748981087e-05,3.2679487990860833e-06,-5.842868356512144e-05,0.0015943381112751502,0.002375084697456143,0.0007098671792112046,soft-like,ok,0.0006233519787288033,62085505,62085505,True,204038144e21f4b366c46e7f351a6445e8de111b2cf0d1d11b2d3f4154b54829,https://nasa-heasarc.s3.amazonaws.com/nicer/data/obs/2017_08/1050020110/xti/event_cl/ni1050020110_0mpu7_cl.evt.gz,2.193330073924757e-05,2.7663773800753636e-05,3.544853388383882e-05,3.934705354502837e-05,0.00011530569453297742,0.00013365369566921927,0.00015286418461552014,0.0001793917181343686,0.00030676741003427937,0.0005660836525392726,0.000580182282732423,0.0009857716783609975,0.0016469355453673012
1050020126,4U 0614+09,NS,"v9 source, third set",1,0,58050.20301,5290.0,3769864,0,39,0,5289.983739003539,130.76622596153845,7.0,534460.0,94573.0,23752.0,0.17695056692736594,0.25114990536411025,9.997015205197551e-05,7.080024160506572e-05,0.009998507491219652,0.000831501180157063,0.00023034395699887537,0.02883576217402729,0.0017102918634467267,0.00043036236383014743,0.04135567510568201,0.0058777806383897525,0.0006188876659518322,0.07666668532282946,0.003787678708032757,0.002612331695094885,0.061544120011848065,0.1408812332757828,13.54068032781732,5.561608006842891e-06,5.780851301060906e-05,4.9859204984897734e-05,2.5206802308565818e-05,7.889204491398622e-05,0.00018313558837267042,0.0005287642397292405,0.0006934424285270357,0.0010246543738087596,0.00245207601293292,0.0035571832594845803,0.0059998226752812425,0.005191115137944184,intermediate,ok,0.000717925901957612,85751533,85751533,True,dc63431d23df7d01ba3195150d368d9208b0b1c37d6577eb3db10f205588948f,https://nasa-heasarc.s3.amazonaws.com/nicer/data/obs/2017_10/1050020126/xti/event_cl/ni1050020126_0mpu7_cl.evt.gz,2.204882144651227e-05,3.4059493714871205e-05,5.191808566988382e-05,4.966859027090937e-05,7.858986072711087e-05,0.00013422863039117946,0.00016016583798731537,0.00024153138822650868,0.00034242657359379573,0.0004070655110415849,0.0006546192261557081,0.000830162952548421,0.0016599087863392818
1050020177,4U 0614+09,NS,"v9 source, third set",2,0,58117.02326,4324.0,4081079,0,30,0,4323.974608555436,209.315625,7.0,653065.0,120715.0,29992.0,0.18484377512192507,0.24845296773391873,-1.2706417075085885e-05,6.26638641694012e-05,-0.003564606159884411,-4.028749716277799e-05,0.00017286658933066918,-0.006347243272695477,0.00020790348167015895,0.00028898105008004065,0.014418858542553184,0.000344630475556942,0.0006599149113478615,0.018564225692361692,0.0018143564547577098,0.002187169839936503,0.042595263290155984,0.03985018226631756,,2.752396366545262e-05,-1.0513646705815878e-05,-9.872590076739371e-06,1.2295770890754926e-05,7.810056017927116e-05,-7.109458138846665e-05,-5.426353992751442e-05,-5.2097255001278885e-06,0.00021546731996093324,0.00020385508965235248,0.0004748991984801147,0.001923176704081806,-0.0011963274966532902,soft-like,ok,0.00030659082036204184,92280082,92280082,True,011a8595beb09848ce6f60dac7ecd0393815be0856c80ad1dfe9445fb637ca28,https://nasa-heasarc.s3.amazonaws.com/nicer/data/obs/2017_12/1050020177/xti/event_cl/ni1050020177_0mpu7_cl.evt.gz,1.762690212234036e-05,2.4163283520850344e-05,2.556579252092311e-05,5.5676043423729205e-05,5.9392124759874276e-05,0.0001074117461334357,0.00013363535343417847,0.00015424634093544703,0.0002559272335399475,0.0003287435151286162,0.0005616641169251774,0.000672688037238964,0.0011880232843330897
1050020184,4U 0614+09,NS,"v9 source, third set",3,0,58126.40255,5645.0,4587804,0,40,0,5644.968997716904,165.6853515625,7.0,688805.0,125836.0,33668.0,0.18268740790209131,0.2675545948695127,1.825607655633983e-05,4.9757315906352724e-05,0.0042727130205924,0.00022272168179490948,0.00015553949182728775,0.014923862830879594,0.0007917037197504111,0.0003228519376892359,0.02813723013642976,0.0013536323270008014,0.0006611557665119473,0.03679174264696906,0.0020348340763867052,0.0024776320583486952,0.045109135176665774,0.09348695171876023,18.265112774344583,6.350452055607035e-06,4.8130400205484524e-05,3.6091497892854933e-06,-3.295104431600823e-05,3.498509061429304e-05,7.071329676177317e-05,8.58627256826138e-05,0.00031523793969982084,0.0005070939196643979,0.00017628324683888828,0.0011723812137486094,0.003073420822002197,0.0032786929289188448,soft-like,ok,0.0020079502380349347,103902889,103902889,True,9f9971507f3a64fef7c515980230c9cf64bd0d204d21987c67f0417949380546,https://nasa-heasarc.s3.amazonaws.com/nicer/data/obs/2018_01/1050020184/xti/event_cl/ni1050020184_0mpu7_cl.evt.gz,1.6802296131283804e-05,2.4794140801478082e-05,3.0150997395248546e-05,4.441077625161024e-05,6.1024936465015034e-05,8.587968287805983e-05,0.00014126591665355613,0.00018831893817420524,0.000253383678533195,0.00039392305618810535,0.000566368447229088,0.0008567454592625044,0.0009870839772776155
1050020221,4U 0614+09,NS,"v9 source, third set",4,0,58249.0044,1625.6005358696,596091,0,7,0,1622.942154198885,60.5390625,7.0,44123.0,7951.0,2169.0,0.18020080230265395,0.27279587473273803,0.00025073037988212576,0.0002665305921233478,0.015834468095964758,0.0031013090700615148,0.0009655156295254158,0.05568939818368946,0.007460090635438772,0.0018728741315049656,0.0863718162101433,0.030639306319325196,0.003668229346898383,0.17504087042552433,0.022678638402166607,0.01884208197852167,0.15059428409526907,0.2684125556138999,10.931239031620608,7.251902464111256e-05,1.3123822480551862e-05,0.0006520529812004663,-0.0004132694675410151,0.000506326443372692,3.848190780866267e-06,0.0022708064606222736,0.003251270193184865,0.004527971461281712,0.015039193685248213,0.01988884188091711,0.004011159174374701,0.02222145616062136,hard-like,ok,0.0032024425798601944,13112608,13112608,True,e82ae2628215fb80fcf265b9242129de29dc26417b9b321c4d608cd001c05723,https://nasa-heasarc.s3.amazonaws.com/nicer/data/obs/2018_05/1050020221/xti/event_cl/ni1050020221_0mpu7_cl.evt.gz,0.00010257396902025436,9.798102931903358e-05,0.00018153745488048423,0.0002654579662593468,0.0002139117769526019,0.0003187006266149799,0.0007538394555015417,0.0013650230870064807,0.0019298941420415581,0.002490871970429403,0.0036952808523271993,0.006779378794845367,0.0064584556662246745
1050020252,4U 0614+09,NS,"v9 source, third set",5,0,58478.98498,12928.0,17605445,0,95,0,12927.985145419836,334.5235197368421,7.0,3244307.0,651154.0,172345.0,0.20070665322363143,0.26467625170082654,0.0002585805618147459,3.5534459823071474e-05,0.016080440348906676,7.655050597584574e-05,5.4294563795099466e-05,0.008749314600347032,-0.00010873566060433894,0.00011002431625750802,-0.010427639263243572,5.742416096834344e-05,0.0002067660827862325,0.007577873116405648,0.00034113584899102446,0.0007587353617874839,0.01846986326400454,0.03161671218544017,,0.00024712077554552383,0.0001629226908065597,7.72289787314285e-05,5.050964731430728e-05,8.464341077197653e-06,5.280375550299865e-05,-8.497314335616994e-06,-2.255190053140748e-05,-9.448479137921464e-05,0.00011980646439865031,0.00018087430242794556,-5.456815104225901e-05,0.0002799876909008475,soft-like,ok,0.0003829076691863166,392949920,392949920,True,7188cb46866cff9042c65dce3fb1880cf9f33bb86f559850a9c1409143c5b25f,https://nasa-heasarc.s3.amazonaws.com/nicer/data/obs/2018_12/1050020252/xti/event_cl/ni1050020252_0mpu7_cl.evt.gz,3.243374383891938e-05,2.5045914046663464e-05,1.458518480502137e-05,1.781080901556349e-05,2.2007106710881357e-05,2.8502632513391834e-05,4.158216342345203e-05,5.457717695868313e-05,9.539797096270548e-05,0.00012385725344034602,0.00018962653748851512,0.0002674315331712193,0.00033060856941878396
4701010201,4U 0614+09,NS,"v9 source, third set",6,0,59496.3377,21096.0,9831461,0,151,0,21095.642038702965,82.2824917218543,7.0,1289318.0,235973.0,65065.0,0.18302156644055229,0.27573069800358513,0.000888984483178854,0.000635441849578109,0.029815842821876663,0.0018556005042288562,0.00038672732526054274,0.04307668167615579,0.0037494821145365996,0.0003430647228941623,0.061233014906475085,0.012815901496527149,0.0006534524544997455,0.1132073385277083,0.010503207083504286,0.0023325936248866676,0.10248515542996599,0.1986594394876096,9.338372964989656,0.0008724159858717472,0.000522569042191101,0.00024460476290191795,0.00013688386672695445,0.00037259425023755503,0.0005596997835956865,0.0008655529863570422,0.0013941726274680607,0.002397989782465992,0.005351252647759108,0.007697898502001245,0.009856751263505997,0.009193187396448817,hard-like,ok,0.0026156788984597443,224198016,224198016,True,b352cc30f8ca45d72953fdd4c082a4844b789a11cb9bbc8cb37bb2fcdc3a8941,https://nasa-heasarc.s3.amazonaws.com/nicer/data/obs/2021_10/4701010201/xti/event_cl/ni4701010201_0mpu7_cl.evt.gz,0.0006242776888903314,0.0003784001379593316,0.0001981890521506826,8.023486423656428e-05,0.0001406153179364409,0.00017967907787328342,0.0001583129888590852,0.00019970271166064763,0.00027953781082519497,0.0003865031044200528,0.0006218953514107475,0.0008391785172858842,0.00119899958284848
5050020214,4U 0614+09,NS,"v9 source, third set",7,0,59880.52778,1280.0,1009776,0,8,0,1279.9600749611855,173.9921875,7.0,144130.0,26997.0,7041.0,0.18731006730035385,0.26080675630625627,0.00011539577257246113,0.0001688305653536151,0.010742242436868622,0.0002861261877930411,0.000183698195201734,0.01691526493416645,0.0005736197598967038,0.0007184978837032679,0.023950360329162142,0.0011361017312950718,0.001445178540090453,0.03370610821935798,-0.0020488235366967603,0.0054491425858261494,-0.04526393196239983,0.10588002722664744,16.955231828870822,6.112190904193899e-05,0.00010815210076893366,5.065662011738177e-05,-0.00013173409576094526,-0.0001772021648512223,0.00014065840515342982,0.00038684203909438976,0.0006637868666890395,-6.601805094880089e-05,0.0004515994744090807,0.0009781099275553017,0.004043756158427036,0.00470085097582004,soft-like,ok,0.001417904747355154,22526690,22526690,True,ae8267030d52ce5eec474ee3876e33eb520f253fe1de3be81de6363d690d3db6,https://nasa-heasarc.s3.amazonaws.com/nicer/data/obs/2022_10/5050020214/xti/event_cl/ni5050020214_0mpu7_cl.evt.gz,1.9332645920819737e-05,8.287157539669204e-05,6.925431986469902e-05,8.911116263085034e-05,0.00013798972404384084,0.00017621000073133206,0.00020755088376467638,0.00045111517687339135,0.0003431593762126848,0.001029076392306531,0.0011984973341197045,0.0018169614180319942,0.0030135424273228283
1050470107,4U 1254-69,NS,"v9 source, third set",0,0,58093.02269,4734.0,1786262,0,33,0,4733.98408973217,94.43607954545455,7.0,310329.0,70407.0,18162.0,0.22687857080711116,0.2579573053815672,0.0002078062691709061,0.0001268085105078151,0.01441548712915752,0.0006135161388609472,0.00044413224050867767,0.024769257939246933,0.000469416417927341,0.0005933040230812023,0.021666019891233852,0.0013228119629867866,0.0011964469458165695,0.03637048202851849,-0.0034045931099471803,0.004103893342912805,-0.05834889124865339,0.0,,0.00016682214763994469,0.00014267302847953338,-2.036647962368541e-05,0.00011213994746997981,0.00033953134774513104,-0.0001594264092551885,0.00043292027841398235,-2.6764134850922573e-05,0.0004700312475803641,3.8458382792267925e-05,-4.791695101456193e-05,-0.0008278198596656405,-0.0026630078198884802,soft-like,ok,0.001474484712274415,39175588,39175588,True,ee3869c760e2472c8975344d9269a3dbe47055a2bdbfcb3f26b2aef6d4ca2b83,https://nasa-heasarc.s3.amazonaws.com/nicer/data/obs/2017_12/1050470107/xti/event_cl/ni1050470107_0mpu7_cl.evt.gz,6.588362158404802e-05,5.746399585825257e-05,4.928628289592411e-05,0.00011430281936824416,0.000166608105487079,0.0001752123884365903,0.0002230321591928069,0.00034494952974475007,0.00046212604087025915,0.0008899635266591981,0.0011417483997006174,0.001630860369109525,0.0017742717310452092
2050470139,4U 1254-69,NS,"v9 source, third set",1,0,58885.28287,2597.0,685599,0,17,0,2596.9400692284107,84.84926470588235,7.0,142953.0,33082.0,8597.0,0.23141871804019504,0.2598694153920561,0.0030508449473109125,0.0016774143529535736,0.055234454349716466,0.0013845762198196044,0.0007024088868815667,0.03720989411191067,0.0004745253130045746,0.0008894552069332407,0.021783601929079008,-0.0009544557397065245,0.0018269579635882465,-0.03089426710097724,-0.004475329723371632,0.006282937689975466,-0.06689790522409227,0.06719399652191554,0.5466686088251584,0.00150518640484221,0.0009381017292451125,0.0015492326845419077,0.0007250527614993708,0.00013131301775103416,0.0006423621737914814,0.0005189802259912243,0.00025745272963981523,0.00014745115767514534,-0.00116661570833047,-0.00014445657511694894,0.00373555761374647,-0.004324585046689155,soft-like,ok,0.0011212187238987543,16043675,16043675,True,fbb06f15c7adcd7a5cb81ea6daa253d22cd0874e0e610edfc8e3026f73d8bf17,https://nasa-heasarc.s3.amazonaws.com/nicer/data/obs/2020_02/2050470139/xti/event_cl/ni2050470139_0mpu7_cl.evt.gz,0.0007931902841764079,0.0004725061500750421,0.0008852621888958991,0.00044522752437364517,0.00018782219474655526,0.00037383991461236533,0.0004175257599321516,0.0006049100150340164,0.0007504328910992032,0.0007276671389393205,0.0013480855360665461,0.002509824795405198,0.003412687958646187
3050470121,4U 1254-69,NS,"v9 source, third set",2,0,59047.01134,2042.0,569771,0,11,0,2041.1706483066082,90.00213068181819,7.0,98164.0,22756.0,5803.0,0.23181614441139317,0.2550096677799262,0.0005863662083247173,0.00016780270147892753,0.024214999655682783,2.1934280062537953e-05,0.0006486995772128801,0.004683404751090595,0.0008667773024825677,0.001230223599903846,0.029441081883697272,0.0018587585062510548,0.0022308180569938847,0.04311332167962769,-0.006470495122552013,0.0076302509269225455,-0.0804393878802668,0.0,,0.0001484922078300965,0.0004130665503378935,3.146883420745156e-05,0.0002986566380481164,-0.00013927122405421374,-0.00027115671132654735,0.00030261445558131067,-9.928667355373095e-05,0.0009389859216295428,0.0002988642319241657,0.00044968605534796957,0.0016824187642175195,-0.008129212221609047,soft-like,ok,0.0016119927921669091,13425104,13425104,True,45712ad086d958ac15007b486d4a97a0ec02b81b2d6c59bbd225398b0aecc523,https://nasa-heasarc.s3.amazonaws.com/nicer/data/obs/2020_07/3050470121/xti/event_cl/ni3050470121_0mpu7_cl.evt.gz,7.322511166747939e-05,0.00013079063232836622,7.786887590881974e-05,0.0001685503979343955,0.00026548833620445217,0.000301146220726721,0.0005573024634415515,0.0005922942903792136,0.0012645473102438347,0.0016058360214190267,0.0014585165693446268,0.0034532209545251923,0.005195852445544872
4050470113,4U 1254-69,NS,"v9 source, third set",3,2,59398.39722,3281.0,789738,0,24,0,3280.9628192186356,79.740234375,7.0,186704.0,45920.0,12338.0,0.24595080983803239,0.268684668989547,0.0003151831256885153,0.0001440580271094509,0.017753397581548026,0.0003046214511286565,0.0005001536729398882,0.017453408009000894,-0.00016532422389022136,0.000621111567576192,-0.012857846782810151,0.0009686223505072066,0.0019200822262501612,0.031122698316617837,-0.001492588035084761,0.007625917623490493,-0.03863402690743952,0.05423437092638318,3.9115003057936732,4.5169039273162665e-05,0.00013460548786177,9.096262727252346e-05,0.00015508488387320056,8.916529255006659e-05,0.00036249891883036373,-0.0002063526295763762,0.000160534523465454,-0.0003320187513500516,0.0009794694267738066,-0.0001297600448764686,0.0014297768285420974,0.00016223138714096868,soft-like,ok,0.00049306837597037,18387199,18387199,True,dabf2e9667af80ecb0fd418324b717457df3740cf464114ce8fc498525cb4dfe,https://nasa-heasarc.s3.amazonaws.com/nicer/data/obs/2021_07/4050470113/xti/event_cl/ni4050470113_0mpu7_cl.evt.gz,6.271095779003245e-05,8.085218390751601e-05,9.884374578056552e-05,0.00016025347226468194,0.00014936458858359774,0.00022911593603015722,0.0004112615890645823,0.00040396390298844223,0.00046969616977582754,0.0012712976963904913,0.0011875728140345713,0.0015890520680471537,0.002696065504305738
4050470128,4U 1254-69,NS,"v9 source, third set",4,0,59443.16458,1700.0,379239,0,7,0,1699.6420807242393,71.06808035714286,7.0,48423.0,11934.0,3320.0,0.24645313177622205,0.27819674878498407,0.008908112897212711,0.008623586063135562,0.09438279979536902,0.002107870667638487,0.0029481777434356453,0.04591155265985335,0.003669382501012545,0.0018543477962012548,0.06057542819504081,0.004644653894860037,0.0044254232409228845,0.06815169766674956,0.014079170698156958,0.006044245621453955,0.1186556812721454,0.12501096430829153,0.11337247229842605,0.00801882271599097,0.0039248759096603145,0.0030589319116053953,0.0021916388012910197,0.0009521701146950493,0.0007059403192623405,0.00016796973474819934,-0.00035291443684309784,0.004036753711444523,0.0011754504551741655,-0.0032658081748099398,0.0017751482858533113,-0.006761238150783307,soft-like,ok,0.004188914366274783,8864165,8864165,True,cfb961bdbd9ee82b348522272d67c86f6ae6e2f03b04f209a19f7b812ded2660,https://nasa-heasarc.s3.amazonaws.com/nicer/data/obs/2021_08/4050470128/xti/event_cl/ni4050470128_0mpu7_cl.evt.gz,0.00862890979830819,0.004098374076389375,0.0032378654899266053,0.0016067974971280406,0.0009608941281026402,0.0012523399957311543,0.0005680272108454302,0.0014194896831851173,0.0009370985144845234,0.0023682362504035027,0.0012674797646546885,0.005389727792537478,0.004810507353709991
4050470147,4U 1254-69,NS,"v9 source, third set",5,0,59548.02596,3049.0,887886,0,9,0,3048.337190538645,76.75173611111111,7.0,67297.0,16660.0,4461.0,0.24755932656730611,0.2677671068427371,3.110086229670853e-05,0.0002663034861077562,0.005576814708837701,0.000938439503761017,0.0006952792662040377,0.030633959975181417,8.47413935824374e-05,0.001567465856051684,0.009205508871455038,0.0038702020030798923,0.0023033929536425027,0.06221094761438611,0.022240870353112153,0.00605346814328015,0.14913373311599276,0.09166100267355252,10.74498309871218,5.938140111609029e-05,-6.887018965967032e-05,-1.9559530611894124e-05,1.061899272832125e-05,-9.174191749950286e-05,0.00011643471619500027,0.001061890557972616,0.00010699534330720504,-6.148621279191241e-05,0.0021593301854652748,0.0019282139818149115,0.007048716722861729,-0.003848184639777165,soft-like,ok,0.0009791932132075633,20151490,20151490,True,21d016f799e9dd867e934a1090392500fd96d6d10777981ed95acbb837eccb39,https://nasa-heasarc.s3.amazonaws.com/nicer/data/obs/2021_11/4050470147/xti/event_cl/ni4050470147_0mpu7_cl.evt.gz,7.115701605012498e-05,8.626047059953806e-05,0.00014377764878790257,0.00015672083384215556,0.00018011430042181987,0.0004304598889240516,0.0006233996973436267,0.0008080764616154745,0.0012130653449167253,0.0015781389088608234,0.0025804513845385313,0.0029347833517004195,0.004966192703580069
4050470157,4U 1254-69,NS,"v9 source, third set",6,0,59589.22801,4537.0,1238499,0,20,0,4535.917447954416,77.419921875,7.0,153365.0,35346.0,9484.0,0.23046979428161576,0.26831890454365415,0.0003745501033092908,0.00022495492479002754,0.019353296962256607,-0.0003034799903921302,0.000514774691380855,-0.017420677093389056,-0.00033852919074931533,0.0010118838077263312,-0.018399162773053434,0.0016722887781833121,0.0018307807156093688,0.040893627598726334,-0.0016442217252638986,0.005776056306717143,-0.040549003998420215,0.015097355561851471,,0.00022406258348072874,0.00012616118751768117,0.00013577239640401762,0.00016538284153393772,0.0001528144469465254,0.00018131178491626837,-0.0006610346815555984,0.00010512008548015103,-0.0004729871390751376,0.0015812415420107043,0.0011578757014254536,-0.002122158203005843,-0.0003456324011179217,soft-like,ok,0.003998073629527042,28812635,28812635,True,10a2321e0b69e93f00ae9cbbec1913c1d22db7c7576228fb2f0c9f9003499d60,https://nasa-heasarc.s3.amazonaws.com/nicer/data/obs/2022_01/4050470157/xti/event_cl/ni4050470157_0mpu7_cl.evt.gz,0.00014132374799638808,9.476479651150537e-05,0.00014436708921704614,0.0001438625940358771,0.00018971781623617145,0.0002273959318850406,0.00035026360299444004,0.0004212938176381948,0.0009112604987284431,0.0009125271511861159,0.0015863189393319887,0.00209533469337586,0.00515070662050033
5050470123,4U 1254-69,NS,"v9 source, third set",7,0,59776.05023,2501.0,595030,0,13,0,2500.557658791542,78.61298076923077,7.0,98846.0,24533.0,7433.0,0.24819416061347954,0.3029796600497289,0.0005505576406592839,0.0002458778632127031,0.023463964725921403,0.0005252081372499413,0.0007422330817465841,0.022917419951860665,-0.00025187316996360656,0.0010101629880534253,-0.015870512592969597,0.0037974001526459044,0.0017797734422321239,0.06162304887496159,-0.0031277264613948867,0.0056202444762353514,-0.055926080332836546,0.10525490961906983,10.582135711192056,0.0001862689931197568,0.0002754049058218154,0.00017191656578160864,0.00024424358870174073,0.0003629404325456573,4.5063702574053594e-05,-5.097423284243252e-05,-0.000712117001135705,0.0004874146464988802,0.003826148342687365,0.0013664131649535078,-0.0017823251133307534,0.006658198003543063,soft-like,ok,0.007170295793730939,14010663,14010663,True,a22eff13b211214ab07363531351495edb9873c2b7f98add8ed2cbe0e3435037,https://nasa-heasarc.s3.amazonaws.com/nicer/data/obs/2022_07/5050470123/xti/event_cl/ni5050470123_0mpu7_cl.evt.gz,0.00018401935751337288,0.00016504269808858708,0.000127835056908636,0.00014154104950451954,0.00023706032468886586,0.0003428689469000885,0.00044449975018822263,0.0005143070262650002,0.001100535288384196,0.0012720251728497198,0.0019912230427596533,0.002289210379831264,0.004123619098520537
1105010109,4U 1323-62,NS,"v9 source, third set",0,0,58031.02731,7420.0,813540,1,51,3,7419.43258702755,20.77542892156863,7.0,44228.0,33944.0,57450.0,0.7674776159898706,1.692493518736743,0.08916593703293635,0.03401270945013599,0.29860665939147496,0.17703928918110398,0.016157419481840397,0.4207603702597287,0.025187509387974778,0.0018152639417159035,0.15870573205771357,0.2051938633550696,0.017678544315485194,0.452983292578291,0.011841676774804277,0.001115774995838906,0.10881946873057356,0.5849741699907095,0.139923089773389,0.04531666282624035,0.027499944118370426,0.038216967915923876,0.028238883572053102,0.08036570284475089,0.048454268483135325,0.04279001379909826,0.019897553549404725,0.0059294013192785384,0.0021217188285823836,0.0016848798414529392,0.0021019807200578504,-0.00042319826202917224,hard-like,ok,0.35391458131544584,15341160,15341160,True,35f60686ba097c0e707200944eeeee630c4de3245ece6d7879d07d34f2428d04,https://nasa-heasarc.s3.amazonaws.com/nicer/data/obs/2017_10/1105010109/xti/event_cl/ni1105010109_0mpu7_cl.evt.gz,0.04629670084492338,0.01403566454393931,0.014997294806152932,0.007219772673401735,0.009121300713021384,0.005333307335873821,0.0038544238948958415,0.0010704490243093334,0.0007040534554497688,0.0003996321020422295,0.0005060384320118919,0.0006670921357397499,0.0011850877199173259
1105010166,4U 1323-62,NS,"v9 source, third set",2,2,58543.44851,1144.0,843115,0,5,0,1138.7919067442417,728.9609375,7.0,117073.0,119143.0,230319.0,1.0176812757851939,1.9331307756225713,0.13244017428399874,0.09409392489125161,0.3639233082450185,0.014921561538286754,0.0070641673602208415,0.12215384373111947,0.0010467770130725405,0.00043696469208141326,0.03235393350231994,0.015551549494212617,0.007471367423107925,0.12470585188439481,0.0013001588568169375,0.001502921275140462,0.036057715635033474,0.665854792666075,0.016449390172322793,0.29635226837621403,0.08953913814318323,0.03325484691363382,0.012716083995617418,0.007010773607767597,0.00360207052194939,0.0012411410170252558,0.000681230297649995,0.00036322833853128655,-0.0004110084247661773,-0.00013355081183460678,-0.00020128074753723822,-0.0006523363110524478,hard-like,ok,0.33348331380822543,19959176,19959176,True,00fdb8a8902aa774894ee07dcb76bf413df2a6c1d2fbe50525b9000db8fce900,https://nasa-heasarc.s3.amazonaws.com/nicer/data/obs/2019_03/1105010166/xti/event_cl/ni1105010166_0mpu7_cl.evt.gz,0.33782528826311387,0.07814715936144172,0.010844684715095058,0.007421104958696974,0.0038234460282748723,0.0008474705407342896,0.0005920720211886327,0.00037314137493737044,9.483666034206491e-05,5.513621544042075e-05,0.0001419849905928625,0.00017091688456751802,0.0008101347819105242
1050070106,4U 1608-522,NS,"v9 source, third set",0,2,58033.29377,1577.0,108072,0,11,0,1576.9031049609184,23.361505681818183,7.0,25003.0,5570.0,2320.0,0.22277326720793506,0.41651705565529623,0.0010406700021534504,0.0009545077747248864,0.03225941726307917,0.0061475242570535535,0.002082871172385514,0.0784061493573913,0.004304597335582741,0.004564240610590471,0.06560943023363898,0.011736921803486663,0.013303812804624416,0.10833707492583812,-0.004309578348692371,0.03814482301983363,-0.06564737884098931,0.12922166038394078,1.3477281909819423,0.0014894115275810346,0.001074319562724734,-0.00015285694566167631,0.0006354714871722212,-0.0002465666108398913,0.002681911210396869,0.003183339253646345,0.004637219729002886,-0.00032004609165174397,-0.00022174053599789294,0.007136266730329509,0.001254321622171316,-0.004452813426491179,hard-like,ok,0.015239497287424008,2464500,2464500,True,3ea10895b9e221fe9e81514c2bcf1f5b3f5a6eec98b12da9c83b33c41efb7320,https://nasa-heasarc.s3.amazonaws.com/nicer/data/obs/2017_10/1050070106/xti/event_cl/ni1050070106_0mpu7_cl.evt.gz,0.0017227639844957935,0.0007174690992085208,0.0003903694041485516,0.0006926490873509676,0.000918111918631778,0.0009853889061533973,0.0011746524295747646,0.00276986618476704,0.0029940308794793587,0.005960523638832822,0.0066700979120980445,0.011258329673981831,0.019568830271024334
1050070130,4U 1608-522,NS,"v9 source, third set",1,2,58302.24932,1213.0,1103332,0,8,0,1205.5345695912838,456.8759765625,7.0,370772.0,77038.0,20031.0,0.20777728631072465,0.26001453827980997,7.481379816426967e-05,6.328931601006364e-05,0.008649496989089577,1.644909201553351e-05,0.00015216780758588484,0.0040557480217012385,-0.0005442117385421377,0.00023061234337371666,-0.0233283462453329,-0.001068241153221414,0.0003081086936086493,-0.032683958652853146,0.00038431760812770386,0.0017502050869732091,0.01960402020320587,0.0,,7.766339525272469e-05,7.19443652523415e-05,-1.004575328845926e-05,1.9213709273953264e-05,8.444625812251884e-05,-0.00012485864398525988,6.36617755959181e-05,-0.0001673016441582782,-0.0003900089151750688,-0.0004733922217801891,-0.00013555018703625258,-0.0003930843153891833,0.0005269882598002268,soft-like,ok,0.001158984421562245,25282787,25282787,True,f665e6c71e55238ae81d0a3fc4046a86eab2844072bc8f4ca28e1422167a8088,https://nasa-heasarc.s3.amazonaws.com/nicer/data/obs/2018_07/1050070130/xti/event_cl/ni1050070130_0mpu7_cl.evt.gz,4.516307365079248e-05,4.492578653317707e-05,2.761278311864513e-05,3.398877381518527e-05,5.757620225660224e-05,3.52839368856742e-05,0.00010194411983530257,0.00011455574222069921,0.00015583156063500914,0.00023947620887585996,0.00021747392921189963,0.0004847760978116939,0.0009703321089800124
3657020401,4U 1608-522,NS,"v9 source, third set",3,0,59008.03266,3303.0,10286347,0,22,0,3302.9912642538548,1824.9545454545455,7.0,3772634.0,1078973.0,287465.0,0.2859999141183587,0.2664246463998636,7.873033558014526e-05,1.37242019012489e-05,0.008873011640933718,0.00012596826340272401,2.8989819076941007e-05,0.011223558410892866,-1.5167137954219128e-05,4.471808915093688e-05,-0.0038945009891151816,0.00012022658486953003,7.088914737754302e-05,0.010964788409701758,0.0005660044914291408,0.0002815682511246011,0.02379084890097747,0.007184732773466748,,7.318486344845584e-05,3.952197554130898e-05,2.2838198919110578e-05,3.0144518548922793e-05,2.879542154069113e-05,5.078339347065583e-05,3.0239860564156576e-05,-2.190131809811426e-05,9.109410541918525e-06,-4.27899804392404e-06,9.093772628787892e-07,0.00014617704676460943,-0.000353903365434543,soft-like,ok,0.00012405231349250166,232665040,232665040,True,a8ce3a38fc0ce7108dff27ee45b2b8b6f9211c67b335c851753fe8dbe8d35dad,https://nasa-heasarc.s3.amazonaws.com/nicer/data/obs/2020_06/3657020401/xti/event_cl/ni3657020401_0mpu7_cl.evt.gz,2.662943470738696e-05,1.0844165672333804e-05,6.238127611392911e-06,9.886103051244584e-06,9.586944203488e-06,1.664801180648377e-05,1.6844878505424084e-05,2.5759103173386875e-05,3.0636472547970835e-05,4.1239358392465115e-05,6.353703631726065e-05,9.852904781660081e-05,0.00012993531459205563
3657022501,4U 1608-522,NS,"v9 source, third set",4,0,59029.05473,1937.0,5176968,0,7,0,1936.920066446066,1527.1138392857142,7.0,1017645.0,278965.0,71684.0,0.27412801124164127,0.25696413528578854,6.0505876215524654e-05,2.1992082826385194e-05,0.0077785523213207645,6.430060819663013e-05,2.6941092759156376e-05,0.008018766002112179,-2.193561246703961e-05,6.977004098597879e-05,-0.004683546996352189,-6.134711131259023e-05,0.00011519299111052447,-0.007832439678196712,0.00028771985829893895,0.00042387926458332324,0.01696230698634295,0.0,,3.8343256980563194e-05,2.6501433709690465e-05,2.673184493673817e-05,1.5998835940729552e-05,3.451564757896765e-05,1.5229412895999925e-05,-8.950062623490353e-06,-9.678136755285886e-06,2.521896261765673e-06,-5.596882953552818e-05,-0.0001050098615783553,0.0001916162016196558,-0.0003350264999149946,soft-like,ok,0.00020020922705442427,117611261,117611261,True,37cfde7f700f7b76d0832539623947b4878c98b521d679f0d7dd448d2cc66f3f,https://nasa-heasarc.s3.amazonaws.com/nicer/data/obs/2020_06/3657022501/xti/event_cl/ni3657022501_0mpu7_cl.evt.gz,1.6218880343275345e-05,1.2591204594408183e-05,1.366379843997934e-05,1.7047416302546514e-05,2.008131270347238e-05,2.2692952151297276e-05,2.370260323116245e-05,2.5355250887073215e-05,8.131193511286105e-05,8.256696408001091e-05,0.00012978211685444645,0.00015241079998205495,0.00033963053830557665
3657023601,4U 1608-522,NS,"v9 source, third set",5,0,59040.30255,1044.0,2316463,0,6,0,1043.9961086511612,1234.4427083333333,7.0,719613.0,182733.0,45706.0,0.2539323219563849,0.2501244985853677,8.378933556690218e-05,5.4973905401816316e-05,0.009153651488171384,9.64508228480051e-05,5.938257048605174e-05,0.009820937982087307,-0.00012818317036798838,0.00010192934423419458,-0.011321800668091114,6.224476715786144e-05,0.00011116845287604835,0.007889535294164127,-0.0001042557332683391,0.0008026802845086505,-0.010210569683829551,0.008524838387423496,,8.641589101740063e-05,1.942416513648428e-05,3.9817712965137105e-05,3.265683424437068e-05,3.5190131598630776e-05,-2.5714564013961797e-05,8.684680799005464e-05,-0.0001263629179356669,-9.801181938129906e-06,0.0001811124890619265,-7.877144348869598e-06,-2.6764083519558175e-05,-0.000212271270726129,soft-like,ok,0.0001037607061303219,52456401,52456401,True,9144ada40245cdd45a362a96b00d5bf400ced1b849c83458e0c7ef3cd6f9bbfe,https://nasa-heasarc.s3.amazonaws.com/nicer/data/obs/2020_07/3657023601/xti/event_cl/ni3657023601_0mpu7_cl.evt.gz,3.815396552954166e-05,1.23637455610529e-05,3.3790945776928135e-05,2.1355764218227276e-05,1.7874920273621734e-05,2.0344932610617564e-05,6.688155929206114e-05,7.50409945719335e-05,5.1893598516991894e-05,7.012481941770136e-05,0.0002938081026197714,0.00011011516660471304,0.00022276837627501506
3657024601,4U 1608-522,NS,"v9 source, third set",6,0,59050.5455,3384.0,6560215,0,23,0,3383.9909755289555,1114.4096467391305,7.0,2425737.0,671932.0,183153.0,0.2770011753129049,0.2725766893078466,0.0001542698977024001,1.9998510483883488e-05,0.01242054337387862,7.860398758938143e-05,4.126445656349462e-05,0.008865888990359705,-5.912644047038077e-06,6.93951731679979e-05,-0.002431592903229913,0.0001616187264833874,0.000121330813632472,0.012712935399953364,-0.0001768672034984052,0.0004941266206384268,-0.013299142961048475,0.021769472969027592,,9.956568655161909e-05,5.822188256645991e-05,6.756240377906653e-05,4.521845417624951e-05,3.845437058283429e-05,1.7939360157192652e-05,3.940745816489264e-06,8.920980989695876e-06,-1.3296956823244565e-05,2.496646700425588e-05,7.244889288776249e-05,-0.00011322770721145299,0.00016319537287229512,soft-like,ok,0.00014362792456056094,149906438,149906438,True,72ce84593b15379b9a49ef14cfd56e19c1547f00501dd0b477fadd64c5b9106d,https://nasa-heasarc.s3.amazonaws.com/nicer/data/obs/2020_07/3657024601/xti/event_cl/ni3657024601_0mpu7_cl.evt.gz,2.8952243587397936e-05,1.5109517461489777e-05,1.3596084472624145e-05,1.029528038589618e-05,1.4174938728272663e-05,1.7236578166447988e-05,2.6143393561369065e-05,4.464227071636008e-05,5.57822587644055e-05,5.6795158513519396e-05,9.870091615651755e-05,0.0001314025992968593,0.0001724533359416704
8050070103,4U 1608-522,NS,"v9 source, third set",7,1,60756.23519,1976.0,3624535,0,14,0,1975.9971925616264,1031.0479910714287,7.0,1375591.0,372762.0,99285.0,0.27098316287326685,0.26634957425917877,0.00017716493931511026,2.598562439994158e-05,0.013310332051271684,0.00012046010448443279,6.198120518354895e-05,0.010975431858675666,4.5460196704024036e-05,8.266310990460418e-05,0.006742417719484905,0.00018292708193707496,0.00019985319943078767,0.013525053860782772,0.0005977141525314811,0.0005769768598440549,0.024448193236545745,0.021883259479266674,,0.00013705983660384415,7.735993604723243e-05,7.628103903417973e-05,4.033327017223041e-05,5.44457936711778e-05,-2.0201771275343788e-05,7.01701159388512e-05,-2.0973973739365538e-05,6.567083065460486e-05,-6.304326186813358e-05,-0.00012024437712572745,-6.899328805216293e-05,0.0002510128953755274,soft-like,ok,0.0004184145730350021,81548735,81548735,True,81cb6adc80229e20b182be3cf1c1010eef6280f160e63d1f96acd780386e63af,https://nasa-heasarc.s3.amazonaws.com/nicer/data/obs/2025_03/8050070103/xti/event_cl/ni8050070103_0mpu7_cl.evt.gz,4.269837590879131e-05,1.5807346518423774e-05,2.269403363221924e-05,1.2879124515311605e-05,2.6428789729068244e-05,2.1463373314080313e-05,3.574480409858374e-05,6.145818257513071e-05,6.578513823600212e-05,7.659054139290931e-05,0.00012144218918985394,0.0002865385213866573,0.00032178314768902954
0050080113,4U 1636-536,NS,"v9 source, third set",0,0,57950.2919,2824.0,663440,0,20,0,2823.9434466958046,91.617578125,7.0,165663.0,48331.0,20547.0,0.2917428755968442,0.4251308683867497,0.00075882810948089,0.0001304625849589174,0.027546834835982335,0.007633805450989402,0.000681257915364135,0.08737165130057575,0.009309191900675683,0.0008427476229029723,0.09648415362470504,0.023477498827892553,0.0015454329703902727,0.15322368886008636,0.004037422621910535,0.00563616131077634,0.06354071625273464,0.18766846193285794,3.531260570747197,0.0002170490165851329,0.00015857328242893504,0.0001618302980332443,0.0007824405428999121,0.0013672118477318753,0.0021171622092987503,0.0037532549272861543,0.003376092768330511,0.005985259585136593,0.0051177878175283145,0.004000545056072675,0.004138649114164293,0.004043595138748156,hard-like,ok,0.011848479089664481,15742242,15742242,True,b5be5e2da735cef95c7046e20ede3dccbf455d957ae0fd310dba474ca2e74768,https://nasa-heasarc.s3.amazonaws.com/nicer/data/obs/2017_07/0050080113/xti/event_cl/ni0050080113_0mpu7_cl.evt.gz,0.00014297840161490996,6.409967085061385e-05,7.779517600296662e-05,0.00010685844233883352,0.0002730819550336086,0.00034269172899916355,0.0004135889653772841,0.00044696757277221366,0.0007307358345122093,0.001078531367005031,0.0011668966546585313,0.002296673885667059,0.00229570689681302
1050080127,4U 1636-536,NS,"v9 source, third set",1,0,57990.46469,1197.0,864811,0,9,0,1196.9930004179478,259.57378472222223,7.0,178448.0,57165.0,63416.0,0.3203454227562091,1.109350126825855,0.05614675473924982,0.013043431434754504,0.23695306442257677,0.006598488666019537,0.0012417861278429493,0.08123108189615313,0.0003312548282828496,0.00026721793839345716,0.018200407365848974,0.0065932414319768195,0.0013045668124341712,0.08119877728129174,-0.001184386754755607,0.001756491911592856,-0.03441492052519673,0.6024156012259465,0.014703527595714822,0.29763321332588816,0.03400979074810766,0.016780246407019285,0.006670200172749923,0.002794768999095362,0.0012758603792349247,0.0012045825420549969,0.00035374909472526175,-1.2700109435200221e-05,-0.000285486139425039,0.0008979081085701573,-0.0005988731557452633,0.002181296227578354,intermediate,ok,0.11204099004928068,20077485,20077485,True,9c15baefab48e5a7b46f6298f6da95832810eb9e5761400cff19a685e3bf3e7d,https://nasa-heasarc.s3.amazonaws.com/nicer/data/obs/2017_08/1050080127/xti/event_cl/ni1050080127_0mpu7_cl.evt.gz,0.07344223279453728,0.007736206600164936,0.0042856316561981035,0.0013832921339759535,0.0005219586536127512,0.00031916692856470415,0.00025315560151639,0.00011680355899009275,0.00021007273464368408,0.0002505338314083476,0.0004861997400123,0.0007462545941837074,0.001313339954075279
1050080137,4U 1636-536,NS,"v9 source, third set",2,0,58132.02917,12761.2989382893,25870899,1,123,3,16782.94746643305,66.25146087398375,7.0,658218.0,207847.0,176998.0,0.31577228213145186,0.8515783244405741,0.14708096323193812,0.011716032272633348,0.38351135997769104,0.015796636892134622,0.005852455077822259,0.12568467246301207,0.00627736493955132,0.0007425727408424837,0.07922982354865699,0.035485170422855164,0.006366097502920676,0.18837507909183518,0.04197164152085848,0.0024950608525164766,0.20486981603168994,0.9665338840145695,2.224155308904024,0.15507498579881684,0.12421098078063467,0.017246169784422158,0.007351031566238386,0.005768145466827691,0.005845015500089337,0.002287747064582489,0.0025649709500785585,0.003880903950750775,0.008247623436094658,0.02535094888784766,0.3902519676274403,0.18610725813446582,hard-like,ok,0.0954333815681946,367163617,367163617,True,98eda7331088cb244644ab3755687223970ea752153fb4b86319f21083450fcd,https://nasa-heasarc.s3.amazonaws.com/nicer/data/obs/2018_01/1050080137/xti/event_cl/ni1050080137_0mpu7_cl.evt.gz,0.011779453348868719,0.01451604652374026,0.002553518316134476,0.002736455827873445,0.0014979276578749449,0.0024823097406715022,0.0008174675437443061,0.0006177799063155785,0.00013545418866225842,0.00034518885160160197,0.0022238879385724523,0.023915997345553844,0.00927175072636346
1050080150,4U 1636-536,NS,"v9 source, third set",3,0,58237.05185,1127.0,802045,0,7,0,1126.9857086241245,217.44196428571428,7.0,147755.0,30758.0,16315.0,0.20816892829345876,0.5304311073541843,0.0009622508237393543,0.0007548500464070353,0.03102016801597558,0.00013368008298726862,0.00012886556387003146,0.011562010335026891,0.0005459376937415917,0.0006622079764607163,0.023365309622206842,0.0008889777357994191,0.0009345091231328407,0.029815729670752973,-0.0034620302297900213,0.004257722213090126,-0.058839019619551965,0.04647102922029578,,0.0012225152477719568,0.0005893206718202134,0.0003683512112320943,-9.652767390859308e-06,-0.00012463302210619876,3.158794993595032e-05,0.0002602736932496397,4.277390142067275e-05,0.00048384696230670233,0.0007435747892383026,0.00028186994991334603,-0.00226592662306374,0.0005356545924655048,soft-like,ok,0.03254356846473029,18304298,18304298,True,44ad027a6afa2fc73854a73f2df1f7db820543f5c943b55d2d30cb685e727bce,https://nasa-heasarc.s3.amazonaws.com/nicer/data/obs/2018_04/1050080150/xti/event_cl/ni1050080150_0mpu7_cl.evt.gz,0.0006178211964632139,0.0004120209989316422,0.00032986256109602516,0.00010836479868811886,0.00012973976816815539,0.0002440561550695124,0.00014346152593353,0.00037347444005737026,0.0005228438746213986,0.00037534756894758647,0.0006860320535339258,0.001518520079203756,0.0011789521578345528
1050080180,4U 1636-536,NS,"v9 source, third set",4,0,58381.05116,2761.0,667193,0,17,0,2760.9156498908997,90.04733455882354,7.0,144202.0,38989.0,12752.0,0.27037766466484514,0.3270666085306112,0.001468017213500806,0.00025894595019691346,0.038314712755034536,0.006904574032821127,0.00043085388322644,0.08309376651001642,0.010225296990582756,0.0011199778953047829,0.10112021059403879,0.024241331508843316,0.0021134887276289096,0.15569627968851188,-0.005881714773918716,0.007378799727219006,-0.07669233843037201,0.19258021614854579,3.2743860453825366,-2.1556665925069996e-07,0.0004150066397331577,0.0003607743615483142,0.0009942285194099174,0.0012731378264465838,0.002039244843166697,0.0032229132966889924,0.004694711808005433,0.005597870941905595,0.005593654032788049,0.005837029766566294,0.005277431588501591,0.0017813515937192429,hard-like,ok,0.0007243606511197409,15917211,15917211,True,ee1a863e013c7bb5b458516ca2dd7640ad33abd546fa202b53f359447b296c45,https://nasa-heasarc.s3.amazonaws.com/nicer/data/obs/2018_09/1050080180/xti/event_cl/ni1050080180_0mpu7_cl.evt.gz,5.2936485454456666e-05,0.00010773545786010207,0.0001042887787255874,0.000181085552770727,0.0002574349244047614,0.0003518407343766947,0.00031122175759249523,0.0006226570580876969,0.0009662299194197053,0.0011179656818839578,0.0017889898783406133,0.0017344414284212527,0.0038096732869021374
1050080185,4U 1636-536,NS,"v9 source, third set",5,0,58387.33787,4834.0,1350415,1,33,3,4833.984565287828,99.27225378787878,7.0,300307.0,85336.0,33683.0,0.2841625403337252,0.3947103215524515,0.0017080751831772209,0.0006849108800959547,0.04132886622177314,0.007014297327799936,0.0004245134532349925,0.08375140194528051,0.011476648746022142,0.0006193021972730052,0.10712912183912525,0.022890287653850063,0.001295038791887437,0.1512953656059896,0.004318548959065855,0.003234842594703805,0.06571566753115922,0.19600912234210002,3.1735756990668724,0.0006876569600936627,0.0006878277384608683,0.0005518446535578388,0.0006251905371253191,0.0011249076086054923,0.0021939533525715347,0.0034030398096132506,0.005039522609279795,0.0065727349477851995,0.004513938252377615,0.003275957354315372,0.003975851479574102,0.00576715073796029,hard-like,ok,0.012902766582469397,32187909,32187909,True,e8650e65aa7c14820b6420eff73ed57dd345dbe8bb0a189c92c28b027e522f79,https://nasa-heasarc.s3.amazonaws.com/nicer/data/obs/2018_09/1050080185/xti/event_cl/ni1050080185_0mpu7_cl.evt.gz,0.00042979466577372375,0.000303970153751086,0.00030817396592621723,0.00012841281769511518,0.00018168982967070553,0.0001834266858138188,0.0003489880830053532,0.00038115517568487083,0.000510974946994336,0.0006900363530027534,0.0009010792318583296,0.0011782290134822366,0.0022493670879300096
1050080195,4U 1636-536,NS,"v9 source, third set",6,0,58507.01782,1679.0,723104,0,12,0,1678.9829817414284,67.68294270833333,7.0,77371.0,20074.0,6516.0,0.25945121557172585,0.32459898376008767,0.0012719733016623837,0.00046169351056257957,0.035664734706182574,0.006743018394143451,0.0006359718437635031,0.08211588393327719,0.007306809556480174,0.0012050383949423235,0.08547987807946485,0.0221077370681771,0.0030812271392799896,0.14868670777233955,0.006509007258978417,0.009267315221093857,0.08067841879324616,0.20008104887005534,4.53506162984448,0.0001645001436065462,0.00022230760547472365,0.00039544720914451654,0.0009500730293704664,0.0007449988047886794,0.0026525223989611337,0.0030043049234639504,0.0021022785164238117,0.0052498687646587265,0.0073666899360353595,0.00425136475802054,0.01127107358146566,0.001656996445527357,hard-like,ok,0.0010920491774403776,12656531,12656531,True,88b17a6af4f16610a43461e305fa376eaeac86bae5fd7bfe438e38e9bcc8764b,https://nasa-heasarc.s3.amazonaws.com/nicer/data/obs/2019_01/1050080195/xti/event_cl/ni1050080195_0mpu7_cl.evt.gz,0.00010460451847764918,0.0001014493465377421,0.00019059523549644773,0.0003960056256771522,0.0003533280288811748,0.0003773584067311875,0.0006071451434898411,0.0006641953801931425,0.0010334015383529685,0.0017576869609713867,0.003512927958184984,0.0028125511720888154,0.006489189812603996
2050080213,4U 1636-536,NS,"v9 source, third set",7,0,58602.01412,8731.35797443986,2909362,2,56,6,8731.903523951769,108.45284598214286,7.0,570187.0,153412.0,53791.0,0.2690555905343335,0.35063098062733034,0.0003120710975143502,8.268272711402209e-05,0.017665534170082438,0.00346819695384246,0.0002581946082037514,0.0588913996593939,0.008705160899500932,0.00041221715854721983,0.09330145175451951,0.019011632682983736,0.0008820296247059017,0.1378826772404124,0.0022605373431180257,0.0027595092697404555,0.0475451085088469,0.16608803305844277,4.536600366710006,3.520927217781959e-05,1.7676184535357052e-05,9.507250112805321e-05,0.00026420459206400517,0.0005235011680570357,0.001029660243744532,0.0018184346589638757,0.003923949026817661,0.004812930575547223,0.004773326890972372,0.0046555249373292145,0.002784270934953204,0.0028514737389320217,hard-like,ok,0.005959726724725793,67751289,67751289,True,9dff69e1bbe9ff3d9e36306ad5445c7acb0fa74b42961df06853f3e0baa56408,https://nasa-heasarc.s3.amazonaws.com/nicer/data/obs/2019_04/2050080213/xti/event_cl/ni2050080213_0mpu7_cl.evt.gz,2.83909225823708e-05,3.1658698026742494e-05,5.5052496716011625e-05,6.940578908153952e-05,0.00010386464724179901,0.000135053351022185,0.00020146125835265692,0.00027960966348738125,0.0002988766213904855,0.0005491406695173597,0.0007848578950366699,0.0008664205336383004,0.0016727803242720452
0050110105,4U 1702-429,NS,"v9 source, third set",0,0,57932.08333,1518.0,142977,0,10,0,1517.8622590601444,64.08671875,7.0,57354.0,18607.0,6070.0,0.3244237542281271,0.3262213145590369,0.001228787397739643,0.0004804402510383044,0.035054063926164725,0.005674675953084208,0.0007091119441133999,0.07533044506097257,0.008239123128313269,0.0029361225526112274,0.0907696156668809,0.022459691723861062,0.0040242443656980705,0.14986557884938442,0.015133011718748304,0.011154603986539358,0.12301630671885863,0.2006596242162895,4.38089034428059,9.916816782283938e-05,0.00018838886964406287,0.0004934549709367148,0.0007443801266010586,0.0008029154604802463,0.002492947536489875,0.0020295045693274716,0.004427857375677775,0.003963137569979917,0.00799078340543195,0.008415769955008262,0.0097632369673604,-0.0011472601841380587,hard-like,ok,0.0031492347462147635,3495763,3495763,True,64fbb94548cdd7ae7e34d8c7f6a053a9646fb90672d7fe15ae48aa83ff336455,https://nasa-heasarc.s3.amazonaws.com/nicer/data/obs/2017_06/0050110105/xti/event_cl/ni0050110105_0mpu7_cl.evt.gz,0.00015330653334171614,0.0001285290675053473,0.00026396615799491796,0.00021681723533260384,0.00037576763236661496,0.0002850324360412678,0.0006573431370786453,0.0012413068699830092,0.0021514184142885228,0.0011131557326615694,0.0022040136005079458,0.004094432293944208,0.004746346508153188
1050110128,4U 1702-429,NS,"v9 source, third set",1,0,58391.20231,1756.0,225071,0,11,0,1753.0378435254097,71.61789772727273,7.0,72632.0,20604.0,7602.0,0.28367661636744135,0.3689574839836925,-0.00017391472539604307,0.00023540751639996755,-0.01318767323662681,0.0008376605492167368,0.0008812124396755781,0.02894236599203211,0.003974314508800337,0.00204970285031478,0.0630421645313701,0.008357689841657474,0.0019152053960379658,0.09142040167083863,0.0023257412574085147,0.009476359083356286,0.04822593967367059,0.1514014673278878,12.749801136004981,8.325598205906003e-06,1.3383925152068481e-05,4.148804027960737e-05,-0.00041734102273346377,-2.0355813969416453e-05,0.0007948483958180817,0.00028430815781601545,0.0010211317597680811,0.0029205968904900573,0.00035964208883929163,0.008165626632842139,0.0005628301467339854,0.009187919509795127,intermediate,ok,0.013488977440709557,5517093,5517093,True,782019eb275ecd602e6859aa5dc771042d06f69eeaf95733ea24a25e81643103,https://nasa-heasarc.s3.amazonaws.com/nicer/data/obs/2018_09/1050110128/xti/event_cl/ni1050110128_0mpu7_cl.evt.gz,0.00011045287128001633,6.94993668819138e-05,0.00013469099058620697,0.0001909019379391956,0.00020909188884011775,0.0005064539814067209,0.0005125120831526963,0.0008713725039427233,0.0016824904995808045,0.0009242400658027554,0.0020542239478218618,0.0023311118531203884,0.002914284247130145
1050110129,4U 1702-429,NS,"v9 source, third set",2,0,58392.03889,3159.0,447848,0,19,0,3148.2779574096203,82.7779605263158,7.0,148339.0,40561.0,12416.0,0.2734344980079413,0.3061068514089889,7.16608769516695e-05,0.00014806356936692354,0.008465274771185487,-2.2385229196832767e-05,0.00045781006877949226,-0.00473130311825746,0.0013746149853183724,0.000914807429465336,0.03707580053509799,0.0016532463256736414,0.0019040509415904038,0.04066013189444473,-0.0025936988865030877,0.005601091555560342,-0.050928370153609744,0.0753895868551266,8.415073097820967,1.2132412821443925e-05,3.1294452590371708e-06,-5.178926541627742e-06,5.0107827970773716e-05,-7.627981324344349e-05,-0.00027104582485655684,0.00027642707380497747,0.0010626640091094127,0.00038406684157063606,0.000494365315505773,0.0005306217424295424,0.003402187870818507,-0.00017960816846179748,soft-like,ok,0.0013663041670296944,10923123,10923123,True,82beffacbd7efdcef4cc8b1e360b9b7f4fe825dcb09839f026c558ffb98c9606,https://nasa-heasarc.s3.amazonaws.com/nicer/data/obs/2018_10/1050110129/xti/event_cl/ni1050110129_0mpu7_cl.evt.gz,5.0418063295454026e-05,6.059639670399645e-05,8.413636152573267e-05,0.00012766676048970763,0.00018213038497491335,0.00030016827703469116,0.00029946060414006006,0.00047891585178923805,0.0007962137829378661,0.0009333397064634924,0.0018160509261923546,0.002209844317771497,0.003929129432240799
2050110110,4U 1702-429,NS,"v9 source, third set",3,0,58582.56462,2183.0,200505,0,17,0,2182.981035411358,65.40027573529412,7.0,98167.0,33226.0,10918.0,0.33846404596249247,0.32859808583639316,0.003925265508130468,0.0003513517762962336,0.06265193938044111,0.015068800367873602,0.0007498575622705881,0.12275504212810813,0.013783280457968006,0.0016568620481736953,0.11740221658030144,0.038220514628981274,0.0033030036150677724,0.19550067679929212,0.004657317720787972,0.0075094534926481585,0.06824454352391825,0.23587978576073748,2.1529981321525717,0.00036548185123717013,0.0006281193235937736,0.0015045988360167751,0.002604616228919193,0.004379606893530174,0.0030511682482916745,0.006734365649424859,0.008312535277271984,0.005562335876923641,0.007884914666174204,0.0047852050213334895,0.0008386264964709246,0.008987698961343552,hard-like,ok,0.0015342903381744047,4913008,4913008,True,01d39bec3ca4f9cce31d2e9ba566c9e475eea77cf5f95cd29b1f1e168d96ab83,https://nasa-heasarc.s3.amazonaws.com/nicer/data/obs/2019_04/2050110110/xti/event_cl/ni2050110110_0mpu7_cl.evt.gz,0.00017809318636455857,0.00016434522712790368,0.00027381387287625834,0.00035130828396580307,0.000519753655670532,0.0003035759793673744,0.0006202135628947811,0.0008571526764545672,0.0011338079161047792,0.0018640226685040504,0.002654591779941156,0.0027913338955015588,0.003495671898145962
2050110111,4U 1702-429,NS,"v9 source, third set",4,0,58583.61389,1521.0,138529,0,10,0,1520.8784188628197,64.965625,7.0,57513.0,19231.0,6412.0,0.33437657573070434,0.33341999896001245,0.004174948610780683,0.0008986756111441712,0.06461384225365864,0.01863322463451998,0.0014480767671012822,0.13650357004313102,0.01450306768816127,0.0025337216252254457,0.1204286829960424,0.038546800266034915,0.0035074109304013834,0.1963333906039289,0.011733233173670617,0.007979139988307083,0.10832004973074291,0.2494920242550482,1.9601744060854274,0.0006543715492193785,0.0008660298488137074,0.001467701751115373,0.0025958926343045987,0.005283829709506957,0.0058774542183312045,0.006630623066425059,0.008824515301739801,0.005765194403225233,0.0042161815827626205,0.007898229581657581,0.007670724770755884,0.00449552174902416,hard-like,ok,0.0019082235347569287,3416084,3416084,True,886738b281a481cf4f8b1c16b0fc933ff5870cd2a25fdf12f24576474462b297,https://nasa-heasarc.s3.amazonaws.com/nicer/data/obs/2019_04/2050110111/xti/event_cl/ni2050110111_0mpu7_cl.evt.gz,0.00028905045672864195,0.00033348047545045324,0.0003783729775830912,0.00046994628745559557,0.0009151557180219432,0.0008820032319510838,0.0005261661733055992,0.001612224777057933,0.0020383497688001673,0.0011689766672754224,0.0022035080502008407,0.0013512903244450817,0.005135792553249466
2050110125,4U 1702-429,NS,"v9 source, third set",5,0,58604.00856,7476.0,829502,1,51,3,7475.8126664459705,74.53033088235294,7.0,316669.0,116470.0,53395.0,0.3677972899147059,0.45844423456684125,0.00406691498550888,0.0006530655124255621,0.0637723685110478,0.010653043474618446,0.0009206306700800871,0.10321358183213315,0.008246868852717285,0.0010693629555821739,0.09081227258866108,0.025374879724942435,0.00215396799686866,0.1592949456980429,0.00263298222525255,0.004398252557413001,0.05131259324232746,0.21874881147882871,1.8132406834901482,0.002868455750063523,0.0015219834051149969,0.0013179638059280954,0.001874179994740428,0.0030395501404127633,0.0038128850403643206,0.003072187795004379,0.004372483601415055,0.003955593529864571,0.004529448128968977,0.007194646889408675,0.005784545485044368,0.004507118957069995,hard-like,ok,0.033024733521785886,20264292,20264292,True,8b086c4cdc489004b96b3cb3d47e79d71d033458ba0c39d31749859f4432183f,https://nasa-heasarc.s3.amazonaws.com/nicer/data/obs/2019_05/2050110125/xti/event_cl/ni2050110125_0mpu7_cl.evt.gz,0.0011085922919699487,0.0004268489806684857,0.0002230764076218638,0.0001836639993514012,0.0003781899860860786,0.0003922858431796596,0.00038062115840686856,0.0005402879429684081,0.0006956272613863133,0.0006298991234640664,0.0010748414491983489,0.0012412387476256868,0.002507309064688617
2050110126,4U 1702-429,NS,"v9 source, third set",6,0,58605.4286,2152.0,279718,0,16,0,2151.969382762909,87.939453125,7.0,106803.0,42882.0,30415.0,0.40150557568607625,0.7092719555990858,0.0033619004003096957,0.0007760726335065061,0.05798189717756479,0.008280080904009043,0.0009255306998570441,0.09099494988189753,0.007634673337163857,0.001528127912167177,0.08737661779425808,0.01799917210378612,0.001960361390723037,0.13416099322748815,-0.004836040678431308,0.004596678106290054,-0.06954164707879235,0.17569943009215144,0.7392923679441774,0.003930602445259689,0.0011215814622353565,0.0010530692065727225,0.0018192871071795772,0.002546782995694096,0.002049940641717549,0.003018331731157856,0.0040656542260592895,0.0036020072708661515,0.0009036507593786863,0.0022783481665367036,0.001992654202511422,0.002488379519537709,hard-like,ok,0.0713601711916544,6864854,6864854,True,2e16a464f7da1d0045ee95e850b0c6e4bbc55f52aab2a7fa1fa4f909082b17d2,https://nasa-heasarc.s3.amazonaws.com/nicer/data/obs/2019_05/2050110126/xti/event_cl/ni2050110126_0mpu7_cl.evt.gz,0.0009293283201560407,0.0004424027189394716,0.00042521814341352476,0.00040647175665421226,0.0003928295722895572,0.0003953186808905172,0.0005047709412264283,0.0009419282627867532,0.0009566786209319773,0.0010827572232822817,0.00148054211427569,0.0018027539999350807,0.002696555685124679
1050150101,4U 1728-34,NS,"v9 source, third set",0,0,57952.65903,1234.39034734666,404171,0,9,0,1232.85380025208,255.41840277777777,7.0,201927.0,69367.0,22948.0,0.34352513532118045,0.33082013060965587,-4.110043849757323e-05,0.00011950125488073389,-0.006410962369065446,0.0004738091199544904,0.0003365100579978605,0.021767156910228087,0.0002437106110439782,0.0002227566711722862,0.015611233488868783,0.002042523650614226,0.0008608650346551721,0.045194287809569765,0.003916604514695995,0.0022559568486090697,0.06258278129562471,0.08183461988437582,13.765849295591906,1.8427877565898555e-05,-1.2882856493532047e-05,-2.1650966527046123e-05,-5.31841517218448e-05,0.00014548674915856703,0.00025967894369642466,0.00013872806309082612,-0.00013474164133325196,0.0003549851526307526,0.0007383771026743112,0.0017043722560976717,0.000801432866687112,0.00275787561609439,soft-like,ok,0.0007718990317631647,9655150,9655150,True,d6dfe35202c5cfbba906e136a26c5d691b54785396819d98a8336062298d52cc,https://nasa-heasarc.s3.amazonaws.com/nicer/data/obs/2017_07/1050150101/xti/event_cl/ni1050150101_0mpu7_cl.evt.gz,3.4006081813153765e-05,2.0152404981834224e-05,3.5915028606773164e-05,8.6767733016657e-05,0.0001527902839191169,0.00019082652873363463,0.00015446166033384432,0.00016465388220126027,0.0002655785604697534,0.000643535826727223,0.0010871212017166745,0.0005948592940012322,0.001640459726797056
1050150107,4U 1728-34,NS,"v9 source, third set",1,0,57973.01208,1511.0,221621,0,9,0,1508.313984170556,120.74565972222223,7.0,86679.0,38593.0,13827.0,0.4452404850079027,0.358277407820071,0.00043732855702566025,0.00020958920561547087,0.02091240199082019,0.004750067108695873,0.0005882050790202542,0.06892073061638183,0.007762442991928771,0.0009998287668298855,0.08810472740965022,0.020483426170700914,0.0023991929145906546,0.14312032060717622,0.007692058521052194,0.00745079272805792,0.08770438142448868,0.18403797871920394,4.899949369807184,2.68834429261147e-05,9.91044017211631e-05,0.00012576304589290298,0.000511501783552395,0.0009405710936821986,0.0010111156739671925,0.0024972143857155,0.0035087783330364198,0.004255789940082532,0.005217015718561809,0.009946589116720963,0.0016580774060910917,0.00407157326909988,hard-like,ok,0.0008527025168477513,5406320,5406320,True,49b63d40e6a80f837f11faeecbec4c92d0e407e12d6ce6f4880791ccf5c22941,https://nasa-heasarc.s3.amazonaws.com/nicer/data/obs/2017_08/1050150107/xti/event_cl/ni1050150107_0mpu7_cl.evt.gz,4.850480362549581e-05,0.00010923866421863979,0.00012046280799163458,0.00023131049579258036,0.0002823084529665079,0.0002329433036166927,0.0006738788321088118,0.00034796163136967056,0.0007778860121991562,0.0013091133350231043,0.0018340506939157624,0.0017571030126591254,0.005281063382308998
1050150113,4U 1728-34,NS,"v9 source, third set",2,0,57981.05036,1415.0,405163,0,10,0,1414.9516308158636,222.059375,7.0,188016.0,71259.0,24961.0,0.3790049782997192,0.350285577962082,0.0002139895783537084,0.00010259672483070214,0.014628382629453892,0.0009583342292750512,0.00028967805868899694,0.030956973839105322,0.0024200399566933744,0.0003671369709623911,0.04919390162096695,0.007097646344481593,0.0010048280588946066,0.0842475301981108,0.004483334806956132,0.0035868111962560493,0.06695770909280076,0.12310206907089792,9.144583779364591,4.692728002090805e-05,3.163215713543981e-05,5.621221653405853e-05,0.00019643635663531387,0.00014297760768139508,8.590641312353895e-05,0.000623008567750588,0.0011404211939804944,0.0013157692514813059,0.0019982756516118095,0.004166462650268733,0.0009445207403945464,0.004405569322917989,intermediate,ok,0.0005119057838994502,9733584,9733584,True,b41bc94a3a70a3d4318c38a69fecc151a4b03edfd399df4cbcf7964d3a44900c,https://nasa-heasarc.s3.amazonaws.com/nicer/data/obs/2017_08/1050150113/xti/event_cl/ni1050150113_0mpu7_cl.evt.gz,5.302992312905083e-05,3.3778682793921474e-05,6.110039490460908e-05,8.667908589363384e-05,0.00015616289343087445,9.727902955261798e-05,0.0002313542856192687,0.00020860788365066187,0.00033421689066267027,0.0005288801729301893,0.0007318370333936543,0.001477957694131283,0.0018452328654708053
1050150126,4U 1728-34,NS,"v9 source, third set",3,0,57997.07052,3915.0,461741,0,28,0,3914.9035549610853,90.99553571428571,7.0,212071.0,84314.0,29743.0,0.39757439725374993,0.3527646654173684,0.00036230650081527544,0.00014303199874175185,0.019034350548817667,0.0022008042978928096,0.0005636044244549882,0.04691273065909519,0.008157574156579871,0.0006901632826290605,0.090319290057993,0.01660314041697795,0.0013605586349934836,0.12885317387234957,0.0019566571691651486,0.0050288452297642975,0.04423411770528659,0.1720317269957357,6.477940748868655,2.0774298070470444e-05,1.766465806743846e-05,0.00015239951338039798,0.00029876330060343164,0.0002888724054234298,0.00043724178636830494,0.0013808932422028557,0.003341242240129388,0.004803607809112708,0.0049415481094619695,0.0047843867348413786,0.004370336402679726,0.0047571845927938455,hard-like,ok,0.0028939339554917443,11355267,11355267,True,b636157958670ef594c357fcae36528bccb94ca5c4d5a53eb2f3d22f24bc4d58,https://nasa-heasarc.s3.amazonaws.com/nicer/data/obs/2017_09/1050150126/xti/event_cl/ni1050150126_0mpu7_cl.evt.gz,3.5942855581431755e-05,6.306546770983257e-05,5.9513332509249434e-05,0.00016627067919246507,0.00018106204914706381,0.0002378234356366711,0.00032386810491628833,0.00039690738812072317,0.0004987069815111184,0.0010032407956818512,0.0013605879700500066,0.0017122522472097254,0.002163057917432359
1050150135,4U 1728-34,NS,"v9 source, third set",4,0,58007.17556,12337.4681749195,3200258,1,87,3,12337.87786102295,181.40220905172413,7.0,1340243.0,484757.0,195095.0,0.36169336456150114,0.40245937655361347,0.001207566806108011,0.0008051321960440503,0.03475006195833341,0.0009339319540537671,0.00047365924667252835,0.030560300293906915,0.0018333314384105725,0.00023154497997042732,0.04281741980094752,0.005118637468187238,0.0006005127233319484,0.07154465366599547,0.0006296516513664176,0.001110906347678071,0.02509286056563535,0.11869909238286362,4.6592648708555595,0.0005262197189996452,0.0006003261752395987,0.0003278361460363001,0.0003281389159210268,0.00013090728710034405,0.0003755612155117489,0.00037816680687606573,0.0005414143121518214,0.0012924793397354449,0.0015486491796101517,0.0031466125062903968,0.0023008490684648204,0.0025923138605782278,soft-like,ok,0.01701602010067148,76724240,76724240,True,3f7a571640322346c9cd8f112a8f61e8168a04bcc0313133113effeff56b8ded,https://nasa-heasarc.s3.amazonaws.com/nicer/data/obs/2017_09/1050150135/xti/event_cl/ni1050150135_0mpu7_cl.evt.gz,0.00028827383948205947,0.0004261941897004689,0.0002276215383991047,0.00018308920592774883,0.00012585238527302055,0.00019548908218719967,0.00015805365857964214,0.00011491214557881418,0.00018642384723649644,0.00022521782297007817,0.00028055631585625896,0.0005046320758957189,0.0007201655410375791
1050150150,4U 1728-34,NS,"v9 source, third set",5,0,58157.07911,2602.0,853576,0,17,0,2601.9674350470304,153.23851102941177,7.0,221861.0,83583.0,28003.0,0.37673588417973414,0.33503224339877724,0.00027979414528763456,0.0001258678693314767,0.016727048313663548,-5.8795112443568774e-05,0.00027896462334510853,-0.007667797105007981,-0.00010250213746271604,0.0005797176271901268,-0.01012433392686729,0.0007336006388053777,0.0008821581001578379,0.027085063020147796,0.00502887640866083,0.002608009364775202,0.07091457120127591,0.055100790768861235,8.86073581896308,0.00019728192137571045,0.00010853000401871837,0.00011798635600312958,1.3577674346246055e-06,9.150028856536557e-05,8.232959876920129e-05,-0.00021609810144185791,-0.000105256506020462,3.814748805263001e-05,0.000479269014807894,0.0015730975723540002,-0.0012324997427646885,0.0019004514821995577,soft-like,ok,0.0004077823893045934,17403161,17403161,True,02564b72810c82790dc7a433011b063969e7338a140b3914cf748dd6a8b14996,https://nasa-heasarc.s3.amazonaws.com/nicer/data/obs/2018_02/1050150150/xti/event_cl/ni1050150150_0mpu7_cl.evt.gz,9.001902520782772e-05,6.502124666168026e-05,9.959051724145385e-05,7.176934515832842e-05,0.00012919910850364875,0.00019746712590201939,0.00021128885031618111,0.000385323955844747,0.0005792172119751227,0.000498523421287982,0.0007979859996958645,0.0010955006628596139,0.0022456765290035825
1050150161,4U 1728-34,NS,"v9 source, third set",6,0,58313.12591,1218.0,269291,0,9,0,1214.5002329945564,174.84027777777777,7.0,134762.0,50358.0,16296.0,0.3736810079992876,0.32360300250208507,0.00039018537439657454,0.00014482869956022163,0.01975311049927516,-0.00016179524265975604,0.00021989873109969028,-0.012719875890108206,0.00032108124583609516,0.0006162336322887087,0.017918740073902942,0.001217248902788232,0.0006905366738247291,0.034889094324562685,0.0026442159877571154,0.004297925680688652,0.051421940723363556,0.04650795212130213,,0.00026403565939109856,0.0002289390800573644,0.00018806144903044003,2.790817135929602e-06,-0.00024192286726651267,-4.330824657603774e-05,8.584936671002482e-05,0.0005021870557851555,-0.00017312527730345049,0.0002378101432556785,0.00025819487164028247,0.0006750142410847965,0.00017846331757256207,soft-like,ok,0.0007009699909063352,6453017,6453017,True,d976d2256b2ecc1e8683da52ce34d1c40c4f32aece948ec4586f9fa04136766d,https://nasa-heasarc.s3.amazonaws.com/nicer/data/obs/2018_07/1050150161/xti/event_cl/ni1050150161_0mpu7_cl.evt.gz,0.00011792896181551672,0.0001601599901636544,0.00010231176401345091,8.978845473948896e-05,9.134335587552059e-05,0.00015671361417953064,0.00017842726841373012,0.0004952240215435453,0.00043786491716205913,0.0005133142546125195,0.0007320930157954684,0.0007196668948951955,0.001753194151713878
7050150101,4U 1728-34,NS,"v9 source, third set",7,0,60402.06204,1954.79363578558,88498,0,13,0,1954.1301599740982,35.17127403846154,2.0,39644.0,14275.0,4606.0,0.36007970941378264,0.32266199649737304,0.0005160459763727469,0.0004418051369787513,0.02271664535913582,-0.005763513693518215,0.0016936336770990719,-0.07591780880345675,-0.00020756103008248846,0.001994794373360236,-0.01440697852023416,-0.0016637378597539202,0.0034794196738953055,-0.04078894286144126,-0.004747067319965931,0.02961412616664823,-0.0688989645783297,0.0682697601019025,13.9875383044427,-0.00023709203834832758,-9.995469702932828e-05,1.1276695323523646e-05,0.00031114698218021096,-0.0007809129749616166,-0.0013959698927252207,-0.003322228505823068,-0.002725822592977506,0.00254743623878505,0.0026005139549507674,-0.0019434877400269146,0.016771072204679795,-0.007075217489656048,soft-like,ok,0.0011571155186992834,2221730,2221730,True,74181e020077a73ec8b7939cdbf51cce05a644cb744f5d667f1e6ee04a0331f2,https://nasa-heasarc.s3.amazonaws.com/nicer/data/obs/2024_04/7050150101/xti/event_cl/ni7050150101_0mpu7_cl.evt.gz,0.0001702184512640579,0.0001397332467308171,0.0003838383113449405,0.0006439558445055672,0.0005582514081581315,0.000970653399530195,0.0014674558951057646,0.001419924527968305,0.0025510518218615523,0.003552244364245924,0.0038148642495141245,0.008226617686962364,0.011041401845651728
2560010102,4U 1812-12,NS,"v9 source, third set",0,0,58549.01855,16126.0,622686,0,117,0,16103.304675012827,20.228699252136753,7.0,226639.0,56570.0,19736.0,0.2496039957818381,0.34887749690648756,0.012750904031027023,0.0005823582855248341,0.11291990095207763,0.01798748776568009,0.0010427276302092433,0.13411744019955082,0.011823543180945991,0.001666015834974289,0.10873611718718851,0.031827790481554125,0.003053145349384537,0.1784034486257318,0.004060313233909639,0.010504183582727866,0.06372058720625258,0.2303041448138153,0.5222371323017636,0.0016124390006602824,0.0031205488656852417,0.005018936387309264,0.00587798108006093,0.006773695070471945,0.004976510151971664,0.004844319688279426,0.005692731389545366,0.0062572123443292715,0.0009723418504318614,0.0030322840215157255,0.004098656337277685,0.0007623429308841626,hard-like,ok,0.002771335412092931,15374275,15374275,True,b8153d2dff2865cd3a49ef0204c422565bf2e9cfe0dc1a11ee1827dc82136eda,https://nasa-heasarc.s3.amazonaws.com/nicer/data/obs/2019_03/2560010102/xti/event_cl/ni2560010102_0mpu7_cl.evt.gz,0.00023716194461269162,0.00032865574027251035,0.00035531787634789867,0.00043493406352057193,0.000427486231711606,0.0004967064976598241,0.0007279997607624112,0.0009909254073678596,0.0013078108136038162,0.0018850265042735384,0.002553966473607564,0.003800168585444202,0.005463475935997043
3580010102,4U 1812-12,NS,"v9 source, third set",1,0,58963.03395,14929.0,784647,0,102,0,14924.949627250433,30.473575367647058,6.990196078431373,298959.0,74973.0,24035.0,0.2507802073193983,0.32058207621410373,0.004151042166676083,0.0002731283194954797,0.0644285819080017,0.01321753960104761,0.000703867292209171,0.11496755890705695,0.009266229452758235,0.001150289574458869,0.09626125623924837,0.028837110840443644,0.002006301162822373,0.16981493114695081,0.005272601928583787,0.007572006724526628,0.07261268435048926,0.22747229933237947,2.527150449511244,0.0005095530323285246,0.0008001680187142726,0.0016202290077023758,0.0029855807026375803,0.00458121609815777,0.0035181426721936013,0.003817163523305805,0.004758890736329559,0.004553420461440963,0.00511983560419438,0.005100595599426057,0.005644789414695453,0.008734062092433308,hard-like,ok,0.0029141354291025872,19290689,19290689,True,02637af2a5eaedad772549cf4ab3be6679a165231fc9f6992b678bbe793ab975,https://nasa-heasarc.s3.amazonaws.com/nicer/data/obs/2020_04/3580010102/xti/event_cl/ni3580010102_0mpu7_cl.evt.gz,0.0002006026587866797,0.00013779002310847392,0.0001715344714300897,0.00024196893587414672,0.0003235644103621742,0.0004025058980558271,0.000478747595146359,0.0006849327993148621,0.0008936066990142317,0.0013689047788145103,0.001986537554715216,0.0025324123547230525,0.003644333172424719
3580010104,4U 1812-12,NS,"v9 source, third set",2,0,58965.08704,20556.0,1108230,0,141,0,20552.2272657156,31.2947695035461,6.964539007092198,424568.0,106766.0,34725.0,0.25146972923065325,0.325243991532885,0.004593096213004302,0.0002959852213241641,0.06777238532768566,0.0133905304860447,0.0005971162211573685,0.1157174597286196,0.008453178660003386,0.0009170469773062818,0.09194116955968847,0.02961475984809238,0.0015951810120527425,0.17208939493208866,-0.0066690774621707095,0.006009149274062286,-0.08166441980551083,0.22642667060338245,2.4166244268565076,0.0003542430749416158,0.000973998366962107,0.001524887456967841,0.003286136653931669,0.004415443547464655,0.004014958553604042,0.0037886579197089045,0.0037203265355233474,0.004712396324889822,0.005559916785786967,0.005437319024148424,0.005759749162086886,0.0077210037545163744,hard-like,ok,0.002295369658567646,27203831,27203831,True,a20aede7d5cb4cfa8c87d060f1448b671980d2bdcea668bfbe232562040a05c6,https://nasa-heasarc.s3.amazonaws.com/nicer/data/obs/2020_04/3580010104/xti/event_cl/ni3580010104_0mpu7_cl.evt.gz,0.00010200919023661284,0.0001191080181822815,0.00016528757498058364,0.00023922404165642995,0.00028995272872260744,0.0003166181706665974,0.0004145866565518837,0.0005134727751151305,0.0007691236954640969,0.00109216003677811,0.0014987463689502194,0.002293581778875686,0.0032640225922252386
3580010204,4U 1812-12,NS,"v9 source, third set",3,0,59042.23889,15264.0,717504,0,102,0,15259.869239836931,26.952742034313726,7.0,264956.0,65521.0,21418.0,0.2472901160947478,0.32688756276613606,0.008370515219896991,0.00044698548429917027,0.09149051983619391,0.016148005372560777,0.0007809642539033017,0.12707480227236545,0.007859940369224279,0.001274024794067026,0.0886563047347693,0.030431304588953316,0.0022591280131488947,0.17444570670828594,0.004219056327560404,0.00894475907363282,0.06495426335168773,0.20935900198087454,0.9408022302467381,0.0007497822150954405,0.0015193809648981753,0.003539371497558613,0.0049400775913141974,0.0050661682848274344,0.004374392486507933,0.004953761729494338,0.003562786335615587,0.004422522071465769,0.0055749349054988444,0.0014862994346697288,-0.002990097437136142,0.006631811630617904,hard-like,ok,0.002445475626759587,17644482,17644482,True,196dd4b5dec7ae1d7875bdb401e69d3f017348099de63cac1f522a037586372f,https://nasa-heasarc.s3.amazonaws.com/nicer/data/obs/2020_07/3580010204/xti/event_cl/ni3580010204_0mpu7_cl.evt.gz,0.00012695801777210292,0.0002090611349426172,0.00028198400630921253,0.0003081874159169889,0.00040503368019565177,0.0004248514755502328,0.0005046972903735296,0.0007865627208133371,0.0010319978015552141,0.0014509947220533157,0.0018980226057221136,0.002808470252323576,0.004570171185543254
3580010308,4U 1812-12,NS,"v9 source, third set",4,0,59083.09885,4176.0,183201,1,26,3,4175.397871553898,25.13221153846154,7.0,62596.0,15859.0,5185.0,0.253354846955077,0.3269436912793997,0.00901621748739417,0.0007458470836646015,0.09495376499852004,0.017076700448564644,0.0017651727809178538,0.13067784987734013,0.014201520941092354,0.003024948036563697,0.11917013443431351,0.042816131951079785,0.004326312509156887,0.20692059334701268,-0.004867214782267336,0.016342444970069592,-0.06976542684071628,0.2374393936822968,0.9380686326083347,0.001656943266929655,0.0019143184932055603,0.0035008466886864028,0.005620886550868327,0.004206402645393921,0.004916358094337667,0.0058667975435305825,0.006460994571609143,0.0078078342894195634,0.007101015068771415,0.0054896435675317575,-0.0018501385528854528,0.003685563444818178,hard-like,ok,0.0024844483091418144,4553507,4553507,True,1827102803eddd1444a2aa39b52add0a00af699da395afeef683ba6ac5a24d9c,https://nasa-heasarc.s3.amazonaws.com/nicer/data/obs/2020_08/3580010308/xti/event_cl/ni3580010308_0mpu7_cl.evt.gz,0.000378532849101532,0.0004931559303820126,0.0004389628862746859,0.0007012777690389046,0.000756620702270664,0.0008854741760545668,0.0010283618014020235,0.0018904600258113774,0.0025597397710685936,0.0020529380266354996,0.004832033381169912,0.006776399655879479,0.010244564899223577
3580010315,4U 1812-12,NS,"v9 source, third set",5,0,59096.59838,2738.0,125495,0,19,0,2737.6588718891144,26.053042763157894,7.0,47560.0,11658.0,4143.0,0.2451219512195122,0.35537828100874935,0.008714889597951716,0.0009034253504152753,0.09335357303259322,0.015857824704082504,0.0019125526732946515,0.12592785515557114,0.012027511999164022,0.002539191101375894,0.10967001412949677,0.0330641972102752,0.004070358255096215,0.18183563239991,0.010267235573740513,0.018646756792776845,0.1013273683352159,0.17890103149221423,0.43999187905062703,0.0014392097595885306,0.0023787507094810705,0.0034235846988526263,0.004930124171874226,0.004527071159982346,0.003303591494301312,0.006163648468930683,0.003397368785752818,0.008476086812023161,0.004067302401181228,-0.002323068133686648,-0.004092232492048849,-0.0036858587672542803,hard-like,ok,0.004736489129827307,3100526,3100526,True,f7a8f519d43b1892b435b35e2917f7d01aceaa6404344cda2c89b4c0a9c8ee6d,https://nasa-heasarc.s3.amazonaws.com/nicer/data/obs/2020_09/3580010315/xti/event_cl/ni3580010315_0mpu7_cl.evt.gz,0.00039392668912101986,0.0005359741677657601,0.0004327558544537827,0.0005868243431258787,0.0008744868772886159,0.0008736498821332538,0.0011721996008207105,0.0018364492801423164,0.0018087222400094815,0.0028851255016214225,0.0045179191917238525,0.005600016046603557,0.011819114391346624
4202290101,4U 1812-12,NS,"v9 source, third set",6,0,59435.40046,14247.0,705896,0,103,0,14246.158158004284,28.56909890776699,7.0,281396.0,71514.0,23745.0,0.25414007306429376,0.33203288866515646,0.007404504692169844,0.0004327803289238687,0.08604943167836639,0.017561477409786384,0.0007856127887251939,0.13251972460651426,0.006871066855178054,0.0012030325663707944,0.08289189861004545,0.029642706925694075,0.0023242277567777597,0.17217057508672634,0.005047398623984578,0.007119197548599032,0.07104504644227196,0.24094258498111637,1.8472060505351076,0.000652432658758245,0.0017486668949493736,0.0027572339902452547,0.004384210311249627,0.004918705753913264,0.005303434055456685,0.00561009211557654,0.0037063265287113033,0.003408379307032228,0.004797828467081713,0.003923176188448125,0.009262112298889787,0.007580730687070343,hard-like,ok,0.0031905318942832828,17263728,17263728,True,a93d5df6a57d527fda2164ee9053cfb681acca2c14b6c44e71d68a8fea7f3d0e,https://nasa-heasarc.s3.amazonaws.com/nicer/data/obs/2021_08/4202290101/xti/event_cl/ni4202290101_0mpu7_cl.evt.gz,0.00014237475598291802,0.0001807264695517201,0.00026682106995892454,0.0002896191518503587,0.0003624957255522505,0.00040738521826271006,0.00048250972372328865,0.0006306798092015277,0.001001801895531643,0.0013185984104019913,0.0017713228094026674,0.002829390236576784,0.00438879635809446
4202290103,4U 1812-12,NS,"v9 source, third set",7,0,59437.08006,3790.0,192027,0,25,0,3789.4355107843876,29.3278125,7.0,70340.0,17670.0,5839.0,0.25120841626386126,0.33044708545557444,0.006263689877005659,0.000727761623603709,0.0791434765284269,0.01605017402606708,0.001849535443571684,0.1266892814174391,0.00854829371042282,0.0020479155451550647,0.09245698302682616,0.03520630775427609,0.0036512968611892506,0.18763343986154518,0.006818445745905872,0.014968794682956156,0.08257388053074576,0.18854223842612947,0.9367367330401666,0.0004168922559220181,0.0012182757601146095,0.001907460400116375,0.004228413035354414,0.005754570341258899,0.004725543912241803,0.00430730323195564,0.004190463653718196,0.004530127278735622,0.006620689868731522,0.00468695653511856,0.002298501207458455,-0.009337021809990666,hard-like,ok,0.00300451576921001,4710667,4710667,True,205bc1e425f9ed7cbdcbf0cc2e955ac842ad1416c3c7ca1bf832414526f89dbd,https://nasa-heasarc.s3.amazonaws.com/nicer/data/obs/2021_08/4202290103/xti/event_cl/ni4202290103_0mpu7_cl.evt.gz,0.0001569219701832362,0.0003243237108758944,0.00040072414198152754,0.0005720035598410681,0.0008010399276063667,0.000900713250419582,0.0011819640216987454,0.0014074850170804987,0.0015582253715957475,0.0023852488135324246,0.004211576805116864,0.005237732454803463,0.0071614903922917975
1050300111,4U 1820-303,NS,"v9 source, third set",0,0,57997.65426,4752.0,9181101,0,33,0,4751.986137315631,528.6616950757576,7.0,1732204.0,385981.0,114882.0,0.2228265262059203,0.29763641215500247,0.00011397143754894189,2.370430974858901e-05,0.010675740608919921,-9.84653491860568e-06,7.067928608358929e-05,-0.0031379188833693073,0.00013812751197464612,0.00012241609479086475,0.011752766141408844,0.0002843167842736869,0.00018959416468488619,0.016861695770997855,-6.991563092632354e-05,0.0007910090275573463,-0.00836155672864351,0.03517235901001982,,5.662828416826562e-05,4.688302832149669e-05,2.89760561636087e-05,6.338155385543715e-05,6.922516719987515e-05,1.6011612906804745e-06,-0.0001088396009772475,3.927694459817325e-05,0.00010174810415295846,0.00012414867365197153,9.048793844043717e-05,0.0004600963868557074,0.0002634811406083584,soft-like,ok,0.00046879057607471334,205601026,205601026,True,55f49b340fd72cbd2915bba59f45a911a18952c9f7a2f782edf9629a1f2c8240,https://nasa-heasarc.s3.amazonaws.com/nicer/data/obs/2017_09/1050300111/xti/event_cl/ni1050300111_0mpu7_cl.evt.gz,1.2801452852426646e-05,1.3362407618646629e-05,1.1319723849105004e-05,1.7429202251112202e-05,2.687220559103091e-05,2.6784968907611115e-05,3.738946082136076e-05,8.091899056009045e-05,9.241755272075051e-05,0.00013322282774058908,0.0001804763710752698,0.0002716538330408672,0.0003193777172146683
2050300103,4U 1820-303,NS,"v9 source, third set",1,0,58640.06502,2406.0,2892618,0,14,0,2405.972825437784,258.05580357142856,7.0,358275.0,77843.0,26318.0,0.21727164887307235,0.3380907724522436,0.00017415417916875835,5.2630170622553096e-05,0.013196748810550208,0.0007327319564667432,0.00016519341762150468,0.027069022081832643,0.0017086409330805364,0.0003047492851591868,0.04133571014365831,0.005249720903728175,0.0006489123378711254,0.07245495775810083,0.0007441983523198971,0.0021789753675316974,0.027279999126097805,0.10115847854036929,6.868860655972284,8.232784254107808e-05,5.767715242589389e-05,6.405799184984731e-06,9.392770193117796e-05,0.00014614685128481778,0.00014443449335943385,0.0004435809785512616,0.0006524645605742473,0.001070889531404221,0.0014969141688439618,0.0034687064748281714,0.0031997932670564883,-0.0006302310413833869,soft-like,ok,0.0009173316656509545,64612028,64612028,True,c13ad078f8564f821d5f1e724b1fe14c453b9a3d7a3f6e5c50547d0d7502d3dc,https://nasa-heasarc.s3.amazonaws.com/nicer/data/obs/2019_06/2050300103/xti/event_cl/ni2050300103_0mpu7_cl.evt.gz,3.9376259583529114e-05,3.7092846636723256e-05,2.097998518245848e-05,4.929684420870586e-05,6.253249606939848e-05,9.4002204300337e-05,0.00015744590567806388,0.00015209028537984103,0.0002493080682734943,0.00041593382013162614,0.0006847194671505338,0.0007234294216156152,0.001356929246857397
2050300113,4U 1820-303,NS,"v9 source, third set",2,0,58653.28073,2337.0,1737298,0,14,0,2336.9231701493263,161.95703125,7.0,215057.0,56128.0,19042.0,0.2609912720813552,0.3392602622576967,0.00018681013194679047,8.180042316888501e-05,0.013667850304520841,0.0034498753801764067,0.000589311427091261,0.058735639778386736,0.007209516490500522,0.0005407669500026899,0.0849088716831199,0.017321972347031183,0.001024839979523571,0.13161296420577717,0.0006904077428165731,0.0035854150900081413,0.026275611178744693,0.16964454661696177,5.918226266585424,8.267730718505259e-05,1.0379554710523536e-05,0.00012219671804028997,7.345135228220305e-05,0.000688070011900164,0.001010856496751258,0.0017011625592184385,0.002597291902848173,0.0046427934068726685,0.004137218306402032,0.005517017530351418,0.003682233304337642,0.0045139237459746505,hard-like,ok,0.0006802811122728536,39136977,39136977,True,9945b354db7a6cc73a642c58cba1643a65fe5f95686dd414bfc2dbef7ccf5e2e,https://nasa-heasarc.s3.amazonaws.com/nicer/data/obs/2019_06/2050300113/xti/event_cl/ni2050300113_0mpu7_cl.evt.gz,6.241085640875822e-05,3.217514517530285e-05,5.966033654803256e-05,6.982628469494949e-05,0.0001419488267384751,0.00022253898911570348,0.00036478087988090375,0.00023618419842927127,0.00042937707760471556,0.0006169812799176925,0.0007753691869324527,0.001224590006084774,0.002537448334119777
4050300104,4U 1820-303,NS,"v9 source, third set",3,0,59353.19919,4606.0,13356664,0,32,0,4605.993540227413,915.32958984375,7.0,2766328.0,748042.0,234820.0,0.2704097272629999,0.31391285516053913,0.00018133288886540473,2.3857280322268164e-05,0.013465990081141629,5.6325487453527175e-05,3.715447846366187e-05,0.007505030809632108,0.0001378819756283215,5.1195974323119676e-05,0.011742315599076764,0.000599756824181542,0.00012487040039021836,0.0244899331191725,-0.00031025920898446104,0.00045686749929936847,-0.017614176364067126,0.04510730624327382,,0.00013518896685211829,8.104664916823883e-05,6.735189923727763e-05,4.094140328228412e-05,5.35612994893095e-05,-5.892323865037845e-06,1.709682194711478e-06,1.7168770387590976e-05,0.00011965297205287873,0.0003473705602780149,0.00027199597819984293,0.00031109633833396714,0.0005934768809132928,soft-like,ok,0.00023522015537360446,295414568,295414568,True,4e1974aa4fe16b47074018897af488fbc9544107c2882aed4313283cc5b6e288,https://nasa-heasarc.s3.amazonaws.com/nicer/data/obs/2021_05/4050300104/xti/event_cl/ni4050300104_0mpu7_cl.evt.gz,2.4373694979607678e-05,1.3270448511389312e-05,1.5326543391013428e-05,9.361392488125638e-06,1.2829252842997833e-05,1.6134630761358473e-05,2.4220336230688008e-05,2.9759961873127782e-05,5.220503932565075e-05,8.928999812189748e-05,0.00010727419254770347,0.00016826968481925168,0.00021762215276470255
5050300102,4U 1820-303,NS,"v9 source, third set",4,0,59669.25956,3894.0,7122414,0,27,0,3893.9819810390472,522.9288194444445,7.0,1371061.0,335397.0,100784.0,0.2446258773314973,0.3004916561567337,0.00011999252563023545,2.854143694080257e-05,0.010954109988047201,7.76664087351723e-05,6.439731445047185e-05,0.008812854743791725,0.00029449079186042153,0.00012133523642847142,0.01716073401286849,0.0008084964767869754,0.00024980718041858047,0.028434072462223476,-0.0017441738388576976,0.0006968941059746812,-0.04176330732661983,0.052291555635499504,6.808492720577271,8.409308278606366e-05,6.028050996762546e-05,2.281222906004008e-05,6.980823617269275e-05,-8.308098683727078e-06,2.4193389872942307e-05,2.7570087443179974e-05,9.189579282863117e-05,0.00020389757956444462,0.00023828111107852799,0.0007925011367335248,0.0011682148756992049,-4.083314174261037e-05,soft-like,ok,0.00030292824086575616,159192289,159192289,True,cf8d85c9c16e1294c9a33dd96194f7dee184a4f6996e86f6197a70a3987036ab,https://nasa-heasarc.s3.amazonaws.com/nicer/data/obs/2022_03/5050300102/xti/event_cl/ni5050300102_0mpu7_cl.evt.gz,2.0394646430236537e-05,1.620328643344413e-05,1.2807243148977736e-05,2.5596655264592857e-05,2.5921337286042877e-05,2.9910296560880772e-05,4.513296523647979e-05,7.529950136671044e-05,0.00010545372795467157,0.0001435454108570545,0.0002380827223228581,0.0003002511928873821,0.0003779532819494905
5050300108,4U 1820-303,NS,"v9 source, third set",5,0,59675.01899,1980.0,3947028,0,14,0,1979.9947554171085,563.0172991071429,7.0,770413.0,183810.0,54704.0,0.2385863166898793,0.2976116642184865,0.0002338756082543251,4.2252873931114306e-05,0.015292992128891097,9.071118461752109e-05,7.381534622126499e-05,0.009524241944507766,0.0004977556955759636,0.00024104912943695737,0.022310439161432112,0.0015818128475732101,0.0004576429510893255,0.03977201085654596,0.000239671100335205,0.0012218287068407505,0.015481314554494557,0.04454759505705967,,5.717461111386057e-05,0.0001405777018018424,3.7551069327147484e-05,8.579800076605471e-05,4.0328617383078706e-05,9.705112587041953e-06,6.059617881014164e-06,0.00013129744750966924,0.00037102492119196116,0.0006792127257673686,0.0007158247888834076,0.0006110019300939187,-0.0009010683189385985,soft-like,ok,0.0003662227711574435,88407151,88407151,True,e4cb7dfe62caf41d0ee63ac17261fefed9339287a9869d3f1a516ca7a2a080ca,https://nasa-heasarc.s3.amazonaws.com/nicer/data/obs/2022_04/5050300108/xti/event_cl/ni5050300108_0mpu7_cl.evt.gz,1.8981127010845556e-05,4.725181342801386e-05,1.747120314583847e-05,2.411493665962872e-05,3.811508982079594e-05,4.9512713752041285e-05,4.8797471439754945e-05,0.00012693060623495103,0.0001363059789819349,0.00023694760836796,0.0003408076638804347,0.0003901071076124459,0.0006430719470026409
5604011101,4U 1820-303,NS,"v9 source, third set",6,0,59840.52472,5693.58440035582,10313119,0,36,0,5693.608361005783,486.36371527777777,7.0,1735957.0,390033.0,115174.0,0.22467895230123788,0.29529296239036185,8.637018116812929e-05,2.544051371891282e-05,0.00929355589471163,0.00013321518016870052,7.254190035462107e-05,0.011541888067759994,1.8071453301649865e-08,0.00010746626162550708,0.00013443010563727852,0.00039690202244593056,0.00019187152191743728,0.01992240001721506,0.0006306617640473992,0.0008623732072488976,0.025112979991378945,0.040910247244244795,,6.003365628098056e-05,4.879337617667366e-05,1.8839619003773393e-05,3.676946665825316e-05,5.996834244375676e-05,1.6908018359182777e-05,3.8411165423690935e-05,-8.203024159112146e-05,8.194368631592221e-05,8.757860892437545e-05,0.0005437834278469675,0.0002486327902912511,0.0005140164134515329,soft-like,ok,0.00028407360101862737,231688255,231688255,True,2c9be69da05235a13bd161b28b546bf968b7bcc08bc935686b595faed04963b1,https://nasa-heasarc.s3.amazonaws.com/nicer/data/obs/2022_09/5604011101/xti/event_cl/ni5604011101_0mpu7_cl.evt.gz,1.6750846816708068e-05,1.3681813908034526e-05,1.3880644287456612e-05,1.982032651220943e-05,2.6468176818009322e-05,3.591769080304729e-05,4.9843208760137436e-05,6.353846008975835e-05,7.814292667161955e-05,0.00012520095023749119,0.00021825991095816635,0.00026240517711905836,0.0004924595522353142
6677020102,4U 1820-303,NS,"v9 source, third set",7,0,60195.10139,2920.0,6604668,0,17,0,2919.9831334352493,639.7789522058823,7.0,1067369.0,251266.0,73524.0,0.23540687428621218,0.29261420168267893,0.00010633275194830748,2.7722837167197808e-05,0.010311777341870191,0.00010794952724242084,7.026826748771842e-05,0.010389876189946676,9.2403596341362e-05,0.00010342238941306406,0.009612678936766898,0.0002084248846626228,0.00017128188962392893,0.014436927812475298,4.609363209456219e-05,0.0006054919041544221,0.0067892291237343135,0.04746019632034279,,8.807703619485503e-05,4.4174618210612816e-05,5.202647682094075e-05,3.1939095764547564e-05,3.157410951538107e-05,3.375271401810566e-05,2.169354159581696e-06,0.0001579254267796001,-4.687591973667936e-05,-2.239277711542648e-05,0.00034061205051389446,0.0005419427846139063,0.00099754526502616,soft-like,ok,0.00016513718181603718,145557447,145557447,True,9aba87d7f37378af6df8c3cd05f7fa6a80e0fd6b53c0f0477caa8b55490dc6f4,https://nasa-heasarc.s3.amazonaws.com/nicer/data/obs/2023_09/6677020102/xti/event_cl/ni6677020102_0mpu7_cl.evt.gz,3.0271535711135116e-05,2.1039702798024265e-05,2.1909524874284443e-05,1.8433463359585708e-05,3.155253973961569e-05,2.9232893365959016e-05,4.701214691849729e-05,8.726694240971952e-05,7.008472400017192e-05,0.0001364323314818373,0.00024122077777708037,0.00036385191970674105,0.0004521028634363942
1050340119,Aql X-1,NS,"v9 source, third set",0,0,58442.975,19044.1449994445,12159486,0,140,0,19056.95255830884,146.60970982142857,7.0,2045178.0,445281.0,136787.0,0.2177223693976759,0.30719253684751874,0.0001787845998297152,4.00197121146649e-05,0.013371035854776368,0.0022687120732142324,0.00013049387334070078,0.047630999078480736,0.0056809584058876966,0.00023127549613601465,0.07537213282034479,0.01492915541841326,0.00042306951456248603,0.12218492304050144,0.0011959311930284,0.001392626173638854,0.034582238114795286,0.1655299701930094,6.977314565380272,6.45465942490439e-05,2.9000132040292942e-05,8.000017700293575e-05,0.00014453116999097671,0.0003695143327954451,0.000627452270532589,0.0011788291934780799,0.001928369156620196,0.0037707586464711287,0.005025720355991226,0.005460876179516954,0.00556785948715509,0.0031527133362546237,hard-like,ok,0.00127704343095892,267366266,267366266,True,851ac9f23df5b6cf15fe72df4f6f071444663c4ddba75b31c74bb2dee3085296,https://nasa-heasarc.s3.amazonaws.com/nicer/data/obs/2018_11/1050340119/xti/event_cl/ni1050340119_0mpu7_cl.evt.gz,2.9203589065134946e-05,1.5943282230495542e-05,2.4083253611446445e-05,3.01667567748429e-05,4.870735810671103e-05,6.825944920886836e-05,8.965769098604606e-05,0.00013538392571744225,0.00017308147288733176,0.00023311056482817498,0.0003626979178404822,0.00043891411276373763,0.000754230538214319
2050340111,Aql X-1,NS,"v9 source, third set",1,0,58725.0662,1135.0,3915895,0,6,0,1134.9946126043797,1308.9739583333333,7.0,782472.0,179423.0,43397.0,0.22930277377337463,0.2418697714339856,0.00025385431523672553,7.973583259670394e-05,0.015932806257427646,0.00010579193274085743,6.989414909109353e-05,0.010285520538157388,-0.00011731121155454942,6.882523568419786e-05,-0.010831030032021396,-0.00013964401832740269,0.0001655942134972727,-0.011817107020222957,-0.0017986578673635375,0.00037551659504003607,-0.042410586736845994,0.020404527075304976,,0.00014515128947734665,0.00013729519171805558,7.78666045212769e-05,7.115906673216145e-05,6.335996502652846e-05,2.542870124604147e-05,-1.9202342912212714e-05,1.8360989896025586e-05,-0.0001319331398048431,-5.4954352393399864e-05,3.9501587661115625e-05,-5.990820492959316e-05,0.0001042193689283509,soft-like,ok,0.00010985896008322155,87590021,87590021,True,43c01606db949cf36487ea3932421a442dc139bf06471ed2ba63cb117113f8e1,https://nasa-heasarc.s3.amazonaws.com/nicer/data/obs/2019_08/2050340111/xti/event_cl/ni2050340111_0mpu7_cl.evt.gz,4.331538078310116e-05,4.377367606437932e-05,1.5983275000347302e-05,4.127993834710078e-05,2.371490409706741e-05,2.7930379372807815e-05,3.877494508798187e-05,3.696900436740456e-05,4.451512760180349e-05,9.150867697646903e-05,0.00019291923972388826,0.0001471592175099257,0.0003390968992557527
3050340120,Aql X-1,NS,"v9 source, third set",2,0,59094.01389,1072.0,1774922,0,7,0,1071.9973943531513,518.6227678571429,7.0,382698.0,66585.0,15403.0,0.17398836680620228,0.23132837726214614,0.0001425762954481829,6.683947587472246e-05,0.011940531623348388,0.00011645743232406817,0.00010510865545275671,0.010791544482791524,6.132522496913467e-05,0.0002420246793660403,0.007831042393521738,-0.00034417007810535723,0.0004294509151332064,-0.018551821422851104,0.0021059173914342376,0.001361595943993156,0.045890275565028345,0.0,,0.00015671309192550389,6.882589954941095e-05,1.986647591131305e-05,6.147601826106975e-05,4.444403343987117e-05,3.471526573300211e-05,3.965240896853393e-05,-0.00015894381889367584,0.00021032266977186054,-0.0004922727521444224,0.00015188043621417987,0.0005088384335602859,-0.0018658572913347578,soft-like,ok,0.0002859557937521357,39892820,39892820,True,96e2532a08c80f12dda11be708697ce74de1d544114944bf800d3105ec1bf1ce,https://nasa-heasarc.s3.amazonaws.com/nicer/data/obs/2020_09/3050340120/xti/event_cl/ni3050340120_0mpu7_cl.evt.gz,4.083436746650933e-05,3.171128882069952e-05,3.153194664523506e-05,2.039214159384932e-05,3.085041608801801e-05,6.268010602910875e-05,9.03003776024874e-05,4.662319223905026e-05,0.00025908132975866995,0.00030873112454248377,0.0002585445420815767,0.0005652065373609497,0.0006581002761208241
3050340141,Aql X-1,NS,"v9 source, third set",3,0,59126.18449,1346.0,3724819,0,9,0,1345.9984746277332,1046.3090277777778,7.0,934855.0,215853.0,54640.0,0.23089463071813277,0.253135235553826,0.0001624438374881883,3.5549269220912065e-05,0.012745345718660922,7.082944494898787e-05,3.858098791709578e-05,0.008416023107679058,0.00015981954099426787,0.00010491363344406451,0.012641975359660683,0.0005044323646638554,0.00018707584139845317,0.022459571782735648,0.0008921901519425542,0.0007266315900073233,0.02986955225547504,0.01666112229851097,,0.0001604495202392033,0.00012379206878146578,1.9551299862860704e-05,4.144493874268516e-05,4.5803154065710715e-06,2.7318262600799038e-05,4.7616300110280215e-06,0.00011722300768602861,5.4421300340005686e-05,0.00012271148588484601,0.00022029479860830782,2.7148726316677932e-05,-0.0006461043582345397,soft-like,ok,0.0001112310568519044,83439618,83439618,True,f3152885c9a542fdd591f382c082f0b60f391a46eca227898853e8252914fb64,https://nasa-heasarc.s3.amazonaws.com/nicer/data/obs/2020_10/3050340141/xti/event_cl/ni3050340141_0mpu7_cl.evt.gz,7.701599279209466e-05,2.3338060607029008e-05,1.636383232478282e-05,1.5849836212066916e-05,1.5682347351219805e-05,2.913134051023944e-05,3.1200471957575166e-05,6.634547400672974e-05,7.812787292106175e-05,8.772552433789125e-05,0.00019515089170474452,0.00030840948277489894,0.0005492535194884586
6634020201,Aql X-1,NS,"v9 source, third set",4,0,60150.04856,2382.0,331685,0,16,0,2381.8140857815742,53.70068359375,7.0,84301.0,19756.0,5922.0,0.2343507194457954,0.299757035837214,0.002249183729911693,0.00032914920730402636,0.04742555987979154,0.012649456122570306,0.001357808160932291,0.1124698009359415,0.010567198848167357,0.0020902810868135527,0.10279688150993374,0.03014351051533316,0.0032428321730977546,0.17361886566653165,0.01874728126868547,0.011046058790205366,0.13692071161327446,0.1942191099397957,1.7427057139397972,4.806507452888639e-05,0.000518461382307567,0.0010664255750855022,0.0017995001485541142,0.003025207458555496,0.0048187094871476365,0.0036354789355188865,0.004436224250158881,0.006165831463321272,0.005404350823258328,0.0011532022511278768,0.007450187211472694,-0.0018005813952306983,hard-like,ok,0.0008342777987658985,7819175,7819175,True,d844d588498404a92c06d6cfd2f6e44e66d7d3fdd069a5c83423c4064360a34d,https://nasa-heasarc.s3.amazonaws.com/nicer/data/obs/2023_07/6634020201/xti/event_cl/ni6634020201_0mpu7_cl.evt.gz,8.549549080849924e-05,0.00018636240007531001,0.00018778963262877014,0.0004113620275310444,0.00039082753584911286,0.0008039877709381969,0.0006683783909826514,0.0011681146446907912,0.0016721864459093296,0.001734684412130402,0.0027300910079720874,0.004024987569305324,0.00541766387001981
6634020119,Aql X-1,NS,"v9 source, third set",5,0,60173.02098,1500.0,6336651,0,8,0,1499.994139969349,1625.3427734375,7.0,1274866.0,309338.0,80147.0,0.24264354057602916,0.25909199645695,0.0003312131742859552,8.828849868070164e-05,0.01819926301491231,0.00011588593162936117,5.4650030703090325e-05,0.010765032820635578,-4.998891598975438e-05,0.00010597716164549445,-0.007070284010544017,0.00012538240730070163,0.00017671036315445224,0.011197428602170306,0.0008163540203586144,0.00046012595708638153,0.0285719096379401,0.02729006941856162,,0.00010133188810241151,0.00017455571286009497,8.727924514616395e-05,0.00010528224743884043,2.138335794337479e-05,6.070919055720641e-05,3.4336699456854855e-08,-2.486667181903713e-05,-2.7267228900538313e-05,6.585580387053046e-05,-4.0190272590637196e-05,0.0001286441692827069,9.19961102793384e-05,soft-like,ok,0.0012288360856447106,141060921,141060921,True,6c1a77a84dae61d99b3ec95ebc511123724ac9b88910b0d819b2c8148e9d75dc,https://nasa-heasarc.s3.amazonaws.com/nicer/data/obs/2023_08/6634020119/xti/event_cl/ni6634020119_0mpu7_cl.evt.gz,5.740658037367706e-05,4.8508723797063656e-05,2.811120412401423e-05,2.791583280607787e-05,1.1185958413353995e-05,2.356922696437641e-05,4.179783658350875e-05,5.762531318712888e-05,7.329965900912492e-05,3.81120241721703e-05,0.00013870420463214824,0.0001290516123893405,0.0003220246247137203
7675010104,Aql X-1,NS,"v9 source, third set",6,1,60579.0037,1044.0,486742,0,7,0,1043.9806010127068,173.06808035714286,5.0,112411.0,31796.0,10862.0,0.2828548807501045,0.34161529752170083,0.0015008767751560415,0.0001914415588908185,0.03874115092709613,0.01095625545209554,0.0006492946099989955,0.10467213312097705,0.01404354273013943,0.0009547190024585427,0.11850545443201942,0.03425968398218908,0.0024494589252723347,0.18509371675502406,-0.0005535589486232175,0.005156207191527705,-0.023527833487663446,0.22041063391100238,3.0049195740841204,2.0802937183405955e-05,0.0001203882316275317,0.0005123003279154205,0.0012330364714958964,0.002335112771052851,0.0037215590900557547,0.004493531243428177,0.006134996088307581,0.007949750733507803,0.006437872996993428,0.00638459172028384,0.006036974320986269,0.0031999306082119497,hard-like,ok,0.0007709758113272432,11006851,11006851,True,f511d02e6e5d4b8bbe94a97ea7094c9d06cb7580d772f1a745d83bf98d8e70bd,https://nasa-heasarc.s3.amazonaws.com/nicer/data/obs/2024_09/7675010104/xti/event_cl/ni7675010104_0mpu7_cl.evt.gz,4.5073553446934895e-05,3.1841098437895675e-05,0.0001325191172204187,0.00036593806798403247,0.0003559534575813021,0.00031111485613713105,0.0004794254255318875,0.0005709355863803442,0.0006408614523500348,0.0007837816843202181,0.0012287907189061495,0.0009999621767753353,0.002156182034410907
7675010109,Aql X-1,NS,"v9 source, third set",7,0,60584.75282,2087.0,7429385,0,15,0,2086.9998064041138,1366.6953125,7.0,2013629.0,486676.0,123750.0,0.24169099670296762,0.2542759453928281,9.670054951806405e-05,2.9408417255400675e-05,0.009833643755905746,7.61413751312156e-05,3.4295104350630495e-05,0.008725902539635405,-4.4289680931318434e-05,6.49662780293338e-05,-0.006655049280908327,4.639620951799616e-05,0.00010016264048191061,0.006811476309728763,0.0004679130831467694,0.00032043975266489157,0.02163129869302279,0.028985048560443035,,7.369405437000575e-05,4.278880425804517e-05,4.089407482349328e-05,2.5644961966781416e-05,1.6144216212783906e-05,2.1841791969639723e-05,2.9405643523886272e-05,-4.647597805752816e-05,-1.691270979140409e-06,-7.36950780132796e-07,5.5619407731126406e-05,0.0001916600109954491,0.0003913442740168313,soft-like,ok,9.495608018497866e-05,165106696,165106696,True,d1ca729320ecc918a6965f9e6b607a502518f360b01e5c1e86d690d4c2a408e2,https://nasa-heasarc.s3.amazonaws.com/nicer/data/obs/2024_10/7675010109/xti/event_cl/ni7675010109_0mpu7_cl.evt.gz,2.566423844221902e-05,9.544993936801345e-06,1.702447360721887e-05,1.6411518489236052e-05,1.0570626486816202e-05,2.1434204815331573e-05,1.714878203078845e-05,2.525993058168988e-05,5.321499217061141e-05,6.402672859388854e-05,0.0001368678735410203,0.00011765325677303904,0.00024488823814947124
1030110108,Cen X-4,NS,"v9 source, third set",0,0,58231.01414,18910.0,2423573,0,15,0,17701.676981657743,916.0109375,6.466666666666667,502785.0,579375.0,676721.0,1.1523315134699723,1.1680189859762675,0.06555934242203763,0.00603408784915958,0.25604558660917714,0.0262782112123249,0.01223516146218405,0.16210555577254254,0.004235171290744381,0.0015959726807923125,0.06507819366534677,0.03165866958710082,0.013939530181902752,0.17792883292794573,-1.5551843780120944e-06,9.745150825889626e-05,-0.0012470703179901662,0.7034068182550253,0.01634168933307151,0.39621871142027715,0.038438828965816095,0.014536068411071513,0.016883892896900357,0.009969536059500565,0.007068309888139882,0.00492326529387644,0.0029181697844558874,0.0013346536253461784,0.0009209374510147,0.0006688744157304917,0.0003989916003372219,0.0005009121551917209,hard-like,ok,0.056514351434465586,55898892,55898892,True,e20fb3d9869094eb174248fb8c83b06663ff60d0618b0a9f278f746db5ef5040,https://nasa-heasarc.s3.amazonaws.com/nicer/data/obs/2018_04/1030110108/xti/event_cl/ni1030110108_0mpu7_cl.evt.gz,0.18438885386835682,0.0050069236208348,0.0023460191973970787,0.004941379993471494,0.004547181852706682,0.0035318309082249346,0.0021515962166978064,0.0011928946929094693,0.0004038247015880282,7.368982260518006e-05,0.0001780137301232098,0.00019608069187689804,0.00019360818561197558
1050050101,Cir X-1,NS,"v9 source, third set",0,0,58312.55729,5831.95210662484,4628329,0,39,0,5831.875971823931,607.6822916666666,7.0,2216834.0,693356.0,123360.0,0.31276856995156155,0.17791726039725625,0.0035424897675871408,0.00027685411459225695,0.05951881860039849,0.009524650049702942,0.0002076217547854245,0.09759431361356533,0.006630893123190338,0.0001730626871196833,0.08143029610157597,0.017652028356454744,0.00032921810178559383,0.13286093615677538,0.000719998146771352,0.000553160665408353,0.0268327811970983,0.15497499075940044,0.46528020963911776,0.0016689233638207531,0.0009337009236634664,0.0013500880732303675,0.0019471142093470757,0.0029042192724368795,0.0028997857432048685,0.003003921845533639,0.0034412939074243924,0.0032179089656397294,0.0012620277128911883,0.0005083909152635216,0.0008463247760201398,3.3548052400228055e-05,hard-like,ok,0.00011202760268911856,106567066,106567066,True,c99f5cc2a984080b6d1495b16231aea0541b33745455da825d83cfc676ee9f89,https://nasa-heasarc.s3.amazonaws.com/nicer/data/obs/2018_07/1050050101/xti/event_cl/ni1050050101_0mpu7_cl.evt.gz,0.00042973646631910454,0.00016100255500606488,0.000157184053134999,0.00012650118608439093,0.00012660624779258737,0.00010849215012874151,9.341659181534123e-05,0.00013931091422952693,0.00018010943155330567,9.712819099664964e-05,0.00013636178133716675,0.00015221638582643422,0.0002497334762311777
2050050108,Cir X-1,NS,"v9 source, third set",1,0,58869.00198,2582.0,758315,0,15,0,2581.881514519453,209.03177083333333,7.0,267194.0,105964.0,28183.0,0.39658076154404664,0.26596768713902835,0.000634171590189712,0.0002457553139180825,0.02518276375201324,0.00012780908596848298,0.00018472441910394004,0.011305268062654816,-3.616057548366102e-05,0.00040416759835561086,-0.00601336640191341,0.00012104460102531867,0.0006747669971937473,0.011002027132547831,0.004693612932938463,0.0019173029480778817,0.06850994769329825,0.03350166597464903,,0.0005578297630431793,0.00031650520366936985,0.0002766993370932249,5.625028685988323e-05,7.27122029652145e-05,2.602325977371849e-05,1.8902938777917473e-05,-0.00015997913377000593,0.00011870600530521136,-0.00022891302411897263,5.27128237826044e-06,-0.00017558176413450717,0.0002379352652344628,soft-like,ok,0.00024694237325339715,17832461,17832461,True,483a076803de60e5774ad20fc8ad0f029410c19ed2bd6dedd3c2bc01ab9e2405,https://nasa-heasarc.s3.amazonaws.com/nicer/data/obs/2020_01/2050050108/xti/event_cl/ni2050050108_0mpu7_cl.evt.gz,0.000226160526188834,0.0001918712361072962,0.00010001968231507565,4.326040961444225e-05,7.862700463476876e-05,0.0001234126436305885,0.0001342069991544705,0.00010173961399084937,0.0003246872908120513,0.0001728482091520598,0.0003422107199683632,0.00012592102842130318,0.0005268620537889726
3578010801,Cir X-1,NS,"v9 source, third set",2,0,59068.01921,2835.0,109457,0,14,0,2830.1117574870586,23.545200892857142,7.0,27374.0,9928.0,4891.0,0.3626799152480456,0.49264705882352944,0.0015337076939136026,0.0014879609939857136,0.039162580276503774,-0.0003499361206984294,0.0020099755226871737,-0.018706579609817222,0.0003941396231466569,0.0037330196568394437,0.019852949986000994,0.0035764421504502616,0.004116955500339547,0.059803362367430994,-0.02925978830111214,0.030093321916642275,-0.17105492773115932,0.13870981547676461,8.06229710644131,0.00199943087358753,0.0006099524968638116,0.0004924260790093776,0.0005513646777861738,0.0003294370265231181,-6.331817765409253e-05,-0.00034111014620827177,0.0015400243825778562,-0.001540865142536144,-0.0033779011145999545,0.00533886974453072,-0.00018821042741858622,0.013890312637136554,soft-like,ok,0.011769349980993596,2726204,2726204,True,cf2a84bc6ac82bb8cf7f6a76ea86ddc8bf1765071085512b4a568d87446dcc97,https://nasa-heasarc.s3.amazonaws.com/nicer/data/obs/2020_08/3578010801/xti/event_cl/ni3578010801_0mpu7_cl.evt.gz,0.00198260588773971,0.00047279038458066035,0.0007155476352637356,0.0009867133395222909,0.0007492787552912354,0.0011866696123432623,0.0016689303968271591,0.00166957027352843,0.003478337636477694,0.004008470346447578,0.0059303509887054075,0.00977399246264351,0.014685613251412547
3578011401,Cir X-1,NS,"v9 source, third set",3,0,59074.06481,4259.0,3836855,0,28,0,4258.887815266848,701.8415178571429,7.0,1771835.0,609433.0,134132.0,0.34395584238938726,0.22009310293338233,0.00031982669389745826,4.414445715074516e-05,0.017883699111130736,0.0002855228861378185,4.736233823913649e-05,0.016897422470241386,0.00021036085232812478,9.326838853211169e-05,0.014503821990362568,0.0012028122574050835,0.00021350504449863908,0.034681583836455386,0.0002883100534211685,0.0006528976776341504,0.016979695327689732,0.04560236034443954,,0.00021339630646397055,0.00016796940259850634,0.00010323848430703335,6.424089874071155e-05,5.485317647857908e-05,7.166119932675374e-05,0.00014058426302040303,3.2148777463679886e-05,0.00018101423042773458,0.0006271832479974916,0.0002096395450197554,0.00018294206273456698,3.070367440492612e-05,soft-like,ok,0.00011350893165059681,88887305,88887305,True,f91135a1985f88f03cadccdc0036d9b38f8c3965fe46152a531a7c5bafa20e87,https://nasa-heasarc.s3.amazonaws.com/nicer/data/obs/2020_08/3578011401/xti/event_cl/ni3578011401_0mpu7_cl.evt.gz,5.692745043459903e-05,2.5064795271823502e-05,2.3367764762310017e-05,1.6589527200360817e-05,2.3544592632834954e-05,3.0442353335797914e-05,3.402182038519346e-05,4.168681212886198e-05,8.624225177109085e-05,0.00011997525454302449,0.0001415109093448204,0.00018675051586927694,0.00031893342504287116
4050050109,Cir X-1,NS,"v9 source, third set",4,0,59438.18142,1151.0,1294781,0,8,0,1150.996704250574,850.224609375,7.0,591602.0,216674.0,62354.0,0.3662496069993002,0.28777795213085094,0.0001349494559901318,7.853851881034005e-05,0.011616774767125847,8.149475193832015e-05,6.336448983362906e-05,0.009027444374700967,0.00020372740969260805,0.00018476685698715078,0.0142733110977309,0.0005394965348555634,0.0001450487939924036,0.023227064705975298,-0.00032899598015761865,0.0011712750871782434,-0.01813824633633634,0.02947913201918618,,0.0001229256267786494,0.00010950039821903241,1.311653267435168e-06,1.1525251327500502e-05,-7.328044773908828e-07,2.6978449778086183e-05,5.771687224019445e-05,8.831951328879861e-05,0.0001255522839774036,0.00019269993046715448,9.33339084817426e-05,-0.0003336152540182059,0.0003735033952742072,soft-like,ok,0.00013105126664120722,29873708,29873708,True,aed19886e82e11a40fd76523ab7723a9dea814bd7d064dca24d4518a8a9755e3,https://nasa-heasarc.s3.amazonaws.com/nicer/data/obs/2021_08/4050050109/xti/event_cl/ni4050050109_0mpu7_cl.evt.gz,7.876936942789735e-05,6.803825747873916e-05,1.942165631160095e-05,1.4329642558065525e-05,3.34407694558369e-05,2.1144705489210314e-05,2.9181277220354823e-05,0.00012058671149342715,0.00011650023955001847,0.00014747016862148274,0.00018674173534817694,0.00029427200523943247,0.0003234184590565085
5571060102,Cir X-1,NS,"v9 source, third set",5,0,59753.02104,4346.0,3809917,0,30,0,4345.974174588919,653.8315104166667,7.0,1726749.0,614677.0,169287.0,0.3559735665114038,0.27540805984281175,0.00023624546835135173,5.922249984856938e-05,0.015370278733690932,0.00012294419093274238,5.8555189421269046e-05,0.01108802015387519,0.00011512217562516097,9.411227636244318e-05,0.010729500250485153,0.00027733725083214163,0.00021771205806926173,0.0166534456144109,0.00023204828323835673,0.0005483563972333567,0.015233131104220062,0.03261570741175022,,0.0002763891298972927,0.00017457269422860652,5.3720716023912044e-05,3.6313083902327553e-06,3.2799957238868844e-06,1.9194443272642936e-05,9.48701883401625e-05,6.316129299231128e-05,6.188119593750022e-05,-9.391777860633198e-05,0.0003190258765733583,3.343919212440517e-05,5.453611507091873e-05,soft-like,ok,0.0003141217237508737,88370096,88370096,True,9900c1f88d80c10f40170c9ee1a49ef0d3085f626b411d04afef93b2751ed744,https://nasa-heasarc.s3.amazonaws.com/nicer/data/obs/2022_06/5571060102/xti/event_cl/ni5571060102_0mpu7_cl.evt.gz,6.922273389627271e-05,4.855038200884556e-05,1.8013175530329585e-05,1.3815027201567895e-05,1.8096115599053968e-05,2.5329580234442695e-05,5.122813943643398e-05,5.833725025169717e-05,6.202352880445819e-05,0.00015114715151669708,0.0001707762815058495,0.0002528453848482481,0.0003226662867698669
5571110103,Cir X-1,NS,"v9 source, third set",6,0,59837.1213,3418.0,2648768,0,10,0,3417.6568851470947,531.3546875,7.0,466997.0,167064.0,46073.0,0.357741056152395,0.2757805391945602,0.00017619093039357217,0.00012735783571353882,0.013273693170838784,0.00016659610844433855,7.589124982647734e-05,0.012907211489874122,-5.117889147157743e-05,0.00012978660472258029,-0.007153942372676581,0.0003924112488286725,0.0003172433025626025,0.019809372752025052,0.0002190870536295557,0.0011119656317368708,0.014801589564285173,0.034654342452269,,0.00014292615067272888,0.00010403993001454831,4.909213990326092e-05,9.420868676990762e-06,9.20725429798588e-05,2.8105250801365017e-05,7.186907920651363e-05,-5.718944607955533e-05,-5.802218136648768e-06,0.0001412613611513785,0.0004015555548056297,0.00044310449333806874,-0.00021953225653500557,soft-like,ok,0.00046024640963992033,61894736,61894736,True,208352a3e89952e7956db4e9678a961644a3a0d529e46200231a3434d17e20ef,https://nasa-heasarc.s3.amazonaws.com/nicer/data/obs/2022_09/5571110103/xti/event_cl/ni5571110103_0mpu7_cl.evt.gz,0.0001418055936987256,8.633628453838929e-05,4.890677766374051e-05,2.9388023358547478e-05,4.7661055061719056e-05,3.839528568804878e-05,7.112275391592237e-05,9.173241835138105e-05,0.00016954455794292031,0.00023065129622289768,0.0003028209101091325,0.0005520730222810569,0.0005967255617922511
7050050101,Cir X-1,NS,"v9 source, third set",7,0,60719.32263,5987.0,9818299,1,41,1,5986.988392949104,1254.252286585366,6.512195121951219,4461318.0,1669012.0,451986.0,0.3741073826165272,0.2708105154426691,0.00017417388855185285,9.866006624871683e-05,0.01319749554089157,9.898704503497828e-05,3.104411685368012e-05,0.009949223338280144,0.00016652281619035887,3.4785985654677004e-05,0.01290437197969583,0.0003770195356260222,8.79047741219454e-05,0.019416990900395,-8.489771170805444e-07,0.00025021492050869543,-0.0009213995425875489,0.041996677869302675,,0.0002767364979069388,0.00010472236684175266,4.371033862618923e-05,4.320582164937337e-05,2.2164865619855325e-05,4.51310323229825e-05,1.148941560051382e-05,7.196330970594943e-05,9.729659941057368e-05,5.909808203749689e-05,6.67280116813453e-05,0.0002574517643923433,0.0006640228462626629,soft-like,ok,0.004269797265219762,223393829,223393829,True,e0451d87e8c7d4724ed0737952feab377ab5c0f9d66a05899f729235f66e87f8,https://nasa-heasarc.s3.amazonaws.com/nicer/data/obs/2025_02/7050050101/xti/event_cl/ni7050050101_0mpu7_cl.evt.gz,0.0001842373005361111,6.444721568438966e-05,2.70660698040001e-05,1.4888165308028737e-05,1.0425656573093277e-05,1.2484877499544759e-05,1.8776980335531538e-05,2.6028552967650428e-05,3.341486130823107e-05,4.829625871259216e-05,7.328640868282676e-05,0.00010611079517132775,0.00015161414744838356
1034150109,Cyg X-2,NS,"v9 source, third set",0,0,58045.98582,12121.87851125,45128068,0,45,0,6157.336410924792,2234.9309027777776,7.0,10411682.0,2074804.0,386716.0,0.19927654340576287,0.18638676231586213,0.0027230160273574986,0.0004549357583883656,0.0521825260729825,0.00047987472306137947,5.297592579239203e-05,0.021906043071750304,0.00027535162273176325,4.139833466720796e-05,0.01659372238925803,0.0010313350980247736,7.254461105566421e-05,0.03211440639377869,-0.00017167822051387217,0.0001300901362513361,-0.013102603577681504,0.08264023016183572,0.044633860505220925,0.002826145555414879,0.0014993684023029783,0.0009368278686685089,0.0003705758819441685,0.0001846074237026227,0.0001278237386146684,8.401601563721731e-05,7.548127130909637e-05,0.0001995417709713817,0.00023158567442850702,0.00010429655717326368,0.0001316301007576771,5.750738027621256e-05,soft-like,ok,0.00014780579538102532,1000000000,2034246749,False,c35150d2fbec9ce19f1153cac4bf9d711454a051de55aa4ae2f5d4345a51f154,https://nasa-heasarc.s3.amazonaws.com/nicer/data/obs/2017_10/1034150109/xti/event_cl/ni1034150109_0mpu7_cl.evt.gz,0.0005899782977793671,0.0003075682491929527,0.0001778319719167695,5.8825750682452235e-05,2.747046433790038e-05,1.6566250115263384e-05,1.0407557896487202e-05,1.6236435486660186e-05,3.068744333922702e-05,4.0180533579070134e-05,3.9994975962025744e-05,5.878141995782854e-05,8.993961189980945e-05
1034150113,Cyg X-2,NS,"v9 source, third set",1,0,58050.17803,3132.0,24617740,0,21,0,3131.998237788677,2702.2738095238096,7.0,5647521.0,1320829.0,295362.0,0.23387766065854382,0.22361865161955105,0.000512274277055462,0.00010889736034543192,0.022633476910440913,0.00021133916948272473,2.3064857843543486e-05,0.014537509053573268,0.0005143993218994303,4.563799474408362e-05,0.022680373054679466,0.0012818486982259572,7.950450167085532e-05,0.03580291466104341,0.00027268384434396895,0.0001406678146735057,0.016513141564946657,0.055441524133932274,0.9930355964869136,0.0004805256317255674,0.0002802302372533624,0.00016689333164095625,8.083379406576811e-05,5.269579919510959e-05,6.44263312740485e-05,7.846522504721327e-05,0.00013614347486405671,0.00037832457509710197,0.0004555568068102628,0.00024322800533242592,0.0003009241753387403,0.0003555152106487818,soft-like,ok,0.00013453099324079032,548911537,548911537,True,368ebb5411c4d7e843e67b6d16ac07cbcd4acb857ab42db5167d3ad56fb2de39,https://nasa-heasarc.s3.amazonaws.com/nicer/data/obs/2017_10/1034150113/xti/event_cl/ni1034150113_0mpu7_cl.evt.gz,0.00019189329322740143,6.73373195687374e-05,4.714259006002901e-05,2.0297159656568794e-05,9.976718926958903e-06,1.0796055944652773e-05,1.2923987795873302e-05,2.1693727828545433e-05,3.645408077069109e-05,2.701264901802832e-05,3.35525133379684e-05,4.9416159942772604e-05,0.00010824393245710076
1034150139,Cyg X-2,NS,"v9 source, third set",2,0,58110.15416,2335.0,7120767,0,16,0,2334.9978177547455,868.15576171875,7.0,1374203.0,315494.0,88286.0,0.2295832566222021,0.2798341648335626,0.0005009224199833503,0.00043782924850560724,0.022381296208739795,0.0007946333402821505,0.0005840441491985994,0.02818924156982856,0.0006120796885950916,9.780427733058451e-05,0.02474024431154817,0.0021701448354747212,0.000532371274846639,0.04658481335665864,-0.0005901905368976905,0.0006187742418235021,-0.024293837426345194,0.06657651623800642,2.5749065506164475,5.0250122138550306e-05,0.00011007323148049943,0.00021799140424024613,0.0002786650311624297,0.0003727075320582462,0.00018571208297948327,0.00011931156144780976,0.00021725134940805198,0.00040592325608382584,0.0005524155485909552,0.0007722238181545606,0.0009193710902573497,0.00023053648638752513,soft-like,ok,0.0002497615688376382,160296968,160296968,True,b168bb0fc3558a63764b7b9ae6aecefee8a3b6e7361d28639b01a100db4ce50b,https://nasa-heasarc.s3.amazonaws.com/nicer/data/obs/2017_12/1034150139/xti/event_cl/ni1034150139_0mpu7_cl.evt.gz,3.9707222057908395e-05,9.698107890624154e-05,0.00019028757381140253,0.00024411175364337452,0.00034355801040629734,0.00013092199475655218,3.8857963489633804e-05,6.216321169063999e-05,7.021472303285343e-05,0.00011435652766366409,0.00017919525268817114,0.0002445516352117454,0.00043711104355015953
2587020102,Cyg X-2,NS,"v9 source, third set",3,0,58682.94377,1829.0,7345377,0,12,0,1828.9960356354713,1252.732421875,7.0,1484446.0,349966.0,89785.0,0.23575529187319713,0.25655349376796605,9.402919869216358e-05,1.8503490829683042e-05,0.009696865405488702,0.00011548121118886716,0.0004017918789931034,0.010746218459945209,-8.811279216325136e-05,0.00046754775081503017,-0.009386841436993136,0.0005119727031017221,0.0008956475963139565,0.022626813807996082,-0.002127004330364409,0.0030993762288751927,-0.04611945717768596,0.062147962730070866,24.207150613585355,4.5880956590581284e-05,9.338810630392035e-06,4.1586682342560084e-05,4.4645978211072884e-05,0.00010319613911552472,4.9862726470983926e-05,-4.766301661491864e-05,5.35837922489728e-05,-0.00013315349468680829,-0.00024798729037435983,0.0005908715555772909,-0.00024580234907086487,0.00359800878105785,soft-like,ok,0.00010040195553453827,160904011,160904011,True,d1e37dc5fd3efb3a43e556fcd4820c9a62664f4db647c1c8e66394aa7e43674c,https://nasa-heasarc.s3.amazonaws.com/nicer/data/obs/2019_07/2587020102/xti/event_cl/ni2587020102_0mpu7_cl.evt.gz,1.9222058511534905e-05,8.444143211795618e-06,1.904162926938798e-05,1.0933758596316274e-05,2.563513961889554e-05,3.649249948575432e-05,0.0004132420710505203,0.0002935270743121799,0.0004476040077067191,0.0006144210965418566,0.0009735783054605866,0.0012473429977503192,0.0019286846275338443
2587020201,Cyg X-2,NS,"v9 source, third set",4,0,58751.05997,21978.0,44935557,0,81,0,11268.449836343527,1298.037712191358,7.0,10367728.0,2499819.0,590508.0,0.2411154112067755,0.23622030234989014,0.0003260051764600883,5.631152487115059e-05,0.018055613433502843,0.00014536970814948532,2.0302423687637857e-05,0.012056936101244186,0.00019202679170970561,2.6929829675953736e-05,0.013857373189378484,0.0007673852678131284,6.850869163546547e-05,0.02770171958224125,-8.197829742562179e-05,0.00019015491152683093,-0.009054186734633972,0.04076925148431836,,0.0003296879982128921,0.00017819824060258846,9.787106274370749e-05,6.299103543631829e-05,4.068766314692101e-05,5.58734978014544e-05,3.36532071081874e-05,6.609329810354709e-05,0.00012803367137655515,0.00037442490869477995,0.00017481191419404631,2.9018310660029882e-05,9.078705851056729e-05,soft-like,ok,9.936679860103053e-05,1000000000,1977767044,False,2799f6387cc097eec944a3a8c11fe264e4a73eec1ca289d4b835e8dcba62eb6a,https://nasa-heasarc.s3.amazonaws.com/nicer/data/obs/2019_09/2587020201/xti/event_cl/ni2587020201_0mpu7_cl.evt.gz,6.724977018636825e-05,3.6580385848199066e-05,1.761755993764461e-05,1.045364493176674e-05,8.86937803352667e-06,8.592135461204022e-06,1.2605920115709788e-05,1.6314499070023504e-05,2.1665911360689867e-05,5.170592269583588e-05,4.723493510376596e-05,6.773116292758636e-05,0.0001014420357007394
5575030106,Cyg X-2,NS,"v9 source, third set",5,0,59857.11817,3516.0,12601580,0,25,0,3515.996375620365,1123.3884375,7.0,2782721.0,656505.0,155617.0,0.23592196271203617,0.23703856025468198,6.996666775736609e-05,2.0715819609322998e-05,0.0083646080456508,0.00011441335025008386,3.797286569005331e-05,0.010696417636296923,0.00014725402611183945,5.1007627049577106e-05,0.012134826991425937,0.0009743297660698611,0.00015475262677264946,0.03121425581476933,-0.0008018726277683722,0.0004059984771144189,-0.028317355592787478,0.03285614725666272,,0.00013668283193760288,4.603046723188524e-05,1.644607315394051e-05,1.7403359464919652e-05,2.2306677675754122e-05,3.247539567175092e-05,5.013463399587019e-05,4.480054516461738e-05,0.00010203689176055137,0.0005561872303734932,0.00013001241852406785,8.389214521587789e-05,-0.0001588822576188257,soft-like,ok,0.00017325201633432169,281404561,281404561,True,5980f0330c0bce7bda2b895d3c8b1cfedb082cd23076b6e531bacf553e8bc3d3,https://nasa-heasarc.s3.amazonaws.com/nicer/data/obs/2022_10/5575030106/xti/event_cl/ni5575030106_0mpu7_cl.evt.gz,5.368712306757705e-05,1.5160027340428167e-05,1.0889392277557546e-05,1.0006294532492761e-05,1.3492564437268965e-05,2.1496213310307164e-05,3.0614690554178336e-05,3.0256932719105394e-05,4.4198699847511634e-05,0.00013573140454894433,7.378147137415801e-05,0.0001287703210164464,0.00022217018496015214
7034150106,Cyg X-2,NS,"v9 source, third set",6,0,60542.03981,8317.89703422785,2683912,0,6,0,837.9975202679634,994.2669270833334,7.0,586454.0,139946.0,37197.0,0.23863082185474052,0.2657953782173124,6.451604953927618e-05,4.3263812447887424e-05,0.008032188340625248,0.0003529273639059309,9.24279604125777e-05,0.018786361114008505,0.0004417205572729079,7.850717804749545e-05,0.021017149123344677,0.0017126014849890125,0.00017167470254181,0.041383589561431386,0.0013430601977825669,0.0007845603420098378,0.03664778571459082,0.05328505205460064,5.560895505103608,2.0317496918972633e-05,-4.757765915658902e-06,1.7925936024097893e-05,8.682970731068876e-05,4.243169597949759e-05,0.0001172387995303205,0.00015298560290463365,0.00012811861179192792,0.00031839138309260756,0.0005350186450045644,0.0005062593412703814,0.0007880540858239127,0.00013048323272555438,soft-like,ok,0.0001236283072102232,59548086,59548086,True,d474201f919d58d7bff5fd4ad631e5185154762f5e55c569e9a77460ccc7aeda,https://nasa-heasarc.s3.amazonaws.com/nicer/data/obs/2024_08/7034150106/xti/event_cl/ni7034150106_0mpu7_cl.evt.gz,1.7420513499094526e-05,6.726148050556551e-06,9.213858043490131e-06,4.7979728133794886e-05,2.3463583142072054e-05,7.43716933151126e-05,2.7560128744844088e-05,3.793733068815268e-05,6.602995107664409e-05,0.00012317088292074005,0.00024691545846371757,0.0003731903297737735,0.0005301252306629484
7034150115,Cyg X-2,NS,"v9 source, third set",7,0,60552.1662,5091.71612292528,10712318,0,28,0,5090.151059627533,634.8490513392857,7.0,1754572.0,405765.0,114962.0,0.231261527027674,0.28332162705013986,7.14135199391829e-05,1.7978003429036206e-05,0.008450652042249929,0.0001399557590600838,4.7526579028511125e-05,0.01183028989755043,0.0003217667855223745,8.850524625653129e-05,0.017937859000515487,0.0009623409126941137,0.0002326414429591276,0.031021620084936145,0.0002490490836519914,0.0006133994239774442,0.015781289036450458,0.06551701811118552,15.312471936673989,8.771621021843741e-06,1.0915865902499222e-05,1.803378695663481e-05,4.42474400324034e-05,4.4747287687882296e-05,6.237677201374997e-05,3.117054161446814e-05,0.00014733042791517417,0.00017431394239882922,0.0003778795119076279,0.0004909887376743023,0.0013756495183678626,0.0015060542086881336,soft-like,ok,0.000609043768039431,237508621,237508621,True,1aee060283c0601a4e2d55a8d5a36768ce34e63d409b832f12a86a773eefc53a,https://nasa-heasarc.s3.amazonaws.com/nicer/data/obs/2024_08/7034150115/xti/event_cl/ni7034150115_0mpu7_cl.evt.gz,7.472945723613929e-06,8.73974814728493e-06,1.016796776561517e-05,1.4151632808174656e-05,2.107019110943052e-05,2.630867042796341e-05,4.0696403919644894e-05,6.203972634428751e-05,6.031805704942706e-05,0.00013434738961688129,0.00016182717311916304,0.00026359530295126936,0.00034554711190046603
7050030103,EXO 0748-676,NS,"v9 source, third set",1,0,60473.07755,6533.0,714880,0,20,0,5846.88777166605,117.295703125,6.95,103286.0,82223.0,114816.0,0.7960711035377496,1.3963976016443087,0.07149741563642395,0.020150996253961516,0.26739000661285744,0.007899971079557507,0.0016635734198501345,0.0888817814828073,0.00047720855837106273,0.0001796197931478339,0.021845103761966037,0.00898350498084882,0.0019879721227829077,0.09478135355041528,-0.0007260228119883628,0.00035275688782433626,-0.02694481048343749,0.6363845227879226,0.014943318371639905,0.3217149258511935,0.049042393791069006,0.015275331868749362,0.008559924639401825,0.0034499372019593604,0.0018118616565768327,0.0012612130493113696,0.0005463965674534081,-7.246350016863566e-05,0.0007352526115359104,0.0003827520340180213,0.0008404426473746115,0.0014372924255375199,intermediate,ok,0.14894005555948678,16861716,16861716,True,56f0f9178385b1f24d0af7fb90bbe971e6d66da7fb7b6b7c95fa11117ce36d56,https://nasa-heasarc.s3.amazonaws.com/nicer/data/obs/2024_06/7050030103/xti/event_cl/ni7050030103_0mpu7_cl.evt.gz,0.10559379953275719,0.01424255401513951,0.0041623890131687775,0.0021088610789012485,0.0007271529482090329,0.0004910601959304717,0.00027031694283100445,0.00015116277029061722,0.00018723444845067982,0.0003957690854293326,0.0007849577488287646,0.0007827092614237416,0.0009432765992353875
0050310109,GS 1826-24,NS,"v9 source, third set",0,0,57932.27639,1458.0,2253095,0,10,0,1457.995346263051,569.5703125,7.0,578843.0,122490.0,27717.0,0.21161178419709661,0.22627969630173891,0.00015169632698870683,4.4290002339049965e-05,0.012316506281762975,5.397356704133244e-05,0.00012873127967005012,0.007346670473168947,-1.5214172027172576e-05,0.00017142416347172999,-0.003900534838605159,-0.00016798055369895425,0.0002779372764378826,-0.012960731217757517,0.000347853656990195,0.0015827388745616154,0.018650835289342808,0.0,,8.914776734517298e-05,0.0001322397216519335,-8.653800117005532e-07,5.5867798615475365e-05,4.952422786122954e-06,7.93157637201258e-05,-5.3938713331706465e-05,6.421531134843296e-05,-9.133120277581691e-05,-0.00019563785813509504,-9.696461981867664e-05,-0.00047942018477449517,0.00011118020225932466,soft-like,ok,0.00014682379219378816,50958679,50958679,True,ceb343138e252423a3c9df77e1eb7ead85bbcb78d5ce71a9a8e52653e3df0866,https://nasa-heasarc.s3.amazonaws.com/nicer/data/obs/2017_06/0050310109/xti/event_cl/ni0050310109_0mpu7_cl.evt.gz,3.0135702453436668e-05,3.18028752107231e-05,1.513208637541183e-05,5.235798884750248e-05,5.0029339378909556e-05,5.813278758044997e-05,7.608010919890162e-05,0.00010135707161128775,0.00016958179219683298,0.00018790755410353415,0.00030525454400191597,0.0003460862603449536,0.0005929239989447154
1050310101,GS 1826-24,NS,"v9 source, third set",1,0,58005.11668,3785.0,6036861,0,28,0,3784.996725603938,598.3532366071429,7.0,1688948.0,365332.0,90218.0,0.2163074292399766,0.2469479815619765,0.00026904474212170634,4.315948054421084e-05,0.016402583397797627,0.00012589503937133318,5.3124930642534236e-05,0.011220295868261817,-0.00011818416480360627,9.802065033544862e-05,-0.01087125405846107,-8.83534044818444e-05,0.0001928373769664329,-0.00939964916801922,-0.0002652136260239268,0.0005977642757190941,-0.01628538074543935,0.03862091569696897,,0.00031338730802844215,0.00016554793686309624,7.65770053611963e-05,5.188269198734421e-05,5.749054557387453e-05,4.461185781133638e-05,-1.1632856160234527e-05,-5.088510258651461e-05,-5.6836462160665196e-05,-0.0001314906189742454,0.00017087217811393658,5.299750782988718e-06,0.0008567508946318286,soft-like,ok,0.0020597967097040143,137162540,137162540,True,82f80f48a2e6673a66c2207c593fc22dcf78a5d8527e939ba5b65305cc22e4f0,https://nasa-heasarc.s3.amazonaws.com/nicer/data/obs/2017_09/1050310101/xti/event_cl/ni1050310101_0mpu7_cl.evt.gz,5.324024435312856e-05,3.423299018766704e-05,1.907818794263405e-05,2.2331354204543304e-05,2.426601422872272e-05,2.981851447421064e-05,3.3495506694868914e-05,4.951674534575733e-05,8.804916334085225e-05,0.00012590495575267734,0.00015541600941322125,0.00021908286695332597,0.0003970638166713772
1050310108,GS 1826-24,NS,"v9 source, third set",2,0,58066.02448,3096.06058204174,6523477,0,22,0,3299.9811854958534,461.78196022727275,7.0,1032858.0,215502.0,52018.0,0.20864629987858932,0.2413805904353556,0.0008658056332314573,0.00028140456430687365,0.029424575327971297,0.0004422324379399577,0.00011241787110858464,0.021029323287732243,0.001803683394541623,0.0002663887384706164,0.04246979390745407,0.010297060229750167,0.0014655040503082338,0.10147443140885376,0.00040351761759998867,0.0011077977573835513,0.020087747947442707,0.23757117211791237,12.456702204253283,0.0017010893905854893,0.0006413163772691459,0.00016074397745566196,0.00010296580314703857,3.787412528525436e-05,9.439562824940896e-05,0.00016273697612158465,0.0003436681743032778,0.0015680204038816662,0.005175992697630595,0.013681638003661586,0.022219859925299932,0.010549760338588102,hard-like,ok,0.0014464114735062237,127782115,127782115,True,14fa69250797e37344cdbd533a125d23d0101b7220dfb9616a5e7f40a5618372,https://nasa-heasarc.s3.amazonaws.com/nicer/data/obs/2017_11/1050310108/xti/event_cl/ni1050310108_0mpu7_cl.evt.gz,0.0006030519332465242,0.00024407715384094434,4.5659084631114085e-05,2.5486057445223098e-05,4.008826919226089e-05,4.625253489267457e-05,6.88241531974928e-05,0.00012606812646602286,0.00018827593296505377,0.0010740853773574127,0.0024300503999386235,0.004964749386065945,0.002679070971743051
1050310111,GS 1826-24,NS,"v9 source, third set",3,0,58069.16156,3463.60430064797,15022865,0,38,0,5272.946274191141,317.1321957236842,7.0,1223397.0,257919.0,61215.0,0.21082199809219737,0.23734195619554976,0.00047527962266255504,6.801213090245936e-05,0.02180090875772281,0.000547899317316575,0.00011529343488679884,0.023407249247115198,0.0019081062467485557,0.0001755767117152377,0.0436818754948612,0.008289398143907188,0.00037690233260412944,0.09104613195467004,0.03243228279585861,0.0012538459504765108,0.18008965210655112,0.6638976976035357,26.868881396335073,0.0006335252556160378,0.0002476519988036269,0.00017157642079465495,0.0001167081908074251,0.00010163529120422699,0.00010408305417186701,0.00013207215734319534,0.0010192119556209397,0.00103834611798175,0.0033883110809754726,0.014948704591945538,0.26677292543998293,0.15208540132802792,intermediate,ok,0.0010179642868684401,241847263,241847263,True,269070ad3a449ea1a9a6d5e5c28af342570ab4f9a2fadca4413d7dfb5214651a,https://nasa-heasarc.s3.amazonaws.com/nicer/data/obs/2017_11/1050310111/xti/event_cl/ni1050310111_0mpu7_cl.evt.gz,0.000209558411536737,5.0631438835378826e-05,3.1451986001302186e-05,3.4580557695854406e-05,4.909959511633339e-05,5.2083716186156525e-05,6.447927694460816e-05,0.0001265031776599827,0.00013235969665968415,0.00022971220251457032,0.0012959899093756178,0.006363418757286998,0.004410082443442245
1050310114,GS 1826-24,NS,"v9 source, third set",4,0,58163.04428,1061.48631349206,3301374,0,7,0,1310.7453734725714,523.3705357142857,7.0,370103.0,79991.0,18846.0,0.21613172549263313,0.23560150516933154,0.0012808292723702202,0.00038358903646899947,0.0357886751971936,0.00011683093135242714,0.00016240779259870216,0.010808835800049288,0.0009048928169655352,0.00019591064634631592,0.030081436417922852,0.02199043956420835,0.0031383334669436613,0.14829173801735668,0.009311335150470753,0.0029921180836037465,0.09649525973057305,0.4300777238319989,17.60547399222946,0.0024188708996788935,0.0007809934930100696,0.00036280723897675287,0.00019587732872338126,0.00011757024338709889,-5.296378639935449e-05,-4.805190664908472e-05,0.0003886373398121775,0.0005576830698271415,0.011480102353814383,0.04175200753623096,0.08600413330565765,0.04100918142044305,hard-like,ok,0.0001280518401496122,61609297,61609297,True,ebae5586be32f8768c708cd7e061b6c04c72e4f97a8afc6ebc1b8b78f2498f19,https://nasa-heasarc.s3.amazonaws.com/nicer/data/obs/2018_02/1050310114/xti/event_cl/ni1050310114_0mpu7_cl.evt.gz,0.0009320593406983205,0.00023503986866633652,9.484886436049131e-05,9.663149577322544e-05,3.8777521466597935e-05,7.32547182036363e-05,0.0001417966360579905,0.0002143728039925636,5.4849480735281006e-05,0.001993019369717619,0.0044157458488307605,0.02106224989178054,0.010009537818012362
1050310123,GS 1826-24,NS,"v9 source, third set",5,0,58234.43495,5104.75639179349,7834180,0,33,0,5104.741739779711,571.412168560606,7.0,1915826.0,405065.0,92754.0,0.2114309963430917,0.22898547146754225,0.00018690797427652135,3.429725565489707e-05,0.013671429123413592,0.00013456265707124061,5.998143723188674e-05,0.011600114528367409,-0.0001422379251475415,8.574424124451624e-05,-0.011926354226985776,0.00010408135598399168,0.00019168940545136098,0.010202027052698482,0.0009036279759858546,0.0008096030253567451,0.030060405452785474,0.03333443034324626,,0.00014155427904024694,0.00010479803476725579,6.618733676057439e-05,2.1246577844389986e-05,4.8297865217093374e-05,8.665984763414721e-05,-3.998433241847886e-06,-3.9025762061492835e-05,-0.00010493276071989955,8.908569356171555e-06,0.00014125479288331055,5.1143314610693096e-05,0.0005890905842180946,soft-like,ok,0.00010895136885193784,176683543,176683543,True,f241dc5dae9f20597bc1a0068d6c4ee9a3c82f9443c7f2a09974bc41e867c7be,https://nasa-heasarc.s3.amazonaws.com/nicer/data/obs/2018_04/1050310123/xti/event_cl/ni1050310123_0mpu7_cl.evt.gz,3.2205005998912576e-05,3.2092396690447774e-05,1.4862259619560399e-05,1.7726753113870694e-05,2.113455589545466e-05,2.4366713607236728e-05,4.49257173428945e-05,5.497909339116718e-05,7.227707421151871e-05,0.00012539700138729354,0.0001328075633920111,0.0002598710188917569,0.00038447415100700876
2050310103,GS 1826-24,NS,"v9 source, third set",6,0,58546.05784,3410.0,5145613,0,24,0,3409.838915348053,531.0817057291666,7.0,1312999.0,260996.0,57488.0,0.19877852153733552,0.22026391209060675,0.00011662045631429931,3.8058683902599815e-05,0.010799095161831815,9.206634372287638e-05,6.56315402492535e-05,0.009595120828987844,-4.907778300983129e-05,0.00011564501363312246,-0.007005553726139804,-1.0788927627624893e-05,0.00025252364424286657,-0.0032846503052265537,0.0004215234914457172,0.0006298415494518929,0.020531037271548588,0.03432645334539303,,0.0001434194394104941,5.517992232990512e-05,3.2002257595310984e-05,2.890071154613991e-05,1.6091478716673486e-05,2.1913857570320635e-05,4.930492957463815e-05,-2.236818334815042e-05,-2.1415956957493466e-05,3.91793462745693e-05,0.00011821697876708503,0.00020577020322350964,0.0005121104145704422,soft-like,ok,0.00015651745888651378,117030132,117030132,True,95d734e5684bd7c5705a420790f6eb29de49a10c74fab1addb5e9d12893c6cdf,https://nasa-heasarc.s3.amazonaws.com/nicer/data/obs/2019_03/2050310103/xti/event_cl/ni2050310103_0mpu7_cl.evt.gz,3.0281816521195818e-05,2.1311887090403053e-05,2.026994748197559e-05,2.4136994019353347e-05,2.489624311015231e-05,3.4547554918688264e-05,4.727389939168564e-05,7.539088377631604e-05,8.363032708529133e-05,0.00018083201769872122,0.00017378807390979996,0.0002913919938742144,0.00041840304406475415
5050310102,GS 1826-24,NS,"v9 source, third set",7,0,59667.01412,9316.0,14197978,0,66,0,9315.945136249065,550.762665719697,7.0,3718609.0,762247.0,171987.0,0.20498175527462015,0.22563158661168886,0.00017621407645453157,3.010356659815915e-05,0.013274565019409545,9.355124809528492e-05,4.5718534311584125e-05,0.009672189415808859,-8.805311034851564e-05,6.598275994603303e-05,-0.009383661883748564,5.988052195532599e-05,0.00014493137414905963,0.007738250574601859,-0.0005130762056567738,0.00043778142059352863,-0.02265118552431139,0.02575540480284003,,0.00015490445887279713,8.687022364696207e-05,6.388149387074514e-05,3.558317144622745e-05,4.1955341748378234e-05,5.396737353312366e-05,-1.5039128982816342e-05,-1.983506858951397e-05,-6.567119247180538e-05,-9.127980606902678e-06,8.085845618825474e-05,0.00021307035385330703,4.192337404939823e-05,soft-like,ok,0.0003328972197416647,320512680,320512680,True,2f82b3a1cb027f19c02b9bb2e11075d6f094b66072f6805b043307eb04c5f8ba,https://nasa-heasarc.s3.amazonaws.com/nicer/data/obs/2022_03/5050310102/xti/event_cl/ni5050310102_0mpu7_cl.evt.gz,2.7799923415860642e-05,1.5716486184890785e-05,1.5400121543494526e-05,1.5970988067211713e-05,1.9701246989651743e-05,2.38973257954915e-05,2.9780682625478827e-05,4.0211087125481334e-05,4.860855467779877e-05,9.562670827442e-05,9.952979967344303e-05,0.00016203813387776774,0.000287107833919667
1108020102,GX 13+1,NS,"v9 source, third set",0,0,58067.04258,1641.40041184425,5187748,0,17,0,2317.9086495786905,581.921875,7.0,862247.0,326360.0,77655.0,0.378499432297242,0.2379427625934551,0.004526581389581582,0.0007769597517665869,0.0672798735847622,0.0023847212403875512,0.00027340717918199144,0.04883360769375483,0.0014183281294759993,0.0002577016829709614,0.037660697410908356,0.01002184960788228,0.0009176164738493444,0.10010918842884643,0.023252552147884964,0.0016593865360251905,0.15248787541271916,0.6062834213367615,22.30391641471908,0.002707082195857423,0.0024729470085358457,0.001398485865667007,0.000864043321006101,0.0008459205287106871,0.000722035189844598,0.000534474976853531,0.000554045113481924,0.0009376787553454385,0.0030279258518506377,0.021176406760936822,0.22078135199309562,0.1115571894266235,hard-like,ok,0.000477938732243505,85978997,85978997,True,a9674de0a5e6835f278f50ad23add49ae5fdb4f0de25e921c1b0382eb9d3665f,https://nasa-heasarc.s3.amazonaws.com/nicer/data/obs/2017_11/1108020102/xti/event_cl/ni1108020102_0mpu7_cl.evt.gz,0.0009871801448621475,0.0005650189190194594,0.00021906218168219163,0.00011310156475403388,0.00014755312265307192,9.110070924055396e-05,7.757013626687226e-05,0.00011614222776361306,0.00017138089069177929,0.00022442507715658222,0.0034828066608355935,0.013578267476625652,0.004576297861827014
5670010102,GX 13+1,NS,"v9 source, third set",1,0,60000.33595,4347.0,2972964,0,31,0,4346.969834446907,523.6464213709677,7.0,1407299.0,529413.0,141117.0,0.3761908450158779,0.2665537113746735,0.0007746854556326334,7.864424686074903e-05,0.027833171857203652,0.000753878244802616,0.00011023078048255294,0.02745684331460221,0.0004083055665367108,0.0001392428858022919,0.02020657235992069,0.001485885712788222,0.00025060869297604497,0.038547188130760225,0.0013169215414639036,0.0007779576024335282,0.03628941362799768,0.053342124718872265,0.22439182728811752,0.0004892099997292455,0.000267400342608873,0.00032308436070470684,0.00027130027799640707,0.00022362405226346822,0.00023356990493975457,0.00020285093291759024,0.00016207594345375053,0.0002529634520874099,0.0002555970767596112,0.00020932354547676017,-2.887622644118601e-05,-1.6741392972667642e-05,soft-like,ok,0.0001951460810939407,69309319,69309319,True,5f6e6bcbb19b28348e6932ab6c4df3fe8641fcb0d5cb288732a722c5937f8ee2,https://nasa-heasarc.s3.amazonaws.com/nicer/data/obs/2023_02/5670010102/xti/event_cl/ni5670010102_0mpu7_cl.evt.gz,0.00010362570747822884,5.514181031478126e-05,4.183843462236346e-05,3.55578738420688e-05,3.918081368380709e-05,4.0177236562576004e-05,6.447501807124263e-05,7.80226883526236e-05,0.00010243105800259629,0.00011832265118161812,0.0001825634729218828,0.000296382340320555,0.0004085354956502996
5670010201,GX 13+1,NS,"v9 source, third set",2,0,60019.8756,4811.0,4516171,0,35,0,4810.979027271271,774.6363839285714,7.0,2347479.0,903409.0,219483.0,0.38484220732113045,0.2429497602968312,0.0025353985850748544,0.0001756070956252967,0.05035274158449423,0.001877117131390813,8.573838954401434e-05,0.04332570981981499,0.000652772887348436,6.573820316218689e-05,0.025549420489483436,0.0031323046214450302,0.0001676410573932677,0.055966995822940416,-0.00039238807739969876,0.0003779409390126373,-0.01980878788315173,0.08952115602898089,0.22197713756197335,0.0013351019621383002,0.0011468441252616246,0.0009163055986324223,0.0006926914825229784,0.0006951238681623493,0.0005973316370299669,0.0003614061366977209,0.00039728246006896746,0.0002583032954380733,0.00044104778519114845,0.0004842419458327523,0.00022403377112880594,0.00046432330866003253,soft-like,ok,0.000356604054483295,104312923,104312923,True,39cdd4c44f763850c7554a686ee416bb5be1b8f6a58bff09a65d99f5407c6f91,https://nasa-heasarc.s3.amazonaws.com/nicer/data/obs/2023_03/5670010201/xti/event_cl/ni5670010201_0mpu7_cl.evt.gz,0.00017557910410054644,0.00013314793270893186,8.533143919904553e-05,4.384994226829382e-05,4.793263147324172e-05,4.330134740889182e-05,3.536250238649593e-05,4.2697722376062445e-05,5.679345547201831e-05,7.779763586789729e-05,0.00011644257697877606,0.00015770144731233556,0.0002604031619793154
5670010401,GX 13+1,NS,"v9 source, third set",3,0,60056.22223,3383.0,2562786,0,25,0,3382.973137617111,625.8765625,7.0,1316876.0,545622.0,140307.0,0.4143305823782953,0.2571505547796826,0.0008388323027050583,7.637378272416723e-05,0.02896260179447037,0.000892595816878717,9.08673037994572e-05,0.02987634209334732,0.0004268403650843117,9.469318765274913e-05,0.020660115321176495,0.0016657680172196643,0.00021641611382504976,0.0408138213993699,0.00033401324954478287,0.0006536964566292152,0.018276029370319552,0.05454947626102141,0.20711766501799195,0.0004883663262287116,0.0003525137246298786,0.00025918668126746443,0.000323685320056391,0.00024862321848979083,0.0002776764714300924,0.00026737433732094165,0.00028877921370688413,0.00014042951776664392,0.0002384266175503493,0.00018708427774420734,-6.020146462094958e-05,-3.6298881218667776e-05,soft-like,ok,0.0001499236902604936,59070040,59070040,True,ccdf66a4d17508b622ef061ad15e29f2d4c8747c03d5c1d53136da894a5d66ce,https://nasa-heasarc.s3.amazonaws.com/nicer/data/obs/2023_04/5670010401/xti/event_cl/ni5670010401_0mpu7_cl.evt.gz,0.000121788013085012,6.333350611337277e-05,3.393083396660655e-05,3.1842408650153e-05,3.4788614825820694e-05,3.905876753291767e-05,4.721911313877656e-05,4.894970009197408e-05,7.705680748423603e-05,0.00015992967298548668,0.00022766704817662288,0.00019458741207310456,0.00048291174519910315
5670010404,GX 13+1,NS,"v9 source, third set",4,0,60059.18936,4524.0,3390069,0,34,0,4523.981862485409,614.0356158088235,7.0,1820590.0,695115.0,156578.0,0.38180754590544824,0.2252548139516483,0.0013458108301750218,0.00012521998612735922,0.036685294467606794,0.001391992728220334,8.75654665096349e-05,0.037309418760151355,0.0006008281218849574,9.063921530206815e-05,0.024511795566317808,0.0023825825089650323,0.0002008718025023357,0.04881170463080584,-0.000122065547358309,0.0005498315806113729,-0.011048327808239082,0.07164936702666944,0.3279127596250705,0.0006707346660025762,0.0005440122143875068,0.0004213958538572705,0.0005176920101353114,0.0005267824924743706,0.00039327864629352586,0.00033171403949041727,0.0003459258459911616,0.0002578305776507496,0.00035067379964295067,0.0003719276883281121,7.25574007209832e-05,0.0003291065603474502,soft-like,ok,0.0002264819644741693,77838167,77838167,True,8c5ae4652a295501de49bf6b0be0a7991154c46db075757d58c24c65cbe5f377,https://nasa-heasarc.s3.amazonaws.com/nicer/data/obs/2023_04/5670010404/xti/event_cl/ni5670010404_0mpu7_cl.evt.gz,0.0001337630034621365,7.1568093418376e-05,4.6662759911472637e-05,4.857560128077289e-05,3.742682004472127e-05,3.979991955697433e-05,5.0332724632589723e-05,6.16043689758709e-05,5.5754083339540796e-05,9.216072930454023e-05,0.00014992352084803408,0.0001797693775056235,0.0003509720609572095
5670010407,GX 13+1,NS,"v9 source, third set",5,0,60083.08472,7279.0,6740465,0,52,0,7278.969066441059,754.8478064903846,7.0,3450763.0,1278611.0,294893.0,0.3705299378717113,0.2306354317302135,0.0015347522041857437,0.00011095361448222791,0.03917591357180766,0.0012990524200378322,6.466770372289037e-05,0.036042369789427445,0.0005701046203014867,5.7523663483414536e-05,0.02387686370320622,0.0024610319900336794,0.00012577810820483168,0.04960878944334037,0.00025260522809917717,0.0004075762008222795,0.01589355932757597,0.07391186351802687,0.40762960128808173,0.0005807201909547386,0.0005540376975161736,0.00057850549030572,0.000530071716799801,0.000456179422462,0.00037175478274178737,0.00033711443117152287,0.00032825327832656815,0.00024799242520148973,0.00043416643538191036,0.0005482071441441791,0.00019371825302333753,0.0003022423006782023,soft-like,ok,9.948210998275643e-05,154957561,154957561,True,251a0cb3a9497603783586c7c6cf58acced03e4fbffd68d7eee32745e1ba5b94,https://nasa-heasarc.s3.amazonaws.com/nicer/data/obs/2023_05/5670010407/xti/event_cl/ni5670010407_0mpu7_cl.evt.gz,8.158354289289231e-05,7.359952683520082e-05,5.344018729437011e-05,3.606491339442247e-05,2.7677540535519708e-05,2.9358364985415706e-05,3.1431324379721134e-05,3.3968382195013245e-05,5.1026998459112294e-05,8.13455827462053e-05,9.24512860450965e-05,0.00014171813311769443,0.0002366436009237599
7701010103,GX 13+1,NS,"v9 source, third set",6,0,60422.19514,3878.0,2697783,0,27,0,3877.9858889579773,555.7083333333334,7.0,1339436.0,480503.0,100589.0,0.3587353184474659,0.20934104469691137,0.0023322120066928435,0.00021663930241898728,0.048292980925729194,0.001953336010605332,0.00012566529491731532,0.04419656107216185,0.0005616195157842212,9.01145591548854e-05,0.023698512944575683,0.0030793921327773276,0.0002100285831391983,0.05549227092827728,0.00041634035338637866,0.0006800838254479269,0.020404419947314813,0.0797357919589233,0.1318691911731045,0.0012893990912181206,0.0009632370411576548,0.0007903064816655954,0.0008296971267582622,0.0007411695987860901,0.000546269215353427,0.0004047532492638299,0.00026673369595555925,0.0003050011241419777,0.00047610291317864024,0.000296621885472782,-0.0004850343340090678,-6.646056962617626e-05,soft-like,ok,0.0002158274376625335,61817839,61817839,True,5bf8942e15971c617a34f183f508c93bb19ee40a630562d09dac89f75040ea3c,https://nasa-heasarc.s3.amazonaws.com/nicer/data/obs/2024_04/7701010103/xti/event_cl/ni7701010103_0mpu7_cl.evt.gz,0.00028399425691421666,0.00013847728317521938,8.598323844688461e-05,8.898404745512054e-05,7.018705631786263e-05,4.390493644677303e-05,6.508753107393785e-05,5.4534759202504096e-05,7.276750006515941e-05,0.00011729860498835686,0.00016759536217885248,0.00020299505344476603,0.000476751239615214
7108020101,GX 13+1,NS,"v9 source, third set",7,0,60426.25648,2074.0,1676805,0,15,0,2073.9867988824844,653.228125,7.0,856452.0,322135.0,75611.0,0.3761273252908511,0.23471836341906344,0.002400523276524915,0.00028097037301153926,0.04899513523325469,0.0019877492314873207,0.00013135845759184133,0.04458418140425279,0.0006192601473586224,0.00016412859833291196,0.024884938162644133,0.0028560748587190144,0.0003187210462173191,0.05344225723824747,-0.0008443678806013075,0.0008094512327009078,-0.029058008889139453,0.08142105547594099,0.185100756645923,0.0008472816121072021,0.0010151041265582302,0.0007547732180773361,0.000804457234959884,0.0007066146252642307,0.0006633716353900897,0.0004445037640976313,0.00029931764103487867,0.00031939040998857793,0.0002532826627422994,0.0004540522022340943,0.00021135221973908472,-0.0001441130773772785,soft-like,ok,0.00017852262608986961,38357596,38357596,True,0b47072d278113611144b7e2f92c60707fb6b53f31aab349b5362331cca1c15a,https://nasa-heasarc.s3.amazonaws.com/nicer/data/obs/2024_04/7108020101/xti/event_cl/ni7108020101_0mpu7_cl.evt.gz,0.00028361939339479204,0.00024145256339543254,0.00010549579601109258,0.00010688619704549008,6.532908403191265e-05,5.6895928845671333e-05,5.6693451550077014e-05,8.634779290332749e-05,0.0001059888201106904,0.0001695432888271248,0.0002539603633914841,0.00031489746802554634,0.0006180856028683414
1050410104,GX 17+2,NS,"v9 source, third set",0,0,58054.03,1307.0,2221805,0,9,0,1306.9985085725784,1281.8663194444443,7.0,1000926.0,373136.0,102648.0,0.3727907957231604,0.27509540757257406,2.793700976154742e-05,6.935352082296097e-06,0.005285547252796764,2.2117157148366513e-05,3.9639186506972204e-05,0.004702888170939908,0.00019411295729428882,0.00010972290390661846,0.013932442617656417,0.00021464239608874473,0.00020390768277678124,0.014650679031660776,-1.1088538218534622e-05,0.000573254275742075,-0.0033299456780155772,0.020567461119036907,,2.3997917570381334e-06,5.7575949407704624e-06,1.1170375319771604e-05,9.927475874565797e-06,8.496889953617815e-06,-1.2805957488075178e-05,2.707012235478962e-05,8.506522917867021e-05,0.00010948539407009249,-4.745816971355365e-05,0.00011272747526146184,4.253385188622808e-05,6.865038348771768e-05,soft-like,ok,0.00017197743703632295,51708147,51708147,True,2351d1e57b23540b0806dbcb893b243b7fd362468f0d51ec0bbbddf8622f1950,https://nasa-heasarc.s3.amazonaws.com/nicer/data/obs/2017_10/1050410104/xti/event_cl/ni1050410104_0mpu7_cl.evt.gz,4.589860209204773e-06,5.535428108441241e-06,1.0810471595574518e-05,1.3591481120182857e-05,1.1599474378908334e-05,1.885801534350169e-05,4.4482205309801216e-05,9.986409917051646e-05,6.297645903000063e-05,0.00010007589577877816,0.00018399109878549283,0.0001950971253165569,0.00019298499449587594
1050410110,GX 17+2,NS,"v9 source, third set",1,0,58062.08495,3939.75360058248,8896844,0,28,0,4014.992716372013,1294.3295200892858,7.0,3119876.0,1186930.0,332071.0,0.3804414021582909,0.2797730278954951,0.00023424993978576864,8.7445401247361e-05,0.015305225897900647,5.526634769376521e-05,2.2695901714650883e-05,0.007434133957211506,0.0003523639492085111,9.187072355212678e-05,0.018771359812451285,0.0037130418944637316,0.0013779759537940854,0.060934734712343924,0.001186757259895955,0.00035709155577617495,0.034449343388458877,0.1341252304280452,12.89364038872747,0.0004100396727304252,0.00014936660613432348,6.677271804206335e-05,2.113968407079401e-05,3.8267081406117705e-05,-2.4924591663676455e-06,1.2302118951504811e-05,7.495640277978569e-05,0.00028156808446982355,0.001802476363465156,0.005556380669669015,0.006768368653947637,0.0028104318408759443,soft-like,ok,0.00031835070158047016,186967166,186967166,True,7d8e1cb7add1a409490f7d91d7c105541cd1483689cf2850ceead134b1493f50,https://nasa-heasarc.s3.amazonaws.com/nicer/data/obs/2017_11/1050410110/xti/event_cl/ni1050410110_0mpu7_cl.evt.gz,0.00024661815885851504,5.6443892272300664e-05,2.3951433410344216e-05,1.3333622179344098e-05,8.218770375097896e-06,1.1776149518173918e-05,2.1575015882499643e-05,3.2269073555619615e-05,8.694945060830475e-05,0.0006927268761270234,0.0021546089195270367,0.0025489747495898722,0.001187030527938208
1050410117,GX 17+2,NS,"v9 source, third set",2,0,58191.18718,2786.0,4361180,0,19,0,2783.3277935385704,1196.9884868421052,7.0,2005613.0,715775.0,189688.0,0.356885899722429,0.2650106527889351,3.229877233462155e-05,1.442880600503926e-05,0.005683200888110638,1.0398230882657518e-05,3.610345131793776e-05,0.0032246287976536955,0.00014428474387437573,6.690293257012158e-05,0.012011858468795565,0.0002799531233272407,0.00015631243239230559,0.0167317997635413,1.2523030247070617e-05,0.00032973307101978524,0.00353878937591242,0.026981358717190016,,2.157749915276294e-05,1.956083163479667e-05,1.4328286912225383e-05,-3.229888255868739e-06,5.860073125673187e-06,8.462409678139992e-06,7.62848481451419e-07,-4.989326715757775e-06,0.00014622651223099471,4.0446280517130926e-05,0.0003730507760099112,0.00012937386792479487,-2.3436452470569103e-05,soft-like,ok,0.00010403382878564779,101640785,101640785,True,ffb2aadac49916a511f2e5bf1c1031da5ca26f0f39fe4b911fc62426785c747c,https://nasa-heasarc.s3.amazonaws.com/nicer/data/obs/2018_03/1050410117/xti/event_cl/ni1050410117_0mpu7_cl.evt.gz,8.546923385847484e-06,9.926457964322988e-06,9.055996424020338e-06,8.265378074278627e-06,1.3179571299187037e-05,2.3019983368822892e-05,2.3422033812087536e-05,3.585423541326955e-05,5.1100747385375385e-05,0.00010258384688701275,0.00013594887686599024,0.00018621743132821676,0.0002256918607947238
1050410129,GX 17+2,NS,"v9 source, third set",3,0,58320.99792,2283.0,3665973,0,13,0,2282.5013423860073,1224.225360576923,7.0,1370058.0,518233.0,148820.0,0.3782562490055166,0.28716812707797457,0.0001729250060502732,7.022810713017029e-05,0.0131500952867374,-2.26917956717885e-05,4.494547074773913e-05,-0.004763590628064979,1.515259428146484e-05,7.144740736524627e-05,0.0038926333350914055,0.0002811076535864097,0.00015785372237486848,0.01676626534402965,-3.900274819849718e-05,0.0003912003582474401,-0.006245218026498129,0.027933457458228922,,0.00015004950163013093,9.845616640969294e-05,5.863120487773993e-05,2.1568925048968233e-05,1.4834203037973658e-06,-1.2263807988017199e-05,-1.9491549405267324e-05,4.732619569231844e-05,-3.0324750279282848e-05,0.00023739088923788063,0.00024814005098556114,-6.206246805343754e-05,4.1374267110600356e-05,soft-like,ok,0.00023467788778574157,84240495,84240495,True,f0303f8688743d7b76c7b343627053610ca40e42277d9b3655ac64862c8d6156,https://nasa-heasarc.s3.amazonaws.com/nicer/data/obs/2018_07/1050410129/xti/event_cl/ni1050410129_0mpu7_cl.evt.gz,8.349882180055966e-05,4.800260394126483e-05,2.623820717945745e-05,9.751139632588182e-06,1.3942874712420705e-05,1.8094338072778075e-05,4.0886451369816795e-05,4.1219818936461226e-05,5.9247181588738455e-05,7.78064954647497e-05,0.0001368527722188728,0.0001571362971656444,0.00016805507216298359
1050410132,GX 17+2,NS,"v9 source, third set",4,0,58371.19735,21456.9692552984,36218351,0,158,0,21457.973416745663,1309.4012064873418,7.0,17767317.0,6749418.0,1964595.0,0.379878290008559,0.29107620834863096,2.2435233770953036e-05,7.849191658263211e-06,0.004736584610344571,4.9046890636262336e-05,2.683434863603965e-05,0.007003348530257675,0.00013902810089126227,2.5485285673703755e-05,0.011791017805569725,0.000409269625575102,5.443800854585618e-05,0.020230413381221404,2.431681432383862e-05,0.00012801294238645944,0.004931208201226006,0.025813035588080856,,8.71353547019544e-06,5.99963007493323e-06,1.078649811858423e-05,5.720696999705077e-06,1.1703136313450124e-05,1.9933105544293784e-06,3.6643019690715185e-05,5.093314719096717e-05,8.673078635569324e-05,0.00015888763765731687,8.470296109439602e-05,6.886507649600158e-05,0.00013463337025514119,soft-like,ok,0.0003957850001044818,830452610,830452610,True,cb54ff8051d14eb5f7de8dec8970d1cb40ff57ed9bd531958ec125ecada58691,https://nasa-heasarc.s3.amazonaws.com/nicer/data/obs/2018_09/1050410132/xti/event_cl/ni1050410132_0mpu7_cl.evt.gz,1.9716995597027132e-06,2.293274806587982e-06,3.901146333550336e-06,4.246504770786719e-06,4.793303998464371e-06,7.037349869871788e-06,2.0152781696719842e-05,1.5340155112648964e-05,1.7915991879572807e-05,2.3879722667648518e-05,3.1345191706825286e-05,4.633375512429027e-05,6.453790502795974e-05
3050410102,GX 17+2,NS,"v9 source, third set",5,0,59075.99656,6109.0,9511607,0,45,0,6108.9849935770035,1199.9602430555556,7.0,4681312.0,1750003.0,480456.0,0.3738274654626737,0.274545815064317,1.6956203488362975e-05,8.814934975814628e-06,0.00411779109333669,6.88724721231924e-06,2.421589710866863e-05,0.0026243565330037076,6.89403930105796e-05,5.0001565684978174e-05,0.008303035168574177,0.000270556299245692,8.228377623622494e-05,0.01644859566180931,0.00017076293832057115,0.00027990043701350814,0.013067629407071932,0.023068944970464553,,3.231194062976325e-05,1.0207252576637877e-05,5.732976877006021e-06,-3.853280370540026e-06,7.166794211100565e-06,-1.41396393515482e-05,2.241186947364696e-05,6.311107542170126e-05,2.146794873257387e-06,9.67044974303616e-05,0.00017409483218375172,7.646734559345472e-05,5.981376250172864e-05,soft-like,ok,0.0001349923515708592,218820234,218820234,True,468afa1fe282c3ed8cf8d8402e311a3e9ce2fb7d154174056532ff3e25035bba,https://nasa-heasarc.s3.amazonaws.com/nicer/data/obs/2020_08/3050410102/xti/event_cl/ni3050410102_0mpu7_cl.evt.gz,8.195297336587538e-06,6.9565986124876835e-06,4.407831822063381e-06,4.843915519630653e-06,9.229393137193641e-06,1.0552712210446648e-05,1.6564905771095967e-05,2.5409835679902882e-05,3.925303879053244e-05,5.474698559519127e-05,8.216743684676583e-05,8.778339527908738e-05,0.0001629037722279769
7050410101,GX 17+2,NS,"v9 source, third set",6,0,60385.66505,4510.47731250525,6962095,0,32,0,4510.460703253746,1181.155517578125,7.0,3256759.0,1235484.0,345770.0,0.3793599710632565,0.27986602821242523,4.223837021694958e-05,1.0727946373320429e-05,0.006499105339733276,6.307012657646119e-05,2.8424613737455427e-05,0.007941670263644871,8.067963983396355e-05,5.157059218457452e-05,0.008982184580265735,0.0002477873944985232,0.00010443957323705455,0.01574126406927103,3.346000890289099e-05,0.00032320630654862745,0.005784462715143991,0.030196299854769737,,5.2994273243738184e-05,2.5019363081111924e-05,1.4691619826105704e-05,5.525859958404833e-06,2.5973334400727297e-05,7.71367042828044e-06,2.336510231215658e-05,3.933762037419594e-05,4.43615662463916e-05,9.949380759276833e-05,0.00020579926940696072,0.00012827253070966027,0.00023926850733866503,soft-like,ok,0.00010853066009924735,158221672,158221672,True,d956f34f5383fb0431c1001d38569d8c764eb00ee61078794d9bc16a2dff1312,https://nasa-heasarc.s3.amazonaws.com/nicer/data/obs/2024_03/7050410101/xti/event_cl/ni7050410101_0mpu7_cl.evt.gz,1.2477746884712964e-05,6.047796030277511e-06,6.052893643622166e-06,7.3880764395191925e-06,1.3297977574258288e-05,1.0038773786010463e-05,1.8377939453543174e-05,2.6094192759712453e-05,4.64463379762898e-05,5.3131011909405126e-05,7.59786644613458e-05,0.00010992678997662828,0.00021711855412513014
7050410106,GX 17+2,NS,"v9 source, third set",7,0,60469.66667,1526.0,2796890,0,9,0,1525.9826530218124,1307.795138888889,7.0,992755.0,395549.0,118276.0,0.3984356664030904,0.29901731517460545,0.11948874686211919,0.10488917550012523,0.3456714435155429,0.032641602848153546,0.0285213664713335,0.1806698725525469,0.0025640670746661957,0.002128128706550821,0.05063661792286483,0.03575253014169287,0.031107180910560063,0.189083394674659,0.0004084029534344742,0.0005892847954305017,0.020208981998964575,0.4348306366172593,0.04612216403841992,0.033714918675619314,0.04243745235177545,0.04300544937888917,0.04590234626694401,0.01135445692372659,0.006690765230926208,0.0027179032061155177,0.001487222074213813,0.0010988213523481917,0.000481229099707461,0.00019303807190712474,0.00033769856812210214,-0.0003436186593239214,hard-like,ok,0.0049222935046339756,63653967,63653967,True,9d4ba2109a04adadbe3755753ecdd32ce2176f4e388afc7fd444d3e247b59848,https://nasa-heasarc.s3.amazonaws.com/nicer/data/obs/2024_06/7050410106/xti/event_cl/ni7050410106_0mpu7_cl.evt.gz,0.02955757060767729,0.03724533494190158,0.037728441336264185,0.04031464511378514,0.009931261797287622,0.005821444664832264,0.002354423067445284,0.001206232416088882,0.0009390262556659185,0.0004523524800190448,0.00024824732349574196,0.00014371539043357112,0.00035057081624999823
6203770101,IGR J17498-2921,NS,"v9 source, third set",0,0,60054.03009,3493.0,300900,0,26,0,3492.9023119211197,59.21454326923077,7.0,137972.0,44206.0,14888.0,0.3203983416925173,0.3367868615120119,5.316932797059045e-05,0.0002813403074108652,0.007291730108183548,0.0017629775461945566,0.0006413657634739439,0.04198782616657543,0.005426919395439406,0.0012010376704457068,0.07366762786624398,0.01813466174190162,0.0024906369429325806,0.13466499820629568,0.0001530082424920173,0.005677146584251889,0.012369650055357964,0.2014378701383604,11.590135334508993,8.280419095882043e-05,2.5859528548442018e-05,-3.0216790339551257e-05,-6.458418713729095e-05,8.242060438402938e-05,0.0004892039660488397,0.0013557109976421269,0.0015733155295121757,0.0038113566209457815,0.008179922348024808,0.0064757169776217165,0.005828240581867715,0.012767465157801331,hard-like,ok,0.0010786860346437192,7336565,7336565,True,f4f9b771907d447eb24171aec9b585ab9b07a49d1064c1d097a9d2abc916b09a,https://nasa-heasarc.s3.amazonaws.com/nicer/data/obs/2023_04/6203770101/xti/event_cl/ni6203770101_0mpu7_cl.evt.gz,6.84330600034777e-05,9.451856053681707e-05,0.00015405702431194054,0.00015797078022552775,0.0002342013274841371,0.000399313270728575,0.0003966838133226169,0.0007417936341277315,0.0009711244599724268,0.0017611306842916755,0.0018260563746926245,0.0022427794394652713,0.004444924251901712
6560010104,IGR J17498-2921,NS,"v9 source, third set",1,0,60058.01528,7599.0,590353,0,52,0,7598.459802508354,50.45823317307692,7.0,225643.0,76559.0,33648.0,0.3392925993715737,0.43950417325200175,0.00010687558596291123,0.0001509300030551039,0.010338064904173858,0.0009584068003506623,0.00047862506210499155,0.030958145944979688,0.0052497532222310316,0.0008519048918354513,0.0724551807825433,0.014846566404625412,0.0015176374413678772,0.12184648704261199,0.005623840106803472,0.004484596044104203,0.07499226698002583,0.16495767617646903,8.463318595132195,3.311524604629961e-05,-2.621219522003667e-06,6.723582479294075e-05,0.000163174045285525,-0.0001906031259940832,0.0006280244405134723,0.00040126204719497145,0.0025680720008947207,0.0026804915953790613,0.005000299419814623,0.006408902727201058,0.005561697895146859,0.003891984032787371,hard-like,ok,0.030183066419441417,14429341,14429341,True,008938bcafecf7449931ef63e6e75ef8564964e4d489185fe99d66439b7247b9,https://nasa-heasarc.s3.amazonaws.com/nicer/data/obs/2023_04/6560010104/xti/event_cl/ni6560010104_0mpu7_cl.evt.gz,4.826435804515906e-05,6.22880336428271e-05,9.259028384714652e-05,0.00015318178224942228,0.0001880778833404988,0.00023535976592548347,0.00032691741159439743,0.00048418064271668214,0.0007061610525663243,0.0009386013946302143,0.0015055014720460939,0.0020473953716890494,0.0031304225279603633
6203770104,IGR J17498-2921,NS,"v9 source, third set",2,0,60058.0897,2823.0,226340,0,21,0,2822.8137025237083,53.49813988095238,7.0,92166.0,33480.0,18157.0,0.3632576004166395,0.5423237753882915,-0.00018906033975507678,0.0002552221987265424,-0.013749921445414762,-0.0005281105049458781,0.0007272422293164335,-0.02298065501559688,0.005485206419861522,0.0014717960735257955,0.0740621794160928,0.008632551630648858,0.0028547757940909657,0.09291152582241267,0.018802498654473507,0.01028290625361065,0.1371222033606283,0.10895211413807933,6.4553015655449,0.0001166977475755909,3.330806413483172e-05,-0.0001672826513262404,-1.2997597048957951e-05,-0.00016709811188012527,-3.462334527996171e-05,-0.0003444656093514694,0.002415078574902635,0.003046116251009855,0.0038662957914047903,-0.0015324688588960946,0.006078054438828635,-0.0014260515189164235,intermediate,ok,0.029971851832273924,5544585,5544585,True,acedfe4fa364d4e38e73d51158af0d13343e20d9befaf77095cc3a51b2f9852c,https://nasa-heasarc.s3.amazonaws.com/nicer/data/obs/2023_04/6203770104/xti/event_cl/ni6203770104_0mpu7_cl.evt.gz,9.106139266785213e-05,8.366833676853848e-05,0.00013509454777432033,0.00021375219853666627,0.00022078733642499999,0.00034290912296215957,0.0005407163123657106,0.0010081049402290037,0.0010786008698454095,0.0019350195570050216,0.00176242933133966,0.003432593769923704,0.00500588940333106
6560010106,IGR J17498-2921,NS,"v9 source, third set",3,0,60060.0252,4372.0,402754,0,32,0,4371.875158131123,63.7119140625,7.0,183969.0,58015.0,18980.0,0.3153520430072458,0.32715676980091357,-7.412980876991642e-05,0.00013696774096564053,-0.008609866942637176,-0.0003368145435946422,0.000512501262235831,-0.01835250782848606,0.002461501135222072,0.0006548069872330918,0.049613517666277925,0.0054184619483967885,0.0015735850630578018,0.07361020274660836,0.008130643088317329,0.006492273341291897,0.0901700786753418,0.11124127133648534,11.675571784985792,-5.969654833952921e-05,-8.109190832725364e-06,-4.2006477723626504e-05,-9.546425688784679e-05,-1.7569948665982613e-05,-0.00028983687369643564,-1.2367804304134039e-05,0.0005354500892189094,0.0019804612457493542,0.002088758087041636,0.0025570054615806637,0.003234042642187055,0.0025039540232302164,soft-like,ok,0.001442359441713609,9735878,9735878,True,3fcba4c0d9a3a0763290fcde08428de03026c9d68b8c4749449c7f9e49592402,https://nasa-heasarc.s3.amazonaws.com/nicer/data/obs/2023_04/6560010106/xti/event_cl/ni6560010106_0mpu7_cl.evt.gz,3.795357310596218e-05,6.779815583074546e-05,6.765380420314109e-05,0.00013877297909934926,0.00020036637007339435,0.00026642284786320406,0.000328276730311803,0.00048799137389137463,0.0006648247538225794,0.0010363797191421367,0.0014373078488764957,0.001610429428017974,0.003585994544143331
6560010108,IGR J17498-2921,NS,"v9 source, third set",4,0,60062.21991,5316.0,345576,0,37,0,5315.723375678062,43.632601351351354,7.0,127778.0,49851.0,29015.0,0.390137582369422,0.5820344626988425,0.0019378324752430817,0.001470139094482642,0.044020818657120424,0.0015917622117441977,0.0005348705646916933,0.03989689476317922,0.0024275126651143665,0.0011246261294991034,0.04926979465265069,0.006881487271692268,0.002376558393418844,0.08295473025507508,0.0004978452371769108,0.006424556527718063,0.022312445791013383,0.15600622006589085,2.6164032322635093,0.0032073422651248584,0.0013174257928247814,0.000508686551001345,0.000167230469591837,0.00024527061922117766,0.0006030515173291278,0.0006409796025668822,-3.295802835323051e-05,0.0025074208279197256,0.00295539753876485,0.001121556870974808,0.009483128384083071,0.0016134082881979264,intermediate,ok,0.03875402664205822,8431954,8431954,True,db9020df60cb91cefed586464035837d843642f8dc963db4c99b4bd2d28e1385,https://nasa-heasarc.s3.amazonaws.com/nicer/data/obs/2023_04/6560010108/xti/event_cl/ni6560010108_0mpu7_cl.evt.gz,0.0024339236531543437,0.0010217496289026543,0.0003165412041719227,0.0001690001403589681,0.00014698079960294116,0.00025855035128932177,0.00041054992665272733,0.0005577677610090332,0.0007757139092552477,0.0018886705721708884,0.0012213170441915013,0.0032044245910258246,0.003444532950901788
6560010111,IGR J17498-2921,NS,"v9 source, third set",5,0,60065.06003,4651.0,196472,0,27,0,4649.987551867962,28.750578703703702,7.0,69406.0,22684.0,7272.0,0.326830533383281,0.3205783812378769,-0.00024225957554839224,0.00028588746180113387,-0.015564690024166631,0.004675488427375487,0.0013835583077550695,0.06837754329730987,0.009226707053893167,0.0026574745838815537,0.0960557497180318,0.021720570040172003,0.003516369946387502,0.14737900135423637,0.005741954634133158,0.014619151692055741,0.07577568629932135,0.160438083370117,3.147616153851362,-3.775970332388556e-05,0.00010835338479721499,-0.0002410469462325371,-0.00014408445631195906,0.0010582987334056783,0.000945341919049954,0.002643229143894479,0.004419015896505755,0.004870828230611677,0.006057679935378264,0.0074561447843486,0.0002861902696639938,-0.0016818125963106235,hard-like,ok,0.001801386025115192,4831852,4831852,True,8489a3dbb90b8a6c22724b037d4f65b3ef7ec572def811dcae5aaf8c4fa59350,https://nasa-heasarc.s3.amazonaws.com/nicer/data/obs/2023_05/6560010111/xti/event_cl/ni6560010111_0mpu7_cl.evt.gz,0.000101013172145344,0.0001410929844800857,0.00024834517065175257,0.00026326374105158556,0.0005884180681416766,0.0005658708361420557,0.0009320245488730805,0.0014542306329443303,0.0017782113400490389,0.002968543278834065,0.0033607545555095625,0.0061610055396356935,0.007963240638743253
1200310108,IGR J17591-2342,NS,"v9 source, third set",2,0,58361.92613,1079.0,33751,0,8,0,1078.892747759819,22.6875,7.0,15838.0,5501.0,1893.0,0.3473292082333628,0.3441192510452645,-0.00023734075635396544,0.0006060837109594432,-0.015405867594977097,0.0020702462135666947,0.0022132744104717615,0.045499958390823776,-0.00020844395605199904,0.003880521104677051,-0.014437588304561086,0.016977927424063788,0.003088328270847242,0.1302993761461036,-0.0010616892095880984,0.030756254449270274,-0.03258357269527236,0.0,,7.96901546913862e-05,-7.839356456551783e-06,-0.0001269963816871438,0.0008554151660089198,0.0007793429707855544,-0.0003408830230596005,0.0006200189576512428,0.005208126361468604,-0.0053627231935502945,0.012885798816288057,-0.008516596902492611,-0.0012352730355136986,-0.014119578023701956,hard-like,ok,0.003062349434486138,852851,852851,True,8d213bd73b166968cb7131546d3b9f61a80c878a62a9b99a0a10978f00d2fb9a,https://nasa-heasarc.s3.amazonaws.com/nicer/data/obs/2018_08/1200310108/xti/event_cl/ni1200310108_0mpu7_cl.evt.gz,0.00015050095986719617,0.0005069558609948778,0.00030825568123629763,0.000579235145228223,0.0013837802017873677,0.001328802242439914,0.0015717037721548833,0.0036368652463947444,0.002241028670214926,0.004002886544974666,0.008369853118048711,0.012394811094987378,0.024055182322575034
1200310119,IGR J17591-2342,NS,"v9 source, third set",4,0,58372.99635,2918.06824785471,89037,0,18,0,2863.879852205515,23.11328125,7.0,35332.0,12918.0,5003.0,0.3656175704743575,0.3872890540331321,0.002100010124696915,0.0007997253179580681,0.045825867418925255,0.020053448770107316,0.002114453683805148,0.14161020009203898,0.011635419954814794,0.0023659894142537877,0.10786760382438647,0.03020759055266614,0.006031521810266625,0.17380330995889043,-0.0053485304939677614,0.021880330699135652,-0.07313364816531281,0.2804290234755055,5.635334129428013,0.00010299945998099883,0.00014657398497843139,0.0008695053802743333,0.002209641427064513,0.005643949259994939,0.00798920551442985,0.005444488366978344,0.006282398386870412,0.005203116529028201,-0.0019424205603312673,0.010011424273304701,0.004771282628005355,0.03190827255684682,hard-like,ok,0.012492490642184877,2232868,2232868,True,ca8ecdade22838074fdd59ea82a55459b201a7e889d8610e1a3d29fcde191df0,https://nasa-heasarc.s3.amazonaws.com/nicer/data/obs/2018_09/1200310119/xti/event_cl/ni1200310119_0mpu7_cl.evt.gz,0.00022234385236104354,0.00020613757875652687,0.0004532989945196675,0.0005168926603602307,0.0009370041180139312,0.0011713957784954998,0.0011357140140193273,0.001989118505747546,0.002351742569786303,0.0027936033504042885,0.005533967412496741,0.005305398502484701,0.01069729212511509
1200310126,IGR J17591-2342,NS,"v9 source, third set",5,0,58382.00507,1649.0,74349,0,12,0,1648.7920289337635,33.497395833333336,7.0,34435.0,12482.0,4535.0,0.36248003484826485,0.36332318538695724,0.0012826914852801599,0.0005371661598518869,0.03581468253775482,0.004991581266700025,0.002387661548979616,0.07065112360536119,0.006541065439857314,0.003810990246207139,0.080876853548202,0.01636954161344323,0.006518083128606955,0.12794350946196228,-0.003562738662601762,0.018606903047273145,-0.05968868119335325,0.1541730170426143,3.2207720297683062,8.0828119427414e-05,0.00017718454381778382,0.0005875258460305792,0.0007555951969131813,3.418384439095633e-05,0.0022414986997430063,0.0024247315880869622,0.004228917491652026,0.002365700981203002,0.0016749636970434286,0.003195428766191986,0.002492676829310676,0.003510083580211238,hard-like,ok,0.007665820949619428,1873319,1873319,True,c579240691fa3cb810b47094269d3b884a2f71f713a21fb7b1630bf2cf6e1eb2,https://nasa-heasarc.s3.amazonaws.com/nicer/data/obs/2018_09/1200310126/xti/event_cl/ni1200310126_0mpu7_cl.evt.gz,0.0001283187492919128,0.00027809031038757164,0.00031155555450867263,0.0006977490712158373,0.0007507012211629396,0.0009813364118962697,0.0014910109119095696,0.0021400300418047235,0.002607295447521982,0.002382580735441568,0.004928747780702749,0.007852813948589216,0.013115543218818424
1200310127,IGR J17591-2342,NS,"v9 source, third set",6,0,58384.32296,1475.0,63804,0,9,0,1474.787808060646,31.77951388888889,7.0,23548.0,8889.0,4173.0,0.37748428741294376,0.4694566317921026,0.007436170625260418,0.004233621570645118,0.08623323387917456,0.009029875062512438,0.0022073790764642544,0.09502565475971443,0.0077585400646432495,0.0036871506264076668,0.08808257526119027,0.02331462885962852,0.007636156099685944,0.15269128612867378,-0.007341194121509813,0.033568337606834954,-0.08568076867949898,0.2128358626517465,1.9187302321483013,0.0029915249261206894,0.004598832486644652,0.0018942243092448885,0.00157056757571793,0.0012395377649855519,0.0017443614057043814,0.005279874768536241,0.0055400439708158545,0.0023571434707666075,0.007719217596356868,-0.007295065803486047,0.006166093054605074,0.011492748904700402,hard-like,ok,0.02989659498983256,1615623,1615623,True,79aa95d33a2931d396706890a9b81cad2263876a30410ee5917ffc6d8a06d70f,https://nasa-heasarc.s3.amazonaws.com/nicer/data/obs/2018_09/1200310127/xti/event_cl/ni1200310127_0mpu7_cl.evt.gz,0.0020020966184094557,0.003513212224367093,0.0007341526246705221,0.0008995268750267718,0.0007246578356190067,0.0009315794838587386,0.001628689917041463,0.002579675676589144,0.003145611534320744,0.0035983483858559096,0.007171187275817178,0.005409542531072127,0.015700594521094176
1034140107,M15 X-2,NS,"v9 source, third set",0,0,58051.48083,1313.0,93858,0,10,0,1312.9370487481356,20.4859375,7.0,19174.0,4827.0,2221.0,0.25174715760926253,0.4601201574476901,0.023251102069887963,0.021498320475758663,0.15248312060647226,0.008090766739724808,0.005907285886552498,0.08994868948308701,-0.0008329148458475691,0.0052961566822586235,-0.028860264133364566,0.003981261953905211,0.006758151835179417,0.06309724204674251,-0.04915069084576149,0.031623057979999813,-0.2216995508469999,0.30898299316742206,0.637684799510542,0.020340559750756486,0.015837742956149193,0.006111832983473643,0.0011935713976664749,0.005271681858002294,0.0017663753881085199,0.001199362647021377,0.0041910051887848465,-0.005062618455441153,-0.001248819670854555,0.013591623629267791,0.033530313114426634,-0.0012521407206623452,soft-like,ok,0.03504827891206604,2268425,2268425,True,7bf2c6c3621ef3135fc29d5fe7000be9fc675578d753d99caa5ad410dab60543,https://nasa-heasarc.s3.amazonaws.com/nicer/data/obs/2017_10/1034140107/xti/event_cl/ni1034140107_0mpu7_cl.evt.gz,0.018780468722144717,0.014945645726839624,0.00563170259570241,0.0009753262479705048,0.0028966206853679294,0.0013867650530369035,0.0025086001193289935,0.00424284409582246,0.002043272278433546,0.003721116660163064,0.007870006375191866,0.015065086925446577,0.014781985402168995
1034140110,M15 X-2,NS,"v9 source, third set",1,0,58078.05069,3802.0,308283,0,25,0,3801.675613373518,26.9359375,7.0,65215.0,15656.0,5324.0,0.24006746914053514,0.34006131834440473,0.0011321242364660106,0.0004908731740260103,0.033647053904703315,0.004291915571083921,0.0014475530063379207,0.06551271304933051,0.0024161207796330178,0.0026901296187214073,0.04915405150781589,0.011411570348875685,0.0038645037217252226,0.10682495190205182,0.006672669622396872,0.015192684441569071,0.08168641026754005,0.1590282141368664,6.337971118007532,0.00045622411843226907,0.0007198905197178392,0.00015665671685434124,0.000432293536801919,0.0008700961808564937,0.001958012365208985,0.0014120526821994445,-0.00046861766909194564,0.002759776254635873,0.0028593568911674206,0.0025607341269025616,0.0003223095194620745,0.011251187648413766,hard-like,ok,0.007835890949694172,7450552,7450552,True,4e6f465cfbfb31ba8aeae2311f81dd1b91b6a52efd4a2466b65b562937cb0c35,https://nasa-heasarc.s3.amazonaws.com/nicer/data/obs/2017_11/1034140110/xti/event_cl/ni1034140110_0mpu7_cl.evt.gz,0.00024362992608607779,0.0003230088471697196,0.00025875318861562656,0.00039727080242037084,0.00062099237354698,0.0007584328804610544,0.0010961341887543224,0.001556544682566373,0.0019682156314692013,0.002199488181399763,0.003208775404670451,0.004295642590750504,0.009578526230393798
5034140106,M15 X-2,NS,"v9 source, third set",2,0,59832.08657,5588.0,2618849,0,36,0,5587.901948750019,79.36176215277777,7.0,293560.0,57683.0,14456.0,0.1964947540536858,0.2506110985905726,0.00023195609780315697,0.00014875816269294072,0.015230104983326838,0.0005796108689852965,0.00028844778097058155,0.024075108909105615,-0.0007731433081656353,0.0006333556911435175,-0.027805454647706,0.002110682588879856,0.0012330955149417399,0.0459421656964477,0.0017451925626883425,0.003197665805863937,0.041775501944181864,0.07551689531249955,7.481278938226008,0.00016094678781053567,0.00018526343995701802,6.522298471537884e-05,-4.345875603112421e-05,9.696471300828463e-05,0.00022718850319681044,0.00026228475046647846,-0.00017615593248423118,-0.0005788860442057968,0.0013444300208595768,0.002527176643750053,0.0031340793069898182,-0.0015022549403937843,soft-like,ok,0.0015099385336768596,58203395,58203395,True,d1ce0cd9131bb2add4ce0842660efb6ad938c20d49c40fc7b7435ac2d5af08ca,https://nasa-heasarc.s3.amazonaws.com/nicer/data/obs/2022_09/5034140106/xti/event_cl/ni5034140106_0mpu7_cl.evt.gz,7.789486524454489e-05,7.047168115386188e-05,7.854396079755805e-05,9.079316061193515e-05,0.0001130648532617476,0.0001574913756423831,0.0002053284647002861,0.00037950148239671353,0.0005440090336514593,0.000874135200117155,0.0008999593973979656,0.001564448102071205,0.0026301716425854486
5034140109,M15 X-2,NS,"v9 source, third set",3,0,59834.99954,6033.0,2638713,0,42,0,6032.923937022686,62.592261904761905,7.0,271439.0,51357.0,13700.0,0.18920273063192836,0.26676013006990285,0.00016031628093816412,0.0001463657041901698,0.01266160657018548,0.0003313468329986034,0.000469690355901765,0.018202934735877162,-0.00010002576963122764,0.0007602468219081623,-0.01000128839856284,0.0018912691396247802,0.0013116868343555185,0.043488724281413225,0.007366386696325199,0.005151484954810282,0.08582765694299943,0.0795515345996561,11.16409150768789,-6.684412981995268e-06,0.00012184948408967226,-7.02796700773591e-05,0.00011725391358727293,7.241885176396414e-05,-1.6886155989326e-05,0.00021645827876760483,0.0007412949361256811,-0.0007904722939619705,0.0008138680761328599,-0.00012340931932225844,0.00439144708973446,0.0008615878792916738,soft-like,ok,0.0008593268694325534,58684463,58684463,True,db0ae0488757d99384c21aa1e673e3b4df4fd3b42e12bc8759aac3b6b15e1103,https://nasa-heasarc.s3.amazonaws.com/nicer/data/obs/2022_09/5034140109/xti/event_cl/ni5034140109_0mpu7_cl.evt.gz,3.243367822701069e-05,5.6149797065425496e-05,8.438036971923152e-05,9.241560555192233e-05,0.00020379089765013939,0.00021444221573785623,0.0003741536891275307,0.00048188143177269554,0.0005778068860537493,0.0008788074614934819,0.001235581319478246,0.001744778436122212,0.0029614845140456723
5034140116,M15 X-2,NS,"v9 source, third set",4,0,59842.09676,7048.0,3354318,0,48,0,7047.860577642918,75.48795572916667,7.0,374147.0,70420.0,19231.0,0.18821479258152543,0.2730900312411247,0.00022986052935555982,0.00011424538175328278,0.01516115197983187,-0.0003378990473084938,0.0003439714746110181,-0.018382030554552283,-0.0004538663387417467,0.0007217191166206089,-0.02130413900493861,0.0007223301329131464,0.0013111733887644617,0.026876200120425252,0.00045202652356407416,0.004915529823488043,0.02126091539807433,0.05734316753156863,8.372544901235537,3.073136874008545e-05,4.551638047442182e-05,4.5609961042525566e-05,0.0001904003627606303,7.98835298601327e-05,-0.00030334261319806655,-0.00013339699774009254,-0.00012591164346537753,-0.0003606638364288543,0.001812503990471555,0.00045465494547758503,0.00022727851892993304,0.001324974895629069,soft-like,ok,0.0013653171874090336,74586901,74586901,True,24e24561ce7751ec654dc2feac7661ae27081c6801d75a58c60b88a11b506330,https://nasa-heasarc.s3.amazonaws.com/nicer/data/obs/2022_09/5034140116/xti/event_cl/ni5034140116_0mpu7_cl.evt.gz,2.7123514752539968e-05,5.6866409930736485e-05,6.877925960782809e-05,9.937737172693536e-05,0.0001539503020920543,0.000159571557100064,0.0002657707041984003,0.00040140259518735093,0.0005491351318521139,0.0006860869048521639,0.0009255327983850896,0.0016933658284235314,0.002376068858807311
5034140120,M15 X-2,NS,"v9 source, third set",5,0,59846.35272,1337.0,564054,0,9,0,1336.9913710951805,63.82899305555556,7.0,59342.0,11254.0,2935.0,0.18964645613562064,0.26079616136484807,0.00038088933274653104,0.0003488108036449339,0.019516386262485457,0.00037743267811991366,0.0009225265924662567,0.019427626672342498,-0.0022399698821396934,0.0019320554755494473,-0.04732832008575514,-0.000640144438997019,0.00431893194890218,-0.02530107584663188,0.011656508862990519,0.014256159106489644,0.10796531323990367,0.0,,-7.375558154324677e-05,-9.054445632081936e-06,0.0004685970750263798,-0.00010639204050090548,-0.00011282751757010099,-8.58382402361194e-05,0.0006801690805303055,0.00020308947620368143,-0.002519391259094408,-7.131635700093707e-05,0.0006041338562289825,-0.004350223863211241,0.0029567187948059646,soft-like,ok,0.0009015232230040627,12581012,12581012,True,aeb245063595dbfecba06586ab7ee4b53a4fc8d99cd39d7ba77eaab17a1e25eb,https://nasa-heasarc.s3.amazonaws.com/nicer/data/obs/2022_09/5034140120/xti/event_cl/ni5034140120_0mpu7_cl.evt.gz,6.737215100702358e-05,7.79031249199051e-05,0.0002666282379320095,0.00018778516843327361,0.0004060924669619603,0.0006964832383855035,0.0005187902937952101,0.0011503524548963546,0.00138605693999642,0.0010220161584412767,0.0034132024456456846,0.005208681896481293,0.008195463641312965
5034140126,M15 X-2,NS,"v9 source, third set",6,0,59852.08957,2699.0,1455879,0,18,0,2698.9517121315002,102.98828125,7.0,188895.0,38682.0,9708.0,0.2047804335742079,0.2509694431518536,0.00035059107630733516,0.0001045427195212941,0.018724077448764604,-0.0005481131473658078,0.00043872344531742564,-0.023411816404666424,-0.0011437807403379024,0.0007113980717802652,-0.03381982762135109,-0.0017474724816888012,0.0009593726322520094,-0.04180278078894754,-0.0005373604584200266,0.004865260528496853,-0.02318103661228347,0.003145579647310104,,0.0004048207543374033,9.810155773629156e-05,0.00023368235791087434,4.484708848447054e-05,-0.00025238929188914675,-0.00016570012661868154,-0.0002469265729594711,-0.0010702160845352067,1.729826047449454e-05,-0.00037473102841048,0.0007464219704377039,0.0002447861862551789,0.0003298996000941407,soft-like,ok,0.0011541471754051237,32576514,32576514,True,b64280da9ff3d0c708b28e9c07659949512cbaa9c5d2fe4a756d5fcd4aa1596a,https://nasa-heasarc.s3.amazonaws.com/nicer/data/obs/2022_09/5034140126/xti/event_cl/ni5034140126_0mpu7_cl.evt.gz,0.00012090336496046023,4.806613265894787e-05,7.900180730967847e-05,0.00010425423399397498,0.00011907147906614965,0.00023937745013107012,0.00032258723489359345,0.0004650773973313642,0.000562248577221639,0.0005833545611239364,0.00110277422115624,0.0014223608271746106,0.003235288886617928
5034140130,M15 X-2,NS,"v9 source, third set",7,0,59856.28773,1066.0,599012,0,7,0,1065.986072063446,101.11941964285714,7.0,72239.0,14585.0,3779.0,0.20189925109705284,0.2591018169352074,0.00018032811073376352,0.0002314710261626617,0.013428630262754407,0.00024011760440512578,0.0009623662338427283,0.015495728585811181,0.0009677925311071152,0.0015715519545781416,0.031109364042151606,0.0018679793579559202,0.002524572403148611,0.043220126769318024,-0.010892154851741068,0.010721203496035503,-0.10436548688019938,0.08389288889776965,5.494827623620119,0.00028248261477031514,0.00022584162314210357,0.00014107497111371569,-0.0001471140142282922,-0.00035704468342485793,-0.0001853953880113496,0.0007516344170640447,0.0004042698123766303,0.0005549715082140105,0.00047214939514792143,0.0021905001537872388,0.0016734080562435672,0.0010312383414184747,soft-like,ok,0.0011286368472177251,13406254,13406254,True,59d1ed6b2ab646ca755cc125b341dfc23eb1171d642cbd0efed700ff07221603,https://nasa-heasarc.s3.amazonaws.com/nicer/data/obs/2022_10/5034140130/xti/event_cl/ni5034140130_0mpu7_cl.evt.gz,0.00013850320518147725,0.00016237114316909384,9.74656939017605e-05,0.00014699262717949086,0.0003144685459331874,0.00039325929227887913,0.0005905074097183425,0.0005808616245473163,0.0012289437807085036,0.0015909132676344552,0.0023914947993128196,0.002209581352865852,0.005133388968047907
6200840105,MAXI J1807+132,NS,"v9 source, third set",1,1,60134.04712,5604.47291195393,1005930,0,37,0,5604.29276996851,24.291173986486488,7.0,91651.0,17698.0,5694.0,0.19310209381239704,0.3217312690699514,0.0007737126830018436,0.0004538114319017015,0.027815691309076674,0.009147287326033496,0.001228458136383071,0.09564145192349129,0.01611902274374243,0.0023645745324853713,0.12696071338702547,0.03810286971719097,0.004427495853646044,0.19519956382428463,0.01685709916538827,0.017109251760240408,0.12983489194121997,0.2635452183488676,5.954141874596229,0.0002914730342205832,0.0004739548818258691,0.000311943771512862,0.0003745355044637943,0.0008316706983083091,0.002745692054294559,0.005149744044629093,0.009948091313494126,0.006204390484249158,0.010077658166371028,0.006684555334348403,0.013102671236012085,0.01325970159082244,hard-like,ok,0.0018784401665841513,22586437,22586437,True,cd523936765b4fb73e213210b0fff1940d209e0ce83766b650b7b5b3af53b439,https://nasa-heasarc.s3.amazonaws.com/nicer/data/obs/2023_07/6200840105/xti/event_cl/ni6200840105_0mpu7_cl.evt.gz,0.00016862505363455024,0.00023485721630586893,0.00027067408071534786,0.00033226421417755663,0.000495494631298012,0.0006365932064481028,0.0010192370967025107,0.0015104213801055942,0.0017011466062952694,0.0022855705891889505,0.0037353864184789,0.005214446222839033,0.008753985812671932
6200840109,MAXI J1807+132,NS,"v9 source, third set",2,0,60138.03517,2525.5389804244,760466,0,14,0,2524.147962450981,40.736607142857146,7.0,57965.0,11401.0,3634.0,0.19668765634434573,0.31874396982720815,0.000659481945004066,0.0007254415834891102,0.02568038054632497,0.010474433768846214,0.0007922005422375497,0.10234468119470701,0.015551740631343049,0.00244725420639074,0.12470661823392955,0.03230118623328308,0.0038059132625947755,0.17972530771508805,-0.0028768382590318945,0.018949410023395213,-0.05363616558845249,0.22634919404961282,4.258556652953228,0.00021533493999536333,-2.078528288951762e-05,0.00038031427709997836,0.0005900635949063144,0.0011018502210129123,0.004376890042164502,0.004612586525705523,0.009192436613845764,0.00645230035334785,0.0022696216394598305,0.008439697598850826,0.00047405863470012733,0.013149588488709799,hard-like,ok,0.0006563801126622581,16678654,16678654,True,4bfbee526230e55003968c299766042c0f21256026a7448529cc4de63cbcb39e,https://nasa-heasarc.s3.amazonaws.com/nicer/data/obs/2023_07/6200840109/xti/event_cl/ni6200840109_0mpu7_cl.evt.gz,0.0001468526509615707,0.0002640320569181755,0.00029681998574218095,0.0003807807136346346,0.00047539574725075475,0.0008186243565790861,0.000984570259488281,0.0016417088305778773,0.002019036337551085,0.002475204303984297,0.0029214623340538216,0.0054150034607890266,0.00555429770917928
6200840111,MAXI J1807+132,NS,"v9 source, third set",3,0,60140.04421,2877.0,969334,0,15,0,2876.80998057127,38.616145833333334,7.0,58737.0,11507.0,3899.0,0.19590717946098712,0.3388372295124707,0.00026825554297042016,0.00038787297739143194,0.01637850856978193,0.004400492093231387,0.0009507674233430928,0.0663362049956989,0.009273419928318403,0.0018179074391257203,0.09629859774845324,0.02178111309143945,0.0031880849842775222,0.14758425760032623,0.012888100113378646,0.01626526999265678,0.11352576849939686,0.16564872615306805,3.1507301318529484,-0.0001141510319797383,-0.00013181446686156724,0.00039660671091755587,0.00020715537480075295,0.00030195700392649953,0.0017526276301600484,0.002198099330640083,0.0030772753451368253,0.006140260635800014,0.006446045866189369,0.006320610220831013,0.0008017309908508108,4.309686572246937e-05,hard-like,ok,0.005982249683030054,21122258,21122258,True,ce5d2182400353d821ac8c1efab0944d46482b14134ec2821156832436ad1e14,https://nasa-heasarc.s3.amazonaws.com/nicer/data/obs/2023_07/6200840111/xti/event_cl/ni6200840111_0mpu7_cl.evt.gz,6.355196874855033e-05,0.00015936374609945765,0.0002577724266550492,0.00043462623430405237,0.00036808662257053836,0.0007310900533489686,0.0008275355957306729,0.001703711742815958,0.0015758852835792182,0.0027608098215305887,0.003120806491927513,0.00574327763872131,0.011794524248568092
6200840113,MAXI J1807+132,NS,"v9 source, third set",4,0,60142.04931,2599.0,1036745,0,16,0,2598.9522012472153,37.9287109375,6.5,61901.0,11783.0,3994.0,0.19035233679585145,0.3389629126707969,-0.0002833517588493407,0.0004869522482489764,-0.016833055541087622,0.0023943084947160896,0.0011486692083148263,0.04893167169345525,0.006400570181484368,0.002382770604351273,0.08000356355490902,0.019190449944099287,0.004751937035274732,0.1385295995233484,-0.02378782475342447,0.014201799986884563,-0.15423302095668254,0.1832541313211799,8.32049551063529,5.208962307916847e-05,-3.7793978979101895e-06,-0.0002262652567367745,0.0001305735876319749,2.0046252870295508e-05,0.0012083255693401043,0.001197733700883455,0.0006095076276568547,0.005575384833603116,0.008576701931313355,0.005638522012184954,0.0026526727398982503,0.008150563422453416,hard-like,ok,0.004809214692843572,22483049,22483049,True,70ed58d41908fd9446413173fc34292d6e2983c1ac8294beaa8361b0c12aced2,https://nasa-heasarc.s3.amazonaws.com/nicer/data/obs/2023_07/6200840113/xti/event_cl/ni6200840113_0mpu7_cl.evt.gz,0.00013881307666485125,0.0001963099637736786,0.0002071177556777387,0.0003507652438664185,0.0004209990477377621,0.0005449153818820931,0.0008837716577467595,0.0013319053237221977,0.001738460036407917,0.002555879955298478,0.003972540665829338,0.005611795579332069,0.00850345350330619
6634010110,MAXI J1807+132,NS,"v9 source, third set",5,0,60144.04421,1988.0,676678,0,11,0,1987.8910473585129,30.788352272727273,7.0,35070.0,6314.0,1966.0,0.18003992015968065,0.3113715552739943,-0.0008342511763353703,0.0005342416918859663,-0.028883406591594597,0.0037666305941878894,0.0019010138482007828,0.06137288158615244,0.008003477849165795,0.0033258338207911085,0.08946215875534078,0.023060555066127152,0.004443368527084586,0.15185702178736138,-0.0029227482524223692,0.020622173387867152,-0.0540624477102394,0.2288908942727584,8.953304781167944,0.00033358419633766395,-0.00020873593273338986,-0.00040940461949166265,-0.00045778541809252246,0.0007590168490671271,0.0013258438247510333,0.0019280256030475566,0.003987684430211839,0.004011212530258333,0.00371578253750345,0.014319365653477512,0.01828974110076425,0.004796710725881881,hard-like,ok,0.0015348307560279241,14711113,14711113,True,8f97be1938809647c9ac26107c7e2862fdc9230e596ecea303640149ab33dc1e,https://nasa-heasarc.s3.amazonaws.com/nicer/data/obs/2023_07/6634010110/xti/event_cl/ni6634010110_0mpu7_cl.evt.gz,0.00035152552665542613,0.00021069775521245502,0.00034022769667537057,0.00034196952079331425,0.000774449773065263,0.0008736158183554677,0.0016706120221551084,0.0024721752031163814,0.0023229382288207597,0.003864124711354045,0.004092354653893306,0.008406540693289898,0.01047859668644553
6634010112,MAXI J1807+132,NS,"v9 source, third set",6,0,60146.17377,1712.0,484397,0,12,0,1711.9720735549927,25.249348958333332,7.0,30676.0,5969.0,2138.0,0.19458208371365238,0.35818395041045403,-5.689428013105537e-05,0.0008981864855546657,-0.007542829716429728,-0.0008026820051773871,0.0013082937161320557,-0.02833164317820954,0.008301834981029337,0.004435803559123936,0.09111440600162708,0.021454167623699512,0.009400994491444964,0.14647241250044157,0.02079721395755245,0.022888072925443197,0.14421239183077317,0.21535158805784269,13.687941859013513,0.000708196213258872,-0.0003926036175337878,0.0001903884434776557,0.00025237010911392663,0.00010792880244659885,-0.0006064854862454919,-0.00020997280551504863,0.00119258561784931,0.006908047632127731,0.006133898162078374,0.00329042227660278,0.009978019107371833,0.01882351202400202,hard-like,ok,0.006717044500419815,10588658,10588658,True,db936911f813077a77dbb276e628266ad0bf851a099aece57eba4d81dbead623,https://nasa-heasarc.s3.amazonaws.com/nicer/data/obs/2023_07/6634010112/xti/event_cl/ni6634010112_0mpu7_cl.evt.gz,0.0008103347778109377,0.00032314777878026936,0.0005183235021439909,0.000463778918014491,0.0005704630242294161,0.0010642767712189275,0.0011134272864467007,0.002424225989469897,0.0030599392002091373,0.006309604280313851,0.006095088787068676,0.01356486938582365,0.016150991886344966
2584010110,SAX J1808.4-3658,NS,"v9 source, third set",1,0,58712.01707,13796.0,2128486,0,99,0,13795.699003070593,34.21559343434343,7.0,353948.0,61487.0,18145.0,0.17371760823623808,0.2951030299087612,0.007819858503896618,0.00043473146604012153,0.08842996383521039,0.04226835689584991,0.0009350829796465532,0.2055926966014355,0.02115396588527643,0.0010980060961975238,0.14544403007781526,0.0757343449642088,0.0020313625451892914,0.2751987372140519,0.002365499575348332,0.006629827094264726,0.04863640175165441,0.33947664650249604,1.783832697283313,0.0005725061939198737,0.0011190805913992286,0.0028466036439747603,0.005786035636966855,0.011194790570630888,0.015218860725685885,0.013828685448198262,0.009548260410175537,0.011699864257991527,0.009261708226309782,0.012393716235164751,0.011721267947118981,0.01005301363304432,hard-like,ok,0.0009190064542693474,49944428,49944428,True,a487f233d996caa159813fb03ec604c1827bfff3de954c88c89848623da5aa70,https://nasa-heasarc.s3.amazonaws.com/nicer/data/obs/2019_08/2584010110/xti/event_cl/ni2584010110_0mpu7_cl.evt.gz,9.873645569233239e-05,0.00013435670121874325,0.00022625784119378688,0.00033036477998758855,0.0004560615809343881,0.00046818878677353063,0.0005845352463135589,0.0005871430796787654,0.0008401918751036343,0.001134556670757153,0.0018582003803949711,0.002671551847868428,0.0040538289805562245
2584010401,SAX J1808.4-3658,NS,"v9 source, third set",2,0,58715.00413,16916.0,2035949,0,105,0,16913.906133294106,25.670684523809523,7.0,283891.0,46847.0,14276.0,0.1650175595563086,0.30473669605310905,0.007726098183383856,0.00044950589978319424,0.08789822628121603,0.043575901106852756,0.0011511262955799277,0.20874841581878592,0.02176299419630299,0.0015723249006916,0.14752285991094055,0.07870977496295137,0.0026254875324524278,0.28055262423109034,0.0210828777470096,0.0075763111177467425,0.1451994412765063,0.3328578699015236,1.5104100183317366,0.0006577987669859603,0.0012688621383345454,0.0020856264378538263,0.006481657908020374,0.011153244793138959,0.015137330971922333,0.014954670222521949,0.01116607609699425,0.01081752491775336,0.01000663209960677,0.010693842815965464,0.00698735176074273,0.009383742625539062,hard-like,ok,0.004057478639382931,48019164,48019164,True,63531d1c9d1bd6158b0dc02e5f5c52ba495ffff3a89a19944ca2df6be8d6be9e,https://nasa-heasarc.s3.amazonaws.com/nicer/data/obs/2019_08/2584010401/xti/event_cl/ni2584010401_0mpu7_cl.evt.gz,0.0001303437140327378,0.00018014892294043885,0.0002507053269219441,0.0003516147354380119,0.0005694242496682575,0.0005961238100202449,0.0007441127633606146,0.0007955614132984707,0.0011689868134680574,0.0014652346515423211,0.0024416401467364287,0.003070268560334225,0.0048657674011620446
5574010102,SAX J1808.4-3658,NS,"v9 source, third set",5,0,59815.11505,5966.0,1892376,0,43,0,5965.965297698975,62.12863372093023,7.0,275279.0,51601.0,15076.0,0.1874498236334773,0.2921648805255712,0.0008740220128636542,0.00016877970078416773,0.029563863293954905,0.00922114832064041,0.0006624861521706375,0.09602681042625758,0.015626385275820175,0.0008829592489843935,0.12500554098047084,0.031585191931990164,0.0015274984509363026,0.17772223252027353,0.0026445762126640813,0.006154439732128752,0.05142544324227144,0.21019907021240217,3.10286890253816,-3.072626837427926e-05,0.0002593573103400535,0.0003021872490790209,0.0006090716222154564,0.0013426630229895617,0.002775370999023541,0.004655777965679651,0.00783432988386868,0.007942797556128277,0.005605882062919328,0.005795732121856404,0.0021383731312302813,0.0049528324612024026,hard-like,ok,0.0010470356477858434,42774026,42774026,True,ba0ad8d5a4869bdacc7e134344b2964ad18e42b4510592534fddd19a0361f6c6,https://nasa-heasarc.s3.amazonaws.com/nicer/data/obs/2022_08/5574010102/xti/event_cl/ni5574010102_0mpu7_cl.evt.gz,3.5102746502107644e-05,6.793325023584291e-05,9.960463309764402e-05,0.00015043523474660337,0.00023858395638921606,0.000284351471667448,0.0004299278089073477,0.0005542638674900691,0.0006849701616711576,0.000968479255862918,0.0013201622410371674,0.002107947748364812,0.0029707235045222254
5574010104,SAX J1808.4-3658,NS,"v9 source, third set",6,0,59817.06366,8746.28053790331,1499268,0,58,0,8745.790587306023,34.515759698275865,7.0,208999.0,36414.0,10832.0,0.17423049871052015,0.29746800681056734,0.0017157708146749242,0.0003022168074863044,0.04142186396910361,0.013955200236768934,0.0009846317491914048,0.11813213041661838,0.015005266402707818,0.0014292596730069449,0.12249598525138618,0.03532948244908886,0.0026255310507676917,0.1879613855266258,-0.005965856976153118,0.009177893946410498,-0.07723896022185382,0.22643629145554647,2.526815110907864,-5.9346081272279555e-06,0.000263719629318717,0.0006044747704612999,0.001184194924317199,0.002017109544753372,0.004045814386637478,0.0074130317544834085,0.007184387363240738,0.007963505080939464,0.004469717342316564,0.007975269736372977,0.007784596416590228,0.00037350774683697337,hard-like,ok,0.0035099420843046486,34691033,34691033,True,1deb8241cde642c8122d884556642b4438bd65fa8bbd766174270e4c0d3be386,https://nasa-heasarc.s3.amazonaws.com/nicer/data/obs/2022_08/5574010104/xti/event_cl/ni5574010104_0mpu7_cl.evt.gz,7.552404283010169e-05,0.00010600086431258826,0.00017301852730738633,0.00024117258238212226,0.00030111883891337525,0.0004171178854575516,0.0006707935175924252,0.00079858502442927,0.0010958741863712534,0.0014900178501645177,0.0021615353743268295,0.003576214370004885,0.00486723275136657
1050320102,Ser X-1,NS,"v9 source, third set",0,0,57960.01374,2454.0,3945725,0,16,0,2453.9937205016613,676.50634765625,7.0,1044192.0,267145.0,74148.0,0.2558389644816279,0.27755713189466397,0.00019441293923309438,3.709857899528412e-05,0.013943204051906233,4.2320267408859834e-05,6.257326430859175e-05,0.0065054029397770465,-3.9826033475499094e-05,0.00011936801233276865,-0.006310787072584457,0.000274013005111782,0.00023303269140945181,0.01655333818635329,-7.181312292273872e-05,0.0008922918001138062,-0.008474262382221754,0.0,,0.00015019301460806556,0.00011418759924215405,5.402245558481096e-05,3.798981953310657e-05,2.162849059839305e-05,1.4664452605156903e-06,1.2054417455301502e-07,5.878024065181927e-05,-9.128842187889746e-05,7.492606676964253e-05,0.0003291409923178681,-0.00017280144113050928,-0.001232535215071088,soft-like,ok,0.00023327193117814984,89780176,89780176,True,aec7e54d30bf153fc478850f25e9912f005c5e8023e3a3679ba54359087bf1e2,https://nasa-heasarc.s3.amazonaws.com/nicer/data/obs/2017_07/1050320102/xti/event_cl/ni1050320102_0mpu7_cl.evt.gz,4.207812177185345e-05,2.6954165000157234e-05,1.9787896944316795e-05,2.406468171412076e-05,2.789836433830776e-05,3.401207800364048e-05,5.123396555126414e-05,5.597652073292853e-05,8.399722352806294e-05,0.00017216327025154776,0.00021164340960525953,0.0002895650872184116,0.00042096329335759104
1050320106,Ser X-1,NS,"v9 source, third set",1,0,57975.12431,1788.46193349361,2390124,0,11,0,1780.1799562573433,531.6526988636364,7.0,586607.0,129164.0,32796.0,0.22018830324220476,0.25390975813694217,5.768271259651147e-05,3.110104773668422e-05,0.007594913600332229,-4.407123921765535e-05,0.00010798357721786935,-0.006638617266995842,8.235615312711656e-05,0.00015916237489556294,0.00907502909786611,0.0005439133324453212,0.00026535037888812874,0.023321949585000848,-0.0013800242431681279,0.0020433054877271326,-0.037148677542654565,0.049462193121113884,,6.077573908646799e-05,2.9985305972141122e-05,9.191762847543635e-06,8.838127208879648e-06,1.0529220217326462e-05,-4.08990215292051e-05,-4.083951834158342e-05,0.0001006009089926375,1.8560841138232767e-05,0.00033216952973949825,0.0004942677748906071,0.0010380748143030798,0.0004252530638247396,soft-like,ok,0.0002306159268722259,54668950,54668950,True,c3622a38e58198a551802634455e391be91d699bd3c4e690b98b9c2025c992f1,https://nasa-heasarc.s3.amazonaws.com/nicer/data/obs/2017_08/1050320106/xti/event_cl/ni1050320106_0mpu7_cl.evt.gz,1.8790017274453763e-05,2.2682989893650845e-05,1.193881293448763e-05,2.203746922142298e-05,3.141338392811734e-05,5.9569815168406434e-05,5.778855806906506e-05,0.0001467328152506876,0.00013788935471646847,0.00018474657698060252,0.00034483909238589163,0.0004757088951274054,0.0005591587830018261
1050320109,Ser X-1,NS,"v9 source, third set",2,0,57978.02127,3310.0,5117620,0,23,0,3309.992217823863,639.8994565217391,7.0,1434228.0,354765.0,94871.0,0.24735606890954576,0.2674192775499274,0.00016904482313306483,2.1979963063309633e-05,0.013001723852361457,9.261412499090096e-05,8.286231466827964e-05,0.009623623277690216,-3.855561067002327e-05,8.899448933355218e-05,-0.006209316441446938,0.00016027236352674046,0.0002425006906916913,0.012659872176556147,0.00035668557658629735,0.0007886343498856556,0.018886121268971493,0.031207727281312773,,0.00013543656705829966,8.518090852215186e-05,2.9483803016730963e-05,5.392784057207973e-05,-5.050474871947658e-07,1.154973925377911e-05,8.428929680289118e-05,7.096623212796416e-05,-0.00011178943535445969,2.977685724696926e-05,5.152426494277312e-05,1.3169636202447519e-05,0.0005209115791603614,soft-like,ok,0.0003074198689569683,116568637,116568637,True,42bc55ba1d7c2ae401e7397f775ad5818b814ac9a2ca61c58b9b4a19d21fbc9d,https://nasa-heasarc.s3.amazonaws.com/nicer/data/obs/2017_08/1050320109/xti/event_cl/ni1050320109_0mpu7_cl.evt.gz,3.6444298519040845e-05,2.0336944662674395e-05,1.2400716679602999e-05,1.7728486624445286e-05,2.384520649672128e-05,3.2183258470162265e-05,5.602062956190559e-05,5.2477854291993204e-05,8.543034456350693e-05,0.00012274806033991752,0.0001934814097410671,0.00026514366433360296,0.0004428537358012561
1050320112,Ser X-1,NS,"v9 source, third set",3,0,58082.73411,4204.44930551946,12783510,0,35,0,5564.778050586581,474.76875,7.0,1610306.0,405865.0,110793.0,0.25204215844690386,0.2729799317507053,0.0012678551201991508,0.0004148026843242682,0.035606953256339564,0.00022068150952123857,7.963711498183691e-05,0.014855352891171538,0.0008008231954224473,0.0001840581798804521,0.02829881968249643,0.0049155775024125265,0.0008035059961363123,0.07011117958223587,0.018129883192766157,0.0025042063131880212,0.1346472546796486,0.515644789852855,23.24610452532038,0.0028415480989005615,0.0008630848246373449,0.00028346091386792857,0.00014767899356239663,5.818855402764337e-05,3.748729052287651e-05,4.4842165406815586e-05,0.0002327582377164245,0.0006218588454014068,0.0019812716036986013,0.016011983451996743,0.16516969569869402,0.07759569062396218,soft-like,ok,0.00019655033646657694,235435258,235435258,True,07172bc8fbd2a2e58f15f278e039a61072c6805068526d056eebe82d0ba6007b,https://nasa-heasarc.s3.amazonaws.com/nicer/data/obs/2017_11/1050320112/xti/event_cl/ni1050320112_0mpu7_cl.evt.gz,0.0010991919863703125,0.00030643004600604875,8.072013582633367e-05,3.9657881246896084e-05,3.754031195593451e-05,4.1352876123421905e-05,4.928666110595964e-05,8.809526845286964e-05,0.00013286307623864332,0.00041491091550030946,0.003587324017582687,0.022876112056020286,0.010562583621911054
1050320115,Ser X-1,NS,"v9 source, third set",4,0,58166.99051,17674.6602850407,31013743,0,124,0,17630.45077240467,587.1614793346774,7.0,7069929.0,1762725.0,486773.0,0.24932711488333192,0.27614800947396784,0.00020258774003927157,1.4459253777571376e-05,0.014233332007624623,5.524987661923887e-05,2.9296949591158942e-05,0.007433026074166488,5.75654215118964e-05,5.392979004809068e-05,0.007587187984483869,0.0002503597169376276,8.976342154247141e-05,0.015822759460272017,0.0002846212992150226,0.0003570586336823481,0.016870723138473424,0.034467522461472666,,0.00017242524890014017,0.00010792557460999463,6.791799339317721e-05,4.0340136280123576e-05,4.2634051233474005e-05,6.750120715023548e-06,-8.351922558990212e-06,-3.749538053520539e-06,6.193662255112461e-05,6.571221991236265e-05,0.00014113320112748228,0.00038025706174461767,0.00011307933477711297,soft-like,ok,0.0009623434032030619,661947362,661947362,True,680d982083d9f4570e105d75fd7da56a6d28a93d999991d0a79a7d4a239dfee8,https://nasa-heasarc.s3.amazonaws.com/nicer/data/obs/2018_02/1050320115/xti/event_cl/ni1050320115_0mpu7_cl.evt.gz,1.985632523295674e-05,1.0141544518814014e-05,8.948617030549127e-06,9.685322525656259e-06,1.2021830983610018e-05,1.519288628639513e-05,2.0201302774153827e-05,2.829473102987452e-05,4.244587260223209e-05,6.145838579576252e-05,8.628970018912124e-05,0.0001270728079521892,0.00016711171543410866
1050320119,Ser X-1,NS,"v9 source, third set",5,0,58224.06366,3020.0,4845023,0,18,0,3014.0510244369507,685.31640625,7.0,1183010.0,306601.0,89358.0,0.2591702521534053,0.2914471903222755,0.00024136949667471347,0.00015779808818801148,0.015536070824848652,6.742901024154559e-05,6.839496715953087e-05,0.008211516926947517,8.651379380174123e-05,0.000137076002815046,0.009301279148683865,0.0004282288916365471,0.00021251353711707069,0.02069369207358965,-0.0007481832675328274,0.0006884596545838376,-0.027352938919480433,0.040697946461808736,,0.0005022118520462165,0.00014532634363967028,9.266795555239865e-05,1.5369918000724548e-05,1.9660002956114843e-05,2.7748816916207887e-05,1.2672598613275646e-05,-4.726785179434605e-05,0.0001291345168339545,0.0001342845381148937,0.00029540727001527747,0.0004512098116761022,-0.00012210292636223973,soft-like,ok,0.0025657250889137974,109437873,109437873,True,82104c1ea5bb435efefadc88b054935c8f34813db735603d9caf932a2267dfa4,https://nasa-heasarc.s3.amazonaws.com/nicer/data/obs/2018_04/1050320119/xti/event_cl/ni1050320119_0mpu7_cl.evt.gz,0.0004122636701217208,9.900669548976807e-05,4.7707420437317024e-05,2.3484836122304203e-05,3.0337985779751926e-05,3.130185566382812e-05,4.3741749053312514e-05,7.390626936850162e-05,0.00011545275228870753,0.00015012888536033466,0.0002259520569335213,0.00026003868020660245,0.0004025475823837372
1050320121,Ser X-1,NS,"v9 source, third set",6,0,58228.07659,1993.0,3034025,0,11,0,1992.9884050190449,636.1534090909091,7.0,676601.0,171049.0,48054.0,0.2528063068189376,0.280937041432572,0.0001230105715608363,7.040621541277355e-05,0.011091013098938991,-8.977409613637501e-05,7.090923239355485e-05,-0.00947491932083725,-0.00013880354491705186,0.00016727995990232928,-0.011781491625301605,9.00436915152113e-05,0.00025295801492832736,0.009489135446141092,0.00010040248696560126,0.0014948735864257173,0.010020104139458894,0.029169978864658278,,8.427816643705516e-05,7.107027808422948e-05,2.664721860528601e-05,3.339144867301208e-05,3.9095143184268056e-05,-4.4051845432167676e-05,-9.913789871652871e-05,-6.338043215099216e-05,-6.920098173969765e-05,8.855632029909696e-05,0.0006539751125557688,0.0002980712965516861,-0.00016842615938640582,soft-like,ok,0.00035922716420550005,69125084,69125084,True,2184ec54ef37e25b986495bc4f55fef82134f8e9ec575583670958d06908b61b,https://nasa-heasarc.s3.amazonaws.com/nicer/data/obs/2018_04/1050320121/xti/event_cl/ni1050320121_0mpu7_cl.evt.gz,2.0932300208349518e-05,4.058810196357336e-05,2.5556658798645496e-05,2.8072834250241115e-05,2.9636479638458195e-05,4.703544188691781e-05,7.192359045413026e-05,7.183561890625999e-05,0.00014007496794816025,0.00019928088521219652,0.0003043040342191409,0.00026018555070666236,0.0006563426140190065
7700020101,Ser X-1,NS,"v9 source, third set",7,0,60414.77436,3274.0,4744915,0,24,0,3273.995594263077,600.2483723958334,7.0,1384649.0,358003.0,101311.0,0.2585514451676923,0.2829892486934467,0.00024251854702512862,3.489744899552947e-05,0.015573007000098877,-2.3619993474740115e-05,4.844839248368171e-05,-0.004860040480771751,0.0001524479244612385,6.842923022530836e-05,0.012346980378264092,7.689430879210401e-05,0.0001934249217843243,0.00876894000390606,-0.0011249971062271787,0.000556190101413087,-0.03354097652465084,0.029485501649774367,,0.0002161784901790035,0.00013866203584421676,7.342263288459562e-05,2.3046582088024434e-05,1.0063147314161653e-05,2.0210165909754296e-05,-4.868282209560256e-05,6.331394588336127e-05,9.131079018311555e-05,-7.266232734216099e-05,-0.0002324561880258347,-0.00012553700575195002,0.0007125253604681621,soft-like,ok,0.0005097842489373565,106327877,106327877,True,fa2cb82b44536a4691bd34b21543237b5b07977627eb2f1be43446210bfdb1ff,https://nasa-heasarc.s3.amazonaws.com/nicer/data/obs/2024_04/7700020101/xti/event_cl/ni7700020101_0mpu7_cl.evt.gz,5.673446409575585e-05,2.5560639296785377e-05,1.4155370066740797e-05,1.944040598289819e-05,2.1429024094837647e-05,3.185339727089144e-05,3.9395630169125125e-05,5.558412811758206e-05,4.669494977361125e-05,0.00012000996990749825,0.00022348553235160173,0.00023533457376193504,0.00046692769726474395
3200400106,Swift J1858.6-0814,NS,"v9 source, third set",3,1,58914.33619,1919.0,474231,0,4,0,1918.3206226825714,83.978515625,7.0,31996.0,8359.0,2642.0,0.26125140642580325,0.3160665151333892,-0.00040365283130770177,0.0004475300799284688,-0.020091113242120304,0.00010572902505023661,0.00165394308720118,0.01028246201307044,0.0006312942265098493,0.0006193510167662859,0.025125569177828575,0.00107928541178647,0.004011811326373467,0.03285247953787461,0.004937733876864389,0.013141064611873931,0.0702690107861523,0.0,,0.00019139247035391925,-0.00030922259041273037,-0.00027441755189531504,0.0004160220720346721,0.0005780573783983142,-0.00012664236917793778,-0.0005782439339841759,0.0019062044858458992,-0.0012783870705563411,0.0006417717917119984,0.0003633043463231244,-0.007440513629497457,-0.006531149369241465,soft-like,ok,0.0028421000715148823,11151035,11151035,True,d2a95cf4c1aa0d6bd035983a1e81fd98a4a91b63747f535449fb7e5e1c2ca027,https://nasa-heasarc.s3.amazonaws.com/nicer/data/obs/2020_03/3200400106/xti/event_cl/ni3200400106_0mpu7_cl.evt.gz,0.0001829447524048922,6.998101979226069e-05,0.000320681978243124,0.0005565070651194576,0.00034825723888752373,0.0008414563006271645,0.0009759417698910234,0.0008800910469768615,0.0010728007289796586,0.0036570585604894183,0.004877672733858361,0.00272257277063383,0.007739404249296009
3592010602,Swift J1858.6-0814,NS,"v9 source, third set",4,0,58924.08257,2683.0,399318,0,14,0,2682.3588907420635,44.913504464285715,6.857142857142857,60732.0,14949.0,5063.0,0.24614700652045052,0.3386848618636698,-0.0005659345796673726,0.0003202825782384618,-0.02378937955616692,-0.0006336288013744959,0.0014550150726615784,-0.025171984454438547,-0.001803645054389256,0.002381506266551019,-0.04246934252362822,0.001079004029528329,0.0028493546415233827,0.03284819674698033,-0.0024233127084475723,0.009529042666397619,-0.04922715417782722,0.0,,-1.3247471285608424e-05,-0.00024517452148073915,-0.00011123734552321714,-0.0002851039452240221,-5.815082964081365e-05,-0.0006316908345100604,0.00022222847291600964,-0.001377599696455612,-0.000516479735512671,0.0007798079998053773,0.0059572630547954555,0.0033927994338903912,-0.011769818566465227,soft-like,ok,0.0012485112324941475,9496203,9496203,True,11f68adec10d106f711eec33d0fef91b81af12b736197d2b739374c0a7c769b1,https://nasa-heasarc.s3.amazonaws.com/nicer/data/obs/2020_03/3592010602/xti/event_cl/ni3592010602_0mpu7_cl.evt.gz,0.00012933816904126997,0.0001150372053008836,0.00023141607183042753,0.0003018299286531735,0.00042627751474553106,0.0004789637980288496,0.0009608607528819178,0.0014931349374323227,0.001606089039687169,0.0023280901214249683,0.0035032967689828678,0.00527404329381953,0.009248712296173538
2050350104,XB 2129+47,NS,"v9 source, third set",6,2,58617.0449,5147.61417752504,3839635,2,6,4,4942.404206931591,786.8072916666666,6.333333333333333,124397.0,137062.0,345191.0,1.1018111369245238,2.5185025754767913,0.052453022151884784,0.04552238722535133,0.22902624773567937,0.036509633621036444,0.013876033696899739,0.1910749424206022,0.02573852567499467,0.00265282693107375,0.16043230870056902,0.0694156441175111,0.00991525910063717,0.26346848790227473,0.0020637649735563445,0.000893439076070187,0.04542868007719732,0.5154024330565375,0.07612913605491398,0.12358322210466875,0.02866181023141364,0.01477737372609429,0.014064843195768542,0.011968786084491395,0.010805032868247817,0.008635217201940784,0.01225124715447085,0.013536870985488586,0.005834757440893024,0.00474685899794826,0.009743348659664454,0.007030299349508289,hard-like,ok,0.4554432496086032,90717580,90717580,True,f575300b6b49b803884f8927c56bf4066801c423316d6cdf608a9082cf4150fa,https://nasa-heasarc.s3.amazonaws.com/nicer/data/obs/2019_05/2050350104/xti/event_cl/ni2050350104_0mpu7_cl.evt.gz,0.08007058178733499,0.02907293633851129,0.013209152830281982,0.006862337700206737,0.0065390305587788985,0.0032137549669479224,0.0009456885756072048,0.000502284685125753,0.002839483014634028,0.0009999024677676677,0.0010838842511613636,0.0024102427395640844,0.001880888803211329
5203390108,XTE J1701-462,NS,"v9 source, third set",0,0,59837.05231,2844.0,3345393,0,16,0,2843.9413239359856,865.806640625,7.0,1211556.0,440971.0,120645.0,0.3639707945815134,0.2735894197124074,0.0001310954370366721,3.2216641576700225e-05,0.011449691569499681,0.00012990616700558894,4.848139237310342e-05,0.01139763865919555,4.786044588133333e-06,0.000127665697577161,0.002187703039293344,0.0002726089390484111,0.00023762514290806867,0.01651087335813618,-0.00044170809404460345,0.0005335607622848219,-0.02101685261985256,0.0,,0.00013551950235260915,5.124494543658342e-05,4.847793698607617e-05,3.466806111189914e-05,4.5433307039063015e-05,3.9194564956398013e-05,3.214338596171284e-05,5.169771689786002e-06,9.45567544887577e-06,0.00013865695941022674,3.1074088868719825e-05,-0.00031099928110186304,-0.00031504036782441035,soft-like,ok,0.00022138014127047917,77507993,77507993,True,e87a253ca431a7ed77325cae61f485d3ab1005f7f8460b8f78a4f0f2363fa599,https://nasa-heasarc.s3.amazonaws.com/nicer/data/obs/2022_09/5203390108/xti/event_cl/ni5203390108_0mpu7_cl.evt.gz,3.3669856424093046e-05,1.2918479868092213e-05,1.322777135142664e-05,2.0956092037107553e-05,2.2073628076898955e-05,3.218755854050412e-05,2.720859726192369e-05,8.253299932095394e-05,7.45187494918457e-05,0.00014406937798190227,0.00012921601743826438,0.00025312641545302057,0.0004139125983464214
5203390115,XTE J1701-462,NS,"v9 source, third set",1,0,59844.01273,2936.53910911083,3322003,0,18,0,2935.234209537506,783.9296875,7.0,1268508.0,414474.0,123192.0,0.3267413370668533,0.2972249164000637,0.00011949633665181749,3.377950028566413e-05,0.010931437995607782,0.00043354510650201974,7.190312127618565e-05,0.02082174600032427,0.0008289834597845484,0.00013220226739639628,0.02879207286362947,0.0022849515125967224,0.00019887686009458592,0.04780116643552459,0.0003192032329481887,0.0005416793827987765,0.017866259623888506,0.07267816381236042,7.0428197391287855,3.333213589675565e-05,5.1902822080146604e-05,3.966177901775865e-05,5.3103319289874314e-05,3.3405131947008396e-05,9.596505110743234e-05,0.000262634159454197,0.0003721096790750335,0.00047324296096693484,0.0007594461406427646,0.0010655766134658145,0.001653111398069781,0.00038862430412279445,soft-like,ok,0.00030713991058244777,77081902,77081902,True,2bd13fe8abc93402d13d975ae5b6aeb9d561b6ea660f700b1a9763af0276b572,https://nasa-heasarc.s3.amazonaws.com/nicer/data/obs/2022_09/5203390115/xti/event_cl/ni5203390115_0mpu7_cl.evt.gz,1.098460837865467e-05,1.956781973943529e-05,1.5191340645107788e-05,1.755652819726263e-05,1.9681206823161286e-05,3.67180821641911e-05,5.569669515137615e-05,6.602002593506433e-05,7.93424445979479e-05,0.00010098832416796044,0.00015681617191794036,0.00023899162606448308,0.0003304343156693275
5203390117,XTE J1701-462,NS,"v9 source, third set",2,1,59846.00443,3218.0,4759699,0,15,0,3217.96242415905,1027.3286458333334,7.0,1377046.0,467449.0,127976.0,0.33945779589062386,0.273775320944103,5.142026982550978e-05,1.727536839686887e-05,0.007170792831027109,0.00038586614930056194,6.137963921061304e-05,0.01964347599842151,0.0008443010479900332,7.18760653568274e-05,0.029056858880306267,0.0019095640381587074,0.00018939371301735688,0.043698558765235124,-0.00039477887892454006,0.00046924353647297774,-0.019869043231231343,0.06262865939127346,7.554624470747995,3.0270666719344355e-05,1.1633082801746945e-05,1.4556519979551842e-05,3.418444075880004e-05,9.979460516213106e-05,0.00013355543556658434,0.00014674254934152585,0.0003362127750192398,0.0005049080584865251,0.0005413154085710713,0.00039859185897831367,0.0004500518768646345,0.0012205316988986767,soft-like,ok,0.00018431561092365596,110218283,110218283,True,cee800f67573f10c11464e057c3b10da007c806fa73dafd8e9ad0d2cf7d55061,https://nasa-heasarc.s3.amazonaws.com/nicer/data/obs/2022_09/5203390117/xti/event_cl/ni5203390117_0mpu7_cl.evt.gz,1.1001430368075043e-05,9.694288670431079e-06,1.0881823311575631e-05,1.4359862379851224e-05,2.1653374667532717e-05,2.8841756088298738e-05,3.8631642434921263e-05,4.936744046112416e-05,4.652455578975356e-05,0.00011314027669449462,0.00013255968877624457,0.000270742507591033,0.0002425184555520324
5203390128,XTE J1701-462,NS,"v9 source, third set",3,0,59863.39001,1880.0,2125387,0,12,0,1879.902569949627,796.677734375,7.0,865800.0,279053.0,78844.0,0.3223065373065373,0.2825413093570039,8.50292092729565e-05,3.323547891256244e-05,0.009221128416465985,0.0003651899509493008,7.413379115479682e-05,0.01910994377148454,0.0011687439977274001,0.00014934381191686845,0.03418689804190196,0.0026883822468480607,0.00027387400510388966,0.051849611829290106,-0.0012380446244937596,0.0005141597570038761,-0.03518585830264426,0.07996341197221238,9.213315606241402,3.929951562027043e-06,6.693737724033872e-06,2.4689283818539258e-05,5.839432285496831e-05,0.00010160412730718462,8.248824442049742e-05,0.0001829068246608792,0.0004620571775614306,0.000700129439602124,0.0008251499021967468,0.001011010135504248,0.001693552102847515,0.0012415420041775645,soft-like,ok,0.00016607947304590423,48617703,48617703,True,3f4f78174322dcb8f62b1025f300a4c304beba856d40048c3b595888ae0599ab,https://nasa-heasarc.s3.amazonaws.com/nicer/data/obs/2022_10/5203390128/xti/event_cl/ni5203390128_0mpu7_cl.evt.gz,9.240084567383418e-06,9.081476633874042e-06,2.027371974445116e-05,2.304868658554288e-05,2.2880258990749783e-05,3.9808583017316664e-05,4.9978274860950963e-05,8.655045942355081e-05,9.242704937142755e-05,0.00019828470594911317,0.0002368981975761836,0.00046289963075508273,0.00048337790076323695
5203390149,XTE J1701-462,NS,"v9 source, third set",4,0,59975.14491,1249.0,506058,0,8,0,1248.9598984122276,264.2255859375,5.0,184349.0,66517.0,19701.0,0.3608210513753804,0.2961799239292211,0.0001005244190737587,0.00011622044388278687,0.010026186666612522,-0.000572912336809045,0.00017096959365197318,-0.023935587245961714,-0.00010622229432883783,0.0004626955538240245,-0.010306420053968198,-0.0006070240808522693,0.0009514920874957972,-0.02463785869048423,-0.006854962602876018,0.0024201022369868966,-0.08279470153866139,0.0,,0.00019551047814035075,2.4302448441522616e-05,6.477574056543527e-05,-5.054907052480886e-05,-0.0001846528045128873,-0.00025577241134372273,-7.39474493621118e-05,2.381016559446824e-05,-0.00012657683092201963,-0.00038413667621763005,0.0008562504384384327,2.9648456975390428e-05,-0.0014676616364865487,soft-like,ok,0.0005180515203751783,12341446,12341446,True,c7848dd53277c5f1f04cf8d0f928a4bd308c341f3d84c302214dce34993183e3,https://nasa-heasarc.s3.amazonaws.com/nicer/data/obs/2023_01/5203390149/xti/event_cl/ni5203390149_0mpu7_cl.evt.gz,7.710060419116764e-05,4.20422603535222e-05,8.135913400786423e-05,5.7908119993839485e-05,7.777232255839427e-05,0.00011655405440673728,0.0001438894126013271,0.0001256028543273527,0.00043503432717170715,0.0006198537721872759,0.0007427321281652092,0.0013107670696156416,0.0015975753037641008
5203390156,XTE J1701-462,NS,"v9 source, third set",5,0,59990.05279,1661.0,734892,0,12,0,1660.9925979971886,324.8391927083333,7.0,338249.0,123451.0,37253.0,0.3649707759668173,0.3017634527059319,0.00024239579510809608,8.163534341953662e-05,0.015569065325448926,0.0002247077502444716,0.0002529926829106909,0.014990255176095956,3.614922449541624e-05,0.00022009554249851758,0.0060124225147120385,0.00031141510318459926,0.0006351522951703583,0.01764695733503652,-0.002096561275196537,0.0022138000793484533,-0.04578822201392556,0.034682944630551084,,9.257043381527338e-05,9.85077918371345e-05,4.8171953988934944e-05,0.00018828539675608247,-2.02640605266206e-05,2.9482268197568602e-05,0.0001411229104713808,-0.00019551194382865853,0.00021345845295216173,-4.944143247855302e-05,8.986950851439146e-05,0.001066515641515107,-0.0004998602729683306,soft-like,ok,0.0002671088802573149,17057917,17057917,True,c9128221300b73be217f52be7a1c1a05d768405fe7ccfc307d07cec2e977b95b,https://nasa-heasarc.s3.amazonaws.com/nicer/data/obs/2023_02/5203390156/xti/event_cl/ni5203390156_0mpu7_cl.evt.gz,3.3880909096795375e-05,3.561324683801976e-05,2.7434872823712176e-05,3.9466421332216184e-05,5.208493517571119e-05,0.0001293061017203698,0.00015925186347628224,0.0001304287107672784,0.00019658266887456088,0.000391900467706378,0.0004623468910735732,0.0006002270435627864,0.0011474559809949564
5203390158,XTE J1701-462,NS,"v9 source, third set",6,0,59995.00694,1287.0,539461,0,8,0,1286.963535785675,311.703125,7.0,211197.0,81319.0,26668.0,0.3850386132378774,0.3279430391421439,0.00018622197091696077,6.406456793016474e-05,0.013646317119170314,-8.397521587259669e-05,0.00019600596682772513,-0.009163799205165765,0.0002041349345951637,0.0002879917544985669,0.014287579731891742,-0.0011571945467745075,0.0007048764230304559,-0.034017562328516535,-0.0020016668913874084,0.001357157509771665,-0.044739992080770515,0.0,,0.00021075355348804513,5.7750159336609724e-05,6.328759787919731e-05,9.635641573432087e-05,0.00014290512155254364,-9.536075027701286e-05,-0.00015977601750123002,0.00027540298291341944,-7.418381999832048e-05,-0.0012510374969938803,0.0013322196304117308,-0.002064752298827495,-0.0009815521510687087,soft-like,ok,0.0005680912135225642,12534097,12534097,True,9eb0cd35211ae43b1dff57cfb07d633bec5747bc065c8bd4f9edf84d8181b4ee,https://nasa-heasarc.s3.amazonaws.com/nicer/data/obs/2023_02/5203390158/xti/event_cl/ni5203390158_0mpu7_cl.evt.gz,7.48012657049525e-05,2.0189200985102767e-05,4.190821326230919e-05,6.22622815256616e-05,0.00010426234867031435,8.258988255990079e-05,8.768996943267877e-05,0.00020107321981698204,0.0002493367013861229,0.00042862195743709604,0.000607521921365348,0.0009331637164177666,0.0009610022947909064
6203390107,XTE J1701-462,NS,"v9 source, third set",7,0,60014.40324,1600.0,208306,0,11,0,1599.9704201817513,88.42116477272727,7.0,88101.0,27462.0,8934.0,0.3117104232642081,0.3253222634913699,0.00024364807983979367,0.00024540762845698215,0.015609230597303432,0.00047899740817127753,0.0006223753862130703,0.02188600941632068,-0.0010665459999915296,0.0005798827824562094,-0.032658015861217436,-0.0020633521367794147,0.0014905760831926509,-0.04542413605980211,0.0035589568870826728,0.0058694362635824575,0.059656993614183015,0.07391695191533425,23.44584271752461,-7.064750751001828e-06,-9.439139039999134e-05,0.00040230238452312195,7.083568049062499e-05,3.162829758348205e-05,-0.00022296186436441076,0.0005285687095625846,-0.000777946472629619,-0.0002819358567462505,0.00019168608674046065,-0.0014494011411240245,-0.0008305250315238669,0.007902921129092726,soft-like,ok,0.0021745402852940557,5096982,5096982,True,33e78145d2a263f467ed3edb7221c1e8daccb416c23af9862302861b03a82b81,https://nasa-heasarc.s3.amazonaws.com/nicer/data/obs/2023_03/6203390107/xti/event_cl/ni6203390107_0mpu7_cl.evt.gz,8.114844735521349e-05,6.868314606292928e-05,0.00022985160241403065,0.00013948151406855468,0.00017682388971065947,0.00035596015325234305,0.0005468114572233595,0.00038494163326054933,0.0006812336530465086,0.001038564950002731,0.0019067739562268846,0.0018993178863444234,0.0050764698697043885
2050280103,XTE J1739-285,NS,"v9 source, third set",0,0,58755.04252,8469.0,3558483,0,47,0,8468.705338835716,290.89228723404256,7.0,1207399.0,419132.0,123477.0,0.3471362822066276,0.2946017006575494,0.0002128265812096644,4.1657790512494966e-05,0.014588577079676564,0.0001845022955430829,8.086037318713376e-05,0.013583162207051894,7.746353011225298e-05,0.00012800665265031916,0.008801336836654588,0.00039656994884906707,0.0002864945087757734,0.019914064096739948,0.0004905318729077543,0.0012449836648336268,0.02214795414722891,0.02242621116213787,,9.046278642052881e-05,7.87637678449022e-05,9.550798387078591e-05,5.078259643309291e-05,3.9102167282212685e-05,8.98142882795078e-05,4.8485085557899294e-05,5.140414498189347e-05,2.0932372614705996e-05,0.00015358308917398048,-0.0004792419722221145,-2.787712791547168e-05,0.00029121576476687396,soft-like,ok,0.0005137769983400434,84864652,84864652,True,26c3befa3e20eda798d9ce40593470d637fff91d43c83a7bb79fea4207f86868,https://nasa-heasarc.s3.amazonaws.com/nicer/data/obs/2019_09/2050280103/xti/event_cl/ni2050280103_0mpu7_cl.evt.gz,2.2267133044084615e-05,2.257186507541194e-05,2.6767026531225276e-05,2.3444768275867222e-05,3.6327323063576765e-05,4.7556215446176866e-05,6.282689571231203e-05,8.654922747294437e-05,0.00012039247493624763,0.00016697185855652508,0.0002466188599031241,0.00033759691818928736,0.0004905002691149941
2050280113,XTE J1739-285,NS,"v9 source, third set",1,0,58766.42161,1906.0,774296,0,14,0,1905.987088561058,277.9966517857143,7.0,353497.0,113940.0,30733.0,0.32232239594678314,0.269729682288924,0.00010395423136623284,7.315984054981861e-05,0.010195794788354307,0.0002995987651098046,0.0001557731477678266,0.017308921546699683,-5.718976543313188e-05,0.00033284251915364436,-0.007562391515462016,0.0005167518820351926,0.0007470555888978701,0.022732177239217378,-0.0012413138983151046,0.0019433727861424292,-0.03523228488638091,0.0402510635898518,,5.860012541899461e-05,5.449572221500307e-05,4.2641753547857766e-05,1.278993569252473e-05,0.00019301273487415304,0.0001676275667509264,-8.248514152167359e-05,1.681967694206248e-05,-5.853901745794807e-05,0.0003704435225558793,-5.001170112378115e-05,9.966463212621736e-05,0.0007950883100940775,soft-like,ok,0.0003623120034721567,18188702,18188702,True,7df837f5b447bee5c4d1425cac3f858b793aa1ec8085e7a84eff0d4cc60ced5d,https://nasa-heasarc.s3.amazonaws.com/nicer/data/obs/2019_10/2050280113/xti/event_cl/ni2050280113_0mpu7_cl.evt.gz,3.42554415226953e-05,4.552042323768954e-05,5.6168324492286606e-05,4.7346597475724566e-05,0.00010905410162315697,7.589931371797354e-05,0.00012238143527619954,0.00013442774261026926,0.0002856005294709916,0.00045514323330750204,0.0005616058494107691,0.0007064115642310614,0.0011709790548929122
3050280104,XTE J1739-285,NS,"v9 source, third set",2,0,58912.02056,4078.0,263850,1,24,2,4077.427988320589,39.470377604166664,7.0,83333.0,28219.0,9701.0,0.33862935451741805,0.343775470427726,0.0008338803114075996,0.00027489911304351796,0.0288769858435329,0.0026979934573185048,0.001126825988872577,0.05194221267253162,0.020377156258567473,0.0018932751489275663,0.14274857708071023,0.030092957749375194,0.0027019660244567995,0.17347321911285093,0.007422756739757167,0.011110147429014868,0.08615542199860185,0.20450161599055336,4.410766202371789,-0.00010855565145937576,0.00012623011100628542,0.00017641568366891114,0.0006975991152455272,0.000895924782539909,0.001135911496714113,0.0005382100208587557,0.006690589514341001,0.013648149302919077,0.008367625935052372,-0.00024358253865659063,0.0007304952097254553,0.00916589796079231,hard-like,ok,0.001040600874337271,6620336,6620336,True,b49b6a7387bb07ce3d95b54e5577f62345c75068f9c617c05785a21809b5bccf,https://nasa-heasarc.s3.amazonaws.com/nicer/data/obs/2020_03/3050280104/xti/event_cl/ni3050280104_0mpu7_cl.evt.gz,8.375140703630912e-05,0.00013303930282791747,0.00021193267824402425,0.00015977080156137093,0.0003157516013863562,0.0005934401498744645,0.0006728817002642841,0.0009087945429911371,0.001826174046134623,0.0013920557728209707,0.002877824843703679,0.003975863536482979,0.004527760906539453
3050280109,XTE J1739-285,NS,"v9 source, third set",3,2,58916.99444,7188.0,491953,1,47,3,7187.126695334911,39.794547872340424,7.0,174311.0,49266.0,15827.0,0.2826327655741749,0.321256038647343,0.0002879305291304519,0.00022855477445968928,0.016968515819907524,0.0011583259062474872,0.0006302809523307752,0.03403418731580772,0.0029268593713690882,0.0012586505060394725,0.05410045629538709,0.012299856071479124,0.0020965698244128288,0.11090471618231176,0.007631134764257945,0.00770905838357191,0.08735636647811049,0.13132891333512675,6.288463051684596,1.2074025086613193e-05,7.306008975919447e-05,7.833704541005548e-05,0.00014806443917659358,0.0001851434308744967,0.0002414878653854352,0.0006826373478170279,-0.0004995630529686742,0.0034639486412928987,0.005380038761260726,0.008061759481365772,0.002311633692951051,-0.00289133828962596,hard-like,ok,0.0008170779637176013,12484602,12484602,True,3e10e32273ac709dfe0785c77e60d9374598622fd1bae45039f1a49d943dceba,https://nasa-heasarc.s3.amazonaws.com/nicer/data/obs/2020_03/3050280109/xti/event_cl/ni3050280109_0mpu7_cl.evt.gz,6.192136645754193e-05,9.96306753607511e-05,0.00012314857886104951,0.00017979594777754875,0.00021342811642792575,0.0003056863743102603,0.0005007367482010891,0.000799326393438306,0.0010401170125807389,0.0013653818711439434,0.001984431054748684,0.002847948141973875,0.004237654059778155
3050280137,XTE J1739-285,NS,"v9 source, third set",4,0,58968.0599,1410.0,526200,0,9,0,1409.9877120256424,255.20833333333334,7.0,209232.0,66803.0,17965.0,0.3192771660166705,0.268925048276275,6.348704428807766e-05,9.543931207062195e-05,0.00796787577012077,0.0001532330202965277,0.00020668536007661698,0.012378732580378644,-0.00011445157664425213,0.0005475946074930338,-0.010698204365418159,-0.00014014233894804343,0.0009544466145724449,-0.011838172956501499,0.0020258533076446335,0.0032196910472775233,0.04500948019744989,0.0,,4.12426683707036e-05,2.7850557972365266e-06,-5.090665440861432e-05,9.264744880063542e-05,6.882296280998687e-05,-7.011269037225995e-05,0.0001715932794775053,-0.000460521733233122,0.000347960819068985,-0.0003466845775435845,-2.160933232133927e-05,0.0008380496113611136,-0.0009366466857669511,soft-like,ok,0.0003093378219830505,12420485,12420485,True,e6922f4fd7d7989e11d5bb1fcfa2fc7df4b555207d98a04096d21ef8df71dcbd,https://nasa-heasarc.s3.amazonaws.com/nicer/data/obs/2020_04/3050280137/xti/event_cl/ni3050280137_0mpu7_cl.evt.gz,2.4457373674225297e-05,5.194287438550735e-05,2.788480354256087e-05,6.311016124948479e-05,5.611354965069953e-05,7.644301000230103e-05,0.0001975398458513317,0.00017631039439289478,0.0004129807650072498,0.00038039312943762596,0.0006219429953006355,0.0005832654301229071,0.0013091753961890216
3050280156,XTE J1739-285,NS,"v9 source, third set",5,0,59007.82476,1189.0,372254,0,9,0,1188.9677502810955,208.06163194444446,7.0,175573.0,51145.0,12969.0,0.2913033325169588,0.25357317430833903,0.00012844012757290342,6.981797091015918e-05,0.011333142881518057,-0.0001942383771938585,0.0002749302655203933,-0.013936942892681254,0.0008285482783865929,0.00046301519347150623,0.028784514558814308,1.4646133994485907e-05,0.0006801570611074094,0.003827026782567102,0.0009907215862758523,0.0035328949038093103,0.031475730115056146,0.057312613942085304,10.38785153936789,8.39835626639908e-06,8.087865773791473e-05,4.1321309667463865e-05,4.411100632539687e-05,-0.00017439910956432,0.0003517930201293073,-0.00038214858758560193,0.0003836764857512834,0.0004175172463041935,-0.0005201148686589133,0.0005267567820785838,0.00035483629086694156,0.002152109127555862,soft-like,ok,0.000355656145172372,8804059,8804059,True,4216007d0f99600ef252733eee1d4b8db498d75a1d499809cada2eca7f7784dd,https://nasa-heasarc.s3.amazonaws.com/nicer/data/obs/2020_06/3050280156/xti/event_cl/ni3050280156_0mpu7_cl.evt.gz,3.2595004249315996e-05,4.6919252663611586e-05,5.230409837833088e-05,7.048584331429147e-05,5.990852984133568e-05,0.00013733838035338128,0.00021781581442941462,0.00034598870704930326,0.00040190746892991265,0.0006726252077780165,0.001079315639624497,0.0014440320924135632,0.0018290649528852714
3050280166,XTE J1739-285,NS,"v9 source, third set",6,0,59024.36505,2333.0,689554,0,17,0,2332.968292683363,196.32215073529412,7.0,310781.0,92425.0,23991.0,0.2973959154517168,0.2595726264538815,0.0002451325289487384,9.242811262239702e-05,0.015656708752120874,0.00018376068753292327,0.0003272665738949262,0.013555835921584596,0.0004981717760726028,0.00047916820865200966,0.02231976200752604,0.0007024331956799985,0.0009259162396893741,0.026503456296868122,0.004325529528974414,0.002306539842383859,0.06576875800085033,0.034918312836291335,,0.0001364832481131975,6.143207312622182e-05,9.680760076160314e-05,7.35126486389255e-05,3.851480356031757e-05,4.3747227820231735e-05,0.00012438192392143265,0.00014692564567186578,0.00034174306905366604,0.00022938806704689556,-0.00015560633194034544,0.0001997760221874764,-0.00011781742662837968,soft-like,ok,0.00033193570929419987,16335838,16335838,True,d83939811737e7b8ab107d06294936b1ef7c69d2fad15551f59015e52ab85571,https://nasa-heasarc.s3.amazonaws.com/nicer/data/obs/2020_06/3050280166/xti/event_cl/ni3050280166_0mpu7_cl.evt.gz,5.3455536426126536e-05,3.790668234658497e-05,6.431087044682513e-05,5.63895728121329e-05,8.596539389616305e-05,0.00012588370720641084,0.00021727788264921689,0.0002385601096495695,0.00031151672671297,0.000403754876823706,0.0007660125934131904,0.001358762094084654,0.0016716255777469546
3050280177,XTE J1739-285,NS,"v9 source, third set",7,1,59038.03053,1422.0,347062,0,9,0,1421.8321378529072,161.10677083333334,7.0,135050.0,39664.0,10881.0,0.2936986301369863,0.27432936668011293,0.00039974769489967637,0.0001606883828360317,0.01999369137752397,-0.0005505767199570859,0.00029190818116898683,-0.023464371288340242,0.0010903675715892808,0.0006078992077436758,0.033020714280422234,5.0940610311251166e-05,0.0008325937841337739,0.007137269107386324,-0.006705518220931084,0.0025330269119745808,-0.0818872286802471,0.04537939508537369,,0.00031320115984724925,0.0001676397478877915,7.902117187717445e-05,0.0001504001734603564,-0.00014446589328228002,-1.269030503039471e-05,-0.0003868910559017411,0.0003794624252449182,0.0007070622822760466,0.0001111147876814422,-0.0003123098721231039,0.001045968660119836,-3.8223783742856614e-05,soft-like,ok,0.0025247010107540034,8283086,8283086,True,1a557c97daddae4a25ce3a23185d7a15621e3411c4d4f4b758baf6f5a8924f1a,https://nasa-heasarc.s3.amazonaws.com/nicer/data/obs/2020_07/3050280177/xti/event_cl/ni3050280177_0mpu7_cl.evt.gz,0.0001413862601495367,0.00010210920541782425,6.600872599253777e-05,0.0001181441750142384,0.00016807146107950622,0.00016074593161444973,0.00020750000401499263,0.000423705296600512,0.00048048192622617594,0.0006894546636442272,0.0009166017918403731,0.0018803797632163703,0.0018455735619044564
